analysis,phase,model,strategy,source_id,matrix_family,band_id,snr,metric,outcome,estimate,seed_sd,seed_n,patient_ci_low,patient_ci_high,n_bootstrap,n_invalid,noise_sd,random_matrix_sd
band,phase1,resnet,clean_only,band_0p05_5,standard,band_0p05_5,0,ece,electrode_absolute,0.2562252418874529,0.03734896212185538,3,0.23846418590223697,0.2984607852170546,64,0,0.0022032075631237035,
band,phase1,resnet,clean_only,band_0p05_5,standard,band_0p05_5,0,ece,electrode_drop,-0.17079725463760528,0.03875229006955909,3,-0.2080567136164537,-0.11128087596019189,64,0,0.002203207563123707,
band,phase1,resnet,clean_only,band_0p05_5,standard,band_0p05_5,0,ece,independent_rms_absolute,0.21651570436490095,0.0225842306181958,3,0.207334930522705,0.256731183823373,64,0,0.0037227692152635395,
band,phase1,resnet,clean_only,band_0p05_5,standard,band_0p05_5,0,ece,independent_rms_drop,-0.1310877171150533,0.02515243145094428,3,-0.1676158155932583,-0.08204790252025622,64,0,0.0037227692152635335,
band,phase1,resnet,clean_only,band_0p05_5,standard,band_0p05_5,0,ece,structure_effect,0.03970953752255196,0.015232774733138277,3,0.028879600477192627,0.04434894459474662,64,0,0.0017379028789213345,
band,phase1,resnet,clean_only,band_0p05_5,standard,band_0p05_5,0,macro_auroc,electrode_absolute,0.829385332254675,0.024903209276502646,3,0.7878741822571841,0.8731428994525058,64,0,0.006267152576110751,
band,phase1,resnet,clean_only,band_0p05_5,standard,band_0p05_5,0,macro_auroc,electrode_drop,0.09358608261022183,0.019041539159046737,3,0.06352943663613801,0.11993461096702318,64,0,0.0062671525761107145,
band,phase1,resnet,clean_only,band_0p05_5,standard,band_0p05_5,0,macro_auroc,independent_rms_absolute,0.8635286787664951,0.018161976298216833,3,0.8264273342022068,0.9008130610787487,64,0,0.004822843370369263,
band,phase1,resnet,clean_only,band_0p05_5,standard,band_0p05_5,0,macro_auroc,independent_rms_drop,0.059442736098401644,0.012591981064387487,3,0.0355989010526132,0.07778564892416541,64,0,0.004822843370369276,
band,phase1,resnet,clean_only,band_0p05_5,standard,band_0p05_5,0,macro_auroc,structure_effect,-0.03414334651182018,0.009051087718438645,3,-0.04788616234204781,-0.022354735456502104,64,0,0.010422929715453895,
band,phase1,resnet,clean_only,band_0p05_5,standard,band_0p05_5,0,macro_f1,electrode_absolute,0.3993889550550373,0.04169126569205305,3,0.3036909908284297,0.4635244792926438,64,0,0.014242683219848064,
band,phase1,resnet,clean_only,band_0p05_5,standard,band_0p05_5,0,macro_f1,electrode_drop,0.3423919757136889,0.03608208371023812,3,0.28243660379043994,0.41197023741665495,64,0,0.014242683219848038,
band,phase1,resnet,clean_only,band_0p05_5,standard,band_0p05_5,0,macro_f1,independent_rms_absolute,0.5023966453195442,0.026296124652519175,3,0.3986916912277175,0.58114995001892,64,0,0.012513056483801596,
band,phase1,resnet,clean_only,band_0p05_5,standard,band_0p05_5,0,macro_f1,independent_rms_drop,0.239384285449182,0.021789987512274914,3,0.1820592656094026,0.29559815831214875,64,0,0.012513056483801575,
band,phase1,resnet,clean_only,band_0p05_5,standard,band_0p05_5,0,macro_f1,structure_effect,-0.10300769026450692,0.015499505770910865,3,-0.1340153705728619,-0.08212575216572422,64,0,0.014833824319951573,
band,phase1,resnet,clean_only,band_0p05_5,standard,band_0p05_5,10,ece,electrode_absolute,0.11797243539260695,0.010284007567491135,3,0.12503553310903656,0.15723016143451118,64,0,0.003424002809963692,
band,phase1,resnet,clean_only,band_0p05_5,standard,band_0p05_5,10,ece,electrode_drop,-0.03254444814275931,0.012303723489264227,3,-0.05101592916826843,-0.017795092765778182,64,0,0.0034240028099636914,
band,phase1,resnet,clean_only,band_0p05_5,standard,band_0p05_5,10,ece,independent_rms_absolute,0.10090795467373463,0.009976238184098063,3,0.11012123086241175,0.14070192286688893,64,0,0.004425078545621703,
band,phase1,resnet,clean_only,band_0p05_5,standard,band_0p05_5,10,ece,independent_rms_drop,-0.015479967423886987,0.009306754647711022,3,-0.028359783933122096,-0.0026130914957884907,64,0,0.004425078545621701,
band,phase1,resnet,clean_only,band_0p05_5,standard,band_0p05_5,10,ece,structure_effect,0.01706448071887232,0.004459788988092916,3,0.00997054324168555,0.024357658679058033,64,0,0.007185853553377648,
band,phase1,resnet,clean_only,band_0p05_5,standard,band_0p05_5,10,macro_auroc,electrode_absolute,0.9106008996158074,0.009610072818631236,3,0.8699923723838511,0.946441127562075,64,0,0.003312979865027564,
band,phase1,resnet,clean_only,band_0p05_5,standard,band_0p05_5,10,macro_auroc,electrode_drop,0.012370515249089338,0.003766078081702947,3,0.005175006295064233,0.021482401748074993,64,0,0.0033129798650275498,
band,phase1,resnet,clean_only,band_0p05_5,standard,band_0p05_5,10,macro_auroc,independent_rms_absolute,0.915942271708828,0.009710464238170258,3,0.8726350470767732,0.9508664824023711,64,0,0.0032224553438422064,
band,phase1,resnet,clean_only,band_0p05_5,standard,band_0p05_5,10,macro_auroc,independent_rms_drop,0.007029143156068729,0.003966035157275054,3,0.0025211001554309577,0.011905132431373897,64,0,0.0032224553438422393,
band,phase1,resnet,clean_only,band_0p05_5,standard,band_0p05_5,10,macro_auroc,structure_effect,-0.005341372093020608,0.0007490215012972967,3,-0.010463944186442116,-0.0012104795199830013,64,0,0.0022957306271762876,
band,phase1,resnet,clean_only,band_0p05_5,standard,band_0p05_5,10,macro_f1,electrode_absolute,0.6979487329430175,0.02178359160226343,3,0.6034244847066854,0.7674469639707772,64,0,0.004445884516704193,
band,phase1,resnet,clean_only,band_0p05_5,standard,band_0p05_5,10,macro_f1,electrode_drop,0.04383219782570871,0.016087489843987668,3,0.014063247668908842,0.06879417439575813,64,0,0.004445884516704207,
band,phase1,resnet,clean_only,band_0p05_5,standard,band_0p05_5,10,macro_f1,independent_rms_absolute,0.7160403346851902,0.029386799042785912,3,0.6281385135411506,0.7857141167709042,64,0,0.005202839059773268,
band,phase1,resnet,clean_only,band_0p05_5,standard,band_0p05_5,10,macro_f1,independent_rms_drop,0.025740596083535985,0.02243699288753997,3,0.002617863620260612,0.044700660636505386,64,0,0.00520283905977327,
band,phase1,resnet,clean_only,band_0p05_5,standard,band_0p05_5,10,macro_f1,structure_effect,-0.018091601742172725,0.00794608537524987,3,-0.032725306389082054,-0.005401138869688838,64,0,0.006775446691713003,
band,phase1,resnet,clean_only,band_0p5_40,standard,band_0p5_40,0,ece,electrode_absolute,0.20359145710064888,0.020640103207190782,3,0.19522476867468222,0.24425847615308602,64,0,0.0007942201208274417,
band,phase1,resnet,clean_only,band_0p5_40,standard,band_0p5_40,0,ece,electrode_drop,-0.11816346985080124,0.02206769623447927,3,-0.1571615969957633,-0.06974662474322235,64,0,0.0007942201208274417,
band,phase1,resnet,clean_only,band_0p5_40,standard,band_0p5_40,0,ece,independent_rms_absolute,0.1786262189236829,0.006311169559246008,3,0.17456802674267688,0.21887751380982426,64,0,0.003249279254130738,
band,phase1,resnet,clean_only,band_0p5_40,standard,band_0p5_40,0,ece,independent_rms_drop,-0.09319823167383527,0.0009365276455022518,3,-0.13241980392553684,-0.0540557239381909,64,0,0.003249279254130734,
band,phase1,resnet,clean_only,band_0p5_40,standard,band_0p5_40,0,ece,structure_effect,0.024965238176965995,0.02118338837264222,3,0.014950940349364504,0.03104512489666591,64,0,0.0033983156360962627,
band,phase1,resnet,clean_only,band_0p5_40,standard,band_0p5_40,0,macro_auroc,electrode_absolute,0.8388733711760891,0.015829031601271956,3,0.800971317346812,0.8805376252003462,64,0,0.009180884411991788,
band,phase1,resnet,clean_only,band_0p5_40,standard,band_0p5_40,0,macro_auroc,electrode_drop,0.08409804368880759,0.010060619653840917,3,0.05384153709721955,0.11207958854984933,64,0,0.009180884411991821,
band,phase1,resnet,clean_only,band_0p5_40,standard,band_0p5_40,0,macro_auroc,independent_rms_absolute,0.8563706193246411,0.009506227935665294,3,0.8208178901825927,0.8968882370392398,64,0,0.006358518202684854,
band,phase1,resnet,clean_only,band_0p5_40,standard,band_0p5_40,0,macro_auroc,independent_rms_drop,0.06660079554025548,0.005871877195607959,3,0.04074465863847267,0.08489535293698604,64,0,0.0063585182026848356,
band,phase1,resnet,clean_only,band_0p5_40,standard,band_0p5_40,0,macro_auroc,structure_effect,-0.017497248148552125,0.008631251979023315,3,-0.02907629740888543,-0.0076167234991096075,64,0,0.010395225432745833,
band,phase1,resnet,clean_only,band_0p5_40,standard,band_0p5_40,0,macro_f1,electrode_absolute,0.49062254331890015,0.018149320606789036,3,0.41718244351312034,0.5576170915258066,64,0,0.012885489955408072,
band,phase1,resnet,clean_only,band_0p5_40,standard,band_0p5_40,0,macro_f1,electrode_drop,0.25115838744982605,0.01930860677678996,3,0.1899369491871174,0.3160940822844408,64,0,0.012885489955408053,
band,phase1,resnet,clean_only,band_0p5_40,standard,band_0p5_40,0,macro_f1,independent_rms_absolute,0.5481477794352636,0.018045669060326876,3,0.4651834892030653,0.6226030168914072,64,0,0.010430648469807284,
band,phase1,resnet,clean_only,band_0p5_40,standard,band_0p5_40,0,macro_f1,independent_rms_drop,0.1936331513334625,0.02277310408766333,3,0.13587777414363206,0.23855911252046563,64,0,0.010430648469807286,
band,phase1,resnet,clean_only,band_0p5_40,standard,band_0p5_40,0,macro_f1,structure_effect,-0.05752523611636349,0.007551846494573365,3,-0.0893826998116003,-0.040565800343754004,64,0,0.013550301263526387,
band,phase1,resnet,clean_only,band_0p5_40,standard,band_0p5_40,10,ece,electrode_absolute,0.10917322112255966,0.008809297967322039,3,0.11770856428593326,0.1473216528577549,64,0,0.0033315060946549403,
band,phase1,resnet,clean_only,band_0p5_40,standard,band_0p5_40,10,ece,electrode_drop,-0.023745233872712018,0.0046258206046514054,3,-0.038335781256332316,-0.011028209953844464,64,0,0.0033315060946549424,
band,phase1,resnet,clean_only,band_0p5_40,standard,band_0p5_40,10,ece,independent_rms_absolute,0.09814037204432406,0.00403598269450778,3,0.10734881233848984,0.14018065087721948,64,0,0.002063206183513899,
band,phase1,resnet,clean_only,band_0p5_40,standard,band_0p5_40,10,ece,independent_rms_drop,-0.01271238479447642,0.004087681155082554,3,-0.025236002634183897,-0.002733724545851903,64,0,0.0020632061835138995,
band,phase1,resnet,clean_only,band_0p5_40,standard,band_0p5_40,10,ece,structure_effect,0.011032849078235598,0.004774922425821404,3,0.004757877453283637,0.017063536380553943,64,0,0.002755178259359632,
band,phase1,resnet,clean_only,band_0p5_40,standard,band_0p5_40,10,macro_auroc,electrode_absolute,0.9136144586757152,0.010147159069629078,3,0.8712712501961121,0.9490926502782224,64,0,0.004545372126868704,
band,phase1,resnet,clean_only,band_0p5_40,standard,band_0p5_40,10,macro_auroc,electrode_drop,0.00935695618918137,0.004291494366174941,3,0.0019812807861283683,0.015182380590617927,64,0,0.004545372126868716,
band,phase1,resnet,clean_only,band_0p5_40,standard,band_0p5_40,10,macro_auroc,independent_rms_absolute,0.9149740949538905,0.007441169525072088,3,0.8706431885154539,0.9508569387044645,64,0,0.0023519338027190024,
band,phase1,resnet,clean_only,band_0p5_40,standard,band_0p5_40,10,macro_auroc,independent_rms_drop,0.007997319911006181,0.0023063910951271094,3,0.002548343864729929,0.013629229162590469,64,0,0.002351933802718973,
band,phase1,resnet,clean_only,band_0p5_40,standard,band_0p5_40,10,macro_auroc,structure_effect,-0.0013596362781751904,0.003686677912925746,3,-0.0049249577988582476,0.002004105315673672,64,0,0.006441634501538498,
band,phase1,resnet,clean_only,band_0p5_40,standard,band_0p5_40,10,macro_f1,electrode_absolute,0.7028547376309066,0.027289161871293495,3,0.625117355892172,0.7766198027132759,64,0,0.009158222711863532,
band,phase1,resnet,clean_only,band_0p5_40,standard,band_0p5_40,10,macro_f1,electrode_drop,0.0389261931378197,0.024677628948514246,3,0.011461048872697764,0.062466994012964995,64,0,0.009158222711863553,
band,phase1,resnet,clean_only,band_0p5_40,standard,band_0p5_40,10,macro_f1,independent_rms_absolute,0.7086576008383765,0.02597636321850415,3,0.6249353308274905,0.7833781419470214,64,0,0.003853908127940318,
band,phase1,resnet,clean_only,band_0p5_40,standard,band_0p5_40,10,macro_f1,independent_rms_drop,0.03312332993034962,0.022974133724963697,3,0.007016626321226311,0.05201455795978217,64,0,0.003853908127940321,
band,phase1,resnet,clean_only,band_0p5_40,standard,band_0p5_40,10,macro_f1,structure_effect,-0.005802863207470081,0.0018510850239218126,3,-0.014640950065025277,0.003759155335690964,64,0,0.007985840128764271,
band,phase1,resnet,clean_only,band_15_40,standard,band_15_40,0,ece,electrode_absolute,0.15564561843705335,0.013760360700181832,3,0.1570223701154768,0.1902221843927495,64,0,0.006145067362982779,
band,phase1,resnet,clean_only,band_15_40,standard,band_15_40,0,ece,electrode_drop,-0.07021763118720571,0.008168612628481321,3,-0.10159869614375099,-0.03687097402988149,64,0,0.006145067362982787,
band,phase1,resnet,clean_only,band_15_40,standard,band_15_40,0,ece,independent_rms_absolute,0.14898147523418293,0.016005636961413633,3,0.15718889948102366,0.18403159102497746,64,0,0.0036265552528485707,
band,phase1,resnet,clean_only,band_15_40,standard,band_15_40,0,ece,independent_rms_drop,-0.06355348798433529,0.00994118192899099,3,-0.09678475381437858,-0.03796299634826444,64,0,0.003626555252848568,
band,phase1,resnet,clean_only,band_15_40,standard,band_15_40,0,ece,structure_effect,0.00666414320287044,0.01218508210370145,3,-0.002527013482705447,0.008961493099402947,64,0,0.007470493936011807,
band,phase1,resnet,clean_only,band_15_40,standard,band_15_40,0,macro_auroc,electrode_absolute,0.8701687465034872,0.021960469424086627,3,0.833922127193818,0.912146889428446,64,0,0.0032889940686602432,
band,phase1,resnet,clean_only,band_15_40,standard,band_15_40,0,macro_auroc,electrode_drop,0.05280266836140952,0.016660404322925825,3,0.03375457471833829,0.0730474015857723,64,0,0.0032889940686602137,
band,phase1,resnet,clean_only,band_15_40,standard,band_15_40,0,macro_auroc,independent_rms_absolute,0.8653667815957246,0.014636005747494806,3,0.8284065319714128,0.9081036587532129,64,0,0.0055259350543587545,
band,phase1,resnet,clean_only,band_15_40,standard,band_15_40,0,macro_auroc,independent_rms_drop,0.057604633269172124,0.011811384051126715,3,0.035019221205901806,0.0772366789132485,64,0,0.00552593505435874,
band,phase1,resnet,clean_only,band_15_40,standard,band_15_40,0,macro_auroc,structure_effect,0.0048019649077625974,0.011519442351159207,3,-0.0011108941671748981,0.010009641384866362,64,0,0.007387422617366151,
band,phase1,resnet,clean_only,band_15_40,standard,band_15_40,0,macro_f1,electrode_absolute,0.6038412939656674,0.020534251519331727,3,0.5334925088045835,0.6656772415725615,64,0,0.01017718777539555,
band,phase1,resnet,clean_only,band_15_40,standard,band_15_40,0,macro_f1,electrode_drop,0.13793963680305868,0.013249688761957954,3,0.07971771607694025,0.1817072176900428,64,0,0.010177187775395526,
band,phase1,resnet,clean_only,band_15_40,standard,band_15_40,0,macro_f1,independent_rms_absolute,0.599016242259796,0.017262212641413813,3,0.5233532178150005,0.6733372504959272,64,0,0.017107906848997902,
band,phase1,resnet,clean_only,band_15_40,standard,band_15_40,0,macro_f1,independent_rms_drop,0.1427646885089302,0.015077007890782937,3,0.08915211489897427,0.18505328400062976,64,0,0.017107906848997944,
band,phase1,resnet,clean_only,band_15_40,standard,band_15_40,0,macro_f1,structure_effect,0.004825051705871503,0.009718991448423317,3,-0.012975673966838953,0.023732195403855197,64,0,0.023223670919050754,
band,phase1,resnet,clean_only,band_15_40,standard,band_15_40,10,ece,electrode_absolute,0.09396061867073584,0.00600307767552572,3,0.10382602604643697,0.1389664456198291,64,0,0.003697058109927624,
band,phase1,resnet,clean_only,band_15_40,standard,band_15_40,10,ece,electrode_drop,-0.008532631420888191,0.004086356754677741,3,-0.02162826382734545,0.00045419748857215,64,0,0.0036970581099276196,
band,phase1,resnet,clean_only,band_15_40,standard,band_15_40,10,ece,independent_rms_absolute,0.0920658951015127,0.007759229697209513,3,0.10254306359788423,0.1360555437027632,64,0,0.003169435093057167,
band,phase1,resnet,clean_only,band_15_40,standard,band_15_40,10,ece,independent_rms_drop,-0.006637907851665057,0.0011692346081302988,3,-0.02058625523617646,-0.0017737241601809774,64,0,0.003169435093057167,
band,phase1,resnet,clean_only,band_15_40,standard,band_15_40,10,ece,structure_effect,0.0018947235692231333,0.003975129317897232,3,-0.003583964176692262,0.004953043692070434,64,0,0.0021959406998289734,
band,phase1,resnet,clean_only,band_15_40,standard,band_15_40,10,macro_auroc,electrode_absolute,0.9142112982236362,0.009323763713794845,3,0.8700170805412235,0.9506035625807654,64,0,0.0023570449218443226,
band,phase1,resnet,clean_only,band_15_40,standard,band_15_40,10,macro_auroc,electrode_drop,0.008760116641260652,0.0034997813825909164,3,0.0023436413630198057,0.01394659482545871,64,0,0.0023570449218443257,
band,phase1,resnet,clean_only,band_15_40,standard,band_15_40,10,macro_auroc,independent_rms_absolute,0.9145468810640622,0.007118268129109202,3,0.8704929714768146,0.9507704874194254,64,0,0.002865889145751601,
band,phase1,resnet,clean_only,band_15_40,standard,band_15_40,10,macro_auroc,independent_rms_drop,0.008424533800834386,0.00188342205864261,3,0.0030697955717785873,0.01382213113532212,64,0,0.0028658891457515497,
band,phase1,resnet,clean_only,band_15_40,standard,band_15_40,10,macro_auroc,structure_effect,-0.00033558284042626657,0.003219231224491645,3,-0.0028779698695354863,0.0017632898231864703,64,0,0.004704066416291987,
band,phase1,resnet,clean_only,band_15_40,standard,band_15_40,10,macro_f1,electrode_absolute,0.7130501692897577,0.027095397967051345,3,0.6336223611103792,0.7861200068478122,64,0,0.004990864339101084,
band,phase1,resnet,clean_only,band_15_40,standard,band_15_40,10,macro_f1,electrode_drop,0.02873076147896846,0.0228940029731616,3,0.0053276391496097485,0.05215395292457945,64,0,0.004990864339101109,
band,phase1,resnet,clean_only,band_15_40,standard,band_15_40,10,macro_f1,independent_rms_absolute,0.7052952007808848,0.021536045560212904,3,0.6254310307583384,0.7817078479393932,64,0,0.005450721205435515,
band,phase1,resnet,clean_only,band_15_40,standard,band_15_40,10,macro_f1,independent_rms_drop,0.036485729987841366,0.01936448342973946,3,0.011487546183670372,0.061419165577081686,64,0,0.005450721205435543,
band,phase1,resnet,clean_only,band_15_40,standard,band_15_40,10,macro_f1,structure_effect,0.007754968508872906,0.006732267092324091,3,3.630622525692569e-05,0.014357689434181016,64,0,0.009481273298672176,
band,phase1,resnet,clean_only,band_5_15,standard,band_5_15,0,ece,electrode_absolute,0.2325960302478034,0.032920858656694654,3,0.21755073772892336,0.2783724147763627,64,0,0.003260658796826267,
band,phase1,resnet,clean_only,band_5_15,standard,band_5_15,0,ece,electrode_drop,-0.1471680429979558,0.036392914356819066,3,-0.19098240631696634,-0.09170527677125104,64,0,0.003260658796826288,
band,phase1,resnet,clean_only,band_5_15,standard,band_5_15,0,ece,independent_rms_absolute,0.20755262494633397,0.015556812040786561,3,0.19418165323939646,0.24866402392208972,64,0,0.002394995153421924,
band,phase1,resnet,clean_only,band_5_15,standard,band_5_15,0,ece,independent_rms_drop,-0.12212463769648631,0.021253245868864224,3,-0.16090306484596456,-0.07408346297109424,64,0,0.002394995153421921,
band,phase1,resnet,clean_only,band_5_15,standard,band_5_15,0,ece,structure_effect,0.02504340530146946,0.01978208253703012,3,0.014881716182840869,0.03525648455454668,64,0,0.0032161617198542846,
band,phase1,resnet,clean_only,band_5_15,standard,band_5_15,0,macro_auroc,electrode_absolute,0.8087887332954526,0.012266671502337354,3,0.7758152616353094,0.8536330598883786,64,0,0.011714673396332684,
band,phase1,resnet,clean_only,band_5_15,standard,band_5_15,0,macro_auroc,electrode_drop,0.114182681569444,0.012752318126555832,3,0.07748212738469082,0.14576320633481166,64,0,0.011714673396332656,
band,phase1,resnet,clean_only,band_5_15,standard,band_5_15,0,macro_auroc,independent_rms_absolute,0.8530962082865262,0.00452314980617194,3,0.8220290220066654,0.8946991192412729,64,0,0.010937834675544067,
band,phase1,resnet,clean_only,band_5_15,standard,band_5_15,0,macro_auroc,independent_rms_drop,0.06987520657837056,0.0019917125671337975,3,0.03831785764019394,0.09363422621150275,64,0,0.01093783467554405,
band,phase1,resnet,clean_only,band_5_15,standard,band_5_15,0,macro_auroc,structure_effect,-0.04430747499107346,0.01111052119125579,3,-0.05824729264074962,-0.032769732192824745,64,0,0.010475832075596056,
band,phase1,resnet,clean_only,band_5_15,standard,band_5_15,0,macro_f1,electrode_absolute,0.41440867761403366,0.009759616260338931,3,0.34395994616379,0.4826766946737623,64,0,0.013373684434449654,
band,phase1,resnet,clean_only,band_5_15,standard,band_5_15,0,macro_f1,electrode_drop,0.3273722531546925,0.017958016919357805,3,0.2663180531315648,0.38937920571869505,64,0,0.013373684434449654,
band,phase1,resnet,clean_only,band_5_15,standard,band_5_15,0,macro_f1,independent_rms_absolute,0.4977420178940776,0.02075477583627149,3,0.4173834393308055,0.5713805542634466,64,0,0.012760695672646098,
band,phase1,resnet,clean_only,band_5_15,standard,band_5_15,0,macro_f1,independent_rms_drop,0.2440389128746486,0.030548165861640088,3,0.18285802020801306,0.2927617470684169,64,0,0.012760695672646132,
band,phase1,resnet,clean_only,band_5_15,standard,band_5_15,0,macro_f1,structure_effect,-0.0833333402800439,0.014227641143310661,3,-0.1046012737322668,-0.06684638171251683,64,0,0.014426760167460575,
band,phase1,resnet,clean_only,band_5_15,standard,band_5_15,10,ece,electrode_absolute,0.1147864461370851,0.002320042204500621,3,0.12260388593714402,0.1519829372949865,64,0,0.003754087801409466,
band,phase1,resnet,clean_only,band_5_15,standard,band_5_15,10,ece,electrode_drop,-0.029358458887237437,0.008476314769648809,3,-0.04801478216963099,-0.012989205046402053,64,0,0.0037540878014094645,
band,phase1,resnet,clean_only,band_5_15,standard,band_5_15,10,ece,independent_rms_absolute,0.09942531362218816,0.006172713227078367,3,0.11069180080092933,0.14051885212762677,64,0,0.0024037606944443987,
band,phase1,resnet,clean_only,band_5_15,standard,band_5_15,10,ece,independent_rms_drop,-0.013997326372340517,0.005372077630712473,3,-0.02972009920348078,-0.003636346371036032,64,0,0.0024037606944443974,
band,phase1,resnet,clean_only,band_5_15,standard,band_5_15,10,ece,structure_effect,0.015361132514896922,0.006164408864287478,3,0.005220789738011706,0.02053888153478942,64,0,0.0037875104279479163,
band,phase1,resnet,clean_only,band_5_15,standard,band_5_15,10,macro_auroc,electrode_absolute,0.9119283545151683,0.008416734815344527,3,0.873543310182233,0.9469760789242813,64,0,0.0017364331340992002,
band,phase1,resnet,clean_only,band_5_15,standard,band_5_15,10,macro_auroc,electrode_drop,0.011043060349728554,0.002606607474430911,3,0.0024963807104652937,0.018949368751987692,64,0,0.0017364331340991742,
band,phase1,resnet,clean_only,band_5_15,standard,band_5_15,10,macro_auroc,independent_rms_absolute,0.9151399863265534,0.006924925626120868,3,0.8731101064867508,0.9499461875754575,64,0,0.0034352005322359856,
band,phase1,resnet,clean_only,band_5_15,standard,band_5_15,10,macro_auroc,independent_rms_drop,0.007831428538343262,0.0010814479598456694,3,0.0027051923103285085,0.013377538078281067,64,0,0.0034352005322360016,
band,phase1,resnet,clean_only,band_5_15,standard,band_5_15,10,macro_auroc,structure_effect,-0.0032116318113852914,0.001701843195279607,3,-0.008579638158975557,0.0019759935567163615,64,0,0.004816578054009763,
band,phase1,resnet,clean_only,band_5_15,standard,band_5_15,10,macro_f1,electrode_absolute,0.6906310568239803,0.03133849675188048,3,0.6091697249699913,0.7568404128094005,64,0,0.0028780427621603833,
band,phase1,resnet,clean_only,band_5_15,standard,band_5_15,10,macro_f1,electrode_drop,0.05114987394474609,0.03045859255784674,3,0.013231948825913883,0.077992972993569,64,0,0.0028780427621603486,
band,phase1,resnet,clean_only,band_5_15,standard,band_5_15,10,macro_f1,independent_rms_absolute,0.7079921417153369,0.02778602828445168,3,0.6244313953588715,0.7754330324201737,64,0,0.004870130502317249,
band,phase1,resnet,clean_only,band_5_15,standard,band_5_15,10,macro_f1,independent_rms_drop,0.03378878905338924,0.02412188195906757,3,0.006590181156423345,0.05266078581643509,64,0,0.004870130502317215,
band,phase1,resnet,clean_only,band_5_15,standard,band_5_15,10,macro_f1,structure_effect,-0.017361084891356845,0.009577447821578332,3,-0.029953522597722475,-0.0027628292792722968,64,0,0.005065955103416282,
band,phase1,tcn,clean_only,band_0p05_5,standard,band_0p05_5,0,ece,electrode_absolute,0.29977182131876345,0.022616433173519163,3,0.27512098886449976,0.342189982762392,64,0,0.003740623935930319,
band,phase1,tcn,clean_only,band_0p05_5,standard,band_0p05_5,0,ece,electrode_drop,-0.21468751754817073,0.025262655372557,3,-0.266384203899552,-0.1576317905854912,64,0,0.0037406239359303126,
band,phase1,tcn,clean_only,band_0p05_5,standard,band_0p05_5,0,ece,independent_rms_absolute,0.2228215365877582,0.04186928198045738,3,0.21037250703539992,0.2645076702000718,64,0,0.0027895970952584604,
band,phase1,tcn,clean_only,band_0p05_5,standard,band_0p05_5,0,ece,independent_rms_drop,-0.13773723281716552,0.044550544255566545,3,-0.18706954528882835,-0.09922398084184972,64,0,0.0027895970952584535,
band,phase1,tcn,clean_only,band_0p05_5,standard,band_0p05_5,0,ece,structure_effect,0.07695028473100522,0.01930505072753442,3,0.05846880814455401,0.0901772685670817,64,0,0.003642680865871866,
band,phase1,tcn,clean_only,band_0p05_5,standard,band_0p05_5,0,macro_auroc,electrode_absolute,0.8680521762490166,0.015977780988327403,3,0.8328276321011766,0.9026801823495876,64,0,0.008788830133984512,
band,phase1,tcn,clean_only,band_0p05_5,standard,band_0p05_5,0,macro_auroc,electrode_drop,0.07147337945448883,0.024741721274182112,3,0.03900707135246406,0.0977204169845394,64,0,0.008788830133984519,
band,phase1,tcn,clean_only,band_0p05_5,standard,band_0p05_5,0,macro_auroc,independent_rms_absolute,0.8966255164825476,0.008395615515922477,3,0.8592772970053871,0.929599969085248,64,0,0.004786498193310604,
band,phase1,tcn,clean_only,band_0p05_5,standard,band_0p05_5,0,macro_auroc,independent_rms_drop,0.04290003922095768,0.016615202751391993,3,0.021554731801364413,0.06235685088804929,64,0,0.00478649819331059,
band,phase1,tcn,clean_only,band_0p05_5,standard,band_0p05_5,0,macro_auroc,structure_effect,-0.02857334023353113,0.008553495996102304,3,-0.043013023839728895,-0.01367234028303144,64,0,0.011381028090759304,
band,phase1,tcn,clean_only,band_0p05_5,standard,band_0p05_5,0,macro_f1,electrode_absolute,0.3581058824086838,0.011970534241443054,3,0.2690373459442898,0.4251123932747629,64,0,0.009942275783976483,
band,phase1,tcn,clean_only,band_0p05_5,standard,band_0p05_5,0,macro_f1,electrode_drop,0.4028367761695066,0.03632422715256684,3,0.33772452695764277,0.46623502176595705,64,0,0.00994227578397648,
band,phase1,tcn,clean_only,band_0p05_5,standard,band_0p05_5,0,macro_f1,independent_rms_absolute,0.5000515283073038,0.050227748071339964,3,0.4158071488825333,0.5757429177602411,64,0,0.010689185934139629,
band,phase1,tcn,clean_only,band_0p05_5,standard,band_0p05_5,0,macro_f1,independent_rms_drop,0.26089113027088656,0.07775847801639885,3,0.19314871516457852,0.32294599300307747,64,0,0.01068918593413962,
band,phase1,tcn,clean_only,band_0p05_5,standard,band_0p05_5,0,macro_f1,structure_effect,-0.14194564589861994,0.04147201643064922,3,-0.17525582489110123,-0.11466829505406052,64,0,0.01367726189543631,
band,phase1,tcn,clean_only,band_0p05_5,standard,band_0p05_5,10,ece,electrode_absolute,0.08828619468351827,0.004825934014749055,3,0.09426352673439475,0.12921904955795255,64,0,0.0027304264250567842,
band,phase1,tcn,clean_only,band_0p05_5,standard,band_0p05_5,10,ece,electrode_drop,-0.0032018909129255904,0.007169294713580057,3,-0.030270020512059376,0.003770256182394525,64,0,0.0027304264250567864,
band,phase1,tcn,clean_only,band_0p05_5,standard,band_0p05_5,10,ece,independent_rms_absolute,0.08744752060185418,0.005669697275548358,3,0.08715864853532565,0.12876271853107657,64,0,0.0016126108678532333,
band,phase1,tcn,clean_only,band_0p05_5,standard,band_0p05_5,10,ece,independent_rms_drop,-0.0023632168312615245,0.006189446248400453,3,-0.018872694924797838,0.0036474073212804485,64,0,0.0016126108678532368,
band,phase1,tcn,clean_only,band_0p05_5,standard,band_0p05_5,10,ece,structure_effect,0.000838674081664066,0.0024929476697972256,3,-0.001397147798687123,0.012201855473737987,64,0,0.003869693745178565,
band,phase1,tcn,clean_only,band_0p05_5,standard,band_0p05_5,10,macro_auroc,electrode_absolute,0.932599260824062,0.006019374082453623,3,0.8979259715862355,0.9625712353451653,64,0,0.0037545278845357286,
band,phase1,tcn,clean_only,band_0p05_5,standard,band_0p05_5,10,macro_auroc,electrode_drop,0.006926294879443369,0.0038718654817574963,3,0.001612821917799992,0.01202926555135552,64,0,0.0037545278845357126,
band,phase1,tcn,clean_only,band_0p05_5,standard,band_0p05_5,10,macro_auroc,independent_rms_absolute,0.9366539103640837,0.007080955442699891,3,0.9030419626896844,0.9658957290298202,64,0,0.0011195627625895856,
band,phase1,tcn,clean_only,band_0p05_5,standard,band_0p05_5,10,macro_auroc,independent_rms_drop,0.002871645339421605,0.0018622367792495331,3,-0.0005568696459351973,0.006321286489369313,64,0,0.0011195627625895477,
band,phase1,tcn,clean_only,band_0p05_5,standard,band_0p05_5,10,macro_auroc,structure_effect,-0.004054649540021765,0.0022580226518061175,3,-0.0075430266659810815,-0.001040096194386953,64,0,0.003123645942256707,
band,phase1,tcn,clean_only,band_0p05_5,standard,band_0p05_5,10,macro_f1,electrode_absolute,0.7235284433715181,0.0018194722383861146,3,0.6620488554829933,0.7789063213253176,64,0,0.008599104259350095,
band,phase1,tcn,clean_only,band_0p05_5,standard,band_0p05_5,10,macro_f1,electrode_drop,0.03741421520667227,0.03104678447330214,3,0.009077036547782585,0.06700291248129078,64,0,0.008599104259350116,
band,phase1,tcn,clean_only,band_0p05_5,standard,band_0p05_5,10,macro_f1,independent_rms_absolute,0.7515381126758562,0.005553990635238191,3,0.6851912811192663,0.8027679726499451,64,0,0.012665838849320944,
band,phase1,tcn,clean_only,band_0p05_5,standard,band_0p05_5,10,macro_f1,independent_rms_drop,0.00940454590233415,0.02512968794203141,3,-0.013337322791600732,0.030806350865019986,64,0,0.012665838849320921,
band,phase1,tcn,clean_only,band_0p05_5,standard,band_0p05_5,10,macro_f1,structure_effect,-0.02800966930433811,0.006724399955826283,3,-0.04181874118110924,-0.015287176496319546,64,0,0.006529878689496499,
band,phase1,tcn,clean_only,band_0p5_40,standard,band_0p5_40,0,ece,electrode_absolute,0.2231264180051965,0.07737942425769162,3,0.21158066544934875,0.26484929320193357,64,0,0.0038731127380969028,
band,phase1,tcn,clean_only,band_0p5_40,standard,band_0p5_40,0,ece,electrode_drop,-0.1380421142346038,0.07869899489536647,3,-0.18499302915347374,-0.09638250693548432,64,0,0.003873112738096886,
band,phase1,tcn,clean_only,band_0p5_40,standard,band_0p5_40,0,ece,independent_rms_absolute,0.16852804594651227,0.07025672330172461,3,0.164481276315025,0.20758637449103556,64,0,0.00324427083583851,
band,phase1,tcn,clean_only,band_0p5_40,standard,band_0p5_40,0,ece,independent_rms_drop,-0.0834437421759196,0.07223341627246124,3,-0.12542321572661505,-0.05435223812623239,64,0,0.003244270835838508,
band,phase1,tcn,clean_only,band_0p5_40,standard,band_0p5_40,0,ece,structure_effect,0.05459837205868421,0.013353095985625067,3,0.03413714285190762,0.06365613212131216,64,0,0.0057480504431404525,
band,phase1,tcn,clean_only,band_0p5_40,standard,band_0p5_40,0,macro_auroc,electrode_absolute,0.8984295959211487,0.012532350024231155,3,0.857576037314687,0.9276972543479972,64,0,0.006648316730687814,
band,phase1,tcn,clean_only,band_0p5_40,standard,band_0p5_40,0,macro_auroc,electrode_drop,0.04109595978235668,0.021391251446729966,3,0.02307422638691304,0.06774233648510428,64,0,0.006648316730687821,
band,phase1,tcn,clean_only,band_0p5_40,standard,band_0p5_40,0,macro_auroc,independent_rms_absolute,0.9117736640754902,0.006343965159013816,3,0.8762610226369093,0.9414033834080249,64,0,0.0039357892449783365,
band,phase1,tcn,clean_only,band_0p5_40,standard,band_0p5_40,0,macro_auroc,independent_rms_drop,0.027751891628015155,0.01418806997218677,3,0.013454081504336843,0.04592672445790568,64,0,0.003935789244978367,
band,phase1,tcn,clean_only,band_0p5_40,standard,band_0p5_40,0,macro_auroc,structure_effect,-0.01334406815434152,0.00987141516522316,3,-0.021360023252058456,-0.006362449167841558,64,0,0.006435746462848037,
band,phase1,tcn,clean_only,band_0p5_40,standard,band_0p5_40,0,macro_f1,electrode_absolute,0.48118819967098614,0.07989030170115102,3,0.40686128715056347,0.5528733742381183,64,0,0.010954656420378737,
band,phase1,tcn,clean_only,band_0p5_40,standard,band_0p5_40,0,macro_f1,electrode_drop,0.2797544589072042,0.10293014375954401,3,0.22465313181301724,0.3384288938294064,64,0,0.010954656420378706,
band,phase1,tcn,clean_only,band_0p5_40,standard,band_0p5_40,0,macro_f1,independent_rms_absolute,0.5848246153096105,0.06868874225512381,3,0.5149461186572502,0.6561073320062965,64,0,0.0073170104307476785,
band,phase1,tcn,clean_only,band_0p5_40,standard,band_0p5_40,0,macro_f1,independent_rms_drop,0.17611804326857983,0.09765667639998318,3,0.12090083332825663,0.2218419086725656,64,0,0.007317010430747682,
band,phase1,tcn,clean_only,band_0p5_40,standard,band_0p5_40,0,macro_f1,structure_effect,-0.10363641563862434,0.035214032562290894,3,-0.1253915367151135,-0.08654810576161302,64,0,0.012355075232415823,
band,phase1,tcn,clean_only,band_0p5_40,standard,band_0p5_40,10,ece,electrode_absolute,0.0842326128220496,0.0068883790529751365,3,0.08488939641883549,0.12712617559166528,64,0,0.002102079274118499,
band,phase1,tcn,clean_only,band_0p5_40,standard,band_0p5_40,10,ece,electrode_drop,0.0008516909485430593,0.00756821512260552,3,-0.017578710467236698,0.006381669474727961,64,0,0.0021020792741184985,
band,phase1,tcn,clean_only,band_0p5_40,standard,band_0p5_40,10,ece,independent_rms_absolute,0.0827030020825235,0.005771228641873899,3,0.07865758760814258,0.12519444796788656,64,0,0.0036314283063836033,
band,phase1,tcn,clean_only,band_0p5_40,standard,band_0p5_40,10,ece,independent_rms_drop,0.0023813016880691665,0.004452553698463965,3,-0.009586295002746364,0.005816288882839187,64,0,0.0036314283063836007,
band,phase1,tcn,clean_only,band_0p5_40,standard,band_0p5_40,10,ece,structure_effect,0.001529610739526107,0.0035033177142358676,3,-0.0008272125500243463,0.007926968190924701,64,0,0.003200616047165543,
band,phase1,tcn,clean_only,band_0p5_40,standard,band_0p5_40,10,macro_auroc,electrode_absolute,0.9355509867074988,0.006155808045996108,3,0.9016843976521618,0.9642282926790543,64,0,0.0026303061813070278,
band,phase1,tcn,clean_only,band_0p5_40,standard,band_0p5_40,10,macro_auroc,electrode_drop,0.003974568996006609,0.0027543274089869246,3,-0.0004994288380125756,0.00893891352588179,64,0,0.00263030618130705,
band,phase1,tcn,clean_only,band_0p5_40,standard,band_0p5_40,10,macro_auroc,independent_rms_absolute,0.9365389150787197,0.007455606705773425,3,0.9027670769173585,0.9654666723328997,64,0,0.002348458029094807,
band,phase1,tcn,clean_only,band_0p5_40,standard,band_0p5_40,10,macro_auroc,independent_rms_drop,0.002986640624785671,0.0014520915408999366,3,-0.00025827904933016835,0.005476460867276685,64,0,0.00234845802909479,
band,phase1,tcn,clean_only,band_0p5_40,standard,band_0p5_40,10,macro_auroc,structure_effect,-0.0009879283712209389,0.001302485826242382,3,-0.003780289897436971,0.0020530869430895695,64,0,0.0027581135169490872,
band,phase1,tcn,clean_only,band_0p5_40,standard,band_0p5_40,10,macro_f1,electrode_absolute,0.7428019905494526,0.006681138357490511,3,0.679639033060237,0.8000391202617021,64,0,0.007822653801178048,
band,phase1,tcn,clean_only,band_0p5_40,standard,band_0p5_40,10,macro_f1,electrode_drop,0.018140668028737768,0.03237312608768519,3,-0.008878661300277802,0.03594779288389456,64,0,0.007822653801178088,
band,phase1,tcn,clean_only,band_0p5_40,standard,band_0p5_40,10,macro_f1,independent_rms_absolute,0.7577108716463913,0.012321611105423862,3,0.6951808029309525,0.8110017334661929,64,0,0.006523641653936385,
band,phase1,tcn,clean_only,band_0p5_40,standard,band_0p5_40,10,macro_f1,independent_rms_drop,0.0032317869317990597,0.018145491732313522,3,-0.015099316143946159,0.01563237844426222,64,0,0.006523641653936348,
band,phase1,tcn,clean_only,band_0p5_40,standard,band_0p5_40,10,macro_f1,structure_effect,-0.014908881096938708,0.01534376471804278,3,-0.02577897249732711,-0.002753955656092635,64,0,0.01072516608202144,
band,phase1,tcn,clean_only,band_15_40,standard,band_15_40,0,ece,electrode_absolute,0.16986822720054381,0.07583052539672011,3,0.16632683712111698,0.20664423139022603,64,0,0.002271831828851438,
band,phase1,tcn,clean_only,band_15_40,standard,band_15_40,0,ece,electrode_drop,-0.08478392342995116,0.07811592666660278,3,-0.1271228112616907,-0.060797863816354325,64,0,0.002271831828851431,
band,phase1,tcn,clean_only,band_15_40,standard,band_15_40,0,ece,independent_rms_absolute,0.14238991171170748,0.0598286905741105,3,0.14227717113112218,0.17933876941569324,64,0,0.0018689145333134567,
band,phase1,tcn,clean_only,band_15_40,standard,band_15_40,0,ece,independent_rms_drop,-0.05730560794111483,0.06233979949472973,3,-0.09554075732704556,-0.037343288512435395,64,0,0.0018689145333134558,
band,phase1,tcn,clean_only,band_15_40,standard,band_15_40,0,ece,structure_effect,0.02747831548883632,0.016385108885824586,3,0.0192681774493481,0.03391674769440933,64,0,0.003029740343952523,
band,phase1,tcn,clean_only,band_15_40,standard,band_15_40,0,macro_auroc,electrode_absolute,0.9046745681646283,0.005515573299435333,3,0.8655674869376834,0.9352881585467925,64,0,0.005435105898950849,
band,phase1,tcn,clean_only,band_15_40,standard,band_15_40,0,macro_auroc,electrode_drop,0.03485098753887704,0.014386653413942508,3,0.020598646704899262,0.0583279256116023,64,0,0.00543510589895087,
band,phase1,tcn,clean_only,band_15_40,standard,band_15_40,0,macro_auroc,independent_rms_absolute,0.91226075692268,0.00354017338307674,3,0.8732755590053808,0.9402730155780403,64,0,0.0030613798178056495,
band,phase1,tcn,clean_only,band_15_40,standard,band_15_40,0,macro_auroc,independent_rms_drop,0.027264798780825272,0.01065058071794391,3,0.013699864391631743,0.04769578492182529,64,0,0.0030613798178056486,
band,phase1,tcn,clean_only,band_15_40,standard,band_15_40,0,macro_auroc,structure_effect,-0.007586188758051769,0.004964890864950438,3,-0.012177623460266627,-0.0027970717311803905,64,0,0.006853677095684635,
band,phase1,tcn,clean_only,band_15_40,standard,band_15_40,0,macro_f1,electrode_absolute,0.5605857017304607,0.07840285323393219,3,0.4903977430212169,0.6388652826621182,64,0,0.0033356914329690105,
band,phase1,tcn,clean_only,band_15_40,standard,band_15_40,0,macro_f1,electrode_drop,0.20035695684772967,0.10754471452296771,3,0.14615709744299604,0.2435405656979464,64,0,0.003335691432969012,
band,phase1,tcn,clean_only,band_15_40,standard,band_15_40,0,macro_f1,independent_rms_absolute,0.615746446338163,0.05360431430854099,3,0.5419637401086643,0.6901350041820208,64,0,0.005614436820859923,
band,phase1,tcn,clean_only,band_15_40,standard,band_15_40,0,macro_f1,independent_rms_drop,0.14519621224002735,0.08402992585762663,3,0.09351076655025425,0.1881634827152723,64,0,0.005614436820859951,
band,phase1,tcn,clean_only,band_15_40,standard,band_15_40,0,macro_f1,structure_effect,-0.05516074460770229,0.03163040039724728,3,-0.07469721992113126,-0.03657802885399464,64,0,0.007596699573432735,
band,phase1,tcn,clean_only,band_15_40,standard,band_15_40,10,ece,electrode_absolute,0.08331983581466355,0.005120913871234789,3,0.07900720657230151,0.1272643768371921,64,0,0.003110869115952166,
band,phase1,tcn,clean_only,band_15_40,standard,band_15_40,10,ece,electrode_drop,0.001764467955929123,0.003075971952813999,3,-0.011558739414832583,0.0054107612556578465,64,0,0.0031108691159521685,
band,phase1,tcn,clean_only,band_15_40,standard,band_15_40,10,ece,independent_rms_absolute,0.08685115470520881,0.003947499776199208,3,0.07776924385881562,0.1260800046435002,64,0,0.002317342192801589,
band,phase1,tcn,clean_only,band_15_40,standard,band_15_40,10,ece,independent_rms_drop,-0.0017668509346161348,0.0024819583806705015,3,-0.010008581582659527,0.0035754119883319975,64,0,0.0023173421928015915,
band,phase1,tcn,clean_only,band_15_40,standard,band_15_40,10,ece,structure_effect,-0.003531318890545258,0.0012070365260589862,3,-0.0038250943414306925,0.0030680730768974335,64,0,0.0043238569675381625,
band,phase1,tcn,clean_only,band_15_40,standard,band_15_40,10,macro_auroc,electrode_absolute,0.937148989434405,0.0064106772648545056,3,0.9029899460466787,0.9662695788808645,64,0,0.0023779538201310667,
band,phase1,tcn,clean_only,band_15_40,standard,band_15_40,10,macro_auroc,electrode_drop,0.002376566269100322,0.0024994090521434694,3,-0.0021768430567361864,0.0059435947002879595,64,0,0.0023779538201310784,
band,phase1,tcn,clean_only,band_15_40,standard,band_15_40,10,macro_auroc,independent_rms_absolute,0.9365040789640239,0.007058322676369221,3,0.9021574301950688,0.9654980043597082,64,0,0.0011180912733884617,
band,phase1,tcn,clean_only,band_15_40,standard,band_15_40,10,macro_auroc,independent_rms_drop,0.0030214767394815116,0.0018569434999233644,3,-0.0005834317806320718,0.0062358367846514365,64,0,0.0011180912733884689,
band,phase1,tcn,clean_only,band_15_40,standard,band_15_40,10,macro_auroc,structure_effect,0.0006449104703811894,0.000732857854144558,3,-0.00077736261549401,0.0019350129767083631,64,0,0.002958052004471617,
band,phase1,tcn,clean_only,band_15_40,standard,band_15_40,10,macro_f1,electrode_absolute,0.7478200685286266,0.014327776841063152,3,0.6798814796522968,0.8060661898330151,64,0,0.0068944317652487545,
band,phase1,tcn,clean_only,band_15_40,standard,band_15_40,10,macro_f1,electrode_drop,0.013122590049563801,0.018062301078828117,3,-0.008626330710005771,0.02668492515068307,64,0,0.006894431765248769,
band,phase1,tcn,clean_only,band_15_40,standard,band_15_40,10,macro_f1,independent_rms_absolute,0.7549760553261912,0.013396293307608964,3,0.6918777684893334,0.8081302047227441,64,0,0.0062438136346817975,
band,phase1,tcn,clean_only,band_15_40,standard,band_15_40,10,macro_f1,independent_rms_drop,0.005966603251999203,0.0170462301155393,3,-0.013181992857192034,0.017046455756742303,64,0,0.006243813634681794,
band,phase1,tcn,clean_only,band_15_40,standard,band_15_40,10,macro_f1,structure_effect,-0.007155986797564598,0.005397464103727031,3,-0.014643268598894274,0.00025178098680376533,64,0,0.01109848070063418,
band,phase1,tcn,clean_only,band_5_15,standard,band_5_15,0,ece,electrode_absolute,0.2812914747071659,0.08719284926949329,3,0.2583445432266311,0.32128149294229064,64,0,0.004701339448008248,
band,phase1,tcn,clean_only,band_5_15,standard,band_5_15,0,ece,electrode_drop,-0.19620717093657328,0.08597364025243928,3,-0.24846936555772356,-0.14559973820919392,64,0,0.00470133944800826,
band,phase1,tcn,clean_only,band_5_15,standard,band_5_15,0,ece,independent_rms_absolute,0.2072516153010074,0.08567247990259137,3,0.19981850559891495,0.24647355313728958,64,0,0.0025963623829123273,
band,phase1,tcn,clean_only,band_5_15,standard,band_5_15,0,ece,independent_rms_drop,-0.12216731153041473,0.08652053607320827,3,-0.16711616557331024,-0.0841550471052209,64,0,0.0025963623829123364,
band,phase1,tcn,clean_only,band_5_15,standard,band_5_15,0,ece,structure_effect,0.07403985940615854,0.03907563471281091,3,0.05226317410585172,0.0841886228740418,64,0,0.0047485158021483755,
band,phase1,tcn,clean_only,band_5_15,standard,band_5_15,0,macro_auroc,electrode_absolute,0.8822927417448981,0.01601837567606793,3,0.8453460996733623,0.9139803432294611,64,0,0.008143093576686362,
band,phase1,tcn,clean_only,band_5_15,standard,band_5_15,0,macro_auroc,electrode_drop,0.05723281395860727,0.02459154914927384,3,0.027683079260132214,0.08677687660187663,64,0,0.008143093576686378,
band,phase1,tcn,clean_only,band_5_15,standard,band_5_15,0,macro_auroc,independent_rms_absolute,0.9070460811972102,0.00905116375289395,3,0.8739102774679759,0.9370349334197864,64,0,0.0038736391894920886,
band,phase1,tcn,clean_only,band_5_15,standard,band_5_15,0,macro_auroc,independent_rms_drop,0.032479474506295104,0.01794797539264226,3,0.013330194328101432,0.05142148121101559,64,0,0.0038736391894920947,
band,phase1,tcn,clean_only,band_5_15,standard,band_5_15,0,macro_auroc,structure_effect,-0.02475333945231217,0.008410710769682387,3,-0.03866303493376331,-0.009082286384165916,64,0,0.009477367005469231,
band,phase1,tcn,clean_only,band_5_15,standard,band_5_15,0,macro_f1,electrode_absolute,0.41865853693924104,0.08110110252023865,3,0.34098938169087556,0.48662820649063665,64,0,0.0057379340183831085,
band,phase1,tcn,clean_only,band_5_15,standard,band_5_15,0,macro_f1,electrode_drop,0.3422841216389494,0.08604489656688441,3,0.2843502077650278,0.39705032496091297,64,0,0.005737934018383124,
band,phase1,tcn,clean_only,band_5_15,standard,band_5_15,0,macro_f1,independent_rms_absolute,0.5299781434712426,0.09424251314290848,3,0.45373604701656695,0.5972712198214642,64,0,0.002084704228555761,
band,phase1,tcn,clean_only,band_5_15,standard,band_5_15,0,macro_f1,independent_rms_drop,0.23096451510694774,0.11603314181294666,3,0.1696789544015158,0.2835706227211803,64,0,0.0020847042285557873,
band,phase1,tcn,clean_only,band_5_15,standard,band_5_15,0,macro_f1,structure_effect,-0.11131960653200164,0.06226115360831833,3,-0.13090654274854907,-0.09019316800752641,64,0,0.00707563231693411,
band,phase1,tcn,clean_only,band_5_15,standard,band_5_15,10,ece,electrode_absolute,0.09189464732713855,0.01393828722325813,3,0.09435887715334465,0.1335526856859469,64,0,0.0022642712255021807,
band,phase1,tcn,clean_only,band_5_15,standard,band_5_15,10,ece,electrode_drop,-0.006810343556545883,0.014378783865020445,3,-0.030957854552273054,0.0029898590381673856,64,0,0.002264271225502186,
band,phase1,tcn,clean_only,band_5_15,standard,band_5_15,10,ece,independent_rms_absolute,0.08444205319126356,0.009472069236240402,3,0.08287427470032058,0.12626788835395203,64,0,0.002107397421550011,
band,phase1,tcn,clean_only,band_5_15,standard,band_5_15,10,ece,independent_rms_drop,0.0006422505793291039,0.009839406061741926,3,-0.015282178719211245,0.006446334844943469,64,0,0.0021073974215500136,
band,phase1,tcn,clean_only,band_5_15,standard,band_5_15,10,ece,structure_effect,0.007452594135874988,0.004594691125719789,3,0.0022332353367082933,0.01667957740941164,64,0,0.004238161366347844,
band,phase1,tcn,clean_only,band_5_15,standard,band_5_15,10,macro_auroc,electrode_absolute,0.9336047573127787,0.0058260367354524235,3,0.901549435847335,0.9618839053353033,64,0,0.002339475127946463,
band,phase1,tcn,clean_only,band_5_15,standard,band_5_15,10,macro_auroc,electrode_drop,0.005920798390726542,0.003226402140565687,3,0.0013544978339302281,0.013143069268944615,64,0,0.00233947512794649,
band,phase1,tcn,clean_only,band_5_15,standard,band_5_15,10,macro_auroc,independent_rms_absolute,0.9358613399301653,0.007254809485700276,3,0.9013455576675615,0.9642253783718335,64,0,0.0024330483480430923,
band,phase1,tcn,clean_only,band_5_15,standard,band_5_15,10,macro_auroc,independent_rms_drop,0.0036642157733400784,0.0016993599195985973,3,-0.00019807477294440506,0.006634231186926256,64,0,0.002433048348043124,
band,phase1,tcn,clean_only,band_5_15,standard,band_5_15,10,macro_auroc,structure_effect,-0.0022565826173864636,0.0015280778232356416,3,-0.007617590167577018,0.0017204329771336824,64,0,0.0038047504666279914,
band,phase1,tcn,clean_only,band_5_15,standard,band_5_15,10,macro_f1,electrode_absolute,0.7293542854091205,0.020260853077411246,3,0.6696260515325223,0.7867999201418219,64,0,0.0050994377069505945,
band,phase1,tcn,clean_only,band_5_15,standard,band_5_15,10,macro_f1,electrode_drop,0.031588373169070025,0.04131502091112122,3,-0.004571725996858474,0.05851218816954111,64,0,0.005099437706950568,
band,phase1,tcn,clean_only,band_5_15,standard,band_5_15,10,macro_f1,independent_rms_absolute,0.7491410281644072,0.007515993549936485,3,0.6892982324487802,0.8011283393882161,64,0,0.004015210732040475,
band,phase1,tcn,clean_only,band_5_15,standard,band_5_15,10,macro_f1,independent_rms_drop,0.01180163041378309,0.028499953870721656,3,-0.01165655078359248,0.03167706562960113,64,0,0.00401521073204053,
band,phase1,tcn,clean_only,band_5_15,standard,band_5_15,10,macro_f1,structure_effect,-0.019786742755286937,0.015217486361528636,3,-0.033303766997130245,-0.00398553451796948,64,0,0.005710777035189607,
matrix,phase1,resnet,clean_only,limb_only,limb_only,legacy_0p5_40,0,ece,electrode_absolute,0.21475757033649057,0.021353877076037673,3,0.20229142401066313,0.2556833784928782,64,0,0.0034802230002608982,
matrix,phase1,resnet,clean_only,limb_only,limb_only,legacy_0p5_40,0,ece,electrode_drop,-0.1293295830866429,0.022765880172032984,3,-0.16803253868526696,-0.07502782858421915,64,0,0.0034802230002609056,
matrix,phase1,resnet,clean_only,limb_only,limb_only,legacy_0p5_40,0,ece,independent_rms_absolute,0.18568610213525527,0.004005981551283921,3,0.17954890834496434,0.22795297520502344,64,0,0.004406979660871771,
matrix,phase1,resnet,clean_only,limb_only,limb_only,legacy_0p5_40,0,ece,independent_rms_drop,-0.10025811488540765,0.0037468633488821038,3,-0.1396134590712503,-0.05468279515577929,64,0,0.004406979660871777,
matrix,phase1,resnet,clean_only,limb_only,limb_only,legacy_0p5_40,0,ece,structure_effect,0.029071468201235285,0.020081975269417726,3,0.020068317554272398,0.03559238379474176,64,0,0.007082870559975186,
matrix,phase1,resnet,clean_only,limb_only,limb_only,legacy_0p5_40,0,macro_auroc,electrode_absolute,0.8240918222544084,0.009342716108785891,3,0.7828018718773287,0.871339103558833,64,0,0.007520174468565392,
matrix,phase1,resnet,clean_only,limb_only,limb_only,legacy_0p5_40,0,macro_auroc,electrode_drop,0.09887959261048838,0.005647487844861658,3,0.06641882356021256,0.13042647985183467,64,0,0.007520174468565389,
matrix,phase1,resnet,clean_only,limb_only,limb_only,legacy_0p5_40,0,macro_auroc,independent_rms_absolute,0.8589400221659375,0.009566766322656274,3,0.8234546669447348,0.9005704816694393,64,0,0.0065835098735201256,
matrix,phase1,resnet,clean_only,limb_only,limb_only,legacy_0p5_40,0,macro_auroc,independent_rms_drop,0.06403139269895942,0.0043616635190580335,3,0.036638297508008705,0.08459096974278647,64,0,0.006583509873520151,
matrix,phase1,resnet,clean_only,limb_only,limb_only,legacy_0p5_40,0,macro_auroc,structure_effect,-0.034848199911528946,0.008391989616608147,3,-0.045801000687018756,-0.021391109523483408,64,0,0.008824165425847422,
matrix,phase1,resnet,clean_only,limb_only,limb_only,legacy_0p5_40,0,macro_f1,electrode_absolute,0.45976491479220477,0.02284032196985822,3,0.39853246893985717,0.5261221256056202,64,0,0.014471496887216762,
matrix,phase1,resnet,clean_only,limb_only,limb_only,legacy_0p5_40,0,macro_f1,electrode_drop,0.28201601597652143,0.028468831250253644,3,0.22060701418415277,0.3487140406450733,64,0,0.01447149688721676,
matrix,phase1,resnet,clean_only,limb_only,limb_only,legacy_0p5_40,0,macro_f1,independent_rms_absolute,0.5437755049650775,0.03192365744248911,3,0.4642599387865299,0.6167392575421061,64,0,0.01395342688913013,
matrix,phase1,resnet,clean_only,limb_only,limb_only,legacy_0p5_40,0,macro_f1,independent_rms_drop,0.19800542580364866,0.03717136214118908,3,0.13499172608933763,0.24871889219062046,64,0,0.01395342688913015,
matrix,phase1,resnet,clean_only,limb_only,limb_only,legacy_0p5_40,0,macro_f1,structure_effect,-0.08401059017287273,0.009083761485761935,3,-0.1099284107007898,-0.06371837533439878,64,0,0.019705079227085694,
matrix,phase1,resnet,clean_only,limb_only,limb_only,legacy_0p5_40,10,ece,electrode_absolute,0.10740516235410852,0.007958873654150565,3,0.11868460654859343,0.14804765493093905,64,0,0.0013254949331993296,
matrix,phase1,resnet,clean_only,limb_only,limb_only,legacy_0p5_40,10,ece,electrode_drop,-0.021977175104260883,0.006195608576971932,3,-0.04016600517945308,-0.00781584083022536,64,0,0.001325494933199328,
matrix,phase1,resnet,clean_only,limb_only,limb_only,legacy_0p5_40,10,ece,independent_rms_absolute,0.09943975697488776,0.006667318076886329,3,0.10887463059518962,0.1416540889767568,64,0,0.003986717385613159,
matrix,phase1,resnet,clean_only,limb_only,limb_only,legacy_0p5_40,10,ece,independent_rms_drop,-0.014011769725040096,0.0037547443424215702,3,-0.027480318981440235,-0.0043045121674976285,64,0,0.003986717385613161,
matrix,phase1,resnet,clean_only,limb_only,limb_only,legacy_0p5_40,10,ece,structure_effect,0.00796540537922079,0.002462841605082315,3,0.003191533434358169,0.014198938687669574,64,0,0.003418039412297336,
matrix,phase1,resnet,clean_only,limb_only,limb_only,legacy_0p5_40,10,macro_auroc,electrode_absolute,0.9100120087534102,0.007107260336504678,3,0.8662476203399485,0.9466042568325014,64,0,0.0026548002186391954,
matrix,phase1,resnet,clean_only,limb_only,limb_only,legacy_0p5_40,10,macro_auroc,electrode_drop,0.012959406111486537,0.002023264331025924,3,0.0046796110657292425,0.01961032362886343,64,0,0.0026548002186392535,
matrix,phase1,resnet,clean_only,limb_only,limb_only,legacy_0p5_40,10,macro_auroc,independent_rms_absolute,0.9128196443952964,0.006126010986354995,3,0.8708655134572452,0.9485345873536908,64,0,0.0026609212008468527,
matrix,phase1,resnet,clean_only,limb_only,limb_only,legacy_0p5_40,10,macro_auroc,independent_rms_drop,0.010151770469600271,0.0011299688919526832,3,0.004877457449836585,0.01558837782049759,64,0,0.002660921200846805,
matrix,phase1,resnet,clean_only,limb_only,limb_only,legacy_0p5_40,10,macro_auroc,structure_effect,-0.0028076356418862657,0.002990639562887378,3,-0.0061581666700082915,0.0012530744916308325,64,0,0.0024167554105530087,
matrix,phase1,resnet,clean_only,limb_only,limb_only,legacy_0p5_40,10,macro_f1,electrode_absolute,0.6982511481261092,0.022201334837961204,3,0.6173448148548724,0.761683355509261,64,0,0.011535068536641466,
matrix,phase1,resnet,clean_only,limb_only,limb_only,legacy_0p5_40,10,macro_f1,electrode_drop,0.043529782642617,0.01981846888099555,3,0.010884386411739493,0.06835706935925986,64,0,0.011535068536641477,
matrix,phase1,resnet,clean_only,limb_only,limb_only,legacy_0p5_40,10,macro_f1,independent_rms_absolute,0.7075176274684902,0.02290591277192694,3,0.6301832020946039,0.7739496065497885,64,0,0.004799584630336343,
matrix,phase1,resnet,clean_only,limb_only,limb_only,legacy_0p5_40,10,macro_f1,independent_rms_drop,0.03426330330023604,0.0225723106742796,3,0.0023266172556189423,0.062185234304336624,64,0,0.004799584630336369,
matrix,phase1,resnet,clean_only,limb_only,limb_only,legacy_0p5_40,10,macro_f1,structure_effect,-0.009266479342380951,0.004887311397545917,3,-0.02151067808157351,0.004407627015991959,64,0,0.01534932516767486,
matrix,phase1,resnet,clean_only,precordial_only,precordial_only,legacy_0p5_40,0,ece,electrode_absolute,0.17464239096590087,0.009473523353523328,3,0.17268428273462916,0.2133823021166325,64,0,0.0050942175213294525,
matrix,phase1,resnet,clean_only,precordial_only,precordial_only,legacy_0p5_40,0,ece,electrode_drop,-0.08921440371605321,0.009322315403556401,3,-0.1261657299765589,-0.0517223391386191,64,0,0.005094217521329471,
matrix,phase1,resnet,clean_only,precordial_only,precordial_only,legacy_0p5_40,0,ece,independent_rms_absolute,0.17339326609078307,0.007999649404898841,3,0.17106163386017667,0.21187526218053296,64,0,0.0044496212778079355,
matrix,phase1,resnet,clean_only,precordial_only,precordial_only,legacy_0p5_40,0,ece,independent_rms_drop,-0.08796527884093541,0.007625187496143036,3,-0.1242189545855111,-0.052627115897331156,64,0,0.004449621277807935,
matrix,phase1,resnet,clean_only,precordial_only,precordial_only,legacy_0p5_40,0,ece,structure_effect,0.0012491248751178281,0.0017529022638876372,3,-0.004417405016267644,0.005117154075627766,64,0,0.0036839895849098605,
matrix,phase1,resnet,clean_only,precordial_only,precordial_only,legacy_0p5_40,0,macro_auroc,electrode_absolute,0.8671015104361236,0.013179699743146268,3,0.8309630554794043,0.905733070790723,64,0,0.007028021744235944,
matrix,phase1,resnet,clean_only,precordial_only,precordial_only,legacy_0p5_40,0,macro_auroc,electrode_drop,0.05586990442877316,0.007956059637109578,3,0.029716718849452515,0.07471842615766186,64,0,0.007028021744235973,
matrix,phase1,resnet,clean_only,precordial_only,precordial_only,legacy_0p5_40,0,macro_auroc,independent_rms_absolute,0.8691637023723344,0.012228616218004699,3,0.8364335559247464,0.907999410640468,64,0,0.0023296582769556677,
matrix,phase1,resnet,clean_only,precordial_only,precordial_only,legacy_0p5_40,0,macro_auroc,independent_rms_drop,0.05380771249256235,0.008637805490155196,3,0.03019672406511488,0.07465515234433505,64,0,0.0023296582769556633,
matrix,phase1,resnet,clean_only,precordial_only,precordial_only,legacy_0p5_40,0,macro_auroc,structure_effect,-0.0020621919362108164,0.004479409212559515,3,-0.009451588757566232,0.004144949538253539,64,0,0.007622929490281459,
matrix,phase1,resnet,clean_only,precordial_only,precordial_only,legacy_0p5_40,0,macro_f1,electrode_absolute,0.5577568581964975,0.0072695544298778236,3,0.4732086419109217,0.6308065216008326,64,0,0.011606671591753643,
matrix,phase1,resnet,clean_only,precordial_only,precordial_only,legacy_0p5_40,0,macro_f1,electrode_drop,0.18402407257222872,0.016544223134766483,3,0.13010622328006208,0.2240171797975764,64,0,0.011606671591753626,
matrix,phase1,resnet,clean_only,precordial_only,precordial_only,legacy_0p5_40,0,macro_f1,independent_rms_absolute,0.5723437545344833,0.004406028376314841,3,0.48895632353026813,0.6467706654748266,64,0,0.008795851478692714,
matrix,phase1,resnet,clean_only,precordial_only,precordial_only,legacy_0p5_40,0,macro_f1,independent_rms_drop,0.16943717623424295,0.00637344370186462,3,0.11278938487098852,0.21229486486139562,64,0,0.008795851478692749,
matrix,phase1,resnet,clean_only,precordial_only,precordial_only,legacy_0p5_40,0,macro_f1,structure_effect,-0.014586896337985766,0.010216537567170472,3,-0.023665681428882195,0.003205441901250549,64,0,0.010215353932624118,
matrix,phase1,resnet,clean_only,precordial_only,precordial_only,legacy_0p5_40,10,ece,electrode_absolute,0.0947463500443629,0.00430562357201477,3,0.10393513770172998,0.14022094595814213,64,0,0.00472329466145533,
matrix,phase1,resnet,clean_only,precordial_only,precordial_only,legacy_0p5_40,10,ece,electrode_drop,-0.009318362794515254,0.007374562719049767,3,-0.021287563317833078,-0.000998396373376078,64,0,0.0047232946614553266,
matrix,phase1,resnet,clean_only,precordial_only,precordial_only,legacy_0p5_40,10,ece,independent_rms_absolute,0.09465975276295642,0.007154735896087214,3,0.10445068692681918,0.138800748891176,64,0,0.003984105487762977,
matrix,phase1,resnet,clean_only,precordial_only,precordial_only,legacy_0p5_40,10,ece,independent_rms_drop,-0.009231765513108782,0.006007906253399131,3,-0.022264445165536103,-0.0027937860492344806,64,0,0.00398410548776298,
matrix,phase1,resnet,clean_only,precordial_only,precordial_only,legacy_0p5_40,10,ece,structure_effect,8.659728140647151e-05,0.0039328037288825285,3,-0.004133835421720961,0.00318938353951177,64,0,0.0060599172948428365,
matrix,phase1,resnet,clean_only,precordial_only,precordial_only,legacy_0p5_40,10,macro_auroc,electrode_absolute,0.9153341534618402,0.006804740039551875,3,0.8712788710403419,0.9507036267377277,64,0,0.0012858915815312844,
matrix,phase1,resnet,clean_only,precordial_only,precordial_only,legacy_0p5_40,10,macro_auroc,electrode_drop,0.00763726140305647,0.001171431058112561,3,0.0024309308176143772,0.012603759460649254,64,0,0.0012858915815313293,
matrix,phase1,resnet,clean_only,precordial_only,precordial_only,legacy_0p5_40,10,macro_auroc,independent_rms_absolute,0.9145116074094136,0.008480967780280508,3,0.8708956650419944,0.9501362014085706,64,0,0.0024071015339838407,
matrix,phase1,resnet,clean_only,precordial_only,precordial_only,legacy_0p5_40,10,macro_auroc,independent_rms_drop,0.008459807455483038,0.002617398709036866,3,0.002968529255896178,0.014454292022096613,64,0,0.0024071015339838272,
matrix,phase1,resnet,clean_only,precordial_only,precordial_only,legacy_0p5_40,10,macro_auroc,structure_effect,0.0008225460524265674,0.0018743080376938386,3,-0.0018196722966513101,0.0038818997825960408,64,0,0.0035504857706436387,
matrix,phase1,resnet,clean_only,precordial_only,precordial_only,legacy_0p5_40,10,macro_f1,electrode_absolute,0.7151245703764283,0.01915399877088751,3,0.6350934191587702,0.7871678610580812,64,0,0.00937084904997857,
matrix,phase1,resnet,clean_only,precordial_only,precordial_only,legacy_0p5_40,10,macro_f1,electrode_drop,0.026656360392297903,0.015871772366688058,3,0.0016985791636693352,0.04943936294358928,64,0,0.009370849049978541,
matrix,phase1,resnet,clean_only,precordial_only,precordial_only,legacy_0p5_40,10,macro_f1,independent_rms_absolute,0.7129610216789007,0.019954863653746425,3,0.6351772406964419,0.7826836907153798,64,0,0.007360086904083726,
matrix,phase1,resnet,clean_only,precordial_only,precordial_only,legacy_0p5_40,10,macro_f1,independent_rms_drop,0.02881990908982555,0.01680067578931685,3,0.0032535895713574617,0.053367363886977465,64,0,0.007360086904083696,
matrix,phase1,resnet,clean_only,precordial_only,precordial_only,legacy_0p5_40,10,macro_f1,structure_effect,0.0021635486975276497,0.0009289035226355952,3,-0.0035053244868022905,0.009420008721560772,64,0,0.012244759012338879,
matrix,phase1,resnet,clean_only,randomized,randomized,legacy_0p5_40,0,ece,electrode_absolute,0.18414542278516566,0.006828698219907593,3,0.1808332628025621,0.22501702631643802,64,0,0.0015276679563554522,0.006909448216217353
matrix,phase1,resnet,clean_only,randomized,randomized,legacy_0p5_40,0,ece,electrode_drop,-0.09871743553531803,0.0022666329264761365,3,-0.13587148815987415,-0.058249558108419044,64,0,0.0015276679563554474,0.006909448216217346
matrix,phase1,resnet,clean_only,randomized,randomized,legacy_0p5_40,0,ece,independent_rms_absolute,0.18216108354425112,0.006121514219389358,3,0.17881417039928452,0.22404568622980084,64,0,0.004028427684518472,0.0007966154693283088
matrix,phase1,resnet,clean_only,randomized,randomized,legacy_0p5_40,0,ece,independent_rms_drop,-0.09673309629440346,0.005333852440063829,3,-0.134560048134277,-0.05601933689984746,64,0,0.004028427684518481,0.0007966154693283053
matrix,phase1,resnet,clean_only,randomized,randomized,legacy_0p5_40,0,ece,structure_effect,0.0019843392409145673,0.007182400488669787,3,-0.0023755021114586494,0.005552130204327237,64,0,0.0047261160390569875,0.0063855378190490085
matrix,phase1,resnet,clean_only,randomized,randomized,legacy_0p5_40,0,macro_auroc,electrode_absolute,0.8536271915009327,0.008920894660498094,3,0.8181983241948647,0.8943531914993007,64,0,0.003689184723393849,0.006277979011734134
matrix,phase1,resnet,clean_only,randomized,randomized,legacy_0p5_40,0,macro_auroc,electrode_drop,0.06934422336396405,0.003395628853848288,3,0.0432788963258092,0.09158290546705336,64,0,0.003689184723393853,0.006277979011734142
matrix,phase1,resnet,clean_only,randomized,randomized,legacy_0p5_40,0,macro_auroc,independent_rms_absolute,0.8619986126634616,0.009970682911318822,3,0.8236023606509905,0.9024856756064816,64,0,0.009197637146308162,0.00036836868197196056
matrix,phase1,resnet,clean_only,randomized,randomized,legacy_0p5_40,0,macro_auroc,independent_rms_drop,0.060972802201435174,0.005916272693324139,3,0.03425407254476706,0.08101570376625447,64,0,0.009197637146308184,0.000368368681971987
matrix,phase1,resnet,clean_only,randomized,randomized,legacy_0p5_40,0,macro_auroc,structure_effect,-0.008371421162528864,0.0035340872325326784,3,-0.013671353629090527,-0.0033595858015507485,64,0,0.009974096554578553,0.0061821876977005835
matrix,phase1,resnet,clean_only,randomized,randomized,legacy_0p5_40,0,macro_f1,electrode_absolute,0.5338620498001565,0.028480134755567096,3,0.4535235754336439,0.6060200064126751,64,0,0.00644935195000747,0.016737604394203784
matrix,phase1,resnet,clean_only,randomized,randomized,legacy_0p5_40,0,macro_f1,electrode_drop,0.20791888096856967,0.03585517144067685,3,0.14770467773328091,0.25168117079990543,64,0,0.006449351950007485,0.016737604394203822
matrix,phase1,resnet,clean_only,randomized,randomized,legacy_0p5_40,0,macro_f1,independent_rms_absolute,0.5539255676252561,0.02019376721768427,3,0.47720104866958707,0.6274842391147827,64,0,0.01775240816464161,0.0011214406825682307
matrix,phase1,resnet,clean_only,randomized,randomized,legacy_0p5_40,0,macro_f1,independent_rms_drop,0.18785536314347015,0.026513664345310235,3,0.12875755388733226,0.23654736243130633,64,0,0.01775240816464165,0.00112144068256823
matrix,phase1,resnet,clean_only,randomized,randomized,legacy_0p5_40,0,macro_f1,structure_effect,-0.020063517825099526,0.009750417250781145,3,-0.03047547842880264,-0.006967722105715999,64,0,0.017807425111807874,0.017425099300886118
matrix,phase1,resnet,clean_only,randomized,randomized,legacy_0p5_40,10,ece,electrode_absolute,0.09822289371623615,0.004491379152094513,3,0.10743279570903248,0.14089038268756082,64,0,0.002043720669924631,0.00220479663879938
matrix,phase1,resnet,clean_only,randomized,randomized,legacy_0p5_40,10,ece,electrode_drop,-0.012794906466388506,0.004496145357431392,3,-0.02605508803191662,-0.005465706558838821,64,0,0.002043720669924627,0.0022047966387993834
matrix,phase1,resnet,clean_only,randomized,randomized,legacy_0p5_40,10,ece,independent_rms_absolute,0.09861918111391794,0.005130515852726986,3,0.1071348264655886,0.14119851253225965,64,0,0.0034154524225087648,0.0004953228452629596
matrix,phase1,resnet,clean_only,randomized,randomized,legacy_0p5_40,10,ece,independent_rms_drop,-0.013191193864070305,0.0030542097903587698,3,-0.025867399101859728,-0.004392587251890802,64,0,0.0034154524225087635,0.0004953228452629665
matrix,phase1,resnet,clean_only,randomized,randomized,legacy_0p5_40,10,ece,structure_effect,-0.0003962873976817985,0.0014633903551969204,3,-0.002846664608311946,0.0036727459733759465,64,0,0.0025316005081621384,0.00230854079144855
matrix,phase1,resnet,clean_only,randomized,randomized,legacy_0p5_40,10,macro_auroc,electrode_absolute,0.9133125074061629,0.0066437459025297406,3,0.8692601941954302,0.9492561897777645,64,0,0.0007876669720486643,0.0013258621372881998
matrix,phase1,resnet,clean_only,randomized,randomized,legacy_0p5_40,10,macro_auroc,electrode_drop,0.009658907458733794,0.0011807458389815535,3,0.0036723956695831447,0.014894263715424221,64,0,0.0007876669720486418,0.0013258621372881755
matrix,phase1,resnet,clean_only,randomized,randomized,legacy_0p5_40,10,macro_auroc,independent_rms_absolute,0.913789352608238,0.006591551531380776,3,0.8716172991107468,0.9491509715943108,64,0,0.002968256770601846,4.6758257209337564e-05
matrix,phase1,resnet,clean_only,randomized,randomized,legacy_0p5_40,10,macro_auroc,independent_rms_drop,0.009182062256658685,0.0010801557133905536,3,0.004275050973015282,0.014292089963846665,64,0,0.0029682567706018487,4.6758257209335314e-05
matrix,phase1,resnet,clean_only,randomized,randomized,legacy_0p5_40,10,macro_auroc,structure_effect,-0.00047684520207510713,0.0017857799895386738,3,-0.0027388502787638954,0.0015464714979685334,64,0,0.0025393865637701246,0.0013049682640259989
matrix,phase1,resnet,clean_only,randomized,randomized,legacy_0p5_40,10,macro_f1,electrode_absolute,0.7087936946554495,0.026516784844394188,3,0.6303768226316852,0.7797469963607754,64,0,0.0035447203796705245,0.004997974172062436
matrix,phase1,resnet,clean_only,randomized,randomized,legacy_0p5_40,10,macro_f1,electrode_drop,0.03298723611327676,0.02566380308277718,3,0.006573013078609851,0.05687228912548903,64,0,0.0035447203796705644,0.004997974172062386
matrix,phase1,resnet,clean_only,randomized,randomized,legacy_0p5_40,10,macro_f1,independent_rms_absolute,0.7033482809165741,0.022163816487049844,3,0.6228888933453526,0.7713436156898178,64,0,0.005054376372513921,0.0002177318696171288
matrix,phase1,resnet,clean_only,randomized,randomized,legacy_0p5_40,10,macro_f1,independent_rms_drop,0.03843264985215205,0.02023181807839009,3,0.010157982240017887,0.06323583305544771,64,0,0.005054376372513848,0.00021773186961706662
matrix,phase1,resnet,clean_only,randomized,randomized,legacy_0p5_40,10,macro_f1,structure_effect,0.005445413738875298,0.0056293038123198524,3,-5.635670794268367e-06,0.011732222631930909,64,0,0.005960488826588279,0.004924787273973974
matrix,phase1,resnet,clean_only,standard,standard,legacy_0p5_40,0,ece,electrode_absolute,0.20365365605192154,0.01727331405478192,3,0.1948861483284184,0.24573623753953835,64,0,0.004444336166080364,
matrix,phase1,resnet,clean_only,standard,standard,legacy_0p5_40,0,ece,electrode_drop,-0.1182256688020739,0.017589062872715874,3,-0.15651625524405072,-0.06950118581117166,64,0,0.004444336166080354,
matrix,phase1,resnet,clean_only,standard,standard,legacy_0p5_40,0,ece,independent_rms_absolute,0.18279247753692404,0.005670316092538127,3,0.1792223241939558,0.22399576226429777,64,0,0.0051391690910605236,
matrix,phase1,resnet,clean_only,standard,standard,legacy_0p5_40,0,ece,independent_rms_drop,-0.0973644902870764,0.005590480439053357,3,-0.13469120508720386,-0.056576253090642695,64,0,0.005139169091060514,
matrix,phase1,resnet,clean_only,standard,standard,legacy_0p5_40,0,ece,structure_effect,0.02086117851499748,0.01263973464309656,3,0.012282670729438915,0.026534121404558863,64,0,0.005276981087212619,
matrix,phase1,resnet,clean_only,standard,standard,legacy_0p5_40,0,macro_auroc,electrode_absolute,0.8386009782782226,0.012054601243826587,3,0.8035468648675147,0.8841675315656413,64,0,0.006478333080488638,
matrix,phase1,resnet,clean_only,standard,standard,legacy_0p5_40,0,macro_auroc,electrode_drop,0.0843704365866742,0.0068106239891732225,3,0.05059587188537038,0.11412004591715427,64,0,0.0064783330804886515,
matrix,phase1,resnet,clean_only,standard,standard,legacy_0p5_40,0,macro_auroc,independent_rms_absolute,0.8622519053177844,0.010031248167714054,3,0.8239382314608868,0.9027457806465592,64,0,0.008869494413225938,
matrix,phase1,resnet,clean_only,standard,standard,legacy_0p5_40,0,macro_auroc,independent_rms_drop,0.06071950954711238,0.005865123874039981,3,0.03412723889093054,0.08060904669149371,64,0,0.008869494413225933,
matrix,phase1,resnet,clean_only,standard,standard,legacy_0p5_40,0,macro_auroc,structure_effect,-0.023650927039561828,0.009622729053998315,3,-0.03326464655639892,-0.01355938127977708,64,0,0.00912937203949603,
matrix,phase1,resnet,clean_only,standard,standard,legacy_0p5_40,0,macro_f1,electrode_absolute,0.4916174564669646,0.017660666057094057,3,0.41914214596595295,0.5581130569349466,64,0,0.01150748425104847,
matrix,phase1,resnet,clean_only,standard,standard,legacy_0p5_40,0,macro_f1,electrode_drop,0.25016347430176156,0.024504221876749478,3,0.189093457628992,0.3082462082409734,64,0,0.011507484251048446,
matrix,phase1,resnet,clean_only,standard,standard,legacy_0p5_40,0,macro_f1,independent_rms_absolute,0.5574792707139032,0.021330083961465535,3,0.4792412961408486,0.6312257611461767,64,0,0.019328785361692996,
matrix,phase1,resnet,clean_only,standard,standard,legacy_0p5_40,0,macro_f1,independent_rms_drop,0.18430166005482293,0.027417498709341695,3,0.12554196141684099,0.2318180888768058,64,0,0.01932878536169299,
matrix,phase1,resnet,clean_only,standard,standard,legacy_0p5_40,0,macro_f1,structure_effect,-0.0658618142469386,0.004028567192709139,3,-0.08600732937656065,-0.043602852138342266,64,0,0.02155087340898162,
matrix,phase1,resnet,clean_only,standard,standard,legacy_0p5_40,10,ece,electrode_absolute,0.10597701527837027,0.005827302993596657,3,0.11577513411585268,0.14426876308869088,64,0,0.004622435232030856,
matrix,phase1,resnet,clean_only,standard,standard,legacy_0p5_40,10,ece,electrode_drop,-0.020549028028522612,0.007448940981097201,3,-0.036074900566184794,-0.00839374871460724,64,0,0.0046224352320308505,
matrix,phase1,resnet,clean_only,standard,standard,legacy_0p5_40,10,ece,independent_rms_absolute,0.09852183333729307,0.005381102479240958,3,0.107779218613057,0.14055287049510207,64,0,0.0033136871610355387,
matrix,phase1,resnet,clean_only,standard,standard,legacy_0p5_40,10,ece,independent_rms_drop,-0.01309384608744542,0.0030239326407118317,3,-0.025585448631673648,-0.004260095515034576,64,0,0.0033136871610355396,
matrix,phase1,resnet,clean_only,standard,standard,legacy_0p5_40,10,ece,structure_effect,0.007455181941077191,0.004425745697817783,3,0.0016993578844147186,0.01212015516081122,64,0,0.00622113213550947,
matrix,phase1,resnet,clean_only,standard,standard,legacy_0p5_40,10,macro_auroc,electrode_absolute,0.9120201305487282,0.00602405906692762,3,0.8689811780132445,0.9471755571472861,64,0,0.0016544944052047218,
matrix,phase1,resnet,clean_only,standard,standard,legacy_0p5_40,10,macro_auroc,electrode_drop,0.010951284316168472,0.0005312694014561876,3,0.004777823693955065,0.016484963867836742,64,0,0.0016544944052047051,
matrix,phase1,resnet,clean_only,standard,standard,legacy_0p5_40,10,macro_auroc,independent_rms_absolute,0.9137468915525414,0.006579545240111071,3,0.8715984231454927,0.9491519750619338,64,0,0.0030808903844241438,
matrix,phase1,resnet,clean_only,standard,standard,legacy_0p5_40,10,macro_auroc,independent_rms_drop,0.00922452331235512,0.0011679387642525919,3,0.004173051133266006,0.014292136788697687,64,0,0.0030808903844241754,
matrix,phase1,resnet,clean_only,standard,standard,legacy_0p5_40,10,macro_auroc,structure_effect,-0.0017267610038133533,0.0015709248650864157,3,-0.004293116139409972,0.0013624031942953163,64,0,0.002929191633122317,
matrix,phase1,resnet,clean_only,standard,standard,legacy_0p5_40,10,macro_f1,electrode_absolute,0.7043552830762918,0.022225239720210687,3,0.617155029054568,0.7673915559148383,64,0,0.015085403022861545,
matrix,phase1,resnet,clean_only,standard,standard,legacy_0p5_40,10,macro_f1,electrode_drop,0.03742564769243436,0.021614869688779712,3,0.008553771532125167,0.06580694189101176,64,0,0.0150854030228615,
matrix,phase1,resnet,clean_only,standard,standard,legacy_0p5_40,10,macro_f1,independent_rms_absolute,0.7019968179048056,0.02080788776851189,3,0.6212281373083856,0.7703118112074002,64,0,0.005397890767053698,
matrix,phase1,resnet,clean_only,standard,standard,legacy_0p5_40,10,macro_f1,independent_rms_drop,0.039784112863920425,0.019058875143024144,3,0.011058753206063626,0.06415138156779246,64,0,0.0053978907670536955,
matrix,phase1,resnet,clean_only,standard,standard,legacy_0p5_40,10,macro_f1,structure_effect,0.0023584651714860672,0.003163366515130182,3,-0.010160783985338196,0.013420159475322909,64,0,0.013412852261769796,
matrix,phase1,tcn,clean_only,limb_only,limb_only,legacy_0p5_40,0,ece,electrode_absolute,0.2530294115587474,0.0796469994568947,3,0.23678784595616736,0.2948733789397849,64,0,0.001869299836746357,
matrix,phase1,tcn,clean_only,limb_only,limb_only,legacy_0p5_40,0,ece,electrode_drop,-0.16794510778815472,0.08049190175554945,3,-0.21743231619010417,-0.12277388242637621,64,0,0.0018692998367463526,
matrix,phase1,tcn,clean_only,limb_only,limb_only,legacy_0p5_40,0,ece,independent_rms_absolute,0.1769815785602097,0.07330194767293423,3,0.17370370778031305,0.2185054836998762,64,0,0.003158941938846936,
matrix,phase1,tcn,clean_only,limb_only,limb_only,legacy_0p5_40,0,ece,independent_rms_drop,-0.09189727478961705,0.07497667313238178,3,-0.1367885128232333,-0.06243900866502012,64,0,0.003158941938846931,
matrix,phase1,tcn,clean_only,limb_only,limb_only,legacy_0p5_40,0,ece,structure_effect,0.07604783299853766,0.01571489908350116,3,0.05439182044137693,0.08599827966539607,64,0,0.0025823183103191997,
matrix,phase1,tcn,clean_only,limb_only,limb_only,legacy_0p5_40,0,macro_auroc,electrode_absolute,0.8873864046000448,0.0157355952050066,3,0.8455918784774505,0.9202469975614294,64,0,0.005983385361063594,
matrix,phase1,tcn,clean_only,limb_only,limb_only,legacy_0p5_40,0,macro_auroc,electrode_drop,0.05213915110346045,0.02454490605939912,3,0.02915405105521758,0.07865595971053282,64,0,0.005983385361063596,
matrix,phase1,tcn,clean_only,limb_only,limb_only,legacy_0p5_40,0,macro_auroc,independent_rms_absolute,0.9083777320375542,0.006042847112289076,3,0.8682083154864099,0.9384589685960909,64,0,0.0033622686588096703,
matrix,phase1,tcn,clean_only,limb_only,limb_only,legacy_0p5_40,0,macro_auroc,independent_rms_drop,0.031147823665951143,0.014749942440204394,3,0.018027293243097212,0.052100550898131,64,0,0.0033622686588096157,
matrix,phase1,tcn,clean_only,limb_only,limb_only,legacy_0p5_40,0,macro_auroc,structure_effect,-0.0209913274375093,0.010880126638682092,3,-0.03127099600929312,-0.00847667112900629,64,0,0.004094568356230042,
matrix,phase1,tcn,clean_only,limb_only,limb_only,legacy_0p5_40,0,macro_f1,electrode_absolute,0.4323981908528382,0.07314632927094837,3,0.3597430248241146,0.5010348008579639,64,0,0.0064887524195426875,
matrix,phase1,tcn,clean_only,limb_only,limb_only,legacy_0p5_40,0,macro_f1,electrode_drop,0.3285444677253522,0.09096770944957888,3,0.27457846625827537,0.3824367023080702,64,0,0.0064887524195427065,
matrix,phase1,tcn,clean_only,limb_only,limb_only,legacy_0p5_40,0,macro_f1,independent_rms_absolute,0.5759448828137415,0.084746723986047,3,0.5071601236232726,0.6414599517093348,64,0,0.012640454497678111,
matrix,phase1,tcn,clean_only,limb_only,limb_only,legacy_0p5_40,0,macro_f1,independent_rms_drop,0.1849977757644489,0.11219664839861275,3,0.13284503059497488,0.2379212289049006,64,0,0.01264045449767812,
matrix,phase1,tcn,clean_only,limb_only,limb_only,legacy_0p5_40,0,macro_f1,structure_effect,-0.14354669196090328,0.04695088077087299,3,-0.16947978648813933,-0.11983249716978933,64,0,0.007263861019081262,
matrix,phase1,tcn,clean_only,limb_only,limb_only,legacy_0p5_40,10,ece,electrode_absolute,0.08671512820733025,0.0072818425783914295,3,0.08864236787722603,0.13062839341696048,64,0,0.003045105874497106,
matrix,phase1,tcn,clean_only,limb_only,limb_only,legacy_0p5_40,10,ece,electrode_drop,-0.001630824436737588,0.00893830913742313,3,-0.020896434880767745,0.004050683881547429,64,0,0.0030451058744971047,
matrix,phase1,tcn,clean_only,limb_only,limb_only,legacy_0p5_40,10,ece,independent_rms_absolute,0.08312617459198939,0.007002201065781526,3,0.08041663230989264,0.12502859148514558,64,0,0.005232847526123385,
matrix,phase1,tcn,clean_only,limb_only,limb_only,legacy_0p5_40,10,ece,independent_rms_drop,0.001958129178603281,0.0062116259994347955,3,-0.012577297845607162,0.006739964076330497,64,0,0.005232847526123386,
matrix,phase1,tcn,clean_only,limb_only,limb_only,legacy_0p5_40,10,ece,structure_effect,0.003588953615340869,0.004238905198150937,3,0.0017514876403841204,0.01031441396661829,64,0,0.006828860239111232,
matrix,phase1,tcn,clean_only,limb_only,limb_only,legacy_0p5_40,10,macro_auroc,electrode_absolute,0.9347000577990544,0.006288766916373011,3,0.8986595038969225,0.9632833651038505,64,0,0.0009818505124553584,
matrix,phase1,tcn,clean_only,limb_only,limb_only,legacy_0p5_40,10,macro_auroc,electrode_drop,0.004825497904450859,0.002615136794372903,3,0.0002824066748853426,0.0093344495674437,64,0,0.0009818505124553412,
matrix,phase1,tcn,clean_only,limb_only,limb_only,legacy_0p5_40,10,macro_auroc,independent_rms_absolute,0.9360819475384847,0.006918561354942187,3,0.9005211835336392,0.9649337503608965,64,0,0.0016408033980199325,
matrix,phase1,tcn,clean_only,limb_only,limb_only,legacy_0p5_40,10,macro_auroc,independent_rms_drop,0.003443608165020564,0.0019955902295797374,3,-0.00035608968562305033,0.007469473026456479,64,0,0.0016408033980199255,
matrix,phase1,tcn,clean_only,limb_only,limb_only,legacy_0p5_40,10,macro_auroc,structure_effect,-0.0013818897394302953,0.0006689552021660813,3,-0.0032569553456208915,0.0010237999525180557,64,0,0.000920725768101244,
matrix,phase1,tcn,clean_only,limb_only,limb_only,legacy_0p5_40,10,macro_f1,electrode_absolute,0.7341367933203694,0.0035539326247334226,3,0.6720201672708473,0.7877298623431701,64,0,0.003383728870019578,
matrix,phase1,tcn,clean_only,limb_only,limb_only,legacy_0p5_40,10,macro_f1,electrode_drop,0.02680586525782093,0.033017500887078034,3,-0.0008962828340100991,0.04652171832790759,64,0,0.003383728870019528,
matrix,phase1,tcn,clean_only,limb_only,limb_only,legacy_0p5_40,10,macro_f1,independent_rms_absolute,0.7525145519367906,0.010137667565123885,3,0.6902127188348696,0.8047298488103121,64,0,0.004089724697626307,
matrix,phase1,tcn,clean_only,limb_only,limb_only,legacy_0p5_40,10,macro_f1,independent_rms_drop,0.008428106641399709,0.024462320513379807,3,-0.01096933761470944,0.018759854410401813,64,0,0.004089724697626258,
matrix,phase1,tcn,clean_only,limb_only,limb_only,legacy_0p5_40,10,macro_f1,structure_effect,-0.01837775861642122,0.010653637402219298,3,-0.027747721630796897,-0.004757569732301839,64,0,0.005139058644943548,
matrix,phase1,tcn,clean_only,precordial_only,precordial_only,legacy_0p5_40,0,ece,electrode_absolute,0.1473890269324895,0.05329483549084053,3,0.1460404764157871,0.18458436033282277,64,0,0.00450975974542372,
matrix,phase1,tcn,clean_only,precordial_only,precordial_only,legacy_0p5_40,0,ece,electrode_drop,-0.062304723161896815,0.0555417674817429,3,-0.09890246341678662,-0.03885960527583171,64,0,0.004509759745423714,
matrix,phase1,tcn,clean_only,precordial_only,precordial_only,legacy_0p5_40,0,ece,independent_rms_absolute,0.14727797159608194,0.05541640338549022,3,0.14651956001054234,0.18449734748497154,64,0,0.003661967862325368,
matrix,phase1,tcn,clean_only,precordial_only,precordial_only,legacy_0p5_40,0,ece,independent_rms_drop,-0.06219366782548929,0.057934181585949374,3,-0.09934889832171133,-0.04164799931383699,64,0,0.003661967862325373,
matrix,phase1,tcn,clean_only,precordial_only,precordial_only,legacy_0p5_40,0,ece,structure_effect,0.0001110553364075395,0.004467380020872246,3,-0.005413224028050264,0.0031573619863329975,64,0,0.005089340181520923,
matrix,phase1,tcn,clean_only,precordial_only,precordial_only,legacy_0p5_40,0,macro_auroc,electrode_absolute,0.9162037323377471,0.0011889621489152825,3,0.8770193210666827,0.9470088060664078,64,0,0.002917806631835837,
matrix,phase1,tcn,clean_only,precordial_only,precordial_only,legacy_0p5_40,0,macro_auroc,electrode_drop,0.02332182336575826,0.009729379367958806,3,0.011520128819271329,0.03735839538512341,64,0,0.002917806631835841,
matrix,phase1,tcn,clean_only,precordial_only,precordial_only,legacy_0p5_40,0,macro_auroc,independent_rms_absolute,0.9142930161429983,0.0012455679590712603,3,0.8762049449879591,0.9450091457068742,64,0,0.0018465220614191633,
matrix,phase1,tcn,clean_only,precordial_only,precordial_only,legacy_0p5_40,0,macro_auroc,independent_rms_drop,0.02523253956050696,0.010043432702600634,3,0.01397870046052089,0.04146175534085249,64,0,0.0018465220614191631,
matrix,phase1,tcn,clean_only,precordial_only,precordial_only,legacy_0p5_40,0,macro_auroc,structure_effect,0.0019107161947487022,0.0004962289858094055,3,-0.002523152046611026,0.006029511628590405,64,0,0.0045844385978253835,
matrix,phase1,tcn,clean_only,precordial_only,precordial_only,legacy_0p5_40,0,macro_f1,electrode_absolute,0.6126676466144328,0.0579288893497844,3,0.54680165370115,0.6845559223398789,64,0,0.005562499177813296,
matrix,phase1,tcn,clean_only,precordial_only,precordial_only,legacy_0p5_40,0,macro_f1,electrode_drop,0.14827501196375745,0.08789925591047751,3,0.09512235909429646,0.19404623923119405,64,0,0.005562499177813349,
matrix,phase1,tcn,clean_only,precordial_only,precordial_only,legacy_0p5_40,0,macro_f1,independent_rms_absolute,0.6147869595771088,0.04909829770097519,3,0.5474291351767805,0.6908751242129116,64,0,0.00774701867101604,
matrix,phase1,tcn,clean_only,precordial_only,precordial_only,legacy_0p5_40,0,macro_f1,independent_rms_drop,0.14615569900108158,0.07910641298564543,3,0.08770945575590898,0.19569846342600883,64,0,0.007747018671016033,
matrix,phase1,tcn,clean_only,precordial_only,precordial_only,legacy_0p5_40,0,macro_f1,structure_effect,-0.00211931296267588,0.008831629292946312,3,-0.011531302341311526,0.004657211135787312,64,0,0.007913797932598445,
matrix,phase1,tcn,clean_only,precordial_only,precordial_only,legacy_0p5_40,10,ece,electrode_absolute,0.08238202694837754,0.005188746639083102,3,0.07672835553134076,0.1251964645077286,64,0,0.0019267810438303762,
matrix,phase1,tcn,clean_only,precordial_only,precordial_only,legacy_0p5_40,10,ece,electrode_drop,0.0027022768222151263,0.0014597060692145216,3,-0.009362644081104298,0.005145563063717572,64,0,0.001926781043830373,
matrix,phase1,tcn,clean_only,precordial_only,precordial_only,legacy_0p5_40,10,ece,independent_rms_absolute,0.08441363677270904,0.006723688140751477,3,0.07819450547106953,0.1274611136175492,64,0,0.001566462976964178,
matrix,phase1,tcn,clean_only,precordial_only,precordial_only,legacy_0p5_40,10,ece,independent_rms_drop,0.0006706669978836241,0.0043595388259352755,3,-0.010261330658210223,0.003277164729053374,64,0,0.001566462976964183,
matrix,phase1,tcn,clean_only,precordial_only,precordial_only,legacy_0p5_40,10,ece,structure_effect,-0.002031609824331502,0.002928534669484542,3,-0.0045826736765744855,0.002595035847936955,64,0,0.0019704220627326406,
matrix,phase1,tcn,clean_only,precordial_only,precordial_only,legacy_0p5_40,10,macro_auroc,electrode_absolute,0.9369129640951394,0.0070110848355929255,3,0.9015563329883528,0.9648821594879144,64,0,0.001950171887715084,
matrix,phase1,tcn,clean_only,precordial_only,precordial_only,legacy_0p5_40,10,macro_auroc,electrode_drop,0.002612591608366077,0.001893638298245041,3,-0.0011454280822872647,0.005497868083848182,64,0,0.0019501718877150925,
matrix,phase1,tcn,clean_only,precordial_only,precordial_only,legacy_0p5_40,10,macro_auroc,independent_rms_absolute,0.9361322556794259,0.0066763433129156625,3,0.901487934404664,0.9651857642971284,64,0,0.0005883996914676501,
matrix,phase1,tcn,clean_only,precordial_only,precordial_only,legacy_0p5_40,10,macro_auroc,independent_rms_drop,0.0033933000240794612,0.0022940123328427857,3,-0.000138805026728517,0.006283467299112616,64,0,0.0005883996914676572,
matrix,phase1,tcn,clean_only,precordial_only,precordial_only,legacy_0p5_40,10,macro_auroc,structure_effect,0.0007807084157133839,0.0006462662585906771,3,-0.000724692412481834,0.00276441214409697,64,0,0.00173734165691289,
matrix,phase1,tcn,clean_only,precordial_only,precordial_only,legacy_0p5_40,10,macro_f1,electrode_absolute,0.7531786666430581,0.020151224765202574,3,0.6871196267504998,0.8052277932400707,64,0,0.0036091124785923435,
matrix,phase1,tcn,clean_only,precordial_only,precordial_only,legacy_0p5_40,10,macro_f1,electrode_drop,0.0077639919351323245,0.01144714844077878,3,-0.010970427662509746,0.018915398678175613,64,0,0.003609112478592328,
matrix,phase1,tcn,clean_only,precordial_only,precordial_only,legacy_0p5_40,10,macro_f1,independent_rms_absolute,0.7497204536289495,0.013890393793227505,3,0.6823031712959082,0.8035417606599934,64,0,0.004176766030646208,
matrix,phase1,tcn,clean_only,precordial_only,precordial_only,legacy_0p5_40,10,macro_f1,independent_rms_drop,0.011222204949240781,0.01673545717124959,3,-0.004507770288668191,0.02130282281041993,64,0,0.004176766030646208,
matrix,phase1,tcn,clean_only,precordial_only,precordial_only,legacy_0p5_40,10,macro_f1,structure_effect,0.003458213014108455,0.008257131481916057,3,-0.002501766420988658,0.010648882478821946,64,0,0.004296342045262966,
matrix,phase1,tcn,clean_only,randomized,randomized,legacy_0p5_40,0,ece,electrode_absolute,0.16910527210863854,0.06556251342926853,3,0.16723246677851716,0.2081420140338793,64,0,0.0017829699167250302,0.01943315488886092
matrix,phase1,tcn,clean_only,randomized,randomized,legacy_0p5_40,0,ece,electrode_drop,-0.08402096833804584,0.06696539370021444,3,-0.12625054346978426,-0.055274422081974396,64,0,0.0017829699167250302,0.019433154888860923
matrix,phase1,tcn,clean_only,randomized,randomized,legacy_0p5_40,0,ece,independent_rms_absolute,0.16644436710296046,0.06905051419685629,3,0.16479527166268987,0.20598969251846058,64,0,0.0020443832576730187,0.0004177528999880738
matrix,phase1,tcn,clean_only,randomized,randomized,legacy_0p5_40,0,ece,independent_rms_drop,-0.08136006333236777,0.07101140241699086,3,-0.1243331247316745,-0.05570633973113643,64,0,0.002044383257673026,0.00041775289998808104
matrix,phase1,tcn,clean_only,randomized,randomized,legacy_0p5_40,0,ece,structure_effect,0.0026609050056780707,0.009705030430087566,3,-0.0016920115077075255,0.005174856728982985,64,0,0.0037186818078928934,0.01918894032030732
matrix,phase1,tcn,clean_only,randomized,randomized,legacy_0p5_40,0,macro_auroc,electrode_absolute,0.9084147064600914,0.004090390940975255,3,0.8703446371885798,0.9374572543965248,64,0,0.002150532350785607,0.0037928396295654134
matrix,phase1,tcn,clean_only,randomized,randomized,legacy_0p5_40,0,macro_auroc,electrode_drop,0.03111084924341404,0.012993621804217842,3,0.01733667859686226,0.05020898455967429,64,0,0.0021505323507855956,0.00379283962956546
matrix,phase1,tcn,clean_only,randomized,randomized,legacy_0p5_40,0,macro_auroc,independent_rms_absolute,0.9106657538765335,0.004500032370630021,3,0.8705475115837946,0.9402594144606631,64,0,0.0032283988937959573,0.00011201204816577458
matrix,phase1,tcn,clean_only,randomized,randomized,legacy_0p5_40,0,macro_auroc,independent_rms_drop,0.028859801826971843,0.013367811240159518,3,0.0160520145566153,0.04861357765405816,64,0,0.003228398893795955,0.00011201204816580935
matrix,phase1,tcn,clean_only,randomized,randomized,legacy_0p5_40,0,macro_auroc,structure_effect,-0.0022510474164421953,0.0007973562449023196,3,-0.005999501960646468,0.0021221117730954578,64,0,0.0024811124642930317,0.003781077040768073
matrix,phase1,tcn,clean_only,randomized,randomized,legacy_0p5_40,0,macro_f1,electrode_absolute,0.5776455604235836,0.07485258394755447,3,0.5064949681248432,0.6479475357146541,64,0,0.004320669437716204,0.03751270730386802
matrix,phase1,tcn,clean_only,randomized,randomized,legacy_0p5_40,0,macro_f1,electrode_drop,0.1832970981546067,0.10003817431990207,3,0.12547383654572736,0.2339359693825532,64,0,0.004320669437716182,0.03751270730386808
matrix,phase1,tcn,clean_only,randomized,randomized,legacy_0p5_40,0,macro_f1,independent_rms_absolute,0.5914507353832864,0.08019502814722207,3,0.5213410508449079,0.6606376579069905,64,0,0.014363158775016335,0.0006758393623316962
matrix,phase1,tcn,clean_only,randomized,randomized,legacy_0p5_40,0,macro_f1,independent_rms_drop,0.16949192319490403,0.1084121733532037,3,0.11377049892769871,0.21885476961925693,64,0,0.014363158775016344,0.000675839362331707
matrix,phase1,tcn,clean_only,randomized,randomized,legacy_0p5_40,0,macro_f1,structure_effect,-0.013805174959702673,0.02019195053188609,3,-0.023615437155186485,-0.00657332062508897,64,0,0.014604283261554463,0.037329913224111874
matrix,phase1,tcn,clean_only,randomized,randomized,legacy_0p5_40,10,ece,electrode_absolute,0.08403945734233713,0.005309998822506286,3,0.08065202900747988,0.12623571107716539,64,0,0.0008618281544320962,0.0006273060532767595
matrix,phase1,tcn,clean_only,randomized,randomized,legacy_0p5_40,10,ece,electrode_drop,0.0010448464282555496,0.004422808338238392,3,-0.011836862177606508,0.004848948286345159,64,0,0.0008618281544320959,0.0006273060532767549
matrix,phase1,tcn,clean_only,randomized,randomized,legacy_0p5_40,10,ece,independent_rms_absolute,0.0834657026582792,0.006807455372025442,3,0.07931184809954242,0.12479779105962578,64,0,0.003472466008695564,0.00040476137334400974
matrix,phase1,tcn,clean_only,randomized,randomized,legacy_0p5_40,10,ece,independent_rms_drop,0.0016186011123134633,0.005600785827895973,3,-0.010945512420247763,0.006170133635053531,64,0,0.003472466008695562,0.0004047613733440139
matrix,phase1,tcn,clean_only,randomized,randomized,legacy_0p5_40,10,ece,structure_effect,0.000573754684057914,0.0015163871120097037,3,-0.001460150760429887,0.0028885892643615734,64,0,0.0037156835935548264,0.00040193482718511126
matrix,phase1,tcn,clean_only,randomized,randomized,legacy_0p5_40,10,macro_auroc,electrode_absolute,0.9361693304529611,0.007286600821217274,3,0.9016063020652257,0.9646356427433287,64,0,0.0005705054227930967,0.0003826677399388295
matrix,phase1,tcn,clean_only,randomized,randomized,legacy_0p5_40,10,macro_auroc,electrode_drop,0.0033562252505441315,0.001636685520527861,3,-0.0002805913698172778,0.006431590111416623,64,0,0.0005705054227931007,0.0003826677399388097
matrix,phase1,tcn,clean_only,randomized,randomized,legacy_0p5_40,10,macro_auroc,independent_rms_absolute,0.936455786507663,0.007001528044798475,3,0.9012002927702893,0.965205704889205,64,0,0.0011762113321346032,3.724613516755152e-05
matrix,phase1,tcn,clean_only,randomized,randomized,legacy_0p5_40,10,macro_auroc,independent_rms_drop,0.0030697691958422747,0.001972157724895972,3,-0.0004921974896129125,0.006684093550969729,64,0,0.0011762113321346073,3.724613516755332e-05
matrix,phase1,tcn,clean_only,randomized,randomized,legacy_0p5_40,10,macro_auroc,structure_effect,-0.00028645605470185707,0.0007545114342318446,3,-0.0016412335693090385,0.0008211566108230026,64,0,0.0012537197683988167,0.0003685528211590519
matrix,phase1,tcn,clean_only,randomized,randomized,legacy_0p5_40,10,macro_f1,electrode_absolute,0.750906280638075,0.012175381554143678,3,0.6873411838631327,0.8031208588206191,64,0,0.0016464894201119208,0.005306064501285746
matrix,phase1,tcn,clean_only,randomized,randomized,legacy_0p5_40,10,macro_f1,electrode_drop,0.010036377940115377,0.018586570327728123,3,-0.010654981604574705,0.022800660874467357,64,0,0.0016464894201119362,0.00530606450128573
matrix,phase1,tcn,clean_only,randomized,randomized,legacy_0p5_40,10,macro_f1,independent_rms_absolute,0.7541726426164838,0.010900865060122736,3,0.6919054108153259,0.8073318042543502,64,0,0.003946761560391609,0.00039209701503686904
matrix,phase1,tcn,clean_only,randomized,randomized,legacy_0p5_40,10,macro_f1,independent_rms_drop,0.006770015961706627,0.021526687626558048,3,-0.011892303930350024,0.017065996243969647,64,0,0.003946761560391643,0.00039209701503681256
matrix,phase1,tcn,clean_only,randomized,randomized,legacy_0p5_40,10,macro_f1,structure_effect,-0.0032663619784087505,0.003910711002843899,3,-0.00900898902817082,0.0013532034896868513,64,0,0.005146177279702528,0.005618151982411321
matrix,phase1,tcn,clean_only,standard,standard,legacy_0p5_40,0,ece,electrode_absolute,0.2243414939905439,0.07937298523447187,3,0.21533820096213568,0.2660986375429744,64,0,0.0032394968227426576,
matrix,phase1,tcn,clean_only,standard,standard,legacy_0p5_40,0,ece,electrode_drop,-0.13925719021995125,0.08058155708949155,3,-0.18560870459817735,-0.10073087222205276,64,0,0.0032394968227426654,
matrix,phase1,tcn,clean_only,standard,standard,legacy_0p5_40,0,ece,independent_rms_absolute,0.1663153273517706,0.06899634784526734,3,0.16495487751114185,0.20613949289115327,64,0,0.0019180911897165016,
matrix,phase1,tcn,clean_only,standard,standard,legacy_0p5_40,0,ece,independent_rms_drop,-0.08123102358117791,0.07100119604383312,3,-0.12403848138175612,-0.05531006413105495,64,0,0.0019180911897165019,
matrix,phase1,tcn,clean_only,standard,standard,legacy_0p5_40,0,ece,structure_effect,0.05802616663877336,0.017134846171407977,3,0.037596014921645105,0.06632632873996853,64,0,0.0030858796954190905,
matrix,phase1,tcn,clean_only,standard,standard,legacy_0p5_40,0,macro_auroc,electrode_absolute,0.898271809415682,0.009971409053260645,3,0.856842807211909,0.9296959137164326,64,0,0.002231536350224788,
matrix,phase1,tcn,clean_only,standard,standard,legacy_0p5_40,0,macro_auroc,electrode_drop,0.041253746287823426,0.018812536301368327,3,0.024006201790277217,0.06316826569986517,64,0,0.002231536350224764,
matrix,phase1,tcn,clean_only,standard,standard,legacy_0p5_40,0,macro_auroc,independent_rms_absolute,0.9106756011960604,0.004467469703411426,3,0.8704153893836147,0.940335409729648,64,0,0.003046883273932284,
matrix,phase1,tcn,clean_only,standard,standard,legacy_0p5_40,0,macro_auroc,independent_rms_drop,0.028849954507444934,0.013326050358106648,3,0.01606310933822329,0.048667829043916935,64,0,0.0030468832739323284,
matrix,phase1,tcn,clean_only,standard,standard,legacy_0p5_40,0,macro_auroc,structure_effect,-0.012403791780378488,0.005939348327201351,3,-0.017599580456513126,-0.003916960229530044,64,0,0.0027359009578812065,
matrix,phase1,tcn,clean_only,standard,standard,legacy_0p5_40,0,macro_f1,electrode_absolute,0.4792866357671151,0.08283245413555489,3,0.4020287234464297,0.5483011274525428,64,0,0.005693283000594956,
matrix,phase1,tcn,clean_only,standard,standard,legacy_0p5_40,0,macro_f1,electrode_drop,0.28165602281107527,0.10533416584762137,3,0.22316958086398228,0.3358719832216203,64,0,0.005693283000594962,
matrix,phase1,tcn,clean_only,standard,standard,legacy_0p5_40,0,macro_f1,independent_rms_absolute,0.591455711479364,0.08029833157296196,3,0.5209977894018389,0.6607751262479635,64,0,0.015274616139300609,
matrix,phase1,tcn,clean_only,standard,standard,legacy_0p5_40,0,macro_f1,independent_rms_drop,0.16948694709882625,0.10851177914032518,3,0.11333580346570735,0.21826206841423287,64,0,0.015274616139300633,
matrix,phase1,tcn,clean_only,standard,standard,legacy_0p5_40,0,macro_f1,structure_effect,-0.11216907571224899,0.03287446318424478,3,-0.13854407293656185,-0.0956403761322084,64,0,0.011619730606611405,
matrix,phase1,tcn,clean_only,standard,standard,legacy_0p5_40,10,ece,electrode_absolute,0.08382327093112851,0.0056731393826781485,3,0.08492956683973538,0.12782345610593865,64,0,0.0032557565586335295,
matrix,phase1,tcn,clean_only,standard,standard,legacy_0p5_40,10,ece,electrode_drop,0.0012610328394641525,0.006588561453696979,3,-0.0165942625287311,0.005559207268821822,64,0,0.0032557565586335347,
matrix,phase1,tcn,clean_only,standard,standard,legacy_0p5_40,10,ece,independent_rms_absolute,0.08265372428277301,0.006728754186590095,3,0.0793475770549911,0.12444632186743011,64,0,0.0038288594564549845,
matrix,phase1,tcn,clean_only,standard,standard,legacy_0p5_40,10,ece,independent_rms_drop,0.002430579487819665,0.005266464360457937,3,-0.01064725261382062,0.006492672931423374,64,0,0.00382885945645498,
matrix,phase1,tcn,clean_only,standard,standard,legacy_0p5_40,10,ece,structure_effect,0.0011695466483555125,0.003161984250891927,3,-0.00027442286592075656,0.0075463992596063,64,0,0.003942236567566511,
matrix,phase1,tcn,clean_only,standard,standard,legacy_0p5_40,10,macro_auroc,electrode_absolute,0.9354639821169511,0.006792520606005395,3,0.8991907468416213,0.9640364225580679,64,0,0.0005092924107842442,
matrix,phase1,tcn,clean_only,standard,standard,legacy_0p5_40,10,macro_auroc,electrode_drop,0.004061573586554216,0.002170359650669962,3,-0.0003178608042951651,0.0076525197731044025,64,0,0.0005092924107842061,
matrix,phase1,tcn,clean_only,standard,standard,legacy_0p5_40,10,macro_auroc,independent_rms_absolute,0.9364093894005033,0.007014118184664563,3,0.9011776945634414,0.9653008909994016,64,0,0.0012211190875647995,
matrix,phase1,tcn,clean_only,standard,standard,legacy_0p5_40,10,macro_auroc,independent_rms_drop,0.003116166303002019,0.0019466141191189028,3,-0.00047781974840267256,0.006769687574436023,64,0,0.001221119087564774,
matrix,phase1,tcn,clean_only,standard,standard,legacy_0p5_40,10,macro_auroc,structure_effect,-0.0009454072835521971,0.0008861745428826864,3,-0.002776905518807649,0.001797800547919596,64,0,0.0014056739501549869,
matrix,phase1,tcn,clean_only,standard,standard,legacy_0p5_40,10,macro_f1,electrode_absolute,0.7398662337391411,0.004588116715804155,3,0.6788336621779982,0.7925557259608144,64,0,0.0020474591113403386,
matrix,phase1,tcn,clean_only,standard,standard,legacy_0p5_40,10,macro_f1,electrode_drop,0.021076424839049323,0.027931492085446645,3,-0.0053572643054674495,0.03873679248992101,64,0,0.002047459111340349,
matrix,phase1,tcn,clean_only,standard,standard,legacy_0p5_40,10,macro_f1,independent_rms_absolute,0.7533457031432951,0.009268264361799533,3,0.6907002513970867,0.8061900163131132,64,0,0.004177700681736909,
matrix,phase1,tcn,clean_only,standard,standard,legacy_0p5_40,10,macro_f1,independent_rms_drop,0.007596955434895324,0.02328349532476509,3,-0.011509584317896395,0.01816010435311416,64,0,0.004177700681736892,
matrix,phase1,tcn,clean_only,standard,standard,legacy_0p5_40,10,macro_f1,structure_effect,-0.013479469404154005,0.005180984942313938,3,-0.022549303705078096,-0.003890074066762075,64,0,0.004516342452578315,
matrix_instance,phase1,resnet,clean_only,random_00,randomized,legacy_0p5_40,0,ece,electrode_absolute,0.1757615067231967,0.0015743168067172697,3,0.1738875113069622,0.21773389086201525,64,0,0.0035720809956998477,
matrix_instance,phase1,resnet,clean_only,random_00,randomized,legacy_0p5_40,0,ece,electrode_drop,-0.09033351947334911,0.007648171568203164,3,-0.1275711461639717,-0.05299390296829108,64,0,0.0035720809956998507,
matrix_instance,phase1,resnet,clean_only,random_00,randomized,legacy_0p5_40,0,ece,independent_rms_absolute,0.18118577197428878,0.0070035623709157,3,0.1775345814610909,0.22303179969820033,64,0,0.004539220838495168,
matrix_instance,phase1,resnet,clean_only,random_00,randomized,legacy_0p5_40,0,ece,independent_rms_drop,-0.09575778472444113,0.005587656702955845,3,-0.13371849286919724,-0.05533019709871936,64,0,0.004539220838495167,
matrix_instance,phase1,resnet,clean_only,random_00,randomized,legacy_0p5_40,0,ece,structure_effect,-0.005424265251092029,0.006540900748801396,3,-0.010298355986565692,0.002431660271821596,64,0,0.007634457810773931,
matrix_instance,phase1,resnet,clean_only,random_00,randomized,legacy_0p5_40,0,macro_auroc,electrode_absolute,0.8590522680484685,0.003196951144671776,3,0.822531693132193,0.8983540306251607,64,0,0.007438413882121192,
matrix_instance,phase1,resnet,clean_only,random_00,randomized,legacy_0p5_40,0,macro_auroc,electrode_drop,0.06391914681642821,0.0041671692587306585,3,0.036280788832853246,0.08502368846448764,64,0,0.007438413882121194,
matrix_instance,phase1,resnet,clean_only,random_00,randomized,legacy_0p5_40,0,macro_auroc,independent_rms_absolute,0.8616660514284517,0.009608344176281767,3,0.8229606229060368,0.9021324399972261,64,0,0.009466912614160918,
matrix_instance,phase1,resnet,clean_only,random_00,randomized,legacy_0p5_40,0,macro_auroc,independent_rms_drop,0.06130536343644511,0.005569493468960538,3,0.03467923168044367,0.08132933086768795,64,0,0.009466912614160942,
matrix_instance,phase1,resnet,clean_only,random_00,randomized,legacy_0p5_40,0,macro_auroc,structure_effect,-0.002613783379983106,0.006507333572783494,3,-0.010663893597864401,0.00468817767834594,64,0,0.012087522010340357,
matrix_instance,phase1,resnet,clean_only,random_00,randomized,legacy_0p5_40,0,macro_f1,electrode_absolute,0.553978156604337,0.016794285781667168,3,0.4654750216239736,0.6286379008033182,64,0,0.008026007145663249,
matrix_instance,phase1,resnet,clean_only,random_00,randomized,legacy_0p5_40,0,macro_f1,electrode_drop,0.18780277416438915,0.026200933243327167,3,0.12603417342258028,0.23551863176626345,64,0,0.008026007145663287,
matrix_instance,phase1,resnet,clean_only,random_00,randomized,legacy_0p5_40,0,macro_f1,independent_rms_absolute,0.5542142466435737,0.021017973113855965,3,0.47852133451729195,0.6277568696882435,64,0,0.017143343409843515,
matrix_instance,phase1,resnet,clean_only,random_00,randomized,legacy_0p5_40,0,macro_f1,independent_rms_drop,0.1875666841251524,0.027702331183498043,3,0.12889699376673627,0.23617341242621545,64,0,0.01714334340984356,
matrix_instance,phase1,resnet,clean_only,random_00,randomized,legacy_0p5_40,0,macro_f1,structure_effect,-0.0002360900392367442,0.0116523769155526,3,-0.019577259814450396,0.022268176753578995,64,0,0.02214874552862919,
matrix_instance,phase1,resnet,clean_only,random_00,randomized,legacy_0p5_40,10,ece,electrode_absolute,0.09671462648388028,0.00430374947745218,3,0.10451653203566466,0.1401764424028437,64,0,0.0030652287372779736,
matrix_instance,phase1,resnet,clean_only,random_00,randomized,legacy_0p5_40,10,ece,electrode_drop,-0.01128663923403263,0.00877353266344265,3,-0.022757642028935553,-0.004958265692111101,64,0,0.0030652287372779745,
matrix_instance,phase1,resnet,clean_only,random_00,randomized,legacy_0p5_40,10,ece,independent_rms_absolute,0.09900823561485235,0.004711704931624836,3,0.10674466976105365,0.14150515360548954,64,0,0.003638243178212932,
matrix_instance,phase1,resnet,clean_only,random_00,randomized,legacy_0p5_40,10,ece,independent_rms_drop,-0.013580248365004705,0.0030519894718200207,3,-0.025942707684066188,-0.004730933153193087,64,0,0.0036382431782129264,
matrix_instance,phase1,resnet,clean_only,random_00,randomized,legacy_0p5_40,10,ece,structure_effect,-0.002293609130972075,0.005750105766342255,3,-0.005773992586328921,0.002080771532421744,64,0,0.0016994341698307312,
matrix_instance,phase1,resnet,clean_only,random_00,randomized,legacy_0p5_40,10,macro_auroc,electrode_absolute,0.9141024522630894,0.005143800905179168,3,0.8709768086613636,0.9501172131225354,64,0,0.0015581682073500089,
matrix_instance,phase1,resnet,clean_only,random_00,randomized,legacy_0p5_40,10,macro_auroc,electrode_drop,0.008868962601807319,0.0017011026281436603,3,0.003213166249593129,0.01396621218506794,64,0,0.0015581682073500267,
matrix_instance,phase1,resnet,clean_only,random_00,randomized,legacy_0p5_40,10,macro_auroc,independent_rms_absolute,0.913816859774526,0.006637018251142555,3,0.8716356766383629,0.9491594746302512,64,0,0.0030551640277893355,
matrix_instance,phase1,resnet,clean_only,random_00,randomized,legacy_0p5_40,10,macro_auroc,independent_rms_drop,0.009154555090370664,0.0010647270000540025,3,0.00421348864936076,0.014229960644544267,64,0,0.0030551640277893346,
matrix_instance,phase1,resnet,clean_only,random_00,randomized,legacy_0p5_40,10,macro_auroc,structure_effect,0.0002855924885633453,0.0027552818624588735,3,-0.0017472801959080918,0.0032523251025244827,64,0,0.0025995843192783163,
matrix_instance,phase1,resnet,clean_only,random_00,randomized,legacy_0p5_40,10,macro_f1,electrode_absolute,0.7147305367401978,0.026002123804638975,3,0.6338068765900167,0.7867442465031544,64,0,0.007283810726165155,
matrix_instance,phase1,resnet,clean_only,random_00,randomized,legacy_0p5_40,10,macro_f1,electrode_drop,0.027050394028528463,0.02425533493469824,3,0.000561907164931142,0.05204045829164871,64,0,0.007283810726165199,
matrix_instance,phase1,resnet,clean_only,random_00,randomized,legacy_0p5_40,10,macro_f1,independent_rms_absolute,0.7035508727876549,0.021808453121854567,3,0.6227441246154636,0.7714072099394013,64,0,0.00536323378640187,
matrix_instance,phase1,resnet,clean_only,random_00,randomized,legacy_0p5_40,10,macro_f1,independent_rms_drop,0.038230057981071236,0.02019454105622141,3,0.010561030646236782,0.06346231923346779,64,0,0.00536323378640186,
matrix_instance,phase1,resnet,clean_only,random_00,randomized,legacy_0p5_40,10,macro_f1,structure_effect,0.01117966395254278,0.0042357472793235415,3,0.003810200977389239,0.020809690547038906,64,0,0.0068575868504676275,
matrix_instance,phase1,resnet,clean_only,random_01,randomized,legacy_0p5_40,0,ece,electrode_absolute,0.17896472562063012,0.008150632166366838,3,0.17677612894320727,0.2182550666123647,64,0,0.003055579251326632,
matrix_instance,phase1,resnet,clean_only,random_01,randomized,legacy_0p5_40,0,ece,electrode_drop,-0.09353673837078248,0.003190397450252735,3,-0.12964857320034273,-0.05348990306084973,64,0,0.003055579251326616,
matrix_instance,phase1,resnet,clean_only,random_01,randomized,legacy_0p5_40,0,ece,independent_rms_absolute,0.18206769479385418,0.005912722137826146,3,0.178849881504122,0.22357048242614336,64,0,0.004232329619392767,
matrix_instance,phase1,resnet,clean_only,random_01,randomized,legacy_0p5_40,0,ece,independent_rms_drop,-0.09663970754400653,0.004761313908107949,3,-0.13392383890887832,-0.056079037813479386,64,0,0.004232329619392766,
matrix_instance,phase1,resnet,clean_only,random_01,randomized,legacy_0p5_40,0,ece,structure_effect,-0.003102969173224023,0.007832434990411854,3,-0.00943921382458472,0.001836626016601108,64,0,0.005220854235656484,
matrix_instance,phase1,resnet,clean_only,random_01,randomized,legacy_0p5_40,0,macro_auroc,electrode_absolute,0.850734706188394,0.013931406282903878,3,0.8107312353489639,0.8934314883684085,64,0,0.005678877910111556,
matrix_instance,phase1,resnet,clean_only,random_01,randomized,legacy_0p5_40,0,macro_auroc,electrode_drop,0.07223670867650278,0.008185394107143723,3,0.0445269673089737,0.09463497603062966,64,0,0.005678877910111564,
matrix_instance,phase1,resnet,clean_only,random_01,randomized,legacy_0p5_40,0,macro_auroc,independent_rms_absolute,0.8616530608246685,0.010009228868463812,3,0.823750485458187,0.9023187945460179,64,0,0.009078157965445673,
matrix_instance,phase1,resnet,clean_only,random_01,randomized,legacy_0p5_40,0,macro_auroc,independent_rms_drop,0.0613183540402281,0.006003844092575083,3,0.0346391669826052,0.08125192597609747,64,0,0.00907815796544561,
matrix_instance,phase1,resnet,clean_only,random_01,randomized,legacy_0p5_40,0,macro_auroc,structure_effect,-0.010918354636274689,0.006309612588231288,3,-0.01837693011318152,-0.0038714061172325617,64,0,0.012840624162376671,
matrix_instance,phase1,resnet,clean_only,random_01,randomized,legacy_0p5_40,0,macro_f1,electrode_absolute,0.5450075146217982,0.04103263158858237,3,0.46979419742337397,0.6140739014189075,64,0,0.00615439998101609,
matrix_instance,phase1,resnet,clean_only,random_01,randomized,legacy_0p5_40,0,macro_f1,electrode_drop,0.19677341614692798,0.04689499947730952,3,0.13870561881048254,0.24107424889043957,64,0,0.006154399981016112,
matrix_instance,phase1,resnet,clean_only,random_01,randomized,legacy_0p5_40,0,macro_f1,independent_rms_absolute,0.5527093687152097,0.020906038273745216,3,0.4762733732158037,0.6260358980073777,64,0,0.017778123399330065,
matrix_instance,phase1,resnet,clean_only,random_01,randomized,legacy_0p5_40,0,macro_f1,independent_rms_drop,0.18907156205351647,0.027495602713375263,3,0.12949637039264258,0.23743333808041162,64,0,0.01777812339933005,
matrix_instance,phase1,resnet,clean_only,random_01,randomized,legacy_0p5_40,0,macro_f1,structure_effect,-0.007701854093411504,0.020137457104821364,3,-0.01994446872889878,0.005005703627230948,64,0,0.018744028049763318,
matrix_instance,phase1,resnet,clean_only,random_01,randomized,legacy_0p5_40,10,ece,electrode_absolute,0.09730012490640727,0.004631074664461848,3,0.10521253546625352,0.1407934108418153,64,0,0.0023524464843681482,
matrix_instance,phase1,resnet,clean_only,random_01,randomized,legacy_0p5_40,10,ece,electrode_drop,-0.011872137656559615,0.0031132701370019072,3,-0.024695896159394017,-0.0034661107109256483,64,0,0.002352446484368148,
matrix_instance,phase1,resnet,clean_only,random_01,randomized,legacy_0p5_40,10,ece,independent_rms_absolute,0.09834885958896927,0.0055309976880736815,3,0.1074637985659043,0.14053369374169494,64,0,0.003285852946115384,
matrix_instance,phase1,resnet,clean_only,random_01,randomized,legacy_0p5_40,10,ece,independent_rms_drop,-0.012920872339121625,0.0029106792697023163,3,-0.02607726297064506,-0.004397521811813788,64,0,0.003285852946115386,
matrix_instance,phase1,resnet,clean_only,random_01,randomized,legacy_0p5_40,10,ece,structure_effect,-0.0010487346825620095,0.0009185041821934585,3,-0.005252013887228723,0.003801115542258902,64,0,0.005167040488842639,
matrix_instance,phase1,resnet,clean_only,random_01,randomized,legacy_0p5_40,10,macro_auroc,electrode_absolute,0.912429939432939,0.006549256787843476,3,0.8680502397831392,0.9490389063533272,64,0,0.0028709052013358117,
matrix_instance,phase1,resnet,clean_only,random_01,randomized,legacy_0p5_40,10,macro_auroc,electrode_drop,0.010541475431957562,0.002183906059247372,3,0.0037665358481761423,0.016239840582068468,64,0,0.002870905201335843,
matrix_instance,phase1,resnet,clean_only,random_01,randomized,legacy_0p5_40,10,macro_auroc,independent_rms_absolute,0.9137214825373072,0.0066306410493370375,3,0.8715761869509301,0.9490840371970367,64,0,0.00309411470630584,
matrix_instance,phase1,resnet,clean_only,random_01,randomized,legacy_0p5_40,10,macro_auroc,independent_rms_drop,0.009249932327589442,0.001067275189479163,3,0.004365144555096676,0.01445938289530515,64,0,0.003094114706305796,
matrix_instance,phase1,resnet,clean_only,random_01,randomized,legacy_0p5_40,10,macro_auroc,structure_effect,-0.001291543104368119,0.002975347394245409,3,-0.004250977521129387,0.001609964381962583,64,0,0.0029254467374516223,
matrix_instance,phase1,resnet,clean_only,random_01,randomized,legacy_0p5_40,10,macro_f1,electrode_absolute,0.7029846891535825,0.0271199593519053,3,0.6257616183101503,0.7750664184554228,64,0,0.008875522386217144,
matrix_instance,phase1,resnet,clean_only,random_01,randomized,legacy_0p5_40,10,macro_f1,electrode_drop,0.03879624161514373,0.024467331855773794,3,0.013107909244773617,0.06266851866086105,64,0,0.008875522386217177,
matrix_instance,phase1,resnet,clean_only,random_01,randomized,legacy_0p5_40,10,macro_f1,independent_rms_absolute,0.7034467054874084,0.022645414397584846,3,0.6235586198360307,0.7714164510006306,64,0,0.006139226900509571,
matrix_instance,phase1,resnet,clean_only,random_01,randomized,legacy_0p5_40,10,macro_f1,independent_rms_drop,0.03833422528131784,0.020845213146694578,3,0.010602449899105214,0.062369417158578196,64,0,0.006139226900509546,
matrix_instance,phase1,resnet,clean_only,random_01,randomized,legacy_0p5_40,10,macro_f1,structure_effect,-0.00046201633382589015,0.0046313651518756025,3,-0.0060427080938945865,0.006642139160591857,64,0,0.007095828819515664,
matrix_instance,phase1,resnet,clean_only,random_02,randomized,legacy_0p5_40,0,ece,electrode_absolute,0.18442255862728077,0.01976331792342549,3,0.1811344393107621,0.22723911875762995,64,0,0.0026975511791718673,
matrix_instance,phase1,resnet,clean_only,random_02,randomized,legacy_0p5_40,0,ece,electrode_drop,-0.09899457137743313,0.013463355297438279,3,-0.13731384824550863,-0.05724669159176384,64,0,0.0026975511791718708,
matrix_instance,phase1,resnet,clean_only,random_02,randomized,legacy_0p5_40,0,ece,independent_rms_absolute,0.18264720906863166,0.005460974123741337,3,0.1790051769400202,0.22451822494089244,64,0,0.004335495674112762,
matrix_instance,phase1,resnet,clean_only,random_02,randomized,legacy_0p5_40,0,ece,independent_rms_drop,-0.097219221818784,0.004920257327131193,3,-0.13520541793988636,-0.05658768936248978,64,0,0.004335495674112774,
matrix_instance,phase1,resnet,clean_only,random_02,randomized,legacy_0p5_40,0,ece,structure_effect,0.0017753495586491329,0.018087141289000148,3,-0.0028567959491056145,0.005948649268998291,64,0,0.005019149915998844,
matrix_instance,phase1,resnet,clean_only,random_02,randomized,legacy_0p5_40,0,macro_auroc,electrode_absolute,0.8462531022557668,0.010867051329124792,3,0.8089916640546349,0.8869306565836093,64,0,0.007059019186193424,
matrix_instance,phase1,resnet,clean_only,random_02,randomized,legacy_0p5_40,0,macro_auroc,electrode_drop,0.07671831260912997,0.00625814029188681,3,0.04950452070546155,0.09861334331318176,64,0,0.007059019186193407,
matrix_instance,phase1,resnet,clean_only,random_02,randomized,legacy_0p5_40,0,macro_auroc,independent_rms_absolute,0.8619205525158233,0.010242339021153074,3,0.8230258864371367,0.9027654913902775,64,0,0.009061692016983518,
matrix_instance,phase1,resnet,clean_only,random_02,randomized,legacy_0p5_40,0,macro_auroc,independent_rms_drop,0.061050862349073275,0.006260138330430667,3,0.03421924190469132,0.08106223727122011,64,0,0.009061692016983482,
matrix_instance,phase1,resnet,clean_only,random_02,randomized,legacy_0p5_40,0,macro_auroc,structure_effect,-0.015667450260056687,0.010694172430144347,3,-0.02138854556681353,-0.007619912036204771,64,0,0.007640372437944597,
matrix_instance,phase1,resnet,clean_only,random_02,randomized,legacy_0p5_40,0,macro_f1,electrode_absolute,0.5180464399024703,0.04361812154748126,3,0.44698139968300754,0.5847101123881919,64,0,0.014825958145331367,
matrix_instance,phase1,resnet,clean_only,random_02,randomized,legacy_0p5_40,0,macro_f1,electrode_drop,0.22373449086625596,0.04849281617367579,3,0.1707745291217264,0.2696760286836642,64,0,0.014825958145331336,
matrix_instance,phase1,resnet,clean_only,random_02,randomized,legacy_0p5_40,0,macro_f1,independent_rms_absolute,0.5552734579155009,0.02021705537806132,3,0.4790187026776362,0.6305827599360855,64,0,0.01913736613777872,
matrix_instance,phase1,resnet,clean_only,random_02,randomized,legacy_0p5_40,0,macro_f1,independent_rms_drop,0.1865074728532253,0.026366918130327283,3,0.1286674528154471,0.23577734607231365,64,0,0.01913736613777871,
matrix_instance,phase1,resnet,clean_only,random_02,randomized,legacy_0p5_40,0,macro_f1,structure_effect,-0.03722701801303068,0.02349498696249909,3,-0.054265945769974185,-0.01952899555549261,64,0,0.017209283598170193,
matrix_instance,phase1,resnet,clean_only,random_02,randomized,legacy_0p5_40,10,ece,electrode_absolute,0.10061258833192542,0.004784605926569791,3,0.11012623194008181,0.1417183036940171,64,0,0.003490412900523353,
matrix_instance,phase1,resnet,clean_only,random_02,randomized,legacy_0p5_40,10,ece,electrode_drop,-0.015184601082077774,0.004585779558403744,3,-0.028212736913207203,-0.006328698487184808,64,0,0.003490412900523358,
matrix_instance,phase1,resnet,clean_only,random_02,randomized,legacy_0p5_40,10,ece,independent_rms_absolute,0.09918712512723162,0.005687026945982046,3,0.10762668467941858,0.14158556969728206,64,0,0.004184811339462027,
matrix_instance,phase1,resnet,clean_only,random_02,randomized,legacy_0p5_40,10,ece,independent_rms_drop,-0.01375913787738398,0.0024002303348561525,3,-0.02609913013243826,-0.004808598134363456,64,0,0.004184811339462031,
matrix_instance,phase1,resnet,clean_only,random_02,randomized,legacy_0p5_40,10,ece,structure_effect,0.001425463204693794,0.0022264898831629216,3,-0.0019997185901656847,0.006009459935990342,64,0,0.005255327722143575,
matrix_instance,phase1,resnet,clean_only,random_02,randomized,legacy_0p5_40,10,macro_auroc,electrode_absolute,0.911950446530806,0.007136725404454792,3,0.8674493460299717,0.9478219769145532,64,0,0.003916354861785317,
matrix_instance,phase1,resnet,clean_only,random_02,randomized,legacy_0p5_40,10,macro_auroc,electrode_drop,0.011020968334090763,0.0018024346742516303,3,0.005089653609024941,0.017403613486827254,64,0,0.003916354861785287,
matrix_instance,phase1,resnet,clean_only,random_02,randomized,legacy_0p5_40,10,macro_auroc,independent_rms_absolute,0.9138243005723888,0.00659661184936294,3,0.8715504862557041,0.9492150461888563,64,0,0.002874678616491629,
matrix_instance,phase1,resnet,clean_only,random_02,randomized,legacy_0p5_40,10,macro_auroc,independent_rms_drop,0.009147114292507993,0.0011471515806185351,3,0.0041363320886953275,0.014235796959746161,64,0,0.002874678616491647,
matrix_instance,phase1,resnet,clean_only,random_02,randomized,legacy_0p5_40,10,macro_auroc,structure_effect,-0.0018738540415827703,0.0006610465909367589,3,-0.005583529906305651,0.001556176970704964,64,0,0.003555179784542929,
matrix_instance,phase1,resnet,clean_only,random_02,randomized,legacy_0p5_40,10,macro_f1,electrode_absolute,0.7042937102190452,0.028618573750797682,3,0.6269949138154023,0.7748864675053486,64,0,0.006806767615731068,
matrix_instance,phase1,resnet,clean_only,random_02,randomized,legacy_0p5_40,10,macro_f1,electrode_drop,0.03748722054968091,0.0296513614795354,3,0.010387704507010723,0.0647898612000105,64,0,0.00680676761573107,
matrix_instance,phase1,resnet,clean_only,random_02,randomized,legacy_0p5_40,10,macro_f1,independent_rms_absolute,0.7030731285666457,0.022462637028916307,3,0.6216982898499236,0.7707884215700302,64,0,0.005177284449644884,
matrix_instance,phase1,resnet,clean_only,random_02,randomized,legacy_0p5_40,10,macro_f1,independent_rms_drop,0.03870780220208038,0.019900066288412857,3,0.009477114814046249,0.06374302776001105,64,0,0.005177284449644894,
matrix_instance,phase1,resnet,clean_only,random_02,randomized,legacy_0p5_40,10,macro_f1,structure_effect,0.0012205816523994661,0.012134431224006613,3,-0.010819102783507398,0.010661708335198286,64,0,0.010206355759898379,
matrix_instance,phase1,resnet,clean_only,random_03,randomized,legacy_0p5_40,0,ece,electrode_absolute,0.19244398700748053,0.010662400073729835,3,0.18824874249784643,0.2333804559804725,64,0,0.004137058458369689,
matrix_instance,phase1,resnet,clean_only,random_03,randomized,legacy_0p5_40,0,ece,electrode_drop,-0.10701599975763289,0.012089439523510558,3,-0.14401938882747592,-0.06422107166428387,64,0,0.004137058458369701,
matrix_instance,phase1,resnet,clean_only,random_03,randomized,legacy_0p5_40,0,ece,independent_rms_absolute,0.18321801315136313,0.0062985508214510365,3,0.1803615033405088,0.2246448790094814,64,0,0.003668411456964731,
matrix_instance,phase1,resnet,clean_only,random_03,randomized,legacy_0p5_40,0,ece,independent_rms_drop,-0.09779002590151549,0.005930463140196865,3,-0.1348951796658155,-0.057518030875153704,64,0,0.0036684114569647337,
matrix_instance,phase1,resnet,clean_only,random_03,randomized,legacy_0p5_40,0,ece,structure_effect,0.009225973856117403,0.006174191574372003,3,0.002260816854308445,0.012499723954795013,64,0,0.004940959711113149,
matrix_instance,phase1,resnet,clean_only,random_03,randomized,legacy_0p5_40,0,macro_auroc,electrode_absolute,0.850863496882526,0.01360304305896845,3,0.8175905672618098,0.8924136364268255,64,0,0.009981156494495626,
matrix_instance,phase1,resnet,clean_only,random_03,randomized,legacy_0p5_40,0,macro_auroc,electrode_drop,0.0721079179823707,0.00956443074468112,3,0.04747049782092147,0.09480334882578398,64,0,0.00998115649449561,
matrix_instance,phase1,resnet,clean_only,random_03,randomized,legacy_0p5_40,0,macro_auroc,independent_rms_absolute,0.8622747518905834,0.01045862154815754,3,0.823721215631677,0.9024702064307119,64,0,0.009316295016599833,
matrix_instance,phase1,resnet,clean_only,random_03,randomized,legacy_0p5_40,0,macro_auroc,independent_rms_drop,0.06069666297431316,0.006351493789617984,3,0.03406027715817818,0.08057080515372002,64,0,0.009316295016599778,
matrix_instance,phase1,resnet,clean_only,random_03,randomized,legacy_0p5_40,0,macro_auroc,structure_effect,-0.011411255008057564,0.0032613244252099336,3,-0.01972114247980293,-0.00406727472558,64,0,0.013185895908575279,
matrix_instance,phase1,resnet,clean_only,random_03,randomized,legacy_0p5_40,0,macro_f1,electrode_absolute,0.5155965815376963,0.003330464684572479,3,0.4323625637574196,0.5886581680884487,64,0,0.018015075050143717,
matrix_instance,phase1,resnet,clean_only,random_03,randomized,legacy_0p5_40,0,macro_f1,electrode_drop,0.22618434923102995,0.013129765532798978,3,0.15848817132699597,0.27536200411394773,64,0,0.018015075050143728,
matrix_instance,phase1,resnet,clean_only,random_03,randomized,legacy_0p5_40,0,macro_f1,independent_rms_absolute,0.5545993726926725,0.01931234745259431,3,0.47609748388818873,0.6275260698602805,64,0,0.016999019012562684,
matrix_instance,phase1,resnet,clean_only,random_03,randomized,legacy_0p5_40,0,macro_f1,independent_rms_drop,0.18718155807605363,0.025453452879595675,3,0.12634748431938203,0.23483781704419235,64,0,0.016999019012562636,
matrix_instance,phase1,resnet,clean_only,random_03,randomized,legacy_0p5_40,0,macro_f1,structure_effect,-0.03900279115497635,0.017089816326077676,3,-0.05700092870552124,-0.019551840089095218,64,0,0.025308218066358815,
matrix_instance,phase1,resnet,clean_only,random_03,randomized,legacy_0p5_40,10,ece,electrode_absolute,0.10054645887346371,0.006949109537445826,3,0.11083534481096706,0.1426987817470718,64,0,0.002635126624910991,
matrix_instance,phase1,resnet,clean_only,random_03,randomized,legacy_0p5_40,10,ece,electrode_drop,-0.01511847162361607,0.006470983638575173,3,-0.030761304224024504,-0.005523464268833465,64,0,0.0026351266249109904,
matrix_instance,phase1,resnet,clean_only,random_03,randomized,legacy_0p5_40,10,ece,independent_rms_absolute,0.09796070875363794,0.004733982567344661,3,0.10657888033298184,0.14081039889992295,64,0,0.003186834858914762,
matrix_instance,phase1,resnet,clean_only,random_03,randomized,legacy_0p5_40,10,ece,independent_rms_drop,-0.012532721503790282,0.004019609311762077,3,-0.02540346182296514,-0.004033334713199975,64,0,0.0031868348589147665,
matrix_instance,phase1,resnet,clean_only,random_03,randomized,legacy_0p5_40,10,ece,structure_effect,0.002585750119825788,0.0030519735416148944,3,-0.002033662807343219,0.008829692021095546,64,0,0.00308888806032655,
matrix_instance,phase1,resnet,clean_only,random_03,randomized,legacy_0p5_40,10,macro_auroc,electrode_absolute,0.9128746369882932,0.006637689946471662,3,0.8691070548431707,0.9486281766463811,64,0,0.0020927493965716554,
matrix_instance,phase1,resnet,clean_only,random_03,randomized,legacy_0p5_40,10,macro_auroc,electrode_drop,0.010096777876603581,0.0016334635746468986,3,0.0038643003694481,0.015505552815908749,64,0,0.0020927493965716736,
matrix_instance,phase1,resnet,clean_only,random_03,randomized,legacy_0p5_40,10,macro_auroc,independent_rms_absolute,0.9137593009060653,0.006630252302723252,3,0.8717442339649986,0.949117999498161,64,0,0.003004945519824323,
matrix_instance,phase1,resnet,clean_only,random_03,randomized,legacy_0p5_40,10,macro_auroc,independent_rms_drop,0.009212113958831439,0.0010836613707166406,3,0.0042401241746058945,0.01428628071566118,64,0,0.0030049455198243053,
matrix_instance,phase1,resnet,clean_only,random_03,randomized,legacy_0p5_40,10,macro_auroc,structure_effect,-0.0008846639177721438,0.002336054766070301,3,-0.003026074568909706,0.0014966892724155936,64,0,0.004631020156986702,
matrix_instance,phase1,resnet,clean_only,random_03,randomized,legacy_0p5_40,10,macro_f1,electrode_absolute,0.7102312212944465,0.024023973849347898,3,0.6328430529735598,0.7806602291570974,64,0,0.005656143710439547,
matrix_instance,phase1,resnet,clean_only,random_03,randomized,legacy_0p5_40,10,macro_f1,electrode_drop,0.03154970947427979,0.022162295765860575,3,0.0036463391708621623,0.05298308116118278,64,0,0.00565614371043957,
matrix_instance,phase1,resnet,clean_only,random_03,randomized,legacy_0p5_40,10,macro_f1,independent_rms_absolute,0.7035126262161691,0.02179317363073121,3,0.6243724384568837,0.7714247724933732,64,0,0.004670845742286107,
matrix_instance,phase1,resnet,clean_only,random_03,randomized,legacy_0p5_40,10,macro_f1,independent_rms_drop,0.03826830455255717,0.020314791604663908,3,0.009682843108672394,0.0630503150502872,64,0,0.004670845742286078,
matrix_instance,phase1,resnet,clean_only,random_03,randomized,legacy_0p5_40,10,macro_f1,structure_effect,0.006718595078277385,0.002262477961589083,3,-0.0050999151359481755,0.015907415126159022,64,0,0.008963930991222356,
matrix_instance,phase1,resnet,clean_only,random_04,randomized,legacy_0p5_40,0,ece,electrode_absolute,0.18913433594724013,0.014717842980694578,3,0.18371273340238045,0.22837420552069468,64,0,0.001072371651386178,
matrix_instance,phase1,resnet,clean_only,random_04,randomized,legacy_0p5_40,0,ece,electrode_drop,-0.10370634869739252,0.013647145120409836,3,-0.1396403788398838,-0.06360491027620759,64,0,0.0010723716513861793,
matrix_instance,phase1,resnet,clean_only,random_04,randomized,legacy_0p5_40,0,ece,independent_rms_absolute,0.18168672873311778,0.005995614865001714,3,0.17826799507457816,0.22446304507428677,64,0,0.003910476501956855,
matrix_instance,phase1,resnet,clean_only,random_04,randomized,legacy_0p5_40,0,ece,independent_rms_drop,-0.09625874148327017,0.00557363724952926,3,-0.13505731128760756,-0.054581729349395154,64,0,0.003910476501956843,
matrix_instance,phase1,resnet,clean_only,random_04,randomized,legacy_0p5_40,0,ece,structure_effect,0.007447607214122337,0.018332462691491296,3,0.0007433000827076549,0.010649404054235055,64,0,0.0046481409053811575,
matrix_instance,phase1,resnet,clean_only,random_04,randomized,legacy_0p5_40,0,macro_auroc,electrode_absolute,0.8612323841295083,0.0071887681897720695,3,0.8257219588072391,0.9006361454924998,64,0,0.005795487779636802,
matrix_instance,phase1,resnet,clean_only,random_04,randomized,legacy_0p5_40,0,macro_auroc,electrode_drop,0.061739030735388466,0.0019620366777959005,3,0.036346738577596,0.08428231945847527,64,0,0.00579548777963678,
matrix_instance,phase1,resnet,clean_only,random_04,randomized,legacy_0p5_40,0,macro_auroc,independent_rms_absolute,0.8624786466577804,0.009542112079579751,3,0.8245535928219154,0.9027414456681747,64,0,0.009124080774316663,
matrix_instance,phase1,resnet,clean_only,random_04,randomized,legacy_0p5_40,0,macro_auroc,independent_rms_drop,0.06049276820711624,0.005402567376383999,3,0.03367706767740451,0.08083796266318963,64,0,0.009124080774316715,
matrix_instance,phase1,resnet,clean_only,random_04,randomized,legacy_0p5_40,0,macro_auroc,structure_effect,-0.0012462625282722267,0.003487537092862479,3,-0.006901965946754243,0.004330057452377341,64,0,0.012451812277167983,
matrix_instance,phase1,resnet,clean_only,random_04,randomized,legacy_0p5_40,0,macro_f1,electrode_absolute,0.536681556334481,0.04422214140747849,3,0.4530046946804451,0.6066599155284286,64,0,0.015852970522168896,
matrix_instance,phase1,resnet,clean_only,random_04,randomized,legacy_0p5_40,0,macro_f1,electrode_drop,0.2050993744342453,0.052893833076613946,3,0.1425085538327269,0.25347173113628724,64,0,0.015852970522168896,
matrix_instance,phase1,resnet,clean_only,random_04,randomized,legacy_0p5_40,0,macro_f1,independent_rms_absolute,0.5528313921593232,0.01963061154639314,3,0.4760943490490146,0.6265223970846157,64,0,0.018047195951509352,
matrix_instance,phase1,resnet,clean_only,random_04,randomized,legacy_0p5_40,0,macro_f1,independent_rms_drop,0.1889495386094029,0.025598544650124448,3,0.1303794681424533,0.23851489853339874,64,0,0.01804719595150939,
matrix_instance,phase1,resnet,clean_only,random_04,randomized,legacy_0p5_40,0,macro_f1,structure_effect,-0.016149835824842397,0.029418199935461364,3,-0.02909001797837361,-0.003800504121323927,64,0,0.019743668263158057,
matrix_instance,phase1,resnet,clean_only,random_04,randomized,legacy_0p5_40,10,ece,electrode_absolute,0.0959406699855041,0.006229160703708572,3,0.10578999922119904,0.13873233530587506,64,0,0.004926755847217704,
matrix_instance,phase1,resnet,clean_only,random_04,randomized,legacy_0p5_40,10,ece,electrode_drop,-0.010512682735656455,0.0007732946437768259,3,-0.022878591932464422,-0.004121969297398287,64,0,0.004926755847217704,
matrix_instance,phase1,resnet,clean_only,random_04,randomized,legacy_0p5_40,10,ece,independent_rms_absolute,0.0985909764848986,0.005094594773143249,3,0.10726009898858462,0.14117307223314943,64,0,0.003421183971731409,
matrix_instance,phase1,resnet,clean_only,random_04,randomized,legacy_0p5_40,10,ece,independent_rms_drop,-0.013162989235050963,0.002970660791544605,3,-0.026026772685114226,-0.003992548446883715,64,0,0.003421183971731408,
matrix_instance,phase1,resnet,clean_only,random_04,randomized,legacy_0p5_40,10,ece,structure_effect,-0.002650306499394508,0.0028690580311439033,3,-0.006098377516562732,0.0026337843747417876,64,0,0.003065772882597641,
matrix_instance,phase1,resnet,clean_only,random_04,randomized,legacy_0p5_40,10,macro_auroc,electrode_absolute,0.9152050618156871,0.008360296228398215,3,0.8707175216595062,0.9506746758520257,64,0,0.001903144245691195,
matrix_instance,phase1,resnet,clean_only,random_04,randomized,legacy_0p5_40,10,macro_auroc,electrode_drop,0.007766353049209745,0.0026327966762750084,3,0.001637317262834711,0.013196139254880473,64,0,0.0019031442456911595,
matrix_instance,phase1,resnet,clean_only,random_04,randomized,legacy_0p5_40,10,macro_auroc,independent_rms_absolute,0.9138248192509028,0.006465172476326444,3,0.8715799117437385,0.949178300457249,64,0,0.002829735181162612,
matrix_instance,phase1,resnet,clean_only,random_04,randomized,legacy_0p5_40,10,macro_auroc,independent_rms_drop,0.009146595613993828,0.0010570363618660694,3,0.004177485836593672,0.014249028603976482,64,0,0.0028297351811626204,
matrix_instance,phase1,resnet,clean_only,random_04,randomized,legacy_0p5_40,10,macro_auroc,structure_effect,0.0013802425647840844,0.00269138298621557,3,-0.0014650491526741138,0.003776098035414189,64,0,0.0035733148720294844,
matrix_instance,phase1,resnet,clean_only,random_04,randomized,legacy_0p5_40,10,macro_f1,electrode_absolute,0.7117283158699754,0.028472127334480662,3,0.632464999854627,0.7805985669117698,64,0,0.00947970287509688,
matrix_instance,phase1,resnet,clean_only,random_04,randomized,legacy_0p5_40,10,macro_f1,electrode_drop,0.03005261489875076,0.02895774705317207,3,0.007237546063220772,0.05353757434079585,64,0,0.009479702875096842,
matrix_instance,phase1,resnet,clean_only,random_04,randomized,legacy_0p5_40,10,macro_f1,independent_rms_absolute,0.7031580715249924,0.02218961687966596,3,0.6220709939684609,0.7716812234456535,64,0,0.004922916788719634,
matrix_instance,phase1,resnet,clean_only,random_04,randomized,legacy_0p5_40,10,macro_f1,independent_rms_drop,0.03862285924373363,0.019993191562765047,3,0.010690064946765264,0.06335797589087422,64,0,0.0049229167887196645,
matrix_instance,phase1,resnet,clean_only,random_04,randomized,legacy_0p5_40,10,macro_f1,structure_effect,0.008570244344982875,0.010250181222596643,3,0.0007802129276867889,0.015629446906595942,64,0,0.01146705351362879,
matrix_instance,phase1,tcn,clean_only,random_00,randomized,legacy_0p5_40,0,ece,electrode_absolute,0.14098867523450948,0.0636326371193953,3,0.14182340623280615,0.1812596886486637,64,0,0.0029292699648794606,
matrix_instance,phase1,tcn,clean_only,random_00,randomized,legacy_0p5_40,0,ece,electrode_drop,-0.05590437146391681,0.06578689989302684,3,-0.0989803187338031,-0.03572550458653268,64,0,0.0029292699648794597,
matrix_instance,phase1,tcn,clean_only,random_00,randomized,legacy_0p5_40,0,ece,independent_rms_absolute,0.16633843915076515,0.0691363827609181,3,0.1647061279775642,0.20632567582912523,64,0,0.001826604215391506,
matrix_instance,phase1,tcn,clean_only,random_00,randomized,legacy_0p5_40,0,ece,independent_rms_drop,-0.08125413538017245,0.0711089590685342,3,-0.12452906789011489,-0.0553864939158063,64,0,0.001826604215391509,
matrix_instance,phase1,tcn,clean_only,random_00,randomized,legacy_0p5_40,0,ece,structure_effect,-0.02534976391625565,0.006190624757139104,3,-0.029012685579692995,-0.015704294248307254,64,0,0.0042750389810970275,
matrix_instance,phase1,tcn,clean_only,random_00,randomized,legacy_0p5_40,0,macro_auroc,electrode_absolute,0.9106578482152519,0.0029152648731626714,3,0.8713039733130092,0.9398643684111913,64,0,0.00475254276054435,
matrix_instance,phase1,tcn,clean_only,random_00,randomized,legacy_0p5_40,0,macro_auroc,electrode_drop,0.02886770748825335,0.011662968250468846,3,0.01628498940758108,0.04686073487921752,64,0,0.004752542760544374,
matrix_instance,phase1,tcn,clean_only,random_00,randomized,legacy_0p5_40,0,macro_auroc,independent_rms_absolute,0.9108111907459655,0.0044699742081518124,3,0.8708685908094526,0.9403665714137959,64,0,0.0033077361955791518,
matrix_instance,phase1,tcn,clean_only,random_00,randomized,legacy_0p5_40,0,macro_auroc,independent_rms_drop,0.028714364957539762,0.013312643717166884,3,0.015789489976297182,0.048454678425806065,64,0,0.0033077361955791795,
matrix_instance,phase1,tcn,clean_only,random_00,randomized,legacy_0p5_40,0,macro_auroc,structure_effect,-0.00015334253071359115,0.0025825526755195666,3,-0.005735178595507218,0.00430781238660193,64,0,0.003211306925965525,
matrix_instance,phase1,tcn,clean_only,random_00,randomized,legacy_0p5_40,0,macro_f1,electrode_absolute,0.6243774691778894,0.053474242422133444,3,0.549173191973878,0.6966922003807634,64,0,0.006657688071883878,
matrix_instance,phase1,tcn,clean_only,random_00,randomized,legacy_0p5_40,0,macro_f1,electrode_drop,0.13656518940030102,0.08018499572320603,3,0.0810485927891484,0.18509331974631954,64,0,0.006657688071883929,
matrix_instance,phase1,tcn,clean_only,random_00,randomized,legacy_0p5_40,0,macro_f1,independent_rms_absolute,0.5913481705065634,0.07987192337302797,3,0.5215306923250344,0.661226272272587,64,0,0.01395323553801187,
matrix_instance,phase1,tcn,clean_only,random_00,randomized,legacy_0p5_40,0,macro_f1,independent_rms_drop,0.1695944880716269,0.10805146457873724,3,0.11407830229911868,0.21937458717999375,64,0,0.013953235538011902,
matrix_instance,phase1,tcn,clean_only,random_00,randomized,legacy_0p5_40,0,macro_f1,structure_effect,0.03302929867132587,0.028601915220357467,3,0.021096644295443525,0.046231290002229974,64,0,0.013511156560529128,
matrix_instance,phase1,tcn,clean_only,random_00,randomized,legacy_0p5_40,10,ece,electrode_absolute,0.08358715063954393,0.007410930850169694,3,0.07887421241143149,0.1260126983024648,64,0,0.0030082723000130133,
matrix_instance,phase1,tcn,clean_only,random_00,randomized,legacy_0p5_40,10,ece,electrode_drop,0.0014971531310487354,0.004175061431236085,3,-0.010697476583902403,0.003485011638817149,64,0,0.0030082723000130077,
matrix_instance,phase1,tcn,clean_only,random_00,randomized,legacy_0p5_40,10,ece,independent_rms_absolute,0.08357501777524078,0.006785529784674188,3,0.07941992775455356,0.12494319515365622,64,0,0.003275655201926238,
matrix_instance,phase1,tcn,clean_only,random_00,randomized,legacy_0p5_40,10,ece,independent_rms_drop,0.0015092859953519005,0.005994337343316442,3,-0.010789091700885288,0.006100564209386509,64,0,0.003275655201926238,
matrix_instance,phase1,tcn,clean_only,random_00,randomized,legacy_0p5_40,10,ece,structure_effect,1.2132864303164974e-05,0.00366678585106241,3,-0.0035405298797424028,0.0028387656612813028,64,0,0.004718541666367719,
matrix_instance,phase1,tcn,clean_only,random_00,randomized,legacy_0p5_40,10,macro_auroc,electrode_absolute,0.9357279385272738,0.006668265457707462,3,0.9006049874647791,0.964783180292326,64,0,0.0014289116389097191,
matrix_instance,phase1,tcn,clean_only,random_00,randomized,legacy_0p5_40,10,macro_auroc,electrode_drop,0.0037976171762315477,0.0022465689974502357,3,9.719647673815866e-05,0.007160219278136669,64,0,0.0014289116389097456,
matrix_instance,phase1,tcn,clean_only,random_00,randomized,legacy_0p5_40,10,macro_auroc,independent_rms_absolute,0.9364725336565723,0.00708116484653905,3,0.9012148075830749,0.965164128063069,64,0,0.0012157944115168688,
matrix_instance,phase1,tcn,clean_only,random_00,randomized,legacy_0p5_40,10,macro_auroc,independent_rms_drop,0.0030530220469329925,0.0019160222648188575,3,-0.0005365807382696947,0.00667497375887205,64,0,0.0012157944115169105,
matrix_instance,phase1,tcn,clean_only,random_00,randomized,legacy_0p5_40,10,macro_auroc,structure_effect,-0.0007445951292985555,0.0005162318945497249,3,-0.002660331586548871,0.0005568773052430483,64,0,0.00111682473002866,
matrix_instance,phase1,tcn,clean_only,random_00,randomized,legacy_0p5_40,10,macro_f1,electrode_absolute,0.7518378913534659,0.015834606113940615,3,0.6879370585045249,0.8055045238590166,64,0,0.005537917746827366,
matrix_instance,phase1,tcn,clean_only,random_00,randomized,legacy_0p5_40,10,macro_f1,electrode_drop,0.00910476722472437,0.01545439047582327,3,-0.011552907990243408,0.019304635980743914,64,0,0.005537917746827381,
matrix_instance,phase1,tcn,clean_only,random_00,randomized,legacy_0p5_40,10,macro_f1,independent_rms_absolute,0.754196258854611,0.011271197149783297,3,0.6915394586980889,0.8069046735105205,64,0,0.005210474231498803,
matrix_instance,phase1,tcn,clean_only,random_00,randomized,legacy_0p5_40,10,macro_f1,independent_rms_drop,0.006746399723579397,0.02225782168656232,3,-0.011549317555873174,0.016960169659008303,64,0,0.005210474231498768,
matrix_instance,phase1,tcn,clean_only,random_00,randomized,legacy_0p5_40,10,macro_f1,structure_effect,-0.0023583675011449746,0.006902106798517502,3,-0.009598082039522657,0.002813807442364225,64,0,0.00929403973385319,
matrix_instance,phase1,tcn,clean_only,random_01,randomized,legacy_0p5_40,0,ece,electrode_absolute,0.1654981244920184,0.06865757205109152,3,0.1631735327785754,0.2020899169406254,64,0,0.0036293088604280868,
matrix_instance,phase1,tcn,clean_only,random_01,randomized,legacy_0p5_40,0,ece,electrode_drop,-0.08041382072142571,0.06967082862476359,3,-0.120613250400741,-0.0525633391135093,64,0,0.003629308860428089,
matrix_instance,phase1,tcn,clean_only,random_01,randomized,legacy_0p5_40,0,ece,independent_rms_absolute,0.1664535409560194,0.06886682328365411,3,0.1648776525785023,0.20580019001409022,64,0,0.0022590265233694406,
matrix_instance,phase1,tcn,clean_only,random_01,randomized,legacy_0p5_40,0,ece,independent_rms_drop,-0.08136923718542675,0.07083996797106755,3,-0.12451777785820299,-0.056007421739621206,64,0,0.002259026523369434,
matrix_instance,phase1,tcn,clean_only,random_01,randomized,legacy_0p5_40,0,ece,structure_effect,-0.0009554164640010413,0.015465644395371158,3,-0.0068443526552480136,0.003413060369517745,64,0,0.004953783247253451,
matrix_instance,phase1,tcn,clean_only,random_01,randomized,legacy_0p5_40,0,macro_auroc,electrode_absolute,0.9103427338974557,0.0018899786984145075,3,0.8712245387807779,0.94050320295168,64,0,0.0032091474732631477,
matrix_instance,phase1,tcn,clean_only,random_01,randomized,legacy_0p5_40,0,macro_auroc,electrode_drop,0.029182821806049575,0.010785657940903798,3,0.01607819311549691,0.0523486318488136,64,0,0.003209147473263153,
matrix_instance,phase1,tcn,clean_only,random_01,randomized,legacy_0p5_40,0,macro_auroc,independent_rms_absolute,0.9105019111703436,0.0046600414295692475,3,0.8702740047109329,0.9402576739911643,64,0,0.0033064237556322948,
matrix_instance,phase1,tcn,clean_only,random_01,randomized,legacy_0p5_40,0,macro_auroc,independent_rms_drop,0.029023644533161752,0.013534518475015599,3,0.016300590598862984,0.048917770947494714,64,0,0.0033064237556322657,
matrix_instance,phase1,tcn,clean_only,random_01,randomized,legacy_0p5_40,0,macro_auroc,structure_effect,-0.0001591772728878215,0.00277242104480966,3,-0.00514306609342033,0.004502163792270012,64,0,0.0036211183433338756,
matrix_instance,phase1,tcn,clean_only,random_01,randomized,legacy_0p5_40,0,macro_f1,electrode_absolute,0.5774904155679446,0.07474016380060933,3,0.5034563461081663,0.6496753171847033,64,0,0.007427442506110813,
matrix_instance,phase1,tcn,clean_only,random_01,randomized,legacy_0p5_40,0,macro_f1,electrode_drop,0.1834522430102458,0.09984467403180472,3,0.12043487674856182,0.2312472441140564,64,0,0.007427442506110821,
matrix_instance,phase1,tcn,clean_only,random_01,randomized,legacy_0p5_40,0,macro_f1,independent_rms_absolute,0.5918608038957432,0.07979650581745774,3,0.5223879168845228,0.6606759300255127,64,0,0.014856440615618222,
matrix_instance,phase1,tcn,clean_only,random_01,randomized,legacy_0p5_40,0,macro_f1,independent_rms_drop,0.16908185468244705,0.10806788607998137,3,0.11303590910471505,0.21826281859686672,64,0,0.014856440615618206,
matrix_instance,phase1,tcn,clean_only,random_01,randomized,legacy_0p5_40,0,macro_f1,structure_effect,-0.014370388327798795,0.02086604889411874,3,-0.02422092323011232,-0.003808790901517797,64,0,0.01723758335352717,
matrix_instance,phase1,tcn,clean_only,random_01,randomized,legacy_0p5_40,10,ece,electrode_absolute,0.08430791816714273,0.0034066454056617844,3,0.07992448903930828,0.1253905833702614,64,0,0.0024726673363845873,
matrix_instance,phase1,tcn,clean_only,random_01,randomized,legacy_0p5_40,10,ece,electrode_drop,0.0007763856034499534,0.0028827694980425663,3,-0.011150687571115963,0.004738665242388905,64,0,0.002472667336384589,
matrix_instance,phase1,tcn,clean_only,random_01,randomized,legacy_0p5_40,10,ece,independent_rms_absolute,0.08369737734965423,0.006787118810495568,3,0.07946470053861913,0.12496754303670557,64,0,0.0038603315761107345,
matrix_instance,phase1,tcn,clean_only,random_01,randomized,legacy_0p5_40,10,ece,independent_rms_drop,0.0013869264209384303,0.005715662002314039,3,-0.010896696399419637,0.0059840529747026035,64,0,0.003860331576110734,
matrix_instance,phase1,tcn,clean_only,random_01,randomized,legacy_0p5_40,10,ece,structure_effect,0.0006105408174884771,0.003680826212649407,3,-0.002146164178236025,0.003444997447417695,64,0,0.004835159914901761,
matrix_instance,phase1,tcn,clean_only,random_01,randomized,legacy_0p5_40,10,macro_auroc,electrode_absolute,0.9364783802107673,0.007980944330124405,3,0.9030766690336346,0.9658983524183062,64,0,0.0014986276138444484,
matrix_instance,phase1,tcn,clean_only,random_01,randomized,legacy_0p5_40,10,macro_auroc,electrode_drop,0.0030471754927380856,0.0009287010307077777,3,-0.0005279782520498189,0.006202309560073252,64,0,0.0014986276138444757,
matrix_instance,phase1,tcn,clean_only,random_01,randomized,legacy_0p5_40,10,macro_auroc,independent_rms_absolute,0.936505634612446,0.007040340488182167,3,0.9011891391449416,0.9652437621742241,64,0,0.0012342207651433914,
matrix_instance,phase1,tcn,clean_only,random_01,randomized,legacy_0p5_40,10,macro_auroc,independent_rms_drop,0.0030199210910594435,0.0019150153135530977,3,-0.0005567956661703115,0.006613802667392331,64,0,0.0012342207651433992,
matrix_instance,phase1,tcn,clean_only,random_01,randomized,legacy_0p5_40,10,macro_auroc,structure_effect,-2.72544016786422e-05,0.001073090111880486,3,-0.0015930121385052847,0.001988459686096954,64,0,0.0018326280607153952,
matrix_instance,phase1,tcn,clean_only,random_01,randomized,legacy_0p5_40,10,macro_f1,electrode_absolute,0.7522401550485708,0.012493775340674671,3,0.6901461053422394,0.8041288984736664,64,0,0.004089982904883601,
matrix_instance,phase1,tcn,clean_only,random_01,randomized,legacy_0p5_40,10,macro_f1,electrode_drop,0.008702503529619605,0.018342854573412243,3,-0.01194863714594997,0.020379247367787588,64,0,0.00408998290488359,
matrix_instance,phase1,tcn,clean_only,random_01,randomized,legacy_0p5_40,10,macro_f1,independent_rms_absolute,0.7543844419115374,0.010647699092209764,3,0.6921109387742979,0.8077753891622178,64,0,0.0035231765829529353,
matrix_instance,phase1,tcn,clean_only,random_01,randomized,legacy_0p5_40,10,macro_f1,independent_rms_drop,0.006558216666652972,0.02153109706841497,3,-0.012155817666701839,0.01725471687850744,64,0,0.0035231765829529067,
matrix_instance,phase1,tcn,clean_only,random_01,randomized,legacy_0p5_40,10,macro_f1,structure_effect,-0.0021442868629666313,0.007799084795769894,3,-0.0092385053926857,0.0026465070032691603,64,0,0.004871482374381186,
matrix_instance,phase1,tcn,clean_only,random_02,randomized,legacy_0p5_40,0,ece,electrode_absolute,0.18416631004105632,0.04971200697546185,3,0.17767842530493788,0.22485516363420965,64,0,0.0037038556331940274,
matrix_instance,phase1,tcn,clean_only,random_02,randomized,legacy_0p5_40,0,ece,electrode_drop,-0.09908200627046365,0.05209081368333723,3,-0.14274779385011044,-0.06619418092385888,64,0,0.0037038556331940335,
matrix_instance,phase1,tcn,clean_only,random_02,randomized,legacy_0p5_40,0,ece,independent_rms_absolute,0.16647191861493046,0.06888593291229708,3,0.16415310776026562,0.20528242690134896,64,0,0.0019156820263805314,
matrix_instance,phase1,tcn,clean_only,random_02,randomized,legacy_0p5_40,0,ece,independent_rms_drop,-0.0813876148443378,0.07085058770535002,3,-0.1236507064471685,-0.05512978720091051,64,0,0.0019156820263805216,
matrix_instance,phase1,tcn,clean_only,random_02,randomized,legacy_0p5_40,0,ece,structure_effect,0.01769439142612585,0.01994618631246168,3,0.005263377634288713,0.023274426869164706,64,0,0.005341624185392968,
matrix_instance,phase1,tcn,clean_only,random_02,randomized,legacy_0p5_40,0,macro_auroc,electrode_absolute,0.9028771015223627,0.005289688340029354,3,0.8646116343882586,0.9313390786556042,64,0,0.003965109814740326,
matrix_instance,phase1,tcn,clean_only,random_02,randomized,legacy_0p5_40,0,macro_auroc,electrode_drop,0.036648454181142785,0.01410155845630725,3,0.020578973950225392,0.05683143785964975,64,0,0.003965109814740334,
matrix_instance,phase1,tcn,clean_only,random_02,randomized,legacy_0p5_40,0,macro_auroc,independent_rms_absolute,0.910666866867566,0.004412376397363935,3,0.8705590070481488,0.9402999269326555,64,0,0.0031263770450850868,
matrix_instance,phase1,tcn,clean_only,random_02,randomized,legacy_0p5_40,0,macro_auroc,independent_rms_drop,0.02885868883593942,0.013281241364583139,3,0.015958712160994083,0.04855508992500797,64,0,0.003126377045085065,
matrix_instance,phase1,tcn,clean_only,random_02,randomized,legacy_0p5_40,0,macro_auroc,structure_effect,-0.007789765345203364,0.002057519556307448,3,-0.013405470485624998,-0.0015630845914136376,64,0,0.0049084860663985656,
matrix_instance,phase1,tcn,clean_only,random_02,randomized,legacy_0p5_40,0,macro_f1,electrode_absolute,0.5377000130232686,0.04857260372557651,3,0.4596772334197062,0.6094593204812214,64,0,0.01001322737983871,
matrix_instance,phase1,tcn,clean_only,random_02,randomized,legacy_0p5_40,0,macro_f1,electrode_drop,0.22324264555492182,0.07501392875264067,3,0.16565599035956485,0.27600371070808477,64,0,0.010013227379838724,
matrix_instance,phase1,tcn,clean_only,random_02,randomized,legacy_0p5_40,0,macro_f1,independent_rms_absolute,0.5918628434773786,0.08082530110160092,3,0.5204360608866185,0.6605354368842625,64,0,0.014129150057152259,
matrix_instance,phase1,tcn,clean_only,random_02,randomized,legacy_0p5_40,0,macro_f1,independent_rms_drop,0.16907981510081174,0.10889961200860637,3,0.11341404308690174,0.21931390923584426,64,0,0.014129150057152281,
matrix_instance,phase1,tcn,clean_only,random_02,randomized,legacy_0p5_40,0,macro_f1,structure_effect,-0.054162830454110085,0.03443599103893157,3,-0.07260474071703582,-0.040091350608659225,64,0,0.01750855910626615,
matrix_instance,phase1,tcn,clean_only,random_02,randomized,legacy_0p5_40,10,ece,electrode_absolute,0.0849368887789832,0.006081979344435979,3,0.08247146050763143,0.12781122556625793,64,0,0.0015283536663695102,
matrix_instance,phase1,tcn,clean_only,random_02,randomized,legacy_0p5_40,10,ece,electrode_drop,0.00014741499160946504,0.0055506261012053205,3,-0.014217568877085793,0.004626515427684835,64,0,0.0015283536663695113,
matrix_instance,phase1,tcn,clean_only,random_02,randomized,legacy_0p5_40,10,ece,independent_rms_absolute,0.08395323212864202,0.006867375056092247,3,0.07964603733174472,0.1252353767421229,64,0,0.0033316013166003093,
matrix_instance,phase1,tcn,clean_only,random_02,randomized,legacy_0p5_40,10,ece,independent_rms_drop,0.0011310716419506615,0.00584260648683348,3,-0.011312619423236773,0.0061389742657926615,64,0,0.0033316013166003037,
matrix_instance,phase1,tcn,clean_only,random_02,randomized,legacy_0p5_40,10,ece,structure_effect,0.0009836566503411961,0.000882045854417315,3,-0.0015507410633584062,0.005303034767903989,64,0,0.0026834513136871473,
matrix_instance,phase1,tcn,clean_only,random_02,randomized,legacy_0p5_40,10,macro_auroc,electrode_absolute,0.9359175566113503,0.006733765313865122,3,0.9017582144268166,0.9638877349264485,64,0,0.0022504189066842066,
matrix_instance,phase1,tcn,clean_only,random_02,randomized,legacy_0p5_40,10,macro_auroc,electrode_drop,0.003607999092155059,0.002491688978766503,3,-0.000450381998610479,0.0073800608403132555,64,0,0.0022504189066841753,
matrix_instance,phase1,tcn,clean_only,random_02,randomized,legacy_0p5_40,10,macro_auroc,independent_rms_absolute,0.9364193596760999,0.006888939174282993,3,0.9011832521119011,0.9651974794726417,64,0,0.0010449023717870698,
matrix_instance,phase1,tcn,clean_only,random_02,randomized,legacy_0p5_40,10,macro_auroc,independent_rms_drop,0.0031061960274054354,0.002070658335357259,3,-0.0004430740610448438,0.006666879333307896,64,0,0.0010449023717871123,
matrix_instance,phase1,tcn,clean_only,random_02,randomized,legacy_0p5_40,10,macro_auroc,structure_effect,-0.0005018030647496236,0.0015013384690377514,3,-0.0026404280738041444,0.0017154045091357143,64,0,0.002459515641556865,
matrix_instance,phase1,tcn,clean_only,random_02,randomized,legacy_0p5_40,10,macro_f1,electrode_absolute,0.7417365536687401,0.012816736242626296,3,0.6704300596557325,0.7954467476766746,64,0,0.004647756182515143,
matrix_instance,phase1,tcn,clean_only,random_02,randomized,legacy_0p5_40,10,macro_f1,electrode_drop,0.019206104909450187,0.017694143533740655,3,-0.0037979672728216973,0.03765674493657089,64,0,0.0046477561825151335,
matrix_instance,phase1,tcn,clean_only,random_02,randomized,legacy_0p5_40,10,macro_f1,independent_rms_absolute,0.7546731655952152,0.01131590413508118,3,0.6922758214872828,0.8075541060251495,64,0,0.003925722488447091,
matrix_instance,phase1,tcn,clean_only,random_02,randomized,legacy_0p5_40,10,macro_f1,independent_rms_drop,0.006269492982975226,0.0209911383786373,3,-0.012400114171669082,0.01664081168731944,64,0,0.003925722488447038,
matrix_instance,phase1,tcn,clean_only,random_02,randomized,legacy_0p5_40,10,macro_f1,structure_effect,-0.012936611926474958,0.006703779166640764,3,-0.025312489222363174,-0.0036962347326799034,64,0,0.005339871120140524,
matrix_instance,phase1,tcn,clean_only,random_03,randomized,legacy_0p5_40,0,ece,electrode_absolute,0.19050142051633964,0.06842204681743838,3,0.18549690632707908,0.23043127440425154,64,0,0.0019076224105984546,
matrix_instance,phase1,tcn,clean_only,random_03,randomized,legacy_0p5_40,0,ece,electrode_drop,-0.10541711674574698,0.06897039733078902,3,-0.15037303942079194,-0.06934640447569049,64,0,0.0019076224105984596,
matrix_instance,phase1,tcn,clean_only,random_03,randomized,legacy_0p5_40,0,ece,independent_rms_absolute,0.16706360993899094,0.06883751239505503,3,0.16561699438481078,0.20646776326833813,64,0,0.0022994575955335543,
matrix_instance,phase1,tcn,clean_only,random_03,randomized,legacy_0p5_40,0,ece,independent_rms_drop,-0.08197930616839828,0.07077523822904822,3,-0.12470213534195262,-0.057128567564676665,64,0,0.0022994575955335573,
matrix_instance,phase1,tcn,clean_only,random_03,randomized,legacy_0p5_40,0,ece,structure_effect,0.0234378105773487,0.021917095554599548,3,0.009646207377123904,0.028845825436002063,64,0,0.003956661464667256,
matrix_instance,phase1,tcn,clean_only,random_03,randomized,legacy_0p5_40,0,macro_auroc,electrode_absolute,0.90616578234089,0.006181138053385178,3,0.8695270550424253,0.9380191036459681,64,0,0.0033667001800852144,
matrix_instance,phase1,tcn,clean_only,random_03,randomized,legacy_0p5_40,0,macro_auroc,electrode_drop,0.03335977336261537,0.015083922112859947,3,0.016816513063696477,0.051032532612294866,64,0,0.0033667001800851927,
matrix_instance,phase1,tcn,clean_only,random_03,randomized,legacy_0p5_40,0,macro_auroc,independent_rms_absolute,0.9106424650495172,0.004461423315046521,3,0.8702691651280364,0.9402261237404632,64,0,0.0031809499186693465,
matrix_instance,phase1,tcn,clean_only,random_03,randomized,legacy_0p5_40,0,macro_auroc,independent_rms_drop,0.0288830906539882,0.013335671526808115,3,0.01621809435702488,0.048797940777123794,64,0,0.0031809499186693613,
matrix_instance,phase1,tcn,clean_only,random_03,randomized,legacy_0p5_40,0,macro_auroc,structure_effect,-0.0044766827086271666,0.0019048689871035203,3,-0.00955101957277716,0.003233830478219574,64,0,0.0041636522158047294,
matrix_instance,phase1,tcn,clean_only,random_03,randomized,legacy_0p5_40,0,macro_f1,electrode_absolute,0.5441034389940816,0.09195940803042223,3,0.4725531064402415,0.615620629978834,64,0,0.0055026154784903756,
matrix_instance,phase1,tcn,clean_only,random_03,randomized,legacy_0p5_40,0,macro_f1,electrode_drop,0.2168392195841089,0.11715639370456438,3,0.16003311014138435,0.27229835371201616,64,0,0.005502615478490385,
matrix_instance,phase1,tcn,clean_only,random_03,randomized,legacy_0p5_40,0,macro_f1,independent_rms_absolute,0.5903100306664744,0.08016376014051879,3,0.5199102273805037,0.6596457916210008,64,0,0.014302732667488487,
matrix_instance,phase1,tcn,clean_only,random_03,randomized,legacy_0p5_40,0,macro_f1,independent_rms_drop,0.170632627911716,0.10845477787000785,3,0.11535136842838538,0.2191920672422908,64,0,0.014302732667488497,
matrix_instance,phase1,tcn,clean_only,random_03,randomized,legacy_0p5_40,0,macro_f1,structure_effect,-0.04620659167239286,0.023710506665858014,3,-0.06377191134432011,-0.028515213888533262,64,0,0.015558011092462817,
matrix_instance,phase1,tcn,clean_only,random_03,randomized,legacy_0p5_40,10,ece,electrode_absolute,0.08402720310353712,0.00491066808713333,3,0.08267208207363255,0.1278794194866792,64,0,0.0034814200757582684,
matrix_instance,phase1,tcn,clean_only,random_03,randomized,legacy_0p5_40,10,ece,electrode_drop,0.0010571006670555404,0.005542409547239493,3,-0.014681099969524786,0.00566098935136652,64,0,0.003481420075758266,
matrix_instance,phase1,tcn,clean_only,random_03,randomized,legacy_0p5_40,10,ece,independent_rms_absolute,0.08311776435005595,0.006709049269610354,3,0.07911292931672927,0.12454083190361218,64,0,0.0037616746270757073,
matrix_instance,phase1,tcn,clean_only,random_03,randomized,legacy_0p5_40,10,ece,independent_rms_drop,0.0019665394205367176,0.004905861652628259,3,-0.010898017328956407,0.006425022209316761,64,0,0.003761674627075701,
matrix_instance,phase1,tcn,clean_only,random_03,randomized,legacy_0p5_40,10,ece,structure_effect,0.0009094387534811773,0.0030230273283723703,3,-0.0008267797649220857,0.006394303755072366,64,0,0.004195448210856024,
matrix_instance,phase1,tcn,clean_only,random_03,randomized,legacy_0p5_40,10,macro_auroc,electrode_absolute,0.936080108179156,0.0071654651073795725,3,0.9004665800249039,0.9640619708049967,64,0,0.0018177042320897381,
matrix_instance,phase1,tcn,clean_only,random_03,randomized,legacy_0p5_40,10,macro_auroc,electrode_drop,0.0034454475243493447,0.0017403842260451433,3,-0.0001378003635174723,0.00656874104906172,64,0,0.001817704232089748,
matrix_instance,phase1,tcn,clean_only,random_03,randomized,legacy_0p5_40,10,macro_auroc,independent_rms_absolute,0.9364183213126163,0.00702440812919067,3,0.9012069755821411,0.9651770401788662,64,0,0.0012038137547615753,
matrix_instance,phase1,tcn,clean_only,random_03,randomized,legacy_0p5_40,10,macro_auroc,independent_rms_drop,0.003107234390889163,0.0019483239626847792,3,-0.0004506483304908945,0.006722669060930141,64,0,0.0012038137547616145,
matrix_instance,phase1,tcn,clean_only,random_03,randomized,legacy_0p5_40,10,macro_auroc,structure_effect,-0.00033821313346018195,0.0005644871755665509,3,-0.0021424678227574667,0.001305046058393103,64,0,0.0026487805950930273,
matrix_instance,phase1,tcn,clean_only,random_03,randomized,legacy_0p5_40,10,macro_f1,electrode_absolute,0.755371316188644,0.01164303431949447,3,0.695092444679215,0.8061474519559041,64,0,0.0083508156153247,
matrix_instance,phase1,tcn,clean_only,random_03,randomized,legacy_0p5_40,10,macro_f1,electrode_drop,0.005571342389546342,0.0240206384057956,3,-0.016933023260689115,0.0181394775718216,64,0,0.008350815615324669,
matrix_instance,phase1,tcn,clean_only,random_03,randomized,legacy_0p5_40,10,macro_f1,independent_rms_absolute,0.7539599434636037,0.011163469636873346,3,0.691388650119983,0.8075947888694429,64,0,0.0036875576814773083,
matrix_instance,phase1,tcn,clean_only,random_03,randomized,legacy_0p5_40,10,macro_f1,independent_rms_drop,0.006982715114586517,0.020857596575871617,3,-0.011573820469749037,0.017354878959403183,64,0,0.0036875576814772992,
matrix_instance,phase1,tcn,clean_only,random_03,randomized,legacy_0p5_40,10,macro_f1,structure_effect,0.001411372725040173,0.004349362832706218,3,-0.006545751878982935,0.009351952665472566,64,0,0.010630478467499007,
matrix_instance,phase1,tcn,clean_only,random_04,randomized,legacy_0p5_40,0,ece,electrode_absolute,0.1643718302592687,0.08132473193693798,3,0.1644974799615127,0.20255668047028946,64,0,0.004352438003888625,
matrix_instance,phase1,tcn,clean_only,random_04,randomized,legacy_0p5_40,0,ece,electrode_drop,-0.079287526488676,0.08250358570331083,3,-0.12142839633580964,-0.052964323727098035,64,0,0.0043524380038886135,
matrix_instance,phase1,tcn,clean_only,random_04,randomized,legacy_0p5_40,0,ece,independent_rms_absolute,0.16589432685409622,0.0695277112542477,3,0.16462247561230658,0.20616820741861222,64,0,0.0024155581757978103,
matrix_instance,phase1,tcn,clean_only,random_04,randomized,legacy_0p5_40,0,ece,independent_rms_drop,-0.08081002308350355,0.07148398305914806,3,-0.12426593612093348,-0.05487942823466743,64,0,0.0024155581757978038,
matrix_instance,phase1,tcn,clean_only,random_04,randomized,legacy_0p5_40,0,ece,structure_effect,-0.0015224965948275248,0.017879251530395258,3,-0.006183893314199884,0.002619080973984259,64,0,0.005167113177770473,
matrix_instance,phase1,tcn,clean_only,random_04,randomized,legacy_0p5_40,0,macro_auroc,electrode_absolute,0.9120300663244963,0.005002085344883674,3,0.8754587409511008,0.9412277758038025,64,0,0.0027704232190157146,
matrix_instance,phase1,tcn,clean_only,random_04,randomized,legacy_0p5_40,0,macro_auroc,electrode_drop,0.027495489379009086,0.013603659867857752,3,0.013894097797115925,0.04720974333997028,64,0,0.0027704232190157636,
matrix_instance,phase1,tcn,clean_only,random_04,randomized,legacy_0p5_40,0,macro_auroc,independent_rms_absolute,0.9107063355492754,0.0045030393818313,3,0.8707667902224027,0.9401467762252362,64,0,0.003244140905941431,
matrix_instance,phase1,tcn,clean_only,random_04,randomized,legacy_0p5_40,0,macro_auroc,independent_rms_drop,0.02881922015423001,0.013377093571561464,3,0.015993185689897566,0.04834240819485816,64,0,0.0032441409059414876,
matrix_instance,phase1,tcn,clean_only,random_04,randomized,legacy_0p5_40,0,macro_auroc,structure_effect,0.0013237307752209228,0.001482859548903772,3,-0.0031616704445381577,0.0070350279311146725,64,0,0.0031913707075269275,
matrix_instance,phase1,tcn,clean_only,random_04,randomized,legacy_0p5_40,0,macro_f1,electrode_absolute,0.6045564653547344,0.1060396604797214,3,0.5325306286440479,0.6690183925066827,64,0,0.006153157440587188,
matrix_instance,phase1,tcn,clean_only,random_04,randomized,legacy_0p5_40,0,macro_f1,electrode_drop,0.15638619322345595,0.12953053409895007,3,0.09795039456940607,0.2125202776979602,64,0,0.00615315744058719,
matrix_instance,phase1,tcn,clean_only,random_04,randomized,legacy_0p5_40,0,macro_f1,independent_rms_absolute,0.5918718283702719,0.08033055009393386,3,0.5224613505810523,0.6611048587315895,64,0,0.014839258513677591,
matrix_instance,phase1,tcn,clean_only,random_04,randomized,legacy_0p5_40,0,macro_f1,independent_rms_drop,0.16907083020791847,0.10859739463127356,3,0.11297287171937276,0.218130465841289,64,0,0.014839258513677603,
matrix_instance,phase1,tcn,clean_only,random_04,randomized,legacy_0p5_40,0,macro_f1,structure_effect,0.012684636984462509,0.039806381076217846,3,-0.0010362594791701724,0.02759595429086562,64,0,0.014902142917008586,
matrix_instance,phase1,tcn,clean_only,random_04,randomized,legacy_0p5_40,10,ece,electrode_absolute,0.0833381260224786,0.0058102261495002186,3,0.07830947690303396,0.12434865419482986,64,0,0.002853117981950715,
matrix_instance,phase1,tcn,clean_only,random_04,randomized,legacy_0p5_40,10,ece,electrode_drop,0.0017461777481140514,0.005563044991108409,3,-0.009946421105410025,0.005455471577349645,64,0,0.002853117981950713,
matrix_instance,phase1,tcn,clean_only,random_04,randomized,legacy_0p5_40,10,ece,independent_rms_absolute,0.08298512168780307,0.006990523690805328,3,0.0789156455560655,0.12468290981225921,64,0,0.0032897304948341006,
matrix_instance,phase1,tcn,clean_only,random_04,randomized,legacy_0p5_40,10,ece,independent_rms_drop,0.0020991820827896126,0.005610736560881419,3,-0.010690714586042023,0.006202054516069134,64,0,0.003289730494834102,
matrix_instance,phase1,tcn,clean_only,random_04,randomized,legacy_0p5_40,10,ece,structure_effect,0.00035300433467556127,0.0016430078774931046,3,-0.0028584903589955837,0.002856327931046036,64,0,0.005539676538100836,
matrix_instance,phase1,tcn,clean_only,random_04,randomized,legacy_0p5_40,10,macro_auroc,electrode_absolute,0.9366426687362587,0.007955333305543483,3,0.9021250593759943,0.9656500714745441,64,0,0.0014086737813037834,
matrix_instance,phase1,tcn,clean_only,random_04,randomized,legacy_0p5_40,10,macro_auroc,electrode_drop,0.0028828869672466698,0.0009539291720916097,3,-0.0004987244740443762,0.005871483658510437,64,0,0.0014086737813037505,
matrix_instance,phase1,tcn,clean_only,random_04,randomized,legacy_0p5_40,10,macro_auroc,independent_rms_absolute,0.936463083280581,0.006973681070978928,3,0.9012072894293878,0.9652461145572241,64,0,0.0011955939946020587,
matrix_instance,phase1,tcn,clean_only,random_04,randomized,legacy_0p5_40,10,macro_auroc,independent_rms_drop,0.003062472422924296,0.0020147824792256155,3,-0.0004738886520887982,0.006742142934346294,64,0,0.0011955939946020212,
matrix_instance,phase1,tcn,clean_only,random_04,randomized,legacy_0p5_40,10,macro_auroc,structure_effect,0.00017958545567762588,0.0011731304622796166,3,-0.0016224379970438932,0.0016087309514520476,64,0,0.0017604976453076614,
matrix_instance,phase1,tcn,clean_only,random_04,randomized,legacy_0p5_40,10,macro_f1,electrode_absolute,0.753345486930954,0.011683596032342418,3,0.6923271884320317,0.8043766721378344,64,0,0.00432902166601124,
matrix_instance,phase1,tcn,clean_only,random_04,randomized,legacy_0p5_40,10,macro_f1,electrode_drop,0.007597171647236468,0.01907605002272936,3,-0.012051911734327944,0.019332439410145504,64,0,0.004329021666011258,
matrix_instance,phase1,tcn,clean_only,random_04,randomized,legacy_0p5_40,10,macro_f1,independent_rms_absolute,0.7536494032574513,0.010219335046616316,3,0.6912565068098085,0.8068300637044201,64,0,0.0037116975078833646,
matrix_instance,phase1,tcn,clean_only,random_04,randomized,legacy_0p5_40,10,macro_f1,independent_rms_drop,0.00729325532073902,0.02203864886237505,3,-0.011809329811694967,0.017358598984664866,64,0,0.0037116975078833954,
matrix_instance,phase1,tcn,clean_only,random_04,randomized,legacy_0p5_40,10,macro_f1,structure_effect,-0.0003039163264974493,0.0037556850327206625,3,-0.00830968812521382,0.005825357168979589,64,0,0.006300446044071719,
snr,phase1,resnet,clean_only,standard,standard,legacy_0p5_40,0,ece,electrode_absolute,0.20365365605192154,0.01727331405478192,3,0.1948861483284184,0.24573623753953835,64,0,0.004444336166080364,
snr,phase1,resnet,clean_only,standard,standard,legacy_0p5_40,0,ece,electrode_drop,-0.1182256688020739,0.017589062872715874,3,-0.15651625524405072,-0.06950118581117166,64,0,0.004444336166080354,
snr,phase1,resnet,clean_only,standard,standard,legacy_0p5_40,0,ece,independent_rms_absolute,0.18279247753692404,0.005670316092538127,3,0.1792223241939558,0.22399576226429777,64,0,0.0051391690910605236,
snr,phase1,resnet,clean_only,standard,standard,legacy_0p5_40,0,ece,independent_rms_drop,-0.0973644902870764,0.005590480439053357,3,-0.13469120508720386,-0.056576253090642695,64,0,0.005139169091060514,
snr,phase1,resnet,clean_only,standard,standard,legacy_0p5_40,0,ece,structure_effect,0.02086117851499748,0.01263973464309656,3,0.012282670729438915,0.026534121404558863,64,0,0.005276981087212619,
snr,phase1,resnet,clean_only,standard,standard,legacy_0p5_40,0,macro_auroc,electrode_absolute,0.8386009782782226,0.012054601243826587,3,0.8035468648675147,0.8841675315656413,64,0,0.006478333080488638,
snr,phase1,resnet,clean_only,standard,standard,legacy_0p5_40,0,macro_auroc,electrode_drop,0.0843704365866742,0.0068106239891732225,3,0.05059587188537038,0.11412004591715427,64,0,0.0064783330804886515,
snr,phase1,resnet,clean_only,standard,standard,legacy_0p5_40,0,macro_auroc,independent_rms_absolute,0.8622519053177844,0.010031248167714054,3,0.8239382314608868,0.9027457806465592,64,0,0.008869494413225938,
snr,phase1,resnet,clean_only,standard,standard,legacy_0p5_40,0,macro_auroc,independent_rms_drop,0.06071950954711238,0.005865123874039981,3,0.03412723889093054,0.08060904669149371,64,0,0.008869494413225933,
snr,phase1,resnet,clean_only,standard,standard,legacy_0p5_40,0,macro_auroc,structure_effect,-0.023650927039561828,0.009622729053998315,3,-0.03326464655639892,-0.01355938127977708,64,0,0.00912937203949603,
snr,phase1,resnet,clean_only,standard,standard,legacy_0p5_40,0,macro_f1,electrode_absolute,0.4916174564669646,0.017660666057094057,3,0.41914214596595295,0.5581130569349466,64,0,0.01150748425104847,
snr,phase1,resnet,clean_only,standard,standard,legacy_0p5_40,0,macro_f1,electrode_drop,0.25016347430176156,0.024504221876749478,3,0.189093457628992,0.3082462082409734,64,0,0.011507484251048446,
snr,phase1,resnet,clean_only,standard,standard,legacy_0p5_40,0,macro_f1,independent_rms_absolute,0.5574792707139032,0.021330083961465535,3,0.4792412961408486,0.6312257611461767,64,0,0.019328785361692996,
snr,phase1,resnet,clean_only,standard,standard,legacy_0p5_40,0,macro_f1,independent_rms_drop,0.18430166005482293,0.027417498709341695,3,0.12554196141684099,0.2318180888768058,64,0,0.01932878536169299,
snr,phase1,resnet,clean_only,standard,standard,legacy_0p5_40,0,macro_f1,structure_effect,-0.0658618142469386,0.004028567192709139,3,-0.08600732937656065,-0.043602852138342266,64,0,0.02155087340898162,
snr,phase1,resnet,clean_only,standard,standard,legacy_0p5_40,5,ece,electrode_absolute,0.1474097375356392,0.005194385445366441,3,0.14710270496126074,0.18415411118507824,64,0,0.00301725101199836,
snr,phase1,resnet,clean_only,standard,standard,legacy_0p5_40,5,ece,electrode_drop,-0.061981750285791566,0.004873950851580932,3,-0.09108453936431857,-0.03519137727323891,64,0,0.00301725101199835,
snr,phase1,resnet,clean_only,standard,standard,legacy_0p5_40,5,ece,independent_rms_absolute,0.12949509886156596,0.0041844562153954806,3,0.13409863107410033,0.16708563134327395,64,0,0.002331899615914348,
snr,phase1,resnet,clean_only,standard,standard,legacy_0p5_40,5,ece,independent_rms_drop,-0.04406711161171833,0.005634792055628184,3,-0.06880716120996334,-0.02255930203591852,64,0,0.0023318996159143518,
snr,phase1,resnet,clean_only,standard,standard,legacy_0p5_40,5,ece,structure_effect,0.01791463867407325,0.0012954180083134257,3,0.00978899761378596,0.024030590080499948,64,0,0.004954531083846451,
snr,phase1,resnet,clean_only,standard,standard,legacy_0p5_40,5,macro_auroc,electrode_absolute,0.8954780578793574,0.011144394736445283,3,0.8554555582570964,0.9325985693792622,64,0,0.004768675123967929,
snr,phase1,resnet,clean_only,standard,standard,legacy_0p5_40,5,macro_auroc,electrode_drop,0.02749335698553938,0.005561023771404183,3,0.01291499866726115,0.03996308912278492,64,0,0.004768675123967948,
snr,phase1,resnet,clean_only,standard,standard,legacy_0p5_40,5,macro_auroc,independent_rms_absolute,0.9011976738249019,0.009798397645053768,3,0.8611345110332598,0.9378045188340466,64,0,0.006213684716880776,
snr,phase1,resnet,clean_only,standard,standard,legacy_0p5_40,5,macro_auroc,independent_rms_drop,0.021773741039994823,0.0046974704471493345,3,0.009257622638572422,0.03314300225607444,64,0,0.0062136847168807715,
snr,phase1,resnet,clean_only,standard,standard,legacy_0p5_40,5,macro_auroc,structure_effect,-0.005719615945544554,0.001868563792069119,3,-0.010198434685689895,-0.00018913492879472273,64,0,0.006608066541864367,
snr,phase1,resnet,clean_only,standard,standard,legacy_0p5_40,5,macro_f1,electrode_absolute,0.6406709388095462,0.027576486192084016,3,0.5523487944637149,0.7054725694072961,64,0,0.00679185765709885,
snr,phase1,resnet,clean_only,standard,standard,legacy_0p5_40,5,macro_f1,electrode_drop,0.10110999195918004,0.030035272505543102,3,0.057444778191271445,0.13932937811896104,64,0,0.00679185765709885,
snr,phase1,resnet,clean_only,standard,standard,legacy_0p5_40,5,macro_f1,independent_rms_absolute,0.6658158409562883,0.01683271080555411,3,0.5827274077666083,0.7339067077471337,64,0,0.009772656887440757,
snr,phase1,resnet,clean_only,standard,standard,legacy_0p5_40,5,macro_f1,independent_rms_drop,0.07596508981243795,0.021257814217308137,3,0.03801746772339401,0.10840366383548405,64,0,0.0097726568874408,
snr,phase1,resnet,clean_only,standard,standard,legacy_0p5_40,5,macro_f1,structure_effect,-0.025144902146742077,0.011114848879101318,3,-0.03921672094694442,-0.011604337558504284,64,0,0.014036317487291946,
snr,phase1,resnet,clean_only,standard,standard,legacy_0p5_40,10,ece,electrode_absolute,0.10597701527837027,0.005827302993596657,3,0.11577513411585268,0.14426876308869088,64,0,0.004622435232030856,
snr,phase1,resnet,clean_only,standard,standard,legacy_0p5_40,10,ece,electrode_drop,-0.020549028028522612,0.007448940981097201,3,-0.036074900566184794,-0.00839374871460724,64,0,0.0046224352320308505,
snr,phase1,resnet,clean_only,standard,standard,legacy_0p5_40,10,ece,independent_rms_absolute,0.09852183333729307,0.005381102479240958,3,0.107779218613057,0.14055287049510207,64,0,0.0033136871610355387,
snr,phase1,resnet,clean_only,standard,standard,legacy_0p5_40,10,ece,independent_rms_drop,-0.01309384608744542,0.0030239326407118317,3,-0.025585448631673648,-0.004260095515034576,64,0,0.0033136871610355396,
snr,phase1,resnet,clean_only,standard,standard,legacy_0p5_40,10,ece,structure_effect,0.007455181941077191,0.004425745697817783,3,0.0016993578844147186,0.01212015516081122,64,0,0.00622113213550947,
snr,phase1,resnet,clean_only,standard,standard,legacy_0p5_40,10,macro_auroc,electrode_absolute,0.9120201305487282,0.00602405906692762,3,0.8689811780132445,0.9471755571472861,64,0,0.0016544944052047218,
snr,phase1,resnet,clean_only,standard,standard,legacy_0p5_40,10,macro_auroc,electrode_drop,0.010951284316168472,0.0005312694014561876,3,0.004777823693955065,0.016484963867836742,64,0,0.0016544944052047051,
snr,phase1,resnet,clean_only,standard,standard,legacy_0p5_40,10,macro_auroc,independent_rms_absolute,0.9137468915525414,0.006579545240111071,3,0.8715984231454927,0.9491519750619338,64,0,0.0030808903844241438,
snr,phase1,resnet,clean_only,standard,standard,legacy_0p5_40,10,macro_auroc,independent_rms_drop,0.00922452331235512,0.0011679387642525919,3,0.004173051133266006,0.014292136788697687,64,0,0.0030808903844241754,
snr,phase1,resnet,clean_only,standard,standard,legacy_0p5_40,10,macro_auroc,structure_effect,-0.0017267610038133533,0.0015709248650864157,3,-0.004293116139409972,0.0013624031942953163,64,0,0.002929191633122317,
snr,phase1,resnet,clean_only,standard,standard,legacy_0p5_40,10,macro_f1,electrode_absolute,0.7043552830762918,0.022225239720210687,3,0.617155029054568,0.7673915559148383,64,0,0.015085403022861545,
snr,phase1,resnet,clean_only,standard,standard,legacy_0p5_40,10,macro_f1,electrode_drop,0.03742564769243436,0.021614869688779712,3,0.008553771532125167,0.06580694189101176,64,0,0.0150854030228615,
snr,phase1,resnet,clean_only,standard,standard,legacy_0p5_40,10,macro_f1,independent_rms_absolute,0.7019968179048056,0.02080788776851189,3,0.6212281373083856,0.7703118112074002,64,0,0.005397890767053698,
snr,phase1,resnet,clean_only,standard,standard,legacy_0p5_40,10,macro_f1,independent_rms_drop,0.039784112863920425,0.019058875143024144,3,0.011058753206063626,0.06415138156779246,64,0,0.0053978907670536955,
snr,phase1,resnet,clean_only,standard,standard,legacy_0p5_40,10,macro_f1,structure_effect,0.0023584651714860672,0.003163366515130182,3,-0.010160783985338196,0.013420159475322909,64,0,0.013412852261769796,
snr,phase1,resnet,clean_only,standard,standard,legacy_0p5_40,15,ece,electrode_absolute,0.08738689976465376,0.009281684022285849,3,0.09239870684214749,0.13045415238356795,64,0,0.003431140533214471,
snr,phase1,resnet,clean_only,standard,standard,legacy_0p5_40,15,ece,electrode_drop,-0.0019589125148061254,0.007970656653127371,3,-0.012831276352421504,0.003718466584385972,64,0,0.0034311405332144718,
snr,phase1,resnet,clean_only,standard,standard,legacy_0p5_40,15,ece,independent_rms_absolute,0.08613565625011327,0.005484006625382687,3,0.09217815744589752,0.13125205916462007,64,0,0.0011606572604022881,
snr,phase1,resnet,clean_only,standard,standard,legacy_0p5_40,15,ece,independent_rms_drop,-0.0007076690002656176,0.004958262671263363,3,-0.010304251861888445,0.00410573609320724,64,0,0.0011606572604022937,
snr,phase1,resnet,clean_only,standard,standard,legacy_0p5_40,15,ece,structure_effect,0.001251243514540508,0.004043448183176207,3,-0.0020620376351612743,0.004503557555920837,64,0,0.002386524938638446,
snr,phase1,resnet,clean_only,standard,standard,legacy_0p5_40,15,macro_auroc,electrode_absolute,0.9187456418296263,0.005220822570938776,3,0.8749659111938624,0.9536833687706057,64,0,0.0012893514481519376,
snr,phase1,resnet,clean_only,standard,standard,legacy_0p5_40,15,macro_auroc,electrode_drop,0.0042257730352704415,0.0006955605959598695,3,0.00016126694693492882,0.007683671582326676,64,0,0.0012893514481518962,
snr,phase1,resnet,clean_only,standard,standard,legacy_0p5_40,15,macro_auroc,independent_rms_absolute,0.9202036175335686,0.005719538514890019,3,0.8780387236271054,0.9539608438228716,64,0,0.001816649339396803,
snr,phase1,resnet,clean_only,standard,standard,legacy_0p5_40,15,macro_auroc,independent_rms_drop,0.0027677973313281604,0.0009287144820062854,3,-0.00019591774065644006,0.005594820677096604,64,0,0.0018166493393967755,
snr,phase1,resnet,clean_only,standard,standard,legacy_0p5_40,15,macro_auroc,structure_effect,-0.0014579757039422814,0.0007830788308283337,3,-0.003951986279093002,0.0007671479656912667,64,0,0.002134879933292534,
snr,phase1,resnet,clean_only,standard,standard,legacy_0p5_40,15,macro_f1,electrode_absolute,0.7257103493200102,0.019852723501270396,3,0.6435662380630168,0.792584836227286,64,0,0.007953140309015826,
snr,phase1,resnet,clean_only,standard,standard,legacy_0p5_40,15,macro_f1,electrode_drop,0.016070581448715926,0.014087382393355566,3,-0.0030678932487379434,0.03228854188706196,64,0,0.007953140309015755,
snr,phase1,resnet,clean_only,standard,standard,legacy_0p5_40,15,macro_f1,independent_rms_absolute,0.7317864411742331,0.019077968266320328,3,0.6572399620459108,0.8002515796142781,64,0,0.0033258483499794033,
snr,phase1,resnet,clean_only,standard,standard,legacy_0p5_40,15,macro_f1,independent_rms_drop,0.00999448959449308,0.013825904238619171,3,-0.007985671256943121,0.026395377908854163,64,0,0.003325848349979385,
snr,phase1,resnet,clean_only,standard,standard,legacy_0p5_40,15,macro_f1,structure_effect,-0.006076091854222847,0.001156057284418466,3,-0.014740907310548359,0.0009379022481022713,64,0,0.00896790841364656,
snr,phase1,resnet,clean_only,standard,standard,legacy_0p5_40,20,ece,electrode_absolute,0.08342226224368332,0.007198098548489198,3,0.08709890950188912,0.12951030217706502,64,0,0.002582514866896797,
snr,phase1,resnet,clean_only,standard,standard,legacy_0p5_40,20,ece,electrode_drop,0.002005725006164322,0.002686499957045948,3,-0.005632283345327886,0.0051569501233323135,64,0,0.0025825148668967967,
snr,phase1,resnet,clean_only,standard,standard,legacy_0p5_40,20,ece,independent_rms_absolute,0.08229097269012332,0.004451889119069327,3,0.08599062244799167,0.12803936240386876,64,0,0.0033189562489841333,
snr,phase1,resnet,clean_only,standard,standard,legacy_0p5_40,20,ece,independent_rms_drop,0.0031370145597243177,0.004295668263238987,3,-0.004219102933781754,0.007019690781663048,64,0,0.0033189562489841368,
snr,phase1,resnet,clean_only,standard,standard,legacy_0p5_40,20,ece,structure_effect,0.0011312895535599955,0.0031470587292347797,3,-0.0017998686314479883,0.004419638996598511,64,0,0.004008094419771932,
snr,phase1,resnet,clean_only,standard,standard,legacy_0p5_40,20,macro_auroc,electrode_absolute,0.9217812693251924,0.005902782004725039,3,0.8792286575869284,0.9567466982521317,64,0,0.0006490315341754972,
snr,phase1,resnet,clean_only,standard,standard,legacy_0p5_40,20,macro_auroc,electrode_drop,0.0011901455397042942,0.0001880684635229975,3,-0.001325504495161356,0.0031499035469009025,64,0,0.0006490315341755367,
snr,phase1,resnet,clean_only,standard,standard,legacy_0p5_40,20,macro_auroc,independent_rms_absolute,0.9225944301641148,0.006260430183511876,3,0.8803738670396477,0.9564560589628117,64,0,0.0010945970508046488,
snr,phase1,resnet,clean_only,standard,standard,legacy_0p5_40,20,macro_auroc,independent_rms_drop,0.00037698470078180907,0.0007401316352686768,3,-0.0013086151243356559,0.0018982917735080546,64,0,0.0010945970508046304,
snr,phase1,resnet,clean_only,standard,standard,legacy_0p5_40,20,macro_auroc,structure_effect,-0.000813160838922485,0.0008914410998458745,3,-0.0020264854207738404,0.0006482817250562132,64,0,0.0014580617233922732,
snr,phase1,resnet,clean_only,standard,standard,legacy_0p5_40,20,macro_f1,electrode_absolute,0.7378891908790227,0.023010089495014065,3,0.6579720924968457,0.8091237776941578,64,0,0.0038706824805087485,
snr,phase1,resnet,clean_only,standard,standard,legacy_0p5_40,20,macro_f1,electrode_drop,0.0038917398897034584,0.01544010601335887,3,-0.007786589046141175,0.01454971349681189,64,0,0.0038706824805087164,
snr,phase1,resnet,clean_only,standard,standard,legacy_0p5_40,20,macro_f1,independent_rms_absolute,0.740905977979157,0.02022803409849588,3,0.6624116160045189,0.8103488283302785,64,0,0.004801410533301797,
snr,phase1,resnet,clean_only,standard,standard,legacy_0p5_40,20,macro_f1,independent_rms_drop,0.0008749527895691658,0.01324532975202121,3,-0.012094156183991182,0.010426432532204226,64,0,0.004801410533301817,
snr,phase1,resnet,clean_only,standard,standard,legacy_0p5_40,20,macro_f1,structure_effect,-0.003016787100134292,0.0029611306003819505,3,-0.007550363611836829,0.0036365177510297216,64,0,0.008073065874597983,
snr,phase1,tcn,clean_only,standard,standard,legacy_0p5_40,0,ece,electrode_absolute,0.2243414939905439,0.07937298523447187,3,0.21533820096213568,0.2660986375429744,64,0,0.0032394968227426576,
snr,phase1,tcn,clean_only,standard,standard,legacy_0p5_40,0,ece,electrode_drop,-0.13925719021995125,0.08058155708949155,3,-0.18560870459817735,-0.10073087222205276,64,0,0.0032394968227426654,
snr,phase1,tcn,clean_only,standard,standard,legacy_0p5_40,0,ece,independent_rms_absolute,0.1663153273517706,0.06899634784526734,3,0.16495487751114185,0.20613949289115327,64,0,0.0019180911897165016,
snr,phase1,tcn,clean_only,standard,standard,legacy_0p5_40,0,ece,independent_rms_drop,-0.08123102358117791,0.07100119604383312,3,-0.12403848138175612,-0.05531006413105495,64,0,0.0019180911897165019,
snr,phase1,tcn,clean_only,standard,standard,legacy_0p5_40,0,ece,structure_effect,0.05802616663877336,0.017134846171407977,3,0.037596014921645105,0.06632632873996853,64,0,0.0030858796954190905,
snr,phase1,tcn,clean_only,standard,standard,legacy_0p5_40,0,macro_auroc,electrode_absolute,0.898271809415682,0.009971409053260645,3,0.856842807211909,0.9296959137164326,64,0,0.002231536350224788,
snr,phase1,tcn,clean_only,standard,standard,legacy_0p5_40,0,macro_auroc,electrode_drop,0.041253746287823426,0.018812536301368327,3,0.024006201790277217,0.06316826569986517,64,0,0.002231536350224764,
snr,phase1,tcn,clean_only,standard,standard,legacy_0p5_40,0,macro_auroc,independent_rms_absolute,0.9106756011960604,0.004467469703411426,3,0.8704153893836147,0.940335409729648,64,0,0.003046883273932284,
snr,phase1,tcn,clean_only,standard,standard,legacy_0p5_40,0,macro_auroc,independent_rms_drop,0.028849954507444934,0.013326050358106648,3,0.01606310933822329,0.048667829043916935,64,0,0.0030468832739323284,
snr,phase1,tcn,clean_only,standard,standard,legacy_0p5_40,0,macro_auroc,structure_effect,-0.012403791780378488,0.005939348327201351,3,-0.017599580456513126,-0.003916960229530044,64,0,0.0027359009578812065,
snr,phase1,tcn,clean_only,standard,standard,legacy_0p5_40,0,macro_f1,electrode_absolute,0.4792866357671151,0.08283245413555489,3,0.4020287234464297,0.5483011274525428,64,0,0.005693283000594956,
snr,phase1,tcn,clean_only,standard,standard,legacy_0p5_40,0,macro_f1,electrode_drop,0.28165602281107527,0.10533416584762137,3,0.22316958086398228,0.3358719832216203,64,0,0.005693283000594962,
snr,phase1,tcn,clean_only,standard,standard,legacy_0p5_40,0,macro_f1,independent_rms_absolute,0.591455711479364,0.08029833157296196,3,0.5209977894018389,0.6607751262479635,64,0,0.015274616139300609,
snr,phase1,tcn,clean_only,standard,standard,legacy_0p5_40,0,macro_f1,independent_rms_drop,0.16948694709882625,0.10851177914032518,3,0.11333580346570735,0.21826206841423287,64,0,0.015274616139300633,
snr,phase1,tcn,clean_only,standard,standard,legacy_0p5_40,0,macro_f1,structure_effect,-0.11216907571224899,0.03287446318424478,3,-0.13854407293656185,-0.0956403761322084,64,0,0.011619730606611405,
snr,phase1,tcn,clean_only,standard,standard,legacy_0p5_40,5,ece,electrode_absolute,0.11374322811793537,0.02998049434177143,3,0.11752548741228101,0.15205841642333207,64,0,0.0025370491805697605,
snr,phase1,tcn,clean_only,standard,standard,legacy_0p5_40,5,ece,electrode_drop,-0.028658924347342695,0.0316735245749085,3,-0.05987114072694327,-0.015583826536156486,64,0,0.0025370491805697592,
snr,phase1,tcn,clean_only,standard,standard,legacy_0p5_40,5,ece,independent_rms_absolute,0.09800519928808273,0.01775362519263692,3,0.1002175598687492,0.14222602992645145,64,0,0.0026684688888474316,
snr,phase1,tcn,clean_only,standard,standard,legacy_0p5_40,5,ece,independent_rms_drop,-0.012920895517490054,0.019246270788038672,3,-0.037127501645156824,-0.0032953933126563415,64,0,0.002668468888847426,
snr,phase1,tcn,clean_only,standard,standard,legacy_0p5_40,5,ece,structure_effect,0.015738028829852643,0.012427253790962368,3,0.008734087598200354,0.022830210116798172,64,0,0.003570761491727299,
snr,phase1,tcn,clean_only,standard,standard,legacy_0p5_40,5,macro_auroc,electrode_absolute,0.926031508231887,0.0027926055029469073,3,0.8895220148117446,0.9548335988616865,64,0,0.0013853664857903466,
snr,phase1,tcn,clean_only,standard,standard,legacy_0p5_40,5,macro_auroc,electrode_drop,0.01349404747161835,0.006307386504762326,3,0.006406335086033269,0.023720065694561157,64,0,0.00138536648579037,
snr,phase1,tcn,clean_only,standard,standard,legacy_0p5_40,5,macro_auroc,independent_rms_absolute,0.929739615669562,0.005097149943152867,3,0.8940999192683634,0.9592037198477306,64,0,0.0020833639266701937,
snr,phase1,tcn,clean_only,standard,standard,legacy_0p5_40,5,macro_auroc,independent_rms_drop,0.009785940033943372,0.003939268458598752,3,0.003418112275718912,0.018934365174813877,64,0,0.002083363926670151,
snr,phase1,tcn,clean_only,standard,standard,legacy_0p5_40,5,macro_auroc,structure_effect,-0.00370810743767498,0.002385846466451268,3,-0.006360891780546349,-0.0003136747458684101,64,0,0.0023648247731582832,
snr,phase1,tcn,clean_only,standard,standard,legacy_0p5_40,5,macro_f1,electrode_absolute,0.6764556371054754,0.022294074986941203,3,0.6156199044233983,0.7416004828327161,64,0,0.005909727912850748,
snr,phase1,tcn,clean_only,standard,standard,legacy_0p5_40,5,macro_f1,electrode_drop,0.08448702147271482,0.050491535130362655,3,0.04573794657880772,0.12363794932825616,64,0,0.00590972791285079,
snr,phase1,tcn,clean_only,standard,standard,legacy_0p5_40,5,macro_f1,independent_rms_absolute,0.7093721607408018,0.018275967851143705,3,0.6408141784577365,0.7733871218867009,64,0,0.0072784590428861895,
snr,phase1,tcn,clean_only,standard,standard,legacy_0p5_40,5,macro_f1,independent_rms_drop,0.05157049783738846,0.045045524395205726,3,0.018139764337694757,0.077794654698876,64,0,0.007278459042886168,
snr,phase1,tcn,clean_only,standard,standard,legacy_0p5_40,5,macro_f1,structure_effect,-0.03291652363532637,0.005917381906366853,3,-0.053799945812681285,-0.01738701925726516,64,0,0.011542191633679318,
snr,phase1,tcn,clean_only,standard,standard,legacy_0p5_40,10,ece,electrode_absolute,0.08382327093112851,0.0056731393826781485,3,0.08492956683973538,0.12782345610593865,64,0,0.0032557565586335295,
snr,phase1,tcn,clean_only,standard,standard,legacy_0p5_40,10,ece,electrode_drop,0.0012610328394641525,0.006588561453696979,3,-0.0165942625287311,0.005559207268821822,64,0,0.0032557565586335347,
snr,phase1,tcn,clean_only,standard,standard,legacy_0p5_40,10,ece,independent_rms_absolute,0.08265372428277301,0.006728754186590095,3,0.0793475770549911,0.12444632186743011,64,0,0.0038288594564549845,
snr,phase1,tcn,clean_only,standard,standard,legacy_0p5_40,10,ece,independent_rms_drop,0.002430579487819665,0.005266464360457937,3,-0.01064725261382062,0.006492672931423374,64,0,0.00382885945645498,
snr,phase1,tcn,clean_only,standard,standard,legacy_0p5_40,10,ece,structure_effect,0.0011695466483555125,0.003161984250891927,3,-0.00027442286592075656,0.0075463992596063,64,0,0.003942236567566511,
snr,phase1,tcn,clean_only,standard,standard,legacy_0p5_40,10,macro_auroc,electrode_absolute,0.9354639821169511,0.006792520606005395,3,0.8991907468416213,0.9640364225580679,64,0,0.0005092924107842442,
snr,phase1,tcn,clean_only,standard,standard,legacy_0p5_40,10,macro_auroc,electrode_drop,0.004061573586554216,0.002170359650669962,3,-0.0003178608042951651,0.0076525197731044025,64,0,0.0005092924107842061,
snr,phase1,tcn,clean_only,standard,standard,legacy_0p5_40,10,macro_auroc,independent_rms_absolute,0.9364093894005033,0.007014118184664563,3,0.9011776945634414,0.9653008909994016,64,0,0.0012211190875647995,
snr,phase1,tcn,clean_only,standard,standard,legacy_0p5_40,10,macro_auroc,independent_rms_drop,0.003116166303002019,0.0019466141191189028,3,-0.00047781974840267256,0.006769687574436023,64,0,0.001221119087564774,
snr,phase1,tcn,clean_only,standard,standard,legacy_0p5_40,10,macro_auroc,structure_effect,-0.0009454072835521971,0.0008861745428826864,3,-0.002776905518807649,0.001797800547919596,64,0,0.0014056739501549869,
snr,phase1,tcn,clean_only,standard,standard,legacy_0p5_40,10,macro_f1,electrode_absolute,0.7398662337391411,0.004588116715804155,3,0.6788336621779982,0.7925557259608144,64,0,0.0020474591113403386,
snr,phase1,tcn,clean_only,standard,standard,legacy_0p5_40,10,macro_f1,electrode_drop,0.021076424839049323,0.027931492085446645,3,-0.0053572643054674495,0.03873679248992101,64,0,0.002047459111340349,
snr,phase1,tcn,clean_only,standard,standard,legacy_0p5_40,10,macro_f1,independent_rms_absolute,0.7533457031432951,0.009268264361799533,3,0.6907002513970867,0.8061900163131132,64,0,0.004177700681736909,
snr,phase1,tcn,clean_only,standard,standard,legacy_0p5_40,10,macro_f1,independent_rms_drop,0.007596955434895324,0.02328349532476509,3,-0.011509584317896395,0.01816010435311416,64,0,0.004177700681736892,
snr,phase1,tcn,clean_only,standard,standard,legacy_0p5_40,10,macro_f1,structure_effect,-0.013479469404154005,0.005180984942313938,3,-0.022549303705078096,-0.003890074066762075,64,0,0.004516342452578315,
snr,phase1,tcn,clean_only,standard,standard,legacy_0p5_40,15,ece,electrode_absolute,0.08313523085137907,0.005584903954969105,3,0.07534250309740032,0.12322344718090326,64,0,0.0026930293049283105,
snr,phase1,tcn,clean_only,standard,standard,legacy_0p5_40,15,ece,electrode_drop,0.0019490729192136005,0.0028855451510338024,3,-0.007151398462768158,0.004387921993927822,64,0,0.002693029304928312,
snr,phase1,tcn,clean_only,standard,standard,legacy_0p5_40,15,ece,independent_rms_absolute,0.08459948957443054,0.007320163372376028,3,0.07466940231039776,0.12304426062722153,64,0,0.002717428691413315,
snr,phase1,tcn,clean_only,standard,standard,legacy_0p5_40,15,ece,independent_rms_drop,0.00048481419616210676,0.003907622306663097,3,-0.005689233721618087,0.0037044469062194447,64,0,0.002717428691413313,
snr,phase1,tcn,clean_only,standard,standard,legacy_0p5_40,15,ece,structure_effect,-0.0014642587230514934,0.0017722641668808925,3,-0.002472707911278961,0.002878624602968193,64,0,0.004621263988127286,
snr,phase1,tcn,clean_only,standard,standard,legacy_0p5_40,15,macro_auroc,electrode_absolute,0.9385098684792058,0.007543816946706584,3,0.9030990093915252,0.9665527486702544,64,0,0.0007657949215341058,
snr,phase1,tcn,clean_only,standard,standard,legacy_0p5_40,15,macro_auroc,electrode_drop,0.0010156872242994242,0.001390226512956834,3,-0.0014565395137066425,0.0035443548933517368,64,0,0.0007657949215340938,
snr,phase1,tcn,clean_only,standard,standard,legacy_0p5_40,15,macro_auroc,independent_rms_absolute,0.9384262356392491,0.007999616079514162,3,0.9036916700891185,0.9663239056904674,64,0,0.0006505174349944293,
snr,phase1,tcn,clean_only,standard,standard,legacy_0p5_40,15,macro_auroc,independent_rms_drop,0.0010993200642563804,0.0009759527899001931,3,-0.0007414137528713976,0.002945703023710771,64,0,0.0006505174349944309,
snr,phase1,tcn,clean_only,standard,standard,legacy_0p5_40,15,macro_auroc,structure_effect,8.363283995695599e-05,0.0007654310172450255,3,-0.0017813222335284968,0.0016599659276603537,64,0,0.0006079746915265353,
snr,phase1,tcn,clean_only,standard,standard,legacy_0p5_40,15,macro_f1,electrode_absolute,0.7575338710429809,0.0218226169707414,3,0.6893951325221103,0.8079664749669059,64,0,0.003275998514707417,
snr,phase1,tcn,clean_only,standard,standard,legacy_0p5_40,15,macro_f1,electrode_drop,0.00340878753520937,0.008690688608670293,3,-0.010126550889770049,0.013637760551992182,64,0,0.0032759985147074134,
snr,phase1,tcn,clean_only,standard,standard,legacy_0p5_40,15,macro_f1,independent_rms_absolute,0.7597872521013262,0.020634896784817218,3,0.6903135207742765,0.8126775488763903,64,0,0.001724809727825808,
snr,phase1,tcn,clean_only,standard,standard,legacy_0p5_40,15,macro_f1,independent_rms_drop,0.001155406476864024,0.011401871180268495,3,-0.009028583374218703,0.007353523716537288,64,0,0.0017248097278258637,
snr,phase1,tcn,clean_only,standard,standard,legacy_0p5_40,15,macro_f1,structure_effect,-0.0022533810583453455,0.005951787418515858,3,-0.011825711503530099,0.004381322462110914,64,0,0.002686070097445231,
snr,phase1,tcn,clean_only,standard,standard,legacy_0p5_40,20,ece,electrode_absolute,0.08629630861275168,0.0060219957683788515,3,0.07357556089447802,0.12418918848335457,64,0,0.00260643200937837,
snr,phase1,tcn,clean_only,standard,standard,legacy_0p5_40,20,ece,electrode_drop,-0.001212004842159028,0.0021261951140351984,3,-0.00553061393895635,0.003048714529527506,64,0,0.00260643200937837,
snr,phase1,tcn,clean_only,standard,standard,legacy_0p5_40,20,ece,independent_rms_absolute,0.08602802810486336,0.005563249718453444,3,0.07378237432366919,0.12316800568439702,64,0,0.001806687389051938,
snr,phase1,tcn,clean_only,standard,standard,legacy_0p5_40,20,ece,independent_rms_drop,-0.0009437243342706836,0.0015259011951463518,3,-0.004276970877496531,0.002630563180312368,64,0,0.001806687389051938,
snr,phase1,tcn,clean_only,standard,standard,legacy_0p5_40,20,ece,structure_effect,0.0002682805078883444,0.0006003706616198073,3,-0.002306076112903065,0.0027432725032235004,64,0,0.003214949264728646,
snr,phase1,tcn,clean_only,standard,standard,legacy_0p5_40,20,macro_auroc,electrode_absolute,0.9389732731243399,0.008444567201559304,3,0.9036352214936856,0.9661566387986112,64,0,0.0003449306145774256,
snr,phase1,tcn,clean_only,standard,standard,legacy_0p5_40,20,macro_auroc,electrode_drop,0.0005522825791653975,0.0005014478189148754,3,-0.0007322903255650231,0.0018100999918143111,64,0,0.0003449306145774411,
snr,phase1,tcn,clean_only,standard,standard,legacy_0p5_40,20,macro_auroc,independent_rms_absolute,0.9391229757384303,0.008562973253035398,3,0.9043862431107161,0.9662503038426159,64,0,0.00028073138552483254,
snr,phase1,tcn,clean_only,standard,standard,legacy_0p5_40,20,macro_auroc,independent_rms_drop,0.00040257996507504627,0.0004996421554803999,3,-0.0010202783349600021,0.0016456525041101222,64,0,0.00028073138552479996,
snr,phase1,tcn,clean_only,standard,standard,legacy_0p5_40,20,macro_auroc,structure_effect,-0.00014970261409035112,0.0005673873186018986,3,-0.0011556685703137633,0.0007469544342797872,64,0,0.00025098678566287045,
snr,phase1,tcn,clean_only,standard,standard,legacy_0p5_40,20,macro_f1,electrode_absolute,0.7594825132178342,0.027323237249689738,3,0.6874341389785771,0.8087141687282676,64,0,0.0022080730009806683,
snr,phase1,tcn,clean_only,standard,standard,legacy_0p5_40,20,macro_f1,electrode_drop,0.0014601453603560587,0.006262458392708859,3,-0.0038912734315604018,0.00979764751229608,64,0,0.0022080730009806423,
snr,phase1,tcn,clean_only,standard,standard,legacy_0p5_40,20,macro_f1,independent_rms_absolute,0.7613860800169673,0.026260802365382144,3,0.6892550973577419,0.8127405553264844,64,0,0.003284738793144007,
snr,phase1,tcn,clean_only,standard,standard,legacy_0p5_40,20,macro_f1,independent_rms_drop,-0.00044342143877702035,0.0042331855915691986,3,-0.0054017965310243716,0.004069883201027522,64,0,0.0032847387931440922,
snr,phase1,tcn,clean_only,standard,standard,legacy_0p5_40,20,macro_f1,structure_effect,-0.0019035667991330796,0.00454523812936759,3,-0.007480411574389139,0.0021612126207652734,64,0,0.005352613189621254,
