scope,source_id,noise_seed,condition,family,band_id,n_records,achieved_snr_0,achieved_snr_0_min,achieved_snr_0_max,achieved_snr_0_n_defined,max_snr_abs_error_db,max_snr_abs_error_db_min,max_snr_abs_error_db_max,max_snr_abs_error_db_n_defined,max_scaled_noise_snr_abs_error_db,max_scaled_noise_snr_abs_error_db_min,max_scaled_noise_snr_abs_error_db_max,max_scaled_noise_snr_abs_error_db_n_defined,max_lead_rms_relative_error,max_lead_rms_relative_error_min,max_lead_rms_relative_error_max,max_lead_rms_relative_error_n_defined,max_scaled_lead_rms_relative_error,max_scaled_lead_rms_relative_error_min,max_scaled_lead_rms_relative_error_max,max_scaled_lead_rms_relative_error_n_defined,effective_cross_lead_correlation,effective_cross_lead_correlation_min,effective_cross_lead_correlation_max,effective_cross_lead_correlation_n_defined,active_lead_count,active_lead_count_min,active_lead_count_max,active_lead_count_n_defined,power_fraction_0_5,power_fraction_0_5_min,power_fraction_0_5_max,power_fraction_0_5_n_defined,power_fraction_5_15,power_fraction_5_15_min,power_fraction_5_15_max,power_fraction_5_15_n_defined,power_fraction_15_40,power_fraction_15_40_min,power_fraction_15_40_max,power_fraction_15_40_n_defined,power_fraction_40_50,power_fraction_40_50_min,power_fraction_40_50_max,power_fraction_40_50_n_defined,crop_mean_removed_rms,crop_mean_removed_rms_min,crop_mean_removed_rms_max,crop_mean_removed_rms_n_defined,crop_to_long_source_power_ratio,crop_to_long_source_power_ratio_min,crop_to_long_source_power_ratio_max,crop_to_long_source_power_ratio_n_defined,crop_demeaning_retained_power_fraction,crop_demeaning_retained_power_fraction_min,crop_demeaning_retained_power_fraction_max,crop_demeaning_retained_power_fraction_n_defined,source_fft_df_hz,source_fft_df_hz_min,source_fft_df_hz_max,source_fft_df_hz_n_defined,source_lowest_retained_hz,source_lowest_retained_hz_min,source_lowest_retained_hz_max,source_lowest_retained_hz_n_defined
source_seed_condition,standard,8128,electrode,standard,legacy_0p5_40,100,9.81422207102659e-10,-1.5081153920055724e-08,1.200880464017393e-08,100,1.437111070767827e-07,1.0606545242097809e-07,1.8211902386155998e-07,100,1.4888641281629588e-07,1.380771017522875e-07,1.5897713012691383e-07,100,2.815964308343747e-08,1.3044846014198387e-08,5.751047675572946e-08,100,6.6194152934549e-09,4.466238825599895e-09,1.0434926583685803e-08,100,0.1975703852703991,0.18465848931365553,0.20901729908624272,100,12.0,12.0,12.0,100,0.11369327545583702,0.10034564343113973,0.1375951910563339,100,0.2523306190093539,0.22235461924650235,0.2807632007040501,100,0.6313318413606714,0.5982535181379203,0.6625851019725276,100,0.0026442641741375927,0.00036543710526566053,0.00833681548288053,100,7.610358683939482e-18,3.550399960757109e-18,1.2727114331433543e-17,100,1.0,1.0,1.0,100,1.0,1.0,1.0,100,0.09999999999999981,0.1,0.1,100,0.5,0.5,0.5,100
overall,__overall__,,electrode,all,all,7200,7.375961454539396e-11,-2.3571424702021422e-08,2.6559507002597604e-08,7200,6.612243943148065e-08,2.4264751985469957e-08,2.0663453881297755e-07,7200,6.599468240479448e-08,3.929925540546719e-08,1.6385014234288064e-07,7200,1.2417640776673716e-08,3.080782169339887e-09,6.5470156984229e-08,7200,5.524510827523855e-09,1.6444169505504532e-09,1.1994309472837553e-08,7200,0.23304040625122524,0.013535862345056698,0.3966861644626575,7200,11.5,6.0,12.0,7200,0.16741123626107468,1.0784739954772123e-05,0.9953417357704408,7200,0.2732406830761063,0.00027350866724884157,0.9963984787784465,7200,0.5571714352663748,4.238923751489604e-05,0.9982443899694085,7200,0.002176645396444441,5.449150847850696e-06,0.010384297706278512,7200,0.0022287659014358766,9.678699938266252e-19,0.041952375636936524,7200,1.0001553649358292,0.7879725591463159,1.1729151290234563,7200,0.99977862951193,0.9882230321851002,1.0000000000000002,7200,0.07000000000000403,0.01,0.1,7200,2.0458333333333125,0.05,15.0,7200
source_seed_condition,standard,8128,independent_rms,standard,legacy_0p5_40,100,4.962434851088813e-10,-1.127783239767939e-08,1.1766941668949749e-08,100,1.443968715797439e-07,1.069723900570807e-07,1.965923956959159e-07,100,1.4901636930630956e-07,1.378413401198486e-07,1.6007488667924008e-07,100,2.815964308343747e-08,1.3044846014198387e-08,5.751047675572946e-08,100,6.6194152934549e-09,4.466238825599895e-09,1.0434926583685803e-08,100,0.027719003941358462,0.01937846620996385,0.036041940259613714,100,12.0,12.0,12.0,100,0.11379414026515375,0.10422796974706579,0.12503420077438598,100,0.25190405993722786,0.23701502803168903,0.269432126500631,100,0.6317040449173205,0.6115768476904767,0.6473127334820997,100,0.002597754880297832,0.001198802412006531,0.005069258690650159,100,5.427737696290924e-18,2.732291720472657e-18,8.882709334673362e-18,100,1.0,1.0,1.0,100,1.0,0.9999999999999999,1.0,100,0.09999999999999981,0.1,0.1,100,0.5,0.5,0.5,100
overall,__overall__,,independent_rms,all,all,7200,-9.264164039675451e-11,-2.4392907309817946e-08,2.256245067984627e-08,7200,6.565400674427322e-08,1.644050584559409e-08,2.087432520170296e-07,7200,6.573952602950684e-08,3.56646587817977e-08,1.6255637191875394e-07,7200,1.2417640776673716e-08,3.080782169339887e-09,6.5470156984229e-08,7200,5.524510827523855e-09,1.6444169505504532e-09,1.1994309472837553e-08,7200,0.03540013128327557,0.014421168133795733,0.10815810178483119,7200,11.5,6.0,12.0,7200,0.16720037117887157,2.2248050740182524e-05,0.9935918440558204,7200,0.27343878314262965,0.0004529940283955996,0.9947708620327901,7200,0.5571555013072272,0.0001038771144339034,0.9974483663320636,7200,0.00220534437127225,1.789413834696583e-05,0.007686457464916456,7200,0.0018405026165155154,2.642859423360307e-18,0.028172294354501696,7200,0.9999923695224127,0.8861681773387009,1.11330906574216,7200,0.9997728477500774,0.9920044993767342,1.0,7200,0.07000000000000403,0.01,0.1,7200,2.0458333333333125,0.05,15.0,7200
source_seed_condition,limb_only,8128,electrode,limb_only,legacy_0p5_40,100,-3.34344108293099e-10,-1.7329832021094707e-08,1.668275231301617e-08,100,5.80280728890159e-08,3.59352991807782e-08,8.649743676869548e-08,100,5.764183969247938e-08,4.337685588495788e-08,7.146846847660981e-08,100,1.4074856696103145e-08,6.328990588400847e-09,3.38587456733527e-08,100,5.2659602540800315e-09,3.1034875395775946e-09,9.76226834615784e-09,100,0.36811520480867604,0.35446314075347596,0.3943952998582114,100,12.0,12.0,12.0,100,0.1135792320949733,0.09501789350123988,0.14097278427469115,100,0.25245378876808644,0.2139992684581262,0.2847202436937934,100,0.6313526186764513,0.5948017608483099,0.6670199908127561,100,0.0026143604604892384,0.00019723273355067342,0.00927318164306453,100,6.105984788461767e-18,2.4289961274084988e-18,1.203555498185307e-17,100,1.0,1.0,1.0,100,1.0,1.0,1.0,100,0.09999999999999981,0.1,0.1,100,0.5,0.5,0.5,100
source_seed_condition,limb_only,8128,independent_rms,limb_only,legacy_0p5_40,100,2.9866629186712126e-10,-1.8542779989265553e-08,1.2174757682085967e-08,100,5.906749660056221e-08,3.345421006883953e-08,7.741818031092862e-08,100,5.874902011981931e-08,4.5661703751420646e-08,7.502202592490903e-08,100,1.4074856696103145e-08,6.328990588400847e-09,3.38587456733527e-08,100,5.2659602540800315e-09,3.1034875395775946e-09,9.76226834615784e-09,100,0.02771900390469029,0.01937846557894875,0.03604193969451355,100,12.0,12.0,12.0,100,0.1137549713181774,0.1031533717084934,0.1244155540273948,100,0.2522704740000501,0.23419807057698339,0.2687312979386972,100,0.6314012034959693,0.611554736510907,0.6492697034232627,100,0.002573351185802994,0.0007878781704938692,0.006186077676352596,100,5.427737696290924e-18,2.732291720472657e-18,8.882709334673362e-18,100,1.0,1.0,1.0,100,1.0,0.9999999999999999,1.0,100,0.09999999999999981,0.1,0.1,100,0.5,0.5,0.5,100
source_seed_condition,precordial_only,8128,electrode,precordial_only,legacy_0p5_40,100,6.945157154847434e-12,-1.9824370233648425e-08,2.6559507002597604e-08,100,5.85760836280258e-08,3.0725839650358466e-08,9.057680827595505e-08,100,5.769790114129592e-08,4.331713832073092e-08,7.538613644442194e-08,100,7.918090366694404e-09,3.080782169339887e-09,1.5819760585248718e-08,100,4.589941539702942e-09,2.133320395251276e-09,8.434101039789097e-09,100,0.028530993464136754,0.013535862345056698,0.04118343771025855,100,6.0,6.0,6.0,100,0.11331750018121728,0.09898661882252567,0.12706459297237743,100,0.2524102108435693,0.2250520168147225,0.2702560126566887,100,0.6315546947504953,0.6071432336410323,0.657275334045799,100,0.0027175942247180894,0.000804106592378489,0.0059717169366112,100,3.869848224565109e-18,1.500513412242058e-18,7.454219611166888e-18,100,1.0,1.0,1.0,100,1.0,1.0,1.0,100,0.09999999999999981,0.1,0.1,100,0.5,0.5,0.5,100
source_seed_condition,precordial_only,8128,independent_rms,precordial_only,legacy_0p5_40,100,-7.045985019896681e-10,-1.776321235824431e-08,1.8259843339624377e-08,100,5.5796670572760834e-08,1.644050584559409e-08,8.825448638560829e-08,100,5.66292045256489e-08,3.9635150272943065e-08,7.120721967623922e-08,100,7.918090366694404e-09,3.080782169339887e-09,1.5819760585248718e-08,100,4.589941539702942e-09,2.133320395251276e-09,8.434101039789097e-09,100,0.027607671996010462,0.015734379171191994,0.050906546443853354,100,6.0,6.0,6.0,100,0.11382155537781256,0.09668552006030345,0.12994154790965468,100,0.25123618520247404,0.23065198382238675,0.27527055442553267,100,0.6322912794943293,0.6115261523158042,0.6532216281993247,100,0.0026509799253840475,0.0009277810059959152,0.00648919526894405,100,5.427737696290924e-18,2.732291720472657e-18,8.882709334673362e-18,100,1.0,1.0,1.0,100,1.0,0.9999999999999999,1.0,100,0.09999999999999981,0.1,0.1,100,0.5,0.5,0.5,100
source_seed_condition,random_00,8128,electrode,randomized,legacy_0p5_40,100,4.0435755988016024e-11,-1.2383947827635645e-08,1.6880761528268288e-08,100,6.039807018964893e-08,3.3751327066511294e-08,7.825338776967783e-08,100,5.882725787387244e-08,4.1317676391372515e-08,7.25681381652521e-08,100,1.0757442837867722e-08,6.007699646759961e-09,2.7550374209940817e-08,100,5.458060231820149e-09,3.2110316716746305e-09,9.068338157549707e-09,100,0.25043109697669513,0.2381726113482243,0.2648021304061293,100,12.0,12.0,12.0,100,0.11349409856273639,0.09988524897196166,0.1322678491188613,100,0.2521381746963681,0.22179052244606304,0.27497504542032253,100,0.6317171049460745,0.6032309717064952,0.6642939568056582,100,0.0026506217948210026,0.00042841426827199897,0.008440458784467862,100,7.354043237692513e-18,3.8400451581805236e-18,1.2669520891110436e-17,100,1.0,1.0,1.0,100,1.0,1.0,1.0,100,0.09999999999999981,0.1,0.1,100,0.5,0.5,0.5,100
source_seed_condition,random_00,8128,independent_rms,randomized,legacy_0p5_40,100,5.919282077354946e-10,-1.0945880988690955e-08,1.268054936550074e-08,100,5.7813387215333024e-08,3.650361435347804e-08,7.351794195642469e-08,100,5.742050369406115e-08,4.526799557424965e-08,6.672872210344849e-08,100,1.0757442837867722e-08,6.007699646759961e-09,2.7550374209940817e-08,100,5.458060231820149e-09,3.2110316716746305e-09,9.068338157549707e-09,100,0.027719003954277514,0.019378466112227363,0.03604193998451081,100,12.0,12.0,12.0,100,0.11379602619279704,0.10393050152768873,0.1253085608210869,100,0.2518928919036973,0.23744307300173945,0.269664804393965,100,0.6317149558925425,0.6113840769248889,0.6468294521034293,100,0.00259612601096276,0.0011830487873789647,0.004978576701434021,100,5.427737696290924e-18,2.732291720472657e-18,8.882709334673362e-18,100,1.0,1.0,1.0,100,1.0,0.9999999999999999,1.0,100,0.09999999999999981,0.1,0.1,100,0.5,0.5,0.5,100
source_seed_condition,random_01,8128,electrode,randomized,legacy_0p5_40,100,1.610397763912495e-10,-1.5054348991538673e-08,1.3839357570333065e-08,100,5.8632122250656945e-08,3.5822001365204414e-08,7.891949316274349e-08,100,5.8627875603178836e-08,4.8557547316363525e-08,7.256327094751214e-08,100,1.0796441893605253e-08,4.895735030325575e-09,2.1906015257626572e-08,100,5.4470518333317745e-09,2.7386873023245464e-09,9.87914204959732e-09,100,0.2637449915441216,0.24685572500915348,0.28373709364428457,100,12.0,12.0,12.0,100,0.11340646106893583,0.09757760985496919,0.1355770215728384,100,0.2518368488045207,0.217621092522905,0.2786020872681944,100,0.6322082505713612,0.6024223636071427,0.6597339015866359,100,0.002548439555182228,0.0004719034079260804,0.007517662560740887,100,7.576432353465786e-18,3.666538502885441e-18,1.144355796582671e-17,100,1.0,1.0,1.0,100,1.0,1.0,1.0,100,0.09999999999999981,0.1,0.1,100,0.5,0.5,0.5,100
source_seed_condition,random_01,8128,independent_rms,randomized,legacy_0p5_40,100,-4.1242769648392527e-10,-1.1696543384764326e-08,1.2021361148081182e-08,100,5.647095864702578e-08,3.642363033407037e-08,8.926376082740717e-08,100,5.7618917317370233e-08,4.4808164290088826e-08,7.165486870519544e-08,100,1.0796441893605253e-08,4.895735030325575e-09,2.1906015257626572e-08,100,5.4470518333317745e-09,2.7386873023245464e-09,9.87914204959732e-09,100,0.02771900394666125,0.01937846619969372,0.03604194009210116,100,12.0,12.0,12.0,100,0.11379660563353579,0.10406299016086552,0.12542152667264306,100,0.2518784446515621,0.23709331889770718,0.2695060200593458,100,0.6317287983555455,0.611829866375805,0.6471201620987268,100,0.0025961513593565477,0.0012117978570463153,0.005054626339422809,100,5.427737696290924e-18,2.732291720472657e-18,8.882709334673362e-18,100,1.0,1.0,1.0,100,1.0,0.9999999999999999,1.0,100,0.09999999999999981,0.1,0.1,100,0.5,0.5,0.5,100
source_seed_condition,random_02,8128,electrode,randomized,legacy_0p5_40,100,2.717511794122171e-10,-1.5305926599202315e-08,1.3678275346502862e-08,100,5.9067055548922557e-08,3.593919117861333e-08,8.84725448457857e-08,100,5.891280370207142e-08,4.569290368294787e-08,7.829367199008175e-08,100,1.1606869345423975e-08,5.723783413866962e-09,3.418149036641886e-08,100,5.57556120294339e-09,3.2321482580843675e-09,1.0141885106118925e-08,100,0.2952835483506025,0.2769244673786414,0.3109839314787737,100,12.0,12.0,12.0,100,0.11250194705551878,0.0974730776496455,0.13206147536460466,100,0.25366390457090005,0.22736855546784737,0.2816358317110977,100,0.6311690388606044,0.603160323830309,0.662652222784549,100,0.0026651095129765854,0.000441987346264005,0.0064671224971960374,100,7.432339673134109e-18,4.39625888431457e-18,1.4614516416515085e-17,100,1.0,1.0,1.0,100,1.0,1.0,1.0,100,0.09999999999999981,0.1,0.1,100,0.5,0.5,0.5,100
source_seed_condition,random_02,8128,independent_rms,randomized,legacy_0p5_40,100,7.156918936419674e-10,-1.3555356424346049e-08,1.2376507523775721e-08,100,5.8550497001874644e-08,3.498520939615446e-08,8.493215197802328e-08,100,5.812654825021468e-08,4.452020618828101e-08,7.220775444238825e-08,100,1.1606869345423975e-08,5.723783413866962e-09,3.418149036641886e-08,100,5.57556120294339e-09,3.2321482580843675e-09,1.0141885106118925e-08,100,0.027719003948883384,0.019378466284238272,0.0360419394879411,100,12.0,12.0,12.0,100,0.113768377737517,0.103959473291603,0.1252538492549057,100,0.2519490913856529,0.23726009339561147,0.2697234772813851,100,0.6316907229669882,0.611294406873824,0.647184914662531,100,0.0025918079098419707,0.0011783055415773094,0.005007071011287429,100,5.427737696290924e-18,2.732291720472657e-18,8.882709334673362e-18,100,1.0,1.0,1.0,100,1.0,0.9999999999999999,1.0,100,0.09999999999999981,0.1,0.1,100,0.5,0.5,0.5,100
source_seed_condition,random_03,8128,electrode,randomized,legacy_0p5_40,100,-8.49827874601024e-10,-1.4065174178002225e-08,1.3235298989857125e-08,100,5.9040364863705006e-08,3.7331112423544255e-08,7.952393410448622e-08,100,5.8168752108400666e-08,4.4931233844636154e-08,6.983506040114662e-08,100,1.1101449500842875e-08,3.204236527237123e-09,2.6571322374532238e-08,100,5.456664547373114e-09,2.8169671792466745e-09,9.844179766916261e-09,100,0.2932677446070585,0.27903299065631376,0.3123411054559765,100,12.0,12.0,12.0,100,0.11331855507032977,0.09961220962566708,0.13725151284746614,100,0.2526469056958771,0.22325535273357566,0.2807201109871154,100,0.6313823318061835,0.5992190543283862,0.6614940776154004,100,0.0026522074276096757,0.0003392226587601796,0.009075489651901145,100,7.659206096049595e-18,3.489704890724912e-18,1.347111270108067e-17,100,1.0,1.0,1.0,100,1.0,1.0,1.0,100,0.09999999999999981,0.1,0.1,100,0.5,0.5,0.5,100
source_seed_condition,random_03,8128,independent_rms,randomized,legacy_0p5_40,100,1.3965068911616936e-10,-1.5997199442291255e-08,1.4314250272972627e-08,100,5.900657866320103e-08,3.225809663831569e-08,8.379993232665583e-08,100,5.859403204411251e-08,4.7347789688956254e-08,6.984587841429857e-08,100,1.1101449500842875e-08,3.204236527237123e-09,2.6571322374532238e-08,100,5.456664547373114e-09,2.8169671792466745e-09,9.844179766916261e-09,100,0.02771900399633645,0.019378465985596255,0.0360419404857947,100,12.0,12.0,12.0,100,0.11379053413984225,0.10424184263119414,0.1251836361406187,100,0.2519290426234345,0.23681416017216184,0.27009137783574166,100,0.6316847820083495,0.6110637011195376,0.6475570182799938,100,0.0025956412283738638,0.001193300562667132,0.004998237415907107,100,5.427737696290924e-18,2.732291720472657e-18,8.882709334673362e-18,100,1.0,1.0,1.0,100,1.0,0.9999999999999999,1.0,100,0.09999999999999981,0.1,0.1,100,0.5,0.5,0.5,100
source_seed_condition,random_04,8128,electrode,randomized,legacy_0p5_40,100,-2.9335176461855236e-10,-1.2187901981785693e-08,1.1386806675630158e-08,100,5.831641990639014e-08,3.142032767300407e-08,8.068832535457204e-08,100,5.8509467351086645e-08,4.550017962401398e-08,6.76326887827372e-08,100,1.1016719577011657e-08,5.692314498430294e-09,1.9820210665508684e-08,100,5.682384875759039e-09,3.1722997855038072e-09,9.727310231186302e-09,100,0.25719603308868616,0.24490564586586414,0.2758913251964754,100,12.0,12.0,12.0,100,0.11402600808159555,0.10052084210598866,0.13486076090444485,100,0.25181546970794944,0.21948985970286086,0.27537486779882536,100,0.6315051991908127,0.5987491488076442,0.6619310789283217,100,0.0026533230196425788,0.0004212264367843916,0.009162906297667205,100,7.61427649842981e-18,4.521575513798027e-18,1.2326975779492608e-17,100,1.0,1.0,1.0,100,1.0,1.0,1.0,100,0.09999999999999981,0.1,0.1,100,0.5,0.5,0.5,100
source_seed_condition,random_04,8128,independent_rms,randomized,legacy_0p5_40,100,1.3538977316203028e-09,-1.4894693489134419e-08,1.2662957139579739e-08,100,5.753876227032606e-08,3.54507534439108e-08,7.792872480649748e-08,100,5.8121607597882983e-08,4.635227135452169e-08,7.560417714103096e-08,100,1.1016719577011657e-08,5.692314498430294e-09,1.9820210665508684e-08,100,5.682384875759039e-09,3.1722997855038072e-09,9.727310231186302e-09,100,0.027719003976024094,0.01937846611338098,0.036041940127281444,100,12.0,12.0,12.0,100,0.11379618949725961,0.10430415771790695,0.12550928597057182,100,0.25190209461004354,0.23770151594223082,0.26956922372989706,100,0.6317076189954206,0.6115868303938495,0.646737238167277,100,0.002594096897276375,0.0011799462946928568,0.005021776707705125,100,5.427737696290924e-18,2.732291720472657e-18,8.882709334673362e-18,100,1.0,1.0,1.0,100,1.0,0.9999999999999999,1.0,100,0.09999999999999981,0.1,0.1,100,0.5,0.5,0.5,100
source_seed_condition,band_0p05_5,8128,electrode,standard,band_0p05_5,100,-8.94994200349108e-10,-1.549872700109275e-08,9.557787025105716e-09,100,5.773334006420328e-08,3.5213252758126146e-08,8.527607775477009e-08,100,5.795886323767263e-08,4.4035662227770445e-08,6.981831823793527e-08,100,1.039871995362258e-08,5.158186622810284e-09,2.188829597851597e-08,100,5.521956851127873e-09,2.7253418853958204e-09,9.523075821341182e-09,100,0.22944145910368394,0.19873793495073458,0.270628676439122,100,12.0,12.0,12.0,100,0.983744518494005,0.9607691729807127,0.9943178243581238,100,0.015560612583515154,0.005524461451128328,0.03754768864469376,100,0.0005834367033479865,0.00010341113074329807,0.00221114047264219,100,0.00011143221913219737,1.8408062144263785e-05,0.0004245842502135913,100,0.01849600196511151,0.007260201646202121,0.030385542768802783,100,1.003283810896745,0.878894198218097,1.1287626587798487,100,0.9975974604646727,0.9940545661204536,0.9996722804955583,100,0.010000000000000007,0.01,0.01,100,0.049999999999999906,0.05,0.05,100
source_seed_condition,band_0p05_5,8128,independent_rms,standard,band_0p05_5,100,-4.735001171234791e-10,-1.0842169980221662e-08,1.0906236976889149e-08,100,5.8038178867292345e-08,3.8729417894955986e-08,7.885606123636535e-08,100,5.765075803410014e-08,4.5202506626651484e-08,7.339910013115514e-08,100,1.039871995362258e-08,5.158186622810284e-09,2.188829597851597e-08,100,5.521956851127873e-09,2.7253418853958204e-09,9.523075821341182e-09,100,0.08061341239738339,0.06373985659775339,0.10103909984716886,100,12.0,12.0,12.0,100,0.9835126136360957,0.9716314696167457,0.9906375859606851,100,0.015843427969801815,0.008843304856232642,0.02762258806074635,100,0.0005407625431567889,0.0001038771144339034,0.0012805450854873489,100,0.0001031958509457025,1.789413834696583e-05,0.0002466077598732066,100,0.016018450709126667,0.007265383576902712,0.02613989633997102,100,0.9976896672956331,0.919133863688818,1.0895975403821918,100,0.9972838717378246,0.9935490967378188,0.9994338000912119,100,0.010000000000000007,0.01,0.01,100,0.049999999999999906,0.05,0.05,100
source_seed_condition,band_5_15,8128,electrode,standard,band_5_15,100,-7.409583475933908e-11,-1.64647039533323e-08,1.1263575269000666e-08,100,5.784703537514702e-08,4.170841805262171e-08,7.554721470626191e-08,100,5.779077481449235e-08,4.330212632908115e-08,6.810211949925815e-08,100,1.0858251729856124e-08,5.49842153891781e-09,2.8108244243170683e-08,100,5.602808308060993e-09,2.9711461982409897e-09,1.1217259391809756e-08,100,0.2145449935750101,0.18996544866184104,0.24217669989419877,100,12.0,12.0,12.0,100,0.002260888326100739,0.0005421383535313314,0.005767832012524267,100,0.9893487109719239,0.9784390030538762,0.9960916770215884,100,0.008264512768958747,0.002692739548188951,0.018319485457930284,100,0.00012588793301669175,2.058527092775004e-05,0.0003745473282788,100,0.0014061736950780233,0.0005112793212830063,0.0025307344650869904,100,1.0060019175312709,0.9002213312181767,1.1296479392252128,100,0.9999929334361016,0.9999793899288205,0.9999991899612378,100,0.010000000000000007,0.01,0.01,100,5.0,5.0,5.0,100
source_seed_condition,band_5_15,8128,independent_rms,standard,band_5_15,100,-2.004698653651625e-10,-1.4123543473250924e-08,1.2364538291294953e-08,100,5.946594255235027e-08,4.1447727028298686e-08,7.751964581359516e-08,100,5.91376621983386e-08,4.3918728209746405e-08,7.173780680602704e-08,100,1.0858251729856124e-08,5.49842153891781e-09,2.8108244243170683e-08,100,5.602808308060993e-09,2.9711461982409897e-09,1.1217259391809756e-08,100,0.05639484310915544,0.0446169939057586,0.07047116039145412,100,12.0,12.0,12.0,100,0.0023853250782426656,0.0012397654112987762,0.004471613448050505,100,0.9896726331250449,0.9835288987354256,0.9935488989232694,100,0.007825366737255934,0.004612019233537094,0.013075339800756137,100,0.00011667505945573111,3.654284911710985e-05,0.0003014635263984117,100,0.0011766746638728902,0.0006487923946857444,0.0018490051717543424,100,0.998432165283206,0.9229805122849013,1.0606895450114517,100,0.9999927773448666,0.9999830491234124,0.9999978230484492,100,0.010000000000000007,0.01,0.01,100,5.0,5.0,5.0,100
source_seed_condition,band_15_40,8128,electrode,standard,band_15_40,100,-2.1890627219654444e-10,-1.2422754293655512e-08,1.1541621735356886e-08,100,5.9475557865340536e-08,4.363007555241438e-08,8.112526650450036e-08,100,5.850619498204423e-08,4.3727631293677405e-08,7.059952622512355e-08,100,1.123708788414568e-08,4.421109447055869e-09,2.9744735057882887e-08,100,5.522841979532851e-09,3.048244602899615e-09,1.0407898376141516e-08,100,0.201499746293486,0.18026936629662846,0.22346678943708884,100,12.0,12.0,12.0,100,0.00010730087212741576,1.3463692866170663e-05,0.00038259707357601245,100,0.0010534904227095581,0.00027954501734995743,0.0029010754839480257,100,0.9956891702661875,0.9912664381772586,0.997957074206437,100,0.003150038438976091,0.001229219184417072,0.007868749539264624,100,0.0008493283321975683,0.0003112647332097557,0.0016960424645199687,100,0.9981784180466401,0.9335107141213886,1.0601129064763257,100,0.999998957134493,0.9999962410699647,0.99999987665792,100,0.010000000000000007,0.01,0.01,100,15.0,15.0,15.0,100
source_seed_condition,band_15_40,8128,independent_rms,standard,band_15_40,100,-7.343515412156065e-10,-1.5503645071189725e-08,1.4655440901430818e-08,100,5.859686213582904e-08,4.2821252321800785e-08,7.91350487361342e-08,100,5.819344911728308e-08,3.894758471290061e-08,7.036191362885802e-08,100,1.123708788414568e-08,4.421109447055869e-09,2.9744735057882887e-08,100,5.522841979532851e-09,3.048244602899615e-09,1.0407898376141516e-08,100,0.035488303188373115,0.02721646583319069,0.04316645313618911,100,12.0,12.0,12.0,100,0.00010432694833415292,3.365798862969099e-05,0.0002200592688021164,100,0.001031514272936929,0.0005195506617436195,0.0016265092705352413,100,0.9956005242325139,0.9936470545430784,0.9974483663320636,100,0.0032636345462147883,0.0015968032689319444,0.005235659022603322,100,0.0007026185668987134,0.00039324785541383547,0.001083329999066653,100,1.0001246674908042,0.9527057224191413,1.0384827379360777,100,0.9999989789145599,0.9999976670710282,0.9999996867416322,100,0.010000000000000007,0.01,0.01,100,15.0,15.0,15.0,100
source_seed_condition,band_0p5_40,8128,electrode,standard,band_0p5_40,100,1.344191059014488e-10,-1.6736242175384703e-08,1.3471113699148074e-08,100,5.88368399156991e-08,3.849174845527159e-08,8.816643770614974e-08,100,5.8496630543913855e-08,4.421255361819476e-08,6.963741761012443e-08,100,1.0814552839724804e-08,5.19668660714944e-09,2.2062201971974897e-08,100,5.434902581898396e-09,1.922674032865627e-09,8.915064718269849e-09,100,0.19779942993662758,0.18460342736347413,0.21190204863737339,100,12.0,12.0,12.0,100,0.11350830593823691,0.09494105827358862,0.130366577628957,100,0.2543138300596516,0.23464365035455506,0.28117270707391395,100,0.630150732599603,0.6058599998049383,0.657611005709598,100,0.0020271314025084412,0.0008590815897576537,0.00468954475355317,100,0.005401978675823078,0.0023053199347283157,0.009604664903739315,100,1.0008556361838759,0.9494761992087535,1.064113600736897,100,0.9999741649536585,0.9999250733134084,0.9999955580916949,100,0.010000000000000007,0.01,0.01,100,0.5,0.5,0.5,100
source_seed_condition,band_0p5_40,8128,independent_rms,standard,band_0p5_40,100,-1.576995770935851e-09,-1.6523411727555298e-08,1.4357097270825089e-08,100,5.7392030345937426e-08,4.0814668977873225e-08,8.027132558652283e-08,100,5.801421361084636e-08,4.3228942203654697e-08,7.190029194248382e-08,100,1.0814552839724804e-08,5.19668660714944e-09,2.2062201971974897e-08,100,5.434902581898396e-09,1.922674032865627e-09,8.915064718269849e-09,100,0.028261148504576967,0.022424983608498462,0.03592960875087861,100,12.0,12.0,12.0,100,0.11260359896258143,0.10143123413761859,0.12373330825870524,100,0.2527810887465287,0.2382843176763483,0.2671359851793233,100,0.6324992088676277,0.6187444116939836,0.6452503042479188,100,0.0021161034232622593,0.0011268127700025388,0.0033570415273455542,100,0.004247818673600143,0.002339928646398601,0.006692885281599945,100,0.9994655638326345,0.9593515071253661,1.038353040602371,100,0.9999760993280978,0.9999436479956368,0.9999931573213736,100,0.010000000000000007,0.01,0.01,100,0.5,0.5,0.5,100
source_seed_condition,standard,101,electrode,standard,legacy_0p5_40,100,7.656694173378086e-11,-1.32982734712604e-08,1.2605825558989994e-08,100,1.516286156455493e-07,1.0460192978456462e-07,2.0480833740066373e-07,100,1.490896006473008e-07,1.368923783218179e-07,1.6099959054827195e-07,100,2.6828009205816794e-08,1.3782999697562818e-08,5.254828648646558e-08,100,6.735006965529602e-09,3.8944786783565905e-09,1.1310919676614853e-08,100,0.19811785664966464,0.18575132055991503,0.21078633946428138,100,12.0,12.0,12.0,100,0.11250420745480767,0.09371607393901964,0.12866651658877745,100,0.2516888106564464,0.22642803543626344,0.27645840041319114,100,0.6331134692287439,0.6062956535434952,0.6600401909981408,100,0.002693512660002012,0.0008400638656879295,0.006602462566294943,100,7.26375943396254e-18,4.066104991912658e-18,1.238483517286001e-17,100,1.0,1.0,1.0,100,1.0,1.0,1.0,100,0.09999999999999981,0.1,0.1,100,0.5,0.5,0.5,100
source_seed_condition,standard,101,independent_rms,standard,legacy_0p5_40,100,4.1881023023593183e-10,-1.3581738977422173e-08,1.3321014200787114e-08,100,1.4765790826487546e-07,1.0209752687728724e-07,1.9959314201400957e-07,100,1.4833836583960647e-07,1.3626837969127337e-07,1.6127099300433656e-07,100,2.6828009205816794e-08,1.3782999697562818e-08,5.254828648646558e-08,100,6.735006965529602e-09,3.8944786783565905e-09,1.1310919676614853e-08,100,0.02805502580134982,0.022276568736492586,0.03447463967579935,100,12.0,12.0,12.0,100,0.1131509702488019,0.10221827596378216,0.12276346021742034,100,0.25271014624031407,0.23858591184570757,0.2764157914817498,100,0.6315348605524054,0.6111321716875013,0.6441909027215361,100,0.002604022958478867,0.0009875688640880822,0.006306165452668049,100,5.294434462099909e-18,3.1310126489029522e-18,8.854913159287908e-18,100,1.0,1.0,1.0,100,1.0,1.0,1.0,100,0.09999999999999981,0.1,0.1,100,0.5,0.5,0.5,100
source_seed_condition,limb_only,101,electrode,limb_only,legacy_0p5_40,100,-8.853723834131357e-11,-2.1874867469834303e-08,1.337284198031774e-08,100,5.88176197879875e-08,3.277573767945796e-08,8.075750734803933e-08,100,5.816958424276208e-08,4.4924837183657473e-08,7.196902629402757e-08,100,1.4401345238979019e-08,7.113215103478018e-09,3.701772136118012e-08,100,5.3850718424615355e-09,3.0735300413758115e-09,9.54335177626876e-09,100,0.36812265658014454,0.35284833400200044,0.38784966751034317,100,12.0,12.0,12.0,100,0.1119864911980061,0.0913100969641282,0.1286933431932465,100,0.2519540563568629,0.22348174553605918,0.2783528768846183,100,0.6333233082500707,0.5955135285358292,0.6671684648757088,100,0.0027361441950601016,0.0006094523751111262,0.007803282148636786,100,5.784184185799152e-18,1.907947689416858e-18,1.1601697804775609e-17,100,1.0,1.0,1.0,100,1.0,1.0,1.0,100,0.09999999999999981,0.1,0.1,100,0.5,0.5,0.5,100
source_seed_condition,limb_only,101,independent_rms,limb_only,legacy_0p5_40,100,-9.631338420924682e-10,-1.6587956575956426e-08,1.5840926260673704e-08,100,5.6407446216155675e-08,3.2936105398562177e-08,8.234028214815226e-08,100,5.716257227561527e-08,3.856771790822222e-08,7.037734128800821e-08,100,1.4401345238979019e-08,7.113215103478018e-09,3.701772136118012e-08,100,5.3850718424615355e-09,3.0735300413758115e-09,9.54335177626876e-09,100,0.02805502577719404,0.022276569344304317,0.03447463963791338,100,12.0,12.0,12.0,100,0.11302085857688164,0.10066152724886693,0.12811799524173487,100,0.25265845788285723,0.2346160402238605,0.2788929497486129,100,0.6316822314766379,0.6093171935515129,0.6535709240371849,100,0.002638452063623198,0.0008690836200136446,0.007686457464916456,100,5.294434462099909e-18,3.1310126489029522e-18,8.854913159287908e-18,100,1.0,1.0,1.0,100,1.0,1.0,1.0,100,0.09999999999999981,0.1,0.1,100,0.5,0.5,0.5,100
source_seed_condition,precordial_only,101,electrode,precordial_only,legacy_0p5_40,100,-1.003249668816445e-09,-2.3571424702021422e-08,1.5175406269610583e-08,100,5.780473657068797e-08,3.497964939924714e-08,8.553806729594271e-08,100,5.8298632730213737e-08,4.3318932441138713e-08,7.408865521085772e-08,100,8.11228874118394e-09,3.2684183570659952e-09,1.633876002597112e-08,100,4.640640505619032e-09,1.8962902087343514e-09,8.527186911833953e-09,100,0.028538298045047684,0.016715917028848778,0.041016594065146884,100,6.0,6.0,6.0,100,0.11380721241524838,0.0986797743090152,0.1355219271076875,100,0.2517089530510386,0.23456911301483477,0.2807957603360818,100,0.6317435623421104,0.6085670726505105,0.6572005452326316,100,0.0027402721916025352,0.0009152176614029029,0.0067334093983314,100,3.6675597512485885e-18,1.362758249913681e-18,6.6217458912687506e-18,100,1.0,1.0,1.0,100,1.0,1.0,1.0,100,0.09999999999999981,0.1,0.1,100,0.5,0.5,0.5,100
source_seed_condition,precordial_only,101,independent_rms,precordial_only,legacy_0p5_40,100,6.910021796139764e-11,-1.646930909916629e-08,1.850855014248793e-08,100,5.842084307872142e-08,2.4148263833012606e-08,8.498632553255447e-08,100,5.901207082104065e-08,4.561741206998704e-08,7.417514424901128e-08,100,8.11228874118394e-09,3.2684183570659952e-09,1.633876002597112e-08,100,4.640640505619032e-09,1.8962902087343514e-09,8.527186911833953e-09,100,0.028424649374935624,0.019239843336139182,0.050562769104253086,100,6.0,6.0,6.0,100,0.11341505211304143,0.10021586247398026,0.1278407220260042,100,0.2528472387855867,0.23372392343904372,0.2740340469287105,100,0.6311996739873117,0.6050590967992674,0.6537241958342721,100,0.0025380351140602262,0.0009655641855251313,0.006380258679536254,100,5.294434462099909e-18,3.1310126489029522e-18,8.854913159287908e-18,100,1.0,1.0,1.0,100,1.0,1.0,1.0,100,0.09999999999999981,0.1,0.1,100,0.5,0.5,0.5,100
source_seed_condition,random_00,101,electrode,randomized,legacy_0p5_40,100,1.3644487458625532e-11,-1.3563323697899586e-08,1.140609708222047e-08,100,5.893693412417633e-08,2.6190360102873456e-08,8.546082774785191e-08,100,5.868199304259747e-08,4.4788055930666815e-08,6.820018683129092e-08,100,1.1291553411535839e-08,4.6219537266780216e-09,2.0717115778163917e-08,100,5.392842927491831e-09,2.9415063845735826e-09,8.256477808988262e-09,100,0.2510495934228642,0.23578510277792225,0.2659605726441971,100,12.0,12.0,12.0,100,0.1125960218315811,0.09595044426272817,0.13374745131108315,100,0.25156222924675065,0.22943529676798324,0.27547414997425995,100,0.6331579832938431,0.6081785394122531,0.6602401585166723,100,0.002683765627824987,0.0009632615762800963,0.0070129021224316,100,7.258005089426554e-18,3.4708159569202936e-18,1.3076146267408236e-17,100,1.0,1.0,1.0,100,1.0,1.0,1.0,100,0.09999999999999981,0.1,0.1,100,0.5,0.5,0.5,100
source_seed_condition,random_00,101,independent_rms,randomized,legacy_0p5_40,100,-2.3306040034399003e-10,-1.1621186979015689e-08,1.1957251693954236e-08,100,5.99929887634687e-08,3.4153988082152864e-08,7.865234863402293e-08,100,5.854427030271836e-08,4.7106194500656784e-08,7.513630428945817e-08,100,1.1291553411535839e-08,4.6219537266780216e-09,2.0717115778163917e-08,100,5.392842927491831e-09,2.9415063845735826e-09,8.256477808988262e-09,100,0.02805502578276883,0.022276568948895226,0.03447463955920577,100,12.0,12.0,12.0,100,0.11316690860993157,0.10283877245259157,0.12285080297637115,100,0.2527478423023039,0.2389523767251873,0.2775017351176757,100,0.6314727494372085,0.6106022530129578,0.6439913026135207,100,0.0026124996505558547,0.0010107241409674699,0.0061987375646544475,100,5.294434462099909e-18,3.1310126489029522e-18,8.854913159287908e-18,100,1.0,1.0,1.0,100,1.0,1.0,1.0,100,0.09999999999999981,0.1,0.1,100,0.5,0.5,0.5,100
source_seed_condition,random_01,101,electrode,randomized,legacy_0p5_40,100,3.716170428872544e-10,-1.4636068094181538e-08,1.4055896337924714e-08,100,5.8290872395616586e-08,2.983040303661255e-08,8.32560491659251e-08,100,5.88869747097931e-08,4.5780769397651966e-08,7.522208811394648e-08,100,1.1454540893656099e-08,5.75016400566655e-09,2.902671386294797e-08,100,5.661152149388862e-09,3.2153458817560034e-09,1.0788756929925615e-08,100,0.26442794037189704,0.24968423041763754,0.28193869963673,100,12.0,12.0,12.0,100,0.11354692884193066,0.09634644529276243,0.12767008074006364,100,0.25174656119827543,0.22841416680872417,0.2750948062214994,100,0.6321902406386223,0.6032032629173637,0.6642226129119797,100,0.0025162693211716386,0.0007544425624872112,0.006432003141530426,100,7.689643439859407e-18,3.527179306389603e-18,1.3176933336690412e-17,100,1.0,1.0,1.0,100,1.0,1.0,1.0,100,0.09999999999999981,0.1,0.1,100,0.5,0.5,0.5,100
source_seed_condition,random_01,101,independent_rms,randomized,legacy_0p5_40,100,-2.9049008475467e-10,-1.4537143042856643e-08,1.1260496171407945e-08,100,5.799279970020166e-08,3.959640082484839e-08,8.10350080371336e-08,100,5.831365635700081e-08,4.299779909899826e-08,6.946689978803988e-08,100,1.1454540893656099e-08,5.75016400566655e-09,2.902671386294797e-08,100,5.661152149388862e-09,3.2153458817560034e-09,1.0788756929925615e-08,100,0.02805502578601328,0.02227656899126893,0.034474639812807205,100,12.0,12.0,12.0,100,0.11316710013641519,0.10264533845700437,0.12301144590182679,100,0.2527410961664043,0.23874555603643038,0.27662309791142586,100,0.6314791347826977,0.6103171791881165,0.6441610060814723,100,0.002612668914482717,0.001004600850843573,0.006198887065769146,100,5.294434462099909e-18,3.1310126489029522e-18,8.854913159287908e-18,100,1.0,1.0,1.0,100,1.0,1.0,1.0,100,0.09999999999999981,0.1,0.1,100,0.5,0.5,0.5,100
source_seed_condition,random_02,101,electrode,randomized,legacy_0p5_40,100,-2.0190321476317556e-11,-1.3038909401560988e-08,1.879637006721154e-08,100,5.736066093220415e-08,3.735657472248022e-08,8.218199809562066e-08,100,5.7708736829198416e-08,4.306310330548513e-08,6.83668197609677e-08,100,1.1288558373983343e-08,6.0445052159562304e-09,2.8751894880024117e-08,100,5.768071976795406e-09,3.1048914014298318e-09,9.547272812389462e-09,100,0.29504243612823594,0.27925743944818304,0.32089393616614414,100,12.0,12.0,12.0,100,0.11275678834448376,0.09659184293191962,0.1314275199468564,100,0.25117783876317645,0.23119610288250733,0.2801974241870265,100,0.6332831039889608,0.6085619629870365,0.6584755648507231,100,0.0027822689033788046,0.0005706635386254881,0.007003333356787405,100,7.271683466961256e-18,3.386938489268572e-18,1.2097525884274429e-17,100,1.0,1.0,1.0,100,1.0,1.0,1.0,100,0.09999999999999981,0.1,0.1,100,0.5,0.5,0.5,100
source_seed_condition,random_02,101,independent_rms,randomized,legacy_0p5_40,100,-1.579453103528224e-09,-1.593066711498305e-08,1.086406018659022e-08,100,5.818117685407742e-08,3.654976943323618e-08,7.878871599587001e-08,100,5.761527825498547e-08,4.391136698700393e-08,6.783063177806525e-08,100,1.1288558373983343e-08,6.0445052159562304e-09,2.8751894880024117e-08,100,5.768071976795406e-09,3.1048914014298318e-09,9.547272812389462e-09,100,0.028055025762738293,0.022276568834954835,0.03447463969543077,100,12.0,12.0,12.0,100,0.11314104826065692,0.10282291039113417,0.12264244006530653,100,0.2527490895471268,0.2389990497447372,0.27708099145650117,100,0.6315003024729635,0.6110047134079921,0.6441205195107703,100,0.002609559719252622,0.0010061514247737685,0.006172395529549891,100,5.294434462099909e-18,3.1310126489029522e-18,8.854913159287908e-18,100,1.0,1.0,1.0,100,1.0,1.0,1.0,100,0.09999999999999981,0.1,0.1,100,0.5,0.5,0.5,100
source_seed_condition,random_03,101,electrode,randomized,legacy_0p5_40,100,-1.1264273830075172e-10,-1.4752825006916992e-08,1.641230860470668e-08,100,5.923914217831338e-08,3.7550670128894126e-08,7.768311149902729e-08,100,5.8216684202250235e-08,4.759286476030411e-08,7.295578186017337e-08,100,1.0454653130910965e-08,4.943013262869339e-09,2.335841271334015e-08,100,5.5589050116736425e-09,3.2398856030005426e-09,9.422277710138788e-09,100,0.29259595415402334,0.2768811696551051,0.3162224957179691,100,12.0,12.0,12.0,100,0.11218099009932386,0.09481537519606803,0.12909464076705685,100,0.25184428898068906,0.22245711618784983,0.27702454342242844,100,0.6332300644536291,0.6009241056395619,0.6680535654724898,100,0.002744656466358153,0.0006081764441763432,0.007440025847214887,100,7.300619841958405e-18,3.071394090355051e-18,1.1498537934688914e-17,100,1.0,1.0,1.0,100,1.0,1.0,1.0,100,0.09999999999999981,0.1,0.1,100,0.5,0.5,0.5,100
source_seed_condition,random_03,101,independent_rms,randomized,legacy_0p5_40,100,-1.2514024287080848e-09,-1.4731626678311527e-08,1.1071572849266294e-08,100,5.713517879257779e-08,3.8000253610448453e-08,8.022410113994738e-08,100,5.766136876417249e-08,4.4536562882058206e-08,7.012632075031888e-08,100,1.0454653130910965e-08,4.943013262869339e-09,2.335841271334015e-08,100,5.5589050116736425e-09,3.2398856030005426e-09,9.422277710138788e-09,100,0.028055025823107246,0.02227656943157016,0.0344746394354071,100,12.0,12.0,12.0,100,0.11312039940121446,0.102685042789603,0.12273465352601136,100,0.2527594903829314,0.23893903294823193,0.27691546370971765,100,0.6315135026990365,0.6110579822019606,0.6444254509610162,100,0.0026066075168177916,0.0009871831701364568,0.006261000833661318,100,5.294434462099909e-18,3.1310126489029522e-18,8.854913159287908e-18,100,1.0,1.0,1.0,100,1.0,1.0,1.0,100,0.09999999999999981,0.1,0.1,100,0.5,0.5,0.5,100
source_seed_condition,random_04,101,electrode,randomized,legacy_0p5_40,100,-4.183462469799908e-10,-1.2051992079089053e-08,1.3742281617565808e-08,100,5.869843054284729e-08,3.602472631314413e-08,7.859320128034142e-08,100,5.896112790892971e-08,4.6559469168983014e-08,7.478467800581257e-08,100,1.1311195352883993e-08,5.95248327569358e-09,2.1551498129066783e-08,100,5.446284769859782e-09,2.8847400470104325e-09,9.849484978218131e-09,100,0.2575894168467804,0.24151306513366935,0.27097466985361973,100,12.0,12.0,12.0,100,0.11294450626861442,0.0943828791809208,0.1327483995586,100,0.25209107275445836,0.2262403756734644,0.2807378654655878,100,0.6323537217513898,0.6038689294979928,0.6606360948574717,100,0.0026106992255373104,0.0008349368762121499,0.007582692056962217,100,7.604612584315713e-18,4.315136647158963e-18,1.198012441269488e-17,100,1.0,1.0,1.0,100,1.0,1.0,1.0,100,0.09999999999999981,0.1,0.1,100,0.5,0.5,0.5,100
source_seed_condition,random_04,101,independent_rms,randomized,legacy_0p5_40,100,-1.692656931395373e-10,-1.0507886827446758e-08,1.2690375862356214e-08,100,5.992949404287629e-08,3.893672761989819e-08,8.442425247778829e-08,100,5.9081063810140224e-08,4.6397479636084427e-08,6.939308505593544e-08,100,1.1311195352883993e-08,5.95248327569358e-09,2.1551498129066783e-08,100,5.446284769859782e-09,2.8847400470104325e-09,9.849484978218131e-09,100,0.028055025802952674,0.022276569365590772,0.03447463926628933,100,12.0,12.0,12.0,100,0.11313550397822515,0.10306879766960306,0.12304586668593435,100,0.25279509896214675,0.2390262385197535,0.2772165697930445,100,0.6314555215260415,0.6101265761740018,0.6443109169578546,100,0.0026138755335866244,0.0010025752024775767,0.00622231847728581,100,5.294434462099909e-18,3.1310126489029522e-18,8.854913159287908e-18,100,1.0,1.0,1.0,100,1.0,1.0,1.0,100,0.09999999999999981,0.1,0.1,100,0.5,0.5,0.5,100
source_seed_condition,band_0p05_5,101,electrode,standard,band_0p05_5,100,-2.7184190583899913e-10,-1.6829375958136858e-08,1.2016922348764922e-08,100,5.996774069316757e-08,3.448796803695586e-08,8.027837772317525e-08,100,5.889175065831864e-08,4.430389211051988e-08,6.902052973600803e-08,100,1.0635191562644163e-08,5.66607212604746e-09,2.918816454471268e-08,100,5.39133521507547e-09,2.9102327049520266e-09,9.162620114905337e-09,100,0.22758117277090203,0.1979781533932736,0.2602201160616245,100,12.0,12.0,12.0,100,0.9848209092385691,0.9703181064409513,0.9941916578157273,100,0.014554498530876876,0.005529292873267613,0.028804195751471497,100,0.0005243134933981963,4.238923751489604e-05,0.0017099822306389215,100,0.00010027873715620269,5.449150847850696e-06,0.0003278829206012377,100,0.019050172238177152,0.006290171130250246,0.041952375636936524,100,1.0071843303622767,0.860166907360399,1.1539029215312087,100,0.9973717108400315,0.9882230321851002,0.9997385315141794,100,0.010000000000000007,0.01,0.01,100,0.049999999999999906,0.05,0.05,100
source_seed_condition,band_0p05_5,101,independent_rms,standard,band_0p05_5,100,3.2468886732852025e-10,-1.1570207325196499e-08,1.2726500533475058e-08,100,5.8597954701866685e-08,3.063798992286593e-08,7.56879963148549e-08,100,5.816127503166513e-08,4.8181298950567e-08,7.120966749596391e-08,100,1.0635191562644163e-08,5.66607212604746e-09,2.918816454471268e-08,100,5.39133521507547e-09,2.9102327049520266e-09,9.162620114905337e-09,100,0.08028254228496792,0.05488888372490919,0.10815810178483119,100,12.0,12.0,12.0,100,0.9830481512692725,0.9690545947716229,0.9904417225648163,100,0.016263204589897565,0.008743250679297179,0.030220759124483756,100,0.0005782901618674489,0.00016634193577184329,0.0013282570529772342,100,0.00011035397896277744,3.110580618055129e-05,0.00025395375075229476,100,0.01594871518751877,0.008279279879491024,0.02744393087696375,100,1.0002704134090292,0.917724787479569,1.1055693011345757,100,0.9973385084548183,0.9923896506750831,0.9992821963730046,100,0.010000000000000007,0.01,0.01,100,0.049999999999999906,0.05,0.05,100
source_seed_condition,band_5_15,101,electrode,standard,band_5_15,100,1.209383770922601e-09,-1.3173534337935434e-08,1.3203052843801201e-08,100,5.824264709630711e-08,3.93779604479505e-08,7.874749741176856e-08,100,5.9110876566847993e-08,4.7873244923835045e-08,6.867195168069884e-08,100,1.0702215312069892e-08,5.368587551371306e-09,2.3153060259326073e-08,100,5.4142611847453645e-09,3.2849385712666344e-09,9.350922206308209e-09,100,0.2126496328086702,0.18670884773862217,0.24052287497872804,100,12.0,12.0,12.0,100,0.0022700901380949385,0.00088380358495118,0.005773693172806847,100,0.9891038922200036,0.9763533185926611,0.9938615997860448,100,0.008492826886624954,0.0037186068527503674,0.02081338231661876,100,0.00013319075527697886,2.9092806848334512e-05,0.0004719413163967472,100,0.0014021190176300062,0.0005354909991819228,0.002825649115395304,100,1.0068959499550278,0.8882187678364974,1.1405408111839228,100,0.9999931262280484,0.9999737502693294,0.9999991150749862,100,0.010000000000000007,0.01,0.01,100,5.0,5.0,5.0,100
source_seed_condition,band_5_15,101,independent_rms,standard,band_5_15,100,-5.343881199464248e-10,-1.3112195878421022e-08,1.3682060331797161e-08,100,5.81356081319484e-08,4.185687174640407e-08,8.259272199495626e-08,100,5.7693405590697463e-08,4.753602311780014e-08,6.725710832711229e-08,100,1.0702215312069892e-08,5.368587551371306e-09,2.3153060259326073e-08,100,5.4142611847453645e-09,3.2849385712666344e-09,9.350922206308209e-09,100,0.05630330293329507,0.042219033655601604,0.07065705060406856,100,12.0,12.0,12.0,100,0.002281309792629835,0.000954997670286337,0.004360187669071201,100,0.9891185311702351,0.9815768790488079,0.9939012090769371,100,0.008471414877626458,0.004432121868232282,0.014823350865882382,100,0.00012874415950844367,3.412765372376403e-05,0.00030258739364518757,100,0.001126152304032301,0.0005478543704598986,0.0017715931544739197,100,0.9967900743741294,0.9529184479338807,1.0715614590288487,100,0.9999933224896176,0.9999844413766844,0.9999985117011554,100,0.010000000000000007,0.01,0.01,100,5.0,5.0,5.0,100
source_seed_condition,band_15_40,101,electrode,standard,band_15_40,100,1.647152330806983e-10,-1.2251094360846731e-08,1.354226563671896e-08,100,5.748363900437425e-08,3.534300141438962e-08,7.801012280594932e-08,100,5.8618722160730386e-08,4.591363378381175e-08,7.38900638452833e-08,100,1.1156121336613727e-08,6.137409614610103e-09,2.378435951503573e-08,100,5.399124153840433e-09,2.891896120291562e-09,1.0261531496914761e-08,100,0.20242002847851606,0.1834687976609452,0.221233762870609,100,12.0,12.0,12.0,100,0.00010771094072273204,2.0715029091260766e-05,0.0004099238244334239,100,0.0010078562492566257,0.0003288127061306805,0.002645198435996338,100,0.9954237983103127,0.9897716177039361,0.9982443899694085,100,0.0034606344997082494,0.0012547144125359159,0.009378520418070567,100,0.0008497009986759989,0.0003898945224615135,0.0017948792555738554,100,0.9990100149862283,0.9381079129712153,1.0559991034793517,100,0.9999989501700829,0.9999960024307448,0.9999998051259297,100,0.010000000000000007,0.01,0.01,100,15.0,15.0,15.0,100
source_seed_condition,band_15_40,101,independent_rms,standard,band_15_40,100,3.589290637356512e-11,-1.4350852815757106e-08,1.5394910344084756e-08,100,5.8438723709031136e-08,3.311605567546394e-08,8.065367396170586e-08,100,5.835326719605405e-08,4.8905652860753435e-08,6.729777624059352e-08,100,1.1156121336613727e-08,6.137409614610103e-09,2.378435951503573e-08,100,5.399124153840433e-09,2.891896120291562e-09,1.0261531496914761e-08,100,0.035209937964761386,0.027392046180996783,0.04630529621420277,100,12.0,12.0,12.0,100,0.00010892932026781317,3.641255681832492e-05,0.0002951110175035161,100,0.0010734666383655335,0.0006272686652598929,0.0018135062105789123,100,0.9955040185157678,0.9929957385972971,0.9973924306039084,100,0.003313585525599333,0.001680069526706831,0.005588794270934786,100,0.0007136757314645859,0.000397684821586049,0.0011562983337191763,100,0.9974037685724387,0.9462024058509991,1.039124106299389,100,0.9999989429170362,0.999997272956348,0.9999996830148822,100,0.010000000000000007,0.01,0.01,100,15.0,15.0,15.0,100
source_seed_condition,band_0p5_40,101,electrode,standard,band_0p5_40,100,-6.28293803867817e-10,-1.328354047618131e-08,1.8424946808803118e-08,100,5.6907445529219556e-08,2.6279096232428856e-08,7.996344564276114e-08,100,5.720149232502081e-08,4.38792966406254e-08,7.348623043412772e-08,100,1.1311337239459466e-08,6.103368685976006e-09,2.7051183727024757e-08,100,5.715944954135503e-09,3.244748579651471e-09,1.0836635678296277e-08,100,0.19790304556447844,0.1865967872088673,0.20996743940041093,100,12.0,12.0,12.0,100,0.11316024741974046,0.09906927696453119,0.13660527292138866,100,0.2546460587230821,0.23056299711960904,0.27831406777502393,100,0.6299610217707771,0.6049853666909617,0.652891620261987,100,0.002232672086400302,0.0007863852826741443,0.005547537485821735,100,0.005327246300400962,0.002228094430333974,0.009297411308439378,100,1.002088155301175,0.9489592400316302,1.0431861407452498,100,0.9999743554204776,0.9999288562360285,0.9999958991448352,100,0.010000000000000007,0.01,0.01,100,0.5,0.5,0.5,100
source_seed_condition,band_0p5_40,101,independent_rms,standard,band_0p5_40,100,4.765775017863585e-10,-1.2513819111729715e-08,1.3878785063004745e-08,100,5.8339367345894287e-08,3.4870627274585786e-08,8.740574131138601e-08,100,5.853865243210521e-08,4.507670325892832e-08,7.267746227057614e-08,100,1.1311337239459466e-08,6.103368685976006e-09,2.7051183727024757e-08,100,5.715944954135503e-09,3.244748579651471e-09,1.0836635678296277e-08,100,0.02828648313702372,0.01976968699181337,0.039510452142606685,100,12.0,12.0,12.0,100,0.11282726709627523,0.10320927296288453,0.1245085101546595,100,0.25304675731496634,0.23984734187342652,0.26678499779670395,100,0.6319890278074418,0.6174786406941882,0.6476351709591385,100,0.0021369477813167246,0.0012017325066201198,0.003582309976714002,100,0.004155441108627167,0.002202240574933093,0.006608591531770776,100,0.9972904913537803,0.9615879464452909,1.0328576055117176,100,0.9999771593285363,0.9999451193320151,0.9999937967653745,100,0.010000000000000007,0.01,0.01,100,0.5,0.5,0.5,100
source_seed_condition,standard,202,electrode,standard,legacy_0p5_40,100,6.347154126914755e-10,-9.683149617069758e-09,1.1646953295592366e-08,100,1.517733382705444e-07,1.0675320272213185e-07,1.9544664198178907e-07,100,1.4945395207632828e-07,1.3857808767170354e-07,1.6280907644272702e-07,100,2.878123848079519e-08,1.360198959097174e-08,6.5470156984229e-08,100,6.700735984982461e-09,3.784590055109833e-09,1.13422318673702e-08,100,0.1982580377108501,0.18691769412891873,0.21655394499009858,100,12.0,12.0,12.0,100,0.11282623952035488,0.09593611555790517,0.13113666963631368,100,0.25312230819074416,0.222687412952046,0.2811660637759933,100,0.6316316304457552,0.5941416137862275,0.6589260141073967,100,0.002419821843145758,0.0005203503463092381,0.006542873025647209,100,7.783606115410818e-18,3.822350238895021e-18,1.4816105476134362e-17,100,1.0,1.0,1.0,100,1.0,1.0,1.0,100,0.09999999999999981,0.1,0.1,100,0.5,0.5,0.5,100
source_seed_condition,standard,202,independent_rms,standard,legacy_0p5_40,100,-6.240523299150131e-10,-1.9588611935719434e-08,1.2545598487240805e-08,100,1.5070171945019693e-07,1.1222872231542169e-07,2.087432520170296e-07,100,1.4945035260893748e-07,1.3926398878538748e-07,1.6255637191875394e-07,100,2.878123848079519e-08,1.360198959097174e-08,6.5470156984229e-08,100,6.700735984982461e-09,3.784590055109833e-09,1.13422318673702e-08,100,0.028051286312498175,0.021730228241400917,0.033113650719501085,100,12.0,12.0,12.0,100,0.11324345154552962,0.10257153919112863,0.12418612917179177,100,0.2534035183555983,0.23199501221609511,0.27252083965737756,100,0.6307618346835362,0.6179630220518723,0.6494882382335192,100,0.002591195415335971,0.001076289460207133,0.00576122319066094,100,5.433359332167674e-18,3.522516806920704e-18,7.570168944209111e-18,100,1.0,1.0,1.0,100,1.0,1.0,1.0,100,0.09999999999999981,0.1,0.1,100,0.5,0.5,0.5,100
source_seed_condition,limb_only,202,electrode,limb_only,legacy_0p5_40,100,-9.787990913870574e-10,-1.6018876077328073e-08,1.8523815446218384e-08,100,5.926594070615465e-08,2.9122311673290824e-08,8.526384043250346e-08,100,5.8192464873485507e-08,4.149975652012472e-08,7.61784750835659e-08,100,1.5492928864294452e-08,5.263597998143604e-09,3.448854379047182e-08,100,5.244755584675328e-09,2.9361090867236124e-09,7.77719633855569e-09,100,0.3683185893122577,0.3550054379010188,0.3925635470493136,100,12.0,12.0,12.0,100,0.11279087927785471,0.0880783111454305,0.14224090911857856,100,0.25374386386448167,0.2128255284335331,0.29266919780237155,100,0.6311454289733834,0.5889383390543337,0.6714193285157047,100,0.002319827884280098,0.00034101721207464543,0.008535805711752009,100,6.3751603044724035e-18,2.176527987845343e-18,1.3672130972639036e-17,100,1.0,1.0,1.0,100,1.0,1.0,1.0,100,0.09999999999999981,0.1,0.1,100,0.5,0.5,0.5,100
source_seed_condition,limb_only,202,independent_rms,limb_only,legacy_0p5_40,100,-1.6057060935675755e-10,-1.73013245724148e-08,1.7954642376679948e-08,100,5.733524652384858e-08,3.648590052307554e-08,8.343899793317178e-08,100,5.788724378064103e-08,4.4530942489018344e-08,7.778015387316373e-08,100,1.5492928864294452e-08,5.263597998143604e-09,3.448854379047182e-08,100,5.244755584675328e-09,2.9361090867236124e-09,7.77719633855569e-09,100,0.028051286436809538,0.021730227670095335,0.033113650586663955,100,12.0,12.0,12.0,100,0.11305121587525509,0.09627308767644474,0.12868590351061385,100,0.25325685753870814,0.23378078555105292,0.27318364877987295,100,0.631063690342587,0.614952496391648,0.6549683777114841,100,0.002628236243449782,0.000995920954641389,0.006975724949549285,100,5.433359332167674e-18,3.522516806920704e-18,7.570168944209111e-18,100,1.0,1.0,1.0,100,1.0,1.0,1.0,100,0.09999999999999981,0.1,0.1,100,0.5,0.5,0.5,100
source_seed_condition,precordial_only,202,electrode,precordial_only,legacy_0p5_40,100,1.2271472066561884e-09,-1.4627274874148147e-08,1.9424750914166678e-08,100,5.9010183814933726e-08,2.55248231439964e-08,8.545859842001846e-08,100,5.8717365689631153e-08,4.16415613102572e-08,7.952297487179294e-08,100,7.944042435033486e-09,3.6224875918723066e-09,1.564224772041877e-08,100,4.8060911761006844e-09,1.8006881454707988e-09,8.745991478330105e-09,100,0.028813498310094457,0.015922287985920366,0.051705847241169764,100,6.0,6.0,6.0,100,0.11256856757512637,0.09571313276852927,0.13096961048720174,100,0.2529132370843828,0.2341563820961774,0.27346716898210804,100,0.6319729529885136,0.6057361017283683,0.6543200374168532,100,0.00254524235197724,0.0008645480809232369,0.0061629749234514385,100,3.7428355552571105e-18,1.86217643163424e-18,6.1708162571175234e-18,100,1.0,1.0,1.0,100,1.0,1.0,1.0,100,0.09999999999999981,0.1,0.1,100,0.5,0.5,0.5,100
source_seed_condition,precordial_only,202,independent_rms,precordial_only,legacy_0p5_40,100,-1.2401446937346268e-09,-2.0872852634465486e-08,1.5875074060467133e-08,100,5.985378365380711e-08,3.548732863123405e-08,8.658148153983802e-08,100,5.841539888251645e-08,4.4181385661090644e-08,7.294618065145642e-08,100,7.944042435033486e-09,3.6224875918723066e-09,1.564224772041877e-08,100,4.8060911761006844e-09,1.8006881454707988e-09,8.745991478330105e-09,100,0.02743539275932272,0.014421168133795733,0.04451605990292443,100,6.0,6.0,6.0,100,0.1136411563418868,0.10011536422345312,0.13475469355232084,100,0.25377076927865083,0.22320824266959513,0.27306157857057806,100,0.6300676609212554,0.6118485166438422,0.6509595240379066,100,0.0025204134582067507,0.0006180498133455527,0.005534912827859835,100,5.433359332167674e-18,3.522516806920704e-18,7.570168944209111e-18,100,1.0,1.0,1.0,100,1.0,1.0,1.0,100,0.09999999999999981,0.1,0.1,100,0.5,0.5,0.5,100
source_seed_condition,random_00,202,electrode,randomized,legacy_0p5_40,100,7.568222485010181e-10,-1.6406021251624324e-08,1.3279479652602395e-08,100,5.8754467371358036e-08,3.310096019504272e-08,7.913566868467115e-08,100,5.8481175742031155e-08,3.983718599442909e-08,6.877242064717848e-08,100,1.133686923413115e-08,6.224357763628588e-09,2.2482465912217954e-08,100,5.364860898482036e-09,2.7987337148386076e-09,9.716656777823112e-09,100,0.24990667135488742,0.24014837593023156,0.2641145593845687,100,12.0,12.0,12.0,100,0.11248334001101545,0.09665095748649305,0.13251976352137115,100,0.2535511132200534,0.2274241461178296,0.2827708762451656,100,0.6315910255864394,0.6033718014854659,0.6554865944176651,100,0.002374521182491949,0.0006000178268455976,0.006614031247240203,100,7.644346441425978e-18,3.959622518784791e-18,1.4278348650773842e-17,100,1.0,1.0,1.0,100,1.0,1.0,1.0,100,0.09999999999999981,0.1,0.1,100,0.5,0.5,0.5,100
source_seed_condition,random_00,202,independent_rms,randomized,legacy_0p5_40,100,9.550377793620668e-11,-1.3527302691765342e-08,1.343444514734597e-08,100,5.896109470882038e-08,3.504463208514608e-08,7.582842620479369e-08,100,5.8225063508388074e-08,4.716756762945806e-08,6.784303074880427e-08,100,1.133686923413115e-08,6.224357763628588e-09,2.2482465912217954e-08,100,5.364860898482036e-09,2.7987337148386076e-09,9.716656777823112e-09,100,0.028051286369929228,0.02173022811556637,0.03311365095983189,100,12.0,12.0,12.0,100,0.11330110146336243,0.1025388648128331,0.1244499048751813,100,0.2533877471274495,0.23228986316568578,0.27246666730092683,100,0.630716243516571,0.6172414125678135,0.6497767087169181,100,0.002594907892617295,0.0010793684190373127,0.005831177139917957,100,5.433359332167674e-18,3.522516806920704e-18,7.570168944209111e-18,100,1.0,1.0,1.0,100,1.0,1.0,1.0,100,0.09999999999999981,0.1,0.1,100,0.5,0.5,0.5,100
source_seed_condition,random_01,202,electrode,randomized,legacy_0p5_40,100,-3.0704887432784745e-10,-1.3018286776463146e-08,1.306457059838561e-08,100,5.835276740029372e-08,3.7302854138943076e-08,8.141046059506607e-08,100,5.796409562108806e-08,4.810880760430791e-08,6.914066119634299e-08,100,1.0752889452923844e-08,5.1108652411941945e-09,1.9133218029820447e-08,100,5.467773512558058e-09,3.0105236884700374e-09,1.0324844726242902e-08,100,0.26451057203628664,0.2493827747639383,0.27897351300480455,100,12.0,12.0,12.0,100,0.11334219264517859,0.09536989636018825,0.14552560530556374,100,0.25323633077364155,0.23250607173592283,0.2834717224883919,100,0.631007732108825,0.6001563701980865,0.6586502492501891,100,0.0024137444723548456,0.0007675702205997869,0.007236093567559151,100,7.401991211470401e-18,3.3257310888414102e-18,1.2956830684714012e-17,100,1.0,1.0,1.0,100,1.0,1.0,1.0,100,0.09999999999999981,0.1,0.1,100,0.5,0.5,0.5,100
source_seed_condition,random_01,202,independent_rms,randomized,legacy_0p5_40,100,-2.4194555576705764e-10,-1.3203686447087454e-08,1.4213111608612693e-08,100,6.00699797814741e-08,3.4232742862627674e-08,8.105397064639419e-08,100,5.8375715745739855e-08,4.300988187821986e-08,6.98316782177244e-08,100,1.0752889452923844e-08,5.1108652411941945e-09,1.9133218029820447e-08,100,5.467773512558058e-09,3.0105236884700374e-09,1.0324844726242902e-08,100,0.02805128635734405,0.021730228010884457,0.033113650018118855,100,12.0,12.0,12.0,100,0.11327523531048003,0.1022699802615921,0.12449628510344118,100,0.25340624425093267,0.2318607777481228,0.27257819097572633,100,0.6307267361862651,0.6170589838005386,0.6496279864719608,100,0.0025917842523218897,0.0010728187971490637,0.005876488094315424,100,5.433359332167674e-18,3.522516806920704e-18,7.570168944209111e-18,100,1.0,1.0,1.0,100,1.0,1.0,1.0,100,0.09999999999999981,0.1,0.1,100,0.5,0.5,0.5,100
source_seed_condition,random_02,202,electrode,randomized,legacy_0p5_40,100,-3.360006610340222e-10,-1.2291517521867663e-08,1.3644656962469633e-08,100,5.91436672792156e-08,3.887374688815726e-08,8.072067814168804e-08,100,5.867951033522445e-08,4.6603920722532166e-08,6.94549218138718e-08,100,1.02700402974771e-08,5.53174682461296e-09,2.246172746547481e-08,100,5.6194866584560145e-09,2.649840803375532e-09,9.852484696560699e-09,100,0.29552996806861886,0.27604539006940393,0.3173385442428491,100,12.0,12.0,12.0,100,0.11166921241567561,0.0892661924623371,0.13622789007175662,100,0.25374854204339714,0.22718940749526356,0.28337869163827617,100,0.6320737212626483,0.5887824071557097,0.6575009753749721,100,0.0025085242782790012,0.0003690475915715218,0.008556429823660987,100,7.775393266706042e-18,3.965843453522078e-18,1.3895096493110174e-17,100,1.0,1.0,1.0,100,1.0,1.0,1.0,100,0.09999999999999981,0.1,0.1,100,0.5,0.5,0.5,100
source_seed_condition,random_02,202,independent_rms,randomized,legacy_0p5_40,100,-1.3836983222370768e-10,-1.2460630183667833e-08,1.0843047491146537e-08,100,5.888848301438543e-08,4.14975058760092e-08,8.340783885785186e-08,100,5.8251262800013137e-08,4.648324747336119e-08,6.892600090679935e-08,100,1.02700402974771e-08,5.53174682461296e-09,2.246172746547481e-08,100,5.6194866584560145e-09,2.649840803375532e-09,9.852484696560699e-09,100,0.02805128639828683,0.021730228313749073,0.033113650620134986,100,12.0,12.0,12.0,100,0.11328596673713438,0.10248793831648711,0.12454919783026919,100,0.25336750487552245,0.23180678822024606,0.2722139504616372,100,0.6307503567884641,0.617642021869613,0.6497345088259205,100,0.0025961715988791416,0.0010679192767115181,0.005830701874415258,100,5.433359332167674e-18,3.522516806920704e-18,7.570168944209111e-18,100,1.0,1.0,1.0,100,1.0,1.0,1.0,100,0.09999999999999981,0.1,0.1,100,0.5,0.5,0.5,100
source_seed_condition,random_03,202,electrode,randomized,legacy_0p5_40,100,1.3665576268017942e-10,-1.3743525161322252e-08,1.2534223280478188e-08,100,5.743128101087791e-08,3.195465936300934e-08,7.910937682709118e-08,100,5.798804041390326e-08,4.310458656675564e-08,7.093491660725704e-08,100,1.128038801805891e-08,5.808880789261618e-09,2.3109276204954627e-08,100,5.6552659189379225e-09,2.574940186189861e-09,9.648988904987921e-09,100,0.29291263813015006,0.27202740893112604,0.31235242085776965,100,12.0,12.0,12.0,100,0.1128665053225333,0.09513232647250079,0.1354748268585356,100,0.25354937484703244,0.21855532604470188,0.2809674286216829,100,0.6312825008411568,0.5958266988464617,0.6603486761125389,100,0.002301618989277209,0.00043847742136804733,0.006174231830383474,100,7.64623451695402e-18,3.805112945924731e-18,1.575421728633831e-17,100,1.0,1.0,1.0,100,1.0,1.0,1.0,100,0.09999999999999981,0.1,0.1,100,0.5,0.5,0.5,100
source_seed_condition,random_03,202,independent_rms,randomized,legacy_0p5_40,100,-8.437266912070468e-10,-1.6032175117468382e-08,1.2017526017757314e-08,100,5.835482475902154e-08,4.0650313337664556e-08,8.270450813085972e-08,100,5.804447537727242e-08,4.304991740866626e-08,7.357784603811979e-08,100,1.128038801805891e-08,5.808880789261618e-09,2.3109276204954627e-08,100,5.6552659189379225e-09,2.574940186189861e-09,9.648988904987921e-09,100,0.02805128635036004,0.02173022803389504,0.033113650960024714,100,12.0,12.0,12.0,100,0.11326453292478826,0.10261409257562483,0.12412941323612699,100,0.253387524150653,0.23170477066622885,0.27249239437742007,100,0.6307550592826384,0.6175233882748656,0.6493565477263444,100,0.0025928836419202854,0.001080349490651591,0.005777136433086856,100,5.433359332167674e-18,3.522516806920704e-18,7.570168944209111e-18,100,1.0,1.0,1.0,100,1.0,1.0,1.0,100,0.09999999999999981,0.1,0.1,100,0.5,0.5,0.5,100
source_seed_condition,random_04,202,electrode,randomized,legacy_0p5_40,100,-4.1998431447161176e-11,-1.2836462832103298e-08,1.0868836500520107e-08,100,5.93558150896456e-08,3.698154671383236e-08,8.065700640713658e-08,100,5.857456931934735e-08,4.553430699161254e-08,6.760757109702809e-08,100,1.073014033083684e-08,5.987918237365981e-09,2.2315340762340943e-08,100,5.66479471192872e-09,3.3277783245404786e-09,8.388858872832645e-09,100,0.2556181646312764,0.24048465962990903,0.2683956036887006,100,12.0,12.0,12.0,100,0.11342366796653508,0.09286646070804436,0.13123247063307178,100,0.2529123302213986,0.22657021155291085,0.2839789195957346,100,0.6312933748128919,0.596467898332403,0.66079684066823,100,0.0023706269991745146,0.0006792360816893437,0.008164133289160415,100,7.588343481366516e-18,3.590102612622359e-18,1.4895756583524104e-17,100,1.0,1.0,1.0,100,1.0,1.0,1.0,100,0.09999999999999981,0.1,0.1,100,0.5,0.5,0.5,100
source_seed_condition,random_04,202,independent_rms,randomized,legacy_0p5_40,100,-5.69483808159003e-11,-1.1347628973399126e-08,1.581651431094688e-08,100,5.800627411289838e-08,3.56908849141746e-08,8.190620448544905e-08,100,5.772372503543011e-08,4.765877470447322e-08,6.759088400087876e-08,100,1.073014033083684e-08,5.987918237365981e-09,2.2315340762340943e-08,100,5.66479471192872e-09,3.3277783245404786e-09,8.388858872832645e-09,100,0.028051286352626437,0.021730227743378253,0.033113650819454894,100,12.0,12.0,12.0,100,0.11323700381175489,0.10247589277117941,0.12463608699529852,100,0.25340840519154,0.23175277998204158,0.2724964563949931,100,0.6307592894291106,0.6176488555496111,0.6498623573649932,100,0.002595301567594263,0.0010630315289394227,0.005799976923929187,100,5.433359332167674e-18,3.522516806920704e-18,7.570168944209111e-18,100,1.0,1.0,1.0,100,1.0,1.0,1.0,100,0.09999999999999981,0.1,0.1,100,0.5,0.5,0.5,100
source_seed_condition,band_0p05_5,202,electrode,standard,band_0p05_5,100,5.484292513604486e-10,-1.2035493882581772e-08,1.780516004805001e-08,100,5.96351175730092e-08,3.4667269943611245e-08,9.09205830623705e-08,100,5.890938229669018e-08,4.481432114289419e-08,6.943285413285594e-08,100,1.0562718217321211e-08,5.335587523596457e-09,2.1568515739800903e-08,100,5.23013234749375e-09,2.9330912399324396e-09,9.719411338003013e-09,100,0.22739400149899752,0.18874714628192324,0.25501370538315377,100,12.0,12.0,12.0,100,0.984180217166627,0.9691349627213571,0.9938812017249984,100,0.015161171550020044,0.005886184164433404,0.029975140388441616,100,0.0005528880872244063,6.13138195849733e-05,0.002869978998973987,100,0.00010572319612869765,1.0695658778821548e-05,0.0005513407495872224,100,0.019353290438403056,0.006752356449512387,0.031376799905268926,100,0.9931545934023126,0.8480692324313184,1.1729151290234563,100,0.9973509518685204,0.9937758201090617,0.9996791314470482,100,0.010000000000000007,0.01,0.01,100,0.049999999999999906,0.05,0.05,100
source_seed_condition,band_0p05_5,202,independent_rms,standard,band_0p05_5,100,-8.610838574036414e-10,-1.5804442435114845e-08,1.0826591242970859e-08,100,5.816175828954329e-08,3.831185679814553e-08,8.048439248398154e-08,100,5.725677025836262e-08,4.4820042788273895e-08,7.04622582503589e-08,100,1.0562718217321211e-08,5.335587523596457e-09,2.1568515739800903e-08,100,5.23013234749375e-09,2.9330912399324396e-09,9.719411338003013e-09,100,0.08050086144931598,0.061663175124258236,0.10017328344552803,100,12.0,12.0,12.0,100,0.9833901612457508,0.9715451872963641,0.9911973665882472,100,0.015952841161962862,0.008387382848329102,0.027318943261387122,100,0.000551578561422175,0.00012131140873406236,0.0010564834650073456,100,0.0001054190308639162,2.2351570884415173e-05,0.0002039723734554054,100,0.01593994865476805,0.00815133755238082,0.025460020645138946,100,1.0028357117645736,0.8861681773387009,1.11330906574216,100,0.997325557079907,0.9934562026715664,0.9993698833521797,100,0.010000000000000007,0.01,0.01,100,0.049999999999999906,0.05,0.05,100
source_seed_condition,band_5_15,202,electrode,standard,band_5_15,100,3.8831946932580414e-10,-1.4281996941435819e-08,1.4938740059262133e-08,100,5.957426266078869e-08,2.7189537732397184e-08,8.297021558689721e-08,100,5.8580264123975214e-08,4.011719845209427e-08,7.312879546361728e-08,100,1.027673216284991e-08,5.059043918593098e-09,2.3620047643907042e-08,100,5.408133934667258e-09,2.9076308837198573e-09,9.954455243117706e-09,100,0.21402832551644846,0.19259244567124478,0.24140509153870404,100,12.0,12.0,12.0,100,0.0023604032030225494,0.000669649774143604,0.007563478685829633,100,0.9892152816622769,0.976337818992316,0.9944102102809036,100,0.008312126686175817,0.00373053616556464,0.017179353669607215,100,0.00011218844852504125,1.3380295005285134e-05,0.0002887314062190129,100,0.0014261874091041355,0.0006046438519605103,0.002743518049880481,100,1.0000683707120968,0.8885991930578607,1.113373050086787,100,0.9999926710421441,0.9999761558506597,0.9999989362217121,100,0.010000000000000007,0.01,0.01,100,5.0,5.0,5.0,100
source_seed_condition,band_5_15,202,independent_rms,standard,band_5_15,100,1.391650494896019e-11,-1.512923914501518e-08,1.321628920256685e-08,100,5.9313796612059376e-08,4.140482445791349e-08,7.659258294268056e-08,100,5.854812840766499e-08,4.669417741354209e-08,7.024011416945086e-08,100,1.027673216284991e-08,5.059043918593098e-09,2.3620047643907042e-08,100,5.408133934667258e-09,2.9076308837198573e-09,9.954455243117706e-09,100,0.057757594527898935,0.044213645389028264,0.0727323035975341,100,12.0,12.0,12.0,100,0.0021231284518812205,0.0007261429636691365,0.0037528928680671783,100,0.9894167568285844,0.9844441112965985,0.9945828979677126,100,0.008346488682130592,0.004430518301024291,0.01303677515411739,100,0.00011362603740385196,4.251014540738789e-05,0.00033918727787247754,100,0.0011100817764453479,0.0005532639390934856,0.0017316598313885957,100,1.0030256170477068,0.9387038151778402,1.0712530510171077,100,0.9999935792849054,0.9999854218414983,0.9999985274132148,100,0.010000000000000007,0.01,0.01,100,5.0,5.0,5.0,100
source_seed_condition,band_15_40,202,electrode,standard,band_15_40,100,-2.7018409169077776e-10,-1.4168773324562e-08,1.680662113994482e-08,100,5.88045144489513e-08,3.8266898982897146e-08,8.202460044515192e-08,100,5.8674874381381416e-08,4.8306677769005546e-08,7.126186041261917e-08,100,1.0788092506572446e-08,5.985351107321263e-09,2.3270749238978057e-08,100,5.374716228912895e-09,2.5846833639290424e-09,8.399241473607043e-09,100,0.2023625321549114,0.18952805155489214,0.21930300032225986,100,12.0,12.0,12.0,100,0.00010466931744128162,2.1004789759411884e-05,0.00032314132135433994,100,0.0010969115766726743,0.00032900858704507346,0.0028650663976715137,100,0.9953118157282771,0.9912962690489598,0.997642953824142,100,0.003486603377608895,0.001402431217847946,0.007133099605426718,100,0.0008424590438338732,0.00036550052888688215,0.0015864038317891513,100,0.9978935526873474,0.9238739331633493,1.0839426236149328,100,0.9999989825546224,0.9999967918063268,0.9999998257852811,100,0.010000000000000007,0.01,0.01,100,15.0,15.0,15.0,100
source_seed_condition,band_15_40,202,independent_rms,standard,band_15_40,100,3.6171597699524925e-11,-1.0455964543539813e-08,1.6626017071066542e-08,100,5.995278893777823e-08,4.070553316637415e-08,7.960982806309858e-08,100,5.846561670352912e-08,4.6787613783294546e-08,7.209854224754508e-08,100,1.0788092506572446e-08,5.985351107321263e-09,2.3270749238978057e-08,100,5.374716228912895e-09,2.5846833639290424e-09,8.399241473607043e-09,100,0.03560404930470626,0.029767898791617058,0.04354276349100975,100,12.0,12.0,12.0,100,9.596337561039607e-05,2.2248050740182524e-05,0.00018449042509784033,100,0.0010356093563915285,0.0005116538596907986,0.0018624617066644513,100,0.9956857283127064,0.9933331542758111,0.9972499424029704,100,0.003182698955291397,0.0017170902494094227,0.00543304668746313,100,0.0006730971956659432,0.0003212884786139324,0.0009738264862542369,100,0.9984684860882033,0.9522788109276705,1.044477316560737,100,0.9999990557998505,0.9999981320873701,0.9999998008597131,100,0.010000000000000007,0.01,0.01,100,15.0,15.0,15.0,100
source_seed_condition,band_0p5_40,202,electrode,standard,band_0p5_40,100,7.263860787848147e-10,-1.0528403376511101e-08,1.082018039398919e-08,100,5.976851086941792e-08,3.786005997596931e-08,8.136075990705649e-08,100,5.908285437783434e-08,4.896818239785716e-08,7.035523807985555e-08,100,1.1114986733811644e-08,5.584988607177607e-09,2.178174158002421e-08,100,5.63864126379303e-09,2.48502953982956e-09,9.750834172360226e-09,100,0.197899601985319,0.18592005587463795,0.21329251988019696,100,12.0,12.0,12.0,100,0.11251690269960843,0.09563643615064334,0.13465058583762263,100,0.25327254310207953,0.22821452214497512,0.2826027681160487,100,0.6319615783215323,0.6010099846185918,0.657638170145671,100,0.0022489758767796062,0.0008343147017485012,0.004425262713952467,100,0.005280021142653562,0.0020830633293340184,0.010474387469494945,100,0.9979664475265309,0.9478011879261062,1.0675456603129327,100,0.9999745610253705,0.999905934489026,0.9999965002948502,100,0.010000000000000007,0.01,0.01,100,0.5,0.5,0.5,100
source_seed_condition,band_0p5_40,202,independent_rms,standard,band_0p5_40,100,7.469172418747534e-10,-1.5109164257910322e-08,1.42207567967425e-08,100,5.804320732494261e-08,3.888226274284534e-08,7.710276506145419e-08,100,5.822893690776709e-08,4.6377110152207024e-08,6.965201393427378e-08,100,1.1114986733811644e-08,5.584988607177607e-09,2.178174158002421e-08,100,5.63864126379303e-09,2.48502953982956e-09,9.750834172360226e-09,100,0.028805284341237684,0.022817668766848587,0.03502759246187458,100,12.0,12.0,12.0,100,0.11327170875537065,0.0998316483976153,0.12774330776179202,100,0.2538494140825736,0.23758162036808647,0.2690307963074606,100,0.6308293957099755,0.6164386757071907,0.6477261547406792,100,0.0020494814520802514,0.001136073960948709,0.003377576202010406,100,0.004416063622459142,0.0025649750988216116,0.006779798471821074,100,1.0000744814307412,0.9593459983565908,1.0395765659296257,100,0.9999743177662964,0.9999445466197608,0.9999917436279837,100,0.010000000000000007,0.01,0.01,100,0.5,0.5,0.5,100
source_seed_condition,standard,303,electrode,standard,legacy_0p5_40,100,4.489953342261099e-10,-1.300984891110552e-08,1.544726850369535e-08,100,1.4822410742354465e-07,1.0821609208733207e-07,2.029593950680919e-07,100,1.4924849761399628e-07,1.359485537477667e-07,1.6064431562767822e-07,100,2.8614555781838637e-08,1.2892427183599015e-08,5.598555056350392e-08,100,6.7758763912109786e-09,4.606376420624569e-09,1.0643236831331692e-08,100,0.19777723802888622,0.1851373579070847,0.21423748382161312,100,12.0,12.0,12.0,100,0.1136738771972764,0.0956347523193651,0.13592479623222053,100,0.25222927648826504,0.2283017165134726,0.2786168443024365,100,0.631523424511078,0.6044256052631148,0.6540845542020476,100,0.0025734218033805645,0.0007109556819459205,0.007995931022879836,100,7.760571160933149e-18,3.909498694034454e-18,1.239809801149969e-17,100,1.0,1.0,1.0,100,1.0,1.0,1.0,100,0.09999999999999981,0.1,0.1,100,0.5,0.5,0.5,100
source_seed_condition,standard,303,independent_rms,standard,legacy_0p5_40,100,-5.988708365568419e-10,-1.6556152573824407e-08,1.0879819226009181e-08,100,1.473178707644962e-07,1.043381550047684e-07,1.8919583766319192e-07,100,1.4950789957168807e-07,1.3537017551357167e-07,1.6151293991129023e-07,100,2.8614555781838637e-08,1.2892427183599015e-08,5.598555056350392e-08,100,6.7758763912109786e-09,4.606376420624569e-09,1.0643236831331692e-08,100,0.028369291196311947,0.023248628965791125,0.03503049114520511,100,12.0,12.0,12.0,100,0.11360051535248653,0.10150192102030879,0.1301152962623287,100,0.25340776827064493,0.23773084927100624,0.2654317693291186,100,0.6304437497081407,0.6121438032832502,0.6476670597422759,100,0.002547966668727998,0.000824539823265961,0.004209909571446958,100,5.3876916694446236e-18,3.2965710517944317e-18,8.210647854585671e-18,100,1.0,1.0,1.0,100,1.0,1.0,1.0,100,0.09999999999999981,0.1,0.1,100,0.5,0.5,0.5,100
source_seed_condition,limb_only,303,electrode,limb_only,legacy_0p5_40,100,-1.4398676161205159e-10,-1.6598527533685172e-08,1.703012717330705e-08,100,5.9369139098208734e-08,3.736199261084039e-08,8.033456566636232e-08,100,5.8074573363597894e-08,4.427828592667993e-08,6.89890455873865e-08,100,1.5006205559399797e-08,6.40406139982674e-09,3.4244638729651496e-08,100,5.2239013177875266e-09,2.748879989785149e-09,1.0357009714179232e-08,100,0.36854792379918244,0.35562485665342575,0.38955388774792765,100,12.0,12.0,12.0,100,0.11390032481055946,0.09346703494941744,0.14743171008638645,100,0.25269281513357106,0.2139451804961757,0.2884315839212863,100,0.6308399430356728,0.5958608997921054,0.6734621901085013,100,0.0025669170201966353,0.00020682170713890585,0.010384297706278512,100,6.490704348907703e-18,1.6812946133982465e-18,1.169833032760032e-17,100,1.0,1.0,1.0,100,1.0,1.0,1.0,100,0.09999999999999981,0.1,0.1,100,0.5,0.5,0.5,100
source_seed_condition,limb_only,303,independent_rms,limb_only,legacy_0p5_40,100,-4.2714844204779386e-10,-1.6393805151231895e-08,1.3789605987836905e-08,100,5.726406058670363e-08,3.3421729384031096e-08,8.384274963191274e-08,100,5.72242852925342e-08,4.132350639451943e-08,7.342723407077756e-08,100,1.5006205559399797e-08,6.40406139982674e-09,3.4244638729651496e-08,100,5.2239013177875266e-09,2.748879989785149e-09,1.0357009714179232e-08,100,0.028369291181361455,0.02324862931411456,0.035030491132492,100,12.0,12.0,12.0,100,0.11428375283506437,0.1014362425575915,0.13270272336319855,100,0.25337856686202154,0.2386709152906105,0.2687692871377451,100,0.6298141450125279,0.6097631013478578,0.6530656730672976,100,0.002523535290386308,0.0006802724042769808,0.004641580099793681,100,5.3876916694446236e-18,3.2965710517944317e-18,8.210647854585671e-18,100,1.0,1.0,1.0,100,1.0,1.0,1.0,100,0.09999999999999981,0.1,0.1,100,0.5,0.5,0.5,100
source_seed_condition,precordial_only,303,electrode,precordial_only,legacy_0p5_40,100,2.7864320734277737e-10,-2.301772136834112e-08,2.2497608337004143e-08,100,5.937376650777537e-08,2.4264751985469957e-08,8.543568696950388e-08,100,5.866749615890399e-08,3.991217667476121e-08,7.282158875909772e-08,100,8.44651056022245e-09,3.0936987265358153e-09,1.7608088329626243e-08,100,4.4859456307143134e-09,1.802686353070513e-09,9.50291943420274e-09,100,0.027540389796928143,0.014085911782886385,0.039152826368163376,100,6.0,6.0,6.0,100,0.11321002597476211,0.09987320808259652,0.12789693766012017,100,0.2512886842947692,0.23261456806374176,0.27489803049432365,100,0.632932360063612,0.6131334518393778,0.6558151224381553,100,0.0025689296668570134,0.0009986175598766113,0.006435020771707863,100,3.668695281984142e-18,1.6910413304902301e-18,6.036183650278998e-18,100,1.0,1.0,1.0,100,1.0,1.0,1.0,100,0.09999999999999981,0.1,0.1,100,0.5,0.5,0.5,100
source_seed_condition,precordial_only,303,independent_rms,precordial_only,legacy_0p5_40,100,-8.469568342921159e-10,-2.3532226718948395e-08,1.954539117267363e-08,100,5.837187128321375e-08,2.4874896809023994e-08,7.897023479586096e-08,100,5.809262031419848e-08,3.646164614679037e-08,7.128652868004792e-08,100,8.44651056022245e-09,3.0936987265358153e-09,1.7608088329626243e-08,100,4.4859456307143134e-09,1.802686353070513e-09,9.50291943420274e-09,100,0.029003429943139772,0.0175229571851157,0.045727882929470706,100,6.0,6.0,6.0,100,0.11217968961610017,0.09828654505923032,0.13052304549640095,100,0.2534509245985321,0.22367566776820763,0.27806840335832167,100,0.6317646582920753,0.5887527265890784,0.6573656699632136,100,0.0026047274932927593,0.0004997715401468295,0.0063775798356223105,100,5.3876916694446236e-18,3.2965710517944317e-18,8.210647854585671e-18,100,1.0,1.0,1.0,100,1.0,1.0,1.0,100,0.09999999999999981,0.1,0.1,100,0.5,0.5,0.5,100
source_seed_condition,random_00,303,electrode,randomized,legacy_0p5_40,100,-4.0295562908544936e-10,-1.5823032740082748e-08,1.2441873496581796e-08,100,5.8078024149921245e-08,3.1124894661616054e-08,7.545037306044833e-08,100,5.814463911235634e-08,4.222682470356176e-08,7.061835738397804e-08,100,1.0722809438840997e-08,6.015200823977933e-09,2.2528883256580936e-08,100,5.37745110510636e-09,3.2056235560128985e-09,9.531442608706574e-09,100,0.24983169068464753,0.23724357187548034,0.2673038393382135,100,12.0,12.0,12.0,100,0.11342455498912615,0.09771818795937674,0.13206271085776713,100,0.2524991395043784,0.22143512800958767,0.28515776784050073,100,0.6314937032898326,0.6058331523660521,0.6636836830637608,100,0.002582602216662408,0.000841093698275165,0.0076629118734332785,100,8.03745146604361e-18,4.22128149106278e-18,1.2924445701094854e-17,100,1.0,1.0,1.0,100,1.0,1.0,1.0,100,0.09999999999999981,0.1,0.1,100,0.5,0.5,0.5,100
source_seed_condition,random_00,303,independent_rms,randomized,legacy_0p5_40,100,-4.600319781676683e-10,-1.2214670748004952e-08,1.718128839607629e-08,100,5.7664371482246676e-08,3.973270068513557e-08,8.163967102348124e-08,100,5.8891138063899006e-08,4.665565533912286e-08,7.050296346733376e-08,100,1.0722809438840997e-08,6.015200823977933e-09,2.2528883256580936e-08,100,5.37745110510636e-09,3.2056235560128985e-09,9.531442608706574e-09,100,0.02836929118891177,0.02324862898627366,0.0350304908670513,100,12.0,12.0,12.0,100,0.11361153881049343,0.10151427577412105,0.13044023336305585,100,0.2534689516631027,0.23724841496427906,0.26587453943359174,100,0.630373753626011,0.6116415377014963,0.6478053602914252,100,0.0025457559003928994,0.0008435066648570487,0.004208447397748953,100,5.3876916694446236e-18,3.2965710517944317e-18,8.210647854585671e-18,100,1.0,1.0,1.0,100,1.0,1.0,1.0,100,0.09999999999999981,0.1,0.1,100,0.5,0.5,0.5,100
source_seed_condition,random_01,303,electrode,randomized,legacy_0p5_40,100,-2.391086967513126e-11,-1.1220503611808037e-08,1.5070739131082828e-08,100,5.978446459664611e-08,3.628697164970163e-08,9.728093530725346e-08,100,5.892924360040297e-08,4.131897313186528e-08,7.727797068923792e-08,100,1.1331053536021996e-08,4.6558224638374074e-09,2.292664113568043e-08,100,5.741367600878459e-09,2.6310721714403308e-09,1.016950924323241e-08,100,0.26318902732614935,0.24931448041363424,0.27774233126500436,100,12.0,12.0,12.0,100,0.11409131634262629,0.09170864777889674,0.13870392560529715,100,0.25230064954611836,0.22979724057259318,0.27582024298762076,100,0.6310889275642908,0.6046151813716258,0.6553710464104644,100,0.0025191065469646525,0.0006975160007736847,0.006838161004966266,100,7.59424709213734e-18,4.1580285600382596e-18,1.2758229060537756e-17,100,1.0,1.0,1.0,100,1.0,1.0,1.0,100,0.09999999999999981,0.1,0.1,100,0.5,0.5,0.5,100
source_seed_condition,random_01,303,independent_rms,randomized,legacy_0p5_40,100,4.55938926399984e-10,-1.1843410940482157e-08,1.842034310949732e-08,100,5.945884904434706e-08,2.997963122197689e-08,7.600690743458927e-08,100,5.855566367785059e-08,4.262493291662395e-08,7.084108233357256e-08,100,1.1331053536021996e-08,4.6558224638374074e-09,2.292664113568043e-08,100,5.741367600878459e-09,2.6310721714403308e-09,1.016950924323241e-08,100,0.02836929121029713,0.023248628982052766,0.035030491328317814,100,12.0,12.0,12.0,100,0.1136110180377448,0.10163422647215256,0.13037709297817257,100,0.2534489661391851,0.23731468835401506,0.26610229293918203,100,0.6303883470708616,0.6118738021965991,0.6483617686340409,100,0.002551668752208434,0.0008344006831389923,0.004314451796589858,100,5.3876916694446236e-18,3.2965710517944317e-18,8.210647854585671e-18,100,1.0,1.0,1.0,100,1.0,1.0,1.0,100,0.09999999999999981,0.1,0.1,100,0.5,0.5,0.5,100
source_seed_condition,random_02,303,electrode,randomized,legacy_0p5_40,100,7.445153004395844e-10,-1.079876945815383e-08,1.2220342405629377e-08,100,5.816411416503797e-08,3.466352360703695e-08,8.439133480919736e-08,100,5.9202734785657183e-08,4.6622849581012815e-08,6.984430100942518e-08,100,1.004383678202732e-08,4.887565413187087e-09,1.926388432335877e-08,100,5.2830629845129665e-09,2.9840200411333044e-09,8.960156816452714e-09,100,0.29732116342858883,0.2767303031565256,0.3155585145211175,100,12.0,12.0,12.0,100,0.11373420831037913,0.09425220247461939,0.13451156887216825,100,0.2519921566733675,0.22916941744437735,0.2841472564222692,100,0.6316458468278967,0.6031507675126974,0.6587371961336397,100,0.0026277881883567922,0.0007940288023895523,0.00714259815269009,100,7.845177775338271e-18,4.392518978163962e-18,1.1785807470329154e-17,100,1.0,1.0,1.0,100,1.0,0.9999999999999998,1.0,100,0.09999999999999981,0.1,0.1,100,0.5,0.5,0.5,100
source_seed_condition,random_02,303,independent_rms,randomized,legacy_0p5_40,100,-4.997585036663264e-10,-1.8773869013524533e-08,1.6382600568556744e-08,100,5.813087197381606e-08,4.0105314624838684e-08,8.480446922476403e-08,100,5.812397221305332e-08,4.315909585272948e-08,7.024772941122137e-08,100,1.004383678202732e-08,4.887565413187087e-09,1.926388432335877e-08,100,5.2830629845129665e-09,2.9840200411333044e-09,8.960156816452714e-09,100,0.028369291218464373,0.023248629449427568,0.035030490922467475,100,12.0,12.0,12.0,100,0.11360450574949692,0.10117785605682614,0.1305755718912241,100,0.2534630934249948,0.23736666942549348,0.265662059523522,100,0.6303828504963171,0.612141270425071,0.6485028327998644,100,0.0025495503291912956,0.000819195349119277,0.004282260097719476,100,5.3876916694446236e-18,3.2965710517944317e-18,8.210647854585671e-18,100,1.0,1.0,1.0,100,1.0,1.0,1.0,100,0.09999999999999981,0.1,0.1,100,0.5,0.5,0.5,100
source_seed_condition,random_03,303,electrode,randomized,legacy_0p5_40,100,5.720766350614765e-10,-1.3769028247747235e-08,1.774754051783183e-08,100,5.7619787003915235e-08,2.9155238223665947e-08,8.363437764558057e-08,100,5.82552186223495e-08,4.340200021601959e-08,7.295248494187945e-08,100,1.0591054283473995e-08,5.254432492612548e-09,2.1684296584321337e-08,100,5.550014642983394e-09,2.4174929355664455e-09,9.380051410576338e-09,100,0.29282488504857285,0.2735583096726479,0.31071050630710406,100,12.0,12.0,12.0,100,0.11364077337707199,0.0975007359910192,0.13683567355676468,100,0.2520307391283034,0.22510094765213948,0.2815517215639399,100,0.6317331513606201,0.5995605336982596,0.6608040726554243,100,0.0025953361340045815,0.0007708495619750505,0.008999275748318176,100,7.908601421005633e-18,3.726558580289357e-18,1.342650927997271e-17,100,1.0,1.0,1.0,100,1.0,1.0,1.0,100,0.09999999999999981,0.1,0.1,100,0.5,0.5,0.5,100
source_seed_condition,random_03,303,independent_rms,randomized,legacy_0p5_40,100,-4.08685161046802e-10,-1.5369558711635028e-08,1.7487859668399524e-08,100,5.7951738980932535e-08,3.5086786809301884e-08,7.677440194697738e-08,100,5.8919095753395824e-08,4.2340190020695445e-08,7.526249490297232e-08,100,1.0591054283473995e-08,5.254432492612548e-09,2.1684296584321337e-08,100,5.550014642983394e-09,2.4174929355664455e-09,9.380051410576338e-09,100,0.028369291174118107,0.02324862883244854,0.03503049065936079,100,12.0,12.0,12.0,100,0.11364254703096355,0.10145551576985738,0.13051330667372793,100,0.25339522319401786,0.23730896411706293,0.26565597039375777,100,0.6304125393317679,0.6120697181513766,0.6479323297142573,100,0.0025496904432505667,0.0008402309111547768,0.0041817913032554735,100,5.3876916694446236e-18,3.2965710517944317e-18,8.210647854585671e-18,100,1.0,1.0,1.0,100,1.0,1.0,1.0,100,0.09999999999999981,0.1,0.1,100,0.5,0.5,0.5,100
source_seed_condition,random_04,303,electrode,randomized,legacy_0p5_40,100,4.786931391788533e-10,-1.161417824697003e-08,1.647040451270925e-08,100,5.844825516021501e-08,3.574121976157585e-08,7.765808263116014e-08,100,5.8369792288459624e-08,4.7800321922863986e-08,7.458420547834521e-08,100,1.0592013147677371e-08,5.310271431216564e-09,2.523602061346521e-08,100,5.456884604776653e-09,3.0806655207120075e-09,9.544867492377759e-09,100,0.25604647508545914,0.24088897708941623,0.2712235369137104,100,12.0,12.0,12.0,100,0.11354162565968867,0.0954753760308278,0.1339184275817475,100,0.25252061187921915,0.2247226814700545,0.28138820339769427,100,0.6314315119482652,0.6024124436017709,0.6593791797620416,100,0.0025062505128271946,0.0007206600819734567,0.006820014921163235,100,8.000191008423504e-18,4.00091271275814e-18,1.2584269018227405e-17,100,1.0,1.0,1.0,100,1.0,1.0,1.0,100,0.09999999999999981,0.1,0.1,100,0.5,0.5,0.5,100
source_seed_condition,random_04,303,independent_rms,randomized,legacy_0p5_40,100,-3.06780314935932e-10,-1.626760795468313e-08,1.2602860252038949e-08,100,5.767706756643065e-08,3.7602855940122026e-08,7.932086809603334e-08,100,5.807529461776539e-08,4.33647695530226e-08,7.099637322482977e-08,100,1.0592013147677371e-08,5.310271431216564e-09,2.523602061346521e-08,100,5.456884604776653e-09,3.0806655207120075e-09,9.544867492377759e-09,100,0.028369291189690803,0.023248628720714704,0.035030490971596676,100,12.0,12.0,12.0,100,0.11361182865381103,0.10136452860412222,0.13021167160782698,100,0.2534773715697807,0.2375076247269243,0.26584480987145037,100,0.6303611862767231,0.6119591824460514,0.6482505177980477,100,0.0025496134996855265,0.0008612508405074067,0.004182065367311045,100,5.3876916694446236e-18,3.2965710517944317e-18,8.210647854585671e-18,100,1.0,1.0,1.0,100,1.0,1.0,1.0,100,0.09999999999999981,0.1,0.1,100,0.5,0.5,0.5,100
source_seed_condition,band_0p05_5,303,electrode,standard,band_0p05_5,100,-1.2058440334003198e-10,-1.1911272110980304e-08,8.947427528380778e-09,100,5.876102754598378e-08,3.977620721684616e-08,7.621749453790017e-08,100,5.8163629788055004e-08,4.741539783026383e-08,7.030600990276525e-08,100,1.1706243293398527e-08,5.531480076018675e-09,2.5630375635410387e-08,100,5.377744412570561e-09,2.749668464228584e-09,9.430088001411877e-09,100,0.22943288311539128,0.18826675409525775,0.2605305765183566,100,12.0,12.0,12.0,100,0.9839694174353794,0.9606465891892333,0.9935333226990258,100,0.015400572349407919,0.006187626713310726,0.03816746112283968,100,0.000528919570046748,0.00011841519016969344,0.002138730218553378,100,0.00010109064516604236,2.2354727388230608e-05,0.00041285106306050164,100,0.019733465422166144,0.005677384235187746,0.039540835076088694,100,0.9989961042717834,0.8524435381286727,1.1417685979897065,100,0.9971619756334116,0.9900576427301944,0.9997840441669942,100,0.010000000000000007,0.01,0.01,100,0.049999999999999906,0.05,0.05,100
source_seed_condition,band_0p05_5,303,independent_rms,standard,band_0p05_5,100,-2.853040423001292e-10,-1.1863090935473289e-08,1.7006016093755296e-08,100,5.783388335345308e-08,4.181158352878356e-08,7.752000286131988e-08,100,5.817118632123197e-08,4.6321545710270584e-08,6.8138334086143e-08,100,1.1706243293398527e-08,5.531480076018675e-09,2.5630375635410387e-08,100,5.377744412570561e-09,2.749668464228584e-09,9.430088001411877e-09,100,0.07864166954705966,0.061664374961493996,0.10643827226223465,100,12.0,12.0,12.0,100,0.9839204006207497,0.9683767196411366,0.9923845416927188,100,0.015411769605190234,0.007005376093154145,0.030824459801292507,100,0.0005606544163980875,0.00015532594532805368,0.001257119029362625,100,0.00010717535766198048,2.8917803141152722e-05,0.00024294591448802255,100,0.01571293860697951,0.00822120009688334,0.02433106954891665,100,1.0004957229225695,0.9079352614445306,1.1012749741648213,100,0.9973936474735536,0.9938720307397029,0.9993188129678319,100,0.010000000000000007,0.01,0.01,100,0.049999999999999906,0.05,0.05,100
source_seed_condition,band_5_15,303,electrode,standard,band_5_15,100,1.1205650796013078e-09,-1.2738320332560801e-08,1.792191117394539e-08,100,5.782398243781017e-08,3.826069949752764e-08,7.544624303079672e-08,100,5.848028187926957e-08,4.7753854204302115e-08,7.06747886880521e-08,100,1.1013686732191646e-08,4.7076362332804875e-09,2.4312617907698398e-08,100,5.551177823460289e-09,2.7853742506161445e-09,9.067080725172622e-09,100,0.21427285001960034,0.18582464955676545,0.24914736204945712,100,12.0,12.0,12.0,100,0.0022113473893261935,0.0007757604735031428,0.005401025920595008,100,0.9898046936709526,0.9796300708543929,0.9963984787784465,100,0.007878978651778959,0.0025152827861137225,0.016233716120770573,100,0.00010498028794236788,1.5149511356116584e-05,0.0004818512604599823,100,0.0013688614066594102,0.00043299997311669036,0.002413817842262157,100,0.9939061302935689,0.8875744387532365,1.083484245454758,100,0.9999934204195807,0.9999808823160663,0.9999994176419996,100,0.010000000000000007,0.01,0.01,100,5.0,5.0,5.0,100
source_seed_condition,band_5_15,303,independent_rms,standard,band_5_15,100,-8.066048046005141e-11,-1.0869980220099109e-08,1.6129704727072294e-08,100,5.7963960848894655e-08,3.920276725466465e-08,7.714016447835093e-08,100,5.871812060576076e-08,4.588984126030482e-08,7.369830257175636e-08,100,1.1013686732191646e-08,4.7076362332804875e-09,2.4312617907698398e-08,100,5.551177823460289e-09,2.7853742506161445e-09,9.067080725172622e-09,100,0.05594509575148958,0.043584654830360114,0.06940026301406547,100,12.0,12.0,12.0,100,0.0023134855718895966,0.0009967248420174053,0.005881042980493476,100,0.989521373557991,0.9835496275022058,0.9938419891850969,100,0.008046803903484969,0.004780439015651684,0.013198340460386352,100,0.00011833696663455427,3.113543698761869e-05,0.0002502142659917961,100,0.001172038233674259,0.0005225722522772925,0.0018507915111872259,100,1.0017414000693687,0.9363036199990316,1.072395411053526,100,0.9999928584642813,0.9999824089075908,0.9999986654233854,100,0.010000000000000007,0.01,0.01,100,5.0,5.0,5.0,100
source_seed_condition,band_15_40,303,electrode,standard,band_15_40,100,7.922901170186625e-10,-1.0825377181677212e-08,1.7993872182184443e-08,100,5.93200449827691e-08,4.185515578569721e-08,8.348531110868862e-08,100,5.896956960071975e-08,4.627698224624055e-08,7.045383831894014e-08,100,1.0417891718065745e-08,5.024339957069423e-09,2.4135468526518103e-08,100,5.421004760582675e-09,2.7379496588400585e-09,7.780360713859626e-09,100,0.20133148310220444,0.17804477415146636,0.2155203363236568,100,12.0,12.0,12.0,100,0.00011248340079054913,1.0784739954772123e-05,0.0004258662196966008,100,0.0010575003967572797,0.00037335236049925504,0.002668222176555174,100,0.9955179238283356,0.9918763643743738,0.9977685653073745,100,0.00331209237411628,0.001116116165637343,0.006801359540141242,100,0.0008659718614259955,0.00026231649242578235,0.0017772582196881016,100,0.999650491423176,0.946732564945866,1.0696236475269374,100,0.9999989057537985,0.9999958052621913,0.999999910854477,100,0.010000000000000007,0.01,0.01,100,15.0,15.0,15.0,100
source_seed_condition,band_15_40,303,independent_rms,standard,band_15_40,100,-9.186396735936904e-10,-1.7700261543134424e-08,1.110215456613503e-08,100,5.7713633108136265e-08,3.073472321091231e-08,8.350068902984731e-08,100,5.770142077921037e-08,4.2287791046646817e-08,6.733444024575874e-08,100,1.0417891718065745e-08,5.024339957069423e-09,2.4135468526518103e-08,100,5.421004760582675e-09,2.7379496588400585e-09,7.780360713859626e-09,100,0.0357122115634821,0.029523801279054882,0.04170727869111426,100,12.0,12.0,12.0,100,0.00010961312095987963,2.5392780302666526e-05,0.00023437439105088016,100,0.0010695411877790215,0.0006602325646993955,0.0020449054610812032,100,0.9955487251825857,0.9928794431739236,0.9972813181745147,100,0.003272120508675466,0.0018843341819604186,0.005564213523591325,100,0.0007167162934568107,0.00033637375730256387,0.0010115871820364894,100,1.0013958985664952,0.9684610312637206,1.0417669079763088,100,0.9999989365067872,0.9999979252830367,0.9999997783272038,100,0.010000000000000007,0.01,0.01,100,15.0,15.0,15.0,100
source_seed_condition,band_0p5_40,303,electrode,standard,band_0p5_40,100,-6.559601222926523e-11,-1.5071223275770685e-08,1.4049947401802797e-08,100,5.892327747503145e-08,3.371851775568757e-08,8.013436669784824e-08,100,5.853573233238762e-08,4.675390385955325e-08,7.10454539643024e-08,100,1.035694289590734e-08,4.7951846621517094e-09,2.2845178139528757e-08,100,5.38617894177671e-09,2.862207483744426e-09,9.161593064246225e-09,100,0.19729526483450774,0.1854097664879513,0.20844603292155275,100,12.0,12.0,12.0,100,0.11263318246555462,0.09761678294839667,0.1349777820776128,100,0.25206460776914325,0.23103646414408321,0.2738426672848055,100,0.633184310667857,0.6030735416622736,0.6596771133015888,100,0.0021178990974449136,0.0007873168860639549,0.004399976549422922,100,0.005438645247502122,0.002240484453112963,0.011403112242207806,100,0.9982888905389647,0.9539283851761762,1.0534575353621027,100,0.9999729114887295,0.9998887208111998,0.9999958923346653,100,0.010000000000000007,0.01,0.01,100,0.5,0.5,0.5,100
source_seed_condition,band_0p5_40,303,independent_rms,standard,band_0p5_40,100,5.632544604225682e-10,-1.6778073736717722e-08,1.341938524534737e-08,100,5.912569696064907e-08,4.173703516130445e-08,7.760013254198839e-08,100,5.873231623709785e-08,4.7009782733198335e-08,7.127080259294871e-08,100,1.035694289590734e-08,4.7951846621517094e-09,2.2845178139528757e-08,100,5.38617894177671e-09,2.862207483744426e-09,9.161593064246225e-09,100,0.02825620064013719,0.02143516865100508,0.032890426309350296,100,12.0,12.0,12.0,100,0.11276606199960498,0.10130229730939382,0.12714534577724562,100,0.2531141043627945,0.23355247431585613,0.27155990928043655,100,0.6320047196914594,0.6116234408980152,0.6526493051644858,100,0.0021151139461410514,0.0012479822971383434,0.0038192766028801593,100,0.004334969300215229,0.0017923337856178064,0.007017215683533912,100,1.001625750640931,0.9781998856939582,1.0266166840444437,100,0.9999751976966924,0.9999392141402759,0.9999959739791401,100,0.010000000000000007,0.01,0.01,100,0.5,0.5,0.5,100
source_seed_condition,standard,404,electrode,standard,legacy_0p5_40,100,3.118868165546486e-10,-1.2445795934207307e-08,1.584893500025421e-08,100,1.4869586006938107e-07,1.0836183150786383e-07,1.967227767352142e-07,100,1.495245621185859e-07,1.3909046003846015e-07,1.6385014234288064e-07,100,2.6827883609026208e-08,1.3232179811557682e-08,4.8633383255745944e-08,100,6.693361738940056e-09,4.361505436473895e-09,9.341235120118562e-09,100,0.19799931589427963,0.1841680834265548,0.22115738653931266,100,12.0,12.0,12.0,100,0.11444137381742077,0.10139843168271534,0.12891160145606118,100,0.25204242141354477,0.22451261860013594,0.2746619163250796,100,0.631138284042025,0.6119087358097923,0.6648435010940438,100,0.0023779207270096313,0.0008840233015607308,0.005155167364878468,100,7.343439674590713e-18,4.177744310990667e-18,1.1741100595232622e-17,100,1.0,1.0,1.0,100,1.0,1.0,1.0,100,0.09999999999999981,0.1,0.1,100,0.5,0.5,0.5,100
source_seed_condition,standard,404,independent_rms,standard,legacy_0p5_40,100,-3.412213607534783e-10,-1.2494060524046882e-08,1.2413478874410387e-08,100,1.4692450058362284e-07,1.1078648043394423e-07,1.9290837016683327e-07,100,1.491024046273992e-07,1.3940995557959468e-07,1.5753036564092326e-07,100,2.6827883609026208e-08,1.3232179811557682e-08,4.8633383255745944e-08,100,6.693361738940056e-09,4.361505436473895e-09,9.341235120118562e-09,100,0.028368064920244695,0.021098443628456063,0.03579699380843096,100,12.0,12.0,12.0,100,0.11362386151175244,0.09711104778591755,0.12662920929404067,100,0.25305805732289827,0.2366620865149875,0.2696855973100849,100,0.6307840938518678,0.6088184290877195,0.6495422065750348,100,0.002533987313481362,0.0012669636398629145,0.005180921121131181,100,5.465550567207541e-18,2.701289205785704e-18,7.805323204463161e-18,100,1.0,1.0,1.0,100,1.0,1.0,1.0,100,0.09999999999999981,0.1,0.1,100,0.5,0.5,0.5,100
source_seed_condition,limb_only,404,electrode,limb_only,legacy_0p5_40,100,2.6360751922784763e-10,-1.704287082760832e-08,1.764539991731817e-08,100,5.881814004737862e-08,3.748708898854147e-08,8.001491913489645e-08,100,5.8333066164095724e-08,4.179134371895543e-08,7.641295773908041e-08,100,1.4532057271439628e-08,6.5052518895221605e-09,3.0239882302695026e-08,100,5.325995796457406e-09,3.2552551943409827e-09,9.337251355083382e-09,100,0.36862652847892646,0.3528889944757431,0.39519512123726364,100,12.0,12.0,12.0,100,0.11521114536651407,0.0933750002038955,0.13576082144036003,100,0.2508682103653251,0.2137911474097541,0.28123002536083896,100,0.6315570890173354,0.6024924068289232,0.6742296348975528,100,0.0023635552508256786,0.0003591473158679934,0.005845573043918701,100,6.03238262418141e-18,2.892267711637556e-18,1.142756968994115e-17,100,1.0,1.0,1.0,100,1.0,1.0,1.0,100,0.09999999999999981,0.1,0.1,100,0.5,0.5,0.5,100
source_seed_condition,limb_only,404,independent_rms,limb_only,legacy_0p5_40,100,4.0991589218745003e-11,-1.5023341523908014e-08,1.2695652662237772e-08,100,5.771642488383577e-08,3.45201467411016e-08,7.535742696518355e-08,100,5.849961553394678e-08,4.483054105719475e-08,7.3794623745016e-08,100,1.4532057271439628e-08,6.5052518895221605e-09,3.0239882302695026e-08,100,5.325995796457406e-09,3.2552551943409827e-09,9.337251355083382e-09,100,0.02836806484640083,0.021098444494597544,0.03579699341232433,100,12.0,12.0,12.0,100,0.11406980792577974,0.09380290190839505,0.1268562089257317,100,0.2530694023069494,0.23169979441824434,0.2767999044545871,100,0.6303401360500837,0.6026439935613668,0.6516593782681238,100,0.002520653717186952,0.00122317858474415,0.004860851350206059,100,5.465550567207541e-18,2.701289205785704e-18,7.805323204463161e-18,100,1.0,1.0,1.0,100,1.0,1.0,1.0,100,0.09999999999999981,0.1,0.1,100,0.5,0.5,0.5,100
source_seed_condition,precordial_only,404,electrode,precordial_only,legacy_0p5_40,100,-7.100235583643183e-10,-2.10042702179135e-08,1.947588727083405e-08,100,5.983662939357259e-08,3.229614087274513e-08,9.273982293223071e-08,100,5.907693351403509e-08,4.181741353193047e-08,7.768327314749968e-08,100,8.403369880163686e-09,4.068755482174814e-09,2.2236670156729418e-08,100,4.9590532049567396e-09,2.14530205961419e-09,1.001412130826354e-08,100,0.02772141421290373,0.01624758462407201,0.04611148693490035,100,6.0,6.0,6.0,100,0.11294228016504905,0.09835484179891088,0.12951089253779013,100,0.252897450161314,0.23329672357858647,0.27804673428402055,100,0.6316781272583726,0.6032724108244216,0.6572524446223539,100,0.002482142415264363,0.00020759263046776002,0.005203312885795979,100,3.592160193030211e-18,9.678699938266252e-19,5.710188328692421e-18,100,1.0,1.0,1.0,100,1.0,1.0,1.0,100,0.09999999999999981,0.1,0.1,100,0.5,0.5,0.5,100
source_seed_condition,precordial_only,404,independent_rms,precordial_only,legacy_0p5_40,100,6.66584399790402e-12,-1.9289827605127594e-08,2.256245067984627e-08,100,5.691078687419804e-08,2.5691912597380906e-08,8.925068506471234e-08,100,5.7617869444470674e-08,3.56646587817977e-08,7.389676781599519e-08,100,8.403369880163686e-09,4.068755482174814e-09,2.2236670156729418e-08,100,4.9590532049567396e-09,2.14530205961419e-09,1.001412130826354e-08,100,0.02827890746081395,0.01677742996203245,0.04061503221018855,100,6.0,6.0,6.0,100,0.11263938600047502,0.0951238022237898,0.13135558622921906,100,0.253021557638093,0.23172269318309965,0.27334141722562344,100,0.6317878116342954,0.6072965198532013,0.6596301260240605,100,0.002551244727136231,0.0006740919655983167,0.006589370804116686,100,5.465550567207541e-18,2.701289205785704e-18,7.805323204463161e-18,100,1.0,1.0,1.0,100,1.0,1.0,1.0,100,0.09999999999999981,0.1,0.1,100,0.5,0.5,0.5,100
source_seed_condition,random_00,404,electrode,randomized,legacy_0p5_40,100,-7.797831540101491e-10,-1.535772255626868e-08,1.4834205033591143e-08,100,5.7304305975947043e-08,3.2031152841227595e-08,8.579253218954364e-08,100,5.7844221288405606e-08,4.5234163081886436e-08,7.29205176241976e-08,100,1.05485912248164e-08,6.044490475129284e-09,1.9340205083022036e-08,100,5.6558175959645134e-09,3.0079061186027764e-09,8.941671048275722e-09,100,0.25028828707786244,0.23574584864822523,0.26633381907963394,100,12.0,12.0,12.0,100,0.11484095320619549,0.10204454182609576,0.12952188319798874,100,0.2516080484824007,0.22176954482700184,0.27315166462744556,100,0.6312121538245107,0.6092019392699007,0.6637755741958865,100,0.002338844486892899,0.0008008842091437233,0.004988835855473872,100,7.588317299187565e-18,3.0579876793910418e-18,1.2374214666953084e-17,100,1.0,1.0,1.0,100,1.0,1.0,1.0,100,0.09999999999999981,0.1,0.1,100,0.5,0.5,0.5,100
source_seed_condition,random_00,404,independent_rms,randomized,legacy_0p5_40,100,1.9992410669349688e-10,-1.1288269796040745e-08,1.306529673696574e-08,100,5.8047340516509395e-08,3.64200296587569e-08,8.774042647985425e-08,100,5.825601791187296e-08,4.673085030049151e-08,7.355944831033412e-08,100,1.05485912248164e-08,6.044490475129284e-09,1.9340205083022036e-08,100,5.6558175959645134e-09,3.0079061186027764e-09,8.941671048275722e-09,100,0.028368064874958073,0.021098443842232247,0.03579699373760137,100,12.0,12.0,12.0,100,0.11360305946988396,0.09727490553735678,0.12713104935243402,100,0.25307657249284143,0.2363680241319256,0.2692609924578085,100,0.6307847039822557,0.6095190021576267,0.6497967820925692,100,0.0025356640550188857,0.0012731505821990687,0.005305060073153503,100,5.465550567207541e-18,2.701289205785704e-18,7.805323204463161e-18,100,1.0,1.0,1.0,100,1.0,1.0,1.0,100,0.09999999999999981,0.1,0.1,100,0.5,0.5,0.5,100
source_seed_condition,random_01,404,electrode,randomized,legacy_0p5_40,100,1.4002581933131581e-11,-1.5961129737599584e-08,1.169552646995212e-08,100,5.765983443595246e-08,3.3187717463079025e-08,8.041320853635625e-08,100,5.8111541196836925e-08,4.724286739588024e-08,7.039890270732485e-08,100,1.0495275100704881e-08,5.488046031079864e-09,2.086844650024408e-08,100,5.583035648231614e-09,2.3890052477060887e-09,9.838907593683306e-09,100,0.2632117872899758,0.24985125056631344,0.28807616432736083,100,12.0,12.0,12.0,100,0.11407047851125342,0.09566766003583765,0.13285482580102362,100,0.25163987014063643,0.22430432623061217,0.2762798973166344,100,0.6318411477274762,0.5991934867233369,0.656874984279374,100,0.002448503620633892,0.0009289918722594751,0.004755317876878378,100,7.851327589126451e-18,3.9073962476903975e-18,1.4043333874306806e-17,100,1.0,1.0,1.0,100,1.0,1.0,1.0000000000000002,100,0.09999999999999981,0.1,0.1,100,0.5,0.5,0.5,100
source_seed_condition,random_01,404,independent_rms,randomized,legacy_0p5_40,100,4.645633124317165e-10,-1.5759781054830332e-08,1.1966985615374815e-08,100,5.654882519579019e-08,3.889182664806867e-08,8.218522573599785e-08,100,5.8272575351736574e-08,4.810423348544646e-08,7.278944735844561e-08,100,1.0495275100704881e-08,5.488046031079864e-09,2.086844650024408e-08,100,5.583035648231614e-09,2.3890052477060887e-09,9.838907593683306e-09,100,0.028368064864566157,0.02109844340138184,0.035796993998576124,100,12.0,12.0,12.0,100,0.11358252779538212,0.09700604027963523,0.12680284077977516,100,0.2530319518018151,0.23653547709633588,0.26916168968167964,100,0.6308499094369127,0.6093952052324366,0.6492783786366276,100,0.002535610965890249,0.0012661379793815688,0.005249700007072449,100,5.465550567207541e-18,2.701289205785704e-18,7.805323204463161e-18,100,1.0,1.0,1.0,100,1.0,1.0,1.0,100,0.09999999999999981,0.1,0.1,100,0.5,0.5,0.5,100
source_seed_condition,random_02,404,electrode,randomized,legacy_0p5_40,100,-2.1013649556995925e-10,-1.3011835907856307e-08,1.280419543289942e-08,100,5.7942089419782404e-08,4.0153970815026696e-08,7.593150641582724e-08,100,5.764788152617939e-08,4.6327166103310446e-08,6.970645571868772e-08,100,1.0824019869360988e-08,5.769759320760795e-09,2.3064349864411922e-08,100,5.4774929465190445e-09,2.8994026116294875e-09,1.1994309472837553e-08,100,0.2972394810710322,0.27921467386811544,0.3152148268726156,100,12.0,12.0,12.0,100,0.1150165536264,0.10040055397006221,0.136086852452479,100,0.25077272337350454,0.21784214206636277,0.2761526043413963,100,0.6319026415744112,0.6089635310163078,0.6641377735590533,100,0.0023080814256841533,0.0007121160770034269,0.006468084769769935,100,7.691721023296623e-18,4.320845760985991e-18,1.1338959458406264e-17,100,1.0,1.0,1.0,100,1.0,1.0,1.0,100,0.09999999999999981,0.1,0.1,100,0.5,0.5,0.5,100
source_seed_condition,random_02,404,independent_rms,randomized,legacy_0p5_40,100,4.78451011382072e-10,-1.2197990775769097e-08,1.3775371550148285e-08,100,5.898431572504137e-08,3.889757493880097e-08,7.917866540196883e-08,100,5.824151205757744e-08,4.2734972893754275e-08,6.907796823441004e-08,100,1.0824019869360988e-08,5.769759320760795e-09,2.3064349864411922e-08,100,5.4774929465190445e-09,2.8994026116294875e-09,1.1994309472837553e-08,100,0.028368064875595025,0.021098443979448572,0.0357969940418117,100,12.0,12.0,12.0,100,0.11359283825907003,0.09747542660183985,0.12717325793650724,100,0.2530366499042106,0.2367018898483596,0.26954021177109333,100,0.6308373505345081,0.6089505155725288,0.6493230248335647,100,0.0025331613022114906,0.0012774330892629379,0.005252334307846042,100,5.465550567207541e-18,2.701289205785704e-18,7.805323204463161e-18,100,1.0,1.0,1.0,100,1.0,1.0,1.0,100,0.09999999999999981,0.1,0.1,100,0.5,0.5,0.5,100
source_seed_condition,random_03,404,electrode,randomized,legacy_0p5_40,100,4.3956929399787495e-10,-1.5304471911213895e-08,1.6382201336987094e-08,100,5.883505009407486e-08,3.518284330539245e-08,8.315468846831209e-08,100,5.9265334222402545e-08,4.440739509448122e-08,7.416283409611424e-08,100,1.0794655959753006e-08,5.828070871955438e-09,1.8385156291104517e-08,100,5.494491796359354e-09,3.0317254742932615e-09,1.0046354448333298e-08,100,0.29293073085011145,0.2742924603481863,0.308362258269124,100,12.0,12.0,12.0,100,0.11444576483377837,0.09917167747550522,0.1313705729270472,100,0.25193557476238376,0.2254775366849212,0.27695819952003636,100,0.6311804911883196,0.6087645765257957,0.6623284548262439,100,0.0024381692155181008,0.0007383305393378731,0.005455068468506615,100,7.499549971008745e-18,3.3552499909234068e-18,1.3992334183921562e-17,100,1.0,1.0,1.0,100,1.0,0.9999999999999998,1.0,100,0.09999999999999981,0.1,0.1,100,0.5,0.5,0.5,100
source_seed_condition,random_03,404,independent_rms,randomized,legacy_0p5_40,100,1.1167010536234169e-10,-1.2578061161245875e-08,1.587211550381056e-08,100,5.812660418769156e-08,2.9914096089100894e-08,8.434318488070858e-08,100,5.79849265136545e-08,4.549935717079734e-08,7.097865051264307e-08,100,1.0794655959753006e-08,5.828070871955438e-09,1.8385156291104517e-08,100,5.494491796359354e-09,3.0317254742932615e-09,1.0046354448333298e-08,100,0.028368064896901427,0.02109844333552602,0.035796993745265245,100,12.0,12.0,12.0,100,0.11358762331107976,0.09698938254945828,0.12666225112807056,100,0.2530462436598473,0.2366621773807182,0.26946191402982544,100,0.6308341808182434,0.6088866441226353,0.6495754538249904,100,0.002531952210829962,0.001258465669725922,0.005151368210218926,100,5.465550567207541e-18,2.701289205785704e-18,7.805323204463161e-18,100,1.0,1.0,1.0,100,1.0,1.0,1.0,100,0.09999999999999981,0.1,0.1,100,0.5,0.5,0.5,100
source_seed_condition,random_04,404,electrode,randomized,legacy_0p5_40,100,-7.551488880899463e-10,-1.410070530578633e-08,1.2207109904170549e-08,100,5.8036134156225216e-08,3.2299228180932005e-08,8.454570377125492e-08,100,5.798098394294016e-08,4.239293183161408e-08,7.171377092163311e-08,100,1.1834337688457487e-08,5.962865802221301e-09,3.086955562340676e-08,100,5.589178782466017e-09,3.251524482923799e-09,9.090722048037408e-09,100,0.25537093014606826,0.24244567329618483,0.2716264331610636,100,12.0,12.0,12.0,100,0.11466197849926854,0.10002360502230126,0.13165933659442303,100,0.2511856019012764,0.22251209454693374,0.274546166381963,100,0.6317741714429146,0.6102837125878112,0.6646072465287144,100,0.0023782481565403205,0.000828285078104795,0.00526481893643264,100,7.774971003172875e-18,4.3850295967943205e-18,1.3977791653558345e-17,100,1.0,1.0,1.0,100,1.0,1.0,1.0,100,0.09999999999999981,0.1,0.1,100,0.5,0.5,0.5,100
source_seed_condition,random_04,404,independent_rms,randomized,legacy_0p5_40,100,-2.5873805595399795e-10,-1.8118635498387593e-08,1.4671136295223447e-08,100,5.7673402533708894e-08,3.6988188512054876e-08,8.040160714983813e-08,100,5.8440027697059806e-08,4.863267299981544e-08,6.905228033815547e-08,100,1.1834337688457487e-08,5.962865802221301e-09,3.086955562340676e-08,100,5.589178782466017e-09,3.251524482923799e-09,9.090722048037408e-09,100,0.02836806491884629,0.021098443617215454,0.03579699406340777,100,12.0,12.0,12.0,100,0.11356666512136285,0.09694420997808612,0.12699753285709356,100,0.2530450712255277,0.23653160920549954,0.2691813670052071,100,0.6308552413400819,0.609325929751505,0.6496128052665348,100,0.002533022313027552,0.0012712019817807847,0.005250851982270705,100,5.465550567207541e-18,2.701289205785704e-18,7.805323204463161e-18,100,1.0,1.0,1.0,100,1.0,1.0,1.0,100,0.09999999999999981,0.1,0.1,100,0.5,0.5,0.5,100
source_seed_condition,band_0p05_5,404,electrode,standard,band_0p05_5,100,-4.0848771544317707e-10,-1.3777011432704414e-08,1.6465277183589026e-08,100,5.8393412540880265e-08,3.8385643108540535e-08,7.691424563915916e-08,100,5.8179627675514214e-08,4.574110690214184e-08,6.982219069584517e-08,100,1.1262714925385958e-08,5.773033800868884e-09,4.1222721859886485e-08,100,5.471980230413029e-09,3.0254759522647458e-09,1.048634402963194e-08,100,0.2284070375479409,0.19955104111004177,0.26593695079515267,100,12.0,12.0,12.0,100,0.9840531974805358,0.9649522237914705,0.9953417357704408,100,0.015273078006961004,0.004408500771830545,0.03463168351455855,100,0.0005656331228681796,8.913172092926068e-05,0.0018869458147300537,100,0.00010809138963500318,1.590209962651512e-05,0.00036387282785020777,100,0.018985559130648783,0.009379641571678544,0.04142083278844385,100,1.000588641248143,0.8650310673548912,1.1632113198196568,100,0.9974376664173515,0.9890848758139564,0.9994355384607189,100,0.010000000000000007,0.01,0.01,100,0.049999999999999906,0.05,0.05,100
source_seed_condition,band_0p05_5,404,independent_rms,standard,band_0p05_5,100,5.30137908178297e-10,-1.2303184437754793e-08,1.2790291759527624e-08,100,5.880349776887783e-08,3.75210706948792e-08,8.335985768326282e-08,100,5.8440235317647193e-08,4.702550349122703e-08,6.991754730734101e-08,100,1.1262714925385958e-08,5.773033800868884e-09,4.1222721859886485e-08,100,5.471980230413029e-09,3.0254759522647458e-09,1.048634402963194e-08,100,0.08065391860231973,0.05551658149901441,0.09972325741707352,100,12.0,12.0,12.0,100,0.9834802097524201,0.9671474704503407,0.9935918440558204,100,0.015826103793096964,0.006140220646828493,0.03189422109543728,100,0.0005824124181586131,0.0001624951296899615,0.0013566479962190841,100,0.00011127403632471712,3.061993750743274e-05,0.00026198213273531386,100,0.01592770899963365,0.008402865316168183,0.028172294354501696,100,0.9956676866905277,0.913595371959212,1.0718794961945357,100,0.9972933085093614,0.9920044993767342,0.9993259561050591,100,0.010000000000000007,0.01,0.01,100,0.049999999999999906,0.05,0.05,100
source_seed_condition,band_5_15,404,electrode,standard,band_5_15,100,1.2000322299650087e-09,-9.5116362621445e-09,1.4876050095204157e-08,100,5.9299887524844056e-08,3.6724207674865283e-08,7.788950107112669e-08,100,5.983063337211548e-08,4.8209596315018644e-08,6.790226692032775e-08,100,1.0907393875129378e-08,4.335238660936347e-09,1.9429921102425997e-08,100,5.391653204599058e-09,3.0495985700404627e-09,9.818659595565854e-09,100,0.21441994015177182,0.18913665846278888,0.2428722092476207,100,12.0,12.0,12.0,100,0.0023918285933891715,0.0008025512609711648,0.005271946916017177,100,0.9892626308530954,0.9802956080859666,0.9953876695977739,100,0.008235118016425607,0.003024976695908434,0.017098205629158265,100,0.00011042253708983797,2.227971025719087e-05,0.0003231570626667848,100,0.0014825333441545673,0.0007567649430650186,0.0028873165000643758,100,0.9961317712766732,0.8843196128614669,1.1187100842595974,100,0.9999922098476773,0.9999755632894738,0.9999982350113495,100,0.010000000000000007,0.01,0.01,100,5.0,5.0,5.0,100
source_seed_condition,band_5_15,404,independent_rms,standard,band_5_15,100,8.70003146212748e-10,-1.2432633346414888e-08,1.2308618870323308e-08,100,5.840127156986341e-08,3.1048948301304335e-08,8.326347789022748e-08,100,5.851284798907841e-08,4.795593078199545e-08,7.13695875731446e-08,100,1.0907393875129378e-08,4.335238660936347e-09,1.9429921102425997e-08,100,5.391653204599058e-09,3.0495985700404627e-09,9.818659595565854e-09,100,0.05720875812055819,0.04624151459301823,0.07166249480904989,100,12.0,12.0,12.0,100,0.0022624556803549135,0.0010370062350908784,0.004226455978360184,100,0.9894557764218439,0.9846679352709063,0.9947708620327901,100,0.008166452891300675,0.0037316795867713597,0.012663356421749464,100,0.0001153150065008164,3.4659417719011075e-05,0.00024181557817499796,100,0.001150477684120111,0.0005809327790843959,0.0018279837896596502,100,1.0029854662888666,0.9198376861935265,1.0586925918637637,100,0.9999930919255489,0.9999831389561085,0.9999983304869815,100,0.010000000000000007,0.01,0.01,100,5.0,5.0,5.0,100
source_seed_condition,band_15_40,404,electrode,standard,band_15_40,100,1.0364202148453976e-10,-1.3021416501265227e-08,1.3405185523446224e-08,100,5.89049059307456e-08,3.163292738861401e-08,7.846647775977544e-08,100,5.820754386931526e-08,4.580235568596436e-08,6.868950208627211e-08,100,1.0914256875992107e-08,3.883925108784503e-09,2.384148716995623e-08,100,5.494981435568474e-09,3.4957448257576934e-09,9.837359195398508e-09,100,0.2022827011407416,0.1910928730063211,0.22242601409015786,100,12.0,12.0,12.0,100,9.896488149706364e-05,1.438465722288977e-05,0.00034211651246789484,100,0.0010437241260999894,0.00027350866724884157,0.002247225147902533,100,0.9956114460147745,0.9911441012323664,0.9979257521548922,100,0.003245864977629249,0.001209264903130979,0.00768111689999709,100,0.0008209339925476163,0.00032121237448297607,0.0016237470133478066,100,1.0000439469101883,0.9284180827351965,1.0623549881322167,100,0.9999990383368772,0.9999966362537951,0.999999868289177,100,0.010000000000000007,0.01,0.01,100,15.0,15.0,15.0,100
source_seed_condition,band_15_40,404,independent_rms,standard,band_15_40,100,-3.367843708265455e-10,-1.7331580346798547e-08,1.5819829668764815e-08,100,5.760381005970317e-08,2.8488468473142348e-08,8.19847851829536e-08,100,5.7954244940816576e-08,4.7074850684225567e-08,7.211428076914217e-08,100,1.0914256875992107e-08,3.883925108784503e-09,2.384148716995623e-08,100,5.494981435568474e-09,3.4957448257576934e-09,9.837359195398508e-09,100,0.035287100044685375,0.027474367671567364,0.043389416226366835,100,12.0,12.0,12.0,100,0.00011288769171458416,2.9845241619986852e-05,0.00030949551262086174,100,0.0010538787444240025,0.0005311735369317818,0.0021931915141995,100,0.9955005574000891,0.9932936551961656,0.9972100023230113,100,0.0033326761637724116,0.0019102025059420566,0.004676446778606193,100,0.0007225781974762077,0.0004135128575400913,0.0011647633782958986,100,0.9997453036841599,0.9562121816755798,1.0462886883756335,100,0.9999989145150233,0.9999972808357499,0.9999996705692928,100,0.010000000000000007,0.01,0.01,100,15.0,15.0,15.0,100
source_seed_condition,band_0p5_40,404,electrode,standard,band_0p5_40,100,4.6072406887030545e-10,-1.215120691076185e-08,1.184397407542356e-08,100,5.8949527890206355e-08,3.390994152141502e-08,7.854657191330716e-08,100,5.843094907476143e-08,4.6052637259208495e-08,7.077917096864894e-08,100,1.1573365931417734e-08,5.653983358554615e-09,2.5140549888819066e-08,100,5.550591370441085e-09,3.1096420742606327e-09,8.84147013379375e-09,100,0.19821941582920347,0.18535193078948037,0.21250473067904804,100,12.0,12.0,12.0,100,0.11300288613823245,0.09760563586634233,0.12818058581326722,100,0.25226986588215833,0.22596176714377955,0.27856153119667304,100,0.6326325400025717,0.6058744100747089,0.6553422499756035,100,0.0020947079770378845,0.0008258799409518385,0.00473009810837168,100,0.00519084902997647,0.0025803027002250867,0.009376572930447946,100,0.999104880792425,0.9464353071461701,1.0574934026925287,100,0.9999764446129852,0.9999262186222783,0.9999944398185404,100,0.010000000000000007,0.01,0.01,100,0.5,0.5,0.5,100
source_seed_condition,band_0p5_40,404,independent_rms,standard,band_0p5_40,100,-3.9031486794711355e-10,-1.3139577956916558e-08,1.4117755051721063e-08,100,5.7256373011682626e-08,3.810709614526786e-08,8.032504084098946e-08,100,5.790714341813441e-08,4.668110342720411e-08,7.084597797302195e-08,100,1.1573365931417734e-08,5.653983358554615e-09,2.5140549888819066e-08,100,5.550591370441085e-09,3.1096420742606327e-09,8.84147013379375e-09,100,0.028142157538694916,0.022177724948967272,0.036716593255435755,100,12.0,12.0,12.0,100,0.11259888026528964,0.10293500769438185,0.12213951011398175,100,0.25349447452681617,0.23850262007235953,0.2697251846708529,100,0.6317677501537105,0.6174759636368391,0.6502915449188057,100,0.0021388950541836173,0.0012132031831332626,0.0031683525594961973,100,0.004348644024581362,0.002360124892010946,0.006537717317872574,100,1.0004301374794262,0.9552750815408138,1.039628313004911,100,0.999975042936437,0.9999459050310974,0.9999930569418213,100,0.010000000000000007,0.01,0.01,100,0.5,0.5,0.5,100
source_seed_condition,standard,505,electrode,standard,legacy_0p5_40,100,6.817199151409402e-10,-1.4567294669854396e-08,1.4069671755739821e-08,100,1.4659797932026208e-07,1.0232190916781292e-07,2.0663453881297755e-07,100,1.4887778654326667e-07,1.3513347596472158e-07,1.5910513084804734e-07,100,2.743641863925604e-08,1.4925273013312407e-08,5.9133433241522075e-08,100,6.8816278498478224e-09,4.5084990401562074e-09,1.0963294173681085e-08,100,0.1977465095230945,0.18721326203959032,0.21171017269572348,100,12.0,12.0,12.0,100,0.1148986760767956,0.09838895897360506,0.1334788866114668,100,0.2540385432010129,0.2357254697448018,0.2725607408828619,100,0.628431441763536,0.6007415348499536,0.6571612988472508,100,0.002631338958655136,0.000596852987654094,0.0055281846851738484,100,7.210265984108056e-18,4.100316822212988e-18,1.157989757881856e-17,100,1.0,1.0,1.0,100,1.0,1.0,1.0,100,0.09999999999999981,0.1,0.1,100,0.5,0.5,0.5,100
source_seed_condition,standard,505,independent_rms,standard,legacy_0p5_40,100,-2.9407752693456526e-10,-1.68514171089616e-08,1.1744279009219623e-08,100,1.4759537018349533e-07,1.0869799638157929e-07,2.0581476434244905e-07,100,1.4858275505957864e-07,1.3744970317475236e-07,1.6130149305126906e-07,100,2.743641863925604e-08,1.4925273013312407e-08,5.9133433241522075e-08,100,6.8816278498478224e-09,4.5084990401562074e-09,1.0963294173681085e-08,100,0.027618588467745876,0.022732684254819474,0.03342558359394617,100,12.0,12.0,12.0,100,0.11351110915577765,0.10347575266511833,0.12619019502493967,100,0.2519071729025747,0.24036310287718132,0.2661799181682109,100,0.6318547421150349,0.6146914732281775,0.6475675423563965,100,0.0027269758266127066,0.0010214580067985442,0.004416984078437493,100,5.381469694286983e-18,2.642859423360307e-18,7.700392503574914e-18,100,1.0,1.0,1.0,100,1.0,1.0,1.0,100,0.09999999999999981,0.1,0.1,100,0.5,0.5,0.5,100
source_seed_condition,limb_only,505,electrode,limb_only,legacy_0p5_40,100,-8.053082909424649e-10,-2.2894763829740834e-08,1.525839146945406e-08,100,5.866503762774755e-08,4.0457262429072216e-08,7.917659772260777e-08,100,5.824439615054189e-08,4.342861714690116e-08,8.024541742202018e-08,100,1.5249535375268575e-08,7.130768756850232e-09,3.3801118562861735e-08,100,5.585499719996718e-09,2.8062727087859048e-09,1.0098888352765276e-08,100,0.3686151934009176,0.35495688357995875,0.3966861644626575,100,12.0,12.0,12.0,100,0.11541687093660653,0.09293064041637789,0.13969046906655785,100,0.2546211524115415,0.225769314318676,0.2844766994199715,100,0.62732555747843,0.5852399035586845,0.6723673031340168,100,0.0026364191734218534,0.00028510710357538573,0.008248575019457418,100,5.861456855383764e-18,2.602125305043364e-18,1.0849176047048541e-17,100,1.0,1.0,1.0,100,1.0,1.0,1.0,100,0.09999999999999981,0.1,0.1,100,0.5,0.5,0.5,100
source_seed_condition,limb_only,505,independent_rms,limb_only,legacy_0p5_40,100,-1.2040854212848425e-09,-1.5800857547744888e-08,1.3216001832982692e-08,100,5.7117064091727344e-08,3.384442592846426e-08,8.120476380213404e-08,100,5.769705694547156e-08,4.500025063691737e-08,7.87291494219744e-08,100,1.5249535375268575e-08,7.130768756850232e-09,3.3801118562861735e-08,100,5.585499719996718e-09,2.8062727087859048e-09,1.0098888352765276e-08,100,0.027618588446096583,0.02273268421807705,0.033425583352468854,100,12.0,12.0,12.0,100,0.11368997762073513,0.10335706745343559,0.13118784721340823,100,0.2522905284148955,0.23812713847700168,0.27118808710640374,100,0.631301690511548,0.6048025209692297,0.6497767840427779,100,0.002717803452821254,0.0010134996193822893,0.005215971750117077,100,5.381469694286983e-18,2.642859423360307e-18,7.700392503574914e-18,100,1.0,1.0,1.0,100,1.0,1.0,1.0,100,0.09999999999999981,0.1,0.1,100,0.5,0.5,0.5,100
source_seed_condition,precordial_only,505,electrode,precordial_only,legacy_0p5_40,100,2.214510517835274e-10,-1.6843262273709057e-08,1.4117193813137351e-08,100,5.986280052994176e-08,3.137305526479395e-08,8.521171324105126e-08,100,5.939307033742125e-08,4.054821367560635e-08,7.551041036890638e-08,100,8.722910181190898e-09,3.727462016753641e-09,1.4795897618577364e-08,100,4.7036753218008606e-09,1.6444169505504532e-09,1.0042750495070514e-08,100,0.02877049281334768,0.015720042980448237,0.042617092711941404,100,6.0,6.0,6.0,100,0.11362268478174055,0.09936397618944855,0.12848806384795855,100,0.25353902203927786,0.23379789689608277,0.27146486229441,100,0.6303534082649551,0.6017728597907999,0.6533271071528732,100,0.002484884914026526,0.0005656231150572285,0.004542087359999194,100,3.627121313928336e-18,1.9272311992637512e-18,6.434187044367844e-18,100,1.0,1.0,1.0,100,1.0,1.0,1.0,100,0.09999999999999981,0.1,0.1,100,0.5,0.5,0.5,100
source_seed_condition,precordial_only,505,independent_rms,precordial_only,legacy_0p5_40,100,9.48813050446164e-10,-2.4392907309817946e-08,1.7475017719579127e-08,100,6.029204264734745e-08,2.960762124359917e-08,1.004910821222893e-07,100,5.900846165474149e-08,4.103453576931315e-08,7.471613372445063e-08,100,8.722910181190898e-09,3.727462016753641e-09,1.4795897618577364e-08,100,4.7036753218008606e-09,1.6444169505504532e-09,1.0042750495070514e-08,100,0.02770262775536818,0.015984063954059963,0.03974681588066354,100,6.0,6.0,6.0,100,0.11312007227809252,0.09729172332776141,0.1271368637336924,100,0.25111464064181255,0.2260107333593113,0.2724670136844796,100,0.6330180975075295,0.6142432301381358,0.6560899392281196,100,0.002747189572565237,0.0008725194305566622,0.005634374062494946,100,5.381469694286983e-18,2.642859423360307e-18,7.700392503574914e-18,100,1.0,1.0,1.0,100,1.0,1.0,1.0,100,0.09999999999999981,0.1,0.1,100,0.5,0.5,0.5,100
source_seed_condition,random_00,505,electrode,randomized,legacy_0p5_40,100,-1.4050710039841712e-10,-1.1651366571489801e-08,1.1324285468827117e-08,100,5.6849672738223946e-08,3.746650278912966e-08,8.215600466598971e-08,100,5.759880412625762e-08,4.722906155052442e-08,7.012824276841911e-08,100,1.1562720351500205e-08,5.386235522274648e-09,2.561781311397599e-08,100,5.540554933998738e-09,3.2200526816887788e-09,8.330841708182867e-09,100,0.2504815882621569,0.2385341441604598,0.2657906797831439,100,12.0,12.0,12.0,100,0.11525138168920902,0.09844913902333587,0.13081896099195944,100,0.2537403063637245,0.23597421109268327,0.2741364280604285,100,0.628438851908278,0.6045932342537659,0.6614377171981881,100,0.0025694600387883458,0.00048691583916320847,0.005970322183034523,100,7.323799682338606e-18,3.930461303788418e-18,1.1985610445913244e-17,100,1.0,1.0,1.0,100,1.0,1.0,1.0,100,0.09999999999999981,0.1,0.1,100,0.5,0.5,0.5,100
source_seed_condition,random_00,505,independent_rms,randomized,legacy_0p5_40,100,9.74943643220263e-10,-1.3937725766629255e-08,1.3030255969918868e-08,100,5.802413589606204e-08,2.8730509527008508e-08,7.930529122290864e-08,100,5.804515851082215e-08,4.8181632905652805e-08,6.944214980819652e-08,100,1.1562720351500205e-08,5.386235522274648e-09,2.561781311397599e-08,100,5.540554933998738e-09,3.2200526816887788e-09,8.330841708182867e-09,100,0.027618588489946038,0.0227326842655431,0.03342558331342638,100,12.0,12.0,12.0,100,0.11355323349200729,0.10329894076694418,0.12563161374356838,100,0.2519382286009526,0.2404721819032678,0.2663772773784803,100,0.6317786317516836,0.6149410691885284,0.6473999759247837,100,0.00272990615535665,0.0010040700655114677,0.004525033468856072,100,5.381469694286983e-18,2.642859423360307e-18,7.700392503574914e-18,100,1.0,1.0,1.0,100,1.0,1.0,1.0,100,0.09999999999999981,0.1,0.1,100,0.5,0.5,0.5,100
source_seed_condition,random_01,505,electrode,randomized,legacy_0p5_40,100,-8.330380703572913e-10,-1.2476008795984844e-08,1.2656136451428689e-08,100,5.900648991641333e-08,3.5108786988757856e-08,8.40085885300823e-08,100,5.83139126497656e-08,4.1250476812138004e-08,7.164923765401454e-08,100,1.0572512508806797e-08,5.440425655641129e-09,2.4815998226966662e-08,100,5.436425020529381e-09,2.6323375334077434e-09,1.0261745853041929e-08,100,0.2646507888677847,0.24594114136643713,0.28126051516959677,100,12.0,12.0,12.0,100,0.11519047296030474,0.09810025301229786,0.13420073664517776,100,0.2531992591363289,0.23520516041605344,0.2706043259412203,100,0.6290846298768075,0.6002929798706719,0.656085334330543,100,0.002525638026558942,0.0007751151273297286,0.006861840120028761,100,7.312927896441269e-18,3.963770893436176e-18,1.122588658454452e-17,100,1.0,1.0,1.0,100,1.0,1.0,1.0,100,0.09999999999999981,0.1,0.1,100,0.5,0.5,0.5,100
source_seed_condition,random_01,505,independent_rms,randomized,legacy_0p5_40,100,1.0920554666063732e-09,-1.3538245397726152e-08,1.0659812736697965e-08,100,5.7602917333809954e-08,3.399772907641818e-08,8.225469372291627e-08,100,5.8059956522527046e-08,4.78079194010661e-08,7.03279141589519e-08,100,1.0572512508806797e-08,5.440425655641129e-09,2.4815998226966662e-08,100,5.436425020529381e-09,2.6323375334077434e-09,1.0261745853041929e-08,100,0.027618588493739583,0.022732684339989588,0.03342558369272815,100,12.0,12.0,12.0,100,0.11353280471661337,0.10342079626554215,0.12579440229514122,100,0.2518821379675307,0.24028893301570894,0.2661156497127233,100,0.6318550896689787,0.6150739299876314,0.647522663267426,100,0.0027299676468770504,0.0010104568187828944,0.0045302594784219835,100,5.381469694286983e-18,2.642859423360307e-18,7.700392503574914e-18,100,1.0,1.0,1.0,100,1.0,1.0,1.0,100,0.09999999999999981,0.1,0.1,100,0.5,0.5,0.5,100
source_seed_condition,random_02,505,electrode,randomized,legacy_0p5_40,100,2.9454767831734696e-10,-1.2583243457066146e-08,1.7021851315021533e-08,100,5.911417444437461e-08,3.841821438754778e-08,7.687998859751133e-08,100,5.8723579510200355e-08,4.752855709000414e-08,7.028729953617585e-08,100,1.0833586606120859e-08,5.08257613198988e-09,2.335631731812178e-08,100,5.5371951944076564e-09,3.4298254787636744e-09,8.82897177097381e-09,100,0.29612298217500393,0.2816820395017521,0.31687821034508507,100,12.0,12.0,12.0,100,0.11484311483945209,0.09581585838977366,0.1336456896557515,100,0.2538865493342495,0.2353701510931103,0.2769605634558239,100,0.6287092807832119,0.5965007858307838,0.661791853736185,100,0.002561055043086694,0.0004729158695590391,0.007609580715299882,100,7.348301572541208e-18,3.4920588234652454e-18,1.1314837651353792e-17,100,1.0,1.0,1.0,100,1.0,1.0,1.0,100,0.09999999999999981,0.1,0.1,100,0.5,0.5,0.5,100
source_seed_condition,random_02,505,independent_rms,randomized,legacy_0p5_40,100,-1.992831057329021e-10,-1.4539401497790873e-08,1.5520418527737416e-08,100,5.79086892926739e-08,3.624173139371578e-08,7.953001812666116e-08,100,5.8737063657332556e-08,4.739515624407886e-08,7.007011149084974e-08,100,1.0833586606120859e-08,5.08257613198988e-09,2.335631731812178e-08,100,5.5371951944076564e-09,3.4298254787636744e-09,8.82897177097381e-09,100,0.027618588454131725,0.022732684170510147,0.03342558367280123,100,12.0,12.0,12.0,100,0.11353838897896723,0.1031943971231551,0.12585924807922091,100,0.25192375580855453,0.24026117720169776,0.2662623564888286,100,0.6318141926629953,0.6147638318806349,0.6478534629628407,100,0.0027236625494831603,0.0010054277874038439,0.004426174301919397,100,5.381469694286983e-18,2.642859423360307e-18,7.700392503574914e-18,100,1.0,1.0,1.0,100,1.0,1.0,1.0,100,0.09999999999999981,0.1,0.1,100,0.5,0.5,0.5,100
source_seed_condition,random_03,505,electrode,randomized,legacy_0p5_40,100,5.163786960951169e-10,-9.324445353404836e-09,1.4065733442379175e-08,100,5.8458387037774176e-08,3.3813611466371185e-08,8.007047824776237e-08,100,5.893469847251254e-08,4.571227130156785e-08,7.001113466742481e-08,100,1.069726551814945e-08,4.9792332790918216e-09,2.6223422749449148e-08,100,5.431241379775127e-09,2.6203535151979485e-09,1.0520036269472186e-08,100,0.29218947744371615,0.2735308218997777,0.30631682999560067,100,12.0,12.0,12.0,100,0.11471296658891152,0.09605194552311794,0.13118165212498023,100,0.254630722399801,0.23355626186640116,0.27538292019480287,100,0.6280839810103793,0.5953150244318998,0.6581741718974498,100,0.0025723300009078943,0.0005839974307111645,0.006787617831379162,100,7.446515923361286e-18,3.543449742097067e-18,1.2427887648405793e-17,100,1.0,1.0,1.0,100,1.0,1.0,1.0,100,0.09999999999999981,0.1,0.1,100,0.5,0.5,0.5,100
source_seed_condition,random_03,505,independent_rms,randomized,legacy_0p5_40,100,4.6496844042226875e-10,-1.0089424636963371e-08,1.161213818116062e-08,100,5.7740068886147355e-08,4.0403600465310774e-08,7.933505585810963e-08,100,5.7791899550352355e-08,4.8865612001236514e-08,6.835082722034258e-08,100,1.069726551814945e-08,4.9792332790918216e-09,2.6223422749449148e-08,100,5.431241379775127e-09,2.6203535151979485e-09,1.0520036269472186e-08,100,0.027618588467837248,0.02273268390120897,0.03342558348767821,100,12.0,12.0,12.0,100,0.11352454680186914,0.10329750737921295,0.12585813830697823,100,0.2519221029310577,0.24012824046383707,0.26610348939153333,100,0.6318242169112636,0.6149611647925421,0.6476346978972131,100,0.002729133355809637,0.001022903685217932,0.004503759986541141,100,5.381469694286983e-18,2.642859423360307e-18,7.700392503574914e-18,100,1.0,1.0,1.0,100,1.0,1.0,1.0,100,0.09999999999999981,0.1,0.1,100,0.5,0.5,0.5,100
source_seed_condition,random_04,505,electrode,randomized,legacy_0p5_40,100,6.710137779906537e-10,-1.0642102888895924e-08,1.3461684505209354e-08,100,5.812791497916692e-08,3.892291111640134e-08,8.348033198046778e-08,100,5.8248792935700066e-08,4.388838625857261e-08,7.184105577096034e-08,100,1.0656868087228978e-08,5.931676603210141e-09,2.7239096379223365e-08,100,5.496331415322649e-09,2.7617724715919125e-09,9.04056712230263e-09,100,0.2561167307404897,0.2406004436770579,0.2697708630747538,100,12.0,12.0,12.0,100,0.11524579129506518,0.099486257338043,0.13610573803632495,100,0.25366965396590563,0.23668842158354306,0.275523245842995,100,0.6284972734310499,0.5958902891893273,0.6528810651759015,100,0.0025872813079795675,0.0005600595736173511,0.00571043287543573,100,7.431513446735946e-18,3.998858328688026e-18,1.232364227236562e-17,100,1.0,1.0,1.0,100,1.0,1.0,1.0,100,0.09999999999999981,0.1,0.1,100,0.5,0.5,0.5,100
source_seed_condition,random_04,505,independent_rms,randomized,legacy_0p5_40,100,4.399783996354145e-10,-1.2771728975573927e-08,1.8438908341804622e-08,100,5.833041386793525e-08,3.6078166232300646e-08,7.78776581000784e-08,100,5.8919748617825004e-08,4.6546968945904155e-08,7.398795887070264e-08,100,1.0656868087228978e-08,5.931676603210141e-09,2.7239096379223365e-08,100,5.496331415322649e-09,2.7617724715919125e-09,9.04056712230263e-09,100,0.02761858848233771,0.022732684013344058,0.033425583484378005,100,12.0,12.0,12.0,100,0.11355035513304249,0.10279410812568825,0.12575416785875443,100,0.2518566016440324,0.24043897035526587,0.26652837641215466,100,0.6318661763239198,0.6149801217405573,0.6475302815742432,100,0.0027268668990050103,0.0010050683613442692,0.004483397905785489,100,5.381469694286983e-18,2.642859423360307e-18,7.700392503574914e-18,100,1.0,1.0,1.0,100,1.0,1.0,1.0,100,0.09999999999999981,0.1,0.1,100,0.5,0.5,0.5,100
source_seed_condition,band_0p05_5,505,electrode,standard,band_0p05_5,100,7.072394526940866e-10,-1.1340341550715349e-08,1.3986425223131036e-08,100,5.9153417790724914e-08,3.386184133091774e-08,8.102202997406494e-08,100,5.808811895491317e-08,4.7102963307565915e-08,6.866686774742448e-08,100,1.1188484473566118e-08,6.241809894189117e-09,3.0540075614868226e-08,100,5.400424499958927e-09,2.6586702026505083e-09,9.670333004154581e-09,100,0.2284445532268303,0.1875001604687563,0.27518606163099635,100,12.0,12.0,12.0,100,0.9846257074668258,0.9680750493055311,0.9940633114166048,100,0.01477521927980519,0.005610810945192112,0.031550318675679825,100,0.0005030974382046135,0.00012203642006115952,0.0010783450862600753,100,9.597581516433417e-05,2.3908923237651672e-05,0.00020674019039446768,100,0.019422250892814644,0.006882065351235029,0.034555893628364406,100,1.0022189043836287,0.7879725591463159,1.1443059911441291,100,0.9973424040401702,0.9927500272303978,0.9996840745330858,100,0.010000000000000007,0.01,0.01,100,0.049999999999999906,0.05,0.05,100
source_seed_condition,band_0p05_5,505,independent_rms,standard,band_0p05_5,100,1.702791607543757e-10,-1.4008999692075265e-08,1.4542077457826284e-08,100,5.88862323169792e-08,2.60158383724729e-08,8.110692384377671e-08,100,5.765892614917334e-08,4.429057653965174e-08,6.946613950731262e-08,100,1.1188484473566118e-08,6.241809894189117e-09,3.0540075614868226e-08,100,5.400424499958927e-09,2.6586702026505083e-09,9.670333004154581e-09,100,0.07929757437227222,0.058682121726359955,0.09880469940081026,100,12.0,12.0,12.0,100,0.9838617917090313,0.9749299563208155,0.9920969601866165,100,0.015478035141369043,0.007598338916754576,0.02440214081573282,100,0.0005543154161146795,0.00018801834184987092,0.000992781956023289,100,0.00010585773348449096,3.4941331912533594e-05,0.0001927303237785403,100,0.016251851916317915,0.007988726239447654,0.0262618454800369,100,0.9981482940008878,0.9061173942351766,1.1092910916049423,100,0.9972022620054161,0.9930997357740525,0.9993181165398662,100,0.010000000000000007,0.01,0.01,100,0.049999999999999906,0.05,0.05,100
source_seed_condition,band_5_15,505,electrode,standard,band_5_15,100,3.2623741255818167e-10,-1.3755403264929128e-08,1.1387020756327171e-08,100,5.815173148349118e-08,3.823161165428246e-08,8.146644248085977e-08,100,5.8508263567347285e-08,3.929925540546719e-08,7.169690263708617e-08,100,1.082007789443212e-08,4.990717818832324e-09,2.029614907174183e-08,100,5.641856398800209e-09,2.9381652411610935e-09,1.1536202456637973e-08,100,0.21526768649814496,0.18676740185249907,0.2510491173148709,100,12.0,12.0,12.0,100,0.002415643677055472,0.0009548011404054633,0.0055243725855778445,100,0.9893437865816478,0.9803581977503304,0.9951521401842288,100,0.008115301013485399,0.0033261776889000052,0.014152494309790178,100,0.00012526872781159194,2.2061735149142693e-05,0.00038069916553043666,100,0.0014340929750013573,0.00035195061580071133,0.003000544132168266,100,0.9993932134870883,0.9085591828719315,1.1141973857441436,100,0.9999926156886088,0.9999705861525128,0.9999995910539947,100,0.010000000000000007,0.01,0.01,100,5.0,5.0,5.0,100
source_seed_condition,band_5_15,505,independent_rms,standard,band_5_15,100,-4.125516944010808e-10,-1.2101261498147199e-08,9.670792703351062e-09,100,5.615805399372675e-08,3.44631008175611e-08,8.30547044472496e-08,100,5.764912907935127e-08,4.4803247334357366e-08,6.903374227817949e-08,100,1.082007789443212e-08,4.990717818832324e-09,2.029614907174183e-08,100,5.641856398800209e-09,2.9381652411610935e-09,1.1536202456637973e-08,100,0.0566976206058947,0.0471900977796332,0.06791249070388468,100,12.0,12.0,12.0,100,0.0022761995626365684,0.0009539878042297514,0.0041607191572620205,100,0.9892291345587743,0.9818950708410997,0.993859775528475,100,0.008378309253074789,0.0033467242850727702,0.014879783028341455,100,0.00011635662551438556,3.836435749744179e-05,0.0002665185882019692,100,0.0011597476926431239,0.0006759233284439394,0.001915150083255518,100,1.0009223934738702,0.9151545841628816,1.0784759088822535,100,0.9999929920918815,0.9999830738226351,0.999997693107405,100,0.010000000000000007,0.01,0.01,100,5.0,5.0,5.0,100
source_seed_condition,band_15_40,505,electrode,standard,band_15_40,100,-2.41030108168212e-12,-1.295783646255027e-08,1.335470105207276e-08,100,5.899655537433546e-08,3.998362885226925e-08,8.662013684102021e-08,100,5.831016286705903e-08,4.2311281589491045e-08,6.774016014787776e-08,100,1.0899966251931566e-08,5.615791694376346e-09,2.4363160770202224e-08,100,5.6998048828213236e-09,2.473424046112407e-09,1.1134329734706366e-08,100,0.20175466712172124,0.1829131486308393,0.21750554469446418,100,12.0,12.0,12.0,100,0.00011575014660393332,1.567329102388114e-05,0.00034754915177548086,100,0.001050206959346972,0.0003135123266123579,0.0028203562660939633,100,0.9952839420468739,0.9885378755530748,0.9978580106039521,100,0.0035501008471751395,0.0015035764772850914,0.010043602714094359,100,0.0008933034423849903,0.00032654092103832417,0.0016006915887912814,100,1.0060744674617503,0.9587859881831985,1.0819541300677562,100,0.9999988709192514,0.9999966139260011,0.9999998634832515,100,0.010000000000000007,0.01,0.01,100,15.0,15.0,15.0,100
source_seed_condition,band_15_40,505,independent_rms,standard,band_15_40,100,6.701199430963607e-10,-1.4591592346946975e-08,1.5113721134772672e-08,100,5.8961867406281957e-08,3.675345361386917e-08,8.034000309464773e-08,100,5.821841792652549e-08,4.085919158569595e-08,6.53061178468306e-08,100,1.0899966251931566e-08,5.615791694376346e-09,2.4363160770202224e-08,100,5.6998048828213236e-09,2.473424046112407e-09,1.1134329734706366e-08,100,0.035418303348971766,0.027332976439035834,0.042169371054455465,100,12.0,12.0,12.0,100,9.617173586267927e-05,2.7955054432097195e-05,0.00023965987073801007,100,0.000997925030819054,0.0004529940283955996,0.0020912424969838513,100,0.9954877379927882,0.9927594295326987,0.9972905353086987,100,0.0034181652405299956,0.0018424007418632435,0.0058268699784522855,100,0.0006715196531762945,0.0003750259459752345,0.0010059449573929609,100,1.0026120372261895,0.960326903235552,1.035827812026742,100,0.99999906540351,0.9999979610767888,0.9999997150947231,100,0.010000000000000007,0.01,0.01,100,15.0,15.0,15.0,100
source_seed_condition,band_0p5_40,505,electrode,standard,band_0p5_40,100,-6.430247917214459e-10,-1.408849933083882e-08,8.827789205815143e-09,100,5.7355289229121806e-08,3.9017727715418005e-08,7.291898285188836e-08,100,5.7741360777185945e-08,4.4248791297718526e-08,6.874519087318731e-08,100,1.0650861850164321e-08,5.4794178143774535e-09,2.158205075549668e-08,100,5.230319620492405e-09,2.9783245155228737e-09,9.506249875380998e-09,100,0.19760347650357502,0.1856755058971975,0.2082569494921192,100,12.0,12.0,12.0,100,0.11317641535300338,0.09223031247750743,0.13226686319589656,100,0.2519724225025992,0.23016548930169337,0.27402555575494253,100,0.6325456068603643,0.6027576799279323,0.6569093891604953,100,0.0023055552840325335,0.0009295573058932446,0.005763051115621756,100,0.005149998901012055,0.0019059585243673255,0.010813362940707626,100,1.0042076357008174,0.957311622428632,1.060006003049704,100,0.9999760365622916,0.999905526928788,0.9999970500563784,100,0.010000000000000007,0.01,0.01,100,0.5,0.5,0.5,100
source_seed_condition,band_0p5_40,505,independent_rms,standard,band_0p5_40,100,5.936580186701367e-10,-9.969604055985012e-09,1.6184794826376596e-08,100,5.999391758493289e-08,3.199934717201813e-08,8.131083362172831e-08,100,5.8314643691659283e-08,4.8268713470633884e-08,6.866400781291304e-08,100,1.0650861850164321e-08,5.4794178143774535e-09,2.158205075549668e-08,100,5.230319620492405e-09,2.9783245155228737e-09,9.506249875380998e-09,100,0.028319575187271715,0.02138784522280578,0.034827347155856364,100,12.0,12.0,12.0,100,0.11250852408047177,0.0998248453336764,0.12566939174973935,100,0.25278416774235746,0.23609674089161806,0.27375296757138406,100,0.632486101264826,0.6110126181596421,0.6492566755503563,100,0.0022212069123446333,0.0011834264901919298,0.003817380550742767,100,0.004118259592363003,0.0018425657123467736,0.005897973072085859,100,1.001809406627568,0.9675544248240933,1.0490914842242136,100,0.9999775500308001,0.9999564054449921,0.9999956655716882,100,0.010000000000000007,0.01,0.01,100,0.5,0.5,0.5,100
