eval full clean: 40/68440 cells
eval full bandpass_n20001_cRA_LA_LL_independent_rms_s20: 80/68440 cells
eval full bandpass_n20001_cRA_LA_LL_independent_rms_s15: 120/68440 cells
eval full bandpass_n20001_cRA_LA_LL_independent_rms_s10: 160/68440 cells
eval full bandpass_n20001_cRA_LA_LL_independent_rms_s5: 200/68440 cells
eval full bandpass_n20001_cRA_LA_LL_independent_rms_s0: 240/68440 cells
eval full bandpass_n20001_cRA_LA_LL_electrode_s20: 280/68440 cells
eval full bandpass_n20001_cRA_LA_LL_electrode_s15: 320/68440 cells
eval full bandpass_n20001_cRA_LA_LL_electrode_s10: 360/68440 cells
eval full bandpass_n20001_cRA_LA_LL_electrode_s5: 400/68440 cells
eval full bandpass_n20001_cRA_LA_LL_electrode_s0: 440/68440 cells
eval full bandpass_n20001_cRA_LA_LL_covariance_s20: 480/68440 cells
eval full bandpass_n20001_cRA_LA_LL_covariance_s15: 520/68440 cells
eval full bandpass_n20001_cRA_LA_LL_covariance_s10: 560/68440 cells
eval full bandpass_n20001_cRA_LA_LL_covariance_s5: 600/68440 cells
eval full bandpass_n20001_cRA_LA_LL_covariance_s0: 640/68440 cells
eval full bandpass_n20001_cV1_independent_rms_s20: 680/68440 cells
eval full bandpass_n20001_cV1_independent_rms_s15: 720/68440 cells
eval full bandpass_n20001_cV1_independent_rms_s10: 760/68440 cells
eval full bandpass_n20001_cV1_independent_rms_s5: 800/68440 cells
eval full bandpass_n20001_cV1_independent_rms_s0: 840/68440 cells
eval full bandpass_n20001_cV1_electrode_s20: 880/68440 cells
eval full bandpass_n20001_cV1_electrode_s15: 920/68440 cells
eval full bandpass_n20001_cV1_electrode_s10: 960/68440 cells
eval full bandpass_n20001_cV1_electrode_s5: 1000/68440 cells
eval full bandpass_n20001_cV1_electrode_s0: 1040/68440 cells
eval full bandpass_n20001_cV1_covariance_s20: 1080/68440 cells
eval full bandpass_n20001_cV1_covariance_s15: 1120/68440 cells
eval full bandpass_n20001_cV1_covariance_s10: 1160/68440 cells
eval full bandpass_n20001_cV1_covariance_s5: 1200/68440 cells
eval full bandpass_n20001_cV1_covariance_s0: 1240/68440 cells
eval full bandpass_n20001_cV2_independent_rms_s20: 1280/68440 cells
eval full bandpass_n20001_cV2_independent_rms_s15: 1320/68440 cells
eval full bandpass_n20001_cV2_independent_rms_s10: 1360/68440 cells
eval full bandpass_n20001_cV2_independent_rms_s5: 1400/68440 cells
eval full bandpass_n20001_cV2_independent_rms_s0: 1440/68440 cells
eval full bandpass_n20001_cV2_electrode_s20: 1480/68440 cells
eval full bandpass_n20001_cV2_electrode_s15: 1520/68440 cells
eval full bandpass_n20001_cV2_electrode_s10: 1560/68440 cells
eval full bandpass_n20001_cV2_electrode_s5: 1600/68440 cells
eval full bandpass_n20001_cV2_electrode_s0: 1640/68440 cells
eval full bandpass_n20001_cV2_covariance_s20: 1680/68440 cells
eval full bandpass_n20001_cV2_covariance_s15: 1720/68440 cells
eval full bandpass_n20001_cV2_covariance_s10: 1760/68440 cells
eval full bandpass_n20001_cV2_covariance_s5: 1800/68440 cells
eval full bandpass_n20001_cV2_covariance_s0: 1840/68440 cells
eval full bandpass_n20001_cV3_independent_rms_s20: 1880/68440 cells
eval full bandpass_n20001_cV3_independent_rms_s15: 1920/68440 cells
eval full bandpass_n20001_cV3_independent_rms_s10: 1960/68440 cells
eval full bandpass_n20001_cV3_independent_rms_s5: 2000/68440 cells
eval full bandpass_n20001_cV3_independent_rms_s0: 2040/68440 cells
eval full bandpass_n20001_cV3_electrode_s20: 2080/68440 cells
eval full bandpass_n20001_cV3_electrode_s15: 2120/68440 cells
eval full bandpass_n20001_cV3_electrode_s10: 2160/68440 cells
eval full bandpass_n20001_cV3_electrode_s5: 2200/68440 cells
eval full bandpass_n20001_cV3_electrode_s0: 2240/68440 cells
eval full bandpass_n20001_cV3_covariance_s20: 2280/68440 cells
eval full bandpass_n20001_cV3_covariance_s15: 2320/68440 cells
eval full bandpass_n20001_cV3_covariance_s10: 2360/68440 cells
eval full bandpass_n20001_cV3_covariance_s5: 2400/68440 cells
eval full bandpass_n20001_cV3_covariance_s0: 2440/68440 cells
eval full bandpass_n20001_cV4_independent_rms_s20: 2480/68440 cells
eval full bandpass_n20001_cV4_independent_rms_s15: 2520/68440 cells
eval full bandpass_n20001_cV4_independent_rms_s10: 2560/68440 cells
eval full bandpass_n20001_cV4_independent_rms_s5: 2600/68440 cells
eval full bandpass_n20001_cV4_independent_rms_s0: 2640/68440 cells
eval full bandpass_n20001_cV4_electrode_s20: 2680/68440 cells
eval full bandpass_n20001_cV4_electrode_s15: 2720/68440 cells
eval full bandpass_n20001_cV4_electrode_s10: 2760/68440 cells
eval full bandpass_n20001_cV4_electrode_s5: 2800/68440 cells
eval full bandpass_n20001_cV4_electrode_s0: 2840/68440 cells
eval full bandpass_n20001_cV4_covariance_s20: 2880/68440 cells
eval full bandpass_n20001_cV4_covariance_s15: 2920/68440 cells
eval full bandpass_n20001_cV4_covariance_s10: 2960/68440 cells
eval full bandpass_n20001_cV4_covariance_s5: 3000/68440 cells
eval full bandpass_n20001_cV4_covariance_s0: 3040/68440 cells
eval full bandpass_n20001_cV5_independent_rms_s20: 3080/68440 cells
eval full bandpass_n20001_cV5_independent_rms_s15: 3120/68440 cells
eval full bandpass_n20001_cV5_independent_rms_s10: 3160/68440 cells
eval full bandpass_n20001_cV5_independent_rms_s5: 3200/68440 cells
eval full bandpass_n20001_cV5_independent_rms_s0: 3240/68440 cells
eval full bandpass_n20001_cV5_electrode_s20: 3280/68440 cells
eval full bandpass_n20001_cV5_electrode_s15: 3320/68440 cells
eval full bandpass_n20001_cV5_electrode_s10: 3360/68440 cells
eval full bandpass_n20001_cV5_electrode_s5: 3400/68440 cells
eval full bandpass_n20001_cV5_electrode_s0: 3440/68440 cells
eval full bandpass_n20001_cV5_covariance_s20: 3480/68440 cells
eval full bandpass_n20001_cV5_covariance_s15: 3520/68440 cells
eval full bandpass_n20001_cV5_covariance_s10: 3560/68440 cells
eval full bandpass_n20001_cV5_covariance_s5: 3600/68440 cells
eval full bandpass_n20001_cV5_covariance_s0: 3640/68440 cells
eval full bandpass_n20001_cV6_independent_rms_s20: 3680/68440 cells
eval full bandpass_n20001_cV6_independent_rms_s15: 3720/68440 cells
eval full bandpass_n20001_cV6_independent_rms_s10: 3760/68440 cells
eval full bandpass_n20001_cV6_independent_rms_s5: 3800/68440 cells
eval full bandpass_n20001_cV6_independent_rms_s0: 3840/68440 cells
eval full bandpass_n20001_cV6_electrode_s20: 3880/68440 cells
eval full bandpass_n20001_cV6_electrode_s15: 3920/68440 cells
eval full bandpass_n20001_cV6_electrode_s10: 3960/68440 cells
eval full bandpass_n20001_cV6_electrode_s5: 4000/68440 cells
eval full bandpass_n20001_cV6_electrode_s0: 4040/68440 cells
eval full bandpass_n20001_cV6_covariance_s20: 4080/68440 cells
eval full bandpass_n20001_cV6_covariance_s15: 4120/68440 cells
eval full bandpass_n20001_cV6_covariance_s10: 4160/68440 cells
eval full bandpass_n20001_cV6_covariance_s5: 4200/68440 cells
eval full bandpass_n20001_cV6_covariance_s0: 4240/68440 cells
eval full bandpass_n20001_cRA_LA_independent_rms_s20: 4280/68440 cells
eval full bandpass_n20001_cRA_LA_independent_rms_s15: 4320/68440 cells
eval full bandpass_n20001_cRA_LA_independent_rms_s10: 4360/68440 cells
eval full bandpass_n20001_cRA_LA_independent_rms_s5: 4400/68440 cells
eval full bandpass_n20001_cRA_LA_independent_rms_s0: 4440/68440 cells
eval full bandpass_n20001_cRA_LA_electrode_s20: 4480/68440 cells
eval full bandpass_n20001_cRA_LA_electrode_s15: 4520/68440 cells
eval full bandpass_n20001_cRA_LA_electrode_s10: 4560/68440 cells
eval full bandpass_n20001_cRA_LA_electrode_s5: 4600/68440 cells
eval full bandpass_n20001_cRA_LA_electrode_s0: 4640/68440 cells
eval full bandpass_n20001_cRA_LA_covariance_s20: 4680/68440 cells
eval full bandpass_n20001_cRA_LA_covariance_s15: 4720/68440 cells
eval full bandpass_n20001_cRA_LA_covariance_s10: 4760/68440 cells
eval full bandpass_n20001_cRA_LA_covariance_s5: 4800/68440 cells
eval full bandpass_n20001_cRA_LA_covariance_s0: 4840/68440 cells
eval full bandpass_n20001_cLA_LL_independent_rms_s20: 4880/68440 cells
eval full bandpass_n20001_cLA_LL_independent_rms_s15: 4920/68440 cells
eval full bandpass_n20001_cLA_LL_independent_rms_s10: 4960/68440 cells
eval full bandpass_n20001_cLA_LL_independent_rms_s5: 5000/68440 cells
eval full bandpass_n20001_cLA_LL_independent_rms_s0: 5040/68440 cells
eval full bandpass_n20001_cLA_LL_electrode_s20: 5080/68440 cells
eval full bandpass_n20001_cLA_LL_electrode_s15: 5120/68440 cells
eval full bandpass_n20001_cLA_LL_electrode_s10: 5160/68440 cells
eval full bandpass_n20001_cLA_LL_electrode_s5: 5200/68440 cells
eval full bandpass_n20001_cLA_LL_electrode_s0: 5240/68440 cells
eval full bandpass_n20001_cLA_LL_covariance_s20: 5280/68440 cells
eval full bandpass_n20001_cLA_LL_covariance_s15: 5320/68440 cells
eval full bandpass_n20001_cLA_LL_covariance_s10: 5360/68440 cells
eval full bandpass_n20001_cLA_LL_covariance_s5: 5400/68440 cells
eval full bandpass_n20001_cLA_LL_covariance_s0: 5440/68440 cells
eval full bandpass_n20001_cRA_LL_independent_rms_s20: 5480/68440 cells
eval full bandpass_n20001_cRA_LL_independent_rms_s15: 5520/68440 cells
eval full bandpass_n20001_cRA_LL_independent_rms_s10: 5560/68440 cells
eval full bandpass_n20001_cRA_LL_independent_rms_s5: 5600/68440 cells
eval full bandpass_n20001_cRA_LL_independent_rms_s0: 5640/68440 cells
eval full bandpass_n20001_cRA_LL_electrode_s20: 5680/68440 cells
eval full bandpass_n20001_cRA_LL_electrode_s15: 5720/68440 cells
eval full bandpass_n20001_cRA_LL_electrode_s10: 5760/68440 cells
eval full bandpass_n20001_cRA_LL_electrode_s5: 5800/68440 cells
eval full bandpass_n20001_cRA_LL_electrode_s0: 5840/68440 cells
eval full bandpass_n20001_cRA_LL_covariance_s20: 5880/68440 cells
eval full bandpass_n20001_cRA_LL_covariance_s15: 5920/68440 cells
eval full bandpass_n20001_cRA_LL_covariance_s10: 5960/68440 cells
eval full bandpass_n20001_cRA_LL_covariance_s5: 6000/68440 cells
eval full bandpass_n20001_cRA_LL_covariance_s0: 6040/68440 cells
eval full bandpass_n20001_cRA_independent_rms_s20: 6080/68440 cells
eval full bandpass_n20001_cRA_independent_rms_s15: 6120/68440 cells
eval full bandpass_n20001_cRA_independent_rms_s10: 6160/68440 cells
eval full bandpass_n20001_cRA_independent_rms_s5: 6200/68440 cells
eval full bandpass_n20001_cRA_independent_rms_s0: 6240/68440 cells
eval full bandpass_n20001_cRA_electrode_s20: 6280/68440 cells
eval full bandpass_n20001_cRA_electrode_s15: 6320/68440 cells
eval full bandpass_n20001_cRA_electrode_s10: 6360/68440 cells
eval full bandpass_n20001_cRA_electrode_s5: 6400/68440 cells
eval full bandpass_n20001_cRA_electrode_s0: 6440/68440 cells
eval full bandpass_n20001_cRA_covariance_s20: 6480/68440 cells
eval full bandpass_n20001_cRA_covariance_s15: 6520/68440 cells
eval full bandpass_n20001_cRA_covariance_s10: 6560/68440 cells
eval full bandpass_n20001_cRA_covariance_s5: 6600/68440 cells
eval full bandpass_n20001_cRA_covariance_s0: 6640/68440 cells
eval full bandpass_n20001_cLA_independent_rms_s20: 6680/68440 cells
eval full bandpass_n20001_cLA_independent_rms_s15: 6720/68440 cells
eval full bandpass_n20001_cLA_independent_rms_s10: 6760/68440 cells
eval full bandpass_n20001_cLA_independent_rms_s5: 6800/68440 cells
eval full bandpass_n20001_cLA_independent_rms_s0: 6840/68440 cells
eval full bandpass_n20001_cLA_electrode_s20: 6880/68440 cells
eval full bandpass_n20001_cLA_electrode_s15: 6920/68440 cells
eval full bandpass_n20001_cLA_electrode_s10: 6960/68440 cells
eval full bandpass_n20001_cLA_electrode_s5: 7000/68440 cells
eval full bandpass_n20001_cLA_electrode_s0: 7040/68440 cells
eval full bandpass_n20001_cLA_covariance_s20: 7080/68440 cells
eval full bandpass_n20001_cLA_covariance_s15: 7120/68440 cells
eval full bandpass_n20001_cLA_covariance_s10: 7160/68440 cells
eval full bandpass_n20001_cLA_covariance_s5: 7200/68440 cells
eval full bandpass_n20001_cLA_covariance_s0: 7240/68440 cells
eval full bandpass_n20001_cLL_independent_rms_s20: 7280/68440 cells
eval full bandpass_n20001_cLL_independent_rms_s15: 7320/68440 cells
eval full bandpass_n20001_cLL_independent_rms_s10: 7360/68440 cells
eval full bandpass_n20001_cLL_independent_rms_s5: 7400/68440 cells
eval full bandpass_n20001_cLL_independent_rms_s0: 7440/68440 cells
eval full bandpass_n20001_cLL_electrode_s20: 7480/68440 cells
eval full bandpass_n20001_cLL_electrode_s15: 7520/68440 cells
eval full bandpass_n20001_cLL_electrode_s10: 7560/68440 cells
eval full bandpass_n20001_cLL_electrode_s5: 7600/68440 cells
eval full bandpass_n20001_cLL_electrode_s0: 7640/68440 cells
eval full bandpass_n20001_cLL_covariance_s20: 7680/68440 cells
eval full bandpass_n20001_cLL_covariance_s15: 7720/68440 cells
eval full bandpass_n20001_cLL_covariance_s10: 7760/68440 cells
eval full bandpass_n20001_cLL_covariance_s5: 7800/68440 cells
eval full bandpass_n20001_cLL_covariance_s0: 7840/68440 cells
eval full bandpass_n20001_cRA_V1_independent_rms_s20: 7880/68440 cells
eval full bandpass_n20001_cRA_V1_independent_rms_s15: 7920/68440 cells
eval full bandpass_n20001_cRA_V1_independent_rms_s10: 7960/68440 cells
eval full bandpass_n20001_cRA_V1_independent_rms_s5: 8000/68440 cells
eval full bandpass_n20001_cRA_V1_independent_rms_s0: 8040/68440 cells
eval full bandpass_n20001_cRA_V1_electrode_s20: 8080/68440 cells
eval full bandpass_n20001_cRA_V1_electrode_s15: 8120/68440 cells
eval full bandpass_n20001_cRA_V1_electrode_s10: 8160/68440 cells
eval full bandpass_n20001_cRA_V1_electrode_s5: 8200/68440 cells
eval full bandpass_n20001_cRA_V1_electrode_s0: 8240/68440 cells
eval full bandpass_n20001_cRA_V1_covariance_s20: 8280/68440 cells
eval full bandpass_n20001_cRA_V1_covariance_s15: 8320/68440 cells
eval full bandpass_n20001_cRA_V1_covariance_s10: 8360/68440 cells
eval full bandpass_n20001_cRA_V1_covariance_s5: 8400/68440 cells
eval full bandpass_n20001_cRA_V1_covariance_s0: 8440/68440 cells
eval full bandpass_n20001_cLA_V6_independent_rms_s20: 8480/68440 cells
eval full bandpass_n20001_cLA_V6_independent_rms_s15: 8520/68440 cells
eval full bandpass_n20001_cLA_V6_independent_rms_s10: 8560/68440 cells
eval full bandpass_n20001_cLA_V6_independent_rms_s5: 8600/68440 cells
eval full bandpass_n20001_cLA_V6_independent_rms_s0: 8640/68440 cells
eval full bandpass_n20001_cLA_V6_electrode_s20: 8680/68440 cells
eval full bandpass_n20001_cLA_V6_electrode_s15: 8720/68440 cells
eval full bandpass_n20001_cLA_V6_electrode_s10: 8760/68440 cells
eval full bandpass_n20001_cLA_V6_electrode_s5: 8800/68440 cells
eval full bandpass_n20001_cLA_V6_electrode_s0: 8840/68440 cells
eval full bandpass_n20001_cLA_V6_covariance_s20: 8880/68440 cells
eval full bandpass_n20001_cLA_V6_covariance_s15: 8920/68440 cells
eval full bandpass_n20001_cLA_V6_covariance_s10: 8960/68440 cells
eval full bandpass_n20001_cLA_V6_covariance_s5: 9000/68440 cells
eval full bandpass_n20001_cLA_V6_covariance_s0: 9040/68440 cells
eval full bandpass_n20001_cLL_V4_independent_rms_s20: 9080/68440 cells
eval full bandpass_n20001_cLL_V4_independent_rms_s15: 9120/68440 cells
eval full bandpass_n20001_cLL_V4_independent_rms_s10: 9160/68440 cells
eval full bandpass_n20001_cLL_V4_independent_rms_s5: 9200/68440 cells
eval full bandpass_n20001_cLL_V4_independent_rms_s0: 9240/68440 cells
eval full bandpass_n20001_cLL_V4_electrode_s20: 9280/68440 cells
eval full bandpass_n20001_cLL_V4_electrode_s15: 9320/68440 cells
eval full bandpass_n20001_cLL_V4_electrode_s10: 9360/68440 cells
eval full bandpass_n20001_cLL_V4_electrode_s5: 9400/68440 cells
eval full bandpass_n20001_cLL_V4_electrode_s0: 9440/68440 cells
eval full bandpass_n20001_cLL_V4_covariance_s20: 9480/68440 cells
eval full bandpass_n20001_cLL_V4_covariance_s15: 9520/68440 cells
eval full bandpass_n20001_cLL_V4_covariance_s10: 9560/68440 cells
eval full bandpass_n20001_cLL_V4_covariance_s5: 9600/68440 cells
eval full bandpass_n20001_cLL_V4_covariance_s0: 9640/68440 cells
eval full bandpass_n20001_cRA_LA_V1_V6_independent_rms_s20: 9680/68440 cells
eval full bandpass_n20001_cRA_LA_V1_V6_independent_rms_s15: 9720/68440 cells
eval full bandpass_n20001_cRA_LA_V1_V6_independent_rms_s10: 9760/68440 cells
eval full bandpass_n20001_cRA_LA_V1_V6_independent_rms_s5: 9800/68440 cells
eval full bandpass_n20001_cRA_LA_V1_V6_independent_rms_s0: 9840/68440 cells
eval full bandpass_n20001_cRA_LA_V1_V6_electrode_s20: 9880/68440 cells
eval full bandpass_n20001_cRA_LA_V1_V6_electrode_s15: 9920/68440 cells
eval full bandpass_n20001_cRA_LA_V1_V6_electrode_s10: 9960/68440 cells
eval full bandpass_n20001_cRA_LA_V1_V6_electrode_s5: 10000/68440 cells
eval full bandpass_n20001_cRA_LA_V1_V6_electrode_s0: 10040/68440 cells
eval full bandpass_n20001_cRA_LA_V1_V6_covariance_s20: 10080/68440 cells
eval full bandpass_n20001_cRA_LA_V1_V6_covariance_s15: 10120/68440 cells
eval full bandpass_n20001_cRA_LA_V1_V6_covariance_s10: 10160/68440 cells
eval full bandpass_n20001_cRA_LA_V1_V6_covariance_s5: 10200/68440 cells
eval full bandpass_n20001_cRA_LA_V1_V6_covariance_s0: 10240/68440 cells
eval full bandpass_n20001_cRA_V2_V5_independent_rms_s20: 10280/68440 cells
eval full bandpass_n20001_cRA_V2_V5_independent_rms_s15: 10320/68440 cells
eval full bandpass_n20001_cRA_V2_V5_independent_rms_s10: 10360/68440 cells
eval full bandpass_n20001_cRA_V2_V5_independent_rms_s5: 10400/68440 cells
eval full bandpass_n20001_cRA_V2_V5_independent_rms_s0: 10440/68440 cells
eval full bandpass_n20001_cRA_V2_V5_electrode_s20: 10480/68440 cells
eval full bandpass_n20001_cRA_V2_V5_electrode_s15: 10520/68440 cells
eval full bandpass_n20001_cRA_V2_V5_electrode_s10: 10560/68440 cells
eval full bandpass_n20001_cRA_V2_V5_electrode_s5: 10600/68440 cells
eval full bandpass_n20001_cRA_V2_V5_electrode_s0: 10640/68440 cells
eval full bandpass_n20001_cRA_V2_V5_covariance_s20: 10680/68440 cells
eval full bandpass_n20001_cRA_V2_V5_covariance_s15: 10720/68440 cells
eval full bandpass_n20001_cRA_V2_V5_covariance_s10: 10760/68440 cells
eval full bandpass_n20001_cRA_V2_V5_covariance_s5: 10800/68440 cells
eval full bandpass_n20001_cRA_V2_V5_covariance_s0: 10840/68440 cells
eval full bandpass_n20001_cLA_V3_V6_independent_rms_s20: 10880/68440 cells
eval full bandpass_n20001_cLA_V3_V6_independent_rms_s15: 10920/68440 cells
eval full bandpass_n20001_cLA_V3_V6_independent_rms_s10: 10960/68440 cells
eval full bandpass_n20001_cLA_V3_V6_independent_rms_s5: 11000/68440 cells
eval full bandpass_n20001_cLA_V3_V6_independent_rms_s0: 11040/68440 cells
eval full bandpass_n20001_cLA_V3_V6_electrode_s20: 11080/68440 cells
eval full bandpass_n20001_cLA_V3_V6_electrode_s15: 11120/68440 cells
eval full bandpass_n20001_cLA_V3_V6_electrode_s10: 11160/68440 cells
eval full bandpass_n20001_cLA_V3_V6_electrode_s5: 11200/68440 cells
eval full bandpass_n20001_cLA_V3_V6_electrode_s0: 11240/68440 cells
eval full bandpass_n20001_cLA_V3_V6_covariance_s20: 11280/68440 cells
eval full bandpass_n20001_cLA_V3_V6_covariance_s15: 11320/68440 cells
eval full bandpass_n20001_cLA_V3_V6_covariance_s10: 11360/68440 cells
eval full bandpass_n20001_cLA_V3_V6_covariance_s5: 11400/68440 cells
eval full bandpass_n20001_cLA_V3_V6_covariance_s0: 11440/68440 cells
eval full bandpass_n20001_cLL_V1_V4_independent_rms_s20: 11480/68440 cells
eval full bandpass_n20001_cLL_V1_V4_independent_rms_s15: 11520/68440 cells
eval full bandpass_n20001_cLL_V1_V4_independent_rms_s10: 11560/68440 cells
eval full bandpass_n20001_cLL_V1_V4_independent_rms_s5: 11600/68440 cells
eval full bandpass_n20001_cLL_V1_V4_independent_rms_s0: 11640/68440 cells
eval full bandpass_n20001_cLL_V1_V4_electrode_s20: 11680/68440 cells
eval full bandpass_n20001_cLL_V1_V4_electrode_s15: 11720/68440 cells
eval full bandpass_n20001_cLL_V1_V4_electrode_s10: 11760/68440 cells
eval full bandpass_n20001_cLL_V1_V4_electrode_s5: 11800/68440 cells
eval full bandpass_n20001_cLL_V1_V4_electrode_s0: 11840/68440 cells
eval full bandpass_n20001_cLL_V1_V4_covariance_s20: 11880/68440 cells
eval full bandpass_n20001_cLL_V1_V4_covariance_s15: 11920/68440 cells
eval full bandpass_n20001_cLL_V1_V4_covariance_s10: 11960/68440 cells
eval full bandpass_n20001_cLL_V1_V4_covariance_s5: 12000/68440 cells
eval full bandpass_n20001_cLL_V1_V4_covariance_s0: 12040/68440 cells
eval full bandpass_n20001_call_independent_rms_s20: 12080/68440 cells
eval full bandpass_n20001_call_independent_rms_s15: 12120/68440 cells
eval full bandpass_n20001_call_independent_rms_s10: 12160/68440 cells
eval full bandpass_n20001_call_independent_rms_s5: 12200/68440 cells
eval full bandpass_n20001_call_independent_rms_s0: 12240/68440 cells
eval full bandpass_n20001_call_electrode_s20: 12280/68440 cells
eval full bandpass_n20001_call_electrode_s15: 12320/68440 cells
eval full bandpass_n20001_call_electrode_s10: 12360/68440 cells
eval full bandpass_n20001_call_electrode_s5: 12400/68440 cells
eval full bandpass_n20001_call_electrode_s0: 12440/68440 cells
eval full bandpass_n20001_call_covariance_s20: 12480/68440 cells
eval full bandpass_n20001_call_covariance_s15: 12520/68440 cells
eval full bandpass_n20001_call_covariance_s10: 12560/68440 cells
eval full bandpass_n20001_call_covariance_s5: 12600/68440 cells
eval full bandpass_n20001_call_covariance_s0: 12640/68440 cells
eval full bandpass_n20002_cRA_LA_LL_independent_rms_s20: 12680/68440 cells
eval full bandpass_n20002_cRA_LA_LL_independent_rms_s15: 12720/68440 cells
eval full bandpass_n20002_cRA_LA_LL_independent_rms_s10: 12760/68440 cells
eval full bandpass_n20002_cRA_LA_LL_independent_rms_s5: 12800/68440 cells
eval full bandpass_n20002_cRA_LA_LL_independent_rms_s0: 12840/68440 cells
eval full bandpass_n20002_cRA_LA_LL_electrode_s20: 12880/68440 cells
eval full bandpass_n20002_cRA_LA_LL_electrode_s15: 12920/68440 cells
eval full bandpass_n20002_cRA_LA_LL_electrode_s10: 12960/68440 cells
eval full bandpass_n20002_cRA_LA_LL_electrode_s5: 13000/68440 cells
eval full bandpass_n20002_cRA_LA_LL_electrode_s0: 13040/68440 cells
eval full bandpass_n20002_cRA_LA_LL_covariance_s20: 13080/68440 cells
eval full bandpass_n20002_cRA_LA_LL_covariance_s15: 13120/68440 cells
eval full bandpass_n20002_cRA_LA_LL_covariance_s10: 13160/68440 cells
eval full bandpass_n20002_cRA_LA_LL_covariance_s5: 13200/68440 cells
eval full bandpass_n20002_cRA_LA_LL_covariance_s0: 13240/68440 cells
eval full bandpass_n20002_cV1_independent_rms_s20: 13280/68440 cells
eval full bandpass_n20002_cV1_independent_rms_s15: 13320/68440 cells
eval full bandpass_n20002_cV1_independent_rms_s10: 13360/68440 cells
eval full bandpass_n20002_cV1_independent_rms_s5: 13400/68440 cells
eval full bandpass_n20002_cV1_independent_rms_s0: 13440/68440 cells
eval full bandpass_n20002_cV1_electrode_s20: 13480/68440 cells
eval full bandpass_n20002_cV1_electrode_s15: 13520/68440 cells
eval full bandpass_n20002_cV1_electrode_s10: 13560/68440 cells
eval full bandpass_n20002_cV1_electrode_s5: 13600/68440 cells
eval full bandpass_n20002_cV1_electrode_s0: 13640/68440 cells
eval full bandpass_n20002_cV1_covariance_s20: 13680/68440 cells
eval full bandpass_n20002_cV1_covariance_s15: 13720/68440 cells
eval full bandpass_n20002_cV1_covariance_s10: 13760/68440 cells
eval full bandpass_n20002_cV1_covariance_s5: 13800/68440 cells
eval full bandpass_n20002_cV1_covariance_s0: 13840/68440 cells
eval full bandpass_n20002_cV2_independent_rms_s20: 13880/68440 cells
eval full bandpass_n20002_cV2_independent_rms_s15: 13920/68440 cells
eval full bandpass_n20002_cV2_independent_rms_s10: 13960/68440 cells
eval full bandpass_n20002_cV2_independent_rms_s5: 14000/68440 cells
eval full bandpass_n20002_cV2_independent_rms_s0: 14040/68440 cells
eval full bandpass_n20002_cV2_electrode_s20: 14080/68440 cells
eval full bandpass_n20002_cV2_electrode_s15: 14120/68440 cells
eval full bandpass_n20002_cV2_electrode_s10: 14160/68440 cells
eval full bandpass_n20002_cV2_electrode_s5: 14200/68440 cells
eval full bandpass_n20002_cV2_electrode_s0: 14240/68440 cells
eval full bandpass_n20002_cV2_covariance_s20: 14280/68440 cells
eval full bandpass_n20002_cV2_covariance_s15: 14320/68440 cells
eval full bandpass_n20002_cV2_covariance_s10: 14360/68440 cells
eval full bandpass_n20002_cV2_covariance_s5: 14400/68440 cells
eval full bandpass_n20002_cV2_covariance_s0: 14440/68440 cells
eval full bandpass_n20002_cV3_independent_rms_s20: 14480/68440 cells
eval full bandpass_n20002_cV3_independent_rms_s15: 14520/68440 cells
eval full bandpass_n20002_cV3_independent_rms_s10: 14560/68440 cells
eval full bandpass_n20002_cV3_independent_rms_s5: 14600/68440 cells
eval full bandpass_n20002_cV3_independent_rms_s0: 14640/68440 cells
eval full bandpass_n20002_cV3_electrode_s20: 14680/68440 cells
eval full bandpass_n20002_cV3_electrode_s15: 14720/68440 cells
eval full bandpass_n20002_cV3_electrode_s10: 14760/68440 cells
eval full bandpass_n20002_cV3_electrode_s5: 14800/68440 cells
eval full bandpass_n20002_cV3_electrode_s0: 14840/68440 cells
eval full bandpass_n20002_cV3_covariance_s20: 14880/68440 cells
eval full bandpass_n20002_cV3_covariance_s15: 14920/68440 cells
eval full bandpass_n20002_cV3_covariance_s10: 14960/68440 cells
eval full bandpass_n20002_cV3_covariance_s5: 15000/68440 cells
eval full bandpass_n20002_cV3_covariance_s0: 15040/68440 cells
eval full bandpass_n20002_cV4_independent_rms_s20: 15080/68440 cells
eval full bandpass_n20002_cV4_independent_rms_s15: 15120/68440 cells
eval full bandpass_n20002_cV4_independent_rms_s10: 15160/68440 cells
eval full bandpass_n20002_cV4_independent_rms_s5: 15200/68440 cells
eval full bandpass_n20002_cV4_independent_rms_s0: 15240/68440 cells
eval full bandpass_n20002_cV4_electrode_s20: 15280/68440 cells
eval full bandpass_n20002_cV4_electrode_s15: 15320/68440 cells
eval full bandpass_n20002_cV4_electrode_s10: 15360/68440 cells
eval full bandpass_n20002_cV4_electrode_s5: 15400/68440 cells
eval full bandpass_n20002_cV4_electrode_s0: 15440/68440 cells
eval full bandpass_n20002_cV4_covariance_s20: 15480/68440 cells
eval full bandpass_n20002_cV4_covariance_s15: 15520/68440 cells
eval full bandpass_n20002_cV4_covariance_s10: 15560/68440 cells
eval full bandpass_n20002_cV4_covariance_s5: 15600/68440 cells
eval full bandpass_n20002_cV4_covariance_s0: 15640/68440 cells
eval full bandpass_n20002_cV5_independent_rms_s20: 15680/68440 cells
eval full bandpass_n20002_cV5_independent_rms_s15: 15720/68440 cells
eval full bandpass_n20002_cV5_independent_rms_s10: 15760/68440 cells
eval full bandpass_n20002_cV5_independent_rms_s5: 15800/68440 cells
eval full bandpass_n20002_cV5_independent_rms_s0: 15840/68440 cells
eval full bandpass_n20002_cV5_electrode_s20: 15880/68440 cells
eval full bandpass_n20002_cV5_electrode_s15: 15920/68440 cells
eval full bandpass_n20002_cV5_electrode_s10: 15960/68440 cells
eval full bandpass_n20002_cV5_electrode_s5: 16000/68440 cells
eval full bandpass_n20002_cV5_electrode_s0: 16040/68440 cells
eval full bandpass_n20002_cV5_covariance_s20: 16080/68440 cells
eval full bandpass_n20002_cV5_covariance_s15: 16120/68440 cells
eval full bandpass_n20002_cV5_covariance_s10: 16160/68440 cells
eval full bandpass_n20002_cV5_covariance_s5: 16200/68440 cells
eval full bandpass_n20002_cV5_covariance_s0: 16240/68440 cells
eval full bandpass_n20002_cV6_independent_rms_s20: 16280/68440 cells
eval full bandpass_n20002_cV6_independent_rms_s15: 16320/68440 cells
eval full bandpass_n20002_cV6_independent_rms_s10: 16360/68440 cells
eval full bandpass_n20002_cV6_independent_rms_s5: 16400/68440 cells
eval full bandpass_n20002_cV6_independent_rms_s0: 16440/68440 cells
eval full bandpass_n20002_cV6_electrode_s20: 16480/68440 cells
eval full bandpass_n20002_cV6_electrode_s15: 16520/68440 cells
eval full bandpass_n20002_cV6_electrode_s10: 16560/68440 cells
eval full bandpass_n20002_cV6_electrode_s5: 16600/68440 cells
eval full bandpass_n20002_cV6_electrode_s0: 16640/68440 cells
eval full bandpass_n20002_cV6_covariance_s20: 16680/68440 cells
eval full bandpass_n20002_cV6_covariance_s15: 16720/68440 cells
eval full bandpass_n20002_cV6_covariance_s10: 16760/68440 cells
eval full bandpass_n20002_cV6_covariance_s5: 16800/68440 cells
eval full bandpass_n20002_cV6_covariance_s0: 16840/68440 cells
eval full bandpass_n20002_cRA_LA_independent_rms_s20: 16880/68440 cells
eval full bandpass_n20002_cRA_LA_independent_rms_s15: 16920/68440 cells
eval full bandpass_n20002_cRA_LA_independent_rms_s10: 16960/68440 cells
eval full bandpass_n20002_cRA_LA_independent_rms_s5: 17000/68440 cells
eval full bandpass_n20002_cRA_LA_independent_rms_s0: 17040/68440 cells
eval full bandpass_n20002_cRA_LA_electrode_s20: 17080/68440 cells
eval full bandpass_n20002_cRA_LA_electrode_s15: 17120/68440 cells
eval full bandpass_n20002_cRA_LA_electrode_s10: 17160/68440 cells
eval full bandpass_n20002_cRA_LA_electrode_s5: 17200/68440 cells
eval full bandpass_n20002_cRA_LA_electrode_s0: 17240/68440 cells
eval full bandpass_n20002_cRA_LA_covariance_s20: 17280/68440 cells
eval full bandpass_n20002_cRA_LA_covariance_s15: 17320/68440 cells
eval full bandpass_n20002_cRA_LA_covariance_s10: 17360/68440 cells
eval full bandpass_n20002_cRA_LA_covariance_s5: 17400/68440 cells
eval full bandpass_n20002_cRA_LA_covariance_s0: 17440/68440 cells
eval full bandpass_n20002_cLA_LL_independent_rms_s20: 17480/68440 cells
eval full bandpass_n20002_cLA_LL_independent_rms_s15: 17520/68440 cells
eval full bandpass_n20002_cLA_LL_independent_rms_s10: 17560/68440 cells
eval full bandpass_n20002_cLA_LL_independent_rms_s5: 17600/68440 cells
eval full bandpass_n20002_cLA_LL_independent_rms_s0: 17640/68440 cells
eval full bandpass_n20002_cLA_LL_electrode_s20: 17680/68440 cells
eval full bandpass_n20002_cLA_LL_electrode_s15: 17720/68440 cells
eval full bandpass_n20002_cLA_LL_electrode_s10: 17760/68440 cells
eval full bandpass_n20002_cLA_LL_electrode_s5: 17800/68440 cells
eval full bandpass_n20002_cLA_LL_electrode_s0: 17840/68440 cells
eval full bandpass_n20002_cLA_LL_covariance_s20: 17880/68440 cells
eval full bandpass_n20002_cLA_LL_covariance_s15: 17920/68440 cells
eval full bandpass_n20002_cLA_LL_covariance_s10: 17960/68440 cells
eval full bandpass_n20002_cLA_LL_covariance_s5: 18000/68440 cells
eval full bandpass_n20002_cLA_LL_covariance_s0: 18040/68440 cells
eval full bandpass_n20002_cRA_LL_independent_rms_s20: 18080/68440 cells
eval full bandpass_n20002_cRA_LL_independent_rms_s15: 18120/68440 cells
eval full bandpass_n20002_cRA_LL_independent_rms_s10: 18160/68440 cells
eval full bandpass_n20002_cRA_LL_independent_rms_s5: 18200/68440 cells
eval full bandpass_n20002_cRA_LL_independent_rms_s0: 18240/68440 cells
eval full bandpass_n20002_cRA_LL_electrode_s20: 18280/68440 cells
eval full bandpass_n20002_cRA_LL_electrode_s15: 18320/68440 cells
eval full bandpass_n20002_cRA_LL_electrode_s10: 18360/68440 cells
eval full bandpass_n20002_cRA_LL_electrode_s5: 18400/68440 cells
eval full bandpass_n20002_cRA_LL_electrode_s0: 18440/68440 cells
eval full bandpass_n20002_cRA_LL_covariance_s20: 18480/68440 cells
eval full bandpass_n20002_cRA_LL_covariance_s15: 18520/68440 cells
eval full bandpass_n20002_cRA_LL_covariance_s10: 18560/68440 cells
eval full bandpass_n20002_cRA_LL_covariance_s5: 18600/68440 cells
eval full bandpass_n20002_cRA_LL_covariance_s0: 18640/68440 cells
eval full bandpass_n20002_cRA_independent_rms_s20: 18680/68440 cells
eval full bandpass_n20002_cRA_independent_rms_s15: 18720/68440 cells
eval full bandpass_n20002_cRA_independent_rms_s10: 18760/68440 cells
eval full bandpass_n20002_cRA_independent_rms_s5: 18800/68440 cells
eval full bandpass_n20002_cRA_independent_rms_s0: 18840/68440 cells
eval full bandpass_n20002_cRA_electrode_s20: 18880/68440 cells
eval full bandpass_n20002_cRA_electrode_s15: 18920/68440 cells
eval full bandpass_n20002_cRA_electrode_s10: 18960/68440 cells
eval full bandpass_n20002_cRA_electrode_s5: 19000/68440 cells
eval full bandpass_n20002_cRA_electrode_s0: 19040/68440 cells
eval full bandpass_n20002_cRA_covariance_s20: 19080/68440 cells
eval full bandpass_n20002_cRA_covariance_s15: 19120/68440 cells
eval full bandpass_n20002_cRA_covariance_s10: 19160/68440 cells
eval full bandpass_n20002_cRA_covariance_s5: 19200/68440 cells
eval full bandpass_n20002_cRA_covariance_s0: 19240/68440 cells
eval full bandpass_n20002_cLA_independent_rms_s20: 19280/68440 cells
eval full bandpass_n20002_cLA_independent_rms_s15: 19320/68440 cells
eval full bandpass_n20002_cLA_independent_rms_s10: 19360/68440 cells
eval full bandpass_n20002_cLA_independent_rms_s5: 19400/68440 cells
eval full bandpass_n20002_cLA_independent_rms_s0: 19440/68440 cells
eval full bandpass_n20002_cLA_electrode_s20: 19480/68440 cells
eval full bandpass_n20002_cLA_electrode_s15: 19520/68440 cells
eval full bandpass_n20002_cLA_electrode_s10: 19560/68440 cells
eval full bandpass_n20002_cLA_electrode_s5: 19600/68440 cells
eval full bandpass_n20002_cLA_electrode_s0: 19640/68440 cells
eval full bandpass_n20002_cLA_covariance_s20: 19680/68440 cells
eval full bandpass_n20002_cLA_covariance_s15: 19720/68440 cells
eval full bandpass_n20002_cLA_covariance_s10: 19760/68440 cells
eval full bandpass_n20002_cLA_covariance_s5: 19800/68440 cells
eval full bandpass_n20002_cLA_covariance_s0: 19840/68440 cells
eval full bandpass_n20002_cLL_independent_rms_s20: 19880/68440 cells
eval full bandpass_n20002_cLL_independent_rms_s15: 19920/68440 cells
eval full bandpass_n20002_cLL_independent_rms_s10: 19960/68440 cells
eval full bandpass_n20002_cLL_independent_rms_s5: 20000/68440 cells
eval full bandpass_n20002_cLL_independent_rms_s0: 20040/68440 cells
eval full bandpass_n20002_cLL_electrode_s20: 20080/68440 cells
eval full bandpass_n20002_cLL_electrode_s15: 20120/68440 cells
eval full bandpass_n20002_cLL_electrode_s10: 20160/68440 cells
eval full bandpass_n20002_cLL_electrode_s5: 20200/68440 cells
eval full bandpass_n20002_cLL_electrode_s0: 20240/68440 cells
eval full bandpass_n20002_cLL_covariance_s20: 20280/68440 cells
eval full bandpass_n20002_cLL_covariance_s15: 20320/68440 cells
eval full bandpass_n20002_cLL_covariance_s10: 20360/68440 cells
eval full bandpass_n20002_cLL_covariance_s5: 20400/68440 cells
eval full bandpass_n20002_cLL_covariance_s0: 20440/68440 cells
eval full bandpass_n20002_cRA_V1_independent_rms_s20: 20480/68440 cells
eval full bandpass_n20002_cRA_V1_independent_rms_s15: 20520/68440 cells
eval full bandpass_n20002_cRA_V1_independent_rms_s10: 20560/68440 cells
eval full bandpass_n20002_cRA_V1_independent_rms_s5: 20600/68440 cells
eval full bandpass_n20002_cRA_V1_independent_rms_s0: 20640/68440 cells
eval full bandpass_n20002_cRA_V1_electrode_s20: 20680/68440 cells
eval full bandpass_n20002_cRA_V1_electrode_s15: 20720/68440 cells
eval full bandpass_n20002_cRA_V1_electrode_s10: 20760/68440 cells
eval full bandpass_n20002_cRA_V1_electrode_s5: 20800/68440 cells
eval full bandpass_n20002_cRA_V1_electrode_s0: 20840/68440 cells
eval full bandpass_n20002_cRA_V1_covariance_s20: 20880/68440 cells
eval full bandpass_n20002_cRA_V1_covariance_s15: 20920/68440 cells
eval full bandpass_n20002_cRA_V1_covariance_s10: 20960/68440 cells
eval full bandpass_n20002_cRA_V1_covariance_s5: 21000/68440 cells
eval full bandpass_n20002_cRA_V1_covariance_s0: 21040/68440 cells
eval full bandpass_n20002_cLA_V6_independent_rms_s20: 21080/68440 cells
eval full bandpass_n20002_cLA_V6_independent_rms_s15: 21120/68440 cells
eval full bandpass_n20002_cLA_V6_independent_rms_s10: 21160/68440 cells
eval full bandpass_n20002_cLA_V6_independent_rms_s5: 21200/68440 cells
eval full bandpass_n20002_cLA_V6_independent_rms_s0: 21240/68440 cells
eval full bandpass_n20002_cLA_V6_electrode_s20: 21280/68440 cells
eval full bandpass_n20002_cLA_V6_electrode_s15: 21320/68440 cells
eval full bandpass_n20002_cLA_V6_electrode_s10: 21360/68440 cells
eval full bandpass_n20002_cLA_V6_electrode_s5: 21400/68440 cells
eval full bandpass_n20002_cLA_V6_electrode_s0: 21440/68440 cells
eval full bandpass_n20002_cLA_V6_covariance_s20: 21480/68440 cells
eval full bandpass_n20002_cLA_V6_covariance_s15: 21520/68440 cells
eval full bandpass_n20002_cLA_V6_covariance_s10: 21560/68440 cells
eval full bandpass_n20002_cLA_V6_covariance_s5: 21600/68440 cells
eval full bandpass_n20002_cLA_V6_covariance_s0: 21640/68440 cells
eval full bandpass_n20002_cLL_V4_independent_rms_s20: 21680/68440 cells
eval full bandpass_n20002_cLL_V4_independent_rms_s15: 21720/68440 cells
eval full bandpass_n20002_cLL_V4_independent_rms_s10: 21760/68440 cells
eval full bandpass_n20002_cLL_V4_independent_rms_s5: 21800/68440 cells
eval full bandpass_n20002_cLL_V4_independent_rms_s0: 21840/68440 cells
eval full bandpass_n20002_cLL_V4_electrode_s20: 21880/68440 cells
eval full bandpass_n20002_cLL_V4_electrode_s15: 21920/68440 cells
eval full bandpass_n20002_cLL_V4_electrode_s10: 21960/68440 cells
eval full bandpass_n20002_cLL_V4_electrode_s5: 22000/68440 cells
eval full bandpass_n20002_cLL_V4_electrode_s0: 22040/68440 cells
eval full bandpass_n20002_cLL_V4_covariance_s20: 22080/68440 cells
eval full bandpass_n20002_cLL_V4_covariance_s15: 22120/68440 cells
eval full bandpass_n20002_cLL_V4_covariance_s10: 22160/68440 cells
eval full bandpass_n20002_cLL_V4_covariance_s5: 22200/68440 cells
eval full bandpass_n20002_cLL_V4_covariance_s0: 22240/68440 cells
eval full bandpass_n20002_cRA_LA_V1_V6_independent_rms_s20: 22280/68440 cells
eval full bandpass_n20002_cRA_LA_V1_V6_independent_rms_s15: 22320/68440 cells
eval full bandpass_n20002_cRA_LA_V1_V6_independent_rms_s10: 22360/68440 cells
eval full bandpass_n20002_cRA_LA_V1_V6_independent_rms_s5: 22400/68440 cells
eval full bandpass_n20002_cRA_LA_V1_V6_independent_rms_s0: 22440/68440 cells
eval full bandpass_n20002_cRA_LA_V1_V6_electrode_s20: 22480/68440 cells
eval full bandpass_n20002_cRA_LA_V1_V6_electrode_s15: 22520/68440 cells
eval full bandpass_n20002_cRA_LA_V1_V6_electrode_s10: 22560/68440 cells
eval full bandpass_n20002_cRA_LA_V1_V6_electrode_s5: 22600/68440 cells
eval full bandpass_n20002_cRA_LA_V1_V6_electrode_s0: 22640/68440 cells
eval full bandpass_n20002_cRA_LA_V1_V6_covariance_s20: 22680/68440 cells
eval full bandpass_n20002_cRA_LA_V1_V6_covariance_s15: 22720/68440 cells
eval full bandpass_n20002_cRA_LA_V1_V6_covariance_s10: 22760/68440 cells
eval full bandpass_n20002_cRA_LA_V1_V6_covariance_s5: 22800/68440 cells
eval full bandpass_n20002_cRA_LA_V1_V6_covariance_s0: 22840/68440 cells
eval full bandpass_n20002_cRA_V2_V5_independent_rms_s20: 22880/68440 cells
eval full bandpass_n20002_cRA_V2_V5_independent_rms_s15: 22920/68440 cells
eval full bandpass_n20002_cRA_V2_V5_independent_rms_s10: 22960/68440 cells
eval full bandpass_n20002_cRA_V2_V5_independent_rms_s5: 23000/68440 cells
eval full bandpass_n20002_cRA_V2_V5_independent_rms_s0: 23040/68440 cells
eval full bandpass_n20002_cRA_V2_V5_electrode_s20: 23080/68440 cells
eval full bandpass_n20002_cRA_V2_V5_electrode_s15: 23120/68440 cells
eval full bandpass_n20002_cRA_V2_V5_electrode_s10: 23160/68440 cells
eval full bandpass_n20002_cRA_V2_V5_electrode_s5: 23200/68440 cells
eval full bandpass_n20002_cRA_V2_V5_electrode_s0: 23240/68440 cells
eval full bandpass_n20002_cRA_V2_V5_covariance_s20: 23280/68440 cells
eval full bandpass_n20002_cRA_V2_V5_covariance_s15: 23320/68440 cells
eval full bandpass_n20002_cRA_V2_V5_covariance_s10: 23360/68440 cells
eval full bandpass_n20002_cRA_V2_V5_covariance_s5: 23400/68440 cells
eval full bandpass_n20002_cRA_V2_V5_covariance_s0: 23440/68440 cells
eval full bandpass_n20002_cLA_V3_V6_independent_rms_s20: 23480/68440 cells
eval full bandpass_n20002_cLA_V3_V6_independent_rms_s15: 23520/68440 cells
eval full bandpass_n20002_cLA_V3_V6_independent_rms_s10: 23560/68440 cells
eval full bandpass_n20002_cLA_V3_V6_independent_rms_s5: 23600/68440 cells
eval full bandpass_n20002_cLA_V3_V6_independent_rms_s0: 23640/68440 cells
eval full bandpass_n20002_cLA_V3_V6_electrode_s20: 23680/68440 cells
eval full bandpass_n20002_cLA_V3_V6_electrode_s15: 23720/68440 cells
eval full bandpass_n20002_cLA_V3_V6_electrode_s10: 23760/68440 cells
eval full bandpass_n20002_cLA_V3_V6_electrode_s5: 23800/68440 cells
eval full bandpass_n20002_cLA_V3_V6_electrode_s0: 23840/68440 cells
eval full bandpass_n20002_cLA_V3_V6_covariance_s20: 23880/68440 cells
eval full bandpass_n20002_cLA_V3_V6_covariance_s15: 23920/68440 cells
eval full bandpass_n20002_cLA_V3_V6_covariance_s10: 23960/68440 cells
eval full bandpass_n20002_cLA_V3_V6_covariance_s5: 24000/68440 cells
eval full bandpass_n20002_cLA_V3_V6_covariance_s0: 24040/68440 cells
eval full bandpass_n20002_cLL_V1_V4_independent_rms_s20: 24080/68440 cells
eval full bandpass_n20002_cLL_V1_V4_independent_rms_s15: 24120/68440 cells
eval full bandpass_n20002_cLL_V1_V4_independent_rms_s10: 24160/68440 cells
eval full bandpass_n20002_cLL_V1_V4_independent_rms_s5: 24200/68440 cells
eval full bandpass_n20002_cLL_V1_V4_independent_rms_s0: 24240/68440 cells
eval full bandpass_n20002_cLL_V1_V4_electrode_s20: 24280/68440 cells
eval full bandpass_n20002_cLL_V1_V4_electrode_s15: 24320/68440 cells
eval full bandpass_n20002_cLL_V1_V4_electrode_s10: 24360/68440 cells
eval full bandpass_n20002_cLL_V1_V4_electrode_s5: 24400/68440 cells
eval full bandpass_n20002_cLL_V1_V4_electrode_s0: 24440/68440 cells
eval full bandpass_n20002_cLL_V1_V4_covariance_s20: 24480/68440 cells
eval full bandpass_n20002_cLL_V1_V4_covariance_s15: 24520/68440 cells
eval full bandpass_n20002_cLL_V1_V4_covariance_s10: 24560/68440 cells
eval full bandpass_n20002_cLL_V1_V4_covariance_s5: 24600/68440 cells
eval full bandpass_n20002_cLL_V1_V4_covariance_s0: 24640/68440 cells
eval full bandpass_n20002_call_independent_rms_s20: 24680/68440 cells
eval full bandpass_n20002_call_independent_rms_s15: 24720/68440 cells
eval full bandpass_n20002_call_independent_rms_s10: 24760/68440 cells
eval full bandpass_n20002_call_independent_rms_s5: 24800/68440 cells
eval full bandpass_n20002_call_independent_rms_s0: 24840/68440 cells
eval full bandpass_n20002_call_electrode_s20: 24880/68440 cells
eval full bandpass_n20002_call_electrode_s15: 24920/68440 cells
eval full bandpass_n20002_call_electrode_s10: 24960/68440 cells
eval full bandpass_n20002_call_electrode_s5: 25000/68440 cells
eval full bandpass_n20002_call_electrode_s0: 25040/68440 cells
eval full bandpass_n20002_call_covariance_s20: 25080/68440 cells
eval full bandpass_n20002_call_covariance_s15: 25120/68440 cells
eval full bandpass_n20002_call_covariance_s10: 25160/68440 cells
eval full bandpass_n20002_call_covariance_s5: 25200/68440 cells
eval full bandpass_n20002_call_covariance_s0: 25240/68440 cells
eval full bandpass_n20003_cRA_LA_LL_independent_rms_s20: 25280/68440 cells
eval full bandpass_n20003_cRA_LA_LL_independent_rms_s15: 25320/68440 cells
eval full bandpass_n20003_cRA_LA_LL_independent_rms_s10: 25360/68440 cells
eval full bandpass_n20003_cRA_LA_LL_independent_rms_s5: 25400/68440 cells
eval full bandpass_n20003_cRA_LA_LL_independent_rms_s0: 25440/68440 cells
eval full bandpass_n20003_cRA_LA_LL_electrode_s20: 25480/68440 cells
eval full bandpass_n20003_cRA_LA_LL_electrode_s15: 25520/68440 cells
eval full bandpass_n20003_cRA_LA_LL_electrode_s10: 25560/68440 cells
eval full bandpass_n20003_cRA_LA_LL_electrode_s5: 25600/68440 cells
eval full bandpass_n20003_cRA_LA_LL_electrode_s0: 25640/68440 cells
eval full bandpass_n20003_cRA_LA_LL_covariance_s20: 25680/68440 cells
eval full bandpass_n20003_cRA_LA_LL_covariance_s15: 25720/68440 cells
eval full bandpass_n20003_cRA_LA_LL_covariance_s10: 25760/68440 cells
eval full bandpass_n20003_cRA_LA_LL_covariance_s5: 25800/68440 cells
eval full bandpass_n20003_cRA_LA_LL_covariance_s0: 25840/68440 cells
eval full bandpass_n20003_cV1_independent_rms_s20: 25880/68440 cells
eval full bandpass_n20003_cV1_independent_rms_s15: 25920/68440 cells
eval full bandpass_n20003_cV1_independent_rms_s10: 25960/68440 cells
eval full bandpass_n20003_cV1_independent_rms_s5: 26000/68440 cells
eval full bandpass_n20003_cV1_independent_rms_s0: 26040/68440 cells
eval full bandpass_n20003_cV1_electrode_s20: 26080/68440 cells
eval full bandpass_n20003_cV1_electrode_s15: 26120/68440 cells
eval full bandpass_n20003_cV1_electrode_s10: 26160/68440 cells
eval full bandpass_n20003_cV1_electrode_s5: 26200/68440 cells
eval full bandpass_n20003_cV1_electrode_s0: 26240/68440 cells
eval full bandpass_n20003_cV1_covariance_s20: 26280/68440 cells
eval full bandpass_n20003_cV1_covariance_s15: 26320/68440 cells
eval full bandpass_n20003_cV1_covariance_s10: 26360/68440 cells
eval full bandpass_n20003_cV1_covariance_s5: 26400/68440 cells
eval full bandpass_n20003_cV1_covariance_s0: 26440/68440 cells
eval full bandpass_n20003_cV2_independent_rms_s20: 26480/68440 cells
eval full bandpass_n20003_cV2_independent_rms_s15: 26520/68440 cells
eval full bandpass_n20003_cV2_independent_rms_s10: 26560/68440 cells
eval full bandpass_n20003_cV2_independent_rms_s5: 26600/68440 cells
eval full bandpass_n20003_cV2_independent_rms_s0: 26640/68440 cells
eval full bandpass_n20003_cV2_electrode_s20: 26680/68440 cells
eval full bandpass_n20003_cV2_electrode_s15: 26720/68440 cells
eval full bandpass_n20003_cV2_electrode_s10: 26760/68440 cells
eval full bandpass_n20003_cV2_electrode_s5: 26800/68440 cells
eval full bandpass_n20003_cV2_electrode_s0: 26840/68440 cells
eval full bandpass_n20003_cV2_covariance_s20: 26880/68440 cells
eval full bandpass_n20003_cV2_covariance_s15: 26920/68440 cells
eval full bandpass_n20003_cV2_covariance_s10: 26960/68440 cells
eval full bandpass_n20003_cV2_covariance_s5: 27000/68440 cells
eval full bandpass_n20003_cV2_covariance_s0: 27040/68440 cells
eval full bandpass_n20003_cV3_independent_rms_s20: 27080/68440 cells
eval full bandpass_n20003_cV3_independent_rms_s15: 27120/68440 cells
eval full bandpass_n20003_cV3_independent_rms_s10: 27160/68440 cells
eval full bandpass_n20003_cV3_independent_rms_s5: 27200/68440 cells
eval full bandpass_n20003_cV3_independent_rms_s0: 27240/68440 cells
eval full bandpass_n20003_cV3_electrode_s20: 27280/68440 cells
eval full bandpass_n20003_cV3_electrode_s15: 27320/68440 cells
eval full bandpass_n20003_cV3_electrode_s10: 27360/68440 cells
eval full bandpass_n20003_cV3_electrode_s5: 27400/68440 cells
eval full bandpass_n20003_cV3_electrode_s0: 27440/68440 cells
eval full bandpass_n20003_cV3_covariance_s20: 27480/68440 cells
eval full bandpass_n20003_cV3_covariance_s15: 27520/68440 cells
eval full bandpass_n20003_cV3_covariance_s10: 27560/68440 cells
eval full bandpass_n20003_cV3_covariance_s5: 27600/68440 cells
eval full bandpass_n20003_cV3_covariance_s0: 27640/68440 cells
eval full bandpass_n20003_cV4_independent_rms_s20: 27680/68440 cells
eval full bandpass_n20003_cV4_independent_rms_s15: 27720/68440 cells
eval full bandpass_n20003_cV4_independent_rms_s10: 27760/68440 cells
eval full bandpass_n20003_cV4_independent_rms_s5: 27800/68440 cells
eval full bandpass_n20003_cV4_independent_rms_s0: 27840/68440 cells
eval full bandpass_n20003_cV4_electrode_s20: 27880/68440 cells
eval full bandpass_n20003_cV4_electrode_s15: 27920/68440 cells
eval full bandpass_n20003_cV4_electrode_s10: 27960/68440 cells
eval full bandpass_n20003_cV4_electrode_s5: 28000/68440 cells
eval full bandpass_n20003_cV4_electrode_s0: 28040/68440 cells
eval full bandpass_n20003_cV4_covariance_s20: 28080/68440 cells
eval full bandpass_n20003_cV4_covariance_s15: 28120/68440 cells
eval full bandpass_n20003_cV4_covariance_s10: 28160/68440 cells
eval full bandpass_n20003_cV4_covariance_s5: 28200/68440 cells
eval full bandpass_n20003_cV4_covariance_s0: 28240/68440 cells
eval full bandpass_n20003_cV5_independent_rms_s20: 28280/68440 cells
eval full bandpass_n20003_cV5_independent_rms_s15: 28320/68440 cells
eval full bandpass_n20003_cV5_independent_rms_s10: 28360/68440 cells
eval full bandpass_n20003_cV5_independent_rms_s5: 28400/68440 cells
eval full bandpass_n20003_cV5_independent_rms_s0: 28440/68440 cells
eval full bandpass_n20003_cV5_electrode_s20: 28480/68440 cells
eval full bandpass_n20003_cV5_electrode_s15: 28520/68440 cells
eval full bandpass_n20003_cV5_electrode_s10: 28560/68440 cells
eval full bandpass_n20003_cV5_electrode_s5: 28600/68440 cells
eval full bandpass_n20003_cV5_electrode_s0: 28640/68440 cells
eval full bandpass_n20003_cV5_covariance_s20: 28680/68440 cells
eval full bandpass_n20003_cV5_covariance_s15: 28720/68440 cells
eval full bandpass_n20003_cV5_covariance_s10: 28760/68440 cells
eval full bandpass_n20003_cV5_covariance_s5: 28800/68440 cells
eval full bandpass_n20003_cV5_covariance_s0: 28840/68440 cells
eval full bandpass_n20003_cV6_independent_rms_s20: 28880/68440 cells
eval full bandpass_n20003_cV6_independent_rms_s15: 28920/68440 cells
eval full bandpass_n20003_cV6_independent_rms_s10: 28960/68440 cells
eval full bandpass_n20003_cV6_independent_rms_s5: 29000/68440 cells
eval full bandpass_n20003_cV6_independent_rms_s0: 29040/68440 cells
eval full bandpass_n20003_cV6_electrode_s20: 29080/68440 cells
eval full bandpass_n20003_cV6_electrode_s15: 29120/68440 cells
eval full bandpass_n20003_cV6_electrode_s10: 29160/68440 cells
eval full bandpass_n20003_cV6_electrode_s5: 29200/68440 cells
eval full bandpass_n20003_cV6_electrode_s0: 29240/68440 cells
eval full bandpass_n20003_cV6_covariance_s20: 29280/68440 cells
eval full bandpass_n20003_cV6_covariance_s15: 29320/68440 cells
eval full bandpass_n20003_cV6_covariance_s10: 29360/68440 cells
eval full bandpass_n20003_cV6_covariance_s5: 29400/68440 cells
eval full bandpass_n20003_cV6_covariance_s0: 29440/68440 cells
eval full bandpass_n20003_cRA_LA_independent_rms_s20: 29480/68440 cells
eval full bandpass_n20003_cRA_LA_independent_rms_s15: 29520/68440 cells
eval full bandpass_n20003_cRA_LA_independent_rms_s10: 29560/68440 cells
eval full bandpass_n20003_cRA_LA_independent_rms_s5: 29600/68440 cells
eval full bandpass_n20003_cRA_LA_independent_rms_s0: 29640/68440 cells
eval full bandpass_n20003_cRA_LA_electrode_s20: 29680/68440 cells
eval full bandpass_n20003_cRA_LA_electrode_s15: 29720/68440 cells
eval full bandpass_n20003_cRA_LA_electrode_s10: 29760/68440 cells
eval full bandpass_n20003_cRA_LA_electrode_s5: 29800/68440 cells
eval full bandpass_n20003_cRA_LA_electrode_s0: 29840/68440 cells
eval full bandpass_n20003_cRA_LA_covariance_s20: 29880/68440 cells
eval full bandpass_n20003_cRA_LA_covariance_s15: 29920/68440 cells
eval full bandpass_n20003_cRA_LA_covariance_s10: 29960/68440 cells
eval full bandpass_n20003_cRA_LA_covariance_s5: 30000/68440 cells
eval full bandpass_n20003_cRA_LA_covariance_s0: 30040/68440 cells
eval full bandpass_n20003_cLA_LL_independent_rms_s20: 30080/68440 cells
eval full bandpass_n20003_cLA_LL_independent_rms_s15: 30120/68440 cells
eval full bandpass_n20003_cLA_LL_independent_rms_s10: 30160/68440 cells
eval full bandpass_n20003_cLA_LL_independent_rms_s5: 30200/68440 cells
eval full bandpass_n20003_cLA_LL_independent_rms_s0: 30240/68440 cells
eval full bandpass_n20003_cLA_LL_electrode_s20: 30280/68440 cells
eval full bandpass_n20003_cLA_LL_electrode_s15: 30320/68440 cells
eval full bandpass_n20003_cLA_LL_electrode_s10: 30360/68440 cells
eval full bandpass_n20003_cLA_LL_electrode_s5: 30400/68440 cells
eval full bandpass_n20003_cLA_LL_electrode_s0: 30440/68440 cells
eval full bandpass_n20003_cLA_LL_covariance_s20: 30480/68440 cells
eval full bandpass_n20003_cLA_LL_covariance_s15: 30520/68440 cells
eval full bandpass_n20003_cLA_LL_covariance_s10: 30560/68440 cells
eval full bandpass_n20003_cLA_LL_covariance_s5: 30600/68440 cells
eval full bandpass_n20003_cLA_LL_covariance_s0: 30640/68440 cells
eval full bandpass_n20003_cRA_LL_independent_rms_s20: 30680/68440 cells
eval full bandpass_n20003_cRA_LL_independent_rms_s15: 30720/68440 cells
eval full bandpass_n20003_cRA_LL_independent_rms_s10: 30760/68440 cells
eval full bandpass_n20003_cRA_LL_independent_rms_s5: 30800/68440 cells
eval full bandpass_n20003_cRA_LL_independent_rms_s0: 30840/68440 cells
eval full bandpass_n20003_cRA_LL_electrode_s20: 30880/68440 cells
eval full bandpass_n20003_cRA_LL_electrode_s15: 30920/68440 cells
eval full bandpass_n20003_cRA_LL_electrode_s10: 30960/68440 cells
eval full bandpass_n20003_cRA_LL_electrode_s5: 31000/68440 cells
eval full bandpass_n20003_cRA_LL_electrode_s0: 31040/68440 cells
eval full bandpass_n20003_cRA_LL_covariance_s20: 31080/68440 cells
eval full bandpass_n20003_cRA_LL_covariance_s15: 31120/68440 cells
eval full bandpass_n20003_cRA_LL_covariance_s10: 31160/68440 cells
eval full bandpass_n20003_cRA_LL_covariance_s5: 31200/68440 cells
eval full bandpass_n20003_cRA_LL_covariance_s0: 31240/68440 cells
eval full bandpass_n20003_cRA_independent_rms_s20: 31280/68440 cells
eval full bandpass_n20003_cRA_independent_rms_s15: 31320/68440 cells
eval full bandpass_n20003_cRA_independent_rms_s10: 31360/68440 cells
eval full bandpass_n20003_cRA_independent_rms_s5: 31400/68440 cells
eval full bandpass_n20003_cRA_independent_rms_s0: 31440/68440 cells
eval full bandpass_n20003_cRA_electrode_s20: 31480/68440 cells
eval full bandpass_n20003_cRA_electrode_s15: 31520/68440 cells
eval full bandpass_n20003_cRA_electrode_s10: 31560/68440 cells
eval full bandpass_n20003_cRA_electrode_s5: 31600/68440 cells
eval full bandpass_n20003_cRA_electrode_s0: 31640/68440 cells
eval full bandpass_n20003_cRA_covariance_s20: 31680/68440 cells
eval full bandpass_n20003_cRA_covariance_s15: 31720/68440 cells
eval full bandpass_n20003_cRA_covariance_s10: 31760/68440 cells
eval full bandpass_n20003_cRA_covariance_s5: 31800/68440 cells
eval full bandpass_n20003_cRA_covariance_s0: 31840/68440 cells
eval full bandpass_n20003_cLA_independent_rms_s20: 31880/68440 cells
eval full bandpass_n20003_cLA_independent_rms_s15: 31920/68440 cells
eval full bandpass_n20003_cLA_independent_rms_s10: 31960/68440 cells
eval full bandpass_n20003_cLA_independent_rms_s5: 32000/68440 cells
eval full bandpass_n20003_cLA_independent_rms_s0: 32040/68440 cells
eval full bandpass_n20003_cLA_electrode_s20: 32080/68440 cells
eval full bandpass_n20003_cLA_electrode_s15: 32120/68440 cells
eval full bandpass_n20003_cLA_electrode_s10: 32160/68440 cells
eval full bandpass_n20003_cLA_electrode_s5: 32200/68440 cells
eval full bandpass_n20003_cLA_electrode_s0: 32240/68440 cells
eval full bandpass_n20003_cLA_covariance_s20: 32280/68440 cells
eval full bandpass_n20003_cLA_covariance_s15: 32320/68440 cells
eval full bandpass_n20003_cLA_covariance_s10: 32360/68440 cells
eval full bandpass_n20003_cLA_covariance_s5: 32400/68440 cells
eval full bandpass_n20003_cLA_covariance_s0: 32440/68440 cells
eval full bandpass_n20003_cLL_independent_rms_s20: 32480/68440 cells
eval full bandpass_n20003_cLL_independent_rms_s15: 32520/68440 cells
eval full bandpass_n20003_cLL_independent_rms_s10: 32560/68440 cells
eval full bandpass_n20003_cLL_independent_rms_s5: 32600/68440 cells
eval full bandpass_n20003_cLL_independent_rms_s0: 32640/68440 cells
eval full bandpass_n20003_cLL_electrode_s20: 32680/68440 cells
eval full bandpass_n20003_cLL_electrode_s15: 32720/68440 cells
eval full bandpass_n20003_cLL_electrode_s10: 32760/68440 cells
eval full bandpass_n20003_cLL_electrode_s5: 32800/68440 cells
eval full bandpass_n20003_cLL_electrode_s0: 32840/68440 cells
eval full bandpass_n20003_cLL_covariance_s20: 32880/68440 cells
eval full bandpass_n20003_cLL_covariance_s15: 32920/68440 cells
eval full bandpass_n20003_cLL_covariance_s10: 32960/68440 cells
eval full bandpass_n20003_cLL_covariance_s5: 33000/68440 cells
eval full bandpass_n20003_cLL_covariance_s0: 33040/68440 cells
eval full bandpass_n20003_cRA_V1_independent_rms_s20: 33080/68440 cells
eval full bandpass_n20003_cRA_V1_independent_rms_s15: 33120/68440 cells
eval full bandpass_n20003_cRA_V1_independent_rms_s10: 33160/68440 cells
eval full bandpass_n20003_cRA_V1_independent_rms_s5: 33200/68440 cells
eval full bandpass_n20003_cRA_V1_independent_rms_s0: 33240/68440 cells
eval full bandpass_n20003_cRA_V1_electrode_s20: 33280/68440 cells
eval full bandpass_n20003_cRA_V1_electrode_s15: 33320/68440 cells
eval full bandpass_n20003_cRA_V1_electrode_s10: 33360/68440 cells
eval full bandpass_n20003_cRA_V1_electrode_s5: 33400/68440 cells
eval full bandpass_n20003_cRA_V1_electrode_s0: 33440/68440 cells
eval full bandpass_n20003_cRA_V1_covariance_s20: 33480/68440 cells
eval full bandpass_n20003_cRA_V1_covariance_s15: 33520/68440 cells
eval full bandpass_n20003_cRA_V1_covariance_s10: 33560/68440 cells
eval full bandpass_n20003_cRA_V1_covariance_s5: 33600/68440 cells
eval full bandpass_n20003_cRA_V1_covariance_s0: 33640/68440 cells
eval full bandpass_n20003_cLA_V6_independent_rms_s20: 33680/68440 cells
eval full bandpass_n20003_cLA_V6_independent_rms_s15: 33720/68440 cells
eval full bandpass_n20003_cLA_V6_independent_rms_s10: 33760/68440 cells
eval full bandpass_n20003_cLA_V6_independent_rms_s5: 33800/68440 cells
eval full bandpass_n20003_cLA_V6_independent_rms_s0: 33840/68440 cells
eval full bandpass_n20003_cLA_V6_electrode_s20: 33880/68440 cells
eval full bandpass_n20003_cLA_V6_electrode_s15: 33920/68440 cells
eval full bandpass_n20003_cLA_V6_electrode_s10: 33960/68440 cells
eval full bandpass_n20003_cLA_V6_electrode_s5: 34000/68440 cells
eval full bandpass_n20003_cLA_V6_electrode_s0: 34040/68440 cells
eval full bandpass_n20003_cLA_V6_covariance_s20: 34080/68440 cells
eval full bandpass_n20003_cLA_V6_covariance_s15: 34120/68440 cells
eval full bandpass_n20003_cLA_V6_covariance_s10: 34160/68440 cells
eval full bandpass_n20003_cLA_V6_covariance_s5: 34200/68440 cells
eval full bandpass_n20003_cLA_V6_covariance_s0: 34240/68440 cells
eval full bandpass_n20003_cLL_V4_independent_rms_s20: 34280/68440 cells
eval full bandpass_n20003_cLL_V4_independent_rms_s15: 34320/68440 cells
eval full bandpass_n20003_cLL_V4_independent_rms_s10: 34360/68440 cells
eval full bandpass_n20003_cLL_V4_independent_rms_s5: 34400/68440 cells
eval full bandpass_n20003_cLL_V4_independent_rms_s0: 34440/68440 cells
eval full bandpass_n20003_cLL_V4_electrode_s20: 34480/68440 cells
eval full bandpass_n20003_cLL_V4_electrode_s15: 34520/68440 cells
eval full bandpass_n20003_cLL_V4_electrode_s10: 34560/68440 cells
eval full bandpass_n20003_cLL_V4_electrode_s5: 34600/68440 cells
eval full bandpass_n20003_cLL_V4_electrode_s0: 34640/68440 cells
eval full bandpass_n20003_cLL_V4_covariance_s20: 34680/68440 cells
eval full bandpass_n20003_cLL_V4_covariance_s15: 34720/68440 cells
eval full bandpass_n20003_cLL_V4_covariance_s10: 34760/68440 cells
eval full bandpass_n20003_cLL_V4_covariance_s5: 34800/68440 cells
eval full bandpass_n20003_cLL_V4_covariance_s0: 34840/68440 cells
eval full bandpass_n20003_cRA_LA_V1_V6_independent_rms_s20: 34880/68440 cells
eval full bandpass_n20003_cRA_LA_V1_V6_independent_rms_s15: 34920/68440 cells
eval full bandpass_n20003_cRA_LA_V1_V6_independent_rms_s10: 34960/68440 cells
eval full bandpass_n20003_cRA_LA_V1_V6_independent_rms_s5: 35000/68440 cells
eval full bandpass_n20003_cRA_LA_V1_V6_independent_rms_s0: 35040/68440 cells
eval full bandpass_n20003_cRA_LA_V1_V6_electrode_s20: 35080/68440 cells
eval full bandpass_n20003_cRA_LA_V1_V6_electrode_s15: 35120/68440 cells
eval full bandpass_n20003_cRA_LA_V1_V6_electrode_s10: 35160/68440 cells
eval full bandpass_n20003_cRA_LA_V1_V6_electrode_s5: 35200/68440 cells
eval full bandpass_n20003_cRA_LA_V1_V6_electrode_s0: 35240/68440 cells
eval full bandpass_n20003_cRA_LA_V1_V6_covariance_s20: 35280/68440 cells
eval full bandpass_n20003_cRA_LA_V1_V6_covariance_s15: 35320/68440 cells
eval full bandpass_n20003_cRA_LA_V1_V6_covariance_s10: 35360/68440 cells
eval full bandpass_n20003_cRA_LA_V1_V6_covariance_s5: 35400/68440 cells
eval full bandpass_n20003_cRA_LA_V1_V6_covariance_s0: 35440/68440 cells
eval full bandpass_n20003_cRA_V2_V5_independent_rms_s20: 35480/68440 cells
eval full bandpass_n20003_cRA_V2_V5_independent_rms_s15: 35520/68440 cells
eval full bandpass_n20003_cRA_V2_V5_independent_rms_s10: 35560/68440 cells
eval full bandpass_n20003_cRA_V2_V5_independent_rms_s5: 35600/68440 cells
eval full bandpass_n20003_cRA_V2_V5_independent_rms_s0: 35640/68440 cells
eval full bandpass_n20003_cRA_V2_V5_electrode_s20: 35680/68440 cells
eval full bandpass_n20003_cRA_V2_V5_electrode_s15: 35720/68440 cells
eval full bandpass_n20003_cRA_V2_V5_electrode_s10: 35760/68440 cells
eval full bandpass_n20003_cRA_V2_V5_electrode_s5: 35800/68440 cells
eval full bandpass_n20003_cRA_V2_V5_electrode_s0: 35840/68440 cells
eval full bandpass_n20003_cRA_V2_V5_covariance_s20: 35880/68440 cells
eval full bandpass_n20003_cRA_V2_V5_covariance_s15: 35920/68440 cells
eval full bandpass_n20003_cRA_V2_V5_covariance_s10: 35960/68440 cells
eval full bandpass_n20003_cRA_V2_V5_covariance_s5: 36000/68440 cells
eval full bandpass_n20003_cRA_V2_V5_covariance_s0: 36040/68440 cells
eval full bandpass_n20003_cLA_V3_V6_independent_rms_s20: 36080/68440 cells
eval full bandpass_n20003_cLA_V3_V6_independent_rms_s15: 36120/68440 cells
eval full bandpass_n20003_cLA_V3_V6_independent_rms_s10: 36160/68440 cells
eval full bandpass_n20003_cLA_V3_V6_independent_rms_s5: 36200/68440 cells
eval full bandpass_n20003_cLA_V3_V6_independent_rms_s0: 36240/68440 cells
eval full bandpass_n20003_cLA_V3_V6_electrode_s20: 36280/68440 cells
eval full bandpass_n20003_cLA_V3_V6_electrode_s15: 36320/68440 cells
eval full bandpass_n20003_cLA_V3_V6_electrode_s10: 36360/68440 cells
eval full bandpass_n20003_cLA_V3_V6_electrode_s5: 36400/68440 cells
eval full bandpass_n20003_cLA_V3_V6_electrode_s0: 36440/68440 cells
eval full bandpass_n20003_cLA_V3_V6_covariance_s20: 36480/68440 cells
eval full bandpass_n20003_cLA_V3_V6_covariance_s15: 36520/68440 cells
eval full bandpass_n20003_cLA_V3_V6_covariance_s10: 36560/68440 cells
eval full bandpass_n20003_cLA_V3_V6_covariance_s5: 36600/68440 cells
eval full bandpass_n20003_cLA_V3_V6_covariance_s0: 36640/68440 cells
eval full bandpass_n20003_cLL_V1_V4_independent_rms_s20: 36680/68440 cells
eval full bandpass_n20003_cLL_V1_V4_independent_rms_s15: 36720/68440 cells
eval full bandpass_n20003_cLL_V1_V4_independent_rms_s10: 36760/68440 cells
eval full bandpass_n20003_cLL_V1_V4_independent_rms_s5: 36800/68440 cells
eval full bandpass_n20003_cLL_V1_V4_independent_rms_s0: 36840/68440 cells
eval full bandpass_n20003_cLL_V1_V4_electrode_s20: 36880/68440 cells
eval full bandpass_n20003_cLL_V1_V4_electrode_s15: 36920/68440 cells
eval full bandpass_n20003_cLL_V1_V4_electrode_s10: 36960/68440 cells
eval full bandpass_n20003_cLL_V1_V4_electrode_s5: 37000/68440 cells
eval full bandpass_n20003_cLL_V1_V4_electrode_s0: 37040/68440 cells
eval full bandpass_n20003_cLL_V1_V4_covariance_s20: 37080/68440 cells
eval full bandpass_n20003_cLL_V1_V4_covariance_s15: 37120/68440 cells
eval full bandpass_n20003_cLL_V1_V4_covariance_s10: 37160/68440 cells
eval full bandpass_n20003_cLL_V1_V4_covariance_s5: 37200/68440 cells
eval full bandpass_n20003_cLL_V1_V4_covariance_s0: 37240/68440 cells
eval full bandpass_n20003_call_independent_rms_s20: 37280/68440 cells
eval full bandpass_n20003_call_independent_rms_s15: 37320/68440 cells
eval full bandpass_n20003_call_independent_rms_s10: 37360/68440 cells
eval full bandpass_n20003_call_independent_rms_s5: 37400/68440 cells
eval full bandpass_n20003_call_independent_rms_s0: 37440/68440 cells
eval full bandpass_n20003_call_electrode_s20: 37480/68440 cells
eval full bandpass_n20003_call_electrode_s15: 37520/68440 cells
eval full bandpass_n20003_call_electrode_s10: 37560/68440 cells
eval full bandpass_n20003_call_electrode_s5: 37600/68440 cells
eval full bandpass_n20003_call_electrode_s0: 37640/68440 cells
eval full bandpass_n20003_call_covariance_s20: 37680/68440 cells
eval full bandpass_n20003_call_covariance_s15: 37720/68440 cells
eval full bandpass_n20003_call_covariance_s10: 37760/68440 cells
eval full bandpass_n20003_call_covariance_s5: 37800/68440 cells
eval full bandpass_n20003_call_covariance_s0: 37840/68440 cells
eval full bandpass_n20004_cRA_LA_LL_independent_rms_s20: 37880/68440 cells
eval full bandpass_n20004_cRA_LA_LL_independent_rms_s15: 37920/68440 cells
eval full bandpass_n20004_cRA_LA_LL_independent_rms_s10: 37960/68440 cells
eval full bandpass_n20004_cRA_LA_LL_independent_rms_s5: 38000/68440 cells
eval full bandpass_n20004_cRA_LA_LL_independent_rms_s0: 38040/68440 cells
eval full bandpass_n20004_cRA_LA_LL_electrode_s20: 38080/68440 cells
eval full bandpass_n20004_cRA_LA_LL_electrode_s15: 38120/68440 cells
eval full bandpass_n20004_cRA_LA_LL_electrode_s10: 38160/68440 cells
eval full bandpass_n20004_cRA_LA_LL_electrode_s5: 38200/68440 cells
eval full bandpass_n20004_cRA_LA_LL_electrode_s0: 38240/68440 cells
eval full bandpass_n20004_cRA_LA_LL_covariance_s20: 38280/68440 cells
eval full bandpass_n20004_cRA_LA_LL_covariance_s15: 38320/68440 cells
eval full bandpass_n20004_cRA_LA_LL_covariance_s10: 38360/68440 cells
eval full bandpass_n20004_cRA_LA_LL_covariance_s5: 38400/68440 cells
eval full bandpass_n20004_cRA_LA_LL_covariance_s0: 38440/68440 cells
eval full bandpass_n20004_cV1_independent_rms_s20: 38480/68440 cells
eval full bandpass_n20004_cV1_independent_rms_s15: 38520/68440 cells
eval full bandpass_n20004_cV1_independent_rms_s10: 38560/68440 cells
eval full bandpass_n20004_cV1_independent_rms_s5: 38600/68440 cells
eval full bandpass_n20004_cV1_independent_rms_s0: 38640/68440 cells
eval full bandpass_n20004_cV1_electrode_s20: 38680/68440 cells
eval full bandpass_n20004_cV1_electrode_s15: 38720/68440 cells
eval full bandpass_n20004_cV1_electrode_s10: 38760/68440 cells
eval full bandpass_n20004_cV1_electrode_s5: 38800/68440 cells
eval full bandpass_n20004_cV1_electrode_s0: 38840/68440 cells
eval full bandpass_n20004_cV1_covariance_s20: 38880/68440 cells
eval full bandpass_n20004_cV1_covariance_s15: 38920/68440 cells
eval full bandpass_n20004_cV1_covariance_s10: 38960/68440 cells
eval full bandpass_n20004_cV1_covariance_s5: 39000/68440 cells
eval full bandpass_n20004_cV1_covariance_s0: 39040/68440 cells
eval full bandpass_n20004_cV2_independent_rms_s20: 39080/68440 cells
eval full bandpass_n20004_cV2_independent_rms_s15: 39120/68440 cells
eval full bandpass_n20004_cV2_independent_rms_s10: 39160/68440 cells
eval full bandpass_n20004_cV2_independent_rms_s5: 39200/68440 cells
eval full bandpass_n20004_cV2_independent_rms_s0: 39240/68440 cells
eval full bandpass_n20004_cV2_electrode_s20: 39280/68440 cells
eval full bandpass_n20004_cV2_electrode_s15: 39320/68440 cells
eval full bandpass_n20004_cV2_electrode_s10: 39360/68440 cells
eval full bandpass_n20004_cV2_electrode_s5: 39400/68440 cells
eval full bandpass_n20004_cV2_electrode_s0: 39440/68440 cells
eval full bandpass_n20004_cV2_covariance_s20: 39480/68440 cells
eval full bandpass_n20004_cV2_covariance_s15: 39520/68440 cells
eval full bandpass_n20004_cV2_covariance_s10: 39560/68440 cells
eval full bandpass_n20004_cV2_covariance_s5: 39600/68440 cells
eval full bandpass_n20004_cV2_covariance_s0: 39640/68440 cells
eval full bandpass_n20004_cV3_independent_rms_s20: 39680/68440 cells
eval full bandpass_n20004_cV3_independent_rms_s15: 39720/68440 cells
eval full bandpass_n20004_cV3_independent_rms_s10: 39760/68440 cells
eval full bandpass_n20004_cV3_independent_rms_s5: 39800/68440 cells
eval full bandpass_n20004_cV3_independent_rms_s0: 39840/68440 cells
eval full bandpass_n20004_cV3_electrode_s20: 39880/68440 cells
eval full bandpass_n20004_cV3_electrode_s15: 39920/68440 cells
eval full bandpass_n20004_cV3_electrode_s10: 39960/68440 cells
eval full bandpass_n20004_cV3_electrode_s5: 40000/68440 cells
eval full bandpass_n20004_cV3_electrode_s0: 40040/68440 cells
eval full bandpass_n20004_cV3_covariance_s20: 40080/68440 cells
eval full bandpass_n20004_cV3_covariance_s15: 40120/68440 cells
eval full bandpass_n20004_cV3_covariance_s10: 40160/68440 cells
eval full bandpass_n20004_cV3_covariance_s5: 40200/68440 cells
eval full bandpass_n20004_cV3_covariance_s0: 40240/68440 cells
eval full bandpass_n20004_cV4_independent_rms_s20: 40280/68440 cells
eval full bandpass_n20004_cV4_independent_rms_s15: 40320/68440 cells
eval full bandpass_n20004_cV4_independent_rms_s10: 40360/68440 cells
eval full bandpass_n20004_cV4_independent_rms_s5: 40400/68440 cells
eval full bandpass_n20004_cV4_independent_rms_s0: 40440/68440 cells
eval full bandpass_n20004_cV4_electrode_s20: 40480/68440 cells
eval full bandpass_n20004_cV4_electrode_s15: 40520/68440 cells
eval full bandpass_n20004_cV4_electrode_s10: 40560/68440 cells
eval full bandpass_n20004_cV4_electrode_s5: 40600/68440 cells
eval full bandpass_n20004_cV4_electrode_s0: 40640/68440 cells
eval full bandpass_n20004_cV4_covariance_s20: 40680/68440 cells
eval full bandpass_n20004_cV4_covariance_s15: 40720/68440 cells
eval full bandpass_n20004_cV4_covariance_s10: 40760/68440 cells
eval full bandpass_n20004_cV4_covariance_s5: 40800/68440 cells
eval full bandpass_n20004_cV4_covariance_s0: 40840/68440 cells
eval full bandpass_n20004_cV5_independent_rms_s20: 40880/68440 cells
eval full bandpass_n20004_cV5_independent_rms_s15: 40920/68440 cells
eval full bandpass_n20004_cV5_independent_rms_s10: 40960/68440 cells
eval full bandpass_n20004_cV5_independent_rms_s5: 41000/68440 cells
eval full bandpass_n20004_cV5_independent_rms_s0: 41040/68440 cells
eval full bandpass_n20004_cV5_electrode_s20: 41080/68440 cells
eval full bandpass_n20004_cV5_electrode_s15: 41120/68440 cells
eval full bandpass_n20004_cV5_electrode_s10: 41160/68440 cells
eval full bandpass_n20004_cV5_electrode_s5: 41200/68440 cells
eval full bandpass_n20004_cV5_electrode_s0: 41240/68440 cells
eval full bandpass_n20004_cV5_covariance_s20: 41280/68440 cells
eval full bandpass_n20004_cV5_covariance_s15: 41320/68440 cells
eval full bandpass_n20004_cV5_covariance_s10: 41360/68440 cells
eval full bandpass_n20004_cV5_covariance_s5: 41400/68440 cells
eval full bandpass_n20004_cV5_covariance_s0: 41440/68440 cells
eval full bandpass_n20004_cV6_independent_rms_s20: 41480/68440 cells
eval full bandpass_n20004_cV6_independent_rms_s15: 41520/68440 cells
eval full bandpass_n20004_cV6_independent_rms_s10: 41560/68440 cells
eval full bandpass_n20004_cV6_independent_rms_s5: 41600/68440 cells
eval full bandpass_n20004_cV6_independent_rms_s0: 41640/68440 cells
eval full bandpass_n20004_cV6_electrode_s20: 41680/68440 cells
eval full bandpass_n20004_cV6_electrode_s15: 41720/68440 cells
eval full bandpass_n20004_cV6_electrode_s10: 41760/68440 cells
eval full bandpass_n20004_cV6_electrode_s5: 41800/68440 cells
eval full bandpass_n20004_cV6_electrode_s0: 41840/68440 cells
eval full bandpass_n20004_cV6_covariance_s20: 41880/68440 cells
eval full bandpass_n20004_cV6_covariance_s15: 41920/68440 cells
eval full bandpass_n20004_cV6_covariance_s10: 41960/68440 cells
eval full bandpass_n20004_cV6_covariance_s5: 42000/68440 cells
eval full bandpass_n20004_cV6_covariance_s0: 42040/68440 cells
eval full bandpass_n20004_cRA_LA_independent_rms_s20: 42080/68440 cells
eval full bandpass_n20004_cRA_LA_independent_rms_s15: 42120/68440 cells
eval full bandpass_n20004_cRA_LA_independent_rms_s10: 42160/68440 cells
eval full bandpass_n20004_cRA_LA_independent_rms_s5: 42200/68440 cells
eval full bandpass_n20004_cRA_LA_independent_rms_s0: 42240/68440 cells
eval full bandpass_n20004_cRA_LA_electrode_s20: 42280/68440 cells
eval full bandpass_n20004_cRA_LA_electrode_s15: 42320/68440 cells
eval full bandpass_n20004_cRA_LA_electrode_s10: 42360/68440 cells
eval full bandpass_n20004_cRA_LA_electrode_s5: 42400/68440 cells
eval full bandpass_n20004_cRA_LA_electrode_s0: 42440/68440 cells
eval full bandpass_n20004_cRA_LA_covariance_s20: 42480/68440 cells
eval full bandpass_n20004_cRA_LA_covariance_s15: 42520/68440 cells
eval full bandpass_n20004_cRA_LA_covariance_s10: 42560/68440 cells
eval full bandpass_n20004_cRA_LA_covariance_s5: 42600/68440 cells
eval full bandpass_n20004_cRA_LA_covariance_s0: 42640/68440 cells
eval full bandpass_n20004_cLA_LL_independent_rms_s20: 42680/68440 cells
eval full bandpass_n20004_cLA_LL_independent_rms_s15: 42720/68440 cells
eval full bandpass_n20004_cLA_LL_independent_rms_s10: 42760/68440 cells
eval full bandpass_n20004_cLA_LL_independent_rms_s5: 42800/68440 cells
eval full bandpass_n20004_cLA_LL_independent_rms_s0: 42840/68440 cells
eval full bandpass_n20004_cLA_LL_electrode_s20: 42880/68440 cells
eval full bandpass_n20004_cLA_LL_electrode_s15: 42920/68440 cells
eval full bandpass_n20004_cLA_LL_electrode_s10: 42960/68440 cells
eval full bandpass_n20004_cLA_LL_electrode_s5: 43000/68440 cells
eval full bandpass_n20004_cLA_LL_electrode_s0: 43040/68440 cells
eval full bandpass_n20004_cLA_LL_covariance_s20: 43080/68440 cells
eval full bandpass_n20004_cLA_LL_covariance_s15: 43120/68440 cells
eval full bandpass_n20004_cLA_LL_covariance_s10: 43160/68440 cells
eval full bandpass_n20004_cLA_LL_covariance_s5: 43200/68440 cells
eval full bandpass_n20004_cLA_LL_covariance_s0: 43240/68440 cells
eval full bandpass_n20004_cRA_LL_independent_rms_s20: 43280/68440 cells
eval full bandpass_n20004_cRA_LL_independent_rms_s15: 43320/68440 cells
eval full bandpass_n20004_cRA_LL_independent_rms_s10: 43360/68440 cells
eval full bandpass_n20004_cRA_LL_independent_rms_s5: 43400/68440 cells
eval full bandpass_n20004_cRA_LL_independent_rms_s0: 43440/68440 cells
eval full bandpass_n20004_cRA_LL_electrode_s20: 43480/68440 cells
eval full bandpass_n20004_cRA_LL_electrode_s15: 43520/68440 cells
eval full bandpass_n20004_cRA_LL_electrode_s10: 43560/68440 cells
eval full bandpass_n20004_cRA_LL_electrode_s5: 43600/68440 cells
eval full bandpass_n20004_cRA_LL_electrode_s0: 43640/68440 cells
eval full bandpass_n20004_cRA_LL_covariance_s20: 43680/68440 cells
eval full bandpass_n20004_cRA_LL_covariance_s15: 43720/68440 cells
eval full bandpass_n20004_cRA_LL_covariance_s10: 43760/68440 cells
eval full bandpass_n20004_cRA_LL_covariance_s5: 43800/68440 cells
eval full bandpass_n20004_cRA_LL_covariance_s0: 43840/68440 cells
eval full bandpass_n20004_cRA_independent_rms_s20: 43880/68440 cells
eval full bandpass_n20004_cRA_independent_rms_s15: 43920/68440 cells
eval full bandpass_n20004_cRA_independent_rms_s10: 43960/68440 cells
eval full bandpass_n20004_cRA_independent_rms_s5: 44000/68440 cells
eval full bandpass_n20004_cRA_independent_rms_s0: 44040/68440 cells
eval full bandpass_n20004_cRA_electrode_s20: 44080/68440 cells
eval full bandpass_n20004_cRA_electrode_s15: 44120/68440 cells
eval full bandpass_n20004_cRA_electrode_s10: 44160/68440 cells
eval full bandpass_n20004_cRA_electrode_s5: 44200/68440 cells
eval full bandpass_n20004_cRA_electrode_s0: 44240/68440 cells
eval full bandpass_n20004_cRA_covariance_s20: 44280/68440 cells
eval full bandpass_n20004_cRA_covariance_s15: 44320/68440 cells
eval full bandpass_n20004_cRA_covariance_s10: 44360/68440 cells
eval full bandpass_n20004_cRA_covariance_s5: 44400/68440 cells
eval full bandpass_n20004_cRA_covariance_s0: 44440/68440 cells
eval full bandpass_n20004_cLA_independent_rms_s20: 44480/68440 cells
eval full bandpass_n20004_cLA_independent_rms_s15: 44520/68440 cells
eval full bandpass_n20004_cLA_independent_rms_s10: 44560/68440 cells
eval full bandpass_n20004_cLA_independent_rms_s5: 44600/68440 cells
eval full bandpass_n20004_cLA_independent_rms_s0: 44640/68440 cells
eval full bandpass_n20004_cLA_electrode_s20: 44680/68440 cells
eval full bandpass_n20004_cLA_electrode_s15: 44720/68440 cells
eval full bandpass_n20004_cLA_electrode_s10: 44760/68440 cells
eval full bandpass_n20004_cLA_electrode_s5: 44800/68440 cells
eval full bandpass_n20004_cLA_electrode_s0: 44840/68440 cells
eval full bandpass_n20004_cLA_covariance_s20: 44880/68440 cells
eval full bandpass_n20004_cLA_covariance_s15: 44920/68440 cells
eval full bandpass_n20004_cLA_covariance_s10: 44960/68440 cells
eval full bandpass_n20004_cLA_covariance_s5: 45000/68440 cells
eval full bandpass_n20004_cLA_covariance_s0: 45040/68440 cells
eval full bandpass_n20004_cLL_independent_rms_s20: 45080/68440 cells
eval full bandpass_n20004_cLL_independent_rms_s15: 45120/68440 cells
eval full bandpass_n20004_cLL_independent_rms_s10: 45160/68440 cells
eval full bandpass_n20004_cLL_independent_rms_s5: 45200/68440 cells
eval full bandpass_n20004_cLL_independent_rms_s0: 45240/68440 cells
eval full bandpass_n20004_cLL_electrode_s20: 45280/68440 cells
eval full bandpass_n20004_cLL_electrode_s15: 45320/68440 cells
eval full bandpass_n20004_cLL_electrode_s10: 45360/68440 cells
eval full bandpass_n20004_cLL_electrode_s5: 45400/68440 cells
eval full bandpass_n20004_cLL_electrode_s0: 45440/68440 cells
eval full bandpass_n20004_cLL_covariance_s20: 45480/68440 cells
eval full bandpass_n20004_cLL_covariance_s15: 45520/68440 cells
eval full bandpass_n20004_cLL_covariance_s10: 45560/68440 cells
eval full bandpass_n20004_cLL_covariance_s5: 45600/68440 cells
eval full bandpass_n20004_cLL_covariance_s0: 45640/68440 cells
eval full bandpass_n20004_cRA_V1_independent_rms_s20: 45680/68440 cells
eval full bandpass_n20004_cRA_V1_independent_rms_s15: 45720/68440 cells
eval full bandpass_n20004_cRA_V1_independent_rms_s10: 45760/68440 cells
eval full bandpass_n20004_cRA_V1_independent_rms_s5: 45800/68440 cells
eval full bandpass_n20004_cRA_V1_independent_rms_s0: 45840/68440 cells
eval full bandpass_n20004_cRA_V1_electrode_s20: 45880/68440 cells
eval full bandpass_n20004_cRA_V1_electrode_s15: 45920/68440 cells
eval full bandpass_n20004_cRA_V1_electrode_s10: 45960/68440 cells
eval full bandpass_n20004_cRA_V1_electrode_s5: 46000/68440 cells
eval full bandpass_n20004_cRA_V1_electrode_s0: 46040/68440 cells
eval full bandpass_n20004_cRA_V1_covariance_s20: 46080/68440 cells
eval full bandpass_n20004_cRA_V1_covariance_s15: 46120/68440 cells
eval full bandpass_n20004_cRA_V1_covariance_s10: 46160/68440 cells
eval full bandpass_n20004_cRA_V1_covariance_s5: 46200/68440 cells
eval full bandpass_n20004_cRA_V1_covariance_s0: 46240/68440 cells
eval full bandpass_n20004_cLA_V6_independent_rms_s20: 46280/68440 cells
eval full bandpass_n20004_cLA_V6_independent_rms_s15: 46320/68440 cells
eval full bandpass_n20004_cLA_V6_independent_rms_s10: 46360/68440 cells
eval full bandpass_n20004_cLA_V6_independent_rms_s5: 46400/68440 cells
eval full bandpass_n20004_cLA_V6_independent_rms_s0: 46440/68440 cells
eval full bandpass_n20004_cLA_V6_electrode_s20: 46480/68440 cells
eval full bandpass_n20004_cLA_V6_electrode_s15: 46520/68440 cells
eval full bandpass_n20004_cLA_V6_electrode_s10: 46560/68440 cells
eval full bandpass_n20004_cLA_V6_electrode_s5: 46600/68440 cells
eval full bandpass_n20004_cLA_V6_electrode_s0: 46640/68440 cells
eval full bandpass_n20004_cLA_V6_covariance_s20: 46680/68440 cells
eval full bandpass_n20004_cLA_V6_covariance_s15: 46720/68440 cells
eval full bandpass_n20004_cLA_V6_covariance_s10: 46760/68440 cells
eval full bandpass_n20004_cLA_V6_covariance_s5: 46800/68440 cells
eval full bandpass_n20004_cLA_V6_covariance_s0: 46840/68440 cells
eval full bandpass_n20004_cLL_V4_independent_rms_s20: 46880/68440 cells
eval full bandpass_n20004_cLL_V4_independent_rms_s15: 46920/68440 cells
eval full bandpass_n20004_cLL_V4_independent_rms_s10: 46960/68440 cells
eval full bandpass_n20004_cLL_V4_independent_rms_s5: 47000/68440 cells
eval full bandpass_n20004_cLL_V4_independent_rms_s0: 47040/68440 cells
eval full bandpass_n20004_cLL_V4_electrode_s20: 47080/68440 cells
eval full bandpass_n20004_cLL_V4_electrode_s15: 47120/68440 cells
eval full bandpass_n20004_cLL_V4_electrode_s10: 47160/68440 cells
eval full bandpass_n20004_cLL_V4_electrode_s5: 47200/68440 cells
eval full bandpass_n20004_cLL_V4_electrode_s0: 47240/68440 cells
eval full bandpass_n20004_cLL_V4_covariance_s20: 47280/68440 cells
eval full bandpass_n20004_cLL_V4_covariance_s15: 47320/68440 cells
eval full bandpass_n20004_cLL_V4_covariance_s10: 47360/68440 cells
eval full bandpass_n20004_cLL_V4_covariance_s5: 47400/68440 cells
eval full bandpass_n20004_cLL_V4_covariance_s0: 47440/68440 cells
eval full bandpass_n20004_cRA_LA_V1_V6_independent_rms_s20: 47480/68440 cells
eval full bandpass_n20004_cRA_LA_V1_V6_independent_rms_s15: 47520/68440 cells
eval full bandpass_n20004_cRA_LA_V1_V6_independent_rms_s10: 47560/68440 cells
eval full bandpass_n20004_cRA_LA_V1_V6_independent_rms_s5: 47600/68440 cells
eval full bandpass_n20004_cRA_LA_V1_V6_independent_rms_s0: 47640/68440 cells
eval full bandpass_n20004_cRA_LA_V1_V6_electrode_s20: 47680/68440 cells
eval full bandpass_n20004_cRA_LA_V1_V6_electrode_s15: 47720/68440 cells
eval full bandpass_n20004_cRA_LA_V1_V6_electrode_s10: 47760/68440 cells
eval full bandpass_n20004_cRA_LA_V1_V6_electrode_s5: 47800/68440 cells
eval full bandpass_n20004_cRA_LA_V1_V6_electrode_s0: 47840/68440 cells
eval full bandpass_n20004_cRA_LA_V1_V6_covariance_s20: 47880/68440 cells
eval full bandpass_n20004_cRA_LA_V1_V6_covariance_s15: 47920/68440 cells
eval full bandpass_n20004_cRA_LA_V1_V6_covariance_s10: 47960/68440 cells
eval full bandpass_n20004_cRA_LA_V1_V6_covariance_s5: 48000/68440 cells
eval full bandpass_n20004_cRA_LA_V1_V6_covariance_s0: 48040/68440 cells
eval full bandpass_n20004_cRA_V2_V5_independent_rms_s20: 48080/68440 cells
eval full bandpass_n20004_cRA_V2_V5_independent_rms_s15: 48120/68440 cells
eval full bandpass_n20004_cRA_V2_V5_independent_rms_s10: 48160/68440 cells
eval full bandpass_n20004_cRA_V2_V5_independent_rms_s5: 48200/68440 cells
eval full bandpass_n20004_cRA_V2_V5_independent_rms_s0: 48240/68440 cells
eval full bandpass_n20004_cRA_V2_V5_electrode_s20: 48280/68440 cells
eval full bandpass_n20004_cRA_V2_V5_electrode_s15: 48320/68440 cells
eval full bandpass_n20004_cRA_V2_V5_electrode_s10: 48360/68440 cells
eval full bandpass_n20004_cRA_V2_V5_electrode_s5: 48400/68440 cells
eval full bandpass_n20004_cRA_V2_V5_electrode_s0: 48440/68440 cells
eval full bandpass_n20004_cRA_V2_V5_covariance_s20: 48480/68440 cells
eval full bandpass_n20004_cRA_V2_V5_covariance_s15: 48520/68440 cells
eval full bandpass_n20004_cRA_V2_V5_covariance_s10: 48560/68440 cells
eval full bandpass_n20004_cRA_V2_V5_covariance_s5: 48600/68440 cells
eval full bandpass_n20004_cRA_V2_V5_covariance_s0: 48640/68440 cells
eval full bandpass_n20004_cLA_V3_V6_independent_rms_s20: 48680/68440 cells
eval full bandpass_n20004_cLA_V3_V6_independent_rms_s15: 48720/68440 cells
eval full bandpass_n20004_cLA_V3_V6_independent_rms_s10: 48760/68440 cells
eval full bandpass_n20004_cLA_V3_V6_independent_rms_s5: 48800/68440 cells
eval full bandpass_n20004_cLA_V3_V6_independent_rms_s0: 48840/68440 cells
eval full bandpass_n20004_cLA_V3_V6_electrode_s20: 48880/68440 cells
eval full bandpass_n20004_cLA_V3_V6_electrode_s15: 48920/68440 cells
eval full bandpass_n20004_cLA_V3_V6_electrode_s10: 48960/68440 cells
eval full bandpass_n20004_cLA_V3_V6_electrode_s5: 49000/68440 cells
eval full bandpass_n20004_cLA_V3_V6_electrode_s0: 49040/68440 cells
eval full bandpass_n20004_cLA_V3_V6_covariance_s20: 49080/68440 cells
eval full bandpass_n20004_cLA_V3_V6_covariance_s15: 49120/68440 cells
eval full bandpass_n20004_cLA_V3_V6_covariance_s10: 49160/68440 cells
eval full bandpass_n20004_cLA_V3_V6_covariance_s5: 49200/68440 cells
eval full bandpass_n20004_cLA_V3_V6_covariance_s0: 49240/68440 cells
eval full bandpass_n20004_cLL_V1_V4_independent_rms_s20: 49280/68440 cells
eval full bandpass_n20004_cLL_V1_V4_independent_rms_s15: 49320/68440 cells
eval full bandpass_n20004_cLL_V1_V4_independent_rms_s10: 49360/68440 cells
eval full bandpass_n20004_cLL_V1_V4_independent_rms_s5: 49400/68440 cells
eval full bandpass_n20004_cLL_V1_V4_independent_rms_s0: 49440/68440 cells
eval full bandpass_n20004_cLL_V1_V4_electrode_s20: 49480/68440 cells
eval full bandpass_n20004_cLL_V1_V4_electrode_s15: 49520/68440 cells
eval full bandpass_n20004_cLL_V1_V4_electrode_s10: 49560/68440 cells
eval full bandpass_n20004_cLL_V1_V4_electrode_s5: 49600/68440 cells
eval full bandpass_n20004_cLL_V1_V4_electrode_s0: 49640/68440 cells
eval full bandpass_n20004_cLL_V1_V4_covariance_s20: 49680/68440 cells
eval full bandpass_n20004_cLL_V1_V4_covariance_s15: 49720/68440 cells
eval full bandpass_n20004_cLL_V1_V4_covariance_s10: 49760/68440 cells
eval full bandpass_n20004_cLL_V1_V4_covariance_s5: 49800/68440 cells
eval full bandpass_n20004_cLL_V1_V4_covariance_s0: 49840/68440 cells
eval full bandpass_n20004_call_independent_rms_s20: 49880/68440 cells
eval full bandpass_n20004_call_independent_rms_s15: 49920/68440 cells
eval full bandpass_n20004_call_independent_rms_s10: 49960/68440 cells
eval full bandpass_n20004_call_independent_rms_s5: 50000/68440 cells
eval full bandpass_n20004_call_independent_rms_s0: 50040/68440 cells
eval full bandpass_n20004_call_electrode_s20: 50080/68440 cells
eval full bandpass_n20004_call_electrode_s15: 50120/68440 cells
eval full bandpass_n20004_call_electrode_s10: 50160/68440 cells
eval full bandpass_n20004_call_electrode_s5: 50200/68440 cells
eval full bandpass_n20004_call_electrode_s0: 50240/68440 cells
eval full bandpass_n20004_call_covariance_s20: 50280/68440 cells
eval full bandpass_n20004_call_covariance_s15: 50320/68440 cells
eval full bandpass_n20004_call_covariance_s10: 50360/68440 cells
eval full bandpass_n20004_call_covariance_s5: 50400/68440 cells
eval full bandpass_n20004_call_covariance_s0: 50440/68440 cells
eval full bandpass_n20005_cRA_LA_LL_independent_rms_s20: 50480/68440 cells
eval full bandpass_n20005_cRA_LA_LL_independent_rms_s15: 50520/68440 cells
eval full bandpass_n20005_cRA_LA_LL_independent_rms_s10: 50560/68440 cells
eval full bandpass_n20005_cRA_LA_LL_independent_rms_s5: 50600/68440 cells
eval full bandpass_n20005_cRA_LA_LL_independent_rms_s0: 50640/68440 cells
eval full bandpass_n20005_cRA_LA_LL_electrode_s20: 50680/68440 cells
eval full bandpass_n20005_cRA_LA_LL_electrode_s15: 50720/68440 cells
eval full bandpass_n20005_cRA_LA_LL_electrode_s10: 50760/68440 cells
eval full bandpass_n20005_cRA_LA_LL_electrode_s5: 50800/68440 cells
eval full bandpass_n20005_cRA_LA_LL_electrode_s0: 50840/68440 cells
eval full bandpass_n20005_cRA_LA_LL_covariance_s20: 50880/68440 cells
eval full bandpass_n20005_cRA_LA_LL_covariance_s15: 50920/68440 cells
eval full bandpass_n20005_cRA_LA_LL_covariance_s10: 50960/68440 cells
eval full bandpass_n20005_cRA_LA_LL_covariance_s5: 51000/68440 cells
eval full bandpass_n20005_cRA_LA_LL_covariance_s0: 51040/68440 cells
eval full bandpass_n20005_cV1_independent_rms_s20: 51080/68440 cells
eval full bandpass_n20005_cV1_independent_rms_s15: 51120/68440 cells
eval full bandpass_n20005_cV1_independent_rms_s10: 51160/68440 cells
eval full bandpass_n20005_cV1_independent_rms_s5: 51200/68440 cells
eval full bandpass_n20005_cV1_independent_rms_s0: 51240/68440 cells
eval full bandpass_n20005_cV1_electrode_s20: 51280/68440 cells
eval full bandpass_n20005_cV1_electrode_s15: 51320/68440 cells
eval full bandpass_n20005_cV1_electrode_s10: 51360/68440 cells
eval full bandpass_n20005_cV1_electrode_s5: 51400/68440 cells
eval full bandpass_n20005_cV1_electrode_s0: 51440/68440 cells
eval full bandpass_n20005_cV1_covariance_s20: 51480/68440 cells
eval full bandpass_n20005_cV1_covariance_s15: 51520/68440 cells
eval full bandpass_n20005_cV1_covariance_s10: 51560/68440 cells
eval full bandpass_n20005_cV1_covariance_s5: 51600/68440 cells
eval full bandpass_n20005_cV1_covariance_s0: 51640/68440 cells
eval full bandpass_n20005_cV2_independent_rms_s20: 51680/68440 cells
eval full bandpass_n20005_cV2_independent_rms_s15: 51720/68440 cells
eval full bandpass_n20005_cV2_independent_rms_s10: 51760/68440 cells
eval full bandpass_n20005_cV2_independent_rms_s5: 51800/68440 cells
eval full bandpass_n20005_cV2_independent_rms_s0: 51840/68440 cells
eval full bandpass_n20005_cV2_electrode_s20: 51880/68440 cells
eval full bandpass_n20005_cV2_electrode_s15: 51920/68440 cells
eval full bandpass_n20005_cV2_electrode_s10: 51960/68440 cells
eval full bandpass_n20005_cV2_electrode_s5: 52000/68440 cells
eval full bandpass_n20005_cV2_electrode_s0: 52040/68440 cells
eval full bandpass_n20005_cV2_covariance_s20: 52080/68440 cells
eval full bandpass_n20005_cV2_covariance_s15: 52120/68440 cells
eval full bandpass_n20005_cV2_covariance_s10: 52160/68440 cells
eval full bandpass_n20005_cV2_covariance_s5: 52200/68440 cells
eval full bandpass_n20005_cV2_covariance_s0: 52240/68440 cells
eval full bandpass_n20005_cV3_independent_rms_s20: 52280/68440 cells
eval full bandpass_n20005_cV3_independent_rms_s15: 52320/68440 cells
eval full bandpass_n20005_cV3_independent_rms_s10: 52360/68440 cells
eval full bandpass_n20005_cV3_independent_rms_s5: 52400/68440 cells
eval full bandpass_n20005_cV3_independent_rms_s0: 52440/68440 cells
eval full bandpass_n20005_cV3_electrode_s20: 52480/68440 cells
eval full bandpass_n20005_cV3_electrode_s15: 52520/68440 cells
eval full bandpass_n20005_cV3_electrode_s10: 52560/68440 cells
eval full bandpass_n20005_cV3_electrode_s5: 52600/68440 cells
eval full bandpass_n20005_cV3_electrode_s0: 52640/68440 cells
eval full bandpass_n20005_cV3_covariance_s20: 52680/68440 cells
eval full bandpass_n20005_cV3_covariance_s15: 52720/68440 cells
eval full bandpass_n20005_cV3_covariance_s10: 52760/68440 cells
eval full bandpass_n20005_cV3_covariance_s5: 52800/68440 cells
eval full bandpass_n20005_cV3_covariance_s0: 52840/68440 cells
eval full bandpass_n20005_cV4_independent_rms_s20: 52880/68440 cells
eval full bandpass_n20005_cV4_independent_rms_s15: 52920/68440 cells
eval full bandpass_n20005_cV4_independent_rms_s10: 52960/68440 cells
eval full bandpass_n20005_cV4_independent_rms_s5: 53000/68440 cells
eval full bandpass_n20005_cV4_independent_rms_s0: 53040/68440 cells
eval full bandpass_n20005_cV4_electrode_s20: 53080/68440 cells
eval full bandpass_n20005_cV4_electrode_s15: 53120/68440 cells
eval full bandpass_n20005_cV4_electrode_s10: 53160/68440 cells
eval full bandpass_n20005_cV4_electrode_s5: 53200/68440 cells
eval full bandpass_n20005_cV4_electrode_s0: 53240/68440 cells
eval full bandpass_n20005_cV4_covariance_s20: 53280/68440 cells
eval full bandpass_n20005_cV4_covariance_s15: 53320/68440 cells
eval full bandpass_n20005_cV4_covariance_s10: 53360/68440 cells
eval full bandpass_n20005_cV4_covariance_s5: 53400/68440 cells
eval full bandpass_n20005_cV4_covariance_s0: 53440/68440 cells
eval full bandpass_n20005_cV5_independent_rms_s20: 53480/68440 cells
eval full bandpass_n20005_cV5_independent_rms_s15: 53520/68440 cells
eval full bandpass_n20005_cV5_independent_rms_s10: 53560/68440 cells
eval full bandpass_n20005_cV5_independent_rms_s5: 53600/68440 cells
eval full bandpass_n20005_cV5_independent_rms_s0: 53640/68440 cells
eval full bandpass_n20005_cV5_electrode_s20: 53680/68440 cells
eval full bandpass_n20005_cV5_electrode_s15: 53720/68440 cells
eval full bandpass_n20005_cV5_electrode_s10: 53760/68440 cells
eval full bandpass_n20005_cV5_electrode_s5: 53800/68440 cells
eval full bandpass_n20005_cV5_electrode_s0: 53840/68440 cells
eval full bandpass_n20005_cV5_covariance_s20: 53880/68440 cells
eval full bandpass_n20005_cV5_covariance_s15: 53920/68440 cells
eval full bandpass_n20005_cV5_covariance_s10: 53960/68440 cells
eval full bandpass_n20005_cV5_covariance_s5: 54000/68440 cells
eval full bandpass_n20005_cV5_covariance_s0: 54040/68440 cells
eval full bandpass_n20005_cV6_independent_rms_s20: 54080/68440 cells
eval full bandpass_n20005_cV6_independent_rms_s15: 54120/68440 cells
eval full bandpass_n20005_cV6_independent_rms_s10: 54160/68440 cells
eval full bandpass_n20005_cV6_independent_rms_s5: 54200/68440 cells
eval full bandpass_n20005_cV6_independent_rms_s0: 54240/68440 cells
eval full bandpass_n20005_cV6_electrode_s20: 54280/68440 cells
eval full bandpass_n20005_cV6_electrode_s15: 54320/68440 cells
eval full bandpass_n20005_cV6_electrode_s10: 54360/68440 cells
eval full bandpass_n20005_cV6_electrode_s5: 54400/68440 cells
eval full bandpass_n20005_cV6_electrode_s0: 54440/68440 cells
eval full bandpass_n20005_cV6_covariance_s20: 54480/68440 cells
eval full bandpass_n20005_cV6_covariance_s15: 54520/68440 cells
eval full bandpass_n20005_cV6_covariance_s10: 54560/68440 cells
eval full bandpass_n20005_cV6_covariance_s5: 54600/68440 cells
eval full bandpass_n20005_cV6_covariance_s0: 54640/68440 cells
eval full bandpass_n20005_cRA_LA_independent_rms_s20: 54680/68440 cells
eval full bandpass_n20005_cRA_LA_independent_rms_s15: 54720/68440 cells
eval full bandpass_n20005_cRA_LA_independent_rms_s10: 54760/68440 cells
eval full bandpass_n20005_cRA_LA_independent_rms_s5: 54800/68440 cells
eval full bandpass_n20005_cRA_LA_independent_rms_s0: 54840/68440 cells
eval full bandpass_n20005_cRA_LA_electrode_s20: 54880/68440 cells
eval full bandpass_n20005_cRA_LA_electrode_s15: 54920/68440 cells
eval full bandpass_n20005_cRA_LA_electrode_s10: 54960/68440 cells
eval full bandpass_n20005_cRA_LA_electrode_s5: 55000/68440 cells
eval full bandpass_n20005_cRA_LA_electrode_s0: 55040/68440 cells
eval full bandpass_n20005_cRA_LA_covariance_s20: 55080/68440 cells
eval full bandpass_n20005_cRA_LA_covariance_s15: 55120/68440 cells
eval full bandpass_n20005_cRA_LA_covariance_s10: 55160/68440 cells
eval full bandpass_n20005_cRA_LA_covariance_s5: 55200/68440 cells
eval full bandpass_n20005_cRA_LA_covariance_s0: 55240/68440 cells
eval full bandpass_n20005_cLA_LL_independent_rms_s20: 55280/68440 cells
eval full bandpass_n20005_cLA_LL_independent_rms_s15: 55320/68440 cells
eval full bandpass_n20005_cLA_LL_independent_rms_s10: 55360/68440 cells
eval full bandpass_n20005_cLA_LL_independent_rms_s5: 55400/68440 cells
eval full bandpass_n20005_cLA_LL_independent_rms_s0: 55440/68440 cells
eval full bandpass_n20005_cLA_LL_electrode_s20: 55480/68440 cells
eval full bandpass_n20005_cLA_LL_electrode_s15: 55520/68440 cells
eval full bandpass_n20005_cLA_LL_electrode_s10: 55560/68440 cells
eval full bandpass_n20005_cLA_LL_electrode_s5: 55600/68440 cells
eval full bandpass_n20005_cLA_LL_electrode_s0: 55640/68440 cells
eval full bandpass_n20005_cLA_LL_covariance_s20: 55680/68440 cells
eval full bandpass_n20005_cLA_LL_covariance_s15: 55720/68440 cells
eval full bandpass_n20005_cLA_LL_covariance_s10: 55760/68440 cells
eval full bandpass_n20005_cLA_LL_covariance_s5: 55800/68440 cells
eval full bandpass_n20005_cLA_LL_covariance_s0: 55840/68440 cells
eval full bandpass_n20005_cRA_LL_independent_rms_s20: 55880/68440 cells
eval full bandpass_n20005_cRA_LL_independent_rms_s15: 55920/68440 cells
eval full bandpass_n20005_cRA_LL_independent_rms_s10: 55960/68440 cells
eval full bandpass_n20005_cRA_LL_independent_rms_s5: 56000/68440 cells
eval full bandpass_n20005_cRA_LL_independent_rms_s0: 56040/68440 cells
eval full bandpass_n20005_cRA_LL_electrode_s20: 56080/68440 cells
eval full bandpass_n20005_cRA_LL_electrode_s15: 56120/68440 cells
eval full bandpass_n20005_cRA_LL_electrode_s10: 56160/68440 cells
eval full bandpass_n20005_cRA_LL_electrode_s5: 56200/68440 cells
eval full bandpass_n20005_cRA_LL_electrode_s0: 56240/68440 cells
eval full bandpass_n20005_cRA_LL_covariance_s20: 56280/68440 cells
eval full bandpass_n20005_cRA_LL_covariance_s15: 56320/68440 cells
eval full bandpass_n20005_cRA_LL_covariance_s10: 56360/68440 cells
eval full bandpass_n20005_cRA_LL_covariance_s5: 56400/68440 cells
eval full bandpass_n20005_cRA_LL_covariance_s0: 56440/68440 cells
eval full bandpass_n20005_cRA_independent_rms_s20: 56480/68440 cells
eval full bandpass_n20005_cRA_independent_rms_s15: 56520/68440 cells
eval full bandpass_n20005_cRA_independent_rms_s10: 56560/68440 cells
eval full bandpass_n20005_cRA_independent_rms_s5: 56600/68440 cells
eval full bandpass_n20005_cRA_independent_rms_s0: 56640/68440 cells
eval full bandpass_n20005_cRA_electrode_s20: 56680/68440 cells
eval full bandpass_n20005_cRA_electrode_s15: 56720/68440 cells
eval full bandpass_n20005_cRA_electrode_s10: 56760/68440 cells
eval full bandpass_n20005_cRA_electrode_s5: 56800/68440 cells
eval full bandpass_n20005_cRA_electrode_s0: 56840/68440 cells
eval full bandpass_n20005_cRA_covariance_s20: 56880/68440 cells
eval full bandpass_n20005_cRA_covariance_s15: 56920/68440 cells
eval full bandpass_n20005_cRA_covariance_s10: 56960/68440 cells
eval full bandpass_n20005_cRA_covariance_s5: 57000/68440 cells
eval full bandpass_n20005_cRA_covariance_s0: 57040/68440 cells
eval full bandpass_n20005_cLA_independent_rms_s20: 57080/68440 cells
eval full bandpass_n20005_cLA_independent_rms_s15: 57120/68440 cells
eval full bandpass_n20005_cLA_independent_rms_s10: 57160/68440 cells
eval full bandpass_n20005_cLA_independent_rms_s5: 57200/68440 cells
eval full bandpass_n20005_cLA_independent_rms_s0: 57240/68440 cells
eval full bandpass_n20005_cLA_electrode_s20: 57280/68440 cells
eval full bandpass_n20005_cLA_electrode_s15: 57320/68440 cells
eval full bandpass_n20005_cLA_electrode_s10: 57360/68440 cells
eval full bandpass_n20005_cLA_electrode_s5: 57400/68440 cells
eval full bandpass_n20005_cLA_electrode_s0: 57440/68440 cells
eval full bandpass_n20005_cLA_covariance_s20: 57480/68440 cells
eval full bandpass_n20005_cLA_covariance_s15: 57520/68440 cells
eval full bandpass_n20005_cLA_covariance_s10: 57560/68440 cells
eval full bandpass_n20005_cLA_covariance_s5: 57600/68440 cells
eval full bandpass_n20005_cLA_covariance_s0: 57640/68440 cells
eval full bandpass_n20005_cLL_independent_rms_s20: 57680/68440 cells
eval full bandpass_n20005_cLL_independent_rms_s15: 57720/68440 cells
eval full bandpass_n20005_cLL_independent_rms_s10: 57760/68440 cells
eval full bandpass_n20005_cLL_independent_rms_s5: 57800/68440 cells
eval full bandpass_n20005_cLL_independent_rms_s0: 57840/68440 cells
eval full bandpass_n20005_cLL_electrode_s20: 57880/68440 cells
eval full bandpass_n20005_cLL_electrode_s15: 57920/68440 cells
eval full bandpass_n20005_cLL_electrode_s10: 57960/68440 cells
eval full bandpass_n20005_cLL_electrode_s5: 58000/68440 cells
eval full bandpass_n20005_cLL_electrode_s0: 58040/68440 cells
eval full bandpass_n20005_cLL_covariance_s20: 58080/68440 cells
eval full bandpass_n20005_cLL_covariance_s15: 58120/68440 cells
eval full bandpass_n20005_cLL_covariance_s10: 58160/68440 cells
eval full bandpass_n20005_cLL_covariance_s5: 58200/68440 cells
eval full bandpass_n20005_cLL_covariance_s0: 58240/68440 cells
eval full bandpass_n20005_cRA_V1_independent_rms_s20: 58280/68440 cells
eval full bandpass_n20005_cRA_V1_independent_rms_s15: 58320/68440 cells
eval full bandpass_n20005_cRA_V1_independent_rms_s10: 58360/68440 cells
eval full bandpass_n20005_cRA_V1_independent_rms_s5: 58400/68440 cells
eval full bandpass_n20005_cRA_V1_independent_rms_s0: 58440/68440 cells
eval full bandpass_n20005_cRA_V1_electrode_s20: 58480/68440 cells
eval full bandpass_n20005_cRA_V1_electrode_s15: 58520/68440 cells
eval full bandpass_n20005_cRA_V1_electrode_s10: 58560/68440 cells
eval full bandpass_n20005_cRA_V1_electrode_s5: 58600/68440 cells
eval full bandpass_n20005_cRA_V1_electrode_s0: 58640/68440 cells
eval full bandpass_n20005_cRA_V1_covariance_s20: 58680/68440 cells
eval full bandpass_n20005_cRA_V1_covariance_s15: 58720/68440 cells
eval full bandpass_n20005_cRA_V1_covariance_s10: 58760/68440 cells
eval full bandpass_n20005_cRA_V1_covariance_s5: 58800/68440 cells
eval full bandpass_n20005_cRA_V1_covariance_s0: 58840/68440 cells
eval full bandpass_n20005_cLA_V6_independent_rms_s20: 58880/68440 cells
eval full bandpass_n20005_cLA_V6_independent_rms_s15: 58920/68440 cells
eval full bandpass_n20005_cLA_V6_independent_rms_s10: 58960/68440 cells
eval full bandpass_n20005_cLA_V6_independent_rms_s5: 59000/68440 cells
eval full bandpass_n20005_cLA_V6_independent_rms_s0: 59040/68440 cells
eval full bandpass_n20005_cLA_V6_electrode_s20: 59080/68440 cells
eval full bandpass_n20005_cLA_V6_electrode_s15: 59120/68440 cells
eval full bandpass_n20005_cLA_V6_electrode_s10: 59160/68440 cells
eval full bandpass_n20005_cLA_V6_electrode_s5: 59200/68440 cells
eval full bandpass_n20005_cLA_V6_electrode_s0: 59240/68440 cells
eval full bandpass_n20005_cLA_V6_covariance_s20: 59280/68440 cells
eval full bandpass_n20005_cLA_V6_covariance_s15: 59320/68440 cells
eval full bandpass_n20005_cLA_V6_covariance_s10: 59360/68440 cells
eval full bandpass_n20005_cLA_V6_covariance_s5: 59400/68440 cells
eval full bandpass_n20005_cLA_V6_covariance_s0: 59440/68440 cells
eval full bandpass_n20005_cLL_V4_independent_rms_s20: 59480/68440 cells
eval full bandpass_n20005_cLL_V4_independent_rms_s15: 59520/68440 cells
eval full bandpass_n20005_cLL_V4_independent_rms_s10: 59560/68440 cells
eval full bandpass_n20005_cLL_V4_independent_rms_s5: 59600/68440 cells
eval full bandpass_n20005_cLL_V4_independent_rms_s0: 59640/68440 cells
eval full bandpass_n20005_cLL_V4_electrode_s20: 59680/68440 cells
eval full bandpass_n20005_cLL_V4_electrode_s15: 59720/68440 cells
eval full bandpass_n20005_cLL_V4_electrode_s10: 59760/68440 cells
eval full bandpass_n20005_cLL_V4_electrode_s5: 59800/68440 cells
eval full bandpass_n20005_cLL_V4_electrode_s0: 59840/68440 cells
eval full bandpass_n20005_cLL_V4_covariance_s20: 59880/68440 cells
eval full bandpass_n20005_cLL_V4_covariance_s15: 59920/68440 cells
eval full bandpass_n20005_cLL_V4_covariance_s10: 59960/68440 cells
eval full bandpass_n20005_cLL_V4_covariance_s5: 60000/68440 cells
eval full bandpass_n20005_cLL_V4_covariance_s0: 60040/68440 cells
eval full bandpass_n20005_cRA_LA_V1_V6_independent_rms_s20: 60080/68440 cells
eval full bandpass_n20005_cRA_LA_V1_V6_independent_rms_s15: 60120/68440 cells
eval full bandpass_n20005_cRA_LA_V1_V6_independent_rms_s10: 60160/68440 cells
eval full bandpass_n20005_cRA_LA_V1_V6_independent_rms_s5: 60200/68440 cells
eval full bandpass_n20005_cRA_LA_V1_V6_independent_rms_s0: 60240/68440 cells
eval full bandpass_n20005_cRA_LA_V1_V6_electrode_s20: 60280/68440 cells
eval full bandpass_n20005_cRA_LA_V1_V6_electrode_s15: 60320/68440 cells
eval full bandpass_n20005_cRA_LA_V1_V6_electrode_s10: 60360/68440 cells
eval full bandpass_n20005_cRA_LA_V1_V6_electrode_s5: 60400/68440 cells
eval full bandpass_n20005_cRA_LA_V1_V6_electrode_s0: 60440/68440 cells
eval full bandpass_n20005_cRA_LA_V1_V6_covariance_s20: 60480/68440 cells
eval full bandpass_n20005_cRA_LA_V1_V6_covariance_s15: 60520/68440 cells
eval full bandpass_n20005_cRA_LA_V1_V6_covariance_s10: 60560/68440 cells
eval full bandpass_n20005_cRA_LA_V1_V6_covariance_s5: 60600/68440 cells
eval full bandpass_n20005_cRA_LA_V1_V6_covariance_s0: 60640/68440 cells
eval full bandpass_n20005_cRA_V2_V5_independent_rms_s20: 60680/68440 cells
eval full bandpass_n20005_cRA_V2_V5_independent_rms_s15: 60720/68440 cells
eval full bandpass_n20005_cRA_V2_V5_independent_rms_s10: 60760/68440 cells
eval full bandpass_n20005_cRA_V2_V5_independent_rms_s5: 60800/68440 cells
eval full bandpass_n20005_cRA_V2_V5_independent_rms_s0: 60840/68440 cells
eval full bandpass_n20005_cRA_V2_V5_electrode_s20: 60880/68440 cells
eval full bandpass_n20005_cRA_V2_V5_electrode_s15: 60920/68440 cells
eval full bandpass_n20005_cRA_V2_V5_electrode_s10: 60960/68440 cells
eval full bandpass_n20005_cRA_V2_V5_electrode_s5: 61000/68440 cells
eval full bandpass_n20005_cRA_V2_V5_electrode_s0: 61040/68440 cells
eval full bandpass_n20005_cRA_V2_V5_covariance_s20: 61080/68440 cells
eval full bandpass_n20005_cRA_V2_V5_covariance_s15: 61120/68440 cells
eval full bandpass_n20005_cRA_V2_V5_covariance_s10: 61160/68440 cells
eval full bandpass_n20005_cRA_V2_V5_covariance_s5: 61200/68440 cells
eval full bandpass_n20005_cRA_V2_V5_covariance_s0: 61240/68440 cells
eval full bandpass_n20005_cLA_V3_V6_independent_rms_s20: 61280/68440 cells
eval full bandpass_n20005_cLA_V3_V6_independent_rms_s15: 61320/68440 cells
eval full bandpass_n20005_cLA_V3_V6_independent_rms_s10: 61360/68440 cells
eval full bandpass_n20005_cLA_V3_V6_independent_rms_s5: 61400/68440 cells
eval full bandpass_n20005_cLA_V3_V6_independent_rms_s0: 61440/68440 cells
eval full bandpass_n20005_cLA_V3_V6_electrode_s20: 61480/68440 cells
eval full bandpass_n20005_cLA_V3_V6_electrode_s15: 61520/68440 cells
eval full bandpass_n20005_cLA_V3_V6_electrode_s10: 61560/68440 cells
eval full bandpass_n20005_cLA_V3_V6_electrode_s5: 61600/68440 cells
eval full bandpass_n20005_cLA_V3_V6_electrode_s0: 61640/68440 cells
eval full bandpass_n20005_cLA_V3_V6_covariance_s20: 61680/68440 cells
eval full bandpass_n20005_cLA_V3_V6_covariance_s15: 61720/68440 cells
eval full bandpass_n20005_cLA_V3_V6_covariance_s10: 61760/68440 cells
eval full bandpass_n20005_cLA_V3_V6_covariance_s5: 61800/68440 cells
eval full bandpass_n20005_cLA_V3_V6_covariance_s0: 61840/68440 cells
eval full bandpass_n20005_cLL_V1_V4_independent_rms_s20: 61880/68440 cells
eval full bandpass_n20005_cLL_V1_V4_independent_rms_s15: 61920/68440 cells
eval full bandpass_n20005_cLL_V1_V4_independent_rms_s10: 61960/68440 cells
eval full bandpass_n20005_cLL_V1_V4_independent_rms_s5: 62000/68440 cells
eval full bandpass_n20005_cLL_V1_V4_independent_rms_s0: 62040/68440 cells
eval full bandpass_n20005_cLL_V1_V4_electrode_s20: 62080/68440 cells
eval full bandpass_n20005_cLL_V1_V4_electrode_s15: 62120/68440 cells
eval full bandpass_n20005_cLL_V1_V4_electrode_s10: 62160/68440 cells
eval full bandpass_n20005_cLL_V1_V4_electrode_s5: 62200/68440 cells
eval full bandpass_n20005_cLL_V1_V4_electrode_s0: 62240/68440 cells
eval full bandpass_n20005_cLL_V1_V4_covariance_s20: 62280/68440 cells
eval full bandpass_n20005_cLL_V1_V4_covariance_s15: 62320/68440 cells
eval full bandpass_n20005_cLL_V1_V4_covariance_s10: 62360/68440 cells
eval full bandpass_n20005_cLL_V1_V4_covariance_s5: 62400/68440 cells
eval full bandpass_n20005_cLL_V1_V4_covariance_s0: 62440/68440 cells
eval full bandpass_n20005_call_independent_rms_s20: 62480/68440 cells
eval full bandpass_n20005_call_independent_rms_s15: 62520/68440 cells
eval full bandpass_n20005_call_independent_rms_s10: 62560/68440 cells
eval full bandpass_n20005_call_independent_rms_s5: 62600/68440 cells
eval full bandpass_n20005_call_independent_rms_s0: 62640/68440 cells
eval full bandpass_n20005_call_electrode_s20: 62680/68440 cells
eval full bandpass_n20005_call_electrode_s15: 62720/68440 cells
eval full bandpass_n20005_call_electrode_s10: 62760/68440 cells
eval full bandpass_n20005_call_electrode_s5: 62800/68440 cells
eval full bandpass_n20005_call_electrode_s0: 62840/68440 cells
eval full bandpass_n20005_call_covariance_s20: 62880/68440 cells
eval full bandpass_n20005_call_covariance_s15: 62920/68440 cells
eval full bandpass_n20005_call_covariance_s10: 62960/68440 cells
eval full bandpass_n20005_call_covariance_s5: 63000/68440 cells
eval full bandpass_n20005_call_covariance_s0: 63040/68440 cells
eval full bw_n20001_call_independent_rms_s20: 63080/68440 cells
eval full bw_n20001_call_independent_rms_s10: 63120/68440 cells
eval full bw_n20001_call_independent_rms_s0: 63160/68440 cells
eval full bw_n20001_call_electrode_s20: 63200/68440 cells
eval full bw_n20001_call_electrode_s10: 63240/68440 cells
eval full bw_n20001_call_electrode_s0: 63280/68440 cells
eval full bw_n20001_call_covariance_s20: 63320/68440 cells
eval full bw_n20001_call_covariance_s10: 63360/68440 cells
eval full bw_n20001_call_covariance_s0: 63400/68440 cells
eval full bw_n20002_call_independent_rms_s20: 63440/68440 cells
eval full bw_n20002_call_independent_rms_s10: 63480/68440 cells
eval full bw_n20002_call_independent_rms_s0: 63520/68440 cells
eval full bw_n20002_call_electrode_s20: 63560/68440 cells
eval full bw_n20002_call_electrode_s10: 63600/68440 cells
eval full bw_n20002_call_electrode_s0: 63640/68440 cells
eval full bw_n20002_call_covariance_s20: 63680/68440 cells
eval full bw_n20002_call_covariance_s10: 63720/68440 cells
eval full bw_n20002_call_covariance_s0: 63760/68440 cells
eval full bw_n20003_call_independent_rms_s20: 63800/68440 cells
eval full bw_n20003_call_independent_rms_s10: 63840/68440 cells
eval full bw_n20003_call_independent_rms_s0: 63880/68440 cells
eval full bw_n20003_call_electrode_s20: 63920/68440 cells
eval full bw_n20003_call_electrode_s10: 63960/68440 cells
eval full bw_n20003_call_electrode_s0: 64000/68440 cells
eval full bw_n20003_call_covariance_s20: 64040/68440 cells
eval full bw_n20003_call_covariance_s10: 64080/68440 cells
eval full bw_n20003_call_covariance_s0: 64120/68440 cells
eval full bw_n20004_call_independent_rms_s20: 64160/68440 cells
eval full bw_n20004_call_independent_rms_s10: 64200/68440 cells
eval full bw_n20004_call_independent_rms_s0: 64240/68440 cells
eval full bw_n20004_call_electrode_s20: 64280/68440 cells
eval full bw_n20004_call_electrode_s10: 64320/68440 cells
eval full bw_n20004_call_electrode_s0: 64360/68440 cells
eval full bw_n20004_call_covariance_s20: 64400/68440 cells
eval full bw_n20004_call_covariance_s10: 64440/68440 cells
eval full bw_n20004_call_covariance_s0: 64480/68440 cells
eval full bw_n20005_call_independent_rms_s20: 64520/68440 cells
eval full bw_n20005_call_independent_rms_s10: 64560/68440 cells
eval full bw_n20005_call_independent_rms_s0: 64600/68440 cells
eval full bw_n20005_call_electrode_s20: 64640/68440 cells
eval full bw_n20005_call_electrode_s10: 64680/68440 cells
eval full bw_n20005_call_electrode_s0: 64720/68440 cells
eval full bw_n20005_call_covariance_s20: 64760/68440 cells
eval full bw_n20005_call_covariance_s10: 64800/68440 cells
eval full bw_n20005_call_covariance_s0: 64840/68440 cells
eval full ma_n20001_call_independent_rms_s20: 64880/68440 cells
eval full ma_n20001_call_independent_rms_s10: 64920/68440 cells
eval full ma_n20001_call_independent_rms_s0: 64960/68440 cells
eval full ma_n20001_call_electrode_s20: 65000/68440 cells
eval full ma_n20001_call_electrode_s10: 65040/68440 cells
eval full ma_n20001_call_electrode_s0: 65080/68440 cells
eval full ma_n20001_call_covariance_s20: 65120/68440 cells
eval full ma_n20001_call_covariance_s10: 65160/68440 cells
eval full ma_n20001_call_covariance_s0: 65200/68440 cells
eval full ma_n20002_call_independent_rms_s20: 65240/68440 cells
eval full ma_n20002_call_independent_rms_s10: 65280/68440 cells
eval full ma_n20002_call_independent_rms_s0: 65320/68440 cells
eval full ma_n20002_call_electrode_s20: 65360/68440 cells
eval full ma_n20002_call_electrode_s10: 65400/68440 cells
eval full ma_n20002_call_electrode_s0: 65440/68440 cells
eval full ma_n20002_call_covariance_s20: 65480/68440 cells
eval full ma_n20002_call_covariance_s10: 65520/68440 cells
eval full ma_n20002_call_covariance_s0: 65560/68440 cells
eval full ma_n20003_call_independent_rms_s20: 65600/68440 cells
eval full ma_n20003_call_independent_rms_s10: 65640/68440 cells
eval full ma_n20003_call_independent_rms_s0: 65680/68440 cells
eval full ma_n20003_call_electrode_s20: 65720/68440 cells
eval full ma_n20003_call_electrode_s10: 65760/68440 cells
eval full ma_n20003_call_electrode_s0: 65800/68440 cells
eval full ma_n20003_call_covariance_s20: 65840/68440 cells
eval full ma_n20003_call_covariance_s10: 65880/68440 cells
eval full ma_n20003_call_covariance_s0: 65920/68440 cells
eval full ma_n20004_call_independent_rms_s20: 65960/68440 cells
eval full ma_n20004_call_independent_rms_s10: 66000/68440 cells
eval full ma_n20004_call_independent_rms_s0: 66040/68440 cells
eval full ma_n20004_call_electrode_s20: 66080/68440 cells
eval full ma_n20004_call_electrode_s10: 66120/68440 cells
eval full ma_n20004_call_electrode_s0: 66160/68440 cells
eval full ma_n20004_call_covariance_s20: 66200/68440 cells
eval full ma_n20004_call_covariance_s10: 66240/68440 cells
eval full ma_n20004_call_covariance_s0: 66280/68440 cells
eval full ma_n20005_call_independent_rms_s20: 66320/68440 cells
eval full ma_n20005_call_independent_rms_s10: 66360/68440 cells
eval full ma_n20005_call_independent_rms_s0: 66400/68440 cells
eval full ma_n20005_call_electrode_s20: 66440/68440 cells
eval full ma_n20005_call_electrode_s10: 66480/68440 cells
eval full ma_n20005_call_electrode_s0: 66520/68440 cells
eval full ma_n20005_call_covariance_s20: 66560/68440 cells
eval full ma_n20005_call_covariance_s10: 66600/68440 cells
eval full ma_n20005_call_covariance_s0: 66640/68440 cells
eval full em_n20001_call_independent_rms_s20: 66680/68440 cells
eval full em_n20001_call_independent_rms_s10: 66720/68440 cells
eval full em_n20001_call_independent_rms_s0: 66760/68440 cells
eval full em_n20001_call_electrode_s20: 66800/68440 cells
eval full em_n20001_call_electrode_s10: 66840/68440 cells
eval full em_n20001_call_electrode_s0: 66880/68440 cells
eval full em_n20001_call_covariance_s20: 66920/68440 cells
eval full em_n20001_call_covariance_s10: 66960/68440 cells
eval full em_n20001_call_covariance_s0: 67000/68440 cells
eval full em_n20002_call_independent_rms_s20: 67040/68440 cells
eval full em_n20002_call_independent_rms_s10: 67080/68440 cells
eval full em_n20002_call_independent_rms_s0: 67120/68440 cells
eval full em_n20002_call_electrode_s20: 67160/68440 cells
eval full em_n20002_call_electrode_s10: 67200/68440 cells
eval full em_n20002_call_electrode_s0: 67240/68440 cells
eval full em_n20002_call_covariance_s20: 67280/68440 cells
eval full em_n20002_call_covariance_s10: 67320/68440 cells
eval full em_n20002_call_covariance_s0: 67360/68440 cells
eval full em_n20003_call_independent_rms_s20: 67400/68440 cells
eval full em_n20003_call_independent_rms_s10: 67440/68440 cells
eval full em_n20003_call_independent_rms_s0: 67480/68440 cells
eval full em_n20003_call_electrode_s20: 67520/68440 cells
eval full em_n20003_call_electrode_s10: 67560/68440 cells
eval full em_n20003_call_electrode_s0: 67600/68440 cells
eval full em_n20003_call_covariance_s20: 67640/68440 cells
eval full em_n20003_call_covariance_s10: 67680/68440 cells
eval full em_n20003_call_covariance_s0: 67720/68440 cells
eval full em_n20004_call_independent_rms_s20: 67760/68440 cells
eval full em_n20004_call_independent_rms_s10: 67800/68440 cells
eval full em_n20004_call_independent_rms_s0: 67840/68440 cells
eval full em_n20004_call_electrode_s20: 67880/68440 cells
eval full em_n20004_call_electrode_s10: 67920/68440 cells
eval full em_n20004_call_electrode_s0: 67960/68440 cells
eval full em_n20004_call_covariance_s20: 68000/68440 cells
eval full em_n20004_call_covariance_s10: 68040/68440 cells
eval full em_n20004_call_covariance_s0: 68080/68440 cells
eval full em_n20005_call_independent_rms_s20: 68120/68440 cells
eval full em_n20005_call_independent_rms_s10: 68160/68440 cells
eval full em_n20005_call_independent_rms_s0: 68200/68440 cells
eval full em_n20005_call_electrode_s20: 68240/68440 cells
eval full em_n20005_call_electrode_s10: 68280/68440 cells
eval full em_n20005_call_electrode_s0: 68320/68440 cells
eval full em_n20005_call_covariance_s20: 68360/68440 cells
eval full em_n20005_call_covariance_s10: 68400/68440 cells
eval full em_n20005_call_covariance_s0: 68440/68440 cells
