full/clean_only/resnet/seed_17 epoch=1/25 train_loss=0.35369 val_loss=0.32523 clean_val_auroc=0.89949 elapsed=60.9s
full/clean_only/resnet/seed_17 epoch=2/25 train_loss=0.28973 val_loss=0.30407 clean_val_auroc=0.91091 elapsed=117.8s
full/clean_only/resnet/seed_17 epoch=3/25 train_loss=0.26964 val_loss=0.30127 clean_val_auroc=0.91299 elapsed=175.0s
full/clean_only/resnet/seed_17 epoch=4/25 train_loss=0.25426 val_loss=0.31367 clean_val_auroc=0.91400 elapsed=231.5s
full/clean_only/resnet/seed_17 epoch=5/25 train_loss=0.24174 val_loss=0.32355 clean_val_auroc=0.91303 elapsed=289.1s
full/clean_only/resnet/seed_17 epoch=6/25 train_loss=0.22942 val_loss=0.30412 clean_val_auroc=0.91286 elapsed=349.8s
full/clean_only/resnet/seed_17 epoch=7/25 train_loss=0.21709 val_loss=0.34090 clean_val_auroc=0.90660 elapsed=420.5s
full/clean_only/resnet/seed_17 epoch=8/25 train_loss=0.20724 val_loss=0.40731 clean_val_auroc=0.89821 elapsed=479.2s
full/clean_only/resnet/seed_17 epoch=9/25 train_loss=0.18950 val_loss=0.36158 clean_val_auroc=0.90817 elapsed=534.6s
full/clean_only/resnet/seed_17 epoch=10/25 train_loss=0.17053 val_loss=0.41999 clean_val_auroc=0.89708 elapsed=590.1s
full/clean_only/resnet/seed_17 epoch=11/25 train_loss=0.15552 val_loss=0.43302 clean_val_auroc=0.89924 elapsed=645.7s
full/clean_only/resnet/seed_17 epoch=12/25 train_loss=0.13867 val_loss=0.43126 clean_val_auroc=0.89785 elapsed=701.2s
full/clean_only/resnet/seed_17 epoch=13/25 train_loss=0.12654 val_loss=0.44945 clean_val_auroc=0.89521 elapsed=756.8s
full/clean_only/resnet/seed_17 epoch=14/25 train_loss=0.10788 val_loss=0.43366 clean_val_auroc=0.89520 elapsed=812.4s
full/clean_only/resnet/seed_17 epoch=15/25 train_loss=0.09484 val_loss=0.49148 clean_val_auroc=0.89377 elapsed=868.3s
full/clean_only/resnet/seed_17 epoch=16/25 train_loss=0.08726 val_loss=0.52837 clean_val_auroc=0.89498 elapsed=923.8s
full/clean_only/resnet/seed_17 epoch=17/25 train_loss=0.06920 val_loss=0.60802 clean_val_auroc=0.89078 elapsed=979.5s
full/clean_only/resnet/seed_17 epoch=18/25 train_loss=0.05869 val_loss=0.63024 clean_val_auroc=0.88643 elapsed=1035.0s
full/clean_only/resnet/seed_17 epoch=19/25 train_loss=0.05709 val_loss=0.59451 clean_val_auroc=0.88235 elapsed=1090.5s
full/clean_only/resnet/seed_17 epoch=20/25 train_loss=0.05543 val_loss=0.64727 clean_val_auroc=0.88414 elapsed=1146.4s
full/clean_only/resnet/seed_17 epoch=21/25 train_loss=0.04612 val_loss=0.62916 clean_val_auroc=0.89263 elapsed=1202.8s
full/clean_only/resnet/seed_17 epoch=22/25 train_loss=0.03980 val_loss=0.64032 clean_val_auroc=0.88342 elapsed=1258.4s
full/clean_only/resnet/seed_17 epoch=23/25 train_loss=0.03644 val_loss=0.71075 clean_val_auroc=0.88996 elapsed=1313.9s
full/clean_only/resnet/seed_17 epoch=24/25 train_loss=0.03085 val_loss=0.68359 clean_val_auroc=0.88540 elapsed=1369.5s
full/clean_only/resnet/seed_17 epoch=25/25 train_loss=0.04440 val_loss=0.73172 clean_val_auroc=0.89177 elapsed=1425.1s
full/independent_rms/resnet/seed_17 epoch=1/25 train_loss=0.35566 val_loss=0.32739 clean_val_auroc=0.89809 elapsed=74.6s
full/independent_rms/resnet/seed_17 epoch=2/25 train_loss=0.29246 val_loss=0.30836 clean_val_auroc=0.91016 elapsed=148.8s
full/independent_rms/resnet/seed_17 epoch=3/25 train_loss=0.27281 val_loss=0.30030 clean_val_auroc=0.91209 elapsed=223.1s
full/independent_rms/resnet/seed_17 epoch=4/25 train_loss=0.25894 val_loss=0.31438 clean_val_auroc=0.91362 elapsed=298.7s
full/independent_rms/resnet/seed_17 epoch=5/25 train_loss=0.24922 val_loss=0.31925 clean_val_auroc=0.91410 elapsed=373.9s
full/independent_rms/resnet/seed_17 epoch=6/25 train_loss=0.23860 val_loss=0.30267 clean_val_auroc=0.91401 elapsed=447.1s
full/independent_rms/resnet/seed_17 epoch=7/25 train_loss=0.22898 val_loss=0.31411 clean_val_auroc=0.90942 elapsed=523.1s
full/independent_rms/resnet/seed_17 epoch=8/25 train_loss=0.21923 val_loss=0.38516 clean_val_auroc=0.90655 elapsed=597.5s
full/independent_rms/resnet/seed_17 epoch=9/25 train_loss=0.20678 val_loss=0.32463 clean_val_auroc=0.90719 elapsed=672.0s
full/independent_rms/resnet/seed_17 epoch=10/25 train_loss=0.19602 val_loss=0.33789 clean_val_auroc=0.90543 elapsed=745.5s
full/independent_rms/resnet/seed_17 epoch=11/25 train_loss=0.18342 val_loss=0.36266 clean_val_auroc=0.90221 elapsed=819.2s
full/independent_rms/resnet/seed_17 epoch=12/25 train_loss=0.17223 val_loss=0.38553 clean_val_auroc=0.90135 elapsed=892.8s
full/independent_rms/resnet/seed_17 epoch=13/25 train_loss=0.15822 val_loss=0.40230 clean_val_auroc=0.89932 elapsed=966.5s
full/independent_rms/resnet/seed_17 epoch=14/25 train_loss=0.14602 val_loss=0.39308 clean_val_auroc=0.90078 elapsed=1040.0s
full/independent_rms/resnet/seed_17 epoch=15/25 train_loss=0.13506 val_loss=0.41451 clean_val_auroc=0.89576 elapsed=1118.7s
full/independent_rms/resnet/seed_17 epoch=16/25 train_loss=0.12365 val_loss=0.40924 clean_val_auroc=0.89555 elapsed=1194.0s
full/independent_rms/resnet/seed_17 epoch=17/25 train_loss=0.11154 val_loss=0.52727 clean_val_auroc=0.89187 elapsed=1269.8s
full/independent_rms/resnet/seed_17 epoch=18/25 train_loss=0.10131 val_loss=0.48438 clean_val_auroc=0.89411 elapsed=1346.5s
full/independent_rms/resnet/seed_17 epoch=19/25 train_loss=0.09040 val_loss=0.52862 clean_val_auroc=0.88725 elapsed=1422.3s
full/independent_rms/resnet/seed_17 epoch=20/25 train_loss=0.08687 val_loss=0.46546 clean_val_auroc=0.88503 elapsed=1498.0s
full/independent_rms/resnet/seed_17 epoch=21/25 train_loss=0.07820 val_loss=0.51181 clean_val_auroc=0.89702 elapsed=1573.7s
full/independent_rms/resnet/seed_17 epoch=22/25 train_loss=0.07126 val_loss=0.54912 clean_val_auroc=0.88652 elapsed=1648.6s
full/independent_rms/resnet/seed_17 epoch=23/25 train_loss=0.06839 val_loss=0.57134 clean_val_auroc=0.88452 elapsed=1724.1s
full/independent_rms/resnet/seed_17 epoch=24/25 train_loss=0.05899 val_loss=0.60428 clean_val_auroc=0.88655 elapsed=1799.4s
full/independent_rms/resnet/seed_17 epoch=25/25 train_loss=0.05492 val_loss=0.68114 clean_val_auroc=0.88766 elapsed=1874.7s
full/electrode/resnet/seed_17 epoch=1/25 train_loss=0.35634 val_loss=0.32972 clean_val_auroc=0.89846 elapsed=65.0s
full/electrode/resnet/seed_17 epoch=2/25 train_loss=0.29360 val_loss=0.31280 clean_val_auroc=0.90853 elapsed=130.4s
full/electrode/resnet/seed_17 epoch=3/25 train_loss=0.27352 val_loss=0.31684 clean_val_auroc=0.91222 elapsed=196.0s
full/electrode/resnet/seed_17 epoch=4/25 train_loss=0.26076 val_loss=0.30767 clean_val_auroc=0.91467 elapsed=261.4s
full/electrode/resnet/seed_17 epoch=5/25 train_loss=0.24859 val_loss=0.32928 clean_val_auroc=0.91364 elapsed=327.5s
full/electrode/resnet/seed_17 epoch=6/25 train_loss=0.23963 val_loss=0.30142 clean_val_auroc=0.91622 elapsed=392.8s
full/electrode/resnet/seed_17 epoch=7/25 train_loss=0.23122 val_loss=0.30653 clean_val_auroc=0.91207 elapsed=458.2s
full/electrode/resnet/seed_17 epoch=8/25 train_loss=0.22197 val_loss=0.37007 clean_val_auroc=0.90591 elapsed=523.6s
full/electrode/resnet/seed_17 epoch=9/25 train_loss=0.20993 val_loss=0.29981 clean_val_auroc=0.91389 elapsed=589.2s
full/electrode/resnet/seed_17 epoch=10/25 train_loss=0.19925 val_loss=0.33841 clean_val_auroc=0.90576 elapsed=654.7s
full/electrode/resnet/seed_17 epoch=11/25 train_loss=0.19211 val_loss=0.34497 clean_val_auroc=0.91002 elapsed=720.4s
full/electrode/resnet/seed_17 epoch=12/25 train_loss=0.17846 val_loss=0.34943 clean_val_auroc=0.90576 elapsed=787.6s
full/electrode/resnet/seed_17 epoch=13/25 train_loss=0.16738 val_loss=0.37134 clean_val_auroc=0.90735 elapsed=853.2s
full/electrode/resnet/seed_17 epoch=14/25 train_loss=0.15227 val_loss=0.38964 clean_val_auroc=0.90356 elapsed=918.8s
full/electrode/resnet/seed_17 epoch=15/25 train_loss=0.14356 val_loss=0.42622 clean_val_auroc=0.90188 elapsed=984.0s
full/electrode/resnet/seed_17 epoch=16/25 train_loss=0.13451 val_loss=0.43394 clean_val_auroc=0.90382 elapsed=1049.7s
full/electrode/resnet/seed_17 epoch=17/25 train_loss=0.12018 val_loss=0.43308 clean_val_auroc=0.90649 elapsed=1115.6s
full/electrode/resnet/seed_17 epoch=18/25 train_loss=0.10941 val_loss=0.44905 clean_val_auroc=0.89691 elapsed=1182.4s
full/electrode/resnet/seed_17 epoch=19/25 train_loss=0.10609 val_loss=0.47156 clean_val_auroc=0.89632 elapsed=1247.9s
full/electrode/resnet/seed_17 epoch=20/25 train_loss=0.09662 val_loss=0.46738 clean_val_auroc=0.89593 elapsed=1313.3s
full/electrode/resnet/seed_17 epoch=21/25 train_loss=0.08640 val_loss=0.54444 clean_val_auroc=0.89550 elapsed=1378.6s
full/electrode/resnet/seed_17 epoch=22/25 train_loss=0.08026 val_loss=0.54811 clean_val_auroc=0.89301 elapsed=1444.0s
full/electrode/resnet/seed_17 epoch=23/25 train_loss=0.07492 val_loss=0.58115 clean_val_auroc=0.89079 elapsed=1517.4s
full/electrode/resnet/seed_17 epoch=24/25 train_loss=0.06527 val_loss=0.53386 clean_val_auroc=0.89667 elapsed=1582.6s
full/electrode/resnet/seed_17 epoch=25/25 train_loss=0.06923 val_loss=0.65415 clean_val_auroc=0.89830 elapsed=1648.0s
full/mixed/resnet/seed_17 epoch=1/25 train_loss=0.35677 val_loss=0.32844 clean_val_auroc=0.89621 elapsed=70.4s
full/mixed/resnet/seed_17 epoch=2/25 train_loss=0.29340 val_loss=0.31690 clean_val_auroc=0.90989 elapsed=141.1s
full/mixed/resnet/seed_17 epoch=3/25 train_loss=0.27346 val_loss=0.31308 clean_val_auroc=0.91206 elapsed=211.7s
full/mixed/resnet/seed_17 epoch=4/25 train_loss=0.26052 val_loss=0.31379 clean_val_auroc=0.91355 elapsed=282.7s
full/mixed/resnet/seed_17 epoch=5/25 train_loss=0.24929 val_loss=0.31886 clean_val_auroc=0.91510 elapsed=354.1s
full/mixed/resnet/seed_17 epoch=6/25 train_loss=0.24012 val_loss=0.31914 clean_val_auroc=0.91344 elapsed=425.0s
full/mixed/resnet/seed_17 epoch=7/25 train_loss=0.23096 val_loss=0.30317 clean_val_auroc=0.90951 elapsed=495.0s
full/mixed/resnet/seed_17 epoch=8/25 train_loss=0.22189 val_loss=0.42091 clean_val_auroc=0.90256 elapsed=565.4s
full/mixed/resnet/seed_17 epoch=9/25 train_loss=0.20912 val_loss=0.33126 clean_val_auroc=0.91231 elapsed=636.1s
full/mixed/resnet/seed_17 epoch=10/25 train_loss=0.19740 val_loss=0.35777 clean_val_auroc=0.90030 elapsed=706.4s
full/mixed/resnet/seed_17 epoch=11/25 train_loss=0.18828 val_loss=0.35496 clean_val_auroc=0.90520 elapsed=783.4s
full/mixed/resnet/seed_17 epoch=12/25 train_loss=0.17390 val_loss=0.37343 clean_val_auroc=0.90142 elapsed=855.2s
full/mixed/resnet/seed_17 epoch=13/25 train_loss=0.16402 val_loss=0.36864 clean_val_auroc=0.90001 elapsed=929.7s
full/mixed/resnet/seed_17 epoch=14/25 train_loss=0.14806 val_loss=0.40173 clean_val_auroc=0.90060 elapsed=999.9s
full/mixed/resnet/seed_17 epoch=15/25 train_loss=0.14019 val_loss=0.41474 clean_val_auroc=0.89483 elapsed=1070.0s
full/mixed/resnet/seed_17 epoch=16/25 train_loss=0.12898 val_loss=0.44519 clean_val_auroc=0.89765 elapsed=1140.9s
full/mixed/resnet/seed_17 epoch=17/25 train_loss=0.11580 val_loss=0.50423 clean_val_auroc=0.89053 elapsed=1211.3s
full/mixed/resnet/seed_17 epoch=18/25 train_loss=0.10432 val_loss=0.48759 clean_val_auroc=0.89440 elapsed=1281.4s
full/mixed/resnet/seed_17 epoch=19/25 train_loss=0.09309 val_loss=0.50287 clean_val_auroc=0.89378 elapsed=1351.4s
full/mixed/resnet/seed_17 epoch=20/25 train_loss=0.09587 val_loss=0.51483 clean_val_auroc=0.88510 elapsed=1421.7s
full/mixed/resnet/seed_17 epoch=21/25 train_loss=0.07846 val_loss=0.54319 clean_val_auroc=0.89358 elapsed=1492.0s
full/mixed/resnet/seed_17 epoch=22/25 train_loss=0.07480 val_loss=0.55047 clean_val_auroc=0.88554 elapsed=1562.3s
full/mixed/resnet/seed_17 epoch=23/25 train_loss=0.07180 val_loss=0.53662 clean_val_auroc=0.88638 elapsed=1633.4s
full/mixed/resnet/seed_17 epoch=24/25 train_loss=0.06357 val_loss=0.70420 clean_val_auroc=0.89205 elapsed=1703.7s
full/mixed/resnet/seed_17 epoch=25/25 train_loss=0.05937 val_loss=0.61958 clean_val_auroc=0.89170 elapsed=1774.4s
full/clean_only/resnet/seed_29 epoch=1/25 train_loss=0.35096 val_loss=0.33161 clean_val_auroc=0.89737 elapsed=55.3s
full/clean_only/resnet/seed_29 epoch=2/25 train_loss=0.29408 val_loss=0.31304 clean_val_auroc=0.90328 elapsed=110.9s
full/clean_only/resnet/seed_29 epoch=3/25 train_loss=0.27499 val_loss=0.30251 clean_val_auroc=0.90928 elapsed=166.4s
full/clean_only/resnet/seed_29 epoch=4/25 train_loss=0.26018 val_loss=0.29742 clean_val_auroc=0.91432 elapsed=222.1s
full/clean_only/resnet/seed_29 epoch=5/25 train_loss=0.24759 val_loss=0.30695 clean_val_auroc=0.91186 elapsed=277.7s
full/clean_only/resnet/seed_29 epoch=6/25 train_loss=0.23615 val_loss=0.31726 clean_val_auroc=0.91102 elapsed=333.5s
full/clean_only/resnet/seed_29 epoch=7/25 train_loss=0.22176 val_loss=0.36405 clean_val_auroc=0.90060 elapsed=389.3s
full/clean_only/resnet/seed_29 epoch=8/25 train_loss=0.20829 val_loss=0.33814 clean_val_auroc=0.90246 elapsed=444.9s
full/clean_only/resnet/seed_29 epoch=9/25 train_loss=0.19518 val_loss=0.35356 clean_val_auroc=0.89982 elapsed=500.7s
full/clean_only/resnet/seed_29 epoch=10/25 train_loss=0.18167 val_loss=0.36784 clean_val_auroc=0.90552 elapsed=556.4s
full/clean_only/resnet/seed_29 epoch=11/25 train_loss=0.15680 val_loss=0.41520 clean_val_auroc=0.90095 elapsed=612.1s
full/clean_only/resnet/seed_29 epoch=12/25 train_loss=0.14576 val_loss=0.38489 clean_val_auroc=0.89608 elapsed=667.8s
full/clean_only/resnet/seed_29 epoch=13/25 train_loss=0.12782 val_loss=0.52344 clean_val_auroc=0.89343 elapsed=723.6s
full/clean_only/resnet/seed_29 epoch=14/25 train_loss=0.11020 val_loss=0.47157 clean_val_auroc=0.89012 elapsed=779.3s
full/clean_only/resnet/seed_29 epoch=15/25 train_loss=0.09442 val_loss=0.52994 clean_val_auroc=0.88807 elapsed=835.5s
full/clean_only/resnet/seed_29 epoch=16/25 train_loss=0.08667 val_loss=0.54771 clean_val_auroc=0.88789 elapsed=891.2s
full/clean_only/resnet/seed_29 epoch=17/25 train_loss=0.07107 val_loss=0.70476 clean_val_auroc=0.88727 elapsed=946.9s
full/clean_only/resnet/seed_29 epoch=18/25 train_loss=0.06038 val_loss=0.57552 clean_val_auroc=0.89124 elapsed=1002.8s
full/clean_only/resnet/seed_29 epoch=19/25 train_loss=0.05286 val_loss=0.71142 clean_val_auroc=0.89104 elapsed=1058.5s
full/clean_only/resnet/seed_29 epoch=20/25 train_loss=0.05544 val_loss=0.64119 clean_val_auroc=0.87583 elapsed=1114.4s
full/clean_only/resnet/seed_29 epoch=21/25 train_loss=0.04956 val_loss=0.64559 clean_val_auroc=0.88926 elapsed=1170.1s
full/clean_only/resnet/seed_29 epoch=22/25 train_loss=0.04169 val_loss=0.75993 clean_val_auroc=0.88079 elapsed=1225.6s
full/clean_only/resnet/seed_29 epoch=23/25 train_loss=0.04180 val_loss=0.64494 clean_val_auroc=0.89081 elapsed=1281.3s
full/clean_only/resnet/seed_29 epoch=24/25 train_loss=0.04129 val_loss=0.63621 clean_val_auroc=0.89284 elapsed=1337.1s
full/clean_only/resnet/seed_29 epoch=25/25 train_loss=0.03926 val_loss=0.71118 clean_val_auroc=0.88621 elapsed=1393.0s
full/independent_rms/resnet/seed_29 epoch=1/25 train_loss=0.35357 val_loss=0.33018 clean_val_auroc=0.89824 elapsed=76.7s
full/independent_rms/resnet/seed_29 epoch=2/25 train_loss=0.29560 val_loss=0.30721 clean_val_auroc=0.90436 elapsed=152.6s
full/independent_rms/resnet/seed_29 epoch=3/25 train_loss=0.27627 val_loss=0.30376 clean_val_auroc=0.90949 elapsed=229.3s
full/independent_rms/resnet/seed_29 epoch=4/25 train_loss=0.26405 val_loss=0.29283 clean_val_auroc=0.91559 elapsed=304.9s
full/independent_rms/resnet/seed_29 epoch=5/25 train_loss=0.25363 val_loss=0.31742 clean_val_auroc=0.90859 elapsed=380.7s
full/independent_rms/resnet/seed_29 epoch=6/25 train_loss=0.24405 val_loss=0.30662 clean_val_auroc=0.91471 elapsed=456.0s
full/independent_rms/resnet/seed_29 epoch=7/25 train_loss=0.23282 val_loss=0.32952 clean_val_auroc=0.91139 elapsed=531.9s
full/independent_rms/resnet/seed_29 epoch=8/25 train_loss=0.22399 val_loss=0.32691 clean_val_auroc=0.91243 elapsed=607.7s
full/independent_rms/resnet/seed_29 epoch=9/25 train_loss=0.21265 val_loss=0.35104 clean_val_auroc=0.90548 elapsed=683.3s
full/independent_rms/resnet/seed_29 epoch=10/25 train_loss=0.20191 val_loss=0.33189 clean_val_auroc=0.91215 elapsed=758.3s
full/independent_rms/resnet/seed_29 epoch=11/25 train_loss=0.18623 val_loss=0.39990 clean_val_auroc=0.90273 elapsed=835.9s
full/independent_rms/resnet/seed_29 epoch=12/25 train_loss=0.17596 val_loss=0.38847 clean_val_auroc=0.89914 elapsed=927.6s
full/independent_rms/resnet/seed_29 epoch=13/25 train_loss=0.16363 val_loss=0.36714 clean_val_auroc=0.90045 elapsed=1009.4s
full/independent_rms/resnet/seed_29 epoch=14/25 train_loss=0.15204 val_loss=0.43706 clean_val_auroc=0.90560 elapsed=1087.3s
full/independent_rms/resnet/seed_29 epoch=15/25 train_loss=0.13793 val_loss=0.44975 clean_val_auroc=0.89949 elapsed=1163.4s
full/independent_rms/resnet/seed_29 epoch=16/25 train_loss=0.12637 val_loss=0.40665 clean_val_auroc=0.90189 elapsed=1240.4s
full/independent_rms/resnet/seed_29 epoch=17/25 train_loss=0.11474 val_loss=0.44346 clean_val_auroc=0.89123 elapsed=1317.4s
full/independent_rms/resnet/seed_29 epoch=18/25 train_loss=0.10350 val_loss=0.47659 clean_val_auroc=0.89273 elapsed=1393.5s
full/independent_rms/resnet/seed_29 epoch=19/25 train_loss=0.09471 val_loss=0.49142 clean_val_auroc=0.88957 elapsed=1469.9s
full/independent_rms/resnet/seed_29 epoch=20/25 train_loss=0.08055 val_loss=0.54412 clean_val_auroc=0.89153 elapsed=1547.0s
full/independent_rms/resnet/seed_29 epoch=21/25 train_loss=0.07796 val_loss=0.60168 clean_val_auroc=0.89090 elapsed=1623.4s
full/independent_rms/resnet/seed_29 epoch=22/25 train_loss=0.07290 val_loss=0.56462 clean_val_auroc=0.88878 elapsed=1700.8s
full/independent_rms/resnet/seed_29 epoch=23/25 train_loss=0.07041 val_loss=0.54963 clean_val_auroc=0.89285 elapsed=1778.0s
full/independent_rms/resnet/seed_29 epoch=24/25 train_loss=0.06612 val_loss=0.57030 clean_val_auroc=0.89457 elapsed=1855.9s
full/independent_rms/resnet/seed_29 epoch=25/25 train_loss=0.06157 val_loss=0.58748 clean_val_auroc=0.89485 elapsed=1932.0s
full/electrode/resnet/seed_29 epoch=1/25 train_loss=0.35329 val_loss=0.32675 clean_val_auroc=0.89785 elapsed=66.1s
full/electrode/resnet/seed_29 epoch=2/25 train_loss=0.29622 val_loss=0.30477 clean_val_auroc=0.90750 elapsed=136.3s
full/electrode/resnet/seed_29 epoch=3/25 train_loss=0.27745 val_loss=0.29887 clean_val_auroc=0.91049 elapsed=209.4s
full/electrode/resnet/seed_29 epoch=4/25 train_loss=0.26521 val_loss=0.29445 clean_val_auroc=0.91433 elapsed=276.1s
full/electrode/resnet/seed_29 epoch=5/25 train_loss=0.25396 val_loss=0.30461 clean_val_auroc=0.91098 elapsed=342.5s
full/electrode/resnet/seed_29 epoch=6/25 train_loss=0.24428 val_loss=0.30890 clean_val_auroc=0.91430 elapsed=408.9s
full/electrode/resnet/seed_29 epoch=7/25 train_loss=0.23403 val_loss=0.34319 clean_val_auroc=0.90867 elapsed=475.3s
full/electrode/resnet/seed_29 epoch=8/25 train_loss=0.22533 val_loss=0.33175 clean_val_auroc=0.91130 elapsed=541.7s
full/electrode/resnet/seed_29 epoch=9/25 train_loss=0.21379 val_loss=0.34217 clean_val_auroc=0.90295 elapsed=608.2s
full/electrode/resnet/seed_29 epoch=10/25 train_loss=0.20520 val_loss=0.32360 clean_val_auroc=0.91075 elapsed=674.8s
full/electrode/resnet/seed_29 epoch=11/25 train_loss=0.19069 val_loss=0.38829 clean_val_auroc=0.90263 elapsed=741.3s
full/electrode/resnet/seed_29 epoch=12/25 train_loss=0.18061 val_loss=0.38227 clean_val_auroc=0.90429 elapsed=807.6s
full/electrode/resnet/seed_29 epoch=13/25 train_loss=0.16863 val_loss=0.37607 clean_val_auroc=0.90383 elapsed=874.1s
full/electrode/resnet/seed_29 epoch=14/25 train_loss=0.15583 val_loss=0.39693 clean_val_auroc=0.90179 elapsed=940.9s
full/electrode/resnet/seed_29 epoch=15/25 train_loss=0.14579 val_loss=0.41813 clean_val_auroc=0.90057 elapsed=1007.5s
full/electrode/resnet/seed_29 epoch=16/25 train_loss=0.13708 val_loss=0.42877 clean_val_auroc=0.89572 elapsed=1074.3s
full/electrode/resnet/seed_29 epoch=17/25 train_loss=0.12321 val_loss=0.41847 clean_val_auroc=0.89325 elapsed=1141.0s
full/electrode/resnet/seed_29 epoch=18/25 train_loss=0.11462 val_loss=0.43925 clean_val_auroc=0.89456 elapsed=1207.7s
full/electrode/resnet/seed_29 epoch=19/25 train_loss=0.10314 val_loss=0.48060 clean_val_auroc=0.89114 elapsed=1274.3s
full/electrode/resnet/seed_29 epoch=20/25 train_loss=0.09419 val_loss=0.47317 clean_val_auroc=0.89216 elapsed=1341.2s
full/electrode/resnet/seed_29 epoch=21/25 train_loss=0.08960 val_loss=0.52612 clean_val_auroc=0.89959 elapsed=1408.9s
full/electrode/resnet/seed_29 epoch=22/25 train_loss=0.08277 val_loss=0.49497 clean_val_auroc=0.89719 elapsed=1475.8s
full/electrode/resnet/seed_29 epoch=23/25 train_loss=0.07616 val_loss=0.52128 clean_val_auroc=0.89243 elapsed=1542.2s
full/electrode/resnet/seed_29 epoch=24/25 train_loss=0.07247 val_loss=0.56115 clean_val_auroc=0.89664 elapsed=1609.5s
full/electrode/resnet/seed_29 epoch=25/25 train_loss=0.07291 val_loss=0.54889 clean_val_auroc=0.89381 elapsed=1676.6s
full/mixed/resnet/seed_29 epoch=1/25 train_loss=0.35270 val_loss=0.33817 clean_val_auroc=0.89780 elapsed=71.0s
full/mixed/resnet/seed_29 epoch=2/25 train_loss=0.29538 val_loss=0.31380 clean_val_auroc=0.90303 elapsed=141.9s
full/mixed/resnet/seed_29 epoch=3/25 train_loss=0.27684 val_loss=0.29860 clean_val_auroc=0.91121 elapsed=212.9s
full/mixed/resnet/seed_29 epoch=4/25 train_loss=0.26402 val_loss=0.29555 clean_val_auroc=0.91723 elapsed=284.3s
full/mixed/resnet/seed_29 epoch=5/25 train_loss=0.25334 val_loss=0.29677 clean_val_auroc=0.91477 elapsed=355.8s
full/mixed/resnet/seed_29 epoch=6/25 train_loss=0.24358 val_loss=0.30372 clean_val_auroc=0.91348 elapsed=426.9s
full/mixed/resnet/seed_29 epoch=7/25 train_loss=0.23312 val_loss=0.33225 clean_val_auroc=0.90827 elapsed=498.1s
full/mixed/resnet/seed_29 epoch=8/25 train_loss=0.22304 val_loss=0.32911 clean_val_auroc=0.90893 elapsed=569.1s
full/mixed/resnet/seed_29 epoch=9/25 train_loss=0.21513 val_loss=0.36052 clean_val_auroc=0.90005 elapsed=640.4s
full/mixed/resnet/seed_29 epoch=10/25 train_loss=0.20476 val_loss=0.33554 clean_val_auroc=0.90916 elapsed=711.6s
full/mixed/resnet/seed_29 epoch=11/25 train_loss=0.18942 val_loss=0.41955 clean_val_auroc=0.90168 elapsed=783.0s
full/mixed/resnet/seed_29 epoch=12/25 train_loss=0.17808 val_loss=0.40878 clean_val_auroc=0.89217 elapsed=854.6s
full/mixed/resnet/seed_29 epoch=13/25 train_loss=0.16873 val_loss=0.37745 clean_val_auroc=0.90186 elapsed=926.2s
full/mixed/resnet/seed_29 epoch=14/25 train_loss=0.15571 val_loss=0.38647 clean_val_auroc=0.90040 elapsed=997.8s
full/mixed/resnet/seed_29 epoch=15/25 train_loss=0.14319 val_loss=0.44371 clean_val_auroc=0.89933 elapsed=1069.5s
full/mixed/resnet/seed_29 epoch=16/25 train_loss=0.13117 val_loss=0.40240 clean_val_auroc=0.89828 elapsed=1141.4s
full/mixed/resnet/seed_29 epoch=17/25 train_loss=0.11947 val_loss=0.43718 clean_val_auroc=0.89486 elapsed=1213.3s
full/mixed/resnet/seed_29 epoch=18/25 train_loss=0.10885 val_loss=0.47386 clean_val_auroc=0.89399 elapsed=1284.9s
full/mixed/resnet/seed_29 epoch=19/25 train_loss=0.09937 val_loss=0.49358 clean_val_auroc=0.89585 elapsed=1356.9s
full/mixed/resnet/seed_29 epoch=20/25 train_loss=0.09380 val_loss=0.55299 clean_val_auroc=0.88129 elapsed=1428.7s
full/mixed/resnet/seed_29 epoch=21/25 train_loss=0.08940 val_loss=0.50477 clean_val_auroc=0.89143 elapsed=1500.6s
full/mixed/resnet/seed_29 epoch=22/25 train_loss=0.07470 val_loss=0.51675 clean_val_auroc=0.89299 elapsed=1573.5s
full/mixed/resnet/seed_29 epoch=23/25 train_loss=0.07641 val_loss=0.55710 clean_val_auroc=0.88879 elapsed=1648.8s
full/mixed/resnet/seed_29 epoch=24/25 train_loss=0.06587 val_loss=0.58434 clean_val_auroc=0.89330 elapsed=1721.1s
full/mixed/resnet/seed_29 epoch=25/25 train_loss=0.06846 val_loss=0.53730 clean_val_auroc=0.88888 elapsed=1792.9s
full/clean_only/resnet/seed_43 epoch=1/25 train_loss=0.36009 val_loss=0.33783 clean_val_auroc=0.89405 elapsed=57.4s
full/clean_only/resnet/seed_43 epoch=2/25 train_loss=0.29602 val_loss=0.31999 clean_val_auroc=0.90168 elapsed=114.9s
full/clean_only/resnet/seed_43 epoch=3/25 train_loss=0.27434 val_loss=0.31904 clean_val_auroc=0.90604 elapsed=172.5s
full/clean_only/resnet/seed_43 epoch=4/25 train_loss=0.26046 val_loss=0.30873 clean_val_auroc=0.91225 elapsed=230.2s
full/clean_only/resnet/seed_43 epoch=5/25 train_loss=0.24489 val_loss=0.30741 clean_val_auroc=0.91512 elapsed=287.9s
full/clean_only/resnet/seed_43 epoch=6/25 train_loss=0.23311 val_loss=0.30926 clean_val_auroc=0.91249 elapsed=345.6s
full/clean_only/resnet/seed_43 epoch=7/25 train_loss=0.22072 val_loss=0.34630 clean_val_auroc=0.90429 elapsed=403.3s
full/clean_only/resnet/seed_43 epoch=8/25 train_loss=0.20642 val_loss=0.33112 clean_val_auroc=0.91139 elapsed=461.0s
full/clean_only/resnet/seed_43 epoch=9/25 train_loss=0.18912 val_loss=0.36918 clean_val_auroc=0.89952 elapsed=518.8s
full/clean_only/resnet/seed_43 epoch=10/25 train_loss=0.17040 val_loss=0.39636 clean_val_auroc=0.90566 elapsed=576.5s
full/clean_only/resnet/seed_43 epoch=11/25 train_loss=0.15409 val_loss=0.38887 clean_val_auroc=0.90280 elapsed=634.2s
full/clean_only/resnet/seed_43 epoch=12/25 train_loss=0.13705 val_loss=0.42500 clean_val_auroc=0.89641 elapsed=692.1s
full/clean_only/resnet/seed_43 epoch=13/25 train_loss=0.12281 val_loss=0.45854 clean_val_auroc=0.88452 elapsed=749.8s
full/clean_only/resnet/seed_43 epoch=14/25 train_loss=0.10700 val_loss=0.48293 clean_val_auroc=0.89086 elapsed=807.5s
full/clean_only/resnet/seed_43 epoch=15/25 train_loss=0.08786 val_loss=0.52762 clean_val_auroc=0.89410 elapsed=865.1s
full/clean_only/resnet/seed_43 epoch=16/25 train_loss=0.07571 val_loss=0.52701 clean_val_auroc=0.89191 elapsed=922.8s
full/clean_only/resnet/seed_43 epoch=17/25 train_loss=0.07118 val_loss=0.63872 clean_val_auroc=0.88361 elapsed=980.5s
full/clean_only/resnet/seed_43 epoch=18/25 train_loss=0.06091 val_loss=0.59660 clean_val_auroc=0.88816 elapsed=1038.2s
full/clean_only/resnet/seed_43 epoch=19/25 train_loss=0.05544 val_loss=0.59058 clean_val_auroc=0.88917 elapsed=1095.9s
full/clean_only/resnet/seed_43 epoch=20/25 train_loss=0.04703 val_loss=0.64783 clean_val_auroc=0.88885 elapsed=1153.6s
full/clean_only/resnet/seed_43 epoch=21/25 train_loss=0.04863 val_loss=0.64091 clean_val_auroc=0.88876 elapsed=1211.5s
full/clean_only/resnet/seed_43 epoch=22/25 train_loss=0.04737 val_loss=0.69978 clean_val_auroc=0.89563 elapsed=1269.1s
full/clean_only/resnet/seed_43 epoch=23/25 train_loss=0.04161 val_loss=0.63727 clean_val_auroc=0.89088 elapsed=1326.6s
full/clean_only/resnet/seed_43 epoch=24/25 train_loss=0.02975 val_loss=0.63996 clean_val_auroc=0.89086 elapsed=1384.2s
full/clean_only/resnet/seed_43 epoch=25/25 train_loss=0.02953 val_loss=0.72122 clean_val_auroc=0.89229 elapsed=1441.7s
full/independent_rms/resnet/seed_43 epoch=1/25 train_loss=0.36159 val_loss=0.34616 clean_val_auroc=0.89035 elapsed=78.2s
full/independent_rms/resnet/seed_43 epoch=2/25 train_loss=0.29826 val_loss=0.32041 clean_val_auroc=0.90303 elapsed=156.6s
full/independent_rms/resnet/seed_43 epoch=3/25 train_loss=0.27698 val_loss=0.31429 clean_val_auroc=0.90654 elapsed=234.2s
full/independent_rms/resnet/seed_43 epoch=4/25 train_loss=0.26452 val_loss=0.30022 clean_val_auroc=0.91254 elapsed=312.3s
full/independent_rms/resnet/seed_43 epoch=5/25 train_loss=0.25046 val_loss=0.30035 clean_val_auroc=0.91340 elapsed=390.8s
full/independent_rms/resnet/seed_43 epoch=6/25 train_loss=0.24219 val_loss=0.30978 clean_val_auroc=0.91051 elapsed=467.7s
full/independent_rms/resnet/seed_43 epoch=7/25 train_loss=0.23184 val_loss=0.33488 clean_val_auroc=0.90709 elapsed=544.3s
full/independent_rms/resnet/seed_43 epoch=8/25 train_loss=0.22079 val_loss=0.33109 clean_val_auroc=0.90744 elapsed=620.9s
full/independent_rms/resnet/seed_43 epoch=9/25 train_loss=0.20818 val_loss=0.36382 clean_val_auroc=0.90379 elapsed=701.0s
full/independent_rms/resnet/seed_43 epoch=10/25 train_loss=0.19532 val_loss=0.40110 clean_val_auroc=0.90805 elapsed=778.1s
full/independent_rms/resnet/seed_43 epoch=11/25 train_loss=0.18302 val_loss=0.34469 clean_val_auroc=0.90113 elapsed=854.8s
full/independent_rms/resnet/seed_43 epoch=12/25 train_loss=0.16842 val_loss=0.38773 clean_val_auroc=0.89966 elapsed=931.7s
full/independent_rms/resnet/seed_43 epoch=13/25 train_loss=0.15830 val_loss=0.40725 clean_val_auroc=0.89663 elapsed=1008.4s
full/independent_rms/resnet/seed_43 epoch=14/25 train_loss=0.14660 val_loss=0.47276 clean_val_auroc=0.89393 elapsed=1085.1s
full/independent_rms/resnet/seed_43 epoch=15/25 train_loss=0.13441 val_loss=0.40643 clean_val_auroc=0.89979 elapsed=1161.8s
full/independent_rms/resnet/seed_43 epoch=16/25 train_loss=0.11691 val_loss=0.53742 clean_val_auroc=0.88979 elapsed=1238.4s
full/independent_rms/resnet/seed_43 epoch=17/25 train_loss=0.10831 val_loss=0.45022 clean_val_auroc=0.89492 elapsed=1314.8s
full/independent_rms/resnet/seed_43 epoch=18/25 train_loss=0.09749 val_loss=0.50523 clean_val_auroc=0.88991 elapsed=1391.3s
full/independent_rms/resnet/seed_43 epoch=19/25 train_loss=0.09222 val_loss=0.52605 clean_val_auroc=0.88670 elapsed=1467.5s
full/independent_rms/resnet/seed_43 epoch=20/25 train_loss=0.08203 val_loss=0.51003 clean_val_auroc=0.89044 elapsed=1543.9s
full/independent_rms/resnet/seed_43 epoch=21/25 train_loss=0.07634 val_loss=0.53827 clean_val_auroc=0.89250 elapsed=1620.6s
full/independent_rms/resnet/seed_43 epoch=22/25 train_loss=0.06833 val_loss=0.53135 clean_val_auroc=0.89087 elapsed=1696.4s
full/independent_rms/resnet/seed_43 epoch=23/25 train_loss=0.06368 val_loss=0.60039 clean_val_auroc=0.89325 elapsed=1772.7s
full/independent_rms/resnet/seed_43 epoch=24/25 train_loss=0.05988 val_loss=0.59354 clean_val_auroc=0.89096 elapsed=1849.2s
full/independent_rms/resnet/seed_43 epoch=25/25 train_loss=0.05625 val_loss=0.59420 clean_val_auroc=0.88008 elapsed=1925.5s
full/electrode/resnet/seed_43 epoch=1/25 train_loss=0.36206 val_loss=0.34622 clean_val_auroc=0.89426 elapsed=65.9s
full/electrode/resnet/seed_43 epoch=2/25 train_loss=0.29761 val_loss=0.32418 clean_val_auroc=0.90200 elapsed=132.9s
full/electrode/resnet/seed_43 epoch=3/25 train_loss=0.27859 val_loss=0.31153 clean_val_auroc=0.90875 elapsed=199.6s
full/electrode/resnet/seed_43 epoch=4/25 train_loss=0.26420 val_loss=0.29840 clean_val_auroc=0.91203 elapsed=266.4s
full/electrode/resnet/seed_43 epoch=5/25 train_loss=0.25336 val_loss=0.29721 clean_val_auroc=0.91262 elapsed=333.4s
full/electrode/resnet/seed_43 epoch=6/25 train_loss=0.24379 val_loss=0.30850 clean_val_auroc=0.91167 elapsed=400.2s
full/electrode/resnet/seed_43 epoch=7/25 train_loss=0.23470 val_loss=0.33230 clean_val_auroc=0.90853 elapsed=466.9s
full/electrode/resnet/seed_43 epoch=8/25 train_loss=0.22304 val_loss=0.31164 clean_val_auroc=0.91075 elapsed=533.9s
full/electrode/resnet/seed_43 epoch=9/25 train_loss=0.21220 val_loss=0.34760 clean_val_auroc=0.90859 elapsed=600.7s
full/electrode/resnet/seed_43 epoch=10/25 train_loss=0.20064 val_loss=0.36058 clean_val_auroc=0.90893 elapsed=667.5s
full/electrode/resnet/seed_43 epoch=11/25 train_loss=0.19023 val_loss=0.36890 clean_val_auroc=0.90691 elapsed=734.2s
full/electrode/resnet/seed_43 epoch=12/25 train_loss=0.17533 val_loss=0.35893 clean_val_auroc=0.90496 elapsed=800.6s
full/electrode/resnet/seed_43 epoch=13/25 train_loss=0.16362 val_loss=0.39658 clean_val_auroc=0.89719 elapsed=867.4s
full/electrode/resnet/seed_43 epoch=14/25 train_loss=0.15140 val_loss=0.43656 clean_val_auroc=0.89351 elapsed=948.8s
full/electrode/resnet/seed_43 epoch=15/25 train_loss=0.14268 val_loss=0.45320 clean_val_auroc=0.89551 elapsed=1028.3s
full/electrode/resnet/seed_43 epoch=16/25 train_loss=0.13011 val_loss=0.43804 clean_val_auroc=0.89310 elapsed=1095.4s
full/electrode/resnet/seed_43 epoch=17/25 train_loss=0.11603 val_loss=0.48495 clean_val_auroc=0.89679 elapsed=1162.2s
full/electrode/resnet/seed_43 epoch=18/25 train_loss=0.10145 val_loss=0.47777 clean_val_auroc=0.88594 elapsed=1229.3s
full/electrode/resnet/seed_43 epoch=19/25 train_loss=0.10054 val_loss=0.58514 clean_val_auroc=0.88843 elapsed=1296.3s
full/electrode/resnet/seed_43 epoch=20/25 train_loss=0.08953 val_loss=0.48848 clean_val_auroc=0.89418 elapsed=1363.3s
full/electrode/resnet/seed_43 epoch=21/25 train_loss=0.08703 val_loss=0.56410 clean_val_auroc=0.88888 elapsed=1436.0s
full/electrode/resnet/seed_43 epoch=22/25 train_loss=0.07567 val_loss=0.54572 clean_val_auroc=0.89522 elapsed=1503.2s
full/electrode/resnet/seed_43 epoch=23/25 train_loss=0.06759 val_loss=0.53716 clean_val_auroc=0.89419 elapsed=1570.6s
full/electrode/resnet/seed_43 epoch=24/25 train_loss=0.06335 val_loss=0.58573 clean_val_auroc=0.89196 elapsed=1637.9s
full/electrode/resnet/seed_43 epoch=25/25 train_loss=0.06710 val_loss=0.56190 clean_val_auroc=0.89300 elapsed=1705.4s
full/mixed/resnet/seed_43 epoch=1/25 train_loss=0.36208 val_loss=0.33594 clean_val_auroc=0.89343 elapsed=72.4s
full/mixed/resnet/seed_43 epoch=2/25 train_loss=0.29804 val_loss=0.33553 clean_val_auroc=0.89893 elapsed=144.9s
full/mixed/resnet/seed_43 epoch=3/25 train_loss=0.27767 val_loss=0.31961 clean_val_auroc=0.90774 elapsed=217.0s
full/mixed/resnet/seed_43 epoch=4/25 train_loss=0.26438 val_loss=0.30051 clean_val_auroc=0.91247 elapsed=289.7s
full/mixed/resnet/seed_43 epoch=5/25 train_loss=0.25056 val_loss=0.30639 clean_val_auroc=0.91465 elapsed=362.9s
full/mixed/resnet/seed_43 epoch=6/25 train_loss=0.24191 val_loss=0.31084 clean_val_auroc=0.91334 elapsed=434.9s
full/mixed/resnet/seed_43 epoch=7/25 train_loss=0.23201 val_loss=0.32072 clean_val_auroc=0.91182 elapsed=506.6s
full/mixed/resnet/seed_43 epoch=8/25 train_loss=0.21979 val_loss=0.31942 clean_val_auroc=0.91363 elapsed=578.2s
full/mixed/resnet/seed_43 epoch=9/25 train_loss=0.20652 val_loss=0.36060 clean_val_auroc=0.90581 elapsed=651.3s
full/mixed/resnet/seed_43 epoch=10/25 train_loss=0.19796 val_loss=0.39251 clean_val_auroc=0.90734 elapsed=723.1s
full/mixed/resnet/seed_43 epoch=11/25 train_loss=0.18512 val_loss=0.34486 clean_val_auroc=0.90578 elapsed=794.8s
full/mixed/resnet/seed_43 epoch=12/25 train_loss=0.17062 val_loss=0.36373 clean_val_auroc=0.91023 elapsed=866.6s
full/mixed/resnet/seed_43 epoch=13/25 train_loss=0.15958 val_loss=0.38507 clean_val_auroc=0.90417 elapsed=938.4s
full/mixed/resnet/seed_43 epoch=14/25 train_loss=0.14797 val_loss=0.52318 clean_val_auroc=0.89196 elapsed=1010.0s
full/mixed/resnet/seed_43 epoch=15/25 train_loss=0.13699 val_loss=0.45043 clean_val_auroc=0.90065 elapsed=1081.7s
full/mixed/resnet/seed_43 epoch=16/25 train_loss=0.12443 val_loss=0.45326 clean_val_auroc=0.89555 elapsed=1154.4s
full/mixed/resnet/seed_43 epoch=17/25 train_loss=0.11367 val_loss=0.46971 clean_val_auroc=0.89674 elapsed=1226.9s
full/mixed/resnet/seed_43 epoch=18/25 train_loss=0.10288 val_loss=0.46799 clean_val_auroc=0.89323 elapsed=1299.0s
full/mixed/resnet/seed_43 epoch=19/25 train_loss=0.09600 val_loss=0.54058 clean_val_auroc=0.88465 elapsed=1371.0s
full/mixed/resnet/seed_43 epoch=20/25 train_loss=0.08628 val_loss=0.56865 clean_val_auroc=0.89047 elapsed=1443.2s
full/mixed/resnet/seed_43 epoch=21/25 train_loss=0.07759 val_loss=0.55300 clean_val_auroc=0.89008 elapsed=1515.7s
full/mixed/resnet/seed_43 epoch=22/25 train_loss=0.07414 val_loss=0.56455 clean_val_auroc=0.89031 elapsed=1587.7s
full/mixed/resnet/seed_43 epoch=23/25 train_loss=0.06921 val_loss=0.56414 clean_val_auroc=0.89402 elapsed=1660.0s
full/mixed/resnet/seed_43 epoch=24/25 train_loss=0.06641 val_loss=0.53181 clean_val_auroc=0.89584 elapsed=1731.8s
full/mixed/resnet/seed_43 epoch=25/25 train_loss=0.06049 val_loss=0.59400 clean_val_auroc=0.89136 elapsed=1803.2s
full/clean_only/resnet/seed_101 epoch=1/25 train_loss=0.35659 val_loss=0.33867 clean_val_auroc=0.89214 elapsed=57.6s
full/clean_only/resnet/seed_101 epoch=2/25 train_loss=0.29008 val_loss=0.30531 clean_val_auroc=0.90750 elapsed=115.5s
full/clean_only/resnet/seed_101 epoch=3/25 train_loss=0.27121 val_loss=0.31464 clean_val_auroc=0.90670 elapsed=173.5s
full/clean_only/resnet/seed_101 epoch=4/25 train_loss=0.25572 val_loss=0.33545 clean_val_auroc=0.90545 elapsed=231.4s
full/clean_only/resnet/seed_101 epoch=5/25 train_loss=0.24593 val_loss=0.30197 clean_val_auroc=0.91249 elapsed=289.3s
full/clean_only/resnet/seed_101 epoch=6/25 train_loss=0.23019 val_loss=0.31340 clean_val_auroc=0.91095 elapsed=347.5s
full/clean_only/resnet/seed_101 epoch=7/25 train_loss=0.22037 val_loss=0.33814 clean_val_auroc=0.90703 elapsed=405.5s
full/clean_only/resnet/seed_101 epoch=8/25 train_loss=0.20833 val_loss=0.34625 clean_val_auroc=0.90631 elapsed=463.4s
full/clean_only/resnet/seed_101 epoch=9/25 train_loss=0.19454 val_loss=0.35057 clean_val_auroc=0.90472 elapsed=521.4s
full/clean_only/resnet/seed_101 epoch=10/25 train_loss=0.17617 val_loss=0.40608 clean_val_auroc=0.89335 elapsed=581.5s
full/clean_only/resnet/seed_101 epoch=11/25 train_loss=0.15943 val_loss=0.41129 clean_val_auroc=0.89937 elapsed=640.0s
full/clean_only/resnet/seed_101 epoch=12/25 train_loss=0.13957 val_loss=0.44269 clean_val_auroc=0.89868 elapsed=698.1s
full/clean_only/resnet/seed_101 epoch=13/25 train_loss=0.12821 val_loss=0.45517 clean_val_auroc=0.89394 elapsed=756.7s
full/clean_only/resnet/seed_101 epoch=14/25 train_loss=0.11093 val_loss=0.53094 clean_val_auroc=0.89793 elapsed=815.0s
full/clean_only/resnet/seed_101 epoch=15/25 train_loss=0.09459 val_loss=0.52871 clean_val_auroc=0.89447 elapsed=873.3s
full/clean_only/resnet/seed_101 epoch=16/25 train_loss=0.08079 val_loss=0.51755 clean_val_auroc=0.88479 elapsed=931.6s
full/clean_only/resnet/seed_101 epoch=17/25 train_loss=0.07096 val_loss=0.57301 clean_val_auroc=0.89240 elapsed=989.8s
full/clean_only/resnet/seed_101 epoch=18/25 train_loss=0.06709 val_loss=0.53310 clean_val_auroc=0.88667 elapsed=1047.9s
full/clean_only/resnet/seed_101 epoch=19/25 train_loss=0.05813 val_loss=0.64933 clean_val_auroc=0.89453 elapsed=1106.1s
full/clean_only/resnet/seed_101 epoch=20/25 train_loss=0.04746 val_loss=0.65302 clean_val_auroc=0.88839 elapsed=1164.3s
full/clean_only/resnet/seed_101 epoch=21/25 train_loss=0.04410 val_loss=0.62314 clean_val_auroc=0.89189 elapsed=1222.3s
full/clean_only/resnet/seed_101 epoch=22/25 train_loss=0.04236 val_loss=0.70741 clean_val_auroc=0.89134 elapsed=1280.4s
full/clean_only/resnet/seed_101 epoch=23/25 train_loss=0.04064 val_loss=0.65855 clean_val_auroc=0.89533 elapsed=1338.6s
full/clean_only/resnet/seed_101 epoch=24/25 train_loss=0.03680 val_loss=0.70145 clean_val_auroc=0.89263 elapsed=1396.8s
full/clean_only/resnet/seed_101 epoch=25/25 train_loss=0.03075 val_loss=0.70428 clean_val_auroc=0.89505 elapsed=1454.8s
full/independent_rms/resnet/seed_101 epoch=1/25 train_loss=0.36012 val_loss=0.35116 clean_val_auroc=0.88916 elapsed=80.2s
full/independent_rms/resnet/seed_101 epoch=2/25 train_loss=0.29389 val_loss=0.31010 clean_val_auroc=0.90657 elapsed=163.0s
full/independent_rms/resnet/seed_101 epoch=3/25 train_loss=0.27488 val_loss=0.31505 clean_val_auroc=0.90844 elapsed=250.0s
full/independent_rms/resnet/seed_101 epoch=4/25 train_loss=0.26214 val_loss=0.31315 clean_val_auroc=0.90794 elapsed=333.3s
full/independent_rms/resnet/seed_101 epoch=5/25 train_loss=0.25332 val_loss=0.30513 clean_val_auroc=0.91088 elapsed=410.4s
full/independent_rms/resnet/seed_101 epoch=6/25 train_loss=0.24036 val_loss=0.31174 clean_val_auroc=0.91048 elapsed=487.8s
full/independent_rms/resnet/seed_101 epoch=7/25 train_loss=0.23423 val_loss=0.34093 clean_val_auroc=0.90788 elapsed=564.6s
full/independent_rms/resnet/seed_101 epoch=8/25 train_loss=0.22474 val_loss=0.34310 clean_val_auroc=0.91026 elapsed=641.5s
full/independent_rms/resnet/seed_101 epoch=9/25 train_loss=0.21388 val_loss=0.34759 clean_val_auroc=0.90732 elapsed=720.4s
full/independent_rms/resnet/seed_101 epoch=10/25 train_loss=0.20212 val_loss=0.34616 clean_val_auroc=0.90714 elapsed=797.1s
full/independent_rms/resnet/seed_101 epoch=11/25 train_loss=0.19136 val_loss=0.35125 clean_val_auroc=0.90838 elapsed=874.1s
full/independent_rms/resnet/seed_101 epoch=12/25 train_loss=0.17762 val_loss=0.37545 clean_val_auroc=0.90683 elapsed=951.2s
full/independent_rms/resnet/seed_101 epoch=13/25 train_loss=0.16417 val_loss=0.36796 clean_val_auroc=0.90315 elapsed=1027.9s
full/independent_rms/resnet/seed_101 epoch=14/25 train_loss=0.15294 val_loss=0.42014 clean_val_auroc=0.89728 elapsed=1104.0s
full/independent_rms/resnet/seed_101 epoch=15/25 train_loss=0.14270 val_loss=0.39956 clean_val_auroc=0.90349 elapsed=1180.7s
full/independent_rms/resnet/seed_101 epoch=16/25 train_loss=0.12906 val_loss=0.45995 clean_val_auroc=0.89123 elapsed=1257.6s
full/independent_rms/resnet/seed_101 epoch=17/25 train_loss=0.12010 val_loss=0.46043 clean_val_auroc=0.89528 elapsed=1335.1s
full/independent_rms/resnet/seed_101 epoch=18/25 train_loss=0.10856 val_loss=0.46213 clean_val_auroc=0.89103 elapsed=1411.9s
full/independent_rms/resnet/seed_101 epoch=19/25 train_loss=0.09662 val_loss=0.58783 clean_val_auroc=0.89125 elapsed=1488.7s
full/independent_rms/resnet/seed_101 epoch=20/25 train_loss=0.08007 val_loss=0.48799 clean_val_auroc=0.89256 elapsed=1565.8s
full/independent_rms/resnet/seed_101 epoch=21/25 train_loss=0.07818 val_loss=0.57507 clean_val_auroc=0.89051 elapsed=1642.6s
full/independent_rms/resnet/seed_101 epoch=22/25 train_loss=0.07231 val_loss=0.56327 clean_val_auroc=0.88949 elapsed=1719.1s
full/independent_rms/resnet/seed_101 epoch=23/25 train_loss=0.06620 val_loss=0.56527 clean_val_auroc=0.89263 elapsed=1796.3s
full/independent_rms/resnet/seed_101 epoch=24/25 train_loss=0.06043 val_loss=0.57564 clean_val_auroc=0.89332 elapsed=1873.7s
full/independent_rms/resnet/seed_101 epoch=25/25 train_loss=0.05819 val_loss=0.62645 clean_val_auroc=0.88991 elapsed=1950.6s
full/electrode/resnet/seed_101 epoch=1/25 train_loss=0.35947 val_loss=0.33823 clean_val_auroc=0.88934 elapsed=67.1s
full/electrode/resnet/seed_101 epoch=2/25 train_loss=0.29346 val_loss=0.30049 clean_val_auroc=0.90741 elapsed=134.5s
full/electrode/resnet/seed_101 epoch=3/25 train_loss=0.27544 val_loss=0.31306 clean_val_auroc=0.90786 elapsed=201.7s
full/electrode/resnet/seed_101 epoch=4/25 train_loss=0.26156 val_loss=0.31735 clean_val_auroc=0.90844 elapsed=266.3s
full/electrode/resnet/seed_101 epoch=5/25 train_loss=0.25355 val_loss=0.30335 clean_val_auroc=0.91234 elapsed=330.9s
full/electrode/resnet/seed_101 epoch=6/25 train_loss=0.24290 val_loss=0.30922 clean_val_auroc=0.91064 elapsed=395.5s
full/electrode/resnet/seed_101 epoch=7/25 train_loss=0.23606 val_loss=0.33048 clean_val_auroc=0.91080 elapsed=460.0s
full/electrode/resnet/seed_101 epoch=8/25 train_loss=0.22587 val_loss=0.34021 clean_val_auroc=0.90864 elapsed=524.7s
full/electrode/resnet/seed_101 epoch=9/25 train_loss=0.21851 val_loss=0.32865 clean_val_auroc=0.91029 elapsed=589.1s
full/electrode/resnet/seed_101 epoch=10/25 train_loss=0.20480 val_loss=0.33088 clean_val_auroc=0.90664 elapsed=654.2s
full/electrode/resnet/seed_101 epoch=11/25 train_loss=0.19602 val_loss=0.34624 clean_val_auroc=0.90791 elapsed=718.7s
full/electrode/resnet/seed_101 epoch=12/25 train_loss=0.18271 val_loss=0.39796 clean_val_auroc=0.90422 elapsed=783.4s
full/electrode/resnet/seed_101 epoch=13/25 train_loss=0.17441 val_loss=0.38603 clean_val_auroc=0.90472 elapsed=848.2s
full/electrode/resnet/seed_101 epoch=14/25 train_loss=0.16242 val_loss=0.36996 clean_val_auroc=0.90270 elapsed=913.1s
full/electrode/resnet/seed_101 epoch=15/25 train_loss=0.15201 val_loss=0.43769 clean_val_auroc=0.89821 elapsed=977.7s
full/electrode/resnet/seed_101 epoch=16/25 train_loss=0.14118 val_loss=0.42966 clean_val_auroc=0.89065 elapsed=1042.4s
full/electrode/resnet/seed_101 epoch=17/25 train_loss=0.13234 val_loss=0.44430 clean_val_auroc=0.89954 elapsed=1107.3s
full/electrode/resnet/seed_101 epoch=18/25 train_loss=0.11894 val_loss=0.43624 clean_val_auroc=0.89664 elapsed=1172.2s
full/electrode/resnet/seed_101 epoch=19/25 train_loss=0.11493 val_loss=0.47612 clean_val_auroc=0.89678 elapsed=1237.2s
full/electrode/resnet/seed_101 epoch=20/25 train_loss=0.10026 val_loss=0.46417 clean_val_auroc=0.89417 elapsed=1302.1s
full/electrode/resnet/seed_101 epoch=21/25 train_loss=0.09273 val_loss=0.51245 clean_val_auroc=0.89343 elapsed=1366.7s
full/electrode/resnet/seed_101 epoch=22/25 train_loss=0.08629 val_loss=0.54863 clean_val_auroc=0.89502 elapsed=1431.3s
full/electrode/resnet/seed_101 epoch=23/25 train_loss=0.07910 val_loss=0.56249 clean_val_auroc=0.88917 elapsed=1496.2s
full/electrode/resnet/seed_101 epoch=24/25 train_loss=0.07817 val_loss=0.53137 clean_val_auroc=0.89080 elapsed=1561.2s
full/electrode/resnet/seed_101 epoch=25/25 train_loss=0.06804 val_loss=0.55612 clean_val_auroc=0.89094 elapsed=1625.9s
full/mixed/resnet/seed_101 epoch=1/25 train_loss=0.35915 val_loss=0.34369 clean_val_auroc=0.88583 elapsed=78.0s
full/mixed/resnet/seed_101 epoch=2/25 train_loss=0.29398 val_loss=0.30541 clean_val_auroc=0.90682 elapsed=147.2s
full/mixed/resnet/seed_101 epoch=3/25 train_loss=0.27432 val_loss=0.32309 clean_val_auroc=0.90643 elapsed=216.4s
full/mixed/resnet/seed_101 epoch=4/25 train_loss=0.26097 val_loss=0.32997 clean_val_auroc=0.90501 elapsed=285.4s
full/mixed/resnet/seed_101 epoch=5/25 train_loss=0.25196 val_loss=0.32284 clean_val_auroc=0.91109 elapsed=354.5s
full/mixed/resnet/seed_101 epoch=6/25 train_loss=0.24069 val_loss=0.30878 clean_val_auroc=0.91128 elapsed=423.7s
full/mixed/resnet/seed_101 epoch=7/25 train_loss=0.23383 val_loss=0.33632 clean_val_auroc=0.90807 elapsed=492.9s
full/mixed/resnet/seed_101 epoch=8/25 train_loss=0.22450 val_loss=0.33926 clean_val_auroc=0.90934 elapsed=561.9s
full/mixed/resnet/seed_101 epoch=9/25 train_loss=0.21446 val_loss=0.32304 clean_val_auroc=0.90883 elapsed=631.0s
full/mixed/resnet/seed_101 epoch=10/25 train_loss=0.20339 val_loss=0.37853 clean_val_auroc=0.89995 elapsed=700.3s
full/mixed/resnet/seed_101 epoch=11/25 train_loss=0.19327 val_loss=0.32991 clean_val_auroc=0.91148 elapsed=771.0s
full/mixed/resnet/seed_101 epoch=12/25 train_loss=0.17878 val_loss=0.37521 clean_val_auroc=0.90545 elapsed=840.2s
full/mixed/resnet/seed_101 epoch=13/25 train_loss=0.16806 val_loss=0.36976 clean_val_auroc=0.90353 elapsed=909.3s
full/mixed/resnet/seed_101 epoch=14/25 train_loss=0.15647 val_loss=0.37753 clean_val_auroc=0.90781 elapsed=978.7s
full/mixed/resnet/seed_101 epoch=15/25 train_loss=0.14454 val_loss=0.40585 clean_val_auroc=0.90306 elapsed=1047.5s
full/mixed/resnet/seed_101 epoch=16/25 train_loss=0.13172 val_loss=0.41921 clean_val_auroc=0.89013 elapsed=1116.6s
full/mixed/resnet/seed_101 epoch=17/25 train_loss=0.11871 val_loss=0.47188 clean_val_auroc=0.89853 elapsed=1185.7s
full/mixed/resnet/seed_101 epoch=18/25 train_loss=0.11380 val_loss=0.41865 clean_val_auroc=0.89610 elapsed=1254.5s
full/mixed/resnet/seed_101 epoch=19/25 train_loss=0.10141 val_loss=0.50708 clean_val_auroc=0.90040 elapsed=1323.4s
full/mixed/resnet/seed_101 epoch=20/25 train_loss=0.08831 val_loss=0.49036 clean_val_auroc=0.89393 elapsed=1392.1s
full/mixed/resnet/seed_101 epoch=21/25 train_loss=0.08520 val_loss=0.49775 clean_val_auroc=0.88457 elapsed=1461.2s
full/mixed/resnet/seed_101 epoch=22/25 train_loss=0.08061 val_loss=0.50562 clean_val_auroc=0.89391 elapsed=1530.1s
full/mixed/resnet/seed_101 epoch=23/25 train_loss=0.06971 val_loss=0.65932 clean_val_auroc=0.89027 elapsed=1599.8s
full/mixed/resnet/seed_101 epoch=24/25 train_loss=0.07031 val_loss=0.55620 clean_val_auroc=0.89070 elapsed=1668.8s
full/mixed/resnet/seed_101 epoch=25/25 train_loss=0.06754 val_loss=0.55998 clean_val_auroc=0.89191 elapsed=1737.5s
full/clean_only/resnet/seed_202 epoch=1/25 train_loss=0.35140 val_loss=0.32677 clean_val_auroc=0.89840 elapsed=55.6s
full/clean_only/resnet/seed_202 epoch=2/25 train_loss=0.29574 val_loss=0.31981 clean_val_auroc=0.90438 elapsed=111.6s
full/clean_only/resnet/seed_202 epoch=3/25 train_loss=0.27327 val_loss=0.34066 clean_val_auroc=0.90638 elapsed=167.4s
full/clean_only/resnet/seed_202 epoch=4/25 train_loss=0.26020 val_loss=0.31036 clean_val_auroc=0.91201 elapsed=223.3s
full/clean_only/resnet/seed_202 epoch=5/25 train_loss=0.24953 val_loss=0.30808 clean_val_auroc=0.90948 elapsed=279.2s
full/clean_only/resnet/seed_202 epoch=6/25 train_loss=0.23596 val_loss=0.31891 clean_val_auroc=0.90854 elapsed=335.1s
full/clean_only/resnet/seed_202 epoch=7/25 train_loss=0.22210 val_loss=0.31246 clean_val_auroc=0.91010 elapsed=391.0s
full/clean_only/resnet/seed_202 epoch=8/25 train_loss=0.21206 val_loss=0.31676 clean_val_auroc=0.91041 elapsed=446.9s
full/clean_only/resnet/seed_202 epoch=9/25 train_loss=0.19609 val_loss=0.34571 clean_val_auroc=0.90749 elapsed=502.8s
full/clean_only/resnet/seed_202 epoch=10/25 train_loss=0.18127 val_loss=0.35926 clean_val_auroc=0.90546 elapsed=558.7s
full/clean_only/resnet/seed_202 epoch=11/25 train_loss=0.16633 val_loss=0.41591 clean_val_auroc=0.90087 elapsed=614.7s
full/clean_only/resnet/seed_202 epoch=12/25 train_loss=0.14780 val_loss=0.43638 clean_val_auroc=0.89928 elapsed=670.6s
full/clean_only/resnet/seed_202 epoch=13/25 train_loss=0.13133 val_loss=0.43218 clean_val_auroc=0.89508 elapsed=726.5s
full/clean_only/resnet/seed_202 epoch=14/25 train_loss=0.11305 val_loss=0.43396 clean_val_auroc=0.89600 elapsed=782.4s
full/clean_only/resnet/seed_202 epoch=15/25 train_loss=0.10099 val_loss=0.54474 clean_val_auroc=0.88764 elapsed=838.4s
full/clean_only/resnet/seed_202 epoch=16/25 train_loss=0.08135 val_loss=0.54047 clean_val_auroc=0.88525 elapsed=894.3s
full/clean_only/resnet/seed_202 epoch=17/25 train_loss=0.07555 val_loss=0.51719 clean_val_auroc=0.88751 elapsed=950.3s
full/clean_only/resnet/seed_202 epoch=18/25 train_loss=0.07232 val_loss=0.57891 clean_val_auroc=0.89324 elapsed=1006.6s
full/clean_only/resnet/seed_202 epoch=19/25 train_loss=0.05900 val_loss=0.56204 clean_val_auroc=0.89087 elapsed=1062.9s
full/clean_only/resnet/seed_202 epoch=20/25 train_loss=0.04991 val_loss=0.60312 clean_val_auroc=0.88694 elapsed=1118.8s
full/clean_only/resnet/seed_202 epoch=21/25 train_loss=0.04357 val_loss=0.67108 clean_val_auroc=0.87668 elapsed=1174.9s
full/clean_only/resnet/seed_202 epoch=22/25 train_loss=0.04473 val_loss=0.67189 clean_val_auroc=0.88812 elapsed=1230.8s
full/clean_only/resnet/seed_202 epoch=23/25 train_loss=0.03643 val_loss=0.69347 clean_val_auroc=0.88719 elapsed=1286.8s
full/clean_only/resnet/seed_202 epoch=24/25 train_loss=0.04048 val_loss=0.68263 clean_val_auroc=0.88189 elapsed=1342.7s
full/clean_only/resnet/seed_202 epoch=25/25 train_loss=0.03599 val_loss=0.68334 clean_val_auroc=0.88697 elapsed=1398.5s
full/independent_rms/resnet/seed_202 epoch=1/25 train_loss=0.35240 val_loss=0.34001 clean_val_auroc=0.89733 elapsed=74.1s
full/independent_rms/resnet/seed_202 epoch=2/25 train_loss=0.29684 val_loss=0.32256 clean_val_auroc=0.90311 elapsed=148.5s
full/independent_rms/resnet/seed_202 epoch=3/25 train_loss=0.27681 val_loss=0.35806 clean_val_auroc=0.90381 elapsed=222.4s
full/independent_rms/resnet/seed_202 epoch=4/25 train_loss=0.26556 val_loss=0.30481 clean_val_auroc=0.91153 elapsed=296.4s
full/independent_rms/resnet/seed_202 epoch=5/25 train_loss=0.25736 val_loss=0.30617 clean_val_auroc=0.91137 elapsed=371.4s
full/independent_rms/resnet/seed_202 epoch=6/25 train_loss=0.24520 val_loss=0.30629 clean_val_auroc=0.90865 elapsed=450.9s
full/independent_rms/resnet/seed_202 epoch=7/25 train_loss=0.23511 val_loss=0.32253 clean_val_auroc=0.90843 elapsed=524.4s
full/independent_rms/resnet/seed_202 epoch=8/25 train_loss=0.22756 val_loss=0.32056 clean_val_auroc=0.90943 elapsed=597.7s
full/independent_rms/resnet/seed_202 epoch=9/25 train_loss=0.21692 val_loss=0.33353 clean_val_auroc=0.90931 elapsed=671.6s
full/independent_rms/resnet/seed_202 epoch=10/25 train_loss=0.20708 val_loss=0.35844 clean_val_auroc=0.90122 elapsed=745.0s
full/independent_rms/resnet/seed_202 epoch=11/25 train_loss=0.19970 val_loss=0.35097 clean_val_auroc=0.90572 elapsed=818.3s
full/independent_rms/resnet/seed_202 epoch=12/25 train_loss=0.18351 val_loss=0.38030 clean_val_auroc=0.90412 elapsed=892.2s
full/independent_rms/resnet/seed_202 epoch=13/25 train_loss=0.17156 val_loss=0.36067 clean_val_auroc=0.90301 elapsed=966.1s
full/independent_rms/resnet/seed_202 epoch=14/25 train_loss=0.15948 val_loss=0.44791 clean_val_auroc=0.89866 elapsed=1039.7s
full/independent_rms/resnet/seed_202 epoch=15/25 train_loss=0.14748 val_loss=0.51163 clean_val_auroc=0.89762 elapsed=1113.3s
full/independent_rms/resnet/seed_202 epoch=16/25 train_loss=0.12882 val_loss=0.50485 clean_val_auroc=0.89718 elapsed=1186.8s
full/independent_rms/resnet/seed_202 epoch=17/25 train_loss=0.12233 val_loss=0.44220 clean_val_auroc=0.88978 elapsed=1262.7s
full/independent_rms/resnet/seed_202 epoch=18/25 train_loss=0.11246 val_loss=0.47649 clean_val_auroc=0.89349 elapsed=1336.7s
full/independent_rms/resnet/seed_202 epoch=19/25 train_loss=0.09914 val_loss=0.49154 clean_val_auroc=0.88898 elapsed=1410.2s
full/independent_rms/resnet/seed_202 epoch=20/25 train_loss=0.08692 val_loss=0.57961 clean_val_auroc=0.88471 elapsed=1483.6s
full/independent_rms/resnet/seed_202 epoch=21/25 train_loss=0.08101 val_loss=0.56236 clean_val_auroc=0.88635 elapsed=1557.0s
full/independent_rms/resnet/seed_202 epoch=22/25 train_loss=0.07338 val_loss=0.60909 clean_val_auroc=0.88822 elapsed=1630.3s
full/independent_rms/resnet/seed_202 epoch=23/25 train_loss=0.06963 val_loss=0.57085 clean_val_auroc=0.88660 elapsed=1703.8s
full/independent_rms/resnet/seed_202 epoch=24/25 train_loss=0.06370 val_loss=0.60199 clean_val_auroc=0.88022 elapsed=1777.2s
full/independent_rms/resnet/seed_202 epoch=25/25 train_loss=0.05505 val_loss=0.63000 clean_val_auroc=0.88637 elapsed=1851.0s
full/electrode/resnet/seed_202 epoch=1/25 train_loss=0.35344 val_loss=0.31930 clean_val_auroc=0.90005 elapsed=64.2s
full/electrode/resnet/seed_202 epoch=2/25 train_loss=0.29813 val_loss=0.31868 clean_val_auroc=0.90234 elapsed=128.7s
full/electrode/resnet/seed_202 epoch=3/25 train_loss=0.27805 val_loss=0.34737 clean_val_auroc=0.90574 elapsed=193.5s
full/electrode/resnet/seed_202 epoch=4/25 train_loss=0.26691 val_loss=0.31208 clean_val_auroc=0.91123 elapsed=258.4s
full/electrode/resnet/seed_202 epoch=5/25 train_loss=0.25807 val_loss=0.31501 clean_val_auroc=0.90956 elapsed=323.2s
full/electrode/resnet/seed_202 epoch=6/25 train_loss=0.24645 val_loss=0.32022 clean_val_auroc=0.90719 elapsed=388.1s
full/electrode/resnet/seed_202 epoch=7/25 train_loss=0.23620 val_loss=0.31420 clean_val_auroc=0.90876 elapsed=452.7s
full/electrode/resnet/seed_202 epoch=8/25 train_loss=0.23021 val_loss=0.30714 clean_val_auroc=0.91298 elapsed=519.0s
full/electrode/resnet/seed_202 epoch=9/25 train_loss=0.22079 val_loss=0.32259 clean_val_auroc=0.90951 elapsed=583.9s
full/electrode/resnet/seed_202 epoch=10/25 train_loss=0.20840 val_loss=0.32506 clean_val_auroc=0.90743 elapsed=648.7s
full/electrode/resnet/seed_202 epoch=11/25 train_loss=0.20118 val_loss=0.34099 clean_val_auroc=0.90425 elapsed=713.6s
full/electrode/resnet/seed_202 epoch=12/25 train_loss=0.18536 val_loss=0.37742 clean_val_auroc=0.90366 elapsed=778.3s
full/electrode/resnet/seed_202 epoch=13/25 train_loss=0.17689 val_loss=0.37623 clean_val_auroc=0.89925 elapsed=843.0s
full/electrode/resnet/seed_202 epoch=14/25 train_loss=0.16484 val_loss=0.39868 clean_val_auroc=0.90172 elapsed=907.5s
full/electrode/resnet/seed_202 epoch=15/25 train_loss=0.15340 val_loss=0.42202 clean_val_auroc=0.90253 elapsed=971.9s
full/electrode/resnet/seed_202 epoch=16/25 train_loss=0.13419 val_loss=0.46333 clean_val_auroc=0.89552 elapsed=1036.4s
full/electrode/resnet/seed_202 epoch=17/25 train_loss=0.12998 val_loss=0.41718 clean_val_auroc=0.89640 elapsed=1101.0s
full/electrode/resnet/seed_202 epoch=18/25 train_loss=0.12039 val_loss=0.44997 clean_val_auroc=0.89721 elapsed=1167.2s
full/electrode/resnet/seed_202 epoch=19/25 train_loss=0.10353 val_loss=0.47163 clean_val_auroc=0.89391 elapsed=1231.8s
full/electrode/resnet/seed_202 epoch=20/25 train_loss=0.10140 val_loss=0.47902 clean_val_auroc=0.88914 elapsed=1296.5s
full/electrode/resnet/seed_202 epoch=21/25 train_loss=0.09361 val_loss=0.53116 clean_val_auroc=0.88657 elapsed=1361.5s
full/electrode/resnet/seed_202 epoch=22/25 train_loss=0.08338 val_loss=0.55869 clean_val_auroc=0.88547 elapsed=1426.1s
full/electrode/resnet/seed_202 epoch=23/25 train_loss=0.07837 val_loss=0.56338 clean_val_auroc=0.88817 elapsed=1492.0s
full/electrode/resnet/seed_202 epoch=24/25 train_loss=0.07060 val_loss=0.56369 clean_val_auroc=0.88752 elapsed=1556.8s
full/electrode/resnet/seed_202 epoch=25/25 train_loss=0.06337 val_loss=0.60885 clean_val_auroc=0.89027 elapsed=1621.5s
full/mixed/resnet/seed_202 epoch=1/25 train_loss=0.35450 val_loss=0.34383 clean_val_auroc=0.89392 elapsed=69.3s
full/mixed/resnet/seed_202 epoch=2/25 train_loss=0.29803 val_loss=0.31727 clean_val_auroc=0.90435 elapsed=138.7s
full/mixed/resnet/seed_202 epoch=3/25 train_loss=0.27655 val_loss=0.36246 clean_val_auroc=0.90418 elapsed=209.1s
full/mixed/resnet/seed_202 epoch=4/25 train_loss=0.26549 val_loss=0.30207 clean_val_auroc=0.91342 elapsed=279.2s
full/mixed/resnet/seed_202 epoch=5/25 train_loss=0.25644 val_loss=0.30350 clean_val_auroc=0.91028 elapsed=348.4s
full/mixed/resnet/seed_202 epoch=6/25 train_loss=0.24530 val_loss=0.30981 clean_val_auroc=0.91343 elapsed=417.3s
full/mixed/resnet/seed_202 epoch=7/25 train_loss=0.23458 val_loss=0.31276 clean_val_auroc=0.91150 elapsed=486.5s
full/mixed/resnet/seed_202 epoch=8/25 train_loss=0.22713 val_loss=0.32415 clean_val_auroc=0.90899 elapsed=555.5s
full/mixed/resnet/seed_202 epoch=9/25 train_loss=0.21831 val_loss=0.33149 clean_val_auroc=0.90530 elapsed=624.6s
full/mixed/resnet/seed_202 epoch=10/25 train_loss=0.20565 val_loss=0.32976 clean_val_auroc=0.90796 elapsed=694.1s
full/mixed/resnet/seed_202 epoch=11/25 train_loss=0.19947 val_loss=0.33990 clean_val_auroc=0.90695 elapsed=763.1s
full/mixed/resnet/seed_202 epoch=12/25 train_loss=0.18467 val_loss=0.37816 clean_val_auroc=0.90338 elapsed=832.2s
full/mixed/resnet/seed_202 epoch=13/25 train_loss=0.17553 val_loss=0.36973 clean_val_auroc=0.89986 elapsed=901.4s
full/mixed/resnet/seed_202 epoch=14/25 train_loss=0.16215 val_loss=0.37273 clean_val_auroc=0.90023 elapsed=970.3s
full/mixed/resnet/seed_202 epoch=15/25 train_loss=0.14766 val_loss=0.43773 clean_val_auroc=0.89800 elapsed=1039.5s
full/mixed/resnet/seed_202 epoch=16/25 train_loss=0.13684 val_loss=0.45596 clean_val_auroc=0.89499 elapsed=1109.5s
full/mixed/resnet/seed_202 epoch=17/25 train_loss=0.12657 val_loss=0.44051 clean_val_auroc=0.89768 elapsed=1178.3s
full/mixed/resnet/seed_202 epoch=18/25 train_loss=0.11756 val_loss=0.49280 clean_val_auroc=0.89347 elapsed=1247.1s
full/mixed/resnet/seed_202 epoch=19/25 train_loss=0.10410 val_loss=0.60936 clean_val_auroc=0.87875 elapsed=1316.4s
full/mixed/resnet/seed_202 epoch=20/25 train_loss=0.09772 val_loss=0.50040 clean_val_auroc=0.88807 elapsed=1385.4s
full/mixed/resnet/seed_202 epoch=21/25 train_loss=0.08678 val_loss=0.54342 clean_val_auroc=0.88824 elapsed=1456.2s
full/mixed/resnet/seed_202 epoch=22/25 train_loss=0.07927 val_loss=0.57741 clean_val_auroc=0.88691 elapsed=1525.2s
full/mixed/resnet/seed_202 epoch=23/25 train_loss=0.08040 val_loss=0.54014 clean_val_auroc=0.88832 elapsed=1594.7s
full/mixed/resnet/seed_202 epoch=24/25 train_loss=0.06978 val_loss=0.57506 clean_val_auroc=0.88344 elapsed=1663.7s
full/mixed/resnet/seed_202 epoch=25/25 train_loss=0.06499 val_loss=0.57013 clean_val_auroc=0.88613 elapsed=1732.6s
full/clean_only/tcn/seed_17 epoch=1/25 train_loss=0.46459 val_loss=0.45909 clean_val_auroc=0.83012 elapsed=28.7s
full/clean_only/tcn/seed_17 epoch=2/25 train_loss=0.36346 val_loss=0.36297 clean_val_auroc=0.87623 elapsed=57.5s
full/clean_only/tcn/seed_17 epoch=3/25 train_loss=0.33415 val_loss=0.35898 clean_val_auroc=0.88569 elapsed=86.1s
full/clean_only/tcn/seed_17 epoch=4/25 train_loss=0.31795 val_loss=0.32406 clean_val_auroc=0.89586 elapsed=114.7s
full/clean_only/tcn/seed_17 epoch=5/25 train_loss=0.30956 val_loss=0.33362 clean_val_auroc=0.89839 elapsed=143.4s
full/clean_only/tcn/seed_17 epoch=6/25 train_loss=0.30113 val_loss=0.32431 clean_val_auroc=0.90096 elapsed=171.9s
full/clean_only/tcn/seed_17 epoch=7/25 train_loss=0.29592 val_loss=0.34055 clean_val_auroc=0.90336 elapsed=200.7s
full/clean_only/tcn/seed_17 epoch=8/25 train_loss=0.28903 val_loss=0.34014 clean_val_auroc=0.90432 elapsed=229.4s
full/clean_only/tcn/seed_17 epoch=9/25 train_loss=0.28608 val_loss=0.33408 clean_val_auroc=0.90641 elapsed=258.0s
full/clean_only/tcn/seed_17 epoch=10/25 train_loss=0.28150 val_loss=0.31079 clean_val_auroc=0.91059 elapsed=286.7s
full/clean_only/tcn/seed_17 epoch=11/25 train_loss=0.27570 val_loss=0.31905 clean_val_auroc=0.91062 elapsed=315.4s
full/clean_only/tcn/seed_17 epoch=12/25 train_loss=0.27309 val_loss=0.33181 clean_val_auroc=0.91129 elapsed=344.3s
full/clean_only/tcn/seed_17 epoch=13/25 train_loss=0.27039 val_loss=0.32406 clean_val_auroc=0.91293 elapsed=373.1s
full/clean_only/tcn/seed_17 epoch=14/25 train_loss=0.26957 val_loss=0.30471 clean_val_auroc=0.91607 elapsed=402.1s
full/clean_only/tcn/seed_17 epoch=15/25 train_loss=0.26749 val_loss=0.34218 clean_val_auroc=0.91250 elapsed=431.4s
full/clean_only/tcn/seed_17 epoch=16/25 train_loss=0.26284 val_loss=0.29484 clean_val_auroc=0.91764 elapsed=460.0s
full/clean_only/tcn/seed_17 epoch=17/25 train_loss=0.26239 val_loss=0.32498 clean_val_auroc=0.91661 elapsed=488.7s
full/clean_only/tcn/seed_17 epoch=18/25 train_loss=0.25703 val_loss=0.32342 clean_val_auroc=0.91715 elapsed=517.4s
full/clean_only/tcn/seed_17 epoch=19/25 train_loss=0.25735 val_loss=0.33174 clean_val_auroc=0.91572 elapsed=546.0s
full/clean_only/tcn/seed_17 epoch=20/25 train_loss=0.25633 val_loss=0.29088 clean_val_auroc=0.92076 elapsed=574.5s
full/clean_only/tcn/seed_17 epoch=21/25 train_loss=0.25431 val_loss=0.29283 clean_val_auroc=0.92102 elapsed=603.0s
full/clean_only/tcn/seed_17 epoch=22/25 train_loss=0.25327 val_loss=0.35297 clean_val_auroc=0.91491 elapsed=631.5s
full/clean_only/tcn/seed_17 epoch=23/25 train_loss=0.25177 val_loss=0.28621 clean_val_auroc=0.92335 elapsed=660.3s
full/clean_only/tcn/seed_17 epoch=24/25 train_loss=0.24722 val_loss=0.30662 clean_val_auroc=0.92142 elapsed=688.7s
full/clean_only/tcn/seed_17 epoch=25/25 train_loss=0.24635 val_loss=0.31102 clean_val_auroc=0.92149 elapsed=720.3s
full/independent_rms/tcn/seed_17 epoch=1/25 train_loss=0.46740 val_loss=0.45905 clean_val_auroc=0.82767 elapsed=48.9s
full/independent_rms/tcn/seed_17 epoch=2/25 train_loss=0.36605 val_loss=0.36427 clean_val_auroc=0.87445 elapsed=94.8s
full/independent_rms/tcn/seed_17 epoch=3/25 train_loss=0.33740 val_loss=0.35308 clean_val_auroc=0.88532 elapsed=139.8s
full/independent_rms/tcn/seed_17 epoch=4/25 train_loss=0.32021 val_loss=0.32543 clean_val_auroc=0.89476 elapsed=184.6s
full/independent_rms/tcn/seed_17 epoch=5/25 train_loss=0.31137 val_loss=0.33308 clean_val_auroc=0.89755 elapsed=228.9s
full/independent_rms/tcn/seed_17 epoch=6/25 train_loss=0.30398 val_loss=0.32867 clean_val_auroc=0.89965 elapsed=273.7s
full/independent_rms/tcn/seed_17 epoch=7/25 train_loss=0.29758 val_loss=0.34625 clean_val_auroc=0.90210 elapsed=319.2s
full/independent_rms/tcn/seed_17 epoch=8/25 train_loss=0.29118 val_loss=0.34025 clean_val_auroc=0.90341 elapsed=363.8s
full/independent_rms/tcn/seed_17 epoch=9/25 train_loss=0.28805 val_loss=0.33449 clean_val_auroc=0.90566 elapsed=407.9s
full/independent_rms/tcn/seed_17 epoch=10/25 train_loss=0.28393 val_loss=0.30888 clean_val_auroc=0.91008 elapsed=451.9s
full/independent_rms/tcn/seed_17 epoch=11/25 train_loss=0.27828 val_loss=0.31904 clean_val_auroc=0.91023 elapsed=496.7s
full/independent_rms/tcn/seed_17 epoch=12/25 train_loss=0.27545 val_loss=0.32812 clean_val_auroc=0.91141 elapsed=541.2s
full/independent_rms/tcn/seed_17 epoch=13/25 train_loss=0.27248 val_loss=0.32378 clean_val_auroc=0.91255 elapsed=585.3s
full/independent_rms/tcn/seed_17 epoch=14/25 train_loss=0.27217 val_loss=0.30196 clean_val_auroc=0.91551 elapsed=629.6s
full/independent_rms/tcn/seed_17 epoch=15/25 train_loss=0.27030 val_loss=0.33842 clean_val_auroc=0.91241 elapsed=674.0s
full/independent_rms/tcn/seed_17 epoch=16/25 train_loss=0.26589 val_loss=0.29286 clean_val_auroc=0.91785 elapsed=717.9s
full/independent_rms/tcn/seed_17 epoch=17/25 train_loss=0.26495 val_loss=0.32290 clean_val_auroc=0.91629 elapsed=762.0s
full/independent_rms/tcn/seed_17 epoch=18/25 train_loss=0.26018 val_loss=0.32327 clean_val_auroc=0.91724 elapsed=809.2s
full/independent_rms/tcn/seed_17 epoch=19/25 train_loss=0.25980 val_loss=0.33064 clean_val_auroc=0.91541 elapsed=856.1s
full/independent_rms/tcn/seed_17 epoch=20/25 train_loss=0.25897 val_loss=0.28984 clean_val_auroc=0.92073 elapsed=917.4s
full/independent_rms/tcn/seed_17 epoch=21/25 train_loss=0.25698 val_loss=0.29131 clean_val_auroc=0.92138 elapsed=964.0s
full/independent_rms/tcn/seed_17 epoch=22/25 train_loss=0.25564 val_loss=0.34945 clean_val_auroc=0.91532 elapsed=1010.7s
full/independent_rms/tcn/seed_17 epoch=23/25 train_loss=0.25443 val_loss=0.28816 clean_val_auroc=0.92301 elapsed=1058.4s
full/independent_rms/tcn/seed_17 epoch=24/25 train_loss=0.24962 val_loss=0.30743 clean_val_auroc=0.92128 elapsed=1108.7s
full/independent_rms/tcn/seed_17 epoch=25/25 train_loss=0.24954 val_loss=0.30647 clean_val_auroc=0.92207 elapsed=1156.3s
full/electrode/tcn/seed_17 epoch=1/25 train_loss=0.46793 val_loss=0.45949 clean_val_auroc=0.82628 elapsed=41.3s
full/electrode/tcn/seed_17 epoch=2/25 train_loss=0.36707 val_loss=0.36647 clean_val_auroc=0.87390 elapsed=86.7s
full/electrode/tcn/seed_17 epoch=3/25 train_loss=0.33706 val_loss=0.36337 clean_val_auroc=0.88386 elapsed=125.9s
full/electrode/tcn/seed_17 epoch=4/25 train_loss=0.32112 val_loss=0.32502 clean_val_auroc=0.89471 elapsed=164.8s
full/electrode/tcn/seed_17 epoch=5/25 train_loss=0.31163 val_loss=0.33633 clean_val_auroc=0.89709 elapsed=204.0s
full/electrode/tcn/seed_17 epoch=6/25 train_loss=0.30406 val_loss=0.32799 clean_val_auroc=0.89974 elapsed=244.5s
full/electrode/tcn/seed_17 epoch=7/25 train_loss=0.29826 val_loss=0.33962 clean_val_auroc=0.90245 elapsed=285.5s
full/electrode/tcn/seed_17 epoch=8/25 train_loss=0.29151 val_loss=0.34107 clean_val_auroc=0.90353 elapsed=324.8s
full/electrode/tcn/seed_17 epoch=9/25 train_loss=0.28839 val_loss=0.33474 clean_val_auroc=0.90539 elapsed=364.6s
full/electrode/tcn/seed_17 epoch=10/25 train_loss=0.28404 val_loss=0.31418 clean_val_auroc=0.90948 elapsed=404.0s
full/electrode/tcn/seed_17 epoch=11/25 train_loss=0.27862 val_loss=0.31814 clean_val_auroc=0.91037 elapsed=442.9s
full/electrode/tcn/seed_17 epoch=12/25 train_loss=0.27605 val_loss=0.32385 clean_val_auroc=0.91110 elapsed=481.7s
full/electrode/tcn/seed_17 epoch=13/25 train_loss=0.27312 val_loss=0.32364 clean_val_auroc=0.91246 elapsed=520.5s
full/electrode/tcn/seed_17 epoch=14/25 train_loss=0.27183 val_loss=0.30004 clean_val_auroc=0.91567 elapsed=566.6s
full/electrode/tcn/seed_17 epoch=15/25 train_loss=0.27026 val_loss=0.33719 clean_val_auroc=0.91260 elapsed=606.8s
full/electrode/tcn/seed_17 epoch=16/25 train_loss=0.26623 val_loss=0.29380 clean_val_auroc=0.91771 elapsed=646.6s
full/electrode/tcn/seed_17 epoch=17/25 train_loss=0.26594 val_loss=0.32242 clean_val_auroc=0.91648 elapsed=685.9s
full/electrode/tcn/seed_17 epoch=18/25 train_loss=0.26113 val_loss=0.32548 clean_val_auroc=0.91681 elapsed=724.8s
full/electrode/tcn/seed_17 epoch=19/25 train_loss=0.26118 val_loss=0.33068 clean_val_auroc=0.91513 elapsed=763.4s
full/electrode/tcn/seed_17 epoch=20/25 train_loss=0.25974 val_loss=0.28861 clean_val_auroc=0.92086 elapsed=802.1s
full/electrode/tcn/seed_17 epoch=21/25 train_loss=0.25829 val_loss=0.29050 clean_val_auroc=0.92134 elapsed=841.6s
full/electrode/tcn/seed_17 epoch=22/25 train_loss=0.25625 val_loss=0.34618 clean_val_auroc=0.91572 elapsed=880.5s
full/electrode/tcn/seed_17 epoch=23/25 train_loss=0.25572 val_loss=0.28689 clean_val_auroc=0.92302 elapsed=919.7s
full/electrode/tcn/seed_17 epoch=24/25 train_loss=0.25102 val_loss=0.30282 clean_val_auroc=0.92140 elapsed=959.2s
full/electrode/tcn/seed_17 epoch=25/25 train_loss=0.25044 val_loss=0.30508 clean_val_auroc=0.92183 elapsed=998.2s
full/mixed/tcn/seed_17 epoch=1/25 train_loss=0.46805 val_loss=0.45891 clean_val_auroc=0.82753 elapsed=45.2s
full/mixed/tcn/seed_17 epoch=2/25 train_loss=0.36621 val_loss=0.36559 clean_val_auroc=0.87455 elapsed=89.1s
full/mixed/tcn/seed_17 epoch=3/25 train_loss=0.33709 val_loss=0.36704 clean_val_auroc=0.88322 elapsed=132.6s
full/mixed/tcn/seed_17 epoch=4/25 train_loss=0.32149 val_loss=0.32577 clean_val_auroc=0.89442 elapsed=176.0s
full/mixed/tcn/seed_17 epoch=5/25 train_loss=0.31171 val_loss=0.33512 clean_val_auroc=0.89716 elapsed=219.3s
full/mixed/tcn/seed_17 epoch=6/25 train_loss=0.30401 val_loss=0.32564 clean_val_auroc=0.90005 elapsed=262.8s
full/mixed/tcn/seed_17 epoch=7/25 train_loss=0.29846 val_loss=0.34351 clean_val_auroc=0.90208 elapsed=306.1s
full/mixed/tcn/seed_17 epoch=8/25 train_loss=0.29155 val_loss=0.33950 clean_val_auroc=0.90350 elapsed=349.3s
full/mixed/tcn/seed_17 epoch=9/25 train_loss=0.28815 val_loss=0.33428 clean_val_auroc=0.90544 elapsed=393.0s
full/mixed/tcn/seed_17 epoch=10/25 train_loss=0.28420 val_loss=0.31338 clean_val_auroc=0.90951 elapsed=436.1s
full/mixed/tcn/seed_17 epoch=11/25 train_loss=0.27834 val_loss=0.32331 clean_val_auroc=0.90951 elapsed=481.8s
full/mixed/tcn/seed_17 epoch=12/25 train_loss=0.27607 val_loss=0.32611 clean_val_auroc=0.91092 elapsed=527.2s
full/mixed/tcn/seed_17 epoch=13/25 train_loss=0.27364 val_loss=0.32286 clean_val_auroc=0.91240 elapsed=571.4s
full/mixed/tcn/seed_17 epoch=14/25 train_loss=0.27245 val_loss=0.30495 clean_val_auroc=0.91527 elapsed=614.5s
full/mixed/tcn/seed_17 epoch=15/25 train_loss=0.27039 val_loss=0.33904 clean_val_auroc=0.91210 elapsed=658.0s
full/mixed/tcn/seed_17 epoch=16/25 train_loss=0.26662 val_loss=0.29327 clean_val_auroc=0.91746 elapsed=701.5s
full/mixed/tcn/seed_17 epoch=17/25 train_loss=0.26563 val_loss=0.32296 clean_val_auroc=0.91613 elapsed=744.7s
full/mixed/tcn/seed_17 epoch=18/25 train_loss=0.26078 val_loss=0.32705 clean_val_auroc=0.91634 elapsed=787.9s
full/mixed/tcn/seed_17 epoch=19/25 train_loss=0.26065 val_loss=0.33167 clean_val_auroc=0.91553 elapsed=831.3s
full/mixed/tcn/seed_17 epoch=20/25 train_loss=0.25947 val_loss=0.29425 clean_val_auroc=0.92013 elapsed=874.5s
full/mixed/tcn/seed_17 epoch=21/25 train_loss=0.25834 val_loss=0.29083 clean_val_auroc=0.92111 elapsed=918.2s
full/mixed/tcn/seed_17 epoch=22/25 train_loss=0.25628 val_loss=0.34586 clean_val_auroc=0.91546 elapsed=961.4s
full/mixed/tcn/seed_17 epoch=23/25 train_loss=0.25500 val_loss=0.28709 clean_val_auroc=0.92291 elapsed=1004.9s
full/mixed/tcn/seed_17 epoch=24/25 train_loss=0.25092 val_loss=0.30809 clean_val_auroc=0.92094 elapsed=1048.2s
full/mixed/tcn/seed_17 epoch=25/25 train_loss=0.25002 val_loss=0.30886 clean_val_auroc=0.92154 elapsed=1091.9s
full/clean_only/tcn/seed_29 epoch=1/25 train_loss=0.46155 val_loss=0.41192 clean_val_auroc=0.83657 elapsed=30.7s
full/clean_only/tcn/seed_29 epoch=2/25 train_loss=0.36818 val_loss=0.36199 clean_val_auroc=0.87115 elapsed=61.7s
full/clean_only/tcn/seed_29 epoch=3/25 train_loss=0.33766 val_loss=0.40121 clean_val_auroc=0.88526 elapsed=92.5s
full/clean_only/tcn/seed_29 epoch=4/25 train_loss=0.31582 val_loss=0.35149 clean_val_auroc=0.89680 elapsed=123.5s
full/clean_only/tcn/seed_29 epoch=5/25 train_loss=0.30390 val_loss=0.36295 clean_val_auroc=0.89867 elapsed=154.4s
full/clean_only/tcn/seed_29 epoch=6/25 train_loss=0.29654 val_loss=0.32554 clean_val_auroc=0.90408 elapsed=185.9s
full/clean_only/tcn/seed_29 epoch=7/25 train_loss=0.29251 val_loss=0.32879 clean_val_auroc=0.90618 elapsed=217.3s
full/clean_only/tcn/seed_29 epoch=8/25 train_loss=0.28381 val_loss=0.35063 clean_val_auroc=0.90696 elapsed=248.7s
full/clean_only/tcn/seed_29 epoch=9/25 train_loss=0.28347 val_loss=0.36397 clean_val_auroc=0.90687 elapsed=280.8s
full/clean_only/tcn/seed_29 epoch=10/25 train_loss=0.27758 val_loss=0.33184 clean_val_auroc=0.91084 elapsed=313.2s
full/clean_only/tcn/seed_29 epoch=11/25 train_loss=0.27383 val_loss=0.31176 clean_val_auroc=0.91575 elapsed=345.5s
full/clean_only/tcn/seed_29 epoch=12/25 train_loss=0.26736 val_loss=0.34769 clean_val_auroc=0.91256 elapsed=377.1s
full/clean_only/tcn/seed_29 epoch=13/25 train_loss=0.26700 val_loss=0.30218 clean_val_auroc=0.91685 elapsed=409.1s
full/clean_only/tcn/seed_29 epoch=14/25 train_loss=0.26504 val_loss=0.30713 clean_val_auroc=0.91868 elapsed=441.2s
full/clean_only/tcn/seed_29 epoch=15/25 train_loss=0.26375 val_loss=0.36268 clean_val_auroc=0.91230 elapsed=473.1s
full/clean_only/tcn/seed_29 epoch=16/25 train_loss=0.26024 val_loss=0.33266 clean_val_auroc=0.91778 elapsed=504.8s
full/clean_only/tcn/seed_29 epoch=17/25 train_loss=0.25888 val_loss=0.32958 clean_val_auroc=0.91743 elapsed=536.7s
full/clean_only/tcn/seed_29 epoch=18/25 train_loss=0.25352 val_loss=0.31854 clean_val_auroc=0.91851 elapsed=568.3s
full/clean_only/tcn/seed_29 epoch=19/25 train_loss=0.25079 val_loss=0.35070 clean_val_auroc=0.91707 elapsed=600.3s
full/clean_only/tcn/seed_29 epoch=20/25 train_loss=0.25003 val_loss=0.35503 clean_val_auroc=0.91585 elapsed=631.7s
full/clean_only/tcn/seed_29 epoch=21/25 train_loss=0.24987 val_loss=0.35609 clean_val_auroc=0.91547 elapsed=663.5s
full/clean_only/tcn/seed_29 epoch=22/25 train_loss=0.25105 val_loss=0.31775 clean_val_auroc=0.91879 elapsed=695.3s
full/clean_only/tcn/seed_29 epoch=23/25 train_loss=0.24685 val_loss=0.35926 clean_val_auroc=0.91742 elapsed=727.4s
full/clean_only/tcn/seed_29 epoch=24/25 train_loss=0.24571 val_loss=0.32722 clean_val_auroc=0.91825 elapsed=759.5s
full/clean_only/tcn/seed_29 epoch=25/25 train_loss=0.24341 val_loss=0.29511 clean_val_auroc=0.92276 elapsed=791.8s
full/independent_rms/tcn/seed_29 epoch=1/25 train_loss=0.46423 val_loss=0.42241 clean_val_auroc=0.83374 elapsed=50.5s
full/independent_rms/tcn/seed_29 epoch=2/25 train_loss=0.37035 val_loss=0.36286 clean_val_auroc=0.87012 elapsed=100.2s
full/independent_rms/tcn/seed_29 epoch=3/25 train_loss=0.33993 val_loss=0.40705 clean_val_auroc=0.88350 elapsed=148.8s
full/independent_rms/tcn/seed_29 epoch=4/25 train_loss=0.31826 val_loss=0.35453 clean_val_auroc=0.89590 elapsed=198.4s
full/independent_rms/tcn/seed_29 epoch=5/25 train_loss=0.30572 val_loss=0.36087 clean_val_auroc=0.89831 elapsed=247.3s
full/independent_rms/tcn/seed_29 epoch=6/25 train_loss=0.29786 val_loss=0.32840 clean_val_auroc=0.90355 elapsed=295.6s
full/independent_rms/tcn/seed_29 epoch=7/25 train_loss=0.29398 val_loss=0.33425 clean_val_auroc=0.90568 elapsed=344.2s
full/independent_rms/tcn/seed_29 epoch=8/25 train_loss=0.28608 val_loss=0.35079 clean_val_auroc=0.90608 elapsed=393.0s
full/independent_rms/tcn/seed_29 epoch=9/25 train_loss=0.28503 val_loss=0.36429 clean_val_auroc=0.90630 elapsed=442.3s
full/independent_rms/tcn/seed_29 epoch=10/25 train_loss=0.27999 val_loss=0.32723 clean_val_auroc=0.91100 elapsed=490.0s
full/independent_rms/tcn/seed_29 epoch=11/25 train_loss=0.27546 val_loss=0.31088 clean_val_auroc=0.91532 elapsed=538.0s
full/independent_rms/tcn/seed_29 epoch=12/25 train_loss=0.26972 val_loss=0.33558 clean_val_auroc=0.91318 elapsed=587.5s
full/independent_rms/tcn/seed_29 epoch=13/25 train_loss=0.26933 val_loss=0.29924 clean_val_auroc=0.91695 elapsed=636.1s
full/independent_rms/tcn/seed_29 epoch=14/25 train_loss=0.26766 val_loss=0.30410 clean_val_auroc=0.91885 elapsed=683.7s
full/independent_rms/tcn/seed_29 epoch=15/25 train_loss=0.26643 val_loss=0.36535 clean_val_auroc=0.91209 elapsed=731.9s
full/independent_rms/tcn/seed_29 epoch=16/25 train_loss=0.26247 val_loss=0.31937 clean_val_auroc=0.91849 elapsed=782.6s
full/independent_rms/tcn/seed_29 epoch=17/25 train_loss=0.26192 val_loss=0.31968 clean_val_auroc=0.91781 elapsed=830.2s
full/independent_rms/tcn/seed_29 epoch=18/25 train_loss=0.25643 val_loss=0.31412 clean_val_auroc=0.91861 elapsed=878.4s
full/independent_rms/tcn/seed_29 epoch=19/25 train_loss=0.25397 val_loss=0.34191 clean_val_auroc=0.91746 elapsed=926.4s
full/independent_rms/tcn/seed_29 epoch=20/25 train_loss=0.25331 val_loss=0.34550 clean_val_auroc=0.91665 elapsed=974.8s
full/independent_rms/tcn/seed_29 epoch=21/25 train_loss=0.25329 val_loss=0.34029 clean_val_auroc=0.91702 elapsed=1023.2s
full/independent_rms/tcn/seed_29 epoch=22/25 train_loss=0.25337 val_loss=0.30975 clean_val_auroc=0.91987 elapsed=1071.2s
full/independent_rms/tcn/seed_29 epoch=23/25 train_loss=0.24970 val_loss=0.35209 clean_val_auroc=0.91818 elapsed=1118.8s
full/independent_rms/tcn/seed_29 epoch=24/25 train_loss=0.24869 val_loss=0.32012 clean_val_auroc=0.91936 elapsed=1166.9s
full/independent_rms/tcn/seed_29 epoch=25/25 train_loss=0.24640 val_loss=0.29326 clean_val_auroc=0.92269 elapsed=1214.8s
full/electrode/tcn/seed_29 epoch=1/25 train_loss=0.46418 val_loss=0.42269 clean_val_auroc=0.83377 elapsed=38.8s
full/electrode/tcn/seed_29 epoch=2/25 train_loss=0.37112 val_loss=0.36157 clean_val_auroc=0.87010 elapsed=77.8s
full/electrode/tcn/seed_29 epoch=3/25 train_loss=0.33938 val_loss=0.40298 clean_val_auroc=0.88398 elapsed=117.2s
full/electrode/tcn/seed_29 epoch=4/25 train_loss=0.31831 val_loss=0.35465 clean_val_auroc=0.89569 elapsed=156.8s
full/electrode/tcn/seed_29 epoch=5/25 train_loss=0.30570 val_loss=0.36131 clean_val_auroc=0.89847 elapsed=196.0s
full/electrode/tcn/seed_29 epoch=6/25 train_loss=0.29878 val_loss=0.32698 clean_val_auroc=0.90383 elapsed=235.7s
full/electrode/tcn/seed_29 epoch=7/25 train_loss=0.29443 val_loss=0.32397 clean_val_auroc=0.90647 elapsed=275.4s
full/electrode/tcn/seed_29 epoch=8/25 train_loss=0.28569 val_loss=0.35163 clean_val_auroc=0.90633 elapsed=316.1s
full/electrode/tcn/seed_29 epoch=9/25 train_loss=0.28664 val_loss=0.36414 clean_val_auroc=0.90610 elapsed=355.4s
full/electrode/tcn/seed_29 epoch=10/25 train_loss=0.28013 val_loss=0.33078 clean_val_auroc=0.91055 elapsed=394.9s
full/electrode/tcn/seed_29 epoch=11/25 train_loss=0.27550 val_loss=0.30985 clean_val_auroc=0.91558 elapsed=434.7s
full/electrode/tcn/seed_29 epoch=12/25 train_loss=0.27052 val_loss=0.33149 clean_val_auroc=0.91374 elapsed=475.2s
full/electrode/tcn/seed_29 epoch=13/25 train_loss=0.26914 val_loss=0.29949 clean_val_auroc=0.91698 elapsed=514.4s
full/electrode/tcn/seed_29 epoch=14/25 train_loss=0.26824 val_loss=0.30333 clean_val_auroc=0.91866 elapsed=556.5s
full/electrode/tcn/seed_29 epoch=15/25 train_loss=0.26764 val_loss=0.36484 clean_val_auroc=0.91168 elapsed=596.5s
full/electrode/tcn/seed_29 epoch=16/25 train_loss=0.26385 val_loss=0.32246 clean_val_auroc=0.91810 elapsed=636.0s
full/electrode/tcn/seed_29 epoch=17/25 train_loss=0.26246 val_loss=0.32211 clean_val_auroc=0.91788 elapsed=675.7s
full/electrode/tcn/seed_29 epoch=18/25 train_loss=0.25695 val_loss=0.31219 clean_val_auroc=0.91886 elapsed=715.3s
full/electrode/tcn/seed_29 epoch=19/25 train_loss=0.25482 val_loss=0.33664 clean_val_auroc=0.91808 elapsed=754.8s
full/electrode/tcn/seed_29 epoch=20/25 train_loss=0.25387 val_loss=0.33807 clean_val_auroc=0.91720 elapsed=794.5s
full/electrode/tcn/seed_29 epoch=21/25 train_loss=0.25355 val_loss=0.33990 clean_val_auroc=0.91724 elapsed=834.2s
full/electrode/tcn/seed_29 epoch=22/25 train_loss=0.25513 val_loss=0.31541 clean_val_auroc=0.91953 elapsed=874.0s
full/electrode/tcn/seed_29 epoch=23/25 train_loss=0.25116 val_loss=0.35140 clean_val_auroc=0.91798 elapsed=913.8s
full/electrode/tcn/seed_29 epoch=24/25 train_loss=0.25050 val_loss=0.32023 clean_val_auroc=0.91975 elapsed=953.4s
full/electrode/tcn/seed_29 epoch=25/25 train_loss=0.24949 val_loss=0.29541 clean_val_auroc=0.92215 elapsed=993.1s
full/mixed/tcn/seed_29 epoch=1/25 train_loss=0.46441 val_loss=0.41066 clean_val_auroc=0.83370 elapsed=46.9s
full/mixed/tcn/seed_29 epoch=2/25 train_loss=0.37088 val_loss=0.36365 clean_val_auroc=0.86913 elapsed=92.9s
full/mixed/tcn/seed_29 epoch=3/25 train_loss=0.34072 val_loss=0.39634 clean_val_auroc=0.88428 elapsed=137.2s
full/mixed/tcn/seed_29 epoch=4/25 train_loss=0.31846 val_loss=0.35238 clean_val_auroc=0.89574 elapsed=181.2s
full/mixed/tcn/seed_29 epoch=5/25 train_loss=0.30600 val_loss=0.36461 clean_val_auroc=0.89778 elapsed=225.1s
full/mixed/tcn/seed_29 epoch=6/25 train_loss=0.29858 val_loss=0.32647 clean_val_auroc=0.90359 elapsed=269.3s
full/mixed/tcn/seed_29 epoch=7/25 train_loss=0.29423 val_loss=0.33126 clean_val_auroc=0.90528 elapsed=312.7s
full/mixed/tcn/seed_29 epoch=8/25 train_loss=0.28604 val_loss=0.34971 clean_val_auroc=0.90652 elapsed=356.3s
full/mixed/tcn/seed_29 epoch=9/25 train_loss=0.28591 val_loss=0.35966 clean_val_auroc=0.90664 elapsed=400.1s
full/mixed/tcn/seed_29 epoch=10/25 train_loss=0.28021 val_loss=0.32729 clean_val_auroc=0.91113 elapsed=444.7s
full/mixed/tcn/seed_29 epoch=11/25 train_loss=0.27572 val_loss=0.31112 clean_val_auroc=0.91545 elapsed=488.7s
full/mixed/tcn/seed_29 epoch=12/25 train_loss=0.27052 val_loss=0.34042 clean_val_auroc=0.91305 elapsed=532.7s
full/mixed/tcn/seed_29 epoch=13/25 train_loss=0.26986 val_loss=0.29903 clean_val_auroc=0.91697 elapsed=576.8s
full/mixed/tcn/seed_29 epoch=14/25 train_loss=0.26766 val_loss=0.30393 clean_val_auroc=0.91872 elapsed=620.9s
full/mixed/tcn/seed_29 epoch=15/25 train_loss=0.26701 val_loss=0.36242 clean_val_auroc=0.91213 elapsed=665.1s
full/mixed/tcn/seed_29 epoch=16/25 train_loss=0.26297 val_loss=0.31959 clean_val_auroc=0.91853 elapsed=709.3s
full/mixed/tcn/seed_29 epoch=17/25 train_loss=0.26224 val_loss=0.31889 clean_val_auroc=0.91832 elapsed=753.7s
full/mixed/tcn/seed_29 epoch=18/25 train_loss=0.25675 val_loss=0.31866 clean_val_auroc=0.91841 elapsed=798.2s
full/mixed/tcn/seed_29 epoch=19/25 train_loss=0.25479 val_loss=0.34451 clean_val_auroc=0.91772 elapsed=842.5s
full/mixed/tcn/seed_29 epoch=20/25 train_loss=0.25408 val_loss=0.33584 clean_val_auroc=0.91721 elapsed=886.5s
full/mixed/tcn/seed_29 epoch=21/25 train_loss=0.25375 val_loss=0.34297 clean_val_auroc=0.91679 elapsed=930.9s
full/mixed/tcn/seed_29 epoch=22/25 train_loss=0.25383 val_loss=0.31255 clean_val_auroc=0.91929 elapsed=975.4s
full/mixed/tcn/seed_29 epoch=23/25 train_loss=0.25073 val_loss=0.35459 clean_val_auroc=0.91761 elapsed=1019.4s
full/mixed/tcn/seed_29 epoch=24/25 train_loss=0.24980 val_loss=0.32164 clean_val_auroc=0.91937 elapsed=1063.2s
full/mixed/tcn/seed_29 epoch=25/25 train_loss=0.24778 val_loss=0.29367 clean_val_auroc=0.92278 elapsed=1107.6s
full/clean_only/tcn/seed_43 epoch=1/25 train_loss=0.45645 val_loss=0.41093 clean_val_auroc=0.84951 elapsed=30.5s
full/clean_only/tcn/seed_43 epoch=2/25 train_loss=0.36114 val_loss=0.38653 clean_val_auroc=0.87570 elapsed=61.3s
full/clean_only/tcn/seed_43 epoch=3/25 train_loss=0.33470 val_loss=0.34108 clean_val_auroc=0.89043 elapsed=92.3s
full/clean_only/tcn/seed_43 epoch=4/25 train_loss=0.31643 val_loss=0.34839 clean_val_auroc=0.89393 elapsed=123.5s
full/clean_only/tcn/seed_43 epoch=5/25 train_loss=0.30890 val_loss=0.34462 clean_val_auroc=0.90148 elapsed=155.4s
full/clean_only/tcn/seed_43 epoch=6/25 train_loss=0.29964 val_loss=0.34137 clean_val_auroc=0.90372 elapsed=187.0s
full/clean_only/tcn/seed_43 epoch=7/25 train_loss=0.29252 val_loss=0.31581 clean_val_auroc=0.90863 elapsed=218.8s
full/clean_only/tcn/seed_43 epoch=8/25 train_loss=0.28894 val_loss=0.32921 clean_val_auroc=0.90930 elapsed=251.0s
full/clean_only/tcn/seed_43 epoch=9/25 train_loss=0.28583 val_loss=0.33065 clean_val_auroc=0.91047 elapsed=283.0s
full/clean_only/tcn/seed_43 epoch=10/25 train_loss=0.27909 val_loss=0.33163 clean_val_auroc=0.91056 elapsed=314.5s
full/clean_only/tcn/seed_43 epoch=11/25 train_loss=0.27581 val_loss=0.32963 clean_val_auroc=0.91434 elapsed=346.2s
full/clean_only/tcn/seed_43 epoch=12/25 train_loss=0.27453 val_loss=0.32795 clean_val_auroc=0.91359 elapsed=378.2s
full/clean_only/tcn/seed_43 epoch=13/25 train_loss=0.27024 val_loss=0.30705 clean_val_auroc=0.91618 elapsed=409.8s
full/clean_only/tcn/seed_43 epoch=14/25 train_loss=0.26798 val_loss=0.34611 clean_val_auroc=0.91461 elapsed=441.7s
full/clean_only/tcn/seed_43 epoch=15/25 train_loss=0.26314 val_loss=0.33694 clean_val_auroc=0.91464 elapsed=473.5s
full/clean_only/tcn/seed_43 epoch=16/25 train_loss=0.26575 val_loss=0.32007 clean_val_auroc=0.91648 elapsed=505.5s
full/clean_only/tcn/seed_43 epoch=17/25 train_loss=0.26289 val_loss=0.31521 clean_val_auroc=0.91735 elapsed=538.1s
full/clean_only/tcn/seed_43 epoch=18/25 train_loss=0.25688 val_loss=0.29481 clean_val_auroc=0.92090 elapsed=570.4s
full/clean_only/tcn/seed_43 epoch=19/25 train_loss=0.25411 val_loss=0.31746 clean_val_auroc=0.91882 elapsed=602.7s
full/clean_only/tcn/seed_43 epoch=20/25 train_loss=0.25708 val_loss=0.30781 clean_val_auroc=0.92120 elapsed=634.6s
full/clean_only/tcn/seed_43 epoch=21/25 train_loss=0.25539 val_loss=0.30956 clean_val_auroc=0.91987 elapsed=667.3s
full/clean_only/tcn/seed_43 epoch=22/25 train_loss=0.25600 val_loss=0.31325 clean_val_auroc=0.91694 elapsed=699.9s
full/clean_only/tcn/seed_43 epoch=23/25 train_loss=0.24938 val_loss=0.36058 clean_val_auroc=0.91705 elapsed=733.3s
full/clean_only/tcn/seed_43 epoch=24/25 train_loss=0.24896 val_loss=0.35634 clean_val_auroc=0.91761 elapsed=766.8s
full/clean_only/tcn/seed_43 epoch=25/25 train_loss=0.24652 val_loss=0.32547 clean_val_auroc=0.91921 elapsed=798.6s
full/independent_rms/tcn/seed_43 epoch=1/25 train_loss=0.45791 val_loss=0.41130 clean_val_auroc=0.84917 elapsed=51.1s
full/independent_rms/tcn/seed_43 epoch=2/25 train_loss=0.36197 val_loss=0.38778 clean_val_auroc=0.87494 elapsed=102.2s
full/independent_rms/tcn/seed_43 epoch=3/25 train_loss=0.33604 val_loss=0.34359 clean_val_auroc=0.88956 elapsed=152.4s
full/independent_rms/tcn/seed_43 epoch=4/25 train_loss=0.31786 val_loss=0.34875 clean_val_auroc=0.89307 elapsed=201.7s
full/independent_rms/tcn/seed_43 epoch=5/25 train_loss=0.31048 val_loss=0.34833 clean_val_auroc=0.90065 elapsed=250.8s
full/independent_rms/tcn/seed_43 epoch=6/25 train_loss=0.30162 val_loss=0.34358 clean_val_auroc=0.90291 elapsed=300.2s
full/independent_rms/tcn/seed_43 epoch=7/25 train_loss=0.29426 val_loss=0.31580 clean_val_auroc=0.90831 elapsed=350.0s
full/independent_rms/tcn/seed_43 epoch=8/25 train_loss=0.29087 val_loss=0.33092 clean_val_auroc=0.90877 elapsed=401.1s
full/independent_rms/tcn/seed_43 epoch=9/25 train_loss=0.28745 val_loss=0.32771 clean_val_auroc=0.91037 elapsed=450.1s
full/independent_rms/tcn/seed_43 epoch=10/25 train_loss=0.28101 val_loss=0.32970 clean_val_auroc=0.91063 elapsed=499.5s
full/independent_rms/tcn/seed_43 epoch=11/25 train_loss=0.27823 val_loss=0.32701 clean_val_auroc=0.91405 elapsed=548.0s
full/independent_rms/tcn/seed_43 epoch=12/25 train_loss=0.27647 val_loss=0.32660 clean_val_auroc=0.91319 elapsed=597.1s
full/independent_rms/tcn/seed_43 epoch=13/25 train_loss=0.27323 val_loss=0.30231 clean_val_auroc=0.91632 elapsed=646.5s
full/independent_rms/tcn/seed_43 epoch=14/25 train_loss=0.27092 val_loss=0.34537 clean_val_auroc=0.91430 elapsed=695.4s
full/independent_rms/tcn/seed_43 epoch=15/25 train_loss=0.26559 val_loss=0.33372 clean_val_auroc=0.91465 elapsed=744.1s
full/independent_rms/tcn/seed_43 epoch=16/25 train_loss=0.26863 val_loss=0.31516 clean_val_auroc=0.91667 elapsed=792.8s
full/independent_rms/tcn/seed_43 epoch=17/25 train_loss=0.26589 val_loss=0.31682 clean_val_auroc=0.91711 elapsed=842.1s
full/independent_rms/tcn/seed_43 epoch=18/25 train_loss=0.26002 val_loss=0.29128 clean_val_auroc=0.92125 elapsed=890.4s
full/independent_rms/tcn/seed_43 epoch=19/25 train_loss=0.25737 val_loss=0.31498 clean_val_auroc=0.91902 elapsed=939.5s
full/independent_rms/tcn/seed_43 epoch=20/25 train_loss=0.25995 val_loss=0.30879 clean_val_auroc=0.92107 elapsed=988.0s
full/independent_rms/tcn/seed_43 epoch=21/25 train_loss=0.25861 val_loss=0.30973 clean_val_auroc=0.92002 elapsed=1035.9s
full/independent_rms/tcn/seed_43 epoch=22/25 train_loss=0.25813 val_loss=0.31420 clean_val_auroc=0.91711 elapsed=1084.1s
full/independent_rms/tcn/seed_43 epoch=23/25 train_loss=0.25286 val_loss=0.35473 clean_val_auroc=0.91760 elapsed=1132.5s
full/independent_rms/tcn/seed_43 epoch=24/25 train_loss=0.25288 val_loss=0.35333 clean_val_auroc=0.91751 elapsed=1180.8s
full/independent_rms/tcn/seed_43 epoch=25/25 train_loss=0.25033 val_loss=0.31875 clean_val_auroc=0.91975 elapsed=1229.5s
full/electrode/tcn/seed_43 epoch=1/25 train_loss=0.45723 val_loss=0.41171 clean_val_auroc=0.85010 elapsed=40.5s
full/electrode/tcn/seed_43 epoch=2/25 train_loss=0.36193 val_loss=0.39371 clean_val_auroc=0.87476 elapsed=80.2s
full/electrode/tcn/seed_43 epoch=3/25 train_loss=0.33568 val_loss=0.34222 clean_val_auroc=0.88950 elapsed=120.2s
full/electrode/tcn/seed_43 epoch=4/25 train_loss=0.31808 val_loss=0.34728 clean_val_auroc=0.89291 elapsed=160.6s
full/electrode/tcn/seed_43 epoch=5/25 train_loss=0.31096 val_loss=0.34380 clean_val_auroc=0.90064 elapsed=200.6s
full/electrode/tcn/seed_43 epoch=6/25 train_loss=0.30188 val_loss=0.34010 clean_val_auroc=0.90277 elapsed=240.7s
full/electrode/tcn/seed_43 epoch=7/25 train_loss=0.29453 val_loss=0.31678 clean_val_auroc=0.90795 elapsed=281.0s
full/electrode/tcn/seed_43 epoch=8/25 train_loss=0.29221 val_loss=0.33255 clean_val_auroc=0.90840 elapsed=321.0s
full/electrode/tcn/seed_43 epoch=9/25 train_loss=0.28826 val_loss=0.33015 clean_val_auroc=0.91016 elapsed=360.9s
full/electrode/tcn/seed_43 epoch=10/25 train_loss=0.28183 val_loss=0.33137 clean_val_auroc=0.91008 elapsed=400.8s
full/electrode/tcn/seed_43 epoch=11/25 train_loss=0.27921 val_loss=0.32504 clean_val_auroc=0.91408 elapsed=441.8s
full/electrode/tcn/seed_43 epoch=12/25 train_loss=0.27747 val_loss=0.32800 clean_val_auroc=0.91268 elapsed=483.7s
full/electrode/tcn/seed_43 epoch=13/25 train_loss=0.27392 val_loss=0.30327 clean_val_auroc=0.91609 elapsed=527.8s
full/electrode/tcn/seed_43 epoch=14/25 train_loss=0.27162 val_loss=0.34428 clean_val_auroc=0.91440 elapsed=567.7s
full/electrode/tcn/seed_43 epoch=15/25 train_loss=0.26655 val_loss=0.32986 clean_val_auroc=0.91510 elapsed=609.0s
full/electrode/tcn/seed_43 epoch=16/25 train_loss=0.26957 val_loss=0.31668 clean_val_auroc=0.91636 elapsed=652.0s
full/electrode/tcn/seed_43 epoch=17/25 train_loss=0.26606 val_loss=0.31158 clean_val_auroc=0.91765 elapsed=694.1s
full/electrode/tcn/seed_43 epoch=18/25 train_loss=0.26117 val_loss=0.29196 clean_val_auroc=0.92097 elapsed=734.3s
full/electrode/tcn/seed_43 epoch=19/25 train_loss=0.25798 val_loss=0.31483 clean_val_auroc=0.91871 elapsed=774.3s
full/electrode/tcn/seed_43 epoch=20/25 train_loss=0.26143 val_loss=0.30666 clean_val_auroc=0.92095 elapsed=814.8s
full/electrode/tcn/seed_43 epoch=21/25 train_loss=0.25934 val_loss=0.31064 clean_val_auroc=0.91941 elapsed=854.5s
full/electrode/tcn/seed_43 epoch=22/25 train_loss=0.25974 val_loss=0.30899 clean_val_auroc=0.91805 elapsed=895.6s
full/electrode/tcn/seed_43 epoch=23/25 train_loss=0.25338 val_loss=0.35399 clean_val_auroc=0.91791 elapsed=935.7s
full/electrode/tcn/seed_43 epoch=24/25 train_loss=0.25358 val_loss=0.34630 clean_val_auroc=0.91817 elapsed=976.3s
full/electrode/tcn/seed_43 epoch=25/25 train_loss=0.25145 val_loss=0.32268 clean_val_auroc=0.91887 elapsed=1016.5s
full/mixed/tcn/seed_43 epoch=1/25 train_loss=0.45752 val_loss=0.40961 clean_val_auroc=0.85022 elapsed=45.7s
full/mixed/tcn/seed_43 epoch=2/25 train_loss=0.36210 val_loss=0.38899 clean_val_auroc=0.87500 elapsed=91.3s
full/mixed/tcn/seed_43 epoch=3/25 train_loss=0.33564 val_loss=0.34214 clean_val_auroc=0.88962 elapsed=136.3s
full/mixed/tcn/seed_43 epoch=4/25 train_loss=0.31827 val_loss=0.34848 clean_val_auroc=0.89309 elapsed=183.3s
full/mixed/tcn/seed_43 epoch=5/25 train_loss=0.31110 val_loss=0.34151 clean_val_auroc=0.90103 elapsed=230.1s
full/mixed/tcn/seed_43 epoch=6/25 train_loss=0.30218 val_loss=0.34084 clean_val_auroc=0.90273 elapsed=275.4s
full/mixed/tcn/seed_43 epoch=7/25 train_loss=0.29407 val_loss=0.31669 clean_val_auroc=0.90799 elapsed=319.9s
full/mixed/tcn/seed_43 epoch=8/25 train_loss=0.29130 val_loss=0.33111 clean_val_auroc=0.90844 elapsed=365.3s
full/mixed/tcn/seed_43 epoch=9/25 train_loss=0.28810 val_loss=0.33044 clean_val_auroc=0.90996 elapsed=409.8s
full/mixed/tcn/seed_43 epoch=10/25 train_loss=0.28152 val_loss=0.33653 clean_val_auroc=0.90981 elapsed=454.5s
full/mixed/tcn/seed_43 epoch=11/25 train_loss=0.27892 val_loss=0.32529 clean_val_auroc=0.91395 elapsed=498.6s
full/mixed/tcn/seed_43 epoch=12/25 train_loss=0.27779 val_loss=0.32942 clean_val_auroc=0.91291 elapsed=542.9s
full/mixed/tcn/seed_43 epoch=13/25 train_loss=0.27427 val_loss=0.29912 clean_val_auroc=0.91634 elapsed=586.8s
full/mixed/tcn/seed_43 epoch=14/25 train_loss=0.27178 val_loss=0.34585 clean_val_auroc=0.91436 elapsed=630.9s
full/mixed/tcn/seed_43 epoch=15/25 train_loss=0.26611 val_loss=0.32894 clean_val_auroc=0.91522 elapsed=675.2s
full/mixed/tcn/seed_43 epoch=16/25 train_loss=0.26903 val_loss=0.31307 clean_val_auroc=0.91675 elapsed=719.5s
full/mixed/tcn/seed_43 epoch=17/25 train_loss=0.26696 val_loss=0.32094 clean_val_auroc=0.91682 elapsed=763.5s
full/mixed/tcn/seed_43 epoch=18/25 train_loss=0.26035 val_loss=0.29124 clean_val_auroc=0.92127 elapsed=807.8s
full/mixed/tcn/seed_43 epoch=19/25 train_loss=0.25791 val_loss=0.31600 clean_val_auroc=0.91867 elapsed=851.9s
full/mixed/tcn/seed_43 epoch=20/25 train_loss=0.26091 val_loss=0.30419 clean_val_auroc=0.92131 elapsed=896.2s
full/mixed/tcn/seed_43 epoch=21/25 train_loss=0.25921 val_loss=0.30745 clean_val_auroc=0.91988 elapsed=940.6s
full/mixed/tcn/seed_43 epoch=22/25 train_loss=0.26005 val_loss=0.30663 clean_val_auroc=0.91829 elapsed=984.8s
full/mixed/tcn/seed_43 epoch=23/25 train_loss=0.25239 val_loss=0.35231 clean_val_auroc=0.91812 elapsed=1029.1s
full/mixed/tcn/seed_43 epoch=24/25 train_loss=0.25352 val_loss=0.34219 clean_val_auroc=0.91823 elapsed=1073.6s
full/mixed/tcn/seed_43 epoch=25/25 train_loss=0.25052 val_loss=0.31873 clean_val_auroc=0.91968 elapsed=1117.7s
full/clean_only/tcn/seed_101 epoch=1/25 train_loss=0.47715 val_loss=0.40132 clean_val_auroc=0.84084 elapsed=30.5s
full/clean_only/tcn/seed_101 epoch=2/25 train_loss=0.36135 val_loss=0.39559 clean_val_auroc=0.87733 elapsed=61.5s
full/clean_only/tcn/seed_101 epoch=3/25 train_loss=0.33538 val_loss=0.34237 clean_val_auroc=0.89085 elapsed=93.5s
full/clean_only/tcn/seed_101 epoch=4/25 train_loss=0.31681 val_loss=0.33207 clean_val_auroc=0.89633 elapsed=125.0s
full/clean_only/tcn/seed_101 epoch=5/25 train_loss=0.30722 val_loss=0.33466 clean_val_auroc=0.90108 elapsed=157.0s
full/clean_only/tcn/seed_101 epoch=6/25 train_loss=0.30273 val_loss=0.32185 clean_val_auroc=0.90281 elapsed=188.7s
full/clean_only/tcn/seed_101 epoch=7/25 train_loss=0.29375 val_loss=0.35038 clean_val_auroc=0.90373 elapsed=220.1s
full/clean_only/tcn/seed_101 epoch=8/25 train_loss=0.29083 val_loss=0.34269 clean_val_auroc=0.90484 elapsed=252.4s
full/clean_only/tcn/seed_101 epoch=9/25 train_loss=0.28617 val_loss=0.30818 clean_val_auroc=0.90959 elapsed=284.6s
full/clean_only/tcn/seed_101 epoch=10/25 train_loss=0.28231 val_loss=0.33288 clean_val_auroc=0.90892 elapsed=317.7s
full/clean_only/tcn/seed_101 epoch=11/25 train_loss=0.27632 val_loss=0.33826 clean_val_auroc=0.90946 elapsed=350.1s
full/clean_only/tcn/seed_101 epoch=12/25 train_loss=0.27732 val_loss=0.32389 clean_val_auroc=0.91270 elapsed=382.4s
full/clean_only/tcn/seed_101 epoch=13/25 train_loss=0.27012 val_loss=0.33429 clean_val_auroc=0.91319 elapsed=414.8s
full/clean_only/tcn/seed_101 epoch=14/25 train_loss=0.26860 val_loss=0.29974 clean_val_auroc=0.91580 elapsed=446.8s
full/clean_only/tcn/seed_101 epoch=15/25 train_loss=0.26678 val_loss=0.35888 clean_val_auroc=0.91110 elapsed=481.1s
full/clean_only/tcn/seed_101 epoch=16/25 train_loss=0.26327 val_loss=0.33334 clean_val_auroc=0.91656 elapsed=513.8s
full/clean_only/tcn/seed_101 epoch=17/25 train_loss=0.26180 val_loss=0.30525 clean_val_auroc=0.91734 elapsed=546.0s
full/clean_only/tcn/seed_101 epoch=18/25 train_loss=0.25887 val_loss=0.30615 clean_val_auroc=0.91852 elapsed=578.6s
full/clean_only/tcn/seed_101 epoch=19/25 train_loss=0.25627 val_loss=0.30679 clean_val_auroc=0.91908 elapsed=610.6s
full/clean_only/tcn/seed_101 epoch=20/25 train_loss=0.25497 val_loss=0.31003 clean_val_auroc=0.91743 elapsed=642.8s
full/clean_only/tcn/seed_101 epoch=21/25 train_loss=0.25601 val_loss=0.33062 clean_val_auroc=0.91537 elapsed=674.9s
full/clean_only/tcn/seed_101 epoch=22/25 train_loss=0.24866 val_loss=0.31206 clean_val_auroc=0.92119 elapsed=708.7s
full/clean_only/tcn/seed_101 epoch=23/25 train_loss=0.24839 val_loss=0.34997 clean_val_auroc=0.91745 elapsed=741.4s
full/clean_only/tcn/seed_101 epoch=24/25 train_loss=0.24768 val_loss=0.31283 clean_val_auroc=0.91898 elapsed=773.9s
full/clean_only/tcn/seed_101 epoch=25/25 train_loss=0.24998 val_loss=0.33982 clean_val_auroc=0.91913 elapsed=806.6s
full/independent_rms/tcn/seed_101 epoch=1/25 train_loss=0.47888 val_loss=0.40495 clean_val_auroc=0.83949 elapsed=51.7s
full/independent_rms/tcn/seed_101 epoch=2/25 train_loss=0.36305 val_loss=0.39813 clean_val_auroc=0.87667 elapsed=102.9s
full/independent_rms/tcn/seed_101 epoch=3/25 train_loss=0.33671 val_loss=0.34182 clean_val_auroc=0.89017 elapsed=152.1s
full/independent_rms/tcn/seed_101 epoch=4/25 train_loss=0.31864 val_loss=0.33661 clean_val_auroc=0.89471 elapsed=201.5s
full/independent_rms/tcn/seed_101 epoch=5/25 train_loss=0.30919 val_loss=0.33730 clean_val_auroc=0.89995 elapsed=251.4s
full/independent_rms/tcn/seed_101 epoch=6/25 train_loss=0.30443 val_loss=0.32276 clean_val_auroc=0.90173 elapsed=300.4s
full/independent_rms/tcn/seed_101 epoch=7/25 train_loss=0.29548 val_loss=0.35355 clean_val_auroc=0.90258 elapsed=349.4s
full/independent_rms/tcn/seed_101 epoch=8/25 train_loss=0.29264 val_loss=0.34200 clean_val_auroc=0.90386 elapsed=398.2s
full/independent_rms/tcn/seed_101 epoch=9/25 train_loss=0.28809 val_loss=0.31123 clean_val_auroc=0.90847 elapsed=447.6s
full/independent_rms/tcn/seed_101 epoch=10/25 train_loss=0.28536 val_loss=0.33933 clean_val_auroc=0.90670 elapsed=496.6s
full/independent_rms/tcn/seed_101 epoch=11/25 train_loss=0.27962 val_loss=0.33581 clean_val_auroc=0.90874 elapsed=545.5s
full/independent_rms/tcn/seed_101 epoch=12/25 train_loss=0.27879 val_loss=0.32439 clean_val_auroc=0.91174 elapsed=595.0s
full/independent_rms/tcn/seed_101 epoch=13/25 train_loss=0.27293 val_loss=0.33157 clean_val_auroc=0.91285 elapsed=644.1s
full/independent_rms/tcn/seed_101 epoch=14/25 train_loss=0.27176 val_loss=0.30090 clean_val_auroc=0.91475 elapsed=693.0s
full/independent_rms/tcn/seed_101 epoch=15/25 train_loss=0.26949 val_loss=0.35016 clean_val_auroc=0.91135 elapsed=742.0s
full/independent_rms/tcn/seed_101 epoch=16/25 train_loss=0.26589 val_loss=0.33208 clean_val_auroc=0.91599 elapsed=791.2s
full/independent_rms/tcn/seed_101 epoch=17/25 train_loss=0.26427 val_loss=0.30450 clean_val_auroc=0.91659 elapsed=840.0s
full/independent_rms/tcn/seed_101 epoch=18/25 train_loss=0.26151 val_loss=0.30590 clean_val_auroc=0.91798 elapsed=889.4s
full/independent_rms/tcn/seed_101 epoch=19/25 train_loss=0.25978 val_loss=0.30268 clean_val_auroc=0.91874 elapsed=938.5s
full/independent_rms/tcn/seed_101 epoch=20/25 train_loss=0.25823 val_loss=0.30771 clean_val_auroc=0.91733 elapsed=987.6s
full/independent_rms/tcn/seed_101 epoch=21/25 train_loss=0.25854 val_loss=0.32832 clean_val_auroc=0.91502 elapsed=1036.0s
full/independent_rms/tcn/seed_101 epoch=22/25 train_loss=0.25166 val_loss=0.31000 clean_val_auroc=0.92099 elapsed=1084.0s
full/independent_rms/tcn/seed_101 epoch=23/25 train_loss=0.25211 val_loss=0.33962 clean_val_auroc=0.91772 elapsed=1133.0s
full/independent_rms/tcn/seed_101 epoch=24/25 train_loss=0.25102 val_loss=0.31109 clean_val_auroc=0.91874 elapsed=1183.9s
full/independent_rms/tcn/seed_101 epoch=25/25 train_loss=0.25346 val_loss=0.33336 clean_val_auroc=0.91858 elapsed=1234.6s
full/electrode/tcn/seed_101 epoch=1/25 train_loss=0.47885 val_loss=0.40416 clean_val_auroc=0.83985 elapsed=39.0s
full/electrode/tcn/seed_101 epoch=2/25 train_loss=0.36356 val_loss=0.38907 clean_val_auroc=0.87689 elapsed=78.9s
full/electrode/tcn/seed_101 epoch=3/25 train_loss=0.33778 val_loss=0.34483 clean_val_auroc=0.88932 elapsed=118.9s
full/electrode/tcn/seed_101 epoch=4/25 train_loss=0.31879 val_loss=0.33605 clean_val_auroc=0.89457 elapsed=159.6s
full/electrode/tcn/seed_101 epoch=5/25 train_loss=0.30983 val_loss=0.33938 clean_val_auroc=0.89917 elapsed=199.6s
full/electrode/tcn/seed_101 epoch=6/25 train_loss=0.30551 val_loss=0.32271 clean_val_auroc=0.90105 elapsed=239.8s
full/electrode/tcn/seed_101 epoch=7/25 train_loss=0.29634 val_loss=0.35308 clean_val_auroc=0.90244 elapsed=280.0s
full/electrode/tcn/seed_101 epoch=8/25 train_loss=0.29360 val_loss=0.33906 clean_val_auroc=0.90394 elapsed=320.7s
full/electrode/tcn/seed_101 epoch=9/25 train_loss=0.28849 val_loss=0.31137 clean_val_auroc=0.90808 elapsed=360.9s
full/electrode/tcn/seed_101 epoch=10/25 train_loss=0.28582 val_loss=0.34185 clean_val_auroc=0.90612 elapsed=401.3s
full/electrode/tcn/seed_101 epoch=11/25 train_loss=0.27983 val_loss=0.33565 clean_val_auroc=0.90854 elapsed=441.5s
full/electrode/tcn/seed_101 epoch=12/25 train_loss=0.27951 val_loss=0.32460 clean_val_auroc=0.91140 elapsed=481.7s
full/electrode/tcn/seed_101 epoch=13/25 train_loss=0.27326 val_loss=0.33408 clean_val_auroc=0.91228 elapsed=522.4s
full/electrode/tcn/seed_101 epoch=14/25 train_loss=0.27287 val_loss=0.30216 clean_val_auroc=0.91454 elapsed=562.7s
full/electrode/tcn/seed_101 epoch=15/25 train_loss=0.27046 val_loss=0.36047 clean_val_auroc=0.90989 elapsed=602.8s
full/electrode/tcn/seed_101 epoch=16/25 train_loss=0.26707 val_loss=0.33478 clean_val_auroc=0.91571 elapsed=642.9s
full/electrode/tcn/seed_101 epoch=17/25 train_loss=0.26551 val_loss=0.30594 clean_val_auroc=0.91624 elapsed=683.2s
full/electrode/tcn/seed_101 epoch=18/25 train_loss=0.26300 val_loss=0.30729 clean_val_auroc=0.91747 elapsed=723.7s
full/electrode/tcn/seed_101 epoch=19/25 train_loss=0.26066 val_loss=0.30227 clean_val_auroc=0.91847 elapsed=764.7s
full/electrode/tcn/seed_101 epoch=20/25 train_loss=0.25946 val_loss=0.31019 clean_val_auroc=0.91642 elapsed=816.6s
full/electrode/tcn/seed_101 epoch=21/25 train_loss=0.25987 val_loss=0.33121 clean_val_auroc=0.91454 elapsed=859.9s
full/electrode/tcn/seed_101 epoch=22/25 train_loss=0.25256 val_loss=0.30895 clean_val_auroc=0.92062 elapsed=900.1s
full/electrode/tcn/seed_101 epoch=23/25 train_loss=0.25443 val_loss=0.34587 clean_val_auroc=0.91675 elapsed=940.6s
full/electrode/tcn/seed_101 epoch=24/25 train_loss=0.25265 val_loss=0.31644 clean_val_auroc=0.91783 elapsed=980.9s
full/electrode/tcn/seed_101 epoch=25/25 train_loss=0.25561 val_loss=0.32397 clean_val_auroc=0.91908 elapsed=1037.2s
full/mixed/tcn/seed_101 epoch=1/25 train_loss=0.47962 val_loss=0.40380 clean_val_auroc=0.83888 elapsed=44.8s
full/mixed/tcn/seed_101 epoch=2/25 train_loss=0.36374 val_loss=0.39175 clean_val_auroc=0.87683 elapsed=89.1s
full/mixed/tcn/seed_101 epoch=3/25 train_loss=0.33744 val_loss=0.34357 clean_val_auroc=0.88980 elapsed=133.5s
full/mixed/tcn/seed_101 epoch=4/25 train_loss=0.31884 val_loss=0.33584 clean_val_auroc=0.89456 elapsed=178.3s
full/mixed/tcn/seed_101 epoch=5/25 train_loss=0.30922 val_loss=0.33652 clean_val_auroc=0.89983 elapsed=222.9s
full/mixed/tcn/seed_101 epoch=6/25 train_loss=0.30418 val_loss=0.32580 clean_val_auroc=0.90115 elapsed=267.3s
full/mixed/tcn/seed_101 epoch=7/25 train_loss=0.29599 val_loss=0.34857 clean_val_auroc=0.90264 elapsed=312.1s
full/mixed/tcn/seed_101 epoch=8/25 train_loss=0.29331 val_loss=0.33977 clean_val_auroc=0.90378 elapsed=357.2s
full/mixed/tcn/seed_101 epoch=9/25 train_loss=0.28858 val_loss=0.31009 clean_val_auroc=0.90825 elapsed=402.2s
full/mixed/tcn/seed_101 epoch=10/25 train_loss=0.28543 val_loss=0.33857 clean_val_auroc=0.90623 elapsed=447.1s
full/mixed/tcn/seed_101 epoch=11/25 train_loss=0.27923 val_loss=0.33586 clean_val_auroc=0.90878 elapsed=492.3s
full/mixed/tcn/seed_101 epoch=12/25 train_loss=0.28000 val_loss=0.32490 clean_val_auroc=0.91148 elapsed=537.5s
full/mixed/tcn/seed_101 epoch=13/25 train_loss=0.27293 val_loss=0.33311 clean_val_auroc=0.91271 elapsed=582.1s
full/mixed/tcn/seed_101 epoch=14/25 train_loss=0.27197 val_loss=0.30121 clean_val_auroc=0.91453 elapsed=628.0s
full/mixed/tcn/seed_101 epoch=15/25 train_loss=0.27026 val_loss=0.35073 clean_val_auroc=0.91142 elapsed=672.9s
full/mixed/tcn/seed_101 epoch=16/25 train_loss=0.26665 val_loss=0.33351 clean_val_auroc=0.91589 elapsed=718.0s
full/mixed/tcn/seed_101 epoch=17/25 train_loss=0.26533 val_loss=0.30432 clean_val_auroc=0.91646 elapsed=762.7s
full/mixed/tcn/seed_101 epoch=18/25 train_loss=0.26213 val_loss=0.30687 clean_val_auroc=0.91777 elapsed=808.1s
full/mixed/tcn/seed_101 epoch=19/25 train_loss=0.26042 val_loss=0.30202 clean_val_auroc=0.91868 elapsed=854.0s
full/mixed/tcn/seed_101 epoch=20/25 train_loss=0.25874 val_loss=0.30848 clean_val_auroc=0.91702 elapsed=898.7s
full/mixed/tcn/seed_101 epoch=21/25 train_loss=0.25942 val_loss=0.32538 clean_val_auroc=0.91496 elapsed=943.6s
full/mixed/tcn/seed_101 epoch=22/25 train_loss=0.25209 val_loss=0.30979 clean_val_auroc=0.92086 elapsed=988.7s
full/mixed/tcn/seed_101 epoch=23/25 train_loss=0.25344 val_loss=0.34546 clean_val_auroc=0.91704 elapsed=1033.3s
full/mixed/tcn/seed_101 epoch=24/25 train_loss=0.25178 val_loss=0.30891 clean_val_auroc=0.91859 elapsed=1079.4s
full/mixed/tcn/seed_101 epoch=25/25 train_loss=0.25422 val_loss=0.33019 clean_val_auroc=0.91888 elapsed=1125.2s
full/clean_only/tcn/seed_202 epoch=1/25 train_loss=0.44353 val_loss=0.42141 clean_val_auroc=0.84216 elapsed=31.9s
full/clean_only/tcn/seed_202 epoch=2/25 train_loss=0.36902 val_loss=0.42109 clean_val_auroc=0.86747 elapsed=64.1s
full/clean_only/tcn/seed_202 epoch=3/25 train_loss=0.34337 val_loss=0.44204 clean_val_auroc=0.87858 elapsed=97.1s
full/clean_only/tcn/seed_202 epoch=4/25 train_loss=0.33027 val_loss=0.34138 clean_val_auroc=0.89221 elapsed=129.2s
full/clean_only/tcn/seed_202 epoch=5/25 train_loss=0.31665 val_loss=0.40639 clean_val_auroc=0.89051 elapsed=161.5s
full/clean_only/tcn/seed_202 epoch=6/25 train_loss=0.30612 val_loss=0.32316 clean_val_auroc=0.90017 elapsed=195.7s
full/clean_only/tcn/seed_202 epoch=7/25 train_loss=0.29956 val_loss=0.33399 clean_val_auroc=0.90149 elapsed=230.9s
full/clean_only/tcn/seed_202 epoch=8/25 train_loss=0.29366 val_loss=0.33977 clean_val_auroc=0.90580 elapsed=263.5s
full/clean_only/tcn/seed_202 epoch=9/25 train_loss=0.28676 val_loss=0.32382 clean_val_auroc=0.90761 elapsed=296.4s
full/clean_only/tcn/seed_202 epoch=10/25 train_loss=0.28174 val_loss=0.39780 clean_val_auroc=0.90209 elapsed=329.1s
full/clean_only/tcn/seed_202 epoch=11/25 train_loss=0.27878 val_loss=0.35969 clean_val_auroc=0.90909 elapsed=362.1s
full/clean_only/tcn/seed_202 epoch=12/25 train_loss=0.27565 val_loss=0.35476 clean_val_auroc=0.91028 elapsed=394.7s
full/clean_only/tcn/seed_202 epoch=13/25 train_loss=0.27410 val_loss=0.36605 clean_val_auroc=0.90831 elapsed=427.7s
full/clean_only/tcn/seed_202 epoch=14/25 train_loss=0.27155 val_loss=0.33912 clean_val_auroc=0.91219 elapsed=461.8s
full/clean_only/tcn/seed_202 epoch=15/25 train_loss=0.26670 val_loss=0.31504 clean_val_auroc=0.91513 elapsed=494.3s
full/clean_only/tcn/seed_202 epoch=16/25 train_loss=0.26646 val_loss=0.35084 clean_val_auroc=0.91258 elapsed=527.7s
full/clean_only/tcn/seed_202 epoch=17/25 train_loss=0.26016 val_loss=0.31193 clean_val_auroc=0.91627 elapsed=560.8s
full/clean_only/tcn/seed_202 epoch=18/25 train_loss=0.25932 val_loss=0.31626 clean_val_auroc=0.91677 elapsed=593.5s
full/clean_only/tcn/seed_202 epoch=19/25 train_loss=0.25459 val_loss=0.30722 clean_val_auroc=0.91691 elapsed=628.0s
full/clean_only/tcn/seed_202 epoch=20/25 train_loss=0.25297 val_loss=0.30657 clean_val_auroc=0.91868 elapsed=661.1s
full/clean_only/tcn/seed_202 epoch=21/25 train_loss=0.25584 val_loss=0.34289 clean_val_auroc=0.91624 elapsed=694.3s
full/clean_only/tcn/seed_202 epoch=22/25 train_loss=0.25202 val_loss=0.32485 clean_val_auroc=0.91680 elapsed=726.4s
full/clean_only/tcn/seed_202 epoch=23/25 train_loss=0.24953 val_loss=0.33138 clean_val_auroc=0.91619 elapsed=759.1s
full/clean_only/tcn/seed_202 epoch=24/25 train_loss=0.25119 val_loss=0.32824 clean_val_auroc=0.91555 elapsed=791.8s
full/clean_only/tcn/seed_202 epoch=25/25 train_loss=0.24606 val_loss=0.34125 clean_val_auroc=0.91732 elapsed=824.7s
full/independent_rms/tcn/seed_202 epoch=1/25 train_loss=0.44574 val_loss=0.42919 clean_val_auroc=0.84031 elapsed=52.9s
full/independent_rms/tcn/seed_202 epoch=2/25 train_loss=0.37044 val_loss=0.39451 clean_val_auroc=0.86841 elapsed=104.4s
full/independent_rms/tcn/seed_202 epoch=3/25 train_loss=0.34500 val_loss=0.42749 clean_val_auroc=0.87859 elapsed=155.0s
full/independent_rms/tcn/seed_202 epoch=4/25 train_loss=0.33198 val_loss=0.34035 clean_val_auroc=0.89151 elapsed=205.6s
full/independent_rms/tcn/seed_202 epoch=5/25 train_loss=0.31872 val_loss=0.40757 clean_val_auroc=0.88924 elapsed=256.0s
full/independent_rms/tcn/seed_202 epoch=6/25 train_loss=0.30865 val_loss=0.32631 clean_val_auroc=0.89926 elapsed=305.8s
full/independent_rms/tcn/seed_202 epoch=7/25 train_loss=0.30148 val_loss=0.33743 clean_val_auroc=0.90028 elapsed=354.9s
full/independent_rms/tcn/seed_202 epoch=8/25 train_loss=0.29602 val_loss=0.33896 clean_val_auroc=0.90525 elapsed=404.0s
full/independent_rms/tcn/seed_202 epoch=9/25 train_loss=0.28920 val_loss=0.32027 clean_val_auroc=0.90710 elapsed=453.3s
full/independent_rms/tcn/seed_202 epoch=10/25 train_loss=0.28435 val_loss=0.39098 clean_val_auroc=0.90249 elapsed=502.1s
full/independent_rms/tcn/seed_202 epoch=11/25 train_loss=0.28162 val_loss=0.35855 clean_val_auroc=0.90895 elapsed=553.1s
full/independent_rms/tcn/seed_202 epoch=12/25 train_loss=0.27867 val_loss=0.35281 clean_val_auroc=0.90994 elapsed=604.8s
full/independent_rms/tcn/seed_202 epoch=13/25 train_loss=0.27725 val_loss=0.36009 clean_val_auroc=0.90886 elapsed=654.4s
full/independent_rms/tcn/seed_202 epoch=14/25 train_loss=0.27337 val_loss=0.33570 clean_val_auroc=0.91250 elapsed=703.6s
full/independent_rms/tcn/seed_202 epoch=15/25 train_loss=0.26936 val_loss=0.31173 clean_val_auroc=0.91541 elapsed=753.3s
full/independent_rms/tcn/seed_202 epoch=16/25 train_loss=0.26983 val_loss=0.34490 clean_val_auroc=0.91261 elapsed=802.4s
full/independent_rms/tcn/seed_202 epoch=17/25 train_loss=0.26392 val_loss=0.30958 clean_val_auroc=0.91601 elapsed=851.5s
full/independent_rms/tcn/seed_202 epoch=18/25 train_loss=0.26187 val_loss=0.31654 clean_val_auroc=0.91645 elapsed=900.5s
full/independent_rms/tcn/seed_202 epoch=19/25 train_loss=0.25748 val_loss=0.30897 clean_val_auroc=0.91641 elapsed=949.7s
full/independent_rms/tcn/seed_202 epoch=20/25 train_loss=0.25609 val_loss=0.31035 clean_val_auroc=0.91805 elapsed=999.0s
full/independent_rms/tcn/seed_202 epoch=21/25 train_loss=0.25862 val_loss=0.33649 clean_val_auroc=0.91657 elapsed=1048.4s
full/independent_rms/tcn/seed_202 epoch=22/25 train_loss=0.25431 val_loss=0.32663 clean_val_auroc=0.91649 elapsed=1097.1s
full/independent_rms/tcn/seed_202 epoch=23/25 train_loss=0.25292 val_loss=0.32539 clean_val_auroc=0.91670 elapsed=1145.9s
full/independent_rms/tcn/seed_202 epoch=24/25 train_loss=0.25516 val_loss=0.32677 clean_val_auroc=0.91546 elapsed=1194.4s
full/independent_rms/tcn/seed_202 epoch=25/25 train_loss=0.25018 val_loss=0.33219 clean_val_auroc=0.91818 elapsed=1244.0s
full/electrode/tcn/seed_202 epoch=1/25 train_loss=0.44566 val_loss=0.42411 clean_val_auroc=0.84055 elapsed=39.5s
full/electrode/tcn/seed_202 epoch=2/25 train_loss=0.37072 val_loss=0.40148 clean_val_auroc=0.86801 elapsed=79.1s
full/electrode/tcn/seed_202 epoch=3/25 train_loss=0.34578 val_loss=0.43570 clean_val_auroc=0.87774 elapsed=119.0s
full/electrode/tcn/seed_202 epoch=4/25 train_loss=0.33275 val_loss=0.34269 clean_val_auroc=0.89093 elapsed=159.7s
full/electrode/tcn/seed_202 epoch=5/25 train_loss=0.31930 val_loss=0.40219 clean_val_auroc=0.88959 elapsed=203.9s
full/electrode/tcn/seed_202 epoch=6/25 train_loss=0.30905 val_loss=0.32610 clean_val_auroc=0.89906 elapsed=244.8s
full/electrode/tcn/seed_202 epoch=7/25 train_loss=0.30188 val_loss=0.33279 clean_val_auroc=0.90073 elapsed=286.0s
full/electrode/tcn/seed_202 epoch=8/25 train_loss=0.29697 val_loss=0.33704 clean_val_auroc=0.90515 elapsed=327.5s
full/electrode/tcn/seed_202 epoch=9/25 train_loss=0.28975 val_loss=0.32106 clean_val_auroc=0.90697 elapsed=369.0s
full/electrode/tcn/seed_202 epoch=10/25 train_loss=0.28587 val_loss=0.38672 clean_val_auroc=0.90290 elapsed=409.4s
full/electrode/tcn/seed_202 epoch=11/25 train_loss=0.28223 val_loss=0.35858 clean_val_auroc=0.90910 elapsed=449.9s
full/electrode/tcn/seed_202 epoch=12/25 train_loss=0.27932 val_loss=0.35044 clean_val_auroc=0.91050 elapsed=490.4s
full/electrode/tcn/seed_202 epoch=13/25 train_loss=0.27754 val_loss=0.35892 clean_val_auroc=0.90913 elapsed=531.0s
full/electrode/tcn/seed_202 epoch=14/25 train_loss=0.27415 val_loss=0.33508 clean_val_auroc=0.91260 elapsed=571.4s
full/electrode/tcn/seed_202 epoch=15/25 train_loss=0.26946 val_loss=0.31258 clean_val_auroc=0.91523 elapsed=611.9s
full/electrode/tcn/seed_202 epoch=16/25 train_loss=0.26974 val_loss=0.34505 clean_val_auroc=0.91280 elapsed=652.6s
full/electrode/tcn/seed_202 epoch=17/25 train_loss=0.26396 val_loss=0.30773 clean_val_auroc=0.91631 elapsed=693.3s
full/electrode/tcn/seed_202 epoch=18/25 train_loss=0.26313 val_loss=0.31123 clean_val_auroc=0.91718 elapsed=733.7s
full/electrode/tcn/seed_202 epoch=19/25 train_loss=0.25829 val_loss=0.30704 clean_val_auroc=0.91671 elapsed=773.9s
full/electrode/tcn/seed_202 epoch=20/25 train_loss=0.25696 val_loss=0.30594 clean_val_auroc=0.91812 elapsed=814.8s
full/electrode/tcn/seed_202 epoch=21/25 train_loss=0.25955 val_loss=0.33360 clean_val_auroc=0.91668 elapsed=855.8s
full/electrode/tcn/seed_202 epoch=22/25 train_loss=0.25609 val_loss=0.32037 clean_val_auroc=0.91724 elapsed=897.1s
full/electrode/tcn/seed_202 epoch=23/25 train_loss=0.25381 val_loss=0.32195 clean_val_auroc=0.91651 elapsed=937.9s
full/electrode/tcn/seed_202 epoch=24/25 train_loss=0.25589 val_loss=0.33137 clean_val_auroc=0.91523 elapsed=978.4s
full/electrode/tcn/seed_202 epoch=25/25 train_loss=0.25118 val_loss=0.32776 clean_val_auroc=0.91824 elapsed=1019.5s
full/mixed/tcn/seed_202 epoch=1/25 train_loss=0.44592 val_loss=0.43043 clean_val_auroc=0.83994 elapsed=60.3s
full/mixed/tcn/seed_202 epoch=2/25 train_loss=0.37088 val_loss=0.39218 clean_val_auroc=0.86863 elapsed=108.3s
full/mixed/tcn/seed_202 epoch=3/25 train_loss=0.34519 val_loss=0.43048 clean_val_auroc=0.87830 elapsed=153.3s
full/mixed/tcn/seed_202 epoch=4/25 train_loss=0.33241 val_loss=0.33967 clean_val_auroc=0.89144 elapsed=198.3s
full/mixed/tcn/seed_202 epoch=5/25 train_loss=0.31893 val_loss=0.39886 clean_val_auroc=0.88982 elapsed=244.3s
full/mixed/tcn/seed_202 epoch=6/25 train_loss=0.30860 val_loss=0.32396 clean_val_auroc=0.89938 elapsed=289.3s
full/mixed/tcn/seed_202 epoch=7/25 train_loss=0.30223 val_loss=0.33459 clean_val_auroc=0.90065 elapsed=334.5s
full/mixed/tcn/seed_202 epoch=8/25 train_loss=0.29670 val_loss=0.33832 clean_val_auroc=0.90497 elapsed=379.1s
full/mixed/tcn/seed_202 epoch=9/25 train_loss=0.28940 val_loss=0.32149 clean_val_auroc=0.90673 elapsed=424.4s
full/mixed/tcn/seed_202 epoch=10/25 train_loss=0.28523 val_loss=0.39083 clean_val_auroc=0.90209 elapsed=469.8s
full/mixed/tcn/seed_202 epoch=11/25 train_loss=0.28216 val_loss=0.35969 clean_val_auroc=0.90862 elapsed=514.2s
full/mixed/tcn/seed_202 epoch=12/25 train_loss=0.27976 val_loss=0.35269 clean_val_auroc=0.90996 elapsed=559.8s
full/mixed/tcn/seed_202 epoch=13/25 train_loss=0.27751 val_loss=0.35778 clean_val_auroc=0.90899 elapsed=604.7s
full/mixed/tcn/seed_202 epoch=14/25 train_loss=0.27413 val_loss=0.33427 clean_val_auroc=0.91256 elapsed=650.1s
full/mixed/tcn/seed_202 epoch=15/25 train_loss=0.26960 val_loss=0.31209 clean_val_auroc=0.91534 elapsed=695.3s
full/mixed/tcn/seed_202 epoch=16/25 train_loss=0.26962 val_loss=0.34243 clean_val_auroc=0.91314 elapsed=740.6s
full/mixed/tcn/seed_202 epoch=17/25 train_loss=0.26456 val_loss=0.31070 clean_val_auroc=0.91596 elapsed=785.6s
full/mixed/tcn/seed_202 epoch=18/25 train_loss=0.26248 val_loss=0.31457 clean_val_auroc=0.91681 elapsed=830.2s
full/mixed/tcn/seed_202 epoch=19/25 train_loss=0.25856 val_loss=0.30867 clean_val_auroc=0.91622 elapsed=876.6s
full/mixed/tcn/seed_202 epoch=20/25 train_loss=0.25673 val_loss=0.30722 clean_val_auroc=0.91791 elapsed=921.2s
full/mixed/tcn/seed_202 epoch=21/25 train_loss=0.25951 val_loss=0.33248 clean_val_auroc=0.91656 elapsed=966.6s
full/mixed/tcn/seed_202 epoch=22/25 train_loss=0.25558 val_loss=0.32435 clean_val_auroc=0.91685 elapsed=1012.9s
full/mixed/tcn/seed_202 epoch=23/25 train_loss=0.25354 val_loss=0.32098 clean_val_auroc=0.91664 elapsed=1057.7s
full/mixed/tcn/seed_202 epoch=24/25 train_loss=0.25458 val_loss=0.32413 clean_val_auroc=0.91574 elapsed=1102.3s
full/mixed/tcn/seed_202 epoch=25/25 train_loss=0.25143 val_loss=0.33008 clean_val_auroc=0.91798 elapsed=1147.4s
