model,strategy,seed,group_id,class_name,bin_id,count,probability_sum,target_sum
resnet,clean_only,17,clean,NORM,0,747,10.556809135883213,8.0
resnet,clean_only,17,clean,NORM,1,110,10.629057869315147,20.0
resnet,clean_only,17,clean,NORM,2,81,13.07776127755642,18.0
resnet,clean_only,17,clean,NORM,3,76,17.60164348781109,25.0
resnet,clean_only,17,clean,NORM,4,51,15.085740506649017,20.0
resnet,clean_only,17,clean,NORM,5,66,24.298887699842453,33.0
resnet,clean_only,17,clean,NORM,6,60,25.950886130332947,26.0
resnet,clean_only,17,clean,NORM,7,43,21.501067876815796,27.0
resnet,clean_only,17,clean,NORM,8,54,30.506745219230652,37.0
resnet,clean_only,17,clean,NORM,9,64,40.47162085771561,43.0
resnet,clean_only,17,clean,NORM,10,63,44.22068554162979,48.0
resnet,clean_only,17,clean,NORM,11,80,61.43560218811035,61.0
resnet,clean_only,17,clean,NORM,12,107,89.40593296289444,88.0
resnet,clean_only,17,clean,NORM,13,163,146.96611070632935,139.0
resnet,clean_only,17,clean,NORM,14,393,381.72177028656006,370.0
resnet,clean_only,17,clean,MI,0,1113,20.489794884750154,54.0
resnet,clean_only,17,clean,MI,1,245,23.2681722342968,44.0
resnet,clean_only,17,clean,MI,2,137,22.13344794511795,41.0
resnet,clean_only,17,clean,MI,3,97,22.83551913499832,37.0
resnet,clean_only,17,clean,MI,4,101,30.39759075641632,45.0
resnet,clean_only,17,clean,MI,5,66,24.296701043844223,26.0
resnet,clean_only,17,clean,MI,6,49,21.00173583626747,28.0
resnet,clean_only,17,clean,MI,7,52,26.243937224149704,31.0
resnet,clean_only,17,clean,MI,8,42,23.751133382320404,27.0
resnet,clean_only,17,clean,MI,9,36,22.894946455955505,27.0
resnet,clean_only,17,clean,MI,10,37,25.898297250270844,32.0
resnet,clean_only,17,clean,MI,11,39,30.123735904693604,29.0
resnet,clean_only,17,clean,MI,12,36,30.008067071437836,29.0
resnet,clean_only,17,clean,MI,13,47,42.24077624082565,43.0
resnet,clean_only,17,clean,MI,14,61,59.08033049106598,57.0
resnet,clean_only,17,clean,STTC,0,1269,16.503538444827427,53.0
resnet,clean_only,17,clean,STTC,1,172,16.413739316165447,24.0
resnet,clean_only,17,clean,STTC,2,85,13.841292545199394,22.0
resnet,clean_only,17,clean,STTC,3,66,15.560937881469727,26.0
resnet,clean_only,17,clean,STTC,4,58,17.035567551851273,21.0
resnet,clean_only,17,clean,STTC,5,42,15.533608615398407,17.0
resnet,clean_only,17,clean,STTC,6,42,18.098879098892212,21.0
resnet,clean_only,17,clean,STTC,7,50,25.192102789878845,30.0
resnet,clean_only,17,clean,STTC,8,49,27.901157081127167,31.0
resnet,clean_only,17,clean,STTC,9,37,23.353803753852844,26.0
resnet,clean_only,17,clean,STTC,10,40,28.04656195640564,34.0
resnet,clean_only,17,clean,STTC,11,33,25.3614239692688,26.0
resnet,clean_only,17,clean,STTC,12,43,35.84297078847885,32.0
resnet,clean_only,17,clean,STTC,13,74,66.84841549396515,67.0
resnet,clean_only,17,clean,STTC,14,98,94.60235184431076,91.0
resnet,clean_only,17,clean,CD,0,649,21.60687803570181,16.0
resnet,clean_only,17,clean,CD,1,338,33.208366960287094,12.0
resnet,clean_only,17,clean,CD,2,188,31.156626999378204,22.0
resnet,clean_only,17,clean,CD,3,141,32.71110852062702,15.0
resnet,clean_only,17,clean,CD,4,88,26.31758040189743,13.0
resnet,clean_only,17,clean,CD,5,77,28.32919752597809,12.0
resnet,clean_only,17,clean,CD,6,55,23.815332621335983,15.0
resnet,clean_only,17,clean,CD,7,59,29.81164401769638,17.0
resnet,clean_only,17,clean,CD,8,45,25.1294047832489,10.0
resnet,clean_only,17,clean,CD,9,55,34.81966578960419,21.0
resnet,clean_only,17,clean,CD,10,50,34.81741136312485,21.0
resnet,clean_only,17,clean,CD,11,53,40.7035351395607,26.0
resnet,clean_only,17,clean,CD,12,52,43.4637787938118,29.0
resnet,clean_only,17,clean,CD,13,55,49.63356018066406,33.0
resnet,clean_only,17,clean,CD,14,253,250.0400151014328,234.0
resnet,clean_only,17,clean,HYP,0,1533,27.769519202644005,46.0
resnet,clean_only,17,clean,HYP,1,262,24.758119486272335,35.0
resnet,clean_only,17,clean,HYP,2,116,18.93553000688553,31.0
resnet,clean_only,17,clean,HYP,3,55,12.620859891176224,17.0
resnet,clean_only,17,clean,HYP,4,32,9.577742576599121,20.0
resnet,clean_only,17,clean,HYP,5,25,9.106324195861816,14.0
resnet,clean_only,17,clean,HYP,6,21,9.154761642217636,12.0
resnet,clean_only,17,clean,HYP,7,20,10.006318926811218,11.0
resnet,clean_only,17,clean,HYP,8,8,4.544187784194946,3.0
resnet,clean_only,17,clean,HYP,9,10,6.305740773677826,9.0
resnet,clean_only,17,clean,HYP,10,14,9.791285991668701,10.0
resnet,clean_only,17,clean,HYP,11,21,16.302916407585144,17.0
resnet,clean_only,17,clean,HYP,12,15,12.548749029636383,12.0
resnet,clean_only,17,clean,HYP,13,11,9.868409931659698,10.0
resnet,clean_only,17,clean,HYP,14,15,14.63401734828949,15.0
resnet,clean_only,17,primary_joint,NORM,0,76207,1428.4058430183682,2179.0
resnet,clean_only,17,primary_joint,NORM,1,20207,1965.1363236680627,5231.0
resnet,clean_only,17,primary_joint,NORM,2,14167,2340.093310430646,6215.0
resnet,clean_only,17,primary_joint,NORM,3,11234,2611.5836353302,6333.0
resnet,clean_only,17,primary_joint,NORM,4,9314,2787.805878251791,5931.0
resnet,clean_only,17,primary_joint,NORM,5,8462,3096.8278960883617,5717.0
resnet,clean_only,17,primary_joint,NORM,6,7581,3281.1061322391033,5404.0
resnet,clean_only,17,primary_joint,NORM,7,7359,3678.4574170410633,5526.0
resnet,clean_only,17,primary_joint,NORM,8,7218,4089.6934279203415,5743.0
resnet,clean_only,17,primary_joint,NORM,9,6762,4283.180054008961,5637.0
resnet,clean_only,17,primary_joint,NORM,10,7008,4909.091104328632,5952.0
resnet,clean_only,17,primary_joint,NORM,11,7965,6111.736728787422,6873.0
resnet,clean_only,17,primary_joint,NORM,12,8048,6710.323413729668,6940.0
resnet,clean_only,17,primary_joint,NORM,13,9874,8904.13224452734,8852.0
resnet,clean_only,17,primary_joint,NORM,14,14394,13903.170194506645,13767.0
resnet,clean_only,17,primary_joint,MI,0,75558,1997.1803668476932,3400.0
resnet,clean_only,17,primary_joint,MI,1,37050,3612.5359491854906,5032.0
resnet,clean_only,17,primary_joint,MI,2,24346,3999.8627721369267,5570.0
resnet,clean_only,17,primary_joint,MI,3,16840,3901.3250197023153,5264.0
resnet,clean_only,17,primary_joint,MI,4,12236,3653.899165302515,4560.0
resnet,clean_only,17,primary_joint,MI,5,9131,3334.5545355677605,3777.0
resnet,clean_only,17,primary_joint,MI,6,7531,3252.528680920601,3606.0
resnet,clean_only,17,primary_joint,MI,7,6219,3100.189413011074,3198.0
resnet,clean_only,17,primary_joint,MI,8,4948,2798.8026989102364,2930.0
resnet,clean_only,17,primary_joint,MI,9,4380,2773.82572299242,2994.0
resnet,clean_only,17,primary_joint,MI,10,4017,2806.880362868309,2990.0
resnet,clean_only,17,primary_joint,MI,11,3558,2727.7585213184357,2728.0
resnet,clean_only,17,primary_joint,MI,12,3474,2895.7710435390472,2904.0
resnet,clean_only,17,primary_joint,MI,13,3375,3033.2546380758286,3056.0
resnet,clean_only,17,primary_joint,MI,14,3137,3034.79063642025,2991.0
resnet,clean_only,17,primary_joint,STTC,0,94224,2065.6310911783075,3529.0
resnet,clean_only,17,primary_joint,STTC,1,29585,2859.376612752676,3469.0
resnet,clean_only,17,primary_joint,STTC,2,17741,2913.303293392062,2852.0
resnet,clean_only,17,primary_joint,STTC,3,12446,2888.427792415023,3196.0
resnet,clean_only,17,primary_joint,STTC,4,9343,2788.3030893206596,2975.0
resnet,clean_only,17,primary_joint,STTC,5,7289,2666.035226225853,2844.0
resnet,clean_only,17,primary_joint,STTC,6,6120,2650.940125465393,3055.0
resnet,clean_only,17,primary_joint,STTC,7,5826,2915.324201077223,3378.0
resnet,clean_only,17,primary_joint,STTC,8,5665,3207.269637823105,3800.0
resnet,clean_only,17,primary_joint,STTC,9,4986,3156.2870237231255,3645.0
resnet,clean_only,17,primary_joint,STTC,10,4474,3128.411982893944,3477.0
resnet,clean_only,17,primary_joint,STTC,11,4248,3256.3359204530716,3432.0
resnet,clean_only,17,primary_joint,STTC,12,3839,3196.7138245105743,3273.0
resnet,clean_only,17,primary_joint,STTC,13,4942,4455.1235110759735,4430.0
resnet,clean_only,17,primary_joint,STTC,14,5072,4879.771685779095,4745.0
resnet,clean_only,17,primary_joint,CD,0,21629,827.6208980828524,467.0
resnet,clean_only,17,primary_joint,CD,1,24362,2412.6786434426904,870.0
resnet,clean_only,17,primary_joint,CD,2,20545,3411.489411100745,1098.0
resnet,clean_only,17,primary_joint,CD,3,17963,4178.075337558985,1271.0
resnet,clean_only,17,primary_joint,CD,4,15742,4711.231564164162,1178.0
resnet,clean_only,17,primary_joint,CD,5,13689,5007.169909775257,1238.0
resnet,clean_only,17,primary_joint,CD,6,12017,5199.572617352009,1390.0
resnet,clean_only,17,primary_joint,CD,7,11021,5503.289804190397,1628.0
resnet,clean_only,17,primary_joint,CD,8,9911,5612.027210474014,1744.0
resnet,clean_only,17,primary_joint,CD,9,9051,5725.585294723511,1921.0
resnet,clean_only,17,primary_joint,CD,10,8733,6109.278784632683,2455.0
resnet,clean_only,17,primary_joint,CD,11,8345,6396.972972869873,2850.0
resnet,clean_only,17,primary_joint,CD,12,8202,6833.275504827499,3321.0
resnet,clean_only,17,primary_joint,CD,13,8313,7487.3837649822235,4498.0
resnet,clean_only,17,primary_joint,CD,14,26277,25847.426140785217,23671.0
resnet,clean_only,17,primary_joint,HYP,0,126983,3478.281415850972,3463.0
resnet,clean_only,17,primary_joint,HYP,1,40801,3855.985845349729,3610.0
resnet,clean_only,17,primary_joint,HYP,2,16999,2762.8631648421288,3457.0
resnet,clean_only,17,primary_joint,HYP,3,8231,1891.0863941162825,2317.0
resnet,clean_only,17,primary_joint,HYP,4,5008,1491.2578525841236,1701.0
resnet,clean_only,17,primary_joint,HYP,5,3734,1363.130508184433,1754.0
resnet,clean_only,17,primary_joint,HYP,6,2838,1225.2973218858242,1523.0
resnet,clean_only,17,primary_joint,HYP,7,2169,1081.37226074934,1188.0
resnet,clean_only,17,primary_joint,HYP,8,1798,1019.1479882597923,1158.0
resnet,clean_only,17,primary_joint,HYP,9,1545,976.3778079748154,1173.0
resnet,clean_only,17,primary_joint,HYP,10,1293,903.8528512716293,1045.0
resnet,clean_only,17,primary_joint,HYP,11,1473,1133.628895521164,1130.0
resnet,clean_only,17,primary_joint,HYP,12,1155,956.5976495742798,976.0
resnet,clean_only,17,primary_joint,HYP,13,790,710.7505506873131,722.0
resnet,clean_only,17,primary_joint,HYP,14,983,957.7518472671509,983.0
resnet,independent_rms,17,clean,NORM,0,771,8.298801802260527,14.0
resnet,independent_rms,17,clean,NORM,1,96,9.29787577688694,11.0
resnet,independent_rms,17,clean,NORM,2,52,8.490264758467674,11.0
resnet,independent_rms,17,clean,NORM,3,48,11.150413528084755,12.0
resnet,independent_rms,17,clean,NORM,4,43,13.014650344848633,14.0
resnet,independent_rms,17,clean,NORM,5,33,12.200488567352295,15.0
resnet,independent_rms,17,clean,NORM,6,36,15.429966568946838,15.0
resnet,independent_rms,17,clean,NORM,7,57,28.657432973384857,39.0
resnet,independent_rms,17,clean,NORM,8,43,24.295470118522644,25.0
resnet,independent_rms,17,clean,NORM,9,57,36.05899780988693,28.0
resnet,independent_rms,17,clean,NORM,10,61,42.41829228401184,37.0
resnet,independent_rms,17,clean,NORM,11,71,54.678497195243835,50.0
resnet,independent_rms,17,clean,NORM,12,103,85.69373708963394,73.0
resnet,independent_rms,17,clean,NORM,13,172,155.70292627811432,138.0
resnet,independent_rms,17,clean,NORM,14,515,502.35601156949997,481.0
resnet,independent_rms,17,clean,MI,0,829,17.093595229031052,21.0
resnet,independent_rms,17,clean,MI,1,200,19.42255699634552,13.0
resnet,independent_rms,17,clean,MI,2,133,22.228390708565712,20.0
resnet,independent_rms,17,clean,MI,3,76,17.65467070043087,16.0
resnet,independent_rms,17,clean,MI,4,77,22.656936645507812,12.0
resnet,independent_rms,17,clean,MI,5,53,19.597599893808365,15.0
resnet,independent_rms,17,clean,MI,6,62,26.99754363298416,17.0
resnet,independent_rms,17,clean,MI,7,59,29.34433564543724,14.0
resnet,independent_rms,17,clean,MI,8,50,28.168738424777985,17.0
resnet,independent_rms,17,clean,MI,9,85,53.80928188562393,34.0
resnet,independent_rms,17,clean,MI,10,56,38.97280877828598,25.0
resnet,independent_rms,17,clean,MI,11,62,47.65577405691147,27.0
resnet,independent_rms,17,clean,MI,12,73,60.852422535419464,44.0
resnet,independent_rms,17,clean,MI,13,98,88.36376202106476,70.0
resnet,independent_rms,17,clean,MI,14,245,238.84916776418686,205.0
resnet,independent_rms,17,clean,STTC,0,1295,17.47806163291534,44.0
resnet,independent_rms,17,clean,STTC,1,181,17.013501323759556,37.0
resnet,independent_rms,17,clean,STTC,2,109,17.72976279258728,30.0
resnet,independent_rms,17,clean,STTC,3,70,16.284318938851357,34.0
resnet,independent_rms,17,clean,STTC,4,61,18.00646024942398,34.0
resnet,independent_rms,17,clean,STTC,5,50,18.277076601982117,32.0
resnet,independent_rms,17,clean,STTC,6,45,19.514704793691635,26.0
resnet,independent_rms,17,clean,STTC,7,41,20.686735898256302,22.0
resnet,independent_rms,17,clean,STTC,8,51,28.79433137178421,36.0
resnet,independent_rms,17,clean,STTC,9,47,29.905187010765076,35.0
resnet,independent_rms,17,clean,STTC,10,35,24.34606897830963,33.0
resnet,independent_rms,17,clean,STTC,11,47,36.004089415073395,42.0
resnet,independent_rms,17,clean,STTC,12,42,35.02370095252991,37.0
resnet,independent_rms,17,clean,STTC,13,55,49.65424168109894,51.0
resnet,independent_rms,17,clean,STTC,14,29,27.754461348056793,28.0
resnet,independent_rms,17,clean,CD,0,1003,26.90804794570431,33.0
resnet,independent_rms,17,clean,CD,1,294,28.161069720983505,40.0
resnet,independent_rms,17,clean,CD,2,164,27.055312514305115,23.0
resnet,independent_rms,17,clean,CD,3,98,22.456897288560867,20.0
resnet,independent_rms,17,clean,CD,4,79,23.493252843618393,18.0
resnet,independent_rms,17,clean,CD,5,66,24.121847182512283,23.0
resnet,independent_rms,17,clean,CD,6,38,16.567827612161636,13.0
resnet,independent_rms,17,clean,CD,7,32,15.809008687734604,13.0
resnet,independent_rms,17,clean,CD,8,29,16.429183423519135,13.0
resnet,independent_rms,17,clean,CD,9,27,17.03935182094574,15.0
resnet,independent_rms,17,clean,CD,10,26,18.40179878473282,15.0
resnet,independent_rms,17,clean,CD,11,29,22.292348265647888,19.0
resnet,independent_rms,17,clean,CD,12,41,34.117006063461304,31.0
resnet,independent_rms,17,clean,CD,13,49,44.15464007854462,42.0
resnet,independent_rms,17,clean,CD,14,183,179.36989617347717,178.0
resnet,independent_rms,17,clean,HYP,0,1786,23.591412218062032,77.0
resnet,independent_rms,17,clean,HYP,1,137,12.712081462144852,34.0
resnet,independent_rms,17,clean,HYP,2,61,9.908266350626945,27.0
resnet,independent_rms,17,clean,HYP,3,35,8.173036009073257,19.0
resnet,independent_rms,17,clean,HYP,4,21,6.190840721130371,13.0
resnet,independent_rms,17,clean,HYP,5,15,5.351673930883408,9.0
resnet,independent_rms,17,clean,HYP,6,19,8.226835370063782,12.0
resnet,independent_rms,17,clean,HYP,7,11,5.592481046915054,8.0
resnet,independent_rms,17,clean,HYP,8,8,4.542564570903778,8.0
resnet,independent_rms,17,clean,HYP,9,14,8.803384602069855,7.0
resnet,independent_rms,17,clean,HYP,10,7,4.9233357310295105,6.0
resnet,independent_rms,17,clean,HYP,11,13,10.010018289089203,12.0
resnet,independent_rms,17,clean,HYP,12,5,4.188631772994995,4.0
resnet,independent_rms,17,clean,HYP,13,8,7.195008873939514,8.0
resnet,independent_rms,17,clean,HYP,14,18,17.48146551847458,18.0
resnet,independent_rms,17,primary_joint,NORM,0,74946,1051.9781370077446,1771.0
resnet,independent_rms,17,primary_joint,NORM,1,13135,1277.0810948088765,2280.0
resnet,independent_rms,17,primary_joint,NORM,2,8322,1371.1255438923836,2506.0
resnet,independent_rms,17,primary_joint,NORM,3,6954,1618.2814218848944,2796.0
resnet,independent_rms,17,primary_joint,NORM,4,6270,1878.6288099586964,2898.0
resnet,independent_rms,17,primary_joint,NORM,5,6285,2303.6591590940952,3331.0
resnet,independent_rms,17,primary_joint,NORM,6,6207,2688.7264282107353,3746.0
resnet,independent_rms,17,primary_joint,NORM,7,6509,3256.423270791769,4128.0
resnet,independent_rms,17,primary_joint,NORM,8,6600,3741.5473482608795,4426.0
resnet,independent_rms,17,primary_joint,NORM,9,7005,4441.901531338692,4837.0
resnet,independent_rms,17,primary_joint,NORM,10,7659,5366.168326079845,5655.0
resnet,independent_rms,17,primary_joint,NORM,11,8850,6794.399066627026,6897.0
resnet,independent_rms,17,primary_joint,NORM,12,10921,9115.529750466347,8771.0
resnet,independent_rms,17,primary_joint,NORM,13,15911,14361.964607417583,13802.0
resnet,independent_rms,17,primary_joint,NORM,14,30226,29343.389950156212,28456.0
resnet,independent_rms,17,primary_joint,MI,0,57977,1482.7612680028542,1195.0
resnet,independent_rms,17,primary_joint,MI,1,23590,2298.64578332752,1439.0
resnet,independent_rms,17,primary_joint,MI,2,15728,2594.005243167281,1486.0
resnet,independent_rms,17,primary_joint,MI,3,12115,2815.686865642667,1643.0
resnet,independent_rms,17,primary_joint,MI,4,10109,3023.2476133704185,1667.0
resnet,independent_rms,17,primary_joint,MI,5,8605,3151.051183462143,1663.0
resnet,independent_rms,17,primary_joint,MI,6,8416,3642.2253855466843,1916.0
resnet,independent_rms,17,primary_joint,MI,7,7878,3939.5230829417706,2122.0
resnet,independent_rms,17,primary_joint,MI,8,7840,4442.846119463444,2503.0
resnet,independent_rms,17,primary_joint,MI,9,7997,5063.326235771179,2840.0
resnet,independent_rms,17,primary_joint,MI,10,8192,5731.360303342342,3467.0
resnet,independent_rms,17,primary_joint,MI,11,7865,6034.641640424728,3815.0
resnet,independent_rms,17,primary_joint,MI,12,8971,7485.736981868744,4974.0
resnet,independent_rms,17,primary_joint,MI,13,10876,9806.376773893833,7537.0
resnet,independent_rms,17,primary_joint,MI,14,19641,19082.965516388416,16733.0
resnet,independent_rms,17,primary_joint,STTC,0,111559,2178.727039476402,3439.0
resnet,independent_rms,17,primary_joint,STTC,1,28037,2701.254974037409,4060.0
resnet,independent_rms,17,primary_joint,STTC,2,15963,2618.507784292102,4248.0
resnet,independent_rms,17,primary_joint,STTC,3,11112,2572.8772271871567,4365.0
resnet,independent_rms,17,primary_joint,STTC,4,8136,2425.7035928964615,4229.0
resnet,independent_rms,17,primary_joint,STTC,5,6660,2439.5919480621815,4100.0
resnet,independent_rms,17,primary_joint,STTC,6,5728,2477.016451984644,3871.0
resnet,independent_rms,17,primary_joint,STTC,7,5059,2530.2276987433434,3563.0
resnet,independent_rms,17,primary_joint,STTC,8,4756,2692.0379489064217,3599.0
resnet,independent_rms,17,primary_joint,STTC,9,4273,2703.6631692647934,3496.0
resnet,independent_rms,17,primary_joint,STTC,10,3652,2552.7997077703476,3196.0
resnet,independent_rms,17,primary_joint,STTC,11,3486,2669.7499874830246,3124.0
resnet,independent_rms,17,primary_joint,STTC,12,3096,2576.344097971916,2742.0
resnet,independent_rms,17,primary_joint,STTC,13,2960,2658.158341526985,2801.0
resnet,independent_rms,17,primary_joint,STTC,14,1323,1263.4256659150124,1267.0
resnet,independent_rms,17,primary_joint,CD,0,77132,2464.2412692218786,2635.0
resnet,independent_rms,17,primary_joint,CD,1,37508,3607.7813471257687,3401.0
resnet,independent_rms,17,primary_joint,CD,2,20927,3427.025081768632,2620.0
resnet,independent_rms,17,primary_joint,CD,3,13587,3143.9503746181726,2032.0
resnet,independent_rms,17,primary_joint,CD,4,9801,2927.8020899295807,2179.0
resnet,independent_rms,17,primary_joint,CD,5,7309,2672.6180143654346,2069.0
resnet,independent_rms,17,primary_joint,CD,6,5767,2491.7340197861195,2023.0
resnet,independent_rms,17,primary_joint,CD,7,4679,2334.2303063869476,1834.0
resnet,independent_rms,17,primary_joint,CD,8,3859,2185.155136346817,1635.0
resnet,independent_rms,17,primary_joint,CD,9,3287,2079.6037113666534,1551.0
resnet,independent_rms,17,primary_joint,CD,10,3221,2257.203359901905,1938.0
resnet,independent_rms,17,primary_joint,CD,11,3511,2694.1710427999496,2538.0
resnet,independent_rms,17,primary_joint,CD,12,4067,3394.6361421346664,3123.0
resnet,independent_rms,17,primary_joint,CD,13,5145,4645.164404809475,4315.0
resnet,independent_rms,17,primary_joint,CD,14,16000,15646.709832370281,15707.0
resnet,independent_rms,17,primary_joint,HYP,0,177255,2689.9510653805846,7751.0
resnet,independent_rms,17,primary_joint,HYP,1,15750,1464.7317001074553,3909.0
resnet,independent_rms,17,primary_joint,HYP,2,6414,1049.820327013731,2635.0
resnet,independent_rms,17,primary_joint,HYP,3,3546,819.1447061896324,1971.0
resnet,independent_rms,17,primary_joint,HYP,4,2256,670.9622856080532,1490.0
resnet,independent_rms,17,primary_joint,HYP,5,1803,656.4444782733917,1212.0
resnet,independent_rms,17,primary_joint,HYP,6,1370,593.0754061639309,950.0
resnet,independent_rms,17,primary_joint,HYP,7,1190,595.0059403479099,849.0
resnet,independent_rms,17,primary_joint,HYP,8,1028,583.7668932676315,752.0
resnet,independent_rms,17,primary_joint,HYP,9,988,624.9373431801796,771.0
resnet,independent_rms,17,primary_joint,HYP,10,865,605.0121467113495,707.0
resnet,independent_rms,17,primary_joint,HYP,11,843,648.0514180660248,774.0
resnet,independent_rms,17,primary_joint,HYP,12,741,615.3409290909767,681.0
resnet,independent_rms,17,primary_joint,HYP,13,549,494.2497959136963,546.0
resnet,independent_rms,17,primary_joint,HYP,14,1202,1170.3853793740273,1202.0
resnet,electrode,17,clean,NORM,0,723,9.661666929054093,9.0
resnet,electrode,17,clean,NORM,1,116,11.056544855237007,12.0
resnet,electrode,17,clean,NORM,2,64,10.943992376327515,13.0
resnet,electrode,17,clean,NORM,3,47,11.119623124599457,20.0
resnet,electrode,17,clean,NORM,4,46,13.739897936582565,14.0
resnet,electrode,17,clean,NORM,5,49,17.931706458330154,11.0
resnet,electrode,17,clean,NORM,6,38,16.3862666785717,17.0
resnet,electrode,17,clean,NORM,7,45,22.632199317216873,21.0
resnet,electrode,17,clean,NORM,8,53,30.19930124282837,33.0
resnet,electrode,17,clean,NORM,9,54,34.40052002668381,29.0
resnet,electrode,17,clean,NORM,10,60,42.278756618499756,40.0
resnet,electrode,17,clean,NORM,11,66,50.76967716217041,50.0
resnet,electrode,17,clean,NORM,12,109,90.89112514257431,78.0
resnet,electrode,17,clean,NORM,13,156,141.01984405517578,120.0
resnet,electrode,17,clean,NORM,14,532,519.065159380436,496.0
resnet,electrode,17,clean,MI,0,1148,18.589025929570198,45.0
resnet,electrode,17,clean,MI,1,196,18.41212885081768,37.0
resnet,electrode,17,clean,MI,2,122,19.817283391952515,38.0
resnet,electrode,17,clean,MI,3,82,18.661567017436028,28.0
resnet,electrode,17,clean,MI,4,67,20.015517473220825,24.0
resnet,electrode,17,clean,MI,5,65,23.53545570373535,28.0
resnet,electrode,17,clean,MI,6,48,20.819531351327896,22.0
resnet,electrode,17,clean,MI,7,37,18.68714678287506,19.0
resnet,electrode,17,clean,MI,8,42,23.777890861034393,23.0
resnet,electrode,17,clean,MI,9,38,24.070115447044373,23.0
resnet,electrode,17,clean,MI,10,38,26.70604008436203,28.0
resnet,electrode,17,clean,MI,11,44,33.727284371852875,31.0
resnet,electrode,17,clean,MI,12,49,40.80232262611389,40.0
resnet,electrode,17,clean,MI,13,72,64.65534663200378,61.0
resnet,electrode,17,clean,MI,14,110,106.94524824619293,103.0
resnet,electrode,17,clean,STTC,0,1099,17.169315832288703,27.0
resnet,electrode,17,clean,STTC,1,183,17.50764025002718,20.0
resnet,electrode,17,clean,STTC,2,130,21.812100887298584,23.0
resnet,electrode,17,clean,STTC,3,80,18.537321269512177,21.0
resnet,electrode,17,clean,STTC,4,76,22.791011482477188,27.0
resnet,electrode,17,clean,STTC,5,46,16.649216949939728,17.0
resnet,electrode,17,clean,STTC,6,49,21.418905913829803,26.0
resnet,electrode,17,clean,STTC,7,53,26.260494112968445,20.0
resnet,electrode,17,clean,STTC,8,56,31.95634776353836,29.0
resnet,electrode,17,clean,STTC,9,56,35.472587049007416,42.0
resnet,electrode,17,clean,STTC,10,58,40.875303506851196,38.0
resnet,electrode,17,clean,STTC,11,60,45.97073143720627,46.0
resnet,electrode,17,clean,STTC,12,60,50.172212183475494,44.0
resnet,electrode,17,clean,STTC,13,76,68.71649259328842,70.0
resnet,electrode,17,clean,STTC,14,76,72.71953457593918,71.0
resnet,electrode,17,clean,CD,0,1479,24.639794693037402,88.0
resnet,electrode,17,clean,CD,1,174,16.30976652354002,40.0
resnet,electrode,17,clean,CD,2,83,13.728978663682938,32.0
resnet,electrode,17,clean,CD,3,46,10.669433534145355,25.0
resnet,electrode,17,clean,CD,4,41,12.528269588947296,21.0
resnet,electrode,17,clean,CD,5,28,10.19443291425705,16.0
resnet,electrode,17,clean,CD,6,26,11.306592285633087,18.0
resnet,electrode,17,clean,CD,7,22,10.955085039138794,17.0
resnet,electrode,17,clean,CD,8,21,12.02639102935791,17.0
resnet,electrode,17,clean,CD,9,19,12.04760068655014,14.0
resnet,electrode,17,clean,CD,10,11,7.706083238124847,11.0
resnet,electrode,17,clean,CD,11,16,12.250795722007751,11.0
resnet,electrode,17,clean,CD,12,23,19.11024409532547,18.0
resnet,electrode,17,clean,CD,13,46,41.619798839092255,46.0
resnet,electrode,17,clean,CD,14,123,120.95052462816238,122.0
resnet,electrode,17,clean,HYP,0,1551,17.52208809011063,47.0
resnet,electrode,17,clean,HYP,1,182,16.863628283143044,20.0
resnet,electrode,17,clean,HYP,2,83,13.646216407418251,15.0
resnet,electrode,17,clean,HYP,3,49,11.144558653235435,12.0
resnet,electrode,17,clean,HYP,4,46,13.771599262952805,17.0
resnet,electrode,17,clean,HYP,5,31,11.207094252109528,15.0
resnet,electrode,17,clean,HYP,6,27,11.878380596637726,9.0
resnet,electrode,17,clean,HYP,7,27,13.567352145910263,13.0
resnet,electrode,17,clean,HYP,8,18,10.05033278465271,10.0
resnet,electrode,17,clean,HYP,9,27,17.125358521938324,17.0
resnet,electrode,17,clean,HYP,10,20,14.072062969207764,8.0
resnet,electrode,17,clean,HYP,11,13,10.063559353351593,9.0
resnet,electrode,17,clean,HYP,12,15,12.609196782112122,11.0
resnet,electrode,17,clean,HYP,13,26,23.39135652780533,18.0
resnet,electrode,17,clean,HYP,14,43,41.96669149398804,41.0
resnet,electrode,17,primary_joint,NORM,0,66023,1133.3485001947772,783.0
resnet,electrode,17,primary_joint,NORM,1,13422,1297.8647940084338,1361.0
resnet,electrode,17,primary_joint,NORM,2,8705,1436.4750020354986,1681.0
resnet,electrode,17,primary_joint,NORM,3,6707,1559.4688998609781,1969.0
resnet,electrode,17,primary_joint,NORM,4,5947,1784.7707415521145,2171.0
resnet,electrode,17,primary_joint,NORM,5,5840,2139.8795581161976,2435.0
resnet,electrode,17,primary_joint,NORM,6,5903,2556.72073790431,2881.0
resnet,electrode,17,primary_joint,NORM,7,5793,2899.882964551449,3151.0
resnet,electrode,17,primary_joint,NORM,8,6355,3607.1220447421074,3698.0
resnet,electrode,17,primary_joint,NORM,9,6881,4361.9259486198425,4326.0
resnet,electrode,17,primary_joint,NORM,10,7542,5286.9212718605995,5251.0
resnet,electrode,17,primary_joint,NORM,11,8958,6874.697601139545,6662.0
resnet,electrode,17,primary_joint,NORM,12,11515,9619.094567239285,8849.0
resnet,electrode,17,primary_joint,NORM,13,17344,15649.409972965717,14573.0
resnet,electrode,17,primary_joint,NORM,14,38865,37767.84923052788,36509.0
resnet,electrode,17,primary_joint,MI,0,100242,2087.981076501288,4023.0
resnet,electrode,17,primary_joint,MI,1,25746,2479.507265560329,3985.0
resnet,electrode,17,primary_joint,MI,2,16084,2645.1776764690876,4009.0
resnet,electrode,17,primary_joint,MI,3,11098,2573.924147248268,3499.0
resnet,electrode,17,primary_joint,MI,4,8490,2541.4677640497684,3008.0
resnet,electrode,17,primary_joint,MI,5,6954,2540.4899435043335,2901.0
resnet,electrode,17,primary_joint,MI,6,5622,2429.4616867005825,2553.0
resnet,electrode,17,primary_joint,MI,7,4908,2453.268960982561,2507.0
resnet,electrode,17,primary_joint,MI,8,4527,2563.3252727389336,2546.0
resnet,electrode,17,primary_joint,MI,9,4308,2727.3851459622383,2747.0
resnet,electrode,17,primary_joint,MI,10,4350,3044.3549186587334,3074.0
resnet,electrode,17,primary_joint,MI,11,4485,3438.7698035240173,3418.0
resnet,electrode,17,primary_joint,MI,12,5128,4281.751682579517,4272.0
resnet,electrode,17,primary_joint,MI,13,5629,5070.364520072937,4689.0
resnet,electrode,17,primary_joint,MI,14,8229,7972.93629693985,7769.0
resnet,electrode,17,primary_joint,STTC,0,96849,1891.9169966502595,2158.0
resnet,electrode,17,primary_joint,STTC,1,23258,2251.3904389813542,2182.0
resnet,electrode,17,primary_joint,STTC,2,14722,2431.9284822940826,2394.0
resnet,electrode,17,primary_joint,STTC,3,11005,2550.1876686811447,2439.0
resnet,electrode,17,primary_joint,STTC,4,8608,2573.2247379124165,2460.0
resnet,electrode,17,primary_joint,STTC,5,7250,2652.612501591444,2792.0
resnet,electrode,17,primary_joint,STTC,6,6620,2867.3904356360435,3003.0
resnet,electrode,17,primary_joint,STTC,7,6499,3247.955402433872,3301.0
resnet,electrode,17,primary_joint,STTC,8,6255,3542.116464138031,3652.0
resnet,electrode,17,primary_joint,STTC,9,6049,3829.4066058397293,4167.0
resnet,electrode,17,primary_joint,STTC,10,6327,4430.234853088856,4570.0
resnet,electrode,17,primary_joint,STTC,11,6032,4621.2840911746025,4620.0
resnet,electrode,17,primary_joint,STTC,12,5854,4882.29961591959,4720.0
resnet,electrode,17,primary_joint,STTC,13,6271,5642.71734136343,5679.0
resnet,electrode,17,primary_joint,STTC,14,4201,4018.465836942196,3963.0
resnet,electrode,17,primary_joint,CD,0,142007,2958.536049889517,8717.0
resnet,electrode,17,primary_joint,CD,1,22174,2094.833762280643,4848.0
resnet,electrode,17,primary_joint,CD,2,9717,1586.9743719547987,3455.0
resnet,electrode,17,primary_joint,CD,3,5878,1358.0048783868551,2792.0
resnet,electrode,17,primary_joint,CD,4,4244,1267.3713223040104,2322.0
resnet,electrode,17,primary_joint,CD,5,3270,1192.354497462511,2033.0
resnet,electrode,17,primary_joint,CD,6,2598,1126.2719418406487,1735.0
resnet,electrode,17,primary_joint,CD,7,2209,1102.1131496429443,1600.0
resnet,electrode,17,primary_joint,CD,8,1807,1022.2602353096008,1406.0
resnet,electrode,17,primary_joint,CD,9,1674,1059.651503443718,1364.0
resnet,electrode,17,primary_joint,CD,10,1644,1151.0322563052177,1417.0
resnet,electrode,17,primary_joint,CD,11,1929,1480.6011570096016,1636.0
resnet,electrode,17,primary_joint,CD,12,2410,2014.5209570527077,2194.0
resnet,electrode,17,primary_joint,CD,13,3820,3448.6250717639923,3715.0
resnet,electrode,17,primary_joint,CD,14,10419,10179.796826720238,10366.0
resnet,electrode,17,primary_joint,HYP,0,154782,2094.6426725035853,4909.0
resnet,electrode,17,primary_joint,HYP,1,18846,1777.911833629012,2158.0
resnet,electrode,17,primary_joint,HYP,2,9012,1475.1460480839014,1706.0
resnet,electrode,17,primary_joint,HYP,3,5771,1336.4101245999336,1565.0
resnet,electrode,17,primary_joint,HYP,4,4251,1269.010681539774,1541.0
resnet,electrode,17,primary_joint,HYP,5,3283,1198.1090499460697,1269.0
resnet,electrode,17,primary_joint,HYP,6,2632,1138.0553371310234,1222.0
resnet,electrode,17,primary_joint,HYP,7,2514,1254.6622233688831,1283.0
resnet,electrode,17,primary_joint,HYP,8,2125,1203.5827507972717,1244.0
resnet,electrode,17,primary_joint,HYP,9,1967,1244.0762777328491,1107.0
resnet,electrode,17,primary_joint,HYP,10,1903,1331.2089654803276,1148.0
resnet,electrode,17,primary_joint,HYP,11,1490,1141.2106847167015,946.0
resnet,electrode,17,primary_joint,HYP,12,1654,1381.289562880993,1174.0
resnet,electrode,17,primary_joint,HYP,13,2298,2070.5273699760437,1809.0
resnet,electrode,17,primary_joint,HYP,14,3272,3187.5462431311607,3119.0
resnet,mixed,17,clean,NORM,0,670,8.601989862068194,7.0
resnet,mixed,17,clean,NORM,1,100,9.517867714166641,9.0
resnet,mixed,17,clean,NORM,2,54,8.875917539000511,7.0
resnet,mixed,17,clean,NORM,3,45,10.415027722716331,9.0
resnet,mixed,17,clean,NORM,4,49,14.470115751028061,10.0
resnet,mixed,17,clean,NORM,5,39,14.17525401711464,12.0
resnet,mixed,17,clean,NORM,6,32,13.692944496870041,10.0
resnet,mixed,17,clean,NORM,7,47,23.443930089473724,20.0
resnet,mixed,17,clean,NORM,8,53,29.772033512592316,24.0
resnet,mixed,17,clean,NORM,9,59,37.47149336338043,31.0
resnet,mixed,17,clean,NORM,10,66,46.21289348602295,32.0
resnet,mixed,17,clean,NORM,11,74,56.84695661067963,44.0
resnet,mixed,17,clean,NORM,12,93,77.98944061994553,72.0
resnet,mixed,17,clean,NORM,13,146,132.085529088974,108.0
resnet,mixed,17,clean,NORM,14,631,616.663567841053,568.0
resnet,mixed,17,clean,MI,0,1052,17.23365562915569,38.0
resnet,mixed,17,clean,MI,1,196,18.775251418352127,31.0
resnet,mixed,17,clean,MI,2,112,18.38402058184147,19.0
resnet,mixed,17,clean,MI,3,107,24.818580716848373,31.0
resnet,mixed,17,clean,MI,4,66,19.563410878181458,18.0
resnet,mixed,17,clean,MI,5,36,13.303252696990967,16.0
resnet,mixed,17,clean,MI,6,55,24.09665647149086,21.0
resnet,mixed,17,clean,MI,7,57,28.50114095211029,26.0
resnet,mixed,17,clean,MI,8,41,23.363496780395508,23.0
resnet,mixed,17,clean,MI,9,41,25.914273738861084,20.0
resnet,mixed,17,clean,MI,10,51,35.800148487091064,30.0
resnet,mixed,17,clean,MI,11,55,42.078685224056244,36.0
resnet,mixed,17,clean,MI,12,58,48.59629672765732,48.0
resnet,mixed,17,clean,MI,13,70,63.162238240242004,50.0
resnet,mixed,17,clean,MI,14,161,156.9840880036354,143.0
resnet,mixed,17,clean,STTC,0,1367,15.563797865757806,59.0
resnet,mixed,17,clean,STTC,1,174,16.627648502588272,41.0
resnet,mixed,17,clean,STTC,2,102,16.594194754958153,44.0
resnet,mixed,17,clean,STTC,3,55,13.116191253066063,25.0
resnet,mixed,17,clean,STTC,4,48,14.317107230424881,30.0
resnet,mixed,17,clean,STTC,5,54,19.864696979522705,33.0
resnet,mixed,17,clean,STTC,6,51,21.97749435901642,29.0
resnet,mixed,17,clean,STTC,7,40,20.154041320085526,27.0
resnet,mixed,17,clean,STTC,8,36,20.50016224384308,29.0
resnet,mixed,17,clean,STTC,9,30,19.127952337265015,21.0
resnet,mixed,17,clean,STTC,10,47,32.80498272180557,43.0
resnet,mixed,17,clean,STTC,11,40,30.92178910970688,35.0
resnet,mixed,17,clean,STTC,12,40,33.34628427028656,35.0
resnet,mixed,17,clean,STTC,13,48,43.06265711784363,44.0
resnet,mixed,17,clean,STTC,14,26,24.774739146232605,26.0
resnet,mixed,17,clean,CD,0,963,25.575193262659013,31.0
resnet,mixed,17,clean,CD,1,276,26.533108569681644,20.0
resnet,mixed,17,clean,CD,2,157,25.53750729560852,32.0
resnet,mixed,17,clean,CD,3,106,24.335346654057503,20.0
resnet,mixed,17,clean,CD,4,91,26.93808364868164,21.0
resnet,mixed,17,clean,CD,5,57,20.677192509174347,14.0
resnet,mixed,17,clean,CD,6,40,17.33143323659897,9.0
resnet,mixed,17,clean,CD,7,46,23.0880009829998,18.0
resnet,mixed,17,clean,CD,8,28,15.840921759605408,11.0
resnet,mixed,17,clean,CD,9,32,20.30899852514267,19.0
resnet,mixed,17,clean,CD,10,30,20.88939142227173,12.0
resnet,mixed,17,clean,CD,11,29,22.351470172405243,20.0
resnet,mixed,17,clean,CD,12,54,45.25277000665665,38.0
resnet,mixed,17,clean,CD,13,48,43.323731660842896,39.0
resnet,mixed,17,clean,CD,14,201,197.01653629541397,192.0
resnet,mixed,17,clean,HYP,0,1793,21.275604935253796,83.0
resnet,mixed,17,clean,HYP,1,142,13.103535279631615,39.0
resnet,mixed,17,clean,HYP,2,63,10.254774302244186,27.0
resnet,mixed,17,clean,HYP,3,37,8.432071134448051,20.0
resnet,mixed,17,clean,HYP,4,19,5.676946759223938,10.0
resnet,mixed,17,clean,HYP,5,16,5.786214858293533,13.0
resnet,mixed,17,clean,HYP,6,10,4.364451020956039,8.0
resnet,mixed,17,clean,HYP,7,16,7.987812578678131,12.0
resnet,mixed,17,clean,HYP,8,12,6.714171648025513,6.0
resnet,mixed,17,clean,HYP,9,5,3.246781885623932,3.0
resnet,mixed,17,clean,HYP,10,11,7.722116708755493,9.0
resnet,mixed,17,clean,HYP,11,5,3.8128275275230408,5.0
resnet,mixed,17,clean,HYP,12,5,4.18230664730072,4.0
resnet,mixed,17,clean,HYP,13,9,8.096315562725067,8.0
resnet,mixed,17,clean,HYP,14,15,14.603478372097015,15.0
resnet,mixed,17,primary_joint,NORM,0,58301,978.5187340705467,301.0
resnet,mixed,17,primary_joint,NORM,1,11345,1097.9910817593336,727.0
resnet,mixed,17,primary_joint,NORM,2,7750,1280.5027906298637,1019.0
resnet,mixed,17,primary_joint,NORM,3,6077,1413.9939793944359,950.0
resnet,mixed,17,primary_joint,NORM,4,5679,1701.4833691716194,1277.0
resnet,mixed,17,primary_joint,NORM,5,5416,1985.039118885994,1544.0
resnet,mixed,17,primary_joint,NORM,6,5158,2234.745164692402,1747.0
resnet,mixed,17,primary_joint,NORM,7,5564,2784.9322407245636,2232.0
resnet,mixed,17,primary_joint,NORM,8,5718,3243.553467810154,2637.0
resnet,mixed,17,primary_joint,NORM,9,6565,4162.198439359665,3360.0
resnet,mixed,17,primary_joint,NORM,10,7511,5265.349651813507,4364.0
resnet,mixed,17,primary_joint,NORM,11,8962,6879.644249260426,5916.0
resnet,mixed,17,primary_joint,NORM,12,11836,9886.393212139606,8671.0
resnet,mixed,17,primary_joint,NORM,13,18293,16525.859738230705,14665.0
resnet,mixed,17,primary_joint,NORM,14,51625,50222.879176199436,46890.0
resnet,mixed,17,primary_joint,MI,0,98339,2009.0152718855752,3853.0
resnet,mixed,17,primary_joint,MI,1,24446,2363.307820931077,3357.0
resnet,mixed,17,primary_joint,MI,2,15440,2539.1096997261047,3345.0
resnet,mixed,17,primary_joint,MI,3,10646,2459.4594644010067,3142.0
resnet,mixed,17,primary_joint,MI,4,7646,2284.136168897152,2742.0
resnet,mixed,17,primary_joint,MI,5,6393,2339.7667013704777,2643.0
resnet,mixed,17,primary_joint,MI,6,5800,2515.4693989157677,2569.0
resnet,mixed,17,primary_joint,MI,7,5650,2822.415408819914,2687.0
resnet,mixed,17,primary_joint,MI,8,5023,2845.18627512455,2667.0
resnet,mixed,17,primary_joint,MI,9,4791,3034.679412662983,2833.0
resnet,mixed,17,primary_joint,MI,10,4924,3446.1324285268784,3194.0
resnet,mixed,17,primary_joint,MI,11,4637,3552.4470506310463,3293.0
resnet,mixed,17,primary_joint,MI,12,5248,4381.329042255878,4002.0
resnet,mixed,17,primary_joint,MI,13,6170,5564.763527214527,4886.0
resnet,mixed,17,primary_joint,MI,14,10647,10359.240956425667,9787.0
resnet,mixed,17,primary_joint,STTC,0,129899,1898.8552206792083,5586.0
resnet,mixed,17,primary_joint,STTC,1,20826,1999.4679024666548,4115.0
resnet,mixed,17,primary_joint,STTC,2,12536,2054.7075550556183,4295.0
resnet,mixed,17,primary_joint,STTC,3,8218,1908.4240234941244,4144.0
resnet,mixed,17,primary_joint,STTC,4,6499,1941.055633366108,3800.0
resnet,mixed,17,primary_joint,STTC,5,5577,2044.1196379065514,3645.0
resnet,mixed,17,primary_joint,STTC,6,5308,2295.943649351597,3759.0
resnet,mixed,17,primary_joint,STTC,7,4601,2298.0856908857822,3339.0
resnet,mixed,17,primary_joint,STTC,8,4109,2326.1336508989334,3190.0
resnet,mixed,17,primary_joint,STTC,9,3597,2277.2721256017685,2930.0
resnet,mixed,17,primary_joint,STTC,10,3508,2457.9434537291527,3067.0
resnet,mixed,17,primary_joint,STTC,11,3469,2656.9195521473885,3115.0
resnet,mixed,17,primary_joint,STTC,12,3520,2931.1100561618805,3125.0
resnet,mixed,17,primary_joint,STTC,13,2850,2563.4008111953735,2708.0
resnet,mixed,17,primary_joint,STTC,14,1283,1225.0845322012901,1282.0
resnet,mixed,17,primary_joint,CD,0,80726,2557.735409982153,2414.0
resnet,mixed,17,primary_joint,CD,1,34626,3318.540545538068,2772.0
resnet,mixed,17,primary_joint,CD,2,19404,3191.2835797071457,2787.0
resnet,mixed,17,primary_joint,CD,3,12359,2858.591059297323,2236.0
resnet,mixed,17,primary_joint,CD,4,9387,2800.7000508010387,1929.0
resnet,mixed,17,primary_joint,CD,5,7077,2585.132792621851,1728.0
resnet,mixed,17,primary_joint,CD,6,5554,2398.128371566534,1570.0
resnet,mixed,17,primary_joint,CD,7,4738,2364.8936655819416,1640.0
resnet,mixed,17,primary_joint,CD,8,4204,2377.364225268364,1802.0
resnet,mixed,17,primary_joint,CD,9,3614,2286.306163430214,1862.0
resnet,mixed,17,primary_joint,CD,10,3313,2318.931065618992,1867.0
resnet,mixed,17,primary_joint,CD,11,3565,2736.6851620674133,2436.0
resnet,mixed,17,primary_joint,CD,12,4565,3810.4491022229195,3397.0
resnet,mixed,17,primary_joint,CD,13,5158,4653.295959532261,4212.0
resnet,mixed,17,primary_joint,CD,14,17510,17130.827449917793,16948.0
resnet,mixed,17,primary_joint,HYP,0,177539,2439.7161103986946,8089.0
resnet,mixed,17,primary_joint,HYP,1,16217,1523.989764854312,3971.0
resnet,mixed,17,primary_joint,HYP,2,6407,1045.8206178247929,2816.0
resnet,mixed,17,primary_joint,HYP,3,3322,766.1111509054899,1820.0
resnet,mixed,17,primary_joint,HYP,4,2263,677.053619146347,1522.0
resnet,mixed,17,primary_joint,HYP,5,1722,629.6782557964325,1178.0
resnet,mixed,17,primary_joint,HYP,6,1434,618.7045658230782,1033.0
resnet,mixed,17,primary_joint,HYP,7,1269,634.4493425786495,950.0
resnet,mixed,17,primary_joint,HYP,8,1028,581.7645149827003,768.0
resnet,mixed,17,primary_joint,HYP,9,827,522.9287688136101,620.0
resnet,mixed,17,primary_joint,HYP,10,788,551.7429286837578,670.0
resnet,mixed,17,primary_joint,HYP,11,730,558.7648229598999,634.0
resnet,mixed,17,primary_joint,HYP,12,532,442.3086482286453,461.0
resnet,mixed,17,primary_joint,HYP,13,658,593.235695540905,604.0
resnet,mixed,17,primary_joint,HYP,14,1064,1036.8257162570953,1064.0
resnet,clean_only,29,clean,NORM,0,669,9.093487026092845,3.0
resnet,clean_only,29,clean,NORM,1,104,10.191796883940697,5.0
resnet,clean_only,29,clean,NORM,2,66,10.890040025115013,12.0
resnet,clean_only,29,clean,NORM,3,50,11.574303343892097,8.0
resnet,clean_only,29,clean,NORM,4,54,16.109940737485886,17.0
resnet,clean_only,29,clean,NORM,5,34,12.27251136302948,11.0
resnet,clean_only,29,clean,NORM,6,44,19.09866952896118,17.0
resnet,clean_only,29,clean,NORM,7,38,18.913080602884293,20.0
resnet,clean_only,29,clean,NORM,8,59,33.58540266752243,25.0
resnet,clean_only,29,clean,NORM,9,66,41.900349497795105,38.0
resnet,clean_only,29,clean,NORM,10,97,67.79849624633789,60.0
resnet,clean_only,29,clean,NORM,11,84,64.6258835196495,53.0
resnet,clean_only,29,clean,NORM,12,151,126.47454017400742,113.0
resnet,clean_only,29,clean,NORM,13,216,195.3735076189041,187.0
resnet,clean_only,29,clean,NORM,14,426,411.95605731010437,394.0
resnet,clean_only,29,clean,MI,0,1100,23.11723807413364,53.0
resnet,clean_only,29,clean,MI,1,264,25.338002808392048,45.0
resnet,clean_only,29,clean,MI,2,130,21.191900938749313,41.0
resnet,clean_only,29,clean,MI,3,95,22.04424685239792,32.0
resnet,clean_only,29,clean,MI,4,77,22.97224634885788,28.0
resnet,clean_only,29,clean,MI,5,40,14.698098182678223,15.0
resnet,clean_only,29,clean,MI,6,63,27.30347043275833,33.0
resnet,clean_only,29,clean,MI,7,47,23.39194706082344,30.0
resnet,clean_only,29,clean,MI,8,38,21.541375279426575,23.0
resnet,clean_only,29,clean,MI,9,48,30.545209228992462,35.0
resnet,clean_only,29,clean,MI,10,30,20.851722717285156,18.0
resnet,clean_only,29,clean,MI,11,52,39.951598823070526,42.0
resnet,clean_only,29,clean,MI,12,47,39.25550973415375,35.0
resnet,clean_only,29,clean,MI,13,52,47.016292691230774,45.0
resnet,clean_only,29,clean,MI,14,75,72.56169843673706,75.0
resnet,clean_only,29,clean,STTC,0,1156,18.68179355576285,29.0
resnet,clean_only,29,clean,STTC,1,198,18.851676434278488,25.0
resnet,clean_only,29,clean,STTC,2,112,18.3683962225914,24.0
resnet,clean_only,29,clean,STTC,3,81,19.123809844255447,22.0
resnet,clean_only,29,clean,STTC,4,63,18.653415828943253,19.0
resnet,clean_only,29,clean,STTC,5,46,17.031954884529114,17.0
resnet,clean_only,29,clean,STTC,6,63,27.334231287240982,34.0
resnet,clean_only,29,clean,STTC,7,54,27.096449583768845,30.0
resnet,clean_only,29,clean,STTC,8,59,33.53495180606842,33.0
resnet,clean_only,29,clean,STTC,9,50,31.891529262065887,37.0
resnet,clean_only,29,clean,STTC,10,53,37.04215294122696,48.0
resnet,clean_only,29,clean,STTC,11,61,46.94761794805527,55.0
resnet,clean_only,29,clean,STTC,12,74,61.788151919841766,64.0
resnet,clean_only,29,clean,STTC,13,54,48.41068196296692,51.0
resnet,clean_only,29,clean,STTC,14,34,32.48411387205124,33.0
resnet,clean_only,29,clean,CD,0,1057,32.13339535612613,42.0
resnet,clean_only,29,clean,CD,1,354,33.522556863725185,48.0
resnet,clean_only,29,clean,CD,2,158,25.612836450338364,24.0
resnet,clean_only,29,clean,CD,3,85,19.440305948257446,21.0
resnet,clean_only,29,clean,CD,4,56,16.836649864912033,23.0
resnet,clean_only,29,clean,CD,5,56,20.43318200111389,25.0
resnet,clean_only,29,clean,CD,6,39,17.05530560016632,20.0
resnet,clean_only,29,clean,CD,7,28,14.088300108909607,17.0
resnet,clean_only,29,clean,CD,8,23,13.071544826030731,11.0
resnet,clean_only,29,clean,CD,9,36,22.588772654533386,24.0
resnet,clean_only,29,clean,CD,10,29,20.242319703102112,18.0
resnet,clean_only,29,clean,CD,11,21,16.248201489448547,16.0
resnet,clean_only,29,clean,CD,12,40,33.41839772462845,38.0
resnet,clean_only,29,clean,CD,13,42,38.005458533763885,38.0
resnet,clean_only,29,clean,CD,14,134,130.3389691710472,131.0
resnet,clean_only,29,clean,HYP,0,1369,20.656457436285564,37.0
resnet,clean_only,29,clean,HYP,1,217,20.719568111002445,11.0
resnet,clean_only,29,clean,HYP,2,124,20.031315356492996,11.0
resnet,clean_only,29,clean,HYP,3,62,14.42552986741066,11.0
resnet,clean_only,29,clean,HYP,4,61,18.2724546790123,11.0
resnet,clean_only,29,clean,HYP,5,49,17.831997722387314,11.0
resnet,clean_only,29,clean,HYP,6,25,10.986938625574112,9.0
resnet,clean_only,29,clean,HYP,7,32,16.00048667192459,12.0
resnet,clean_only,29,clean,HYP,8,27,15.32642912864685,12.0
resnet,clean_only,29,clean,HYP,9,26,16.521479547023773,13.0
resnet,clean_only,29,clean,HYP,10,31,21.7539342045784,15.0
resnet,clean_only,29,clean,HYP,11,26,19.8597891330719,17.0
resnet,clean_only,29,clean,HYP,12,23,19.11150825023651,17.0
resnet,clean_only,29,clean,HYP,13,27,24.304671466350555,24.0
resnet,clean_only,29,clean,HYP,14,59,57.63450789451599,51.0
resnet,clean_only,29,primary_joint,NORM,0,70305,1254.3547497000532,1278.0
resnet,clean_only,29,primary_joint,NORM,1,16470,1596.4421207234263,3187.0
resnet,clean_only,29,primary_joint,NORM,2,12061,1994.2488555759192,4204.0
resnet,clean_only,29,primary_joint,NORM,3,10049,2337.607285261154,4790.0
resnet,clean_only,29,primary_joint,NORM,4,9206,2759.380684196949,5338.0
resnet,clean_only,29,primary_joint,NORM,5,8890,3255.853549450636,5726.0
resnet,clean_only,29,primary_joint,NORM,6,8923,3868.086162865162,6123.0
resnet,clean_only,29,primary_joint,NORM,7,8957,4479.883198618889,6358.0
resnet,clean_only,29,primary_joint,NORM,8,8800,4986.37675178051,6545.0
resnet,clean_only,29,primary_joint,NORM,9,8762,5548.0503561496735,6800.0
resnet,clean_only,29,primary_joint,NORM,10,8893,6226.291718244553,6917.0
resnet,clean_only,29,primary_joint,NORM,11,9161,7023.131725370884,7381.0
resnet,clean_only,29,primary_joint,NORM,12,9505,7929.508609712124,8134.0
resnet,clean_only,29,primary_joint,NORM,13,11749,10592.267831385136,10353.0
resnet,clean_only,29,primary_joint,NORM,14,14069,13528.880344808102,13166.0
resnet,clean_only,29,primary_joint,MI,0,55574,1563.2828807585756,1917.0
resnet,clean_only,29,primary_joint,MI,1,29311,2893.033667050302,2730.0
resnet,clean_only,29,primary_joint,MI,2,22274,3675.569757014513,2915.0
resnet,clean_only,29,primary_joint,MI,3,17571,4079.1386141330004,3209.0
resnet,clean_only,29,primary_joint,MI,4,14333,4282.434996038675,3081.0
resnet,clean_only,29,primary_joint,MI,5,12131,4437.263987421989,3172.0
resnet,clean_only,29,primary_joint,MI,6,10596,4585.816943883896,3454.0
resnet,clean_only,29,primary_joint,MI,7,9009,4491.795494586229,3702.0
resnet,clean_only,29,primary_joint,MI,8,7844,4442.69714820385,3622.0
resnet,clean_only,29,primary_joint,MI,9,7222,4572.105154693127,3851.0
resnet,clean_only,29,primary_joint,MI,10,6256,4379.108553051949,3810.0
resnet,clean_only,29,primary_joint,MI,11,6359,4874.288801014423,4438.0
resnet,clean_only,29,primary_joint,MI,12,5854,4873.069064736366,4508.0
resnet,clean_only,29,primary_joint,MI,13,5822,5239.960150718689,5035.0
resnet,clean_only,29,primary_joint,MI,14,5644,5449.124648034573,5556.0
resnet,clean_only,29,primary_joint,STTC,0,61579,1540.270939321228,1054.0
resnet,clean_only,29,primary_joint,STTC,1,31760,3120.4995516836643,1683.0
resnet,clean_only,29,primary_joint,STTC,2,22576,3719.6104318350554,2004.0
resnet,clean_only,29,primary_joint,STTC,3,17442,4050.4671089351177,2334.0
resnet,clean_only,29,primary_joint,STTC,4,14704,4399.064325839281,2865.0
resnet,clean_only,29,primary_joint,STTC,5,11785,4305.642992854118,3328.0
resnet,clean_only,29,primary_joint,STTC,6,10013,4329.788393855095,4130.0
resnet,clean_only,29,primary_joint,STTC,7,8672,4330.2027415037155,4463.0
resnet,clean_only,29,primary_joint,STTC,8,7625,4314.5101372003555,4784.0
resnet,clean_only,29,primary_joint,STTC,9,6761,4275.606400489807,4988.0
resnet,clean_only,29,primary_joint,STTC,10,6276,4390.446461677551,5302.0
resnet,clean_only,29,primary_joint,STTC,11,5837,4473.802143931389,5143.0
resnet,clean_only,29,primary_joint,STTC,12,5679,4732.936416625977,5183.0
resnet,clean_only,29,primary_joint,STTC,13,3522,3150.3295830488205,3337.0
resnet,clean_only,29,primary_joint,STTC,14,1569,1495.790911436081,1502.0
resnet,clean_only,29,primary_joint,CD,0,50847,1869.691827953793,1645.0
resnet,clean_only,29,primary_joint,CD,1,46257,4530.433586411178,3446.0
resnet,clean_only,29,primary_joint,CD,2,30547,5019.2663800269365,2837.0
resnet,clean_only,29,primary_joint,CD,3,19560,4514.328259333968,2730.0
resnet,clean_only,29,primary_joint,CD,4,12477,3714.886355727911,2670.0
resnet,clean_only,29,primary_joint,CD,5,8836,3223.4481788873672,2570.0
resnet,clean_only,29,primary_joint,CD,6,6800,2936.2191527187824,2495.0
resnet,clean_only,29,primary_joint,CD,7,5121,2552.9799523353577,2341.0
resnet,clean_only,29,primary_joint,CD,8,4432,2509.745619893074,2472.0
resnet,clean_only,29,primary_joint,CD,9,4129,2610.8160768151283,2559.0
resnet,clean_only,29,primary_joint,CD,10,3530,2468.4537425637245,2349.0
resnet,clean_only,29,primary_joint,CD,11,3348,2566.024416089058,2599.0
resnet,clean_only,29,primary_joint,CD,12,3864,3224.087989270687,3445.0
resnet,clean_only,29,primary_joint,CD,13,5575,5038.52393913269,5117.0
resnet,clean_only,29,primary_joint,CD,14,10477,10149.159422338009,10325.0
resnet,clean_only,29,primary_joint,HYP,0,111152,2765.917808997998,2642.0
resnet,clean_only,29,primary_joint,HYP,1,32927,3140.7912345826626,1271.0
resnet,clean_only,29,primary_joint,HYP,2,17147,2799.751474276185,1319.0
resnet,clean_only,29,primary_joint,HYP,3,11071,2560.002133026719,1388.0
resnet,clean_only,29,primary_joint,HYP,4,7881,2348.3570627868176,1308.0
resnet,clean_only,29,primary_joint,HYP,5,5841,2133.897572129965,1412.0
resnet,clean_only,29,primary_joint,HYP,6,4412,1907.2390014827251,1344.0
resnet,clean_only,29,primary_joint,HYP,7,3730,1864.627996146679,1311.0
resnet,clean_only,29,primary_joint,HYP,8,3599,2036.4804270863533,1518.0
resnet,clean_only,29,primary_joint,HYP,9,2997,1894.6619622707367,1417.0
resnet,clean_only,29,primary_joint,HYP,10,2783,1945.8648502230644,1518.0
resnet,clean_only,29,primary_joint,HYP,11,2552,1955.9812227487564,1665.0
resnet,clean_only,29,primary_joint,HYP,12,2536,2110.4443367123604,1817.0
resnet,clean_only,29,primary_joint,HYP,13,2681,2419.758976459503,2306.0
resnet,clean_only,29,primary_joint,HYP,14,4491,4373.230047106743,3964.0
resnet,independent_rms,29,clean,NORM,0,725,9.003672247331053,5.0
resnet,independent_rms,29,clean,NORM,1,89,8.393641047179699,7.0
resnet,independent_rms,29,clean,NORM,2,65,10.639014601707458,15.0
resnet,independent_rms,29,clean,NORM,3,45,10.495747864246368,16.0
resnet,independent_rms,29,clean,NORM,4,58,17.421272218227386,16.0
resnet,independent_rms,29,clean,NORM,5,53,19.31405770778656,20.0
resnet,independent_rms,29,clean,NORM,6,61,26.435683339834213,20.0
resnet,independent_rms,29,clean,NORM,7,51,25.379330694675446,30.0
resnet,independent_rms,29,clean,NORM,8,63,35.86561667919159,40.0
resnet,independent_rms,29,clean,NORM,9,62,39.48000210523605,42.0
resnet,independent_rms,29,clean,NORM,10,74,51.94819915294647,45.0
resnet,independent_rms,29,clean,NORM,11,90,69.39282470941544,68.0
resnet,independent_rms,29,clean,NORM,12,119,99.6968605518341,96.0
resnet,independent_rms,29,clean,NORM,13,230,207.63879013061523,199.0
resnet,independent_rms,29,clean,NORM,14,373,360.4708173274994,344.0
resnet,independent_rms,29,clean,MI,0,943,21.968532865168527,41.0
resnet,independent_rms,29,clean,MI,1,272,26.775591671466827,29.0
resnet,independent_rms,29,clean,MI,2,135,22.196554243564606,24.0
resnet,independent_rms,29,clean,MI,3,99,23.227600574493408,22.0
resnet,independent_rms,29,clean,MI,4,76,22.65374857187271,34.0
resnet,independent_rms,29,clean,MI,5,81,29.619509249925613,22.0
resnet,independent_rms,29,clean,MI,6,72,31.16481649875641,29.0
resnet,independent_rms,29,clean,MI,7,51,25.57652059197426,22.0
resnet,independent_rms,29,clean,MI,8,57,32.467923402786255,30.0
resnet,independent_rms,29,clean,MI,9,39,24.621681034564972,22.0
resnet,independent_rms,29,clean,MI,10,45,31.254590392112732,29.0
resnet,independent_rms,29,clean,MI,11,51,39.15147423744202,36.0
resnet,independent_rms,29,clean,MI,12,48,39.82174730300903,43.0
resnet,independent_rms,29,clean,MI,13,68,61.4018731713295,54.0
resnet,independent_rms,29,clean,MI,14,121,117.56192886829376,113.0
resnet,independent_rms,29,clean,STTC,0,1155,20.683800055005122,29.0
resnet,independent_rms,29,clean,STTC,1,206,19.74805584549904,22.0
resnet,independent_rms,29,clean,STTC,2,105,17.299003019928932,22.0
resnet,independent_rms,29,clean,STTC,3,84,19.63927087187767,25.0
resnet,independent_rms,29,clean,STTC,4,62,18.570365846157074,17.0
resnet,independent_rms,29,clean,STTC,5,41,14.960143685340881,22.0
resnet,independent_rms,29,clean,STTC,6,49,21.119779974222183,17.0
resnet,independent_rms,29,clean,STTC,7,48,24.144284963607788,26.0
resnet,independent_rms,29,clean,STTC,8,48,27.08517563343048,35.0
resnet,independent_rms,29,clean,STTC,9,56,35.482480227947235,40.0
resnet,independent_rms,29,clean,STTC,10,54,37.858646273612976,37.0
resnet,independent_rms,29,clean,STTC,11,58,44.53961259126663,51.0
resnet,independent_rms,29,clean,STTC,12,70,58.50739228725433,64.0
resnet,independent_rms,29,clean,STTC,13,79,71.21219152212143,72.0
resnet,independent_rms,29,clean,STTC,14,43,41.20832830667496,42.0
resnet,independent_rms,29,clean,CD,0,1044,30.152477553638164,45.0
resnet,independent_rms,29,clean,CD,1,334,32.36205569654703,32.0
resnet,independent_rms,29,clean,CD,2,140,22.59079711139202,31.0
resnet,independent_rms,29,clean,CD,3,108,25.122097373008728,24.0
resnet,independent_rms,29,clean,CD,4,64,19.05698126554489,16.0
resnet,independent_rms,29,clean,CD,5,44,16.04977560043335,18.0
resnet,independent_rms,29,clean,CD,6,34,14.706592440605164,16.0
resnet,independent_rms,29,clean,CD,7,43,21.378759145736694,22.0
resnet,independent_rms,29,clean,CD,8,36,20.656222462654114,18.0
resnet,independent_rms,29,clean,CD,9,33,20.842057406902313,16.0
resnet,independent_rms,29,clean,CD,10,29,20.363613724708557,22.0
resnet,independent_rms,29,clean,CD,11,35,26.699514150619507,28.0
resnet,independent_rms,29,clean,CD,12,26,21.64733535051346,23.0
resnet,independent_rms,29,clean,CD,13,54,48.71393769979477,51.0
resnet,independent_rms,29,clean,CD,14,134,131.1155457496643,134.0
resnet,independent_rms,29,clean,HYP,0,1377,22.3017993663816,37.0
resnet,independent_rms,29,clean,HYP,1,218,20.676423400640488,13.0
resnet,independent_rms,29,clean,HYP,2,104,17.215147584676743,13.0
resnet,independent_rms,29,clean,HYP,3,79,18.13366523385048,7.0
resnet,independent_rms,29,clean,HYP,4,62,18.687018930912018,14.0
resnet,independent_rms,29,clean,HYP,5,41,14.902768462896347,11.0
resnet,independent_rms,29,clean,HYP,6,34,14.732763826847076,9.0
resnet,independent_rms,29,clean,HYP,7,26,13.0774345099926,10.0
resnet,independent_rms,29,clean,HYP,8,27,15.10968965291977,13.0
resnet,independent_rms,29,clean,HYP,9,23,14.537996530532837,14.0
resnet,independent_rms,29,clean,HYP,10,29,20.298054456710815,18.0
resnet,independent_rms,29,clean,HYP,11,31,23.74535197019577,17.0
resnet,independent_rms,29,clean,HYP,12,24,20.181911945343018,16.0
resnet,independent_rms,29,clean,HYP,13,25,22.485016107559204,18.0
resnet,independent_rms,29,clean,HYP,14,58,56.58077400922775,52.0
resnet,independent_rms,29,primary_joint,NORM,0,76358,1176.2734334159877,1600.0
resnet,independent_rms,29,primary_joint,NORM,1,13956,1358.0227883532643,3234.0
resnet,independent_rms,29,primary_joint,NORM,2,9688,1603.8722345083952,3735.0
resnet,independent_rms,29,primary_joint,NORM,3,8446,1964.4801137298346,4020.0
resnet,independent_rms,29,primary_joint,NORM,4,8055,2416.9269334971905,4316.0
resnet,independent_rms,29,primary_joint,NORM,5,7800,2860.4037384986877,4464.0
resnet,independent_rms,29,primary_joint,NORM,6,7665,3319.785420536995,4824.0
resnet,independent_rms,29,primary_joint,NORM,7,7479,3739.3968008458614,5202.0
resnet,independent_rms,29,primary_joint,NORM,8,7837,4441.938570797443,5812.0
resnet,independent_rms,29,primary_joint,NORM,9,8076,5118.798456132412,6107.0
resnet,independent_rms,29,primary_joint,NORM,10,8853,6202.293349266052,7063.0
resnet,independent_rms,29,primary_joint,NORM,11,9410,7219.60520118475,7948.0
resnet,independent_rms,29,primary_joint,NORM,12,11885,9922.930899739265,10319.0
resnet,independent_rms,29,primary_joint,NORM,13,14248,12831.150277853012,12599.0
resnet,independent_rms,29,primary_joint,NORM,14,16044,15435.030736744404,15057.0
resnet,independent_rms,29,primary_joint,MI,0,54952,1588.120045822463,1587.0
resnet,independent_rms,29,primary_joint,MI,1,28610,2784.062722429633,2194.0
resnet,independent_rms,29,primary_joint,MI,2,19790,3265.400379627943,2167.0
resnet,independent_rms,29,primary_joint,MI,3,14535,3372.8882882893085,2029.0
resnet,independent_rms,29,primary_joint,MI,4,12673,3796.10011523962,2756.0
resnet,independent_rms,29,primary_joint,MI,5,11089,4063.3863019645214,2703.0
resnet,independent_rms,29,primary_joint,MI,6,10389,4496.692431688309,2911.0
resnet,independent_rms,29,primary_joint,MI,7,9191,4590.528219550848,3057.0
resnet,independent_rms,29,primary_joint,MI,8,8558,4845.64826387167,3541.0
resnet,independent_rms,29,primary_joint,MI,9,7445,4711.876369059086,3514.0
resnet,independent_rms,29,primary_joint,MI,10,7224,5056.609588980675,3876.0
resnet,independent_rms,29,primary_joint,MI,11,6763,5181.519351541996,4110.0
resnet,independent_rms,29,primary_joint,MI,12,6919,5768.422977983952,5036.0
resnet,independent_rms,29,primary_joint,MI,13,7492,6753.55066215992,5969.0
resnet,independent_rms,29,primary_joint,MI,14,10170,9858.206618666649,9550.0
resnet,independent_rms,29,primary_joint,STTC,0,88757,2297.922045131214,1904.0
resnet,independent_rms,29,primary_joint,STTC,1,29103,2806.2523890808225,1994.0
resnet,independent_rms,29,primary_joint,STTC,2,16540,2718.645528435707,2492.0
resnet,independent_rms,29,primary_joint,STTC,3,12498,2900.857425004244,2633.0
resnet,independent_rms,29,primary_joint,STTC,4,9923,2965.140738964081,2619.0
resnet,independent_rms,29,primary_joint,STTC,5,8013,2928.4922312498093,2919.0
resnet,independent_rms,29,primary_joint,STTC,6,6860,2964.471235871315,3086.0
resnet,independent_rms,29,primary_joint,STTC,7,6250,3127.872512191534,3404.0
resnet,independent_rms,29,primary_joint,STTC,8,6306,3572.1273317337036,4105.0
resnet,independent_rms,29,primary_joint,STTC,9,5996,3799.5679016709328,4451.0
resnet,independent_rms,29,primary_joint,STTC,10,6046,4230.938846349716,4850.0
resnet,independent_rms,29,primary_joint,STTC,11,5920,4540.737911403179,5143.0
resnet,independent_rms,29,primary_joint,STTC,12,5741,4781.508832037449,5177.0
resnet,independent_rms,29,primary_joint,STTC,13,5564,5003.763587355614,5097.0
resnet,independent_rms,29,primary_joint,STTC,14,2283,2187.434628069401,2226.0
resnet,independent_rms,29,primary_joint,CD,0,65959,2294.044873434934,2339.0
resnet,independent_rms,29,primary_joint,CD,1,43070,4171.532067939639,2988.0
resnet,independent_rms,29,primary_joint,CD,2,24540,4017.409732669592,3112.0
resnet,independent_rms,29,primary_joint,CD,3,15508,3589.942482471466,2548.0
resnet,independent_rms,29,primary_joint,CD,4,10771,3210.340788900852,2299.0
resnet,independent_rms,29,primary_joint,CD,5,7869,2876.2122218310833,2065.0
resnet,independent_rms,29,primary_joint,CD,6,6113,2642.234651297331,2135.0
resnet,independent_rms,29,primary_joint,CD,7,5077,2535.543920069933,2084.0
resnet,independent_rms,29,primary_joint,CD,8,4497,2545.977708876133,2090.0
resnet,independent_rms,29,primary_joint,CD,9,4057,2565.1334784030914,2268.0
resnet,independent_rms,29,primary_joint,CD,10,3626,2539.666937470436,2473.0
resnet,independent_rms,29,primary_joint,CD,11,3302,2535.4085090756416,2639.0
resnet,independent_rms,29,primary_joint,CD,12,3522,2933.5114923119545,3077.0
resnet,independent_rms,29,primary_joint,CD,13,5405,4883.273602604866,5044.0
resnet,independent_rms,29,primary_joint,CD,14,12484,12154.652043521404,12439.0
resnet,independent_rms,29,primary_joint,HYP,0,126704,2675.5863053852227,3140.0
resnet,independent_rms,29,primary_joint,HYP,1,27678,2632.7722073346376,1587.0
resnet,independent_rms,29,primary_joint,HYP,2,14365,2350.3218245208263,1418.0
resnet,independent_rms,29,primary_joint,HYP,3,8722,2018.1809170991182,1182.0
resnet,independent_rms,29,primary_joint,HYP,4,6489,1938.570739299059,1264.0
resnet,independent_rms,29,primary_joint,HYP,5,4972,1814.1349156200886,1348.0
resnet,independent_rms,29,primary_joint,HYP,6,3741,1619.7663980424404,1260.0
resnet,independent_rms,29,primary_joint,HYP,7,3214,1605.5890929698944,1348.0
resnet,independent_rms,29,primary_joint,HYP,8,2853,1615.4659521579742,1410.0
resnet,independent_rms,29,primary_joint,HYP,9,2796,1769.594574034214,1679.0
resnet,independent_rms,29,primary_joint,HYP,10,2704,1896.3802697658539,1650.0
resnet,independent_rms,29,primary_joint,HYP,11,2562,1959.4562287926674,1498.0
resnet,independent_rms,29,primary_joint,HYP,12,2317,1933.0918728113174,1593.0
resnet,independent_rms,29,primary_joint,HYP,13,2407,2167.1662333607674,1866.0
resnet,independent_rms,29,primary_joint,HYP,14,4276,4165.096448004246,3957.0
resnet,electrode,29,clean,NORM,0,714,9.208670961497418,7.0
resnet,electrode,29,clean,NORM,1,90,8.626655973494053,6.0
resnet,electrode,29,clean,NORM,2,78,13.371249929070473,16.0
resnet,electrode,29,clean,NORM,3,54,12.512537702918053,15.0
resnet,electrode,29,clean,NORM,4,50,14.93934154510498,19.0
resnet,electrode,29,clean,NORM,5,48,17.552348256111145,18.0
resnet,electrode,29,clean,NORM,6,55,24.012726992368698,15.0
resnet,electrode,29,clean,NORM,7,46,23.014298498630524,23.0
resnet,electrode,29,clean,NORM,8,67,37.96193027496338,37.0
resnet,electrode,29,clean,NORM,9,74,46.8121183514595,53.0
resnet,electrode,29,clean,NORM,10,84,58.814570248126984,61.0
resnet,electrode,29,clean,NORM,11,110,84.76703310012817,88.0
resnet,electrode,29,clean,NORM,12,128,106.70525777339935,95.0
resnet,electrode,29,clean,NORM,13,240,216.8120840191841,208.0
resnet,electrode,29,clean,NORM,14,320,307.4072112441063,302.0
resnet,electrode,29,clean,MI,0,960,25.689099109265953,37.0
resnet,electrode,29,clean,MI,1,274,25.859681852161884,38.0
resnet,electrode,29,clean,MI,2,176,28.986037775874138,39.0
resnet,electrode,29,clean,MI,3,103,23.95175014436245,20.0
resnet,electrode,29,clean,MI,4,75,22.58686089515686,21.0
resnet,electrode,29,clean,MI,5,67,24.54356950521469,26.0
resnet,electrode,29,clean,MI,6,56,24.17516851425171,34.0
resnet,electrode,29,clean,MI,7,51,25.349288254976273,33.0
resnet,electrode,29,clean,MI,8,51,28.896109879016876,30.0
resnet,electrode,29,clean,MI,9,45,28.55983740091324,24.0
resnet,electrode,29,clean,MI,10,49,34.2434561252594,34.0
resnet,electrode,29,clean,MI,11,39,29.903067886829376,26.0
resnet,electrode,29,clean,MI,12,59,49.09191471338272,44.0
resnet,electrode,29,clean,MI,13,58,52.328180491924286,54.0
resnet,electrode,29,clean,MI,14,95,92.29670631885529,90.0
resnet,electrode,29,clean,STTC,0,1137,20.165655300195795,30.0
resnet,electrode,29,clean,STTC,1,190,18.24770824611187,21.0
resnet,electrode,29,clean,STTC,2,117,19.045921117067337,20.0
resnet,electrode,29,clean,STTC,3,73,16.75431290268898,13.0
resnet,electrode,29,clean,STTC,4,68,20.37210464477539,25.0
resnet,electrode,29,clean,STTC,5,48,17.66973376274109,21.0
resnet,electrode,29,clean,STTC,6,55,23.8325357735157,25.0
resnet,electrode,29,clean,STTC,7,58,28.91772022843361,31.0
resnet,electrode,29,clean,STTC,8,57,32.51672339439392,37.0
resnet,electrode,29,clean,STTC,9,60,37.89640647172928,43.0
resnet,electrode,29,clean,STTC,10,46,32.28278315067291,29.0
resnet,electrode,29,clean,STTC,11,54,41.416643261909485,48.0
resnet,electrode,29,clean,STTC,12,86,71.54513877630234,77.0
resnet,electrode,29,clean,STTC,13,70,62.97998386621475,63.0
resnet,electrode,29,clean,STTC,14,39,37.34412282705307,38.0
resnet,electrode,29,clean,CD,0,956,30.91531973495148,28.0
resnet,electrode,29,clean,CD,1,367,34.61698754876852,42.0
resnet,electrode,29,clean,CD,2,182,29.532025054097176,34.0
resnet,electrode,29,clean,CD,3,84,19.452618077397346,18.0
resnet,electrode,29,clean,CD,4,71,21.309793531894684,26.0
resnet,electrode,29,clean,CD,5,61,22.294792860746384,19.0
resnet,electrode,29,clean,CD,6,56,24.490094304084778,22.0
resnet,electrode,29,clean,CD,7,42,20.93285295367241,18.0
resnet,electrode,29,clean,CD,8,33,18.587093949317932,19.0
resnet,electrode,29,clean,CD,9,32,20.300276219844818,19.0
resnet,electrode,29,clean,CD,10,33,23.080438494682312,23.0
resnet,electrode,29,clean,CD,11,33,25.447280406951904,28.0
resnet,electrode,29,clean,CD,12,32,26.474503815174103,28.0
resnet,electrode,29,clean,CD,13,40,36.06281924247742,36.0
resnet,electrode,29,clean,CD,14,136,132.39235264062881,136.0
resnet,electrode,29,clean,HYP,0,1344,24.707698093669023,36.0
resnet,electrode,29,clean,HYP,1,225,21.318859539926052,12.0
resnet,electrode,29,clean,HYP,2,117,19.15281182527542,8.0
resnet,electrode,29,clean,HYP,3,79,18.21993626654148,8.0
resnet,electrode,29,clean,HYP,4,59,17.361235171556473,18.0
resnet,electrode,29,clean,HYP,5,50,18.199513763189316,11.0
resnet,electrode,29,clean,HYP,6,42,18.13055071234703,14.0
resnet,electrode,29,clean,HYP,7,28,14.038733720779419,9.0
resnet,electrode,29,clean,HYP,8,28,15.802482187747955,14.0
resnet,electrode,29,clean,HYP,9,23,14.666302025318146,11.0
resnet,electrode,29,clean,HYP,10,31,21.77980065345764,16.0
resnet,electrode,29,clean,HYP,11,21,16.039788365364075,15.0
resnet,electrode,29,clean,HYP,12,31,26.030241549015045,25.0
resnet,electrode,29,clean,HYP,13,29,26.19621032476425,19.0
resnet,electrode,29,clean,HYP,14,51,49.950296342372894,46.0
resnet,electrode,29,primary_joint,NORM,0,71431,1052.9418699372682,805.0
resnet,electrode,29,primary_joint,NORM,1,12205,1182.442177824676,1797.0
resnet,electrode,29,primary_joint,NORM,2,9302,1543.686345398426,2472.0
resnet,electrode,29,primary_joint,NORM,3,7666,1778.6257388144732,2884.0
resnet,electrode,29,primary_joint,NORM,4,6819,2044.8799743950367,3139.0
resnet,electrode,29,primary_joint,NORM,5,6607,2422.1889655590057,3415.0
resnet,electrode,29,primary_joint,NORM,6,6734,2921.075909972191,3680.0
resnet,electrode,29,primary_joint,NORM,7,7268,3635.5027807056904,4510.0
resnet,electrode,29,primary_joint,NORM,8,7958,4513.617210447788,5486.0
resnet,electrode,29,primary_joint,NORM,9,8928,5664.742009937763,6583.0
resnet,electrode,29,primary_joint,NORM,10,9811,6871.045230686665,7702.0
resnet,electrode,29,primary_joint,NORM,11,11647,8945.069665014744,9437.0
resnet,electrode,29,primary_joint,NORM,12,14175,11826.144448816776,11901.0
resnet,electrode,29,primary_joint,NORM,13,18954,17087.430350005627,17029.0
resnet,electrode,29,primary_joint,NORM,14,16295,15609.820848047733,15460.0
resnet,electrode,29,primary_joint,MI,0,69445,2177.990878120647,2381.0
resnet,electrode,29,primary_joint,MI,1,32901,3173.886624753475,3015.0
resnet,electrode,29,primary_joint,MI,2,20164,3324.361652985215,3145.0
resnet,electrode,29,primary_joint,MI,3,14402,3330.119864448905,2688.0
resnet,electrode,29,primary_joint,MI,4,10655,3185.5306244790554,2404.0
resnet,electrode,29,primary_joint,MI,5,9185,3359.3309464156628,2837.0
resnet,electrode,29,primary_joint,MI,6,8353,3613.776398062706,3554.0
resnet,electrode,29,primary_joint,MI,7,7100,3544.3997162878513,3468.0
resnet,electrode,29,primary_joint,MI,8,6354,3597.9706296920776,3308.0
resnet,electrode,29,primary_joint,MI,9,6229,3949.119377911091,3543.0
resnet,electrode,29,primary_joint,MI,10,5776,4038.921123087406,3727.0
resnet,electrode,29,primary_joint,MI,11,5487,4209.87763273716,3712.0
resnet,electrode,29,primary_joint,MI,12,6046,5038.84346061945,4467.0
resnet,electrode,29,primary_joint,MI,13,5966,5377.731196284294,5307.0
resnet,electrode,29,primary_joint,MI,14,7737,7493.9037128686905,7444.0
resnet,electrode,29,primary_joint,STTC,0,90120,2148.6093632706907,1728.0
resnet,electrode,29,primary_joint,STTC,1,26123,2514.1957304924726,2096.0
resnet,electrode,29,primary_joint,STTC,2,15707,2584.190179616213,1908.0
resnet,electrode,29,primary_joint,STTC,3,11545,2679.9864480495453,1910.0
resnet,electrode,29,primary_joint,STTC,4,9805,2932.064162135124,2513.0
resnet,electrode,29,primary_joint,STTC,5,8282,3030.8838450610638,2763.0
resnet,electrode,29,primary_joint,STTC,6,7373,3191.3492975234985,3191.0
resnet,electrode,29,primary_joint,STTC,7,6754,3377.5242132246494,3521.0
resnet,electrode,29,primary_joint,STTC,8,6359,3604.501049041748,4049.0
resnet,electrode,29,primary_joint,STTC,9,6256,3961.4112998843193,4472.0
resnet,electrode,29,primary_joint,STTC,10,6078,4254.005018591881,4560.0
resnet,electrode,29,primary_joint,STTC,11,5890,4519.93707215786,5031.0
resnet,electrode,29,primary_joint,STTC,12,7215,6010.644178748131,6562.0
resnet,electrode,29,primary_joint,STTC,13,5967,5356.273530721664,5531.0
resnet,electrode,29,primary_joint,STTC,14,2326,2222.1326288580894,2265.0
resnet,electrode,29,primary_joint,CD,0,73380,2687.810251948191,2123.0
resnet,electrode,29,primary_joint,CD,1,45705,4372.238051168621,4085.0
resnet,electrode,29,primary_joint,CD,2,22453,3658.1991471648216,3287.0
resnet,electrode,29,primary_joint,CD,3,13263,3066.4624544531107,2549.0
resnet,electrode,29,primary_joint,CD,4,9440,2819.566549092531,2607.0
resnet,electrode,29,primary_joint,CD,5,7175,2622.886993199587,2204.0
resnet,electrode,29,primary_joint,CD,6,5901,2549.234215795994,2215.0
resnet,electrode,29,primary_joint,CD,7,4792,2388.686923444271,2156.0
resnet,electrode,29,primary_joint,CD,8,3811,2156.890634536743,2051.0
resnet,electrode,29,primary_joint,CD,9,3498,2213.2600204348564,2229.0
resnet,electrode,29,primary_joint,CD,10,3348,2342.7381343245506,2454.0
resnet,electrode,29,primary_joint,CD,11,3352,2571.692184150219,2758.0
resnet,electrode,29,primary_joint,CD,12,3444,2869.9915417432785,2980.0
resnet,electrode,29,primary_joint,CD,13,4528,4088.2741392850876,4192.0
resnet,electrode,29,primary_joint,CD,14,11710,11363.220561265945,11710.0
resnet,electrode,29,primary_joint,HYP,0,120684,2653.0829208639334,2860.0
resnet,electrode,29,primary_joint,HYP,1,28565,2728.078310199082,1506.0
resnet,electrode,29,primary_joint,HYP,2,15506,2544.360949218273,1059.0
resnet,electrode,29,primary_joint,HYP,3,9440,2178.1511144936085,1092.0
resnet,electrode,29,primary_joint,HYP,4,6858,2047.7130840420723,1364.0
resnet,electrode,29,primary_joint,HYP,5,5520,2016.3582664132118,1432.0
resnet,electrode,29,primary_joint,HYP,6,4516,1952.5511811375618,1447.0
resnet,electrode,29,primary_joint,HYP,7,3770,1879.664231389761,1365.0
resnet,electrode,29,primary_joint,HYP,8,3115,1762.1022852659225,1332.0
resnet,electrode,29,primary_joint,HYP,9,2686,1701.1457990407944,1304.0
resnet,electrode,29,primary_joint,HYP,10,2723,1906.4329898953438,1558.0
resnet,electrode,29,primary_joint,HYP,11,2521,1930.6952620148659,1692.0
resnet,electrode,29,primary_joint,HYP,12,2590,2161.828513801098,1944.0
resnet,electrode,29,primary_joint,HYP,13,2679,2408.0893664956093,2006.0
resnet,electrode,29,primary_joint,HYP,14,4627,4510.212155640125,4239.0
resnet,mixed,29,clean,NORM,0,738,8.469870674200592,5.0
resnet,mixed,29,clean,NORM,1,86,8.51436149328947,12.0
resnet,mixed,29,clean,NORM,2,78,12.982303991913795,21.0
resnet,mixed,29,clean,NORM,3,68,15.828067809343338,18.0
resnet,mixed,29,clean,NORM,4,51,15.328860700130463,18.0
resnet,mixed,29,clean,NORM,5,44,16.439887017011642,19.0
resnet,mixed,29,clean,NORM,6,44,18.978610187768936,16.0
resnet,mixed,29,clean,NORM,7,48,23.756180584430695,23.0
resnet,mixed,29,clean,NORM,8,69,39.09638053178787,45.0
resnet,mixed,29,clean,NORM,9,80,50.77171242237091,50.0
resnet,mixed,29,clean,NORM,10,74,52.018269658088684,58.0
resnet,mixed,29,clean,NORM,11,99,76.24814426898956,69.0
resnet,mixed,29,clean,NORM,12,148,123.397918343544,122.0
resnet,mixed,29,clean,NORM,13,239,215.4144434928894,211.0
resnet,mixed,29,clean,NORM,14,292,280.0248695611954,276.0
resnet,mixed,29,clean,MI,0,825,22.450608427170664,28.0
resnet,mixed,29,clean,MI,1,265,25.81702072173357,26.0
resnet,mixed,29,clean,MI,2,163,27.14419585466385,26.0
resnet,mixed,29,clean,MI,3,108,24.63143038749695,21.0
resnet,mixed,29,clean,MI,4,87,25.52924272418022,22.0
resnet,mixed,29,clean,MI,5,63,23.194762140512466,11.0
resnet,mixed,29,clean,MI,6,58,25.302964001893997,20.0
resnet,mixed,29,clean,MI,7,54,26.685664892196655,20.0
resnet,mixed,29,clean,MI,8,58,32.74950885772705,27.0
resnet,mixed,29,clean,MI,9,62,39.062067329883575,37.0
resnet,mixed,29,clean,MI,10,78,54.427674770355225,45.0
resnet,mixed,29,clean,MI,11,44,33.73586416244507,27.0
resnet,mixed,29,clean,MI,12,67,56.12200689315796,44.0
resnet,mixed,29,clean,MI,13,72,65.0305243730545,54.0
resnet,mixed,29,clean,MI,14,154,149.7278871536255,142.0
resnet,mixed,29,clean,STTC,0,1201,18.948953469807748,35.0
resnet,mixed,29,clean,STTC,1,212,20.54320629686117,28.0
resnet,mixed,29,clean,STTC,2,113,18.576562225818634,29.0
resnet,mixed,29,clean,STTC,3,69,15.937036320567131,17.0
resnet,mixed,29,clean,STTC,4,65,19.362710416316986,28.0
resnet,mixed,29,clean,STTC,5,51,18.682558119297028,32.0
resnet,mixed,29,clean,STTC,6,56,24.361812353134155,35.0
resnet,mixed,29,clean,STTC,7,61,30.4145188331604,38.0
resnet,mixed,29,clean,STTC,8,40,22.531865179538727,30.0
resnet,mixed,29,clean,STTC,9,48,30.251100778579712,35.0
resnet,mixed,29,clean,STTC,10,50,34.83691918849945,39.0
resnet,mixed,29,clean,STTC,11,46,35.22171574831009,40.0
resnet,mixed,29,clean,STTC,12,68,56.750000953674316,62.0
resnet,mixed,29,clean,STTC,13,47,41.987396001815796,43.0
resnet,mixed,29,clean,STTC,14,31,29.605261623859406,30.0
resnet,mixed,29,clean,CD,0,1207,34.28902315092273,60.0
resnet,mixed,29,clean,CD,1,295,28.287399485707283,40.0
resnet,mixed,29,clean,CD,2,122,19.965752601623535,30.0
resnet,mixed,29,clean,CD,3,81,18.80877034366131,28.0
resnet,mixed,29,clean,CD,4,67,19.8050117790699,26.0
resnet,mixed,29,clean,CD,5,45,16.387504041194916,22.0
resnet,mixed,29,clean,CD,6,33,14.06373244524002,18.0
resnet,mixed,29,clean,CD,7,29,14.545210778713226,20.0
resnet,mixed,29,clean,CD,8,20,11.510941624641418,12.0
resnet,mixed,29,clean,CD,9,23,14.523785948753357,16.0
resnet,mixed,29,clean,CD,10,20,13.952966272830963,16.0
resnet,mixed,29,clean,CD,11,29,22.335679709911346,25.0
resnet,mixed,29,clean,CD,12,33,27.49860280752182,31.0
resnet,mixed,29,clean,CD,13,29,26.203391790390015,27.0
resnet,mixed,29,clean,CD,14,125,121.69848036766052,125.0
resnet,mixed,29,clean,HYP,0,1441,23.633549448422855,37.0
resnet,mixed,29,clean,HYP,1,190,18.203462660312653,19.0
resnet,mixed,29,clean,HYP,2,114,18.723109051585197,11.0
resnet,mixed,29,clean,HYP,3,78,17.810662046074867,11.0
resnet,mixed,29,clean,HYP,4,54,15.92181134223938,14.0
resnet,mixed,29,clean,HYP,5,43,15.724770963191986,15.0
resnet,mixed,29,clean,HYP,6,27,11.582482010126114,8.0
resnet,mixed,29,clean,HYP,7,22,10.948195308446884,9.0
resnet,mixed,29,clean,HYP,8,26,14.890969336032867,17.0
resnet,mixed,29,clean,HYP,9,21,13.157000482082367,11.0
resnet,mixed,29,clean,HYP,10,22,15.34294581413269,13.0
resnet,mixed,29,clean,HYP,11,24,18.307130813598633,17.0
resnet,mixed,29,clean,HYP,12,24,20.042892456054688,18.0
resnet,mixed,29,clean,HYP,13,23,20.7491854429245,16.0
resnet,mixed,29,clean,HYP,14,49,47.79587322473526,46.0
resnet,mixed,29,primary_joint,NORM,0,74583,1058.8710595069454,1275.0
resnet,mixed,29,primary_joint,NORM,1,12942,1264.1474578604102,2605.0
resnet,mixed,29,primary_joint,NORM,2,9607,1592.0989788770676,3101.0
resnet,mixed,29,primary_joint,NORM,3,8358,1937.3786735534668,3484.0
resnet,mixed,29,primary_joint,NORM,4,7424,2223.2125031352043,3585.0
resnet,mixed,29,primary_joint,NORM,5,6937,2545.163696229458,3836.0
resnet,mixed,29,primary_joint,NORM,6,6898,2987.637926518917,4231.0
resnet,mixed,29,primary_joint,NORM,7,7308,3657.7659043073654,4938.0
resnet,mixed,29,primary_joint,NORM,8,7933,4499.731485426426,5636.0
resnet,mixed,29,primary_joint,NORM,9,8527,5399.817502319813,6380.0
resnet,mixed,29,primary_joint,NORM,10,9318,6530.936805069447,7269.0
resnet,mixed,29,primary_joint,NORM,11,11218,8615.797514677048,9188.0
resnet,mixed,29,primary_joint,NORM,12,13475,11243.033414900303,11742.0
resnet,mixed,29,primary_joint,NORM,13,16885,15214.836531579494,15281.0
resnet,mixed,29,primary_joint,NORM,14,14387,13774.331931352615,13749.0
resnet,mixed,29,primary_joint,MI,0,53503,1665.8382430732017,1427.0
resnet,mixed,29,primary_joint,MI,1,28212,2745.352169044316,1898.0
resnet,mixed,29,primary_joint,MI,2,18587,3077.924881324172,2116.0
resnet,mixed,29,primary_joint,MI,3,14700,3407.2608067542315,2175.0
resnet,mixed,29,primary_joint,MI,4,11566,3456.4349915981293,1978.0
resnet,mixed,29,primary_joint,MI,5,9759,3572.451348632574,1929.0
resnet,mixed,29,primary_joint,MI,6,8717,3776.6301803588867,2029.0
resnet,mixed,29,primary_joint,MI,7,8462,4231.575633913279,2657.0
resnet,mixed,29,primary_joint,MI,8,7902,4474.835757017136,3066.0
resnet,mixed,29,primary_joint,MI,9,8027,5082.7580671310425,3506.0
resnet,mixed,29,primary_joint,MI,10,7893,5523.386694014072,3790.0
resnet,mixed,29,primary_joint,MI,11,7862,6026.327975988388,4320.0
resnet,mixed,29,primary_joint,MI,12,8219,6852.506709456444,5181.0
resnet,mixed,29,primary_joint,MI,13,9002,8119.436338603497,6568.0
resnet,mixed,29,primary_joint,MI,14,13389,12966.889560937881,12360.0
resnet,mixed,29,primary_joint,STTC,0,102033,2282.6226965217793,2491.0
resnet,mixed,29,primary_joint,STTC,1,28268,2729.5875561982393,3048.0
resnet,mixed,29,primary_joint,STTC,2,16406,2694.204852923751,3188.0
resnet,mixed,29,primary_joint,STTC,3,11532,2670.3252282738686,3373.0
resnet,mixed,29,primary_joint,STTC,4,9282,2772.9091052412987,3728.0
resnet,mixed,29,primary_joint,STTC,5,7350,2689.987973213196,3987.0
resnet,mixed,29,primary_joint,STTC,6,6398,2769.890937000513,3892.0
resnet,mixed,29,primary_joint,STTC,7,6005,2996.390458792448,4070.0
resnet,mixed,29,primary_joint,STTC,8,5027,2848.2933815717697,3775.0
resnet,mixed,29,primary_joint,STTC,9,4832,3061.1899198889732,3799.0
resnet,mixed,29,primary_joint,STTC,10,4802,3357.8605837225914,4017.0
resnet,mixed,29,primary_joint,STTC,11,4540,3482.1772245764732,4090.0
resnet,mixed,29,primary_joint,STTC,12,4705,3923.573208451271,4295.0
resnet,mixed,29,primary_joint,STTC,13,3195,2868.3191637396812,2977.0
resnet,mixed,29,primary_joint,STTC,14,1425,1357.9946536421776,1370.0
resnet,mixed,29,primary_joint,CD,0,85825,2978.659750018269,3662.0
resnet,mixed,29,primary_joint,CD,1,44508,4235.055495746434,4152.0
resnet,mixed,29,primary_joint,CD,2,20767,3388.193962305784,3494.0
resnet,mixed,29,primary_joint,CD,3,12259,2836.645482555032,2831.0
resnet,mixed,29,primary_joint,CD,4,8861,2641.7325151264668,2738.0
resnet,mixed,29,primary_joint,CD,5,6277,2288.63755685091,2441.0
resnet,mixed,29,primary_joint,CD,6,4416,1903.9380047023296,2168.0
resnet,mixed,29,primary_joint,CD,7,3522,1757.576488673687,2023.0
resnet,mixed,29,primary_joint,CD,8,2996,1694.9950786232948,1877.0
resnet,mixed,29,primary_joint,CD,9,2743,1734.381351351738,1907.0
resnet,mixed,29,primary_joint,CD,10,2748,1925.5280824303627,2231.0
resnet,mixed,29,primary_joint,CD,11,3052,2342.6613634228706,2640.0
resnet,mixed,29,primary_joint,CD,12,3152,2629.1241929531097,2889.0
resnet,mixed,29,primary_joint,CD,13,4140,3748.499467432499,4013.0
resnet,mixed,29,primary_joint,CD,14,10534,10233.083724319935,10534.0
resnet,mixed,29,primary_joint,HYP,0,127851,2693.7674731321167,3079.0
resnet,mixed,29,primary_joint,HYP,1,26820,2555.894897580147,1679.0
resnet,mixed,29,primary_joint,HYP,2,14451,2366.8826999515295,1481.0
resnet,mixed,29,primary_joint,HYP,3,9705,2242.339006766677,1338.0
resnet,mixed,29,primary_joint,HYP,4,6561,1956.2192435860634,1437.0
resnet,mixed,29,primary_joint,HYP,5,5007,1829.3053550720215,1366.0
resnet,mixed,29,primary_joint,HYP,6,3716,1603.0155276060104,1279.0
resnet,mixed,29,primary_joint,HYP,7,3004,1500.6866093873978,1348.0
resnet,mixed,29,primary_joint,HYP,8,2674,1512.5065345168114,1363.0
resnet,mixed,29,primary_joint,HYP,9,2541,1609.2939376235008,1482.0
resnet,mixed,29,primary_joint,HYP,10,2244,1571.9566859006882,1443.0
resnet,mixed,29,primary_joint,HYP,11,2382,1824.9360306859016,1584.0
resnet,mixed,29,primary_joint,HYP,12,2145,1785.7661646008492,1484.0
resnet,mixed,29,primary_joint,HYP,13,2613,2358.383175253868,2041.0
resnet,mixed,29,primary_joint,HYP,14,4086,3976.504757285118,3796.0
resnet,clean_only,43,clean,NORM,0,770,9.434082851932635,11.0
resnet,clean_only,43,clean,NORM,1,98,9.560489676892757,20.0
resnet,clean_only,43,clean,NORM,2,55,9.128897979855537,15.0
resnet,clean_only,43,clean,NORM,3,61,14.173266470432281,19.0
resnet,clean_only,43,clean,NORM,4,59,17.609775483608246,20.0
resnet,clean_only,43,clean,NORM,5,50,18.222958952188492,22.0
resnet,clean_only,43,clean,NORM,6,49,20.930200159549713,24.0
resnet,clean_only,43,clean,NORM,7,67,33.24825558066368,32.0
resnet,clean_only,43,clean,NORM,8,45,25.399344980716705,27.0
resnet,clean_only,43,clean,NORM,9,75,47.670825600624084,54.0
resnet,clean_only,43,clean,NORM,10,81,56.736683547496796,58.0
resnet,clean_only,43,clean,NORM,11,77,59.20611375570297,58.0
resnet,clean_only,43,clean,NORM,12,109,91.01483476161957,82.0
resnet,clean_only,43,clean,NORM,13,171,154.49905997514725,143.0
resnet,clean_only,43,clean,NORM,14,391,380.1271551847458,378.0
resnet,clean_only,43,clean,MI,0,1150,20.204988923011115,55.0
resnet,clean_only,43,clean,MI,1,195,18.73799803853035,35.0
resnet,clean_only,43,clean,MI,2,121,20.087479010224342,30.0
resnet,clean_only,43,clean,MI,3,100,23.627926036715508,30.0
resnet,clean_only,43,clean,MI,4,64,19.404064923524857,27.0
resnet,clean_only,43,clean,MI,5,63,23.05554497241974,28.0
resnet,clean_only,43,clean,MI,6,51,22.06151881814003,24.0
resnet,clean_only,43,clean,MI,7,47,23.513720721006393,30.0
resnet,clean_only,43,clean,MI,8,42,23.794972896575928,20.0
resnet,clean_only,43,clean,MI,9,47,29.78937017917633,33.0
resnet,clean_only,43,clean,MI,10,41,28.68289941549301,28.0
resnet,clean_only,43,clean,MI,11,46,35.143401861190796,36.0
resnet,clean_only,43,clean,MI,12,44,36.733984887599945,36.0
resnet,clean_only,43,clean,MI,13,58,52.572484850883484,51.0
resnet,clean_only,43,clean,MI,14,89,86.42591363191605,87.0
resnet,clean_only,43,clean,STTC,0,1119,15.421932059227402,26.0
resnet,clean_only,43,clean,STTC,1,148,14.375089026987553,17.0
resnet,clean_only,43,clean,STTC,2,111,18.36191652715206,15.0
resnet,clean_only,43,clean,STTC,3,68,15.772951170802116,17.0
resnet,clean_only,43,clean,STTC,4,60,18.0053491294384,13.0
resnet,clean_only,43,clean,STTC,5,53,19.573947101831436,9.0
resnet,clean_only,43,clean,STTC,6,45,19.497901409864426,14.0
resnet,clean_only,43,clean,STTC,7,41,20.52379646897316,15.0
resnet,clean_only,43,clean,STTC,8,36,20.476356148719788,24.0
resnet,clean_only,43,clean,STTC,9,57,36.26491242647171,40.0
resnet,clean_only,43,clean,STTC,10,56,39.30126392841339,33.0
resnet,clean_only,43,clean,STTC,11,55,42.405503273010254,35.0
resnet,clean_only,43,clean,STTC,12,69,57.58521789312363,52.0
resnet,clean_only,43,clean,STTC,13,100,90.24447476863861,79.0
resnet,clean_only,43,clean,STTC,14,140,135.60592710971832,132.0
resnet,clean_only,43,clean,CD,0,661,21.662574587156996,20.0
resnet,clean_only,43,clean,CD,1,355,33.92339712381363,20.0
resnet,clean_only,43,clean,CD,2,226,37.166754722595215,28.0
resnet,clean_only,43,clean,CD,3,145,33.26006604731083,16.0
resnet,clean_only,43,clean,CD,4,88,26.607032775878906,10.0
resnet,clean_only,43,clean,CD,5,82,30.117189824581146,13.0
resnet,clean_only,43,clean,CD,6,75,32.20588433742523,15.0
resnet,clean_only,43,clean,CD,7,49,24.475643515586853,23.0
resnet,clean_only,43,clean,CD,8,50,28.34143763780594,26.0
resnet,clean_only,43,clean,CD,9,42,26.512052536010742,21.0
resnet,clean_only,43,clean,CD,10,48,33.67730778455734,25.0
resnet,clean_only,43,clean,CD,11,40,30.651455283164978,19.0
resnet,clean_only,43,clean,CD,12,34,28.456093966960907,23.0
resnet,clean_only,43,clean,CD,13,67,60.51597064733505,52.0
resnet,clean_only,43,clean,CD,14,196,192.46981233358383,185.0
resnet,clean_only,43,clean,HYP,0,1265,23.24648326334136,28.0
resnet,clean_only,43,clean,HYP,1,211,21.171458214521408,16.0
resnet,clean_only,43,clean,HYP,2,140,23.300270199775696,8.0
resnet,clean_only,43,clean,HYP,3,88,20.305093735456467,5.0
resnet,clean_only,43,clean,HYP,4,63,18.776808202266693,15.0
resnet,clean_only,43,clean,HYP,5,42,15.484492510557175,10.0
resnet,clean_only,43,clean,HYP,6,46,19.777325481176376,14.0
resnet,clean_only,43,clean,HYP,7,31,15.410323351621628,7.0
resnet,clean_only,43,clean,HYP,8,39,22.341675102710724,20.0
resnet,clean_only,43,clean,HYP,9,23,14.486083328723907,6.0
resnet,clean_only,43,clean,HYP,10,29,20.26258397102356,14.0
resnet,clean_only,43,clean,HYP,11,29,22.172633111476898,16.0
resnet,clean_only,43,clean,HYP,12,39,32.44538390636444,19.0
resnet,clean_only,43,clean,HYP,13,36,32.2226300239563,18.0
resnet,clean_only,43,clean,HYP,14,77,75.12439358234406,66.0
resnet,clean_only,43,primary_joint,NORM,0,81642,1244.7573652496665,3369.0
resnet,clean_only,43,primary_joint,NORM,1,15707,1528.1622958630323,5082.0
resnet,clean_only,43,primary_joint,NORM,2,10846,1795.7222277075052,4800.0
resnet,clean_only,43,primary_joint,NORM,3,9276,2155.7272119522095,4800.0
resnet,clean_only,43,primary_joint,NORM,4,8180,2451.2538853287697,4594.0
resnet,clean_only,43,primary_joint,NORM,5,7695,2820.095151871443,4768.0
resnet,clean_only,43,primary_joint,NORM,6,7226,3131.0130322873592,4873.0
resnet,clean_only,43,primary_joint,NORM,7,7051,3525.4653766453266,5060.0
resnet,clean_only,43,primary_joint,NORM,8,7059,3998.8489772081375,5320.0
resnet,clean_only,43,primary_joint,NORM,9,7088,4486.19309258461,5582.0
resnet,clean_only,43,primary_joint,NORM,10,7294,5106.698551654816,5899.0
resnet,clean_only,43,primary_joint,NORM,11,7914,6072.544146835804,6472.0
resnet,clean_only,43,primary_joint,NORM,12,9252,7717.878152370453,7888.0
resnet,clean_only,43,primary_joint,NORM,13,11983,10802.569768607616,10784.0
resnet,clean_only,43,primary_joint,NORM,14,17587,17013.53196388483,17009.0
resnet,clean_only,43,primary_joint,MI,0,74335,1789.2184822565614,2748.0
resnet,clean_only,43,primary_joint,MI,1,26019,2517.536372177303,2507.0
resnet,clean_only,43,primary_joint,MI,2,16686,2746.116478458047,2369.0
resnet,clean_only,43,primary_joint,MI,3,13179,3062.9873046278954,2563.0
resnet,clean_only,43,primary_joint,MI,4,11243,3362.6144829690456,2796.0
resnet,clean_only,43,primary_joint,MI,5,9576,3503.904607206583,2767.0
resnet,clean_only,43,primary_joint,MI,6,8596,3717.971970796585,2969.0
resnet,clean_only,43,primary_joint,MI,7,7654,3824.1899227797985,3111.0
resnet,clean_only,43,primary_joint,MI,8,6988,3958.0720934271812,3277.0
resnet,clean_only,43,primary_joint,MI,9,6634,4201.564427137375,3412.0
resnet,clean_only,43,primary_joint,MI,10,6790,4753.986286699772,3889.0
resnet,clean_only,43,primary_joint,MI,11,6593,5058.403336107731,4269.0
resnet,clean_only,43,primary_joint,MI,12,6306,5254.899218082428,4659.0
resnet,clean_only,43,primary_joint,MI,13,6962,6275.981501460075,5766.0
resnet,clean_only,43,primary_joint,MI,14,8239,7965.860026776791,7898.0
resnet,clean_only,43,primary_joint,STTC,0,80269,1733.0756805855526,1575.0
resnet,clean_only,43,primary_joint,STTC,1,25622,2488.6139317527413,1794.0
resnet,clean_only,43,primary_joint,STTC,2,17446,2880.4861517101526,2099.0
resnet,clean_only,43,primary_joint,STTC,3,12545,2905.3904376477003,1974.0
resnet,clean_only,43,primary_joint,STTC,4,9794,2926.078077197075,2163.0
resnet,clean_only,43,primary_joint,STTC,5,8207,3002.829616099596,2274.0
resnet,clean_only,43,primary_joint,STTC,6,7247,3136.619966894388,2405.0
resnet,clean_only,43,primary_joint,STTC,7,6829,3409.045849531889,2902.0
resnet,clean_only,43,primary_joint,STTC,8,6437,3646.981849193573,3306.0
resnet,clean_only,43,primary_joint,STTC,9,6285,3981.1432725787163,3607.0
resnet,clean_only,43,primary_joint,STTC,10,6110,4276.162635862827,3843.0
resnet,clean_only,43,primary_joint,STTC,11,6416,4923.673223972321,4709.0
resnet,clean_only,43,primary_joint,STTC,12,6646,5543.387587308884,5177.0
resnet,clean_only,43,primary_joint,STTC,13,8003,7208.2857830524445,6774.0
resnet,clean_only,43,primary_joint,STTC,14,7944,7662.524414122105,7498.0
resnet,clean_only,43,primary_joint,CD,0,35483,1319.2170000512851,896.0
resnet,clean_only,43,primary_joint,CD,1,33391,3285.703921958804,1475.0
resnet,clean_only,43,primary_joint,CD,2,25890,4278.595027163625,1887.0
resnet,clean_only,43,primary_joint,CD,3,19811,4585.812167018652,1790.0
resnet,clean_only,43,primary_joint,CD,4,15087,4509.0238490104675,1657.0
resnet,clean_only,43,primary_joint,CD,5,11943,4366.189867883921,1745.0
resnet,clean_only,43,primary_joint,CD,6,10547,4562.175424695015,1954.0
resnet,clean_only,43,primary_joint,CD,7,8958,4468.0496968925,2269.0
resnet,clean_only,43,primary_joint,CD,8,7184,4061.805808842182,2184.0
resnet,clean_only,43,primary_joint,CD,9,6241,3948.453532218933,2384.0
resnet,clean_only,43,primary_joint,CD,10,5638,3943.446914970875,2510.0
resnet,clean_only,43,primary_joint,CD,11,5398,4137.793864965439,2838.0
resnet,clean_only,43,primary_joint,CD,12,5229,4358.6610296964645,3296.0
resnet,clean_only,43,primary_joint,CD,13,6678,6025.349060952663,5322.0
resnet,clean_only,43,primary_joint,CD,14,18322,17916.108854711056,17393.0
resnet,clean_only,43,primary_joint,HYP,0,106717,2619.110019567932,2206.0
resnet,clean_only,43,primary_joint,HYP,1,29873,2875.0816273912787,1445.0
resnet,clean_only,43,primary_joint,HYP,2,17722,2912.5901182442904,1250.0
resnet,clean_only,43,primary_joint,HYP,3,11437,2644.917675152421,1017.0
resnet,clean_only,43,primary_joint,HYP,4,8023,2393.7532844543457,1250.0
resnet,clean_only,43,primary_joint,HYP,5,6087,2222.7831121981144,1359.0
resnet,clean_only,43,primary_joint,HYP,6,4859,2099.981977880001,1202.0
resnet,clean_only,43,primary_joint,HYP,7,4362,2177.5966567993164,1245.0
resnet,clean_only,43,primary_joint,HYP,8,4019,2274.387218773365,1502.0
resnet,clean_only,43,primary_joint,HYP,9,3784,2392.873222351074,1655.0
resnet,clean_only,43,primary_joint,HYP,10,3312,2319.1646499037743,1610.0
resnet,clean_only,43,primary_joint,HYP,11,3015,2311.5289344787598,1552.0
resnet,clean_only,43,primary_joint,HYP,12,3179,2650.3663120269775,1656.0
resnet,clean_only,43,primary_joint,HYP,13,3489,3141.238267123699,2109.0
resnet,clean_only,43,primary_joint,HYP,14,5922,5764.443413615227,5142.0
resnet,independent_rms,43,clean,NORM,0,724,8.908508437176692,9.0
resnet,independent_rms,43,clean,NORM,1,95,9.179141640663147,14.0
resnet,independent_rms,43,clean,NORM,2,71,11.630095198750496,16.0
resnet,independent_rms,43,clean,NORM,3,59,13.918901428580284,15.0
resnet,independent_rms,43,clean,NORM,4,56,17.076623111963272,20.0
resnet,independent_rms,43,clean,NORM,5,56,20.430093377828598,25.0
resnet,independent_rms,43,clean,NORM,6,45,19.472488045692444,20.0
resnet,independent_rms,43,clean,NORM,7,52,26.127695709466934,24.0
resnet,independent_rms,43,clean,NORM,8,67,38.04166316986084,41.0
resnet,independent_rms,43,clean,NORM,9,56,35.68469536304474,21.0
resnet,independent_rms,43,clean,NORM,10,90,63.00218164920807,59.0
resnet,independent_rms,43,clean,NORM,11,85,65.19978767633438,63.0
resnet,independent_rms,43,clean,NORM,12,116,97.18762880563736,96.0
resnet,independent_rms,43,clean,NORM,13,168,151.638962328434,142.0
resnet,independent_rms,43,clean,NORM,14,418,406.2198217511177,398.0
resnet,independent_rms,43,clean,MI,0,1058,20.833754222927382,33.0
resnet,independent_rms,43,clean,MI,1,236,22.285024717450142,40.0
resnet,independent_rms,43,clean,MI,2,115,19.084709480404854,21.0
resnet,independent_rms,43,clean,MI,3,97,22.296523600816727,29.0
resnet,independent_rms,43,clean,MI,4,80,23.82780846953392,32.0
resnet,independent_rms,43,clean,MI,5,47,17.046680867671967,22.0
resnet,independent_rms,43,clean,MI,6,45,19.68733474612236,21.0
resnet,independent_rms,43,clean,MI,7,43,21.702227264642715,22.0
resnet,independent_rms,43,clean,MI,8,50,28.203243136405945,28.0
resnet,independent_rms,43,clean,MI,9,46,29.023251831531525,26.0
resnet,independent_rms,43,clean,MI,10,30,21.0646111369133,18.0
resnet,independent_rms,43,clean,MI,11,56,42.75591462850571,37.0
resnet,independent_rms,43,clean,MI,12,59,48.99724179506302,42.0
resnet,independent_rms,43,clean,MI,13,63,56.826318860054016,52.0
resnet,independent_rms,43,clean,MI,14,133,129.3726613521576,127.0
resnet,independent_rms,43,clean,STTC,0,1085,16.03042756072682,21.0
resnet,independent_rms,43,clean,STTC,1,157,15.592375464737415,18.0
resnet,independent_rms,43,clean,STTC,2,92,15.192268058657646,10.0
resnet,independent_rms,43,clean,STTC,3,89,20.711657866835594,20.0
resnet,independent_rms,43,clean,STTC,4,67,19.95128107070923,16.0
resnet,independent_rms,43,clean,STTC,5,57,21.064093858003616,16.0
resnet,independent_rms,43,clean,STTC,6,41,17.633258163928986,12.0
resnet,independent_rms,43,clean,STTC,7,46,23.074654638767242,22.0
resnet,independent_rms,43,clean,STTC,8,52,29.409567832946777,25.0
resnet,independent_rms,43,clean,STTC,9,56,35.50603896379471,31.0
resnet,independent_rms,43,clean,STTC,10,54,38.01480984687805,29.0
resnet,independent_rms,43,clean,STTC,11,58,44.2694947719574,41.0
resnet,independent_rms,43,clean,STTC,12,76,63.63805401325226,61.0
resnet,independent_rms,43,clean,STTC,13,88,79.53383558988571,69.0
resnet,independent_rms,43,clean,STTC,14,140,135.04628664255142,130.0
resnet,independent_rms,43,clean,CD,0,840,26.439562143175863,29.0
resnet,independent_rms,43,clean,CD,1,339,32.148229226469994,25.0
resnet,independent_rms,43,clean,CD,2,217,35.19560034573078,33.0
resnet,independent_rms,43,clean,CD,3,121,28.119297072291374,16.0
resnet,independent_rms,43,clean,CD,4,90,26.91763025522232,23.0
resnet,independent_rms,43,clean,CD,5,55,20.083579003810883,14.0
resnet,independent_rms,43,clean,CD,6,49,21.041693449020386,15.0
resnet,independent_rms,43,clean,CD,7,54,27.13814154267311,24.0
resnet,independent_rms,43,clean,CD,8,40,22.675963878631592,21.0
resnet,independent_rms,43,clean,CD,9,37,23.425546169281006,22.0
resnet,independent_rms,43,clean,CD,10,26,18.097230851650238,16.0
resnet,independent_rms,43,clean,CD,11,33,25.499873101711273,26.0
resnet,independent_rms,43,clean,CD,12,34,28.296701729297638,26.0
resnet,independent_rms,43,clean,CD,13,57,51.679443538188934,46.0
resnet,independent_rms,43,clean,CD,14,166,162.91596800088882,160.0
resnet,independent_rms,43,clean,HYP,0,1303,21.810108225596196,32.0
resnet,independent_rms,43,clean,HYP,1,238,22.68217197805643,19.0
resnet,independent_rms,43,clean,HYP,2,132,21.570815682411194,12.0
resnet,independent_rms,43,clean,HYP,3,62,14.486453965306282,7.0
resnet,independent_rms,43,clean,HYP,4,61,18.145243674516678,11.0
resnet,independent_rms,43,clean,HYP,5,41,15.061220169067383,8.0
resnet,independent_rms,43,clean,HYP,6,49,21.22155436873436,14.0
resnet,independent_rms,43,clean,HYP,7,34,16.982200801372528,8.0
resnet,independent_rms,43,clean,HYP,8,31,17.440591514110565,17.0
resnet,independent_rms,43,clean,HYP,9,28,17.679039239883423,11.0
resnet,independent_rms,43,clean,HYP,10,24,16.713688850402832,14.0
resnet,independent_rms,43,clean,HYP,11,23,17.61115938425064,13.0
resnet,independent_rms,43,clean,HYP,12,33,27.460173666477203,15.0
resnet,independent_rms,43,clean,HYP,13,28,25.241159677505493,19.0
resnet,independent_rms,43,clean,HYP,14,71,69.45569723844528,62.0
resnet,independent_rms,43,primary_joint,NORM,0,68890,1003.163204600242,991.0
resnet,independent_rms,43,primary_joint,NORM,1,12836,1252.909630537033,1906.0
resnet,independent_rms,43,primary_joint,NORM,2,8992,1485.6050227880478,2406.0
resnet,independent_rms,43,primary_joint,NORM,3,7736,1797.648397281766,2711.0
resnet,independent_rms,43,primary_joint,NORM,4,7083,2121.9995799958706,2912.0
resnet,independent_rms,43,primary_joint,NORM,5,6966,2554.4733304977417,3403.0
resnet,independent_rms,43,primary_joint,NORM,6,6817,2953.1388967335224,3663.0
resnet,independent_rms,43,primary_joint,NORM,7,6939,3472.3101049363613,4003.0
resnet,independent_rms,43,primary_joint,NORM,8,7205,4085.803586781025,4418.0
resnet,independent_rms,43,primary_joint,NORM,9,7711,4888.293670237064,4980.0
resnet,independent_rms,43,primary_joint,NORM,10,8573,6009.535944879055,6049.0
resnet,independent_rms,43,primary_joint,NORM,11,9748,7482.92581731081,7640.0
resnet,independent_rms,43,primary_joint,NORM,12,11931,9958.047755122185,10108.0
resnet,independent_rms,43,primary_joint,NORM,13,16582,14962.313242197037,14493.0
resnet,independent_rms,43,primary_joint,NORM,14,27791,26912.415369808674,26617.0
resnet,independent_rms,43,primary_joint,MI,0,80158,1960.6651270656148,2236.0
resnet,independent_rms,43,primary_joint,MI,1,27538,2659.190546989441,2906.0
resnet,independent_rms,43,primary_joint,MI,2,15977,2627.552334085107,2388.0
resnet,independent_rms,43,primary_joint,MI,3,11978,2783.9911821633577,2558.0
resnet,independent_rms,43,primary_joint,MI,4,9774,2920.1057263612747,2838.0
resnet,independent_rms,43,primary_joint,MI,5,8238,3012.4376775324345,2789.0
resnet,independent_rms,43,primary_joint,MI,6,6910,2987.472548186779,2678.0
resnet,independent_rms,43,primary_joint,MI,7,6545,3271.12748837471,2728.0
resnet,independent_rms,43,primary_joint,MI,8,5971,3380.371506333351,2768.0
resnet,independent_rms,43,primary_joint,MI,9,5620,3551.563809812069,2852.0
resnet,independent_rms,43,primary_joint,MI,10,5594,3915.6566016077995,3084.0
resnet,independent_rms,43,primary_joint,MI,11,5924,4543.230084955692,3710.0
resnet,independent_rms,43,primary_joint,MI,12,6409,5345.3727486133575,4431.0
resnet,independent_rms,43,primary_joint,MI,13,7662,6904.939293920994,6131.0
resnet,independent_rms,43,primary_joint,MI,14,11502,11158.695283353329,10903.0
resnet,independent_rms,43,primary_joint,STTC,0,95894,1832.4541973492742,1766.0
resnet,independent_rms,43,primary_joint,STTC,1,21155,2053.353955194354,1797.0
resnet,independent_rms,43,primary_joint,STTC,2,14058,2315.9140569269657,1882.0
resnet,independent_rms,43,primary_joint,STTC,3,10858,2519.2328257113695,2239.0
resnet,independent_rms,43,primary_joint,STTC,4,8874,2655.4149399399757,2507.0
resnet,independent_rms,43,primary_joint,STTC,5,7548,2764.1668110489845,2424.0
resnet,independent_rms,43,primary_joint,STTC,6,6602,2852.4939307272434,2608.0
resnet,independent_rms,43,primary_joint,STTC,7,5984,2991.3012194037437,2789.0
resnet,independent_rms,43,primary_joint,STTC,8,5705,3231.759662628174,3170.0
resnet,independent_rms,43,primary_joint,STTC,9,5344,3383.9957792162895,3263.0
resnet,independent_rms,43,primary_joint,STTC,10,5486,3843.743263602257,3688.0
resnet,independent_rms,43,primary_joint,STTC,11,5910,4535.730728328228,4473.0
resnet,independent_rms,43,primary_joint,STTC,12,6605,5505.463268637657,5388.0
resnet,independent_rms,43,primary_joint,STTC,13,7855,7081.335568666458,6705.0
resnet,independent_rms,43,primary_joint,STTC,14,7922,7616.941973567009,7401.0
resnet,independent_rms,43,primary_joint,CD,0,64970,2220.674169940641,1998.0
resnet,independent_rms,43,primary_joint,CD,1,40257,3886.780231617391,2710.0
resnet,independent_rms,43,primary_joint,CD,2,23675,3882.1897487193346,2862.0
resnet,independent_rms,43,primary_joint,CD,3,15811,3654.6062239408493,2345.0
resnet,independent_rms,43,primary_joint,CD,4,11348,3384.6254518926144,2326.0
resnet,independent_rms,43,primary_joint,CD,5,8216,2996.839065104723,2139.0
resnet,independent_rms,43,primary_joint,CD,6,6246,2696.2365690767765,1945.0
resnet,independent_rms,43,primary_joint,CD,7,5076,2533.0304116606712,2002.0
resnet,independent_rms,43,primary_joint,CD,8,4655,2631.341383934021,2106.0
resnet,independent_rms,43,primary_joint,CD,9,4080,2582.381147444248,2148.0
resnet,independent_rms,43,primary_joint,CD,10,3456,2416.659668982029,2182.0
resnet,independent_rms,43,primary_joint,CD,11,3352,2570.4539001584053,2394.0
resnet,independent_rms,43,primary_joint,CD,12,3881,3237.3767189979553,2978.0
resnet,independent_rms,43,primary_joint,CD,13,5339,4817.80392241478,4463.0
resnet,independent_rms,43,primary_joint,CD,14,15438,15099.481169044971,15002.0
resnet,independent_rms,43,primary_joint,HYP,0,120187,2406.339375814554,2697.0
resnet,independent_rms,43,primary_joint,HYP,1,28749,2769.6827713027596,1914.0
resnet,independent_rms,43,primary_joint,HYP,2,14877,2433.8151889294386,1220.0
resnet,independent_rms,43,primary_joint,HYP,3,8627,1993.1237124800682,1149.0
resnet,independent_rms,43,primary_joint,HYP,4,6364,1902.894521445036,1137.0
resnet,independent_rms,43,primary_joint,HYP,5,5115,1871.7217195034027,1041.0
resnet,independent_rms,43,primary_joint,HYP,6,4631,2006.3339188992977,1264.0
resnet,independent_rms,43,primary_joint,HYP,7,4118,2054.13073810935,1501.0
resnet,independent_rms,43,primary_joint,HYP,8,3500,1982.4760307073593,1475.0
resnet,independent_rms,43,primary_joint,HYP,9,3043,1923.1866424679756,1375.0
resnet,independent_rms,43,primary_joint,HYP,10,2545,1780.636590540409,1288.0
resnet,independent_rms,43,primary_joint,HYP,11,2496,1914.1293953061104,1300.0
resnet,independent_rms,43,primary_joint,HYP,12,2565,2138.672986447811,1440.0
resnet,independent_rms,43,primary_joint,HYP,13,2904,2615.1558529138565,2026.0
resnet,independent_rms,43,primary_joint,HYP,14,6079,5923.39592051506,5373.0
resnet,electrode,43,clean,NORM,0,697,9.6480585277626,8.0
resnet,electrode,43,clean,NORM,1,101,9.63655436784029,7.0
resnet,electrode,43,clean,NORM,2,80,13.216702461242676,20.0
resnet,electrode,43,clean,NORM,3,68,16.05449979007244,20.0
resnet,electrode,43,clean,NORM,4,60,17.85080099105835,18.0
resnet,electrode,43,clean,NORM,5,63,23.28311800956726,19.0
resnet,electrode,43,clean,NORM,6,45,19.782014220952988,15.0
resnet,electrode,43,clean,NORM,7,51,25.475661635398865,26.0
resnet,electrode,43,clean,NORM,8,71,40.1064156293869,53.0
resnet,electrode,43,clean,NORM,9,86,54.60418212413788,51.0
resnet,electrode,43,clean,NORM,10,65,45.263577699661255,46.0
resnet,electrode,43,clean,NORM,11,104,79.79317969083786,80.0
resnet,electrode,43,clean,NORM,12,137,114.68003058433533,110.0
resnet,electrode,43,clean,NORM,13,169,152.3659911751747,142.0
resnet,electrode,43,clean,NORM,14,361,350.29002261161804,348.0
resnet,electrode,43,clean,MI,0,998,20.549281524668913,31.0
resnet,electrode,43,clean,MI,1,247,23.20318491011858,35.0
resnet,electrode,43,clean,MI,2,116,18.655797824263573,16.0
resnet,electrode,43,clean,MI,3,110,25.426102712750435,31.0
resnet,electrode,43,clean,MI,4,74,22.061590611934662,25.0
resnet,electrode,43,clean,MI,5,55,20.052492678165436,20.0
resnet,electrode,43,clean,MI,6,64,27.68024668097496,30.0
resnet,electrode,43,clean,MI,7,45,22.663723319768906,26.0
resnet,electrode,43,clean,MI,8,51,29.091525614261627,24.0
resnet,electrode,43,clean,MI,9,53,33.38092893362045,35.0
resnet,electrode,43,clean,MI,10,37,25.979860961437225,24.0
resnet,electrode,43,clean,MI,11,51,39.23746758699417,32.0
resnet,electrode,43,clean,MI,12,65,53.955059587955475,44.0
resnet,electrode,43,clean,MI,13,67,60.4688503742218,58.0
resnet,electrode,43,clean,MI,14,125,121.24077093601227,119.0
resnet,electrode,43,clean,STTC,0,1143,16.872956252133008,29.0
resnet,electrode,43,clean,STTC,1,180,17.31870748847723,24.0
resnet,electrode,43,clean,STTC,2,107,17.766262382268906,18.0
resnet,electrode,43,clean,STTC,3,78,18.036719992756844,23.0
resnet,electrode,43,clean,STTC,4,52,15.478452920913696,14.0
resnet,electrode,43,clean,STTC,5,49,17.812301754951477,14.0
resnet,electrode,43,clean,STTC,6,58,24.93301010131836,21.0
resnet,electrode,43,clean,STTC,7,53,26.250910103321075,29.0
resnet,electrode,43,clean,STTC,8,32,18.118933856487274,20.0
resnet,electrode,43,clean,STTC,9,37,23.468136727809906,25.0
resnet,electrode,43,clean,STTC,10,47,32.93403744697571,36.0
resnet,electrode,43,clean,STTC,11,67,51.577692329883575,49.0
resnet,electrode,43,clean,STTC,12,75,62.48442608118057,60.0
resnet,electrode,43,clean,STTC,13,81,72.94724822044373,65.0
resnet,electrode,43,clean,STTC,14,99,95.62327283620834,94.0
resnet,electrode,43,clean,CD,0,849,26.04092075151857,32.0
resnet,electrode,43,clean,CD,1,406,39.509892143309116,34.0
resnet,electrode,43,clean,CD,2,190,31.2804604023695,25.0
resnet,electrode,43,clean,CD,3,118,27.145975545048714,23.0
resnet,electrode,43,clean,CD,4,80,23.751933693885803,24.0
resnet,electrode,43,clean,CD,5,63,22.991901606321335,20.0
resnet,electrode,43,clean,CD,6,55,23.84880954027176,21.0
resnet,electrode,43,clean,CD,7,43,21.071802586317062,19.0
resnet,electrode,43,clean,CD,8,31,17.63502562046051,15.0
resnet,electrode,43,clean,CD,9,32,20.130450069904327,24.0
resnet,electrode,43,clean,CD,10,23,16.046428620815277,19.0
resnet,electrode,43,clean,CD,11,34,25.958808839321136,24.0
resnet,electrode,43,clean,CD,12,34,28.213228344917297,27.0
resnet,electrode,43,clean,CD,13,52,46.88307857513428,43.0
resnet,electrode,43,clean,CD,14,148,144.9016193151474,146.0
resnet,electrode,43,clean,HYP,0,1311,24.229700335519738,29.0
resnet,electrode,43,clean,HYP,1,241,23.520872324705124,15.0
resnet,electrode,43,clean,HYP,2,133,21.709248036146164,16.0
resnet,electrode,43,clean,HYP,3,92,21.354925841093063,16.0
resnet,electrode,43,clean,HYP,4,62,18.65234237909317,12.0
resnet,electrode,43,clean,HYP,5,42,15.23341915011406,12.0
resnet,electrode,43,clean,HYP,6,27,11.643577307462692,10.0
resnet,electrode,43,clean,HYP,7,24,11.948323547840118,9.0
resnet,electrode,43,clean,HYP,8,31,17.317155182361603,11.0
resnet,electrode,43,clean,HYP,9,36,22.762073934078217,17.0
resnet,electrode,43,clean,HYP,10,21,14.741319000720978,12.0
resnet,electrode,43,clean,HYP,11,27,20.77808278799057,17.0
resnet,electrode,43,clean,HYP,12,18,15.101341009140015,13.0
resnet,electrode,43,clean,HYP,13,35,31.584300935268402,20.0
resnet,electrode,43,clean,HYP,14,58,56.67765659093857,53.0
resnet,electrode,43,primary_joint,NORM,0,62310,1023.6220238720513,529.0
resnet,electrode,43,primary_joint,NORM,1,12709,1234.5158782675862,1040.0
resnet,electrode,43,primary_joint,NORM,2,8916,1475.3954619765282,1539.0
resnet,electrode,43,primary_joint,NORM,3,7945,1848.9735338389874,2029.0
resnet,electrode,43,primary_joint,NORM,4,7517,2253.0978190898895,2443.0
resnet,electrode,43,primary_joint,NORM,5,6865,2513.7709463238716,2585.0
resnet,electrode,43,primary_joint,NORM,6,6880,2983.322104394436,3093.0
resnet,electrode,43,primary_joint,NORM,7,7082,3544.2105910182,3734.0
resnet,electrode,43,primary_joint,NORM,8,7755,4397.486704111099,4804.0
resnet,electrode,43,primary_joint,NORM,9,8436,5346.364094138145,5811.0
resnet,electrode,43,primary_joint,NORM,10,9339,6541.650914907455,6842.0
resnet,electrode,43,primary_joint,NORM,11,10955,8408.631253361702,8353.0
resnet,electrode,43,primary_joint,NORM,12,13654,11397.311190605164,11205.0
resnet,electrode,43,primary_joint,NORM,13,17639,15903.112883806229,15481.0
resnet,electrode,43,primary_joint,NORM,14,27798,26899.18808621168,26812.0
resnet,electrode,43,primary_joint,MI,0,87079,2098.4400708646863,2605.0
resnet,electrode,43,primary_joint,MI,1,28115,2704.4537387043238,3020.0
resnet,electrode,43,primary_joint,MI,2,15255,2504.949734121561,2684.0
resnet,electrode,43,primary_joint,MI,3,11690,2713.161417350173,2812.0
resnet,electrode,43,primary_joint,MI,4,9279,2770.215822607279,2730.0
resnet,electrode,43,primary_joint,MI,5,7686,2813.2677130401134,2925.0
resnet,electrode,43,primary_joint,MI,6,6695,2898.4309217333794,2965.0
resnet,electrode,43,primary_joint,MI,7,6000,3000.526404052973,2842.0
resnet,electrode,43,primary_joint,MI,8,5683,3220.5389996170998,3060.0
resnet,electrode,43,primary_joint,MI,9,5456,3452.4849878549576,3108.0
resnet,electrode,43,primary_joint,MI,10,5131,3589.7479902505875,3239.0
resnet,electrode,43,primary_joint,MI,11,5302,4068.204268157482,3570.0
resnet,electrode,43,primary_joint,MI,12,6242,5210.71789765358,4616.0
resnet,electrode,43,primary_joint,MI,13,6992,6302.389791190624,5916.0
resnet,electrode,43,primary_joint,MI,14,9195,8891.535926580429,8908.0
resnet,electrode,43,primary_joint,STTC,0,109411,1952.1717548442648,2680.0
resnet,electrode,43,primary_joint,STTC,1,22395,2154.843700684607,2953.0
resnet,electrode,43,primary_joint,STTC,2,13709,2257.7760547697544,2891.0
resnet,electrode,43,primary_joint,STTC,3,9802,2268.6649696081877,2882.0
resnet,electrode,43,primary_joint,STTC,4,7086,2115.6365133821964,2658.0
resnet,electrode,43,primary_joint,STTC,5,6160,2251.1154328882694,2531.0
resnet,electrode,43,primary_joint,STTC,6,5399,2337.6301212906837,2793.0
resnet,electrode,43,primary_joint,STTC,7,4846,2416.6533893048763,2789.0
resnet,electrode,43,primary_joint,STTC,8,4212,2385.848462998867,2850.0
resnet,electrode,43,primary_joint,STTC,9,4423,2803.267362475395,3237.0
resnet,electrode,43,primary_joint,STTC,10,4961,3475.575319349766,3699.0
resnet,electrode,43,primary_joint,STTC,11,5581,4281.209218561649,4397.0
resnet,electrode,43,primary_joint,STTC,12,5897,4915.84454369545,4957.0
resnet,electrode,43,primary_joint,STTC,13,6090,5481.6590321063995,5335.0
resnet,electrode,43,primary_joint,STTC,14,5828,5608.48768132925,5448.0
resnet,electrode,43,primary_joint,CD,0,72622,2441.319984139409,2623.0
resnet,electrode,43,primary_joint,CD,1,42689,4104.322304137051,3156.0
resnet,electrode,43,primary_joint,CD,2,23023,3781.5341243594885,2953.0
resnet,electrode,43,primary_joint,CD,3,14363,3314.4137591719627,2616.0
resnet,electrode,43,primary_joint,CD,4,9980,2978.4374970197678,2312.0
resnet,electrode,43,primary_joint,CD,5,7481,2732.079318165779,2318.0
resnet,electrode,43,primary_joint,CD,6,5880,2537.8744831085205,2251.0
resnet,electrode,43,primary_joint,CD,7,4304,2144.3575179576874,1836.0
resnet,electrode,43,primary_joint,CD,8,3440,1947.8694388866425,1851.0
resnet,electrode,43,primary_joint,CD,9,3395,2148.20543807745,2240.0
resnet,electrode,43,primary_joint,CD,10,3244,2269.9904842972755,2303.0
resnet,electrode,43,primary_joint,CD,11,3319,2546.4171419143677,2518.0
resnet,electrode,43,primary_joint,CD,12,3785,3158.631721198559,3078.0
resnet,electrode,43,primary_joint,CD,13,4709,4245.008108854294,4185.0
resnet,electrode,43,primary_joint,CD,14,13566,13260.841145575047,13360.0
resnet,electrode,43,primary_joint,HYP,0,123168,2515.2994372477406,2528.0
resnet,electrode,43,primary_joint,HYP,1,27476,2651.5290671363473,1803.0
resnet,electrode,43,primary_joint,HYP,2,15015,2458.0849352627993,1526.0
resnet,electrode,43,primary_joint,HYP,3,9904,2287.445974856615,1527.0
resnet,electrode,43,primary_joint,HYP,4,6665,1985.2471675276756,1175.0
resnet,electrode,43,primary_joint,HYP,5,4830,1761.4783070087433,1156.0
resnet,electrode,43,primary_joint,HYP,6,3668,1583.8398931622505,1191.0
resnet,electrode,43,primary_joint,HYP,7,3267,1631.512097477913,1208.0
resnet,electrode,43,primary_joint,HYP,8,2981,1688.307068347931,1306.0
resnet,electrode,43,primary_joint,HYP,9,3055,1933.2579467892647,1420.0
resnet,electrode,43,primary_joint,HYP,10,2610,1824.0729828476906,1456.0
resnet,electrode,43,primary_joint,HYP,11,2444,1870.5429161190987,1495.0
resnet,electrode,43,primary_joint,HYP,12,2321,1938.5212063789368,1502.0
resnet,electrode,43,primary_joint,HYP,13,3104,2800.9191591739655,2127.0
resnet,electrode,43,primary_joint,HYP,14,5292,5149.28481066227,4780.0
resnet,mixed,43,clean,NORM,0,692,9.694454722954688,9.0
resnet,mixed,43,clean,NORM,1,100,9.82108473777771,13.0
resnet,mixed,43,clean,NORM,2,57,9.182725384831429,9.0
resnet,mixed,43,clean,NORM,3,49,11.403034672141075,12.0
resnet,mixed,43,clean,NORM,4,45,13.493547439575195,14.0
resnet,mixed,43,clean,NORM,5,41,14.999740362167358,13.0
resnet,mixed,43,clean,NORM,6,34,14.760932445526123,15.0
resnet,mixed,43,clean,NORM,7,46,22.71059215068817,17.0
resnet,mixed,43,clean,NORM,8,45,25.69159060716629,18.0
resnet,mixed,43,clean,NORM,9,60,37.98166120052338,28.0
resnet,mixed,43,clean,NORM,10,62,43.12185579538345,41.0
resnet,mixed,43,clean,NORM,11,89,68.3584275841713,56.0
resnet,mixed,43,clean,NORM,12,118,98.64789831638336,81.0
resnet,mixed,43,clean,NORM,13,172,155.30911201238632,134.0
resnet,mixed,43,clean,NORM,14,548,535.2068314552307,503.0
resnet,mixed,43,clean,MI,0,1312,17.41606615492492,81.0
resnet,mixed,43,clean,MI,1,168,15.919250167906284,43.0
resnet,mixed,43,clean,MI,2,101,16.788638710975647,35.0
resnet,mixed,43,clean,MI,3,70,16.17918559908867,25.0
resnet,mixed,43,clean,MI,4,46,13.71348237991333,28.0
resnet,mixed,43,clean,MI,5,45,16.341416269540787,23.0
resnet,mixed,43,clean,MI,6,40,17.251062124967575,21.0
resnet,mixed,43,clean,MI,7,40,19.906690567731857,26.0
resnet,mixed,43,clean,MI,8,27,15.273188769817352,17.0
resnet,mixed,43,clean,MI,9,34,21.69804620742798,22.0
resnet,mixed,43,clean,MI,10,48,33.46748912334442,35.0
resnet,mixed,43,clean,MI,11,36,27.596787214279175,26.0
resnet,mixed,43,clean,MI,12,38,31.565362334251404,31.0
resnet,mixed,43,clean,MI,13,54,48.761659383773804,43.0
resnet,mixed,43,clean,MI,14,99,96.07056015729904,94.0
resnet,mixed,43,clean,STTC,0,1175,15.178737432523121,34.0
resnet,mixed,43,clean,STTC,1,148,14.37283831089735,23.0
resnet,mixed,43,clean,STTC,2,93,15.284169554710388,11.0
resnet,mixed,43,clean,STTC,3,68,15.808627098798752,15.0
resnet,mixed,43,clean,STTC,4,60,18.145235687494278,20.0
resnet,mixed,43,clean,STTC,5,48,17.628485560417175,14.0
resnet,mixed,43,clean,STTC,6,39,16.69106450676918,14.0
resnet,mixed,43,clean,STTC,7,32,15.71805453300476,13.0
resnet,mixed,43,clean,STTC,8,42,23.67824238538742,18.0
resnet,mixed,43,clean,STTC,9,45,28.64333665370941,32.0
resnet,mixed,43,clean,STTC,10,54,37.80660301446915,38.0
resnet,mixed,43,clean,STTC,11,61,46.85319238901138,41.0
resnet,mixed,43,clean,STTC,12,64,53.562246561050415,48.0
resnet,mixed,43,clean,STTC,13,93,83.58811444044113,74.0
resnet,mixed,43,clean,STTC,14,136,130.78790152072906,126.0
resnet,mixed,43,clean,CD,0,1053,26.390452267602086,39.0
resnet,mixed,43,clean,CD,1,313,29.701356433331966,35.0
resnet,mixed,43,clean,CD,2,169,27.774083331227303,22.0
resnet,mixed,43,clean,CD,3,89,20.758128091692924,26.0
resnet,mixed,43,clean,CD,4,64,18.97900441288948,18.0
resnet,mixed,43,clean,CD,5,51,18.48062115907669,23.0
resnet,mixed,43,clean,CD,6,47,20.179864048957825,24.0
resnet,mixed,43,clean,CD,7,34,17.239784598350525,24.0
resnet,mixed,43,clean,CD,8,40,22.852495431900024,22.0
resnet,mixed,43,clean,CD,9,25,15.821470022201538,12.0
resnet,mixed,43,clean,CD,10,23,16.036597847938538,17.0
resnet,mixed,43,clean,CD,11,20,15.300751626491547,17.0
resnet,mixed,43,clean,CD,12,40,33.47485113143921,35.0
resnet,mixed,43,clean,CD,13,54,48.44882756471634,48.0
resnet,mixed,43,clean,CD,14,136,133.37680786848068,134.0
resnet,mixed,43,clean,HYP,0,1365,21.428751895473397,36.0
resnet,mixed,43,clean,HYP,1,228,22.003042712807655,12.0
resnet,mixed,43,clean,HYP,2,102,16.89611880481243,12.0
resnet,mixed,43,clean,HYP,3,75,17.405475363135338,13.0
resnet,mixed,43,clean,HYP,4,54,16.08729714155197,12.0
resnet,mixed,43,clean,HYP,5,37,13.600936710834503,8.0
resnet,mixed,43,clean,HYP,6,38,16.36656641960144,15.0
resnet,mixed,43,clean,HYP,7,29,14.616817086935043,12.0
resnet,mixed,43,clean,HYP,8,29,16.45425057411194,13.0
resnet,mixed,43,clean,HYP,9,23,14.519051313400269,10.0
resnet,mixed,43,clean,HYP,10,32,22.326835453510284,17.0
resnet,mixed,43,clean,HYP,11,27,20.487595081329346,14.0
resnet,mixed,43,clean,HYP,12,22,18.353550970554352,9.0
resnet,mixed,43,clean,HYP,13,32,28.70149713754654,22.0
resnet,mixed,43,clean,HYP,14,65,63.46034890413284,57.0
resnet,mixed,43,primary_joint,NORM,0,63633,1082.7600184085231,654.0
resnet,mixed,43,primary_joint,NORM,1,12128,1169.445028245449,1256.0
resnet,mixed,43,primary_joint,NORM,2,7887,1303.546252131462,1581.0
resnet,mixed,43,primary_joint,NORM,3,6486,1504.8694592267275,1770.0
resnet,mixed,43,primary_joint,NORM,4,5606,1678.2920552492142,1857.0
resnet,mixed,43,primary_joint,NORM,5,5480,2009.5585457980633,2176.0
resnet,mixed,43,primary_joint,NORM,6,5458,2365.756351917982,2332.0
resnet,mixed,43,primary_joint,NORM,7,5682,2842.284717589617,2696.0
resnet,mixed,43,primary_joint,NORM,8,6164,3495.335140109062,3268.0
resnet,mixed,43,primary_joint,NORM,9,6897,4373.639079928398,3991.0
resnet,mixed,43,primary_joint,NORM,10,7634,5347.046028494835,4808.0
resnet,mixed,43,primary_joint,NORM,11,9400,7219.863363564014,6517.0
resnet,mixed,43,primary_joint,NORM,12,12528,10458.588910102844,9301.0
resnet,mixed,43,primary_joint,NORM,13,17906,16161.778384447098,14483.0
resnet,mixed,43,primary_joint,NORM,14,42911,41717.60276758671,39610.0
resnet,mixed,43,primary_joint,MI,0,116909,2000.399541430259,6504.0
resnet,mixed,43,primary_joint,MI,1,21729,2082.2228792384267,4477.0
resnet,mixed,43,primary_joint,MI,2,12127,1992.4455939084291,3530.0
resnet,mixed,43,primary_joint,MI,3,8838,2051.582347393036,3366.0
resnet,mixed,43,primary_joint,MI,4,6864,2055.519830107689,2893.0
resnet,mixed,43,primary_joint,MI,5,5961,2180.2753817737103,2815.0
resnet,mixed,43,primary_joint,MI,6,4928,2129.984100908041,2571.0
resnet,mixed,43,primary_joint,MI,7,4439,2216.722628057003,2534.0
resnet,mixed,43,primary_joint,MI,8,4303,2438.04126983881,2657.0
resnet,mixed,43,primary_joint,MI,9,4139,2620.981121778488,2718.0
resnet,mixed,43,primary_joint,MI,10,4431,3101.02700984478,3002.0
resnet,mixed,43,primary_joint,MI,11,4215,3230.576028585434,3025.0
resnet,mixed,43,primary_joint,MI,12,4263,3553.0343967080116,3273.0
resnet,mixed,43,primary_joint,MI,13,5061,4564.9680997133255,4351.0
resnet,mixed,43,primary_joint,MI,14,7593,7347.362486124039,7284.0
resnet,mixed,43,primary_joint,STTC,0,106037,1715.6415227519956,2892.0
resnet,mixed,43,primary_joint,STTC,1,19699,1897.2464444711804,2120.0
resnet,mixed,43,primary_joint,STTC,2,11898,1958.945704370737,1840.0
resnet,mixed,43,primary_joint,STTC,3,9261,2149.2251168489456,1961.0
resnet,mixed,43,primary_joint,STTC,4,7630,2279.915518373251,2195.0
resnet,mixed,43,primary_joint,STTC,5,6289,2299.077602773905,2260.0
resnet,mixed,43,primary_joint,STTC,6,5246,2266.5219418406487,2090.0
resnet,mixed,43,primary_joint,STTC,7,4981,2491.0422500371933,2377.0
resnet,mixed,43,primary_joint,STTC,8,4860,2751.5337122678757,2705.0
resnet,mixed,43,primary_joint,STTC,9,4974,3156.969275534153,3203.0
resnet,mixed,43,primary_joint,STTC,10,5731,4014.2021921873093,4013.0
resnet,mixed,43,primary_joint,STTC,11,5981,4583.2094250917435,4480.0
resnet,mixed,43,primary_joint,STTC,12,6884,5743.935160815716,5318.0
resnet,mixed,43,primary_joint,STTC,13,8218,7405.240298092365,7039.0
resnet,mixed,43,primary_joint,STTC,14,8111,7782.698134422302,7607.0
resnet,mixed,43,primary_joint,CD,0,93891,2735.3128472483368,3306.0
resnet,mixed,43,primary_joint,CD,1,36864,3531.9850136861205,3580.0
resnet,mixed,43,primary_joint,CD,2,19625,3212.0168547332287,3145.0
resnet,mixed,43,primary_joint,CD,3,11446,2642.470217525959,2853.0
resnet,mixed,43,primary_joint,CD,4,7726,2304.6122866272926,2542.0
resnet,mixed,43,primary_joint,CD,5,5784,2113.204348653555,2272.0
resnet,mixed,43,primary_joint,CD,6,4624,1999.9228949844837,2296.0
resnet,mixed,43,primary_joint,CD,7,3865,1928.7962151765823,2251.0
resnet,mixed,43,primary_joint,CD,8,3273,1852.0152870416641,1956.0
resnet,mixed,43,primary_joint,CD,9,2937,1859.139886200428,1798.0
resnet,mixed,43,primary_joint,CD,10,2555,1788.3910009860992,1868.0
resnet,mixed,43,primary_joint,CD,11,2777,2134.6558010578156,2278.0
resnet,mixed,43,primary_joint,CD,12,3795,3171.330763578415,3358.0
resnet,mixed,43,primary_joint,CD,13,4657,4194.8761513233185,4229.0
resnet,mixed,43,primary_joint,CD,14,11981,11710.601613521576,11868.0
resnet,mixed,43,primary_joint,HYP,0,126751,2413.0743038229557,3034.0
resnet,mixed,43,primary_joint,HYP,1,25015,2408.6769875362515,1417.0
resnet,mixed,43,primary_joint,HYP,2,13331,2182.3556260615587,1263.0
resnet,mixed,43,primary_joint,HYP,3,8351,1921.7427192181349,1055.0
resnet,mixed,43,primary_joint,HYP,4,6144,1836.9134850800037,1237.0
resnet,mixed,43,primary_joint,HYP,5,4934,1806.3984650671482,1107.0
resnet,mixed,43,primary_joint,HYP,6,4014,1735.9642359912395,1271.0
resnet,mixed,43,primary_joint,HYP,7,3327,1662.3987801373005,1345.0
resnet,mixed,43,primary_joint,HYP,8,3248,1840.6456870436668,1425.0
resnet,mixed,43,primary_joint,HYP,9,3180,2013.820724785328,1464.0
resnet,mixed,43,primary_joint,HYP,10,3064,2141.4637545347214,1425.0
resnet,mixed,43,primary_joint,HYP,11,2686,2058.283331155777,1359.0
resnet,mixed,43,primary_joint,HYP,12,2638,2198.3666528463364,1366.0
resnet,mixed,43,primary_joint,HYP,13,3112,2806.844587981701,2099.0
resnet,mixed,43,primary_joint,HYP,14,6005,5847.639658987522,5333.0
resnet,clean_only,101,clean,NORM,0,695,10.212691850095098,10.0
resnet,clean_only,101,clean,NORM,1,126,11.945940919220448,12.0
resnet,clean_only,101,clean,NORM,2,84,13.767697215080261,16.0
resnet,clean_only,101,clean,NORM,3,68,15.85613738000393,26.0
resnet,clean_only,101,clean,NORM,4,59,17.528609961271286,21.0
resnet,clean_only,101,clean,NORM,5,68,25.124775737524033,27.0
resnet,clean_only,101,clean,NORM,6,47,20.467579901218414,20.0
resnet,clean_only,101,clean,NORM,7,44,22.021816045045853,24.0
resnet,clean_only,101,clean,NORM,8,51,28.858129382133484,33.0
resnet,clean_only,101,clean,NORM,9,57,36.106003522872925,36.0
resnet,clean_only,101,clean,NORM,10,83,58.08715605735779,58.0
resnet,clean_only,101,clean,NORM,11,95,73.03972518444061,78.0
resnet,clean_only,101,clean,NORM,12,114,95.37700057029724,83.0
resnet,clean_only,101,clean,NORM,13,170,153.1831591129303,138.0
resnet,clean_only,101,clean,NORM,14,397,385.8021558523178,381.0
resnet,clean_only,101,clean,MI,0,868,19.108432761830045,16.0
resnet,clean_only,101,clean,MI,1,230,22.175560265779495,25.0
resnet,clean_only,101,clean,MI,2,127,20.546549156308174,19.0
resnet,clean_only,101,clean,MI,3,93,21.649257361888885,20.0
resnet,clean_only,101,clean,MI,4,107,32.13600414991379,23.0
resnet,clean_only,101,clean,MI,5,73,26.67984277009964,14.0
resnet,clean_only,101,clean,MI,6,59,25.64023059606552,20.0
resnet,clean_only,101,clean,MI,7,70,34.87552332878113,29.0
resnet,clean_only,101,clean,MI,8,56,31.656960785388947,32.0
resnet,clean_only,101,clean,MI,9,46,29.07549273967743,24.0
resnet,clean_only,101,clean,MI,10,55,38.41402864456177,33.0
resnet,clean_only,101,clean,MI,11,56,42.987304985523224,32.0
resnet,clean_only,101,clean,MI,12,67,55.811338663101196,47.0
resnet,clean_only,101,clean,MI,13,93,84.03526437282562,71.0
resnet,clean_only,101,clean,MI,14,158,153.6865822672844,145.0
resnet,clean_only,101,clean,STTC,0,1158,17.722208184859483,33.0
resnet,clean_only,101,clean,STTC,1,174,16.740481927990913,24.0
resnet,clean_only,101,clean,STTC,2,94,15.317479252815247,19.0
resnet,clean_only,101,clean,STTC,3,84,19.455441623926163,24.0
resnet,clean_only,101,clean,STTC,4,74,22.159174352884293,24.0
resnet,clean_only,101,clean,STTC,5,64,23.26822879910469,26.0
resnet,clean_only,101,clean,STTC,6,51,22.19877651333809,22.0
resnet,clean_only,101,clean,STTC,7,48,24.14448395371437,30.0
resnet,clean_only,101,clean,STTC,8,41,23.32649463415146,27.0
resnet,clean_only,101,clean,STTC,9,57,36.07297909259796,36.0
resnet,clean_only,101,clean,STTC,10,56,39.165235102176666,40.0
resnet,clean_only,101,clean,STTC,11,63,48.141905426979065,46.0
resnet,clean_only,101,clean,STTC,12,67,55.99274271726608,54.0
resnet,clean_only,101,clean,STTC,13,78,69.82431930303574,69.0
resnet,clean_only,101,clean,STTC,14,49,46.97817939519882,47.0
resnet,clean_only,101,clean,CD,0,1346,28.188584093702957,68.0
resnet,clean_only,101,clean,CD,1,223,21.38639196753502,48.0
resnet,clean_only,101,clean,CD,2,106,17.275323808193207,30.0
resnet,clean_only,101,clean,CD,3,62,14.398766502737999,22.0
resnet,clean_only,101,clean,CD,4,42,12.470932334661484,20.0
resnet,clean_only,101,clean,CD,5,34,12.315555155277252,13.0
resnet,clean_only,101,clean,CD,6,37,15.895238369703293,22.0
resnet,clean_only,101,clean,CD,7,23,11.41077408194542,16.0
resnet,clean_only,101,clean,CD,8,23,13.033559501171112,17.0
resnet,clean_only,101,clean,CD,9,20,12.674920082092285,14.0
resnet,clean_only,101,clean,CD,10,22,15.56971001625061,20.0
resnet,clean_only,101,clean,CD,11,28,21.464166522026062,23.0
resnet,clean_only,101,clean,CD,12,31,25.8281392455101,26.0
resnet,clean_only,101,clean,CD,13,45,40.648697078228,42.0
resnet,clean_only,101,clean,CD,14,116,113.18805259466171,115.0
resnet,clean_only,101,clean,HYP,0,1431,21.6266792222159,38.0
resnet,clean_only,101,clean,HYP,1,224,21.334075026214123,22.0
resnet,clean_only,101,clean,HYP,2,115,19.083787858486176,19.0
resnet,clean_only,101,clean,HYP,3,58,13.4526899009943,16.0
resnet,clean_only,101,clean,HYP,4,54,16.033240139484406,9.0
resnet,clean_only,101,clean,HYP,5,46,17.02902254462242,12.0
resnet,clean_only,101,clean,HYP,6,31,13.340401589870453,10.0
resnet,clean_only,101,clean,HYP,7,31,15.483090549707413,16.0
resnet,clean_only,101,clean,HYP,8,19,10.730340301990509,5.0
resnet,clean_only,101,clean,HYP,9,22,13.927119195461273,16.0
resnet,clean_only,101,clean,HYP,10,16,11.216776132583618,12.0
resnet,clean_only,101,clean,HYP,11,18,13.81323391199112,10.0
resnet,clean_only,101,clean,HYP,12,21,17.645708978176117,15.0
resnet,clean_only,101,clean,HYP,13,24,21.657943308353424,17.0
resnet,clean_only,101,clean,HYP,14,48,46.96339273452759,45.0
resnet,clean_only,101,primary_joint,NORM,0,67417,1357.063797973749,1390.0
resnet,clean_only,101,primary_joint,NORM,1,18255,1771.0507009327412,2904.0
resnet,clean_only,101,primary_joint,NORM,2,12759,2110.142587646842,3933.0
resnet,clean_only,101,primary_joint,NORM,3,10124,2352.1821710914373,4364.0
resnet,clean_only,101,primary_joint,NORM,4,8934,2674.358050853014,4754.0
resnet,clean_only,101,primary_joint,NORM,5,8351,3061.040871798992,4962.0
resnet,clean_only,101,primary_joint,NORM,6,7683,3322.7880332767963,4887.0
resnet,clean_only,101,primary_joint,NORM,7,7514,3756.072901159525,5215.0
resnet,clean_only,101,primary_joint,NORM,8,7362,4171.960333108902,5324.0
resnet,clean_only,101,primary_joint,NORM,9,7755,4912.784118115902,5926.0
resnet,clean_only,101,primary_joint,NORM,10,8389,5873.365501999855,6691.0
resnet,clean_only,101,primary_joint,NORM,11,9328,7156.527768611908,7795.0
resnet,clean_only,101,primary_joint,NORM,12,10460,8726.748141884804,8806.0
resnet,clean_only,101,primary_joint,NORM,13,12191,10989.502443373203,10795.0
resnet,clean_only,101,primary_joint,NORM,14,19278,18656.431302309036,18554.0
resnet,clean_only,101,primary_joint,MI,0,56489,1500.5906734585442,1014.0
resnet,clean_only,101,primary_joint,MI,1,26787,2610.2909731566906,1767.0
resnet,clean_only,101,primary_joint,MI,2,18258,3012.937572643161,1682.0
resnet,clean_only,101,primary_joint,MI,3,14369,3338.81982947886,1968.0
resnet,clean_only,101,primary_joint,MI,4,12267,3671.888076901436,2299.0
resnet,clean_only,101,primary_joint,MI,5,10820,3961.150329351425,2608.0
resnet,clean_only,101,primary_joint,MI,6,9788,4236.836724072695,2871.0
resnet,clean_only,101,primary_joint,MI,7,9158,4574.002966046333,3109.0
resnet,clean_only,101,primary_joint,MI,8,8475,4800.6282232403755,3413.0
resnet,clean_only,101,primary_joint,MI,9,7917,5009.704850971699,3733.0
resnet,clean_only,101,primary_joint,MI,10,7293,5101.892869412899,3949.0
resnet,clean_only,101,primary_joint,MI,11,7289,5585.179993629456,4237.0
resnet,clean_only,101,primary_joint,MI,12,7340,6120.865890622139,5168.0
resnet,clean_only,101,primary_joint,MI,13,8511,7667.199302494526,6804.0
resnet,clean_only,101,primary_joint,MI,14,11039,10695.793072104454,10378.0
resnet,clean_only,101,primary_joint,STTC,0,72107,1619.4880245111344,1385.0
resnet,clean_only,101,primary_joint,STTC,1,25921,2525.7765435427427,1602.0
resnet,clean_only,101,primary_joint,STTC,2,17923,2956.486607015133,1687.0
resnet,clean_only,101,primary_joint,STTC,3,13776,3202.2728871554136,1922.0
resnet,clean_only,101,primary_joint,STTC,4,12355,3698.3124501109123,2610.0
resnet,clean_only,101,primary_joint,STTC,5,10934,4000.269011735916,3216.0
resnet,clean_only,101,primary_joint,STTC,6,9860,4264.932512164116,3789.0
resnet,clean_only,101,primary_joint,STTC,7,9062,4527.123031049967,4305.0
resnet,clean_only,101,primary_joint,STTC,8,8663,4905.7472158670425,4852.0
resnet,clean_only,101,primary_joint,STTC,9,7733,4892.985035777092,4732.0
resnet,clean_only,101,primary_joint,STTC,10,7219,5045.805550456047,4916.0
resnet,clean_only,101,primary_joint,STTC,11,6729,5159.181845009327,5168.0
resnet,clean_only,101,primary_joint,STTC,12,6151,5125.806025564671,5126.0
resnet,clean_only,101,primary_joint,STTC,13,4892,4389.526969611645,4437.0
resnet,clean_only,101,primary_joint,STTC,14,2475,2360.8620516061783,2353.0
resnet,clean_only,101,primary_joint,CD,0,108135,3056.7741641363828,4899.0
resnet,clean_only,101,primary_joint,CD,1,36015,3414.4066887125373,5151.0
resnet,clean_only,101,primary_joint,CD,2,16785,2743.9338835030794,3896.0
resnet,clean_only,101,primary_joint,CD,3,10099,2331.9964779764414,3024.0
resnet,clean_only,101,primary_joint,CD,4,6389,1902.554725408554,2305.0
resnet,clean_only,101,primary_joint,CD,5,4680,1712.2269650697708,2104.0
resnet,clean_only,101,primary_joint,CD,6,3798,1641.3676581084728,2092.0
resnet,clean_only,101,primary_joint,CD,7,3075,1534.449640572071,1939.0
resnet,clean_only,101,primary_joint,CD,8,2629,1487.6708661913872,1867.0
resnet,clean_only,101,primary_joint,CD,9,2563,1623.4648912549019,1972.0
resnet,clean_only,101,primary_joint,CD,10,2570,1799.4318910241127,2169.0
resnet,clean_only,101,primary_joint,CD,11,2769,2123.255727291107,2412.0
resnet,clean_only,101,primary_joint,CD,12,3379,2819.2609979510307,3083.0
resnet,clean_only,101,primary_joint,CD,13,4554,4110.35645365715,4429.0
resnet,clean_only,101,primary_joint,CD,14,8360,8124.189272224903,8258.0
resnet,clean_only,101,primary_joint,HYP,0,116964,2746.326249805832,2460.0
resnet,clean_only,101,primary_joint,HYP,1,33931,3226.6297940015793,2282.0
resnet,clean_only,101,primary_joint,HYP,2,16657,2729.452506273985,1768.0
resnet,clean_only,101,primary_joint,HYP,3,10269,2376.5742700994015,1697.0
resnet,clean_only,101,primary_joint,HYP,4,7510,2240.5565942823887,1521.0
resnet,clean_only,101,primary_joint,HYP,5,5343,1953.324181675911,1430.0
resnet,clean_only,101,primary_joint,HYP,6,4325,1868.9992239177227,1549.0
resnet,clean_only,101,primary_joint,HYP,7,3405,1698.553336083889,1423.0
resnet,clean_only,101,primary_joint,HYP,8,3080,1742.478823542595,1518.0
resnet,clean_only,101,primary_joint,HYP,9,2475,1564.3410282731056,1351.0
resnet,clean_only,101,primary_joint,HYP,10,1915,1340.0994918346405,1099.0
resnet,clean_only,101,primary_joint,HYP,11,1931,1480.062161564827,1223.0
resnet,clean_only,101,primary_joint,HYP,12,1937,1616.1930200457573,1389.0
resnet,clean_only,101,primary_joint,HYP,13,2457,2215.152680337429,2062.0
resnet,clean_only,101,primary_joint,HYP,14,3601,3507.670751929283,3428.0
resnet,independent_rms,101,clean,NORM,0,665,10.122330945647263,5.0
resnet,independent_rms,101,clean,NORM,1,94,9.529931530356407,10.0
resnet,independent_rms,101,clean,NORM,2,62,10.194046780467033,7.0
resnet,independent_rms,101,clean,NORM,3,62,14.152685478329659,16.0
resnet,independent_rms,101,clean,NORM,4,54,16.2601900100708,13.0
resnet,independent_rms,101,clean,NORM,5,50,18.31234446167946,18.0
resnet,independent_rms,101,clean,NORM,6,50,21.64479598402977,16.0
resnet,independent_rms,101,clean,NORM,7,54,27.158937990665436,27.0
resnet,independent_rms,101,clean,NORM,8,52,29.464034259319305,25.0
resnet,independent_rms,101,clean,NORM,9,49,31.142736434936523,26.0
resnet,independent_rms,101,clean,NORM,10,61,42.97606295347214,35.0
resnet,independent_rms,101,clean,NORM,11,91,69.70551836490631,59.0
resnet,independent_rms,101,clean,NORM,12,98,81.72915136814117,70.0
resnet,independent_rms,101,clean,NORM,13,187,169.4606265425682,147.0
resnet,independent_rms,101,clean,NORM,14,529,514.8099933862686,489.0
resnet,independent_rms,101,clean,MI,0,1025,19.43363369572762,33.0
resnet,independent_rms,101,clean,MI,1,204,18.891270078718662,23.0
resnet,independent_rms,101,clean,MI,2,123,19.97460150718689,32.0
resnet,independent_rms,101,clean,MI,3,110,25.275395706295967,23.0
resnet,independent_rms,101,clean,MI,4,75,22.614496260881424,27.0
resnet,independent_rms,101,clean,MI,5,54,19.85813844203949,17.0
resnet,independent_rms,101,clean,MI,6,59,25.49472615122795,30.0
resnet,independent_rms,101,clean,MI,7,38,18.911074578762054,15.0
resnet,independent_rms,101,clean,MI,8,51,29.1323259472847,25.0
resnet,independent_rms,101,clean,MI,9,53,33.204290091991425,38.0
resnet,independent_rms,101,clean,MI,10,48,33.67500388622284,31.0
resnet,independent_rms,101,clean,MI,11,52,39.98395437002182,32.0
resnet,independent_rms,101,clean,MI,12,77,64.32968538999557,56.0
resnet,independent_rms,101,clean,MI,13,75,67.50370728969574,60.0
resnet,independent_rms,101,clean,MI,14,114,110.76188999414444,108.0
resnet,independent_rms,101,clean,STTC,0,1198,16.8042160152836,38.0
resnet,independent_rms,101,clean,STTC,1,167,15.89575331658125,27.0
resnet,independent_rms,101,clean,STTC,2,87,14.204596981406212,19.0
resnet,independent_rms,101,clean,STTC,3,68,15.854625910520554,14.0
resnet,independent_rms,101,clean,STTC,4,74,22.113665759563446,24.0
resnet,independent_rms,101,clean,STTC,5,63,23.029455810785294,28.0
resnet,independent_rms,101,clean,STTC,6,45,19.45510369539261,24.0
resnet,independent_rms,101,clean,STTC,7,58,29.00664421916008,33.0
resnet,independent_rms,101,clean,STTC,8,41,23.14436548948288,26.0
resnet,independent_rms,101,clean,STTC,9,48,30.560181438922882,32.0
resnet,independent_rms,101,clean,STTC,10,61,42.59057468175888,43.0
resnet,independent_rms,101,clean,STTC,11,60,46.13250082731247,44.0
resnet,independent_rms,101,clean,STTC,12,59,49.47811275720596,50.0
resnet,independent_rms,101,clean,STTC,13,72,64.64172697067261,65.0
resnet,independent_rms,101,clean,STTC,14,57,54.507099747657776,54.0
resnet,independent_rms,101,clean,CD,0,1316,25.35440293099964,61.0
resnet,independent_rms,101,clean,CD,1,204,18.946679145097733,36.0
resnet,independent_rms,101,clean,CD,2,108,17.479945346713066,23.0
resnet,independent_rms,101,clean,CD,3,72,16.82340058684349,25.0
resnet,independent_rms,101,clean,CD,4,56,16.58680221438408,26.0
resnet,independent_rms,101,clean,CD,5,34,12.38335594534874,18.0
resnet,independent_rms,101,clean,CD,6,15,6.527275741100311,11.0
resnet,independent_rms,101,clean,CD,7,30,15.01321604847908,15.0
resnet,independent_rms,101,clean,CD,8,22,12.391405463218689,14.0
resnet,independent_rms,101,clean,CD,9,25,15.815659582614899,16.0
resnet,independent_rms,101,clean,CD,10,34,23.785117030143738,27.0
resnet,independent_rms,101,clean,CD,11,26,19.8886239528656,23.0
resnet,independent_rms,101,clean,CD,12,36,30.172685384750366,30.0
resnet,independent_rms,101,clean,CD,13,65,58.83737564086914,58.0
resnet,independent_rms,101,clean,CD,14,115,112.09395569562912,113.0
resnet,independent_rms,101,clean,HYP,0,1535,22.40976038892404,51.0
resnet,independent_rms,101,clean,HYP,1,199,19.141982927918434,17.0
resnet,independent_rms,101,clean,HYP,2,88,14.865217000246048,14.0
resnet,independent_rms,101,clean,HYP,3,57,13.16348123550415,17.0
resnet,independent_rms,101,clean,HYP,4,45,13.292951852083206,17.0
resnet,independent_rms,101,clean,HYP,5,30,10.967887043952942,12.0
resnet,independent_rms,101,clean,HYP,6,40,17.388301342725754,21.0
resnet,independent_rms,101,clean,HYP,7,23,11.498262494802475,7.0
resnet,independent_rms,101,clean,HYP,8,17,9.590778946876526,9.0
resnet,independent_rms,101,clean,HYP,9,17,10.815288245677948,13.0
resnet,independent_rms,101,clean,HYP,10,11,7.627626895904541,5.0
resnet,independent_rms,101,clean,HYP,11,22,16.92736303806305,14.0
resnet,independent_rms,101,clean,HYP,12,16,13.307349979877472,11.0
resnet,independent_rms,101,clean,HYP,13,18,16.130820214748383,17.0
resnet,independent_rms,101,clean,HYP,14,40,38.968106150627136,37.0
resnet,independent_rms,101,primary_joint,NORM,0,61734,1125.7688718855898,534.0
resnet,independent_rms,101,primary_joint,NORM,1,12815,1243.4764982014894,1313.0
resnet,independent_rms,101,primary_joint,NORM,2,8626,1424.233706921339,1388.0
resnet,independent_rms,101,primary_joint,NORM,3,7341,1707.5757917314768,1858.0
resnet,independent_rms,101,primary_joint,NORM,4,6412,1920.226182371378,2042.0
resnet,independent_rms,101,primary_joint,NORM,5,5987,2198.2687998116016,2315.0
resnet,independent_rms,101,primary_joint,NORM,6,6236,2704.1587033867836,2829.0
resnet,independent_rms,101,primary_joint,NORM,7,6166,3084.388949841261,3114.0
resnet,independent_rms,101,primary_joint,NORM,8,6413,3635.9418818950653,3591.0
resnet,independent_rms,101,primary_joint,NORM,9,6828,4328.292607605457,4172.0
resnet,independent_rms,101,primary_joint,NORM,10,7944,5564.506841182709,5298.0
resnet,independent_rms,101,primary_joint,NORM,11,9690,7440.575585663319,6880.0
resnet,independent_rms,101,primary_joint,NORM,12,12314,10284.294386088848,9492.0
resnet,independent_rms,101,primary_joint,NORM,13,19415,17539.64451390505,16056.0
resnet,independent_rms,101,primary_joint,NORM,14,37879,36746.35728567839,35418.0
resnet,independent_rms,101,primary_joint,MI,0,86078,1932.9545843457017,2617.0
resnet,independent_rms,101,primary_joint,MI,1,24480,2350.89104950428,2768.0
resnet,independent_rms,101,primary_joint,MI,2,15374,2531.1865881085396,2783.0
resnet,independent_rms,101,primary_joint,MI,3,11534,2676.207641020417,2589.0
resnet,independent_rms,101,primary_joint,MI,4,9207,2753.492699891329,2523.0
resnet,independent_rms,101,primary_joint,MI,5,8201,3003.535940617323,2517.0
resnet,independent_rms,101,primary_joint,MI,6,7011,3033.152320444584,2518.0
resnet,independent_rms,101,primary_joint,MI,7,6361,3177.5926953554153,2741.0
resnet,independent_rms,101,primary_joint,MI,8,6004,3398.970432460308,3056.0
resnet,independent_rms,101,primary_joint,MI,9,5819,3685.1523625850677,3349.0
resnet,independent_rms,101,primary_joint,MI,10,5873,4111.237356305122,3560.0
resnet,independent_rms,101,primary_joint,MI,11,6347,4870.728672802448,4245.0
resnet,independent_rms,101,primary_joint,MI,12,7163,5974.4860897660255,5133.0
resnet,independent_rms,101,primary_joint,MI,13,7107,6396.490738928318,5755.0
resnet,independent_rms,101,primary_joint,MI,14,9241,8932.530493497849,8846.0
resnet,independent_rms,101,primary_joint,STTC,0,100300,1830.717994833205,2360.0
resnet,independent_rms,101,primary_joint,STTC,1,20989,2019.9310380145907,2232.0
resnet,independent_rms,101,primary_joint,STTC,2,13029,2139.831608682871,2070.0
resnet,independent_rms,101,primary_joint,STTC,3,10335,2406.675847634673,2119.0
resnet,independent_rms,101,primary_joint,STTC,4,9565,2862.7245476841927,2674.0
resnet,independent_rms,101,primary_joint,STTC,5,7985,2921.6259601712227,2861.0
resnet,independent_rms,101,primary_joint,STTC,6,7228,3128.6344987750053,3403.0
resnet,independent_rms,101,primary_joint,STTC,7,7320,3657.23461201787,4080.0
resnet,independent_rms,101,primary_joint,STTC,8,6623,3750.402516067028,4069.0
resnet,independent_rms,101,primary_joint,STTC,9,6187,3919.663366794586,4229.0
resnet,independent_rms,101,primary_joint,STTC,10,6333,4432.892173886299,4616.0
resnet,independent_rms,101,primary_joint,STTC,11,5802,4442.737503409386,4575.0
resnet,independent_rms,101,primary_joint,STTC,12,5953,4966.6228340268135,5217.0
resnet,independent_rms,101,primary_joint,STTC,13,5402,4853.310732901096,5032.0
resnet,independent_rms,101,primary_joint,STTC,14,2749,2621.9496301412582,2563.0
resnet,independent_rms,101,primary_joint,CD,0,127081,2863.201859996145,6561.0
resnet,independent_rms,101,primary_joint,CD,1,25676,2431.132803685963,4082.0
resnet,independent_rms,101,primary_joint,CD,2,12232,2001.0200122147799,3278.0
resnet,independent_rms,101,primary_joint,CD,3,7638,1766.525017887354,2565.0
resnet,independent_rms,101,primary_joint,CD,4,5467,1630.0818461477757,2557.0
resnet,independent_rms,101,primary_joint,CD,5,3752,1369.108907699585,2070.0
resnet,independent_rms,101,primary_joint,CD,6,2865,1239.5314566493034,1676.0
resnet,independent_rms,101,primary_joint,CD,7,2785,1391.724328994751,1822.0
resnet,independent_rms,101,primary_joint,CD,8,2529,1431.8701362013817,1767.0
resnet,independent_rms,101,primary_joint,CD,9,2569,1630.0592424869537,1895.0
resnet,independent_rms,101,primary_joint,CD,10,2666,1865.1880677938461,2157.0
resnet,independent_rms,101,primary_joint,CD,11,2785,2138.533858180046,2434.0
resnet,independent_rms,101,primary_joint,CD,12,3884,3243.700547814369,3355.0
resnet,independent_rms,101,primary_joint,CD,13,5548,5001.286475419998,5169.0
resnet,independent_rms,101,primary_joint,CD,14,8323,8094.0352546572685,8212.0
resnet,independent_rms,101,primary_joint,HYP,0,145413,2544.259333359325,4487.0
resnet,independent_rms,101,primary_joint,HYP,1,23283,2217.962073981762,1708.0
resnet,independent_rms,101,primary_joint,HYP,2,11110,1828.4318815618753,1555.0
resnet,independent_rms,101,primary_joint,HYP,3,7014,1620.810173600912,1844.0
resnet,independent_rms,101,primary_joint,HYP,4,4980,1479.4628884792328,1748.0
resnet,independent_rms,101,primary_joint,HYP,5,3632,1328.5408516526222,1530.0
resnet,independent_rms,101,primary_joint,HYP,6,3400,1470.405349701643,1528.0
resnet,independent_rms,101,primary_joint,HYP,7,2864,1426.9506489634514,1380.0
resnet,independent_rms,101,primary_joint,HYP,8,2098,1186.4369214177132,1053.0
resnet,independent_rms,101,primary_joint,HYP,9,1747,1108.6879621744156,1071.0
resnet,independent_rms,101,primary_joint,HYP,10,1656,1157.1794466376305,992.0
resnet,independent_rms,101,primary_joint,HYP,11,1677,1288.712710261345,1041.0
resnet,independent_rms,101,primary_joint,HYP,12,1801,1501.0568507313728,1462.0
resnet,independent_rms,101,primary_joint,HYP,13,1852,1664.9723697304726,1720.0
resnet,independent_rms,101,primary_joint,HYP,14,3273,3181.9998694062233,3081.0
resnet,electrode,101,clean,NORM,0,654,10.594417500728696,5.0
resnet,electrode,101,clean,NORM,1,100,9.472822040319443,8.0
resnet,electrode,101,clean,NORM,2,69,11.526427939534187,9.0
resnet,electrode,101,clean,NORM,3,55,12.86080427467823,9.0
resnet,electrode,101,clean,NORM,4,54,16.218805253505707,23.0
resnet,electrode,101,clean,NORM,5,65,23.841978311538696,17.0
resnet,electrode,101,clean,NORM,6,42,18.0607288479805,16.0
resnet,electrode,101,clean,NORM,7,33,16.4533489048481,12.0
resnet,electrode,101,clean,NORM,8,52,29.489673793315887,23.0
resnet,electrode,101,clean,NORM,9,64,40.47993981838226,34.0
resnet,electrode,101,clean,NORM,10,73,50.837567150592804,44.0
resnet,electrode,101,clean,NORM,11,71,54.60819697380066,49.0
resnet,electrode,101,clean,NORM,12,103,86.03654658794403,75.0
resnet,electrode,101,clean,NORM,13,201,181.56285613775253,161.0
resnet,electrode,101,clean,NORM,14,522,508.2809473872185,478.0
resnet,electrode,101,clean,MI,0,1030,18.7469368991151,35.0
resnet,electrode,101,clean,MI,1,212,20.770451426506042,24.0
resnet,electrode,101,clean,MI,2,127,20.782879307866096,31.0
resnet,electrode,101,clean,MI,3,94,21.885174319148064,25.0
resnet,electrode,101,clean,MI,4,74,22.161202788352966,24.0
resnet,electrode,101,clean,MI,5,65,23.6507149040699,15.0
resnet,electrode,101,clean,MI,6,44,18.672753632068634,21.0
resnet,electrode,101,clean,MI,7,50,24.909123808145523,28.0
resnet,electrode,101,clean,MI,8,54,30.80093538761139,36.0
resnet,electrode,101,clean,MI,9,44,27.707240283489227,26.0
resnet,electrode,101,clean,MI,10,53,37.18585968017578,27.0
resnet,electrode,101,clean,MI,11,51,39.250830948352814,31.0
resnet,electrode,101,clean,MI,12,53,44.40628218650818,44.0
resnet,electrode,101,clean,MI,13,81,73.18112111091614,63.0
resnet,electrode,101,clean,MI,14,126,122.09464317560196,120.0
resnet,electrode,101,clean,STTC,0,1209,16.626093872560887,45.0
resnet,electrode,101,clean,STTC,1,166,15.616273947060108,21.0
resnet,electrode,101,clean,STTC,2,86,14.218567579984665,24.0
resnet,electrode,101,clean,STTC,3,84,19.287966191768646,16.0
resnet,electrode,101,clean,STTC,4,59,17.75796800851822,19.0
resnet,electrode,101,clean,STTC,5,52,18.706441074609756,20.0
resnet,electrode,101,clean,STTC,6,41,17.91303652524948,24.0
resnet,electrode,101,clean,STTC,7,51,25.574537724256516,32.0
resnet,electrode,101,clean,STTC,8,46,25.8270063996315,30.0
resnet,electrode,101,clean,STTC,9,47,29.698042273521423,27.0
resnet,electrode,101,clean,STTC,10,56,39.302169144153595,43.0
resnet,electrode,101,clean,STTC,11,57,43.93939566612244,42.0
resnet,electrode,101,clean,STTC,12,73,60.78463625907898,60.0
resnet,electrode,101,clean,STTC,13,72,64.75324082374573,64.0
resnet,electrode,101,clean,STTC,14,59,56.582144021987915,54.0
resnet,electrode,101,clean,CD,0,1268,26.943483334383927,58.0
resnet,electrode,101,clean,CD,1,252,24.282676547765732,40.0
resnet,electrode,101,clean,CD,2,105,17.21956904232502,26.0
resnet,electrode,101,clean,CD,3,59,13.765363708138466,20.0
resnet,electrode,101,clean,CD,4,62,18.484170079231262,23.0
resnet,electrode,101,clean,CD,5,36,13.08876147866249,15.0
resnet,electrode,101,clean,CD,6,29,12.588615596294403,18.0
resnet,electrode,101,clean,CD,7,36,17.956533938646317,29.0
resnet,electrode,101,clean,CD,8,31,17.420014917850494,21.0
resnet,electrode,101,clean,CD,9,33,20.918905794620514,17.0
resnet,electrode,101,clean,CD,10,30,21.141418635845184,25.0
resnet,electrode,101,clean,CD,11,25,19.118790924549103,20.0
resnet,electrode,101,clean,CD,12,32,26.718807220458984,30.0
resnet,electrode,101,clean,CD,13,51,46.04726177453995,46.0
resnet,electrode,101,clean,CD,14,109,106.20597386360168,108.0
resnet,electrode,101,clean,HYP,0,1460,21.074391030764673,40.0
resnet,electrode,101,clean,HYP,1,204,19.178562492132187,18.0
resnet,electrode,101,clean,HYP,2,113,18.295323327183723,13.0
resnet,electrode,101,clean,HYP,3,74,17.156330540776253,18.0
resnet,electrode,101,clean,HYP,4,41,12.292674571275711,11.0
resnet,electrode,101,clean,HYP,5,30,10.827075034379959,8.0
resnet,electrode,101,clean,HYP,6,21,9.124680250883102,11.0
resnet,electrode,101,clean,HYP,7,30,15.002972573041916,12.0
resnet,electrode,101,clean,HYP,8,28,15.784437537193298,17.0
resnet,electrode,101,clean,HYP,9,25,15.886026322841644,14.0
resnet,electrode,101,clean,HYP,10,19,13.393636405467987,11.0
resnet,electrode,101,clean,HYP,11,17,13.123135328292847,12.0
resnet,electrode,101,clean,HYP,12,19,15.777187049388885,11.0
resnet,electrode,101,clean,HYP,13,24,21.703406274318695,17.0
resnet,electrode,101,clean,HYP,14,53,51.62178313732147,49.0
resnet,electrode,101,primary_joint,NORM,0,55762,1127.4714654109016,374.0
resnet,electrode,101,primary_joint,NORM,1,12823,1229.6967248618603,648.0
resnet,electrode,101,primary_joint,NORM,2,8168,1353.5886071026325,840.0
resnet,electrode,101,primary_joint,NORM,3,6639,1545.332732066512,974.0
resnet,electrode,101,primary_joint,NORM,4,6282,1884.4915890395641,1646.0
resnet,electrode,101,primary_joint,NORM,5,6128,2246.171335697174,1973.0
resnet,electrode,101,primary_joint,NORM,6,5871,2540.75252866745,2013.0
resnet,electrode,101,primary_joint,NORM,7,5665,2832.0261229872704,2325.0
resnet,electrode,101,primary_joint,NORM,8,6197,3516.4957743287086,2895.0
resnet,electrode,101,primary_joint,NORM,9,7265,4605.17767894268,4003.0
resnet,electrode,101,primary_joint,NORM,10,8428,5906.42195224762,5220.0
resnet,electrode,101,primary_joint,NORM,11,9490,7283.803851306438,6696.0
resnet,electrode,101,primary_joint,NORM,12,12961,10833.898550450802,9748.0
resnet,electrode,101,primary_joint,NORM,13,21352,19285.81855624914,17539.0
resnet,electrode,101,primary_joint,NORM,14,42769,41466.370963811874,39406.0
resnet,electrode,101,primary_joint,MI,0,92362,1985.2003819158417,3127.0
resnet,electrode,101,primary_joint,MI,1,24561,2367.066700004041,2885.0
resnet,electrode,101,primary_joint,MI,2,15219,2506.1634152829647,3132.0
resnet,electrode,101,primary_joint,MI,3,11803,2738.4616476744413,2912.0
resnet,electrode,101,primary_joint,MI,4,9051,2702.436068058014,2712.0
resnet,electrode,101,primary_joint,MI,5,7384,2698.2683824300766,2605.0
resnet,electrode,101,primary_joint,MI,6,6407,2772.3220775723457,2604.0
resnet,electrode,101,primary_joint,MI,7,5796,2897.523508697748,2851.0
resnet,electrode,101,primary_joint,MI,8,5667,3211.1255711317062,3225.0
resnet,electrode,101,primary_joint,MI,9,5200,3292.0212639570236,2940.0
resnet,electrode,101,primary_joint,MI,10,5235,3667.182373702526,3322.0
resnet,electrode,101,primary_joint,MI,11,5308,4069.967134952545,3668.0
resnet,electrode,101,primary_joint,MI,12,5638,4705.316185057163,4473.0
resnet,electrode,101,primary_joint,MI,13,7347,6625.879013121128,6110.0
resnet,electrode,101,primary_joint,MI,14,8822,8523.345075190067,8434.0
resnet,electrode,101,primary_joint,STTC,0,111273,1829.198616290225,3772.0
resnet,electrode,101,primary_joint,STTC,1,20478,1965.326311416924,2811.0
resnet,electrode,101,primary_joint,STTC,2,12712,2103.247568204999,2394.0
resnet,electrode,101,primary_joint,STTC,3,10570,2458.433599099517,2745.0
resnet,electrode,101,primary_joint,STTC,4,8305,2481.7705312371254,3017.0
resnet,electrode,101,primary_joint,STTC,5,6585,2406.8719446361065,3144.0
resnet,electrode,101,primary_joint,STTC,6,5876,2542.8909525871277,3166.0
resnet,electrode,101,primary_joint,STTC,7,5634,2816.3081927597523,3710.0
resnet,electrode,101,primary_joint,STTC,8,5585,3162.414910376072,3875.0
resnet,electrode,101,primary_joint,STTC,9,5237,3315.045801103115,3587.0
resnet,electrode,101,primary_joint,STTC,10,4927,3448.220278918743,3800.0
resnet,electrode,101,primary_joint,STTC,11,5322,4086.7214826345444,4310.0
resnet,electrode,101,primary_joint,STTC,12,5372,4472.417574942112,4532.0
resnet,electrode,101,primary_joint,STTC,13,4852,4364.82084518671,4369.0
resnet,electrode,101,primary_joint,STTC,14,3072,2935.2276005148888,2868.0
resnet,electrode,101,primary_joint,CD,0,123126,2980.435151628102,6112.0
resnet,electrode,101,primary_joint,CD,1,28386,2687.0433618202806,4353.0
resnet,electrode,101,primary_joint,CD,2,12841,2094.0217711627483,3355.0
resnet,electrode,101,primary_joint,CD,3,7747,1792.156725525856,2836.0
resnet,electrode,101,primary_joint,CD,4,5680,1697.67957380414,2442.0
resnet,electrode,101,primary_joint,CD,5,4219,1539.2731774151325,2187.0
resnet,electrode,101,primary_joint,CD,6,3359,1451.3549018800259,2122.0
resnet,electrode,101,primary_joint,CD,7,3023,1507.7147171497345,1927.0
resnet,electrode,101,primary_joint,CD,8,2908,1648.1110283732414,1918.0
resnet,electrode,101,primary_joint,CD,9,2774,1754.583669424057,1967.0
resnet,electrode,101,primary_joint,CD,10,2685,1882.1567721962929,2221.0
resnet,electrode,101,primary_joint,CD,11,2870,2200.4200241565704,2586.0
resnet,electrode,101,primary_joint,CD,12,3513,2935.7143715023994,3225.0
resnet,electrode,101,primary_joint,CD,13,5031,4532.699107646942,4793.0
resnet,electrode,101,primary_joint,CD,14,7638,7419.2198504805565,7556.0
resnet,electrode,101,primary_joint,HYP,0,134605,2400.1731072889816,3358.0
resnet,electrode,101,primary_joint,HYP,1,24037,2303.192348666489,1933.0
resnet,electrode,101,primary_joint,HYP,2,13224,2160.324567243457,1132.0
resnet,electrode,101,primary_joint,HYP,3,8276,1916.7134919017553,1320.0
resnet,electrode,101,primary_joint,HYP,4,5707,1701.1163443624973,1317.0
resnet,electrode,101,primary_joint,HYP,5,4071,1487.4632380902767,1140.0
resnet,electrode,101,primary_joint,HYP,6,3218,1392.3725859820843,1149.0
resnet,electrode,101,primary_joint,HYP,7,3072,1537.5060260891914,1454.0
resnet,electrode,101,primary_joint,HYP,8,2955,1674.3670127987862,1581.0
resnet,electrode,101,primary_joint,HYP,9,2816,1781.2439218759537,1630.0
resnet,electrode,101,primary_joint,HYP,10,2574,1799.5576226115227,1476.0
resnet,electrode,101,primary_joint,HYP,11,1936,1483.2882488369942,1076.0
resnet,electrode,101,primary_joint,HYP,12,1859,1549.3010292053223,1121.0
resnet,electrode,101,primary_joint,HYP,13,2751,2487.407482266426,2092.0
resnet,electrode,101,primary_joint,HYP,14,4699,4567.56498593092,4421.0
resnet,mixed,101,clean,NORM,0,823,8.37648099201624,21.0
resnet,mixed,101,clean,NORM,1,85,8.217258788645267,22.0
resnet,mixed,101,clean,NORM,2,55,9.212933331727982,13.0
resnet,mixed,101,clean,NORM,3,38,8.641567543148994,13.0
resnet,mixed,101,clean,NORM,4,49,14.544783562421799,18.0
resnet,mixed,101,clean,NORM,5,28,10.244145959615707,14.0
resnet,mixed,101,clean,NORM,6,33,14.413797378540039,14.0
resnet,mixed,101,clean,NORM,7,51,25.75039714574814,22.0
resnet,mixed,101,clean,NORM,8,35,19.9382546544075,22.0
resnet,mixed,101,clean,NORM,9,43,27.167203307151794,24.0
resnet,mixed,101,clean,NORM,10,52,36.480979323387146,32.0
resnet,mixed,101,clean,NORM,11,60,45.91278564929962,38.0
resnet,mixed,101,clean,NORM,12,58,48.283647537231445,44.0
resnet,mixed,101,clean,NORM,13,121,109.67052549123764,102.0
resnet,mixed,101,clean,NORM,14,627,616.3400048017502,564.0
resnet,mixed,101,clean,MI,0,1084,12.937134509918451,36.0
resnet,mixed,101,clean,MI,1,148,14.117504119873047,19.0
resnet,mixed,101,clean,MI,2,75,12.167981579899788,14.0
resnet,mixed,101,clean,MI,3,53,12.176689341664314,6.0
resnet,mixed,101,clean,MI,4,58,17.46420693397522,20.0
resnet,mixed,101,clean,MI,5,43,16.013655602931976,14.0
resnet,mixed,101,clean,MI,6,40,17.04716193675995,14.0
resnet,mixed,101,clean,MI,7,52,25.978858590126038,21.0
resnet,mixed,101,clean,MI,8,37,21.23497647047043,19.0
resnet,mixed,101,clean,MI,9,42,26.561571061611176,18.0
resnet,mixed,101,clean,MI,10,38,26.63483154773712,14.0
resnet,mixed,101,clean,MI,11,45,34.444890558719635,19.0
resnet,mixed,101,clean,MI,12,59,49.29417860507965,32.0
resnet,mixed,101,clean,MI,13,88,79.51049137115479,59.0
resnet,mixed,101,clean,MI,14,296,290.11264073848724,245.0
resnet,mixed,101,clean,STTC,0,1350,13.706580944141649,52.0
resnet,mixed,101,clean,STTC,1,141,13.786835946142673,30.0
resnet,mixed,101,clean,STTC,2,71,11.692005842924118,26.0
resnet,mixed,101,clean,STTC,3,46,10.57800541818142,20.0
resnet,mixed,101,clean,STTC,4,57,17.20948588848114,29.0
resnet,mixed,101,clean,STTC,5,48,17.313282787799835,26.0
resnet,mixed,101,clean,STTC,6,40,17.168896794319153,21.0
resnet,mixed,101,clean,STTC,7,34,16.9467676281929,19.0
resnet,mixed,101,clean,STTC,8,27,15.33228987455368,17.0
resnet,mixed,101,clean,STTC,9,30,18.92950266599655,19.0
resnet,mixed,101,clean,STTC,10,40,28.08324497938156,27.0
resnet,mixed,101,clean,STTC,11,39,30.10123085975647,27.0
resnet,mixed,101,clean,STTC,12,51,42.65515339374542,45.0
resnet,mixed,101,clean,STTC,13,55,49.608325600624084,44.0
resnet,mixed,101,clean,STTC,14,129,125.3674948811531,119.0
resnet,mixed,101,clean,CD,0,1268,20.303995671991288,64.0
resnet,mixed,101,clean,CD,1,188,17.834455356001854,25.0
resnet,mixed,101,clean,CD,2,99,16.29888643324375,18.0
resnet,mixed,101,clean,CD,3,66,15.271062165498734,14.0
resnet,mixed,101,clean,CD,4,52,15.69345298409462,16.0
resnet,mixed,101,clean,CD,5,42,15.332365602254868,17.0
resnet,mixed,101,clean,CD,6,40,17.351215839385986,23.0
resnet,mixed,101,clean,CD,7,34,17.04448926448822,15.0
resnet,mixed,101,clean,CD,8,27,15.29362839460373,15.0
resnet,mixed,101,clean,CD,9,26,16.560635685920715,13.0
resnet,mixed,101,clean,CD,10,25,17.486928582191467,15.0
resnet,mixed,101,clean,CD,11,37,28.344455897808075,25.0
resnet,mixed,101,clean,CD,12,23,19.135360956192017,19.0
resnet,mixed,101,clean,CD,13,44,39.642841815948486,37.0
resnet,mixed,101,clean,CD,14,187,184.25158286094666,180.0
resnet,mixed,101,clean,HYP,0,1622,15.360133594845138,52.0
resnet,mixed,101,clean,HYP,1,138,13.062260247766972,26.0
resnet,mixed,101,clean,HYP,2,66,11.234582528471947,11.0
resnet,mixed,101,clean,HYP,3,53,12.261197611689568,16.0
resnet,mixed,101,clean,HYP,4,43,12.78320923447609,12.0
resnet,mixed,101,clean,HYP,5,27,9.9239781498909,14.0
resnet,mixed,101,clean,HYP,6,30,12.849057972431183,9.0
resnet,mixed,101,clean,HYP,7,17,8.51743894815445,7.0
resnet,mixed,101,clean,HYP,8,21,11.878350794315338,12.0
resnet,mixed,101,clean,HYP,9,19,12.048388600349426,9.0
resnet,mixed,101,clean,HYP,10,15,10.42876797914505,7.0
resnet,mixed,101,clean,HYP,11,9,6.792030394077301,7.0
resnet,mixed,101,clean,HYP,12,17,14.250169098377228,10.0
resnet,mixed,101,clean,HYP,13,16,14.355937004089355,11.0
resnet,mixed,101,clean,HYP,14,65,63.2576202750206,59.0
resnet,mixed,101,primary_joint,NORM,0,78474,957.7935480560069,2024.0
resnet,mixed,101,primary_joint,NORM,1,10462,1012.1986158713698,2112.0
resnet,mixed,101,primary_joint,NORM,2,7032,1158.8923242241144,2161.0
resnet,mixed,101,primary_joint,NORM,3,5712,1328.9217410385609,2138.0
resnet,mixed,101,primary_joint,NORM,4,5138,1539.10023021698,2225.0
resnet,mixed,101,primary_joint,NORM,5,4721,1733.561375796795,2308.0
resnet,mixed,101,primary_joint,NORM,6,4625,2006.3287526667118,2334.0
resnet,mixed,101,primary_joint,NORM,7,4776,2385.863092303276,2689.0
resnet,mixed,101,primary_joint,NORM,8,4984,2827.499514102936,3018.0
resnet,mixed,101,primary_joint,NORM,9,5345,3388.013098657131,3386.0
resnet,mixed,101,primary_joint,NORM,10,5925,4150.200971364975,4007.0
resnet,mixed,101,primary_joint,NORM,11,6816,5230.480347454548,4937.0
resnet,mixed,101,primary_joint,NORM,12,8796,7349.711190700531,6799.0
resnet,mixed,101,primary_joint,NORM,13,13635,12312.000662147999,11264.0
resnet,mixed,101,primary_joint,NORM,14,49359,48328.428445637226,44898.0
resnet,mixed,101,primary_joint,MI,0,106027,1536.0060746996314,4261.0
resnet,mixed,101,primary_joint,MI,1,17136,1643.4384416118264,2537.0
resnet,mixed,101,primary_joint,MI,2,9966,1639.2378778606653,1926.0
resnet,mixed,101,primary_joint,MI,3,7135,1655.9853762686253,1803.0
resnet,mixed,101,primary_joint,MI,4,6114,1828.7710790634155,1812.0
resnet,mixed,101,primary_joint,MI,5,5068,1853.011842995882,1768.0
resnet,mixed,101,primary_joint,MI,6,4751,2056.334458529949,1774.0
resnet,mixed,101,primary_joint,MI,7,4438,2217.5685808956623,1800.0
resnet,mixed,101,primary_joint,MI,8,4361,2471.6426936388016,1929.0
resnet,mixed,101,primary_joint,MI,9,4345,2752.841209948063,2033.0
resnet,mixed,101,primary_joint,MI,10,4491,3143.6889681220055,2219.0
resnet,mixed,101,primary_joint,MI,11,5051,3877.56189930439,2675.0
resnet,mixed,101,primary_joint,MI,12,5939,4955.228446900845,3486.0
resnet,mixed,101,primary_joint,MI,13,8368,7554.191114127636,5789.0
resnet,mixed,101,primary_joint,MI,14,22610,22097.975375831127,19188.0
resnet,mixed,101,primary_joint,STTC,0,126431,1702.0177187207812,4996.0
resnet,mixed,101,primary_joint,STTC,1,17689,1702.1771479770541,3260.0
resnet,mixed,101,primary_joint,STTC,2,10067,1654.1788594126701,2838.0
resnet,mixed,101,primary_joint,STTC,3,7099,1644.4620410203934,2678.0
resnet,mixed,101,primary_joint,STTC,4,5681,1699.7564369142056,2560.0
resnet,mixed,101,primary_joint,STTC,5,4881,1786.1414338946342,2449.0
resnet,mixed,101,primary_joint,STTC,6,4339,1878.8267906308174,2342.0
resnet,mixed,101,primary_joint,STTC,7,3964,1981.7293726801872,2391.0
resnet,mixed,101,primary_joint,STTC,8,3849,2182.860438346863,2466.0
resnet,mixed,101,primary_joint,STTC,9,3772,2389.7911848425865,2552.0
resnet,mixed,101,primary_joint,STTC,10,3768,2637.546822965145,2644.0
resnet,mixed,101,primary_joint,STTC,11,4166,3197.54905551672,3127.0
resnet,mixed,101,primary_joint,STTC,12,4919,4103.2111485004425,4031.0
resnet,mixed,101,primary_joint,STTC,13,5837,5260.270458579063,5078.0
resnet,mixed,101,primary_joint,STTC,14,9338,9058.16989582777,8688.0
resnet,mixed,101,primary_joint,CD,0,113763,2320.006772618639,5714.0
resnet,mixed,101,primary_joint,CD,1,23857,2278.7106055915356,2904.0
resnet,mixed,101,primary_joint,CD,2,12717,2086.3809417784214,2157.0
resnet,mixed,101,primary_joint,CD,3,8415,1947.9629636257887,1842.0
resnet,mixed,101,primary_joint,CD,4,6493,1937.2104601860046,1837.0
resnet,mixed,101,primary_joint,CD,5,5015,1835.5078705251217,1674.0
resnet,mixed,101,primary_joint,CD,6,4317,1866.9226562976837,1725.0
resnet,mixed,101,primary_joint,CD,7,3726,1860.9279258847237,1635.0
resnet,mixed,101,primary_joint,CD,8,3350,1896.1103508472443,1676.0
resnet,mixed,101,primary_joint,CD,9,3167,2005.8692291975021,1727.0
resnet,mixed,101,primary_joint,CD,10,3188,2232.3191635012627,1930.0
resnet,mixed,101,primary_joint,CD,11,3058,2344.523645222187,2095.0
resnet,mixed,101,primary_joint,CD,12,3310,2758.5161704421043,2566.0
resnet,mixed,101,primary_joint,CD,13,4285,3865.1273307800293,3629.0
resnet,mixed,101,primary_joint,CD,14,17139,16855.397702038288,16489.0
resnet,mixed,101,primary_joint,HYP,0,157318,1942.2658777703234,4959.0
resnet,mixed,101,primary_joint,HYP,1,15904,1522.85133074224,2197.0
resnet,mixed,101,primary_joint,HYP,2,8383,1375.0054349303246,1721.0
resnet,mixed,101,primary_joint,HYP,3,5771,1338.2241919189692,1463.0
resnet,mixed,101,primary_joint,HYP,4,4575,1367.7601009607315,1422.0
resnet,mixed,101,primary_joint,HYP,5,3620,1323.9151756465435,1331.0
resnet,mixed,101,primary_joint,HYP,6,2972,1283.9606657326221,1188.0
resnet,mixed,101,primary_joint,HYP,7,2364,1180.1400677263737,1093.0
resnet,mixed,101,primary_joint,HYP,8,1946,1100.8771581053734,974.0
resnet,mixed,101,primary_joint,HYP,9,1705,1078.5120263695717,913.0
resnet,mixed,101,primary_joint,HYP,10,1375,960.9116827845573,857.0
resnet,mixed,101,primary_joint,HYP,11,1344,1031.0647615790367,868.0
resnet,mixed,101,primary_joint,HYP,12,1528,1274.29181432724,1047.0
resnet,mixed,101,primary_joint,HYP,13,2122,1914.7394738197327,1719.0
resnet,mixed,101,primary_joint,HYP,14,4873,4749.4706119298935,4448.0
resnet,clean_only,202,clean,NORM,0,655,10.657794278574784,3.0
resnet,clean_only,202,clean,NORM,1,92,8.910932920873165,10.0
resnet,clean_only,202,clean,NORM,2,79,12.751533031463623,8.0
resnet,clean_only,202,clean,NORM,3,50,11.689613819122314,8.0
resnet,clean_only,202,clean,NORM,4,39,11.713036835193634,10.0
resnet,clean_only,202,clean,NORM,5,45,16.545778214931488,17.0
resnet,clean_only,202,clean,NORM,6,48,20.71038246154785,21.0
resnet,clean_only,202,clean,NORM,7,40,20.05838829278946,17.0
resnet,clean_only,202,clean,NORM,8,46,26.273237884044647,19.0
resnet,clean_only,202,clean,NORM,9,40,25.181214451789856,22.0
resnet,clean_only,202,clean,NORM,10,52,36.484948575496674,23.0
resnet,clean_only,202,clean,NORM,11,71,54.65609669685364,43.0
resnet,clean_only,202,clean,NORM,12,110,92.08577400445938,82.0
resnet,clean_only,202,clean,NORM,13,165,149.2162263393402,122.0
resnet,clean_only,202,clean,NORM,14,626,612.5220979452133,558.0
resnet,clean_only,202,clean,MI,0,1237,19.37270286191051,83.0
resnet,clean_only,202,clean,MI,1,193,18.67109216749668,38.0
resnet,clean_only,202,clean,MI,2,121,19.89228457212448,31.0
resnet,clean_only,202,clean,MI,3,75,17.29010099172592,34.0
resnet,clean_only,202,clean,MI,4,67,20.137804478406906,32.0
resnet,clean_only,202,clean,MI,5,58,21.299759715795517,33.0
resnet,clean_only,202,clean,MI,6,52,22.66028082370758,28.0
resnet,clean_only,202,clean,MI,7,51,25.543319553136826,32.0
resnet,clean_only,202,clean,MI,8,40,22.729221642017365,26.0
resnet,clean_only,202,clean,MI,9,33,20.771824419498444,17.0
resnet,clean_only,202,clean,MI,10,41,28.987599194049835,23.0
resnet,clean_only,202,clean,MI,11,40,30.66486769914627,33.0
resnet,clean_only,202,clean,MI,12,41,34.09825098514557,36.0
resnet,clean_only,202,clean,MI,13,47,42.389098048210144,44.0
resnet,clean_only,202,clean,MI,14,62,60.14844524860382,60.0
resnet,clean_only,202,clean,STTC,0,1154,15.943138264814479,28.0
resnet,clean_only,202,clean,STTC,1,187,17.766948476433754,26.0
resnet,clean_only,202,clean,STTC,2,118,19.66428478062153,27.0
resnet,clean_only,202,clean,STTC,3,69,16.08066399395466,12.0
resnet,clean_only,202,clean,STTC,4,77,23.36194810271263,24.0
resnet,clean_only,202,clean,STTC,5,56,20.43954473733902,27.0
resnet,clean_only,202,clean,STTC,6,56,24.412378311157227,31.0
resnet,clean_only,202,clean,STTC,7,55,27.48181188106537,37.0
resnet,clean_only,202,clean,STTC,8,46,26.170071363449097,24.0
resnet,clean_only,202,clean,STTC,9,61,38.61939340829849,43.0
resnet,clean_only,202,clean,STTC,10,50,35.09374529123306,39.0
resnet,clean_only,202,clean,STTC,11,60,46.063596069812775,52.0
resnet,clean_only,202,clean,STTC,12,83,69.40107077360153,68.0
resnet,clean_only,202,clean,STTC,13,54,48.49490159749985,54.0
resnet,clean_only,202,clean,STTC,14,32,30.461370527744293,29.0
resnet,clean_only,202,clean,CD,0,1115,27.361579455668107,47.0
resnet,clean_only,202,clean,CD,1,308,29.01338766515255,38.0
resnet,clean_only,202,clean,CD,2,131,21.403807029128075,24.0
resnet,clean_only,202,clean,CD,3,82,18.84320977330208,22.0
resnet,clean_only,202,clean,CD,4,62,18.573091238737106,24.0
resnet,clean_only,202,clean,CD,5,53,19.251697778701782,26.0
resnet,clean_only,202,clean,CD,6,41,17.80240559577942,18.0
resnet,clean_only,202,clean,CD,7,29,14.436851531267166,17.0
resnet,clean_only,202,clean,CD,8,26,14.721182882785797,16.0
resnet,clean_only,202,clean,CD,9,26,16.43274062871933,15.0
resnet,clean_only,202,clean,CD,10,32,22.598006904125214,24.0
resnet,clean_only,202,clean,CD,11,36,27.58309543132782,23.0
resnet,clean_only,202,clean,CD,12,27,22.45999413728714,21.0
resnet,clean_only,202,clean,CD,13,50,45.25054395198822,44.0
resnet,clean_only,202,clean,CD,14,140,136.65145879983902,137.0
resnet,clean_only,202,clean,HYP,0,1535,23.111143946807715,45.0
resnet,clean_only,202,clean,HYP,1,187,17.54419381171465,18.0
resnet,clean_only,202,clean,HYP,2,114,18.277021542191505,26.0
resnet,clean_only,202,clean,HYP,3,84,19.193615287542343,26.0
resnet,clean_only,202,clean,HYP,4,39,11.804207056760788,14.0
resnet,clean_only,202,clean,HYP,5,29,10.871389538049698,14.0
resnet,clean_only,202,clean,HYP,6,25,10.78138878941536,12.0
resnet,clean_only,202,clean,HYP,7,30,15.099912971258163,16.0
resnet,clean_only,202,clean,HYP,8,20,11.311020970344543,14.0
resnet,clean_only,202,clean,HYP,9,16,10.083946526050568,11.0
resnet,clean_only,202,clean,HYP,10,12,8.437705516815186,11.0
resnet,clean_only,202,clean,HYP,11,20,15.300939083099365,15.0
resnet,clean_only,202,clean,HYP,12,11,9.1026771068573,9.0
resnet,clean_only,202,clean,HYP,13,16,14.289700508117676,12.0
resnet,clean_only,202,clean,HYP,14,20,19.531794369220734,19.0
resnet,clean_only,202,primary_joint,NORM,0,64057,1373.2760587141747,917.0
resnet,clean_only,202,primary_joint,NORM,1,18656,1820.1223283335567,3065.0
resnet,clean_only,202,primary_joint,NORM,2,11913,1961.6340768635273,3436.0
resnet,clean_only,202,primary_joint,NORM,3,9133,2125.4928096681833,3914.0
resnet,clean_only,202,primary_joint,NORM,4,8292,2486.081352055073,4267.0
resnet,clean_only,202,primary_joint,NORM,5,7858,2880.5530239641666,4509.0
resnet,clean_only,202,primary_joint,NORM,6,7256,3147.150273948908,4597.0
resnet,clean_only,202,primary_joint,NORM,7,6971,3485.2809786498547,4511.0
resnet,clean_only,202,primary_joint,NORM,8,7198,4080.471372961998,4938.0
resnet,clean_only,202,primary_joint,NORM,9,7342,4651.498996853828,5311.0
resnet,clean_only,202,primary_joint,NORM,10,8108,5680.885135948658,6197.0
resnet,clean_only,202,primary_joint,NORM,11,8924,6842.062674462795,7025.0
resnet,clean_only,202,primary_joint,NORM,12,9848,8215.36927729845,7966.0
resnet,clean_only,202,primary_joint,NORM,13,12551,11318.449091374874,10284.0
resnet,clean_only,202,primary_joint,NORM,14,27693,26942.929653704166,25363.0
resnet,clean_only,202,primary_joint,MI,0,86886,2122.932000132205,5030.0
resnet,clean_only,202,primary_joint,MI,1,34426,3339.8518489152193,4666.0
resnet,clean_only,202,primary_joint,MI,2,20169,3310.475013554096,4298.0
resnet,clean_only,202,primary_joint,MI,3,13860,3215.0299831926823,4309.0
resnet,clean_only,202,primary_joint,MI,4,10244,3058.187812715769,3852.0
resnet,clean_only,202,primary_joint,MI,5,8317,3042.0387231707573,3760.0
resnet,clean_only,202,primary_joint,MI,6,7110,3074.337725996971,3610.0
resnet,clean_only,202,primary_joint,MI,7,5826,2905.452179402113,3272.0
resnet,clean_only,202,primary_joint,MI,8,5290,2992.630961418152,3120.0
resnet,clean_only,202,primary_joint,MI,9,4490,2839.194893181324,2735.0
resnet,clean_only,202,primary_joint,MI,10,4087,2856.733588516712,2815.0
resnet,clean_only,202,primary_joint,MI,11,3776,2894.101426780224,3050.0
resnet,clean_only,202,primary_joint,MI,12,3784,3152.621631860733,3299.0
resnet,clean_only,202,primary_joint,MI,13,3715,3344.3040211200714,3484.0
resnet,clean_only,202,primary_joint,MI,14,3820,3692.0641179680824,3700.0
resnet,clean_only,202,primary_joint,STTC,0,69502,1492.551073061375,1097.0
resnet,clean_only,202,primary_joint,STTC,1,26013,2541.1482476443052,1714.0
resnet,clean_only,202,primary_joint,STTC,2,18373,3039.9686965942383,1743.0
resnet,clean_only,202,primary_joint,STTC,3,14397,3342.942694053054,1805.0
resnet,clean_only,202,primary_joint,STTC,4,12488,3742.83069935441,2402.0
resnet,clean_only,202,primary_joint,STTC,5,11259,4116.392822980881,2996.0
resnet,clean_only,202,primary_joint,STTC,6,10181,4407.516056120396,3722.0
resnet,clean_only,202,primary_joint,STTC,7,9397,4693.6567868590355,4331.0
resnet,clean_only,202,primary_joint,STTC,8,9073,5143.236465454102,4844.0
resnet,clean_only,202,primary_joint,STTC,9,8924,5649.510792553425,5692.0
resnet,clean_only,202,primary_joint,STTC,10,8050,5626.846046626568,6011.0
resnet,clean_only,202,primary_joint,STTC,11,6996,5357.630546569824,5593.0
resnet,clean_only,202,primary_joint,STTC,12,6390,5322.3326706290245,5625.0
resnet,clean_only,202,primary_joint,STTC,13,3522,3154.3051530718803,3317.0
resnet,clean_only,202,primary_joint,STTC,14,1235,1171.7414908409119,1208.0
resnet,clean_only,202,primary_joint,CD,0,57221,1806.84675165097,1848.0
resnet,clean_only,202,primary_joint,CD,1,41220,4035.688578553498,2723.0
resnet,clean_only,202,primary_joint,CD,2,27060,4445.013457477093,2669.0
resnet,clean_only,202,primary_joint,CD,3,18504,4282.191990420222,2885.0
resnet,clean_only,202,primary_joint,CD,4,13013,3880.324881732464,2794.0
resnet,clean_only,202,primary_joint,CD,5,9256,3376.926400065422,2710.0
resnet,clean_only,202,primary_joint,CD,6,6834,2949.637307167053,2493.0
resnet,clean_only,202,primary_joint,CD,7,5362,2670.4811776578426,2299.0
resnet,clean_only,202,primary_joint,CD,8,4285,2424.0035068392754,2126.0
resnet,clean_only,202,primary_joint,CD,9,3867,2448.338403224945,2183.0
resnet,clean_only,202,primary_joint,CD,10,3856,2700.5084260106087,2453.0
resnet,clean_only,202,primary_joint,CD,11,3904,2996.560249507427,2797.0
resnet,clean_only,202,primary_joint,CD,12,4326,3607.6254814863205,3453.0
resnet,clean_only,202,primary_joint,CD,13,5573,5031.0613297224045,4973.0
resnet,clean_only,202,primary_joint,CD,14,11519,11199.093595921993,11194.0
resnet,clean_only,202,primary_joint,HYP,0,132057,3147.5915169695218,3327.0
resnet,clean_only,202,primary_joint,HYP,1,31280,2974.925042435527,2226.0
resnet,clean_only,202,primary_joint,HYP,2,16039,2620.5989152938128,2558.0
resnet,clean_only,202,primary_joint,HYP,3,9702,2237.376850128174,2562.0
resnet,clean_only,202,primary_joint,HYP,4,5905,1756.2031899094582,2130.0
resnet,clean_only,202,primary_joint,HYP,5,4289,1568.6155215501785,1977.0
resnet,clean_only,202,primary_joint,HYP,6,3345,1445.3806365132332,1748.0
resnet,clean_only,202,primary_joint,HYP,7,2855,1426.9523703455925,1556.0
resnet,clean_only,202,primary_joint,HYP,8,2334,1319.8890381455421,1541.0
resnet,clean_only,202,primary_joint,HYP,9,1682,1062.251038134098,1254.0
resnet,clean_only,202,primary_joint,HYP,10,1429,998.5752105116844,1214.0
resnet,clean_only,202,primary_joint,HYP,11,1443,1104.817879140377,1173.0
resnet,clean_only,202,primary_joint,HYP,12,1113,927.8622303009033,882.0
resnet,clean_only,202,primary_joint,HYP,13,962,862.1402922868729,805.0
resnet,clean_only,202,primary_joint,HYP,14,1365,1332.5896432995796,1247.0
resnet,independent_rms,202,clean,NORM,0,724,11.050183179149371,5.0
resnet,independent_rms,202,clean,NORM,1,103,9.672083392739296,14.0
resnet,independent_rms,202,clean,NORM,2,61,10.07617473602295,12.0
resnet,independent_rms,202,clean,NORM,3,52,12.088913023471832,19.0
resnet,independent_rms,202,clean,NORM,4,51,15.211564660072327,15.0
resnet,independent_rms,202,clean,NORM,5,58,21.11091509461403,24.0
resnet,independent_rms,202,clean,NORM,6,48,20.655184000730515,25.0
resnet,independent_rms,202,clean,NORM,7,36,17.949284553527832,17.0
resnet,independent_rms,202,clean,NORM,8,47,26.606907665729523,27.0
resnet,independent_rms,202,clean,NORM,9,45,28.3843851685524,32.0
resnet,independent_rms,202,clean,NORM,10,70,49.03094232082367,42.0
resnet,independent_rms,202,clean,NORM,11,73,56.05402338504791,49.0
resnet,independent_rms,202,clean,NORM,12,95,79.44213199615479,68.0
resnet,independent_rms,202,clean,NORM,13,143,128.69891101121902,111.0
resnet,independent_rms,202,clean,NORM,14,552,539.8516500592232,503.0
resnet,independent_rms,202,clean,MI,0,1129,18.478311332975863,58.0
resnet,independent_rms,202,clean,MI,1,227,21.883571036159992,43.0
resnet,independent_rms,202,clean,MI,2,136,22.19192835688591,31.0
resnet,independent_rms,202,clean,MI,3,101,23.278858453035355,32.0
resnet,independent_rms,202,clean,MI,4,76,22.61342617869377,27.0
resnet,independent_rms,202,clean,MI,5,64,23.518995821475983,35.0
resnet,independent_rms,202,clean,MI,6,48,20.921576231718063,27.0
resnet,independent_rms,202,clean,MI,7,44,22.092341005802155,23.0
resnet,independent_rms,202,clean,MI,8,44,24.861853182315826,35.0
resnet,independent_rms,202,clean,MI,9,33,20.955858767032623,20.0
resnet,independent_rms,202,clean,MI,10,44,30.930953443050385,30.0
resnet,independent_rms,202,clean,MI,11,42,32.253011643886566,32.0
resnet,independent_rms,202,clean,MI,12,54,44.91366755962372,44.0
resnet,independent_rms,202,clean,MI,13,56,50.380882918834686,54.0
resnet,independent_rms,202,clean,MI,14,60,58.17762404680252,59.0
resnet,independent_rms,202,clean,STTC,0,999,15.728853904860443,20.0
resnet,independent_rms,202,clean,STTC,1,209,20.040186151862144,19.0
resnet,independent_rms,202,clean,STTC,2,136,22.522153943777084,23.0
resnet,independent_rms,202,clean,STTC,3,91,21.097610875964165,11.0
resnet,independent_rms,202,clean,STTC,4,84,25.223264396190643,21.0
resnet,independent_rms,202,clean,STTC,5,66,24.030576556921005,19.0
resnet,independent_rms,202,clean,STTC,6,53,22.78635311126709,22.0
resnet,independent_rms,202,clean,STTC,7,52,25.91794455051422,24.0
resnet,independent_rms,202,clean,STTC,8,67,37.7846302986145,40.0
resnet,independent_rms,202,clean,STTC,9,44,27.601518154144287,27.0
resnet,independent_rms,202,clean,STTC,10,70,49.07774531841278,49.0
resnet,independent_rms,202,clean,STTC,11,66,50.78789281845093,49.0
resnet,independent_rms,202,clean,STTC,12,70,58.42997628450394,63.0
resnet,independent_rms,202,clean,STTC,13,92,82.67345660924911,79.0
resnet,independent_rms,202,clean,STTC,14,59,56.566034853458405,55.0
resnet,independent_rms,202,clean,CD,0,1192,27.608742830809206,53.0
resnet,independent_rms,202,clean,CD,1,261,24.244569063186646,31.0
resnet,independent_rms,202,clean,CD,2,129,20.917033091187477,29.0
resnet,independent_rms,202,clean,CD,3,84,19.380479842424393,30.0
resnet,independent_rms,202,clean,CD,4,56,16.694529086351395,26.0
resnet,independent_rms,202,clean,CD,5,41,15.003950417041779,12.0
resnet,independent_rms,202,clean,CD,6,29,12.539230674505234,20.0
resnet,independent_rms,202,clean,CD,7,27,13.58059298992157,14.0
resnet,independent_rms,202,clean,CD,8,28,15.849330127239227,16.0
resnet,independent_rms,202,clean,CD,9,25,15.731727540493011,11.0
resnet,independent_rms,202,clean,CD,10,34,23.75729113817215,26.0
resnet,independent_rms,202,clean,CD,11,34,26.05622673034668,24.0
resnet,independent_rms,202,clean,CD,12,30,24.948940217494965,23.0
resnet,independent_rms,202,clean,CD,13,41,36.998234272003174,35.0
resnet,independent_rms,202,clean,CD,14,147,143.8311070203781,146.0
resnet,independent_rms,202,clean,HYP,0,1499,25.097038006206276,43.0
resnet,independent_rms,202,clean,HYP,1,214,20.172278508543968,23.0
resnet,independent_rms,202,clean,HYP,2,117,19.268157869577408,20.0
resnet,independent_rms,202,clean,HYP,3,72,16.71118399500847,21.0
resnet,independent_rms,202,clean,HYP,4,56,16.704729944467545,19.0
resnet,independent_rms,202,clean,HYP,5,31,11.305060237646103,13.0
resnet,independent_rms,202,clean,HYP,6,29,12.775083750486374,14.0
resnet,independent_rms,202,clean,HYP,7,29,14.56596091389656,17.0
resnet,independent_rms,202,clean,HYP,8,18,10.210453271865845,13.0
resnet,independent_rms,202,clean,HYP,9,17,10.76834636926651,14.0
resnet,independent_rms,202,clean,HYP,10,5,3.55868798494339,4.0
resnet,independent_rms,202,clean,HYP,11,16,12.197556972503662,14.0
resnet,independent_rms,202,clean,HYP,12,17,14.198347508907318,14.0
resnet,independent_rms,202,clean,HYP,13,18,16.133615970611572,14.0
resnet,independent_rms,202,clean,HYP,14,20,19.545962750911713,19.0
resnet,independent_rms,202,primary_joint,NORM,0,65890,1251.299778294238,616.0
resnet,independent_rms,202,primary_joint,NORM,1,15173,1465.8604658916593,1420.0
resnet,independent_rms,202,primary_joint,NORM,2,9296,1532.1090424656868,2285.0
resnet,independent_rms,202,primary_joint,NORM,3,7618,1773.0485353320837,2786.0
resnet,independent_rms,202,primary_joint,NORM,4,6803,2040.3587803542614,2952.0
resnet,independent_rms,202,primary_joint,NORM,5,6359,2330.2618818879128,3129.0
resnet,independent_rms,202,primary_joint,NORM,6,5910,2559.2006507217884,3281.0
resnet,independent_rms,202,primary_joint,NORM,7,5749,2871.4768420755863,3451.0
resnet,independent_rms,202,primary_joint,NORM,8,6023,3416.360404908657,3842.0
resnet,independent_rms,202,primary_joint,NORM,9,6827,4328.025741159916,4599.0
resnet,independent_rms,202,primary_joint,NORM,10,7787,5454.363291800022,5538.0
resnet,independent_rms,202,primary_joint,NORM,11,9020,6923.090562582016,6683.0
resnet,independent_rms,202,primary_joint,NORM,12,10826,9037.951437294483,8420.0
resnet,independent_rms,202,primary_joint,NORM,13,15518,14013.583799481392,13039.0
resnet,independent_rms,202,primary_joint,NORM,14,37001,35986.49163156748,34259.0
resnet,independent_rms,202,primary_joint,MI,0,97815,2188.6351735220524,4670.0
resnet,independent_rms,202,primary_joint,MI,1,29009,2796.372154183686,4403.0
resnet,independent_rms,202,primary_joint,MI,2,17791,2933.12638117373,4157.0
resnet,independent_rms,202,primary_joint,MI,3,12429,2878.715231090784,3815.0
resnet,independent_rms,202,primary_joint,MI,4,9674,2881.0237708985806,3803.0
resnet,independent_rms,202,primary_joint,MI,5,7337,2683.560464680195,3540.0
resnet,independent_rms,202,primary_joint,MI,6,6206,2682.963008403778,3246.0
resnet,independent_rms,202,primary_joint,MI,7,5343,2666.8235554099083,3037.0
resnet,independent_rms,202,primary_joint,MI,8,4569,2585.122824013233,2869.0
resnet,independent_rms,202,primary_joint,MI,9,4297,2718.273346722126,2933.0
resnet,independent_rms,202,primary_joint,MI,10,4252,2975.260642051697,3041.0
resnet,independent_rms,202,primary_joint,MI,11,3931,3013.1407962441444,3150.0
resnet,independent_rms,202,primary_joint,MI,12,4382,3653.401931166649,3811.0
resnet,independent_rms,202,primary_joint,MI,13,4524,4070.449487566948,4357.0
resnet,independent_rms,202,primary_joint,MI,14,4241,4095.454380631447,4168.0
resnet,independent_rms,202,primary_joint,STTC,0,87130,1781.642906376932,1384.0
resnet,independent_rms,202,primary_joint,STTC,1,24061,2326.2967335283756,1961.0
resnet,independent_rms,202,primary_joint,STTC,2,16215,2669.458725184202,2072.0
resnet,independent_rms,202,primary_joint,STTC,3,12226,2840.4453247487545,1974.0
resnet,independent_rms,202,primary_joint,STTC,4,10347,3093.8300438523293,2421.0
resnet,independent_rms,202,primary_joint,STTC,5,8815,3224.7670424580574,2786.0
resnet,independent_rms,202,primary_joint,STTC,6,7591,3287.753660440445,3046.0
resnet,independent_rms,202,primary_joint,STTC,7,7357,3679.3704400658607,3615.0
resnet,independent_rms,202,primary_joint,STTC,8,6900,3906.641693174839,4122.0
resnet,independent_rms,202,primary_joint,STTC,9,6353,4020.422123193741,4363.0
resnet,independent_rms,202,primary_joint,STTC,10,6677,4677.4044026732445,4899.0
resnet,independent_rms,202,primary_joint,STTC,11,6678,5120.335970938206,5595.0
resnet,independent_rms,202,primary_joint,STTC,12,6728,5614.0274050831795,5929.0
resnet,independent_rms,202,primary_joint,STTC,13,5815,5216.100150108337,5170.0
resnet,independent_rms,202,primary_joint,STTC,14,2907,2778.285590350628,2763.0
resnet,independent_rms,202,primary_joint,CD,0,90328,2672.945638191013,3332.0
resnet,independent_rms,202,primary_joint,CD,1,37358,3564.0340032204986,3353.0
resnet,independent_rms,202,primary_joint,CD,2,18962,3101.005403712392,3043.0
resnet,independent_rms,202,primary_joint,CD,3,11731,2710.4788085371256,2996.0
resnet,independent_rms,202,primary_joint,CD,4,8006,2384.8543641269207,2454.0
resnet,independent_rms,202,primary_joint,CD,5,5796,2115.418285369873,1933.0
resnet,independent_rms,202,primary_joint,CD,6,4697,2029.0525638759136,1997.0
resnet,independent_rms,202,primary_joint,CD,7,3753,1875.6652315855026,1929.0
resnet,independent_rms,202,primary_joint,CD,8,3443,1950.8808903098106,1898.0
resnet,independent_rms,202,primary_joint,CD,9,3395,2147.622469305992,2069.0
resnet,independent_rms,202,primary_joint,CD,10,3473,2435.506464958191,2369.0
resnet,independent_rms,202,primary_joint,CD,11,3807,2921.981196820736,2787.0
resnet,independent_rms,202,primary_joint,CD,12,3817,3178.8956936597824,2959.0
resnet,independent_rms,202,primary_joint,CD,13,4482,4047.573689997196,3965.0
resnet,independent_rms,202,primary_joint,CD,14,12752,12425.032530903816,12516.0
resnet,independent_rms,202,primary_joint,HYP,0,140510,2899.600453241772,3759.0
resnet,independent_rms,202,primary_joint,HYP,1,27838,2616.3455044850707,2356.0
resnet,independent_rms,202,primary_joint,HYP,2,13333,2181.344923749566,2429.0
resnet,independent_rms,202,primary_joint,HYP,3,8384,1936.0585306435823,2416.0
resnet,independent_rms,202,primary_joint,HYP,4,5842,1742.200703561306,2158.0
resnet,independent_rms,202,primary_joint,HYP,5,4043,1472.4766345918179,1673.0
resnet,independent_rms,202,primary_joint,HYP,6,2979,1292.7185241878033,1525.0
resnet,independent_rms,202,primary_joint,HYP,7,2566,1278.5512921214104,1480.0
resnet,independent_rms,202,primary_joint,HYP,8,1885,1066.549021601677,1302.0
resnet,independent_rms,202,primary_joint,HYP,9,1349,852.2434784173965,1037.0
resnet,independent_rms,202,primary_joint,HYP,10,1331,934.2428167462349,1076.0
resnet,independent_rms,202,primary_joint,HYP,11,1543,1180.423456311226,1340.0
resnet,independent_rms,202,primary_joint,HYP,12,1527,1273.215171635151,1268.0
resnet,independent_rms,202,primary_joint,HYP,13,1154,1034.7425431013107,952.0
resnet,independent_rms,202,primary_joint,HYP,14,1516,1481.2079469561577,1429.0
resnet,electrode,202,clean,NORM,0,698,8.634997686608585,8.0
resnet,electrode,202,clean,NORM,1,94,9.260171063244343,6.0
resnet,electrode,202,clean,NORM,2,68,10.997885018587112,8.0
resnet,electrode,202,clean,NORM,3,48,11.06264978647232,6.0
resnet,electrode,202,clean,NORM,4,46,13.611465632915497,20.0
resnet,electrode,202,clean,NORM,5,37,13.542411416769028,13.0
resnet,electrode,202,clean,NORM,6,37,16.04683741927147,12.0
resnet,electrode,202,clean,NORM,7,45,22.421722322702408,17.0
resnet,electrode,202,clean,NORM,8,45,25.28687071800232,21.0
resnet,electrode,202,clean,NORM,9,52,32.841595113277435,28.0
resnet,electrode,202,clean,NORM,10,79,55.537053763866425,48.0
resnet,electrode,202,clean,NORM,11,72,55.22053623199463,50.0
resnet,electrode,202,clean,NORM,12,100,83.44390153884888,76.0
resnet,electrode,202,clean,NORM,13,179,161.9895916581154,132.0
resnet,electrode,202,clean,NORM,14,558,545.3018418550491,518.0
resnet,electrode,202,clean,MI,0,949,19.370424160792027,33.0
resnet,electrode,202,clean,MI,1,230,22.54472018778324,24.0
resnet,electrode,202,clean,MI,2,141,23.135352328419685,23.0
resnet,electrode,202,clean,MI,3,98,22.688836440443993,22.0
resnet,electrode,202,clean,MI,4,77,22.968156933784485,25.0
resnet,electrode,202,clean,MI,5,64,23.340377062559128,22.0
resnet,electrode,202,clean,MI,6,63,27.368444621562958,21.0
resnet,electrode,202,clean,MI,7,52,25.872579008340836,24.0
resnet,electrode,202,clean,MI,8,45,25.652923464775085,21.0
resnet,electrode,202,clean,MI,9,39,24.795700788497925,23.0
resnet,electrode,202,clean,MI,10,39,27.152547419071198,25.0
resnet,electrode,202,clean,MI,11,53,40.48668855428696,34.0
resnet,electrode,202,clean,MI,12,60,50.04576337337494,41.0
resnet,electrode,202,clean,MI,13,85,76.87326860427856,66.0
resnet,electrode,202,clean,MI,14,163,158.87709546089172,146.0
resnet,electrode,202,clean,STTC,0,1252,16.68262878897076,38.0
resnet,electrode,202,clean,STTC,1,169,15.910312913358212,32.0
resnet,electrode,202,clean,STTC,2,111,18.215190276503563,25.0
resnet,electrode,202,clean,STTC,3,63,14.780563443899155,22.0
resnet,electrode,202,clean,STTC,4,46,13.702617347240448,20.0
resnet,electrode,202,clean,STTC,5,53,19.40123599767685,20.0
resnet,electrode,202,clean,STTC,6,53,22.992765337228775,35.0
resnet,electrode,202,clean,STTC,7,52,25.82865384221077,32.0
resnet,electrode,202,clean,STTC,8,56,31.69590801000595,45.0
resnet,electrode,202,clean,STTC,9,41,26.082782328128815,27.0
resnet,electrode,202,clean,STTC,10,49,34.09754592180252,40.0
resnet,electrode,202,clean,STTC,11,42,32.172856986522675,34.0
resnet,electrode,202,clean,STTC,12,64,53.676715314388275,51.0
resnet,electrode,202,clean,STTC,13,60,53.99035358428955,55.0
resnet,electrode,202,clean,STTC,14,47,45.141724824905396,45.0
resnet,electrode,202,clean,CD,0,987,25.668178391060792,34.0
resnet,electrode,202,clean,CD,1,261,25.10260910540819,23.0
resnet,electrode,202,clean,CD,2,154,24.887580260634422,23.0
resnet,electrode,202,clean,CD,3,96,22.198728144168854,15.0
resnet,electrode,202,clean,CD,4,72,21.670547366142273,19.0
resnet,electrode,202,clean,CD,5,51,18.43977791070938,12.0
resnet,electrode,202,clean,CD,6,34,14.488433599472046,8.0
resnet,electrode,202,clean,CD,7,39,19.466479510068893,18.0
resnet,electrode,202,clean,CD,8,27,15.156436324119568,12.0
resnet,electrode,202,clean,CD,9,34,21.436618745326996,15.0
resnet,electrode,202,clean,CD,10,43,30.19678634405136,20.0
resnet,electrode,202,clean,CD,11,44,33.84732806682587,22.0
resnet,electrode,202,clean,CD,12,41,34.1017324924469,27.0
resnet,electrode,202,clean,CD,13,50,45.09685057401657,36.0
resnet,electrode,202,clean,CD,14,225,221.36922907829285,212.0
resnet,electrode,202,clean,HYP,0,1640,20.221809609665797,60.0
resnet,electrode,202,clean,HYP,1,177,16.612165376544,35.0
resnet,electrode,202,clean,HYP,2,85,13.551602691411972,18.0
resnet,electrode,202,clean,HYP,3,60,13.811682865023613,19.0
resnet,electrode,202,clean,HYP,4,36,10.643733978271484,17.0
resnet,electrode,202,clean,HYP,5,25,8.96098905801773,13.0
resnet,electrode,202,clean,HYP,6,23,9.910009026527405,11.0
resnet,electrode,202,clean,HYP,7,8,3.969479590654373,5.0
resnet,electrode,202,clean,HYP,8,15,8.439248383045197,13.0
resnet,electrode,202,clean,HYP,9,18,11.393115758895874,12.0
resnet,electrode,202,clean,HYP,10,11,7.6840344071388245,7.0
resnet,electrode,202,clean,HYP,11,9,6.841869592666626,6.0
resnet,electrode,202,clean,HYP,12,16,13.43620753288269,13.0
resnet,electrode,202,clean,HYP,13,12,10.859323799610138,11.0
resnet,electrode,202,clean,HYP,14,23,22.437832236289978,22.0
resnet,electrode,202,primary_joint,NORM,0,66930,986.6666591171738,733.0
resnet,electrode,202,primary_joint,NORM,1,11795,1147.5001058503985,1184.0
resnet,electrode,202,primary_joint,NORM,2,8213,1355.4380355477333,1417.0
resnet,electrode,202,primary_joint,NORM,3,6283,1458.1780820041895,1555.0
resnet,electrode,202,primary_joint,NORM,4,5398,1616.544866323471,1902.0
resnet,electrode,202,primary_joint,NORM,5,4963,1820.3036307692528,2124.0
resnet,electrode,202,primary_joint,NORM,6,4871,2112.241036325693,2236.0
resnet,electrode,202,primary_joint,NORM,7,5164,2583.8094398081303,2489.0
resnet,electrode,202,primary_joint,NORM,8,5778,3278.6928070783615,3173.0
resnet,electrode,202,primary_joint,NORM,9,6398,4057.951749920845,3800.0
resnet,electrode,202,primary_joint,NORM,10,7339,5144.765250921249,4713.0
resnet,electrode,202,primary_joint,NORM,11,8765,6730.648383617401,6205.0
resnet,electrode,202,primary_joint,NORM,12,11508,9609.537646532059,8789.0
resnet,electrode,202,primary_joint,NORM,13,17306,15631.820724844933,14013.0
resnet,electrode,202,primary_joint,NORM,14,45089,43894.007908284664,41967.0
resnet,electrode,202,primary_joint,MI,0,83265,2005.7409512406302,2929.0
resnet,electrode,202,primary_joint,MI,1,26861,2607.117968738079,2699.0
resnet,electrode,202,primary_joint,MI,2,17105,2816.0311234891415,2683.0
resnet,electrode,202,primary_joint,MI,3,12003,2781.823409512639,2620.0
resnet,electrode,202,primary_joint,MI,4,9231,2755.439555197954,2542.0
resnet,electrode,202,primary_joint,MI,5,7776,2845.1385802328587,2534.0
resnet,electrode,202,primary_joint,MI,6,6914,2991.661655664444,2617.0
resnet,electrode,202,primary_joint,MI,7,5885,2938.4962923526764,2596.0
resnet,electrode,202,primary_joint,MI,8,5583,3161.6103051304817,2858.0
resnet,electrode,202,primary_joint,MI,9,5278,3342.5643211603165,3058.0
resnet,electrode,202,primary_joint,MI,10,5262,3682.5576550364494,3261.0
resnet,electrode,202,primary_joint,MI,11,5267,4042.066065430641,3504.0
resnet,electrode,202,primary_joint,MI,12,5989,4995.364987790585,4353.0
resnet,electrode,202,primary_joint,MI,13,7468,6723.0981369018555,5888.0
resnet,electrode,202,primary_joint,MI,14,11913,11571.061859369278,10858.0
resnet,electrode,202,primary_joint,STTC,0,110243,1790.8865798156148,3092.0
resnet,electrode,202,primary_joint,STTC,1,20474,1974.0256815627217,2425.0
resnet,electrode,202,primary_joint,STTC,2,12349,2035.609451636672,2350.0
resnet,electrode,202,primary_joint,STTC,3,9004,2088.9233217686415,2558.0
resnet,electrode,202,primary_joint,STTC,4,7262,2173.4346830248833,2388.0
resnet,electrode,202,primary_joint,STTC,5,6638,2429.5174781382084,2682.0
resnet,electrode,202,primary_joint,STTC,6,6120,2650.848393470049,3132.0
resnet,electrode,202,primary_joint,STTC,7,6373,3184.872284203768,3755.0
resnet,electrode,202,primary_joint,STTC,8,6083,3445.0503634810448,4070.0
resnet,electrode,202,primary_joint,STTC,9,5748,3638.72865909338,4119.0
resnet,electrode,202,primary_joint,STTC,10,5626,3934.1678742170334,4231.0
resnet,electrode,202,primary_joint,STTC,11,5632,4317.363351821899,4472.0
resnet,electrode,202,primary_joint,STTC,12,5856,4882.932159900665,5009.0
resnet,electrode,202,primary_joint,STTC,13,5262,4734.570881724358,4789.0
resnet,electrode,202,primary_joint,STTC,14,3130,2998.4267343878746,3028.0
resnet,electrode,202,primary_joint,CD,0,67887,2035.442002587195,2140.0
resnet,electrode,202,primary_joint,CD,1,31474,3043.7151686772704,2104.0
resnet,electrode,202,primary_joint,CD,2,18564,3045.421915113926,1733.0
resnet,electrode,202,primary_joint,CD,3,13308,3082.7165126502514,1666.0
resnet,electrode,202,primary_joint,CD,4,9898,2952.810977578163,1491.0
resnet,electrode,202,primary_joint,CD,5,7684,2805.9012263417244,1362.0
resnet,electrode,202,primary_joint,CD,6,6370,2752.645445227623,1345.0
resnet,electrode,202,primary_joint,CD,7,5653,2822.5557822585106,1376.0
resnet,electrode,202,primary_joint,CD,8,5120,2901.2316783070564,1483.0
resnet,electrode,202,primary_joint,CD,9,4849,3070.8040342330933,1677.0
resnet,electrode,202,primary_joint,CD,10,4748,3323.322720527649,1915.0
resnet,electrode,202,primary_joint,CD,11,4952,3797.4673679471016,2344.0
resnet,electrode,202,primary_joint,CD,12,5664,4726.206482887268,3199.0
resnet,electrode,202,primary_joint,CD,13,6636,5980.138475418091,4413.0
resnet,electrode,202,primary_joint,CD,14,22993,22585.03053689003,21352.0
resnet,electrode,202,primary_joint,HYP,0,159678,2372.5506170010776,5624.0
resnet,electrode,202,primary_joint,HYP,1,20583,1952.9080115407705,3429.0
resnet,electrode,202,primary_joint,HYP,2,9882,1615.2223681658506,2378.0
resnet,electrode,202,primary_joint,HYP,3,6242,1443.9865220934153,2041.0
resnet,electrode,202,primary_joint,HYP,4,4314,1283.0468532145023,1894.0
resnet,electrode,202,primary_joint,HYP,5,2949,1077.9857534468174,1523.0
resnet,electrode,202,primary_joint,HYP,6,1893,816.489666134119,1038.0
resnet,electrode,202,primary_joint,HYP,7,1459,729.787043273449,951.0
resnet,electrode,202,primary_joint,HYP,8,1383,782.6585629582405,1021.0
resnet,electrode,202,primary_joint,HYP,9,1287,813.5813452005386,961.0
resnet,electrode,202,primary_joint,HYP,10,1072,749.3493242263794,799.0
resnet,electrode,202,primary_joint,HYP,11,1180,904.4648562073708,968.0
resnet,electrode,202,primary_joint,HYP,12,941,783.6805303096771,803.0
resnet,electrode,202,primary_joint,HYP,13,1245,1121.5757748484612,1110.0
resnet,electrode,202,primary_joint,HYP,14,1692,1649.5560831427574,1660.0
resnet,mixed,202,clean,NORM,0,594,8.515740265653164,2.0
resnet,mixed,202,clean,NORM,1,124,12.305948711931705,8.0
resnet,mixed,202,clean,NORM,2,79,13.090288370847702,11.0
resnet,mixed,202,clean,NORM,3,45,10.459991052746773,4.0
resnet,mixed,202,clean,NORM,4,50,14.860904842615128,15.0
resnet,mixed,202,clean,NORM,5,54,19.622965574264526,18.0
resnet,mixed,202,clean,NORM,6,45,19.537498891353607,14.0
resnet,mixed,202,clean,NORM,7,36,17.82554218173027,12.0
resnet,mixed,202,clean,NORM,8,59,33.314906001091,28.0
resnet,mixed,202,clean,NORM,9,54,34.35715252161026,29.0
resnet,mixed,202,clean,NORM,10,81,56.82293891906738,41.0
resnet,mixed,202,clean,NORM,11,83,63.6059011220932,46.0
resnet,mixed,202,clean,NORM,12,120,100.16939926147461,87.0
resnet,mixed,202,clean,NORM,13,180,162.40873509645462,133.0
resnet,mixed,202,clean,NORM,14,554,538.8900593519211,515.0
resnet,mixed,202,clean,MI,0,1054,18.37107168466173,42.0
resnet,mixed,202,clean,MI,1,233,22.331094697117805,47.0
resnet,mixed,202,clean,MI,2,128,20.957903131842613,24.0
resnet,mixed,202,clean,MI,3,89,20.497039079666138,25.0
resnet,mixed,202,clean,MI,4,63,18.969129860401154,20.0
resnet,mixed,202,clean,MI,5,53,19.643173307180405,26.0
resnet,mixed,202,clean,MI,6,54,23.459534257650375,20.0
resnet,mixed,202,clean,MI,7,59,29.452140629291534,25.0
resnet,mixed,202,clean,MI,8,43,24.56632512807846,25.0
resnet,mixed,202,clean,MI,9,37,23.36509245634079,19.0
resnet,mixed,202,clean,MI,10,49,34.06969201564789,31.0
resnet,mixed,202,clean,MI,11,56,42.98525869846344,35.0
resnet,mixed,202,clean,MI,12,61,51.01065248250961,49.0
resnet,mixed,202,clean,MI,13,77,69.46318370103836,66.0
resnet,mixed,202,clean,MI,14,102,98.5082391500473,96.0
resnet,mixed,202,clean,STTC,0,1287,17.643701444001636,48.0
resnet,mixed,202,clean,STTC,1,174,16.672450326383114,32.0
resnet,mixed,202,clean,STTC,2,99,16.274445593357086,31.0
resnet,mixed,202,clean,STTC,3,70,16.180772483348846,18.0
resnet,mixed,202,clean,STTC,4,53,16.043747812509537,28.0
resnet,mixed,202,clean,STTC,5,45,16.52602255344391,23.0
resnet,mixed,202,clean,STTC,6,55,23.740230411291122,37.0
resnet,mixed,202,clean,STTC,7,42,21.183797240257263,29.0
resnet,mixed,202,clean,STTC,8,43,24.186140537261963,31.0
resnet,mixed,202,clean,STTC,9,48,30.26344895362854,34.0
resnet,mixed,202,clean,STTC,10,50,35.136222422122955,40.0
resnet,mixed,202,clean,STTC,11,43,32.927373707294464,38.0
resnet,mixed,202,clean,STTC,12,52,43.15271836519241,43.0
resnet,mixed,202,clean,STTC,13,50,45.015273213386536,44.0
resnet,mixed,202,clean,STTC,14,47,45.14191776514053,45.0
resnet,mixed,202,clean,CD,0,1344,27.27640486843302,70.0
resnet,mixed,202,clean,CD,1,208,19.280364394187927,36.0
resnet,mixed,202,clean,CD,2,102,16.647600293159485,32.0
resnet,mixed,202,clean,CD,3,58,13.478544518351555,22.0
resnet,mixed,202,clean,CD,4,41,12.319149821996689,19.0
resnet,mixed,202,clean,CD,5,37,13.525126457214355,16.0
resnet,mixed,202,clean,CD,6,42,18.211119174957275,22.0
resnet,mixed,202,clean,CD,7,35,17.46380439400673,20.0
resnet,mixed,202,clean,CD,8,27,15.230515480041504,13.0
resnet,mixed,202,clean,CD,9,26,16.579043745994568,22.0
resnet,mixed,202,clean,CD,10,24,16.935630440711975,19.0
resnet,mixed,202,clean,CD,11,21,16.146815955638885,18.0
resnet,mixed,202,clean,CD,12,25,20.739314913749695,23.0
resnet,mixed,202,clean,CD,13,42,37.99937802553177,41.0
resnet,mixed,202,clean,CD,14,126,123.41291439533234,123.0
resnet,mixed,202,clean,HYP,0,1359,23.977908726694295,30.0
resnet,mixed,202,clean,HYP,1,232,21.30692482739687,23.0
resnet,mixed,202,clean,HYP,2,128,20.709557831287384,16.0
resnet,mixed,202,clean,HYP,3,80,18.63644976913929,15.0
resnet,mixed,202,clean,HYP,4,57,17.19918355345726,12.0
resnet,mixed,202,clean,HYP,5,27,10.02554202079773,5.0
resnet,mixed,202,clean,HYP,6,36,15.449642956256866,10.0
resnet,mixed,202,clean,HYP,7,22,11.029603481292725,8.0
resnet,mixed,202,clean,HYP,8,34,19.28449809551239,19.0
resnet,mixed,202,clean,HYP,9,18,11.461571633815765,9.0
resnet,mixed,202,clean,HYP,10,23,16.056326806545258,11.0
resnet,mixed,202,clean,HYP,11,34,25.89387983083725,19.0
resnet,mixed,202,clean,HYP,12,20,16.596475183963776,10.0
resnet,mixed,202,clean,HYP,13,30,26.945794343948364,22.0
resnet,mixed,202,clean,HYP,14,58,56.48543304204941,53.0
resnet,mixed,202,primary_joint,NORM,0,52984,982.1529707247041,256.0
resnet,mixed,202,primary_joint,NORM,1,13235,1292.7113712653518,629.0
resnet,mixed,202,primary_joint,NORM,2,9176,1513.2837930321693,957.0
resnet,mixed,202,primary_joint,NORM,3,6828,1584.6468622237444,1029.0
resnet,mixed,202,primary_joint,NORM,4,6146,1842.338084667921,1399.0
resnet,mixed,202,primary_joint,NORM,5,5775,2116.4520634114742,1798.0
resnet,mixed,202,primary_joint,NORM,6,5605,2429.102521300316,1983.0
resnet,mixed,202,primary_joint,NORM,7,5898,2949.1922974586487,2510.0
resnet,mixed,202,primary_joint,NORM,8,6298,3568.7567300200462,3059.0
resnet,mixed,202,primary_joint,NORM,9,7210,4572.591312646866,3863.0
resnet,mixed,202,primary_joint,NORM,10,8798,6169.925511837006,5170.0
resnet,mixed,202,primary_joint,NORM,11,10495,8062.802776813507,6914.0
resnet,mixed,202,primary_joint,NORM,12,13724,11463.50825870037,9914.0
resnet,mixed,202,primary_joint,NORM,13,21343,19273.32347601652,17407.0
resnet,mixed,202,primary_joint,NORM,14,42285,40990.42829096317,39412.0
resnet,mixed,202,primary_joint,MI,0,99634,2062.487657451442,4178.0
resnet,mixed,202,primary_joint,MI,1,25449,2442.946971297264,4218.0
resnet,mixed,202,primary_joint,MI,2,14766,2428.405282303691,3185.0
resnet,mixed,202,primary_joint,MI,3,10187,2356.333171799779,2822.0
resnet,mixed,202,primary_joint,MI,4,7788,2330.685570269823,2733.0
resnet,mixed,202,primary_joint,MI,5,7106,2603.744500875473,2889.0
resnet,mixed,202,primary_joint,MI,6,6504,2811.0994650423527,2941.0
resnet,mixed,202,primary_joint,MI,7,5793,2891.8461189568043,2945.0
resnet,mixed,202,primary_joint,MI,8,5209,2951.68921405077,2909.0
resnet,mixed,202,primary_joint,MI,9,5128,3249.6506622433662,3132.0
resnet,mixed,202,primary_joint,MI,10,5222,3656.034456074238,3478.0
resnet,mixed,202,primary_joint,MI,11,5350,4102.384847581387,3952.0
resnet,mixed,202,primary_joint,MI,12,5618,4684.396240472794,4555.0
resnet,mixed,202,primary_joint,MI,13,5834,5256.733273208141,5029.0
resnet,mixed,202,primary_joint,MI,14,6212,5989.379006266594,6034.0
resnet,mixed,202,primary_joint,STTC,0,117378,1999.6532032640607,3581.0
resnet,mixed,202,primary_joint,STTC,1,22067,2132.295142740011,3734.0
resnet,mixed,202,primary_joint,STTC,2,13683,2251.4407137185335,3493.0
resnet,mixed,202,primary_joint,STTC,3,9464,2193.428291231394,3151.0
resnet,mixed,202,primary_joint,STTC,4,7267,2174.1693078279495,3402.0
resnet,mixed,202,primary_joint,STTC,5,6449,2360.5877923965454,3461.0
resnet,mixed,202,primary_joint,STTC,6,5662,2451.603082805872,3569.0
resnet,mixed,202,primary_joint,STTC,7,5187,2591.9481208622456,3667.0
resnet,mixed,202,primary_joint,STTC,8,5098,2888.9675375819206,3719.0
resnet,mixed,202,primary_joint,STTC,9,4772,3022.541037917137,3703.0
resnet,mixed,202,primary_joint,STTC,10,4484,3138.3593071699142,3708.0
resnet,mixed,202,primary_joint,STTC,11,4050,3103.4205135703087,3614.0
resnet,mixed,202,primary_joint,STTC,12,4085,3402.104683279991,3564.0
resnet,mixed,202,primary_joint,STTC,13,3629,3263.412748157978,3269.0
resnet,mixed,202,primary_joint,STTC,14,2525,2418.2713462114334,2465.0
resnet,mixed,202,primary_joint,CD,0,121614,2967.174839319341,6191.0
resnet,mixed,202,primary_joint,CD,1,27152,2572.514163121581,3880.0
resnet,mixed,202,primary_joint,CD,2,12758,2084.731194898486,2961.0
resnet,mixed,202,primary_joint,CD,3,7435,1717.4031474590302,2543.0
resnet,mixed,202,primary_joint,CD,4,5489,1636.3100753724575,2203.0
resnet,mixed,202,primary_joint,CD,5,4405,1611.4916510283947,1967.0
resnet,mixed,202,primary_joint,CD,6,3960,1713.530709207058,2058.0
resnet,mixed,202,primary_joint,CD,7,3478,1736.9410735070705,1980.0
resnet,mixed,202,primary_joint,CD,8,3068,1736.8481624126434,1894.0
resnet,mixed,202,primary_joint,CD,9,2883,1824.74437302351,2007.0
resnet,mixed,202,primary_joint,CD,10,2850,1991.359633922577,2191.0
resnet,mixed,202,primary_joint,CD,11,2548,1954.1222068667412,2213.0
resnet,mixed,202,primary_joint,CD,12,2846,2370.435195863247,2613.0
resnet,mixed,202,primary_joint,CD,13,3950,3568.3127670884132,3799.0
resnet,mixed,202,primary_joint,CD,14,11364,11081.781935572624,11100.0
resnet,mixed,202,primary_joint,HYP,0,124927,2716.0664100052672,2746.0
resnet,mixed,202,primary_joint,HYP,1,29215,2772.3532204777002,2255.0
resnet,mixed,202,primary_joint,HYP,2,14264,2338.0784755945206,1603.0
resnet,mixed,202,primary_joint,HYP,3,8723,2013.5987150073051,1422.0
resnet,mixed,202,primary_joint,HYP,4,6208,1851.8122262656689,1183.0
resnet,mixed,202,primary_joint,HYP,5,4631,1691.7132470309734,1042.0
resnet,mixed,202,primary_joint,HYP,6,3627,1570.5393128991127,1068.0
resnet,mixed,202,primary_joint,HYP,7,3171,1584.488518357277,1316.0
resnet,mixed,202,primary_joint,HYP,8,2948,1668.5187602043152,1379.0
resnet,mixed,202,primary_joint,HYP,9,2657,1683.4224021434784,1338.0
resnet,mixed,202,primary_joint,HYP,10,2730,1911.51048463583,1457.0
resnet,mixed,202,primary_joint,HYP,11,2797,2140.857680618763,1433.0
resnet,mixed,202,primary_joint,HYP,12,2537,2111.4712066054344,1574.0
resnet,mixed,202,primary_joint,HYP,13,2750,2479.300009191036,2184.0
resnet,mixed,202,primary_joint,HYP,14,4615,4491.957138478756,4200.0
tcn,clean_only,17,clean,NORM,0,738,9.358037063000666,6.0
tcn,clean_only,17,clean,NORM,1,88,8.446256436407566,10.0
tcn,clean_only,17,clean,NORM,2,63,10.293743953108788,13.0
tcn,clean_only,17,clean,NORM,3,42,9.9480821788311,12.0
tcn,clean_only,17,clean,NORM,4,40,12.324404507875443,5.0
tcn,clean_only,17,clean,NORM,5,34,12.393212139606476,8.0
tcn,clean_only,17,clean,NORM,6,26,11.230982065200806,10.0
tcn,clean_only,17,clean,NORM,7,25,12.541056156158447,12.0
tcn,clean_only,17,clean,NORM,8,43,24.427320659160614,20.0
tcn,clean_only,17,clean,NORM,9,42,26.690597712993622,17.0
tcn,clean_only,17,clean,NORM,10,53,37.12717032432556,32.0
tcn,clean_only,17,clean,NORM,11,60,45.91857308149338,41.0
tcn,clean_only,17,clean,NORM,12,101,84.24834054708481,61.0
tcn,clean_only,17,clean,NORM,13,137,123.48795223236084,103.0
tcn,clean_only,17,clean,NORM,14,666,650.9864110350609,613.0
tcn,clean_only,17,clean,MI,0,1145,19.87316234316677,45.0
tcn,clean_only,17,clean,MI,1,215,20.365016721189022,35.0
tcn,clean_only,17,clean,MI,2,125,20.36945089697838,36.0
tcn,clean_only,17,clean,MI,3,84,19.346200570464134,32.0
tcn,clean_only,17,clean,MI,4,51,15.30330041050911,17.0
tcn,clean_only,17,clean,MI,5,47,17.13209819793701,24.0
tcn,clean_only,17,clean,MI,6,42,18.114219844341278,21.0
tcn,clean_only,17,clean,MI,7,34,17.23041334748268,19.0
tcn,clean_only,17,clean,MI,8,36,20.33726567029953,17.0
tcn,clean_only,17,clean,MI,9,46,29.088791728019714,29.0
tcn,clean_only,17,clean,MI,10,43,30.348470270633698,30.0
tcn,clean_only,17,clean,MI,11,50,37.972011268138885,36.0
tcn,clean_only,17,clean,MI,12,53,43.9405277967453,38.0
tcn,clean_only,17,clean,MI,13,65,58.71557945013046,54.0
tcn,clean_only,17,clean,MI,14,122,118.57043462991714,117.0
tcn,clean_only,17,clean,STTC,0,1108,16.134502320201136,24.0
tcn,clean_only,17,clean,STTC,1,186,17.932372577488422,20.0
tcn,clean_only,17,clean,STTC,2,102,16.671020075678825,13.0
tcn,clean_only,17,clean,STTC,3,75,17.474841743707657,11.0
tcn,clean_only,17,clean,STTC,4,58,17.18729519844055,16.0
tcn,clean_only,17,clean,STTC,5,44,16.180518329143524,11.0
tcn,clean_only,17,clean,STTC,6,48,20.58609327673912,15.0
tcn,clean_only,17,clean,STTC,7,36,17.90348592400551,11.0
tcn,clean_only,17,clean,STTC,8,31,17.373143792152405,17.0
tcn,clean_only,17,clean,STTC,9,42,26.78259301185608,29.0
tcn,clean_only,17,clean,STTC,10,53,37.267682790756226,35.0
tcn,clean_only,17,clean,STTC,11,63,48.38231933116913,49.0
tcn,clean_only,17,clean,STTC,12,75,62.41721028089523,62.0
tcn,clean_only,17,clean,STTC,13,105,94.78460150957108,86.0
tcn,clean_only,17,clean,STTC,14,132,126.54247081279755,122.0
tcn,clean_only,17,clean,CD,0,1204,24.795113305095583,47.0
tcn,clean_only,17,clean,CD,1,224,21.56691589206457,27.0
tcn,clean_only,17,clean,CD,2,116,19.118730515241623,19.0
tcn,clean_only,17,clean,CD,3,76,17.365252315998077,17.0
tcn,clean_only,17,clean,CD,4,57,17.114006131887436,26.0
tcn,clean_only,17,clean,CD,5,50,18.32934233546257,20.0
tcn,clean_only,17,clean,CD,6,34,14.793494582176208,13.0
tcn,clean_only,17,clean,CD,7,33,16.611980497837067,18.0
tcn,clean_only,17,clean,CD,8,20,11.472793459892273,12.0
tcn,clean_only,17,clean,CD,9,22,13.828052520751953,14.0
tcn,clean_only,17,clean,CD,10,29,20.222622871398926,20.0
tcn,clean_only,17,clean,CD,11,25,19.04684889316559,16.0
tcn,clean_only,17,clean,CD,12,26,21.618512570858,20.0
tcn,clean_only,17,clean,CD,13,37,33.55375349521637,30.0
tcn,clean_only,17,clean,CD,14,205,201.78372806310654,197.0
tcn,clean_only,17,clean,HYP,0,1459,19.28241892576625,38.0
tcn,clean_only,17,clean,HYP,1,194,18.796273447573185,21.0
tcn,clean_only,17,clean,HYP,2,116,18.832449927926064,17.0
tcn,clean_only,17,clean,HYP,3,62,14.473206013441086,12.0
tcn,clean_only,17,clean,HYP,4,59,17.478259474039078,10.0
tcn,clean_only,17,clean,HYP,5,39,14.136627972126007,10.0
tcn,clean_only,17,clean,HYP,6,33,14.110756814479828,16.0
tcn,clean_only,17,clean,HYP,7,15,7.506231606006622,8.0
tcn,clean_only,17,clean,HYP,8,20,11.403106331825256,10.0
tcn,clean_only,17,clean,HYP,9,18,11.3251091837883,12.0
tcn,clean_only,17,clean,HYP,10,23,16.052820801734924,13.0
tcn,clean_only,17,clean,HYP,11,21,16.033982038497925,10.0
tcn,clean_only,17,clean,HYP,12,21,17.408828675746918,18.0
tcn,clean_only,17,clean,HYP,13,33,29.767858743667603,23.0
tcn,clean_only,17,clean,HYP,14,45,43.69117122888565,44.0
tcn,clean_only,17,primary_joint,NORM,0,76801,1167.6585964267142,1321.0
tcn,clean_only,17,primary_joint,NORM,1,12622,1223.4395819678903,2499.0
tcn,clean_only,17,primary_joint,NORM,2,8121,1336.9363293200731,2786.0
tcn,clean_only,17,primary_joint,NORM,3,6190,1439.4547611773014,2256.0
tcn,clean_only,17,primary_joint,NORM,4,5261,1572.3143759965897,2262.0
tcn,clean_only,17,primary_joint,NORM,5,4862,1781.6457706987858,2368.0
tcn,clean_only,17,primary_joint,NORM,6,4680,2027.9187864661217,2610.0
tcn,clean_only,17,primary_joint,NORM,7,4989,2496.2416902780533,2922.0
tcn,clean_only,17,primary_joint,NORM,8,5367,3043.9111196398735,3397.0
tcn,clean_only,17,primary_joint,NORM,9,5491,3479.3685986995697,3680.0
tcn,clean_only,17,primary_joint,NORM,10,6091,4270.201646327972,4359.0
tcn,clean_only,17,primary_joint,NORM,11,8095,6218.39425855875,5882.0
tcn,clean_only,17,primary_joint,NORM,12,10268,8571.06247329712,7856.0
tcn,clean_only,17,primary_joint,NORM,13,15340,13874.447370946407,12943.0
tcn,clean_only,17,primary_joint,NORM,14,41622,40456.07717370987,39159.0
tcn,clean_only,17,primary_joint,MI,0,93474,2202.4971805686364,2816.0
tcn,clean_only,17,primary_joint,MI,1,29150,2807.54265216738,3664.0
tcn,clean_only,17,primary_joint,MI,2,17146,2821.4836343228817,3929.0
tcn,clean_only,17,primary_joint,MI,3,11854,2740.23869882524,3446.0
tcn,clean_only,17,primary_joint,MI,4,8356,2498.354904949665,3109.0
tcn,clean_only,17,primary_joint,MI,5,6807,2486.5440680086613,3035.0
tcn,clean_only,17,primary_joint,MI,6,5550,2400.510817974806,2589.0
tcn,clean_only,17,primary_joint,MI,7,5312,2653.2781186699867,2748.0
tcn,clean_only,17,primary_joint,MI,8,5109,2889.8400509357452,2962.0
tcn,clean_only,17,primary_joint,MI,9,4604,2917.66233253479,3028.0
tcn,clean_only,17,primary_joint,MI,10,4933,3450.6824609041214,3342.0
tcn,clean_only,17,primary_joint,MI,11,5172,3965.878040909767,3884.0
tcn,clean_only,17,primary_joint,MI,12,4815,4006.277522623539,3748.0
tcn,clean_only,17,primary_joint,MI,13,5416,4877.7227897048,4830.0
tcn,clean_only,17,primary_joint,MI,14,8102,7841.937270522118,7870.0
tcn,clean_only,17,primary_joint,STTC,0,83911,1706.8862084794673,1052.0
tcn,clean_only,17,primary_joint,STTC,1,21122,2058.277669593692,1206.0
tcn,clean_only,17,primary_joint,STTC,2,13101,2159.299732223153,1342.0
tcn,clean_only,17,primary_joint,STTC,3,10105,2350.5793144851923,1030.0
tcn,clean_only,17,primary_joint,STTC,4,9075,2719.001376360655,1403.0
tcn,clean_only,17,primary_joint,STTC,5,7734,2825.3820647895336,1474.0
tcn,clean_only,17,primary_joint,STTC,6,6829,2956.4776296913624,1421.0
tcn,clean_only,17,primary_joint,STTC,7,6515,3257.8968665897846,1930.0
tcn,clean_only,17,primary_joint,STTC,8,5694,3217.919458568096,1973.0
tcn,clean_only,17,primary_joint,STTC,9,5442,3456.9443784356117,2764.0
tcn,clean_only,17,primary_joint,STTC,10,6641,4653.246691226959,3974.0
tcn,clean_only,17,primary_joint,STTC,11,8258,6339.647359013557,5585.0
tcn,clean_only,17,primary_joint,STTC,12,9864,8219.381211161613,7796.0
tcn,clean_only,17,primary_joint,STTC,13,12048,10872.255004882812,10357.0
tcn,clean_only,17,primary_joint,STTC,14,9461,9057.892970383167,8793.0
tcn,clean_only,17,primary_joint,CD,0,91988,2558.884543157881,2988.0
tcn,clean_only,17,primary_joint,CD,1,30126,2900.16666071862,2443.0
tcn,clean_only,17,primary_joint,CD,2,16277,2665.847829595208,2158.0
tcn,clean_only,17,primary_joint,CD,3,11159,2577.0668871104717,1816.0
tcn,clean_only,17,primary_joint,CD,4,8235,2461.004534602165,2015.0
tcn,clean_only,17,primary_joint,CD,5,6758,2474.561743080616,2075.0
tcn,clean_only,17,primary_joint,CD,6,5662,2441.851719170809,1896.0
tcn,clean_only,17,primary_joint,CD,7,4424,2205.27852922678,1645.0
tcn,clean_only,17,primary_joint,CD,8,3687,2087.4490463137627,1665.0
tcn,clean_only,17,primary_joint,CD,9,3447,2184.695317685604,1767.0
tcn,clean_only,17,primary_joint,CD,10,3363,2354.227754175663,2026.0
tcn,clean_only,17,primary_joint,CD,11,3290,2519.0938789248466,2202.0
tcn,clean_only,17,primary_joint,CD,12,3196,2662.7732976675034,2389.0
tcn,clean_only,17,primary_joint,CD,13,4384,3962.0426540970802,3452.0
tcn,clean_only,17,primary_joint,CD,14,19804,19484.887441635132,19063.0
tcn,clean_only,17,primary_joint,HYP,0,133015,2267.9156002328527,3358.0
tcn,clean_only,17,primary_joint,HYP,1,23340,2240.043945722282,1509.0
tcn,clean_only,17,primary_joint,HYP,2,13976,2304.699159309268,1624.0
tcn,clean_only,17,primary_joint,HYP,3,8899,2058.350614950061,1440.0
tcn,clean_only,17,primary_joint,HYP,4,7117,2118.0460290908813,1390.0
tcn,clean_only,17,primary_joint,HYP,5,4736,1731.8070121407509,1419.0
tcn,clean_only,17,primary_joint,HYP,6,3874,1669.5113867223263,1496.0
tcn,clean_only,17,primary_joint,HYP,7,2482,1237.9010747671127,1076.0
tcn,clean_only,17,primary_joint,HYP,8,2345,1330.6365404129028,1069.0
tcn,clean_only,17,primary_joint,HYP,9,2277,1439.5468683838844,1153.0
tcn,clean_only,17,primary_joint,HYP,10,2299,1608.0842290520668,1309.0
tcn,clean_only,17,primary_joint,HYP,11,2253,1728.6444185376167,1526.0
tcn,clean_only,17,primary_joint,HYP,12,2482,2064.6364295482635,1819.0
tcn,clean_only,17,primary_joint,HYP,13,3135,2818.924970149994,2479.0
tcn,clean_only,17,primary_joint,HYP,14,3570,3462.9886345863342,3533.0
tcn,independent_rms,17,clean,NORM,0,732,9.295708864745393,6.0
tcn,independent_rms,17,clean,NORM,1,71,6.690966784954071,7.0
tcn,independent_rms,17,clean,NORM,2,72,11.754997491836548,12.0
tcn,independent_rms,17,clean,NORM,3,41,9.600689843297005,13.0
tcn,independent_rms,17,clean,NORM,4,32,9.656660079956055,3.0
tcn,independent_rms,17,clean,NORM,5,34,12.36772546172142,7.0
tcn,independent_rms,17,clean,NORM,6,31,13.381529986858368,10.0
tcn,independent_rms,17,clean,NORM,7,27,13.411845237016678,13.0
tcn,independent_rms,17,clean,NORM,8,37,20.983949661254883,17.0
tcn,independent_rms,17,clean,NORM,9,38,24.244197130203247,15.0
tcn,independent_rms,17,clean,NORM,10,60,42.122170090675354,32.0
tcn,independent_rms,17,clean,NORM,11,63,48.351983308792114,44.0
tcn,independent_rms,17,clean,NORM,12,84,70.16014379262924,55.0
tcn,independent_rms,17,clean,NORM,13,156,140.68901401758194,104.0
tcn,independent_rms,17,clean,NORM,14,680,664.8633638620377,625.0
tcn,independent_rms,17,clean,MI,0,1173,20.36106172821019,50.0
tcn,independent_rms,17,clean,MI,1,209,19.918748259544373,37.0
tcn,independent_rms,17,clean,MI,2,125,20.588260889053345,37.0
tcn,independent_rms,17,clean,MI,3,63,14.447007268667221,23.0
tcn,independent_rms,17,clean,MI,4,64,19.21006542444229,27.0
tcn,independent_rms,17,clean,MI,5,54,19.897580593824387,24.0
tcn,independent_rms,17,clean,MI,6,27,11.713280469179153,14.0
tcn,independent_rms,17,clean,MI,7,43,21.5860632956028,23.0
tcn,independent_rms,17,clean,MI,8,41,23.505050361156464,25.0
tcn,independent_rms,17,clean,MI,9,43,27.213007926940918,26.0
tcn,independent_rms,17,clean,MI,10,44,30.89256852865219,30.0
tcn,independent_rms,17,clean,MI,11,46,35.37080276012421,38.0
tcn,independent_rms,17,clean,MI,12,48,40.06007516384125,32.0
tcn,independent_rms,17,clean,MI,13,61,55.01185864210129,51.0
tcn,independent_rms,17,clean,MI,14,117,113.50827842950821,113.0
tcn,independent_rms,17,clean,STTC,0,1122,16.21046435413882,26.0
tcn,independent_rms,17,clean,STTC,1,177,17.140088938176632,21.0
tcn,independent_rms,17,clean,STTC,2,107,17.52285487949848,15.0
tcn,independent_rms,17,clean,STTC,3,66,15.473863795399666,11.0
tcn,independent_rms,17,clean,STTC,4,58,17.37140503525734,11.0
tcn,independent_rms,17,clean,STTC,5,52,18.965262979269028,10.0
tcn,independent_rms,17,clean,STTC,6,41,17.722325176000595,16.0
tcn,independent_rms,17,clean,STTC,7,43,21.458881556987762,22.0
tcn,independent_rms,17,clean,STTC,8,29,16.29427307844162,15.0
tcn,independent_rms,17,clean,STTC,9,39,24.612829864025116,18.0
tcn,independent_rms,17,clean,STTC,10,51,35.74151927232742,38.0
tcn,independent_rms,17,clean,STTC,11,69,53.08359903097153,55.0
tcn,independent_rms,17,clean,STTC,12,69,57.38974040746689,54.0
tcn,independent_rms,17,clean,STTC,13,113,102.06017237901688,94.0
tcn,independent_rms,17,clean,STTC,14,122,117.15309834480286,115.0
tcn,independent_rms,17,clean,CD,0,1249,24.97825562977232,49.0
tcn,independent_rms,17,clean,CD,1,213,20.68361858278513,34.0
tcn,independent_rms,17,clean,CD,2,111,18.296964585781097,14.0
tcn,independent_rms,17,clean,CD,3,62,14.349915400147438,20.0
tcn,independent_rms,17,clean,CD,4,53,15.425902307033539,21.0
tcn,independent_rms,17,clean,CD,5,48,17.439449965953827,18.0
tcn,independent_rms,17,clean,CD,6,36,15.558126598596573,17.0
tcn,independent_rms,17,clean,CD,7,23,11.48849755525589,14.0
tcn,independent_rms,17,clean,CD,8,26,14.618017315864563,18.0
tcn,independent_rms,17,clean,CD,9,27,17.193367660045624,14.0
tcn,independent_rms,17,clean,CD,10,23,16.139171242713928,18.0
tcn,independent_rms,17,clean,CD,11,23,17.578753411769867,16.0
tcn,independent_rms,17,clean,CD,12,27,22.5620619058609,19.0
tcn,independent_rms,17,clean,CD,13,39,35.44130355119705,35.0
tcn,independent_rms,17,clean,CD,14,198,195.15630108118057,189.0
tcn,independent_rms,17,clean,HYP,0,1488,19.08958689912106,40.0
tcn,independent_rms,17,clean,HYP,1,186,18.32736511528492,23.0
tcn,independent_rms,17,clean,HYP,2,102,16.3594601303339,15.0
tcn,independent_rms,17,clean,HYP,3,70,16.405879840254784,12.0
tcn,independent_rms,17,clean,HYP,4,55,16.236466616392136,9.0
tcn,independent_rms,17,clean,HYP,5,38,14.081514239311218,14.0
tcn,independent_rms,17,clean,HYP,6,21,9.175281971693039,10.0
tcn,independent_rms,17,clean,HYP,7,17,8.425666958093643,7.0
tcn,independent_rms,17,clean,HYP,8,17,9.537924349308014,12.0
tcn,independent_rms,17,clean,HYP,9,29,18.61127483844757,16.0
tcn,independent_rms,17,clean,HYP,10,20,13.974834024906158,12.0
tcn,independent_rms,17,clean,HYP,11,15,11.389457702636719,9.0
tcn,independent_rms,17,clean,HYP,12,27,22.496991097927094,18.0
tcn,independent_rms,17,clean,HYP,13,29,26.16799420118332,22.0
tcn,independent_rms,17,clean,HYP,14,44,42.72610527276993,43.0
tcn,independent_rms,17,primary_joint,NORM,0,72679,1068.5336006633515,798.0
tcn,independent_rms,17,primary_joint,NORM,1,11041,1068.0227842107415,1538.0
tcn,independent_rms,17,primary_joint,NORM,2,7696,1270.918528392911,1919.0
tcn,independent_rms,17,primary_joint,NORM,3,5609,1302.2292278259993,1739.0
tcn,independent_rms,17,primary_joint,NORM,4,4928,1477.3960090577602,1567.0
tcn,independent_rms,17,primary_joint,NORM,5,4579,1675.2522739171982,1882.0
tcn,independent_rms,17,primary_joint,NORM,6,4153,1799.461141049862,2030.0
tcn,independent_rms,17,primary_joint,NORM,7,4531,2268.004562109709,2398.0
tcn,independent_rms,17,primary_joint,NORM,8,5114,2902.465140044689,2887.0
tcn,independent_rms,17,primary_joint,NORM,9,5699,3613.4945548176765,3436.0
tcn,independent_rms,17,primary_joint,NORM,10,6361,4454.898449003696,4341.0
tcn,independent_rms,17,primary_joint,NORM,11,7604,5841.35161703825,5406.0
tcn,independent_rms,17,primary_joint,NORM,12,10600,8852.080184221268,7728.0
tcn,independent_rms,17,primary_joint,NORM,13,16305,14725.961747407913,12984.0
tcn,independent_rms,17,primary_joint,NORM,14,48901,47536.76551014185,45647.0
tcn,independent_rms,17,primary_joint,MI,0,99398,2214.416716508218,3323.0
tcn,independent_rms,17,primary_joint,MI,1,27246,2615.56903424114,3899.0
tcn,independent_rms,17,primary_joint,MI,2,15679,2580.802984625101,3674.0
tcn,independent_rms,17,primary_joint,MI,3,10575,2440.452666372061,3172.0
tcn,independent_rms,17,primary_joint,MI,4,7932,2367.790975391865,3054.0
tcn,independent_rms,17,primary_joint,MI,5,6307,2307.03866815567,2768.0
tcn,independent_rms,17,primary_joint,MI,6,5201,2252.114095002413,2459.0
tcn,independent_rms,17,primary_joint,MI,7,5202,2598.922144949436,2762.0
tcn,independent_rms,17,primary_joint,MI,8,4904,2780.354095041752,2892.0
tcn,independent_rms,17,primary_joint,MI,9,4764,3012.9269887804985,3029.0
tcn,independent_rms,17,primary_joint,MI,10,4790,3354.1115840673447,3281.0
tcn,independent_rms,17,primary_joint,MI,11,4840,3709.308388352394,3734.0
tcn,independent_rms,17,primary_joint,MI,12,5089,4245.469055056572,3938.0
tcn,independent_rms,17,primary_joint,MI,13,5566,5016.155219912529,4916.0
tcn,independent_rms,17,primary_joint,MI,14,8307,8036.246528685093,8099.0
tcn,independent_rms,17,primary_joint,STTC,0,94793,1802.607586695929,1373.0
tcn,independent_rms,17,primary_joint,STTC,1,19930,1933.6369915679097,1728.0
tcn,independent_rms,17,primary_joint,STTC,2,12733,2103.7320328205824,1423.0
tcn,independent_rms,17,primary_joint,STTC,3,9723,2251.2646656632423,1367.0
tcn,independent_rms,17,primary_joint,STTC,4,8217,2458.290753275156,1356.0
tcn,independent_rms,17,primary_joint,STTC,5,7118,2604.8598391115665,1451.0
tcn,independent_rms,17,primary_joint,STTC,6,5862,2538.0066410303116,1628.0
tcn,independent_rms,17,primary_joint,STTC,7,5614,2803.5006190240383,2089.0
tcn,independent_rms,17,primary_joint,STTC,8,4846,2742.4972053170204,2380.0
tcn,independent_rms,17,primary_joint,STTC,9,5328,3378.8317598700523,3205.0
tcn,independent_rms,17,primary_joint,STTC,10,5992,4199.67396235466,3983.0
tcn,independent_rms,17,primary_joint,STTC,11,7458,5730.977791190147,5680.0
tcn,independent_rms,17,primary_joint,STTC,12,8557,7131.27159935236,6754.0
tcn,independent_rms,17,primary_joint,STTC,13,10746,9701.49278396368,9379.0
tcn,independent_rms,17,primary_joint,STTC,14,8883,8509.593794703484,8304.0
tcn,independent_rms,17,primary_joint,CD,0,104859,2706.098769589793,3530.0
tcn,independent_rms,17,primary_joint,CD,1,27483,2633.5953950956464,3064.0
tcn,independent_rms,17,primary_joint,CD,2,14572,2396.0614382475615,2129.0
tcn,independent_rms,17,primary_joint,CD,3,9686,2243.59715372324,2014.0
tcn,independent_rms,17,primary_joint,CD,4,7395,2208.1179348528385,2089.0
tcn,independent_rms,17,primary_joint,CD,5,5657,2071.031653493643,1868.0
tcn,independent_rms,17,primary_joint,CD,6,4558,1968.9337349534035,1849.0
tcn,independent_rms,17,primary_joint,CD,7,3649,1819.6212851703167,1695.0
tcn,independent_rms,17,primary_joint,CD,8,3181,1798.9140548706055,1784.0
tcn,independent_rms,17,primary_joint,CD,9,2927,1852.9532016515732,1668.0
tcn,independent_rms,17,primary_joint,CD,10,2786,1952.418123781681,1829.0
tcn,independent_rms,17,primary_joint,CD,11,2882,2206.180626630783,2015.0
tcn,independent_rms,17,primary_joint,CD,12,2730,2278.9393504858017,2091.0
tcn,independent_rms,17,primary_joint,CD,13,4200,3791.663164973259,3445.0
tcn,independent_rms,17,primary_joint,CD,14,19235,18929.394630670547,18530.0
tcn,independent_rms,17,primary_joint,HYP,0,138720,2182.8012113252335,3609.0
tcn,independent_rms,17,primary_joint,HYP,1,20787,2001.390091046691,1564.0
tcn,independent_rms,17,primary_joint,HYP,2,12807,2097.20903237164,1601.0
tcn,independent_rms,17,primary_joint,HYP,3,8567,1987.3385517150164,1386.0
tcn,independent_rms,17,primary_joint,HYP,4,6281,1863.8412075042725,1247.0
tcn,independent_rms,17,primary_joint,HYP,5,4166,1526.6614141464233,1267.0
tcn,independent_rms,17,primary_joint,HYP,6,3344,1440.9220924377441,1385.0
tcn,independent_rms,17,primary_joint,HYP,7,2541,1269.236143618822,1091.0
tcn,independent_rms,17,primary_joint,HYP,8,2272,1288.8343634605408,1173.0
tcn,independent_rms,17,primary_joint,HYP,9,2531,1603.8369426727295,1294.0
tcn,independent_rms,17,primary_joint,HYP,10,2233,1561.7199776172638,1307.0
tcn,independent_rms,17,primary_joint,HYP,11,2099,1609.1349194645882,1393.0
tcn,independent_rms,17,primary_joint,HYP,12,2612,2181.0968168973923,1727.0
tcn,independent_rms,17,primary_joint,HYP,13,3031,2727.993680536747,2400.0
tcn,independent_rms,17,primary_joint,HYP,14,3809,3693.897727429867,3756.0
tcn,electrode,17,clean,NORM,0,738,9.564102026932233,6.0
tcn,electrode,17,clean,NORM,1,70,6.6359540075063705,7.0
tcn,electrode,17,clean,NORM,2,75,12.119435831904411,15.0
tcn,electrode,17,clean,NORM,3,37,8.72684308886528,10.0
tcn,electrode,17,clean,NORM,4,40,12.185729295015335,7.0
tcn,electrode,17,clean,NORM,5,32,11.60676795244217,5.0
tcn,electrode,17,clean,NORM,6,26,11.244822382926941,12.0
tcn,electrode,17,clean,NORM,7,31,15.397410809993744,14.0
tcn,electrode,17,clean,NORM,8,37,21.036434531211853,16.0
tcn,electrode,17,clean,NORM,9,45,28.477391362190247,22.0
tcn,electrode,17,clean,NORM,10,64,44.815127432346344,38.0
tcn,electrode,17,clean,NORM,11,65,49.90284073352814,41.0
tcn,electrode,17,clean,NORM,12,82,68.76449942588806,54.0
tcn,electrode,17,clean,NORM,13,153,138.13388001918793,103.0
tcn,electrode,17,clean,NORM,14,663,647.7256287932396,613.0
tcn,electrode,17,clean,MI,0,1161,20.666200800682418,49.0
tcn,electrode,17,clean,MI,1,211,20.145147271454334,35.0
tcn,electrode,17,clean,MI,2,131,21.45022214949131,44.0
tcn,electrode,17,clean,MI,3,72,16.750164061784744,23.0
tcn,electrode,17,clean,MI,4,56,16.77647590637207,24.0
tcn,electrode,17,clean,MI,5,51,18.723832726478577,22.0
tcn,electrode,17,clean,MI,6,31,13.348274260759354,14.0
tcn,electrode,17,clean,MI,7,45,22.669968843460083,25.0
tcn,electrode,17,clean,MI,8,36,20.58387452363968,22.0
tcn,electrode,17,clean,MI,9,45,28.578750491142273,26.0
tcn,electrode,17,clean,MI,10,50,35.15877723693848,35.0
tcn,electrode,17,clean,MI,11,43,32.98231256008148,33.0
tcn,electrode,17,clean,MI,12,51,42.465642869472504,36.0
tcn,electrode,17,clean,MI,13,61,55.01968461275101,51.0
tcn,electrode,17,clean,MI,14,114,110.61358177661896,111.0
tcn,electrode,17,clean,STTC,0,1119,16.962646859523375,26.0
tcn,electrode,17,clean,STTC,1,169,16.24192677438259,17.0
tcn,electrode,17,clean,STTC,2,113,18.516345635056496,17.0
tcn,electrode,17,clean,STTC,3,58,13.450869172811508,13.0
tcn,electrode,17,clean,STTC,4,68,20.269390255212784,10.0
tcn,electrode,17,clean,STTC,5,39,14.290550738573074,8.0
tcn,electrode,17,clean,STTC,6,48,20.622525930404663,16.0
tcn,electrode,17,clean,STTC,7,43,21.277192890644073,18.0
tcn,electrode,17,clean,STTC,8,35,19.795549273490906,20.0
tcn,electrode,17,clean,STTC,9,39,24.660699665546417,19.0
tcn,electrode,17,clean,STTC,10,51,35.77345645427704,36.0
tcn,electrode,17,clean,STTC,11,62,47.76500707864761,52.0
tcn,electrode,17,clean,STTC,12,79,65.84535878896713,61.0
tcn,electrode,17,clean,STTC,13,113,102.31486636400223,96.0
tcn,electrode,17,clean,STTC,14,122,117.23145347833633,112.0
tcn,electrode,17,clean,CD,0,1226,26.078709593741223,43.0
tcn,electrode,17,clean,CD,1,211,20.53896029293537,35.0
tcn,electrode,17,clean,CD,2,116,19.07269212603569,16.0
tcn,electrode,17,clean,CD,3,70,16.00694626569748,12.0
tcn,electrode,17,clean,CD,4,54,16.264663726091385,30.0
tcn,electrode,17,clean,CD,5,44,16.177448123693466,18.0
tcn,electrode,17,clean,CD,6,34,14.699176907539368,10.0
tcn,electrode,17,clean,CD,7,28,13.933916449546814,16.0
tcn,electrode,17,clean,CD,8,30,16.929475009441376,20.0
tcn,electrode,17,clean,CD,9,25,15.843515694141388,12.0
tcn,electrode,17,clean,CD,10,18,12.604965329170227,15.0
tcn,electrode,17,clean,CD,11,30,22.938892126083374,19.0
tcn,electrode,17,clean,CD,12,26,21.617533266544342,20.0
tcn,electrode,17,clean,CD,13,38,34.42629837989807,32.0
tcn,electrode,17,clean,CD,14,208,204.94378930330276,198.0
tcn,electrode,17,clean,HYP,0,1470,19.405209162592655,40.0
tcn,electrode,17,clean,HYP,1,185,18.102891474962234,18.0
tcn,electrode,17,clean,HYP,2,115,18.37454044818878,18.0
tcn,electrode,17,clean,HYP,3,60,13.767483919858932,11.0
tcn,electrode,17,clean,HYP,4,68,20.12003067135811,11.0
tcn,electrode,17,clean,HYP,5,33,12.175629019737244,12.0
tcn,electrode,17,clean,HYP,6,27,11.723661661148071,13.0
tcn,electrode,17,clean,HYP,7,20,9.942138105630875,10.0
tcn,electrode,17,clean,HYP,8,16,9.035987854003906,7.0
tcn,electrode,17,clean,HYP,9,22,13.949365377426147,13.0
tcn,electrode,17,clean,HYP,10,27,18.913655638694763,16.0
tcn,electrode,17,clean,HYP,11,18,13.728713750839233,12.0
tcn,electrode,17,clean,HYP,12,22,18.28976935148239,15.0
tcn,electrode,17,clean,HYP,13,32,28.84583842754364,24.0
tcn,electrode,17,clean,HYP,14,43,41.81413930654526,42.0
tcn,electrode,17,primary_joint,NORM,0,72391,1068.6694428046685,748.0
tcn,electrode,17,primary_joint,NORM,1,10656,1031.0522926151752,1309.0
tcn,electrode,17,primary_joint,NORM,2,7567,1244.9201748520136,1840.0
tcn,electrode,17,primary_joint,NORM,3,5314,1235.3925764858723,1564.0
tcn,electrode,17,primary_joint,NORM,4,4931,1476.850554049015,1512.0
tcn,electrode,17,primary_joint,NORM,5,4366,1597.7628570497036,1733.0
tcn,electrode,17,primary_joint,NORM,6,4098,1772.6477288901806,2008.0
tcn,electrode,17,primary_joint,NORM,7,4294,2151.210384309292,2166.0
tcn,electrode,17,primary_joint,NORM,8,5191,2946.665622651577,2949.0
tcn,electrode,17,primary_joint,NORM,9,5691,3608.014806509018,3447.0
tcn,electrode,17,primary_joint,NORM,10,6241,4375.583239197731,4140.0
tcn,electrode,17,primary_joint,NORM,11,7489,5755.171652197838,5133.0
tcn,electrode,17,primary_joint,NORM,12,10416,8699.443803429604,7502.0
tcn,electrode,17,primary_joint,NORM,13,16457,14872.188391029835,12913.0
tcn,electrode,17,primary_joint,NORM,14,50698,49297.65215867758,47336.0
tcn,electrode,17,primary_joint,MI,0,102577,2248.513154106098,3552.0
tcn,electrode,17,primary_joint,MI,1,26691,2559.0454769283533,4099.0
tcn,electrode,17,primary_joint,MI,2,15516,2549.041688069701,3989.0
tcn,electrode,17,primary_joint,MI,3,10336,2386.703023761511,3268.0
tcn,electrode,17,primary_joint,MI,4,7385,2203.5072822868824,2863.0
tcn,electrode,17,primary_joint,MI,5,5799,2122.9535231888294,2608.0
tcn,electrode,17,primary_joint,MI,6,5074,2193.6711046397686,2544.0
tcn,electrode,17,primary_joint,MI,7,4970,2482.1284730434418,2694.0
tcn,electrode,17,primary_joint,MI,8,4698,2660.503578901291,2809.0
tcn,electrode,17,primary_joint,MI,9,4531,2870.4996369481087,2917.0
tcn,electrode,17,primary_joint,MI,10,4954,3468.009975016117,3338.0
tcn,electrode,17,primary_joint,MI,11,4813,3690.3267592787743,3696.0
tcn,electrode,17,primary_joint,MI,12,4861,4049.8535698652267,3808.0
tcn,electrode,17,primary_joint,MI,13,5430,4887.284148931503,4864.0
tcn,electrode,17,primary_joint,MI,14,8165,7896.004810392857,7951.0
tcn,electrode,17,primary_joint,STTC,0,95956,1793.4189600083046,1363.0
tcn,electrode,17,primary_joint,STTC,1,19261,1858.0097510814667,1626.0
tcn,electrode,17,primary_joint,STTC,2,12539,2071.3741049468517,1471.0
tcn,electrode,17,primary_joint,STTC,3,9002,2085.4211695343256,1353.0
tcn,electrode,17,primary_joint,STTC,4,8085,2417.615704983473,1396.0
tcn,electrode,17,primary_joint,STTC,5,6586,2404.9044009149075,1187.0
tcn,electrode,17,primary_joint,STTC,6,5807,2518.272847920656,1545.0
tcn,electrode,17,primary_joint,STTC,7,5597,2793.483226418495,1964.0
tcn,electrode,17,primary_joint,STTC,8,4917,2786.810223221779,2186.0
tcn,electrode,17,primary_joint,STTC,9,5287,3350.9475546479225,3112.0
tcn,electrode,17,primary_joint,STTC,10,5706,4000.3012974262238,3704.0
tcn,electrode,17,primary_joint,STTC,11,7382,5672.602865815163,5627.0
tcn,electrode,17,primary_joint,STTC,12,8810,7347.44886803627,6934.0
tcn,electrode,17,primary_joint,STTC,13,11334,10238.32293099165,9801.0
tcn,electrode,17,primary_joint,STTC,14,9531,9133.60618108511,8831.0
tcn,electrode,17,primary_joint,CD,0,104602,2737.1661252740305,3498.0
tcn,electrode,17,primary_joint,CD,1,27092,2581.1014606803656,2833.0
tcn,electrode,17,primary_joint,CD,2,14636,2391.16220189631,2216.0
tcn,electrode,17,primary_joint,CD,3,9861,2278.71842738986,1784.0
tcn,electrode,17,primary_joint,CD,4,7071,2110.6503377854824,2090.0
tcn,electrode,17,primary_joint,CD,5,5413,1978.77364179492,1803.0
tcn,electrode,17,primary_joint,CD,6,4672,2018.8641844689846,1830.0
tcn,electrode,17,primary_joint,CD,7,3786,1889.5909092128277,1675.0
tcn,electrode,17,primary_joint,CD,8,3347,1895.2583406567574,1880.0
tcn,electrode,17,primary_joint,CD,9,2808,1776.4981847405434,1604.0
tcn,electrode,17,primary_joint,CD,10,2672,1870.9111537337303,1773.0
tcn,electrode,17,primary_joint,CD,11,2915,2235.341311097145,1999.0
tcn,electrode,17,primary_joint,CD,12,2829,2357.523825109005,2144.0
tcn,electrode,17,primary_joint,CD,13,4084,3688.2674540281296,3305.0
tcn,electrode,17,primary_joint,CD,14,20012,19697.910763442516,19166.0
tcn,electrode,17,primary_joint,HYP,0,139058,2165.8690350461547,3671.0
tcn,electrode,17,primary_joint,HYP,1,20653,1992.04082685709,1441.0
tcn,electrode,17,primary_joint,HYP,2,12938,2120.228981345892,1672.0
tcn,electrode,17,primary_joint,HYP,3,8463,1961.7608291506767,1434.0
tcn,electrode,17,primary_joint,HYP,4,6388,1897.627344995737,1302.0
tcn,electrode,17,primary_joint,HYP,5,4225,1541.8981678187847,1249.0
tcn,electrode,17,primary_joint,HYP,6,3287,1422.2842350006104,1397.0
tcn,electrode,17,primary_joint,HYP,7,2468,1230.8722886443138,1098.0
tcn,electrode,17,primary_joint,HYP,8,2259,1280.9760960936546,1095.0
tcn,electrode,17,primary_joint,HYP,9,2417,1534.1416389346123,1327.0
tcn,electrode,17,primary_joint,HYP,10,2340,1635.271543443203,1299.0
tcn,electrode,17,primary_joint,HYP,11,2100,1613.1902161836624,1447.0
tcn,electrode,17,primary_joint,HYP,12,2419,2017.300049841404,1620.0
tcn,electrode,17,primary_joint,HYP,13,3028,2724.338323712349,2458.0
tcn,electrode,17,primary_joint,HYP,14,3757,3645.5538318157196,3690.0
tcn,mixed,17,clean,NORM,0,732,9.122862759781128,6.0
tcn,mixed,17,clean,NORM,1,78,7.2777382880449295,7.0
tcn,mixed,17,clean,NORM,2,66,10.69521178305149,13.0
tcn,mixed,17,clean,NORM,3,46,10.793502897024155,12.0
tcn,mixed,17,clean,NORM,4,37,11.295689165592194,6.0
tcn,mixed,17,clean,NORM,5,28,10.455350250005722,5.0
tcn,mixed,17,clean,NORM,6,32,13.695850431919098,12.0
tcn,mixed,17,clean,NORM,7,27,13.618988633155823,13.0
tcn,mixed,17,clean,NORM,8,34,19.50804889202118,14.0
tcn,mixed,17,clean,NORM,9,47,29.657403826713562,22.0
tcn,mixed,17,clean,NORM,10,61,43.04762524366379,37.0
tcn,mixed,17,clean,NORM,11,64,49.07322508096695,41.0
tcn,mixed,17,clean,NORM,12,85,71.09230101108551,55.0
tcn,mixed,17,clean,NORM,13,154,138.96359717845917,107.0
tcn,mixed,17,clean,NORM,14,667,651.8231138586998,613.0
tcn,mixed,17,clean,MI,0,1158,20.413175228284672,47.0
tcn,mixed,17,clean,MI,1,203,19.260713323950768,36.0
tcn,mixed,17,clean,MI,2,132,21.5686095058918,38.0
tcn,mixed,17,clean,MI,3,75,17.223096415400505,27.0
tcn,mixed,17,clean,MI,4,58,17.404951602220535,23.0
tcn,mixed,17,clean,MI,5,50,18.382640421390533,19.0
tcn,mixed,17,clean,MI,6,36,15.333231896162033,19.0
tcn,mixed,17,clean,MI,7,39,19.71633216738701,20.0
tcn,mixed,17,clean,MI,8,37,21.075337946414948,23.0
tcn,mixed,17,clean,MI,9,49,31.0005943775177,30.0
tcn,mixed,17,clean,MI,10,42,29.380400002002716,31.0
tcn,mixed,17,clean,MI,11,53,40.764818489551544,39.0
tcn,mixed,17,clean,MI,12,48,40.119150042533875,35.0
tcn,mixed,17,clean,MI,13,62,55.89095449447632,52.0
tcn,mixed,17,clean,MI,14,116,112.6117467880249,111.0
tcn,mixed,17,clean,STTC,0,1114,16.397106290387455,25.0
tcn,mixed,17,clean,STTC,1,179,17.104519717395306,18.0
tcn,mixed,17,clean,STTC,2,113,18.59046694636345,18.0
tcn,mixed,17,clean,STTC,3,57,13.286549776792526,12.0
tcn,mixed,17,clean,STTC,4,66,19.5234335064888,9.0
tcn,mixed,17,clean,STTC,5,49,18.01436012983322,10.0
tcn,mixed,17,clean,STTC,6,41,17.65080550312996,17.0
tcn,mixed,17,clean,STTC,7,43,21.203196942806244,20.0
tcn,mixed,17,clean,STTC,8,35,19.560907125473022,18.0
tcn,mixed,17,clean,STTC,9,39,24.637687146663666,20.0
tcn,mixed,17,clean,STTC,10,50,35.11351752281189,35.0
tcn,mixed,17,clean,STTC,11,64,49.1409866809845,53.0
tcn,mixed,17,clean,STTC,12,78,64.88098013401031,61.0
tcn,mixed,17,clean,STTC,13,111,100.53242605924606,94.0
tcn,mixed,17,clean,STTC,14,119,114.353779733181,111.0
tcn,mixed,17,clean,CD,0,1233,25.241292111109942,46.0
tcn,mixed,17,clean,CD,1,220,21.16180418431759,35.0
tcn,mixed,17,clean,CD,2,112,18.33554556965828,16.0
tcn,mixed,17,clean,CD,3,64,14.548202455043793,16.0
tcn,mixed,17,clean,CD,4,55,16.49116548895836,24.0
tcn,mixed,17,clean,CD,5,52,19.03370612859726,20.0
tcn,mixed,17,clean,CD,6,27,11.647578328847885,10.0
tcn,mixed,17,clean,CD,7,32,15.876831024885178,19.0
tcn,mixed,17,clean,CD,8,29,16.496486127376556,22.0
tcn,mixed,17,clean,CD,9,19,12.250914633274078,10.0
tcn,mixed,17,clean,CD,10,22,15.592978239059448,15.0
tcn,mixed,17,clean,CD,11,25,19.04700469970703,17.0
tcn,mixed,17,clean,CD,12,25,20.818076074123383,19.0
tcn,mixed,17,clean,CD,13,38,34.33229720592499,31.0
tcn,mixed,17,clean,CD,14,205,201.9989829659462,196.0
tcn,mixed,17,clean,HYP,0,1475,18.958491943849367,39.0
tcn,mixed,17,clean,HYP,1,198,19.480978034436703,23.0
tcn,mixed,17,clean,HYP,2,105,16.97814755141735,14.0
tcn,mixed,17,clean,HYP,3,66,15.56467142701149,15.0
tcn,mixed,17,clean,HYP,4,55,16.24201011657715,8.0
tcn,mixed,17,clean,HYP,5,40,14.496163725852966,14.0
tcn,mixed,17,clean,HYP,6,24,10.343551248311996,12.0
tcn,mixed,17,clean,HYP,7,18,8.909656703472137,10.0
tcn,mixed,17,clean,HYP,8,21,11.908103287220001,9.0
tcn,mixed,17,clean,HYP,9,21,13.435092985630035,13.0
tcn,mixed,17,clean,HYP,10,23,16.01650160551071,14.0
tcn,mixed,17,clean,HYP,11,19,14.528674900531769,15.0
tcn,mixed,17,clean,HYP,12,22,18.231767535209656,13.0
tcn,mixed,17,clean,HYP,13,28,25.111218094825745,21.0
tcn,mixed,17,clean,HYP,14,43,41.712771356105804,42.0
tcn,mixed,17,primary_joint,NORM,0,72325,1069.0723818961342,739.0
tcn,mixed,17,primary_joint,NORM,1,10669,1030.1704601719975,1355.0
tcn,mixed,17,primary_joint,NORM,2,7495,1233.4054497033358,1779.0
tcn,mixed,17,primary_joint,NORM,3,5669,1315.1347751617432,1671.0
tcn,mixed,17,primary_joint,NORM,4,4710,1410.8076638281345,1475.0
tcn,mixed,17,primary_joint,NORM,5,4613,1688.8377280831337,1812.0
tcn,mixed,17,primary_joint,NORM,6,4089,1770.3618032932281,1993.0
tcn,mixed,17,primary_joint,NORM,7,4325,2167.3198022842407,2235.0
tcn,mixed,17,primary_joint,NORM,8,5243,2979.2007917761803,2931.0
tcn,mixed,17,primary_joint,NORM,9,5809,3679.660273909569,3494.0
tcn,mixed,17,primary_joint,NORM,10,6316,4425.497553408146,4286.0
tcn,mixed,17,primary_joint,NORM,11,7516,5772.857967376709,5199.0
tcn,mixed,17,primary_joint,NORM,12,10643,8882.276025295258,7692.0
tcn,mixed,17,primary_joint,NORM,13,16512,14923.158705174923,13042.0
tcn,mixed,17,primary_joint,NORM,14,49866,48486.77711099386,46597.0
tcn,mixed,17,primary_joint,MI,0,100622,2218.9072522523347,3396.0
tcn,mixed,17,primary_joint,MI,1,26536,2545.3711683750153,3891.0
tcn,mixed,17,primary_joint,MI,2,15588,2563.496948361397,3718.0
tcn,mixed,17,primary_joint,MI,3,10541,2433.172293305397,3236.0
tcn,mixed,17,primary_joint,MI,4,7753,2315.432446926832,2883.0
tcn,mixed,17,primary_joint,MI,5,6140,2249.3726636767387,2697.0
tcn,mixed,17,primary_joint,MI,6,5132,2219.0478467047215,2523.0
tcn,mixed,17,primary_joint,MI,7,5025,2513.834963262081,2568.0
tcn,mixed,17,primary_joint,MI,8,4833,2738.308619439602,2893.0
tcn,mixed,17,primary_joint,MI,9,4816,3047.924666762352,3084.0
tcn,mixed,17,primary_joint,MI,10,4873,3413.395103633404,3359.0
tcn,mixed,17,primary_joint,MI,11,4930,3778.504448413849,3719.0
tcn,mixed,17,primary_joint,MI,12,5135,4280.836371183395,3994.0
tcn,mixed,17,primary_joint,MI,13,5544,4993.595807015896,4928.0
tcn,mixed,17,primary_joint,MI,14,8332,8064.9338084459305,8111.0
tcn,mixed,17,primary_joint,STTC,0,95502,1791.7339261228917,1355.0
tcn,mixed,17,primary_joint,STTC,1,19843,1919.2518456429243,1630.0
tcn,mixed,17,primary_joint,STTC,2,12714,2105.5174255520105,1572.0
tcn,mixed,17,primary_joint,STTC,3,9231,2139.918865546584,1318.0
tcn,mixed,17,primary_joint,STTC,4,8480,2533.813918918371,1417.0
tcn,mixed,17,primary_joint,STTC,5,6579,2406.4780384898186,1253.0
tcn,mixed,17,primary_joint,STTC,6,5940,2568.884525626898,1696.0
tcn,mixed,17,primary_joint,STTC,7,5794,2890.970784842968,2227.0
tcn,mixed,17,primary_joint,STTC,8,4876,2763.0362989902496,2353.0
tcn,mixed,17,primary_joint,STTC,9,5164,3276.2856664657593,3016.0
tcn,mixed,17,primary_joint,STTC,10,5840,4092.3556740880013,3937.0
tcn,mixed,17,primary_joint,STTC,11,7541,5792.421482861042,5827.0
tcn,mixed,17,primary_joint,STTC,12,8486,7071.6712419986725,6718.0
tcn,mixed,17,primary_joint,STTC,13,10923,9862.735161364079,9510.0
tcn,mixed,17,primary_joint,STTC,14,8887,8515.735004425049,8271.0
tcn,mixed,17,primary_joint,CD,0,105244,2734.1516224164516,3580.0
tcn,mixed,17,primary_joint,CD,1,27563,2635.9750731140375,2971.0
tcn,mixed,17,primary_joint,CD,2,14533,2377.390888541937,2179.0
tcn,mixed,17,primary_joint,CD,3,9741,2246.7935438603163,1965.0
tcn,mixed,17,primary_joint,CD,4,7285,2176.3914339244366,2110.0
tcn,mixed,17,primary_joint,CD,5,5622,2055.5879411399364,1904.0
tcn,mixed,17,primary_joint,CD,6,4534,1960.7183094024658,1859.0
tcn,mixed,17,primary_joint,CD,7,3675,1835.2351626753807,1753.0
tcn,mixed,17,primary_joint,CD,8,3044,1722.8897822499275,1753.0
tcn,mixed,17,primary_joint,CD,9,2726,1724.12833070755,1619.0
tcn,mixed,17,primary_joint,CD,10,2608,1829.669727921486,1694.0
tcn,mixed,17,primary_joint,CD,11,2818,2157.9061000943184,1967.0
tcn,mixed,17,primary_joint,CD,12,2778,2318.2116146087646,2139.0
tcn,mixed,17,primary_joint,CD,13,4171,3763.264516353607,3392.0
tcn,mixed,17,primary_joint,CD,14,19458,19158.627680957317,18715.0
tcn,mixed,17,primary_joint,HYP,0,139938,2165.816289502778,3681.0
tcn,mixed,17,primary_joint,HYP,1,20851,2014.2170710116625,1660.0
tcn,mixed,17,primary_joint,HYP,2,12867,2112.0034545063972,1569.0
tcn,mixed,17,primary_joint,HYP,3,8444,1961.9212237000465,1515.0
tcn,mixed,17,primary_joint,HYP,4,6123,1817.381343126297,1292.0
tcn,mixed,17,primary_joint,HYP,5,4397,1602.7763795554638,1438.0
tcn,mixed,17,primary_joint,HYP,6,3038,1314.4152125120163,1226.0
tcn,mixed,17,primary_joint,HYP,7,2420,1207.30558437109,1150.0
tcn,mixed,17,primary_joint,HYP,8,2241,1269.6745721697807,1116.0
tcn,mixed,17,primary_joint,HYP,9,2445,1550.1608012318611,1302.0
tcn,mixed,17,primary_joint,HYP,10,2143,1498.3120449185371,1337.0
tcn,mixed,17,primary_joint,HYP,11,2197,1685.1196736693382,1535.0
tcn,mixed,17,primary_joint,HYP,12,2335,1946.0210701823235,1559.0
tcn,mixed,17,primary_joint,HYP,13,2819,2532.5829398036003,2315.0
tcn,mixed,17,primary_joint,HYP,14,3542,3434.800729215145,3505.0
tcn,clean_only,29,clean,NORM,0,761,8.708671737840632,10.0
tcn,clean_only,29,clean,NORM,1,89,8.604710102081299,11.0
tcn,clean_only,29,clean,NORM,2,48,7.927631139755249,11.0
tcn,clean_only,29,clean,NORM,3,45,10.619204476475716,10.0
tcn,clean_only,29,clean,NORM,4,37,10.875724494457245,8.0
tcn,clean_only,29,clean,NORM,5,33,12.27400454878807,10.0
tcn,clean_only,29,clean,NORM,6,46,20.08478718996048,17.0
tcn,clean_only,29,clean,NORM,7,27,13.491997748613358,14.0
tcn,clean_only,29,clean,NORM,8,35,20.11462092399597,20.0
tcn,clean_only,29,clean,NORM,9,55,34.856016516685486,24.0
tcn,clean_only,29,clean,NORM,10,46,32.2160809636116,24.0
tcn,clean_only,29,clean,NORM,11,56,43.1013503074646,38.0
tcn,clean_only,29,clean,NORM,12,78,65.38829606771469,52.0
tcn,clean_only,29,clean,NORM,13,160,144.6877400279045,118.0
tcn,clean_only,29,clean,NORM,14,642,627.2747219204903,596.0
tcn,clean_only,29,clean,MI,0,1258,17.99156597070396,54.0
tcn,clean_only,29,clean,MI,1,158,15.109323740005493,34.0
tcn,clean_only,29,clean,MI,2,102,17.083902895450592,31.0
tcn,clean_only,29,clean,MI,3,54,12.355583474040031,21.0
tcn,clean_only,29,clean,MI,4,58,17.43182012438774,27.0
tcn,clean_only,29,clean,MI,5,40,14.734362125396729,19.0
tcn,clean_only,29,clean,MI,6,32,13.797243505716324,16.0
tcn,clean_only,29,clean,MI,7,34,16.907568275928497,15.0
tcn,clean_only,29,clean,MI,8,38,21.57064002752304,17.0
tcn,clean_only,29,clean,MI,9,29,18.136829018592834,14.0
tcn,clean_only,29,clean,MI,10,32,22.727386832237244,24.0
tcn,clean_only,29,clean,MI,11,47,36.065839409828186,40.0
tcn,clean_only,29,clean,MI,12,48,39.89435416460037,37.0
tcn,clean_only,29,clean,MI,13,51,45.99670511484146,34.0
tcn,clean_only,29,clean,MI,14,177,172.58538323640823,167.0
tcn,clean_only,29,clean,STTC,0,1112,17.13342906680191,31.0
tcn,clean_only,29,clean,STTC,1,163,15.529985345900059,13.0
tcn,clean_only,29,clean,STTC,2,111,17.887682616710663,10.0
tcn,clean_only,29,clean,STTC,3,64,14.801215916872025,9.0
tcn,clean_only,29,clean,STTC,4,69,20.312572568655014,13.0
tcn,clean_only,29,clean,STTC,5,35,12.778382658958435,9.0
tcn,clean_only,29,clean,STTC,6,35,15.040539234876633,14.0
tcn,clean_only,29,clean,STTC,7,54,27.05760544538498,23.0
tcn,clean_only,29,clean,STTC,8,31,17.48690527677536,19.0
tcn,clean_only,29,clean,STTC,9,27,17.027432203292847,16.0
tcn,clean_only,29,clean,STTC,10,43,30.05609554052353,26.0
tcn,clean_only,29,clean,STTC,11,53,40.9113273024559,37.0
tcn,clean_only,29,clean,STTC,12,70,58.46236336231232,48.0
tcn,clean_only,29,clean,STTC,13,133,120.24338084459305,108.0
tcn,clean_only,29,clean,STTC,14,158,152.23149746656418,145.0
tcn,clean_only,29,clean,CD,0,1307,24.566200734698214,50.0
tcn,clean_only,29,clean,CD,1,192,18.066030494868755,31.0
tcn,clean_only,29,clean,CD,2,101,16.837312817573547,23.0
tcn,clean_only,29,clean,CD,3,70,16.222312033176422,20.0
tcn,clean_only,29,clean,CD,4,45,13.669018507003784,18.0
tcn,clean_only,29,clean,CD,5,34,12.493508219718933,16.0
tcn,clean_only,29,clean,CD,6,20,8.476151138544083,8.0
tcn,clean_only,29,clean,CD,7,26,12.860763311386108,14.0
tcn,clean_only,29,clean,CD,8,23,12.96974515914917,14.0
tcn,clean_only,29,clean,CD,9,28,17.66767579317093,22.0
tcn,clean_only,29,clean,CD,10,21,14.747380435466766,11.0
tcn,clean_only,29,clean,CD,11,26,19.95516550540924,22.0
tcn,clean_only,29,clean,CD,12,37,30.935828626155853,30.0
tcn,clean_only,29,clean,CD,13,35,31.404407620429993,30.0
tcn,clean_only,29,clean,CD,14,193,189.81194072961807,187.0
tcn,clean_only,29,clean,HYP,0,1296,22.82419398619095,26.0
tcn,clean_only,29,clean,HYP,1,209,20.082427747547626,13.0
tcn,clean_only,29,clean,HYP,2,137,22.390115901827812,13.0
tcn,clean_only,29,clean,HYP,3,64,15.02071775496006,7.0
tcn,clean_only,29,clean,HYP,4,63,18.86551734805107,9.0
tcn,clean_only,29,clean,HYP,5,58,21.152697026729584,7.0
tcn,clean_only,29,clean,HYP,6,42,18.189693361520767,10.0
tcn,clean_only,29,clean,HYP,7,37,18.55281338095665,13.0
tcn,clean_only,29,clean,HYP,8,26,14.745333969593048,11.0
tcn,clean_only,29,clean,HYP,9,32,20.51964569091797,15.0
tcn,clean_only,29,clean,HYP,10,18,12.428403913974762,9.0
tcn,clean_only,29,clean,HYP,11,27,20.6584250330925,17.0
tcn,clean_only,29,clean,HYP,12,35,29.068994343280792,17.0
tcn,clean_only,29,clean,HYP,13,44,39.641981303691864,36.0
tcn,clean_only,29,clean,HYP,14,70,67.73694425821304,59.0
tcn,clean_only,29,primary_joint,NORM,0,94361,1291.7653342449048,6724.0
tcn,clean_only,29,primary_joint,NORM,1,13588,1304.721183925867,5560.0
tcn,clean_only,29,primary_joint,NORM,2,8578,1413.9325181990862,4507.0
tcn,clean_only,29,primary_joint,NORM,3,6925,1607.095979526639,3871.0
tcn,clean_only,29,primary_joint,NORM,4,5808,1741.0671005249023,3400.0
tcn,clean_only,29,primary_joint,NORM,5,5086,1862.3101536929607,3250.0
tcn,clean_only,29,primary_joint,NORM,6,4759,2061.0295691788197,3221.0
tcn,clean_only,29,primary_joint,NORM,7,4708,2354.0325015187263,3300.0
tcn,clean_only,29,primary_joint,NORM,8,4929,2793.4499255418777,3522.0
tcn,clean_only,29,primary_joint,NORM,9,4928,3122.398016512394,3743.0
tcn,clean_only,29,primary_joint,NORM,10,5459,3825.2285996079445,4351.0
tcn,clean_only,29,primary_joint,NORM,11,6255,4801.580929577351,5038.0
tcn,clean_only,29,primary_joint,NORM,12,7909,6598.104737639427,6490.0
tcn,clean_only,29,primary_joint,NORM,13,12181,10999.398433148861,10582.0
tcn,clean_only,29,primary_joint,NORM,14,30326,29498.908316135406,28741.0
tcn,clean_only,29,primary_joint,MI,0,84688,1793.1349678707775,2540.0
tcn,clean_only,29,primary_joint,MI,1,22588,2179.032977901399,2035.0
tcn,clean_only,29,primary_joint,MI,2,13943,2299.0250110775232,2198.0
tcn,clean_only,29,primary_joint,MI,3,10629,2464.5152519494295,2231.0
tcn,clean_only,29,primary_joint,MI,4,8615,2573.323077619076,2248.0
tcn,clean_only,29,primary_joint,MI,5,7292,2668.2449241280556,2034.0
tcn,clean_only,29,primary_joint,MI,6,6575,2846.158537864685,2179.0
tcn,clean_only,29,primary_joint,MI,7,5896,2946.99267116189,2149.0
tcn,clean_only,29,primary_joint,MI,8,5816,3295.749385893345,2333.0
tcn,clean_only,29,primary_joint,MI,9,5608,3553.978773534298,2428.0
tcn,clean_only,29,primary_joint,MI,10,5951,4169.525241792202,3189.0
tcn,clean_only,29,primary_joint,MI,11,6789,5209.05225867033,4094.0
tcn,clean_only,29,primary_joint,MI,12,7097,5912.425519824028,4681.0
tcn,clean_only,29,primary_joint,MI,13,8642,7791.067463219166,6114.0
tcn,clean_only,29,primary_joint,MI,14,15671,15214.007294595242,14547.0
tcn,clean_only,29,primary_joint,STTC,0,65467,1415.944898408372,899.0
tcn,clean_only,29,primary_joint,STTC,1,20680,2001.8727257177234,994.0
tcn,clean_only,29,primary_joint,STTC,2,14440,2387.182516425848,690.0
tcn,clean_only,29,primary_joint,STTC,3,11091,2572.7746365964413,811.0
tcn,clean_only,29,primary_joint,STTC,4,9303,2785.5614464581013,852.0
tcn,clean_only,29,primary_joint,STTC,5,8191,2996.596646875143,984.0
tcn,clean_only,29,primary_joint,STTC,6,7369,3189.481436550617,1145.0
tcn,clean_only,29,primary_joint,STTC,7,7138,3571.1170285642147,1496.0
tcn,clean_only,29,primary_joint,STTC,8,7235,4099.3889483213425,1823.0
tcn,clean_only,29,primary_joint,STTC,9,7205,4561.4879695773125,2399.0
tcn,clean_only,29,primary_joint,STTC,10,7707,5397.25571757555,3072.0
tcn,clean_only,29,primary_joint,STTC,11,8992,6898.952633976936,4409.0
tcn,clean_only,29,primary_joint,STTC,12,11235,9379.247610390186,7313.0
tcn,clean_only,29,primary_joint,STTC,13,15973,14417.343454539776,12554.0
tcn,clean_only,29,primary_joint,STTC,14,13774,13208.037165045738,12659.0
tcn,clean_only,29,primary_joint,CD,0,95983,2575.2158158525126,3003.0
tcn,clean_only,29,primary_joint,CD,1,31309,2998.5584506988525,2733.0
tcn,clean_only,29,primary_joint,CD,2,16078,2642.3870393782854,2541.0
tcn,clean_only,29,primary_joint,CD,3,10982,2538.7186277210712,2082.0
tcn,clean_only,29,primary_joint,CD,4,7878,2345.673214018345,1728.0
tcn,clean_only,29,primary_joint,CD,5,5703,2084.9874814152718,1667.0
tcn,clean_only,29,primary_joint,CD,6,4571,1976.443144440651,1690.0
tcn,clean_only,29,primary_joint,CD,7,4040,2016.0740323364735,1740.0
tcn,clean_only,29,primary_joint,CD,8,3765,2134.338626921177,1959.0
tcn,clean_only,29,primary_joint,CD,9,3474,2200.9138687253,2035.0
tcn,clean_only,29,primary_joint,CD,10,3295,2304.714358687401,2133.0
tcn,clean_only,29,primary_joint,CD,11,3064,2347.8937442302704,2269.0
tcn,clean_only,29,primary_joint,CD,12,3721,3110.3570628762245,3129.0
tcn,clean_only,29,primary_joint,CD,13,5015,4517.867955505848,4334.0
tcn,clean_only,29,primary_joint,CD,14,16922,16577.862596154213,16557.0
tcn,clean_only,29,primary_joint,HYP,0,103842,2482.237616965489,1831.0
tcn,clean_only,29,primary_joint,HYP,1,29340,2819.086788378656,1248.0
tcn,clean_only,29,primary_joint,HYP,2,16673,2737.4204386770725,1284.0
tcn,clean_only,29,primary_joint,HYP,3,11076,2572.779239296913,792.0
tcn,clean_only,29,primary_joint,HYP,4,8886,2653.402971535921,855.0
tcn,clean_only,29,primary_joint,HYP,5,6972,2552.6774033010006,1030.0
tcn,clean_only,29,primary_joint,HYP,6,5763,2492.7280746996403,1127.0
tcn,clean_only,29,primary_joint,HYP,7,4459,2221.869755834341,1096.0
tcn,clean_only,29,primary_joint,HYP,8,3985,2255.2847734093666,1279.0
tcn,clean_only,29,primary_joint,HYP,9,3971,2521.432639539242,1630.0
tcn,clean_only,29,primary_joint,HYP,10,3758,2627.955475986004,1858.0
tcn,clean_only,29,primary_joint,HYP,11,3487,2674.010069310665,1823.0
tcn,clean_only,29,primary_joint,HYP,12,3690,3079.0058901906013,2083.0
tcn,clean_only,29,primary_joint,HYP,13,4614,4154.350687086582,3453.0
tcn,clean_only,29,primary_joint,HYP,14,5284,5094.8612087368965,4811.0
tcn,independent_rms,29,clean,NORM,0,770,8.7727865557099,11.0
tcn,independent_rms,29,clean,NORM,1,89,8.615538753569126,12.0
tcn,independent_rms,29,clean,NORM,2,50,8.175738051533699,11.0
tcn,independent_rms,29,clean,NORM,3,40,9.369133159518242,13.0
tcn,independent_rms,29,clean,NORM,4,41,12.099796503782272,6.0
tcn,independent_rms,29,clean,NORM,5,36,13.194407343864441,11.0
tcn,independent_rms,29,clean,NORM,6,35,15.071963459253311,14.0
tcn,independent_rms,29,clean,NORM,7,32,16.09269618988037,17.0
tcn,independent_rms,29,clean,NORM,8,50,28.38542240858078,28.0
tcn,independent_rms,29,clean,NORM,9,45,28.471804201602936,22.0
tcn,independent_rms,29,clean,NORM,10,43,30.22660791873932,26.0
tcn,independent_rms,29,clean,NORM,11,55,41.967505514621735,30.0
tcn,independent_rms,29,clean,NORM,12,92,76.8145821094513,63.0
tcn,independent_rms,29,clean,NORM,13,155,140.02005118131638,119.0
tcn,independent_rms,29,clean,NORM,14,625,610.1799140572548,580.0
tcn,independent_rms,29,clean,MI,0,1233,18.153411903767847,51.0
tcn,independent_rms,29,clean,MI,1,162,15.060114748775959,32.0
tcn,independent_rms,29,clean,MI,2,113,18.77078527212143,29.0
tcn,independent_rms,29,clean,MI,3,70,16.202842324972153,32.0
tcn,independent_rms,29,clean,MI,4,55,16.33935159444809,20.0
tcn,independent_rms,29,clean,MI,5,38,14.029893577098846,20.0
tcn,independent_rms,29,clean,MI,6,43,18.49152499437332,25.0
tcn,independent_rms,29,clean,MI,7,32,16.071768641471863,16.0
tcn,independent_rms,29,clean,MI,8,36,20.25997507572174,20.0
tcn,independent_rms,29,clean,MI,9,32,20.178280532360077,15.0
tcn,independent_rms,29,clean,MI,10,41,28.920308649539948,30.0
tcn,independent_rms,29,clean,MI,11,46,35.53407675027847,38.0
tcn,independent_rms,29,clean,MI,12,42,35.07020419836044,29.0
tcn,independent_rms,29,clean,MI,13,46,41.44956511259079,33.0
tcn,independent_rms,29,clean,MI,14,169,164.87160062789917,160.0
tcn,independent_rms,29,clean,STTC,0,1096,16.713217430980876,25.0
tcn,independent_rms,29,clean,STTC,1,179,17.230264402925968,18.0
tcn,independent_rms,29,clean,STTC,2,106,17.501483842730522,14.0
tcn,independent_rms,29,clean,STTC,3,67,15.693024218082428,10.0
tcn,independent_rms,29,clean,STTC,4,72,21.667283177375793,11.0
tcn,independent_rms,29,clean,STTC,5,48,17.589190632104874,16.0
tcn,independent_rms,29,clean,STTC,6,24,10.428364515304565,7.0
tcn,independent_rms,29,clean,STTC,7,44,22.148005932569504,21.0
tcn,independent_rms,29,clean,STTC,8,34,19.128299295902252,18.0
tcn,independent_rms,29,clean,STTC,9,32,20.181472778320312,18.0
tcn,independent_rms,29,clean,STTC,10,35,24.695372104644775,19.0
tcn,independent_rms,29,clean,STTC,11,48,36.75264930725098,33.0
tcn,independent_rms,29,clean,STTC,12,69,57.52711194753647,47.0
tcn,independent_rms,29,clean,STTC,13,140,126.20071816444397,111.0
tcn,independent_rms,29,clean,STTC,14,164,157.99368673563004,153.0
tcn,independent_rms,29,clean,CD,0,1253,25.18650257633999,45.0
tcn,independent_rms,29,clean,CD,1,214,20.333120331168175,27.0
tcn,independent_rms,29,clean,CD,2,102,17.26903235912323,26.0
tcn,independent_rms,29,clean,CD,3,68,15.77252134680748,17.0
tcn,independent_rms,29,clean,CD,4,48,14.28063502907753,13.0
tcn,independent_rms,29,clean,CD,5,37,13.757324129343033,17.0
tcn,independent_rms,29,clean,CD,6,32,13.957888066768646,15.0
tcn,independent_rms,29,clean,CD,7,25,12.545793324708939,14.0
tcn,independent_rms,29,clean,CD,8,23,12.916469514369965,11.0
tcn,independent_rms,29,clean,CD,9,24,15.072326898574829,18.0
tcn,independent_rms,29,clean,CD,10,27,18.881113469600677,16.0
tcn,independent_rms,29,clean,CD,11,25,19.20026606321335,19.0
tcn,independent_rms,29,clean,CD,12,30,25.125047862529755,21.0
tcn,independent_rms,29,clean,CD,13,46,41.38740795850754,40.0
tcn,independent_rms,29,clean,CD,14,204,200.9081596136093,197.0
tcn,independent_rms,29,clean,HYP,0,1294,22.92964081268292,26.0
tcn,independent_rms,29,clean,HYP,1,223,21.33409821987152,15.0
tcn,independent_rms,29,clean,HYP,2,127,20.822882294654846,12.0
tcn,independent_rms,29,clean,HYP,3,70,16.27369622886181,9.0
tcn,independent_rms,29,clean,HYP,4,66,20.02151846885681,9.0
tcn,independent_rms,29,clean,HYP,5,49,17.968395739793777,5.0
tcn,independent_rms,29,clean,HYP,6,46,19.840363144874573,8.0
tcn,independent_rms,29,clean,HYP,7,34,16.984982520341873,17.0
tcn,independent_rms,29,clean,HYP,8,30,17.17281174659729,9.0
tcn,independent_rms,29,clean,HYP,9,26,16.51632171869278,13.0
tcn,independent_rms,29,clean,HYP,10,23,16.023072004318237,14.0
tcn,independent_rms,29,clean,HYP,11,28,21.46643376350403,18.0
tcn,independent_rms,29,clean,HYP,12,28,23.38363289833069,15.0
tcn,independent_rms,29,clean,HYP,13,50,45.15891969203949,36.0
tcn,independent_rms,29,clean,HYP,14,64,62.0430389046669,56.0
tcn,independent_rms,29,primary_joint,NORM,0,82154,1135.078029247612,2308.0
tcn,independent_rms,29,primary_joint,NORM,1,11853,1146.0805263519287,2880.0
tcn,independent_rms,29,primary_joint,NORM,2,7593,1255.3964389562607,2639.0
tcn,independent_rms,29,primary_joint,NORM,3,6288,1465.5696914494038,2651.0
tcn,independent_rms,29,primary_joint,NORM,4,5310,1586.229581028223,2514.0
tcn,independent_rms,29,primary_joint,NORM,5,5088,1867.852887749672,2735.0
tcn,independent_rms,29,primary_joint,NORM,6,5054,2188.371920913458,2970.0
tcn,independent_rms,29,primary_joint,NORM,7,4939,2467.461170911789,3186.0
tcn,independent_rms,29,primary_joint,NORM,8,5027,2848.261685371399,3368.0
tcn,independent_rms,29,primary_joint,NORM,9,5418,3429.912973880768,3668.0
tcn,independent_rms,29,primary_joint,NORM,10,6154,4312.499168038368,4285.0
tcn,independent_rms,29,primary_joint,NORM,11,7042,5411.21107006073,5381.0
tcn,independent_rms,29,primary_joint,NORM,12,9509,7942.450924396515,7614.0
tcn,independent_rms,29,primary_joint,NORM,13,15436,13944.34029018879,13098.0
tcn,independent_rms,29,primary_joint,NORM,14,38935,37835.646883666515,37003.0
tcn,independent_rms,29,primary_joint,MI,0,99282,1998.2098138600122,3019.0
tcn,independent_rms,29,primary_joint,MI,1,22757,2184.0037591680884,2963.0
tcn,independent_rms,29,primary_joint,MI,2,13674,2260.603602617979,2702.0
tcn,independent_rms,29,primary_joint,MI,3,9957,2302.1336036920547,2803.0
tcn,independent_rms,29,primary_joint,MI,4,7639,2288.5193299353123,2444.0
tcn,independent_rms,29,primary_joint,MI,5,6390,2337.8948510587215,2379.0
tcn,independent_rms,29,primary_joint,MI,6,5684,2461.7079313993454,2434.0
tcn,independent_rms,29,primary_joint,MI,7,5228,2613.4389021992683,2534.0
tcn,independent_rms,29,primary_joint,MI,8,4958,2808.0009556412697,2620.0
tcn,independent_rms,29,primary_joint,MI,9,4787,3033.681901395321,2648.0
tcn,independent_rms,29,primary_joint,MI,10,5088,3565.8823155760765,3244.0
tcn,independent_rms,29,primary_joint,MI,11,5087,3903.2070142626762,3513.0
tcn,independent_rms,29,primary_joint,MI,12,5599,4670.065217137337,4040.0
tcn,independent_rms,29,primary_joint,MI,13,6584,5944.242722630501,5118.0
tcn,independent_rms,29,primary_joint,MI,14,13086,12719.951913237572,12539.0
tcn,independent_rms,29,primary_joint,STTC,0,84095,1737.3526101981697,1215.0
tcn,independent_rms,29,primary_joint,STTC,1,20798,2018.16221717,1310.0
tcn,independent_rms,29,primary_joint,STTC,2,13317,2198.1520644426346,1170.0
tcn,independent_rms,29,primary_joint,STTC,3,10254,2377.9112097471952,1067.0
tcn,independent_rms,29,primary_joint,STTC,4,8594,2573.2812092900276,1129.0
tcn,independent_rms,29,primary_joint,STTC,5,7110,2600.714585095644,1280.0
tcn,independent_rms,29,primary_joint,STTC,6,6294,2723.826361477375,1315.0
tcn,independent_rms,29,primary_joint,STTC,7,6007,3004.5154517591,1806.0
tcn,independent_rms,29,primary_joint,STTC,8,5853,3315.052615761757,2370.0
tcn,independent_rms,29,primary_joint,STTC,9,5542,3506.3186082839966,2552.0
tcn,independent_rms,29,primary_joint,STTC,10,5786,4057.39992082119,3012.0
tcn,independent_rms,29,primary_joint,STTC,11,6866,5271.058233320713,4397.0
tcn,independent_rms,29,primary_joint,STTC,12,9276,7739.784083843231,6793.0
tcn,independent_rms,29,primary_joint,STTC,13,13635,12297.905415534973,11196.0
tcn,independent_rms,29,primary_joint,STTC,14,12373,11879.192145764828,11488.0
tcn,independent_rms,29,primary_joint,CD,0,101889,2665.681958109606,3089.0
tcn,independent_rms,29,primary_joint,CD,1,29142,2779.8684059232473,2679.0
tcn,independent_rms,29,primary_joint,CD,2,14573,2394.865452155471,2520.0
tcn,independent_rms,29,primary_joint,CD,3,10196,2355.3187100440264,2069.0
tcn,independent_rms,29,primary_joint,CD,4,6962,2075.59204351902,1499.0
tcn,independent_rms,29,primary_joint,CD,5,4877,1784.9376038610935,1483.0
tcn,independent_rms,29,primary_joint,CD,6,4535,1961.884808331728,1730.0
tcn,independent_rms,29,primary_joint,CD,7,3719,1856.4639522731304,1660.0
tcn,independent_rms,29,primary_joint,CD,8,3425,1937.0935584902763,1743.0
tcn,independent_rms,29,primary_joint,CD,9,3321,2101.4035121798515,1994.0
tcn,independent_rms,29,primary_joint,CD,10,2903,2032.4047152400017,1853.0
tcn,independent_rms,29,primary_joint,CD,11,3062,2348.633660018444,2191.0
tcn,independent_rms,29,primary_joint,CD,12,3485,2910.717184007168,2635.0
tcn,independent_rms,29,primary_joint,CD,13,4779,4312.613666713238,4099.0
tcn,independent_rms,29,primary_joint,CD,14,18932,18577.50673866272,18356.0
tcn,independent_rms,29,primary_joint,HYP,0,113766,2504.3703275326407,2106.0
tcn,independent_rms,29,primary_joint,HYP,1,27218,2591.96066621691,1506.0
tcn,independent_rms,29,primary_joint,HYP,2,15420,2541.7330221384764,1186.0
tcn,independent_rms,29,primary_joint,HYP,3,9607,2226.1458358317614,872.0
tcn,independent_rms,29,primary_joint,HYP,4,7619,2278.7658925652504,795.0
tcn,independent_rms,29,primary_joint,HYP,5,6169,2258.4074800908566,950.0
tcn,independent_rms,29,primary_joint,HYP,6,5292,2285.2856510281563,1041.0
tcn,independent_rms,29,primary_joint,HYP,7,4113,2054.7718403339386,1307.0
tcn,independent_rms,29,primary_joint,HYP,8,3691,2087.396153509617,1301.0
tcn,independent_rms,29,primary_joint,HYP,9,3419,2163.6083604097366,1534.0
tcn,independent_rms,29,primary_joint,HYP,10,3403,2384.3898969888687,1845.0
tcn,independent_rms,29,primary_joint,HYP,11,3074,2351.223773956299,1642.0
tcn,independent_rms,29,primary_joint,HYP,12,3280,2740.4427384138107,1973.0
tcn,independent_rms,29,primary_joint,HYP,13,4641,4186.220471978188,3442.0
tcn,independent_rms,29,primary_joint,HYP,14,5088,4914.9322264790535,4700.0
tcn,electrode,29,clean,NORM,0,765,8.903978263799218,12.0
tcn,electrode,29,clean,NORM,1,89,8.57246881723404,10.0
tcn,electrode,29,clean,NORM,2,49,7.963155061006546,12.0
tcn,electrode,29,clean,NORM,3,45,10.534707948565483,12.0
tcn,electrode,29,clean,NORM,4,34,10.170177936553955,7.0
tcn,electrode,29,clean,NORM,5,37,13.499599128961563,16.0
tcn,electrode,29,clean,NORM,6,42,18.214080661535263,13.0
tcn,electrode,29,clean,NORM,7,39,19.675777107477188,15.0
tcn,electrode,29,clean,NORM,8,40,22.77509319782257,23.0
tcn,electrode,29,clean,NORM,9,47,29.534603118896484,26.0
tcn,electrode,29,clean,NORM,10,55,38.390874087810516,30.0
tcn,electrode,29,clean,NORM,11,56,42.89887821674347,37.0
tcn,electrode,29,clean,NORM,12,86,71.81600832939148,58.0
tcn,electrode,29,clean,NORM,13,161,145.39419400691986,123.0
tcn,electrode,29,clean,NORM,14,613,597.4958458542824,569.0
tcn,electrode,29,clean,MI,0,1249,19.027417549979873,53.0
tcn,electrode,29,clean,MI,1,176,16.339181311428547,39.0
tcn,electrode,29,clean,MI,2,122,20.077027305960655,39.0
tcn,electrode,29,clean,MI,3,64,14.975761711597443,25.0
tcn,electrode,29,clean,MI,4,52,15.708787828683853,27.0
tcn,electrode,29,clean,MI,5,45,16.58925288915634,21.0
tcn,electrode,29,clean,MI,6,41,17.541465520858765,25.0
tcn,electrode,29,clean,MI,7,36,18.013764202594757,20.0
tcn,electrode,29,clean,MI,8,30,16.89574921131134,14.0
tcn,electrode,29,clean,MI,9,35,22.24698841571808,22.0
tcn,electrode,29,clean,MI,10,37,25.942058086395264,29.0
tcn,electrode,29,clean,MI,11,41,31.385734975337982,30.0
tcn,electrode,29,clean,MI,12,38,31.728775441646576,28.0
tcn,electrode,29,clean,MI,13,51,46.24828439950943,42.0
tcn,electrode,29,clean,MI,14,141,137.4134556055069,136.0
tcn,electrode,29,clean,STTC,0,1122,16.726559387345333,28.0
tcn,electrode,29,clean,STTC,1,174,16.57505875080824,19.0
tcn,electrode,29,clean,STTC,2,98,15.959718063473701,10.0
tcn,electrode,29,clean,STTC,3,73,17.204330936074257,13.0
tcn,electrode,29,clean,STTC,4,57,16.990186989307404,11.0
tcn,electrode,29,clean,STTC,5,43,15.779834687709808,9.0
tcn,electrode,29,clean,STTC,6,28,12.11177909374237,11.0
tcn,electrode,29,clean,STTC,7,47,23.297410279512405,24.0
tcn,electrode,29,clean,STTC,8,26,14.7324857711792,13.0
tcn,electrode,29,clean,STTC,9,42,26.582132399082184,26.0
tcn,electrode,29,clean,STTC,10,31,21.868524253368378,17.0
tcn,electrode,29,clean,STTC,11,40,30.640588581562042,28.0
tcn,electrode,29,clean,STTC,12,73,61.03546565771103,47.0
tcn,electrode,29,clean,STTC,13,134,120.79941785335541,108.0
tcn,electrode,29,clean,STTC,14,170,163.72238039970398,157.0
tcn,electrode,29,clean,CD,0,1153,26.54239740711637,35.0
tcn,electrode,29,clean,CD,1,237,22.576185569167137,27.0
tcn,electrode,29,clean,CD,2,113,18.29774621129036,18.0
tcn,electrode,29,clean,CD,3,87,20.557570338249207,19.0
tcn,electrode,29,clean,CD,4,49,14.70223131775856,17.0
tcn,electrode,29,clean,CD,5,41,15.005339503288269,10.0
tcn,electrode,29,clean,CD,6,32,13.860966622829437,10.0
tcn,electrode,29,clean,CD,7,37,18.55821132659912,23.0
tcn,electrode,29,clean,CD,8,25,14.20253998041153,12.0
tcn,electrode,29,clean,CD,9,29,18.3812335729599,16.0
tcn,electrode,29,clean,CD,10,27,18.971975803375244,21.0
tcn,electrode,29,clean,CD,11,21,16.272071063518524,12.0
tcn,electrode,29,clean,CD,12,34,28.394372284412384,24.0
tcn,electrode,29,clean,CD,13,51,46.106097877025604,39.0
tcn,electrode,29,clean,CD,14,222,218.84245032072067,213.0
tcn,electrode,29,clean,HYP,0,1264,22.69679935806198,23.0
tcn,electrode,29,clean,HYP,1,224,21.326674081385136,13.0
tcn,electrode,29,clean,HYP,2,129,21.15620443224907,15.0
tcn,electrode,29,clean,HYP,3,78,18.130661860108376,11.0
tcn,electrode,29,clean,HYP,4,57,16.735618084669113,4.0
tcn,electrode,29,clean,HYP,5,63,23.17221873998642,8.0
tcn,electrode,29,clean,HYP,6,43,18.71640968322754,9.0
tcn,electrode,29,clean,HYP,7,36,18.02346506714821,12.0
tcn,electrode,29,clean,HYP,8,29,16.441221177577972,8.0
tcn,electrode,29,clean,HYP,9,31,19.70878678560257,17.0
tcn,electrode,29,clean,HYP,10,20,14.01751321554184,9.0
tcn,electrode,29,clean,HYP,11,37,28.501662611961365,22.0
tcn,electrode,29,clean,HYP,12,20,16.639895737171173,13.0
tcn,electrode,29,clean,HYP,13,53,47.733885526657104,35.0
tcn,electrode,29,clean,HYP,14,74,71.70642924308777,63.0
tcn,electrode,29,primary_joint,NORM,0,77478,1069.1404602490657,1415.0
tcn,electrode,29,primary_joint,NORM,1,11087,1071.6396530866623,1919.0
tcn,electrode,29,primary_joint,NORM,2,6629,1095.6645587086678,1897.0
tcn,electrode,29,primary_joint,NORM,3,5595,1303.5550755858421,1935.0
tcn,electrode,29,primary_joint,NORM,4,5196,1557.4782153367996,2073.0
tcn,electrode,29,primary_joint,NORM,5,4716,1728.6184490919113,2157.0
tcn,electrode,29,primary_joint,NORM,6,4665,2017.0961053669453,2197.0
tcn,electrode,29,primary_joint,NORM,7,4766,2385.297751188278,2643.0
tcn,electrode,29,primary_joint,NORM,8,5374,3047.4092159867287,3269.0
tcn,electrode,29,primary_joint,NORM,9,5371,3401.4682146310806,3550.0
tcn,electrode,29,primary_joint,NORM,10,6053,4239.994114518166,4192.0
tcn,electrode,29,primary_joint,NORM,11,7038,5404.845349133015,5058.0
tcn,electrode,29,primary_joint,NORM,12,9731,8131.061203062534,7331.0
tcn,electrode,29,primary_joint,NORM,13,17597,15904.627667188644,14624.0
tcn,electrode,29,primary_joint,NORM,14,44504,43222.127543628216,42040.0
tcn,electrode,29,primary_joint,MI,0,110376,2153.1589886459988,4119.0
tcn,electrode,29,primary_joint,MI,1,22922,2185.7926765978336,3757.0
tcn,electrode,29,primary_joint,MI,2,13436,2214.5051715672016,3498.0
tcn,electrode,29,primary_joint,MI,3,8996,2077.323786750436,2990.0
tcn,electrode,29,primary_joint,MI,4,7247,2167.6924824416637,2794.0
tcn,electrode,29,primary_joint,MI,5,5780,2115.889479070902,2693.0
tcn,electrode,29,primary_joint,MI,6,5201,2249.004060804844,2795.0
tcn,electrode,29,primary_joint,MI,7,4745,2369.2645422518253,2695.0
tcn,electrode,29,primary_joint,MI,8,4069,2307.2718492150307,2453.0
tcn,electrode,29,primary_joint,MI,9,4254,2696.613112807274,2752.0
tcn,electrode,29,primary_joint,MI,10,4178,2923.883697748184,3002.0
tcn,electrode,29,primary_joint,MI,11,4277,3277.2521482110023,3177.0
tcn,electrode,29,primary_joint,MI,12,4363,3640.7418642044067,3325.0
tcn,electrode,29,primary_joint,MI,13,5760,5200.411795258522,4971.0
tcn,electrode,29,primary_joint,MI,14,10196,9896.755403101444,9979.0
tcn,electrode,29,primary_joint,STTC,0,95204,1759.1763407103135,1653.0
tcn,electrode,29,primary_joint,STTC,1,19388,1880.8793322071433,1632.0
tcn,electrode,29,primary_joint,STTC,2,11914,1958.718800380826,1179.0
tcn,electrode,29,primary_joint,STTC,3,9259,2151.606384038925,1130.0
tcn,electrode,29,primary_joint,STTC,4,7266,2170.044227808714,1181.0
tcn,electrode,29,primary_joint,STTC,5,6149,2251.1679399311543,1250.0
tcn,electrode,29,primary_joint,STTC,6,5515,2386.247239202261,1325.0
tcn,electrode,29,primary_joint,STTC,7,5282,2641.2808519899845,1965.0
tcn,electrode,29,primary_joint,STTC,8,4918,2783.6801178455353,2176.0
tcn,electrode,29,primary_joint,STTC,9,4777,3025.196681499481,2363.0
tcn,electrode,29,primary_joint,STTC,10,4939,3456.982829093933,2829.0
tcn,electrode,29,primary_joint,STTC,11,6091,4684.289369404316,4097.0
tcn,electrode,29,primary_joint,STTC,12,8814,7359.364242613316,6403.0
tcn,electrode,29,primary_joint,STTC,13,13069,11802.9326441288,10757.0
tcn,electrode,29,primary_joint,STTC,14,13215,12699.239591360092,12160.0
tcn,electrode,29,primary_joint,CD,0,98033,2755.453978341073,2789.0
tcn,electrode,29,primary_joint,CD,1,29255,2793.628322698176,2501.0
tcn,electrode,29,primary_joint,CD,2,15274,2501.5674514621496,1866.0
tcn,electrode,29,primary_joint,CD,3,10234,2373.8833915144205,2108.0
tcn,electrode,29,primary_joint,CD,4,7179,2132.7419459819794,1645.0
tcn,electrode,29,primary_joint,CD,5,5087,1859.1333503127098,1272.0
tcn,electrode,29,primary_joint,CD,6,4318,1868.6925513744354,1535.0
tcn,electrode,29,primary_joint,CD,7,4098,2048.7100923359394,1800.0
tcn,electrode,29,primary_joint,CD,8,3464,1958.2392675876617,1692.0
tcn,electrode,29,primary_joint,CD,9,3126,1978.3659899234772,1726.0
tcn,electrode,29,primary_joint,CD,10,3050,2135.7545363307,1974.0
tcn,electrode,29,primary_joint,CD,11,3047,2337.2251594662666,1992.0
tcn,electrode,29,primary_joint,CD,12,3515,2935.5933842658997,2515.0
tcn,electrode,29,primary_joint,CD,13,5234,4721.552945554256,4200.0
tcn,electrode,29,primary_joint,CD,14,20886,20527.00014656782,19985.0
tcn,electrode,29,primary_joint,HYP,0,114662,2418.194081805297,2008.0
tcn,electrode,29,primary_joint,HYP,1,25652,2447.0350010991096,1387.0
tcn,electrode,29,primary_joint,HYP,2,14319,2354.2437892854214,1253.0
tcn,electrode,29,primary_joint,HYP,3,9968,2314.1595921069384,883.0
tcn,electrode,29,primary_joint,HYP,4,7028,2094.5986964702606,688.0
tcn,electrode,29,primary_joint,HYP,5,6156,2255.2553901076317,868.0
tcn,electrode,29,primary_joint,HYP,6,5066,2187.1281319260597,884.0
tcn,electrode,29,primary_joint,HYP,7,4064,2028.545585513115,1035.0
tcn,electrode,29,primary_joint,HYP,8,3830,2168.076609790325,1219.0
tcn,electrode,29,primary_joint,HYP,9,3686,2331.569401025772,1560.0
tcn,electrode,29,primary_joint,HYP,10,3305,2316.177124798298,1552.0
tcn,electrode,29,primary_joint,HYP,11,3616,2770.8958671689034,1894.0
tcn,electrode,29,primary_joint,HYP,12,3156,2632.3438088297844,1806.0
tcn,electrode,29,primary_joint,HYP,13,4852,4376.725039303303,3352.0
tcn,electrode,29,primary_joint,HYP,14,6440,6220.82928186655,5811.0
tcn,mixed,29,clean,NORM,0,770,9.079149210039759,11.0
tcn,mixed,29,clean,NORM,1,90,8.876755431294441,11.0
tcn,mixed,29,clean,NORM,2,48,7.9922629445791245,12.0
tcn,mixed,29,clean,NORM,3,46,10.778395667672157,14.0
tcn,mixed,29,clean,NORM,4,36,10.708954483270645,7.0
tcn,mixed,29,clean,NORM,5,32,11.859858632087708,10.0
tcn,mixed,29,clean,NORM,6,40,17.272700637578964,13.0
tcn,mixed,29,clean,NORM,7,36,17.948147982358932,19.0
tcn,mixed,29,clean,NORM,8,48,27.357433438301086,24.0
tcn,mixed,29,clean,NORM,9,40,25.19290429353714,23.0
tcn,mixed,29,clean,NORM,10,52,36.379065573215485,28.0
tcn,mixed,29,clean,NORM,11,61,46.87955689430237,38.0
tcn,mixed,29,clean,NORM,12,88,73.61326837539673,63.0
tcn,mixed,29,clean,NORM,13,157,141.9761233329773,119.0
tcn,mixed,29,clean,NORM,14,614,598.9440951943398,571.0
tcn,mixed,29,clean,MI,0,1229,18.53075765259564,51.0
tcn,mixed,29,clean,MI,1,167,15.62053032964468,31.0
tcn,mixed,29,clean,MI,2,116,19.01937784254551,30.0
tcn,mixed,29,clean,MI,3,72,16.54778803884983,31.0
tcn,mixed,29,clean,MI,4,49,14.843710362911224,22.0
tcn,mixed,29,clean,MI,5,45,16.451201528310776,23.0
tcn,mixed,29,clean,MI,6,36,15.614667475223541,18.0
tcn,mixed,29,clean,MI,7,37,18.369255274534225,22.0
tcn,mixed,29,clean,MI,8,35,19.795273780822754,20.0
tcn,mixed,29,clean,MI,9,32,20.272711873054504,17.0
tcn,mixed,29,clean,MI,10,40,28.18590009212494,27.0
tcn,mixed,29,clean,MI,11,36,27.647143065929413,26.0
tcn,mixed,29,clean,MI,12,51,42.26074260473251,38.0
tcn,mixed,29,clean,MI,13,48,43.30394369363785,37.0
tcn,mixed,29,clean,MI,14,165,160.9876462817192,157.0
tcn,mixed,29,clean,STTC,0,1099,17.350575158488937,26.0
tcn,mixed,29,clean,STTC,1,175,17.083646774291992,16.0
tcn,mixed,29,clean,STTC,2,99,16.32808144390583,11.0
tcn,mixed,29,clean,STTC,3,66,15.46997344493866,12.0
tcn,mixed,29,clean,STTC,4,66,19.58377692103386,11.0
tcn,mixed,29,clean,STTC,5,51,18.57981777191162,11.0
tcn,mixed,29,clean,STTC,6,33,14.278209239244461,11.0
tcn,mixed,29,clean,STTC,7,35,17.500313758850098,14.0
tcn,mixed,29,clean,STTC,8,44,24.974402964115143,27.0
tcn,mixed,29,clean,STTC,9,25,15.92274284362793,12.0
tcn,mixed,29,clean,STTC,10,40,27.909622311592102,25.0
tcn,mixed,29,clean,STTC,11,48,37.00867807865143,32.0
tcn,mixed,29,clean,STTC,12,75,62.89475721120834,53.0
tcn,mixed,29,clean,STTC,13,129,116.77313232421875,103.0
tcn,mixed,29,clean,STTC,14,173,166.80221509933472,157.0
tcn,mixed,29,clean,CD,0,1251,25.918407093267888,45.0
tcn,mixed,29,clean,CD,1,209,19.736212477087975,26.0
tcn,mixed,29,clean,CD,2,108,17.90220272541046,29.0
tcn,mixed,29,clean,CD,3,72,16.401886388659477,15.0
tcn,mixed,29,clean,CD,4,45,13.529779314994812,15.0
tcn,mixed,29,clean,CD,5,32,11.706018090248108,13.0
tcn,mixed,29,clean,CD,6,32,13.784507423639297,12.0
tcn,mixed,29,clean,CD,7,32,16.083514362573624,17.0
tcn,mixed,29,clean,CD,8,22,12.45064377784729,15.0
tcn,mixed,29,clean,CD,9,23,14.47449803352356,17.0
tcn,mixed,29,clean,CD,10,23,15.959460020065308,13.0
tcn,mixed,29,clean,CD,11,24,18.327196180820465,15.0
tcn,mixed,29,clean,CD,12,37,30.921954214572906,29.0
tcn,mixed,29,clean,CD,13,44,39.63470017910004,38.0
tcn,mixed,29,clean,CD,14,204,200.93566691875458,197.0
tcn,mixed,29,clean,HYP,0,1273,22.28688601893373,24.0
tcn,mixed,29,clean,HYP,1,218,20.45483025163412,13.0
tcn,mixed,29,clean,HYP,2,131,21.571678951382637,14.0
tcn,mixed,29,clean,HYP,3,74,17.143807128071785,9.0
tcn,mixed,29,clean,HYP,4,63,18.92909011244774,7.0
tcn,mixed,29,clean,HYP,5,55,20.302759498357773,7.0
tcn,mixed,29,clean,HYP,6,48,20.823060125112534,8.0
tcn,mixed,29,clean,HYP,7,27,13.367549508810043,8.0
tcn,mixed,29,clean,HYP,8,33,18.507787585258484,16.0
tcn,mixed,29,clean,HYP,9,29,18.360515773296356,12.0
tcn,mixed,29,clean,HYP,10,25,17.481320023536682,13.0
tcn,mixed,29,clean,HYP,11,32,24.766974449157715,21.0
tcn,mixed,29,clean,HYP,12,24,20.01310622692108,11.0
tcn,mixed,29,clean,HYP,13,49,44.145709693431854,34.0
tcn,mixed,29,clean,HYP,14,77,74.51614958047867,65.0
tcn,mixed,29,primary_joint,NORM,0,78651,1112.2005410208367,1583.0
tcn,mixed,29,primary_joint,NORM,1,11461,1114.580321148038,2167.0
tcn,mixed,29,primary_joint,NORM,2,7095,1174.935245141387,2250.0
tcn,mixed,29,primary_joint,NORM,3,6083,1418.4566742181778,2193.0
tcn,mixed,29,primary_joint,NORM,4,5150,1538.910155594349,2136.0
tcn,mixed,29,primary_joint,NORM,5,4801,1758.4445177018642,2246.0
tcn,mixed,29,primary_joint,NORM,6,4826,2092.487059980631,2484.0
tcn,mixed,29,primary_joint,NORM,7,4914,2458.8004321157932,2948.0
tcn,mixed,29,primary_joint,NORM,8,5468,3101.501633644104,3644.0
tcn,mixed,29,primary_joint,NORM,9,5434,3444.124317228794,3611.0
tcn,mixed,29,primary_joint,NORM,10,6077,4258.592133998871,4233.0
tcn,mixed,29,primary_joint,NORM,11,7043,5410.141277432442,5139.0
tcn,mixed,29,primary_joint,NORM,12,9905,8273.69926995039,7571.0
tcn,mixed,29,primary_joint,NORM,13,16917,15282.94580090046,14228.0
tcn,mixed,29,primary_joint,NORM,14,41975,40780.00682282448,39867.0
tcn,mixed,29,primary_joint,MI,0,105705,2078.2417894656537,3518.0
tcn,mixed,29,primary_joint,MI,1,22800,2176.4854058250785,3376.0
tcn,mixed,29,primary_joint,MI,2,13460,2219.7720313817263,3006.0
tcn,mixed,29,primary_joint,MI,3,9241,2135.120800971985,2968.0
tcn,mixed,29,primary_joint,MI,4,7137,2139.7408145964146,2631.0
tcn,mixed,29,primary_joint,MI,5,5866,2143.468392342329,2325.0
tcn,mixed,29,primary_joint,MI,6,5101,2208.9387900829315,2457.0
tcn,mixed,29,primary_joint,MI,7,4959,2480.200003117323,2653.0
tcn,mixed,29,primary_joint,MI,8,4664,2638.5737895965576,2615.0
tcn,mixed,29,primary_joint,MI,9,4240,2683.8106958270073,2678.0
tcn,mixed,29,primary_joint,MI,10,4576,3204.378929913044,2982.0
tcn,mixed,29,primary_joint,MI,11,4729,3626.532963871956,3368.0
tcn,mixed,29,primary_joint,MI,12,4939,4115.170596778393,3623.0
tcn,mixed,29,primary_joint,MI,13,6052,5457.759768366814,4885.0
tcn,mixed,29,primary_joint,MI,14,12331,11984.684583902359,11915.0
tcn,mixed,29,primary_joint,STTC,0,89822,1773.0300353021885,1395.0
tcn,mixed,29,primary_joint,STTC,1,20039,1945.7963609993458,1382.0
tcn,mixed,29,primary_joint,STTC,2,12542,2068.9921001791954,1186.0
tcn,mixed,29,primary_joint,STTC,3,9531,2208.9231043457985,1124.0
tcn,mixed,29,primary_joint,STTC,4,7923,2371.1765123307705,1148.0
tcn,mixed,29,primary_joint,STTC,5,6626,2422.5136560201645,1212.0
tcn,mixed,29,primary_joint,STTC,6,5984,2590.542203873396,1315.0
tcn,mixed,29,primary_joint,STTC,7,5352,2673.701532572508,1632.0
tcn,mixed,29,primary_joint,STTC,8,5386,3052.9787452816963,2277.0
tcn,mixed,29,primary_joint,STTC,9,5145,3257.415631175041,2525.0
tcn,mixed,29,primary_joint,STTC,10,5491,3846.898548722267,2991.0
tcn,mixed,29,primary_joint,STTC,11,6330,4866.625158250332,4144.0
tcn,mixed,29,primary_joint,STTC,12,8959,7478.986648619175,6587.0
tcn,mixed,29,primary_joint,STTC,13,13151,11880.646268188953,10773.0
tcn,mixed,29,primary_joint,STTC,14,13519,12993.786132395267,12409.0
tcn,mixed,29,primary_joint,CD,0,106867,2743.0259583774023,3471.0
tcn,mixed,29,primary_joint,CD,1,28086,2664.127686150372,2752.0
tcn,mixed,29,primary_joint,CD,2,14336,2354.02330724895,2728.0
tcn,mixed,29,primary_joint,CD,3,9223,2126.551809117198,1834.0
tcn,mixed,29,primary_joint,CD,4,5994,1787.3219595253468,1499.0
tcn,mixed,29,primary_joint,CD,5,4760,1740.585359096527,1560.0
tcn,mixed,29,primary_joint,CD,6,4134,1790.95600810647,1680.0
tcn,mixed,29,primary_joint,CD,7,3547,1772.574120491743,1654.0
tcn,mixed,29,primary_joint,CD,8,3187,1804.6737139225006,1664.0
tcn,mixed,29,primary_joint,CD,9,2866,1815.4023696184158,1845.0
tcn,mixed,29,primary_joint,CD,10,2754,1928.2000868916512,1855.0
tcn,mixed,29,primary_joint,CD,11,2857,2191.511139035225,1942.0
tcn,mixed,29,primary_joint,CD,12,3466,2891.0568086504936,2685.0
tcn,mixed,29,primary_joint,CD,13,4697,4235.020699560642,4043.0
tcn,mixed,29,primary_joint,CD,14,19026,18683.818484067917,18388.0
tcn,mixed,29,primary_joint,HYP,0,111607,2386.375625288114,1974.0
tcn,mixed,29,primary_joint,HYP,1,26118,2483.504322193563,1292.0
tcn,mixed,29,primary_joint,HYP,2,14664,2420.8901756852865,1211.0
tcn,mixed,29,primary_joint,HYP,3,9912,2295.121711075306,746.0
tcn,mixed,29,primary_joint,HYP,4,7542,2252.579624950886,712.0
tcn,mixed,29,primary_joint,HYP,5,6427,2349.0805749595165,860.0
tcn,mixed,29,primary_joint,HYP,6,5427,2345.7605960071087,974.0
tcn,mixed,29,primary_joint,HYP,7,4263,2123.617820620537,982.0
tcn,mixed,29,primary_joint,HYP,8,3875,2196.7641826868057,1262.0
tcn,mixed,29,primary_joint,HYP,9,3631,2298.7024599909782,1372.0
tcn,mixed,29,primary_joint,HYP,10,3637,2547.202743291855,1709.0
tcn,mixed,29,primary_joint,HYP,11,3760,2883.5763300657272,2005.0
tcn,mixed,29,primary_joint,HYP,12,3249,2708.380483686924,1724.0
tcn,mixed,29,primary_joint,HYP,13,5190,4681.97631329298,3543.0
tcn,mixed,29,primary_joint,HYP,14,6498,6278.1550632715225,5834.0
tcn,clean_only,43,clean,NORM,0,638,9.893515199713875,2.0
tcn,clean_only,43,clean,NORM,1,89,8.656711511313915,5.0
tcn,clean_only,43,clean,NORM,2,52,8.406891271471977,8.0
tcn,clean_only,43,clean,NORM,3,42,9.697419360280037,3.0
tcn,clean_only,43,clean,NORM,4,32,9.704278409481049,3.0
tcn,clean_only,43,clean,NORM,5,31,11.316422492265701,7.0
tcn,clean_only,43,clean,NORM,6,35,14.978562653064728,7.0
tcn,clean_only,43,clean,NORM,7,28,13.842634201049805,9.0
tcn,clean_only,43,clean,NORM,8,32,18.275798320770264,6.0
tcn,clean_only,43,clean,NORM,9,40,25.35172861814499,11.0
tcn,clean_only,43,clean,NORM,10,38,26.511783063411713,12.0
tcn,clean_only,43,clean,NORM,11,66,50.60575920343399,37.0
tcn,clean_only,43,clean,NORM,12,91,76.09878218173981,52.0
tcn,clean_only,43,clean,NORM,13,153,138.36296397447586,102.0
tcn,clean_only,43,clean,NORM,14,791,774.209192276001,699.0
tcn,clean_only,43,clean,MI,0,1125,18.527631237753667,43.0
tcn,clean_only,43,clean,MI,1,197,18.427777588367462,29.0
tcn,clean_only,43,clean,MI,2,103,16.87220712006092,21.0
tcn,clean_only,43,clean,MI,3,77,17.599830225110054,25.0
tcn,clean_only,43,clean,MI,4,64,19.009192019701004,25.0
tcn,clean_only,43,clean,MI,5,50,18.19523909687996,19.0
tcn,clean_only,43,clean,MI,6,42,18.286014705896378,18.0
tcn,clean_only,43,clean,MI,7,42,20.939862489700317,22.0
tcn,clean_only,43,clean,MI,8,49,27.771626353263855,31.0
tcn,clean_only,43,clean,MI,9,41,25.801856338977814,26.0
tcn,clean_only,43,clean,MI,10,47,32.8588992357254,34.0
tcn,clean_only,43,clean,MI,11,57,43.84948933124542,36.0
tcn,clean_only,43,clean,MI,12,55,45.828147649765015,37.0
tcn,clean_only,43,clean,MI,13,72,64.92483901977539,55.0
tcn,clean_only,43,clean,MI,14,137,133.28577435016632,129.0
tcn,clean_only,43,clean,STTC,0,1350,16.807244837546023,64.0
tcn,clean_only,43,clean,STTC,1,151,14.145939402282238,19.0
tcn,clean_only,43,clean,STTC,2,84,13.78804937005043,19.0
tcn,clean_only,43,clean,STTC,3,63,14.488584011793137,28.0
tcn,clean_only,43,clean,STTC,4,36,10.747420936822891,15.0
tcn,clean_only,43,clean,STTC,5,29,10.601828664541245,15.0
tcn,clean_only,43,clean,STTC,6,46,20.228911638259888,26.0
tcn,clean_only,43,clean,STTC,7,31,15.610996574163437,19.0
tcn,clean_only,43,clean,STTC,8,23,13.102178156375885,18.0
tcn,clean_only,43,clean,STTC,9,29,18.342146396636963,24.0
tcn,clean_only,43,clean,STTC,10,49,34.51737207174301,42.0
tcn,clean_only,43,clean,STTC,11,53,40.77729415893555,42.0
tcn,clean_only,43,clean,STTC,12,70,58.650669515132904,58.0
tcn,clean_only,43,clean,STTC,13,80,71.89220029115677,72.0
tcn,clean_only,43,clean,STTC,14,64,61.16701751947403,60.0
tcn,clean_only,43,clean,CD,0,1285,26.38154577696696,56.0
tcn,clean_only,43,clean,CD,1,205,19.585844203829765,27.0
tcn,clean_only,43,clean,CD,2,95,15.70364086329937,18.0
tcn,clean_only,43,clean,CD,3,69,16.112306967377663,23.0
tcn,clean_only,43,clean,CD,4,50,14.881126075983047,21.0
tcn,clean_only,43,clean,CD,5,37,13.523202538490295,13.0
tcn,clean_only,43,clean,CD,6,33,14.549057453870773,16.0
tcn,clean_only,43,clean,CD,7,17,8.558556824922562,11.0
tcn,clean_only,43,clean,CD,8,26,14.698814988136292,14.0
tcn,clean_only,43,clean,CD,9,21,13.230284690856934,15.0
tcn,clean_only,43,clean,CD,10,28,19.695053696632385,18.0
tcn,clean_only,43,clean,CD,11,22,16.86695569753647,16.0
tcn,clean_only,43,clean,CD,12,30,24.92162448167801,24.0
tcn,clean_only,43,clean,CD,13,39,35.19481164216995,30.0
tcn,clean_only,43,clean,CD,14,201,197.45815122127533,194.0
tcn,clean_only,43,clean,HYP,0,1498,22.331119976122864,41.0
tcn,clean_only,43,clean,HYP,1,180,17.659381933510303,14.0
tcn,clean_only,43,clean,HYP,2,111,17.964594021439552,14.0
tcn,clean_only,43,clean,HYP,3,74,16.965302139520645,16.0
tcn,clean_only,43,clean,HYP,4,49,14.527885258197784,13.0
tcn,clean_only,43,clean,HYP,5,33,11.96999478340149,12.0
tcn,clean_only,43,clean,HYP,6,19,8.249723017215729,10.0
tcn,clean_only,43,clean,HYP,7,25,12.36831048130989,14.0
tcn,clean_only,43,clean,HYP,8,17,9.703226745128632,12.0
tcn,clean_only,43,clean,HYP,9,15,9.320338129997253,11.0
tcn,clean_only,43,clean,HYP,10,21,14.685876429080963,14.0
tcn,clean_only,43,clean,HYP,11,21,16.192709743976593,11.0
tcn,clean_only,43,clean,HYP,12,19,15.77662068605423,15.0
tcn,clean_only,43,clean,HYP,13,28,25.191451370716095,18.0
tcn,clean_only,43,clean,HYP,14,48,46.55005806684494,47.0
tcn,clean_only,43,primary_joint,NORM,0,65237,1207.1889624468458,431.0
tcn,clean_only,43,primary_joint,NORM,1,12650,1214.2098500877619,1192.0
tcn,clean_only,43,primary_joint,NORM,2,7972,1318.9315511286259,1589.0
tcn,clean_only,43,primary_joint,NORM,3,5872,1367.5026925057173,1512.0
tcn,clean_only,43,primary_joint,NORM,4,5519,1656.344549357891,1921.0
tcn,clean_only,43,primary_joint,NORM,5,5344,1957.7981696128845,1984.0
tcn,clean_only,43,primary_joint,NORM,6,4962,2147.5339591503143,2230.0
tcn,clean_only,43,primary_joint,NORM,7,5108,2559.0588917434216,2468.0
tcn,clean_only,43,primary_joint,NORM,8,5762,3269.003157913685,3005.0
tcn,clean_only,43,primary_joint,NORM,9,6128,3878.54676926136,3666.0
tcn,clean_only,43,primary_joint,NORM,10,6573,4606.782964527607,4330.0
tcn,clean_only,43,primary_joint,NORM,11,8235,6322.94870954752,5804.0
tcn,clean_only,43,primary_joint,NORM,12,11094,9271.947428226471,8155.0
tcn,clean_only,43,primary_joint,NORM,13,18161,16404.761730909348,14394.0
tcn,clean_only,43,primary_joint,NORM,14,47183,45901.6693341136,43619.0
tcn,clean_only,43,primary_joint,MI,0,82121,1946.2629889583914,2138.0
tcn,clean_only,43,primary_joint,MI,1,26238,2532.370774112642,2603.0
tcn,clean_only,43,primary_joint,MI,2,15975,2628.087892919779,2028.0
tcn,clean_only,43,primary_joint,MI,3,11456,2651.4012149721384,2409.0
tcn,clean_only,43,primary_joint,MI,4,9604,2873.84531801939,2688.0
tcn,clean_only,43,primary_joint,MI,5,8233,3014.283356934786,2613.0
tcn,clean_only,43,primary_joint,MI,6,6833,2955.6448532640934,2521.0
tcn,clean_only,43,primary_joint,MI,7,6480,3238.539090126753,2923.0
tcn,clean_only,43,primary_joint,MI,8,6389,3617.6337409615517,3393.0
tcn,clean_only,43,primary_joint,MI,9,5942,3762.434991121292,3583.0
tcn,clean_only,43,primary_joint,MI,10,6128,4294.550006687641,3866.0
tcn,clean_only,43,primary_joint,MI,11,6301,4829.361582815647,4133.0
tcn,clean_only,43,primary_joint,MI,12,6772,5646.377819955349,4747.0
tcn,clean_only,43,primary_joint,MI,13,7275,6560.406294822693,5764.0
tcn,clean_only,43,primary_joint,MI,14,10053,9735.100504398346,9591.0
tcn,clean_only,43,primary_joint,STTC,0,108234,1872.3674368416541,2934.0
tcn,clean_only,43,primary_joint,STTC,1,22126,2128.506348915398,2584.0
tcn,clean_only,43,primary_joint,STTC,2,13172,2170.8032953441143,2185.0
tcn,clean_only,43,primary_joint,STTC,3,9734,2255.8091160357,2188.0
tcn,clean_only,43,primary_joint,STTC,4,7157,2139.486173272133,2459.0
tcn,clean_only,43,primary_joint,STTC,5,5948,2171.840042769909,2446.0
tcn,clean_only,43,primary_joint,STTC,6,5500,2382.2332141697407,2547.0
tcn,clean_only,43,primary_joint,STTC,7,5045,2519.3092021644115,2908.0
tcn,clean_only,43,primary_joint,STTC,8,4768,2703.477033674717,3132.0
tcn,clean_only,43,primary_joint,STTC,9,5017,3176.85268753767,3747.0
tcn,clean_only,43,primary_joint,STTC,10,5220,3658.3283367156982,4063.0
tcn,clean_only,43,primary_joint,STTC,11,6319,4851.759113609791,5139.0
tcn,clean_only,43,primary_joint,STTC,12,7211,6013.282664120197,6162.0
tcn,clean_only,43,primary_joint,STTC,13,6709,6035.822336614132,6099.0
tcn,clean_only,43,primary_joint,STTC,14,3640,3467.4546105265617,3507.0
tcn,clean_only,43,primary_joint,CD,0,91144,2622.9847592730075,3376.0
tcn,clean_only,43,primary_joint,CD,1,33330,3182.7689509764314,2502.0
tcn,clean_only,43,primary_joint,CD,2,17229,2814.245822072029,2197.0
tcn,clean_only,43,primary_joint,CD,3,11343,2628.641666159034,2350.0
tcn,clean_only,43,primary_joint,CD,4,7918,2359.173616796732,2022.0
tcn,clean_only,43,primary_joint,CD,5,5805,2123.2107225954533,1718.0
tcn,clean_only,43,primary_joint,CD,6,4886,2111.9725054204464,1654.0
tcn,clean_only,43,primary_joint,CD,7,4224,2105.689877539873,1759.0
tcn,clean_only,43,primary_joint,CD,8,3536,2004.8635583519936,1608.0
tcn,clean_only,43,primary_joint,CD,9,3418,2163.9521708488464,1857.0
tcn,clean_only,43,primary_joint,CD,10,3128,2192.42863124609,1834.0
tcn,clean_only,43,primary_joint,CD,11,3270,2506.276357769966,2342.0
tcn,clean_only,43,primary_joint,CD,12,3357,2802.422496855259,2671.0
tcn,clean_only,43,primary_joint,CD,13,4409,3976.788248896599,3450.0
tcn,clean_only,43,primary_joint,CD,14,18803,18434.46670484543,18260.0
tcn,clean_only,43,primary_joint,HYP,0,137861,2639.4106986334664,3519.0
tcn,clean_only,43,primary_joint,HYP,1,23954,2309.9287952184677,1571.0
tcn,clean_only,43,primary_joint,HYP,2,13378,2176.2727044075727,1429.0
tcn,clean_only,43,primary_joint,HYP,3,8224,1900.3195919692516,1798.0
tcn,clean_only,43,primary_joint,HYP,4,5560,1659.2512222230434,1434.0
tcn,clean_only,43,primary_joint,HYP,5,3768,1373.9171023070812,1291.0
tcn,clean_only,43,primary_joint,HYP,6,3088,1334.5315189361572,1362.0
tcn,clean_only,43,primary_joint,HYP,7,2398,1198.8099859654903,1237.0
tcn,clean_only,43,primary_joint,HYP,8,2313,1311.0240897536278,1296.0
tcn,clean_only,43,primary_joint,HYP,9,2120,1342.08134329319,1237.0
tcn,clean_only,43,primary_joint,HYP,10,2320,1623.177125096321,1425.0
tcn,clean_only,43,primary_joint,HYP,11,2253,1729.504810988903,1403.0
tcn,clean_only,43,primary_joint,HYP,12,2016,1679.6591782569885,1423.0
tcn,clean_only,43,primary_joint,HYP,13,2764,2493.134948015213,2002.0
tcn,clean_only,43,primary_joint,HYP,14,3783,3658.0035341978073,3773.0
tcn,independent_rms,43,clean,NORM,0,714,9.202638129761908,6.0
tcn,independent_rms,43,clean,NORM,1,89,8.639309450984001,12.0
tcn,independent_rms,43,clean,NORM,2,61,9.914425700902939,3.0
tcn,independent_rms,43,clean,NORM,3,40,9.404682710766792,10.0
tcn,independent_rms,43,clean,NORM,4,32,9.58162409067154,8.0
tcn,independent_rms,43,clean,NORM,5,37,13.474468678236008,11.0
tcn,independent_rms,43,clean,NORM,6,29,12.507266104221344,9.0
tcn,independent_rms,43,clean,NORM,7,39,19.407166570425034,10.0
tcn,independent_rms,43,clean,NORM,8,37,20.968627095222473,14.0
tcn,independent_rms,43,clean,NORM,9,42,26.671750962734222,21.0
tcn,independent_rms,43,clean,NORM,10,56,39.40805250406265,35.0
tcn,independent_rms,43,clean,NORM,11,65,49.81150144338608,38.0
tcn,independent_rms,43,clean,NORM,12,100,83.41911172866821,64.0
tcn,independent_rms,43,clean,NORM,13,167,150.97583746910095,126.0
tcn,independent_rms,43,clean,NORM,14,650,634.740572810173,596.0
tcn,independent_rms,43,clean,MI,0,1070,18.48340088094119,36.0
tcn,independent_rms,43,clean,MI,1,207,19.574356473982334,31.0
tcn,independent_rms,43,clean,MI,2,98,16.65276761353016,17.0
tcn,independent_rms,43,clean,MI,3,89,20.594723984599113,24.0
tcn,independent_rms,43,clean,MI,4,54,16.005139738321304,15.0
tcn,independent_rms,43,clean,MI,5,43,15.681671977043152,18.0
tcn,independent_rms,43,clean,MI,6,46,19.976140648126602,15.0
tcn,independent_rms,43,clean,MI,7,36,17.894326001405716,16.0
tcn,independent_rms,43,clean,MI,8,51,28.723409116268158,30.0
tcn,independent_rms,43,clean,MI,9,40,25.27883231639862,25.0
tcn,independent_rms,43,clean,MI,10,44,30.6520916223526,29.0
tcn,independent_rms,43,clean,MI,11,48,36.86914223432541,25.0
tcn,independent_rms,43,clean,MI,12,78,65.45574575662613,55.0
tcn,independent_rms,43,clean,MI,13,83,74.90973973274231,58.0
tcn,independent_rms,43,clean,MI,14,171,166.61533284187317,156.0
tcn,independent_rms,43,clean,STTC,0,1166,18.259242433297914,34.0
tcn,independent_rms,43,clean,STTC,1,174,16.75827504694462,21.0
tcn,independent_rms,43,clean,STTC,2,126,20.901706889271736,18.0
tcn,independent_rms,43,clean,STTC,3,71,16.58603224158287,15.0
tcn,independent_rms,43,clean,STTC,4,47,14.235745251178741,12.0
tcn,independent_rms,43,clean,STTC,5,49,17.820779114961624,20.0
tcn,independent_rms,43,clean,STTC,6,48,20.870979726314545,27.0
tcn,independent_rms,43,clean,STTC,7,28,14.005452752113342,15.0
tcn,independent_rms,43,clean,STTC,8,38,21.54735255241394,16.0
tcn,independent_rms,43,clean,STTC,9,30,18.95228135585785,20.0
tcn,independent_rms,43,clean,STTC,10,42,29.257065415382385,31.0
tcn,independent_rms,43,clean,STTC,11,52,39.90737974643707,40.0
tcn,independent_rms,43,clean,STTC,12,81,67.52209615707397,67.0
tcn,independent_rms,43,clean,STTC,13,109,98.19778448343277,93.0
tcn,independent_rms,43,clean,STTC,14,97,93.16279911994934,92.0
tcn,independent_rms,43,clean,CD,0,1147,27.60229404293932,38.0
tcn,independent_rms,43,clean,CD,1,260,24.76418112963438,37.0
tcn,independent_rms,43,clean,CD,2,114,18.751001462340355,20.0
tcn,independent_rms,43,clean,CD,3,76,17.471842721104622,15.0
tcn,independent_rms,43,clean,CD,4,63,18.681097596883774,13.0
tcn,independent_rms,43,clean,CD,5,44,16.024434089660645,17.0
tcn,independent_rms,43,clean,CD,6,39,16.825740784406662,21.0
tcn,independent_rms,43,clean,CD,7,36,18.06585720181465,21.0
tcn,independent_rms,43,clean,CD,8,30,17.053184628486633,17.0
tcn,independent_rms,43,clean,CD,9,21,13.256202161312103,10.0
tcn,independent_rms,43,clean,CD,10,26,18.303630113601685,16.0
tcn,independent_rms,43,clean,CD,11,31,23.647454142570496,21.0
tcn,independent_rms,43,clean,CD,12,35,29.302885234355927,27.0
tcn,independent_rms,43,clean,CD,13,44,39.78858304023743,38.0
tcn,independent_rms,43,clean,CD,14,192,188.41718327999115,185.0
tcn,independent_rms,43,clean,HYP,0,1495,21.76333420991432,46.0
tcn,independent_rms,43,clean,HYP,1,193,18.5389391630888,14.0
tcn,independent_rms,43,clean,HYP,2,116,19.359747245907784,15.0
tcn,independent_rms,43,clean,HYP,3,80,18.245571717619896,18.0
tcn,independent_rms,43,clean,HYP,4,48,14.489376962184906,17.0
tcn,independent_rms,43,clean,HYP,5,36,13.179084151983261,15.0
tcn,independent_rms,43,clean,HYP,6,20,8.721197932958603,9.0
tcn,independent_rms,43,clean,HYP,7,23,11.556496739387512,13.0
tcn,independent_rms,43,clean,HYP,8,12,6.708745062351227,10.0
tcn,independent_rms,43,clean,HYP,9,17,10.671798944473267,12.0
tcn,independent_rms,43,clean,HYP,10,22,15.396801590919495,13.0
tcn,independent_rms,43,clean,HYP,11,16,12.181308150291443,13.0
tcn,independent_rms,43,clean,HYP,12,22,18.303231954574585,13.0
tcn,independent_rms,43,clean,HYP,13,25,22.53457820415497,21.0
tcn,independent_rms,43,clean,HYP,14,33,31.923462986946106,33.0
tcn,independent_rms,43,primary_joint,NORM,0,72376,1131.3468687342247,944.0
tcn,independent_rms,43,primary_joint,NORM,1,12618,1219.7179605737329,1785.0
tcn,independent_rms,43,primary_joint,NORM,2,7931,1299.7739855647087,1767.0
tcn,independent_rms,43,primary_joint,NORM,3,6033,1402.3107124865055,2125.0
tcn,independent_rms,43,primary_joint,NORM,4,5918,1773.4027472436428,2417.0
tcn,independent_rms,43,primary_joint,NORM,5,5567,2038.9051798284054,2533.0
tcn,independent_rms,43,primary_joint,NORM,6,5463,2367.6802611649036,2832.0
tcn,independent_rms,43,primary_joint,NORM,7,5458,2730.8474739193916,3123.0
tcn,independent_rms,43,primary_joint,NORM,8,5528,3138.815102994442,3466.0
tcn,independent_rms,43,primary_joint,NORM,9,6019,3817.06605809927,4092.0
tcn,independent_rms,43,primary_joint,NORM,10,7357,5157.930476844311,5290.0
tcn,independent_rms,43,primary_joint,NORM,11,8447,6482.452388525009,6246.0
tcn,independent_rms,43,primary_joint,NORM,12,11272,9407.639521598816,8806.0
tcn,independent_rms,43,primary_joint,NORM,13,17087,15429.62480354309,14429.0
tcn,independent_rms,43,primary_joint,NORM,14,38726,37593.32922530174,36445.0
tcn,independent_rms,43,primary_joint,MI,0,82826,1967.1310501429252,1985.0
tcn,independent_rms,43,primary_joint,MI,1,25393,2447.77327042073,2547.0
tcn,independent_rms,43,primary_joint,MI,2,14642,2419.8666392713785,1958.0
tcn,independent_rms,43,primary_joint,MI,3,11388,2645.915683403611,2301.0
tcn,independent_rms,43,primary_joint,MI,4,9046,2701.407608151436,2195.0
tcn,independent_rms,43,primary_joint,MI,5,7213,2640.1612066328526,2218.0
tcn,independent_rms,43,primary_joint,MI,6,6565,2839.6698123812675,2228.0
tcn,independent_rms,43,primary_joint,MI,7,5978,2984.1726310551167,2489.0
tcn,independent_rms,43,primary_joint,MI,8,5481,3101.225144505501,2643.0
tcn,independent_rms,43,primary_joint,MI,9,5501,3485.124119400978,3099.0
tcn,independent_rms,43,primary_joint,MI,10,5886,4121.619405686855,3432.0
tcn,independent_rms,43,primary_joint,MI,11,6111,4685.5027331113815,3900.0
tcn,independent_rms,43,primary_joint,MI,12,7940,6632.252318561077,5436.0
tcn,independent_rms,43,primary_joint,MI,13,8450,7614.804974555969,6209.0
tcn,independent_rms,43,primary_joint,MI,14,13380,12989.317397356033,12360.0
tcn,independent_rms,43,primary_joint,STTC,0,96306,1934.5556431540172,1772.0
tcn,independent_rms,43,primary_joint,STTC,1,22650,2185.752272218466,2055.0
tcn,independent_rms,43,primary_joint,STTC,2,14542,2402.9642698019743,1735.0
tcn,independent_rms,43,primary_joint,STTC,3,10328,2393.0986716151237,1675.0
tcn,independent_rms,43,primary_joint,STTC,4,8347,2493.208338737488,1899.0
tcn,independent_rms,43,primary_joint,STTC,5,6705,2449.9355988502502,2155.0
tcn,independent_rms,43,primary_joint,STTC,6,6055,2621.674895912409,2683.0
tcn,independent_rms,43,primary_joint,STTC,7,5356,2672.752940684557,2539.0
tcn,independent_rms,43,primary_joint,STTC,8,4851,2750.8028811216354,2460.0
tcn,independent_rms,43,primary_joint,STTC,9,5091,3227.925883114338,3355.0
tcn,independent_rms,43,primary_joint,STTC,10,5546,3885.9763801693916,4095.0
tcn,independent_rms,43,primary_joint,STTC,11,6309,4841.83561861515,4735.0
tcn,independent_rms,43,primary_joint,STTC,12,8059,6731.0726246237755,6680.0
tcn,independent_rms,43,primary_joint,STTC,13,9389,8450.049693048,8331.0
tcn,independent_rms,43,primary_joint,STTC,14,6266,6000.2269787192345,5931.0
tcn,independent_rms,43,primary_joint,CD,0,77773,2385.3393480195664,2197.0
tcn,independent_rms,43,primary_joint,CD,1,34736,3342.7068631500006,2896.0
tcn,independent_rms,43,primary_joint,CD,2,18790,3076.7489586621523,2103.0
tcn,independent_rms,43,primary_joint,CD,3,12452,2875.958174750209,1816.0
tcn,independent_rms,43,primary_joint,CD,4,9205,2748.715719997883,1577.0
tcn,independent_rms,43,primary_joint,CD,5,7466,2726.4966799020767,1804.0
tcn,independent_rms,43,primary_joint,CD,6,6051,2617.312423467636,1827.0
tcn,independent_rms,43,primary_joint,CD,7,5233,2615.1817779541016,2054.0
tcn,independent_rms,43,primary_joint,CD,8,4780,2705.7942720651627,2058.0
tcn,independent_rms,43,primary_joint,CD,9,4145,2619.999498665333,1836.0
tcn,independent_rms,43,primary_joint,CD,10,3473,2430.942545592785,1761.0
tcn,independent_rms,43,primary_joint,CD,11,3568,2738.492020070553,2133.0
tcn,independent_rms,43,primary_joint,CD,12,4115,3436.7276757359505,3058.0
tcn,independent_rms,43,primary_joint,CD,13,5190,4682.302206456661,4277.0
tcn,independent_rms,43,primary_joint,CD,14,18823,18437.951501846313,18203.0
tcn,independent_rms,43,primary_joint,HYP,0,139011,2603.3069109526696,3743.0
tcn,independent_rms,43,primary_joint,HYP,1,23492,2252.703657142818,1711.0
tcn,independent_rms,43,primary_joint,HYP,2,14018,2308.793564081192,1377.0
tcn,independent_rms,43,primary_joint,HYP,3,8820,2022.0309868007898,1954.0
tcn,independent_rms,43,primary_joint,HYP,4,5694,1707.292102754116,1659.0
tcn,independent_rms,43,primary_joint,HYP,5,4066,1484.0342132747173,1595.0
tcn,independent_rms,43,primary_joint,HYP,6,2986,1290.4201593399048,1312.0
tcn,independent_rms,43,primary_joint,HYP,7,2568,1282.6587189137936,1420.0
tcn,independent_rms,43,primary_joint,HYP,8,1881,1063.0404885411263,1118.0
tcn,independent_rms,43,primary_joint,HYP,9,1954,1237.0588001012802,1250.0
tcn,independent_rms,43,primary_joint,HYP,10,2144,1502.960718691349,1491.0
tcn,independent_rms,43,primary_joint,HYP,11,1962,1503.5694326758385,1334.0
tcn,independent_rms,43,primary_joint,HYP,12,1954,1629.2569529414177,1271.0
tcn,independent_rms,43,primary_joint,HYP,13,2546,2293.1127007603645,2261.0
tcn,independent_rms,43,primary_joint,HYP,14,2704,2608.9841957092285,2704.0
tcn,electrode,43,clean,NORM,0,717,9.420734329003608,6.0
tcn,electrode,43,clean,NORM,1,86,8.282970495522022,11.0
tcn,electrode,43,clean,NORM,2,58,9.561574041843414,5.0
tcn,electrode,43,clean,NORM,3,39,9.087203487753868,9.0
tcn,electrode,43,clean,NORM,4,39,11.782093524932861,10.0
tcn,electrode,43,clean,NORM,5,35,12.80751022696495,10.0
tcn,electrode,43,clean,NORM,6,29,12.57404512166977,10.0
tcn,electrode,43,clean,NORM,7,36,18.009491205215454,8.0
tcn,electrode,43,clean,NORM,8,33,18.696311950683594,13.0
tcn,electrode,43,clean,NORM,9,44,27.717790365219116,23.0
tcn,electrode,43,clean,NORM,10,50,35.020847141742706,28.0
tcn,electrode,43,clean,NORM,11,71,54.70713430643082,45.0
tcn,electrode,43,clean,NORM,12,95,79.51491057872772,55.0
tcn,electrode,43,clean,NORM,13,165,149.06632900238037,125.0
tcn,electrode,43,clean,NORM,14,661,645.6067677140236,605.0
tcn,electrode,43,clean,MI,0,1136,19.265353799331933,43.0
tcn,electrode,43,clean,MI,1,176,16.75933860987425,33.0
tcn,electrode,43,clean,MI,2,119,19.755676478147507,21.0
tcn,electrode,43,clean,MI,3,68,15.727566629648209,22.0
tcn,electrode,43,clean,MI,4,55,16.318927228450775,14.0
tcn,electrode,43,clean,MI,5,40,14.604873031377792,21.0
tcn,electrode,43,clean,MI,6,46,19.85953587293625,19.0
tcn,electrode,43,clean,MI,7,42,21.02807554602623,18.0
tcn,electrode,43,clean,MI,8,38,21.31087213754654,29.0
tcn,electrode,43,clean,MI,9,46,29.23711633682251,27.0
tcn,electrode,43,clean,MI,10,33,22.971306681632996,19.0
tcn,electrode,43,clean,MI,11,57,43.68971359729767,36.0
tcn,electrode,43,clean,MI,12,64,53.45827275514603,42.0
tcn,electrode,43,clean,MI,13,86,77.76688021421432,65.0
tcn,electrode,43,clean,MI,14,152,148.30488914251328,141.0
tcn,electrode,43,clean,STTC,0,1155,18.065245905221673,30.0
tcn,electrode,43,clean,STTC,1,176,17.041064105927944,24.0
tcn,electrode,43,clean,STTC,2,116,19.113281056284904,14.0
tcn,electrode,43,clean,STTC,3,68,15.438584491610527,13.0
tcn,electrode,43,clean,STTC,4,55,16.41111123561859,14.0
tcn,electrode,43,clean,STTC,5,51,18.59762552380562,18.0
tcn,electrode,43,clean,STTC,6,39,16.74452531337738,26.0
tcn,electrode,43,clean,STTC,7,40,19.79858487844467,19.0
tcn,electrode,43,clean,STTC,8,35,19.918957352638245,16.0
tcn,electrode,43,clean,STTC,9,34,21.47880846261978,20.0
tcn,electrode,43,clean,STTC,10,45,31.56333690881729,32.0
tcn,electrode,43,clean,STTC,11,49,37.94718670845032,38.0
tcn,electrode,43,clean,STTC,12,80,66.78735679388046,63.0
tcn,electrode,43,clean,STTC,13,111,100.07736891508102,95.0
tcn,electrode,43,clean,STTC,14,104,99.88484787940979,99.0
tcn,electrode,43,clean,CD,0,1137,28.7919888200704,38.0
tcn,electrode,43,clean,CD,1,244,23.264532171189785,35.0
tcn,electrode,43,clean,CD,2,123,20.11096642911434,20.0
tcn,electrode,43,clean,CD,3,82,18.746911093592644,15.0
tcn,electrode,43,clean,CD,4,60,18.032396376132965,12.0
tcn,electrode,43,clean,CD,5,45,16.516444087028503,14.0
tcn,electrode,43,clean,CD,6,42,18.097766041755676,18.0
tcn,electrode,43,clean,CD,7,33,16.624011278152466,24.0
tcn,electrode,43,clean,CD,8,25,14.226680934429169,11.0
tcn,electrode,43,clean,CD,9,31,19.60972672700882,16.0
tcn,electrode,43,clean,CD,10,23,16.03629583120346,16.0
tcn,electrode,43,clean,CD,11,33,25.38530933856964,21.0
tcn,electrode,43,clean,CD,12,35,29.223655104637146,27.0
tcn,electrode,43,clean,CD,13,42,37.85969465970993,35.0
tcn,electrode,43,clean,CD,14,203,199.28963327407837,194.0
tcn,electrode,43,clean,HYP,0,1505,21.64023674838245,47.0
tcn,electrode,43,clean,HYP,1,191,18.462793737649918,15.0
tcn,electrode,43,clean,HYP,2,121,20.311877995729446,15.0
tcn,electrode,43,clean,HYP,3,70,16.021319404244423,17.0
tcn,electrode,43,clean,HYP,4,51,15.406770378351212,19.0
tcn,electrode,43,clean,HYP,5,31,11.301813453435898,13.0
tcn,electrode,43,clean,HYP,6,22,9.526344448328018,9.0
tcn,electrode,43,clean,HYP,7,22,11.028727054595947,13.0
tcn,electrode,43,clean,HYP,8,13,7.380605101585388,11.0
tcn,electrode,43,clean,HYP,9,16,10.014002025127411,11.0
tcn,electrode,43,clean,HYP,10,21,14.70138019323349,13.0
tcn,electrode,43,clean,HYP,11,18,13.749724507331848,14.0
tcn,electrode,43,clean,HYP,12,18,15.022019803524017,11.0
tcn,electrode,43,clean,HYP,13,26,23.436835527420044,21.0
tcn,electrode,43,clean,HYP,14,33,31.933447778224945,33.0
tcn,electrode,43,primary_joint,NORM,0,68607,1065.4387783669808,575.0
tcn,electrode,43,primary_joint,NORM,1,11720,1129.117649383843,1323.0
tcn,electrode,43,primary_joint,NORM,2,7316,1205.5097992569208,1021.0
tcn,electrode,43,primary_joint,NORM,3,5278,1226.1934728324413,1401.0
tcn,electrode,43,primary_joint,NORM,4,5066,1517.345395296812,1548.0
tcn,electrode,43,primary_joint,NORM,5,4622,1691.169928520918,1613.0
tcn,electrode,43,primary_joint,NORM,6,4897,2122.8429904282093,2130.0
tcn,electrode,43,primary_joint,NORM,7,4824,2412.290290802717,2320.0
tcn,electrode,43,primary_joint,NORM,8,5404,3064.0450800657272,3008.0
tcn,electrode,43,primary_joint,NORM,9,5553,3519.5702953338623,3342.0
tcn,electrode,43,primary_joint,NORM,10,6678,4683.048565387726,4275.0
tcn,electrode,43,primary_joint,NORM,11,8502,6523.395428240299,5834.0
tcn,electrode,43,primary_joint,NORM,12,11206,9366.48193180561,8276.0
tcn,electrode,43,primary_joint,NORM,13,18423,16647.531550824642,15096.0
tcn,electrode,43,primary_joint,NORM,14,47704,46344.88444572687,44538.0
tcn,electrode,43,primary_joint,MI,0,97389,2074.1954098233837,3117.0
tcn,electrode,43,primary_joint,MI,1,22982,2202.562254294753,3174.0
tcn,electrode,43,primary_joint,MI,2,13987,2309.0164989829063,2438.0
tcn,electrode,43,primary_joint,MI,3,9830,2275.7043601721525,2361.0
tcn,electrode,43,primary_joint,MI,4,7588,2263.3122139573097,2236.0
tcn,electrode,43,primary_joint,MI,5,6298,2306.5486685037613,2366.0
tcn,electrode,43,primary_joint,MI,6,5655,2445.138480812311,2283.0
tcn,electrode,43,primary_joint,MI,7,5015,2502.080489784479,2491.0
tcn,electrode,43,primary_joint,MI,8,4780,2710.9767926335335,2695.0
tcn,electrode,43,primary_joint,MI,9,5155,3267.0649932026863,3059.0
tcn,electrode,43,primary_joint,MI,10,5047,3533.8289000988007,3225.0
tcn,electrode,43,primary_joint,MI,11,5645,4332.732088625431,3816.0
tcn,electrode,43,primary_joint,MI,12,6741,5618.409355342388,4633.0
tcn,electrode,43,primary_joint,MI,13,7646,6893.584413528442,5763.0
tcn,electrode,43,primary_joint,MI,14,12042,11694.608737885952,11343.0
tcn,electrode,43,primary_joint,STTC,0,100729,1877.5032452404266,1916.0
tcn,electrode,43,primary_joint,STTC,1,21387,2061.540751762688,2198.0
tcn,electrode,43,primary_joint,STTC,2,13739,2267.7551618665457,1762.0
tcn,electrode,43,primary_joint,STTC,3,9663,2234.663376390934,1484.0
tcn,electrode,43,primary_joint,STTC,4,7789,2326.7984448373318,1813.0
tcn,electrode,43,primary_joint,STTC,5,6291,2302.2500989735126,2080.0
tcn,electrode,43,primary_joint,STTC,6,5655,2449.075430124998,2552.0
tcn,electrode,43,primary_joint,STTC,7,5190,2591.086986154318,2550.0
tcn,electrode,43,primary_joint,STTC,8,4647,2633.7759516835213,2406.0
tcn,electrode,43,primary_joint,STTC,9,4769,3022.800994694233,3126.0
tcn,electrode,43,primary_joint,STTC,10,5365,3756.7539023160934,3919.0
tcn,electrode,43,primary_joint,STTC,11,5938,4563.152413010597,4596.0
tcn,electrode,43,primary_joint,STTC,12,8108,6774.285449743271,6674.0
tcn,electrode,43,primary_joint,STTC,13,9674,8709.387842178345,8522.0
tcn,electrode,43,primary_joint,STTC,14,6856,6565.398098647594,6502.0
tcn,electrode,43,primary_joint,CD,0,89495,2702.871078428114,2697.0
tcn,electrode,43,primary_joint,CD,1,34160,3252.8666137233377,3273.0
tcn,electrode,43,primary_joint,CD,2,17048,2784.7859378904104,2237.0
tcn,electrode,43,primary_joint,CD,3,10889,2517.21579810977,1686.0
tcn,electrode,43,primary_joint,CD,4,7944,2374.6773406863213,1755.0
tcn,electrode,43,primary_joint,CD,5,6228,2281.0988965034485,1771.0
tcn,electrode,43,primary_joint,CD,6,5193,2249.052837461233,1878.0
tcn,electrode,43,primary_joint,CD,7,4425,2205.3284189403057,1957.0
tcn,electrode,43,primary_joint,CD,8,3899,2207.5904827713966,1794.0
tcn,electrode,43,primary_joint,CD,9,3306,2090.1948593854904,1731.0
tcn,electrode,43,primary_joint,CD,10,2847,1991.4758941531181,1753.0
tcn,electrode,43,primary_joint,CD,11,2962,2274.819860458374,1940.0
tcn,electrode,43,primary_joint,CD,12,3967,3309.0134855508804,3123.0
tcn,electrode,43,primary_joint,CD,13,4525,4079.3575976490974,3753.0
tcn,electrode,43,primary_joint,CD,14,18912,18544.871907413006,18252.0
tcn,electrode,43,primary_joint,HYP,0,145496,2501.4322975373943,4210.0
tcn,electrode,43,primary_joint,HYP,1,20932,2013.0298761799932,1649.0
tcn,electrode,43,primary_joint,HYP,2,13574,2237.589463829994,1591.0
tcn,electrode,43,primary_joint,HYP,3,7457,1709.8280929625034,1925.0
tcn,electrode,43,primary_joint,HYP,4,5389,1610.7464899420738,1627.0
tcn,electrode,43,primary_joint,HYP,5,3590,1310.2113282978535,1461.0
tcn,electrode,43,primary_joint,HYP,6,2560,1105.898906558752,1293.0
tcn,electrode,43,primary_joint,HYP,7,2370,1184.1273098886013,1361.0
tcn,electrode,43,primary_joint,HYP,8,1705,964.0904521942139,1099.0
tcn,electrode,43,primary_joint,HYP,9,1764,1117.2790236473083,1183.0
tcn,electrode,43,primary_joint,HYP,10,1978,1387.2197455763817,1363.0
tcn,electrode,43,primary_joint,HYP,11,1899,1454.2276585102081,1298.0
tcn,electrode,43,primary_joint,HYP,12,1802,1501.8140997290611,1199.0
tcn,electrode,43,primary_joint,HYP,13,2517,2265.8785311579704,2174.0
tcn,electrode,43,primary_joint,HYP,14,2767,2671.171423137188,2767.0
tcn,mixed,43,clean,NORM,0,651,9.707000834227074,4.0
tcn,mixed,43,clean,NORM,1,95,9.202865943312645,6.0
tcn,mixed,43,clean,NORM,2,50,8.289109766483307,7.0
tcn,mixed,43,clean,NORM,3,45,10.418511793017387,4.0
tcn,mixed,43,clean,NORM,4,32,9.572238177061081,3.0
tcn,mixed,43,clean,NORM,5,29,10.51210841536522,7.0
tcn,mixed,43,clean,NORM,6,35,15.081916898488998,9.0
tcn,mixed,43,clean,NORM,7,32,16.148158013820648,9.0
tcn,mixed,43,clean,NORM,8,32,18.07982325553894,9.0
tcn,mixed,43,clean,NORM,9,36,22.82075935602188,9.0
tcn,mixed,43,clean,NORM,10,52,36.386400640010834,20.0
tcn,mixed,43,clean,NORM,11,61,47.03187829256058,39.0
tcn,mixed,43,clean,NORM,12,85,71.38668596744537,52.0
tcn,mixed,43,clean,NORM,13,165,149.35433346033096,102.0
tcn,mixed,43,clean,NORM,14,758,741.2715767621994,683.0
tcn,mixed,43,clean,MI,0,1079,18.999613350024447,39.0
tcn,mixed,43,clean,MI,1,213,20.190959312021732,28.0
tcn,mixed,43,clean,MI,2,94,15.431126534938812,16.0
tcn,mixed,43,clean,MI,3,90,20.750476583838463,22.0
tcn,mixed,43,clean,MI,4,69,20.79995283484459,25.0
tcn,mixed,43,clean,MI,5,42,15.426227629184723,19.0
tcn,mixed,43,clean,MI,6,46,19.97023633122444,17.0
tcn,mixed,43,clean,MI,7,44,21.95825207233429,27.0
tcn,mixed,43,clean,MI,8,42,23.82473611831665,24.0
tcn,mixed,43,clean,MI,9,46,29.10557794570923,31.0
tcn,mixed,43,clean,MI,10,46,32.45716369152069,31.0
tcn,mixed,43,clean,MI,11,59,45.36671447753906,32.0
tcn,mixed,43,clean,MI,12,54,45.217132806777954,37.0
tcn,mixed,43,clean,MI,13,88,79.17187964916229,66.0
tcn,mixed,43,clean,MI,14,146,142.07483422756195,136.0
tcn,mixed,43,clean,STTC,0,1333,17.41515341727063,59.0
tcn,mixed,43,clean,STTC,1,161,15.269504979252815,24.0
tcn,mixed,43,clean,STTC,2,79,12.918417155742645,18.0
tcn,mixed,43,clean,STTC,3,62,14.389198079705238,24.0
tcn,mixed,43,clean,STTC,4,42,12.466043829917908,16.0
tcn,mixed,43,clean,STTC,5,29,10.745569378137589,15.0
tcn,mixed,43,clean,STTC,6,35,15.111846387386322,22.0
tcn,mixed,43,clean,STTC,7,41,20.429418861865997,23.0
tcn,mixed,43,clean,STTC,8,21,11.976275563240051,17.0
tcn,mixed,43,clean,STTC,9,35,22.26170241832733,28.0
tcn,mixed,43,clean,STTC,10,41,28.893764436244965,33.0
tcn,mixed,43,clean,STTC,11,55,42.39163076877594,41.0
tcn,mixed,43,clean,STTC,12,62,51.935778737068176,51.0
tcn,mixed,43,clean,STTC,13,90,80.82676577568054,83.0
tcn,mixed,43,clean,STTC,14,72,69.0237648487091,67.0
tcn,mixed,43,clean,CD,0,1308,26.80398088390939,60.0
tcn,mixed,43,clean,CD,1,203,19.192693069577217,29.0
tcn,mixed,43,clean,CD,2,105,17.37106929719448,25.0
tcn,mixed,43,clean,CD,3,60,13.959764018654823,20.0
tcn,mixed,43,clean,CD,4,52,15.576688140630722,20.0
tcn,mixed,43,clean,CD,5,33,11.961574077606201,15.0
tcn,mixed,43,clean,CD,6,31,13.434379011392593,15.0
tcn,mixed,43,clean,CD,7,17,8.392070949077606,11.0
tcn,mixed,43,clean,CD,8,27,15.2715362906456,18.0
tcn,mixed,43,clean,CD,9,21,13.269530475139618,11.0
tcn,mixed,43,clean,CD,10,28,19.531465232372284,20.0
tcn,mixed,43,clean,CD,11,18,13.790969729423523,15.0
tcn,mixed,43,clean,CD,12,31,26.00370079278946,26.0
tcn,mixed,43,clean,CD,13,38,34.20095592737198,31.0
tcn,mixed,43,clean,CD,14,186,182.5792989730835,180.0
tcn,mixed,43,clean,HYP,0,1522,21.348198430787306,44.0
tcn,mixed,43,clean,HYP,1,181,17.60710658878088,14.0
tcn,mixed,43,clean,HYP,2,105,16.968052372336388,17.0
tcn,mixed,43,clean,HYP,3,65,15.019857630133629,12.0
tcn,mixed,43,clean,HYP,4,48,14.351731151342392,11.0
tcn,mixed,43,clean,HYP,5,31,11.318737417459488,16.0
tcn,mixed,43,clean,HYP,6,23,9.977984458208084,10.0
tcn,mixed,43,clean,HYP,7,26,13.058354049921036,20.0
tcn,mixed,43,clean,HYP,8,12,6.854040324687958,6.0
tcn,mixed,43,clean,HYP,9,18,11.502187132835388,14.0
tcn,mixed,43,clean,HYP,10,18,12.532864809036255,13.0
tcn,mixed,43,clean,HYP,11,17,13.057255208492279,8.0
tcn,mixed,43,clean,HYP,12,20,16.69162142276764,13.0
tcn,mixed,43,clean,HYP,13,28,25.330116093158722,20.0
tcn,mixed,43,clean,HYP,14,44,42.755331158638,44.0
tcn,mixed,43,primary_joint,NORM,0,60561,1134.8485238488938,290.0
tcn,mixed,43,primary_joint,NORM,1,11098,1071.6539541631937,542.0
tcn,mixed,43,primary_joint,NORM,2,7006,1157.3694132566452,848.0
tcn,mixed,43,primary_joint,NORM,3,5353,1240.515927568078,732.0
tcn,mixed,43,primary_joint,NORM,4,4611,1380.6142227351665,854.0
tcn,mixed,43,primary_joint,NORM,5,4410,1614.3673340380192,1166.0
tcn,mixed,43,primary_joint,NORM,6,4315,1869.9024447500706,1276.0
tcn,mixed,43,primary_joint,NORM,7,4286,2146.153510391712,1530.0
tcn,mixed,43,primary_joint,NORM,8,4751,2694.7451933026314,1879.0
tcn,mixed,43,primary_joint,NORM,9,5422,3436.9748890399933,2384.0
tcn,mixed,43,primary_joint,NORM,10,6114,4287.570255458355,3435.0
tcn,mixed,43,primary_joint,NORM,11,8071,6203.554200172424,5073.0
tcn,mixed,43,primary_joint,NORM,12,11273,9416.834896624088,7683.0
tcn,mixed,43,primary_joint,NORM,13,19570,17682.09504890442,14491.0
tcn,mixed,43,primary_joint,NORM,14,58959,57369.421431064606,54117.0
tcn,mixed,43,primary_joint,MI,0,93029,2061.7845755879534,2611.0
tcn,mixed,43,primary_joint,MI,1,25174,2420.495191268623,3071.0
tcn,mixed,43,primary_joint,MI,2,14360,2356.993514880538,2234.0
tcn,mixed,43,primary_joint,MI,3,10403,2416.791400447488,2411.0
tcn,mixed,43,primary_joint,MI,4,8298,2482.879080116749,2601.0
tcn,mixed,43,primary_joint,MI,5,6789,2483.997448503971,2598.0
tcn,mixed,43,primary_joint,MI,6,6005,2597.9675818383694,2569.0
tcn,mixed,43,primary_joint,MI,7,5414,2708.3707260489464,2719.0
tcn,mixed,43,primary_joint,MI,8,5301,3007.4806984066963,3057.0
tcn,mixed,43,primary_joint,MI,9,5236,3316.182509660721,3405.0
tcn,mixed,43,primary_joint,MI,10,5341,3742.8325775265694,3422.0
tcn,mixed,43,primary_joint,MI,11,5793,4442.922291815281,3741.0
tcn,mixed,43,primary_joint,MI,12,6457,5389.547835469246,4606.0
tcn,mixed,43,primary_joint,MI,13,7594,6839.537392318249,5921.0
tcn,mixed,43,primary_joint,MI,14,10606,10276.341425180435,10034.0
tcn,mixed,43,primary_joint,STTC,0,119809,1856.224996743258,3870.0
tcn,mixed,43,primary_joint,STTC,1,20936,2020.614265397191,3063.0
tcn,mixed,43,primary_joint,STTC,2,11154,1826.7479145377874,2063.0
tcn,mixed,43,primary_joint,STTC,3,8072,1872.460684671998,2512.0
tcn,mixed,43,primary_joint,STTC,4,5976,1782.2074425518513,2456.0
tcn,mixed,43,primary_joint,STTC,5,4972,1820.6209664046764,2373.0
tcn,mixed,43,primary_joint,STTC,6,4591,1986.487125724554,2631.0
tcn,mixed,43,primary_joint,STTC,7,4344,2166.1931272149086,2816.0
tcn,mixed,43,primary_joint,STTC,8,3932,2227.214242517948,2871.0
tcn,mixed,43,primary_joint,STTC,9,4210,2665.927860915661,3395.0
tcn,mixed,43,primary_joint,STTC,10,4501,3155.6094507575035,3613.0
tcn,mixed,43,primary_joint,STTC,11,5624,4316.12402009964,4457.0
tcn,mixed,43,primary_joint,STTC,12,6381,5320.956679344177,5536.0
tcn,mixed,43,primary_joint,STTC,13,6922,6221.800795912743,6242.0
tcn,mixed,43,primary_joint,STTC,14,4376,4179.296982884407,4202.0
tcn,mixed,43,primary_joint,CD,0,115823,3027.259352454217,4828.0
tcn,mixed,43,primary_joint,CD,1,28290,2686.6163569539785,3443.0
tcn,mixed,43,primary_joint,CD,2,13161,2158.5844613164663,2996.0
tcn,mixed,43,primary_joint,CD,3,8370,1937.6248394399881,2423.0
tcn,mixed,43,primary_joint,CD,4,6001,1790.5742040276527,1997.0
tcn,mixed,43,primary_joint,CD,5,4388,1601.8552222847939,1737.0
tcn,mixed,43,primary_joint,CD,6,3507,1518.5958036780357,1585.0
tcn,mixed,43,primary_joint,CD,7,2727,1362.652036368847,1452.0
tcn,mixed,43,primary_joint,CD,8,2730,1548.8067421913147,1675.0
tcn,mixed,43,primary_joint,CD,9,2635,1668.297552704811,1749.0
tcn,mixed,43,primary_joint,CD,10,2364,1654.0087751746178,1872.0
tcn,mixed,43,primary_joint,CD,11,2187,1676.4754267930984,1774.0
tcn,mixed,43,primary_joint,CD,12,3010,2515.165379703045,2373.0
tcn,mixed,43,primary_joint,CD,13,3915,3530.073780834675,3322.0
tcn,mixed,43,primary_joint,CD,14,16692,16335.756156861782,16374.0
tcn,mixed,43,primary_joint,HYP,0,146540,2444.1776678982424,4023.0
tcn,mixed,43,primary_joint,HYP,1,20458,1978.9582740888,1457.0
tcn,mixed,43,primary_joint,HYP,2,11704,1905.8397547006607,1592.0
tcn,mixed,43,primary_joint,HYP,3,7210,1677.0194116681814,1581.0
tcn,mixed,43,primary_joint,HYP,4,4863,1449.8094389140606,1361.0
tcn,mixed,43,primary_joint,HYP,5,3478,1269.502162516117,1268.0
tcn,mixed,43,primary_joint,HYP,6,2626,1137.4456672668457,1305.0
tcn,mixed,43,primary_joint,HYP,7,2440,1216.8131658434868,1478.0
tcn,mixed,43,primary_joint,HYP,8,1965,1109.665813446045,1161.0
tcn,mixed,43,primary_joint,HYP,9,1862,1181.3700167536736,1179.0
tcn,mixed,43,primary_joint,HYP,10,1972,1378.9730232954025,1326.0
tcn,mixed,43,primary_joint,HYP,11,1952,1498.1309432387352,1254.0
tcn,mixed,43,primary_joint,HYP,12,2062,1718.0308935046196,1247.0
tcn,mixed,43,primary_joint,HYP,13,2729,2462.9319409132004,2037.0
tcn,mixed,43,primary_joint,HYP,14,3939,3815.413046479225,3931.0
tcn,clean_only,101,clean,NORM,0,648,7.874592846608721,4.0
tcn,clean_only,101,clean,NORM,1,96,9.440681651234627,5.0
tcn,clean_only,101,clean,NORM,2,48,7.88112136721611,5.0
tcn,clean_only,101,clean,NORM,3,47,10.875344395637512,6.0
tcn,clean_only,101,clean,NORM,4,37,11.101075798273087,7.0
tcn,clean_only,101,clean,NORM,5,36,13.223860740661621,8.0
tcn,clean_only,101,clean,NORM,6,30,13.12048488855362,4.0
tcn,clean_only,101,clean,NORM,7,21,10.60918015241623,7.0
tcn,clean_only,101,clean,NORM,8,28,15.838775038719177,8.0
tcn,clean_only,101,clean,NORM,9,33,21.05893087387085,15.0
tcn,clean_only,101,clean,NORM,10,37,25.971186459064484,17.0
tcn,clean_only,101,clean,NORM,11,54,41.239330887794495,26.0
tcn,clean_only,101,clean,NORM,12,60,50.088424146175385,31.0
tcn,clean_only,101,clean,NORM,13,144,130.19355905056,83.0
tcn,clean_only,101,clean,NORM,14,839,823.5737293362617,737.0
tcn,clean_only,101,clean,MI,0,1317,18.5640095382696,74.0
tcn,clean_only,101,clean,MI,1,159,15.438794419169426,39.0
tcn,clean_only,101,clean,MI,2,86,13.894394978880882,22.0
tcn,clean_only,101,clean,MI,3,54,12.380837216973305,27.0
tcn,clean_only,101,clean,MI,4,35,10.645634531974792,16.0
tcn,clean_only,101,clean,MI,5,31,11.26484763622284,12.0
tcn,clean_only,101,clean,MI,6,40,16.94033995270729,17.0
tcn,clean_only,101,clean,MI,7,39,19.46166142821312,27.0
tcn,clean_only,101,clean,MI,8,31,17.43673676252365,13.0
tcn,clean_only,101,clean,MI,9,30,18.81643581390381,23.0
tcn,clean_only,101,clean,MI,10,41,28.670577943325043,29.0
tcn,clean_only,101,clean,MI,11,43,32.896009266376495,28.0
tcn,clean_only,101,clean,MI,12,52,43.24720937013626,41.0
tcn,clean_only,101,clean,MI,13,54,48.565627574920654,45.0
tcn,clean_only,101,clean,MI,14,146,142.6394226551056,137.0
tcn,clean_only,101,clean,STTC,0,1314,16.961817694886122,54.0
tcn,clean_only,101,clean,STTC,1,158,15.126082234084606,21.0
tcn,clean_only,101,clean,STTC,2,74,12.349927201867104,12.0
tcn,clean_only,101,clean,STTC,3,57,13.332886934280396,21.0
tcn,clean_only,101,clean,STTC,4,35,10.729082822799683,12.0
tcn,clean_only,101,clean,STTC,5,36,13.32211035490036,20.0
tcn,clean_only,101,clean,STTC,6,37,15.793219715356827,20.0
tcn,clean_only,101,clean,STTC,7,32,16.00918471813202,18.0
tcn,clean_only,101,clean,STTC,8,33,18.590603470802307,23.0
tcn,clean_only,101,clean,STTC,9,33,20.637170016765594,21.0
tcn,clean_only,101,clean,STTC,10,27,19.008980572223663,24.0
tcn,clean_only,101,clean,STTC,11,57,43.71398025751114,43.0
tcn,clean_only,101,clean,STTC,12,64,53.53832125663757,52.0
tcn,clean_only,101,clean,STTC,13,101,91.1059804558754,88.0
tcn,clean_only,101,clean,STTC,14,100,95.76974308490753,92.0
tcn,clean_only,101,clean,CD,0,1349,24.22166966693476,66.0
tcn,clean_only,101,clean,CD,1,185,17.515464432537556,40.0
tcn,clean_only,101,clean,CD,2,86,14.15737795829773,15.0
tcn,clean_only,101,clean,CD,3,56,12.683584496378899,8.0
tcn,clean_only,101,clean,CD,4,36,10.85896322131157,16.0
tcn,clean_only,101,clean,CD,5,32,11.887091994285583,15.0
tcn,clean_only,101,clean,CD,6,26,11.231007397174835,12.0
tcn,clean_only,101,clean,CD,7,25,12.35613277554512,15.0
tcn,clean_only,101,clean,CD,8,18,10.317612171173096,8.0
tcn,clean_only,101,clean,CD,9,10,6.399469971656799,5.0
tcn,clean_only,101,clean,CD,10,23,16.131132662296295,14.0
tcn,clean_only,101,clean,CD,11,29,22.225078880786896,18.0
tcn,clean_only,101,clean,CD,12,36,30.15858381986618,29.0
tcn,clean_only,101,clean,CD,13,39,35.30680811405182,36.0
tcn,clean_only,101,clean,CD,14,208,205.2173535823822,199.0
tcn,clean_only,101,clean,HYP,0,1401,21.306815572082996,37.0
tcn,clean_only,101,clean,HYP,1,183,17.364967197179794,16.0
tcn,clean_only,101,clean,HYP,2,124,20.876832515001297,7.0
tcn,clean_only,101,clean,HYP,3,88,20.322655111551285,15.0
tcn,clean_only,101,clean,HYP,4,69,20.88331976532936,15.0
tcn,clean_only,101,clean,HYP,5,39,14.234302699565887,12.0
tcn,clean_only,101,clean,HYP,6,30,13.164619445800781,10.0
tcn,clean_only,101,clean,HYP,7,23,11.48272529244423,11.0
tcn,clean_only,101,clean,HYP,8,21,11.782829880714417,9.0
tcn,clean_only,101,clean,HYP,9,17,10.609178245067596,8.0
tcn,clean_only,101,clean,HYP,10,19,13.2597895860672,12.0
tcn,clean_only,101,clean,HYP,11,25,19.185833990573883,17.0
tcn,clean_only,101,clean,HYP,12,30,25.029431343078613,22.0
tcn,clean_only,101,clean,HYP,13,28,25.368909001350403,16.0
tcn,clean_only,101,clean,HYP,14,61,59.23878473043442,55.0
tcn,clean_only,101,primary_joint,NORM,0,75400,1110.477596959492,2019.0
tcn,clean_only,101,primary_joint,NORM,1,13022,1263.9960715025663,2856.0
tcn,clean_only,101,primary_joint,NORM,2,8917,1471.3355664759874,2773.0
tcn,clean_only,101,primary_joint,NORM,3,7138,1656.7656452208757,3023.0
tcn,clean_only,101,primary_joint,NORM,4,6148,1844.0884078741074,3029.0
tcn,clean_only,101,primary_joint,NORM,5,5317,1946.5806798040867,2923.0
tcn,clean_only,101,primary_joint,NORM,6,5182,2244.3214554190636,3068.0
tcn,clean_only,101,primary_joint,NORM,7,5156,2579.2545987665653,3333.0
tcn,clean_only,101,primary_joint,NORM,8,5219,2957.464570581913,3582.0
tcn,clean_only,101,primary_joint,NORM,9,5602,3553.1068525910378,3839.0
tcn,clean_only,101,primary_joint,NORM,10,6136,4296.562251269817,4247.0
tcn,clean_only,101,primary_joint,NORM,11,7042,5405.6971539855,5059.0
tcn,clean_only,101,primary_joint,NORM,12,9102,7602.570015132427,6670.0
tcn,clean_only,101,primary_joint,NORM,13,14383,12994.238296091557,11739.0
tcn,clean_only,101,primary_joint,NORM,14,42036,41057.18248552084,38140.0
tcn,clean_only,101,primary_joint,MI,0,95380,2047.2586018292932,3345.0
tcn,clean_only,101,primary_joint,MI,1,25069,2413.540484637022,3268.0
tcn,clean_only,101,primary_joint,MI,2,15058,2463.764765188098,2921.0
tcn,clean_only,101,primary_joint,MI,3,9754,2257.844036385417,2544.0
tcn,clean_only,101,primary_joint,MI,4,7487,2237.360437452793,2615.0
tcn,clean_only,101,primary_joint,MI,5,6359,2324.7478021383286,2248.0
tcn,clean_only,101,primary_joint,MI,6,5589,2416.736683279276,2305.0
tcn,clean_only,101,primary_joint,MI,7,5480,2738.089374899864,2472.0
tcn,clean_only,101,primary_joint,MI,8,5165,2924.9622280597687,2575.0
tcn,clean_only,101,primary_joint,MI,9,4823,3054.8507595062256,2698.0
tcn,clean_only,101,primary_joint,MI,10,4926,3453.379605650902,2907.0
tcn,clean_only,101,primary_joint,MI,11,5489,4210.151214659214,3611.0
tcn,clean_only,101,primary_joint,MI,12,5657,4714.305983304977,3990.0
tcn,clean_only,101,primary_joint,MI,13,6249,5628.863724291325,5050.0
tcn,clean_only,101,primary_joint,MI,14,13315,12962.744076550007,12451.0
tcn,clean_only,101,primary_joint,STTC,0,108760,2141.6698136692576,3269.0
tcn,clean_only,101,primary_joint,STTC,1,24116,2311.1933689936996,2679.0
tcn,clean_only,101,primary_joint,STTC,2,13889,2277.8324672430754,2397.0
tcn,clean_only,101,primary_joint,STTC,3,8810,2037.5402448028326,2203.0
tcn,clean_only,101,primary_joint,STTC,4,6093,1824.1356026530266,1955.0
tcn,clean_only,101,primary_joint,STTC,5,5482,2008.2587659955025,2348.0
tcn,clean_only,101,primary_joint,STTC,6,4807,2079.286247432232,2532.0
tcn,clean_only,101,primary_joint,STTC,7,4526,2260.2124360501766,2735.0
tcn,clean_only,101,primary_joint,STTC,8,4277,2423.8753473758698,2718.0
tcn,clean_only,101,primary_joint,STTC,9,4474,2832.6204826831818,3129.0
tcn,clean_only,101,primary_joint,STTC,10,4805,3364.2449605464935,3822.0
tcn,clean_only,101,primary_joint,STTC,11,5657,4339.247151553631,4529.0
tcn,clean_only,101,primary_joint,STTC,12,6502,5427.856064558029,5519.0
tcn,clean_only,101,primary_joint,STTC,13,8061,7262.1512088775635,7039.0
tcn,clean_only,101,primary_joint,STTC,14,5541,5291.823544204235,5226.0
tcn,clean_only,101,primary_joint,CD,0,81710,2081.5800768357003,3228.0
tcn,clean_only,101,primary_joint,CD,1,29054,2802.346182540059,2263.0
tcn,clean_only,101,primary_joint,CD,2,17047,2803.8354591429234,2051.0
tcn,clean_only,101,primary_joint,CD,3,11195,2589.1458043009043,1354.0
tcn,clean_only,101,primary_joint,CD,4,7955,2373.3396300673485,1185.0
tcn,clean_only,101,primary_joint,CD,5,6703,2452.776139229536,1366.0
tcn,clean_only,101,primary_joint,CD,6,5564,2407.6172156333923,1410.0
tcn,clean_only,101,primary_joint,CD,7,4759,2375.9035437107086,1120.0
tcn,clean_only,101,primary_joint,CD,8,4494,2543.884178876877,1265.0
tcn,clean_only,101,primary_joint,CD,9,3874,2449.904813349247,1196.0
tcn,clean_only,101,primary_joint,CD,10,3878,2718.4126539230347,1358.0
tcn,clean_only,101,primary_joint,CD,11,4380,3360.1349045038223,1927.0
tcn,clean_only,101,primary_joint,CD,12,4808,4014.233927845955,2754.0
tcn,clean_only,101,primary_joint,CD,13,6272,5652.770421028137,4541.0
tcn,clean_only,101,primary_joint,CD,14,24107,23720.28116041422,22582.0
tcn,clean_only,101,primary_joint,HYP,0,96963,2277.8564999297378,1976.0
tcn,clean_only,101,primary_joint,HYP,1,30745,2968.02916110307,1349.0
tcn,clean_only,101,primary_joint,HYP,2,18794,3083.609648928046,1004.0
tcn,clean_only,101,primary_joint,HYP,3,12786,2956.3670263439417,936.0
tcn,clean_only,101,primary_joint,HYP,4,9944,2968.7837550342083,1427.0
tcn,clean_only,101,primary_joint,HYP,5,6648,2428.4710607528687,1245.0
tcn,clean_only,101,primary_joint,HYP,6,5672,2456.7775175869465,1200.0
tcn,clean_only,101,primary_joint,HYP,7,4667,2327.7231464087963,1278.0
tcn,clean_only,101,primary_joint,HYP,8,3681,2083.0464500188828,1019.0
tcn,clean_only,101,primary_joint,HYP,9,3554,2252.559483706951,972.0
tcn,clean_only,101,primary_joint,HYP,10,3621,2535.088112473488,1301.0
tcn,clean_only,101,primary_joint,HYP,11,3635,2782.8633782863617,1696.0
tcn,clean_only,101,primary_joint,HYP,12,3920,3268.265150129795,2261.0
tcn,clean_only,101,primary_joint,HYP,13,4291,3871.550326168537,2531.0
tcn,clean_only,101,primary_joint,HYP,14,6879,6658.644119262695,6005.0
tcn,independent_rms,101,clean,NORM,0,652,7.614190278734895,4.0
tcn,independent_rms,101,clean,NORM,1,89,8.445577695965767,3.0
tcn,independent_rms,101,clean,NORM,2,59,9.637603521347046,10.0
tcn,independent_rms,101,clean,NORM,3,41,9.41514539718628,4.0
tcn,independent_rms,101,clean,NORM,4,40,11.851603597402573,7.0
tcn,independent_rms,101,clean,NORM,5,31,11.322671890258789,6.0
tcn,independent_rms,101,clean,NORM,6,32,13.947119235992432,7.0
tcn,independent_rms,101,clean,NORM,7,24,12.163457751274109,7.0
tcn,independent_rms,101,clean,NORM,8,34,19.55215674638748,11.0
tcn,independent_rms,101,clean,NORM,9,32,20.165666043758392,16.0
tcn,independent_rms,101,clean,NORM,10,44,30.50158554315567,23.0
tcn,independent_rms,101,clean,NORM,11,43,33.01851946115494,14.0
tcn,independent_rms,101,clean,NORM,12,78,65.47165709733963,42.0
tcn,independent_rms,101,clean,NORM,13,145,131.03953915834427,95.0
tcn,independent_rms,101,clean,NORM,14,814,797.657487154007,714.0
tcn,independent_rms,101,clean,MI,0,1307,17.985919475439005,77.0
tcn,independent_rms,101,clean,MI,1,163,15.513284526765347,36.0
tcn,independent_rms,101,clean,MI,2,84,13.6352169662714,24.0
tcn,independent_rms,101,clean,MI,3,55,12.92214846611023,24.0
tcn,independent_rms,101,clean,MI,4,40,12.004003375768661,18.0
tcn,independent_rms,101,clean,MI,5,29,10.678505092859268,13.0
tcn,independent_rms,101,clean,MI,6,30,13.080403596162796,13.0
tcn,independent_rms,101,clean,MI,7,42,21.08112323284149,20.0
tcn,independent_rms,101,clean,MI,8,27,15.216054558753967,14.0
tcn,independent_rms,101,clean,MI,9,42,26.672004997730255,28.0
tcn,independent_rms,101,clean,MI,10,35,24.47575604915619,23.0
tcn,independent_rms,101,clean,MI,11,44,33.74553006887436,30.0
tcn,independent_rms,101,clean,MI,12,51,42.611269772052765,40.0
tcn,independent_rms,101,clean,MI,13,62,55.68614435195923,51.0
tcn,independent_rms,101,clean,MI,14,147,143.60335952043533,139.0
tcn,independent_rms,101,clean,STTC,0,1314,17.567732141236775,49.0
tcn,independent_rms,101,clean,STTC,1,147,13.90410429239273,28.0
tcn,independent_rms,101,clean,STTC,2,83,13.445271298289299,15.0
tcn,independent_rms,101,clean,STTC,3,54,12.44157361984253,17.0
tcn,independent_rms,101,clean,STTC,4,34,10.293684422969818,9.0
tcn,independent_rms,101,clean,STTC,5,43,15.425690174102783,23.0
tcn,independent_rms,101,clean,STTC,6,33,14.196072787046432,13.0
tcn,independent_rms,101,clean,STTC,7,41,20.39273926615715,29.0
tcn,independent_rms,101,clean,STTC,8,26,14.82559072971344,19.0
tcn,independent_rms,101,clean,STTC,9,32,20.116880297660828,22.0
tcn,independent_rms,101,clean,STTC,10,37,26.030292332172394,28.0
tcn,independent_rms,101,clean,STTC,11,45,34.38487386703491,35.0
tcn,independent_rms,101,clean,STTC,12,63,52.5157476067543,49.0
tcn,independent_rms,101,clean,STTC,13,102,91.98089557886124,89.0
tcn,independent_rms,101,clean,STTC,14,104,99.74200385808945,96.0
tcn,independent_rms,101,clean,CD,0,1348,26.36101374682039,64.0
tcn,independent_rms,101,clean,CD,1,191,18.097993321716785,37.0
tcn,independent_rms,101,clean,CD,2,84,13.682624101638794,21.0
tcn,independent_rms,101,clean,CD,3,56,12.726879313588142,13.0
tcn,independent_rms,101,clean,CD,4,42,12.63663312792778,15.0
tcn,independent_rms,101,clean,CD,5,34,12.330710917711258,14.0
tcn,independent_rms,101,clean,CD,6,20,8.833212673664093,8.0
tcn,independent_rms,101,clean,CD,7,21,10.299074918031693,13.0
tcn,independent_rms,101,clean,CD,8,16,9.07830435037613,9.0
tcn,independent_rms,101,clean,CD,9,25,15.896173119544983,18.0
tcn,independent_rms,101,clean,CD,10,20,13.976507782936096,7.0
tcn,independent_rms,101,clean,CD,11,21,16.158994436264038,17.0
tcn,independent_rms,101,clean,CD,12,28,23.337800443172455,22.0
tcn,independent_rms,101,clean,CD,13,48,43.23212802410126,42.0
tcn,independent_rms,101,clean,CD,14,204,201.3653888106346,196.0
tcn,independent_rms,101,clean,HYP,0,1385,22.758286231663078,35.0
tcn,independent_rms,101,clean,HYP,1,184,18.034347012639046,13.0
tcn,independent_rms,101,clean,HYP,2,126,20.697615444660187,11.0
tcn,independent_rms,101,clean,HYP,3,90,20.813505366444588,10.0
tcn,independent_rms,101,clean,HYP,4,58,17.03050634264946,12.0
tcn,independent_rms,101,clean,HYP,5,45,16.46057540178299,13.0
tcn,independent_rms,101,clean,HYP,6,25,10.876947402954102,9.0
tcn,independent_rms,101,clean,HYP,7,38,19.1975220143795,19.0
tcn,independent_rms,101,clean,HYP,8,24,13.620356619358063,11.0
tcn,independent_rms,101,clean,HYP,9,18,11.400949716567993,10.0
tcn,independent_rms,101,clean,HYP,10,22,15.300233006477356,11.0
tcn,independent_rms,101,clean,HYP,11,23,17.638950765132904,16.0
tcn,independent_rms,101,clean,HYP,12,25,20.691756188869476,18.0
tcn,independent_rms,101,clean,HYP,13,36,32.673754155635834,22.0
tcn,independent_rms,101,clean,HYP,14,59,57.3814218044281,52.0
tcn,independent_rms,101,primary_joint,NORM,0,65354,951.450028070627,517.0
tcn,independent_rms,101,primary_joint,NORM,1,11679,1130.5952167361975,1061.0
tcn,independent_rms,101,primary_joint,NORM,2,7099,1171.4020824730396,1246.0
tcn,independent_rms,101,primary_joint,NORM,3,5777,1345.6287426054478,1279.0
tcn,independent_rms,101,primary_joint,NORM,4,4735,1416.6676948070526,1406.0
tcn,independent_rms,101,primary_joint,NORM,5,4452,1629.9492108523846,1509.0
tcn,independent_rms,101,primary_joint,NORM,6,4391,1905.852267742157,1646.0
tcn,independent_rms,101,primary_joint,NORM,7,4429,2215.042008012533,1945.0
tcn,independent_rms,101,primary_joint,NORM,8,4956,2815.1912306547165,2528.0
tcn,independent_rms,101,primary_joint,NORM,9,5446,3450.5031440258026,3131.0
tcn,independent_rms,101,primary_joint,NORM,10,5983,4195.361539423466,3784.0
tcn,independent_rms,101,primary_joint,NORM,11,7421,5701.189323246479,4766.0
tcn,independent_rms,101,primary_joint,NORM,12,10414,8700.275502026081,7202.0
tcn,independent_rms,101,primary_joint,NORM,13,17878,16165.71928203106,13746.0
tcn,independent_rms,101,primary_joint,NORM,14,55786,54416.225588321686,50534.0
tcn,independent_rms,101,primary_joint,MI,0,110203,2072.235244918731,4651.0
tcn,independent_rms,101,primary_joint,MI,1,22542,2168.701774440706,3736.0
tcn,independent_rms,101,primary_joint,MI,2,12454,2040.212751865387,2893.0
tcn,independent_rms,101,primary_joint,MI,3,8218,1905.419059470296,2706.0
tcn,independent_rms,101,primary_joint,MI,4,6133,1832.1094401180744,2410.0
tcn,independent_rms,101,primary_joint,MI,5,5013,1832.042657583952,2028.0
tcn,independent_rms,101,primary_joint,MI,6,4546,1972.0028993189335,2066.0
tcn,independent_rms,101,primary_joint,MI,7,4424,2209.9586651921272,2143.0
tcn,independent_rms,101,primary_joint,MI,8,4295,2433.5945994853973,2322.0
tcn,independent_rms,101,primary_joint,MI,9,4553,2884.812840461731,2819.0
tcn,independent_rms,101,primary_joint,MI,10,4422,3093.9356622099876,2808.0
tcn,independent_rms,101,primary_joint,MI,11,4760,3651.8494076132774,3267.0
tcn,independent_rms,101,primary_joint,MI,12,5557,4632.093064129353,4138.0
tcn,independent_rms,101,primary_joint,MI,13,6102,5497.403872966766,5043.0
tcn,independent_rms,101,primary_joint,MI,14,12578,12253.965929031372,11970.0
tcn,independent_rms,101,primary_joint,STTC,0,119777,2075.684996881231,3914.0
tcn,independent_rms,101,primary_joint,STTC,1,20943,1996.8829681798816,3319.0
tcn,independent_rms,101,primary_joint,STTC,2,11514,1892.653391674161,2064.0
tcn,independent_rms,101,primary_joint,STTC,3,7547,1743.7416569441557,2148.0
tcn,independent_rms,101,primary_joint,STTC,4,5717,1709.0637283027172,2241.0
tcn,independent_rms,101,primary_joint,STTC,5,5070,1855.6972072720528,2521.0
tcn,independent_rms,101,primary_joint,STTC,6,4258,1843.8823026120663,2613.0
tcn,independent_rms,101,primary_joint,STTC,7,4197,2098.9435451626778,2800.0
tcn,independent_rms,101,primary_joint,STTC,8,3883,2200.018552184105,2740.0
tcn,independent_rms,101,primary_joint,STTC,9,3819,2418.8949288129807,2760.0
tcn,independent_rms,101,primary_joint,STTC,10,4251,2982.027332365513,3324.0
tcn,independent_rms,101,primary_joint,STTC,11,5024,3851.2070102095604,4124.0
tcn,independent_rms,101,primary_joint,STTC,12,6197,5174.669401228428,5237.0
tcn,independent_rms,101,primary_joint,STTC,13,7735,6968.891867995262,6782.0
tcn,independent_rms,101,primary_joint,STTC,14,5868,5610.5772550702095,5513.0
tcn,independent_rms,101,primary_joint,CD,0,109279,2815.6305560967885,4523.0
tcn,independent_rms,101,primary_joint,CD,1,27989,2651.43906827271,3410.0
tcn,independent_rms,101,primary_joint,CD,2,13004,2124.7513360083103,2093.0
tcn,independent_rms,101,primary_joint,CD,3,8677,2006.8685131520033,1742.0
tcn,independent_rms,101,primary_joint,CD,4,5934,1772.163370102644,1469.0
tcn,independent_rms,101,primary_joint,CD,5,4563,1668.742384403944,1423.0
tcn,independent_rms,101,primary_joint,CD,6,3627,1568.0047843158245,1257.0
tcn,independent_rms,101,primary_joint,CD,7,3127,1560.4062231481075,1352.0
tcn,independent_rms,101,primary_joint,CD,8,2767,1566.9049544930458,1314.0
tcn,independent_rms,101,primary_joint,CD,9,2753,1743.7000455856323,1424.0
tcn,independent_rms,101,primary_joint,CD,10,2754,1926.889602959156,1654.0
tcn,independent_rms,101,primary_joint,CD,11,2810,2155.9788278341293,1793.0
tcn,independent_rms,101,primary_joint,CD,12,3245,2713.151634454727,2487.0
tcn,independent_rms,101,primary_joint,CD,13,4989,4499.478217840195,4145.0
tcn,independent_rms,101,primary_joint,CD,14,20282,19990.769039690495,19514.0
tcn,independent_rms,101,primary_joint,HYP,0,117086,2528.7620573538006,2577.0
tcn,independent_rms,101,primary_joint,HYP,1,26573,2567.5647919103503,1404.0
tcn,independent_rms,101,primary_joint,HYP,2,15976,2625.988613381982,986.0
tcn,independent_rms,101,primary_joint,HYP,3,10569,2450.9118427485228,1017.0
tcn,independent_rms,101,primary_joint,HYP,4,7427,2209.0960586071014,1384.0
tcn,independent_rms,101,primary_joint,HYP,5,5255,1918.598576426506,1168.0
tcn,independent_rms,101,primary_joint,HYP,6,4436,1920.7244262695312,1221.0
tcn,independent_rms,101,primary_joint,HYP,7,3839,1917.8351007401943,1384.0
tcn,independent_rms,101,primary_joint,HYP,8,3353,1896.9772506952286,1237.0
tcn,independent_rms,101,primary_joint,HYP,9,3020,1910.0643671154976,1182.0
tcn,independent_rms,101,primary_joint,HYP,10,2872,2012.005956351757,1442.0
tcn,independent_rms,101,primary_joint,HYP,11,2955,2264.479526221752,1750.0
tcn,independent_rms,101,primary_joint,HYP,12,2846,2363.4921567440033,1769.0
tcn,independent_rms,101,primary_joint,HYP,13,3676,3319.1687691807747,2350.0
tcn,independent_rms,101,primary_joint,HYP,14,5917,5727.701352715492,5329.0
tcn,electrode,101,clean,NORM,0,661,7.827801364765037,4.0
tcn,electrode,101,clean,NORM,1,94,8.977561317384243,6.0
tcn,electrode,101,clean,NORM,2,50,8.257412239909172,8.0
tcn,electrode,101,clean,NORM,3,52,12.176752224564552,5.0
tcn,electrode,101,clean,NORM,4,29,8.642802745103836,4.0
tcn,electrode,101,clean,NORM,5,34,12.421106219291687,8.0
tcn,electrode,101,clean,NORM,6,23,10.063357442617416,6.0
tcn,electrode,101,clean,NORM,7,26,12.88519337773323,5.0
tcn,electrode,101,clean,NORM,8,39,22.13714689016342,19.0
tcn,electrode,101,clean,NORM,9,37,23.329292595386505,14.0
tcn,electrode,101,clean,NORM,10,41,28.871162831783295,21.0
tcn,electrode,101,clean,NORM,11,43,32.83075988292694,19.0
tcn,electrode,101,clean,NORM,12,73,60.92357939481735,39.0
tcn,electrode,101,clean,NORM,13,152,137.49109941720963,99.0
tcn,electrode,101,clean,NORM,14,804,787.9943031668663,706.0
tcn,electrode,101,clean,MI,0,1304,18.17065052932594,76.0
tcn,electrode,101,clean,MI,1,162,15.824484534561634,34.0
tcn,electrode,101,clean,MI,2,79,12.885723173618317,24.0
tcn,electrode,101,clean,MI,3,66,15.371321871876717,26.0
tcn,electrode,101,clean,MI,4,35,10.420030146837234,17.0
tcn,electrode,101,clean,MI,5,34,12.490008145570755,14.0
tcn,electrode,101,clean,MI,6,22,9.785506278276443,7.0
tcn,electrode,101,clean,MI,7,36,18.22860211133957,20.0
tcn,electrode,101,clean,MI,8,33,18.78555703163147,20.0
tcn,electrode,101,clean,MI,9,39,24.70526349544525,19.0
tcn,electrode,101,clean,MI,10,37,25.971094489097595,27.0
tcn,electrode,101,clean,MI,11,44,33.875657737255096,31.0
tcn,electrode,101,clean,MI,12,52,43.42033380270004,41.0
tcn,electrode,101,clean,MI,13,72,64.88546335697174,58.0
tcn,electrode,101,clean,MI,14,143,139.9871750473976,136.0
tcn,electrode,101,clean,STTC,0,1298,16.90940118432627,47.0
tcn,electrode,101,clean,STTC,1,159,15.051181107759476,29.0
tcn,electrode,101,clean,STTC,2,81,13.231867536902428,15.0
tcn,electrode,101,clean,STTC,3,47,10.985096126794815,11.0
tcn,electrode,101,clean,STTC,4,46,13.82321012020111,18.0
tcn,electrode,101,clean,STTC,5,42,15.185078501701355,21.0
tcn,electrode,101,clean,STTC,6,41,17.884146481752396,17.0
tcn,electrode,101,clean,STTC,7,22,11.018391340970993,16.0
tcn,electrode,101,clean,STTC,8,30,16.81819349527359,21.0
tcn,electrode,101,clean,STTC,9,39,24.60773265361786,27.0
tcn,electrode,101,clean,STTC,10,36,25.2173929810524,26.0
tcn,electrode,101,clean,STTC,11,50,38.51428735256195,40.0
tcn,electrode,101,clean,STTC,12,62,51.678411304950714,48.0
tcn,electrode,101,clean,STTC,13,98,88.47350388765335,86.0
tcn,electrode,101,clean,STTC,14,107,102.52988260984421,99.0
tcn,electrode,101,clean,CD,0,1372,26.349549003876746,69.0
tcn,electrode,101,clean,CD,1,187,17.659564025700092,36.0
tcn,electrode,101,clean,CD,2,91,14.958699196577072,22.0
tcn,electrode,101,clean,CD,3,45,10.266731917858124,15.0
tcn,electrode,101,clean,CD,4,42,12.561788499355316,16.0
tcn,electrode,101,clean,CD,5,32,11.770801603794098,13.0
tcn,electrode,101,clean,CD,6,23,10.080563426017761,8.0
tcn,electrode,101,clean,CD,7,19,9.420150518417358,14.0
tcn,electrode,101,clean,CD,8,13,7.286422073841095,9.0
tcn,electrode,101,clean,CD,9,19,12.028298676013947,13.0
tcn,electrode,101,clean,CD,10,17,11.835854649543762,7.0
tcn,electrode,101,clean,CD,11,28,21.35421311855316,20.0
tcn,electrode,101,clean,CD,12,27,22.537681996822357,25.0
tcn,electrode,101,clean,CD,13,43,38.77857166528702,35.0
tcn,electrode,101,clean,CD,14,200,197.29244208335876,194.0
tcn,electrode,101,clean,HYP,0,1379,21.69821456813952,34.0
tcn,electrode,101,clean,HYP,1,202,19.636851586401463,15.0
tcn,electrode,101,clean,HYP,2,108,17.585704147815704,10.0
tcn,electrode,101,clean,HYP,3,95,22.04933299124241,10.0
tcn,electrode,101,clean,HYP,4,66,19.727045387029648,15.0
tcn,electrode,101,clean,HYP,5,39,14.275825530290604,8.0
tcn,electrode,101,clean,HYP,6,31,13.393694043159485,14.0
tcn,electrode,101,clean,HYP,7,24,12.12415474653244,14.0
tcn,electrode,101,clean,HYP,8,28,15.79468548297882,11.0
tcn,electrode,101,clean,HYP,9,25,15.978066086769104,13.0
tcn,electrode,101,clean,HYP,10,23,15.901353538036346,14.0
tcn,electrode,101,clean,HYP,11,19,14.557954847812653,11.0
tcn,electrode,101,clean,HYP,12,24,19.894218146800995,17.0
tcn,electrode,101,clean,HYP,13,35,31.656300723552704,24.0
tcn,electrode,101,clean,HYP,14,60,58.30850487947464,52.0
tcn,electrode,101,primary_joint,NORM,0,62776,880.171718420359,337.0
tcn,electrode,101,primary_joint,NORM,1,11153,1080.2762796729803,716.0
tcn,electrode,101,primary_joint,NORM,2,6576,1083.4147453904152,841.0
tcn,electrode,101,primary_joint,NORM,3,5244,1218.404250651598,902.0
tcn,electrode,101,primary_joint,NORM,4,4407,1317.4357742369175,905.0
tcn,electrode,101,primary_joint,NORM,5,3803,1391.926843136549,1140.0
tcn,electrode,101,primary_joint,NORM,6,3713,1612.457885414362,1268.0
tcn,electrode,101,primary_joint,NORM,7,3992,1994.8617408573627,1425.0
tcn,electrode,101,primary_joint,NORM,8,4293,2435.7807899713516,1835.0
tcn,electrode,101,primary_joint,NORM,9,4744,3007.208736896515,2215.0
tcn,electrode,101,primary_joint,NORM,10,5481,3844.281308233738,3014.0
tcn,electrode,101,primary_joint,NORM,11,6823,5237.784367978573,3929.0
tcn,electrode,101,primary_joint,NORM,12,10008,8364.951038718224,6523.0
tcn,electrode,101,primary_joint,NORM,13,17542,15870.421875715256,12901.0
tcn,electrode,101,primary_joint,NORM,14,65245,63691.71585011482,58349.0
tcn,electrode,101,primary_joint,MI,0,117574,2050.9176582848886,5632.0
tcn,electrode,101,primary_joint,MI,1,20324,1954.3606605529785,3808.0
tcn,electrode,101,primary_joint,MI,2,11411,1870.0048640668392,2949.0
tcn,electrode,101,primary_joint,MI,3,7476,1734.2176868468523,2533.0
tcn,electrode,101,primary_joint,MI,4,5557,1657.4489478170872,2287.0
tcn,electrode,101,primary_joint,MI,5,4405,1610.55243948102,1872.0
tcn,electrode,101,primary_joint,MI,6,3772,1633.722766816616,1716.0
tcn,electrode,101,primary_joint,MI,7,3979,1993.1366865336895,2090.0
tcn,electrode,101,primary_joint,MI,8,4174,2365.327512860298,2268.0
tcn,electrode,101,primary_joint,MI,9,4004,2535.5005719661713,2401.0
tcn,electrode,101,primary_joint,MI,10,4328,3030.628868162632,2871.0
tcn,electrode,101,primary_joint,MI,11,4581,3515.3102473020554,3271.0
tcn,electrode,101,primary_joint,MI,12,5526,4609.04110211134,4309.0
tcn,electrode,101,primary_joint,MI,13,6187,5569.942367851734,5087.0
tcn,electrode,101,primary_joint,MI,14,12502,12188.43269842863,11906.0
tcn,electrode,101,primary_joint,STTC,0,121352,1947.091280679335,4015.0
tcn,electrode,101,primary_joint,STTC,1,19668,1875.9567665159702,3184.0
tcn,electrode,101,primary_joint,STTC,2,10926,1796.50148101151,1970.0
tcn,electrode,101,primary_joint,STTC,3,6959,1613.9802179336548,1751.0
tcn,electrode,101,primary_joint,STTC,4,5553,1663.8180317282677,2184.0
tcn,electrode,101,primary_joint,STTC,5,4963,1812.9018323123455,2400.0
tcn,electrode,101,primary_joint,STTC,6,4270,1848.9848835468292,2446.0
tcn,electrode,101,primary_joint,STTC,7,4043,2022.0250247120857,2711.0
tcn,electrode,101,primary_joint,STTC,8,3764,2134.8512241840363,2611.0
tcn,electrode,101,primary_joint,STTC,9,3800,2406.467428147793,2700.0
tcn,electrode,101,primary_joint,STTC,10,4220,2956.778017580509,3229.0
tcn,electrode,101,primary_joint,STTC,11,5209,3998.672263264656,4383.0
tcn,electrode,101,primary_joint,STTC,12,6328,5277.260855436325,5226.0
tcn,electrode,101,primary_joint,STTC,13,8255,7443.685305714607,7226.0
tcn,electrode,101,primary_joint,STTC,14,6490,6202.288083553314,6064.0
tcn,electrode,101,primary_joint,CD,0,126649,2993.299609948881,6120.0
tcn,electrode,101,primary_joint,CD,1,23438,2220.9314294978976,3648.0
tcn,electrode,101,primary_joint,CD,2,11225,1833.2345331013203,2224.0
tcn,electrode,101,primary_joint,CD,3,6767,1556.2984507530928,2144.0
tcn,electrode,101,primary_joint,CD,4,4640,1385.381353288889,1621.0
tcn,electrode,101,primary_joint,CD,5,3680,1342.5065889060497,1375.0
tcn,electrode,101,primary_joint,CD,6,2783,1204.6986476182938,1295.0
tcn,electrode,101,primary_joint,CD,7,2239,1116.345140516758,1282.0
tcn,electrode,101,primary_joint,CD,8,1894,1071.6637078523636,1213.0
tcn,electrode,101,primary_joint,CD,9,2214,1402.4528960585594,1522.0
tcn,electrode,101,primary_joint,CD,10,2071,1450.2682430744171,1327.0
tcn,electrode,101,primary_joint,CD,11,2532,1941.186627626419,1801.0
tcn,electrode,101,primary_joint,CD,12,2954,2468.404461622238,2506.0
tcn,electrode,101,primary_joint,CD,13,3903,3518.0487726330757,3281.0
tcn,electrode,101,primary_joint,CD,14,18811,18525.101912677288,18241.0
tcn,electrode,101,primary_joint,HYP,0,126852,2465.6540127542685,2968.0
tcn,electrode,101,primary_joint,HYP,1,23780,2299.4430757686496,1358.0
tcn,electrode,101,primary_joint,HYP,2,13461,2215.4993388205767,953.0
tcn,electrode,101,primary_joint,HYP,3,9946,2302.968929976225,1088.0
tcn,electrode,101,primary_joint,HYP,4,6798,2025.8674106895924,1409.0
tcn,electrode,101,primary_joint,HYP,5,5021,1835.3271635174751,1097.0
tcn,electrode,101,primary_joint,HYP,6,3905,1687.6094915866852,1311.0
tcn,electrode,101,primary_joint,HYP,7,3205,1599.5760304033756,1318.0
tcn,electrode,101,primary_joint,HYP,8,2920,1652.67213845253,1278.0
tcn,electrode,101,primary_joint,HYP,9,2982,1891.393844485283,1349.0
tcn,electrode,101,primary_joint,HYP,10,2581,1803.2302424311638,1446.0
tcn,electrode,101,primary_joint,HYP,11,2505,1925.4269698262215,1536.0
tcn,electrode,101,primary_joint,HYP,12,2747,2285.1102229356766,1655.0
tcn,electrode,101,primary_joint,HYP,13,3367,3042.5571781992912,2299.0
tcn,electrode,101,primary_joint,HYP,14,5730,5551.565268576145,5135.0
tcn,mixed,101,clean,NORM,0,654,7.832779735705117,4.0
tcn,mixed,101,clean,NORM,1,96,9.423471584916115,6.0
tcn,mixed,101,clean,NORM,2,52,8.44528691470623,8.0
tcn,mixed,101,clean,NORM,3,45,10.698314681649208,3.0
tcn,mixed,101,clean,NORM,4,33,9.699266284704208,8.0
tcn,mixed,101,clean,NORM,5,29,10.483362406492233,7.0
tcn,mixed,101,clean,NORM,6,33,14.0461984872818,4.0
tcn,mixed,101,clean,NORM,7,31,15.458022326231003,10.0
tcn,mixed,101,clean,NORM,8,38,21.743881106376648,16.0
tcn,mixed,101,clean,NORM,9,42,26.921991288661957,20.0
tcn,mixed,101,clean,NORM,10,32,22.564629793167114,14.0
tcn,mixed,101,clean,NORM,11,44,33.5966494679451,20.0
tcn,mixed,101,clean,NORM,12,73,60.99488353729248,41.0
tcn,mixed,101,clean,NORM,13,150,135.29016369581223,96.0
tcn,mixed,101,clean,NORM,14,806,789.2282075881958,706.0
tcn,mixed,101,clean,MI,0,1307,18.296476886956953,76.0
tcn,mixed,101,clean,MI,1,164,15.724328763782978,36.0
tcn,mixed,101,clean,MI,2,86,13.86500135064125,26.0
tcn,mixed,101,clean,MI,3,57,13.343687742948532,22.0
tcn,mixed,101,clean,MI,4,40,12.00872227549553,22.0
tcn,mixed,101,clean,MI,5,29,10.601661324501038,12.0
tcn,mixed,101,clean,MI,6,27,11.6334567964077,9.0
tcn,mixed,101,clean,MI,7,38,19.035471469163895,22.0
tcn,mixed,101,clean,MI,8,32,18.16428852081299,19.0
tcn,mixed,101,clean,MI,9,39,24.581306099891663,22.0
tcn,mixed,101,clean,MI,10,37,25.742274343967438,24.0
tcn,mixed,101,clean,MI,11,46,35.160252809524536,34.0
tcn,mixed,101,clean,MI,12,52,43.418208718299866,40.0
tcn,mixed,101,clean,MI,13,62,55.7910196185112,51.0
tcn,mixed,101,clean,MI,14,142,138.8455901145935,135.0
tcn,mixed,101,clean,STTC,0,1323,17.55746210704092,52.0
tcn,mixed,101,clean,STTC,1,145,13.407156646251678,28.0
tcn,mixed,101,clean,STTC,2,90,14.611566215753555,14.0
tcn,mixed,101,clean,STTC,3,43,9.928765639662743,15.0
tcn,mixed,101,clean,STTC,4,49,14.790012031793594,19.0
tcn,mixed,101,clean,STTC,5,33,12.004414200782776,21.0
tcn,mixed,101,clean,STTC,6,38,16.276494413614273,15.0
tcn,mixed,101,clean,STTC,7,29,14.465920269489288,20.0
tcn,mixed,101,clean,STTC,8,35,19.924537181854248,23.0
tcn,mixed,101,clean,STTC,9,30,18.863042950630188,21.0
tcn,mixed,101,clean,STTC,10,41,28.734641075134277,32.0
tcn,mixed,101,clean,STTC,11,47,36.04788565635681,39.0
tcn,mixed,101,clean,STTC,12,61,50.92022204399109,48.0
tcn,mixed,101,clean,STTC,13,95,85.56156408786774,82.0
tcn,mixed,101,clean,STTC,14,99,94.79363512992859,92.0
tcn,mixed,101,clean,CD,0,1353,26.11928142257966,71.0
tcn,mixed,101,clean,CD,1,188,17.83701927214861,33.0
tcn,mixed,101,clean,CD,2,86,14.209698125720024,17.0
tcn,mixed,101,clean,CD,3,58,13.429205536842346,18.0
tcn,mixed,101,clean,CD,4,33,9.871013045310974,10.0
tcn,mixed,101,clean,CD,5,29,10.593380481004715,8.0
tcn,mixed,101,clean,CD,6,27,11.587613761425018,16.0
tcn,mixed,101,clean,CD,7,29,14.552956104278564,16.0
tcn,mixed,101,clean,CD,8,18,10.176117360591888,9.0
tcn,mixed,101,clean,CD,9,18,11.54080080986023,12.0
tcn,mixed,101,clean,CD,10,14,9.789677023887634,8.0
tcn,mixed,101,clean,CD,11,26,20.068022847175598,19.0
tcn,mixed,101,clean,CD,12,27,22.46108442544937,21.0
tcn,mixed,101,clean,CD,13,45,40.68888121843338,39.0
tcn,mixed,101,clean,CD,14,207,204.2846313714981,199.0
tcn,mixed,101,clean,HYP,0,1375,22.16403469798388,34.0
tcn,mixed,101,clean,HYP,1,194,18.861841574311256,15.0
tcn,mixed,101,clean,HYP,2,110,18.120207756757736,8.0
tcn,mixed,101,clean,HYP,3,83,18.87441425025463,8.0
tcn,mixed,101,clean,HYP,4,82,24.239834040403366,16.0
tcn,mixed,101,clean,HYP,5,39,14.503873616456985,12.0
tcn,mixed,101,clean,HYP,6,34,14.783188939094543,11.0
tcn,mixed,101,clean,HYP,7,27,13.564713895320892,13.0
tcn,mixed,101,clean,HYP,8,26,14.710405468940735,13.0
tcn,mixed,101,clean,HYP,9,19,12.015891790390015,12.0
tcn,mixed,101,clean,HYP,10,24,16.68100756406784,11.0
tcn,mixed,101,clean,HYP,11,25,19.19703358411789,15.0
tcn,mixed,101,clean,HYP,12,24,19.950389206409454,19.0
tcn,mixed,101,clean,HYP,13,33,29.888930439949036,19.0
tcn,mixed,101,clean,HYP,14,63,61.23084020614624,56.0
tcn,mixed,101,primary_joint,NORM,0,62125,900.7830771626614,360.0
tcn,mixed,101,primary_joint,NORM,1,11130,1085.6143136918545,738.0
tcn,mixed,101,primary_joint,NORM,2,7001,1150.2016360014677,991.0
tcn,mixed,101,primary_joint,NORM,3,5356,1245.3410241305828,841.0
tcn,mixed,101,primary_joint,NORM,4,4564,1365.7521475851536,1127.0
tcn,mixed,101,primary_joint,NORM,5,4102,1501.3894901573658,1224.0
tcn,mixed,101,primary_joint,NORM,6,4079,1769.4552165269852,1321.0
tcn,mixed,101,primary_joint,NORM,7,4138,2070.197845220566,1574.0
tcn,mixed,101,primary_joint,NORM,8,4632,2628.872486770153,2048.0
tcn,mixed,101,primary_joint,NORM,9,5157,3268.6229082345963,2593.0
tcn,mixed,101,primary_joint,NORM,10,5882,4124.770209372044,3288.0
tcn,mixed,101,primary_joint,NORM,11,7040,5411.53163343668,4161.0
tcn,mixed,101,primary_joint,NORM,12,10507,8776.984397232533,7071.0
tcn,mixed,101,primary_joint,NORM,13,18328,16578.139561653137,13641.0
tcn,mixed,101,primary_joint,NORM,14,61759,60241.40816992521,55322.0
tcn,mixed,101,primary_joint,MI,0,116349,2098.1476549351355,5456.0
tcn,mixed,101,primary_joint,MI,1,21381,2047.0308200269938,4034.0
tcn,mixed,101,primary_joint,MI,2,11820,1935.3407451957464,3035.0
tcn,mixed,101,primary_joint,MI,3,7784,1803.8469339460135,2703.0
tcn,mixed,101,primary_joint,MI,4,5597,1671.127313286066,2372.0
tcn,mixed,101,primary_joint,MI,5,4693,1714.1109672188759,2009.0
tcn,mixed,101,primary_joint,MI,6,4069,1761.5038389861584,1957.0
tcn,mixed,101,primary_joint,MI,7,4098,2048.153584122658,2140.0
tcn,mixed,101,primary_joint,MI,8,4163,2360.5867854356766,2287.0
tcn,mixed,101,primary_joint,MI,9,4417,2797.0664854049683,2754.0
tcn,mixed,101,primary_joint,MI,10,4152,2908.0539190769196,2878.0
tcn,mixed,101,primary_joint,MI,11,4559,3496.1319064497948,3295.0
tcn,mixed,101,primary_joint,MI,12,5116,4264.49733453989,3986.0
tcn,mixed,101,primary_joint,MI,13,5664,5099.8038521409035,4709.0
tcn,mixed,101,primary_joint,MI,14,11938,11628.393424212933,11385.0
tcn,mixed,101,primary_joint,STTC,0,124547,2043.8826679018384,4552.0
tcn,mixed,101,primary_joint,STTC,1,19986,1905.9492649137974,3382.0
tcn,mixed,101,primary_joint,STTC,2,10908,1791.9200263619423,2244.0
tcn,mixed,101,primary_joint,STTC,3,6955,1609.021132171154,2217.0
tcn,mixed,101,primary_joint,STTC,4,5355,1600.9026815593243,2351.0
tcn,mixed,101,primary_joint,STTC,5,4802,1758.0669984221458,2705.0
tcn,mixed,101,primary_joint,STTC,6,4232,1832.7545648515224,2693.0
tcn,mixed,101,primary_joint,STTC,7,3790,1893.9156803786755,2548.0
tcn,mixed,101,primary_joint,STTC,8,3696,2094.100849747658,2553.0
tcn,mixed,101,primary_joint,STTC,9,3605,2283.497610270977,2701.0
tcn,mixed,101,primary_joint,STTC,10,4299,3013.0925565958023,3481.0
tcn,mixed,101,primary_joint,STTC,11,4848,3720.306357741356,4034.0
tcn,mixed,101,primary_joint,STTC,12,6041,5045.113498985767,5007.0
tcn,mixed,101,primary_joint,STTC,13,7300,6580.437490701675,6450.0
tcn,mixed,101,primary_joint,STTC,14,5436,5195.063251495361,5182.0
tcn,mixed,101,primary_joint,CD,0,118822,2890.8329525997397,5513.0
tcn,mixed,101,primary_joint,CD,1,24983,2358.7306778877974,3238.0
tcn,mixed,101,primary_joint,CD,2,11948,1952.7666310817003,2121.0
tcn,mixed,101,primary_joint,CD,3,7638,1766.9335120022297,1865.0
tcn,mixed,101,primary_joint,CD,4,5155,1535.6645992696285,1515.0
tcn,mixed,101,primary_joint,CD,5,3977,1454.4818677008152,1343.0
tcn,mixed,101,primary_joint,CD,6,3269,1413.8856215178967,1351.0
tcn,mixed,101,primary_joint,CD,7,2818,1405.1615235209465,1326.0
tcn,mixed,101,primary_joint,CD,8,2382,1346.5902465581894,1234.0
tcn,mixed,101,primary_joint,CD,9,2305,1461.5295295119286,1360.0
tcn,mixed,101,primary_joint,CD,10,2225,1556.3066804409027,1498.0
tcn,mixed,101,primary_joint,CD,11,2764,2122.569108247757,1857.0
tcn,mixed,101,primary_joint,CD,12,3004,2507.0600476264954,2323.0
tcn,mixed,101,primary_joint,CD,13,4498,4060.411722958088,3831.0
tcn,mixed,101,primary_joint,CD,14,20012,19725.61218416691,19225.0
tcn,mixed,101,primary_joint,HYP,0,123115,2483.5375763546326,2785.0
tcn,mixed,101,primary_joint,HYP,1,24671,2381.913749240339,1397.0
tcn,mixed,101,primary_joint,HYP,2,13748,2250.013051867485,958.0
tcn,mixed,101,primary_joint,HYP,3,10426,2418.308157533407,1009.0
tcn,mixed,101,primary_joint,HYP,4,7492,2226.4986431896687,1498.0
tcn,mixed,101,primary_joint,HYP,5,5312,1945.299446463585,1120.0
tcn,mixed,101,primary_joint,HYP,6,4247,1839.7925391495228,1243.0
tcn,mixed,101,primary_joint,HYP,7,3435,1714.5206663906574,1382.0
tcn,mixed,101,primary_joint,HYP,8,2994,1694.8934422135353,1236.0
tcn,mixed,101,primary_joint,HYP,9,2775,1756.6874809265137,1242.0
tcn,mixed,101,primary_joint,HYP,10,2818,1973.4400017261505,1403.0
tcn,mixed,101,primary_joint,HYP,11,2562,1962.7438923120499,1575.0
tcn,mixed,101,primary_joint,HYP,12,2909,2416.093023300171,1816.0
tcn,mixed,101,primary_joint,HYP,13,3407,3078.5263286828995,2201.0
tcn,mixed,101,primary_joint,HYP,14,5889,5705.612409591675,5335.0
tcn,clean_only,202,clean,NORM,0,661,8.946082250025938,4.0
tcn,clean_only,202,clean,NORM,1,92,9.033386684954166,1.0
tcn,clean_only,202,clean,NORM,2,53,8.777439653873444,4.0
tcn,clean_only,202,clean,NORM,3,43,9.961342945694923,10.0
tcn,clean_only,202,clean,NORM,4,33,9.853843063116074,9.0
tcn,clean_only,202,clean,NORM,5,30,10.962302774190903,4.0
tcn,clean_only,202,clean,NORM,6,21,9.10318237543106,5.0
tcn,clean_only,202,clean,NORM,7,40,20.158355176448822,8.0
tcn,clean_only,202,clean,NORM,8,34,19.24251490831375,13.0
tcn,clean_only,202,clean,NORM,9,39,24.70612245798111,16.0
tcn,clean_only,202,clean,NORM,10,34,23.934820890426636,13.0
tcn,clean_only,202,clean,NORM,11,62,47.51949214935303,36.0
tcn,clean_only,202,clean,NORM,12,91,76.2575249671936,51.0
tcn,clean_only,202,clean,NORM,13,147,132.82339078187943,95.0
tcn,clean_only,202,clean,NORM,14,778,764.0842214226723,694.0
tcn,clean_only,202,clean,MI,0,1201,17.85535671125399,52.0
tcn,clean_only,202,clean,MI,1,183,17.242106445133686,37.0
tcn,clean_only,202,clean,MI,2,107,17.59587150812149,24.0
tcn,clean_only,202,clean,MI,3,63,14.543338418006897,23.0
tcn,clean_only,202,clean,MI,4,45,13.533635824918747,15.0
tcn,clean_only,202,clean,MI,5,48,17.60666736960411,18.0
tcn,clean_only,202,clean,MI,6,47,20.42233395576477,25.0
tcn,clean_only,202,clean,MI,7,39,19.448780566453934,22.0
tcn,clean_only,202,clean,MI,8,36,20.365302801132202,17.0
tcn,clean_only,202,clean,MI,9,42,26.843773126602173,28.0
tcn,clean_only,202,clean,MI,10,36,25.562551259994507,21.0
tcn,clean_only,202,clean,MI,11,42,32.189876675605774,32.0
tcn,clean_only,202,clean,MI,12,54,44.713738441467285,40.0
tcn,clean_only,202,clean,MI,13,58,52.268603682518005,48.0
tcn,clean_only,202,clean,MI,14,157,152.59689205884933,148.0
tcn,clean_only,202,clean,STTC,0,1277,16.4047372903442,40.0
tcn,clean_only,202,clean,STTC,1,146,14.145908132195473,17.0
tcn,clean_only,202,clean,STTC,2,91,14.989515647292137,25.0
tcn,clean_only,202,clean,STTC,3,63,14.632011458277702,24.0
tcn,clean_only,202,clean,STTC,4,42,12.495496898889542,13.0
tcn,clean_only,202,clean,STTC,5,40,14.446927160024643,16.0
tcn,clean_only,202,clean,STTC,6,37,15.822563767433167,18.0
tcn,clean_only,202,clean,STTC,7,35,17.460887521505356,14.0
tcn,clean_only,202,clean,STTC,8,29,16.380581378936768,22.0
tcn,clean_only,202,clean,STTC,9,42,26.397995591163635,27.0
tcn,clean_only,202,clean,STTC,10,41,28.60266089439392,28.0
tcn,clean_only,202,clean,STTC,11,46,35.3551669716835,35.0
tcn,clean_only,202,clean,STTC,12,62,51.622188687324524,53.0
tcn,clean_only,202,clean,STTC,13,123,110.80614370107651,110.0
tcn,clean_only,202,clean,STTC,14,84,80.40356802940369,79.0
tcn,clean_only,202,clean,CD,0,1367,24.619695405941457,67.0
tcn,clean_only,202,clean,CD,1,166,16.011550717055798,29.0
tcn,clean_only,202,clean,CD,2,95,15.25419157743454,27.0
tcn,clean_only,202,clean,CD,3,55,12.98814682662487,16.0
tcn,clean_only,202,clean,CD,4,50,14.988453388214111,17.0
tcn,clean_only,202,clean,CD,5,40,14.870211064815521,18.0
tcn,clean_only,202,clean,CD,6,27,11.775211483240128,13.0
tcn,clean_only,202,clean,CD,7,24,11.875167667865753,15.0
tcn,clean_only,202,clean,CD,8,32,18.024836242198944,17.0
tcn,clean_only,202,clean,CD,9,21,13.33241730928421,17.0
tcn,clean_only,202,clean,CD,10,16,11.170466184616089,12.0
tcn,clean_only,202,clean,CD,11,16,12.312259316444397,14.0
tcn,clean_only,202,clean,CD,12,33,27.50153398513794,29.0
tcn,clean_only,202,clean,CD,13,35,31.544564187526703,31.0
tcn,clean_only,202,clean,CD,14,181,177.94540137052536,174.0
tcn,clean_only,202,clean,HYP,0,1482,19.310665661643725,43.0
tcn,clean_only,202,clean,HYP,1,180,17.528798758983612,18.0
tcn,clean_only,202,clean,HYP,2,112,17.870487928390503,17.0
tcn,clean_only,202,clean,HYP,3,74,16.983049288392067,7.0
tcn,clean_only,202,clean,HYP,4,52,15.507515221834183,19.0
tcn,clean_only,202,clean,HYP,5,42,15.16854277253151,16.0
tcn,clean_only,202,clean,HYP,6,22,9.615818560123444,6.0
tcn,clean_only,202,clean,HYP,7,15,7.341652691364288,9.0
tcn,clean_only,202,clean,HYP,8,21,11.721933901309967,10.0
tcn,clean_only,202,clean,HYP,9,15,9.414977550506592,9.0
tcn,clean_only,202,clean,HYP,10,22,15.455945551395416,14.0
tcn,clean_only,202,clean,HYP,11,17,13.018226742744446,9.0
tcn,clean_only,202,clean,HYP,12,20,16.738808274269104,12.0
tcn,clean_only,202,clean,HYP,13,40,36.01718986034393,29.0
tcn,clean_only,202,clean,HYP,14,44,42.857409834861755,44.0
tcn,clean_only,202,primary_joint,NORM,0,73634,1198.1916585064755,2032.0
tcn,clean_only,202,primary_joint,NORM,1,13097,1265.9666218459606,2801.0
tcn,clean_only,202,primary_joint,NORM,2,8218,1358.951133131981,2599.0
tcn,clean_only,202,primary_joint,NORM,3,6515,1512.7848071455956,2584.0
tcn,clean_only,202,primary_joint,NORM,4,5496,1644.4956856966019,2351.0
tcn,clean_only,202,primary_joint,NORM,5,4769,1746.4590273499489,2153.0
tcn,clean_only,202,primary_joint,NORM,6,4833,2095.424392580986,2400.0
tcn,clean_only,202,primary_joint,NORM,7,4955,2479.0435900986195,2710.0
tcn,clean_only,202,primary_joint,NORM,8,4915,2784.1097598671913,2953.0
tcn,clean_only,202,primary_joint,NORM,9,5249,3328.7292699813843,3424.0
tcn,clean_only,202,primary_joint,NORM,10,5953,4174.169925868511,3949.0
tcn,clean_only,202,primary_joint,NORM,11,7293,5595.518270134926,4886.0
tcn,clean_only,202,primary_joint,NORM,12,9454,7900.992639839649,7015.0
tcn,clean_only,202,primary_joint,NORM,13,14218,12836.018007099628,11200.0
tcn,clean_only,202,primary_joint,NORM,14,47201,46095.67690068483,43243.0
tcn,clean_only,202,primary_joint,MI,0,82475,1671.0294155231095,2771.0
tcn,clean_only,202,primary_joint,MI,1,21898,2117.6529953479767,2437.0
tcn,clean_only,202,primary_joint,MI,2,13785,2262.6110917925835,2169.0
tcn,clean_only,202,primary_joint,MI,3,9632,2235.616915166378,1790.0
tcn,clean_only,202,primary_joint,MI,4,7902,2364.4116399288177,1748.0
tcn,clean_only,202,primary_joint,MI,5,6923,2531.941222190857,1687.0
tcn,clean_only,202,primary_joint,MI,6,6646,2881.6749846339226,2061.0
tcn,clean_only,202,primary_joint,MI,7,6317,3158.795838803053,2345.0
tcn,clean_only,202,primary_joint,MI,8,6020,3409.3580234646797,2344.0
tcn,clean_only,202,primary_joint,MI,9,6233,3949.6420736312866,2562.0
tcn,clean_only,202,primary_joint,MI,10,6365,4459.493392109871,2952.0
tcn,clean_only,202,primary_joint,MI,11,7059,5413.361815035343,3733.0
tcn,clean_only,202,primary_joint,MI,12,7694,6415.421903192997,4502.0
tcn,clean_only,202,primary_joint,MI,13,9669,8722.152804017067,6567.0
tcn,clean_only,202,primary_joint,MI,14,17182,16674.204278945923,15332.0
tcn,clean_only,202,primary_joint,STTC,0,102895,1902.8915908486524,2349.0
tcn,clean_only,202,primary_joint,STTC,1,22300,2149.1496044769883,1897.0
tcn,clean_only,202,primary_joint,STTC,2,13274,2181.4331078082323,2053.0
tcn,clean_only,202,primary_joint,STTC,3,9818,2283.6330420076847,2631.0
tcn,clean_only,202,primary_joint,STTC,4,7635,2279.8688256144524,2366.0
tcn,clean_only,202,primary_joint,STTC,5,6402,2343.9148032069206,2360.0
tcn,clean_only,202,primary_joint,STTC,6,5370,2320.6379602253437,2038.0
tcn,clean_only,202,primary_joint,STTC,7,5046,2523.3809762001038,2463.0
tcn,clean_only,202,primary_joint,STTC,8,5056,2864.727923452854,2927.0
tcn,clean_only,202,primary_joint,STTC,9,5154,3269.1571813225746,3330.0
tcn,clean_only,202,primary_joint,STTC,10,5628,3939.531991004944,4033.0
tcn,clean_only,202,primary_joint,STTC,11,5776,4435.253863275051,4562.0
tcn,clean_only,202,primary_joint,STTC,12,7422,6197.581209123135,6237.0
tcn,clean_only,202,primary_joint,STTC,13,9097,8188.055028915405,8236.0
tcn,clean_only,202,primary_joint,STTC,14,4927,4702.679837405682,4618.0
tcn,clean_only,202,primary_joint,CD,0,94731,2391.9406330435304,3732.0
tcn,clean_only,202,primary_joint,CD,1,30196,2897.4141994565725,2601.0
tcn,clean_only,202,primary_joint,CD,2,17224,2823.197103559971,2552.0
tcn,clean_only,202,primary_joint,CD,3,10307,2388.1547631770372,2081.0
tcn,clean_only,202,primary_joint,CD,4,8255,2468.070711374283,2048.0
tcn,clean_only,202,primary_joint,CD,5,6485,2367.8409253954887,1882.0
tcn,clean_only,202,primary_joint,CD,6,5427,2346.9289705753326,1836.0
tcn,clean_only,202,primary_joint,CD,7,4553,2273.8837364315987,1673.0
tcn,clean_only,202,primary_joint,CD,8,3849,2180.6080525517464,1705.0
tcn,clean_only,202,primary_joint,CD,9,3341,2111.2605645656586,1807.0
tcn,clean_only,202,primary_joint,CD,10,3231,2260.9898018836975,2042.0
tcn,clean_only,202,primary_joint,CD,11,2972,2279.636107504368,2143.0
tcn,clean_only,202,primary_joint,CD,12,3427,2856.3887023329735,2755.0
tcn,clean_only,202,primary_joint,CD,13,4149,3738.0741337537766,3622.0
tcn,clean_only,202,primary_joint,CD,14,17653,17323.478602468967,17121.0
tcn,clean_only,202,primary_joint,HYP,0,136506,2493.59919610669,3478.0
tcn,clean_only,202,primary_joint,HYP,1,26348,2546.5567976161838,2013.0
tcn,clean_only,202,primary_joint,HYP,2,13278,2162.502547636628,1849.0
tcn,clean_only,202,primary_joint,HYP,3,8593,1985.6008386611938,1694.0
tcn,clean_only,202,primary_joint,HYP,4,5209,1556.1774996221066,1452.0
tcn,clean_only,202,primary_joint,HYP,5,3854,1407.6159535944462,1325.0
tcn,clean_only,202,primary_joint,HYP,6,3331,1440.2891387939453,1334.0
tcn,clean_only,202,primary_joint,HYP,7,2537,1266.2983962595463,1204.0
tcn,clean_only,202,primary_joint,HYP,8,2101,1188.0361679792404,1190.0
tcn,clean_only,202,primary_joint,HYP,9,1944,1232.213106393814,1121.0
tcn,clean_only,202,primary_joint,HYP,10,2078,1456.4648188948631,1294.0
tcn,clean_only,202,primary_joint,HYP,11,1963,1505.9279339909554,1277.0
tcn,clean_only,202,primary_joint,HYP,12,2202,1837.852238357067,1628.0
tcn,clean_only,202,primary_joint,HYP,13,2778,2497.8046016693115,2280.0
tcn,clean_only,202,primary_joint,HYP,14,3078,2987.371799468994,3061.0
tcn,independent_rms,202,clean,NORM,0,604,7.331653563407599,1.0
tcn,independent_rms,202,clean,NORM,1,94,8.663488119840622,3.0
tcn,independent_rms,202,clean,NORM,2,56,9.32489538192749,8.0
tcn,independent_rms,202,clean,NORM,3,46,10.604924574494362,3.0
tcn,independent_rms,202,clean,NORM,4,32,9.348601132631302,4.0
tcn,independent_rms,202,clean,NORM,5,26,9.493975788354874,4.0
tcn,independent_rms,202,clean,NORM,6,31,13.263198435306549,11.0
tcn,independent_rms,202,clean,NORM,7,22,10.81081473827362,3.0
tcn,independent_rms,202,clean,NORM,8,36,20.289052665233612,10.0
tcn,independent_rms,202,clean,NORM,9,33,20.832031965255737,8.0
tcn,independent_rms,202,clean,NORM,10,48,33.97426199913025,16.0
tcn,independent_rms,202,clean,NORM,11,52,40.15183448791504,23.0
tcn,independent_rms,202,clean,NORM,12,86,71.96888321638107,42.0
tcn,independent_rms,202,clean,NORM,13,171,154.9672093987465,106.0
tcn,independent_rms,202,clean,NORM,14,821,805.4775100946426,721.0
tcn,independent_rms,202,clean,MI,0,1345,19.627953159215394,78.0
tcn,independent_rms,202,clean,MI,1,177,16.76952973753214,40.0
tcn,independent_rms,202,clean,MI,2,87,14.320740982890129,40.0
tcn,independent_rms,202,clean,MI,3,71,16.108766615390778,30.0
tcn,independent_rms,202,clean,MI,4,54,16.186048984527588,32.0
tcn,independent_rms,202,clean,MI,5,35,12.70292118191719,16.0
tcn,independent_rms,202,clean,MI,6,34,14.601163983345032,16.0
tcn,independent_rms,202,clean,MI,7,41,20.671971052885056,27.0
tcn,independent_rms,202,clean,MI,8,35,19.986008286476135,29.0
tcn,independent_rms,202,clean,MI,9,42,26.45660364627838,31.0
tcn,independent_rms,202,clean,MI,10,28,19.49994057416916,21.0
tcn,independent_rms,202,clean,MI,11,30,22.97554212808609,22.0
tcn,independent_rms,202,clean,MI,12,27,22.596263527870178,21.0
tcn,independent_rms,202,clean,MI,13,48,43.22359359264374,45.0
tcn,independent_rms,202,clean,MI,14,104,101.05127555131912,102.0
tcn,independent_rms,202,clean,STTC,0,1459,13.727751469152281,75.0
tcn,independent_rms,202,clean,STTC,1,123,11.712863318622112,29.0
tcn,independent_rms,202,clean,STTC,2,70,11.595877021551132,26.0
tcn,independent_rms,202,clean,STTC,3,43,9.7603550106287,19.0
tcn,independent_rms,202,clean,STTC,4,36,10.601150065660477,23.0
tcn,independent_rms,202,clean,STTC,5,28,10.40027266740799,18.0
tcn,independent_rms,202,clean,STTC,6,26,11.074164777994156,16.0
tcn,independent_rms,202,clean,STTC,7,31,15.36191576719284,22.0
tcn,independent_rms,202,clean,STTC,8,36,20.48161679506302,26.0
tcn,independent_rms,202,clean,STTC,9,23,14.495562732219696,20.0
tcn,independent_rms,202,clean,STTC,10,33,23.10184520483017,24.0
tcn,independent_rms,202,clean,STTC,11,42,32.15726566314697,35.0
tcn,independent_rms,202,clean,STTC,12,57,47.53797090053558,50.0
tcn,independent_rms,202,clean,STTC,13,87,78.45925825834274,77.0
tcn,independent_rms,202,clean,STTC,14,64,61.338321685791016,61.0
tcn,independent_rms,202,clean,CD,0,1375,22.731621395330876,63.0
tcn,independent_rms,202,clean,CD,1,160,15.37274993211031,28.0
tcn,independent_rms,202,clean,CD,2,80,12.822200432419777,20.0
tcn,independent_rms,202,clean,CD,3,51,11.85157473385334,19.0
tcn,independent_rms,202,clean,CD,4,45,13.56370434165001,21.0
tcn,independent_rms,202,clean,CD,5,39,14.289867222309113,15.0
tcn,independent_rms,202,clean,CD,6,30,12.90097975730896,16.0
tcn,independent_rms,202,clean,CD,7,30,14.841515094041824,14.0
tcn,independent_rms,202,clean,CD,8,17,9.545537292957306,9.0
tcn,independent_rms,202,clean,CD,9,19,11.977701544761658,16.0
tcn,independent_rms,202,clean,CD,10,22,15.411876857280731,13.0
tcn,independent_rms,202,clean,CD,11,21,15.952747583389282,14.0
tcn,independent_rms,202,clean,CD,12,31,25.849121510982513,23.0
tcn,independent_rms,202,clean,CD,13,35,31.53908783197403,30.0
tcn,independent_rms,202,clean,CD,14,203,199.93365055322647,195.0
tcn,independent_rms,202,clean,HYP,0,1581,19.18697496445384,49.0
tcn,independent_rms,202,clean,HYP,1,193,18.50582927465439,27.0
tcn,independent_rms,202,clean,HYP,2,95,15.871832981705666,16.0
tcn,independent_rms,202,clean,HYP,3,49,11.52905997633934,17.0
tcn,independent_rms,202,clean,HYP,4,29,8.404884815216064,11.0
tcn,independent_rms,202,clean,HYP,5,26,9.525665551424026,8.0
tcn,independent_rms,202,clean,HYP,6,16,6.991006165742874,9.0
tcn,independent_rms,202,clean,HYP,7,20,9.965459942817688,13.0
tcn,independent_rms,202,clean,HYP,8,14,7.8849159479141235,8.0
tcn,independent_rms,202,clean,HYP,9,17,10.865435421466827,10.0
tcn,independent_rms,202,clean,HYP,10,17,12.059681415557861,10.0
tcn,independent_rms,202,clean,HYP,11,16,12.1077299118042,12.0
tcn,independent_rms,202,clean,HYP,12,19,16.01813715696335,14.0
tcn,independent_rms,202,clean,HYP,13,26,23.61100822687149,19.0
tcn,independent_rms,202,clean,HYP,14,40,39.00587618350983,39.0
tcn,independent_rms,202,primary_joint,NORM,0,62470,969.7110133832903,313.0
tcn,independent_rms,202,primary_joint,NORM,1,11032,1065.4279841929674,924.0
tcn,independent_rms,202,primary_joint,NORM,2,7084,1175.023832976818,1150.0
tcn,independent_rms,202,primary_joint,NORM,3,5881,1365.7532726675272,1311.0
tcn,independent_rms,202,primary_joint,NORM,4,5088,1526.2661753296852,1388.0
tcn,independent_rms,202,primary_joint,NORM,5,4771,1745.5631664693356,1727.0
tcn,independent_rms,202,primary_joint,NORM,6,4379,1894.0162710547447,1721.0
tcn,independent_rms,202,primary_joint,NORM,7,4430,2215.0803962647915,1933.0
tcn,independent_rms,202,primary_joint,NORM,8,4724,2678.517824411392,2170.0
tcn,independent_rms,202,primary_joint,NORM,9,5323,3378.379838168621,2664.0
tcn,independent_rms,202,primary_joint,NORM,10,6355,4454.409661769867,3478.0
tcn,independent_rms,202,primary_joint,NORM,11,7931,6096.328487992287,4898.0
tcn,independent_rms,202,primary_joint,NORM,12,10853,9062.975784778595,7377.0
tcn,independent_rms,202,primary_joint,NORM,13,18002,16251.091687858105,13472.0
tcn,independent_rms,202,primary_joint,NORM,14,57477,56054.9967854023,51774.0
tcn,independent_rms,202,primary_joint,MI,0,110295,2174.299317764933,5336.0
tcn,independent_rms,202,primary_joint,MI,1,24515,2350.16283993423,4385.0
tcn,independent_rms,202,primary_joint,MI,2,13539,2227.029616251588,4004.0
tcn,independent_rms,202,primary_joint,MI,3,9456,2188.7811614573,3295.0
tcn,independent_rms,202,primary_joint,MI,4,7216,2153.7182953059673,2776.0
tcn,independent_rms,202,primary_joint,MI,5,6000,2194.4074577987194,2572.0
tcn,independent_rms,202,primary_joint,MI,6,5501,2382.193534642458,2614.0
tcn,independent_rms,202,primary_joint,MI,7,4944,2468.2393549084663,2813.0
tcn,independent_rms,202,primary_joint,MI,8,4512,2556.515138089657,2714.0
tcn,independent_rms,202,primary_joint,MI,9,4430,2802.224191725254,2963.0
tcn,independent_rms,202,primary_joint,MI,10,4202,2939.780027627945,2872.0
tcn,independent_rms,202,primary_joint,MI,11,3779,2892.737625002861,2688.0
tcn,independent_rms,202,primary_joint,MI,12,3794,3168.966677248478,3057.0
tcn,independent_rms,202,primary_joint,MI,13,5106,4606.724662363529,4584.0
tcn,independent_rms,202,primary_joint,MI,14,8511,8256.741227447987,8327.0
tcn,independent_rms,202,primary_joint,STTC,0,135821,1759.4773977951118,6288.0
tcn,independent_rms,202,primary_joint,STTC,1,16928,1622.4912602603436,3138.0
tcn,independent_rms,202,primary_joint,STTC,2,9598,1572.0645182728767,3015.0
tcn,independent_rms,202,primary_joint,STTC,3,6237,1441.8216240853071,2736.0
tcn,independent_rms,202,primary_joint,STTC,4,4777,1426.8744277656078,2634.0
tcn,independent_rms,202,primary_joint,STTC,5,3894,1424.4783177375793,2485.0
tcn,independent_rms,202,primary_joint,STTC,6,3688,1597.7502674758434,2420.0
tcn,independent_rms,202,primary_joint,STTC,7,3627,1811.8397529125214,2579.0
tcn,independent_rms,202,primary_joint,STTC,8,3811,2164.1674364209175,2876.0
tcn,independent_rms,202,primary_joint,STTC,9,3646,2306.446088016033,2876.0
tcn,independent_rms,202,primary_joint,STTC,10,3809,2670.860245347023,3136.0
tcn,independent_rms,202,primary_joint,STTC,11,4321,3313.787936091423,3660.0
tcn,independent_rms,202,primary_joint,STTC,12,5456,4552.865979850292,4870.0
tcn,independent_rms,202,primary_joint,STTC,13,6472,5818.667610287666,5810.0
tcn,independent_rms,202,primary_joint,STTC,14,3715,3549.368196606636,3577.0
tcn,independent_rms,202,primary_joint,CD,0,107941,2540.67644621979,4000.0
tcn,independent_rms,202,primary_joint,CD,1,26763,2552.072703421116,2679.0
tcn,independent_rms,202,primary_joint,CD,2,13812,2258.4424473792315,2324.0
tcn,independent_rms,202,primary_joint,CD,3,8246,1910.398384720087,2022.0
tcn,independent_rms,202,primary_joint,CD,4,6619,1980.0804859399796,1958.0
tcn,independent_rms,202,primary_joint,CD,5,5616,2053.211009979248,1977.0
tcn,independent_rms,202,primary_joint,CD,6,4520,1954.13945671916,1715.0
tcn,independent_rms,202,primary_joint,CD,7,3831,1911.6082582175732,1718.0
tcn,independent_rms,202,primary_joint,CD,8,3105,1756.0619047880173,1506.0
tcn,independent_rms,202,primary_joint,CD,9,2821,1787.8371019363403,1571.0
tcn,independent_rms,202,primary_joint,CD,10,2786,1949.5517581701279,1775.0
tcn,independent_rms,202,primary_joint,CD,11,2989,2291.658626317978,1849.0
tcn,independent_rms,202,primary_joint,CD,12,3315,2768.5054973363876,2363.0
tcn,independent_rms,202,primary_joint,CD,13,4035,3640.7850491404533,3387.0
tcn,independent_rms,202,primary_joint,CD,14,19401,19095.56195664406,18756.0
tcn,independent_rms,202,primary_joint,HYP,0,151619,2421.4701466908446,4300.0
tcn,independent_rms,202,primary_joint,HYP,1,22968,2185.4546192213893,2714.0
tcn,independent_rms,202,primary_joint,HYP,2,10302,1693.1041185110807,1848.0
tcn,independent_rms,202,primary_joint,HYP,3,5960,1373.560941979289,1820.0
tcn,independent_rms,202,primary_joint,HYP,4,4051,1206.872139453888,1464.0
tcn,independent_rms,202,primary_joint,HYP,5,2785,1017.1121505796909,1064.0
tcn,independent_rms,202,primary_joint,HYP,6,2303,996.3159657716751,1122.0
tcn,independent_rms,202,primary_joint,HYP,7,1947,971.9109590947628,1167.0
tcn,independent_rms,202,primary_joint,HYP,8,1767,999.9823408722878,1054.0
tcn,independent_rms,202,primary_joint,HYP,9,1724,1094.3266721367836,1081.0
tcn,independent_rms,202,primary_joint,HYP,10,1798,1256.808080792427,1265.0
tcn,independent_rms,202,primary_joint,HYP,11,1556,1189.720387160778,1099.0
tcn,independent_rms,202,primary_joint,HYP,12,1712,1429.6706036925316,1269.0
tcn,independent_rms,202,primary_joint,HYP,13,2343,2110.7557661533356,2000.0
tcn,independent_rms,202,primary_joint,HYP,14,2965,2881.1456042528152,2933.0
tcn,electrode,202,clean,NORM,0,614,7.968645003405982,2.0
tcn,electrode,202,clean,NORM,1,91,8.807642251253128,3.0
tcn,electrode,202,clean,NORM,2,50,8.53368929028511,7.0
tcn,electrode,202,clean,NORM,3,53,12.148110926151276,6.0
tcn,electrode,202,clean,NORM,4,29,8.824512273073196,3.0
tcn,electrode,202,clean,NORM,5,32,11.637251108884811,8.0
tcn,electrode,202,clean,NORM,6,30,12.834679901599884,7.0
tcn,electrode,202,clean,NORM,7,19,9.660195112228394,3.0
tcn,electrode,202,clean,NORM,8,38,21.40750616788864,11.0
tcn,electrode,202,clean,NORM,9,39,24.80511200428009,8.0
tcn,electrode,202,clean,NORM,10,46,32.18979072570801,16.0
tcn,electrode,202,clean,NORM,11,58,44.5774040222168,24.0
tcn,electrode,202,clean,NORM,12,90,75.31444215774536,51.0
tcn,electrode,202,clean,NORM,13,168,152.06428968906403,108.0
tcn,electrode,202,clean,NORM,14,801,785.1852307319641,706.0
tcn,electrode,202,clean,MI,0,1320,20.698328243161086,70.0
tcn,electrode,202,clean,MI,1,167,15.817643739283085,40.0
tcn,electrode,202,clean,MI,2,108,17.774327278137207,41.0
tcn,electrode,202,clean,MI,3,64,14.778295129537582,29.0
tcn,electrode,202,clean,MI,4,56,16.524655610322952,27.0
tcn,electrode,202,clean,MI,5,39,14.321377724409103,21.0
tcn,electrode,202,clean,MI,6,33,14.256395995616913,19.0
tcn,electrode,202,clean,MI,7,37,18.503216683864594,21.0
tcn,electrode,202,clean,MI,8,41,23.29754412174225,27.0
tcn,electrode,202,clean,MI,9,42,26.595412373542786,34.0
tcn,electrode,202,clean,MI,10,33,23.079502165317535,23.0
tcn,electrode,202,clean,MI,11,29,22.105705559253693,22.0
tcn,electrode,202,clean,MI,12,33,27.626640379428864,27.0
tcn,electrode,202,clean,MI,13,47,42.561837553977966,42.0
tcn,electrode,202,clean,MI,14,109,105.87756490707397,107.0
tcn,electrode,202,clean,STTC,0,1458,13.753247185508371,75.0
tcn,electrode,202,clean,STTC,1,124,12.107569076120853,29.0
tcn,electrode,202,clean,STTC,2,67,10.979331076145172,26.0
tcn,electrode,202,clean,STTC,3,50,11.309043869376183,22.0
tcn,electrode,202,clean,STTC,4,36,10.937523812055588,21.0
tcn,electrode,202,clean,STTC,5,33,12.123051047325134,20.0
tcn,electrode,202,clean,STTC,6,23,10.01879546046257,17.0
tcn,electrode,202,clean,STTC,7,39,19.487470984458923,30.0
tcn,electrode,202,clean,STTC,8,26,14.81928664445877,18.0
tcn,electrode,202,clean,STTC,9,27,17.23495715856552,23.0
tcn,electrode,202,clean,STTC,10,32,22.415461540222168,22.0
tcn,electrode,202,clean,STTC,11,45,34.39631628990173,39.0
tcn,electrode,202,clean,STTC,12,51,42.50002080202103,44.0
tcn,electrode,202,clean,STTC,13,86,77.29570019245148,76.0
tcn,electrode,202,clean,STTC,14,61,58.286537766456604,59.0
tcn,electrode,202,clean,CD,0,1358,23.235860058106482,61.0
tcn,electrode,202,clean,CD,1,162,15.55421320348978,29.0
tcn,electrode,202,clean,CD,2,87,14.122198075056076,21.0
tcn,electrode,202,clean,CD,3,51,11.854519203305244,14.0
tcn,electrode,202,clean,CD,4,35,10.459681630134583,17.0
tcn,electrode,202,clean,CD,5,47,17.230839878320694,18.0
tcn,electrode,202,clean,CD,6,33,14.297793358564377,15.0
tcn,electrode,202,clean,CD,7,33,16.544641703367233,19.0
tcn,electrode,202,clean,CD,8,18,10.167272567749023,10.0
tcn,electrode,202,clean,CD,9,19,11.920831561088562,13.0
tcn,electrode,202,clean,CD,10,29,20.422535181045532,19.0
tcn,electrode,202,clean,CD,11,19,14.627513229846954,13.0
tcn,electrode,202,clean,CD,12,30,25.16028094291687,22.0
tcn,electrode,202,clean,CD,13,35,31.613126814365387,31.0
tcn,electrode,202,clean,CD,14,202,199.0092852115631,194.0
tcn,electrode,202,clean,HYP,0,1587,18.92036042601103,50.0
tcn,electrode,202,clean,HYP,1,195,18.52490122616291,28.0
tcn,electrode,202,clean,HYP,2,93,15.087014570832253,19.0
tcn,electrode,202,clean,HYP,3,50,11.599554806947708,15.0
tcn,electrode,202,clean,HYP,4,34,10.271369069814682,11.0
tcn,electrode,202,clean,HYP,5,22,8.084537148475647,11.0
tcn,electrode,202,clean,HYP,6,17,7.379382431507111,10.0
tcn,electrode,202,clean,HYP,7,16,8.007328897714615,9.0
tcn,electrode,202,clean,HYP,8,14,7.9051090478897095,9.0
tcn,electrode,202,clean,HYP,9,16,10.121362745761871,8.0
tcn,electrode,202,clean,HYP,10,20,13.949030041694641,14.0
tcn,electrode,202,clean,HYP,11,15,11.447695195674896,9.0
tcn,electrode,202,clean,HYP,12,17,14.341081082820892,13.0
tcn,electrode,202,clean,HYP,13,22,20.005517601966858,18.0
tcn,electrode,202,clean,HYP,14,40,38.95471012592316,38.0
tcn,electrode,202,primary_joint,NORM,0,58691,905.7496261448832,146.0
tcn,electrode,202,primary_joint,NORM,1,10257,986.7458834275603,438.0
tcn,electrode,202,primary_joint,NORM,2,6476,1070.325127914548,689.0
tcn,electrode,202,primary_joint,NORM,3,5403,1255.350345492363,789.0
tcn,electrode,202,primary_joint,NORM,4,4577,1370.0859092772007,730.0
tcn,electrode,202,primary_joint,NORM,5,4274,1564.6167061924934,1045.0
tcn,electrode,202,primary_joint,NORM,6,3956,1711.372943609953,1167.0
tcn,electrode,202,primary_joint,NORM,7,3988,1997.6256216168404,1381.0
tcn,electrode,202,primary_joint,NORM,8,4271,2422.947133719921,1548.0
tcn,electrode,202,primary_joint,NORM,9,5056,3206.280895113945,1982.0
tcn,electrode,202,primary_joint,NORM,10,5839,4094.9998477101326,2758.0
tcn,electrode,202,primary_joint,NORM,11,7557,5810.3501925468445,4087.0
tcn,electrode,202,primary_joint,NORM,12,10793,9010.575670540333,6664.0
tcn,electrode,202,primary_joint,NORM,13,18677,16878.73091197014,13736.0
tcn,electrode,202,primary_joint,NORM,14,65985,64390.908334732056,59140.0
tcn,electrode,202,primary_joint,MI,0,119380,2237.3129589823657,6040.0
tcn,electrode,202,primary_joint,MI,1,22945,2188.9089657068253,4413.0
tcn,electrode,202,primary_joint,MI,2,12860,2109.527437195182,4318.0
tcn,electrode,202,primary_joint,MI,3,8552,1983.090915799141,3475.0
tcn,electrode,202,primary_joint,MI,4,6274,1871.6399210393429,2809.0
tcn,electrode,202,primary_joint,MI,5,5043,1844.9104663729668,2382.0
tcn,electrode,202,primary_joint,MI,6,4750,2055.9315291047096,2613.0
tcn,electrode,202,primary_joint,MI,7,4545,2272.8299074172974,2697.0
tcn,electrode,202,primary_joint,MI,8,4111,2328.441021978855,2813.0
tcn,electrode,202,primary_joint,MI,9,3892,2465.1891362667084,2800.0
tcn,electrode,202,primary_joint,MI,10,3612,2525.4442116618156,2594.0
tcn,electrode,202,primary_joint,MI,11,3295,2524.678778886795,2567.0
tcn,electrode,202,primary_joint,MI,12,3413,2846.6602744460106,2933.0
tcn,electrode,202,primary_joint,MI,13,4941,4456.579006493092,4509.0
tcn,electrode,202,primary_joint,MI,14,8187,7942.186679244041,8037.0
tcn,electrode,202,primary_joint,STTC,0,139289,1664.484568822998,6809.0
tcn,electrode,202,primary_joint,STTC,1,15091,1460.0665737092495,2907.0
tcn,electrode,202,primary_joint,STTC,2,9090,1494.3310911804438,3066.0
tcn,electrode,202,primary_joint,STTC,3,5968,1379.724388986826,2629.0
tcn,electrode,202,primary_joint,STTC,4,4398,1315.0298790931702,2452.0
tcn,electrode,202,primary_joint,STTC,5,3950,1446.5487864613533,2583.0
tcn,electrode,202,primary_joint,STTC,6,3628,1572.173123896122,2507.0
tcn,electrode,202,primary_joint,STTC,7,3510,1752.4795426130295,2555.0
tcn,electrode,202,primary_joint,STTC,8,3632,2056.924119412899,2739.0
tcn,electrode,202,primary_joint,STTC,9,3430,2174.709511935711,2786.0
tcn,electrode,202,primary_joint,STTC,10,3743,2622.71526992321,3075.0
tcn,electrode,202,primary_joint,STTC,11,4443,3411.2418102025986,3809.0
tcn,electrode,202,primary_joint,STTC,12,5208,4345.059708416462,4584.0
tcn,electrode,202,primary_joint,STTC,13,6640,5969.509405016899,5961.0
tcn,electrode,202,primary_joint,STTC,14,3780,3606.172515273094,3638.0
tcn,electrode,202,primary_joint,CD,0,116967,2640.7594636857975,4479.0
tcn,electrode,202,primary_joint,CD,1,23802,2263.7404568195343,2907.0
tcn,electrode,202,primary_joint,CD,2,12150,1988.5551810860634,2426.0
tcn,electrode,202,primary_joint,CD,3,7461,1731.3526770472527,1937.0
tcn,electrode,202,primary_joint,CD,4,5856,1749.5598949491978,1778.0
tcn,electrode,202,primary_joint,CD,5,4878,1781.721154332161,1796.0
tcn,electrode,202,primary_joint,CD,6,4127,1781.786292374134,1842.0
tcn,electrode,202,primary_joint,CD,7,3517,1753.9421499371529,1713.0
tcn,electrode,202,primary_joint,CD,8,2952,1668.3776711821556,1597.0
tcn,electrode,202,primary_joint,CD,9,2641,1671.8875000476837,1572.0
tcn,electrode,202,primary_joint,CD,10,2639,1848.564247250557,1653.0
tcn,electrode,202,primary_joint,CD,11,2663,2041.6620452404022,1800.0
tcn,electrode,202,primary_joint,CD,12,3153,2633.908676505089,2263.0
tcn,electrode,202,primary_joint,CD,13,3780,3409.5879260897636,3288.0
tcn,electrode,202,primary_joint,CD,14,19214,18920.070388793945,18549.0
tcn,electrode,202,primary_joint,HYP,0,155433,2233.134171194921,4669.0
tcn,electrode,202,primary_joint,HYP,1,21507,2063.605056643486,2758.0
tcn,electrode,202,primary_joint,HYP,2,9591,1569.3171277791262,1827.0
tcn,electrode,202,primary_joint,HYP,3,5577,1286.6067989617586,1769.0
tcn,electrode,202,primary_joint,HYP,4,3876,1160.2632841467857,1511.0
tcn,electrode,202,primary_joint,HYP,5,2777,1013.2093832790852,1196.0
tcn,electrode,202,primary_joint,HYP,6,1926,833.8238004148006,1028.0
tcn,electrode,202,primary_joint,HYP,7,1746,870.9787171185017,1008.0
tcn,electrode,202,primary_joint,HYP,8,1592,901.3622862100601,993.0
tcn,electrode,202,primary_joint,HYP,9,1775,1121.9910860061646,1136.0
tcn,electrode,202,primary_joint,HYP,10,1686,1178.4562346339226,1127.0
tcn,electrode,202,primary_joint,HYP,11,1459,1117.607030570507,1006.0
tcn,electrode,202,primary_joint,HYP,12,1644,1373.6816148757935,1292.0
tcn,electrode,202,primary_joint,HYP,13,2174,1963.9140491485596,1870.0
tcn,electrode,202,primary_joint,HYP,14,3037,2951.8383484482765,3010.0
tcn,mixed,202,clean,NORM,0,602,7.5180680346966255,0.0
tcn,mixed,202,clean,NORM,1,93,8.788003362715244,4.0
tcn,mixed,202,clean,NORM,2,59,9.640382125973701,9.0
tcn,mixed,202,clean,NORM,3,49,11.202302128076553,3.0
tcn,mixed,202,clean,NORM,4,34,10.227643877267838,3.0
tcn,mixed,202,clean,NORM,5,33,12.217770099639893,9.0
tcn,mixed,202,clean,NORM,6,20,8.619738698005676,7.0
tcn,mixed,202,clean,NORM,7,29,14.639496624469757,4.0
tcn,mixed,202,clean,NORM,8,31,17.505988121032715,10.0
tcn,mixed,202,clean,NORM,9,37,23.34836858510971,9.0
tcn,mixed,202,clean,NORM,10,42,29.364167749881744,13.0
tcn,mixed,202,clean,NORM,11,58,44.513634502887726,23.0
tcn,mixed,202,clean,NORM,12,88,73.50180566310883,45.0
tcn,mixed,202,clean,NORM,13,172,155.4237044453621,113.0
tcn,mixed,202,clean,NORM,14,811,795.118373632431,711.0
tcn,mixed,202,clean,MI,0,1324,20.575865509046707,75.0
tcn,mixed,202,clean,MI,1,172,16.630260951817036,36.0
tcn,mixed,202,clean,MI,2,92,15.062870368361473,41.0
tcn,mixed,202,clean,MI,3,68,15.39301860332489,24.0
tcn,mixed,202,clean,MI,4,60,17.97210603952408,31.0
tcn,mixed,202,clean,MI,5,37,13.557356089353561,20.0
tcn,mixed,202,clean,MI,6,30,13.028248816728592,16.0
tcn,mixed,202,clean,MI,7,38,19.04653486609459,17.0
tcn,mixed,202,clean,MI,8,38,21.732528030872345,30.0
tcn,mixed,202,clean,MI,9,35,22.015515565872192,29.0
tcn,mixed,202,clean,MI,10,43,29.967173635959625,34.0
tcn,mixed,202,clean,MI,11,29,22.255922615528107,18.0
tcn,mixed,202,clean,MI,12,29,24.095373332500458,23.0
tcn,mixed,202,clean,MI,13,53,47.858310759067535,48.0
tcn,mixed,202,clean,MI,14,110,106.87767112255096,108.0
tcn,mixed,202,clean,STTC,0,1472,13.89023449702654,81.0
tcn,mixed,202,clean,STTC,1,118,11.498320251703262,29.0
tcn,mixed,202,clean,STTC,2,73,11.907720863819122,24.0
tcn,mixed,202,clean,STTC,3,46,10.700392663478851,22.0
tcn,mixed,202,clean,STTC,4,34,10.127700924873352,22.0
tcn,mixed,202,clean,STTC,5,28,10.133109211921692,19.0
tcn,mixed,202,clean,STTC,6,42,18.49740567803383,30.0
tcn,mixed,202,clean,STTC,7,29,14.550117909908295,20.0
tcn,mixed,202,clean,STTC,8,23,13.018760919570923,18.0
tcn,mixed,202,clean,STTC,9,31,19.6448832154274,26.0
tcn,mixed,202,clean,STTC,10,32,22.49589514732361,24.0
tcn,mixed,202,clean,STTC,11,39,29.87384432554245,34.0
tcn,mixed,202,clean,STTC,12,55,45.778463661670685,48.0
tcn,mixed,202,clean,STTC,13,81,72.76207596063614,71.0
tcn,mixed,202,clean,STTC,14,55,52.60342013835907,53.0
tcn,mixed,202,clean,CD,0,1368,22.704803565051407,63.0
tcn,mixed,202,clean,CD,1,163,15.540135696530342,28.0
tcn,mixed,202,clean,CD,2,88,14.522655308246613,21.0
tcn,mixed,202,clean,CD,3,42,9.711929887533188,17.0
tcn,mixed,202,clean,CD,4,38,11.340793907642365,11.0
tcn,mixed,202,clean,CD,5,40,14.63159829378128,18.0
tcn,mixed,202,clean,CD,6,46,20.081285178661346,24.0
tcn,mixed,202,clean,CD,7,23,11.547047227621078,12.0
tcn,mixed,202,clean,CD,8,22,12.512222290039062,14.0
tcn,mixed,202,clean,CD,9,18,11.394926726818085,13.0
tcn,mixed,202,clean,CD,10,17,11.927991569042206,13.0
tcn,mixed,202,clean,CD,11,28,21.315036356449127,14.0
tcn,mixed,202,clean,CD,12,27,22.758577704429626,24.0
tcn,mixed,202,clean,CD,13,36,32.466320514678955,29.0
tcn,mixed,202,clean,CD,14,202,198.8696431517601,195.0
tcn,mixed,202,clean,HYP,0,1584,19.814197387197055,49.0
tcn,mixed,202,clean,HYP,1,194,18.551543705165386,28.0
tcn,mixed,202,clean,HYP,2,98,16.29892808198929,20.0
tcn,mixed,202,clean,HYP,3,51,11.913556426763535,15.0
tcn,mixed,202,clean,HYP,4,27,7.978802591562271,11.0
tcn,mixed,202,clean,HYP,5,26,9.431818306446075,11.0
tcn,mixed,202,clean,HYP,6,19,8.084579437971115,10.0
tcn,mixed,202,clean,HYP,7,14,7.044187307357788,9.0
tcn,mixed,202,clean,HYP,8,13,7.305811882019043,6.0
tcn,mixed,202,clean,HYP,9,16,10.07658302783966,10.0
tcn,mixed,202,clean,HYP,10,26,18.214201033115387,17.0
tcn,mixed,202,clean,HYP,11,8,6.206467270851135,6.0
tcn,mixed,202,clean,HYP,12,20,16.762962758541107,13.0
tcn,mixed,202,clean,HYP,13,25,22.698135197162628,21.0
tcn,mixed,202,clean,HYP,14,37,36.12970435619354,36.0
tcn,mixed,202,primary_joint,NORM,0,58225,907.515508486671,111.0
tcn,mixed,202,primary_joint,NORM,1,10773,1037.9854412898421,521.0
tcn,mixed,202,primary_joint,NORM,2,6845,1132.3044577240944,749.0
tcn,mixed,202,primary_joint,NORM,3,5331,1236.0605571568012,797.0
tcn,mixed,202,primary_joint,NORM,4,4727,1416.7241495251656,833.0
tcn,mixed,202,primary_joint,NORM,5,4394,1610.1897622346878,1175.0
tcn,mixed,202,primary_joint,NORM,6,4084,1769.812534302473,1244.0
tcn,mixed,202,primary_joint,NORM,7,4157,2078.1449787318707,1489.0
tcn,mixed,202,primary_joint,NORM,8,4496,2548.5521062016487,1803.0
tcn,mixed,202,primary_joint,NORM,9,5071,3216.0224413871765,2098.0
tcn,mixed,202,primary_joint,NORM,10,5905,4140.116976559162,2822.0
tcn,mixed,202,primary_joint,NORM,11,7814,6004.492686808109,4308.0
tcn,mixed,202,primary_joint,NORM,12,10969,9165.630763292313,7014.0
tcn,mixed,202,primary_joint,NORM,13,18789,16968.500023782253,13792.0
tcn,mixed,202,primary_joint,NORM,14,64220,62663.48203235865,57544.0
tcn,mixed,202,primary_joint,MI,0,115781,2230.805686286185,5819.0
tcn,mixed,202,primary_joint,MI,1,23472,2251.281165674329,4202.0
tcn,mixed,202,primary_joint,MI,2,12686,2077.1746669113636,3958.0
tcn,mixed,202,primary_joint,MI,3,8984,2077.5207595676184,3355.0
tcn,mixed,202,primary_joint,MI,4,6661,1992.605309188366,2731.0
tcn,mixed,202,primary_joint,MI,5,5294,1936.6891374886036,2460.0
tcn,mixed,202,primary_joint,MI,6,4880,2114.5524092912674,2513.0
tcn,mixed,202,primary_joint,MI,7,4575,2286.7725895941257,2531.0
tcn,mixed,202,primary_joint,MI,8,4417,2501.775233566761,2890.0
tcn,mixed,202,primary_joint,MI,9,4021,2544.960814356804,2826.0
tcn,mixed,202,primary_joint,MI,10,3912,2736.4856452941895,2871.0
tcn,mixed,202,primary_joint,MI,11,3797,2909.8316411972046,2790.0
tcn,mixed,202,primary_joint,MI,12,3563,2972.501334667206,2915.0
tcn,mixed,202,primary_joint,MI,13,5213,4706.296737253666,4789.0
tcn,mixed,202,primary_joint,MI,14,8544,8289.14764970541,8350.0
tcn,mixed,202,primary_joint,STTC,0,140329,1695.235576368199,7021.0
tcn,mixed,202,primary_joint,STTC,1,15554,1505.719768807292,3282.0
tcn,mixed,202,primary_joint,STTC,2,9000,1475.415628761053,3119.0
tcn,mixed,202,primary_joint,STTC,3,5977,1388.7911445647478,2847.0
tcn,mixed,202,primary_joint,STTC,4,4491,1340.1518648564816,2716.0
tcn,mixed,202,primary_joint,STTC,5,3707,1355.571089297533,2488.0
tcn,mixed,202,primary_joint,STTC,6,3910,1694.203475356102,2709.0
tcn,mixed,202,primary_joint,STTC,7,3807,1898.2622215151787,2782.0
tcn,mixed,202,primary_joint,STTC,8,3484,1971.1679534316063,2708.0
tcn,mixed,202,primary_joint,STTC,9,3314,2099.7489680051804,2781.0
tcn,mixed,202,primary_joint,STTC,10,3673,2573.023427963257,3000.0
tcn,mixed,202,primary_joint,STTC,11,4212,3231.377457022667,3601.0
tcn,mixed,202,primary_joint,STTC,12,5055,4220.900891721249,4478.0
tcn,mixed,202,primary_joint,STTC,13,5955,5348.123745679855,5352.0
tcn,mixed,202,primary_joint,STTC,14,3332,3179.9026594161987,3216.0
tcn,mixed,202,primary_joint,CD,0,116574,2623.214811978047,4496.0
tcn,mixed,202,primary_joint,CD,1,24461,2324.5665619447827,2943.0
tcn,mixed,202,primary_joint,CD,2,12253,2008.114173606038,2358.0
tcn,mixed,202,primary_joint,CD,3,7625,1759.8721461296082,2026.0
tcn,mixed,202,primary_joint,CD,4,5819,1740.6773651242256,1737.0
tcn,mixed,202,primary_joint,CD,5,4941,1807.4616946578026,1914.0
tcn,mixed,202,primary_joint,CD,6,4161,1800.281863540411,1869.0
tcn,mixed,202,primary_joint,CD,7,3392,1689.1705999076366,1691.0
tcn,mixed,202,primary_joint,CD,8,3076,1739.9179478883743,1744.0
tcn,mixed,202,primary_joint,CD,9,2516,1591.058260679245,1550.0
tcn,mixed,202,primary_joint,CD,10,2306,1613.1703162193298,1539.0
tcn,mixed,202,primary_joint,CD,11,2778,2133.689505457878,1729.0
tcn,mixed,202,primary_joint,CD,12,3095,2582.1769946217537,2286.0
tcn,mixed,202,primary_joint,CD,13,3794,3420.452494800091,3271.0
tcn,mixed,202,primary_joint,CD,14,19009,18703.855297744274,18447.0
tcn,mixed,202,primary_joint,HYP,0,154685,2331.8172324532934,4516.0
tcn,mixed,202,primary_joint,HYP,1,22271,2123.046497143805,2925.0
tcn,mixed,202,primary_joint,HYP,2,9734,1595.2769988179207,1973.0
tcn,mixed,202,primary_joint,HYP,3,5690,1310.8361999690533,1818.0
tcn,mixed,202,primary_joint,HYP,4,3811,1136.0357339084148,1472.0
tcn,mixed,202,primary_joint,HYP,5,2828,1031.7799655795097,1307.0
tcn,mixed,202,primary_joint,HYP,6,1937,836.5901789665222,896.0
tcn,mixed,202,primary_joint,HYP,7,1734,864.6558618843555,982.0
tcn,mixed,202,primary_joint,HYP,8,1634,927.1052933335304,1015.0
tcn,mixed,202,primary_joint,HYP,9,1709,1082.356298327446,1091.0
tcn,mixed,202,primary_joint,HYP,10,1707,1192.7979691624641,1221.0
tcn,mixed,202,primary_joint,HYP,11,1348,1033.042304098606,942.0
tcn,mixed,202,primary_joint,HYP,12,1654,1380.2210936546326,1265.0
tcn,mixed,202,primary_joint,HYP,13,2215,1996.6720712780952,1963.0
tcn,mixed,202,primary_joint,HYP,14,2843,2764.6417014598846,2814.0
