model,kind,snr,active,comparison,condition,metric,seed,left_value,right_value,difference,n_seeds,mean_difference,std,ci95_low,ci95_high
resnet,bandpass,0,all,electrode_minus_independent_rms,all,macro_auroc,17,0.7990826108255347,0.8190409051560843,-0.01995829433054963,3,-0.020754141596072695,0.0027205462383293254,-0.027512353103183323,-0.013995930088962067
resnet,bandpass,0,all,electrode_minus_independent_rms,all,macro_auroc,29,0.8165355118588782,0.8403193715672183,-0.02378385970834007,3,-0.020754141596072695,0.0027205462383293254,-0.027512353103183323,-0.013995930088962067
resnet,bandpass,0,all,electrode_minus_independent_rms,all,macro_auroc,43,0.8301470977884609,0.8486673685377892,-0.018520270749328382,3,-0.020754141596072695,0.0027205462383293254,-0.027512353103183323,-0.013995930088962067
resnet,bandpass,0,all,electrode_minus_independent_rms,all,macro_ap,17,0.6166453303931819,0.6438434571501791,-0.027198126756997176,3,-0.02977249434744182,0.005047441864495051,-0.04231103503074599,-0.017233953664137644
resnet,bandpass,0,all,electrode_minus_independent_rms,all,macro_ap,29,0.642441005946759,0.6780290549893615,-0.03558804904260249,3,-0.02977249434744182,0.005047441864495051,-0.04231103503074599,-0.017233953664137644
resnet,bandpass,0,all,electrode_minus_independent_rms,all,macro_ap,43,0.6556818268390676,0.6822131340817934,-0.026531307242725788,3,-0.02977249434744182,0.005047441864495051,-0.04231103503074599,-0.017233953664137644
resnet,bandpass,0,all,electrode_minus_independent_rms,all,macro_f1,17,0.4713649167852632,0.533109027245248,-0.06174411045998479,3,-0.06159660257606433,0.006740959540734623,-0.07834207438437887,-0.04485113076774978
resnet,bandpass,0,all,electrode_minus_independent_rms,all,macro_f1,29,0.4665493745944424,0.534811972229656,-0.06826259763521364,3,-0.06159660257606433,0.006740959540734623,-0.07834207438437887,-0.04485113076774978
resnet,bandpass,0,all,electrode_minus_independent_rms,all,macro_f1,43,0.5197543821024269,0.5745374817354214,-0.05478309963299455,3,-0.06159660257606433,0.006740959540734623,-0.07834207438437887,-0.04485113076774978
resnet,bandpass,0,all,electrode_minus_independent,all,macro_auroc,17,0.7990826108255347,0.8198729838561926,-0.020790373030657894,3,-0.02161636305548953,0.0031090222843017518,-0.029339602558499957,-0.013893123552479101
resnet,bandpass,0,all,electrode_minus_independent,all,macro_auroc,29,0.8165355118588782,0.8415904814225714,-0.02505496956369324,3,-0.02161636305548953,0.0031090222843017518,-0.029339602558499957,-0.013893123552479101
resnet,bandpass,0,all,electrode_minus_independent,all,macro_auroc,43,0.8301470977884609,0.8491508443605783,-0.019003746572117453,3,-0.02161636305548953,0.0031090222843017518,-0.029339602558499957,-0.013893123552479101
resnet,bandpass,0,all,electrode_minus_independent,all,macro_ap,17,0.6166453303931819,0.6462208205001773,-0.02957549010699534,3,-0.03175742536376447,0.005414939566606403,-0.045208880947853726,-0.01830596977967521
resnet,bandpass,0,all,electrode_minus_independent,all,macro_ap,29,0.642441005946759,0.6803639372835706,-0.03792293133681157,3,-0.03175742536376447,0.005414939566606403,-0.045208880947853726,-0.01830596977967521
resnet,bandpass,0,all,electrode_minus_independent,all,macro_ap,43,0.6556818268390676,0.6834556814865541,-0.027773854647486496,3,-0.03175742536376447,0.005414939566606403,-0.045208880947853726,-0.01830596977967521
resnet,bandpass,0,all,electrode_minus_independent,all,macro_f1,17,0.4713649167852632,0.5372097858027637,-0.06584486901750047,3,-0.06283406335791941,0.005888145850405164,-0.07746102851701583,-0.04820709819882299
resnet,bandpass,0,all,electrode_minus_independent,all,macro_f1,29,0.4665493745944424,0.5331573862679129,-0.06660801167347047,3,-0.06283406335791941,0.005888145850405164,-0.07746102851701583,-0.04820709819882299
resnet,bandpass,0,all,electrode_minus_independent,all,macro_f1,43,0.5197543821024269,0.5758036914852142,-0.05604930938278729,3,-0.06283406335791941,0.005888145850405164,-0.07746102851701583,-0.04820709819882299
resnet,bandpass,0,all,covariance_minus_electrode,all,macro_auroc,17,0.7972965623388999,0.7990826108255347,-0.0017860484866347726,3,-0.0009095841379503181,0.0010216606072043382,-0.0034475297808849044,0.0016283615049842684
resnet,bandpass,0,all,covariance_minus_electrode,all,macro_auroc,29,0.8167480078903882,0.8165355118588782,0.00021249603150996776,3,-0.0009095841379503181,0.0010216606072043382,-0.0034475297808849044,0.0016283615049842684
resnet,bandpass,0,all,covariance_minus_electrode,all,macro_auroc,43,0.8289918978297347,0.8301470977884609,-0.0011551999587261497,3,-0.0009095841379503181,0.0010216606072043382,-0.0034475297808849044,0.0016283615049842684
resnet,bandpass,0,all,covariance_minus_electrode,all,macro_ap,17,0.6124503192116818,0.6166453303931819,-0.004195011181500119,3,-0.0019933515334841223,0.0020707070937300925,-0.007137273114944225,0.00315057004797598
resnet,bandpass,0,all,covariance_minus_electrode,all,macro_ap,29,0.6423561654638492,0.642441005946759,-8.484048290979818e-05,3,-0.0019933515334841223,0.0020707070937300925,-0.007137273114944225,0.00315057004797598
resnet,bandpass,0,all,covariance_minus_electrode,all,macro_ap,43,0.6539816239030252,0.6556818268390676,-0.0017002029360424498,3,-0.0019933515334841223,0.0020707070937300925,-0.007137273114944225,0.00315057004797598
resnet,bandpass,0,all,covariance_minus_electrode,all,macro_f1,17,0.468311885378585,0.4713649167852632,-0.0030530314066782305,3,-0.0020718889413027055,0.0047403048178765875,-0.013847458904435788,0.009703681021830378
resnet,bandpass,0,all,covariance_minus_electrode,all,macro_f1,29,0.4696315865966111,0.4665493745944424,0.0030822120021686827,3,-0.0020718889413027055,0.0047403048178765875,-0.013847458904435788,0.009703681021830378
resnet,bandpass,0,all,covariance_minus_electrode,all,macro_f1,43,0.5135095346830283,0.5197543821024269,-0.006244847419398569,3,-0.0020718889413027055,0.0047403048178765875,-0.013847458904435788,0.009703681021830378
resnet,bandpass,0,all,noisy_minus_clean,covariance,macro_auroc,17,0.7972965623388999,0.9068922993183458,-0.10959573697944591,3,-0.09348919906902826,0.015078715335028919,-0.13094680447705742,-0.05603159366099911
resnet,bandpass,0,all,noisy_minus_clean,covariance,macro_auroc,29,0.8167480078903882,0.907911261424449,-0.09116325353406085,3,-0.09348919906902826,0.015078715335028919,-0.13094680447705742,-0.05603159366099911
resnet,bandpass,0,all,noisy_minus_clean,covariance,macro_auroc,43,0.8289918978297347,0.9087005045233127,-0.07970860669357804,3,-0.09348919906902826,0.015078715335028919,-0.13094680447705742,-0.05603159366099911
resnet,bandpass,0,all,noisy_minus_clean,covariance,macro_ap,17,0.6124503192116818,0.7807184945903615,-0.16826817537867966,3,-0.14980623835881443,0.017871740250396173,-0.19420210228887969,-0.10541037442874918
resnet,bandpass,0,all,noisy_minus_clean,covariance,macro_ap,29,0.6423561654638492,0.7909168445498038,-0.1485606790859546,3,-0.14980623835881443,0.017871740250396173,-0.19420210228887969,-0.10541037442874918
resnet,bandpass,0,all,noisy_minus_clean,covariance,macro_ap,43,0.6539816239030252,0.7865714845148342,-0.132589860611809,3,-0.14980623835881443,0.017871740250396173,-0.19420210228887969,-0.10541037442874918
resnet,bandpass,0,all,noisy_minus_clean,covariance,macro_f1,17,0.468311885378585,0.7118815125857424,-0.2435696272071574,3,-0.23391816163969512,0.024974363534282038,-0.2959579199213986,-0.17187840335799168
resnet,bandpass,0,all,noisy_minus_clean,covariance,macro_f1,29,0.4696315865966111,0.7222581554037724,-0.2526265688071613,3,-0.23391816163969512,0.024974363534282038,-0.2959579199213986,-0.17187840335799168
resnet,bandpass,0,all,noisy_minus_clean,covariance,macro_f1,43,0.5135095346830283,0.7190678235877949,-0.20555828890476657,3,-0.23391816163969512,0.024974363534282038,-0.2959579199213986,-0.17187840335799168
resnet,bandpass,0,all,noisy_minus_clean,electrode,macro_auroc,17,0.7990826108255347,0.9068922993183458,-0.10780968849281114,3,-0.09257961493107796,0.014665247165969465,-0.1290101084677509,-0.05614912139440501
resnet,bandpass,0,all,noisy_minus_clean,electrode,macro_auroc,29,0.8165355118588782,0.907911261424449,-0.09137574956557082,3,-0.09257961493107796,0.014665247165969465,-0.1290101084677509,-0.05614912139440501
resnet,bandpass,0,all,noisy_minus_clean,electrode,macro_auroc,43,0.8301470977884609,0.9087005045233127,-0.0785534067348519,3,-0.09257961493107796,0.014665247165969465,-0.1290101084677509,-0.05614912139440501
resnet,bandpass,0,all,noisy_minus_clean,electrode,macro_ap,17,0.6166453303931819,0.7807184945903615,-0.16407316419717954,3,-0.1478128868253303,0.01660168380191738,-0.1890537556357168,-0.10657201801494381
resnet,bandpass,0,all,noisy_minus_clean,electrode,macro_ap,29,0.642441005946759,0.7909168445498038,-0.1484758386030448,3,-0.1478128868253303,0.01660168380191738,-0.1890537556357168,-0.10657201801494381
resnet,bandpass,0,all,noisy_minus_clean,electrode,macro_ap,43,0.6556818268390676,0.7865714845148342,-0.13088965767576655,3,-0.1478128868253303,0.01660168380191738,-0.1890537556357168,-0.10657201801494381
resnet,bandpass,0,all,noisy_minus_clean,electrode,macro_f1,17,0.4713649167852632,0.7118815125857424,-0.24051659580047918,3,-0.2318462726983924,0.0291802921744649,-0.3043341369279754,-0.1593584084688094
resnet,bandpass,0,all,noisy_minus_clean,electrode,macro_f1,29,0.4665493745944424,0.7222581554037724,-0.25570878080932996,3,-0.2318462726983924,0.0291802921744649,-0.3043341369279754,-0.1593584084688094
resnet,bandpass,0,all,noisy_minus_clean,electrode,macro_f1,43,0.5197543821024269,0.7190678235877949,-0.199313441485368,3,-0.2318462726983924,0.0291802921744649,-0.3043341369279754,-0.1593584084688094
resnet,bandpass,0,all,noisy_minus_clean,independent,macro_auroc,17,0.8198729838561926,0.9068922993183458,-0.08701931546215325,3,-0.07096325187558843,0.014311180922302293,-0.10651419610392086,-0.03541230764725599
resnet,bandpass,0,all,noisy_minus_clean,independent,macro_auroc,29,0.8415904814225714,0.907911261424449,-0.06632078000187758,3,-0.07096325187558843,0.014311180922302293,-0.10651419610392086,-0.03541230764725599
resnet,bandpass,0,all,noisy_minus_clean,independent,macro_auroc,43,0.8491508443605783,0.9087005045233127,-0.05954966016273444,3,-0.07096325187558843,0.014311180922302293,-0.10651419610392086,-0.03541230764725599
resnet,bandpass,0,all,noisy_minus_clean,independent,macro_ap,17,0.6462208205001773,0.7807184945903615,-0.1344976740901842,3,-0.11605546146156583,0.016398598563320085,-0.1567918385720592,-0.07531908435107244
resnet,bandpass,0,all,noisy_minus_clean,independent,macro_ap,29,0.6803639372835706,0.7909168445498038,-0.11055290726623324,3,-0.11605546146156583,0.016398598563320085,-0.1567918385720592,-0.07531908435107244
resnet,bandpass,0,all,noisy_minus_clean,independent,macro_ap,43,0.6834556814865541,0.7865714845148342,-0.10311580302828005,3,-0.11605546146156583,0.016398598563320085,-0.1567918385720592,-0.07531908435107244
resnet,bandpass,0,all,noisy_minus_clean,independent,macro_f1,17,0.5372097858027637,0.7118815125857424,-0.1746717267829787,3,-0.16901220934047298,0.023436551087812726,-0.22723182973035033,-0.11079258895059564
resnet,bandpass,0,all,noisy_minus_clean,independent,macro_f1,29,0.5331573862679129,0.7222581554037724,-0.1891007691358595,3,-0.16901220934047298,0.023436551087812726,-0.22723182973035033,-0.11079258895059564
resnet,bandpass,0,all,noisy_minus_clean,independent,macro_f1,43,0.5758036914852142,0.7190678235877949,-0.1432641321025807,3,-0.16901220934047298,0.023436551087812726,-0.22723182973035033,-0.11079258895059564
resnet,bandpass,0,all,noisy_minus_clean,independent_rms,macro_auroc,17,0.8190409051560843,0.9068922993183458,-0.08785139416226151,3,-0.07182547333500526,0.014384237685549297,-0.10755790062401574,-0.036093046045994774
resnet,bandpass,0,all,noisy_minus_clean,independent_rms,macro_auroc,29,0.8403193715672183,0.907911261424449,-0.06759188985723075,3,-0.07182547333500526,0.014384237685549297,-0.10755790062401574,-0.036093046045994774
resnet,bandpass,0,all,noisy_minus_clean,independent_rms,macro_auroc,43,0.8486673685377892,0.9087005045233127,-0.06003313598552351,3,-0.07182547333500526,0.014384237685549297,-0.10755790062401574,-0.036093046045994774
resnet,bandpass,0,all,noisy_minus_clean,independent_rms,macro_ap,17,0.6438434571501791,0.7807184945903615,-0.13687503744018237,3,-0.11804039247788849,0.01685958840241241,-0.15992193183239065,-0.07615885312338633
resnet,bandpass,0,all,noisy_minus_clean,independent_rms,macro_ap,29,0.6780290549893615,0.7909168445498038,-0.11288778956044232,3,-0.11804039247788849,0.01685958840241241,-0.15992193183239065,-0.07615885312338633
resnet,bandpass,0,all,noisy_minus_clean,independent_rms,macro_ap,43,0.6822131340817934,0.7865714845148342,-0.10435835043304076,3,-0.11804039247788849,0.01685958840241241,-0.15992193183239065,-0.07615885312338633
resnet,bandpass,0,all,noisy_minus_clean,independent_rms,macro_f1,17,0.533109027245248,0.7118815125857424,-0.1787724853404944,3,-0.17024967012232806,0.02269187395347746,-0.22661940995974791,-0.1138799302849082
resnet,bandpass,0,all,noisy_minus_clean,independent_rms,macro_f1,29,0.534811972229656,0.7222581554037724,-0.18744618317411632,3,-0.17024967012232806,0.02269187395347746,-0.22661940995974791,-0.1138799302849082
resnet,bandpass,0,all,noisy_minus_clean,independent_rms,macro_f1,43,0.5745374817354214,0.7190678235877949,-0.14453034185237346,3,-0.17024967012232806,0.02269187395347746,-0.22661940995974791,-0.1138799302849082
resnet,bandpass,10,LA,noisy_minus_clean,covariance,macro_auroc,17,0.8912951597312807,0.9068922993183458,-0.0155971395870651,3,-0.012081855194120564,0.003219541787756601,-0.020079640363543705,-0.004084070024697425
resnet,bandpass,10,LA,noisy_minus_clean,covariance,macro_auroc,29,0.8965394172652503,0.907911261424449,-0.011371844159198674,3,-0.012081855194120564,0.003219541787756601,-0.020079640363543705,-0.004084070024697425
resnet,bandpass,10,LA,noisy_minus_clean,covariance,macro_auroc,43,0.8994239226872148,0.9087005045233127,-0.009276581836097919,3,-0.012081855194120564,0.003219541787756601,-0.020079640363543705,-0.004084070024697425
resnet,bandpass,10,LA,noisy_minus_clean,covariance,macro_ap,17,0.7538305808242379,0.7807184945903615,-0.02688791376612354,3,-0.019794311758911626,0.006154745266162892,-0.03508354658061422,-0.0045050769372090346
resnet,bandpass,10,LA,noisy_minus_clean,covariance,macro_ap,29,0.7742931726404513,0.7909168445498038,-0.016623671909352544,3,-0.019794311758911626,0.006154745266162892,-0.03508354658061422,-0.0045050769372090346
resnet,bandpass,10,LA,noisy_minus_clean,covariance,macro_ap,43,0.7707001349135754,0.7865714845148342,-0.0158713496012588,3,-0.019794311758911626,0.006154745266162892,-0.03508354658061422,-0.0045050769372090346
resnet,bandpass,10,LA,noisy_minus_clean,covariance,macro_f1,17,0.6780123842847681,0.7118815125857424,-0.03386912830097433,3,-0.029163371665081355,0.006618323837153107,-0.0456041994973258,-0.012722543832836913
resnet,bandpass,10,LA,noisy_minus_clean,covariance,macro_f1,29,0.690232865677464,0.7222581554037724,-0.03202528972630836,3,-0.029163371665081355,0.006618323837153107,-0.0456041994973258,-0.012722543832836913
resnet,bandpass,10,LA,noisy_minus_clean,covariance,macro_f1,43,0.6974721266198335,0.7190678235877949,-0.021595696967961375,3,-0.029163371665081355,0.006618323837153107,-0.0456041994973258,-0.012722543832836913
resnet,bandpass,10,LA,noisy_minus_clean,electrode,macro_auroc,17,0.8919416187451734,0.9068922993183458,-0.014950680573172392,3,-0.011454363210431326,0.0030338756147952053,-0.01899092803781042,-0.003917798383052234
resnet,bandpass,10,LA,noisy_minus_clean,electrode,macro_auroc,29,0.8983953853491083,0.907911261424449,-0.009515876075340657,3,-0.011454363210431326,0.0030338756147952053,-0.01899092803781042,-0.003917798383052234
resnet,bandpass,10,LA,noisy_minus_clean,electrode,macro_auroc,43,0.8988039715405318,0.9087005045233127,-0.009896532982780926,3,-0.011454363210431326,0.0030338756147952053,-0.01899092803781042,-0.003917798383052234
resnet,bandpass,10,LA,noisy_minus_clean,electrode,macro_ap,17,0.7557881271801541,0.7807184945903615,-0.024930367410207377,3,-0.0190633535962255,0.005314867750066458,-0.0322662170069676,-0.005860490185483401
resnet,bandpass,10,LA,noisy_minus_clean,electrode,macro_ap,29,0.7763463024750067,0.7909168445498038,-0.014570542074797133,3,-0.0190633535962255,0.005314867750066458,-0.0322662170069676,-0.005860490185483401
resnet,bandpass,10,LA,noisy_minus_clean,electrode,macro_ap,43,0.7688823332111622,0.7865714845148342,-0.01768915130367199,3,-0.0190633535962255,0.005314867750066458,-0.0322662170069676,-0.005860490185483401
resnet,bandpass,10,LA,noisy_minus_clean,electrode,macro_f1,17,0.6830170147381547,0.7118815125857424,-0.02886449784758771,3,-0.029528826949421754,0.007620072375590007,-0.048458136103657234,-0.01059951779518627
resnet,bandpass,10,LA,noisy_minus_clean,electrode,macro_f1,29,0.6847988415134206,0.7222581554037724,-0.03745931389035173,3,-0.029528826949421754,0.007620072375590007,-0.048458136103657234,-0.01059951779518627
resnet,bandpass,10,LA,noisy_minus_clean,electrode,macro_f1,43,0.696805154477469,0.7190678235877949,-0.022262669110325817,3,-0.029528826949421754,0.007620072375590007,-0.048458136103657234,-0.01059951779518627
resnet,bandpass,10,LA,noisy_minus_clean,independent_rms,macro_auroc,17,0.894644796795044,0.9068922993183458,-0.012247502523301756,3,-0.009054901301862336,0.003077573811561194,-0.016700018467761958,-0.0014097841359627123
resnet,bandpass,10,LA,noisy_minus_clean,independent_rms,macro_auroc,29,0.8991010196395781,0.907911261424449,-0.008810241784870887,3,-0.009054901301862336,0.003077573811561194,-0.016700018467761958,-0.0014097841359627123
resnet,bandpass,10,LA,noisy_minus_clean,independent_rms,macro_auroc,43,0.9025935449258984,0.9087005045233127,-0.006106959597414363,3,-0.009054901301862336,0.003077573811561194,-0.016700018467761958,-0.0014097841359627123
resnet,bandpass,10,LA,noisy_minus_clean,independent_rms,macro_ap,17,0.7582201309094238,0.7807184945903615,-0.022498363680937716,3,-0.016914077226193498,0.0049247489670126345,-0.02914783185590146,-0.0046803225964855335
resnet,bandpass,10,LA,noisy_minus_clean,independent_rms,macro_ap,29,0.7758648777657473,0.7909168445498038,-0.015051966784056514,3,-0.016914077226193498,0.0049247489670126345,-0.02914783185590146,-0.0046803225964855335
resnet,bandpass,10,LA,noisy_minus_clean,independent_rms,macro_ap,43,0.7733795833012479,0.7865714845148342,-0.013191901213586266,3,-0.016914077226193498,0.0049247489670126345,-0.02914783185590146,-0.0046803225964855335
resnet,bandpass,10,LA,noisy_minus_clean,independent_rms,macro_f1,17,0.6891744215169584,0.7118815125857424,-0.02270709106878399,3,-0.021010251032304954,0.005707523906549381,-0.035188526409105136,-0.0068319756555047725
resnet,bandpass,10,LA,noisy_minus_clean,independent_rms,macro_f1,29,0.6965812197160145,0.7222581554037724,-0.025676935687757863,3,-0.021010251032304954,0.005707523906549381,-0.035188526409105136,-0.0068319756555047725
resnet,bandpass,10,LA,noisy_minus_clean,independent_rms,macro_f1,43,0.7044210972474219,0.7190678235877949,-0.014646726340373006,3,-0.021010251032304954,0.005707523906549381,-0.035188526409105136,-0.0068319756555047725
resnet,bandpass,10,LL,noisy_minus_clean,covariance,macro_auroc,17,0.8839898747887341,0.9068922993183458,-0.022902424529611665,3,-0.015498771469018457,0.00641661556773069,-0.031438528182424985,0.00044098524438807365
resnet,bandpass,10,LL,noisy_minus_clean,covariance,macro_auroc,29,0.8958645238460828,0.907911261424449,-0.012046737578366162,3,-0.015498771469018457,0.00641661556773069,-0.031438528182424985,0.00044098524438807365
resnet,bandpass,10,LL,noisy_minus_clean,covariance,macro_auroc,43,0.8971533522242352,0.9087005045233127,-0.011547152299077545,3,-0.015498771469018457,0.00641661556773069,-0.031438528182424985,0.00044098524438807365
resnet,bandpass,10,LL,noisy_minus_clean,covariance,macro_ap,17,0.7442089200542085,0.7807184945903615,-0.036509574536153,3,-0.024387819665596517,0.010601208964723812,-0.05072268264468626,0.001947043313493227
resnet,bandpass,10,LL,noisy_minus_clean,covariance,macro_ap,29,0.7740673750459159,0.7909168445498038,-0.01684946950388788,3,-0.024387819665596517,0.010601208964723812,-0.05072268264468626,0.001947043313493227
resnet,bandpass,10,LL,noisy_minus_clean,covariance,macro_ap,43,0.7667670695580855,0.7865714845148342,-0.019804414956748673,3,-0.024387819665596517,0.010601208964723812,-0.05072268264468626,0.001947043313493227
resnet,bandpass,10,LL,noisy_minus_clean,covariance,macro_f1,17,0.6577244813545565,0.7118815125857424,-0.05415703123118587,3,-0.04171031073366164,0.012562313235711036,-0.07291682678892501,-0.010503794678398265
resnet,bandpass,10,LL,noisy_minus_clean,covariance,macro_f1,29,0.6803197651203082,0.7222581554037724,-0.04193839028346413,3,-0.04171031073366164,0.012562313235711036,-0.07291682678892501,-0.010503794678398265
resnet,bandpass,10,LL,noisy_minus_clean,covariance,macro_f1,43,0.6900323129014599,0.7190678235877949,-0.02903551068633492,3,-0.04171031073366164,0.012562313235711036,-0.07291682678892501,-0.010503794678398265
resnet,bandpass,10,LL,noisy_minus_clean,electrode,macro_auroc,17,0.8816174201170307,0.9068922993183458,-0.025274879201315104,3,-0.017295454297181045,0.006919141882951753,-0.03448355558135968,-0.00010735301300240918
resnet,bandpass,10,LL,noisy_minus_clean,electrode,macro_auroc,29,0.8949535253923339,0.907911261424449,-0.012957736032115141,3,-0.017295454297181045,0.006919141882951753,-0.03448355558135968,-0.00010735301300240918
resnet,bandpass,10,LL,noisy_minus_clean,electrode,macro_auroc,43,0.8950467568651999,0.9087005045233127,-0.013653747658112891,3,-0.017295454297181045,0.006919141882951753,-0.03448355558135968,-0.00010735301300240918
resnet,bandpass,10,LL,noisy_minus_clean,electrode,macro_ap,17,0.7387592961283242,0.7807184945903615,-0.04195919846203722,3,-0.02870989729670585,0.011601349986327386,-0.05752924830459875,0.00010945371118704916
resnet,bandpass,10,LL,noisy_minus_clean,electrode,macro_ap,29,0.7705442961390325,0.7909168445498038,-0.020372548410771296,3,-0.02870989729670585,0.011601349986327386,-0.05752924830459875,0.00010945371118704916
resnet,bandpass,10,LL,noisy_minus_clean,electrode,macro_ap,43,0.7627735394975251,0.7865714845148342,-0.02379794501730903,3,-0.02870989729670585,0.011601349986327386,-0.05752924830459875,0.00010945371118704916
resnet,bandpass,10,LL,noisy_minus_clean,electrode,macro_f1,17,0.6507716327932096,0.7118815125857424,-0.061109879792532795,3,-0.04641785277357687,0.012740715692189729,-0.07806754509884237,-0.01476816044831137
resnet,bandpass,10,LL,noisy_minus_clean,electrode,macro_f1,29,0.68252745886764,0.7222581554037724,-0.03973069653613237,3,-0.04641785277357687,0.012740715692189729,-0.07806754509884237,-0.01476816044831137
resnet,bandpass,10,LL,noisy_minus_clean,electrode,macro_f1,43,0.6806548415957294,0.7190678235877949,-0.03841298199206544,3,-0.04641785277357687,0.012740715692189729,-0.07806754509884237,-0.01476816044831137
resnet,bandpass,10,LL,noisy_minus_clean,independent_rms,macro_auroc,17,0.8929132304317509,0.9068922993183458,-0.013979068886594948,3,-0.009875189760617223,0.003615390944863799,-0.01885631874936275,-0.0008940607718716988
resnet,bandpass,10,LL,noisy_minus_clean,independent_rms,macro_auroc,29,0.8994249246761152,0.907911261424449,-0.008486336748333767,3,-0.009875189760617223,0.003615390944863799,-0.01885631874936275,-0.0008940607718716988
resnet,bandpass,10,LL,noisy_minus_clean,independent_rms,macro_auroc,43,0.9015403408763898,0.9087005045233127,-0.007160163646922957,3,-0.009875189760617223,0.003615390944863799,-0.01885631874936275,-0.0008940607718716988
resnet,bandpass,10,LL,noisy_minus_clean,independent_rms,macro_ap,17,0.7565680905267771,0.7807184945903615,-0.024150404063584374,3,-0.017309220658335178,0.005948163995621201,-0.03208527915535022,-0.0025331621613201363
resnet,bandpass,10,LL,noisy_minus_clean,independent_rms,macro_ap,29,0.777556715481143,0.7909168445498038,-0.013360129068660798,3,-0.017309220658335178,0.005948163995621201,-0.03208527915535022,-0.0025331621613201363
resnet,bandpass,10,LL,noisy_minus_clean,independent_rms,macro_ap,43,0.7721543556720738,0.7865714845148342,-0.014417128842760363,3,-0.017309220658335178,0.005948163995621201,-0.03208527915535022,-0.0025331621613201363
resnet,bandpass,10,LL,noisy_minus_clean,independent_rms,macro_f1,17,0.6812943150494231,0.7118815125857424,-0.030587197536319333,3,-0.02194801665105106,0.00934726305966328,-0.04516790531892364,0.0012718720168215167
resnet,bandpass,10,LL,noisy_minus_clean,independent_rms,macro_f1,29,0.6990266280959412,0.7222581554037724,-0.02323152730783118,3,-0.02194801665105106,0.00934726305966328,-0.04516790531892364,0.0012718720168215167
resnet,bandpass,10,LL,noisy_minus_clean,independent_rms,macro_f1,43,0.7070424984787922,0.7190678235877949,-0.012025325109002671,3,-0.02194801665105106,0.00934726305966328,-0.04516790531892364,0.0012718720168215167
resnet,bandpass,10,RA,noisy_minus_clean,covariance,macro_auroc,17,0.891454699451929,0.9068922993183458,-0.015437599866416796,3,-0.011856489413475798,0.0035679340694959815,-0.020719728988439753,-0.002993249838511845
resnet,bandpass,10,RA,noisy_minus_clean,covariance,macro_auroc,29,0.8960812724006691,0.907911261424449,-0.011829989023779852,3,-0.011856489413475798,0.0035679340694959815,-0.020719728988439753,-0.002993249838511845
resnet,bandpass,10,RA,noisy_minus_clean,covariance,macro_auroc,43,0.900398625173082,0.9087005045233127,-0.008301879350230745,3,-0.011856489413475798,0.0035679340694959815,-0.020719728988439753,-0.002993249838511845
resnet,bandpass,10,RA,noisy_minus_clean,covariance,macro_ap,17,0.7579956157743676,0.7807184945903615,-0.022722878815993885,3,-0.017962625588342235,0.004699399795198465,-0.02963658184204185,-0.006288669334642619
resnet,bandpass,10,RA,noisy_minus_clean,covariance,macro_ap,29,0.7730783867233609,0.7909168445498038,-0.01783845782644289,3,-0.017962625588342235,0.004699399795198465,-0.02963658184204185,-0.006288669334642619
resnet,bandpass,10,RA,noisy_minus_clean,covariance,macro_ap,43,0.7732449443922442,0.7865714845148342,-0.013326540122589936,3,-0.017962625588342235,0.004699399795198465,-0.02963658184204185,-0.006288669334642619
resnet,bandpass,10,RA,noisy_minus_clean,covariance,macro_f1,17,0.681868656515888,0.7118815125857424,-0.030012856069854377,3,-0.02338782685020291,0.008811004048288539,-0.04527557428467005,-0.0015000794157357666
resnet,bandpass,10,RA,noisy_minus_clean,covariance,macro_f1,29,0.6954958757477403,0.7222581554037724,-0.026762279656032062,3,-0.02338782685020291,0.008811004048288539,-0.04527557428467005,-0.0015000794157357666
resnet,bandpass,10,RA,noisy_minus_clean,covariance,macro_f1,43,0.7056794787630726,0.7190678235877949,-0.013388344824722287,3,-0.02338782685020291,0.008811004048288539,-0.04527557428467005,-0.0015000794157357666
resnet,bandpass,10,RA,noisy_minus_clean,electrode,macro_auroc,17,0.8918538960470105,0.9068922993183458,-0.015038403271335321,3,-0.012276512117807522,0.0027715649418658195,-0.019161461110376195,-0.00539156312523885
resnet,bandpass,10,RA,noisy_minus_clean,electrode,macro_auroc,29,0.8956155019791853,0.907911261424449,-0.012295759445263732,3,-0.012276512117807522,0.0027715649418658195,-0.019161461110376195,-0.00539156312523885
resnet,bandpass,10,RA,noisy_minus_clean,electrode,macro_auroc,43,0.8992051308864892,0.9087005045233127,-0.009495373636823512,3,-0.012276512117807522,0.0027715649418658195,-0.019161461110376195,-0.00539156312523885
resnet,bandpass,10,RA,noisy_minus_clean,electrode,macro_ap,17,0.7574965788173376,0.7807184945903615,-0.023221915773023905,3,-0.02124916923227445,0.002025406715393421,-0.026280558435553266,-0.016217780028995637
resnet,bandpass,10,RA,noisy_minus_clean,electrode,macro_ap,29,0.7695661719049884,0.7909168445498038,-0.021350672644815383,3,-0.02124916923227445,0.002025406715393421,-0.026280558435553266,-0.016217780028995637
resnet,bandpass,10,RA,noisy_minus_clean,electrode,macro_ap,43,0.7673965652358501,0.7865714845148342,-0.01917491927898407,3,-0.02124916923227445,0.002025406715393421,-0.026280558435553266,-0.016217780028995637
resnet,bandpass,10,RA,noisy_minus_clean,electrode,macro_f1,17,0.6831433018687838,0.7118815125857424,-0.02873821071695859,3,-0.02648784389269554,0.00873414340889984,-0.04818465891431034,-0.004791028871080735
resnet,bandpass,10,RA,noisy_minus_clean,electrode,macro_f1,29,0.688381556471797,0.7222581554037724,-0.033876598931975366,3,-0.02648784389269554,0.00873414340889984,-0.04818465891431034,-0.004791028871080735
resnet,bandpass,10,RA,noisy_minus_clean,electrode,macro_f1,43,0.7022191015586422,0.7190678235877949,-0.016848722029152663,3,-0.02648784389269554,0.00873414340889984,-0.04818465891431034,-0.004791028871080735
resnet,bandpass,10,RA,noisy_minus_clean,independent_rms,macro_auroc,17,0.8943860039045888,0.9068922993183458,-0.01250629541375703,3,-0.009113234055475594,0.0035266344639020442,-0.017873879722704503,-0.00035258838824668397
resnet,bandpass,10,RA,noisy_minus_clean,independent_rms,macro_auroc,29,0.898544557636272,0.907911261424449,-0.009366703788177055,3,-0.009113234055475594,0.0035266344639020442,-0.017873879722704503,-0.00035258838824668397
resnet,bandpass,10,RA,noisy_minus_clean,independent_rms,macro_auroc,43,0.90323380155882,0.9087005045233127,-0.005466702964492698,3,-0.009113234055475594,0.0035266344639020442,-0.017873879722704503,-0.00035258838824668397
resnet,bandpass,10,RA,noisy_minus_clean,independent_rms,macro_ap,17,0.7596440899953367,0.7807184945903615,-0.021074404595024743,3,-0.016157453848542686,0.004601051121355053,-0.027587098452650276,-0.004727809244435095
resnet,bandpass,10,RA,noisy_minus_clean,independent_rms,macro_ap,29,0.7754750614558416,0.7909168445498038,-0.015441783093962269,3,-0.016157453848542686,0.004601051121355053,-0.027587098452650276,-0.004727809244435095
resnet,bandpass,10,RA,noisy_minus_clean,independent_rms,macro_ap,43,0.7746153106581931,0.7865714845148342,-0.01195617385664105,3,-0.016157453848542686,0.004601051121355053,-0.027587098452650276,-0.004727809244435095
resnet,bandpass,10,RA,noisy_minus_clean,independent_rms,macro_f1,17,0.6881146839594476,0.7118815125857424,-0.023766828626294756,3,-0.019383151579334124,0.005045291480644007,-0.03191635041301925,-0.006849952745649002
resnet,bandpass,10,RA,noisy_minus_clean,independent_rms,macro_f1,29,0.701743816951443,0.7222581554037724,-0.020514338452329417,3,-0.019383151579334124,0.005045291480644007,-0.03191635041301925,-0.006849952745649002
resnet,bandpass,10,RA,noisy_minus_clean,independent_rms,macro_f1,43,0.7051995359284167,0.7190678235877949,-0.013868287659378198,3,-0.019383151579334124,0.005045291480644007,-0.03191635041301925,-0.006849952745649002
resnet,bandpass,10,V1,noisy_minus_clean,covariance,macro_auroc,17,0.8963766191381521,0.9068922993183458,-0.010515680180193665,3,-0.009424412598705967,0.0010234305318135026,-0.01196675497810908,-0.006882070219302855
resnet,bandpass,10,V1,noisy_minus_clean,covariance,macro_auroc,29,0.8986397214261389,0.907911261424449,-0.009271539998310097,3,-0.009424412598705967,0.0010234305318135026,-0.01196675497810908,-0.006882070219302855
resnet,bandpass,10,V1,noisy_minus_clean,covariance,macro_auroc,43,0.9002144869056986,0.9087005045233127,-0.008486017617614139,3,-0.009424412598705967,0.0010234305318135026,-0.01196675497810908,-0.006882070219302855
resnet,bandpass,10,V1,noisy_minus_clean,covariance,macro_ap,17,0.7610013944993648,0.7807184945903615,-0.019717100090996698,3,-0.015244336657370164,0.0038920982338501954,-0.024912844657794475,-0.005575828656945855
resnet,bandpass,10,V1,noisy_minus_clean,covariance,macro_ap,29,0.7775291276942925,0.7909168445498038,-0.013387716855511322,3,-0.015244336657370164,0.0038920982338501954,-0.024912844657794475,-0.005575828656945855
resnet,bandpass,10,V1,noisy_minus_clean,covariance,macro_ap,43,0.7739432914892317,0.7865714845148342,-0.012628193025602474,3,-0.015244336657370164,0.0038920982338501954,-0.024912844657794475,-0.005575828656945855
resnet,bandpass,10,V1,noisy_minus_clean,covariance,macro_f1,17,0.6945684697916343,0.7118815125857424,-0.017313042794108058,3,-0.016650962132382558,0.005516256673154886,-0.030354103361691212,-0.002947820903073906
resnet,bandpass,10,V1,noisy_minus_clean,covariance,macro_f1,29,0.7004518573316936,0.7222581554037724,-0.02180629807207879,3,-0.016650962132382558,0.005516256673154886,-0.030354103361691212,-0.002947820903073906
resnet,bandpass,10,V1,noisy_minus_clean,covariance,macro_f1,43,0.708234278056834,0.7190678235877949,-0.01083354553096083,3,-0.016650962132382558,0.005516256673154886,-0.030354103361691212,-0.002947820903073906
resnet,bandpass,10,V1,noisy_minus_clean,electrode,macro_auroc,17,0.8947231407422624,0.9068922993183458,-0.012169158576083361,3,-0.010778707870781131,0.001244393697181472,-0.013869953182175739,-0.007687462559386524
resnet,bandpass,10,V1,noisy_minus_clean,electrode,macro_auroc,29,0.8981416272784326,0.907911261424449,-0.009769634146016393,3,-0.010778707870781131,0.001244393697181472,-0.013869953182175739,-0.007687462559386524
resnet,bandpass,10,V1,noisy_minus_clean,electrode,macro_auroc,43,0.8983031736330691,0.9087005045233127,-0.010397330890243639,3,-0.010778707870781131,0.001244393697181472,-0.013869953182175739,-0.007687462559386524
resnet,bandpass,10,V1,noisy_minus_clean,electrode,macro_ap,17,0.7608595127971445,0.7807184945903615,-0.01985898179321699,3,-0.017667728819045252,0.002470877718997583,-0.02380572934185472,-0.011529728296235785
resnet,bandpass,10,V1,noisy_minus_clean,electrode,macro_ap,29,0.7759271595157233,0.7909168445498038,-0.014989685034080491,3,-0.017667728819045252,0.002470877718997583,-0.02380572934185472,-0.011529728296235785
resnet,bandpass,10,V1,noisy_minus_clean,electrode,macro_ap,43,0.7684169648849959,0.7865714845148342,-0.018154519629838273,3,-0.017667728819045252,0.002470877718997583,-0.02380572934185472,-0.011529728296235785
resnet,bandpass,10,V1,noisy_minus_clean,electrode,macro_f1,17,0.6893580524670379,0.7118815125857424,-0.02252346011870454,3,-0.023152593573199726,0.00300013818435006,-0.030605349977313515,-0.015699837169085937
resnet,bandpass,10,V1,noisy_minus_clean,electrode,macro_f1,29,0.6958407455465042,0.7222581554037724,-0.026417409857268148,3,-0.023152593573199726,0.00300013818435006,-0.030605349977313515,-0.015699837169085937
resnet,bandpass,10,V1,noisy_minus_clean,electrode,macro_f1,43,0.6985509128441684,0.7190678235877949,-0.020516910743626493,3,-0.023152593573199726,0.00300013818435006,-0.030605349977313515,-0.015699837169085937
resnet,bandpass,10,V1,noisy_minus_clean,independent_rms,macro_auroc,17,0.89624928759458,0.9068922993183458,-0.010643011723765805,3,-0.010019134136517635,0.0008519591545184225,-0.012135518001101547,-0.007902750271933722
resnet,bandpass,10,V1,noisy_minus_clean,independent_rms,macro_auroc,29,0.8988627898233963,0.907911261424449,-0.00904847160105271,3,-0.010019134136517635,0.0008519591545184225,-0.012135518001101547,-0.007902750271933722
resnet,bandpass,10,V1,noisy_minus_clean,independent_rms,macro_auroc,43,0.8983345854385784,0.9087005045233127,-0.010365919084734387,3,-0.010019134136517635,0.0008519591545184225,-0.012135518001101547,-0.007902750271933722
resnet,bandpass,10,V1,noisy_minus_clean,independent_rms,macro_ap,17,0.7628410983539649,0.7807184945903615,-0.017877396236396614,3,-0.016858067764555118,0.00210248866760749,-0.022080939152221864,-0.011635196376888372
resnet,bandpass,10,V1,noisy_minus_clean,independent_rms,macro_ap,29,0.7764766301358245,0.7909168445498038,-0.014440214413979358,3,-0.016858067764555118,0.00210248866760749,-0.022080939152221864,-0.011635196376888372
resnet,bandpass,10,V1,noisy_minus_clean,independent_rms,macro_ap,43,0.7683148918715448,0.7865714845148342,-0.018256592643289382,3,-0.016858067764555118,0.00210248866760749,-0.022080939152221864,-0.011635196376888372
resnet,bandpass,10,V1,noisy_minus_clean,independent_rms,macro_f1,17,0.6926359501862397,0.7118815125857424,-0.019245562399502703,3,-0.02118135951149976,0.004282274918585699,-0.031819120128709244,-0.010543598894290278
resnet,bandpass,10,V1,noisy_minus_clean,independent_rms,macro_f1,29,0.6961684156862424,0.7222581554037724,-0.026089739717529925,3,-0.02118135951149976,0.004282274918585699,-0.031819120128709244,-0.010543598894290278
resnet,bandpass,10,V1,noisy_minus_clean,independent_rms,macro_f1,43,0.7008590471703282,0.7190678235877949,-0.018208776417466654,3,-0.02118135951149976,0.004282274918585699,-0.031819120128709244,-0.010543598894290278
resnet,bandpass,10,V2,noisy_minus_clean,covariance,macro_auroc,17,0.8978019513428178,0.9068922993183458,-0.00909034797552799,3,-0.00744686263153449,0.0016070370814759104,-0.011438964049760515,-0.0034547612133084644
resnet,bandpass,10,V2,noisy_minus_clean,covariance,macro_auroc,29,0.9005399611084977,0.907911261424449,-0.007371300315951346,3,-0.00744686263153449,0.0016070370814759104,-0.011438964049760515,-0.0034547612133084644
resnet,bandpass,10,V2,noisy_minus_clean,covariance,macro_auroc,43,0.9028215649201886,0.9087005045233127,-0.005878939603124134,3,-0.00744686263153449,0.0016070370814759104,-0.011438964049760515,-0.0034547612133084644
resnet,bandpass,10,V2,noisy_minus_clean,covariance,macro_ap,17,0.76628955583914,0.7807184945903615,-0.01442893875122142,3,-0.012043505560213682,0.0021286642781457605,-0.01733140076914583,-0.006755610351281534
resnet,bandpass,10,V2,noisy_minus_clean,covariance,macro_ap,29,0.7805793712554985,0.7909168445498038,-0.010337473294305344,3,-0.012043505560213682,0.0021286642781457605,-0.01733140076914583,-0.006755610351281534
resnet,bandpass,10,V2,noisy_minus_clean,covariance,macro_ap,43,0.7752073798797199,0.7865714845148342,-0.01136410463511428,3,-0.012043505560213682,0.0021286642781457605,-0.01733140076914583,-0.006755610351281534
resnet,bandpass,10,V2,noisy_minus_clean,covariance,macro_f1,17,0.692502757310969,0.7118815125857424,-0.019378755274773396,3,-0.016844308241726263,0.008642570372397398,-0.038313643229988675,0.004625026746536153
resnet,bandpass,10,V2,noisy_minus_clean,covariance,macro_f1,29,0.6983218568208346,0.7222581554037724,-0.023936298582937776,3,-0.016844308241726263,0.008642570372397398,-0.038313643229988675,0.004625026746536153
resnet,bandpass,10,V2,noisy_minus_clean,covariance,macro_f1,43,0.7118499527203273,0.7190678235877949,-0.007217870867467613,3,-0.016844308241726263,0.008642570372397398,-0.038313643229988675,0.004625026746536153
resnet,bandpass,10,V2,noisy_minus_clean,electrode,macro_auroc,17,0.8972449566273196,0.9068922993183458,-0.009647342691026184,3,-0.008792511202400469,0.0007658486222711739,-0.01069498464645275,-0.006890037758348188
resnet,bandpass,10,V2,noisy_minus_clean,electrode,macro_auroc,29,0.899350024546016,0.907911261424449,-0.00856123687843302,3,-0.008792511202400469,0.0007658486222711739,-0.01069498464645275,-0.006890037758348188
resnet,bandpass,10,V2,noisy_minus_clean,electrode,macro_auroc,43,0.9005315504855705,0.9087005045233127,-0.008168954037742204,3,-0.008792511202400469,0.0007658486222711739,-0.01069498464645275,-0.006890037758348188
resnet,bandpass,10,V2,noisy_minus_clean,electrode,macro_ap,17,0.7632599762509529,0.7807184945903615,-0.01745851833940859,3,-0.014914621033920272,0.0022033988162901866,-0.02038816712742493,-0.009441074940415612
resnet,bandpass,10,V2,noisy_minus_clean,electrode,macro_ap,29,0.7772366725956175,0.7909168445498038,-0.01368017195418636,3,-0.014914621033920272,0.0022033988162901866,-0.02038816712742493,-0.009441074940415612
resnet,bandpass,10,V2,noisy_minus_clean,electrode,macro_ap,43,0.7729663117066683,0.7865714845148342,-0.013605172808165866,3,-0.014914621033920272,0.0022033988162901866,-0.02038816712742493,-0.009441074940415612
resnet,bandpass,10,V2,noisy_minus_clean,electrode,macro_f1,17,0.6923828613629082,0.7118815125857424,-0.01949865122283423,3,-0.01625159087581311,0.007521764669571559,-0.03493669015017553,0.002433508398549309
resnet,bandpass,10,V2,noisy_minus_clean,electrode,macro_f1,29,0.7006537494497268,0.7222581554037724,-0.021604405954045558,3,-0.01625159087581311,0.007521764669571559,-0.03493669015017553,0.002433508398549309
resnet,bandpass,10,V2,noisy_minus_clean,electrode,macro_f1,43,0.7114161081372353,0.7190678235877949,-0.0076517154505595375,3,-0.01625159087581311,0.007521764669571559,-0.03493669015017553,0.002433508398549309
resnet,bandpass,10,V2,noisy_minus_clean,independent_rms,macro_auroc,17,0.8962897450213557,0.9068922993183458,-0.010602554296990085,3,-0.00860440079930432,0.001781264353860023,-0.013029306755269754,-0.004179494843338888
resnet,bandpass,10,V2,noisy_minus_clean,independent_rms,macro_auroc,29,0.899883516200161,0.907911261424449,-0.008027745224287952,3,-0.00860440079930432,0.001781264353860023,-0.013029306755269754,-0.004179494843338888
resnet,bandpass,10,V2,noisy_minus_clean,independent_rms,macro_auroc,43,0.9015176016466778,0.9087005045233127,-0.007182902876634922,3,-0.00860440079930432,0.001781264353860023,-0.013029306755269754,-0.004179494843338888
resnet,bandpass,10,V2,noisy_minus_clean,independent_rms,macro_ap,17,0.7625826664061234,0.7807184945903615,-0.01813582818423809,3,-0.013860096949442088,0.0038020586353234445,-0.02330493418761801,-0.004415259711266167
resnet,bandpass,10,V2,noisy_minus_clean,independent_rms,macro_ap,29,0.7800573076435444,0.7909168445498038,-0.010859536906259404,3,-0.013860096949442088,0.0038020586353234445,-0.02330493418761801,-0.004415259711266167
resnet,bandpass,10,V2,noisy_minus_clean,independent_rms,macro_ap,43,0.7739865587570054,0.7865714845148342,-0.012584925757828769,3,-0.013860096949442088,0.0038020586353234445,-0.02330493418761801,-0.004415259711266167
resnet,bandpass,10,V2,noisy_minus_clean,independent_rms,macro_f1,17,0.6931447568955795,0.7118815125857424,-0.018736755690162865,3,-0.019952235748699938,0.004505820369464249,-0.031145314050720175,-0.0087591574466797
resnet,bandpass,10,V2,noisy_minus_clean,independent_rms,macro_f1,29,0.6973170412609091,0.7222581554037724,-0.024941114142863263,3,-0.019952235748699938,0.004505820369464249,-0.031145314050720175,-0.0087591574466797
resnet,bandpass,10,V2,noisy_minus_clean,independent_rms,macro_f1,43,0.7028889861747212,0.7190678235877949,-0.016178837413073688,3,-0.019952235748699938,0.004505820369464249,-0.031145314050720175,-0.0087591574466797
resnet,bandpass,10,V3,noisy_minus_clean,covariance,macro_auroc,17,0.8977851727479388,0.9068922993183458,-0.00910712657040702,3,-0.006728744836195973,0.0020844984326138416,-0.011906926002672302,-0.0015505636697196448
resnet,bandpass,10,V3,noisy_minus_clean,covariance,macro_auroc,29,0.9020513811212116,0.907911261424449,-0.005859880303237364,3,-0.006728744836195973,0.0020844984326138416,-0.011906926002672302,-0.0015505636697196448
resnet,bandpass,10,V3,noisy_minus_clean,covariance,macro_auroc,43,0.9034812768883692,0.9087005045233127,-0.005219227634943535,3,-0.006728744836195973,0.0020844984326138416,-0.011906926002672302,-0.0015505636697196448
resnet,bandpass,10,V3,noisy_minus_clean,covariance,macro_ap,17,0.764907486725576,0.7807184945903615,-0.01581100786478551,3,-0.011274400984913835,0.0039564837521873725,-0.02110285147952814,-0.0014459504902995333
resnet,bandpass,10,V3,noisy_minus_clean,covariance,macro_ap,29,0.7823778253648987,0.7909168445498038,-0.008539019184905072,3,-0.011274400984913835,0.0039564837521873725,-0.02110285147952814,-0.0014459504902995333
resnet,bandpass,10,V3,noisy_minus_clean,covariance,macro_ap,43,0.7770983086097832,0.7865714845148342,-0.009473175905050923,3,-0.011274400984913835,0.0039564837521873725,-0.02110285147952814,-0.0014459504902995333
resnet,bandpass,10,V3,noisy_minus_clean,covariance,macro_f1,17,0.6869646112428203,0.7118815125857424,-0.024916901342922126,3,-0.014063847273234398,0.009766415748419419,-0.03832496894221475,0.010197274395745953
resnet,bandpass,10,V3,noisy_minus_clean,covariance,macro_f1,29,0.710967292327721,0.7222581554037724,-0.011290863076051316,3,-0.014063847273234398,0.009766415748419419,-0.03832496894221475,0.010197274395745953
resnet,bandpass,10,V3,noisy_minus_clean,covariance,macro_f1,43,0.7130840461870651,0.7190678235877949,-0.005983777400729751,3,-0.014063847273234398,0.009766415748419419,-0.03832496894221475,0.010197274395745953
resnet,bandpass,10,V3,noisy_minus_clean,electrode,macro_auroc,17,0.8953811774757219,0.9068922993183458,-0.011511121842623928,3,-0.008283778520870292,0.0029832464555249734,-0.015694573544393544,-0.0008729834973470385
resnet,bandpass,10,V3,noisy_minus_clean,electrode,macro_auroc,29,0.902284203329879,0.907911261424449,-0.005627058094569981,3,-0.008283778520870292,0.0029832464555249734,-0.015694573544393544,-0.0008729834973470385
resnet,bandpass,10,V3,noisy_minus_clean,electrode,macro_auroc,43,0.9009873488978958,0.9087005045233127,-0.0077131556254169675,3,-0.008283778520870292,0.0029832464555249734,-0.015694573544393544,-0.0008729834973470385
resnet,bandpass,10,V3,noisy_minus_clean,electrode,macro_ap,17,0.7601087504759437,0.7807184945903615,-0.02060974411441774,3,-0.014567664207643438,0.005795818713485226,-0.02896527604410195,-0.00017005237118492694
resnet,bandpass,10,V3,noisy_minus_clean,electrode,macro_ap,29,0.7818625018526155,0.7909168445498038,-0.0090543426971883,3,-0.014567664207643438,0.005795818713485226,-0.02896527604410195,-0.00017005237118492694
resnet,bandpass,10,V3,noisy_minus_clean,electrode,macro_ap,43,0.7725325787035099,0.7865714845148342,-0.014038905811324276,3,-0.014567664207643438,0.005795818713485226,-0.02896527604410195,-0.00017005237118492694
resnet,bandpass,10,V3,noisy_minus_clean,electrode,macro_f1,17,0.6867117687949019,0.7118815125857424,-0.02516974379084047,3,-0.016090134578508386,0.007939816772478401,-0.03581373284716535,0.003633463690148577
resnet,bandpass,10,V3,noisy_minus_clean,electrode,macro_f1,29,0.7096072742994829,0.7222581554037724,-0.012650881104289469,3,-0.016090134578508386,0.007939816772478401,-0.03581373284716535,0.003633463690148577
resnet,bandpass,10,V3,noisy_minus_clean,electrode,macro_f1,43,0.7086180447473996,0.7190678235877949,-0.010449778840395219,3,-0.016090134578508386,0.007939816772478401,-0.03581373284716535,0.003633463690148577
resnet,bandpass,10,V3,noisy_minus_clean,independent_rms,macro_auroc,17,0.8981471383861226,0.9068922993183458,-0.008745160932223217,3,-0.006963317224860803,0.0015549087696179599,-0.010825924737752216,-0.00310070971196939
resnet,bandpass,10,V3,noisy_minus_clean,independent_rms,macro_auroc,29,0.9020299577426087,0.907911261424449,-0.005881303681840255,3,-0.006963317224860803,0.0015549087696179599,-0.010825924737752216,-0.00310070971196939
resnet,bandpass,10,V3,noisy_minus_clean,independent_rms,macro_auroc,43,0.9024370174627938,0.9087005045233127,-0.006263487060518935,3,-0.006963317224860803,0.0015549087696179599,-0.010825924737752216,-0.00310070971196939
resnet,bandpass,10,V3,noisy_minus_clean,independent_rms,macro_ap,17,0.766638911816619,0.7807184945903615,-0.014079582773742438,3,-0.011213027113869104,0.0027453714286356148,-0.0180329078124202,-0.004393146415318008
resnet,bandpass,10,V3,noisy_minus_clean,independent_rms,macro_ap,29,0.7823093615614736,0.7909168445498038,-0.00860748298833025,3,-0.011213027113869104,0.0027453714286356148,-0.0180329078124202,-0.004393146415318008
resnet,bandpass,10,V3,noisy_minus_clean,independent_rms,macro_ap,43,0.7756194689352995,0.7865714845148342,-0.010952015579534624,3,-0.011213027113869104,0.0027453714286356148,-0.0180329078124202,-0.004393146415318008
resnet,bandpass,10,V3,noisy_minus_clean,independent_rms,macro_f1,17,0.688337343281453,0.7118815125857424,-0.023544169304289375,3,-0.016635771728401288,0.006602344834792981,-0.033036905518287286,-0.00023463793851528914
resnet,bandpass,10,V3,noisy_minus_clean,independent_rms,macro_f1,29,0.7062843630024533,0.7222581554037724,-0.01597379240131902,3,-0.016635771728401288,0.006602344834792981,-0.033036905518287286,-0.00023463793851528914
resnet,bandpass,10,V3,noisy_minus_clean,independent_rms,macro_f1,43,0.7086784701081994,0.7190678235877949,-0.010389353479595465,3,-0.016635771728401288,0.006602344834792981,-0.033036905518287286,-0.00023463793851528914
resnet,bandpass,10,V4,noisy_minus_clean,covariance,macro_auroc,17,0.8998519763026541,0.9068922993183458,-0.007040323015691685,3,-0.005983069258428064,0.0010092992396498286,-0.008490307562052067,-0.0034758309548040614
resnet,bandpass,10,V4,noisy_minus_clean,covariance,macro_auroc,29,0.9020321476131652,0.907911261424449,-0.005879113811283809,3,-0.005983069258428064,0.0010092992396498286,-0.008490307562052067,-0.0034758309548040614
resnet,bandpass,10,V4,noisy_minus_clean,covariance,macro_auroc,43,0.903670733575004,0.9087005045233127,-0.005029770948308698,3,-0.005983069258428064,0.0010092992396498286,-0.008490307562052067,-0.0034758309548040614
resnet,bandpass,10,V4,noisy_minus_clean,covariance,macro_ap,17,0.7687850979238987,0.7807184945903615,-0.011933396666462759,3,-0.010525239202197648,0.0014770786930062801,-0.014194506086671966,-0.00685597231772333
resnet,bandpass,10,V4,noisy_minus_clean,covariance,macro_ap,29,0.7819290992717103,0.7909168445498038,-0.00898774527809354,3,-0.010525239202197648,0.0014770786930062801,-0.014194506086671966,-0.00685597231772333
resnet,bandpass,10,V4,noisy_minus_clean,covariance,macro_ap,43,0.7759169088527975,0.7865714845148342,-0.010654575662036647,3,-0.010525239202197648,0.0014770786930062801,-0.014194506086671966,-0.00685597231772333
resnet,bandpass,10,V4,noisy_minus_clean,covariance,macro_f1,17,0.7002666636652609,0.7118815125857424,-0.01161484892048148,3,-0.01261953161651271,0.002074349751908392,-0.017772502062524433,-0.00746656117050099
resnet,bandpass,10,V4,noisy_minus_clean,covariance,macro_f1,29,0.7072532300226969,0.7222581554037724,-0.015004925381075451,3,-0.01261953161651271,0.002074349751908392,-0.017772502062524433,-0.00746656117050099
resnet,bandpass,10,V4,noisy_minus_clean,covariance,macro_f1,43,0.7078290030398137,0.7190678235877949,-0.011238820547981199,3,-0.01261953161651271,0.002074349751908392,-0.017772502062524433,-0.00746656117050099
resnet,bandpass,10,V4,noisy_minus_clean,electrode,macro_auroc,17,0.8991788954701996,0.9068922993183458,-0.0077134038481462275,3,-0.006783795222362647,0.0008173109581299277,-0.008814108195654835,-0.0047534822490704585
resnet,bandpass,10,V4,noisy_minus_clean,electrode,macro_auroc,29,0.9014513164287272,0.907911261424449,-0.006459944995721778,3,-0.006783795222362647,0.0008173109581299277,-0.008814108195654835,-0.0047534822490704585
resnet,bandpass,10,V4,noisy_minus_clean,electrode,macro_auroc,43,0.9025224677000928,0.9087005045233127,-0.0061780368232199345,3,-0.006783795222362647,0.0008173109581299277,-0.008814108195654835,-0.0047534822490704585
resnet,bandpass,10,V4,noisy_minus_clean,electrode,macro_ap,17,0.766382455973479,0.7807184945903615,-0.014336038616882485,3,-0.012170707241690523,0.0019865501134757224,-0.01710557129479631,-0.007235843188584738
resnet,bandpass,10,V4,noisy_minus_clean,electrode,macro_ap,29,0.7804844602080218,0.7909168445498038,-0.010432384341782064,3,-0.012170707241690523,0.0019865501134757224,-0.01710557129479631,-0.007235843188584738
resnet,bandpass,10,V4,noisy_minus_clean,electrode,macro_ap,43,0.7748277857484271,0.7865714845148342,-0.011743698766407018,3,-0.012170707241690523,0.0019865501134757224,-0.01710557129479631,-0.007235843188584738
resnet,bandpass,10,V4,noisy_minus_clean,electrode,macro_f1,17,0.6950937501587501,0.7118815125857424,-0.016787762426992314,3,-0.013928967783581067,0.004424271866782275,-0.024919468374754748,-0.0029384671924073836
resnet,bandpass,10,V4,noisy_minus_clean,electrode,macro_f1,29,0.7060918900484945,0.7222581554037724,-0.016166265355277876,3,-0.013928967783581067,0.004424271866782275,-0.024919468374754748,-0.0029384671924073836
resnet,bandpass,10,V4,noisy_minus_clean,electrode,macro_f1,43,0.7102349480193219,0.7190678235877949,-0.008832875568473009,3,-0.013928967783581067,0.004424271866782275,-0.024919468374754748,-0.0029384671924073836
resnet,bandpass,10,V4,noisy_minus_clean,independent_rms,macro_auroc,17,0.8988254500208732,0.9068922993183458,-0.00806684929747259,3,-0.006620965769860376,0.0015221782451147875,-0.010402266152509098,-0.0028396653872116546
resnet,bandpass,10,V4,noisy_minus_clean,independent_rms,macro_auroc,29,0.9011477362755096,0.907911261424449,-0.006763525148939409,3,-0.006620965769860376,0.0015221782451147875,-0.010402266152509098,-0.0028396653872116546
resnet,bandpass,10,V4,noisy_minus_clean,independent_rms,macro_auroc,43,0.9036679816601436,0.9087005045233127,-0.005032522863169131,3,-0.006620965769860376,0.0015221782451147875,-0.010402266152509098,-0.0028396653872116546
resnet,bandpass,10,V4,noisy_minus_clean,independent_rms,macro_ap,17,0.7668479387985232,0.7807184945903615,-0.013870555791838268,3,-0.01215655635702558,0.0014859500157611597,-0.01584786082890813,-0.00846525188514303
resnet,bandpass,10,V4,noisy_minus_clean,independent_rms,macro_ap,29,0.779548717490637,0.7909168445498038,-0.011368127059166788,3,-0.01215655635702558,0.0014859500157611597,-0.01584786082890813,-0.00846525188514303
resnet,bandpass,10,V4,noisy_minus_clean,independent_rms,macro_ap,43,0.7753404982947625,0.7865714845148342,-0.011230986220071681,3,-0.01215655635702558,0.0014859500157611597,-0.01584786082890813,-0.00846525188514303
resnet,bandpass,10,V4,noisy_minus_clean,independent_rms,macro_f1,17,0.6967464583844605,0.7118815125857424,-0.015135054201281917,3,-0.014848309190002981,0.0033444994864389194,-0.023156506491092556,-0.006540111888913408
resnet,bandpass,10,V4,noisy_minus_clean,independent_rms,macro_f1,29,0.7042179511456346,0.7222581554037724,-0.018040204258137793,3,-0.014848309190002981,0.0033444994864389194,-0.023156506491092556,-0.006540111888913408
resnet,bandpass,10,V4,noisy_minus_clean,independent_rms,macro_f1,43,0.7076981544772056,0.7190678235877949,-0.011369669110589231,3,-0.014848309190002981,0.0033444994864389194,-0.023156506491092556,-0.006540111888913408
resnet,bandpass,10,V5,noisy_minus_clean,covariance,macro_auroc,17,0.8974636018614962,0.9068922993183458,-0.0094286974568496,3,-0.008386876135094553,0.0009515691381879543,-0.010750704916575718,-0.006023047353613389
resnet,bandpass,10,V5,noisy_minus_clean,covariance,macro_auroc,29,0.9003476865501259,0.907911261424449,-0.007563574874323131,3,-0.008386876135094553,0.0009515691381879543,-0.010750704916575718,-0.006023047353613389
resnet,bandpass,10,V5,noisy_minus_clean,covariance,macro_auroc,43,0.9005321484492018,0.9087005045233127,-0.008168356074110927,3,-0.008386876135094553,0.0009515691381879543,-0.010750704916575718,-0.006023047353613389
resnet,bandpass,10,V5,noisy_minus_clean,covariance,macro_ap,17,0.7640530173417864,0.7807184945903615,-0.016665477248575034,3,-0.014621932197300532,0.0030229777210764065,-0.022131425155914444,-0.007112439238686621
resnet,bandpass,10,V5,noisy_minus_clean,covariance,macro_ap,29,0.7797674678182809,0.7909168445498038,-0.011149376731522942,3,-0.014621932197300532,0.0030229777210764065,-0.022131425155914444,-0.007112439238686621
resnet,bandpass,10,V5,noisy_minus_clean,covariance,macro_ap,43,0.7705205419030305,0.7865714845148342,-0.01605094261180362,3,-0.014621932197300532,0.0030229777210764065,-0.022131425155914444,-0.007112439238686621
resnet,bandpass,10,V5,noisy_minus_clean,covariance,macro_f1,17,0.6911801461220816,0.7118815125857424,-0.02070136646366083,3,-0.01807822830676457,0.002277023796335928,-0.023734668989725455,-0.012421787623803686
resnet,bandpass,10,V5,noisy_minus_clean,covariance,macro_f1,29,0.7056470501096918,0.7222581554037724,-0.016611105294080608,3,-0.01807822830676457,0.002277023796335928,-0.023734668989725455,-0.012421787623803686
resnet,bandpass,10,V5,noisy_minus_clean,covariance,macro_f1,43,0.7021456104252426,0.7190678235877949,-0.01692221316255227,3,-0.01807822830676457,0.002277023796335928,-0.023734668989725455,-0.012421787623803686
resnet,bandpass,10,V5,noisy_minus_clean,electrode,macro_auroc,17,0.8970206651053086,0.9068922993183458,-0.009871634213037161,3,-0.00831426629430069,0.00153787004868079,-0.012134547277952615,-0.004493985310648766
resnet,bandpass,10,V5,noisy_minus_clean,electrode,macro_auroc,29,0.9011145959731356,0.907911261424449,-0.006796665451313411,3,-0.00831426629430069,0.00153787004868079,-0.012134547277952615,-0.004493985310648766
resnet,bandpass,10,V5,noisy_minus_clean,electrode,macro_auroc,43,0.9004260053047612,0.9087005045233127,-0.008274499218551501,3,-0.00831426629430069,0.00153787004868079,-0.012134547277952615,-0.004493985310648766
resnet,bandpass,10,V5,noisy_minus_clean,electrode,macro_ap,17,0.763182827816592,0.7807184945903615,-0.017535666773769498,3,-0.014911152497762684,0.0035504263919085275,-0.023730900590587016,-0.006091404404938352
resnet,bandpass,10,V5,noisy_minus_clean,electrode,macro_ap,29,0.7800454885895103,0.7909168445498038,-0.010871355960293538,3,-0.014911152497762684,0.0035504263919085275,-0.023730900590587016,-0.006091404404938352
resnet,bandpass,10,V5,noisy_minus_clean,electrode,macro_ap,43,0.7702450497556091,0.7865714845148342,-0.016326434759225017,3,-0.014911152497762684,0.0035504263919085275,-0.023730900590587016,-0.006091404404938352
resnet,bandpass,10,V5,noisy_minus_clean,electrode,macro_f1,17,0.6926366102244367,0.7118815125857424,-0.019244902361305716,3,-0.017634988492874593,0.002141440358086153,-0.02295462124379461,-0.012315355741954572
resnet,bandpass,10,V5,noisy_minus_clean,electrode,macro_f1,29,0.7070535160468342,0.7222581554037724,-0.015204639356938165,3,-0.017634988492874593,0.002141440358086153,-0.02295462124379461,-0.012315355741954572
resnet,bandpass,10,V5,noisy_minus_clean,electrode,macro_f1,43,0.700612399827415,0.7190678235877949,-0.018455423760379897,3,-0.017634988492874593,0.002141440358086153,-0.02295462124379461,-0.012315355741954572
resnet,bandpass,10,V5,noisy_minus_clean,independent_rms,macro_auroc,17,0.8964138296156932,0.9068922993183458,-0.010478469702652649,3,-0.008475032174922811,0.001739287505264636,-0.012795661858273301,-0.004154402491572321
resnet,bandpass,10,V5,noisy_minus_clean,independent_rms,macro_auroc,29,0.9003162944876202,0.907911261424449,-0.0075949669368288175,3,-0.008475032174922811,0.001739287505264636,-0.012795661858273301,-0.004154402491572321
resnet,bandpass,10,V5,noisy_minus_clean,independent_rms,macro_auroc,43,0.9013488446380258,0.9087005045233127,-0.007351659885286965,3,-0.008475032174922811,0.001739287505264636,-0.012795661858273301,-0.004154402491572321
resnet,bandpass,10,V5,noisy_minus_clean,independent_rms,macro_ap,17,0.7641266120347561,0.7807184945903615,-0.016591882555605397,3,-0.014576637684329522,0.0023384219917744246,-0.020385599940010705,-0.00876767542864834
resnet,bandpass,10,V5,noisy_minus_clean,independent_rms,macro_ap,29,0.7789042060206797,0.7909168445498038,-0.012012638529124153,3,-0.014576637684329522,0.0023384219917744246,-0.020385599940010705,-0.00876767542864834
resnet,bandpass,10,V5,noisy_minus_clean,independent_rms,macro_ap,43,0.7714460925465751,0.7865714845148342,-0.015125391968259017,3,-0.014576637684329522,0.0023384219917744246,-0.020385599940010705,-0.00876767542864834
resnet,bandpass,10,V5,noisy_minus_clean,independent_rms,macro_f1,17,0.6887640117925378,0.7118815125857424,-0.023117500793204626,3,-0.019309407068602662,0.00331629650000556,-0.027547544267510014,-0.011071269869695312
resnet,bandpass,10,V5,noisy_minus_clean,independent_rms,macro_f1,29,0.7052015631926114,0.7222581554037724,-0.01705659221116096,3,-0.019309407068602662,0.00331629650000556,-0.027547544267510014,-0.011071269869695312
resnet,bandpass,10,V5,noisy_minus_clean,independent_rms,macro_f1,43,0.7013136953863525,0.7190678235877949,-0.0177541282014424,3,-0.019309407068602662,0.00331629650000556,-0.027547544267510014,-0.011071269869695312
resnet,bandpass,10,V6,noisy_minus_clean,covariance,macro_auroc,17,0.8948773650044011,0.9068922993183458,-0.012014934313944736,3,-0.008267252472356823,0.0033175604013925353,-0.016508529376363455,-2.597556835019256e-05
resnet,bandpass,10,V6,noisy_minus_clean,covariance,macro_auroc,29,0.900830559812168,0.907911261424449,-0.007080701612281026,3,-0.008267252472356823,0.0033175604013925353,-0.016508529376363455,-2.597556835019256e-05
resnet,bandpass,10,V6,noisy_minus_clean,covariance,macro_auroc,43,0.902994383032468,0.9087005045233127,-0.005706121490844707,3,-0.008267252472356823,0.0033175604013925353,-0.016508529376363455,-2.597556835019256e-05
resnet,bandpass,10,V6,noisy_minus_clean,covariance,macro_ap,17,0.7600425612445717,0.7807184945903615,-0.020675933345789765,3,-0.013163615587293101,0.006579959485705018,-0.029509141087319682,0.003181909912733481
resnet,bandpass,10,V6,noisy_minus_clean,covariance,macro_ap,29,0.7805246654163766,0.7909168445498038,-0.01039217913342727,3,-0.013163615587293101,0.006579959485705018,-0.029509141087319682,0.003181909912733481
resnet,bandpass,10,V6,noisy_minus_clean,covariance,macro_ap,43,0.7781487502321719,0.7865714845148342,-0.00842273428266227,3,-0.013163615587293101,0.006579959485705018,-0.029509141087319682,0.003181909912733481
resnet,bandpass,10,V6,noisy_minus_clean,covariance,macro_f1,17,0.6879381218074143,0.7118815125857424,-0.023943390778328077,3,-0.018196376245144513,0.0054475904294669555,-0.031728941068985855,-0.0046638114213031715
resnet,bandpass,10,V6,noisy_minus_clean,covariance,macro_f1,29,0.704720538255844,0.7222581554037724,-0.01753761714792834,3,-0.018196376245144513,0.0054475904294669555,-0.031728941068985855,-0.0046638114213031715
resnet,bandpass,10,V6,noisy_minus_clean,covariance,macro_f1,43,0.7059597027786177,0.7190678235877949,-0.013108120809177115,3,-0.018196376245144513,0.0054475904294669555,-0.031728941068985855,-0.0046638114213031715
resnet,bandpass,10,V6,noisy_minus_clean,electrode,macro_auroc,17,0.893788777533125,0.9068922993183458,-0.013103521785220784,3,-0.008385351870724053,0.004102626276710179,-0.018576840521791357,0.0018061367803432517
resnet,bandpass,10,V6,noisy_minus_clean,electrode,macro_auroc,29,0.9015166239640966,0.907911261424449,-0.006394637460352404,3,-0.008385351870724053,0.004102626276710179,-0.018576840521791357,0.0018061367803432517
resnet,bandpass,10,V6,noisy_minus_clean,electrode,macro_auroc,43,0.9030426081567138,0.9087005045233127,-0.005657896366598969,3,-0.008385351870724053,0.004102626276710179,-0.018576840521791357,0.0018061367803432517
resnet,bandpass,10,V6,noisy_minus_clean,electrode,macro_ap,17,0.7587784867724666,0.7807184945903615,-0.021940007817894847,3,-0.013745409225456343,0.00716696180484128,-0.03154912932331615,0.004058310872403459
resnet,bandpass,10,V6,noisy_minus_clean,electrode,macro_ap,29,0.7822696127068777,0.7909168445498038,-0.00864723184292615,3,-0.013745409225456343,0.00716696180484128,-0.03154912932331615,0.004058310872403459
resnet,bandpass,10,V6,noisy_minus_clean,electrode,macro_ap,43,0.7759224964992861,0.7865714845148342,-0.010648988015548033,3,-0.013745409225456343,0.00716696180484128,-0.03154912932331615,0.004058310872403459
resnet,bandpass,10,V6,noisy_minus_clean,electrode,macro_f1,17,0.6865252958114882,0.7118815125857424,-0.025356216774254148,3,-0.016093540151077484,0.00942408925469241,-0.03950427566726985,0.007317195365114881
resnet,bandpass,10,V6,noisy_minus_clean,electrode,macro_f1,29,0.7058496848078112,0.7222581554037724,-0.016408470595961178,3,-0.016093540151077484,0.00942408925469241,-0.03950427566726985,0.007317195365114881
resnet,bandpass,10,V6,noisy_minus_clean,electrode,macro_f1,43,0.7125518905047777,0.7190678235877949,-0.0065159330830171225,3,-0.016093540151077484,0.00942408925469241,-0.03950427566726985,0.007317195365114881
resnet,bandpass,10,V6,noisy_minus_clean,independent_rms,macro_auroc,17,0.89434218545795,0.9068922993183458,-0.01255011386039584,3,-0.008434722813951079,0.003589411747505405,-0.01735131589881841,0.00048187027091625353
resnet,bandpass,10,V6,noisy_minus_clean,independent_rms,macro_auroc,29,0.901108154218374,0.907911261424449,-0.006803107206075021,3,-0.008434722813951079,0.003589411747505405,-0.01735131589881841,0.00048187027091625353
resnet,bandpass,10,V6,noisy_minus_clean,independent_rms,macro_auroc,43,0.9027495571479304,0.9087005045233127,-0.005950947375382376,3,-0.008434722813951079,0.003589411747505405,-0.01735131589881841,0.00048187027091625353
resnet,bandpass,10,V6,noisy_minus_clean,independent_rms,macro_ap,17,0.7605225534863328,0.7807184945903615,-0.02019594110402867,3,-0.01472345835778884,0.004751105828254045,-0.02652585951812524,-0.002921057197452441
resnet,bandpass,10,V6,noisy_minus_clean,independent_rms,macro_ap,29,0.779264225884542,0.7909168445498038,-0.011652618665261794,3,-0.01472345835778884,0.004751105828254045,-0.02652585951812524,-0.002921057197452441
resnet,bandpass,10,V6,noisy_minus_clean,independent_rms,macro_ap,43,0.7742496692107581,0.7865714845148342,-0.012321815304076056,3,-0.01472345835778884,0.004751105828254045,-0.02652585951812524,-0.002921057197452441
resnet,bandpass,10,V6,noisy_minus_clean,independent_rms,macro_f1,17,0.6856827824391352,0.7118815125857424,-0.02619873014660723,3,-0.018314725835838448,0.007045243875881028,-0.035816081836175684,-0.0008133698355012077
resnet,bandpass,10,V6,noisy_minus_clean,independent_rms,macro_f1,29,0.7061483887499082,0.7222581554037724,-0.01610976665386421,3,-0.018314725835838448,0.007045243875881028,-0.035816081836175684,-0.0008133698355012077
resnet,bandpass,10,V6,noisy_minus_clean,independent_rms,macro_f1,43,0.706432142880751,0.7190678235877949,-0.012635680707043906,3,-0.018314725835838448,0.007045243875881028,-0.035816081836175684,-0.0008133698355012077
resnet,bandpass,10,all,electrode_minus_independent_rms,all,macro_auroc,17,0.8907495960777119,0.8946569626020338,-0.003907366524321887,3,-0.003382028590781997,0.001305368217922668,-0.006624743008603835,-0.00013931417296015897
resnet,bandpass,10,all,electrode_minus_independent_rms,all,macro_auroc,29,0.8980265294774294,0.8999223690868726,-0.0018958396094431729,3,-0.003382028590781997,0.001305368217922668,-0.006624743008603835,-0.00013931417296015897
resnet,bandpass,10,all,electrode_minus_independent_rms,all,macro_auroc,43,0.8983496863990222,0.9026925660376032,-0.004342879638580932,3,-0.003382028590781997,0.001305368217922668,-0.006624743008603835,-0.00013931417296015897
resnet,bandpass,10,all,electrode_minus_independent_rms,all,macro_ap,17,0.7551318374982291,0.7590269056913963,-0.003895068193167206,3,-0.0048359868770251335,0.001714006487632452,-0.009093815031084869,-0.0005781587229653981
resnet,bandpass,10,all,electrode_minus_independent_rms,all,macro_ap,29,0.7736424204502189,0.7774409468230202,-0.003798526372801314,3,-0.0048359868770251335,0.001714006487632452,-0.009093815031084869,-0.0005781587229653981
resnet,bandpass,10,all,electrode_minus_independent_rms,all,macro_ap,43,0.7668000613370188,0.7736144274021257,-0.0068143660651068805,3,-0.0048359868770251335,0.001714006487632452,-0.009093815031084869,-0.0005781587229653981
resnet,bandpass,10,all,electrode_minus_independent_rms,all,macro_f1,17,0.678872199936274,0.688281085910487,-0.009408885974212966,3,-0.005281045680632553,0.003578994412644007,-0.014171760671115075,0.0036096693098499706
resnet,bandpass,10,all,electrode_minus_independent_rms,all,macro_f1,29,0.6921622252328743,0.6952064291406617,-0.0030442039077873684,3,-0.005281045680632553,0.003578994412644007,-0.014171760671115075,0.0036096693098499706
resnet,bandpass,10,all,electrode_minus_independent_rms,all,macro_f1,43,0.70144590734555,0.7048359545054473,-0.0033900471598973247,3,-0.005281045680632553,0.003578994412644007,-0.014171760671115075,0.0036096693098499706
resnet,bandpass,10,all,electrode_minus_independent,all,macro_auroc,17,0.8907495960777119,0.8949923543495071,-0.004242758271795211,3,-0.003622543485794901,0.0012511158081629891,-0.006730487446581059,-0.0005145995250087428
resnet,bandpass,10,all,electrode_minus_independent,all,macro_auroc,29,0.8980265294774294,0.900209013810256,-0.0021824843328265287,3,-0.003622543485794901,0.0012511158081629891,-0.006730487446581059,-0.0005145995250087428
resnet,bandpass,10,all,electrode_minus_independent,all,macro_auroc,43,0.8983496863990222,0.9027920742517852,-0.0044423878527629634,3,-0.003622543485794901,0.0012511158081629891,-0.006730487446581059,-0.0005145995250087428
resnet,bandpass,10,all,electrode_minus_independent,all,macro_ap,17,0.7551318374982291,0.759740872033209,-0.00460903453497985,3,-0.005254890879045478,0.0015518003490214256,-0.009109776647109154,-0.0014000051109818012
resnet,bandpass,10,all,electrode_minus_independent,all,macro_ap,29,0.7736424204502189,0.7777727463198467,-0.0041303258696278045,3,-0.005254890879045478,0.0015518003490214256,-0.009109776647109154,-0.0014000051109818012
resnet,bandpass,10,all,electrode_minus_independent,all,macro_ap,43,0.7668000613370188,0.7738253735695476,-0.00702531223252878,3,-0.005254890879045478,0.0015518003490214256,-0.009109776647109154,-0.0014000051109818012
resnet,bandpass,10,all,electrode_minus_independent,all,macro_f1,17,0.678872199936274,0.6886379233531563,-0.00976572341688231,3,-0.005975257338601936,0.00328275959224531,-0.01413008424020759,0.0021795695630037176
resnet,bandpass,10,all,electrode_minus_independent,all,macro_f1,29,0.6921622252328743,0.6962142187896961,-0.004051993556821842,3,-0.005975257338601936,0.00328275959224531,-0.01413008424020759,0.0021795695630037176
resnet,bandpass,10,all,electrode_minus_independent,all,macro_f1,43,0.70144590734555,0.7055539623876517,-0.004108055042101655,3,-0.005975257338601936,0.00328275959224531,-0.01413008424020759,0.0021795695630037176
resnet,bandpass,10,all,covariance_minus_electrode,all,macro_auroc,17,0.8912498399196107,0.8907495960777119,0.0005002438418988397,3,0.00033422723904293533,0.00014473081511424938,-2.530403683028077e-05,0.0006937585149161514
resnet,bandpass,10,all,covariance_minus_electrode,all,macro_auroc,29,0.8982943578860105,0.8980265294774294,0.00026782840858108337,3,0.00033422723904293533,0.00014473081511424938,-2.530403683028077e-05,0.0006937585149161514
resnet,bandpass,10,all,covariance_minus_electrode,all,macro_auroc,43,0.8985842958656711,0.8983496863990222,0.00023460946664888294,3,0.00033422723904293533,0.00014473081511424938,-2.530403683028077e-05,0.0006937585149161514
resnet,bandpass,10,all,covariance_minus_electrode,all,macro_ap,17,0.7561768782714066,0.7551318374982291,0.0010450407731774636,3,0.0021456981726006483,0.0009843375151090976,-0.0002995317697421689,0.0045909281149434655
resnet,bandpass,10,all,covariance_minus_electrode,all,macro_ap,29,0.7760928148522175,0.7736424204502189,0.002450394401998568,3,0.0021456981726006483,0.0009843375151090976,-0.0002995317697421689,0.0045909281149434655
resnet,bandpass,10,all,covariance_minus_electrode,all,macro_ap,43,0.7697417206796447,0.7668000613370188,0.002941659342625913,3,0.0021456981726006483,0.0009843375151090976,-0.0002995317697421689,0.0045909281149434655
resnet,bandpass,10,all,covariance_minus_electrode,all,macro_f1,17,0.6802589861734847,0.678872199936274,0.0013867862372106687,3,-0.0005488090271165517,0.001983334064222302,-0.005475683970989169,0.004378065916756065
resnet,bandpass,10,all,covariance_minus_electrode,all,macro_f1,29,0.691705673873963,0.6921622252328743,-0.0004565513589113168,3,-0.0005488090271165517,0.001983334064222302,-0.005475683970989169,0.004378065916756065
resnet,bandpass,10,all,covariance_minus_electrode,all,macro_f1,43,0.698869245385901,0.70144590734555,-0.002576661959649007,3,-0.0005488090271165517,0.001983334064222302,-0.005475683970989169,0.004378065916756065
resnet,bandpass,10,all,noisy_minus_clean,covariance,macro_auroc,17,0.8912498399196107,0.9068922993183458,-0.015642459398735098,3,-0.01179185719827173,0.003344051342335463,-0.020098941247693625,-0.003484773148849837
resnet,bandpass,10,all,noisy_minus_clean,covariance,macro_auroc,29,0.8982943578860105,0.907911261424449,-0.00961690353843847,3,-0.01179185719827173,0.003344051342335463,-0.020098941247693625,-0.003484773148849837
resnet,bandpass,10,all,noisy_minus_clean,covariance,macro_auroc,43,0.8985842958656711,0.9087005045233127,-0.010116208657641623,3,-0.01179185719827173,0.003344051342335463,-0.020098941247693625,-0.003484773148849837
resnet,bandpass,10,all,noisy_minus_clean,covariance,macro_ap,17,0.7561768782714066,0.7807184945903615,-0.024541616318954906,3,-0.01873180328391022,0.005130417915172014,-0.03147646790387059,-0.005987138663949851
resnet,bandpass,10,all,noisy_minus_clean,covariance,macro_ap,29,0.7760928148522175,0.7909168445498038,-0.014824029697586338,3,-0.01873180328391022,0.005130417915172014,-0.03147646790387059,-0.005987138663949851
resnet,bandpass,10,all,noisy_minus_clean,covariance,macro_ap,43,0.7697417206796447,0.7865714845148342,-0.016829763835189415,3,-0.01873180328391022,0.005130417915172014,-0.03147646790387059,-0.005987138663949851
resnet,bandpass,10,all,noisy_minus_clean,covariance,macro_f1,17,0.6802589861734847,0.7118815125857424,-0.03162252641225771,3,-0.027457862047986985,0.006309449300947344,-0.04313140299665281,-0.011784321099321163
resnet,bandpass,10,all,noisy_minus_clean,covariance,macro_f1,29,0.691705673873963,0.7222581554037724,-0.030552481529809383,3,-0.027457862047986985,0.006309449300947344,-0.04313140299665281,-0.011784321099321163
resnet,bandpass,10,all,noisy_minus_clean,covariance,macro_f1,43,0.698869245385901,0.7190678235877949,-0.020198578201893858,3,-0.027457862047986985,0.006309449300947344,-0.04313140299665281,-0.011784321099321163
resnet,bandpass,10,all,noisy_minus_clean,electrode,macro_auroc,17,0.8907495960777119,0.9068922993183458,-0.016142703240633938,3,-0.012126084437314666,0.0034862915884280557,-0.02078651284617944,-0.0034656560284498945
resnet,bandpass,10,all,noisy_minus_clean,electrode,macro_auroc,29,0.8980265294774294,0.907911261424449,-0.009884731947019554,3,-0.012126084437314666,0.0034862915884280557,-0.02078651284617944,-0.0034656560284498945
resnet,bandpass,10,all,noisy_minus_clean,electrode,macro_auroc,43,0.8983496863990222,0.9087005045233127,-0.010350818124290506,3,-0.012126084437314666,0.0034862915884280557,-0.02078651284617944,-0.0034656560284498945
resnet,bandpass,10,all,noisy_minus_clean,electrode,macro_ap,17,0.7551318374982291,0.7807184945903615,-0.02558665709213237,3,-0.020877501456510867,0.004265074583116948,-0.031472534071728196,-0.010282468841293538
resnet,bandpass,10,all,noisy_minus_clean,electrode,macro_ap,29,0.7736424204502189,0.7909168445498038,-0.017274424099584906,3,-0.020877501456510867,0.004265074583116948,-0.031472534071728196,-0.010282468841293538
resnet,bandpass,10,all,noisy_minus_clean,electrode,macro_ap,43,0.7668000613370188,0.7865714845148342,-0.019771423177815328,3,-0.020877501456510867,0.004265074583116948,-0.031472534071728196,-0.010282468841293538
resnet,bandpass,10,all,noisy_minus_clean,electrode,macro_f1,17,0.678872199936274,0.7118815125857424,-0.03300931264946838,3,-0.026909053020870433,0.00817374648036536,-0.04721376489878093,-0.006604341142959939
resnet,bandpass,10,all,noisy_minus_clean,electrode,macro_f1,29,0.6921622252328743,0.7222581554037724,-0.030095930170898066,3,-0.026909053020870433,0.00817374648036536,-0.04721376489878093,-0.006604341142959939
resnet,bandpass,10,all,noisy_minus_clean,electrode,macro_f1,43,0.70144590734555,0.7190678235877949,-0.01762191624224485,3,-0.026909053020870433,0.00817374648036536,-0.04721376489878093,-0.006604341142959939
resnet,bandpass,10,all,noisy_minus_clean,independent,macro_auroc,17,0.8949923543495071,0.9068922993183458,-0.011899944968838727,3,-0.008503540951519764,0.003075079730894331,-0.016142462477578765,-0.0008646194254607652
resnet,bandpass,10,all,noisy_minus_clean,independent,macro_auroc,29,0.900209013810256,0.907911261424449,-0.007702247614193025,3,-0.008503540951519764,0.003075079730894331,-0.016142462477578765,-0.0008646194254607652
resnet,bandpass,10,all,noisy_minus_clean,independent,macro_auroc,43,0.9027920742517852,0.9087005045233127,-0.005908430271527543,3,-0.008503540951519764,0.003075079730894331,-0.016142462477578765,-0.0008646194254607652
resnet,bandpass,10,all,noisy_minus_clean,independent,macro_ap,17,0.759740872033209,0.7807184945903615,-0.02097762255715252,3,-0.01562261057746539,0.004641843755086373,-0.027153589701385317,-0.004091631453545463
resnet,bandpass,10,all,noisy_minus_clean,independent,macro_ap,29,0.7777727463198467,0.7909168445498038,-0.013144098229957102,3,-0.01562261057746539,0.004641843755086373,-0.027153589701385317,-0.004091631453545463
resnet,bandpass,10,all,noisy_minus_clean,independent,macro_ap,43,0.7738253735695476,0.7865714845148342,-0.012746110945286548,3,-0.01562261057746539,0.004641843755086373,-0.027153589701385317,-0.004091631453545463
resnet,bandpass,10,all,noisy_minus_clean,independent,macro_f1,17,0.6886379233531563,0.7118815125857424,-0.02324358923258607,3,-0.020933795682268497,0.006576629619609784,-0.03727104933635293,-0.004596542028184061
resnet,bandpass,10,all,noisy_minus_clean,independent,macro_f1,29,0.6962142187896961,0.7222581554037724,-0.026043936614076224,3,-0.020933795682268497,0.006576629619609784,-0.03727104933635293,-0.004596542028184061
resnet,bandpass,10,all,noisy_minus_clean,independent,macro_f1,43,0.7055539623876517,0.7190678235877949,-0.013513861200143196,3,-0.020933795682268497,0.006576629619609784,-0.03727104933635293,-0.004596542028184061
resnet,bandpass,10,all,noisy_minus_clean,independent_rms,macro_auroc,17,0.8946569626020338,0.9068922993183458,-0.01223533671631205,3,-0.00874405584653267,0.003181638905434131,-0.01664768503659569,-0.0008404266564696478
resnet,bandpass,10,all,noisy_minus_clean,independent_rms,macro_auroc,29,0.8999223690868726,0.907911261424449,-0.007988892337576381,3,-0.00874405584653267,0.003181638905434131,-0.01664768503659569,-0.0008404266564696478
resnet,bandpass,10,all,noisy_minus_clean,independent_rms,macro_auroc,43,0.9026925660376032,0.9087005045233127,-0.006007938485709574,3,-0.00874405584653267,0.003181638905434131,-0.01664768503659569,-0.0008404266564696478
resnet,bandpass,10,all,noisy_minus_clean,independent_rms,macro_ap,17,0.7590269056913963,0.7807184945903615,-0.021691588898965164,3,-0.016041514579485733,0.004899979975207467,-0.028213739622569206,-0.003869289536402259
resnet,bandpass,10,all,noisy_minus_clean,independent_rms,macro_ap,29,0.7774409468230202,0.7909168445498038,-0.013475897726783592,3,-0.016041514579485733,0.004899979975207467,-0.028213739622569206,-0.003869289536402259
resnet,bandpass,10,all,noisy_minus_clean,independent_rms,macro_ap,43,0.7736144274021257,0.7865714845148342,-0.012957057112708448,3,-0.016041514579485733,0.004899979975207467,-0.028213739622569206,-0.003869289536402259
resnet,bandpass,10,all,noisy_minus_clean,independent_rms,macro_f1,17,0.688281085910487,0.7118815125857424,-0.023600426675255415,3,-0.02162800734023788,0.006633627443462176,-0.03810685143803999,-0.005149163242435771
resnet,bandpass,10,all,noisy_minus_clean,independent_rms,macro_f1,29,0.6952064291406617,0.7222581554037724,-0.027051726263110698,3,-0.02162800734023788,0.006633627443462176,-0.03810685143803999,-0.005149163242435771
resnet,bandpass,10,all,noisy_minus_clean,independent_rms,macro_f1,43,0.7048359545054473,0.7190678235877949,-0.014231869082347526,3,-0.02162800734023788,0.006633627443462176,-0.03810685143803999,-0.005149163242435771
resnet,bandpass,20,all,electrode_minus_independent_rms,all,macro_auroc,17,0.9049050830317008,0.905541899397733,-0.000636816366032189,3,-0.0005266910744130548,0.0002398623975571603,-0.001122542301808263,6.916015298215328e-05
resnet,bandpass,20,all,electrode_minus_independent_rms,all,macro_auroc,29,0.9068731643539476,0.90712470578868,-0.000251541434732383,3,-0.0005266910744130548,0.0002398623975571603,-0.001122542301808263,6.916015298215328e-05
resnet,bandpass,20,all,electrode_minus_independent_rms,all,macro_auroc,43,0.907388495592029,0.9080802110145036,-0.0006917154224745925,3,-0.0005266910744130548,0.0002398623975571603,-0.001122542301808263,6.916015298215328e-05
resnet,bandpass,20,all,electrode_minus_independent_rms,all,macro_ap,17,0.77772439013408,0.7783441566890821,-0.0006197665550020659,3,-0.0007997378522363041,0.000224967681747855,-0.0013585885543842715,-0.00024088715008833657
resnet,bandpass,20,all,electrode_minus_independent_rms,all,macro_ap,29,0.7887494626298457,0.7898014150028516,-0.0010519523730059266,3,-0.0007997378522363041,0.000224967681747855,-0.0013585885543842715,-0.00024088715008833657
resnet,bandpass,20,all,electrode_minus_independent_rms,all,macro_ap,43,0.7840611183580465,0.7847886129867474,-0.0007274946287009199,3,-0.0007997378522363041,0.000224967681747855,-0.0013585885543842715,-0.00024088715008833657
resnet,bandpass,20,all,electrode_minus_independent_rms,all,macro_f1,17,0.7067570278345456,0.7094083141392437,-0.0026512863046980195,3,-0.0008983865702348511,0.003185467742217165,-0.008811527118142627,0.007014753977672925
resnet,bandpass,20,all,electrode_minus_independent_rms,all,macro_f1,29,0.7200519710976468,0.7172734236233345,0.0027785474743123872,3,-0.0008983865702348511,0.003185467742217165,-0.008811527118142627,0.007014753977672925
resnet,bandpass,20,all,electrode_minus_independent_rms,all,macro_f1,43,0.7201328056044618,0.7229552264847807,-0.002822420880318921,3,-0.0008983865702348511,0.003185467742217165,-0.008811527118142627,0.007014753977672925
resnet,bandpass,20,all,electrode_minus_independent,all,macro_auroc,17,0.9049050830317008,0.9055778259657922,-0.0006727429340913638,3,-0.000567271778402767,0.00022250205506714295,-0.0011199975243301559,-1.454603247537812e-05
resnet,bandpass,20,all,electrode_minus_independent,all,macro_auroc,29,0.9068731643539476,0.9071848113211856,-0.00031164696723795515,3,-0.000567271778402767,0.00022250205506714295,-0.0011199975243301559,-1.454603247537812e-05
resnet,bandpass,20,all,electrode_minus_independent,all,macro_auroc,43,0.907388495592029,0.908105921025908,-0.0007174254338789821,3,-0.000567271778402767,0.00022250205506714295,-0.0011199975243301559,-1.454603247537812e-05
resnet,bandpass,20,all,electrode_minus_independent,all,macro_ap,17,0.77772439013408,0.7784388026519299,-0.0007144125178498717,3,-0.0009030775841436892,0.000214658573727402,-0.0014363190422838588,-0.0003698361260035195
resnet,bandpass,20,all,electrode_minus_independent,all,macro_ap,29,0.7887494626298457,0.7898860935172999,-0.001136630887454193,3,-0.0009030775841436892,0.000214658573727402,-0.0014363190422838588,-0.0003698361260035195
resnet,bandpass,20,all,electrode_minus_independent,all,macro_ap,43,0.7840611183580465,0.7849193077051735,-0.000858189347127003,3,-0.0009030775841436892,0.000214658573727402,-0.0014363190422838588,-0.0003698361260035195
resnet,bandpass,20,all,electrode_minus_independent,all,macro_f1,17,0.7067570278345456,0.7089887560433,-0.002231728208754391,3,-0.001088577419037895,0.0031318294888773314,-0.008868473159033424,0.006691318320957634
resnet,bandpass,20,all,electrode_minus_independent,all,macro_f1,29,0.7200519710976468,0.7175977342133273,0.0024542368843195606,3,-0.001088577419037895,0.0031318294888773314,-0.008868473159033424,0.006691318320957634
resnet,bandpass,20,all,electrode_minus_independent,all,macro_f1,43,0.7201328056044618,0.7236210465371407,-0.0034882409326788544,3,-0.001088577419037895,0.0031318294888773314,-0.008868473159033424,0.006691318320957634
resnet,bandpass,20,all,covariance_minus_electrode,all,macro_auroc,17,0.905441048224266,0.9049050830317008,0.0005359651925651576,3,0.00039530899157017946,0.0001714954741991018,-3.070938327703567e-05,0.0008213273664173946
resnet,bandpass,20,all,covariance_minus_electrode,all,macro_auroc,29,0.9070774283343904,0.9068731643539476,0.00020426398044282035,3,0.00039530899157017946,0.0001714954741991018,-3.070938327703567e-05,0.0008213273664173946
resnet,bandpass,20,all,covariance_minus_electrode,all,macro_auroc,43,0.9078341933937316,0.907388495592029,0.00044569780170256035,3,0.00039530899157017946,0.0001714954741991018,-3.070938327703567e-05,0.0008213273664173946
resnet,bandpass,20,all,covariance_minus_electrode,all,macro_ap,17,0.779444338463051,0.77772439013408,0.0017199483289709327,3,0.0012819788671020553,0.00040522677291765676,0.00027533975869889135,0.0022886179755052193
resnet,bandpass,20,all,covariance_minus_electrode,all,macro_ap,29,0.7896698180603897,0.7887494626298457,0.0009203554305440287,3,0.0012819788671020553,0.00040522677291765676,0.00027533975869889135,0.0022886179755052193
resnet,bandpass,20,all,covariance_minus_electrode,all,macro_ap,43,0.7852667511998377,0.7840611183580465,0.0012056328417912043,3,0.0012819788671020553,0.00040522677291765676,0.00027533975869889135,0.0022886179755052193
resnet,bandpass,20,all,covariance_minus_electrode,all,macro_f1,17,0.7125147254996567,0.7067570278345456,0.005757697665111028,3,0.001619635786988094,0.004359659625697346,-0.009210359099467802,0.01244963067344399
resnet,bandpass,20,all,covariance_minus_electrode,all,macro_f1,29,0.7171198425785856,0.7200519710976468,-0.0029321285190612167,3,0.001619635786988094,0.004359659625697346,-0.009210359099467802,0.01244963067344399
resnet,bandpass,20,all,covariance_minus_electrode,all,macro_f1,43,0.7221661438193763,0.7201328056044618,0.0020333382149144708,3,0.001619635786988094,0.004359659625697346,-0.009210359099467802,0.01244963067344399
resnet,bandpass,20,all,noisy_minus_clean,covariance,macro_auroc,17,0.905441048224266,0.9068922993183458,-0.0014512510940798418,3,-0.0010504651045731839,0.00034747052076605046,-0.0019136297289189595,-0.00018730048022740835
resnet,bandpass,20,all,noisy_minus_clean,covariance,macro_auroc,29,0.9070774283343904,0.907911261424449,-0.0008338330900585778,3,-0.0010504651045731839,0.00034747052076605046,-0.0019136297289189595,-0.00018730048022740835
resnet,bandpass,20,all,noisy_minus_clean,covariance,macro_auroc,43,0.9078341933937316,0.9087005045233127,-0.0008663111295811321,3,-0.0010504651045731839,0.00034747052076605046,-0.0019136297289189595,-0.00018730048022740835
resnet,bandpass,20,all,noisy_minus_clean,covariance,macro_ap,17,0.779444338463051,0.7807184945903615,-0.0012741561273105217,3,-0.0012753053105737007,2.8870571458282977e-05,-0.0013470237858921154,-0.001203586835255286
resnet,bandpass,20,all,noisy_minus_clean,covariance,macro_ap,29,0.7896698180603897,0.7909168445498038,-0.0012470264894141048,3,-0.0012753053105737007,2.8870571458282977e-05,-0.0013470237858921154,-0.001203586835255286
resnet,bandpass,20,all,noisy_minus_clean,covariance,macro_ap,43,0.7852667511998377,0.7865714845148342,-0.0013047333149964757,3,-0.0012753053105737007,2.8870571458282977e-05,-0.0013470237858921154,-0.001203586835255286
resnet,bandpass,20,all,noisy_minus_clean,covariance,macro_f1,17,0.7125147254996567,0.7118815125857424,0.0006332129139142717,3,-0.00046892655989701676,0.004227477332022158,-0.010970562425812793,0.010032709306018758
resnet,bandpass,20,all,noisy_minus_clean,covariance,macro_f1,29,0.7171198425785856,0.7222581554037724,-0.0051383128251867305,3,-0.00046892655989701676,0.004227477332022158,-0.010970562425812793,0.010032709306018758
resnet,bandpass,20,all,noisy_minus_clean,covariance,macro_f1,43,0.7221661438193763,0.7190678235877949,0.0030983202315814085,3,-0.00046892655989701676,0.004227477332022158,-0.010970562425812793,0.010032709306018758
resnet,bandpass,20,all,noisy_minus_clean,electrode,macro_auroc,17,0.9049050830317008,0.9068922993183458,-0.0019872162866449994,3,-0.0014457740961433634,0.0004884942795066409,-0.002659261157825079,-0.00023228703446164802
resnet,bandpass,20,all,noisy_minus_clean,electrode,macro_auroc,29,0.9068731643539476,0.907911261424449,-0.001038097070501398,3,-0.0014457740961433634,0.0004884942795066409,-0.002659261157825079,-0.00023228703446164802
resnet,bandpass,20,all,noisy_minus_clean,electrode,macro_auroc,43,0.907388495592029,0.9087005045233127,-0.0013120089312836924,3,-0.0014457740961433634,0.0004884942795066409,-0.002659261157825079,-0.00023228703446164802
resnet,bandpass,20,all,noisy_minus_clean,electrode,macro_ap,17,0.77772439013408,0.7807184945903615,-0.0029941044562814545,3,-0.002557284177675756,0.0004153534802180628,-0.003589079421579404,-0.001525488933772108
resnet,bandpass,20,all,noisy_minus_clean,electrode,macro_ap,29,0.7887494626298457,0.7909168445498038,-0.0021673819199581335,3,-0.002557284177675756,0.0004153534802180628,-0.003589079421579404,-0.001525488933772108
resnet,bandpass,20,all,noisy_minus_clean,electrode,macro_ap,43,0.7840611183580465,0.7865714845148342,-0.00251036615678768,3,-0.002557284177675756,0.0004153534802180628,-0.003589079421579404,-0.001525488933772108
resnet,bandpass,20,all,noisy_minus_clean,electrode,macro_f1,17,0.7067570278345456,0.7118815125857424,-0.005124484751196756,3,-0.002088562346885111,0.0030964093578843745,-0.00978046960372699,0.005603344909956768
resnet,bandpass,20,all,noisy_minus_clean,electrode,macro_f1,29,0.7200519710976468,0.7222581554037724,-0.0022061843061255137,3,-0.002088562346885111,0.0030964093578843745,-0.00978046960372699,0.005603344909956768
resnet,bandpass,20,all,noisy_minus_clean,electrode,macro_f1,43,0.7201328056044618,0.7190678235877949,0.0010649820166669377,3,-0.002088562346885111,0.0030964093578843745,-0.00978046960372699,0.005603344909956768
resnet,bandpass,20,all,noisy_minus_clean,independent,macro_auroc,17,0.9055778259657922,0.9068922993183458,-0.0013144733525536356,3,-0.0008785023177405963,0.0003832756942882497,-0.001830611923907529,7.360728842633647e-05
resnet,bandpass,20,all,noisy_minus_clean,independent,macro_auroc,29,0.9071848113211856,0.907911261424449,-0.000726450103263443,3,-0.0008785023177405963,0.0003832756942882497,-0.001830611923907529,7.360728842633647e-05
resnet,bandpass,20,all,noisy_minus_clean,independent,macro_auroc,43,0.908105921025908,0.9087005045233127,-0.0005945834974047104,3,-0.0008785023177405963,0.0003832756942882497,-0.001830611923907529,7.360728842633647e-05
resnet,bandpass,20,all,noisy_minus_clean,independent,macro_ap,17,0.7784388026519299,0.7807184945903615,-0.002279691938431583,3,-0.0016542065935320667,0.0006244729270687108,-0.003205483341611341,-0.0001029298454527925
resnet,bandpass,20,all,noisy_minus_clean,independent,macro_ap,29,0.7898860935172999,0.7909168445498038,-0.0010307510325039404,3,-0.0016542065935320667,0.0006244729270687108,-0.003205483341611341,-0.0001029298454527925
resnet,bandpass,20,all,noisy_minus_clean,independent,macro_ap,43,0.7849193077051735,0.7865714845148342,-0.001652176809660677,3,-0.0016542065935320667,0.0006244729270687108,-0.003205483341611341,-0.0001029298454527925
resnet,bandpass,20,all,noisy_minus_clean,independent,macro_f1,17,0.7089887560433,0.7118815125857424,-0.002892756542442365,3,-0.0009999849278472157,0.004889759490244739,-0.013146820878802715,0.011146851023108282
resnet,bandpass,20,all,noisy_minus_clean,independent,macro_f1,29,0.7175977342133273,0.7222581554037724,-0.004660421190445074,3,-0.0009999849278472157,0.004889759490244739,-0.013146820878802715,0.011146851023108282
resnet,bandpass,20,all,noisy_minus_clean,independent,macro_f1,43,0.7236210465371407,0.7190678235877949,0.004553222949345792,3,-0.0009999849278472157,0.004889759490244739,-0.013146820878802715,0.011146851023108282
resnet,bandpass,20,all,noisy_minus_clean,independent_rms,macro_auroc,17,0.905541899397733,0.9068922993183458,-0.0013503999206128103,3,-0.0009190830217303084,0.0003826701897999405,-0.001869688471363217,3.1522427902600045e-05
resnet,bandpass,20,all,noisy_minus_clean,independent_rms,macro_auroc,29,0.90712470578868,0.907911261424449,-0.0007865556357690151,3,-0.0009190830217303084,0.0003826701897999405,-0.001869688471363217,3.1522427902600045e-05
resnet,bandpass,20,all,noisy_minus_clean,independent_rms,macro_auroc,43,0.9080802110145036,0.9087005045233127,-0.0006202935088091,3,-0.0009190830217303084,0.0003826701897999405,-0.001869688471363217,3.1522427902600045e-05
resnet,bandpass,20,all,noisy_minus_clean,independent_rms,macro_ap,17,0.7783441566890821,0.7807184945903615,-0.0023743379012793886,3,-0.0017575463254394519,0.0006298361577152734,-0.003322146077024502,-0.00019294657385440176
resnet,bandpass,20,all,noisy_minus_clean,independent_rms,macro_ap,29,0.7898014150028516,0.7909168445498038,-0.0011154295469522069,3,-0.0017575463254394519,0.0006298361577152734,-0.003322146077024502,-0.00019294657385440176
resnet,bandpass,20,all,noisy_minus_clean,independent_rms,macro_ap,43,0.7847886129867474,0.7865714845148342,-0.0017828715280867602,3,-0.0017575463254394519,0.0006298361577152734,-0.003322146077024502,-0.00019294657385440176
resnet,bandpass,20,all,noisy_minus_clean,independent_rms,macro_f1,17,0.7094083141392437,0.7118815125857424,-0.0024731984464987367,3,-0.0011901757766502596,0.004573106582192803,-0.012550402297188283,0.010170050743887764
resnet,bandpass,20,all,noisy_minus_clean,independent_rms,macro_f1,29,0.7172734236233345,0.7222581554037724,-0.004984731780437901,3,-0.0011901757766502596,0.004573106582192803,-0.012550402297188283,0.010170050743887764
resnet,bandpass,20,all,noisy_minus_clean,independent_rms,macro_f1,43,0.7229552264847807,0.7190678235877949,0.0038874028969858587,3,-0.0011901757766502596,0.004573106582192803,-0.012550402297188283,0.010170050743887764
resnet,bw,0,all,electrode_minus_independent_rms,all,macro_auroc,17,0.8820761205148727,0.8815588269890272,0.000517293525845508,3,-0.0008572310621646947,0.0018352875427447362,-0.005416338058945991,0.003701875934616602
resnet,bw,0,all,electrode_minus_independent_rms,all,macro_auroc,29,0.8864724455743312,0.8894138254621387,-0.002941379887807405,3,-0.0008572310621646947,0.0018352875427447362,-0.005416338058945991,0.003701875934616602
resnet,bw,0,all,electrode_minus_independent_rms,all,macro_auroc,43,0.8827772634893656,0.8829248703138978,-0.0001476068245321871,3,-0.0008572310621646947,0.0018352875427447362,-0.005416338058945991,0.003701875934616602
resnet,bw,0,all,electrode_minus_independent_rms,all,macro_ap,17,0.7427041647810697,0.7444774217788244,-0.0017732569977546575,3,-0.0033613678574031525,0.005060707647370936,-0.015932862572224794,0.00921012685741849
resnet,bw,0,all,electrode_minus_independent_rms,all,macro_ap,29,0.7513855971989041,0.7604112555744263,-0.009025658375522272,3,-0.0033613678574031525,0.005060707647370936,-0.015932862572224794,0.00921012685741849
resnet,bw,0,all,electrode_minus_independent_rms,all,macro_ap,43,0.7457803817474967,0.7450655699464293,0.000714811801067472,3,-0.0033613678574031525,0.005060707647370936,-0.015932862572224794,0.00921012685741849
resnet,bw,0,all,electrode_minus_independent_rms,all,macro_f1,17,0.6717226272755432,0.6553476185622287,0.016375008713314543,3,0.005778984634102868,0.009262656647642867,-0.017230730055016522,0.02878869932322226
resnet,bw,0,all,electrode_minus_independent_rms,all,macro_f1,29,0.6837490484275053,0.6820071184758001,0.00174192995170519,3,0.005778984634102868,0.009262656647642867,-0.017230730055016522,0.02878869932322226
resnet,bw,0,all,electrode_minus_independent_rms,all,macro_f1,43,0.6768041647184196,0.6775841494811308,-0.0007799847627111278,3,0.005778984634102868,0.009262656647642867,-0.017230730055016522,0.02878869932322226
resnet,bw,0,all,electrode_minus_independent,all,macro_auroc,17,0.8820761205148727,0.8811242429309696,0.0009518775839031379,3,-0.00029191340558609724,0.0012838287883318697,-0.0034811209140725055,0.002897294102900311
resnet,bw,0,all,electrode_minus_independent,all,macro_auroc,29,0.8864724455743312,0.8880847917597074,-0.0016123461853762011,3,-0.00029191340558609724,0.0012838287883318697,-0.0034811209140725055,0.002897294102900311
resnet,bw,0,all,electrode_minus_independent,all,macro_auroc,43,0.8827772634893656,0.8829925351046508,-0.00021527161528522853,3,-0.00029191340558609724,0.0012838287883318697,-0.0034811209140725055,0.002897294102900311
resnet,bw,0,all,electrode_minus_independent,all,macro_ap,17,0.7427041647810697,0.7400416562465068,0.0026625085345629573,3,-0.00240833934830631,0.005097691462696668,-0.015071706953501874,0.010255028256889254
resnet,bw,0,all,electrode_minus_independent,all,macro_ap,29,0.7513855971989041,0.7589180540897594,-0.007532456890855355,3,-0.00240833934830631,0.005097691462696668,-0.015071706953501874,0.010255028256889254
resnet,bw,0,all,electrode_minus_independent,all,macro_ap,43,0.7457803817474967,0.7481354514361233,-0.002355069688626532,3,-0.00240833934830631,0.005097691462696668,-0.015071706953501874,0.010255028256889254
resnet,bw,0,all,electrode_minus_independent,all,macro_f1,17,0.6717226272755432,0.6580091827253451,0.013713444550198073,3,0.001646495063562477,0.01045480994029068,-0.024324692577973973,0.027617682705098925
resnet,bw,0,all,electrode_minus_independent,all,macro_f1,29,0.6837490484275053,0.6884435967221085,-0.004694548294603251,3,0.001646495063562477,0.01045480994029068,-0.024324692577973973,0.027617682705098925
resnet,bw,0,all,electrode_minus_independent,all,macro_f1,43,0.6768041647184196,0.680883575783327,-0.00407941106490739,3,0.001646495063562477,0.01045480994029068,-0.024324692577973973,0.027617682705098925
resnet,bw,0,all,covariance_minus_electrode,all,macro_auroc,17,0.881758234257792,0.8820761205148727,-0.00031788625708073504,3,0.0004499473604520447,0.0010371870920297698,-0.002126568208967838,0.003026462929871927
resnet,bw,0,all,covariance_minus_electrode,all,macro_auroc,29,0.8881022875797443,0.8864724455743312,0.0016298420054130514,3,0.0004499473604520447,0.0010371870920297698,-0.002126568208967838,0.003026462929871927
resnet,bw,0,all,covariance_minus_electrode,all,macro_auroc,43,0.8828151498223894,0.8827772634893656,3.788633302381772e-05,3,0.0004499473604520447,0.0010371870920297698,-0.002126568208967838,0.003026462929871927
resnet,bw,0,all,covariance_minus_electrode,all,macro_ap,17,0.7433912062339455,0.7427041647810697,0.0006870414528757918,3,0.0036698660930401714,0.0037382250817696886,-0.005616399807479794,0.012956131993560138
resnet,bw,0,all,covariance_minus_electrode,all,macro_ap,29,0.7592489849059842,0.7513855971989041,0.007863387707080172,3,0.0036698660930401714,0.0037382250817696886,-0.005616399807479794,0.012956131993560138
resnet,bw,0,all,covariance_minus_electrode,all,macro_ap,43,0.7482395508666613,0.7457803817474967,0.0024591691191645504,3,0.0036698660930401714,0.0037382250817696886,-0.005616399807479794,0.012956131993560138
resnet,bw,0,all,covariance_minus_electrode,all,macro_f1,17,0.6741745860584961,0.6717226272755432,0.002451958782952901,3,0.002345645325611471,0.0007186783059570737,0.0005603494431887862,0.004130941208034156
resnet,bw,0,all,covariance_minus_electrode,all,macro_f1,29,0.6853287806887713,0.6837490484275053,0.0015797322612660647,3,0.002345645325611471,0.0007186783059570737,0.0005603494431887862,0.004130941208034156
resnet,bw,0,all,covariance_minus_electrode,all,macro_f1,43,0.6798094096510351,0.6768041647184196,0.0030052449326154473,3,0.002345645325611471,0.0007186783059570737,0.0005603494431887862,0.004130941208034156
resnet,bw,0,all,noisy_minus_clean,covariance,macro_auroc,17,0.881758234257792,0.9068922993183458,-0.025134065060553823,3,-0.02360946453539396,0.003312688658543602,-0.031838639359267756,-0.015380289711520164
resnet,bw,0,all,noisy_minus_clean,covariance,macro_auroc,29,0.8881022875797443,0.907911261424449,-0.019808973844704703,3,-0.02360946453539396,0.003312688658543602,-0.031838639359267756,-0.015380289711520164
resnet,bw,0,all,noisy_minus_clean,covariance,macro_auroc,43,0.8828151498223894,0.9087005045233127,-0.025885354700923346,3,-0.02360946453539396,0.003312688658543602,-0.031838639359267756,-0.015380289711520164
resnet,bw,0,all,noisy_minus_clean,covariance,macro_ap,17,0.7433912062339455,0.7807184945903615,-0.037327288356415966,3,-0.03577569388280281,0.00359277812309424,-0.04470064950822218,-0.026850738257383436
resnet,bw,0,all,noisy_minus_clean,covariance,macro_ap,29,0.7592489849059842,0.7909168445498038,-0.031667859643819574,3,-0.03577569388280281,0.00359277812309424,-0.04470064950822218,-0.026850738257383436
resnet,bw,0,all,noisy_minus_clean,covariance,macro_ap,43,0.7482395508666613,0.7865714845148342,-0.03833193364817289,3,-0.03577569388280281,0.00359277812309424,-0.04470064950822218,-0.026850738257383436
resnet,bw,0,all,noisy_minus_clean,covariance,macro_f1,17,0.6741745860584961,0.7118815125857424,-0.037706926527246276,3,-0.03796490505966902,0.0011857574020498049,-0.040910489739051537,-0.0350193203802865
resnet,bw,0,all,noisy_minus_clean,covariance,macro_f1,29,0.6853287806887713,0.7222581554037724,-0.03692937471500102,3,-0.03796490505966902,0.0011857574020498049,-0.040910489739051537,-0.0350193203802865
resnet,bw,0,all,noisy_minus_clean,covariance,macro_f1,43,0.6798094096510351,0.7190678235877949,-0.03925841393675977,3,-0.03796490505966902,0.0011857574020498049,-0.040910489739051537,-0.0350193203802865
resnet,bw,0,all,noisy_minus_clean,electrode,macro_auroc,17,0.8820761205148727,0.9068922993183458,-0.024816178803473088,3,-0.024059411895846,0.002336030697936236,-0.029862433848323936,-0.018256389943368066
resnet,bw,0,all,noisy_minus_clean,electrode,macro_auroc,29,0.8864724455743312,0.907911261424449,-0.021438815850117754,3,-0.024059411895846,0.002336030697936236,-0.029862433848323936,-0.018256389943368066
resnet,bw,0,all,noisy_minus_clean,electrode,macro_auroc,43,0.8827772634893656,0.9087005045233127,-0.025923241033947164,3,-0.024059411895846,0.002336030697936236,-0.029862433848323936,-0.018256389943368066
resnet,bw,0,all,noisy_minus_clean,electrode,macro_ap,17,0.7427041647810697,0.7807184945903615,-0.03801432980929176,3,-0.03944555997584298,0.0013903682101574855,-0.0428994260798712,-0.035991693871814764
resnet,bw,0,all,noisy_minus_clean,electrode,macro_ap,29,0.7513855971989041,0.7909168445498038,-0.039531247350899745,3,-0.03944555997584298,0.0013903682101574855,-0.0428994260798712,-0.035991693871814764
resnet,bw,0,all,noisy_minus_clean,electrode,macro_ap,43,0.7457803817474967,0.7865714845148342,-0.04079110276733744,3,-0.03944555997584298,0.0013903682101574855,-0.0428994260798712,-0.035991693871814764
resnet,bw,0,all,noisy_minus_clean,electrode,macro_f1,17,0.6717226272755432,0.7118815125857424,-0.04015888531019918,3,-0.040310550385280496,0.001881865218542508,-0.04498536274303529,-0.035635738027525704
resnet,bw,0,all,noisy_minus_clean,electrode,macro_f1,29,0.6837490484275053,0.7222581554037724,-0.03850910697626708,3,-0.040310550385280496,0.001881865218542508,-0.04498536274303529,-0.035635738027525704
resnet,bw,0,all,noisy_minus_clean,electrode,macro_f1,43,0.6768041647184196,0.7190678235877949,-0.04226365886937522,3,-0.040310550385280496,0.001881865218542508,-0.04498536274303529,-0.035635738027525704
resnet,bw,0,all,noisy_minus_clean,independent,macro_auroc,17,0.8811242429309696,0.9068922993183458,-0.025768056387376226,3,-0.023767498490259904,0.0034131633074945653,-0.03224626617866457,-0.015288730801855237
resnet,bw,0,all,noisy_minus_clean,independent,macro_auroc,29,0.8880847917597074,0.907911261424449,-0.019826469664741553,3,-0.023767498490259904,0.0034131633074945653,-0.03224626617866457,-0.015288730801855237
resnet,bw,0,all,noisy_minus_clean,independent,macro_auroc,43,0.8829925351046508,0.9087005045233127,-0.025707969418661936,3,-0.023767498490259904,0.0034131633074945653,-0.03224626617866457,-0.015288730801855237
resnet,bw,0,all,noisy_minus_clean,independent,macro_ap,17,0.7400416562465068,0.7807184945903615,-0.040676838343854715,3,-0.03703722062753667,0.004504956822611763,-0.04822815376025481,-0.02584628749481853
resnet,bw,0,all,noisy_minus_clean,independent,macro_ap,29,0.7589180540897594,0.7909168445498038,-0.03199879046004439,3,-0.03703722062753667,0.004504956822611763,-0.04822815376025481,-0.02584628749481853
resnet,bw,0,all,noisy_minus_clean,independent,macro_ap,43,0.7481354514361233,0.7865714845148342,-0.03843603307871091,3,-0.03703722062753667,0.004504956822611763,-0.04822815376025481,-0.02584628749481853
resnet,bw,0,all,noisy_minus_clean,independent,macro_f1,17,0.6580091827253451,0.7118815125857424,-0.05387232986039725,3,-0.04195704544884297,0.010547703433148812,-0.06815899331916166,-0.015755097578524283
resnet,bw,0,all,noisy_minus_clean,independent,macro_f1,29,0.6884435967221085,0.7222581554037724,-0.03381455868166383,3,-0.04195704544884297,0.010547703433148812,-0.06815899331916166,-0.015755097578524283
resnet,bw,0,all,noisy_minus_clean,independent,macro_f1,43,0.680883575783327,0.7190678235877949,-0.03818424780446783,3,-0.04195704544884297,0.010547703433148812,-0.06815899331916166,-0.015755097578524283
resnet,bw,0,all,noisy_minus_clean,independent_rms,macro_auroc,17,0.8815588269890272,0.9068922993183458,-0.025333472329318596,3,-0.023202180833681307,0.004080422160827369,-0.03333851140312873,-0.013065850264233883
resnet,bw,0,all,noisy_minus_clean,independent_rms,macro_auroc,29,0.8894138254621387,0.907911261424449,-0.01849743596231035,3,-0.023202180833681307,0.004080422160827369,-0.03333851140312873,-0.013065850264233883
resnet,bw,0,all,noisy_minus_clean,independent_rms,macro_auroc,43,0.8829248703138978,0.9087005045233127,-0.025775634209414977,3,-0.023202180833681307,0.004080422160827369,-0.03333851140312873,-0.013065850264233883
resnet,bw,0,all,noisy_minus_clean,independent_rms,macro_ap,17,0.7444774217788244,0.7807184945903615,-0.0362410728115371,3,-0.03608419211843983,0.005501840551311318,-0.04975152171582013,-0.022416862521059528
resnet,bw,0,all,noisy_minus_clean,independent_rms,macro_ap,29,0.7604112555744263,0.7909168445498038,-0.030505588975377473,3,-0.03608419211843983,0.005501840551311318,-0.04975152171582013,-0.022416862521059528
resnet,bw,0,all,noisy_minus_clean,independent_rms,macro_ap,43,0.7450655699464293,0.7865714845148342,-0.04150591456840491,3,-0.03608419211843983,0.005501840551311318,-0.04975152171582013,-0.022416862521059528
resnet,bw,0,all,noisy_minus_clean,independent_rms,macro_f1,17,0.6553476185622287,0.7118815125857424,-0.05653389402351372,3,-0.046089535019383364,0.009066053433492574,-0.06861086024998674,-0.02356820978877999
resnet,bw,0,all,noisy_minus_clean,independent_rms,macro_f1,29,0.6820071184758001,0.7222581554037724,-0.04025103692797227,3,-0.046089535019383364,0.009066053433492574,-0.06861086024998674,-0.02356820978877999
resnet,bw,0,all,noisy_minus_clean,independent_rms,macro_f1,43,0.6775841494811308,0.7190678235877949,-0.04148367410666409,3,-0.046089535019383364,0.009066053433492574,-0.06861086024998674,-0.02356820978877999
resnet,bw,10,all,electrode_minus_independent_rms,all,macro_auroc,17,0.9044199387535612,0.9038241917816005,0.0005957469719607422,3,4.917842636823858e-05,0.0006814303150282061,-0.0016435883171022586,0.001741945169838736
resnet,bw,10,all,electrode_minus_independent_rms,all,macro_auroc,29,0.9057223682951292,0.9054562758215212,0.0002660924736079817,3,4.917842636823858e-05,0.0006814303150282061,-0.0016435883171022586,0.001741945169838736
resnet,bw,10,all,electrode_minus_independent_rms,all,macro_auroc,43,0.9051249125931444,0.9058392167596084,-0.0007143041664640082,3,4.917842636823858e-05,0.0006814303150282061,-0.0016435883171022586,0.001741945169838736
resnet,bw,10,all,electrode_minus_independent_rms,all,macro_ap,17,0.7777619996856204,0.7767855622734106,0.000976437412209874,3,-0.0008732809497997707,0.0019905873655674568,-0.005818174093078351,0.00407161219347881
resnet,bw,10,all,electrode_minus_independent_rms,all,macro_ap,29,0.7871979987940769,0.7878144686892024,-0.0006164698951254266,3,-0.0008732809497997707,0.0019905873655674568,-0.005818174093078351,0.00407161219347881
resnet,bw,10,all,electrode_minus_independent_rms,all,macro_ap,43,0.7794912164536489,0.7824710268201327,-0.0029798103664837594,3,-0.0008732809497997707,0.0019905873655674568,-0.005818174093078351,0.00407161219347881
resnet,bw,10,all,electrode_minus_independent_rms,all,macro_f1,17,0.7053018339193124,0.7050006201321186,0.0003012137871938325,3,7.011052244813391e-05,0.003779318245661529,-0.009318236456189427,0.009458457501085694
resnet,bw,10,all,electrode_minus_independent_rms,all,macro_f1,29,0.7152965147756621,0.7191159709707128,-0.003819456195050641,3,7.011052244813391e-05,0.003779318245661529,-0.009318236456189427,0.009458457501085694
resnet,bw,10,all,electrode_minus_independent_rms,all,macro_f1,43,0.7160561327056606,0.7123275587304594,0.0037285739752012104,3,7.011052244813391e-05,0.003779318245661529,-0.009318236456189427,0.009458457501085694
resnet,bw,10,all,electrode_minus_independent,all,macro_auroc,17,0.9044199387535612,0.9041007301985042,0.0003192085550569601,3,0.0002939192698408662,0.00012001429461358454,-4.212765354159084e-06,0.0005920513050358914
resnet,bw,10,all,electrode_minus_independent,all,macro_auroc,29,0.9057223682951292,0.905323094642682,0.00039927365244718516,3,0.0002939192698408662,0.00012001429461358454,-4.212765354159084e-06,0.0005920513050358914
resnet,bw,10,all,electrode_minus_independent,all,macro_auroc,43,0.9051249125931444,0.904961636991126,0.00016327560201845337,3,0.0002939192698408662,0.00012001429461358454,-4.212765354159084e-06,0.0005920513050358914
resnet,bw,10,all,electrode_minus_independent,all,macro_ap,17,0.7777619996856204,0.7763655590634577,0.001396440622162709,3,-0.0003583664881761465,0.0021215936459927412,-0.005628697273131283,0.00491196429677899
resnet,bw,10,all,electrode_minus_independent,all,macro_ap,29,0.7871979987940769,0.7869533470722336,0.000244651721843292,3,-0.0003583664881761465,0.0021215936459927412,-0.005628697273131283,0.00491196429677899
resnet,bw,10,all,electrode_minus_independent,all,macro_ap,43,0.7794912164536489,0.7822074082621834,-0.0027161918085344405,3,-0.0003583664881761465,0.0021215936459927412,-0.005628697273131283,0.00491196429677899
resnet,bw,10,all,electrode_minus_independent,all,macro_f1,17,0.7053018339193124,0.7074272953820593,-0.002125461462746836,3,-0.0005146888999580934,0.00391884578477804,-0.010249641500338403,0.009220263700422216
resnet,bw,10,all,electrode_minus_independent,all,macro_f1,29,0.7152965147756621,0.7186679767433118,-0.0033714619676497026,3,-0.0005146888999580934,0.00391884578477804,-0.010249641500338403,0.009220263700422216
resnet,bw,10,all,electrode_minus_independent,all,macro_f1,43,0.7160561327056606,0.7121032759751383,0.003952856730522258,3,-0.0005146888999580934,0.00391884578477804,-0.010249641500338403,0.009220263700422216
resnet,bw,10,all,covariance_minus_electrode,all,macro_auroc,17,0.9050281946274524,0.9044199387535612,0.0006082558738912391,3,0.0007006125546950756,0.0004545689819930451,-0.0004285993960518108,0.001829824505441962
resnet,bw,10,all,covariance_minus_electrode,all,macro_auroc,29,0.9060216822164908,0.9057223682951292,0.0002993139213616214,3,0.0007006125546950756,0.0004545689819930451,-0.0004285993960518108,0.001829824505441962
resnet,bw,10,all,covariance_minus_electrode,all,macro_auroc,43,0.9063191804619768,0.9051249125931444,0.001194267868832366,3,0.0007006125546950756,0.0004545689819930451,-0.0004285993960518108,0.001829824505441962
resnet,bw,10,all,covariance_minus_electrode,all,macro_ap,17,0.777960588590994,0.7777619996856204,0.00019858890537360896,3,0.0026890934070857853,0.002561950208982824,-0.0036751437225962186,0.009053330536767788
resnet,bw,10,all,covariance_minus_electrode,all,macro_ap,29,0.7897497275967329,0.7871979987940769,0.0025517288026559726,3,0.0026890934070857853,0.002561950208982824,-0.0036751437225962186,0.009053330536767788
resnet,bw,10,all,covariance_minus_electrode,all,macro_ap,43,0.7848081789668767,0.7794912164536489,0.005316962513227774,3,0.0026890934070857853,0.002561950208982824,-0.0036751437225962186,0.009053330536767788
resnet,bw,10,all,covariance_minus_electrode,all,macro_f1,17,0.704564018516284,0.7053018339193124,-0.000737815403028419,3,-0.001165812473951311,0.0013705964991587594,-0.004570562925062372,0.00223893797715975
resnet,bw,10,all,covariance_minus_electrode,all,macro_f1,29,0.7152362296826176,0.7152965147756621,-6.028509304456531e-05,3,-0.001165812473951311,0.0013705964991587594,-0.004570562925062372,0.00223893797715975
resnet,bw,10,all,covariance_minus_electrode,all,macro_f1,43,0.7133567957798796,0.7160561327056606,-0.0026993369257809485,3,-0.001165812473951311,0.0013705964991587594,-0.004570562925062372,0.00223893797715975
resnet,bw,10,all,noisy_minus_clean,covariance,macro_auroc,17,0.9050281946274524,0.9068922993183458,-0.0018641046908933756,3,-0.0020450026533958368,0.00029154125751604764,-0.0027692312857135904,-0.0013207740210780833
resnet,bw,10,all,noisy_minus_clean,covariance,macro_auroc,29,0.9060216822164908,0.907911261424449,-0.0018895792079581808,3,-0.0020450026533958368,0.00029154125751604764,-0.0027692312857135904,-0.0013207740210780833
resnet,bw,10,all,noisy_minus_clean,covariance,macro_auroc,43,0.9063191804619768,0.9087005045233127,-0.0023813240613359543,3,-0.0020450026533958368,0.00029154125751604764,-0.0027692312857135904,-0.0013207740210780833
resnet,bw,10,all,noisy_minus_clean,covariance,macro_ap,17,0.777960588590994,0.7807184945903615,-0.002757905999367427,3,-0.0018961095001319335,0.0008036666689238187,-0.0038925281800576183,0.0001003091797937511
resnet,bw,10,all,noisy_minus_clean,covariance,macro_ap,29,0.7897497275967329,0.7909168445498038,-0.0011671169530709236,3,-0.0018961095001319335,0.0008036666689238187,-0.0038925281800576183,0.0001003091797937511
resnet,bw,10,all,noisy_minus_clean,covariance,macro_ap,43,0.7848081789668767,0.7865714845148342,-0.00176330554795745,3,-0.0018961095001319335,0.0008036666689238187,-0.0038925281800576183,0.0001003091797937511
resnet,bw,10,all,noisy_minus_clean,covariance,macro_f1,17,0.704564018516284,0.7118815125857424,-0.0073174940694583634,3,-0.006683482532842788,0.0008550387746501316,-0.00880751659793365,-0.004559448467751926
resnet,bw,10,all,noisy_minus_clean,covariance,macro_f1,29,0.7152362296826176,0.7222581554037724,-0.007021925721154787,3,-0.006683482532842788,0.0008550387746501316,-0.00880751659793365,-0.004559448467751926
resnet,bw,10,all,noisy_minus_clean,covariance,macro_f1,43,0.7133567957798796,0.7190678235877949,-0.005711027807915214,3,-0.006683482532842788,0.0008550387746501316,-0.00880751659793365,-0.004559448467751926
resnet,bw,10,all,noisy_minus_clean,electrode,macro_auroc,17,0.9044199387535612,0.9068922993183458,-0.0024723605647846147,3,-0.0027456152080909124,0.0007326216391392071,-0.004565548250298405,-0.0009256821658834196
resnet,bw,10,all,noisy_minus_clean,electrode,macro_auroc,29,0.9057223682951292,0.907911261424449,-0.002188893129319802,3,-0.0027456152080909124,0.0007326216391392071,-0.004565548250298405,-0.0009256821658834196
resnet,bw,10,all,noisy_minus_clean,electrode,macro_auroc,43,0.9051249125931444,0.9087005045233127,-0.0035755919301683203,3,-0.0027456152080909124,0.0007326216391392071,-0.004565548250298405,-0.0009256821658834196
resnet,bw,10,all,noisy_minus_clean,electrode,macro_ap,17,0.7777619996856204,0.7807184945903615,-0.002956494904741036,3,-0.0045852029072177185,0.002194152979376526,-0.010035781068568745,0.000865375254133308
resnet,bw,10,all,noisy_minus_clean,electrode,macro_ap,29,0.7871979987940769,0.7909168445498038,-0.003718845755726896,3,-0.0045852029072177185,0.002194152979376526,-0.010035781068568745,0.000865375254133308
resnet,bw,10,all,noisy_minus_clean,electrode,macro_ap,43,0.7794912164536489,0.7865714845148342,-0.007080268061185224,3,-0.0045852029072177185,0.002194152979376526,-0.010035781068568745,0.000865375254133308
resnet,bw,10,all,noisy_minus_clean,electrode,macro_f1,17,0.7053018339193124,0.7118815125857424,-0.0065796786664299445,3,-0.005517670058891477,0.0021786285733915787,-0.010929683457883253,-0.0001056566598997017
resnet,bw,10,all,noisy_minus_clean,electrode,macro_f1,29,0.7152965147756621,0.7222581554037724,-0.006961640628110222,3,-0.005517670058891477,0.0021786285733915787,-0.010929683457883253,-0.0001056566598997017
resnet,bw,10,all,noisy_minus_clean,electrode,macro_f1,43,0.7160561327056606,0.7190678235877949,-0.003011690882134266,3,-0.005517670058891477,0.0021786285733915787,-0.010929683457883253,-0.0001056566598997017
resnet,bw,10,all,noisy_minus_clean,independent,macro_auroc,17,0.9041007301985042,0.9068922993183458,-0.002791569119841575,3,-0.0030395344779317788,0.0006141198322508133,-0.004565092712740906,-0.001513976243122652
resnet,bw,10,all,noisy_minus_clean,independent,macro_auroc,29,0.905323094642682,0.907911261424449,-0.0025881667817669873,3,-0.0030395344779317788,0.0006141198322508133,-0.004565092712740906,-0.001513976243122652
resnet,bw,10,all,noisy_minus_clean,independent,macro_auroc,43,0.904961636991126,0.9087005045233127,-0.0037388675321867737,3,-0.0030395344779317788,0.0006141198322508133,-0.004565092712740906,-0.001513976243122652
resnet,bw,10,all,noisy_minus_clean,independent,macro_ap,17,0.7763655590634577,0.7807184945903615,-0.004352935526903745,3,-0.004226836419041573,0.000228126231534198,-0.0047935333938281385,-0.0036601394442550067
resnet,bw,10,all,noisy_minus_clean,independent,macro_ap,29,0.7869533470722336,0.7909168445498038,-0.003963497477570188,3,-0.004226836419041573,0.000228126231534198,-0.0047935333938281385,-0.0036601394442550067
resnet,bw,10,all,noisy_minus_clean,independent,macro_ap,43,0.7822074082621834,0.7865714845148342,-0.004364076252650784,3,-0.004226836419041573,0.000228126231534198,-0.0047935333938281385,-0.0036601394442550067
resnet,bw,10,all,noisy_minus_clean,independent,macro_f1,17,0.7074272953820593,0.7118815125857424,-0.0044542172036831085,3,-0.005002981158933384,0.0017528399428705793,-0.009357276963626524,-0.0006486853542402434
resnet,bw,10,all,noisy_minus_clean,independent,macro_f1,29,0.7186679767433118,0.7222581554037724,-0.003590178660460519,3,-0.005002981158933384,0.0017528399428705793,-0.009357276963626524,-0.0006486853542402434
resnet,bw,10,all,noisy_minus_clean,independent,macro_f1,43,0.7121032759751383,0.7190678235877949,-0.006964547612656524,3,-0.005002981158933384,0.0017528399428705793,-0.009357276963626524,-0.0006486853542402434
resnet,bw,10,all,noisy_minus_clean,independent_rms,macro_auroc,17,0.9038241917816005,0.9068922993183458,-0.003068107536745357,3,-0.002794793634459151,0.000311922631994064,-0.003569652407734423,-0.0020199348611838787
resnet,bw,10,all,noisy_minus_clean,independent_rms,macro_auroc,29,0.9054562758215212,0.907911261424449,-0.002454985602927784,3,-0.002794793634459151,0.000311922631994064,-0.003569652407734423,-0.0020199348611838787
resnet,bw,10,all,noisy_minus_clean,independent_rms,macro_auroc,43,0.9058392167596084,0.9087005045233127,-0.002861287763704312,3,-0.002794793634459151,0.000311922631994064,-0.003569652407734423,-0.0020199348611838787
resnet,bw,10,all,noisy_minus_clean,independent_rms,macro_ap,17,0.7767855622734106,0.7807184945903615,-0.00393293231695091,3,-0.0037119219574179483,0.0005344866894093523,-0.005039660498991853,-0.002384183415844044
resnet,bw,10,all,noisy_minus_clean,independent_rms,macro_ap,29,0.7878144686892024,0.7909168445498038,-0.0031023758606014695,3,-0.0037119219574179483,0.0005344866894093523,-0.005039660498991853,-0.002384183415844044
resnet,bw,10,all,noisy_minus_clean,independent_rms,macro_ap,43,0.7824710268201327,0.7865714845148342,-0.004100457694701465,3,-0.0037119219574179483,0.0005344866894093523,-0.005039660498991853,-0.002384183415844044
resnet,bw,10,all,noisy_minus_clean,independent_rms,macro_f1,17,0.7050006201321186,0.7118815125857424,-0.006880892453623777,3,-0.0055877805813396115,0.002119115244759248,-0.010851954676325855,-0.0003236064863533679
resnet,bw,10,all,noisy_minus_clean,independent_rms,macro_f1,29,0.7191159709707128,0.7222581554037724,-0.0031421844330595805,3,-0.0055877805813396115,0.002119115244759248,-0.010851954676325855,-0.0003236064863533679
resnet,bw,10,all,noisy_minus_clean,independent_rms,macro_f1,43,0.7123275587304594,0.7190678235877949,-0.006740264857335476,3,-0.0055877805813396115,0.002119115244759248,-0.010851954676325855,-0.0003236064863533679
resnet,bw,20,all,electrode_minus_independent_rms,all,macro_auroc,17,0.9069074243215388,0.9065625430864628,0.0003448812350760333,3,0.0002976816719293766,6.500573752496628e-05,0.00013619846786546547,0.00045916487599328775
resnet,bw,20,all,electrode_minus_independent_rms,all,macro_auroc,29,0.9079361532636678,0.9076115253859316,0.0003246278777362388,3,0.0002976816719293766,6.500573752496628e-05,0.00013619846786546547,0.00045916487599328775
resnet,bw,20,all,electrode_minus_independent_rms,all,macro_auroc,43,0.9084134099925708,0.908189874089595,0.00022353590297585768,3,0.0002976816719293766,6.500573752496628e-05,0.00013619846786546547,0.00045916487599328775
resnet,bw,20,all,electrode_minus_independent_rms,all,macro_ap,17,0.7809731435834169,0.780047519272221,0.0009256243111958051,3,0.0002259950454819304,0.0006730034211492774,-0.0014458381331112612,0.001897828224075122
resnet,bw,20,all,electrode_minus_independent_rms,all,macro_ap,29,0.7905039316566903,0.7903347960038047,0.00016913565288556587,3,0.0002259950454819304,0.0006730034211492774,-0.0014458381331112612,0.001897828224075122
resnet,bw,20,all,electrode_minus_independent_rms,all,macro_ap,43,0.7855307616437907,0.7859475364714262,-0.0004167748276355798,3,0.0002259950454819304,0.0006730034211492774,-0.0014458381331112612,0.001897828224075122
resnet,bw,20,all,electrode_minus_independent_rms,all,macro_f1,17,0.7109232658421745,0.7128459197339317,-0.0019226538917572755,3,0.00015756616317090058,0.0018815325874445162,-0.004516419893129276,0.004831552219471078
resnet,bw,20,all,electrode_minus_independent_rms,all,macro_f1,29,0.7205068683143532,0.7198520348909369,0.0006548334234163233,3,0.00015756616317090058,0.0018815325874445162,-0.004516419893129276,0.004831552219471078
resnet,bw,20,all,electrode_minus_independent_rms,all,macro_f1,43,0.7191699381271719,0.7174294191693182,0.001740518957853654,3,0.00015756616317090058,0.0018815325874445162,-0.004516419893129276,0.004831552219471078
resnet,bw,20,all,electrode_minus_independent,all,macro_auroc,17,0.9069074243215388,0.9066364846958944,0.0002709396256443952,3,0.00037781575959220753,0.00010395845003164751,0.00011956865341667994,0.0006360628657677351
resnet,bw,20,all,electrode_minus_independent,all,macro_auroc,29,0.9079361532636678,0.9075522331283508,0.0003839201353170729,3,0.00037781575959220753,0.00010395845003164751,0.00011956865341667994,0.0006360628657677351
resnet,bw,20,all,electrode_minus_independent,all,macro_auroc,43,0.9084134099925708,0.9079348224747557,0.0004785875178151544,3,0.00037781575959220753,0.00010395845003164751,0.00011956865341667994,0.0006360628657677351
resnet,bw,20,all,electrode_minus_independent,all,macro_ap,17,0.7809731435834169,0.7804564469125055,0.0005166966709113652,3,0.00022328023384347398,0.000411567609486258,-0.0007991103858036027,0.0012456708534905507
resnet,bw,20,all,electrode_minus_independent,all,macro_ap,29,0.7905039316566903,0.7901036035711334,0.00040032808555690025,3,0.00022328023384347398,0.000411567609486258,-0.0007991103858036027,0.0012456708534905507
resnet,bw,20,all,electrode_minus_independent,all,macro_ap,43,0.7855307616437907,0.7857779456987285,-0.00024718405493784346,3,0.00022328023384347398,0.000411567609486258,-0.0007991103858036027,0.0012456708534905507
resnet,bw,20,all,electrode_minus_independent,all,macro_f1,17,0.7109232658421745,0.7120816389843161,-0.0011583731421416221,3,-0.0001583800263416831,0.001766513746842686,-0.0045466434431445935,0.004229883390461228
resnet,bw,20,all,electrode_minus_independent,all,macro_f1,29,0.7205068683143532,0.7217049209498723,-0.0011980526355190868,3,-0.0001583800263416831,0.001766513746842686,-0.0045466434431445935,0.004229883390461228
resnet,bw,20,all,electrode_minus_independent,all,macro_f1,43,0.7191699381271719,0.7172886524285362,0.0018812856986356596,3,-0.0001583800263416831,0.001766513746842686,-0.0045466434431445935,0.004229883390461228
resnet,bw,20,all,covariance_minus_electrode,all,macro_auroc,17,0.9072680999459518,0.9069074243215388,0.0003606756244129983,3,5.747556598656445e-06,0.00033942662154374945,-0.0008374349143397295,0.0008489300275370424
resnet,bw,20,all,covariance_minus_electrode,all,macro_auroc,29,0.9076204576857204,0.9079361532636678,-0.00031569557794741687,3,5.747556598656445e-06,0.00033942662154374945,-0.0008374349143397295,0.0008489300275370424
resnet,bw,20,all,covariance_minus_electrode,all,macro_auroc,43,0.9083856726159012,0.9084134099925708,-2.7737376669612068e-05,3,5.747556598656445e-06,0.00033942662154374945,-0.0008374349143397295,0.0008489300275370424
resnet,bw,20,all,covariance_minus_electrode,all,macro_ap,17,0.7811925014513387,0.7809731435834169,0.0002193578679218211,3,0.00046630389692781105,0.00042393867792684347,-0.0005868181603667874,0.0015194259542224095
resnet,bw,20,all,covariance_minus_electrode,all,macro_ap,29,0.7907276658838465,0.7905039316566903,0.0002237342271561582,3,0.00046630389692781105,0.00042393867792684347,-0.0005868181603667874,0.0015194259542224095
resnet,bw,20,all,covariance_minus_electrode,all,macro_ap,43,0.7864865812394961,0.7855307616437907,0.0009558195957054538,3,0.00046630389692781105,0.00042393867792684347,-0.0005868181603667874,0.0015194259542224095
resnet,bw,20,all,covariance_minus_electrode,all,macro_f1,17,0.7107830735541757,0.7109232658421745,-0.00014019228799877492,3,-0.00022219884941776513,0.001128544286157576,-0.003025658270007414,0.002581260571171884
resnet,bw,20,all,covariance_minus_electrode,all,macro_f1,29,0.7191173587667186,0.7205068683143532,-0.0013895095476346153,3,-0.00022219884941776513,0.001128544286157576,-0.003025658270007414,0.002581260571171884
resnet,bw,20,all,covariance_minus_electrode,all,macro_f1,43,0.720033043414552,0.7191699381271719,0.0008631052873800948,3,-0.00022219884941776513,0.001128544286157576,-0.003025658270007414,0.002581260571171884
resnet,bw,20,all,noisy_minus_clean,covariance,macro_auroc,17,0.9072680999459518,0.9068922993183458,0.0003758006276060044,3,-7.661167284471009e-05,0.00039198470049466846,-0.0010503556497606073,0.0008971323040711872
resnet,bw,20,all,noisy_minus_clean,covariance,macro_auroc,29,0.9076204576857204,0.907911261424449,-0.00029080373872858445,3,-7.661167284471009e-05,0.00039198470049466846,-0.0010503556497606073,0.0008971323040711872
resnet,bw,20,all,noisy_minus_clean,covariance,macro_auroc,43,0.9083856726159012,0.9087005045233127,-0.0003148319074115502,3,-7.661167284471009e-05,0.00039198470049466846,-0.0010503556497606073,0.0008971323040711872
resnet,bw,20,all,noisy_minus_clean,covariance,macro_ap,17,0.7811925014513387,0.7807184945903615,0.00047400686097720524,3,6.664163989393106e-05,0.0003566204660186662,-0.0008192527085140364,0.0009525359883018984
resnet,bw,20,all,noisy_minus_clean,covariance,macro_ap,29,0.7907276658838465,0.7909168445498038,-0.00018917866595735688,3,6.664163989393106e-05,0.0003566204660186662,-0.0008192527085140364,0.0009525359883018984
resnet,bw,20,all,noisy_minus_clean,covariance,macro_ap,43,0.7864865812394961,0.7865714845148342,-8.49032753380552e-05,3,6.664163989393106e-05,0.0003566204660186662,-0.0008192527085140364,0.0009525359883018984
resnet,bw,20,all,noisy_minus_clean,covariance,macro_f1,17,0.7107830735541757,0.7118815125857424,-0.0010984390315667003,3,-0.0010913386139544585,0.0020530174407976404,-0.006191316661457827,0.004008639433548911
resnet,bw,20,all,noisy_minus_clean,covariance,macro_f1,29,0.7191173587667186,0.7222581554037724,-0.0031407966370538,3,-0.0010913386139544585,0.0020530174407976404,-0.006191316661457827,0.004008639433548911
resnet,bw,20,all,noisy_minus_clean,covariance,macro_f1,43,0.720033043414552,0.7190678235877949,0.0009652198267571244,3,-0.0010913386139544585,0.0020530174407976404,-0.006191316661457827,0.004008639433548911
resnet,bw,20,all,noisy_minus_clean,electrode,macro_auroc,17,0.9069074243215388,0.9068922993183458,1.5125003193006137e-05,3,-8.235922944336653e-05,0.0001773732095606648,-0.0005229787083617478,0.0003582602494750148
resnet,bw,20,all,noisy_minus_clean,electrode,macro_auroc,29,0.9079361532636678,0.907911261424449,2.4891839218832423e-05,3,-8.235922944336653e-05,0.0001773732095606648,-0.0005229787083617478,0.0003582602494750148
resnet,bw,20,all,noisy_minus_clean,electrode,macro_auroc,43,0.9084134099925708,0.9087005045233127,-0.00028709453074193814,3,-8.235922944336653e-05,0.0001773732095606648,-0.0005229787083617478,0.0003582602494750148
resnet,bw,20,all,noisy_minus_clean,electrode,macro_ap,17,0.7809731435834169,0.7807184945903615,0.00025464899305538413,3,-0.00039966225703388,0.00064778758176747,-0.002008855818086061,0.001209531304018301
resnet,bw,20,all,noisy_minus_clean,electrode,macro_ap,29,0.7905039316566903,0.7909168445498038,-0.0004129128931135151,3,-0.00039966225703388,0.00064778758176747,-0.002008855818086061,0.001209531304018301
resnet,bw,20,all,noisy_minus_clean,electrode,macro_ap,43,0.7855307616437907,0.7865714845148342,-0.001040722871043509,3,-0.00039966225703388,0.00064778758176747,-0.002008855818086061,0.001209531304018301
resnet,bw,20,all,noisy_minus_clean,electrode,macro_f1,17,0.7109232658421745,0.7118815125857424,-0.0009582467435679254,3,-0.0008691397645366935,0.0009299082963874283,-0.003179160032033581,0.0014408805029601937
resnet,bw,20,all,noisy_minus_clean,electrode,macro_f1,29,0.7205068683143532,0.7222581554037724,-0.0017512870894191845,3,-0.0008691397645366935,0.0009299082963874283,-0.003179160032033581,0.0014408805029601937
resnet,bw,20,all,noisy_minus_clean,electrode,macro_f1,43,0.7191699381271719,0.7190678235877949,0.00010211453937702952,3,-0.0008691397645366935,0.0009299082963874283,-0.003179160032033581,0.0014408805029601937
resnet,bw,20,all,noisy_minus_clean,independent,macro_auroc,17,0.9066364846958944,0.9068922993183458,-0.0002558146224513891,3,-0.000460174989035574,0.0002695629577112426,-0.001129806497968733,0.0002094565198975849
resnet,bw,20,all,noisy_minus_clean,independent,macro_auroc,29,0.9075522331283508,0.907911261424449,-0.0003590282960982405,3,-0.000460174989035574,0.0002695629577112426,-0.001129806497968733,0.0002094565198975849
resnet,bw,20,all,noisy_minus_clean,independent,macro_auroc,43,0.9079348224747557,0.9087005045233127,-0.0007656820485570925,3,-0.000460174989035574,0.0002695629577112426,-0.001129806497968733,0.0002094565198975849
resnet,bw,20,all,noisy_minus_clean,independent,macro_ap,17,0.7804564469125055,0.7807184945903615,-0.00026204767785598104,3,-0.000622942490877354,0.0003126992858190289,-0.0013997305792081726,0.00015384559745346463
resnet,bw,20,all,noisy_minus_clean,independent,macro_ap,29,0.7901036035711334,0.7909168445498038,-0.0008132409786704153,3,-0.000622942490877354,0.0003126992858190289,-0.0013997305792081726,0.00015384559745346463
resnet,bw,20,all,noisy_minus_clean,independent,macro_ap,43,0.7857779456987285,0.7865714845148342,-0.0007935388161056656,3,-0.000622942490877354,0.0003126992858190289,-0.0013997305792081726,0.00015384559745346463
resnet,bw,20,all,noisy_minus_clean,independent,macro_f1,17,0.7120816389843161,0.7118815125857424,0.00020012639857369674,3,-0.0007107597381950104,0.0009990071906670133,-0.003192431174809937,0.001770911698419916
resnet,bw,20,all,noisy_minus_clean,independent,macro_f1,29,0.7217049209498723,0.7222581554037724,-0.0005532344539000977,3,-0.0007107597381950104,0.0009990071906670133,-0.003192431174809937,0.001770911698419916
resnet,bw,20,all,noisy_minus_clean,independent,macro_f1,43,0.7172886524285362,0.7190678235877949,-0.0017791711592586301,3,-0.0007107597381950104,0.0009990071906670133,-0.003192431174809937,0.001770911698419916
resnet,bw,20,all,noisy_minus_clean,independent_rms,macro_auroc,17,0.9065625430864628,0.9068922993183458,-0.00032975623188302716,3,-0.0003800409013727431,0.00011408559274072247,-0.0006634452246638495,-9.663657808163675e-05
resnet,bw,20,all,noisy_minus_clean,independent_rms,macro_auroc,29,0.9076115253859316,0.907911261424449,-0.0002997360385174064,3,-0.0003800409013727431,0.00011408559274072247,-0.0006634452246638495,-9.663657808163675e-05
resnet,bw,20,all,noisy_minus_clean,independent_rms,macro_auroc,43,0.908189874089595,0.9087005045233127,-0.0005106304337177958,3,-0.0003800409013727431,0.00011408559274072247,-0.0006634452246638495,-9.663657808163675e-05
resnet,bw,20,all,noisy_minus_clean,independent_rms,macro_ap,17,0.780047519272221,0.7807184945903615,-0.000670975318140421,3,-0.0006256573025158104,4.4488019464714974e-05,-0.0007361716693878221,-0.0005151429356437988
resnet,bw,20,all,noisy_minus_clean,independent_rms,macro_ap,29,0.7903347960038047,0.7909168445498038,-0.000582048545999081,3,-0.0006256573025158104,4.4488019464714974e-05,-0.0007361716693878221,-0.0005151429356437988
resnet,bw,20,all,noisy_minus_clean,independent_rms,macro_ap,43,0.7859475364714262,0.7865714845148342,-0.0006239480434079292,3,-0.0006256573025158104,4.4488019464714974e-05,-0.0007361716693878221,-0.0005151429356437988
resnet,bw,20,all,noisy_minus_clean,independent_rms,macro_f1,17,0.7128459197339317,0.7118815125857424,0.0009644071481893501,3,-0.001026705927707594,0.0017665631777947421,-0.005415092137802634,0.0033616802823874456
resnet,bw,20,all,noisy_minus_clean,independent_rms,macro_f1,29,0.7198520348909369,0.7222581554037724,-0.002406120512835508,3,-0.001026705927707594,0.0017665631777947421,-0.005415092137802634,0.0033616802823874456
resnet,bw,20,all,noisy_minus_clean,independent_rms,macro_f1,43,0.7174294191693182,0.7190678235877949,-0.0016384044184766244,3,-0.001026705927707594,0.0017665631777947421,-0.005415092137802634,0.0033616802823874456
resnet,em,0,all,electrode_minus_independent_rms,all,macro_auroc,17,0.8329254709844858,0.8594030293079303,-0.02647755832344456,3,-0.02256546805863861,0.0041055608734861995,-0.032764246652225916,-0.012366689465051301
resnet,em,0,all,electrode_minus_independent_rms,all,macro_auroc,29,0.8467338203214057,0.8696621422117854,-0.022928321890379744,3,-0.02256546805863861,0.0041055608734861995,-0.032764246652225916,-0.012366689465051301
resnet,em,0,all,electrode_minus_independent_rms,all,macro_auroc,43,0.8536482812056733,0.8719388051677648,-0.01829052396209152,3,-0.02256546805863861,0.0041055608734861995,-0.032764246652225916,-0.012366689465051301
resnet,em,0,all,electrode_minus_independent_rms,all,macro_ap,17,0.6721036834660518,0.705631358291147,-0.03352767482509522,3,-0.03351382465536209,0.003967300019833858,-0.04336914424833708,-0.0236585050623871
resnet,em,0,all,electrode_minus_independent_rms,all,macro_ap,29,0.6894918801792475,0.726966061637506,-0.03747418145825854,3,-0.03351382465536209,0.003967300019833858,-0.04336914424833708,-0.0236585050623871
resnet,em,0,all,electrode_minus_independent_rms,all,macro_ap,43,0.6964184525964989,0.7259580702792314,-0.0295396176827325,3,-0.03351382465536209,0.003967300019833858,-0.04336914424833708,-0.0236585050623871
resnet,em,0,all,electrode_minus_independent_rms,all,macro_f1,17,0.5494572172531201,0.6150100774448217,-0.06555286019170159,3,-0.06501209014528557,0.005941342082263269,-0.07977120207006208,-0.05025297822050905
resnet,em,0,all,electrode_minus_independent_rms,all,macro_f1,29,0.5594390449284241,0.6301036059120052,-0.07066456098358109,3,-0.06501209014528557,0.005941342082263269,-0.07977120207006208,-0.05025297822050905
resnet,em,0,all,electrode_minus_independent_rms,all,macro_f1,43,0.5980358110611809,0.6568546603217549,-0.05881884926057401,3,-0.06501209014528557,0.005941342082263269,-0.07977120207006208,-0.05025297822050905
resnet,em,0,all,electrode_minus_independent,all,macro_auroc,17,0.8329254709844858,0.8552033289016684,-0.02227785791718262,3,-0.01802244602964398,0.003933634774523982,-0.027794136517170415,-0.008250755542117542
resnet,em,0,all,electrode_minus_independent,all,macro_auroc,29,0.8467338203214057,0.8640040911375406,-0.01727027081613497,3,-0.01802244602964398,0.003933634774523982,-0.027794136517170415,-0.008250755542117542
resnet,em,0,all,electrode_minus_independent,all,macro_auroc,43,0.8536482812056733,0.8681674905612876,-0.014519209355614349,3,-0.01802244602964398,0.003933634774523982,-0.027794136517170415,-0.008250755542117542
resnet,em,0,all,electrode_minus_independent,all,macro_ap,17,0.6721036834660518,0.7023821146578101,-0.030278431191758326,3,-0.028233689989156468,0.0037226388733053966,-0.037481237601447566,-0.01898614237686537
resnet,em,0,all,electrode_minus_independent,all,macro_ap,29,0.6894918801792475,0.7199776942215239,-0.03048581404227646,3,-0.028233689989156468,0.0037226388733053966,-0.037481237601447566,-0.01898614237686537
resnet,em,0,all,electrode_minus_independent,all,macro_ap,43,0.6964184525964989,0.7203552773299335,-0.023936824733434614,3,-0.028233689989156468,0.0037226388733053966,-0.037481237601447566,-0.01898614237686537
resnet,em,0,all,electrode_minus_independent,all,macro_f1,17,0.5494572172531201,0.5990752634226821,-0.049618046169562,3,-0.04582853827677924,0.003659349337121844,-0.054918865965479534,-0.03673821058807895
resnet,em,0,all,electrode_minus_independent,all,macro_f1,29,0.5594390449284241,0.6049916436456386,-0.04555259871721451,3,-0.04582853827677924,0.003659349337121844,-0.054918865965479534,-0.03673821058807895
resnet,em,0,all,electrode_minus_independent,all,macro_f1,43,0.5980358110611809,0.6403507810047421,-0.04231496994356121,3,-0.04582853827677924,0.003659349337121844,-0.054918865965479534,-0.03673821058807895
resnet,em,0,all,covariance_minus_electrode,all,macro_auroc,17,0.8329351496945115,0.8329254709844858,9.678710025773363e-06,3,0.0012373895182999917,0.002845751897300365,-0.005831850087981294,0.008306629124581277
resnet,em,0,all,covariance_minus_electrode,all,macro_auroc,29,0.8512247334975109,0.8467338203214057,0.004490913176105282,3,0.0012373895182999917,0.002845751897300365,-0.005831850087981294,0.008306629124581277
resnet,em,0,all,covariance_minus_electrode,all,macro_auroc,43,0.8528598578744422,0.8536482812056733,-0.0007884233312310807,3,0.0012373895182999917,0.002845751897300365,-0.005831850087981294,0.008306629124581277
resnet,em,0,all,covariance_minus_electrode,all,macro_ap,17,0.6685926203320157,0.6721036834660518,-0.003511063134036041,3,-0.00012582238407462162,0.006383720260801664,-0.015983862625000168,0.015732217856850927
resnet,em,0,all,covariance_minus_electrode,all,macro_ap,29,0.6967293918083802,0.6894918801792475,0.007237511629132776,3,-0.00012582238407462162,0.006383720260801664,-0.015983862625000168,0.015732217856850927
resnet,em,0,all,covariance_minus_electrode,all,macro_ap,43,0.6923145369491783,0.6964184525964989,-0.0041039156473205995,3,-0.00012582238407462162,0.006383720260801664,-0.015983862625000168,0.015732217856850927
resnet,em,0,all,covariance_minus_electrode,all,macro_f1,17,0.5648114263343933,0.5494572172531201,0.015354209081273162,3,0.011278295795290827,0.006218030823217738,-0.004168149065298887,0.02672474065588054
resnet,em,0,all,covariance_minus_electrode,all,macro_f1,29,0.5737983786580163,0.5594390449284241,0.014359333729592194,3,0.011278295795290827,0.006218030823217738,-0.004168149065298887,0.02672474065588054
resnet,em,0,all,covariance_minus_electrode,all,macro_f1,43,0.602157155636188,0.5980358110611809,0.004121344575007124,3,0.011278295795290827,0.006218030823217738,-0.004168149065298887,0.02672474065588054
resnet,em,0,all,noisy_minus_clean,covariance,macro_auroc,17,0.8329351496945115,0.9068922993183458,-0.07395714962383426,3,-0.062161441399880966,0.010224134592356748,-0.08755959971045071,-0.036763283089311226
resnet,em,0,all,noisy_minus_clean,covariance,macro_auroc,29,0.8512247334975109,0.907911261424449,-0.05668652792693807,3,-0.062161441399880966,0.010224134592356748,-0.08755959971045071,-0.036763283089311226
resnet,em,0,all,noisy_minus_clean,covariance,macro_auroc,43,0.8528598578744422,0.9087005045233127,-0.05584064664887056,3,-0.062161441399880966,0.010224134592356748,-0.08755959971045071,-0.036763283089311226
resnet,em,0,all,noisy_minus_clean,covariance,macro_ap,17,0.6685926203320157,0.7807184945903615,-0.11212587425834575,3,-0.1001900915218084,0.010336749466491685,-0.1258680006881173,-0.0745121823554995
resnet,em,0,all,noisy_minus_clean,covariance,macro_ap,29,0.6967293918083802,0.7909168445498038,-0.0941874527414236,3,-0.1001900915218084,0.010336749466491685,-0.1258680006881173,-0.0745121823554995
resnet,em,0,all,noisy_minus_clean,covariance,macro_ap,43,0.6923145369491783,0.7865714845148342,-0.09425694756565584,3,-0.1001900915218084,0.010336749466491685,-0.1258680006881173,-0.0745121823554995
resnet,em,0,all,noisy_minus_clean,covariance,macro_f1,17,0.5648114263343933,0.7118815125857424,-0.1470700862513491,3,-0.13748017698290402,0.01782726384667659,-0.18176555540120778,-0.09319479856460025
resnet,em,0,all,noisy_minus_clean,covariance,macro_f1,29,0.5737983786580163,0.7222581554037724,-0.14845977674575606,3,-0.13748017698290402,0.01782726384667659,-0.18176555540120778,-0.09319479856460025
resnet,em,0,all,noisy_minus_clean,covariance,macro_f1,43,0.602157155636188,0.7190678235877949,-0.11691066795160687,3,-0.13748017698290402,0.01782726384667659,-0.18176555540120778,-0.09319479856460025
resnet,em,0,all,noisy_minus_clean,electrode,macro_auroc,17,0.8329254709844858,0.9068922993183458,-0.07396682833386004,3,-0.06339883091818095,0.009650984419374365,-0.08737320526956657,-0.03942445656679533
resnet,em,0,all,noisy_minus_clean,electrode,macro_auroc,29,0.8467338203214057,0.907911261424449,-0.06117744110304335,3,-0.06339883091818095,0.009650984419374365,-0.08737320526956657,-0.03942445656679533
resnet,em,0,all,noisy_minus_clean,electrode,macro_auroc,43,0.8536482812056733,0.9087005045233127,-0.05505222331763948,3,-0.06339883091818095,0.009650984419374365,-0.08737320526956657,-0.03942445656679533
resnet,em,0,all,noisy_minus_clean,electrode,macro_ap,17,0.6721036834660518,0.7807184945903615,-0.10861481112430971,3,-0.10006426913773377,0.009305801496916183,-0.12318116157399946,-0.07694737670146808
resnet,em,0,all,noisy_minus_clean,electrode,macro_ap,29,0.6894918801792475,0.7909168445498038,-0.10142496437055637,3,-0.10006426913773377,0.009305801496916183,-0.12318116157399946,-0.07694737670146808
resnet,em,0,all,noisy_minus_clean,electrode,macro_ap,43,0.6964184525964989,0.7865714845148342,-0.09015303191833524,3,-0.10006426913773377,0.009305801496916183,-0.12318116157399946,-0.07694737670146808
resnet,em,0,all,noisy_minus_clean,electrode,macro_f1,17,0.5494572172531201,0.7118815125857424,-0.16242429533262226,3,-0.14875847277819484,0.024012630391339898,-0.20840915349090516,-0.08910779206548453
resnet,em,0,all,noisy_minus_clean,electrode,macro_f1,29,0.5594390449284241,0.7222581554037724,-0.16281911047534825,3,-0.14875847277819484,0.024012630391339898,-0.20840915349090516,-0.08910779206548453
resnet,em,0,all,noisy_minus_clean,electrode,macro_f1,43,0.5980358110611809,0.7190678235877949,-0.121032012526614,3,-0.14875847277819484,0.024012630391339898,-0.20840915349090516,-0.08910779206548453
resnet,em,0,all,noisy_minus_clean,independent,macro_auroc,17,0.8552033289016684,0.9068922993183458,-0.051688970416677416,3,-0.04537638488853698,0.005721257271243226,-0.05958877583448194,-0.03116399394259202
resnet,em,0,all,noisy_minus_clean,independent,macro_auroc,29,0.8640040911375406,0.907911261424449,-0.04390717028690838,3,-0.04537638488853698,0.005721257271243226,-0.05958877583448194,-0.03116399394259202
resnet,em,0,all,noisy_minus_clean,independent,macro_auroc,43,0.8681674905612876,0.9087005045233127,-0.04053301396202513,3,-0.04537638488853698,0.005721257271243226,-0.05958877583448194,-0.03116399394259202
resnet,em,0,all,noisy_minus_clean,independent,macro_ap,17,0.7023821146578101,0.7807184945903615,-0.07833637993255138,3,-0.07183057914857731,0.00610906137344082,-0.08700632888955086,-0.05665482940760377
resnet,em,0,all,noisy_minus_clean,independent,macro_ap,29,0.7199776942215239,0.7909168445498038,-0.07093915032827991,3,-0.07183057914857731,0.00610906137344082,-0.08700632888955086,-0.05665482940760377
resnet,em,0,all,noisy_minus_clean,independent,macro_ap,43,0.7203552773299335,0.7865714845148342,-0.06621620718490062,3,-0.07183057914857731,0.00610906137344082,-0.08700632888955086,-0.05665482940760377
resnet,em,0,all,noisy_minus_clean,independent,macro_f1,17,0.5990752634226821,0.7118815125857424,-0.11280624916306026,3,-0.10292993450141559,0.021087237535817538,-0.15531353650012789,-0.0505463325027033
resnet,em,0,all,noisy_minus_clean,independent,macro_f1,29,0.6049916436456386,0.7222581554037724,-0.11726651175813374,3,-0.10292993450141559,0.021087237535817538,-0.15531353650012789,-0.0505463325027033
resnet,em,0,all,noisy_minus_clean,independent,macro_f1,43,0.6403507810047421,0.7190678235877949,-0.07871704258305279,3,-0.10292993450141559,0.021087237535817538,-0.15531353650012789,-0.0505463325027033
resnet,em,0,all,noisy_minus_clean,independent_rms,macro_auroc,17,0.8594030293079303,0.9068922993183458,-0.047489270010415474,3,-0.040833362859542345,0.0058119643373491636,-0.0552710826491205,-0.02639564306996419
resnet,em,0,all,noisy_minus_clean,independent_rms,macro_auroc,29,0.8696621422117854,0.907911261424449,-0.03824911921266361,3,-0.040833362859542345,0.0058119643373491636,-0.0552710826491205,-0.02639564306996419
resnet,em,0,all,noisy_minus_clean,independent_rms,macro_auroc,43,0.8719388051677648,0.9087005045233127,-0.03676169935554796,3,-0.040833362859542345,0.0058119643373491636,-0.0552710826491205,-0.02639564306996419
resnet,em,0,all,noisy_minus_clean,independent_rms,macro_ap,17,0.705631358291147,0.7807184945903615,-0.07508713629921449,3,-0.06655044448237168,0.007578973400326691,-0.08537765812224253,-0.04772323084250084
resnet,em,0,all,noisy_minus_clean,independent_rms,macro_ap,29,0.726966061637506,0.7909168445498038,-0.06395078291229783,3,-0.06655044448237168,0.007578973400326691,-0.08537765812224253,-0.04772323084250084
resnet,em,0,all,noisy_minus_clean,independent_rms,macro_ap,43,0.7259580702792314,0.7865714845148342,-0.060613414235602736,3,-0.06655044448237168,0.007578973400326691,-0.08537765812224253,-0.04772323084250084
resnet,em,0,all,noisy_minus_clean,independent_rms,macro_f1,17,0.6150100774448217,0.7118815125857424,-0.09687143514092067,3,-0.08374638263290927,0.01879685890735693,-0.13044036870654607,-0.03705239655927247
resnet,em,0,all,noisy_minus_clean,independent_rms,macro_f1,29,0.6301036059120052,0.7222581554037724,-0.09215454949176716,3,-0.08374638263290927,0.01879685890735693,-0.13044036870654607,-0.03705239655927247
resnet,em,0,all,noisy_minus_clean,independent_rms,macro_f1,43,0.6568546603217549,0.7190678235877949,-0.062213163266039984,3,-0.08374638263290927,0.01879685890735693,-0.13044036870654607,-0.03705239655927247
resnet,em,10,all,electrode_minus_independent_rms,all,macro_auroc,17,0.8970738064621928,0.9011016718221498,-0.004027865359957028,3,-0.0035687779104910757,0.0006717967711887787,-0.005237613604412548,-0.0018999422165696038
resnet,em,10,all,electrode_minus_independent_rms,all,macro_auroc,29,0.8999326028929799,0.9027303207474175,-0.002797717854437609,3,-0.0035687779104910757,0.0006717967711887787,-0.005237613604412548,-0.0018999422165696038
resnet,em,10,all,electrode_minus_independent_rms,all,macro_auroc,43,0.9008447820727806,0.9047255325898592,-0.0038807505170785905,3,-0.0035687779104910757,0.0006717967711887787,-0.005237613604412548,-0.0018999422165696038
resnet,em,10,all,electrode_minus_independent_rms,all,macro_ap,17,0.7665427853603183,0.772553104326,-0.006010318965681716,3,-0.005330820716567615,0.0026596889864079105,-0.01193785442914864,0.0012762129960134094
resnet,em,10,all,electrode_minus_independent_rms,all,macro_ap,29,0.7796705978569838,0.7820678966945867,-0.002397298837602868,3,-0.005330820716567615,0.0026596889864079105,-0.01193785442914864,0.0012762129960134094
resnet,em,10,all,electrode_minus_independent_rms,all,macro_ap,43,0.7728074117742475,0.7803922561206658,-0.0075848443464182624,3,-0.005330820716567615,0.0026596889864079105,-0.01193785442914864,0.0012762129960134094
resnet,em,10,all,electrode_minus_independent_rms,all,macro_f1,17,0.6951079085211133,0.7035177955514412,-0.008409887030327967,3,-0.004810968463095773,0.00367610606647435,-0.013942922175105708,0.00432098524891416
resnet,em,10,all,electrode_minus_independent_rms,all,macro_f1,29,0.7077274225901297,0.7126881866713072,-0.0049607640811775155,3,-0.004810968463095773,0.00367610606647435,-0.013942922175105708,0.00432098524891416
resnet,em,10,all,electrode_minus_independent_rms,all,macro_f1,43,0.7113988271221865,0.7124610813999683,-0.0010622542777818378,3,-0.004810968463095773,0.00367610606647435,-0.013942922175105708,0.00432098524891416
resnet,em,10,all,electrode_minus_independent,all,macro_auroc,17,0.8970738064621928,0.9009330762205108,-0.0038592697583179625,3,-0.0032670241241041786,0.0008447186636769756,-0.005365421612337494,-0.0011686266358708636
resnet,em,10,all,electrode_minus_independent,all,macro_auroc,29,0.8999326028929799,0.9022323235593668,-0.0022997206663868397,3,-0.0032670241241041786,0.0008447186636769756,-0.005365421612337494,-0.0011686266358708636
resnet,em,10,all,electrode_minus_independent,all,macro_auroc,43,0.9008447820727806,0.9044868640203884,-0.0036420819476077337,3,-0.0032670241241041786,0.0008447186636769756,-0.005365421612337494,-0.0011686266358708636
resnet,em,10,all,electrode_minus_independent,all,macro_ap,17,0.7665427853603183,0.7724092490217253,-0.005866463661406973,3,-0.0055837160836524164,0.002491276005635397,-0.011772388759553342,0.0006049565922485083
resnet,em,10,all,electrode_minus_independent,all,macro_ap,29,0.7796705978569838,0.7826337272743097,-0.002963129417325905,3,-0.0055837160836524164,0.002491276005635397,-0.011772388759553342,0.0006049565922485083
resnet,em,10,all,electrode_minus_independent,all,macro_ap,43,0.7728074117742475,0.7807289669464719,-0.00792155517222437,3,-0.0055837160836524164,0.002491276005635397,-0.011772388759553342,0.0006049565922485083
resnet,em,10,all,electrode_minus_independent,all,macro_f1,17,0.6951079085211133,0.7030324728773929,-0.00792456435627964,3,-0.005717654400847705,0.002666963685259748,-0.012342759467187981,0.0009074506654925723
resnet,em,10,all,electrode_minus_independent,all,macro_f1,29,0.7077274225901297,0.7142016909998734,-0.006474268409743744,3,-0.005717654400847705,0.002666963685259748,-0.012342759467187981,0.0009074506654925723
resnet,em,10,all,electrode_minus_independent,all,macro_f1,43,0.7113988271221865,0.7141529575587062,-0.0027541304365197306,3,-0.005717654400847705,0.002666963685259748,-0.012342759467187981,0.0009074506654925723
resnet,em,10,all,covariance_minus_electrode,all,macro_auroc,17,0.8967233416276965,0.8970738064621928,-0.00035046483449630017,3,0.0004902669461696781,0.001015752409639853,-0.002033001920386681,0.0030135358127260374
resnet,em,10,all,covariance_minus_electrode,all,macro_auroc,29,0.9001349769403223,0.8999326028929799,0.00020237404734235742,3,0.0004902669461696781,0.001015752409639853,-0.002033001920386681,0.0030135358127260374
resnet,em,10,all,covariance_minus_electrode,all,macro_auroc,43,0.9024636736984436,0.9008447820727806,0.001618891625662977,3,0.0004902669461696781,0.001015752409639853,-0.002033001920386681,0.0030135358127260374
resnet,em,10,all,covariance_minus_electrode,all,macro_ap,17,0.7636502593399805,0.7665427853603183,-0.002892526020337738,3,-0.00028723516423752776,0.0026325921939595594,-0.0068269567128309665,0.0062524863843559115
resnet,em,10,all,covariance_minus_electrode,all,macro_ap,29,0.779329584025597,0.7796705978569838,-0.00034101383138673835,3,-0.00028723516423752776,0.0026325921939595594,-0.0068269567128309665,0.0062524863843559115
resnet,em,10,all,covariance_minus_electrode,all,macro_ap,43,0.7751792461332594,0.7728074117742475,0.002371834359011893,3,-0.00028723516423752776,0.0026325921939595594,-0.0068269567128309665,0.0062524863843559115
resnet,em,10,all,covariance_minus_electrode,all,macro_f1,17,0.6909835122140879,0.6951079085211133,-0.004124396307025324,3,-0.0033972320449246287,0.0007017622425185556,-0.00514050609622585,-0.0016539579936234072
resnet,em,10,all,covariance_minus_electrode,all,macro_f1,29,0.7043841045523431,0.7077274225901297,-0.0033433180377865357,3,-0.0033972320449246287,0.0007017622425185556,-0.00514050609622585,-0.0016539579936234072
resnet,em,10,all,covariance_minus_electrode,all,macro_f1,43,0.7086748453322245,0.7113988271221865,-0.0027239817899620267,3,-0.0033972320449246287,0.0007017622425185556,-0.00514050609622585,-0.0016539579936234072
resnet,em,10,all,noisy_minus_clean,covariance,macro_auroc,17,0.8967233416276965,0.9068922993183458,-0.010168957690649294,3,-0.008060690999881714,0.0019814314829941595,-0.012982839669975892,-0.003138542329787537
resnet,em,10,all,noisy_minus_clean,covariance,macro_auroc,29,0.9001349769403223,0.907911261424449,-0.007776284484126705,3,-0.008060690999881714,0.0019814314829941595,-0.012982839669975892,-0.003138542329787537
resnet,em,10,all,noisy_minus_clean,covariance,macro_auroc,43,0.9024636736984436,0.9087005045233127,-0.006236830824869144,3,-0.008060690999881714,0.0019814314829941595,-0.012982839669975892,-0.003138542329787537
resnet,em,10,all,noisy_minus_clean,covariance,macro_ap,17,0.7636502593399805,0.7807184945903615,-0.017068235250380925,3,-0.013349244718720824,0.003222216060409715,-0.021353673149692984,-0.005344816287748666
resnet,em,10,all,noisy_minus_clean,covariance,macro_ap,29,0.779329584025597,0.7909168445498038,-0.011587260524206777,3,-0.013349244718720824,0.003222216060409715,-0.021353673149692984,-0.005344816287748666
resnet,em,10,all,noisy_minus_clean,covariance,macro_ap,43,0.7751792461332594,0.7865714845148342,-0.01139223838157477,3,-0.013349244718720824,0.003222216060409715,-0.021353673149692984,-0.005344816287748666
resnet,em,10,all,noisy_minus_clean,covariance,macro_f1,17,0.6909835122140879,0.7118815125857424,-0.020898000371654457,3,-0.01638834315955136,0.005407806202530988,-0.029822078484929456,-0.0029546078341732666
resnet,em,10,all,noisy_minus_clean,covariance,macro_f1,29,0.7043841045523431,0.7222581554037724,-0.017874050851429235,3,-0.01638834315955136,0.005407806202530988,-0.029822078484929456,-0.0029546078341732666
resnet,em,10,all,noisy_minus_clean,covariance,macro_f1,43,0.7086748453322245,0.7190678235877949,-0.010392978255570395,3,-0.01638834315955136,0.005407806202530988,-0.029822078484929456,-0.0029546078341732666
resnet,em,10,all,noisy_minus_clean,electrode,macro_auroc,17,0.8970738064621928,0.9068922993183458,-0.009818492856152994,3,-0.008550957946051393,0.0010994370747085707,-0.011282111044997573,-0.005819804847105214
resnet,em,10,all,noisy_minus_clean,electrode,macro_auroc,29,0.8999326028929799,0.907911261424449,-0.007978658531469063,3,-0.008550957946051393,0.0010994370747085707,-0.011282111044997573,-0.005819804847105214
resnet,em,10,all,noisy_minus_clean,electrode,macro_auroc,43,0.9008447820727806,0.9087005045233127,-0.007855722450532121,3,-0.008550957946051393,0.0010994370747085707,-0.011282111044997573,-0.005819804847105214
resnet,em,10,all,noisy_minus_clean,electrode,macro_ap,17,0.7665427853603183,0.7807184945903615,-0.014175709230043188,3,-0.013062009554483297,0.0015859089593068323,-0.0170016258076513,-0.009122393301315297
resnet,em,10,all,noisy_minus_clean,electrode,macro_ap,29,0.7796705978569838,0.7909168445498038,-0.011246246692820039,3,-0.013062009554483297,0.0015859089593068323,-0.0170016258076513,-0.009122393301315297
resnet,em,10,all,noisy_minus_clean,electrode,macro_ap,43,0.7728074117742475,0.7865714845148342,-0.013764072740586664,3,-0.013062009554483297,0.0015859089593068323,-0.0170016258076513,-0.009122393301315297
resnet,em,10,all,noisy_minus_clean,electrode,macro_f1,17,0.6951079085211133,0.7118815125857424,-0.016773604064629133,3,-0.012991111114626733,0.004743553110812323,-0.024774750284740188,-0.0012074719445132765
resnet,em,10,all,noisy_minus_clean,electrode,macro_f1,29,0.7077274225901297,0.7222581554037724,-0.0145307328136427,3,-0.012991111114626733,0.004743553110812323,-0.024774750284740188,-0.0012074719445132765
resnet,em,10,all,noisy_minus_clean,electrode,macro_f1,43,0.7113988271221865,0.7190678235877949,-0.007668996465608369,3,-0.012991111114626733,0.004743553110812323,-0.024774750284740188,-0.0012074719445132765
resnet,em,10,all,noisy_minus_clean,independent,macro_auroc,17,0.9009330762205108,0.9068922993183458,-0.005959223097835031,3,-0.005283933821947214,0.0009374357548565649,-0.007612653332900685,-0.002955214310993742
resnet,em,10,all,noisy_minus_clean,independent,macro_auroc,29,0.9022323235593668,0.907911261424449,-0.005678937865082223,3,-0.005283933821947214,0.0009374357548565649,-0.007612653332900685,-0.002955214310993742
resnet,em,10,all,noisy_minus_clean,independent,macro_auroc,43,0.9044868640203884,0.9087005045233127,-0.004213640502924387,3,-0.005283933821947214,0.0009374357548565649,-0.007612653332900685,-0.002955214310993742
resnet,em,10,all,noisy_minus_clean,independent,macro_ap,17,0.7724092490217253,0.7807184945903615,-0.008309245568636214,3,-0.007478293470830881,0.0014166837241418144,-0.010997530935550852,-0.003959056006110909
resnet,em,10,all,noisy_minus_clean,independent,macro_ap,29,0.7826337272743097,0.7909168445498038,-0.008283117275494134,3,-0.007478293470830881,0.0014166837241418144,-0.010997530935550852,-0.003959056006110909
resnet,em,10,all,noisy_minus_clean,independent,macro_ap,43,0.7807289669464719,0.7865714845148342,-0.005842517568362293,3,-0.007478293470830881,0.0014166837241418144,-0.010997530935550852,-0.003959056006110909
resnet,em,10,all,noisy_minus_clean,independent,macro_f1,17,0.7030324728773929,0.7118815125857424,-0.008849039708349493,3,-0.007273456713779029,0.0020806865253414387,-0.012442168577646403,-0.0021047448499116553
resnet,em,10,all,noisy_minus_clean,independent,macro_f1,29,0.7142016909998734,0.7222581554037724,-0.008056464403898955,3,-0.007273456713779029,0.0020806865253414387,-0.012442168577646403,-0.0021047448499116553
resnet,em,10,all,noisy_minus_clean,independent,macro_f1,43,0.7141529575587062,0.7190678235877949,-0.004914866029088638,3,-0.007273456713779029,0.0020806865253414387,-0.012442168577646403,-0.0021047448499116553
resnet,em,10,all,noisy_minus_clean,independent_rms,macro_auroc,17,0.9011016718221498,0.9068922993183458,-0.005790627496195966,3,-0.004982180035560317,0.0009240025027443924,-0.007277529498350905,-0.0026868305727697286
resnet,em,10,all,noisy_minus_clean,independent_rms,macro_auroc,29,0.9027303207474175,0.907911261424449,-0.005180940677031454,3,-0.004982180035560317,0.0009240025027443924,-0.007277529498350905,-0.0026868305727697286
resnet,em,10,all,noisy_minus_clean,independent_rms,macro_auroc,43,0.9047255325898592,0.9087005045233127,-0.0039749719334535305,3,-0.004982180035560317,0.0009240025027443924,-0.007277529498350905,-0.0026868305727697286
resnet,em,10,all,noisy_minus_clean,independent_rms,macro_ap,17,0.772553104326,0.7807184945903615,-0.008165390264361472,3,-0.007731188837915681,0.0013868124095281606,-0.011176221843505234,-0.004286155832326127
resnet,em,10,all,noisy_minus_clean,independent_rms,macro_ap,29,0.7820678966945867,0.7909168445498038,-0.00884894785521717,3,-0.007731188837915681,0.0013868124095281606,-0.011176221843505234,-0.004286155832326127
resnet,em,10,all,noisy_minus_clean,independent_rms,macro_ap,43,0.7803922561206658,0.7865714845148342,-0.006179228394168401,3,-0.007731188837915681,0.0013868124095281606,-0.011176221843505234,-0.004286155832326127
resnet,em,10,all,noisy_minus_clean,independent_rms,macro_f1,17,0.7035177955514412,0.7118815125857424,-0.008363717034301166,3,-0.00818014265153096,0.0014901183020887567,-0.01188180172067314,-0.004478483582388781
resnet,em,10,all,noisy_minus_clean,independent_rms,macro_f1,29,0.7126881866713072,0.7222581554037724,-0.009569968732465184,3,-0.00818014265153096,0.0014901183020887567,-0.01188180172067314,-0.004478483582388781
resnet,em,10,all,noisy_minus_clean,independent_rms,macro_f1,43,0.7124610813999683,0.7190678235877949,-0.006606742187826531,3,-0.00818014265153096,0.0014901183020887567,-0.01188180172067314,-0.004478483582388781
resnet,em,20,all,electrode_minus_independent_rms,all,macro_auroc,17,0.905943674704364,0.9068208271322306,-0.0008771524278665677,3,-0.0006261637272563236,0.0005072079099488641,-0.0018861380240427484,0.0006338105695301011
resnet,em,20,all,electrode_minus_independent_rms,all,macro_auroc,29,0.9069787352766436,0.9070211324986048,-4.2397221961198994e-05,3,-0.0006261637272563236,0.0005072079099488641,-0.0018861380240427484,0.0006338105695301011
resnet,em,20,all,electrode_minus_independent_rms,all,macro_auroc,43,0.9079965524544276,0.9089554939863688,-0.0009589415319412042,3,-0.0006261637272563236,0.0005072079099488641,-0.0018861380240427484,0.0006338105695301011
resnet,em,20,all,electrode_minus_independent_rms,all,macro_ap,17,0.7794491520218785,0.7810527682529139,-0.001603616231035443,3,-0.000848414203927302,0.0015777661156232403,-0.004767802512020254,0.0030709741041656503
resnet,em,20,all,electrode_minus_independent_rms,all,macro_ap,29,0.7900062590474212,0.7890412455284392,0.0009650135189819276,3,-0.000848414203927302,0.0015777661156232403,-0.004767802512020254,0.0030709741041656503
resnet,em,20,all,electrode_minus_independent_rms,all,macro_ap,43,0.7848006239873846,0.786707263887113,-0.0019066398997283907,3,-0.000848414203927302,0.0015777661156232403,-0.004767802512020254,0.0030709741041656503
resnet,em,20,all,electrode_minus_independent_rms,all,macro_f1,17,0.7100858695974248,0.710275819967342,-0.00018995036991720227,3,-0.0004309238914219267,0.000651446217572626,-0.002049206007651143,0.0011873582248072897
resnet,em,20,all,electrode_minus_independent_rms,all,macro_f1,29,0.7209568965147699,0.72089119210811,6.57044066598722e-05,3,-0.0004309238914219267,0.000651446217572626,-0.002049206007651143,0.0011873582248072897
resnet,em,20,all,electrode_minus_independent_rms,all,macro_f1,43,0.7192878647784148,0.7204563904894232,-0.0011685257110084502,3,-0.0004309238914219267,0.000651446217572626,-0.002049206007651143,0.0011873582248072897
resnet,em,20,all,electrode_minus_independent,all,macro_auroc,17,0.905943674704364,0.9066659906673646,-0.0007223159630006526,3,-0.0005089620554167285,0.00035254029281192616,-0.0013847206916914852,0.0003667965808580284
resnet,em,20,all,electrode_minus_independent,all,macro_auroc,29,0.9069787352766436,0.9070807792407724,-0.00010204396412871741,3,-0.0005089620554167285,0.00035254029281192616,-0.0013847206916914852,0.0003667965808580284
resnet,em,20,all,electrode_minus_independent,all,macro_auroc,43,0.9079965524544276,0.9086990786935484,-0.0007025262391208154,3,-0.0005089620554167285,0.00035254029281192616,-0.0013847206916914852,0.0003667965808580284
resnet,em,20,all,electrode_minus_independent,all,macro_ap,17,0.7794491520218785,0.7805466973549806,-0.0010975453331021345,3,-0.0007234217522468223,0.001097644819012394,-0.0034501226412290854,0.002003279136735441
resnet,em,20,all,electrode_minus_independent,all,macro_ap,29,0.7900062590474212,0.7894938827180829,0.0005123763293383155,3,-0.0007234217522468223,0.001097644819012394,-0.0034501226412290854,0.002003279136735441
resnet,em,20,all,electrode_minus_independent,all,macro_ap,43,0.7848006239873846,0.7863857202403612,-0.0015850962529766477,3,-0.0007234217522468223,0.001097644819012394,-0.0034501226412290854,0.002003279136735441
resnet,em,20,all,electrode_minus_independent,all,macro_f1,17,0.7100858695974248,0.7126151885665608,-0.0025293189691359963,3,-0.0014978823028413875,0.002108885763438734,-0.006736644957508011,0.0037408803518252367
resnet,em,20,all,electrode_minus_independent,all,macro_f1,29,0.7209568965147699,0.7200286932512332,0.0009282032635367088,3,-0.0014978823028413875,0.002108885763438734,-0.006736644957508011,0.0037408803518252367
resnet,em,20,all,electrode_minus_independent,all,macro_f1,43,0.7192878647784148,0.7221803959813397,-0.002892531202924875,3,-0.0014978823028413875,0.002108885763438734,-0.006736644957508011,0.0037408803518252367
resnet,em,20,all,covariance_minus_electrode,all,macro_auroc,17,0.9056136817145396,0.905943674704364,-0.0003299929898243903,3,-0.00032335336903799305,0.00024621633299208383,-0.0009349886470649259,0.0002882819089889398
resnet,em,20,all,covariance_minus_electrode,all,macro_auroc,29,0.906412552537198,0.9069787352766436,-0.000566182739445642,3,-0.00032335336903799305,0.00024621633299208383,-0.0009349886470649259,0.0002882819089889398
resnet,em,20,all,covariance_minus_electrode,all,macro_auroc,43,0.9079226680765836,0.9079965524544276,-7.388437784394686e-05,3,-0.00032335336903799305,0.00024621633299208383,-0.0009349886470649259,0.0002882819089889398
resnet,em,20,all,covariance_minus_electrode,all,macro_ap,17,0.7780549701871707,0.7794491520218785,-0.0013941818347077417,3,-0.0009136129244206778,0.0010545560007560587,-0.003533275255018949,0.0017060494061775931
resnet,em,20,all,covariance_minus_electrode,all,macro_ap,29,0.7883639731484394,0.7900062590474212,-0.0016422858989817435,3,-0.0009136129244206778,0.0010545560007560587,-0.003533275255018949,0.0017060494061775931
resnet,em,20,all,covariance_minus_electrode,all,macro_ap,43,0.785096252947812,0.7848006239873846,0.000295628960427452,3,-0.0009136129244206778,0.0010545560007560587,-0.003533275255018949,0.0017060494061775931
resnet,em,20,all,covariance_minus_electrode,all,macro_f1,17,0.7101816298905156,0.7100858695974248,9.576029309077416e-05,3,-0.001229070723116954,0.0012464489849208656,-0.004325421652293424,0.001867280206059516
resnet,em,20,all,covariance_minus_electrode,all,macro_f1,29,0.7185783249153838,0.7209568965147699,-0.002378571599386148,3,-0.001229070723116954,0.0012464489849208656,-0.004325421652293424,0.001867280206059516
resnet,em,20,all,covariance_minus_electrode,all,macro_f1,43,0.7178834639153593,0.7192878647784148,-0.0014044008630554883,3,-0.001229070723116954,0.0012464489849208656,-0.004325421652293424,0.001867280206059516
resnet,em,20,all,noisy_minus_clean,covariance,macro_auroc,17,0.9056136817145396,0.9068922993183458,-0.0012786176038062091,3,-0.0011850543125954498,0.00036943177444913284,-0.00210277371541201,-0.0002673349097788895
resnet,em,20,all,noisy_minus_clean,covariance,macro_auroc,29,0.906412552537198,0.907911261424449,-0.0014987088872510101,3,-0.0011850543125954498,0.00036943177444913284,-0.00210277371541201,-0.0002673349097788895
resnet,em,20,all,noisy_minus_clean,covariance,macro_auroc,43,0.9079226680765836,0.9087005045233127,-0.0007778364467291299,3,-0.0011850543125954498,0.00036943177444913284,-0.00210277371541201,-0.0002673349097788895
resnet,em,20,all,noisy_minus_clean,covariance,macro_ap,17,0.7780549701871707,0.7807184945903615,-0.0026635244031907312,3,-0.0022305424571924157,0.0006564540557500433,-0.0038612647330923434,-0.000599820181292488
resnet,em,20,all,noisy_minus_clean,covariance,macro_ap,29,0.7883639731484394,0.7909168445498038,-0.0025528714013643983,3,-0.0022305424571924157,0.0006564540557500433,-0.0038612647330923434,-0.000599820181292488
resnet,em,20,all,noisy_minus_clean,covariance,macro_ap,43,0.785096252947812,0.7865714845148342,-0.0014752315670221172,3,-0.0022305424571924157,0.0006564540557500433,-0.0038612647330923434,-0.000599820181292488
resnet,em,20,all,noisy_minus_clean,covariance,macro_f1,17,0.7101816298905156,0.7118815125857424,-0.0016998826952268065,3,-0.0021880242853503282,0.0013174047621458474,-0.005460639136595746,0.0010845905658950893
resnet,em,20,all,noisy_minus_clean,covariance,macro_f1,29,0.7185783249153838,0.7222581554037724,-0.0036798304883886024,3,-0.0021880242853503282,0.0013174047621458474,-0.005460639136595746,0.0010845905658950893
resnet,em,20,all,noisy_minus_clean,covariance,macro_f1,43,0.7178834639153593,0.7190678235877949,-0.0011843596724355754,3,-0.0021880242853503282,0.0013174047621458474,-0.005460639136595746,0.0010845905658950893
resnet,em,20,all,noisy_minus_clean,electrode,macro_auroc,17,0.905943674704364,0.9068922993183458,-0.0009486246139818189,3,-0.0008617009435574566,0.00013685145504738013,-0.0012016588039443458,-0.0005217430831705675
resnet,em,20,all,noisy_minus_clean,electrode,macro_auroc,29,0.9069787352766436,0.907911261424449,-0.0009325261478053681,3,-0.0008617009435574566,0.00013685145504738013,-0.0012016588039443458,-0.0005217430831705675
resnet,em,20,all,noisy_minus_clean,electrode,macro_auroc,43,0.9079965524544276,0.9087005045233127,-0.000703952068885183,3,-0.0008617009435574566,0.00013685145504738013,-0.0012016588039443458,-0.0005217430831705675
resnet,em,20,all,noisy_minus_clean,electrode,macro_ap,17,0.7794491520218785,0.7807184945903615,-0.0012693425684829895,3,-0.0013169295327717379,0.0004321072425522789,-0.0023903434295029988,-0.00024351563604047693
resnet,em,20,all,noisy_minus_clean,electrode,macro_ap,29,0.7900062590474212,0.7909168445498038,-0.0009105855023826548,3,-0.0013169295327717379,0.0004321072425522789,-0.0023903434295029988,-0.00024351563604047693
resnet,em,20,all,noisy_minus_clean,electrode,macro_ap,43,0.7848006239873846,0.7865714845148342,-0.0017708605274495692,3,-0.0013169295327717379,0.0004321072425522789,-0.0023903434295029988,-0.00024351563604047693
resnet,em,20,all,noisy_minus_clean,electrode,macro_f1,17,0.7100858695974248,0.7118815125857424,-0.0017956429883175806,3,-0.0009589535622333741,0.0010505357584849717,-0.0035686290573957893,0.0016507219329290408
resnet,em,20,all,noisy_minus_clean,electrode,macro_f1,29,0.7209568965147699,0.7222581554037724,-0.0013012588890024546,3,-0.0009589535622333741,0.0010505357584849717,-0.0035686290573957893,0.0016507219329290408
resnet,em,20,all,noisy_minus_clean,electrode,macro_f1,43,0.7192878647784148,0.7190678235877949,0.0002200411906199129,3,-0.0009589535622333741,0.0010505357584849717,-0.0035686290573957893,0.0016507219329290408
resnet,em,20,all,noisy_minus_clean,independent,macro_auroc,17,0.9066659906673646,0.9068922993183458,-0.00022630865098116626,3,-0.00035273888814072823,0.0004287447529028775,-0.0014177998975286445,0.0007123221212471879
resnet,em,20,all,noisy_minus_clean,independent,macro_auroc,29,0.9070807792407724,0.907911261424449,-0.0008304821836766507,3,-0.00035273888814072823,0.0004287447529028775,-0.0014177998975286445,0.0007123221212471879
resnet,em,20,all,noisy_minus_clean,independent,macro_auroc,43,0.9086990786935484,0.9087005045233127,-1.4258297643676698e-06,3,-0.00035273888814072823,0.0004287447529028775,-0.0014177998975286445,0.0007123221212471879
resnet,em,20,all,noisy_minus_clean,independent,macro_ap,17,0.7805466973549806,0.7807184945903615,-0.000171797235380855,3,-0.0005935077805249156,0.0007183622253636464,-0.0023780184752255247,0.0011910029141756937
resnet,em,20,all,noisy_minus_clean,independent,macro_ap,29,0.7894938827180829,0.7909168445498038,-0.0014229618317209702,3,-0.0005935077805249156,0.0007183622253636464,-0.0023780184752255247,0.0011910029141756937
resnet,em,20,all,noisy_minus_clean,independent,macro_ap,43,0.7863857202403612,0.7865714845148342,-0.00018576427447292154,3,-0.0005935077805249156,0.0007183622253636464,-0.0023780184752255247,0.0011910029141756937
resnet,em,20,all,noisy_minus_clean,independent,macro_f1,17,0.7126151885665608,0.7118815125857424,0.0007336759808184157,3,0.0005389287406080134,0.002676336701270184,-0.006109460188276339,0.0071873176694923656
resnet,em,20,all,noisy_minus_clean,independent,macro_f1,29,0.7200286932512332,0.7222581554037724,-0.0022294621525391634,3,0.0005389287406080134,0.002676336701270184,-0.006109460188276339,0.0071873176694923656
resnet,em,20,all,noisy_minus_clean,independent,macro_f1,43,0.7221803959813397,0.7190678235877949,0.003112572393544788,3,0.0005389287406080134,0.002676336701270184,-0.006109460188276339,0.0071873176694923656
resnet,em,20,all,noisy_minus_clean,independent_rms,macro_auroc,17,0.9068208271322306,0.9068922993183458,-7.147218611525119e-05,3,-0.00023553721630113303,0.0005899254459224171,-0.001700993263619979,0.0012299188310177127
resnet,em,20,all,noisy_minus_clean,independent_rms,macro_auroc,29,0.9070211324986048,0.907911261424449,-0.0008901289258441691,3,-0.00023553721630113303,0.0005899254459224171,-0.001700993263619979,0.0012299188310177127
resnet,em,20,all,noisy_minus_clean,independent_rms,macro_auroc,43,0.9089554939863688,0.9087005045233127,0.0002549894630560212,3,-0.00023553721630113303,0.0005899254459224171,-0.001700993263619979,0.0012299188310177127
resnet,em,20,all,noisy_minus_clean,independent_rms,macro_ap,17,0.7810527682529139,0.7807184945903615,0.0003342736625524534,3,-0.00046851532884443586,0.0012226051628121428,-0.0035056349203290947,0.0025686042626402233
resnet,em,20,all,noisy_minus_clean,independent_rms,macro_ap,29,0.7890412455284392,0.7909168445498038,-0.0018755990213645823,3,-0.00046851532884443586,0.0012226051628121428,-0.0035056349203290947,0.0025686042626402233
resnet,em,20,all,noisy_minus_clean,independent_rms,macro_ap,43,0.786707263887113,0.7865714845148342,0.00013577937227882142,3,-0.00046851532884443586,0.0012226051628121428,-0.0035056349203290947,0.0025686042626402233
resnet,em,20,all,noisy_minus_clean,independent_rms,macro_f1,17,0.710275819967342,0.7118815125857424,-0.0016056926184003784,3,-0.0005280296708114474,0.0016641077905291365,-0.004661902589631166,0.003605843248008271
resnet,em,20,all,noisy_minus_clean,independent_rms,macro_f1,29,0.72089119210811,0.7222581554037724,-0.0013669632956623268,3,-0.0005280296708114474,0.0016641077905291365,-0.004661902589631166,0.003605843248008271
resnet,em,20,all,noisy_minus_clean,independent_rms,macro_f1,43,0.7204563904894232,0.7190678235877949,0.001388566901628363,3,-0.0005280296708114474,0.0016641077905291365,-0.004661902589631166,0.003605843248008271
resnet,ma,0,all,electrode_minus_independent_rms,all,macro_auroc,17,0.8707542876777252,0.8668922186906333,0.00386206898709196,3,0.0010999803602074938,0.002409868382561262,-0.004886464569193522,0.007086425289608509
resnet,ma,0,all,electrode_minus_independent_rms,all,macro_auroc,29,0.8762058536585883,0.876779518763897,-0.0005736651053087627,3,0.0010999803602074938,0.002409868382561262,-0.004886464569193522,0.007086425289608509
resnet,ma,0,all,electrode_minus_independent_rms,all,macro_auroc,43,0.8765172541870537,0.8765057169882144,1.153719883928428e-05,3,0.0010999803602074938,0.002409868382561262,-0.004886464569193522,0.007086425289608509
resnet,ma,0,all,electrode_minus_independent_rms,all,macro_ap,17,0.725216373292499,0.7176839157456549,0.0075324575468440624,3,0.004983060266901281,0.002619439264827231,-0.0015239875944149661,0.011490108128217527
resnet,ma,0,all,electrode_minus_independent_rms,all,macro_ap,29,0.7413342733117171,0.7362163400498981,0.005117933261818974,3,0.004983060266901281,0.002619439264827231,-0.0015239875944149661,0.011490108128217527
resnet,ma,0,all,electrode_minus_independent_rms,all,macro_ap,43,0.7344198703673621,0.7321210803753213,0.002298789992040806,3,0.004983060266901281,0.002619439264827231,-0.0015239875944149661,0.011490108128217527
resnet,ma,0,all,electrode_minus_independent_rms,all,macro_f1,17,0.6545637326764693,0.6397800334858434,0.014783699190625832,3,0.00935071348157738,0.006036510909912803,-0.005644810916943483,0.024346237880098244
resnet,ma,0,all,electrode_minus_independent_rms,all,macro_f1,29,0.6605282014450938,0.650112253212904,0.010415948232189831,3,0.00935071348157738,0.006036510909912803,-0.005644810916943483,0.024346237880098244
resnet,ma,0,all,electrode_minus_independent_rms,all,macro_f1,43,0.6646594097014835,0.661806916679567,0.00285249302191648,3,0.00935071348157738,0.006036510909912803,-0.005644810916943483,0.024346237880098244
resnet,ma,0,all,electrode_minus_independent,all,macro_auroc,17,0.8707542876777252,0.870565399148358,0.0001888885293672704,3,-0.0035629562114479394,0.003515963129043649,-0.012297092813320724,0.005171180390424844
resnet,ma,0,all,electrode_minus_independent,all,macro_auroc,29,0.8762058536585883,0.8829881392917158,-0.006782285633127549,3,-0.0035629562114479394,0.003515963129043649,-0.012297092813320724,0.005171180390424844
resnet,ma,0,all,electrode_minus_independent,all,macro_auroc,43,0.8765172541870537,0.8806127257176373,-0.004095471530583539,3,-0.0035629562114479394,0.003515963129043649,-0.012297092813320724,0.005171180390424844
resnet,ma,0,all,electrode_minus_independent,all,macro_ap,17,0.725216373292499,0.7250550672588277,0.00016130603367126017,3,-0.0037008071223981753,0.003678342478645631,-0.012838316390221736,0.005436702145425385
resnet,ma,0,all,electrode_minus_independent,all,macro_ap,29,0.7413342733117171,0.748496909649577,-0.007162636337859962,3,-0.0037008071223981753,0.003678342478645631,-0.012838316390221736,0.005436702145425385
resnet,ma,0,all,electrode_minus_independent,all,macro_ap,43,0.7344198703673621,0.7385209614303679,-0.004101091063005824,3,-0.0037008071223981753,0.003678342478645631,-0.012838316390221736,0.005436702145425385
resnet,ma,0,all,electrode_minus_independent,all,macro_f1,17,0.6545637326764693,0.6401916182008164,0.014372114475652897,3,-0.0019347579510758568,0.014878447008895816,-0.03889486925769483,0.03502535335554311
resnet,ma,0,all,electrode_minus_independent,all,macro_f1,29,0.6605282014450938,0.6659331681817535,-0.005404966736659689,3,-0.0019347579510758568,0.014878447008895816,-0.03889486925769483,0.03502535335554311
resnet,ma,0,all,electrode_minus_independent,all,macro_f1,43,0.6646594097014835,0.6794308312937043,-0.01477142159222078,3,-0.0019347579510758568,0.014878447008895816,-0.03889486925769483,0.03502535335554311
resnet,ma,0,all,covariance_minus_electrode,all,macro_auroc,17,0.8703812736033862,0.8707542876777252,-0.00037301407433898426,3,0.002535248955007526,0.0037528619941819535,-0.006787377051618882,0.011857874961633935
resnet,ma,0,all,covariance_minus_electrode,all,macro_auroc,29,0.8829774055395012,0.8762058536585883,0.0067715518809129405,3,0.002535248955007526,0.0037528619941819535,-0.006787377051618882,0.011857874961633935
resnet,ma,0,all,covariance_minus_electrode,all,macro_auroc,43,0.8777244632455024,0.8765172541870537,0.0012072090584486217,3,0.002535248955007526,0.0037528619941819535,-0.006787377051618882,0.011857874961633935
resnet,ma,0,all,covariance_minus_electrode,all,macro_ap,17,0.7231164422085778,0.725216373292499,-0.002099931083921147,3,0.002706090413290285,0.0042292683184143335,-0.007799994509463469,0.01321217533604404
resnet,ma,0,all,covariance_minus_electrode,all,macro_ap,29,0.7471939266272969,0.7413342733117171,0.005859653315579805,3,0.002706090413290285,0.0042292683184143335,-0.007799994509463469,0.01321217533604404
resnet,ma,0,all,covariance_minus_electrode,all,macro_ap,43,0.7387784193755743,0.7344198703673621,0.004358549008212198,3,0.002706090413290285,0.0042292683184143335,-0.007799994509463469,0.01321217533604404
resnet,ma,0,all,covariance_minus_electrode,all,macro_f1,17,0.6530327828882193,0.6545637326764693,-0.001530949788249969,3,0.002732190671619302,0.005407293453603197,-0.010700270914810624,0.01616465225804923
resnet,ma,0,all,covariance_minus_electrode,all,macro_f1,29,0.6693426645067643,0.6605282014450938,0.008814463061670441,3,0.002732190671619302,0.005407293453603197,-0.010700270914810624,0.01616465225804923
resnet,ma,0,all,covariance_minus_electrode,all,macro_f1,43,0.665572468442921,0.6646594097014835,0.0009130587414374336,3,0.002732190671619302,0.005407293453603197,-0.010700270914810624,0.01616465225804923
resnet,ma,0,all,noisy_minus_clean,covariance,macro_auroc,17,0.8703812736033862,0.9068922993183458,-0.036511025714959566,3,-0.03080697429257258,0.005790436343865357,-0.04519121558167996,-0.016422733003465202
resnet,ma,0,all,noisy_minus_clean,covariance,macro_auroc,29,0.8829774055395012,0.907911261424449,-0.024933855884947786,3,-0.03080697429257258,0.005790436343865357,-0.04519121558167996,-0.016422733003465202
resnet,ma,0,all,noisy_minus_clean,covariance,macro_auroc,43,0.8777244632455024,0.9087005045233127,-0.030976041277810396,3,-0.03080697429257258,0.005790436343865357,-0.04519121558167996,-0.016422733003465202
resnet,ma,0,all,noisy_minus_clean,covariance,macro_ap,17,0.7231164422085778,0.7807184945903615,-0.05760205238178362,3,-0.0497060118145168,0.007134571961333971,-0.06742927108064341,-0.0319827525483902
resnet,ma,0,all,noisy_minus_clean,covariance,macro_ap,29,0.7471939266272969,0.7909168445498038,-0.04372291792250693,3,-0.0497060118145168,0.007134571961333971,-0.06742927108064341,-0.0319827525483902
resnet,ma,0,all,noisy_minus_clean,covariance,macro_ap,43,0.7387784193755743,0.7865714845148342,-0.04779306513925985,3,-0.0497060118145168,0.007134571961333971,-0.06742927108064341,-0.0319827525483902
resnet,ma,0,all,noisy_minus_clean,covariance,macro_f1,17,0.6530327828882193,0.7118815125857424,-0.05884872969752308,3,-0.055086525246468364,0.0032710391904011513,-0.06321223705585644,-0.04696081343708029
resnet,ma,0,all,noisy_minus_clean,covariance,macro_f1,29,0.6693426645067643,0.7222581554037724,-0.05291549089700809,3,-0.055086525246468364,0.0032710391904011513,-0.06321223705585644,-0.04696081343708029
resnet,ma,0,all,noisy_minus_clean,covariance,macro_f1,43,0.665572468442921,0.7190678235877949,-0.05349535514487391,3,-0.055086525246468364,0.0032710391904011513,-0.06321223705585644,-0.04696081343708029
resnet,ma,0,all,noisy_minus_clean,electrode,macro_auroc,17,0.8707542876777252,0.9068922993183458,-0.03613801164062058,3,-0.033342223247580106,0.002432983340369614,-0.039386088915377655,-0.027298357579782558
resnet,ma,0,all,noisy_minus_clean,electrode,macro_auroc,29,0.8762058536585883,0.907911261424449,-0.03170540776586073,3,-0.033342223247580106,0.002432983340369614,-0.039386088915377655,-0.027298357579782558
resnet,ma,0,all,noisy_minus_clean,electrode,macro_auroc,43,0.8765172541870537,0.9087005045233127,-0.03218325033625902,3,-0.033342223247580106,0.002432983340369614,-0.039386088915377655,-0.027298357579782558
resnet,ma,0,all,noisy_minus_clean,electrode,macro_ap,17,0.725216373292499,0.7807184945903615,-0.05550212129786247,3,-0.05241210222780709,0.0029683596071812465,-0.05978591626995104,-0.04503828818566313
resnet,ma,0,all,noisy_minus_clean,electrode,macro_ap,29,0.7413342733117171,0.7909168445498038,-0.04958257123808674,3,-0.05241210222780709,0.0029683596071812465,-0.05978591626995104,-0.04503828818566313
resnet,ma,0,all,noisy_minus_clean,electrode,macro_ap,43,0.7344198703673621,0.7865714845148342,-0.05215161414747205,3,-0.05241210222780709,0.0029683596071812465,-0.05978591626995104,-0.04503828818566313
resnet,ma,0,all,noisy_minus_clean,electrode,macro_f1,17,0.6545637326764693,0.7118815125857424,-0.057317779909273114,3,-0.05781871591808766,0.0036863857532161365,-0.06697620578759753,-0.048661226048577796
resnet,ma,0,all,noisy_minus_clean,electrode,macro_f1,29,0.6605282014450938,0.7222581554037724,-0.06172995395867853,3,-0.05781871591808766,0.0036863857532161365,-0.06697620578759753,-0.048661226048577796
resnet,ma,0,all,noisy_minus_clean,electrode,macro_f1,43,0.6646594097014835,0.7190678235877949,-0.054408413886311346,3,-0.05781871591808766,0.0036863857532161365,-0.06697620578759753,-0.048661226048577796
resnet,ma,0,all,noisy_minus_clean,independent,macro_auroc,17,0.870565399148358,0.9068922993183458,-0.03632690016998785,3,-0.02977926703613217,0.005887052548268374,-0.044403516282160285,-0.01515501779010405
resnet,ma,0,all,noisy_minus_clean,independent,macro_auroc,29,0.8829881392917158,0.907911261424449,-0.024923122132733178,3,-0.02977926703613217,0.005887052548268374,-0.044403516282160285,-0.01515501779010405
resnet,ma,0,all,noisy_minus_clean,independent,macro_auroc,43,0.8806127257176373,0.9087005045233127,-0.02808777880567548,3,-0.02977926703613217,0.005887052548268374,-0.044403516282160285,-0.01515501779010405
resnet,ma,0,all,noisy_minus_clean,independent,macro_ap,17,0.7250550672588277,0.7807184945903615,-0.05566342733153373,3,-0.04871129510540891,0.006646426685992006,-0.06522193428426082,-0.032200655926557006
resnet,ma,0,all,noisy_minus_clean,independent,macro_ap,29,0.748496909649577,0.7909168445498038,-0.042419934900226774,3,-0.04871129510540891,0.006646426685992006,-0.06522193428426082,-0.032200655926557006
resnet,ma,0,all,noisy_minus_clean,independent,macro_ap,43,0.7385209614303679,0.7865714845148342,-0.04805052308446622,3,-0.04871129510540891,0.006646426685992006,-0.06522193428426082,-0.032200655926557006
resnet,ma,0,all,noisy_minus_clean,independent,macro_f1,17,0.6401916182008164,0.7118815125857424,-0.07168989438492601,3,-0.05588395796701181,0.016031001628532132,-0.09570717366908593,-0.016060742264937686
resnet,ma,0,all,noisy_minus_clean,independent,macro_f1,29,0.6659331681817535,0.7222581554037724,-0.05632498722201884,3,-0.05588395796701181,0.016031001628532132,-0.09570717366908593,-0.016060742264937686
resnet,ma,0,all,noisy_minus_clean,independent,macro_f1,43,0.6794308312937043,0.7190678235877949,-0.03963699229409057,3,-0.05588395796701181,0.016031001628532132,-0.09570717366908593,-0.016060742264937686
resnet,ma,0,all,noisy_minus_clean,independent_rms,macro_auroc,17,0.8668922186906333,0.9068922993183458,-0.04000008062771254,3,-0.0344422036077876,0.004842521432867603,-0.046471693718984186,-0.02241271349659102
resnet,ma,0,all,noisy_minus_clean,independent_rms,macro_auroc,29,0.876779518763897,0.907911261424449,-0.031131742660551964,3,-0.0344422036077876,0.004842521432867603,-0.046471693718984186,-0.02241271349659102
resnet,ma,0,all,noisy_minus_clean,independent_rms,macro_auroc,43,0.8765057169882144,0.9087005045233127,-0.0321947875350983,3,-0.0344422036077876,0.004842521432867603,-0.046471693718984186,-0.02241271349659102
resnet,ma,0,all,noisy_minus_clean,independent_rms,macro_ap,17,0.7176839157456549,0.7807184945903615,-0.06303457884470653,3,-0.057395162494708364,0.00488547849489046,-0.0695313638636606,-0.04525896112575613
resnet,ma,0,all,noisy_minus_clean,independent_rms,macro_ap,29,0.7362163400498981,0.7909168445498038,-0.05470050449990571,3,-0.057395162494708364,0.00488547849489046,-0.0695313638636606,-0.04525896112575613
resnet,ma,0,all,noisy_minus_clean,independent_rms,macro_ap,43,0.7321210803753213,0.7865714845148342,-0.054450404139512854,3,-0.057395162494708364,0.00488547849489046,-0.0695313638636606,-0.04525896112575613
resnet,ma,0,all,noisy_minus_clean,independent_rms,macro_f1,17,0.6397800334858434,0.7118815125857424,-0.07210147909989895,3,-0.06716942939966504,0.00858106093820809,-0.08848596648283126,-0.04585289231649882
resnet,ma,0,all,noisy_minus_clean,independent_rms,macro_f1,29,0.650112253212904,0.7222581554037724,-0.07214590219086836,3,-0.06716942939966504,0.00858106093820809,-0.08848596648283126,-0.04585289231649882
resnet,ma,0,all,noisy_minus_clean,independent_rms,macro_f1,43,0.661806916679567,0.7190678235877949,-0.05726090690822783,3,-0.06716942939966504,0.00858106093820809,-0.08848596648283126,-0.04585289231649882
resnet,ma,10,all,electrode_minus_independent_rms,all,macro_auroc,17,0.90225880987183,0.9015652091433572,0.0006936007284727985,3,-4.534766044865061e-05,0.0011124019703965774,-0.002808707345701918,0.0027180120248046172
resnet,ma,10,all,electrode_minus_independent_rms,all,macro_auroc,29,0.9031885613860556,0.904513275873436,-0.001324714487380363,3,-4.534766044865061e-05,0.0011124019703965774,-0.002808707345701918,0.0027180120248046172
resnet,ma,10,all,electrode_minus_independent_rms,all,macro_auroc,43,0.9054173379343816,0.90492226715682,0.0004950707775616126,3,-4.534766044865061e-05,0.0011124019703965774,-0.002808707345701918,0.0027180120248046172
resnet,ma,10,all,electrode_minus_independent_rms,all,macro_ap,17,0.7726613874346766,0.7728074608310808,-0.00014607339640415606,3,-0.0004442721601002712,0.0018034811833850597,-0.004924367780123692,0.004035823459923149
resnet,ma,10,all,electrode_minus_independent_rms,all,macro_ap,29,0.7835427857120253,0.7859210529096974,-0.0023782671976720904,3,-0.0004442721601002712,0.0018034811833850597,-0.004924367780123692,0.004035823459923149
resnet,ma,10,all,electrode_minus_independent_rms,all,macro_ap,43,0.781144100940274,0.7799525768264985,0.0011915241137754329,3,-0.0004442721601002712,0.0018034811833850597,-0.004924367780123692,0.004035823459923149
resnet,ma,10,all,electrode_minus_independent_rms,all,macro_f1,17,0.707263308958519,0.7027639526135828,0.004499356344936145,3,0.001156794304204345,0.0029686684273293918,-0.006217786889715753,0.008531375498124442
resnet,ma,10,all,electrode_minus_independent_rms,all,macro_f1,29,0.7095713403894565,0.71074419743022,-0.0011728570407635308,3,0.001156794304204345,0.0029686684273293918,-0.006217786889715753,0.008531375498124442
resnet,ma,10,all,electrode_minus_independent_rms,all,macro_f1,43,0.7106512539325384,0.7105073703240979,0.00014388360844042047,3,0.001156794304204345,0.0029686684273293918,-0.006217786889715753,0.008531375498124442
resnet,ma,10,all,electrode_minus_independent,all,macro_auroc,17,0.90225880987183,0.9023280474154888,-6.923754365872892e-05,3,-0.0003267930914930828,0.0007411850625671807,-0.0021679988567794278,0.001514412673793262
resnet,ma,10,all,electrode_minus_independent,all,macro_auroc,29,0.9031885613860556,0.904350959070289,-0.0011623976842333184,3,-0.0003267930914930828,0.0007411850625671807,-0.0021679988567794278,0.001514412673793262
resnet,ma,10,all,electrode_minus_independent,all,macro_auroc,43,0.9054173379343816,0.9051660819809688,0.00025125595341279894,3,-0.0003267930914930828,0.0007411850625671807,-0.0021679988567794278,0.001514412673793262
resnet,ma,10,all,electrode_minus_independent,all,macro_ap,17,0.7726613874346766,0.7733765564098838,-0.000715168975207181,3,-0.0006175819345796881,0.001994621273522478,-0.005572495860734942,0.004337331991575566
resnet,ma,10,all,electrode_minus_independent,all,macro_ap,29,0.7835427857120253,0.7861044041747185,-0.002561618462693205,3,-0.0006175819345796881,0.001994621273522478,-0.005572495860734942,0.004337331991575566
resnet,ma,10,all,electrode_minus_independent,all,macro_ap,43,0.781144100940274,0.7797200593061127,0.0014240416341613216,3,-0.0006175819345796881,0.001994621273522478,-0.005572495860734942,0.004337331991575566
resnet,ma,10,all,electrode_minus_independent,all,macro_f1,17,0.707263308958519,0.7059070671178499,0.0013562418406690702,3,0.0005894201570291931,0.0008265237904582611,-0.0014637787604815568,0.0026426190745399434
resnet,ma,10,all,electrode_minus_independent,all,macro_f1,29,0.7095713403894565,0.7098573980974445,-0.0002860577079880633,3,0.0005894201570291931,0.0008265237904582611,-0.0014637787604815568,0.0026426190745399434
resnet,ma,10,all,electrode_minus_independent,all,macro_f1,43,0.7106512539325384,0.7099531775941318,0.0006980763384065725,3,0.0005894201570291931,0.0008265237904582611,-0.0014637787604815568,0.0026426190745399434
resnet,ma,10,all,covariance_minus_electrode,all,macro_auroc,17,0.9024632646874708,0.90225880987183,0.0002044548156407977,3,0.00016392933372836685,0.0017349904234068025,-0.004146025806528733,0.004473884473985467
resnet,ma,10,all,covariance_minus_electrode,all,macro_auroc,29,0.9050668633968048,0.9031885613860556,0.0018783020107491222,3,0.00016392933372836685,0.0017349904234068025,-0.004146025806528733,0.004473884473985467
resnet,ma,10,all,covariance_minus_electrode,all,macro_auroc,43,0.9038263691091768,0.9054173379343816,-0.0015909688252048193,3,0.00016392933372836685,0.0017349904234068025,-0.004146025806528733,0.004473884473985467
resnet,ma,10,all,covariance_minus_electrode,all,macro_ap,17,0.7746221091715619,0.7726613874346766,0.001960721736885329,3,0.0010751083753575141,0.0021967056498641735,-0.004381810971017472,0.0065320277217325
resnet,ma,10,all,covariance_minus_electrode,all,macro_ap,29,0.7862335534477665,0.7835427857120253,0.002690767735741173,3,0.0010751083753575141,0.0021967056498641735,-0.004381810971017472,0.0065320277217325
resnet,ma,10,all,covariance_minus_electrode,all,macro_ap,43,0.77971793659372,0.781144100940274,-0.0014261643465539597,3,0.0010751083753575141,0.0021967056498641735,-0.004381810971017472,0.0065320277217325
resnet,ma,10,all,covariance_minus_electrode,all,macro_f1,17,0.7044808646139691,0.707263308958519,-0.0027824443445498837,3,0.0015114063754354534,0.0037900709082263834,-0.007903651697780855,0.010926464448651762
resnet,ma,10,all,covariance_minus_electrode,all,macro_f1,29,0.712497024880131,0.7095713403894565,0.0029256844906745405,3,0.0015114063754354534,0.0037900709082263834,-0.007903651697780855,0.010926464448651762
resnet,ma,10,all,covariance_minus_electrode,all,macro_f1,43,0.7150422329127201,0.7106512539325384,0.004390978980181703,3,0.0015114063754354534,0.0037900709082263834,-0.007903651697780855,0.010926464448651762
resnet,ma,10,all,noisy_minus_clean,covariance,macro_auroc,17,0.9024632646874708,0.9068922993183458,-0.004429034630874962,3,-0.004049189357551719,0.001066850640099189,-0.006699393265394251,-0.0013989854497091867
resnet,ma,10,all,noisy_minus_clean,covariance,macro_auroc,29,0.9050668633968048,0.907911261424449,-0.002844398027644246,3,-0.004049189357551719,0.001066850640099189,-0.006699393265394251,-0.0013989854497091867
resnet,ma,10,all,noisy_minus_clean,covariance,macro_auroc,43,0.9038263691091768,0.9087005045233127,-0.004874135414135949,3,-0.004049189357551719,0.001066850640099189,-0.006699393265394251,-0.0013989854497091867
resnet,ma,10,all,noisy_minus_clean,covariance,macro_ap,17,0.7746221091715619,0.7807184945903615,-0.0060963854187995326,3,-0.005877741480650345,0.0011015250991032223,-0.008614081519738269,-0.0031414014415624206
resnet,ma,10,all,noisy_minus_clean,covariance,macro_ap,29,0.7862335534477665,0.7909168445498038,-0.004683291102037357,3,-0.005877741480650345,0.0011015250991032223,-0.008614081519738269,-0.0031414014415624206
resnet,ma,10,all,noisy_minus_clean,covariance,macro_ap,43,0.77971793659372,0.7865714845148342,-0.006853547921114145,3,-0.005877741480650345,0.0011015250991032223,-0.008614081519738269,-0.0031414014415624206
resnet,ma,10,all,noisy_minus_clean,covariance,macro_f1,17,0.7044808646139691,0.7118815125857424,-0.007400647971773311,3,-0.007062456390163156,0.002882687027415172,-0.0142234479460499,9.853516572358792e-05
resnet,ma,10,all,noisy_minus_clean,covariance,macro_f1,29,0.712497024880131,0.7222581554037724,-0.00976113052364136,3,-0.007062456390163156,0.002882687027415172,-0.0142234479460499,9.853516572358792e-05
resnet,ma,10,all,noisy_minus_clean,covariance,macro_f1,43,0.7150422329127201,0.7190678235877949,-0.004025590675074797,3,-0.007062456390163156,0.002882687027415172,-0.0142234479460499,9.853516572358792e-05
resnet,ma,10,all,noisy_minus_clean,electrode,macro_auroc,17,0.90225880987183,0.9068922993183458,-0.0046334894465157594,3,-0.004213118691280086,0.0008065964399395899,-0.006216815325872751,-0.002209422056687421
resnet,ma,10,all,noisy_minus_clean,electrode,macro_auroc,29,0.9031885613860556,0.907911261424449,-0.004722700038393368,3,-0.004213118691280086,0.0008065964399395899,-0.006216815325872751,-0.002209422056687421
resnet,ma,10,all,noisy_minus_clean,electrode,macro_auroc,43,0.9054173379343816,0.9087005045233127,-0.00328316658893113,3,-0.004213118691280086,0.0008065964399395899,-0.006216815325872751,-0.002209422056687421
resnet,ma,10,all,noisy_minus_clean,electrode,macro_ap,17,0.7726613874346766,0.7807184945903615,-0.008057107155684862,3,-0.006952849856007859,0.0013645234637132528,-0.010342514050744128,-0.0035631856612715904
resnet,ma,10,all,noisy_minus_clean,electrode,macro_ap,29,0.7835427857120253,0.7909168445498038,-0.00737405883777853,3,-0.006952849856007859,0.0013645234637132528,-0.010342514050744128,-0.0035631856612715904
resnet,ma,10,all,noisy_minus_clean,electrode,macro_ap,43,0.781144100940274,0.7865714845148342,-0.005427383574560185,3,-0.006952849856007859,0.0013645234637132528,-0.010342514050744128,-0.0035631856612715904
resnet,ma,10,all,noisy_minus_clean,electrode,macro_f1,17,0.707263308958519,0.7118815125857424,-0.004618203627223427,3,-0.008573862765598609,0.004036604794985558,-0.018601344964130177,0.0014536194329329618
resnet,ma,10,all,noisy_minus_clean,electrode,macro_f1,29,0.7095713403894565,0.7222581554037724,-0.0126868150143159,3,-0.008573862765598609,0.004036604794985558,-0.018601344964130177,0.0014536194329329618
resnet,ma,10,all,noisy_minus_clean,electrode,macro_f1,43,0.7106512539325384,0.7190678235877949,-0.0084165696552565,3,-0.008573862765598609,0.004036604794985558,-0.018601344964130177,0.0014536194329329618
resnet,ma,10,all,noisy_minus_clean,independent,macro_auroc,17,0.9023280474154888,0.9068922993183458,-0.0045642519028570305,3,-0.003886325599787003,0.0005872439829070668,-0.005345120523706836,-0.00242753067586717
resnet,ma,10,all,noisy_minus_clean,independent,macro_auroc,29,0.904350959070289,0.907911261424449,-0.00356030235416005,3,-0.003886325599787003,0.0005872439829070668,-0.005345120523706836,-0.00242753067586717
resnet,ma,10,all,noisy_minus_clean,independent,macro_auroc,43,0.9051660819809688,0.9087005045233127,-0.003534422542343929,3,-0.003886325599787003,0.0005872439829070668,-0.005345120523706836,-0.00242753067586717
resnet,ma,10,all,noisy_minus_clean,independent,macro_ap,17,0.7733765564098838,0.7807184945903615,-0.007341938180477681,3,-0.006335267921428171,0.0013414184827229337,-0.009667536161557825,-0.0030029996812985173
resnet,ma,10,all,noisy_minus_clean,independent,macro_ap,29,0.7861044041747185,0.7909168445498038,-0.004812440375085325,3,-0.006335267921428171,0.0013414184827229337,-0.009667536161557825,-0.0030029996812985173
resnet,ma,10,all,noisy_minus_clean,independent,macro_ap,43,0.7797200593061127,0.7865714845148342,-0.006851425208721507,3,-0.006335267921428171,0.0013414184827229337,-0.009667536161557825,-0.0030029996812985173
resnet,ma,10,all,noisy_minus_clean,independent,macro_f1,17,0.7059070671178499,0.7118815125857424,-0.005974445467892497,3,-0.009163282922627802,0.0032134319853309307,-0.017145890501434176,-0.001180675343821427
resnet,ma,10,all,noisy_minus_clean,independent,macro_f1,29,0.7098573980974445,0.7222581554037724,-0.012400757306327836,3,-0.009163282922627802,0.0032134319853309307,-0.017145890501434176,-0.001180675343821427
resnet,ma,10,all,noisy_minus_clean,independent,macro_f1,43,0.7099531775941318,0.7190678235877949,-0.009114645993663073,3,-0.009163282922627802,0.0032134319853309307,-0.017145890501434176,-0.001180675343821427
resnet,ma,10,all,noisy_minus_clean,independent_rms,macro_auroc,17,0.9015652091433572,0.9068922993183458,-0.005327090174988558,3,-0.004167771030831435,0.0010218431970223276,-0.0067061702520186655,-0.0016293718096442055
resnet,ma,10,all,noisy_minus_clean,independent_rms,macro_auroc,29,0.904513275873436,0.907911261424449,-0.0033979855510130053,3,-0.004167771030831435,0.0010218431970223276,-0.0067061702520186655,-0.0016293718096442055
resnet,ma,10,all,noisy_minus_clean,independent_rms,macro_auroc,43,0.90492226715682,0.9087005045233127,-0.0037782373664927427,3,-0.004167771030831435,0.0010218431970223276,-0.0067061702520186655,-0.0016293718096442055
resnet,ma,10,all,noisy_minus_clean,independent_rms,macro_ap,17,0.7728074608310808,0.7807184945903615,-0.007911033759280706,3,-0.006508577695907587,0.0014607493569308164,-0.010137280260829504,-0.002879875130985671
resnet,ma,10,all,noisy_minus_clean,independent_rms,macro_ap,29,0.7859210529096974,0.7909168445498038,-0.0049957916401064395,3,-0.006508577695907587,0.0014607493569308164,-0.010137280260829504,-0.002879875130985671
resnet,ma,10,all,noisy_minus_clean,independent_rms,macro_ap,43,0.7799525768264985,0.7865714845148342,-0.006618907688335618,3,-0.006508577695907587,0.0014607493569308164,-0.010137280260829504,-0.002879875130985671
resnet,ma,10,all,noisy_minus_clean,independent_rms,macro_f1,17,0.7027639526135828,0.7118815125857424,-0.009117559972159572,3,-0.009730657069802954,0.0015693035258160328,-0.013629023139417008,-0.005832291000188899
resnet,ma,10,all,noisy_minus_clean,independent_rms,macro_f1,29,0.71074419743022,0.7222581554037724,-0.011513957973552369,3,-0.009730657069802954,0.0015693035258160328,-0.013629023139417008,-0.005832291000188899
resnet,ma,10,all,noisy_minus_clean,independent_rms,macro_f1,43,0.7105073703240979,0.7190678235877949,-0.008560453263696921,3,-0.009730657069802954,0.0015693035258160328,-0.013629023139417008,-0.005832291000188899
resnet,ma,20,all,electrode_minus_independent_rms,all,macro_auroc,17,0.9062284678091684,0.9064825327794586,-0.0002540649702901243,3,-0.0001412341663672804,0.00042381902319030523,-0.0011940589848184583,0.0009115906520838975
resnet,ma,20,all,electrode_minus_independent_rms,all,macro_auroc,29,0.9068816559676292,0.9073788755948888,-0.0004972196272596818,3,-0.0001412341663672804,0.00042381902319030523,-0.0011940589848184583,0.0009115906520838975
resnet,ma,20,all,electrode_minus_independent_rms,all,macro_auroc,43,0.908743169155118,0.90841558705667,0.00032758209844796493,3,-0.0001412341663672804,0.00042381902319030523,-0.0011940589848184583,0.0009115906520838975
resnet,ma,20,all,electrode_minus_independent_rms,all,macro_ap,17,0.7793468448949618,0.7801300132848237,-0.0007831683898619213,3,-0.00046789057570225295,0.0005186314122828082,-0.0017562424254363447,0.0008204612740318389
resnet,ma,20,all,electrode_minus_independent_rms,all,macro_ap,29,0.789201799979445,0.7899529920825146,-0.00075119210306962,3,-0.00046789057570225295,0.0005186314122828082,-0.0017562424254363447,0.0008204612740318389
resnet,ma,20,all,electrode_minus_independent_rms,all,macro_ap,43,0.7863128848023797,0.7861821960365549,0.0001306887658247824,3,-0.00046789057570225295,0.0005186314122828082,-0.0017562424254363447,0.0008204612740318389
resnet,ma,20,all,electrode_minus_independent_rms,all,macro_f1,17,0.7093599192882396,0.7105028571660649,-0.0011429378778252675,3,-0.0005944720454722127,0.0007134217541920741,-0.002366709929421856,0.0011777658384774306
resnet,ma,20,all,electrode_minus_independent_rms,all,macro_f1,29,0.718676306187507,0.7184642300695944,0.0002120761179126296,3,-0.0005944720454722127,0.0007134217541920741,-0.002366709929421856,0.0011777658384774306
resnet,ma,20,all,electrode_minus_independent_rms,all,macro_f1,43,0.7157648406730746,0.7166173950495786,-0.000852554376504,3,-0.0005944720454722127,0.0007134217541920741,-0.002366709929421856,0.0011777658384774306
resnet,ma,20,all,electrode_minus_independent,all,macro_auroc,17,0.9062284678091684,0.9067094350875812,-0.0004809672784127361,3,-0.00023934170448173622,0.0003708458489621426,-0.0011605738631232454,0.0006818904541597729
resnet,ma,20,all,electrode_minus_independent,all,macro_auroc,29,0.9068816559676292,0.907306353882938,-0.00042469791530885814,3,-0.00023934170448173622,0.0003708458489621426,-0.0011605738631232454,0.0006818904541597729
resnet,ma,20,all,electrode_minus_independent,all,macro_auroc,43,0.908743169155118,0.9085555290748416,0.00018764008027638557,3,-0.00023934170448173622,0.0003708458489621426,-0.0011605738631232454,0.0006818904541597729
resnet,ma,20,all,electrode_minus_independent,all,macro_ap,17,0.7793468448949618,0.7802452027097935,-0.0008983578148317184,3,-0.0004682759076813185,0.0006258772799168997,-0.0020230412616313396,0.0010864894462687025
resnet,ma,20,all,electrode_minus_independent,all,macro_ap,29,0.789201799979445,0.7899580205539942,-0.0007562205745492712,3,-0.0004682759076813185,0.0006258772799168997,-0.0020230412616313396,0.0010864894462687025
resnet,ma,20,all,electrode_minus_independent,all,macro_ap,43,0.7863128848023797,0.7860631341360427,0.00024975066633703413,3,-0.0004682759076813185,0.0006258772799168997,-0.0020230412616313396,0.0010864894462687025
resnet,ma,20,all,electrode_minus_independent,all,macro_f1,17,0.7093599192882396,0.7103627428974466,-0.0010028236092070042,3,-0.0014762025141933737,0.0004465377979269804,-0.0025854638977319874,-0.00036694113065475977
resnet,ma,20,all,electrode_minus_independent,all,macro_f1,29,0.718676306187507,0.7202121944417667,-0.0015358882542596541,3,-0.0014762025141933737,0.0004465377979269804,-0.0025854638977319874,-0.00036694113065475977
resnet,ma,20,all,electrode_minus_independent,all,macro_f1,43,0.7157648406730746,0.717654736352188,-0.0018898956791134625,3,-0.0014762025141933737,0.0004465377979269804,-0.0025854638977319874,-0.00036694113065475977
resnet,ma,20,all,covariance_minus_electrode,all,macro_auroc,17,0.9063317199846216,0.9062284678091684,0.00010325217545315013,3,-9.615602057818269e-05,0.0008303045432244464,-0.0021587468486141017,0.001966434807457736
resnet,ma,20,all,covariance_minus_electrode,all,macro_auroc,29,0.907497942949637,0.9068816559676292,0.0006162869820078853,3,-9.615602057818269e-05,0.0008303045432244464,-0.0021587468486141017,0.001966434807457736
resnet,ma,20,all,covariance_minus_electrode,all,macro_auroc,43,0.9077351619359224,0.908743169155118,-0.0010080072191955836,3,-9.615602057818269e-05,0.0008303045432244464,-0.0021587468486141017,0.001966434807457736
resnet,ma,20,all,covariance_minus_electrode,all,macro_ap,17,0.7800640210930535,0.7793468448949618,0.0007171761980917513,3,0.00010335467243027807,0.0014675575099290183,-0.003542260282101628,0.003748969626962184
resnet,ma,20,all,covariance_minus_electrode,all,macro_ap,29,0.7903661409597063,0.789201799979445,0.0011643409802613025,3,0.00010335467243027807,0.0014675575099290183,-0.003542260282101628,0.003748969626962184
resnet,ma,20,all,covariance_minus_electrode,all,macro_ap,43,0.7847414316413175,0.7863128848023797,-0.0015714531610622196,3,0.00010335467243027807,0.0014675575099290183,-0.003542260282101628,0.003748969626962184
resnet,ma,20,all,covariance_minus_electrode,all,macro_f1,17,0.7083514688768393,0.7093599192882396,-0.0010084504114002968,3,0.0019397238933342258,0.0029594780211631114,-0.005412027066042195,0.009291474852710646
resnet,ma,20,all,covariance_minus_electrode,all,macro_f1,29,0.7205935507096537,0.718676306187507,0.0019172445221466994,3,0.0019397238933342258,0.0029594780211631114,-0.005412027066042195,0.009291474852710646
resnet,ma,20,all,covariance_minus_electrode,all,macro_f1,43,0.7206752182423308,0.7157648406730746,0.0049103775692562746,3,0.0019397238933342258,0.0029594780211631114,-0.005412027066042195,0.009291474852710646
resnet,ma,20,all,noisy_minus_clean,covariance,macro_auroc,17,0.9063317199846216,0.9068922993183458,-0.0005605793337242204,3,-0.0006464134653088408,0.0002858466001645816,-0.0013564957845444965,6.366885392681491e-05
resnet,ma,20,all,noisy_minus_clean,covariance,macro_auroc,29,0.907497942949637,0.907911261424449,-0.0004133184748119634,3,-0.0006464134653088408,0.0002858466001645816,-0.0013564957845444965,6.366885392681491e-05
resnet,ma,20,all,noisy_minus_clean,covariance,macro_auroc,43,0.9077351619359224,0.9087005045233127,-0.0009653425873903387,3,-0.0006464134653088408,0.0002858466001645816,-0.0013564957845444965,6.366885392681491e-05
resnet,ma,20,all,noisy_minus_clean,covariance,macro_ap,17,0.7800640210930535,0.7807184945903615,-0.0006544734973079613,3,-0.001011743320307401,0.0007105736711036962,-0.002776906173651094,0.0007534195330362917
resnet,ma,20,all,noisy_minus_clean,covariance,macro_ap,29,0.7903661409597063,0.7909168445498038,-0.0005507035900975676,3,-0.001011743320307401,0.0007105736711036962,-0.002776906173651094,0.0007534195330362917
resnet,ma,20,all,noisy_minus_clean,covariance,macro_ap,43,0.7847414316413175,0.7865714845148342,-0.0018300528735166743,3,-0.001011743320307401,0.0007105736711036962,-0.002776906173651094,0.0007534195330362917
resnet,ma,20,all,noisy_minus_clean,covariance,macro_f1,17,0.7083514688768393,0.7118815125857424,-0.0035300437089030856,3,-0.001195751249495262,0.002600612600703006,-0.007656031084474644,0.00526452858548412
resnet,ma,20,all,noisy_minus_clean,covariance,macro_f1,29,0.7205935507096537,0.7222581554037724,-0.0016646046941186654,3,-0.001195751249495262,0.002600612600703006,-0.007656031084474644,0.00526452858548412
resnet,ma,20,all,noisy_minus_clean,covariance,macro_f1,43,0.7206752182423308,0.7190678235877949,0.0016073946545359652,3,-0.001195751249495262,0.002600612600703006,-0.007656031084474644,0.00526452858548412
resnet,ma,20,all,noisy_minus_clean,electrode,macro_auroc,17,0.9062284678091684,0.9068922993183458,-0.0006638315091773705,3,-0.0005502574447306582,0.0005450826421986174,-0.0019043177922199758,0.0008038029027586593
resnet,ma,20,all,noisy_minus_clean,electrode,macro_auroc,29,0.9068816559676292,0.907911261424449,-0.0010296054568198487,3,-0.0005502574447306582,0.0005450826421986174,-0.0019043177922199758,0.0008038029027586593
resnet,ma,20,all,noisy_minus_clean,electrode,macro_auroc,43,0.908743169155118,0.9087005045233127,4.2664631805244824e-05,3,-0.0005502574447306582,0.0005450826421986174,-0.0019043177922199758,0.0008038029027586593
resnet,ma,20,all,noisy_minus_clean,electrode,macro_ap,17,0.7793468448949618,0.7807184945903615,-0.0013716496953997126,3,-0.0011150979927376792,0.0007613619297897318,-0.0030064258747959207,0.0007762298893205625
resnet,ma,20,all,noisy_minus_clean,electrode,macro_ap,29,0.789201799979445,0.7909168445498038,-0.0017150445703588701,3,-0.0011150979927376792,0.0007613619297897318,-0.0030064258747959207,0.0007762298893205625
resnet,ma,20,all,noisy_minus_clean,electrode,macro_ap,43,0.7863128848023797,0.7865714845148342,-0.0002585997124544548,3,-0.0011150979927376792,0.0007613619297897318,-0.0030064258747959207,0.0007762298893205625
resnet,ma,20,all,noisy_minus_clean,electrode,macro_f1,17,0.7093599192882396,0.7118815125857424,-0.002521593297502789,3,-0.003135475142829488,0.0005496178613824692,-0.004500801599324325,-0.0017701486863346502
resnet,ma,20,all,noisy_minus_clean,electrode,macro_f1,29,0.718676306187507,0.7222581554037724,-0.003581849216265365,3,-0.003135475142829488,0.0005496178613824692,-0.004500801599324325,-0.0017701486863346502
resnet,ma,20,all,noisy_minus_clean,electrode,macro_f1,43,0.7157648406730746,0.7190678235877949,-0.0033029829147203094,3,-0.003135475142829488,0.0005496178613824692,-0.004500801599324325,-0.0017701486863346502
resnet,ma,20,all,noisy_minus_clean,independent,macro_auroc,17,0.9067094350875812,0.9068922993183458,-0.00018286423076463443,3,-0.00031091574024892193,0.0002553081948604621,-0.0009451364552128382,0.0003233049747149944
resnet,ma,20,all,noisy_minus_clean,independent,macro_auroc,29,0.907306353882938,0.907911261424449,-0.0006049075415109906,3,-0.00031091574024892193,0.0002553081948604621,-0.0009451364552128382,0.0003233049747149944
resnet,ma,20,all,noisy_minus_clean,independent,macro_auroc,43,0.9085555290748416,0.9087005045233127,-0.00014497544847114074,3,-0.00031091574024892193,0.0002553081948604621,-0.0009451364552128382,0.0003233049747149944
resnet,ma,20,all,noisy_minus_clean,independent,macro_ap,17,0.7802452027097935,0.7807184945903615,-0.0004732918805679942,3,-0.0006468220850563607,0.00027076958619770325,-0.0013194510253167716,2.5806855204050117e-05
resnet,ma,20,all,noisy_minus_clean,independent,macro_ap,29,0.7899580205539942,0.7909168445498038,-0.000958823995809599,3,-0.0006468220850563607,0.00027076958619770325,-0.0013194510253167716,2.5806855204050117e-05
resnet,ma,20,all,noisy_minus_clean,independent,macro_ap,43,0.7860631341360427,0.7865714845148342,-0.0005083503787914889,3,-0.0006468220850563607,0.00027076958619770325,-0.0013194510253167716,2.5806855204050117e-05
resnet,ma,20,all,noisy_minus_clean,independent,macro_f1,17,0.7103627428974466,0.7118815125857424,-0.0015187696882957846,3,-0.0016592726286361141,0.0003390252137742923,-0.0025014579473966146,-0.0008170873098756139
resnet,ma,20,all,noisy_minus_clean,independent,macro_f1,29,0.7202121944417667,0.7222581554037724,-0.0020459609620057106,3,-0.0016592726286361141,0.0003390252137742923,-0.0025014579473966146,-0.0008170873098756139
resnet,ma,20,all,noisy_minus_clean,independent,macro_f1,43,0.717654736352188,0.7190678235877949,-0.001413087235606847,3,-0.0016592726286361141,0.0003390252137742923,-0.0025014579473966146,-0.0008170873098756139
resnet,ma,20,all,noisy_minus_clean,independent_rms,macro_auroc,17,0.9064825327794586,0.9068922993183458,-0.00040976653888724623,3,-0.00040902327836337776,0.0001237358557105217,-0.000716400183825773,-0.00010164637290098244
resnet,ma,20,all,noisy_minus_clean,independent_rms,macro_auroc,29,0.9073788755948888,0.907911261424449,-0.0005323858295601669,3,-0.00040902327836337776,0.0001237358557105217,-0.000716400183825773,-0.00010164637290098244
resnet,ma,20,all,noisy_minus_clean,independent_rms,macro_auroc,43,0.90841558705667,0.9087005045233127,-0.0002849174666427201,3,-0.00040902327836337776,0.0001237358557105217,-0.000716400183825773,-0.00010164637290098244
resnet,ma,20,all,noisy_minus_clean,independent_rms,macro_ap,17,0.7801300132848237,0.7807184945903615,-0.0005884813055377913,3,-0.0006472074170354262,0.00029174905568912996,-0.00137195224863136,7.753741456050748e-05
resnet,ma,20,all,noisy_minus_clean,independent_rms,macro_ap,29,0.7899529920825146,0.7909168445498038,-0.0009638524672892501,3,-0.0006472074170354262,0.00029174905568912996,-0.00137195224863136,7.753741456050748e-05
resnet,ma,20,all,noisy_minus_clean,independent_rms,macro_ap,43,0.7861821960365549,0.7865714845148342,-0.0003892884782792372,3,-0.0006472074170354262,0.00029174905568912996,-0.00137195224863136,7.753741456050748e-05
resnet,ma,20,all,noisy_minus_clean,independent_rms,macro_f1,17,0.7105028571660649,0.7118815125857424,-0.0013786554196775214,3,-0.002541003097357275,0.0012101797399747965,-0.005547256227387621,0.0004652500326730708
resnet,ma,20,all,noisy_minus_clean,independent_rms,macro_f1,29,0.7184642300695944,0.7222581554037724,-0.0037939253341779944,3,-0.002541003097357275,0.0012101797399747965,-0.005547256227387621,0.0004652500326730708
resnet,ma,20,all,noisy_minus_clean,independent_rms,macro_f1,43,0.7166173950495786,0.7190678235877949,-0.0024504285382163093,3,-0.002541003097357275,0.0012101797399747965,-0.005547256227387621,0.0004652500326730708
tcn,bandpass,0,all,electrode_minus_independent_rms,all,macro_auroc,17,0.8836299681701705,0.891893527116185,-0.008263558946014493,3,-0.012690192898780631,0.004091626975929961,-0.022854357771977248,-0.0025260280255840137
tcn,bandpass,0,all,electrode_minus_independent_rms,all,macro_auroc,29,0.8680139117627551,0.8843474898867522,-0.01633357812399705,3,-0.012690192898780631,0.004091626975929961,-0.022854357771977248,-0.0025260280255840137
tcn,bandpass,0,all,electrode_minus_independent_rms,all,macro_auroc,43,0.8836099706408337,0.897083412267164,-0.013473441626330351,3,-0.012690192898780631,0.004091626975929961,-0.022854357771977248,-0.0025260280255840137
tcn,bandpass,0,all,electrode_minus_independent_rms,all,macro_ap,17,0.7495884059949861,0.7627797584299741,-0.013191352434988035,3,-0.02062764197659343,0.006912851187478323,-0.03780011630691357,-0.0034551676462732835
tcn,bandpass,0,all,electrode_minus_independent_rms,all,macro_ap,29,0.7203622072683207,0.747220703694585,-0.026858496426264367,3,-0.02062764197659343,0.006912851187478323,-0.03780011630691357,-0.0034551676462732835
tcn,bandpass,0,all,electrode_minus_independent_rms,all,macro_ap,43,0.7464817549458653,0.7683148320143932,-0.021833077068527884,3,-0.02062764197659343,0.006912851187478323,-0.03780011630691357,-0.0034551676462732835
tcn,bandpass,0,all,electrode_minus_independent_rms,all,macro_f1,17,0.5460844367162828,0.616025693181818,-0.06994125646553517,3,-0.09677883593948777,0.030019411460187315,-0.171351188031365,-0.02220648384761055
tcn,bandpass,0,all,electrode_minus_independent_rms,all,macro_f1,29,0.4004791161509821,0.4916774441983104,-0.0911983280473283,3,-0.09677883593948777,0.030019411460187315,-0.171351188031365,-0.02220648384761055
tcn,bandpass,0,all,electrode_minus_independent_rms,all,macro_f1,43,0.4943231465158896,0.6235200698214894,-0.12919692330559984,3,-0.09677883593948777,0.030019411460187315,-0.171351188031365,-0.02220648384761055
tcn,bandpass,0,all,electrode_minus_independent,all,macro_auroc,17,0.8836299681701705,0.8922720458468028,-0.008642077676632276,3,-0.01365148383724161,0.004779014689395954,-0.025523214452031772,-0.0017797532224514481
tcn,bandpass,0,all,electrode_minus_independent,all,macro_auroc,29,0.8680139117627551,0.8861746856302737,-0.018160773867518576,3,-0.01365148383724161,0.004779014689395954,-0.025523214452031772,-0.0017797532224514481
tcn,bandpass,0,all,electrode_minus_independent,all,macro_auroc,43,0.8836099706408337,0.8977615706084077,-0.01415159996757398,3,-0.01365148383724161,0.004779014689395954,-0.025523214452031772,-0.0017797532224514481
tcn,bandpass,0,all,electrode_minus_independent,all,macro_ap,17,0.7495884059949861,0.7637321254890865,-0.014143719494100426,3,-0.02240602629001361,0.007905536847061547,-0.04204446850318763,-0.002767584076839587
tcn,bandpass,0,all,electrode_minus_independent,all,macro_ap,29,0.7203622072683207,0.7502606705872722,-0.029898463318951518,3,-0.02240602629001361,0.007905536847061547,-0.04204446850318763,-0.002767584076839587
tcn,bandpass,0,all,electrode_minus_independent,all,macro_ap,43,0.7464817549458653,0.7696576510028542,-0.023175896056988887,3,-0.02240602629001361,0.007905536847061547,-0.04204446850318763,-0.002767584076839587
tcn,bandpass,0,all,electrode_minus_independent,all,macro_f1,17,0.5460844367162828,0.6133621064431934,-0.06727766972691063,3,-0.10295398158952578,0.03351601084066269,-0.18621236806521707,-0.01969559511383448
tcn,bandpass,0,all,electrode_minus_independent,all,macro_f1,29,0.4004791161509821,0.5082818902700744,-0.10780277411909234,3,-0.10295398158952578,0.03351601084066269,-0.18621236806521707,-0.01969559511383448
tcn,bandpass,0,all,electrode_minus_independent,all,macro_f1,43,0.4943231465158896,0.628104647438464,-0.13378150092257435,3,-0.10295398158952578,0.03351601084066269,-0.18621236806521707,-0.01969559511383448
tcn,bandpass,0,all,covariance_minus_electrode,all,macro_auroc,17,0.8826240964275887,0.8836299681701705,-0.0010058717425818209,3,-0.0009063113518007112,0.001692595531069314,-0.005110951741217965,0.003298329037616543
tcn,bandpass,0,all,covariance_minus_electrode,all,macro_auroc,29,0.8654669825975209,0.8680139117627551,-0.0025469291652342463,3,-0.0009063113518007112,0.001692595531069314,-0.005110951741217965,0.003298329037616543
tcn,bandpass,0,all,covariance_minus_electrode,all,macro_auroc,43,0.8844438374932476,0.8836099706408337,0.0008338668524139337,3,-0.0009063113518007112,0.001692595531069314,-0.005110951741217965,0.003298329037616543
tcn,bandpass,0,all,covariance_minus_electrode,all,macro_ap,17,0.7504108923348775,0.7495884059949861,0.0008224863398913485,3,0.0013277834465661442,0.0018403555495643592,-0.0032439131770790304,0.005899480070211319
tcn,bandpass,0,all,covariance_minus_electrode,all,macro_ap,29,0.7201550669831678,0.7203622072683207,-0.00020714028515289584,3,0.0013277834465661442,0.0018403555495643592,-0.0032439131770790304,0.005899480070211319
tcn,bandpass,0,all,covariance_minus_electrode,all,macro_ap,43,0.7498497592308253,0.7464817549458653,0.00336800428495998,3,0.0013277834465661442,0.0018403555495643592,-0.0032439131770790304,0.005899480070211319
tcn,bandpass,0,all,covariance_minus_electrode,all,macro_f1,17,0.5447955827939044,0.5460844367162828,-0.00128885392237843,3,-0.000980452429522179,0.0005145074233689421,-0.0022585597228726223,0.0002976548638282642
tcn,bandpass,0,all,covariance_minus_electrode,all,macro_f1,29,0.3992131096747308,0.4004791161509821,-0.0012660064762513024,3,-0.000980452429522179,0.0005145074233689421,-0.0022585597228726223,0.0002976548638282642
tcn,bandpass,0,all,covariance_minus_electrode,all,macro_f1,43,0.4939366496259528,0.4943231465158896,-0.00038649688993680487,3,-0.000980452429522179,0.0005145074233689421,-0.0022585597228726223,0.0002976548638282642
tcn,bandpass,0,all,noisy_minus_clean,covariance,macro_auroc,17,0.8826240964275887,0.9169105801910707,-0.03428648376348209,3,-0.04134902975954454,0.013140253195652176,-0.07399122826440738,-0.008706831254681698
tcn,bandpass,0,all,noisy_minus_clean,covariance,macro_auroc,29,0.8654669825975209,0.9219772719022072,-0.05651028930468638,3,-0.04134902975954454,0.013140253195652176,-0.07399122826440738,-0.008706831254681698
tcn,bandpass,0,all,noisy_minus_clean,covariance,macro_auroc,43,0.8844438374932476,0.9176941537037128,-0.03325031621046515,3,-0.04134902975954454,0.013140253195652176,-0.07399122826440738,-0.008706831254681698
tcn,bandpass,0,all,noisy_minus_clean,covariance,macro_ap,17,0.7504108923348775,0.8060205715522081,-0.05560967921733062,3,-0.06881909480098942,0.02136338773526806,-0.12188869192425564,-0.01574949767772322
tcn,bandpass,0,all,noisy_minus_clean,covariance,macro_ap,29,0.7201550669831678,0.8136212596748911,-0.0934661926917233,3,-0.06881909480098942,0.02136338773526806,-0.12188869192425564,-0.01574949767772322
tcn,bandpass,0,all,noisy_minus_clean,covariance,macro_ap,43,0.7498497592308253,0.8072311717247397,-0.057381412493914374,3,-0.06881909480098942,0.02136338773526806,-0.12188869192425564,-0.01574949767772322
tcn,bandpass,0,all,noisy_minus_clean,covariance,macro_f1,17,0.5447955827939044,0.7327948473044128,-0.1879992645105084,3,-0.26126961492606254,0.08327987660535577,-0.46814829702877714,-0.05439093282334792
tcn,bandpass,0,all,noisy_minus_clean,covariance,macro_f1,29,0.3992131096747308,0.7510542480339528,-0.35184113835922204,3,-0.26126961492606254,0.08327987660535577,-0.46814829702877714,-0.05439093282334792
tcn,bandpass,0,all,noisy_minus_clean,covariance,macro_f1,43,0.4939366496259528,0.7379050915344101,-0.2439684419084573,3,-0.26126961492606254,0.08327987660535577,-0.46814829702877714,-0.05439093282334792
tcn,bandpass,0,all,noisy_minus_clean,electrode,macro_auroc,17,0.8836299681701705,0.9169105801910707,-0.03328061202090027,3,-0.04044271840774383,0.011716110542018023,-0.06954715043984572,-0.01133828637564193
tcn,bandpass,0,all,noisy_minus_clean,electrode,macro_auroc,29,0.8680139117627551,0.9219772719022072,-0.05396336013945213,3,-0.04044271840774383,0.011716110542018023,-0.06954715043984572,-0.01133828637564193
tcn,bandpass,0,all,noisy_minus_clean,electrode,macro_auroc,43,0.8836099706408337,0.9176941537037128,-0.03408418306287908,3,-0.04044271840774383,0.011716110542018023,-0.06954715043984572,-0.01133828637564193
tcn,bandpass,0,all,noisy_minus_clean,electrode,macro_ap,17,0.7495884059949861,0.8060205715522081,-0.05643216555722197,3,-0.07014687824755557,0.02013179351908789,-0.12015702573287293,-0.0201367307622382
tcn,bandpass,0,all,noisy_minus_clean,electrode,macro_ap,29,0.7203622072683207,0.8136212596748911,-0.0932590524065704,3,-0.07014687824755557,0.02013179351908789,-0.12015702573287293,-0.0201367307622382
tcn,bandpass,0,all,noisy_minus_clean,electrode,macro_ap,43,0.7464817549458653,0.8072311717247397,-0.060749416778874354,3,-0.07014687824755557,0.02013179351908789,-0.12015702573287293,-0.0201367307622382
tcn,bandpass,0,all,noisy_minus_clean,electrode,macro_f1,17,0.5460844367162828,0.7327948473044128,-0.18671041058812998,3,-0.2602891624965404,0.08320012054169362,-0.46696971955377353,-0.05360860543930723
tcn,bandpass,0,all,noisy_minus_clean,electrode,macro_f1,29,0.4004791161509821,0.7510542480339528,-0.35057513188297074,3,-0.2602891624965404,0.08320012054169362,-0.46696971955377353,-0.05360860543930723
tcn,bandpass,0,all,noisy_minus_clean,electrode,macro_f1,43,0.4943231465158896,0.7379050915344101,-0.24358194501852048,3,-0.2602891624965404,0.08320012054169362,-0.46696971955377353,-0.05360860543930723
tcn,bandpass,0,all,noisy_minus_clean,independent,macro_auroc,17,0.8922720458468028,0.9169105801910707,-0.024638534344267993,3,-0.026791234570502215,0.008151063667066463,-0.04703959921648903,-0.0065428699245154015
tcn,bandpass,0,all,noisy_minus_clean,independent,macro_auroc,29,0.8861746856302737,0.9219772719022072,-0.035802586271933556,3,-0.026791234570502215,0.008151063667066463,-0.04703959921648903,-0.0065428699245154015
tcn,bandpass,0,all,noisy_minus_clean,independent,macro_auroc,43,0.8977615706084077,0.9176941537037128,-0.0199325830953051,3,-0.026791234570502215,0.008151063667066463,-0.04703959921648903,-0.0065428699245154015
tcn,bandpass,0,all,noisy_minus_clean,independent,macro_ap,17,0.7637321254890865,0.8060205715522081,-0.04228844606312154,3,-0.04774085195754196,0.013730978524958996,-0.08185049353020382,-0.013631210384880098
tcn,bandpass,0,all,noisy_minus_clean,independent,macro_ap,29,0.7502606705872722,0.8136212596748911,-0.06336058908761888,3,-0.04774085195754196,0.013730978524958996,-0.08185049353020382,-0.013631210384880098
tcn,bandpass,0,all,noisy_minus_clean,independent,macro_ap,43,0.7696576510028542,0.8072311717247397,-0.03757352072188547,3,-0.04774085195754196,0.013730978524958996,-0.08185049353020382,-0.013631210384880098
tcn,bandpass,0,all,noisy_minus_clean,independent,macro_f1,17,0.6133621064431934,0.7327948473044128,-0.11943274086121936,3,-0.15733518090701462,0.0741473443704954,-0.34152739528161824,0.02685703346758897
tcn,bandpass,0,all,noisy_minus_clean,independent,macro_f1,29,0.5082818902700744,0.7510542480339528,-0.2427723577638784,3,-0.15733518090701462,0.0741473443704954,-0.34152739528161824,0.02685703346758897
tcn,bandpass,0,all,noisy_minus_clean,independent,macro_f1,43,0.628104647438464,0.7379050915344101,-0.10980044409594614,3,-0.15733518090701462,0.0741473443704954,-0.34152739528161824,0.02685703346758897
tcn,bandpass,0,all,noisy_minus_clean,independent_rms,macro_auroc,17,0.891893527116185,0.9169105801910707,-0.025017053074885776,3,-0.027752525508963195,0.008833121907616431,-0.04969521675188926,-0.005809834266037126
tcn,bandpass,0,all,noisy_minus_clean,independent_rms,macro_auroc,29,0.8843474898867522,0.9219772719022072,-0.03762978201545508,3,-0.027752525508963195,0.008833121907616431,-0.04969521675188926,-0.005809834266037126
tcn,bandpass,0,all,noisy_minus_clean,independent_rms,macro_auroc,43,0.897083412267164,0.9176941537037128,-0.02061074143654873,3,-0.027752525508963195,0.008833121907616431,-0.04969521675188926,-0.005809834266037126
tcn,bandpass,0,all,noisy_minus_clean,independent_rms,macro_ap,17,0.7627797584299741,0.8060205715522081,-0.043240813122233934,3,-0.04951923627096214,0.014778683429837116,-0.08623152110858529,-0.012806951433339007
tcn,bandpass,0,all,noisy_minus_clean,independent_rms,macro_ap,29,0.747220703694585,0.8136212596748911,-0.06640055598030603,3,-0.04951923627096214,0.014778683429837116,-0.08623152110858529,-0.012806951433339007
tcn,bandpass,0,all,noisy_minus_clean,independent_rms,macro_ap,43,0.7683148320143932,0.8072311717247397,-0.03891633971034647,3,-0.04951923627096214,0.014778683429837116,-0.08623152110858529,-0.012806951433339007
tcn,bandpass,0,all,noisy_minus_clean,independent_rms,macro_f1,17,0.616025693181818,0.7327948473044128,-0.11676915412259481,3,-0.16351032655705264,0.08303136227469411,-0.36977166483906787,0.04275101172496262
tcn,bandpass,0,all,noisy_minus_clean,independent_rms,macro_f1,29,0.4916774441983104,0.7510542480339528,-0.25937680383564243,3,-0.16351032655705264,0.08303136227469411,-0.36977166483906787,0.04275101172496262
tcn,bandpass,0,all,noisy_minus_clean,independent_rms,macro_f1,43,0.6235200698214894,0.7379050915344101,-0.11438502171292064,3,-0.16351032655705264,0.08303136227469411,-0.36977166483906787,0.04275101172496262
tcn,bandpass,10,LA,noisy_minus_clean,covariance,macro_auroc,17,0.912481028017642,0.9169105801910707,-0.004429552173428775,3,-0.004879340415082312,0.00038952961276153477,-0.005846985615974751,-0.003911695214189872
tcn,bandpass,10,LA,noisy_minus_clean,covariance,macro_auroc,29,0.9168719317122764,0.9219772719022072,-0.005105340189930807,3,-0.004879340415082312,0.00038952961276153477,-0.005846985615974751,-0.003911695214189872
tcn,bandpass,10,LA,noisy_minus_clean,covariance,macro_auroc,43,0.9125910248218254,0.9176941537037128,-0.005103128881887353,3,-0.004879340415082312,0.00038952961276153477,-0.005846985615974751,-0.003911695214189872
tcn,bandpass,10,LA,noisy_minus_clean,covariance,macro_ap,17,0.7988683947729018,0.8060205715522081,-0.007152176779306241,3,-0.007416886994762358,0.0007454699921930547,-0.0092687371153244,-0.005565036874200315
tcn,bandpass,10,LA,noisy_minus_clean,covariance,macro_ap,29,0.8067813636696164,0.8136212596748911,-0.0068398960052746816,3,-0.007416886994762358,0.0007454699921930547,-0.0092687371153244,-0.005565036874200315
tcn,bandpass,10,LA,noisy_minus_clean,covariance,macro_ap,43,0.7989725835250335,0.8072311717247397,-0.008258588199706152,3,-0.007416886994762358,0.0007454699921930547,-0.0092687371153244,-0.005565036874200315
tcn,bandpass,10,LA,noisy_minus_clean,covariance,macro_f1,17,0.7156745079663303,0.7327948473044128,-0.017120339338082546,3,-0.027893442094823806,0.009491067430601094,-0.051470560623653114,-0.004316323565994498
tcn,bandpass,10,LA,noisy_minus_clean,covariance,macro_f1,29,0.7160319705090787,0.7510542480339528,-0.03502227752487408,3,-0.027893442094823806,0.009491067430601094,-0.051470560623653114,-0.004316323565994498
tcn,bandpass,10,LA,noisy_minus_clean,covariance,macro_f1,43,0.7063673821128953,0.7379050915344101,-0.03153770942151479,3,-0.027893442094823806,0.009491067430601094,-0.051470560623653114,-0.004316323565994498
tcn,bandpass,10,LA,noisy_minus_clean,electrode,macro_auroc,17,0.912611722294108,0.9169105801910707,-0.004298857896962716,3,-0.0046192873615035586,0.00037556987273807096,-0.005552254645757911,-0.003686320077249206
tcn,bandpass,10,LA,noisy_minus_clean,electrode,macro_auroc,29,0.9174508438055152,0.9219772719022072,-0.0045264280966920145,3,-0.0046192873615035586,0.00037556987273807096,-0.005552254645757911,-0.003686320077249206
tcn,bandpass,10,LA,noisy_minus_clean,electrode,macro_auroc,43,0.9126615776128568,0.9176941537037128,-0.005032576090855945,3,-0.0046192873615035586,0.00037556987273807096,-0.005552254645757911,-0.003686320077249206
tcn,bandpass,10,LA,noisy_minus_clean,electrode,macro_ap,17,0.799788389970306,0.8060205715522081,-0.006232181581902085,3,-0.006172271226111341,0.0014698781084363532,-0.009823650866909077,-0.0025208915853136035
tcn,bandpass,10,LA,noisy_minus_clean,electrode,macro_ap,29,0.8089479057485871,0.8136212596748911,-0.004673353926303969,3,-0.006172271226111341,0.0014698781084363532,-0.009823650866909077,-0.0025208915853136035
tcn,bandpass,10,LA,noisy_minus_clean,electrode,macro_ap,43,0.7996198935546117,0.8072311717247397,-0.007611278170127966,3,-0.006172271226111341,0.0014698781084363532,-0.009823650866909077,-0.0025208915853136035
tcn,bandpass,10,LA,noisy_minus_clean,electrode,macro_f1,17,0.7179607175619501,0.7327948473044128,-0.014834129742462676,3,-0.025377823527355663,0.009654231473626236,-0.04936026400866036,-0.0013953830460509686
tcn,bandpass,10,LA,noisy_minus_clean,electrode,macro_f1,29,0.717269760813417,0.7510542480339528,-0.03378448722053584,3,-0.025377823527355663,0.009654231473626236,-0.04936026400866036,-0.0013953830460509686
tcn,bandpass,10,LA,noisy_minus_clean,electrode,macro_f1,43,0.7103902379153416,0.7379050915344101,-0.02751485361906847,3,-0.025377823527355663,0.009654231473626236,-0.04936026400866036,-0.0013953830460509686
tcn,bandpass,10,LA,noisy_minus_clean,independent_rms,macro_auroc,17,0.9143795961478136,0.9169105801910707,-0.002530984043257134,3,-0.0026866227819738464,0.0004047424557397979,-0.0036920587798110575,-0.0016811867841366353
tcn,bandpass,10,LA,noisy_minus_clean,independent_rms,macro_auroc,29,0.9188311900087932,0.9219772719022072,-0.003146081893414032,3,-0.0026866227819738464,0.0004047424557397979,-0.0036920587798110575,-0.0016811867841366353
tcn,bandpass,10,LA,noisy_minus_clean,independent_rms,macro_auroc,43,0.9153113512944624,0.9176941537037128,-0.002382802409250373,3,-0.0026866227819738464,0.0004047424557397979,-0.0036920587798110575,-0.0016811867841366353
tcn,bandpass,10,LA,noisy_minus_clean,independent_rms,macro_ap,17,0.8031467389090551,0.8060205715522081,-0.002873832643152996,3,-0.0033328256418816427,0.0004042613361606361,-0.004337066472428411,-0.002328584811334874
tcn,bandpass,10,LA,noisy_minus_clean,independent_rms,macro_ap,29,0.8099853080677164,0.8136212596748911,-0.00363595160717467,3,-0.0033328256418816427,0.0004042613361606361,-0.004337066472428411,-0.002328584811334874
tcn,bandpass,10,LA,noisy_minus_clean,independent_rms,macro_ap,43,0.8037424790494224,0.8072311717247397,-0.003488692675317262,3,-0.0033328256418816427,0.0004042613361606361,-0.004337066472428411,-0.002328584811334874
tcn,bandpass,10,LA,noisy_minus_clean,independent_rms,macro_f1,17,0.7281692655586729,0.7327948473044128,-0.004625581745739904,3,-0.011331561966272163,0.0076763519455534755,-0.03040067732265326,0.0077375533901089324
tcn,bandpass,10,LA,noisy_minus_clean,independent_rms,macro_f1,29,0.7313498601878524,0.7510542480339528,-0.019704387846100402,3,-0.011331561966272163,0.0076763519455534755,-0.03040067732265326,0.0077375533901089324
tcn,bandpass,10,LA,noisy_minus_clean,independent_rms,macro_f1,43,0.7282403752274339,0.7379050915344101,-0.009664716306976184,3,-0.011331561966272163,0.0076763519455534755,-0.03040067732265326,0.0077375533901089324
tcn,bandpass,10,LL,noisy_minus_clean,covariance,macro_auroc,17,0.9126223487504164,0.9169105801910707,-0.0042882314406543776,3,-0.00456487732380532,0.0019112551978128134,-0.00931269843741213,0.00018294378980148948
tcn,bandpass,10,LL,noisy_minus_clean,covariance,macro_auroc,29,0.9153778921298524,0.9219772719022072,-0.0065993797723548075,3,-0.00456487732380532,0.0019112551978128134,-0.00931269843741213,0.00018294378980148948
tcn,bandpass,10,LL,noisy_minus_clean,covariance,macro_auroc,43,0.914887132945306,0.9176941537037128,-0.0028070207584067752,3,-0.00456487732380532,0.0019112551978128134,-0.00931269843741213,0.00018294378980148948
tcn,bandpass,10,LL,noisy_minus_clean,covariance,macro_ap,17,0.8007906398148327,0.8060205715522081,-0.005229931737375404,3,-0.005984933123103294,0.0019535423899285204,-0.010837801445367461,-0.0011320648008391263
tcn,bandpass,10,LL,noisy_minus_clean,covariance,macro_ap,29,0.8054179544484474,0.8136212596748911,-0.008203305226443636,3,-0.005984933123103294,0.0019535423899285204,-0.010837801445367461,-0.0011320648008391263
tcn,bandpass,10,LL,noisy_minus_clean,covariance,macro_ap,43,0.8027096093192488,0.8072311717247397,-0.004521562405490842,3,-0.005984933123103294,0.0019535423899285204,-0.010837801445367461,-0.0011320648008391263
tcn,bandpass,10,LL,noisy_minus_clean,covariance,macro_f1,17,0.7219323866942755,0.7327948473044128,-0.010862460610137292,3,-0.020478822272159396,0.015264147072131648,-0.058397065651275115,0.01743942110695632
tcn,bandpass,10,LL,noisy_minus_clean,covariance,macro_f1,29,0.7129751232487251,0.7510542480339528,-0.03807912478522768,3,-0.020478822272159396,0.015264147072131648,-0.058397065651275115,0.01743942110695632
tcn,bandpass,10,LL,noisy_minus_clean,covariance,macro_f1,43,0.7254102101132969,0.7379050915344101,-0.012494881421113213,3,-0.020478822272159396,0.015264147072131648,-0.058397065651275115,0.01743942110695632
tcn,bandpass,10,LL,noisy_minus_clean,electrode,macro_auroc,17,0.9128044415816786,0.9169105801910707,-0.004106138609392129,3,-0.004514367923301103,0.00197113593783656,-0.009410941041406575,0.00038220519480436886
tcn,bandpass,10,LL,noisy_minus_clean,electrode,macro_auroc,29,0.915319617203268,0.9219772719022072,-0.006657654698939197,3,-0.004514367923301103,0.00197113593783656,-0.009410941041406575,0.00038220519480436886
tcn,bandpass,10,LL,noisy_minus_clean,electrode,macro_auroc,43,0.9149148432421408,0.9176941537037128,-0.002779310461571982,3,-0.004514367923301103,0.00197113593783656,-0.009410941041406575,0.00038220519480436886
tcn,bandpass,10,LL,noisy_minus_clean,electrode,macro_ap,17,0.7999838648996414,0.8060205715522081,-0.006036706652566726,3,-0.007299452539989981,0.002371093045595947,-0.013189574192550825,-0.0014093308874291366
tcn,bandpass,10,LL,noisy_minus_clean,electrode,macro_ap,29,0.803586583709639,0.8136212596748911,-0.010034675965252093,3,-0.007299452539989981,0.002371093045595947,-0.013189574192550825,-0.0014093308874291366
tcn,bandpass,10,LL,noisy_minus_clean,electrode,macro_ap,43,0.8014041967225886,0.8072311717247397,-0.005826975002151125,3,-0.007299452539989981,0.002371093045595947,-0.013189574192550825,-0.0014093308874291366
tcn,bandpass,10,LL,noisy_minus_clean,electrode,macro_f1,17,0.7221762033108494,0.7327948473044128,-0.010618643993563381,3,-0.022419020216854157,0.017257477914204344,-0.06528897191269634,0.02045093147898802
tcn,bandpass,10,LL,noisy_minus_clean,electrode,macro_f1,29,0.7088287862667716,0.7510542480339528,-0.04222546176718123,3,-0.022419020216854157,0.017257477914204344,-0.06528897191269634,0.02045093147898802
tcn,bandpass,10,LL,noisy_minus_clean,electrode,macro_f1,43,0.7234921366445922,0.7379050915344101,-0.014412954889817864,3,-0.022419020216854157,0.017257477914204344,-0.06528897191269634,0.02045093147898802
tcn,bandpass,10,LL,noisy_minus_clean,independent_rms,macro_auroc,17,0.9141703025651708,0.9169105801910707,-0.0027402776258999006,3,-0.002914192546035088,0.0007704635661133452,-0.004828130146123174,-0.0010002549459470018
tcn,bandpass,10,LL,noisy_minus_clean,independent_rms,macro_auroc,29,0.9182205232545468,0.9219772719022072,-0.0037567486476604017,3,-0.002914192546035088,0.0007704635661133452,-0.004828130146123174,-0.0010002549459470018
tcn,bandpass,10,LL,noisy_minus_clean,independent_rms,macro_auroc,43,0.9154486023391678,0.9176941537037128,-0.002245551364544962,3,-0.002914192546035088,0.0007704635661133452,-0.004828130146123174,-0.0010002549459470018
tcn,bandpass,10,LL,noisy_minus_clean,independent_rms,macro_ap,17,0.8022793140658034,0.8060205715522081,-0.0037412574864046366,3,-0.004193503611193046,0.0007731790062797682,-0.006114186738602462,-0.0022728204837836304
tcn,bandpass,10,LL,noisy_minus_clean,independent_rms,macro_ap,29,0.8085349915251623,0.8136212596748911,-0.00508626814972879,3,-0.004193503611193046,0.0007731790062797682,-0.006114186738602462,-0.0022728204837836304
tcn,bandpass,10,LL,noisy_minus_clean,independent_rms,macro_ap,43,0.803478186527294,0.8072311717247397,-0.003752985197445713,3,-0.004193503611193046,0.0007731790062797682,-0.006114186738602462,-0.0022728204837836304
tcn,bandpass,10,LL,noisy_minus_clean,independent_rms,macro_f1,17,0.7270300283705298,0.7327948473044128,-0.005764818933883031,3,-0.011015552308755542,0.00531630596617191,-0.0242219884463628,0.0021908838288517175
tcn,bandpass,10,LL,noisy_minus_clean,independent_rms,macro_f1,29,0.7346591579473138,0.7510542480339528,-0.016395090086638975,3,-0.011015552308755542,0.00531630596617191,-0.0242219884463628,0.0021908838288517175
tcn,bandpass,10,LL,noisy_minus_clean,independent_rms,macro_f1,43,0.7270183436286655,0.7379050915344101,-0.01088674790574462,3,-0.011015552308755542,0.00531630596617191,-0.0242219884463628,0.0021908838288517175
tcn,bandpass,10,RA,noisy_minus_clean,covariance,macro_auroc,17,0.9130545910471282,0.9169105801910707,-0.003855989143942584,3,-0.0036944179723508905,0.0008954353653013157,-0.005918802731703256,-0.0014700332129985246
tcn,bandpass,10,RA,noisy_minus_clean,covariance,macro_auroc,29,0.9174792043508068,0.9219772719022072,-0.004498067551400475,3,-0.0036944179723508905,0.0008954353653013157,-0.005918802731703256,-0.0014700332129985246
tcn,bandpass,10,RA,noisy_minus_clean,covariance,macro_auroc,43,0.9149649564820032,0.9176941537037128,-0.0027291972217096117,3,-0.0036944179723508905,0.0008954353653013157,-0.005918802731703256,-0.0014700332129985246
tcn,bandpass,10,RA,noisy_minus_clean,covariance,macro_ap,17,0.8010067323188919,0.8060205715522081,-0.00501383923331622,3,-0.005025303203345784,0.000664986323036073,-0.006677220806177409,-0.003373385600514159
tcn,bandpass,10,RA,noisy_minus_clean,covariance,macro_ap,29,0.8079253122796427,0.8136212596748911,-0.005695947395248369,3,-0.005025303203345784,0.000664986323036073,-0.006677220806177409,-0.003373385600514159
tcn,bandpass,10,RA,noisy_minus_clean,covariance,macro_ap,43,0.8028650487432669,0.8072311717247397,-0.004366122981472764,3,-0.005025303203345784,0.000664986323036073,-0.006677220806177409,-0.003373385600514159
tcn,bandpass,10,RA,noisy_minus_clean,covariance,macro_f1,17,0.7241678923157744,0.7327948473044128,-0.008626954988638413,3,-0.015477477437455867,0.008569181091654466,-0.03676450334578879,0.005809548470877057
tcn,bandpass,10,RA,noisy_minus_clean,covariance,macro_f1,29,0.7259681752217083,0.7510542480339528,-0.02508607281224451,3,-0.015477477437455867,0.008569181091654466,-0.03676450334578879,0.005809548470877057
tcn,bandpass,10,RA,noisy_minus_clean,covariance,macro_f1,43,0.7251856870229254,0.7379050915344101,-0.012719404511484678,3,-0.015477477437455867,0.008569181091654466,-0.03676450334578879,0.005809548470877057
tcn,bandpass,10,RA,noisy_minus_clean,electrode,macro_auroc,17,0.9132685870354346,0.9169105801910707,-0.0036419931556361806,3,-0.003855780108204754,0.0005555982053455482,-0.0052359625626673305,-0.002475597653742177
tcn,bandpass,10,RA,noisy_minus_clean,electrode,macro_auroc,29,0.917490756051414,0.9219772719022072,-0.004486515850793293,3,-0.003855780108204754,0.0005555982053455482,-0.0052359625626673305,-0.002475597653742177
tcn,bandpass,10,RA,noisy_minus_clean,electrode,macro_auroc,43,0.914255322385528,0.9176941537037128,-0.0034388313181847874,3,-0.003855780108204754,0.0005555982053455482,-0.0052359625626673305,-0.002475597653742177
tcn,bandpass,10,RA,noisy_minus_clean,electrode,macro_ap,17,0.799888676863214,0.8060205715522081,-0.006131894688994111,3,-0.006645679439782115,0.0004464537247161338,-0.007754731973887119,-0.005536626905677111
tcn,bandpass,10,RA,noisy_minus_clean,electrode,macro_ap,29,0.8067552918308956,0.8136212596748911,-0.006865967843995513,3,-0.006645679439782115,0.0004464537247161338,-0.007754731973887119,-0.005536626905677111
tcn,bandpass,10,RA,noisy_minus_clean,electrode,macro_ap,43,0.800291995938383,0.8072311717247397,-0.006939175786356722,3,-0.006645679439782115,0.0004464537247161338,-0.007754731973887119,-0.005536626905677111
tcn,bandpass,10,RA,noisy_minus_clean,electrode,macro_f1,17,0.7240536469417644,0.7327948473044128,-0.00874120036264836,3,-0.01590130774295802,0.009185531629854967,-0.03871943326687345,0.006916817780957405
tcn,bandpass,10,RA,noisy_minus_clean,electrode,macro_f1,29,0.7247961884335986,0.7510542480339528,-0.02625805960035421,3,-0.01590130774295802,0.009185531629854967,-0.03871943326687345,0.006916817780957405
tcn,bandpass,10,RA,noisy_minus_clean,electrode,macro_f1,43,0.7252004282685386,0.7379050915344101,-0.012704663265871496,3,-0.01590130774295802,0.009185531629854967,-0.03871943326687345,0.006916817780957405
tcn,bandpass,10,RA,noisy_minus_clean,independent_rms,macro_auroc,17,0.9141898900824732,0.9169105801910707,-0.0027206901085975455,3,-0.002343834776315908,0.00045754697413985534,-0.003480444469659891,-0.0012072250829719257
tcn,bandpass,10,RA,noisy_minus_clean,independent_rms,macro_auroc,29,0.9195011869514464,0.9219772719022072,-0.002476084950760793,3,-0.002343834776315908,0.00045754697413985534,-0.003480444469659891,-0.0012072250829719257
tcn,bandpass,10,RA,noisy_minus_clean,independent_rms,macro_auroc,43,0.9158594244341234,0.9176941537037128,-0.0018347292695893858,3,-0.002343834776315908,0.00045754697413985534,-0.003480444469659891,-0.0012072250829719257
tcn,bandpass,10,RA,noisy_minus_clean,independent_rms,macro_ap,17,0.8023343466849786,0.8060205715522081,-0.0036862248672294706,3,-0.003462741091389443,0.0003596976295100767,-0.00435627953767155,-0.002569202645107336
tcn,bandpass,10,RA,noisy_minus_clean,independent_rms,macro_ap,29,0.8099670713619085,0.8136212596748911,-0.003654188312982587,3,-0.003462741091389443,0.0003596976295100767,-0.00435627953767155,-0.002569202645107336
tcn,bandpass,10,RA,noisy_minus_clean,independent_rms,macro_ap,43,0.8041833616307834,0.8072311717247397,-0.0030478100939562713,3,-0.003462741091389443,0.0003596976295100767,-0.00435627953767155,-0.002569202645107336
tcn,bandpass,10,RA,noisy_minus_clean,independent_rms,macro_f1,17,0.725139256392587,0.7327948473044128,-0.0076555909118257714,3,-0.01020767757349846,0.005273447895973272,-0.02330764836267376,0.0028922932156768364
tcn,bandpass,10,RA,noisy_minus_clean,independent_rms,macro_f1,29,0.7347825846732983,0.7510542480339528,-0.016271663360654554,3,-0.01020767757349846,0.005273447895973272,-0.02330764836267376,0.0028922932156768364
tcn,bandpass,10,RA,noisy_minus_clean,independent_rms,macro_f1,43,0.731209313086395,0.7379050915344101,-0.006695778448015055,3,-0.01020767757349846,0.005273447895973272,-0.02330764836267376,0.0028922932156768364
tcn,bandpass,10,V1,noisy_minus_clean,covariance,macro_auroc,17,0.9161112396555696,0.9169105801910707,-0.0007993405355011252,3,-0.0015393658188059822,0.0007850164219993999,-0.0034894547170138367,0.0004107230794018722
tcn,bandpass,10,V1,noisy_minus_clean,covariance,macro_auroc,29,0.919614547307034,0.9219772719022072,-0.0023627245951732823,3,-0.0015393658188059822,0.0007850164219993999,-0.0034894547170138367,0.0004107230794018722
tcn,bandpass,10,V1,noisy_minus_clean,covariance,macro_auroc,43,0.9162381213779692,0.9176941537037128,-0.0014560323257435392,3,-0.0015393658188059822,0.0007850164219993999,-0.0034894547170138367,0.0004107230794018722
tcn,bandpass,10,V1,noisy_minus_clean,covariance,macro_ap,17,0.8052552101724325,0.8060205715522081,-0.0007653613797755643,3,-0.0020153774772565893,0.0010829300649351972,-0.00470552489071701,0.0006747699362038306
tcn,bandpass,10,V1,noisy_minus_clean,covariance,macro_ap,29,0.8109520238010749,0.8136212596748911,-0.002669235873816178,3,-0.0020153774772565893,0.0010829300649351972,-0.00470552489071701,0.0006747699362038306
tcn,bandpass,10,V1,noisy_minus_clean,covariance,macro_ap,43,0.8046196365465617,0.8072311717247397,-0.002611535178178026,3,-0.0020153774772565893,0.0010829300649351972,-0.00470552489071701,0.0006747699362038306
tcn,bandpass,10,V1,noisy_minus_clean,covariance,macro_f1,17,0.7305820293843424,0.7327948473044128,-0.0022128179200704423,3,-0.011664299487208707,0.011624791249763561,-0.040541881821613765,0.017213282847196348
tcn,bandpass,10,V1,noisy_minus_clean,covariance,macro_f1,29,0.7264096397102655,0.7510542480339528,-0.02464460832368731,3,-0.011664299487208707,0.011624791249763561,-0.040541881821613765,0.017213282847196348
tcn,bandpass,10,V1,noisy_minus_clean,covariance,macro_f1,43,0.7297696193165417,0.7379050915344101,-0.008135472217868367,3,-0.011664299487208707,0.011624791249763561,-0.040541881821613765,0.017213282847196348
tcn,bandpass,10,V1,noisy_minus_clean,electrode,macro_auroc,17,0.9154594507692554,0.9169105801910707,-0.0014511294218153559,3,-0.001990093101090847,0.000866903910265844,-0.004143601797019367,0.0001634155948376727
tcn,bandpass,10,V1,noisy_minus_clean,electrode,macro_auroc,29,0.91898717591185,0.9219772719022072,-0.0029900959903572666,3,-0.001990093101090847,0.000866903910265844,-0.004143601797019367,0.0001634155948376727
tcn,bandpass,10,V1,noisy_minus_clean,electrode,macro_auroc,43,0.9161650998126128,0.9176941537037128,-0.0015290538910999185,3,-0.001990093101090847,0.000866903910265844,-0.004143601797019367,0.0001634155948376727
tcn,bandpass,10,V1,noisy_minus_clean,electrode,macro_ap,17,0.8040523090292343,0.8060205715522081,-0.001968262522973774,3,-0.0029024310757263714,0.0008986917328546193,-0.005134905100521119,-0.000669957050931624
tcn,bandpass,10,V1,noisy_minus_clean,electrode,macro_ap,29,0.8098604085756513,0.8136212596748911,-0.003760851099239737,3,-0.0029024310757263714,0.0008986917328546193,-0.005134905100521119,-0.000669957050931624
tcn,bandpass,10,V1,noisy_minus_clean,electrode,macro_ap,43,0.8042529921197741,0.8072311717247397,-0.002978179604965603,3,-0.0029024310757263714,0.0008986917328546193,-0.005134905100521119,-0.000669957050931624
tcn,bandpass,10,V1,noisy_minus_clean,electrode,macro_f1,17,0.7275288607143484,0.7327948473044128,-0.0052659865900643865,3,-0.013728132689321973,0.01105322016108875,-0.04118585372742133,0.013729588348777388
tcn,bandpass,10,V1,noisy_minus_clean,electrode,macro_f1,29,0.7248205188358768,0.7510542480339528,-0.026233729198075983,3,-0.013728132689321973,0.01105322016108875,-0.04118585372742133,0.013729588348777388
tcn,bandpass,10,V1,noisy_minus_clean,electrode,macro_f1,43,0.7282204092545845,0.7379050915344101,-0.009684682279825552,3,-0.013728132689321973,0.01105322016108875,-0.04118585372742133,0.013729588348777388
tcn,bandpass,10,V1,noisy_minus_clean,independent_rms,macro_auroc,17,0.9154297384787794,0.9169105801910707,-0.0014808417122913475,3,-0.0020977583678289577,0.0013908324962689056,-0.00555277782249558,0.001357261086837665
tcn,bandpass,10,V1,noisy_minus_clean,independent_rms,macro_auroc,29,0.9182869308307144,0.9219772719022072,-0.0036903410714927976,3,-0.0020977583678289577,0.0013908324962689056,-0.00555277782249558,0.001357261086837665
tcn,bandpass,10,V1,noisy_minus_clean,independent_rms,macro_auroc,43,0.91657206138401,0.9176941537037128,-0.0011220923197027277,3,-0.0020977583678289577,0.0013908324962689056,-0.00555277782249558,0.001357261086837665
tcn,bandpass,10,V1,noisy_minus_clean,independent_rms,macro_ap,17,0.8042231611607347,0.8060205715522081,-0.0017974103914734085,3,-0.0029677003399792845,0.0013970116735328815,-0.00643806972191475,0.0005026690419561806
tcn,bandpass,10,V1,noisy_minus_clean,independent_rms,macro_ap,29,0.809106927130735,0.8136212596748911,-0.004514332544156119,3,-0.0029677003399792845,0.0013970116735328815,-0.00643806972191475,0.0005026690419561806
tcn,bandpass,10,V1,noisy_minus_clean,independent_rms,macro_ap,43,0.8046398136404314,0.8072311717247397,-0.002591358084308326,3,-0.0029677003399792845,0.0013970116735328815,-0.00643806972191475,0.0005026690419561806
tcn,bandpass,10,V1,noisy_minus_clean,independent_rms,macro_f1,17,0.7262810789501617,0.7327948473044128,-0.006513768354251104,3,-0.01375140112700631,0.01092748413268871,-0.04089677655523529,0.01339397430122267
tcn,bandpass,10,V1,noisy_minus_clean,independent_rms,macro_f1,29,0.7247329181117552,0.7510542480339528,-0.0263213299221976,3,-0.01375140112700631,0.01092748413268871,-0.04089677655523529,0.01339397430122267
tcn,bandpass,10,V1,noisy_minus_clean,independent_rms,macro_f1,43,0.7294859864298399,0.7379050915344101,-0.008419105104570224,3,-0.01375140112700631,0.01092748413268871,-0.04089677655523529,0.01339397430122267
tcn,bandpass,10,V2,noisy_minus_clean,covariance,macro_auroc,17,0.9156703391049807,0.9169105801910707,-0.0012402410860899993,3,-0.0013635734015425838,0.0004857183564594317,-0.0025701646880978953,-0.00015698211498727248
tcn,bandpass,10,V2,noisy_minus_clean,covariance,macro_auroc,29,0.92007820307329,0.9219772719022072,-0.0018990688289172164,3,-0.0013635734015425838,0.0004857183564594317,-0.0025701646880978953,-0.00015698211498727248
tcn,bandpass,10,V2,noisy_minus_clean,covariance,macro_auroc,43,0.9167427434140922,0.9176941537037128,-0.0009514102896205356,3,-0.0013635734015425838,0.0004857183564594317,-0.0025701646880978953,-0.00015698211498727248
tcn,bandpass,10,V2,noisy_minus_clean,covariance,macro_ap,17,0.8052923370935743,0.8060205715522081,-0.0007282344586337919,3,-0.0012910000307646181,0.0009152369367585127,-0.0035645746205251166,0.0009825745589958801
tcn,bandpass,10,V2,noisy_minus_clean,covariance,macro_ap,29,0.8112741963861726,0.8136212596748911,-0.002347063288718476,3,-0.0012910000307646181,0.0009152369367585127,-0.0035645746205251166,0.0009825745589958801
tcn,bandpass,10,V2,noisy_minus_clean,covariance,macro_ap,43,0.8064334693797981,0.8072311717247397,-0.0007977023449415865,3,-0.0012910000307646181,0.0009152369367585127,-0.0035645746205251166,0.0009825745589958801
tcn,bandpass,10,V2,noisy_minus_clean,covariance,macro_f1,17,0.7314541417350864,0.7327948473044128,-0.001340705569326417,3,-0.005293196930309274,0.0037137223525943812,-0.014518594677244808,0.00393220081662626
tcn,bandpass,10,V2,noisy_minus_clean,covariance,macro_f1,29,0.7423442872027967,0.7510542480339528,-0.00870996083115616,3,-0.005293196930309274,0.0037137223525943812,-0.014518594677244808,0.00393220081662626
tcn,bandpass,10,V2,noisy_minus_clean,covariance,macro_f1,43,0.7320761671439648,0.7379050915344101,-0.005828924390445245,3,-0.005293196930309274,0.0037137223525943812,-0.014518594677244808,0.00393220081662626
tcn,bandpass,10,V2,noisy_minus_clean,electrode,macro_auroc,17,0.9144256644129636,0.9169105801910707,-0.0024849157781071662,3,-0.0023881659988349937,0.00046049566931409357,-0.003532100657061667,-0.0012442313406083206
tcn,bandpass,10,V2,noisy_minus_clean,electrode,macro_auroc,29,0.9191846719242622,0.9219772719022072,-0.0027925999779450095,3,-0.0023881659988349937,0.00046049566931409357,-0.003532100657061667,-0.0012442313406083206
tcn,bandpass,10,V2,noisy_minus_clean,electrode,macro_auroc,43,0.91580717146326,0.9176941537037128,-0.0018869822404528058,3,-0.0023881659988349937,0.00046049566931409357,-0.003532100657061667,-0.0012442313406083206
tcn,bandpass,10,V2,noisy_minus_clean,electrode,macro_ap,17,0.8029888124758561,0.8060205715522081,-0.003031759076352003,3,-0.0030063057577797516,0.0009358448999545175,-0.005331073366077174,-0.0006815381494823291
tcn,bandpass,10,V2,noisy_minus_clean,electrode,macro_ap,29,0.8096920953193518,0.8136212596748911,-0.00392916435553925,3,-0.0030063057577797516,0.0009358448999545175,-0.005331073366077174,-0.0006815381494823291
tcn,bandpass,10,V2,noisy_minus_clean,electrode,macro_ap,43,0.8051731778832917,0.8072311717247397,-0.0020579938414480026,3,-0.0030063057577797516,0.0009358448999545175,-0.005331073366077174,-0.0006815381494823291
tcn,bandpass,10,V2,noisy_minus_clean,electrode,macro_f1,17,0.725565620565591,0.7327948473044128,-0.007229226738821759,3,-0.009671959027797125,0.0021281284079667177,-0.014958523061408928,-0.0043853949941853225
tcn,bandpass,10,V2,noisy_minus_clean,electrode,macro_f1,29,0.7399291368739707,0.7510542480339528,-0.01112511115998216,3,-0.009671959027797125,0.0021281284079667177,-0.014958523061408928,-0.0043853949941853225
tcn,bandpass,10,V2,noisy_minus_clean,electrode,macro_f1,43,0.7272435523498226,0.7379050915344101,-0.010661539184587454,3,-0.009671959027797125,0.0021281284079667177,-0.014958523061408928,-0.0043853949941853225
tcn,bandpass,10,V2,noisy_minus_clean,independent_rms,macro_auroc,17,0.9146265105622092,0.9169105801910707,-0.002284069628861518,3,-0.002235195098017432,0.00045340551325890124,-0.0033615168322054254,-0.0011088733638294388
tcn,bandpass,10,V2,noisy_minus_clean,independent_rms,macro_auroc,29,0.9193150885279888,0.9219772719022072,-0.0026621833742184187,3,-0.002235195098017432,0.00045340551325890124,-0.0033615168322054254,-0.0011088733638294388
tcn,bandpass,10,V2,noisy_minus_clean,independent_rms,macro_auroc,43,0.9159348214127404,0.9176941537037128,-0.0017593322909723597,3,-0.002235195098017432,0.00045340551325890124,-0.0033615168322054254,-0.0011088733638294388
tcn,bandpass,10,V2,noisy_minus_clean,independent_rms,macro_ap,17,0.8032214096578724,0.8060205715522081,-0.002799161894335711,3,-0.002685228998266361,0.0008612144418028905,-0.00482460427102642,-0.0005458537255063028
tcn,bandpass,10,V2,noisy_minus_clean,independent_rms,macro_ap,29,0.8101374535628434,0.8136212596748911,-0.0034838061120476826,3,-0.002685228998266361,0.0008612144418028905,-0.00482460427102642,-0.0005458537255063028
tcn,bandpass,10,V2,noisy_minus_clean,independent_rms,macro_ap,43,0.805458452736324,0.8072311717247397,-0.001772718988415689,3,-0.002685228998266361,0.0008612144418028905,-0.00482460427102642,-0.0005458537255063028
tcn,bandpass,10,V2,noisy_minus_clean,independent_rms,macro_f1,17,0.7265002538161045,0.7327948473044128,-0.006294593488308298,3,-0.00983063508313727,0.0034493745175795056,-0.018399356404100935,-0.0012619137621736054
tcn,bandpass,10,V2,noisy_minus_clean,independent_rms,macro_f1,29,0.7378679864270772,0.7510542480339528,-0.013186261606875638,3,-0.00983063508313727,0.0034493745175795056,-0.018399356404100935,-0.0012619137621736054
tcn,bandpass,10,V2,noisy_minus_clean,independent_rms,macro_f1,43,0.7278940413801822,0.7379050915344101,-0.010011050154227874,3,-0.00983063508313727,0.0034493745175795056,-0.018399356404100935,-0.0012619137621736054
tcn,bandpass,10,V3,noisy_minus_clean,covariance,macro_auroc,17,0.9146680178954556,0.9169105801910707,-0.002242562295615147,3,-0.0013131812784869339,0.00084202639664148,-0.0034048908046473546,0.0007785282476734867
tcn,bandpass,10,V3,noisy_minus_clean,covariance,macro_auroc,29,0.920881401572918,0.9219772719022072,-0.0010958703292892613,3,-0.0013131812784869339,0.00084202639664148,-0.0034048908046473546,0.0007785282476734867
tcn,bandpass,10,V3,noisy_minus_clean,covariance,macro_auroc,43,0.9170930424931564,0.9176941537037128,-0.0006011112105563932,3,-0.0013131812784869339,0.00084202639664148,-0.0034048908046473546,0.0007785282476734867
tcn,bandpass,10,V3,noisy_minus_clean,covariance,macro_ap,17,0.8039314687880591,0.8060205715522081,-0.0020891027641489757,3,-0.0012096416251665316,0.0008357809142484222,-0.0032858365129864774,0.0008665532626534139
tcn,bandpass,10,V3,noisy_minus_clean,covariance,macro_ap,29,0.8125071963049904,0.8136212596748911,-0.0011140633699007196,3,-0.0012096416251665316,0.0008357809142484222,-0.0032858365129864774,0.0008665532626534139
tcn,bandpass,10,V3,noisy_minus_clean,covariance,macro_ap,43,0.8068054129832898,0.8072311717247397,-0.0004257587414498998,3,-0.0012096416251665316,0.0008357809142484222,-0.0032858365129864774,0.0008665532626534139
tcn,bandpass,10,V3,noisy_minus_clean,covariance,macro_f1,17,0.7275945164487383,0.7327948473044128,-0.0052003308556745065,3,-0.003944760953504563,0.0010922245671690603,-0.006657997190475783,-0.0012315247165333421
tcn,bandpass,10,V3,noisy_minus_clean,covariance,macro_f1,29,0.7478402898489308,0.7510542480339528,-0.0032139581850220145,3,-0.003944760953504563,0.0010922245671690603,-0.006657997190475783,-0.0012315247165333421
tcn,bandpass,10,V3,noisy_minus_clean,covariance,macro_f1,43,0.7344850977145929,0.7379050915344101,-0.0034199938198171687,3,-0.003944760953504563,0.0010922245671690603,-0.006657997190475783,-0.0012315247165333421
tcn,bandpass,10,V3,noisy_minus_clean,electrode,macro_auroc,17,0.9137311450111956,0.9169105801910707,-0.0031794351798751785,3,-0.001770519067522199,0.0012851490632080876,-0.004963006320618455,0.0014219681855740577
tcn,bandpass,10,V3,noisy_minus_clean,electrode,macro_auroc,29,0.9213147262634668,0.9219772719022072,-0.0006625456387404638,3,-0.001770519067522199,0.0012851490632080876,-0.004963006320618455,0.0014219681855740577
tcn,bandpass,10,V3,noisy_minus_clean,electrode,macro_auroc,43,0.9162245773197618,0.9176941537037128,-0.0014695763839509546,3,-0.001770519067522199,0.0012851490632080876,-0.004963006320618455,0.0014219681855740577
tcn,bandpass,10,V3,noisy_minus_clean,electrode,macro_ap,17,0.8016656783544753,0.8060205715522081,-0.004354893197732745,3,-0.0024348840496339155,0.001963066515289624,-0.0073114116108787455,0.002441643511610914
tcn,bandpass,10,V3,noisy_minus_clean,electrode,macro_ap,29,0.8131898378155344,0.8136212596748911,-0.0004314218593566288,3,-0.0024348840496339155,0.001963066515289624,-0.0073114116108787455,0.002441643511610914
tcn,bandpass,10,V3,noisy_minus_clean,electrode,macro_ap,43,0.8047128346329273,0.8072311717247397,-0.0025183370918123726,3,-0.0024348840496339155,0.001963066515289624,-0.0073114116108787455,0.002441643511610914
tcn,bandpass,10,V3,noisy_minus_clean,electrode,macro_f1,17,0.727026066122489,0.7327948473044128,-0.00576878118192381,3,-0.005599323220222459,0.0008715903649374004,-0.007764473714934857,-0.0034341727255100614
tcn,bandpass,10,V3,noisy_minus_clean,electrode,macro_f1,29,0.7446805072624553,0.7510542480339528,-0.006373740771497549,3,-0.005599323220222459,0.0008715903649374004,-0.007764473714934857,-0.0034341727255100614
tcn,bandpass,10,V3,noisy_minus_clean,electrode,macro_f1,43,0.7332496438271641,0.7379050915344101,-0.004655447707246019,3,-0.005599323220222459,0.0008715903649374004,-0.007764473714934857,-0.0034341727255100614
tcn,bandpass,10,V3,noisy_minus_clean,independent_rms,macro_auroc,17,0.9137062550635194,0.9169105801910707,-0.0032043251275513107,3,-0.0016374209809569458,0.0013858954643821567,-0.005080176168529734,0.0018053342066158423
tcn,bandpass,10,V3,noisy_minus_clean,independent_rms,macro_auroc,29,0.9214049318011956,0.9219772719022072,-0.0005723401010115925,3,-0.0016374209809569458,0.0013858954643821567,-0.005080176168529734,0.0018053342066158423
tcn,bandpass,10,V3,noisy_minus_clean,independent_rms,macro_auroc,43,0.9165585559894048,0.9176941537037128,-0.0011355977143079343,3,-0.0016374209809569458,0.0013858954643821567,-0.005080176168529734,0.0018053342066158423
tcn,bandpass,10,V3,noisy_minus_clean,independent_rms,macro_ap,17,0.8022922579756621,0.8060205715522081,-0.0037283135765460163,3,-0.0014562154431081442,0.002017049675393689,-0.0064668446081652745,0.003554413721948986
tcn,bandpass,10,V3,noisy_minus_clean,independent_rms,macro_ap,29,0.8137445647711209,0.8136212596748911,0.0001233050962298199,3,-0.0014562154431081442,0.002017049675393689,-0.0064668446081652745,0.003554413721948986
tcn,bandpass,10,V3,noisy_minus_clean,independent_rms,macro_ap,43,0.8064675338757314,0.8072311717247397,-0.0007636378490082363,3,-0.0014562154431081442,0.002017049675393689,-0.0064668446081652745,0.003554413721948986
tcn,bandpass,10,V3,noisy_minus_clean,independent_rms,macro_f1,17,0.7248131674770946,0.7327948473044128,-0.007981679827318233,3,-0.006559118473180618,0.0018310679372448965,-0.011107743388811184,-0.0020104935575500516
tcn,bandpass,10,V3,noisy_minus_clean,independent_rms,macro_f1,29,0.7438517703646305,0.7510542480339528,-0.00720247766932236,3,-0.006559118473180618,0.0018310679372448965,-0.011107743388811184,-0.0020104935575500516
tcn,bandpass,10,V3,noisy_minus_clean,independent_rms,macro_f1,43,0.7334118936115088,0.7379050915344101,-0.00449319792290126,3,-0.006559118473180618,0.0018310679372448965,-0.011107743388811184,-0.0020104935575500516
tcn,bandpass,10,V4,noisy_minus_clean,covariance,macro_auroc,17,0.915744467133865,0.9169105801910707,-0.0011661130572057088,3,-0.0013232672732265878,0.0005573894411213426,-0.0027078994040303965,6.136485757722077e-05
tcn,bandpass,10,V4,noisy_minus_clean,covariance,macro_auroc,29,0.920034909340551,0.9219772719022072,-0.0019423625616562523,3,-0.0013232672732265878,0.0005573894411213426,-0.0027078994040303965,6.136485757722077e-05
tcn,bandpass,10,V4,noisy_minus_clean,covariance,macro_auroc,43,0.916832827502895,0.9176941537037128,-0.0008613262008178024,3,-0.0013232672732265878,0.0005573894411213426,-0.0027078994040303965,6.136485757722077e-05
tcn,bandpass,10,V4,noisy_minus_clean,covariance,macro_ap,17,0.8046230096633412,0.8060205715522081,-0.0013975618888668606,3,-0.0014061725251659125,0.0002171230092265772,-0.001945535980467684,-0.0008668090698641411
tcn,bandpass,10,V4,noisy_minus_clean,covariance,macro_ap,29,0.8119937869149474,0.8136212596748911,-0.0016274727599436822,3,-0.0014061725251659125,0.0002171230092265772,-0.001945535980467684,-0.0008668090698641411
tcn,bandpass,10,V4,noisy_minus_clean,covariance,macro_ap,43,0.8060376887980525,0.8072311717247397,-0.001193482926687195,3,-0.0014061725251659125,0.0002171230092265772,-0.001945535980467684,-0.0008668090698641411
tcn,bandpass,10,V4,noisy_minus_clean,covariance,macro_f1,17,0.7321749073890563,0.7327948473044128,-0.0006199399153564711,3,-0.004448087405415431,0.004269747153090967,-0.015054727327915872,0.006158552517085009
tcn,bandpass,10,V4,noisy_minus_clean,covariance,macro_f1,29,0.7420014167351815,0.7510542480339528,-0.009052831298771324,3,-0.004448087405415431,0.004269747153090967,-0.015054727327915872,0.006158552517085009
tcn,bandpass,10,V4,noisy_minus_clean,covariance,macro_f1,43,0.7342336005322916,0.7379050915344101,-0.0036714910021184988,3,-0.004448087405415431,0.004269747153090967,-0.015054727327915872,0.006158552517085009
tcn,bandpass,10,V4,noisy_minus_clean,electrode,macro_auroc,17,0.9155499268992212,0.9169105801910707,-0.001360653291849534,3,-0.0012866169173214963,0.0007437605539781252,-0.003134220557947978,0.0005609867233049852
tcn,bandpass,10,V4,noisy_minus_clean,electrode,macro_auroc,29,0.9199866814562117,0.9219772719022072,-0.001990590445995588,3,-0.0012866169173214963,0.0007437605539781252,-0.003134220557947978,0.0005609867233049852
tcn,bandpass,10,V4,noisy_minus_clean,electrode,macro_auroc,43,0.9171855466895934,0.9176941537037128,-0.0005086070141193666,3,-0.0012866169173214963,0.0007437605539781252,-0.003134220557947978,0.0005609867233049852
tcn,bandpass,10,V4,noisy_minus_clean,electrode,macro_ap,17,0.8036603813088012,0.8060205715522081,-0.0023601902434068345,3,-0.0017803593775150468,0.0009239364704515551,-0.004075544806996807,0.0005148260519667132
tcn,bandpass,10,V4,noisy_minus_clean,electrode,macro_ap,29,0.8113552477277265,0.8136212596748911,-0.002266011947164581,3,-0.0017803593775150468,0.0009239364704515551,-0.004075544806996807,0.0005148260519667132
tcn,bandpass,10,V4,noisy_minus_clean,electrode,macro_ap,43,0.806516295782766,0.8072311717247397,-0.000714875941973725,3,-0.0017803593775150468,0.0009239364704515551,-0.004075544806996807,0.0005148260519667132
tcn,bandpass,10,V4,noisy_minus_clean,electrode,macro_f1,17,0.7324141976863824,0.7327948473044128,-0.0003806496180304153,3,-0.004442593758296994,0.004735141103178576,-0.016205336343016186,0.007320148826422199
tcn,bandpass,10,V4,noisy_minus_clean,electrode,macro_f1,29,0.7414109789673586,0.7510542480339528,-0.009643269066594184,3,-0.004442593758296994,0.004735141103178576,-0.016205336343016186,0.007320148826422199
tcn,bandpass,10,V4,noisy_minus_clean,electrode,macro_f1,43,0.7346012289441437,0.7379050915344101,-0.003303862590266382,3,-0.004442593758296994,0.004735141103178576,-0.016205336343016186,0.007320148826422199
tcn,bandpass,10,V4,noisy_minus_clean,independent_rms,macro_auroc,17,0.9157745233886494,0.9169105801910707,-0.001136056802421348,3,-0.0013667146726940398,0.0007949989345622776,-0.003341601506817053,0.0006081721614289734
tcn,bandpass,10,V4,noisy_minus_clean,independent_rms,macro_auroc,29,0.9197257342943248,0.9219772719022072,-0.0022515376078824367,3,-0.0013667146726940398,0.0007949989345622776,-0.003341601506817053,0.0006081721614289734
tcn,bandpass,10,V4,noisy_minus_clean,independent_rms,macro_auroc,43,0.9169816040959344,0.9176941537037128,-0.0007125496077783344,3,-0.0013667146726940398,0.0007949989345622776,-0.003341601506817053,0.0006081721614289734
tcn,bandpass,10,V4,noisy_minus_clean,independent_rms,macro_ap,17,0.8048101685759992,0.8060205715522081,-0.0012104029762088908,3,-0.0017576453876844145,0.0008988542542930722,-0.0039905231381133855,0.0004752323627445565
tcn,bandpass,10,V4,noisy_minus_clean,independent_rms,macro_ap,29,0.810826230502016,0.8136212596748911,-0.0027950291728751075,3,-0.0017576453876844145,0.0008988542542930722,-0.0039905231381133855,0.0004752323627445565
tcn,bandpass,10,V4,noisy_minus_clean,independent_rms,macro_ap,43,0.8059636677107704,0.8072311717247397,-0.001267504013969245,3,-0.0017576453876844145,0.0008988542542930722,-0.0039905231381133855,0.0004752323627445565
tcn,bandpass,10,V4,noisy_minus_clean,independent_rms,macro_f1,17,0.7316684046903932,0.7327948473044128,-0.0011264426140196182,3,-0.004933868934526668,0.0040546031110885285,-0.015006061428837075,0.0051383235597837395
tcn,bandpass,10,V4,noisy_minus_clean,independent_rms,macro_f1,29,0.7418571246704339,0.7510542480339528,-0.009197123363518966,3,-0.004933868934526668,0.0040546031110885285,-0.015006061428837075,0.0051383235597837395
tcn,bandpass,10,V4,noisy_minus_clean,independent_rms,macro_f1,43,0.7334270507083687,0.7379050915344101,-0.004478040826041418,3,-0.004933868934526668,0.0040546031110885285,-0.015006061428837075,0.0051383235597837395
tcn,bandpass,10,V5,noisy_minus_clean,covariance,macro_auroc,17,0.9156664232507878,0.9169105801910707,-0.0012441569402829034,3,-0.0014831541720697523,0.000621388983988257,-0.0030267699808420746,6.046163670256994e-05
tcn,bandpass,10,V5,noisy_minus_clean,covariance,macro_auroc,29,0.9197887142483993,0.9219772719022072,-0.0021885576538079876,3,-0.0014831541720697523,0.000621388983988257,-0.0030267699808420746,6.046163670256994e-05
tcn,bandpass,10,V5,noisy_minus_clean,covariance,macro_auroc,43,0.9166774057815944,0.9176941537037128,-0.0010167479221183662,3,-0.0014831541720697523,0.000621388983988257,-0.0030267699808420746,6.046163670256994e-05
tcn,bandpass,10,V5,noisy_minus_clean,covariance,macro_ap,17,0.8048994448336793,0.8060205715522081,-0.0011211267185288198,3,-0.001299205531746006,0.00038292975404354555,-0.0022504557747050676,-0.0003479552887869444
tcn,bandpass,10,V5,noisy_minus_clean,covariance,macro_ap,29,0.8118825134544501,0.8136212596748911,-0.001738746220441012,3,-0.001299205531746006,0.00038292975404354555,-0.0022504557747050676,-0.0003479552887869444
tcn,bandpass,10,V5,noisy_minus_clean,covariance,macro_ap,43,0.8061934280684715,0.8072311717247397,-0.0010377436562681863,3,-0.001299205531746006,0.00038292975404354555,-0.0022504557747050676,-0.0003479552887869444
tcn,bandpass,10,V5,noisy_minus_clean,covariance,macro_f1,17,0.7332712415650788,0.7327948473044128,0.0004763942606660354,3,-0.005588178968150115,0.005982148398238421,-0.020448659401316852,0.009272301465016623
tcn,bandpass,10,V5,noisy_minus_clean,covariance,macro_f1,29,0.7395699016712658,0.7510542480339528,-0.011484346362687026,3,-0.005588178968150115,0.005982148398238421,-0.020448659401316852,0.009272301465016623
tcn,bandpass,10,V5,noisy_minus_clean,covariance,macro_f1,43,0.7321485067319807,0.7379050915344101,-0.005756584802429354,3,-0.005588178968150115,0.005982148398238421,-0.020448659401316852,0.009272301465016623
tcn,bandpass,10,V5,noisy_minus_clean,electrode,macro_auroc,17,0.9157406665757136,0.9169105801910707,-0.001169913615357121,3,-0.0012589686286894979,0.0005182422358537743,-0.0025463537105797135,2.8416453200717914e-05
tcn,bandpass,10,V5,noisy_minus_clean,electrode,macro_auroc,29,0.9201613043837744,0.9219772719022072,-0.0018159675184328261,3,-0.0012589686286894979,0.0005182422358537743,-0.0025463537105797135,2.8416453200717914e-05
tcn,bandpass,10,V5,noisy_minus_clean,electrode,macro_auroc,43,0.9169031289514342,0.9176941537037128,-0.0007910247522785463,3,-0.0012589686286894979,0.0005182422358537743,-0.0025463537105797135,2.8416453200717914e-05
tcn,bandpass,10,V5,noisy_minus_clean,electrode,macro_ap,17,0.8030682590063953,0.8060205715522081,-0.002952312545812741,3,-0.003126633985220728,0.0005739373907213898,-0.004552373501677648,-0.001700894468763808
tcn,bandpass,10,V5,noisy_minus_clean,electrode,macro_ap,29,0.809853738362975,0.8136212596748911,-0.0037675213119160444,3,-0.003126633985220728,0.0005739373907213898,-0.004552373501677648,-0.001700894468763808
tcn,bandpass,10,V5,noisy_minus_clean,electrode,macro_ap,43,0.8045711036268063,0.8072311717247397,-0.002660068097933399,3,-0.003126633985220728,0.0005739373907213898,-0.004552373501677648,-0.001700894468763808
tcn,bandpass,10,V5,noisy_minus_clean,electrode,macro_f1,17,0.734141137855571,0.7327948473044128,0.0013462905511582024,3,-0.0048772538121716336,0.008336207730295952,-0.025585541807727808,0.01583103418338454
tcn,bandpass,10,V5,noisy_minus_clean,electrode,macro_f1,29,0.7367057424237565,0.7510542480339528,-0.014348505610196294,3,-0.0048772538121716336,0.008336207730295952,-0.025585541807727808,0.01583103418338454
tcn,bandpass,10,V5,noisy_minus_clean,electrode,macro_f1,43,0.7362755451569333,0.7379050915344101,-0.0016295463774768093,3,-0.0048772538121716336,0.008336207730295952,-0.025585541807727808,0.01583103418338454
tcn,bandpass,10,V5,noisy_minus_clean,independent_rms,macro_auroc,17,0.9147965771792326,0.9169105801910707,-0.0021140030118381725,3,-0.0019015037333399338,0.00048376225809782544,-0.0031032358021873463,-0.0006997716644925214
tcn,bandpass,10,V5,noisy_minus_clean,independent_rms,macro_auroc,29,0.919734626519826,0.9219772719022072,-0.002242645382381281,3,-0.0019015037333399338,0.00048376225809782544,-0.0031032358021873463,-0.0006997716644925214
tcn,bandpass,10,V5,noisy_minus_clean,independent_rms,macro_auroc,43,0.9163462908979124,0.9176941537037128,-0.0013478628058003483,3,-0.0019015037333399338,0.00048376225809782544,-0.0031032358021873463,-0.0006997716644925214
tcn,bandpass,10,V5,noisy_minus_clean,independent_rms,macro_ap,17,0.8024820837018212,0.8060205715522081,-0.0035384878503869066,3,-0.0030713933951381036,0.0005254971951376659,-0.004376800794982425,-0.0017659859952937826
tcn,bandpass,10,V5,noisy_minus_clean,independent_rms,macro_ap,29,0.8104479818757377,0.8136212596748911,-0.003173277799153329,3,-0.0030713933951381036,0.0005254971951376659,-0.004376800794982425,-0.0017659859952937826
tcn,bandpass,10,V5,noisy_minus_clean,independent_rms,macro_ap,43,0.8047287571888656,0.8072311717247397,-0.0025024145358740757,3,-0.0030713933951381036,0.0005254971951376659,-0.004376800794982425,-0.0017659859952937826
tcn,bandpass,10,V5,noisy_minus_clean,independent_rms,macro_f1,17,0.7287156291115794,0.7327948473044128,-0.0040792181928334115,3,-0.006956991110852684,0.003960113070511338,-0.016794457331983384,0.0028804751102780145
tcn,bandpass,10,V5,noisy_minus_clean,independent_rms,macro_f1,29,0.7395808206585681,0.7510542480339528,-0.011473427375384704,3,-0.006956991110852684,0.003960113070511338,-0.016794457331983384,0.0028804751102780145
tcn,bandpass,10,V5,noisy_minus_clean,independent_rms,macro_f1,43,0.7325867637700701,0.7379050915344101,-0.005318327764339936,3,-0.006956991110852684,0.003960113070511338,-0.016794457331983384,0.0028804751102780145
tcn,bandpass,10,V6,noisy_minus_clean,covariance,macro_auroc,17,0.9148987317767612,0.9169105801910707,-0.0020118484143095694,3,-0.0018821113773545377,0.00036437360610512386,-0.002787265593435519,-0.0009769571612735562
tcn,bandpass,10,V6,noisy_minus_clean,covariance,macro_auroc,29,0.9198134105920648,0.9219772719022072,-0.0021638613101424564,3,-0.0018821113773545377,0.00036437360610512386,-0.002787265593435519,-0.0009769571612735562
tcn,bandpass,10,V6,noisy_minus_clean,covariance,macro_auroc,43,0.9162235292961012,0.9176941537037128,-0.001470624407611587,3,-0.0018821113773545377,0.00036437360610512386,-0.002787265593435519,-0.0009769571612735562
tcn,bandpass,10,V6,noisy_minus_clean,covariance,macro_ap,17,0.8040033102674423,0.8060205715522081,-0.002017261284765759,3,-0.001791552828833809,0.0002471714992054545,-0.002405560871272336,-0.0011775447863952818
tcn,bandpass,10,V6,noisy_minus_clean,covariance,macro_ap,29,0.8117912814663093,0.8136212596748911,-0.0018299782085817728,3,-0.001791552828833809,0.0002471714992054545,-0.002405560871272336,-0.0011775447863952818
tcn,bandpass,10,V6,noisy_minus_clean,covariance,macro_ap,43,0.8057037527315858,0.8072311717247397,-0.001527418993153895,3,-0.001791552828833809,0.0002471714992054545,-0.002405560871272336,-0.0011775447863952818
tcn,bandpass,10,V6,noisy_minus_clean,covariance,macro_f1,17,0.7269766478824531,0.7327948473044128,-0.005818199421959713,3,-0.008680184592186002,0.004370331362011174,-0.01953668954126861,0.0021763203568966032
tcn,bandpass,10,V6,noisy_minus_clean,covariance,macro_f1,29,0.7373435463216863,0.7510542480339528,-0.013710701712266515,3,-0.008680184592186002,0.004370331362011174,-0.01953668954126861,0.0021763203568966032
tcn,bandpass,10,V6,noisy_minus_clean,covariance,macro_f1,43,0.7313934388920783,0.7379050915344101,-0.006511652642331778,3,-0.008680184592186002,0.004370331362011174,-0.01953668954126861,0.0021763203568966032
tcn,bandpass,10,V6,noisy_minus_clean,electrode,macro_auroc,17,0.9143515534191636,0.9169105801910707,-0.0025590267719071136,3,-0.002159358807207116,0.00047018044480229737,-0.003327351781453573,-0.0009913658329606587
tcn,bandpass,10,V6,noisy_minus_clean,electrode,macro_auroc,29,0.9196995195028552,0.9219772719022072,-0.0022777523993520177,3,-0.002159358807207116,0.00047018044480229737,-0.003327351781453573,-0.0009913658329606587
tcn,bandpass,10,V6,noisy_minus_clean,electrode,macro_auroc,43,0.9160528564533506,0.9176941537037128,-0.001641297250362217,3,-0.002159358807207116,0.00047018044480229737,-0.003327351781453573,-0.0009913658329606587
tcn,bandpass,10,V6,noisy_minus_clean,electrode,macro_ap,17,0.8027413730453425,0.8060205715522081,-0.0032791985068655327,3,-0.003097675830717258,0.0006372753488084435,-0.00468075555744154,-0.0015145961039929757
tcn,bandpass,10,V6,noisy_minus_clean,electrode,macro_ap,29,0.8099967636016192,0.8136212596748911,-0.0036244960732718656,3,-0.003097675830717258,0.0006372753488084435,-0.00468075555744154,-0.0015145961039929757
tcn,bandpass,10,V6,noisy_minus_clean,electrode,macro_ap,43,0.8048418388127253,0.8072311717247397,-0.0023893329120143747,3,-0.003097675830717258,0.0006372753488084435,-0.00468075555744154,-0.0015145961039929757
tcn,bandpass,10,V6,noisy_minus_clean,electrode,macro_f1,17,0.7234987074103334,0.7327948473044128,-0.009296139894079403,3,-0.011359229766432591,0.00632594230466266,-0.027073741607607157,0.004355282074741977
tcn,bandpass,10,V6,noisy_minus_clean,electrode,macro_f1,29,0.7325950887706993,0.7510542480339528,-0.018459159263253477,3,-0.011359229766432591,0.00632594230466266,-0.027073741607607157,0.004355282074741977
tcn,bandpass,10,V6,noisy_minus_clean,electrode,macro_f1,43,0.7315827013924452,0.7379050915344101,-0.006322390141964895,3,-0.011359229766432591,0.00632594230466266,-0.027073741607607157,0.004355282074741977
tcn,bandpass,10,V6,noisy_minus_clean,independent_rms,macro_auroc,17,0.9145211591999672,0.9169105801910707,-0.002389420991103508,3,-0.0016836100460860444,0.0006347639490240303,-0.0032604511098966614,-0.00010676898227542759
tcn,bandpass,10,V6,noisy_minus_clean,independent_rms,macro_auroc,29,0.920475399418668,0.9219772719022072,-0.0015018724835392794,3,-0.0016836100460860444,0.0006347639490240303,-0.0032604511098966614,-0.00010676898227542759
tcn,bandpass,10,V6,noisy_minus_clean,independent_rms,macro_auroc,43,0.9165346170400974,0.9176941537037128,-0.001159536663615346,3,-0.0016836100460860444,0.0006347639490240303,-0.0032604511098966614,-0.00010676898227542759
tcn,bandpass,10,V6,noisy_minus_clean,independent_rms,macro_ap,17,0.8024122084860614,0.8060205715522081,-0.003608363066146647,3,-0.0026148727119951567,0.0009729488168385828,-0.005031811559476794,-0.00019793386451351976
tcn,bandpass,10,V6,noisy_minus_clean,independent_rms,macro_ap,29,0.8119574030804285,0.8136212596748911,-0.0016638565944625539,3,-0.0026148727119951567,0.0009729488168385828,-0.005031811559476794,-0.00019793386451351976
tcn,bandpass,10,V6,noisy_minus_clean,independent_rms,macro_ap,43,0.8046587732493634,0.8072311717247397,-0.0025723984753762696,3,-0.0026148727119951567,0.0009729488168385828,-0.005031811559476794,-0.00019793386451351976
tcn,bandpass,10,V6,noisy_minus_clean,independent_rms,macro_f1,17,0.7262756576345533,0.7327948473044128,-0.0065191896698595375,3,-0.009309231822717257,0.005268646376782133,-0.0223972749769963,0.0037788113315617884
tcn,bandpass,10,V6,noisy_minus_clean,independent_rms,macro_f1,29,0.7356680742434911,0.7510542480339528,-0.015386173790461699,3,-0.009309231822717257,0.005268646376782133,-0.0223972749769963,0.0037788113315617884
tcn,bandpass,10,V6,noisy_minus_clean,independent_rms,macro_f1,43,0.7318827595265796,0.7379050915344101,-0.006022332007830533,3,-0.009309231822717257,0.005268646376782133,-0.0223972749769963,0.0037788113315617884
tcn,bandpass,10,all,electrode_minus_independent_rms,all,macro_auroc,17,0.9134205987785962,0.9145516425935172,-0.0011310438149210178,3,-0.0010709407696023465,0.00027142895610505406,-0.0017452076755155805,-0.0003966738636891126
tcn,bandpass,10,all,electrode_minus_independent_rms,all,macro_auroc,29,0.9176344452740584,0.9189417259551164,-0.0013072806810580095,3,-0.0010709407696023465,0.00027142895610505406,-0.0017452076755155805,-0.0003966738636891126
tcn,bandpass,10,all,electrode_minus_independent_rms,all,macro_auroc,43,0.914985146876649,0.915759644689477,-0.0007744978128280122,3,-0.0010709407696023465,0.00027142895610505406,-0.0017452076755155805,-0.0003966738636891126
tcn,bandpass,10,all,electrode_minus_independent_rms,all,macro_ap,17,0.800549038076466,0.8033268182243237,-0.002777780147857678,3,-0.0025718943806617065,0.00044473268488552306,-0.0036766716148201196,-0.0014671171465032934
tcn,bandpass,10,all,electrode_minus_independent_rms,all,macro_ap,29,0.8066807296928233,0.8095571065807933,-0.0028763768879699336,3,-0.0025718943806617065,0.00044473268488552306,-0.0036766716148201196,-0.0014671171465032934
tcn,bandpass,10,all,electrode_minus_independent_rms,all,macro_ap,43,0.802136427228476,0.8041979533346335,-0.0020615261061575074,3,-0.0025718943806617065,0.00044473268488552306,-0.0036766716148201196,-0.0014671171465032934
tcn,bandpass,10,all,electrode_minus_independent_rms,all,macro_f1,17,0.7241482726477988,0.7270376392038758,-0.0028893665560769666,3,-0.006416581760793183,0.005264005416392229,-0.01949309613034907,0.006659932608762704
tcn,bandpass,10,all,electrode_minus_independent_rms,all,macro_f1,29,0.7207915149524929,0.7332587566477858,-0.012467241695292897,3,-0.006416581760793183,0.005264005416392229,-0.01949309613034907,0.006659932608762704
tcn,bandpass,10,all,electrode_minus_independent_rms,all,macro_f1,43,0.725252044599275,0.7291451816302846,-0.0038931370310096858,3,-0.006416581760793183,0.005264005416392229,-0.01949309613034907,0.006659932608762704
tcn,bandpass,10,all,electrode_minus_independent,all,macro_auroc,17,0.9134205987785962,0.9145851061225792,-0.00116450734398299,3,-0.001190510806437543,0.0002563913666326289,-0.0018274222692489688,-0.000553599343626117
tcn,bandpass,10,all,electrode_minus_independent,all,macro_auroc,29,0.9176344452740584,0.9190933582773434,-0.001458913003285045,3,-0.001190510806437543,0.0002563913666326289,-0.0018274222692489688,-0.000553599343626117
tcn,bandpass,10,all,electrode_minus_independent,all,macro_auroc,43,0.914985146876649,0.9159332589486936,-0.0009481120720445935,3,-0.001190510806437543,0.0002563913666326289,-0.0018274222692489688,-0.000553599343626117
tcn,bandpass,10,all,electrode_minus_independent,all,macro_ap,17,0.800549038076466,0.8034391691671068,-0.002890131090640735,3,-0.0027719212153533013,0.00042992023920713287,-0.003839902294599228,-0.0017039401361073744
tcn,bandpass,10,all,electrode_minus_independent,all,macro_ap,29,0.8066807296928233,0.8098110998366608,-0.0031303701438374354,3,-0.0027719212153533013,0.00042992023920713287,-0.003839902294599228,-0.0017039401361073744
tcn,bandpass,10,all,electrode_minus_independent,all,macro_ap,43,0.802136427228476,0.8044316896400577,-0.0022952624115817333,3,-0.0027719212153533013,0.00042992023920713287,-0.003839902294599228,-0.0017039401361073744
tcn,bandpass,10,all,electrode_minus_independent,all,macro_f1,17,0.7241482726477988,0.7270192673565906,-0.0028709947087918186,3,-0.007009313887670084,0.005471411149798662,-0.02060105266120774,0.006582424885867573
tcn,bandpass,10,all,electrode_minus_independent,all,macro_f1,29,0.7207915149524929,0.7340042448017249,-0.013212729849231941,3,-0.007009313887670084,0.005471411149798662,-0.02060105266120774,0.006582424885867573
tcn,bandpass,10,all,electrode_minus_independent,all,macro_f1,43,0.725252044599275,0.7301962617042614,-0.0049442171049864925,3,-0.007009313887670084,0.005471411149798662,-0.02060105266120774,0.006582424885867573
tcn,bandpass,10,all,covariance_minus_electrode,all,macro_auroc,17,0.9131267065771056,0.9134205987785962,-0.0002938922014905643,3,0.0001028789660370381,0.0003436178264970022,-0.000750715035183269,0.0009564729672573451
tcn,bandpass,10,all,covariance_minus_electrode,all,macro_auroc,29,0.9179373502965384,0.9176344452740584,0.0003029050224800933,3,0.0001028789660370381,0.0003436178264970022,-0.000750715035183269,0.0009564729672573451
tcn,bandpass,10,all,covariance_minus_electrode,all,macro_auroc,43,0.9152847709537706,0.914985146876649,0.00029962407712158523,3,0.0001028789660370381,0.0003436178264970022,-0.000750715035183269,0.0009564729672573451
tcn,bandpass,10,all,covariance_minus_electrode,all,macro_ap,17,0.8003510641625722,0.800549038076466,-0.00019797391389386743,3,0.0007894236076188369,0.00090446560869706,-0.0014573935198989038,0.0030362407351365774
tcn,bandpass,10,all,covariance_minus_electrode,all,macro_ap,29,0.8082585428113056,0.8066807296928233,0.001577813118482263,3,0.0007894236076188369,0.00090446560869706,-0.0014573935198989038,0.0030362407351365774
tcn,bandpass,10,all,covariance_minus_electrode,all,macro_ap,43,0.8031248588467441,0.802136427228476,0.0009884316182681152,3,0.0007894236076188369,0.00090446560869706,-0.0014573935198989038,0.0030362407351365774
tcn,bandpass,10,all,covariance_minus_electrode,all,macro_f1,17,0.7245716344626422,0.7241482726477988,0.00042336181484337043,3,0.0006945951474623587,0.0035058198877434494,-0.008014344246177528,0.009403534541102246
tcn,bandpass,10,all,covariance_minus_electrode,all,macro_f1,29,0.7251196686532542,0.7207915149524929,0.004328153700761228,3,0.0006945951474623587,0.0035058198877434494,-0.008014344246177528,0.009403534541102246
tcn,bandpass,10,all,covariance_minus_electrode,all,macro_f1,43,0.7225843145260574,0.725252044599275,-0.0026677300732175224,3,0.0006945951474623587,0.0035058198877434494,-0.008014344246177528,0.009403534541102246
tcn,bandpass,10,all,noisy_minus_clean,covariance,macro_auroc,17,0.9131267065771056,0.9169105801910707,-0.0037838736139651497,3,-0.0034110593231920414,0.000876873486634222,-0.0055893338197471176,-0.0012327848266369657
tcn,bandpass,10,all,noisy_minus_clean,covariance,macro_auroc,29,0.9179373502965384,0.9219772719022072,-0.004039921605668795,3,-0.0034110593231920414,0.000876873486634222,-0.0055893338197471176,-0.0012327848266369657
tcn,bandpass,10,all,noisy_minus_clean,covariance,macro_auroc,43,0.9152847709537706,0.9176941537037128,-0.0024093827499421794,3,-0.0034110593231920414,0.000876873486634222,-0.0055893338197471176,-0.0012327848266369657
tcn,bandpass,10,all,noisy_minus_clean,covariance,macro_ap,17,0.8003510641625722,0.8060205715522081,-0.005669507389635897,3,-0.005046179043738978,0.0008282761700365956,-0.007103731113445515,-0.0029886269740324405
tcn,bandpass,10,all,noisy_minus_clean,covariance,macro_ap,29,0.8082585428113056,0.8136212596748911,-0.0053627168635854705,3,-0.005046179043738978,0.0008282761700365956,-0.007103731113445515,-0.0029886269740324405
tcn,bandpass,10,all,noisy_minus_clean,covariance,macro_ap,43,0.8031248588467441,0.8072311717247397,-0.004106312877995566,3,-0.005046179043738978,0.0008282761700365956,-0.007103731113445515,-0.0029886269740324405
tcn,bandpass,10,all,noisy_minus_clean,covariance,macro_f1,17,0.7245716344626422,0.7327948473044128,-0.008223212841770633,3,-0.01649285641027398,0.008913666684500322,-0.03863563197093936,0.005649919150391397
tcn,bandpass,10,all,noisy_minus_clean,covariance,macro_f1,29,0.7251196686532542,0.7510542480339528,-0.025934579380698652,3,-0.01649285641027398,0.008913666684500322,-0.03863563197093936,0.005649919150391397
tcn,bandpass,10,all,noisy_minus_clean,covariance,macro_f1,43,0.7225843145260574,0.7379050915344101,-0.01532077700835266,3,-0.01649285641027398,0.008913666684500322,-0.03863563197093936,0.005649919150391397
tcn,bandpass,10,all,noisy_minus_clean,electrode,macro_auroc,17,0.9134205987785962,0.9169105801910707,-0.0034899814124745854,3,-0.0035139382892290794,0.0008171733197812631,-0.005543909349908771,-0.0014839672285493878
tcn,bandpass,10,all,noisy_minus_clean,electrode,macro_auroc,29,0.9176344452740584,0.9219772719022072,-0.004342826628148888,3,-0.0035139382892290794,0.0008171733197812631,-0.005543909349908771,-0.0014839672285493878
tcn,bandpass,10,all,noisy_minus_clean,electrode,macro_auroc,43,0.914985146876649,0.9176941537037128,-0.0027090068270637646,3,-0.0035139382892290794,0.0008171733197812631,-0.005543909349908771,-0.0014839672285493878
tcn,bandpass,10,all,noisy_minus_clean,electrode,macro_ap,17,0.800549038076466,0.8060205715522081,-0.00547153347574203,3,-0.0058356026513578145,0.0009752644709905069,-0.008258293902645545,-0.003412911400070083
tcn,bandpass,10,all,noisy_minus_clean,electrode,macro_ap,29,0.8066807296928233,0.8136212596748911,-0.0069405299820677335,3,-0.0058356026513578145,0.0009752644709905069,-0.008258293902645545,-0.003412911400070083
tcn,bandpass,10,all,noisy_minus_clean,electrode,macro_ap,43,0.802136427228476,0.8072311717247397,-0.005094744496263681,3,-0.0058356026513578145,0.0009752644709905069,-0.008258293902645545,-0.003412911400070083
tcn,bandpass,10,all,noisy_minus_clean,electrode,macro_f1,17,0.7241482726477988,0.7327948473044128,-0.008646574656614003,3,-0.01718745155773634,0.011499356296032801,-0.04575343619321101,0.011378533077738336
tcn,bandpass,10,all,noisy_minus_clean,electrode,macro_f1,29,0.7207915149524929,0.7510542480339528,-0.03026273308145988,3,-0.01718745155773634,0.011499356296032801,-0.04575343619321101,0.011378533077738336
tcn,bandpass,10,all,noisy_minus_clean,electrode,macro_f1,43,0.725252044599275,0.7379050915344101,-0.012653046935135137,3,-0.01718745155773634,0.011499356296032801,-0.04575343619321101,0.011378533077738336
tcn,bandpass,10,all,noisy_minus_clean,independent,macro_auroc,17,0.9145851061225792,0.9169105801910707,-0.0023254740684915953,3,-0.0023234274827915367,0.0005615122321833887,-0.0037183011943501144,-0.0009285537712329592
tcn,bandpass,10,all,noisy_minus_clean,independent,macro_auroc,29,0.9190933582773434,0.9219772719022072,-0.002883913624863843,3,-0.0023234274827915367,0.0005615122321833887,-0.0037183011943501144,-0.0009285537712329592
tcn,bandpass,10,all,noisy_minus_clean,independent,macro_auroc,43,0.9159332589486936,0.9176941537037128,-0.0017608947550191711,3,-0.0023234274827915367,0.0005615122321833887,-0.0037183011943501144,-0.0009285537712329592
tcn,bandpass,10,all,noisy_minus_clean,independent,macro_ap,17,0.8034391691671068,0.8060205715522081,-0.0025814023851012946,3,-0.0030636814360045137,0.0006556006349786943,-0.0046922836971823685,-0.0014350791748266587
tcn,bandpass,10,all,noisy_minus_clean,independent,macro_ap,29,0.8098110998366608,0.8136212596748911,-0.003810159838230298,3,-0.0030636814360045137,0.0006556006349786943,-0.0046922836971823685,-0.0014350791748266587
tcn,bandpass,10,all,noisy_minus_clean,independent,macro_ap,43,0.8044316896400577,0.8072311717247397,-0.002799482084681948,3,-0.0030636814360045137,0.0006556006349786943,-0.0046922836971823685,-0.0014350791748266587
tcn,bandpass,10,all,noisy_minus_clean,independent,macro_f1,17,0.7270192673565906,0.7327948473044128,-0.005775579947822185,3,-0.010178137670066256,0.006029201108372202,-0.025155503514914926,0.004799228174782415
tcn,bandpass,10,all,noisy_minus_clean,independent,macro_f1,29,0.7340042448017249,0.7510542480339528,-0.01705000323222794,3,-0.010178137670066256,0.006029201108372202,-0.025155503514914926,0.004799228174782415
tcn,bandpass,10,all,noisy_minus_clean,independent,macro_f1,43,0.7301962617042614,0.7379050915344101,-0.007708829830148645,3,-0.010178137670066256,0.006029201108372202,-0.025155503514914926,0.004799228174782415
tcn,bandpass,10,all,noisy_minus_clean,independent_rms,macro_auroc,17,0.9145516425935172,0.9169105801910707,-0.0023589375975535676,3,-0.002442997519626733,0.000555310845159687,-0.003822466131814765,-0.001063528907438701
tcn,bandpass,10,all,noisy_minus_clean,independent_rms,macro_auroc,29,0.9189417259551164,0.9219772719022072,-0.0030355459470908785,3,-0.002442997519626733,0.000555310845159687,-0.003822466131814765,-0.001063528907438701
tcn,bandpass,10,all,noisy_minus_clean,independent_rms,macro_auroc,43,0.915759644689477,0.9176941537037128,-0.0019345090142357524,3,-0.002442997519626733,0.000555310845159687,-0.003822466131814765,-0.001063528907438701
tcn,bandpass,10,all,noisy_minus_clean,independent_rms,macro_ap,17,0.8033268182243237,0.8060205715522081,-0.0026937533278843517,3,-0.0032637082706961085,0.0007136827506674377,-0.005036594505832828,-0.0014908220355593887
tcn,bandpass,10,all,noisy_minus_clean,independent_rms,macro_ap,29,0.8095571065807933,0.8136212596748911,-0.0040641530940978,3,-0.0032637082706961085,0.0007136827506674377,-0.005036594505832828,-0.0014908220355593887
tcn,bandpass,10,all,noisy_minus_clean,independent_rms,macro_ap,43,0.8041979533346335,0.8072311717247397,-0.0030332183901061738,3,-0.0032637082706961085,0.0007136827506674377,-0.005036594505832828,-0.0014908220355593887
tcn,bandpass,10,all,noisy_minus_clean,independent_rms,macro_f1,17,0.7270376392038758,0.7327948473044128,-0.005757208100537037,3,-0.010770869796943158,0.006266022333519119,-0.02633653217811491,0.004794792584228595
tcn,bandpass,10,all,noisy_minus_clean,independent_rms,macro_f1,29,0.7332587566477858,0.7510542480339528,-0.017795491386166984,3,-0.010770869796943158,0.006266022333519119,-0.02633653217811491,0.004794792584228595
tcn,bandpass,10,all,noisy_minus_clean,independent_rms,macro_f1,43,0.7291451816302846,0.7379050915344101,-0.008759909904125451,3,-0.010770869796943158,0.006266022333519119,-0.02633653217811491,0.004794792584228595
tcn,bandpass,20,all,electrode_minus_independent_rms,all,macro_auroc,17,0.9165147060931452,0.9166919084219366,-0.00017720232879137043,3,-6.300803777566551e-05,0.0001506243025683795,-0.0004371795480872322,0.00031116347253590124
tcn,bandpass,20,all,electrode_minus_independent_rms,all,macro_auroc,29,0.9216547488042852,0.9217742705606848,-0.00011952175639962093,3,-6.300803777566551e-05,0.0001506243025683795,-0.0004371795480872322,0.00031116347253590124
tcn,bandpass,20,all,electrode_minus_independent_rms,all,macro_auroc,43,0.9176423222013312,0.9175346222294672,0.00010769997186399483,3,-6.300803777566551e-05,0.0001506243025683795,-0.0004371795480872322,0.00031116347253590124
tcn,bandpass,20,all,electrode_minus_independent_rms,all,macro_ap,17,0.8054198876926335,0.8059891313049594,-0.0005692436123259093,3,-0.00020131018651122398,0.00031903348947975423,-0.0009938333090293624,0.0005912129360069145
tcn,bandpass,20,all,electrode_minus_independent_rms,all,macro_ap,29,0.8131349212832812,0.8131681113033805,-3.3190020099271855e-05,3,-0.00020131018651122398,0.00031903348947975423,-0.0009938333090293624,0.0005912129360069145
tcn,bandpass,20,all,electrode_minus_independent_rms,all,macro_ap,43,0.807056055517165,0.8070575524442735,-1.4969271084908087e-06,3,-0.00020131018651122398,0.00031903348947975423,-0.0009938333090293624,0.0005912129360069145
tcn,bandpass,20,all,electrode_minus_independent_rms,all,macro_f1,17,0.7321040642893937,0.7302150458046625,0.0018890184847312197,3,0.00023446535878527777,0.0015283516103856852,-0.003562170513341101,0.004031101230911657
tcn,bandpass,20,all,electrode_minus_independent_rms,all,macro_f1,29,0.7481343225711842,0.7492588283399815,-0.0011245057687973015,3,0.00023446535878527777,0.0015283516103856852,-0.003562170513341101,0.004031101230911657
tcn,bandpass,20,all,electrode_minus_independent_rms,all,macro_f1,43,0.7370361392136188,0.7370972558531969,-6.111663957808489e-05,3,0.00023446535878527777,0.0015283516103856852,-0.003562170513341101,0.004031101230911657
tcn,bandpass,20,all,electrode_minus_independent,all,macro_auroc,17,0.9165147060931452,0.9166963837751668,-0.00018167768202159706,3,-7.491819166890086e-05,0.00013371978048350278,-0.0004070965411708294,0.0002572601578330277
tcn,bandpass,20,all,electrode_minus_independent,all,macro_auroc,29,0.9216547488042852,0.9217728936072316,-0.00011814480294636276,3,-7.491819166890086e-05,0.00013371978048350278,-0.0004070965411708294,0.0002572601578330277
tcn,bandpass,20,all,electrode_minus_independent,all,macro_auroc,43,0.9176423222013312,0.91756725429137,7.506790996125723e-05,3,-7.491819166890086e-05,0.00013371978048350278,-0.0004070965411708294,0.0002572601578330277
tcn,bandpass,20,all,electrode_minus_independent,all,macro_ap,17,0.8054198876926335,0.8059715461336323,-0.0005516584409988035,3,-0.00020015439939335966,0.00030682991830316214,-0.000962362170534072,0.0005620533717473527
tcn,bandpass,20,all,electrode_minus_independent,all,macro_ap,29,0.8131349212832812,0.8131208752507577,1.4046032523529206e-05,3,-0.00020015439939335966,0.00030682991830316214,-0.000962362170534072,0.0005620533717473527
tcn,bandpass,20,all,electrode_minus_independent,all,macro_ap,43,0.807056055517165,0.8071189063068698,-6.285078970480473e-05,3,-0.00020015439939335966,0.00030682991830316214,-0.000962362170534072,0.0005620533717473527
tcn,bandpass,20,all,electrode_minus_independent,all,macro_f1,17,0.7321040642893937,0.7296789649563032,0.0024250993330904302,3,0.00040630412381899755,0.0018066285346096784,-0.004081609950073525,0.0048942181977115196
tcn,bandpass,20,all,electrode_minus_independent,all,macro_f1,29,0.7481343225711842,0.7491926699254967,-0.0010583473543125388,3,0.00040630412381899755,0.0018066285346096784,-0.004081609950073525,0.0048942181977115196
tcn,bandpass,20,all,electrode_minus_independent,all,macro_f1,43,0.7370361392136188,0.7371839788209397,-0.00014783960732089874,3,0.00040630412381899755,0.0018066285346096784,-0.004081609950073525,0.0048942181977115196
tcn,bandpass,20,all,covariance_minus_electrode,all,macro_auroc,17,0.9166094598735276,0.9165147060931452,9.475378038237281e-05,3,0.00012581374825448854,2.8966277040243424e-05,5.385752709070383e-05,0.00019776996941827326
tcn,bandpass,20,all,covariance_minus_electrode,all,macro_auroc,29,0.9218068398153132,0.9216547488042852,0.00015209101102797717,3,0.00012581374825448854,2.8966277040243424e-05,5.385752709070383e-05,0.00019776996941827326
tcn,bandpass,20,all,covariance_minus_electrode,all,macro_auroc,43,0.9177729186546844,0.9176423222013312,0.00013059645335311565,3,0.00012581374825448854,2.8966277040243424e-05,5.385752709070383e-05,0.00019776996941827326
tcn,bandpass,20,all,covariance_minus_electrode,all,macro_ap,17,0.8058768369577244,0.8054198876926335,0.00045694926509087797,3,0.00030245851057216405,0.00014798410438195532,-6.515438385809282e-05,0.0006700714050024209
tcn,bandpass,20,all,covariance_minus_electrode,all,macro_ap,29,0.8134233700886938,0.8131349212832812,0.0002884488054125667,3,0.00030245851057216405,0.00014798410438195532,-6.515438385809282e-05,0.0006700714050024209
tcn,bandpass,20,all,covariance_minus_electrode,all,macro_ap,43,0.807218032978378,0.807056055517165,0.00016197746121304757,3,0.00030245851057216405,0.00014798410438195532,-6.515438385809282e-05,0.0006700714050024209
tcn,bandpass,20,all,covariance_minus_electrode,all,macro_f1,17,0.7324481921134222,0.7321040642893937,0.00034412782402848396,3,0.0008130197272335401,0.0005058952663871631,-0.00044369378217921733,0.0020697332366462974
tcn,bandpass,20,all,covariance_minus_electrode,all,macro_f1,29,0.7494835088291734,0.7481343225711842,0.0013491862579891878,3,0.0008130197272335401,0.0005058952663871631,-0.00044369378217921733,0.0020697332366462974
tcn,bandpass,20,all,covariance_minus_electrode,all,macro_f1,43,0.7377818843133017,0.7370361392136188,0.0007457450996829484,3,0.0008130197272335401,0.0005058952663871631,-0.00044369378217921733,0.0020697332366462974
tcn,bandpass,20,all,noisy_minus_clean,covariance,macro_auroc,17,0.9166094598735276,0.9169105801910707,-0.0003011203175431465,3,-0.00013092915115520132,0.00019299887501645824,-0.0006103649349030326,0.00034850663259262986
tcn,bandpass,20,all,noisy_minus_clean,covariance,macro_auroc,29,0.9218068398153132,0.9219772719022072,-0.00017043208689404565,3,-0.00013092915115520132,0.00019299887501645824,-0.0006103649349030326,0.00034850663259262986
tcn,bandpass,20,all,noisy_minus_clean,covariance,macro_auroc,43,0.9177729186546844,0.9176941537037128,7.87649509715882e-05,3,-0.00013092915115520132,0.00019299887501645824,-0.0006103649349030326,0.00034850663259262986
tcn,bandpass,20,all,noisy_minus_clean,covariance,macro_ap,17,0.8058768369577244,0.8060205715522081,-0.00014373459448369097,3,-0.00011825430901420593,9.497448033916707e-05,-0.0003541839972756974,0.00011767537924728553
tcn,bandpass,20,all,noisy_minus_clean,covariance,macro_ap,29,0.8134233700886938,0.8136212596748911,-0.00019788958619726404,3,-0.00011825430901420593,9.497448033916707e-05,-0.0003541839972756974,0.00011767537924728553
tcn,bandpass,20,all,noisy_minus_clean,covariance,macro_ap,43,0.807218032978378,0.8072311717247397,-1.313874636166279e-05,3,-0.00011825430901420593,9.497448033916707e-05,-0.0003541839972756974,0.00011767537924728553
tcn,bandpass,20,all,noisy_minus_clean,covariance,macro_f1,17,0.7324481921134222,0.7327948473044128,-0.00034665519099064124,3,-0.0006802005389594893,0.000779279529630694,-0.0026160382064861656,0.0012556371285671868
tcn,bandpass,20,all,noisy_minus_clean,covariance,macro_f1,29,0.7494835088291734,0.7510542480339528,-0.0015707392047794588,3,-0.0006802005389594893,0.000779279529630694,-0.0026160382064861656,0.0012556371285671868
tcn,bandpass,20,all,noisy_minus_clean,covariance,macro_f1,43,0.7377818843133017,0.7379050915344101,-0.0001232072211083679,3,-0.0006802005389594893,0.000779279529630694,-0.0026160382064861656,0.0012556371285671868
tcn,bandpass,20,all,noisy_minus_clean,electrode,macro_auroc,17,0.9165147060931452,0.9169105801910707,-0.0003958740979255193,3,-0.00025674289940968986,0.00018120872709227647,-0.0007068903320723093,0.0001934045332529295
tcn,bandpass,20,all,noisy_minus_clean,electrode,macro_auroc,29,0.9216547488042852,0.9219772719022072,-0.00032252309792202283,3,-0.00025674289940968986,0.00018120872709227647,-0.0007068903320723093,0.0001934045332529295
tcn,bandpass,20,all,noisy_minus_clean,electrode,macro_auroc,43,0.9176423222013312,0.9176941537037128,-5.183150238152745e-05,3,-0.00025674289940968986,0.00018120872709227647,-0.0007068903320723093,0.0001934045332529295
tcn,bandpass,20,all,noisy_minus_clean,electrode,macro_ap,17,0.8054198876926335,0.8060205715522081,-0.0006006838595745689,3,-0.00042071281958637,0.00022024303254523854,-0.0009678268424754724,0.00012640120330273229
tcn,bandpass,20,all,noisy_minus_clean,electrode,macro_ap,29,0.8131349212832812,0.8136212596748911,-0.0004863383916098307,3,-0.00042071281958637,0.00022024303254523854,-0.0009678268424754724,0.00012640120330273229
tcn,bandpass,20,all,noisy_minus_clean,electrode,macro_ap,43,0.807056055517165,0.8072311717247397,-0.00017511620757471036,3,-0.00042071281958637,0.00022024303254523854,-0.0009678268424754724,0.00012640120330273229
tcn,bandpass,20,all,noisy_minus_clean,electrode,macro_f1,17,0.7321040642893937,0.7327948473044128,-0.0006907830150191252,3,-0.0014932202661930294,0.0012387703030956705,-0.004570496292271236,0.0015840557598851774
tcn,bandpass,20,all,noisy_minus_clean,electrode,macro_f1,29,0.7481343225711842,0.7510542480339528,-0.0029199254627686466,3,-0.0014932202661930294,0.0012387703030956705,-0.004570496292271236,0.0015840557598851774
tcn,bandpass,20,all,noisy_minus_clean,electrode,macro_f1,43,0.7370361392136188,0.7379050915344101,-0.0008689523207913163,3,-0.0014932202661930294,0.0012387703030956705,-0.004570496292271236,0.0015840557598851774
tcn,bandpass,20,all,noisy_minus_clean,independent,macro_auroc,17,0.9166963837751668,0.9169105801910707,-0.00021419641590392224,3,-0.000181824707740789,4.781934682279779e-05,-0.00030061455053309724,-6.303486494848077e-05
tcn,bandpass,20,all,noisy_minus_clean,independent,macro_auroc,29,0.9217728936072316,0.9219772719022072,-0.00020437829497566007,3,-0.000181824707740789,4.781934682279779e-05,-0.00030061455053309724,-6.303486494848077e-05
tcn,bandpass,20,all,noisy_minus_clean,independent,macro_auroc,43,0.91756725429137,0.9176941537037128,-0.00012689941234278468,3,-0.000181824707740789,4.781934682279779e-05,-0.00030061455053309724,-6.303486494848077e-05
tcn,bandpass,20,all,noisy_minus_clean,independent,macro_ap,17,0.8059715461336323,0.8060205715522081,-4.902541857576548e-05,3,-0.00022055842019301034,0.00024439060689518963,-0.0008276583431713777,0.0003865415027853571
tcn,bandpass,20,all,noisy_minus_clean,independent,macro_ap,29,0.8131208752507577,0.8136212596748911,-0.0005003844241333599,3,-0.00022055842019301034,0.00024439060689518963,-0.0008276583431713777,0.0003865415027853571
tcn,bandpass,20,all,noisy_minus_clean,independent,macro_ap,43,0.8071189063068698,0.8072311717247397,-0.00011226541786990563,3,-0.00022055842019301034,0.00024439060689518963,-0.0008276583431713777,0.0003865415027853571
tcn,bandpass,20,all,noisy_minus_clean,independent,macro_f1,17,0.7296789649563032,0.7327948473044128,-0.0031158823481095554,3,-0.0018995243900120269,0.0011978356903016199,-0.004875113200733895,0.0010760644207098416
tcn,bandpass,20,all,noisy_minus_clean,independent,macro_f1,29,0.7491926699254967,0.7510542480339528,-0.0018615781084561078,3,-0.0018995243900120269,0.0011978356903016199,-0.004875113200733895,0.0010760644207098416
tcn,bandpass,20,all,noisy_minus_clean,independent,macro_f1,43,0.7371839788209397,0.7379050915344101,-0.0007211127134704176,3,-0.0018995243900120269,0.0011978356903016199,-0.004875113200733895,0.0010760644207098416
tcn,bandpass,20,all,noisy_minus_clean,independent_rms,macro_auroc,17,0.9166919084219366,0.9169105801910707,-0.00021867176913414887,3,-0.00019373486163402434,3.0639751255839326e-05,-0.0002698482232063611,-0.00011762150006168755
tcn,bandpass,20,all,noisy_minus_clean,independent_rms,macro_auroc,29,0.9217742705606848,0.9219772719022072,-0.0002030013415224019,3,-0.00019373486163402434,3.0639751255839326e-05,-0.0002698482232063611,-0.00011762150006168755
tcn,bandpass,20,all,noisy_minus_clean,independent_rms,macro_auroc,43,0.9175346222294672,0.9176941537037128,-0.00015953147424552228,3,-0.00019373486163402434,3.0639751255839326e-05,-0.0002698482232063611,-0.00011762150006168755
tcn,bandpass,20,all,noisy_minus_clean,independent_rms,macro_ap,17,0.8059891313049594,0.8060205715522081,-3.144024724865968e-05,3,-0.00021940263307514604,0.00021454957946639587,-0.0007523733344611895,0.0003135680683108974
tcn,bandpass,20,all,noisy_minus_clean,independent_rms,macro_ap,29,0.8131681113033805,0.8136212596748911,-0.00045314837151055887,3,-0.00021940263307514604,0.00021454957946639587,-0.0007523733344611895,0.0003135680683108974
tcn,bandpass,20,all,noisy_minus_clean,independent_rms,macro_ap,43,0.8070575524442735,0.8072311717247397,-0.00017361928046621955,3,-0.00021940263307514604,0.00021454957946639587,-0.0007523733344611895,0.0003135680683108974
tcn,bandpass,20,all,noisy_minus_clean,independent_rms,macro_f1,17,0.7302150458046625,0.7327948473044128,-0.002579801499750345,3,-0.0017276856249783072,0.0008879226563123281,-0.003933407780613954,0.00047803653065734016
tcn,bandpass,20,all,noisy_minus_clean,independent_rms,macro_f1,29,0.7492588283399815,0.7510542480339528,-0.0017954196939713452,3,-0.0017276856249783072,0.0008879226563123281,-0.003933407780613954,0.00047803653065734016
tcn,bandpass,20,all,noisy_minus_clean,independent_rms,macro_f1,43,0.7370972558531969,0.7379050915344101,-0.0008078356812132315,3,-0.0017276856249783072,0.0008879226563123281,-0.003933407780613954,0.00047803653065734016
tcn,bw,0,all,electrode_minus_independent_rms,all,macro_auroc,17,0.8935978377835003,0.887174771136241,0.0064230666472593345,3,0.0021800176783947447,0.003998180060342047,-0.007752012187746064,0.012112047544535553
tcn,bw,0,all,electrode_minus_independent_rms,all,macro_auroc,29,0.8998549056500181,0.8982207077309312,0.0016341979190869216,3,0.0021800176783947447,0.003998180060342047,-0.007752012187746064,0.012112047544535553
tcn,bw,0,all,electrode_minus_independent_rms,all,macro_auroc,43,0.8910668960134677,0.8925841075446297,-0.0015172115311620216,3,0.0021800176783947447,0.003998180060342047,-0.007752012187746064,0.012112047544535553
tcn,bw,0,all,electrode_minus_independent_rms,all,macro_ap,17,0.759357522772857,0.747770119664288,0.011587403108568983,3,0.0025063884731888475,0.008252165187296597,-0.017993126271913816,0.02300590321829151
tcn,bw,0,all,electrode_minus_independent_rms,all,macro_ap,29,0.7717243716157094,0.7712585684269386,0.00046580318877076365,3,0.0025063884731888475,0.008252165187296597,-0.017993126271913816,0.02300590321829151
tcn,bw,0,all,electrode_minus_independent_rms,all,macro_ap,43,0.7555088595460951,0.7600429004238684,-0.004534040877773204,3,0.0025063884731888475,0.008252165187296597,-0.017993126271913816,0.02300590321829151
tcn,bw,0,all,electrode_minus_independent_rms,all,macro_f1,17,0.6810526762133768,0.6764792799544814,0.0045733962588954125,3,0.008647329461135556,0.010036794533602093,-0.016285450344565994,0.033580109266837105
tcn,bw,0,all,electrode_minus_independent_rms,all,macro_f1,29,0.6960511518606364,0.675970604114464,0.020080547746172406,3,0.008647329461135556,0.010036794533602093,-0.016285450344565994,0.033580109266837105
tcn,bw,0,all,electrode_minus_independent_rms,all,macro_f1,43,0.6825080044328742,0.6812199600545353,0.0012880443783388484,3,0.008647329461135556,0.010036794533602093,-0.016285450344565994,0.033580109266837105
tcn,bw,0,all,electrode_minus_independent,all,macro_auroc,17,0.8935978377835003,0.8872239069871137,0.006373930796386595,3,0.0015126139428347878,0.004384636961170484,-0.009379428084608203,0.012404655970277777
tcn,bw,0,all,electrode_minus_independent,all,macro_auroc,29,0.8998549056500181,0.8995479031478023,0.00030700250221582515,3,0.0015126139428347878,0.004384636961170484,-0.009379428084608203,0.012404655970277777
tcn,bw,0,all,electrode_minus_independent,all,macro_auroc,43,0.8910668960134677,0.8932099874835657,-0.0021430914700980574,3,0.0015126139428347878,0.004384636961170484,-0.009379428084608203,0.012404655970277777
tcn,bw,0,all,electrode_minus_independent,all,macro_ap,17,0.759357522772857,0.7502892160583663,0.00906830671449066,3,0.0024153581286093795,0.00582587150552924,-0.012056908981908131,0.01688762523912689
tcn,bw,0,all,electrode_minus_independent,all,macro_ap,29,0.7717243716157094,0.7717726522602846,-4.828064457518266e-05,3,0.0024153581286093795,0.00582587150552924,-0.012056908981908131,0.01688762523912689
tcn,bw,0,all,electrode_minus_independent,all,macro_ap,43,0.7555088595460951,0.7572828112301825,-0.0017739516840873382,3,0.0024153581286093795,0.00582587150552924,-0.012056908981908131,0.01688762523912689
tcn,bw,0,all,electrode_minus_independent,all,macro_f1,17,0.6810526762133768,0.6760790579269644,0.004973618286412407,3,0.003660608154813912,0.00543140305146997,-0.009831744992891257,0.01715296130251908
tcn,bw,0,all,electrode_minus_independent,all,macro_f1,29,0.6960511518606364,0.6877360090990852,0.008315142761551209,3,0.003660608154813912,0.00543140305146997,-0.009831744992891257,0.01715296130251908
tcn,bw,0,all,electrode_minus_independent,all,macro_f1,43,0.6825080044328742,0.6848149410163961,-0.002306936583521879,3,0.003660608154813912,0.00543140305146997,-0.009831744992891257,0.01715296130251908
tcn,bw,0,all,covariance_minus_electrode,all,macro_auroc,17,0.8921216826300109,0.8935978377835003,-0.0014761551534894224,3,-0.000489570198179338,0.0008929888327886521,-0.002707877433854048,0.0017287370374953724
tcn,bw,0,all,covariance_minus_electrode,all,macro_auroc,29,0.8995989807651494,0.8998549056500181,-0.0002559248848686968,3,-0.000489570198179338,0.0008929888327886521,-0.002707877433854048,0.0017287370374953724
tcn,bw,0,all,covariance_minus_electrode,all,macro_auroc,43,0.8913302654572878,0.8910668960134677,0.0002633694438201051,3,-0.000489570198179338,0.0008929888327886521,-0.002707877433854048,0.0017287370374953724
tcn,bw,0,all,covariance_minus_electrode,all,macro_ap,17,0.7606319653684198,0.759357522772857,0.0012744425955628635,3,0.002674742010766784,0.001257915625064856,-0.0004500936316180898,0.005799577653151658
tcn,bw,0,all,covariance_minus_electrode,all,macro_ap,29,0.7754335130620017,0.7717243716157094,0.003709141446292308,3,0.002674742010766784,0.001257915625064856,-0.0004500936316180898,0.005799577653151658
tcn,bw,0,all,covariance_minus_electrode,all,macro_ap,43,0.7585495015365403,0.7555088595460951,0.003040641990445181,3,0.002674742010766784,0.001257915625064856,-0.0004500936316180898,0.005799577653151658
tcn,bw,0,all,covariance_minus_electrode,all,macro_f1,17,0.6861428643692824,0.6810526762133768,0.005090188155905562,3,0.002784235880391376,0.0026851630074304464,-0.0038860788084808663,0.009454550569263618
tcn,bw,0,all,covariance_minus_electrode,all,macro_f1,29,0.6994774153508325,0.6960511518606364,0.0034262634901961464,3,0.002784235880391376,0.0026851630074304464,-0.0038860788084808663,0.009454550569263618
tcn,bw,0,all,covariance_minus_electrode,all,macro_f1,43,0.6823442604279466,0.6825080044328742,-0.00016374400492757957,3,0.002784235880391376,0.0026851630074304464,-0.0038860788084808663,0.009454550569263618
tcn,bw,0,all,noisy_minus_clean,covariance,macro_auroc,17,0.8921216826300109,0.9169105801910707,-0.02478889756105984,3,-0.024510358981514213,0.0020073449839951517,-0.029496880356687637,-0.01952383760634079
tcn,bw,0,all,noisy_minus_clean,covariance,macro_auroc,29,0.8995989807651494,0.9219772719022072,-0.022378291137057804,3,-0.024510358981514213,0.0020073449839951517,-0.029496880356687637,-0.01952383760634079
tcn,bw,0,all,noisy_minus_clean,covariance,macro_auroc,43,0.8913302654572878,0.9176941537037128,-0.026363888246424994,3,-0.024510358981514213,0.0020073449839951517,-0.029496880356687637,-0.01952383760634079
tcn,bw,0,all,noisy_minus_clean,covariance,macro_ap,17,0.7606319653684198,0.8060205715522081,-0.04538860618378826,3,-0.04408600766162566,0.0053668594339303126,-0.057418025574949766,-0.030753989748301555
tcn,bw,0,all,noisy_minus_clean,covariance,macro_ap,29,0.7754335130620017,0.8136212596748911,-0.03818774661288937,3,-0.04408600766162566,0.0053668594339303126,-0.057418025574949766,-0.030753989748301555
tcn,bw,0,all,noisy_minus_clean,covariance,macro_ap,43,0.7585495015365403,0.8072311717247397,-0.048681670188199355,3,-0.04408600766162566,0.0053668594339303126,-0.057418025574949766,-0.030753989748301555
tcn,bw,0,all,noisy_minus_clean,covariance,macro_f1,17,0.6861428643692824,0.7327948473044128,-0.0466519829351304,3,-0.05126321557490473,0.00446269657302514,-0.06234916842791806,-0.0401772627218914
tcn,bw,0,all,noisy_minus_clean,covariance,macro_f1,29,0.6994774153508325,0.7510542480339528,-0.0515768326831203,3,-0.05126321557490473,0.00446269657302514,-0.06234916842791806,-0.0401772627218914
tcn,bw,0,all,noisy_minus_clean,covariance,macro_f1,43,0.6823442604279466,0.7379050915344101,-0.05556083110646348,3,-0.05126321557490473,0.00446269657302514,-0.06234916842791806,-0.0401772627218914
tcn,bw,0,all,noisy_minus_clean,electrode,macro_auroc,17,0.8935978377835003,0.9169105801910707,-0.02331274240757042,3,-0.024020788783334874,0.0023344183365117807,-0.029819805407993397,-0.01822177215867635
tcn,bw,0,all,noisy_minus_clean,electrode,macro_auroc,29,0.8998549056500181,0.9219772719022072,-0.022122366252189107,3,-0.024020788783334874,0.0023344183365117807,-0.029819805407993397,-0.01822177215867635
tcn,bw,0,all,noisy_minus_clean,electrode,macro_auroc,43,0.8910668960134677,0.9176941537037128,-0.0266272576902451,3,-0.024020788783334874,0.0023344183365117807,-0.029819805407993397,-0.01822177215867635
tcn,bw,0,all,noisy_minus_clean,electrode,macro_ap,17,0.759357522772857,0.8060205715522081,-0.046663048779351124,3,-0.046760749672392445,0.004913440635665237,-0.058966412849743716,-0.03455508649504117
tcn,bw,0,all,noisy_minus_clean,electrode,macro_ap,29,0.7717243716157094,0.8136212596748911,-0.04189688805918168,3,-0.046760749672392445,0.004913440635665237,-0.058966412849743716,-0.03455508649504117
tcn,bw,0,all,noisy_minus_clean,electrode,macro_ap,43,0.7555088595460951,0.8072311717247397,-0.051722312178644536,3,-0.046760749672392445,0.004913440635665237,-0.058966412849743716,-0.03455508649504117
tcn,bw,0,all,noisy_minus_clean,electrode,macro_f1,17,0.6810526762133768,0.7327948473044128,-0.05174217109103596,3,-0.0540474514552961,0.002006126960404635,-0.059030947092134564,-0.04906395581845764
tcn,bw,0,all,noisy_minus_clean,electrode,macro_f1,29,0.6960511518606364,0.7510542480339528,-0.055003096173316446,3,-0.0540474514552961,0.002006126960404635,-0.059030947092134564,-0.04906395581845764
tcn,bw,0,all,noisy_minus_clean,electrode,macro_f1,43,0.6825080044328742,0.7379050915344101,-0.0553970871015359,3,-0.0540474514552961,0.002006126960404635,-0.059030947092134564,-0.04906395581845764
tcn,bw,0,all,noisy_minus_clean,independent,macro_auroc,17,0.8872239069871137,0.9169105801910707,-0.029686673203957015,3,-0.025533402726169663,0.003740693772891605,-0.03482580119540417,-0.016241004256935157
tcn,bw,0,all,noisy_minus_clean,independent,macro_auroc,29,0.8995479031478023,0.9219772719022072,-0.022429368754404932,3,-0.025533402726169663,0.003740693772891605,-0.03482580119540417,-0.016241004256935157
tcn,bw,0,all,noisy_minus_clean,independent,macro_auroc,43,0.8932099874835657,0.9176941537037128,-0.02448416622014704,3,-0.025533402726169663,0.003740693772891605,-0.03482580119540417,-0.016241004256935157
tcn,bw,0,all,noisy_minus_clean,independent,macro_ap,17,0.7502892160583663,0.8060205715522081,-0.05573135549384178,3,-0.049176107801001824,0.006973518066579121,-0.0664992870135486,-0.03185292858845505
tcn,bw,0,all,noisy_minus_clean,independent,macro_ap,29,0.7717726522602846,0.8136212596748911,-0.0418486074146065,3,-0.049176107801001824,0.006973518066579121,-0.0664992870135486,-0.03185292858845505
tcn,bw,0,all,noisy_minus_clean,independent,macro_ap,43,0.7572828112301825,0.8072311717247397,-0.0499483604945572,3,-0.049176107801001824,0.006973518066579121,-0.0664992870135486,-0.03185292858845505
tcn,bw,0,all,noisy_minus_clean,independent,macro_f1,17,0.6760790579269644,0.7327948473044128,-0.05671578937744837,3,-0.05770805961011002,0.005185739901567919,-0.0705901516627637,-0.04482596755745634
tcn,bw,0,all,noisy_minus_clean,independent,macro_f1,29,0.6877360090990852,0.7510542480339528,-0.06331823893486765,3,-0.05770805961011002,0.005185739901567919,-0.0705901516627637,-0.04482596755745634
tcn,bw,0,all,noisy_minus_clean,independent,macro_f1,43,0.6848149410163961,0.7379050915344101,-0.05309015051801402,3,-0.05770805961011002,0.005185739901567919,-0.0705901516627637,-0.04482596755745634
tcn,bw,0,all,noisy_minus_clean,independent_rms,macro_auroc,17,0.887174771136241,0.9169105801910707,-0.029735809054829754,3,-0.02620080646172962,0.003135308736432193,-0.03398934513178459,-0.018412267791674652
tcn,bw,0,all,noisy_minus_clean,independent_rms,macro_auroc,29,0.8982207077309312,0.9219772719022072,-0.02375656417127603,3,-0.02620080646172962,0.003135308736432193,-0.03398934513178459,-0.018412267791674652
tcn,bw,0,all,noisy_minus_clean,independent_rms,macro_auroc,43,0.8925841075446297,0.9176941537037128,-0.025110046159083077,3,-0.02620080646172962,0.003135308736432193,-0.03398934513178459,-0.018412267791674652
tcn,bw,0,all,noisy_minus_clean,independent_rms,macro_ap,17,0.747770119664288,0.8060205715522081,-0.05825045188792011,3,-0.04926713814558129,0.008145336092313944,-0.06950127470712868,-0.029033001584033904
tcn,bw,0,all,noisy_minus_clean,independent_rms,macro_ap,29,0.7712585684269386,0.8136212596748911,-0.042362691247952444,3,-0.04926713814558129,0.008145336092313944,-0.06950127470712868,-0.029033001584033904
tcn,bw,0,all,noisy_minus_clean,independent_rms,macro_ap,43,0.7600429004238684,0.8072311717247397,-0.04718827130087133,3,-0.04926713814558129,0.008145336092313944,-0.06950127470712868,-0.029033001584033904
tcn,bw,0,all,noisy_minus_clean,independent_rms,macro_f1,17,0.6764792799544814,0.7327948473044128,-0.05631556734993137,3,-0.06269478091643166,0.010730661176876505,-0.08935122101759543,-0.03603834081526788
tcn,bw,0,all,noisy_minus_clean,independent_rms,macro_f1,29,0.675970604114464,0.7510542480339528,-0.07508364391948885,3,-0.06269478091643166,0.010730661176876505,-0.08935122101759543,-0.03603834081526788
tcn,bw,0,all,noisy_minus_clean,independent_rms,macro_f1,43,0.6812199600545353,0.7379050915344101,-0.05668513147987475,3,-0.06269478091643166,0.010730661176876505,-0.08935122101759543,-0.03603834081526788
tcn,bw,10,all,electrode_minus_independent_rms,all,macro_auroc,17,0.9138858351858552,0.9136622964873996,0.00022353869845559426,3,-0.0008499540725312634,0.0009442393687701952,-0.0031955746973835646,0.0014956665523210375
tcn,bw,10,all,electrode_minus_independent_rms,all,macro_auroc,29,0.9192247197105564,0.9204461992906184,-0.0012214795800620237,3,-0.0008499540725312634,0.0009442393687701952,-0.0031955746973835646,0.0014956665523210375
tcn,bw,10,all,electrode_minus_independent_rms,all,macro_auroc,43,0.9141132159120596,0.915665137248047,-0.0015519213359873607,3,-0.0008499540725312634,0.0009442393687701952,-0.0031955746973835646,0.0014956665523210375
tcn,bw,10,all,electrode_minus_independent_rms,all,macro_ap,17,0.8006516998761943,0.8018176755334817,-0.001165975657287377,3,-0.002259899557078726,0.000948703782839885,-0.004616610401282275,9.681128712482265e-05
tcn,bw,10,all,electrode_minus_independent_rms,all,macro_ap,29,0.8103888440552101,0.813145339465714,-0.002756495410503934,3,-0.002259899557078726,0.000948703782839885,-0.004616610401282275,9.681128712482265e-05
tcn,bw,10,all,electrode_minus_independent_rms,all,macro_ap,43,0.8019256749708052,0.8047829025742501,-0.0028572276034448674,3,-0.002259899557078726,0.000948703782839885,-0.004616610401282275,9.681128712482265e-05
tcn,bw,10,all,electrode_minus_independent_rms,all,macro_f1,17,0.7268204721419382,0.7296189282700795,-0.0027984561281412246,3,-0.0026221399578896243,0.0014482002410989752,-0.006219668790924927,0.0009753888751456784
tcn,bw,10,all,electrode_minus_independent_rms,all,macro_f1,29,0.742917414633863,0.7440112685975854,-0.0010938539637224132,3,-0.0026221399578896243,0.0014482002410989752,-0.006219668790924927,0.0009753888751456784
tcn,bw,10,all,electrode_minus_independent_rms,all,macro_f1,43,0.7305411053282839,0.7345152151100891,-0.003974109781805235,3,-0.0026221399578896243,0.0014482002410989752,-0.006219668790924927,0.0009753888751456784
tcn,bw,10,all,electrode_minus_independent,all,macro_auroc,17,0.9138858351858552,0.9143551252116398,-0.00046929002578455226,3,-0.001370037790071425,0.0007808098944148109,-0.0033096770944710135,0.0005696015143281637
tcn,bw,10,all,electrode_minus_independent,all,macro_auroc,29,0.9192247197105564,0.9210791047556568,-0.0018543850451003818,3,-0.001370037790071425,0.0007808098944148109,-0.0033096770944710135,0.0005696015143281637
tcn,bw,10,all,electrode_minus_independent,all,macro_auroc,43,0.9141132159120596,0.915899654211389,-0.0017864382993293404,3,-0.001370037790071425,0.0007808098944148109,-0.0033096770944710135,0.0005696015143281637
tcn,bw,10,all,electrode_minus_independent,all,macro_ap,17,0.8006516998761943,0.8025599830612752,-0.0019082831850808502,3,-0.00273741245866251,0.0010716829366093185,-0.005399620456500066,-7.520446082495431e-05
tcn,bw,10,all,electrode_minus_independent,all,macro_ap,29,0.8103888440552101,0.8143363793209986,-0.003947535265788504,3,-0.00273741245866251,0.0010716829366093185,-0.005399620456500066,-7.520446082495431e-05
tcn,bw,10,all,electrode_minus_independent,all,macro_ap,43,0.8019256749708052,0.8042820938959234,-0.0023564189251181755,3,-0.00273741245866251,0.0010716829366093185,-0.005399620456500066,-7.520446082495431e-05
tcn,bw,10,all,electrode_minus_independent,all,macro_f1,17,0.7268204721419382,0.7314119257206758,-0.004591453578737581,3,-0.004223123607031624,0.0003428691616985797,-0.005074857821792733,-0.0033713893922705154
tcn,bw,10,all,electrode_minus_independent,all,macro_f1,29,0.742917414633863,0.7468306392659965,-0.003913224632133505,3,-0.004223123607031624,0.0003428691616985797,-0.005074857821792733,-0.0033713893922705154
tcn,bw,10,all,electrode_minus_independent,all,macro_f1,43,0.7305411053282839,0.7347057979385077,-0.004164692610223786,3,-0.004223123607031624,0.0003428691616985797,-0.005074857821792733,-0.0033713893922705154
tcn,bw,10,all,covariance_minus_electrode,all,macro_auroc,17,0.914235504468207,0.9138858351858552,0.0003496692823518055,3,0.0006105612434092281,0.00035409582952328016,-0.00026906156027216733,0.0014901840470906236
tcn,bw,10,all,covariance_minus_electrode,all,macro_auroc,29,0.9196930817530268,0.9192247197105564,0.0004683620424703605,3,0.0006105612434092281,0.00035409582952328016,-0.00026906156027216733,0.0014901840470906236
tcn,bw,10,all,covariance_minus_electrode,all,macro_auroc,43,0.9151268683174651,0.9141132159120596,0.0010136524054055185,3,0.0006105612434092281,0.00035409582952328016,-0.00026906156027216733,0.0014901840470906236
tcn,bw,10,all,covariance_minus_electrode,all,macro_ap,17,0.8021869076732528,0.8006516998761943,0.0015352077970585132,3,0.001783192899618628,0.00026570525328532417,0.0011231444597305604,0.0024432413395066954
tcn,bw,10,all,covariance_minus_electrode,all,macro_ap,29,0.8121395788004389,0.8103888440552101,0.0017507347452287991,3,0.001783192899618628,0.00026570525328532417,0.0011231444597305604,0.0024432413395066954
tcn,bw,10,all,covariance_minus_electrode,all,macro_ap,43,0.8039893111273738,0.8019256749708052,0.0020636361565685712,3,0.001783192899618628,0.00026570525328532417,0.0011231444597305604,0.0024432413395066954
tcn,bw,10,all,covariance_minus_electrode,all,macro_f1,17,0.7281200110586852,0.7268204721419382,0.001299538916746945,3,0.0015945554026867148,0.0015477548618723338,-0.002250280818187626,0.005439391623561055
tcn,bw,10,all,covariance_minus_electrode,all,macro_f1,29,0.7431329563939191,0.742917414633863,0.00021554176005611492,3,0.0015945554026867148,0.0015477548618723338,-0.002250280818187626,0.005439391623561055
tcn,bw,10,all,covariance_minus_electrode,all,macro_f1,43,0.733809690859541,0.7305411053282839,0.0032685855312570844,3,0.0015945554026867148,0.0015477548618723338,-0.002250280818187626,0.005439391623561055
tcn,bw,10,all,noisy_minus_clean,covariance,macro_auroc,17,0.914235504468207,0.9169105801910707,-0.00267507572286374,3,-0.0025088504194306083,0.0002018882535924383,-0.0030103686437327835,-0.002007332195128433
tcn,bw,10,all,noisy_minus_clean,covariance,macro_auroc,29,0.9196930817530268,0.9219772719022072,-0.002284190149180465,3,-0.0025088504194306083,0.0002018882535924383,-0.0030103686437327835,-0.002007332195128433
tcn,bw,10,all,noisy_minus_clean,covariance,macro_auroc,43,0.9151268683174651,0.9176941537037128,-0.0025672853862476197,3,-0.0025088504194306083,0.0002018882535924383,-0.0030103686437327835,-0.002007332195128433
tcn,bw,10,all,noisy_minus_clean,covariance,macro_ap,17,0.8021869076732528,0.8060205715522081,-0.003833663878955229,3,-0.002852401783591104,0.0012234028931990824,-0.005891503047213744,0.00018669948003153603
tcn,bw,10,all,noisy_minus_clean,covariance,macro_ap,29,0.8121395788004389,0.8136212596748911,-0.001481680874452218,3,-0.002852401783591104,0.0012234028931990824,-0.005891503047213744,0.00018669948003153603
tcn,bw,10,all,noisy_minus_clean,covariance,macro_ap,43,0.8039893111273738,0.8072311717247397,-0.0032418605973658643,3,-0.002852401783591104,0.0012234028931990824,-0.005891503047213744,0.00018669948003153603
tcn,bw,10,all,noisy_minus_clean,covariance,macro_f1,17,0.7281200110586852,0.7327948473044128,-0.0046748362457276205,3,-0.005563842853543499,0.002062064494841826,-0.010686295029177995,-0.00044139067790900394
tcn,bw,10,all,noisy_minus_clean,covariance,macro_f1,29,0.7431329563939191,0.7510542480339528,-0.007921291640033745,3,-0.005563842853543499,0.002062064494841826,-0.010686295029177995,-0.00044139067790900394
tcn,bw,10,all,noisy_minus_clean,covariance,macro_f1,43,0.733809690859541,0.7379050915344101,-0.004095400674869132,3,-0.005563842853543499,0.002062064494841826,-0.010686295029177995,-0.00044139067790900394
tcn,bw,10,all,noisy_minus_clean,electrode,macro_auroc,17,0.9138858351858552,0.9169105801910707,-0.0030247450052155456,3,-0.0031194116628398363,0.0004222286200888257,-0.004168285700969793,-0.002070537624709879
tcn,bw,10,all,noisy_minus_clean,electrode,macro_auroc,29,0.9192247197105564,0.9219772719022072,-0.0027525521916508255,3,-0.0031194116628398363,0.0004222286200888257,-0.004168285700969793,-0.002070537624709879
tcn,bw,10,all,noisy_minus_clean,electrode,macro_auroc,43,0.9141132159120596,0.9176941537037128,-0.003580937791653138,3,-0.0031194116628398363,0.0004222286200888257,-0.004168285700969793,-0.002070537624709879
tcn,bw,10,all,noisy_minus_clean,electrode,macro_ap,17,0.8006516998761943,0.8060205715522081,-0.005368871676013742,3,-0.004635594683209732,0.0012156017885932586,-0.007655316928687976,-0.0016158724377314873
tcn,bw,10,all,noisy_minus_clean,electrode,macro_ap,29,0.8103888440552101,0.8136212596748911,-0.003232415619681017,3,-0.004635594683209732,0.0012156017885932586,-0.007655316928687976,-0.0016158724377314873
tcn,bw,10,all,noisy_minus_clean,electrode,macro_ap,43,0.8019256749708052,0.8072311717247397,-0.0053054967539344355,3,-0.004635594683209732,0.0012156017885932586,-0.007655316928687976,-0.0016158724377314873
tcn,bw,10,all,noisy_minus_clean,electrode,macro_f1,17,0.7268204721419382,0.7327948473044128,-0.005974375162474566,3,-0.007158398256230214,0.001095790222266284,-0.009880492071495434,-0.004436304440964994
tcn,bw,10,all,noisy_minus_clean,electrode,macro_f1,29,0.742917414633863,0.7510542480339528,-0.00813683340008986,3,-0.007158398256230214,0.001095790222266284,-0.009880492071495434,-0.004436304440964994
tcn,bw,10,all,noisy_minus_clean,electrode,macro_f1,43,0.7305411053282839,0.7379050915344101,-0.007363986206126216,3,-0.007158398256230214,0.001095790222266284,-0.009880492071495434,-0.004436304440964994
tcn,bw,10,all,noisy_minus_clean,independent,macro_auroc,17,0.9143551252116398,0.9169105801910707,-0.0025554549794309933,3,-0.0017493738727684116,0.0008295649350163434,-0.0038101274121626846,0.00031137966662586137
tcn,bw,10,all,noisy_minus_clean,independent,macro_auroc,29,0.9210791047556568,0.9219772719022072,-0.0008981671465504437,3,-0.0017493738727684116,0.0008295649350163434,-0.0038101274121626846,0.00031137966662586137
tcn,bw,10,all,noisy_minus_clean,independent,macro_auroc,43,0.915899654211389,0.9176941537037128,-0.0017944994923237978,3,-0.0017493738727684116,0.0008295649350163434,-0.0038101274121626846,0.00031137966662586137
tcn,bw,10,all,noisy_minus_clean,independent,macro_ap,17,0.8025599830612752,0.8060205715522081,-0.003460588490932892,3,-0.0018981822245472217,0.002277591005808615,-0.007556031933949654,0.00375966748485521
tcn,bw,10,all,noisy_minus_clean,independent,macro_ap,29,0.8143363793209986,0.8136212596748911,0.0007151196461074871,3,-0.0018981822245472217,0.002277591005808615,-0.007556031933949654,0.00375966748485521
tcn,bw,10,all,noisy_minus_clean,independent,macro_ap,43,0.8042820938959234,0.8072311717247397,-0.00294907782881626,3,-0.0018981822245472217,0.002277591005808615,-0.007556031933949654,0.00375966748485521
tcn,bw,10,all,noisy_minus_clean,independent,macro_f1,17,0.7314119257206758,0.7327948473044128,-0.0013829215837369846,3,-0.00293527464919859,0.0014386297031588767,-0.006509028948015451,0.000638479649618271
tcn,bw,10,all,noisy_minus_clean,independent,macro_f1,29,0.7468306392659965,0.7510542480339528,-0.004223608767956355,3,-0.00293527464919859,0.0014386297031588767,-0.006509028948015451,0.000638479649618271
tcn,bw,10,all,noisy_minus_clean,independent,macro_f1,43,0.7347057979385077,0.7379050915344101,-0.0031992935959024305,3,-0.00293527464919859,0.0014386297031588767,-0.006509028948015451,0.000638479649618271
tcn,bw,10,all,noisy_minus_clean,independent_rms,macro_auroc,17,0.9136622964873996,0.9169105801910707,-0.00324828370367114,3,-0.002269457590308573,0.0008834944471324595,-0.004464179464525126,-7.473571609202014e-05
tcn,bw,10,all,noisy_minus_clean,independent_rms,macro_auroc,29,0.9204461992906184,0.9219772719022072,-0.0015310726115888018,3,-0.002269457590308573,0.0008834944471324595,-0.004464179464525126,-7.473571609202014e-05
tcn,bw,10,all,noisy_minus_clean,independent_rms,macro_auroc,43,0.915665137248047,0.9176941537037128,-0.0020290164556657775,3,-0.002269457590308573,0.0008834944471324595,-0.004464179464525126,-7.473571609202014e-05
tcn,bw,10,all,noisy_minus_clean,independent_rms,macro_ap,17,0.8018176755334817,0.8060205715522081,-0.004202896018726365,3,-0.0023756951261310055,0.001864547508914718,-0.007007487908318792,0.0022560976560567813
tcn,bw,10,all,noisy_minus_clean,independent_rms,macro_ap,29,0.813145339465714,0.8136212596748911,-0.0004759202091770831,3,-0.0023756951261310055,0.001864547508914718,-0.007007487908318792,0.0022560976560567813
tcn,bw,10,all,noisy_minus_clean,independent_rms,macro_ap,43,0.8047829025742501,0.8072311717247397,-0.002448269150489568,3,-0.0023756951261310055,0.001864547508914718,-0.007007487908318792,0.0022560976560567813
tcn,bw,10,all,noisy_minus_clean,independent_rms,macro_f1,17,0.7296189282700795,0.7327948473044128,-0.003175919034333341,3,-0.00453625829834059,0.002173518481415692,-0.00993557752514471,0.0008630609284635297
tcn,bw,10,all,noisy_minus_clean,independent_rms,macro_f1,29,0.7440112685975854,0.7510542480339528,-0.007042979436367447,3,-0.00453625829834059,0.002173518481415692,-0.00993557752514471,0.0008630609284635297
tcn,bw,10,all,noisy_minus_clean,independent_rms,macro_f1,43,0.7345152151100891,0.7379050915344101,-0.003389876424320981,3,-0.00453625829834059,0.002173518481415692,-0.00993557752514471,0.0008630609284635297
tcn,bw,20,all,electrode_minus_independent_rms,all,macro_auroc,17,0.9169091328418756,0.9165453896315904,0.0003637432102852056,3,-8.07296034445922e-05,0.0003875749746726413,-0.001043519214147648,0.0008820600072584637
tcn,bw,20,all,electrode_minus_independent_rms,all,macro_auroc,29,0.9217267930566128,0.9219845119743766,-0.00025771891776382727,3,-8.07296034445922e-05,0.0003875749746726413,-0.001043519214147648,0.0008820600072584637
tcn,bw,20,all,electrode_minus_independent_rms,all,macro_auroc,43,0.9172546030791192,0.9176028161819744,-0.00034821310285515494,3,-8.07296034445922e-05,0.0003875749746726413,-0.001043519214147648,0.0008820600072584637
tcn,bw,20,all,electrode_minus_independent_rms,all,macro_ap,17,0.8057107905014222,0.8060642383612088,-0.0003534478597865265,3,-0.0005589506363826343,0.00032565052622011227,-0.00136791138940733,0.0002500101166420614
tcn,bw,20,all,electrode_minus_independent_rms,all,macro_ap,29,0.8131115609891657,0.8140459803067266,-0.0009344193175608861,3,-0.0005589506363826343,0.00032565052622011227,-0.00136791138940733,0.0002500101166420614
tcn,bw,20,all,electrode_minus_independent_rms,all,macro_ap,43,0.8069710132276547,0.8073599979594552,-0.0003889847318004902,3,-0.0005589506363826343,0.00032565052622011227,-0.00136791138940733,0.0002500101166420614
tcn,bw,20,all,electrode_minus_independent_rms,all,macro_f1,17,0.730292574709515,0.7305738441706222,-0.0002812694611071809,3,-0.00037067262955351826,0.0002756181528591718,-0.0010553460771054693,0.00031400081799843276
tcn,bw,20,all,electrode_minus_independent_rms,all,macro_f1,29,0.7499958537553194,0.7506757476683423,-0.000679893913022922,3,-0.00037067262955351826,0.0002756181528591718,-0.0010553460771054693,0.00031400081799843276
tcn,bw,20,all,electrode_minus_independent_rms,all,macro_f1,43,0.7381153371602048,0.7382661916747353,-0.00015085451453045184,3,-0.00037067262955351826,0.0002756181528591718,-0.0010553460771054693,0.00031400081799843276
tcn,bw,20,all,electrode_minus_independent,all,macro_auroc,17,0.9169091328418756,0.9168710129237316,3.811991814395288e-05,3,-0.00028509915039443,0.0002799416716632893,-0.000980512814055018,0.00041031451326615793
tcn,bw,20,all,electrode_minus_independent,all,macro_auroc,29,0.9217267930566128,0.9221772984284536,-0.00045050537184088135,3,-0.00028509915039443,0.0002799416716632893,-0.000980512814055018,0.00041031451326615793
tcn,bw,20,all,electrode_minus_independent,all,macro_auroc,43,0.9172546030791192,0.9176975150766056,-0.00044291199748636156,3,-0.00028509915039443,0.0002799416716632893,-0.000980512814055018,0.00041031451326615793
tcn,bw,20,all,electrode_minus_independent,all,macro_ap,17,0.8057107905014222,0.8064814423890907,-0.0007706518876684498,3,-0.0007931189790595002,0.00034655615982550204,-0.001654012204910736,6.777424679173553e-05
tcn,bw,20,all,electrode_minus_independent,all,macro_ap,29,0.8131115609891657,0.8142619230430761,-0.001150362053910392,3,-0.0007931189790595002,0.00034655615982550204,-0.001654012204910736,6.777424679173553e-05
tcn,bw,20,all,electrode_minus_independent,all,macro_ap,43,0.8069710132276547,0.8074293562232544,-0.00045834299559965874,3,-0.0007931189790595002,0.00034655615982550204,-0.001654012204910736,6.777424679173553e-05
tcn,bw,20,all,electrode_minus_independent,all,macro_f1,17,0.730292574709515,0.7322940975820502,-0.0020015228725351886,3,-0.0012845363663083198,0.0012089994523433272,-0.004287857499322657,0.001718784766706017
tcn,bw,20,all,electrode_minus_independent,all,macro_f1,29,0.7499958537553194,0.7519592624926714,-0.0019634087373520126,3,-0.0012845363663083198,0.0012089994523433272,-0.004287857499322657,0.001718784766706017
tcn,bw,20,all,electrode_minus_independent,all,macro_f1,43,0.7381153371602048,0.7380040146492426,0.00011132251096224177,3,-0.0012845363663083198,0.0012089994523433272,-0.004287857499322657,0.001718784766706017
tcn,bw,20,all,covariance_minus_electrode,all,macro_auroc,17,0.9165565696964968,0.9169091328418756,-0.0003525631453787925,3,9.66158295940082e-05,0.000402807928007385,-0.0009040145349487487,0.0010972461941367651
tcn,bw,20,all,covariance_minus_electrode,all,macro_auroc,29,0.9219434378017868,0.9217267930566128,0.00021664474517402166,3,9.66158295940082e-05,0.000402807928007385,-0.0009040145349487487,0.0010972461941367651
tcn,bw,20,all,covariance_minus_electrode,all,macro_auroc,43,0.917680368968106,0.9172546030791192,0.00042576588898679546,3,9.66158295940082e-05,0.000402807928007385,-0.0009040145349487487,0.0010972461941367651
tcn,bw,20,all,covariance_minus_electrode,all,macro_ap,17,0.805573357433035,0.8057107905014222,-0.00013743306838720493,3,0.0004933548117264467,0.0005899042854982375,-0.0009720486701846985,0.001958758293637592
tcn,bw,20,all,covariance_minus_electrode,all,macro_ap,29,0.8136976731451803,0.8131115609891657,0.0005861121560145621,3,0.0004933548117264467,0.0005899042854982375,-0.0009720486701846985,0.001958758293637592
tcn,bw,20,all,covariance_minus_electrode,all,macro_ap,43,0.8080023985752067,0.8069710132276547,0.001031385347551983,3,0.0004933548117264467,0.0005899042854982375,-0.0009720486701846985,0.001958758293637592
tcn,bw,20,all,covariance_minus_electrode,all,macro_f1,17,0.7322391405701913,0.730292574709515,0.0019465658606763192,3,0.0018885888499342955,0.0017225531274383543,-0.0023904703343757645,0.006167648034244356
tcn,bw,20,all,covariance_minus_electrode,all,macro_f1,29,0.7535772753091018,0.7499958537553194,0.0035814215537823824,3,0.0018885888499342955,0.0017225531274383543,-0.0023904703343757645,0.006167648034244356
tcn,bw,20,all,covariance_minus_electrode,all,macro_f1,43,0.738253116295549,0.7381153371602048,0.00013777913534418484,3,0.0018885888499342955,0.0017225531274383543,-0.0023904703343757645,0.006167648034244356
tcn,bw,20,all,noisy_minus_clean,covariance,macro_auroc,17,0.9165565696964968,0.9169105801910707,-0.00035401049457395306,3,-0.000133876443533724,0.00019090506692567082,-0.0006081109196421266,0.00034035803257467865
tcn,bw,20,all,noisy_minus_clean,covariance,macro_auroc,29,0.9219434378017868,0.9219772719022072,-3.383410042046009e-05,3,-0.000133876443533724,0.00019090506692567082,-0.0006081109196421266,0.00034035803257467865
tcn,bw,20,all,noisy_minus_clean,covariance,macro_auroc,43,0.917680368968106,0.9176941537037128,-1.3784735606758858e-05,3,-0.000133876443533724,0.00019090506692567082,-0.0006081109196421266,0.00034035803257467865
tcn,bw,20,all,noisy_minus_clean,covariance,macro_ap,17,0.805573357433035,0.8060205715522081,-0.0004472141191730339,3,0.00013347540052773463,0.0006112214386261941,-0.0013848828253750678,0.001651833626430537
tcn,bw,20,all,noisy_minus_clean,covariance,macro_ap,29,0.8136976731451803,0.8136212596748911,7.641347028919387e-05,3,0.00013347540052773463,0.0006112214386261941,-0.0013848828253750678,0.001651833626430537
tcn,bw,20,all,noisy_minus_clean,covariance,macro_ap,43,0.8080023985752067,0.8072311717247397,0.0007712268504670439,3,0.00013347540052773463,0.0006112214386261941,-0.0013848828253750678,0.001651833626430537
tcn,bw,20,all,noisy_minus_clean,covariance,macro_f1,17,0.7322391405701913,0.7327948473044128,-0.0005557067342214506,3,0.0007717817673554839,0.0015825069590215796,-0.00315938344860864,0.0047029469833196075
tcn,bw,20,all,noisy_minus_clean,covariance,macro_f1,29,0.7535772753091018,0.7510542480339528,0.00252302727514897,3,0.0007717817673554839,0.0015825069590215796,-0.00315938344860864,0.0047029469833196075
tcn,bw,20,all,noisy_minus_clean,covariance,macro_f1,43,0.738253116295549,0.7379050915344101,0.000348024761138932,3,0.0007717817673554839,0.0015825069590215796,-0.00315938344860864,0.0047029469833196075
tcn,bw,20,all,noisy_minus_clean,electrode,macro_auroc,17,0.9169091328418756,0.9169105801910707,-1.447349195160541e-06,3,-0.0002304922731277322,0.00021973442444898499,-0.0007763428434644452,0.0003153582972089807
tcn,bw,20,all,noisy_minus_clean,electrode,macro_auroc,29,0.9217267930566128,0.9219772719022072,-0.00025047884559448175,3,-0.0002304922731277322,0.00021973442444898499,-0.0007763428434644452,0.0003153582972089807
tcn,bw,20,all,noisy_minus_clean,electrode,macro_auroc,43,0.9172546030791192,0.9176941537037128,-0.0004395506245935543,3,-0.0002304922731277322,0.00021973442444898499,-0.0007763428434644452,0.0003153582972089807
tcn,bw,20,all,noisy_minus_clean,electrode,macro_ap,17,0.8057107905014222,0.8060205715522081,-0.00030978105078582896,3,-0.0003598794111987121,0.00013209829947323165,-0.000688029778574189,-3.1729043823235114e-05
tcn,bw,20,all,noisy_minus_clean,electrode,macro_ap,29,0.8131115609891657,0.8136212596748911,-0.0005096986857253683,3,-0.0003598794111987121,0.00013209829947323165,-0.000688029778574189,-3.1729043823235114e-05
tcn,bw,20,all,noisy_minus_clean,electrode,macro_ap,43,0.8069710132276547,0.8072311717247397,-0.0002601584970849391,3,-0.0003598794111987121,0.00013209829947323165,-0.000688029778574189,-3.1729043823235114e-05
tcn,bw,20,all,noisy_minus_clean,electrode,macro_f1,17,0.730292574709515,0.7327948473044128,-0.0025022725948977698,3,-0.0011168070825788117,0.0013572022016434388,-0.004488284254110074,0.00225467008895245
tcn,bw,20,all,noisy_minus_clean,electrode,macro_f1,29,0.7499958537553194,0.7510542480339528,-0.0010583942786334122,3,-0.0011168070825788117,0.0013572022016434388,-0.004488284254110074,0.00225467008895245
tcn,bw,20,all,noisy_minus_clean,electrode,macro_f1,43,0.7381153371602048,0.7379050915344101,0.00021024562579474715,3,-0.0011168070825788117,0.0013572022016434388,-0.004488284254110074,0.00225467008895245
tcn,bw,20,all,noisy_minus_clean,independent,macro_auroc,17,0.9168710129237316,0.9169105801910707,-3.956726733911342e-05,3,5.460687726669781e-05,0.00012775317127208696,-0.0002627495932820595,0.00037196334781545515
tcn,bw,20,all,noisy_minus_clean,independent,macro_auroc,29,0.9221772984284536,0.9219772719022072,0.0002000265262463996,3,5.460687726669781e-05,0.00012775317127208696,-0.0002627495932820595,0.00037196334781545515
tcn,bw,20,all,noisy_minus_clean,independent,macro_auroc,43,0.9176975150766056,0.9176941537037128,3.361372892807246e-06,3,5.460687726669781e-05,0.00012775317127208696,-0.0002627495932820595,0.00037196334781545515
tcn,bw,20,all,noisy_minus_clean,independent,macro_ap,17,0.8064814423890907,0.8060205715522081,0.00046087083688262087,3,0.0004332395678607881,0.00022252977957342064,-0.00011955504955818398,0.00098603418527976
tcn,bw,20,all,noisy_minus_clean,independent,macro_ap,29,0.8142619230430761,0.8136212596748911,0.0006406633681850238,3,0.0004332395678607881,0.00022252977957342064,-0.00011955504955818398,0.00098603418527976
tcn,bw,20,all,noisy_minus_clean,independent,macro_ap,43,0.8074293562232544,0.8072311717247397,0.00019818449851471964,3,0.0004332395678607881,0.00022252977957342064,-0.00011955504955818398,0.00098603418527976
tcn,bw,20,all,noisy_minus_clean,independent,macro_f1,17,0.7322940975820502,0.7327948473044128,-0.0005007497223625812,3,0.0001677292837295082,0.0007054033951303492,-0.001584589892088796,0.0019200484595478123
tcn,bw,20,all,noisy_minus_clean,independent,macro_f1,29,0.7519592624926714,0.7510542480339528,0.0009050144587186004,3,0.0001677292837295082,0.0007054033951303492,-0.001584589892088796,0.0019200484595478123
tcn,bw,20,all,noisy_minus_clean,independent,macro_f1,43,0.7380040146492426,0.7379050915344101,9.892311483250538e-05,3,0.0001677292837295082,0.0007054033951303492,-0.001584589892088796,0.0019200484595478123
tcn,bw,20,all,noisy_minus_clean,independent_rms,macro_auroc,17,0.9165453896315904,0.9169105801910707,-0.00036519055948036616,3,-0.00014976266968314,0.00019296701086461498,-0.0006291192984897254,0.00032959395912344537
tcn,bw,20,all,noisy_minus_clean,independent_rms,macro_auroc,29,0.9219845119743766,0.9219772719022072,7.240072169345524e-06,3,-0.00014976266968314,0.00019296701086461498,-0.0006291192984897254,0.00032959395912344537
tcn,bw,20,all,noisy_minus_clean,independent_rms,macro_auroc,43,0.9176028161819744,0.9176941537037128,-9.133752173839937e-05,3,-0.00014976266968314,0.00019296701086461498,-0.0006291192984897254,0.00032959395912344537
tcn,bw,20,all,noisy_minus_clean,independent_rms,macro_ap,17,0.8060642383612088,0.8060205715522081,4.3666809000697526e-05,3,0.00019907122518392217,0.00020000318244638965,-0.000297764222795079,0.0006959066731629233
tcn,bw,20,all,noisy_minus_clean,independent_rms,macro_ap,29,0.8140459803067266,0.8136212596748911,0.0004247206318355179,3,0.00019907122518392217,0.00020000318244638965,-0.000297764222795079,0.0006959066731629233
tcn,bw,20,all,noisy_minus_clean,independent_rms,macro_ap,43,0.8073599979594552,0.8072311717247397,0.0001288262347155511,3,0.00019907122518392217,0.00020000318244638965,-0.000297764222795079,0.0006959066731629233
tcn,bw,20,all,noisy_minus_clean,independent_rms,macro_f1,17,0.7305738441706222,0.7327948473044128,-0.002221003133790589,3,-0.0007461344530252934,0.00132972946354582,-0.004049365559804065,0.002557096653753479
tcn,bw,20,all,noisy_minus_clean,independent_rms,macro_f1,29,0.7506757476683423,0.7510542480339528,-0.00037850036561049016,3,-0.0007461344530252934,0.00132972946354582,-0.004049365559804065,0.002557096653753479
tcn,bw,20,all,noisy_minus_clean,independent_rms,macro_f1,43,0.7382661916747353,0.7379050915344101,0.000361100140325199,3,-0.0007461344530252934,0.00132972946354582,-0.004049365559804065,0.002557096653753479
tcn,em,0,all,electrode_minus_independent_rms,all,macro_auroc,17,0.8691144717569586,0.8833718563609629,-0.014257384604004386,3,-0.02156403633738994,0.007771806942635413,-0.04087027505179436,-0.0022577976229855266
tcn,em,0,all,electrode_minus_independent_rms,all,macro_auroc,29,0.8689553156161228,0.8896604041706075,-0.02070508855448472,3,-0.02156403633738994,0.007771806942635413,-0.04087027505179436,-0.0022577976229855266
tcn,em,0,all,electrode_minus_independent_rms,all,macro_auroc,43,0.8634269137149054,0.8931565495685861,-0.029729635853680714,3,-0.02156403633738994,0.007771806942635413,-0.04087027505179436,-0.0022577976229855266
tcn,em,0,all,electrode_minus_independent_rms,all,macro_ap,17,0.727032408334084,0.7478045927496898,-0.0207721844156058,3,-0.03217571298345823,0.011224061231864207,-0.060057826768181444,-0.004293599198735006
tcn,em,0,all,electrode_minus_independent_rms,all,macro_ap,29,0.7259770758901275,0.7585207737574742,-0.03254369786734668,3,-0.03217571298345823,0.011224061231864207,-0.060057826768181444,-0.004293599198735006
tcn,em,0,all,electrode_minus_independent_rms,all,macro_ap,43,0.7195304427500042,0.7627416994174264,-0.043211256667422204,3,-0.03217571298345823,0.011224061231864207,-0.060057826768181444,-0.004293599198735006
tcn,em,0,all,electrode_minus_independent_rms,all,macro_f1,17,0.5721945155945672,0.6550243221634084,-0.0828298065688412,3,-0.08742286356545437,0.009919875413217151,-0.11206520017498661,-0.06278052695592212
tcn,em,0,all,electrode_minus_independent_rms,all,macro_f1,29,0.5555478613483034,0.6361798005905556,-0.0806319392422522,3,-0.08742286356545437,0.009919875413217151,-0.11206520017498661,-0.06278052695592212
tcn,em,0,all,electrode_minus_independent_rms,all,macro_f1,43,0.5678067519497021,0.6666135968349718,-0.0988068448852697,3,-0.08742286356545437,0.009919875413217151,-0.11206520017498661,-0.06278052695592212
tcn,em,0,all,electrode_minus_independent,all,macro_auroc,17,0.8691144717569586,0.8816607605171907,-0.012546288760232116,3,-0.020812584912893062,0.008738130236335037,-0.04251930376288975,0.0008941339371036292
tcn,em,0,all,electrode_minus_independent,all,macro_auroc,29,0.8689553156161228,0.8888904417594115,-0.01993512614328863,3,-0.020812584912893062,0.008738130236335037,-0.04251930376288975,0.0008941339371036292
tcn,em,0,all,electrode_minus_independent,all,macro_auroc,43,0.8634269137149054,0.8933832535500639,-0.02995633983515844,3,-0.020812584912893062,0.008738130236335037,-0.04251930376288975,0.0008941339371036292
tcn,em,0,all,electrode_minus_independent,all,macro_ap,17,0.727032408334084,0.7399863149440666,-0.012953906609982635,3,-0.029298528868883178,0.015673153870879405,-0.06823280146111789,0.009635743723351534
tcn,em,0,all,electrode_minus_independent,all,macro_ap,29,0.7259770758901275,0.756718298910456,-0.030741223020328556,3,-0.029298528868883178,0.015673153870879405,-0.06823280146111789,0.009635743723351534
tcn,em,0,all,electrode_minus_independent,all,macro_ap,43,0.7195304427500042,0.7637308997263426,-0.04420045697633834,3,-0.029298528868883178,0.015673153870879405,-0.06823280146111789,0.009635743723351534
tcn,em,0,all,electrode_minus_independent,all,macro_f1,17,0.5721945155945672,0.6350786310530744,-0.06288411545850714,3,-0.07009644107610331,0.016937911373051718,-0.11217254547566448,-0.02802033667654215
tcn,em,0,all,electrode_minus_independent,all,macro_f1,29,0.5555478613483034,0.613506272301502,-0.05795841095319865,3,-0.07009644107610331,0.016937911373051718,-0.11217254547566448,-0.02802033667654215
tcn,em,0,all,electrode_minus_independent,all,macro_f1,43,0.5678067519497021,0.6572535487663063,-0.08944679681660417,3,-0.07009644107610331,0.016937911373051718,-0.11217254547566448,-0.02802033667654215
tcn,em,0,all,covariance_minus_electrode,all,macro_auroc,17,0.8736676402919533,0.8691144717569586,0.004553168534994767,3,0.006538972760213757,0.0017673168688208736,0.0021487142778177197,0.010929231242609794
tcn,em,0,all,covariance_minus_electrode,all,macro_auroc,29,0.8768944313257314,0.8689553156161228,0.00793911570960859,3,0.006538972760213757,0.0017673168688208736,0.0021487142778177197,0.010929231242609794
tcn,em,0,all,covariance_minus_electrode,all,macro_auroc,43,0.8705515477509433,0.8634269137149054,0.0071246340360379135,3,0.006538972760213757,0.0017673168688208736,0.0021487142778177197,0.010929231242609794
tcn,em,0,all,covariance_minus_electrode,all,macro_ap,17,0.7334498656185333,0.727032408334084,0.006417457284449313,3,0.008140778020378195,0.0017317741977856632,0.0038388124274759657,0.012442743613280426
tcn,em,0,all,covariance_minus_electrode,all,macro_ap,29,0.7358579595544859,0.7259770758901275,0.009880883664358353,3,0.008140778020378195,0.0017317741977856632,0.0038388124274759657,0.012442743613280426
tcn,em,0,all,covariance_minus_electrode,all,macro_ap,43,0.7276544358623311,0.7195304427500042,0.008123993112326922,3,0.008140778020378195,0.0017317741977856632,0.0038388124274759657,0.012442743613280426
tcn,em,0,all,covariance_minus_electrode,all,macro_f1,17,0.5931156327017196,0.5721945155945672,0.020921117107152387,3,0.025555312659766183,0.005224853075098568,0.012576058097719995,0.03853456722181237
tcn,em,0,all,covariance_minus_electrode,all,macro_f1,29,0.5800747877623749,0.5555478613483034,0.024526926414071504,3,0.025555312659766183,0.005224853075098568,0.012576058097719995,0.03853456722181237
tcn,em,0,all,covariance_minus_electrode,all,macro_f1,43,0.5990246464077768,0.5678067519497021,0.031217894458074658,3,0.025555312659766183,0.005224853075098568,0.012576058097719995,0.03853456722181237
tcn,em,0,all,noisy_minus_clean,covariance,macro_auroc,17,0.8736676402919533,0.9169105801910707,-0.04324293989911743,3,-0.04515612880945422,0.0019508657581497643,-0.0500023480097764,-0.04030990960913205
tcn,em,0,all,noisy_minus_clean,covariance,macro_auroc,29,0.8768944313257314,0.9219772719022072,-0.045082840576475824,3,-0.04515612880945422,0.0019508657581497643,-0.0500023480097764,-0.04030990960913205
tcn,em,0,all,noisy_minus_clean,covariance,macro_auroc,43,0.8705515477509433,0.9176941537037128,-0.04714260595276942,3,-0.04515612880945422,0.0019508657581497643,-0.0500023480097764,-0.04030990960913205
tcn,em,0,all,noisy_minus_clean,covariance,macro_ap,17,0.7334498656185333,0.8060205715522081,-0.07257070593367476,3,-0.07663691397216284,0.0036362993766730204,-0.08566998238485857,-0.06760384555946711
tcn,em,0,all,noisy_minus_clean,covariance,macro_ap,29,0.7358579595544859,0.8136212596748911,-0.07776330012040522,3,-0.07663691397216284,0.0036362993766730204,-0.08566998238485857,-0.06760384555946711
tcn,em,0,all,noisy_minus_clean,covariance,macro_ap,43,0.7276544358623311,0.8072311717247397,-0.07957673586240854,3,-0.07663691397216284,0.0036362993766730204,-0.08566998238485857,-0.06760384555946711
tcn,em,0,all,noisy_minus_clean,covariance,macro_f1,17,0.5931156327017196,0.7327948473044128,-0.13967921460269317,3,-0.14984637333363482,0.01830614735038392,-0.19532136432301836,-0.10437138234425128
tcn,em,0,all,noisy_minus_clean,covariance,macro_f1,29,0.5800747877623749,0.7510542480339528,-0.17097946027157795,3,-0.14984637333363482,0.01830614735038392,-0.19532136432301836,-0.10437138234425128
tcn,em,0,all,noisy_minus_clean,covariance,macro_f1,43,0.5990246464077768,0.7379050915344101,-0.13888044512663333,3,-0.14984637333363482,0.01830614735038392,-0.19532136432301836,-0.10437138234425128
tcn,em,0,all,noisy_minus_clean,electrode,macro_auroc,17,0.8691144717569586,0.9169105801910707,-0.047796108434112194,3,-0.05169510156966798,0.0034335540593385437,-0.06022452269369859,-0.04316568044563737
tcn,em,0,all,noisy_minus_clean,electrode,macro_auroc,29,0.8689553156161228,0.9219772719022072,-0.053021956286084415,3,-0.05169510156966798,0.0034335540593385437,-0.06022452269369859,-0.04316568044563737
tcn,em,0,all,noisy_minus_clean,electrode,macro_auroc,43,0.8634269137149054,0.9176941537037128,-0.054267239988807336,3,-0.05169510156966798,0.0034335540593385437,-0.06022452269369859,-0.04316568044563737
tcn,em,0,all,noisy_minus_clean,electrode,macro_ap,17,0.727032408334084,0.8060205715522081,-0.07898816321812407,3,-0.08477769199254104,0.005013958706648742,-0.09723305590073174,-0.07232232808435034
tcn,em,0,all,noisy_minus_clean,electrode,macro_ap,29,0.7259770758901275,0.8136212596748911,-0.08764418378476357,3,-0.08477769199254104,0.005013958706648742,-0.09723305590073174,-0.07232232808435034
tcn,em,0,all,noisy_minus_clean,electrode,macro_ap,43,0.7195304427500042,0.8072311717247397,-0.08770072897473546,3,-0.08477769199254104,0.005013958706648742,-0.09723305590073174,-0.07232232808435034
tcn,em,0,all,noisy_minus_clean,electrode,macro_f1,17,0.5721945155945672,0.7327948473044128,-0.16060033170984556,3,-0.175401685993401,0.018047223632498405,-0.2202334748107265,-0.1305698971760755
tcn,em,0,all,noisy_minus_clean,electrode,macro_f1,29,0.5555478613483034,0.7510542480339528,-0.19550638668564946,3,-0.175401685993401,0.018047223632498405,-0.2202334748107265,-0.1305698971760755
tcn,em,0,all,noisy_minus_clean,electrode,macro_f1,43,0.5678067519497021,0.7379050915344101,-0.170098339584708,3,-0.175401685993401,0.018047223632498405,-0.2202334748107265,-0.1305698971760755
tcn,em,0,all,noisy_minus_clean,independent,macro_auroc,17,0.8816607605171907,0.9169105801910707,-0.03524981967388008,3,-0.03088251665677492,0.005793033620307568,-0.04527320993824016,-0.016491823375309682
tcn,em,0,all,noisy_minus_clean,independent,macro_auroc,29,0.8888904417594115,0.9219772719022072,-0.03308683014279579,3,-0.03088251665677492,0.005793033620307568,-0.04527320993824016,-0.016491823375309682
tcn,em,0,all,noisy_minus_clean,independent,macro_auroc,43,0.8933832535500639,0.9176941537037128,-0.024310900153648896,3,-0.03088251665677492,0.005793033620307568,-0.04527320993824016,-0.016491823375309682
tcn,em,0,all,noisy_minus_clean,independent,macro_ap,17,0.7399863149440666,0.8060205715522081,-0.06603425660814144,3,-0.05547916312365786,0.011334262895727292,-0.0836350330174776,-0.027323293229838112
tcn,em,0,all,noisy_minus_clean,independent,macro_ap,29,0.756718298910456,0.8136212596748911,-0.05690296076443502,3,-0.05547916312365786,0.011334262895727292,-0.0836350330174776,-0.027323293229838112
tcn,em,0,all,noisy_minus_clean,independent,macro_ap,43,0.7637308997263426,0.8072311717247397,-0.04350027199839712,3,-0.05547916312365786,0.011334262895727292,-0.0836350330174776,-0.027323293229838112
tcn,em,0,all,noisy_minus_clean,independent,macro_f1,17,0.6350786310530744,0.7327948473044128,-0.09771621625133842,3,-0.10530524491729769,0.029197534794673526,-0.1778359421899898,-0.03277454764460558
tcn,em,0,all,noisy_minus_clean,independent,macro_f1,29,0.613506272301502,0.7510542480339528,-0.1375479757324508,3,-0.10530524491729769,0.029197534794673526,-0.1778359421899898,-0.03277454764460558
tcn,em,0,all,noisy_minus_clean,independent,macro_f1,43,0.6572535487663063,0.7379050915344101,-0.08065154276810382,3,-0.10530524491729769,0.029197534794673526,-0.1778359421899898,-0.03277454764460558
tcn,em,0,all,noisy_minus_clean,independent_rms,macro_auroc,17,0.8833718563609629,0.9169105801910707,-0.03353872383010781,3,-0.030131065232278043,0.004882452085312783,-0.04225974858306726,-0.018002381881488824
tcn,em,0,all,noisy_minus_clean,independent_rms,macro_auroc,29,0.8896604041706075,0.9219772719022072,-0.0323168677315997,3,-0.030131065232278043,0.004882452085312783,-0.04225974858306726,-0.018002381881488824
tcn,em,0,all,noisy_minus_clean,independent_rms,macro_auroc,43,0.8931565495685861,0.9176941537037128,-0.024537604135126623,3,-0.030131065232278043,0.004882452085312783,-0.04225974858306726,-0.018002381881488824
tcn,em,0,all,noisy_minus_clean,independent_rms,macro_ap,17,0.7478045927496898,0.8060205715522081,-0.058215978802518276,3,-0.05260197900908281,0.007196259286530136,-0.07047847808606432,-0.0347254799321013
tcn,em,0,all,noisy_minus_clean,independent_rms,macro_ap,29,0.7585207737574742,0.8136212596748911,-0.0551004859174169,3,-0.05260197900908281,0.007196259286530136,-0.07047847808606432,-0.0347254799321013
tcn,em,0,all,noisy_minus_clean,independent_rms,macro_ap,43,0.7627416994174264,0.8072311717247397,-0.04448947230731326,3,-0.05260197900908281,0.007196259286530136,-0.07047847808606432,-0.0347254799321013
tcn,em,0,all,noisy_minus_clean,independent_rms,macro_f1,17,0.6550243221634084,0.7327948473044128,-0.07777052514100435,3,-0.08797882242794663,0.023516492990973054,-0.14639702951421119,-0.029560615341682098
tcn,em,0,all,noisy_minus_clean,independent_rms,macro_f1,29,0.6361798005905556,0.7510542480339528,-0.11487444744339725,3,-0.08797882242794663,0.023516492990973054,-0.14639702951421119,-0.029560615341682098
tcn,em,0,all,noisy_minus_clean,independent_rms,macro_f1,43,0.6666135968349718,0.7379050915344101,-0.0712914946994383,3,-0.08797882242794663,0.023516492990973054,-0.14639702951421119,-0.029560615341682098
tcn,em,10,all,electrode_minus_independent_rms,all,macro_auroc,17,0.9135304470950836,0.9143556686736104,-0.0008252215785268247,3,-0.0015611239514717878,0.001084866223900722,-0.004256081050434352,0.0011338331474907764
tcn,em,10,all,electrode_minus_independent_rms,all,macro_auroc,29,0.9175245422721698,0.918575682049805,-0.0010511397776351572,3,-0.0015611239514717878,0.001084866223900722,-0.004256081050434352,0.0011338331474907764
tcn,em,10,all,electrode_minus_independent_rms,all,macro_auroc,43,0.9129126597909176,0.915719670289171,-0.0028070104982533817,3,-0.0015611239514717878,0.001084866223900722,-0.004256081050434352,0.0011338331474907764
tcn,em,10,all,electrode_minus_independent_rms,all,macro_ap,17,0.8010873806105417,0.8029349272280017,-0.0018475466174600053,3,-0.001480130139704124,0.0008384355901625456,-0.0035629196080747367,0.000602659328666489
tcn,em,10,all,electrode_minus_independent_rms,all,macro_ap,29,0.8097872736687182,0.8103079842264815,-0.0005207105577633708,3,-0.001480130139704124,0.0008384355901625456,-0.0035629196080747367,0.000602659328666489
tcn,em,10,all,electrode_minus_independent_rms,all,macro_ap,43,0.8018756233360774,0.8039477565799664,-0.002072133243888996,3,-0.001480130139704124,0.0008384355901625456,-0.0035629196080747367,0.000602659328666489
tcn,em,10,all,electrode_minus_independent_rms,all,macro_f1,17,0.7252809725817012,0.729463721474573,-0.004182748892871735,3,-0.006714387544607366,0.0023709767368821086,-0.012604220270305963,-0.0008245548189087688
tcn,em,10,all,electrode_minus_independent_rms,all,macro_f1,29,0.7330246913277969,0.7401023268772039,-0.007077635549406991,3,-0.006714387544607366,0.0023709767368821086,-0.012604220270305963,-0.0008245548189087688
tcn,em,10,all,electrode_minus_independent_rms,all,macro_f1,43,0.7246347107067315,0.7335174888982748,-0.008882778191543372,3,-0.006714387544607366,0.0023709767368821086,-0.012604220270305963,-0.0008245548189087688
tcn,em,10,all,electrode_minus_independent,all,macro_auroc,17,0.9135304470950836,0.9146300522350492,-0.0010996051399656537,3,-0.001729043448721194,0.001201352933411875,-0.004713369575694533,0.0012552826782521451
tcn,em,10,all,electrode_minus_independent,all,macro_auroc,29,0.9175245422721698,0.9184977422044174,-0.0009731999322475371,3,-0.001729043448721194,0.001201352933411875,-0.004713369575694533,0.0012552826782521451
tcn,em,10,all,electrode_minus_independent,all,macro_auroc,43,0.9129126597909176,0.916026985064868,-0.0031143252739503913,3,-0.001729043448721194,0.001201352933411875,-0.004713369575694533,0.0012552826782521451
tcn,em,10,all,electrode_minus_independent,all,macro_ap,17,0.8010873806105417,0.8025734745350203,-0.0014860939244785154,3,-0.0018517112481817681,0.0011404334782787553,-0.004684705059281518,0.0009812825629179815
tcn,em,10,all,electrode_minus_independent,all,macro_ap,29,0.8097872736687182,0.810726197166821,-0.0009389234981028727,3,-0.0018517112481817681,0.0011404334782787553,-0.004684705059281518,0.0009812825629179815
tcn,em,10,all,electrode_minus_independent,all,macro_ap,43,0.8018756233360774,0.8050057396580413,-0.003130116321963916,3,-0.0018517112481817681,0.0011404334782787553,-0.004684705059281518,0.0009812825629179815
tcn,em,10,all,electrode_minus_independent,all,macro_f1,17,0.7252809725817012,0.7311939361207078,-0.00591296353900661,3,-0.007297058378891756,0.002577511193217062,-0.013699951136341504,-0.0008941656214420078
tcn,em,10,all,electrode_minus_independent,all,macro_f1,29,0.7330246913277969,0.7387319612305134,-0.0057072699027165275,3,-0.007297058378891756,0.002577511193217062,-0.013699951136341504,-0.0008941656214420078
tcn,em,10,all,electrode_minus_independent,all,macro_f1,43,0.7246347107067315,0.7349056524016836,-0.01027094169495213,3,-0.007297058378891756,0.002577511193217062,-0.013699951136341504,-0.0008941656214420078
tcn,em,10,all,covariance_minus_electrode,all,macro_auroc,17,0.9137075659178387,0.9135304470950836,0.00017711882275517343,3,0.0005902263547221676,0.00035848432348446665,-0.0003002980723058649,0.0014807507817502
tcn,em,10,all,covariance_minus_electrode,all,macro_auroc,29,0.9183440739962964,0.9175245422721698,0.000819531724126521,3,0.0005902263547221676,0.00035848432348446665,-0.0003002980723058649,0.0014807507817502
tcn,em,10,all,covariance_minus_electrode,all,macro_auroc,43,0.9136866883082024,0.9129126597909176,0.0007740285172848083,3,0.0005902263547221676,0.00035848432348446665,-0.0003002980723058649,0.0014807507817502
tcn,em,10,all,covariance_minus_electrode,all,macro_ap,17,0.8019860986289249,0.8010873806105417,0.0008987180183831489,3,3.172624850363478e-05,0.0007555988620326188,-0.0018452853796039677,0.0019087378766112371
tcn,em,10,all,covariance_minus_electrode,all,macro_ap,29,0.8094702011014514,0.8097872736687182,-0.0003170725672667629,3,3.172624850363478e-05,0.0007555988620326188,-0.0018452853796039677,0.0019087378766112371
tcn,em,10,all,covariance_minus_electrode,all,macro_ap,43,0.8013891566304719,0.8018756233360774,-0.00048646670560548166,3,3.172624850363478e-05,0.0007555988620326188,-0.0018452853796039677,0.0019087378766112371
tcn,em,10,all,covariance_minus_electrode,all,macro_f1,17,0.7274529899432511,0.7252809725817012,0.002172017361549927,3,0.004323658304132061,0.001962396116240802,-0.0005512038935536895,0.009198520501817811
tcn,em,10,all,covariance_minus_electrode,all,macro_f1,29,0.7390396613360497,0.7330246913277969,0.006014970008252796,3,0.004323658304132061,0.001962396116240802,-0.0005512038935536895,0.009198520501817811
tcn,em,10,all,covariance_minus_electrode,all,macro_f1,43,0.7294186982493249,0.7246347107067315,0.00478398754259346,3,0.004323658304132061,0.001962396116240802,-0.0005512038935536895,0.009198520501817811
tcn,em,10,all,noisy_minus_clean,covariance,macro_auroc,17,0.9137075659178387,0.9169105801910707,-0.0032030142732319966,3,-0.00361455919155107,0.0004025493178338019,-0.004614547132808995,-0.002614571250293145
tcn,em,10,all,noisy_minus_clean,covariance,macro_auroc,29,0.9183440739962964,0.9219772719022072,-0.0036331979059108788,3,-0.00361455919155107,0.0004025493178338019,-0.004614547132808995,-0.002614571250293145
tcn,em,10,all,noisy_minus_clean,covariance,macro_auroc,43,0.9136866883082024,0.9176941537037128,-0.0040074653955103345,3,-0.00361455919155107,0.0004025493178338019,-0.004614547132808995,-0.002614571250293145
tcn,em,10,all,noisy_minus_clean,covariance,macro_ap,17,0.8019860986289249,0.8060205715522081,-0.004034472923283183,3,-0.00467584886366353,0.0010116105038535449,-0.007188828665857731,-0.0021628690614693287
tcn,em,10,all,noisy_minus_clean,covariance,macro_ap,29,0.8094702011014514,0.8136212596748911,-0.00415105857343967,3,-0.00467584886366353,0.0010116105038535449,-0.007188828665857731,-0.0021628690614693287
tcn,em,10,all,noisy_minus_clean,covariance,macro_ap,43,0.8013891566304719,0.8072311717247397,-0.0058420150942677385,3,-0.00467584886366353,0.0010116105038535449,-0.007188828665857731,-0.0021628690614693287
tcn,em,10,all,noisy_minus_clean,covariance,macro_f1,17,0.7274529899432511,0.7327948473044128,-0.0053418573611616615,3,-0.008614279114716647,0.0033382024039021237,-0.016906833595602754,-0.00032172463383053906
tcn,em,10,all,noisy_minus_clean,covariance,macro_f1,29,0.7390396613360497,0.7510542480339528,-0.012014586697903118,3,-0.008614279114716647,0.0033382024039021237,-0.016906833595602754,-0.00032172463383053906
tcn,em,10,all,noisy_minus_clean,covariance,macro_f1,43,0.7294186982493249,0.7379050915344101,-0.008486393285085159,3,-0.008614279114716647,0.0033382024039021237,-0.016906833595602754,-0.00032172463383053906
tcn,em,10,all,noisy_minus_clean,electrode,macro_auroc,17,0.9135304470950836,0.9169105801910707,-0.00338013309598717,3,-0.0042047855462732375,0.0007328439371560732,-0.006025270807367668,-0.0023843002851788074
tcn,em,10,all,noisy_minus_clean,electrode,macro_auroc,29,0.9175245422721698,0.9219772719022072,-0.0044527296300374,3,-0.0042047855462732375,0.0007328439371560732,-0.006025270807367668,-0.0023843002851788074
tcn,em,10,all,noisy_minus_clean,electrode,macro_auroc,43,0.9129126597909176,0.9176941537037128,-0.004781493912795143,3,-0.0042047855462732375,0.0007328439371560732,-0.006025270807367668,-0.0023843002851788074
tcn,em,10,all,noisy_minus_clean,electrode,macro_ap,17,0.8010873806105417,0.8060205715522081,-0.004933190941666332,3,-0.004707575112167166,0.0007854711311322106,-0.006658793570479699,-0.0027563566538546325
tcn,em,10,all,noisy_minus_clean,electrode,macro_ap,29,0.8097872736687182,0.8136212596748911,-0.003833986006172907,3,-0.004707575112167166,0.0007854711311322106,-0.006658793570479699,-0.0027563566538546325
tcn,em,10,all,noisy_minus_clean,electrode,macro_ap,43,0.8018756233360774,0.8072311717247397,-0.005355548388662257,3,-0.004707575112167166,0.0007854711311322106,-0.006658793570479699,-0.0027563566538546325
tcn,em,10,all,noisy_minus_clean,electrode,macro_f1,17,0.7252809725817012,0.7327948473044128,-0.007513874722711589,3,-0.012937937418848708,0.005265717506597722,-0.026018704856249922,0.00014283001855250853
tcn,em,10,all,noisy_minus_clean,electrode,macro_f1,29,0.7330246913277969,0.7510542480339528,-0.018029556706155914,3,-0.012937937418848708,0.005265717506597722,-0.026018704856249922,0.00014283001855250853
tcn,em,10,all,noisy_minus_clean,electrode,macro_f1,43,0.7246347107067315,0.7379050915344101,-0.013270380827678618,3,-0.012937937418848708,0.005265717506597722,-0.026018704856249922,0.00014283001855250853
tcn,em,10,all,noisy_minus_clean,independent,macro_auroc,17,0.9146300522350492,0.9169105801910707,-0.0022805279560215164,3,-0.0024757420975520437,0.0009218159104643869,-0.004765659763999715,-0.00018582443110437205
tcn,em,10,all,noisy_minus_clean,independent,macro_auroc,29,0.9184977422044174,0.9219772719022072,-0.0034795296977898627,3,-0.0024757420975520437,0.0009218159104643869,-0.004765659763999715,-0.00018582443110437205
tcn,em,10,all,noisy_minus_clean,independent,macro_auroc,43,0.916026985064868,0.9176941537037128,-0.0016671686388447515,3,-0.0024757420975520437,0.0009218159104643869,-0.004765659763999715,-0.00018582443110437205
tcn,em,10,all,noisy_minus_clean,independent,macro_ap,17,0.8025734745350203,0.8060205715522081,-0.003447097017187817,3,-0.0028558638639853973,0.0006117750510499501,-0.004375597339387729,-0.0013361303885830657
tcn,em,10,all,noisy_minus_clean,independent,macro_ap,29,0.810726197166821,0.8136212596748911,-0.0028950625080700343,3,-0.0028558638639853973,0.0006117750510499501,-0.004375597339387729,-0.0013361303885830657
tcn,em,10,all,noisy_minus_clean,independent,macro_ap,43,0.8050057396580413,0.8072311717247397,-0.0022254320666983407,3,-0.0028558638639853973,0.0006117750510499501,-0.004375597339387729,-0.0013361303885830657
tcn,em,10,all,noisy_minus_clean,independent,macro_f1,17,0.7311939361207078,0.7327948473044128,-0.0016009111837049783,3,-0.0056408790399569515,0.0058283683293432215,-0.020119348604670295,0.00883759052475639
tcn,em,10,all,noisy_minus_clean,independent,macro_f1,29,0.7387319612305134,0.7510542480339528,-0.012322286803439386,3,-0.0056408790399569515,0.0058283683293432215,-0.020119348604670295,0.00883759052475639
tcn,em,10,all,noisy_minus_clean,independent,macro_f1,43,0.7349056524016836,0.7379050915344101,-0.002999439132726489,3,-0.0056408790399569515,0.0058283683293432215,-0.020119348604670295,0.00883759052475639
tcn,em,10,all,noisy_minus_clean,independent_rms,macro_auroc,17,0.9143556686736104,0.9169105801910707,-0.0025549115174603454,3,-0.0026436615948014497,0.0007176807287483391,-0.004426479358059565,-0.0008608438315433346
tcn,em,10,all,noisy_minus_clean,independent_rms,macro_auroc,29,0.918575682049805,0.9219772719022072,-0.0034015898524022425,3,-0.0026436615948014497,0.0007176807287483391,-0.004426479358059565,-0.0008608438315433346
tcn,em,10,all,noisy_minus_clean,independent_rms,macro_auroc,43,0.915719670289171,0.9176941537037128,-0.001974483414541761,3,-0.0026436615948014497,0.0007176807287483391,-0.004426479358059565,-0.0008608438315433346
tcn,em,10,all,noisy_minus_clean,independent_rms,macro_ap,17,0.8029349272280017,0.8060205715522081,-0.003085644324206327,3,-0.0032274449724630414,0.00012370722419418744,-0.003534750753295967,-0.002920139191630116
tcn,em,10,all,noisy_minus_clean,independent_rms,macro_ap,29,0.8103079842264815,0.8136212596748911,-0.003313275448409536,3,-0.0032274449724630414,0.00012370722419418744,-0.003534750753295967,-0.002920139191630116
tcn,em,10,all,noisy_minus_clean,independent_rms,macro_ap,43,0.8039477565799664,0.8072311717247397,-0.0032834151447732607,3,-0.0032274449724630414,0.00012370722419418744,-0.003534750753295967,-0.002920139191630116
tcn,em,10,all,noisy_minus_clean,independent_rms,macro_f1,17,0.729463721474573,0.7327948473044128,-0.003331125829839854,3,-0.006223549874241341,0.004128820297553748,-0.016480108080307726,0.0040330083318250425
tcn,em,10,all,noisy_minus_clean,independent_rms,macro_f1,29,0.7401023268772039,0.7510542480339528,-0.010951921156748923,3,-0.006223549874241341,0.004128820297553748,-0.016480108080307726,0.0040330083318250425
tcn,em,10,all,noisy_minus_clean,independent_rms,macro_f1,43,0.7335174888982748,0.7379050915344101,-0.004387602636135246,3,-0.006223549874241341,0.004128820297553748,-0.016480108080307726,0.0040330083318250425
tcn,em,20,all,electrode_minus_independent_rms,all,macro_auroc,17,0.9168774288329332,0.9169542053988982,-7.67765659649422e-05,3,-7.94531174600858e-06,0.000206126240276955,-0.0005199912785929568,0.0005041006551009397
tcn,em,20,all,electrode_minus_independent_rms,all,macro_auroc,29,0.9216983989855528,0.921474609839961,0.00022378914559184615,3,-7.94531174600858e-06,0.000206126240276955,-0.0005199912785929568,0.0005041006551009397
tcn,em,20,all,electrode_minus_independent_rms,all,macro_auroc,43,0.9174549917159572,0.9176258402308222,-0.0001708485148649297,3,-7.94531174600858e-06,0.000206126240276955,-0.0005199912785929568,0.0005041006551009397
tcn,em,20,all,electrode_minus_independent_rms,all,macro_ap,17,0.80574779442983,0.8062099180896789,-0.0004621236598488787,3,0.00017621581111001058,0.0007312265491769066,-0.0016402516355108903,0.0019926832577309116
tcn,em,20,all,electrode_minus_independent_rms,all,macro_ap,29,0.8140459352074843,0.813071922137571,0.0009740130699132932,3,0.00017621581111001058,0.0007312265491769066,-0.0016402516355108903,0.0019926832577309116
tcn,em,20,all,electrode_minus_independent_rms,all,macro_ap,43,0.8072507195300203,0.8072339615067546,1.675802326561726e-05,3,0.00017621581111001058,0.0007312265491769066,-0.0016402516355108903,0.0019926832577309116
tcn,em,20,all,electrode_minus_independent_rms,all,macro_f1,17,0.7293312402380241,0.7323044650281014,-0.0029732247900773334,3,9.145572088664622e-05,0.0027202549742285868,-0.0066660322460872674,0.00684894368786056
tcn,em,20,all,electrode_minus_independent_rms,all,macro_f1,29,0.7509685202839458,0.749941035592984,0.0010274846909618107,3,9.145572088664622e-05,0.0027202549742285868,-0.0066660322460872674,0.00684894368786056
tcn,em,20,all,electrode_minus_independent_rms,all,macro_f1,43,0.737923448623178,0.7357033413614026,0.0022201072617754614,3,9.145572088664622e-05,0.0027202549742285868,-0.0066660322460872674,0.00684894368786056
tcn,em,20,all,electrode_minus_independent,all,macro_auroc,17,0.9168774288329332,0.9170055367353124,-0.0001281079023791598,3,-3.612080582582333e-05,0.000223280326069256,-0.000590779884099499,0.0005185382724478523
tcn,em,20,all,electrode_minus_independent,all,macro_auroc,29,0.9216983989855528,0.9214799408060256,0.00021845817952725888,3,-3.612080582582333e-05,0.000223280326069256,-0.000590779884099499,0.0005185382724478523
tcn,em,20,all,electrode_minus_independent,all,macro_auroc,43,0.9174549917159572,0.9176537044105828,-0.00019871269462556906,3,-3.612080582582333e-05,0.000223280326069256,-0.000590779884099499,0.0005185382724478523
tcn,em,20,all,electrode_minus_independent,all,macro_ap,17,0.80574779442983,0.8061595778112102,-0.0004117833813801486,3,7.637245366846439e-05,0.0006052709889927839,-0.0014272040358982961,0.001579948943235225
tcn,em,20,all,electrode_minus_independent,all,macro_ap,29,0.8140459352074843,0.8132923210328091,0.0007536141746751213,3,7.637245366846439e-05,0.0006052709889927839,-0.0014272040358982961,0.001579948943235225
tcn,em,20,all,electrode_minus_independent,all,macro_ap,43,0.8072507195300203,0.8073634329623098,-0.00011271343228957953,3,7.637245366846439e-05,0.0006052709889927839,-0.0014272040358982961,0.001579948943235225
tcn,em,20,all,electrode_minus_independent,all,macro_f1,17,0.7293312402380241,0.7308317391848714,-0.0015004989468473395,3,-0.0004901181304555932,0.001732955833079772,-0.004795019068153417,0.003814782807242231
tcn,em,20,all,electrode_minus_independent,all,macro_f1,29,0.7509685202839458,0.7524492701459687,-0.0014807498620229564,3,-0.0004901181304555932,0.001732955833079772,-0.004795019068153417,0.003814782807242231
tcn,em,20,all,electrode_minus_independent,all,macro_f1,43,0.737923448623178,0.7364125542056745,0.0015108944175035166,3,-0.0004901181304555932,0.001732955833079772,-0.004795019068153417,0.003814782807242231
tcn,em,20,all,covariance_minus_electrode,all,macro_auroc,17,0.9168547232502264,0.9168774288329332,-2.2705582706783467e-05,3,4.5335276184961987e-07,9.552680547486239e-05,-0.00023684838719835322,0.00023775509272205248
tcn,em,20,all,covariance_minus_electrode,all,macro_auroc,29,0.9218038294417,0.9216983989855528,0.00010543045614719304,3,4.5335276184961987e-07,9.552680547486239e-05,-0.00023684838719835322,0.00023775509272205248
tcn,em,20,all,covariance_minus_electrode,all,macro_auroc,43,0.9173736269008024,0.9174549917159572,-8.136481515486071e-05,3,4.5335276184961987e-07,9.552680547486239e-05,-0.00023684838719835322,0.00023775509272205248
tcn,em,20,all,covariance_minus_electrode,all,macro_ap,17,0.8060344109647246,0.80574779442983,0.0002866165348945904,3,-1.781342406959041e-05,0.0003109603895504673,-0.0007902818546029068,0.000754655006463726
tcn,em,20,all,covariance_minus_electrode,all,macro_ap,29,0.8137110184661607,0.8140459352074843,-0.0003349167413235765,3,-1.781342406959041e-05,0.0003109603895504673,-0.0007902818546029068,0.000754655006463726
tcn,em,20,all,covariance_minus_electrode,all,macro_ap,43,0.8072455794642405,0.8072507195300203,-5.140065779785097e-06,3,-1.781342406959041e-05,0.0003109603895504673,-0.0007902818546029068,0.000754655006463726
tcn,em,20,all,covariance_minus_electrode,all,macro_f1,17,0.734547889187364,0.7293312402380241,0.00521664894933993,3,0.0012272970891900419,0.003487656527244172,-0.0074365220156620325,0.009891116194042116
tcn,em,20,all,covariance_minus_electrode,all,macro_f1,29,0.7497241174877213,0.7509685202839458,-0.0012444027962245086,3,0.0012272970891900419,0.003487656527244172,-0.0074365220156620325,0.009891116194042116
tcn,em,20,all,covariance_minus_electrode,all,macro_f1,43,0.7376330937376328,0.737923448623178,-0.0002903548855452964,3,0.0012272970891900419,0.003487656527244172,-0.0074365220156620325,0.009891116194042116
tcn,em,20,all,noisy_minus_clean,covariance,macro_auroc,17,0.9168547232502264,0.9169105801910707,-5.585694084431214e-05,3,-0.00018327540142063872,0.0001326086310040742,-0.0005126935025973612,0.00014614269975608376
tcn,em,20,all,noisy_minus_clean,covariance,macro_auroc,29,0.9218038294417,0.9219772719022072,-0.00017344246050721157,3,-0.00018327540142063872,0.0001326086310040742,-0.0005126935025973612,0.00014614269975608376
tcn,em,20,all,noisy_minus_clean,covariance,macro_auroc,43,0.9173736269008024,0.9176941537037128,-0.0003205268029103925,3,-0.00018327540142063872,0.0001326086310040742,-0.0005126935025973612,0.00014614269975608376
tcn,em,20,all,noisy_minus_clean,covariance,macro_ap,17,0.8060344109647246,0.8060205715522081,1.383941251653642e-05,3,3.933531442897505e-05,4.366893645846087e-05,-6.914433745817218e-05,0.00014781496631612227
tcn,em,20,all,noisy_minus_clean,covariance,macro_ap,29,0.8137110184661607,0.8136212596748911,8.975879126960074e-05,3,3.933531442897505e-05,4.366893645846087e-05,-6.914433745817218e-05,0.00014781496631612227
tcn,em,20,all,noisy_minus_clean,covariance,macro_ap,43,0.8072455794642405,0.8072311717247397,1.4407739500787997e-05,3,3.933531442897505e-05,4.366893645846087e-05,-6.914433745817218e-05,0.00014781496631612227
tcn,em,20,all,noisy_minus_clean,covariance,macro_f1,17,0.734547889187364,0.7327948473044128,0.0017530418829512229,3,5.030451331411445e-05,0.0015666515698571604,-0.003841473732492686,0.003942082759120915
tcn,em,20,all,noisy_minus_clean,covariance,macro_f1,29,0.7497241174877213,0.7510542480339528,-0.001330130546231545,3,5.030451331411445e-05,0.0015666515698571604,-0.003841473732492686,0.003942082759120915
tcn,em,20,all,noisy_minus_clean,covariance,macro_f1,43,0.7376330937376328,0.7379050915344101,-0.0002719977967773346,3,5.030451331411445e-05,0.0015666515698571604,-0.003841473732492686,0.003942082759120915
tcn,em,20,all,noisy_minus_clean,electrode,macro_auroc,17,0.9168774288329332,0.9169105801910707,-3.3151358137528675e-05,3,-0.00018372875418248835,0.00013190679898421957,-0.0005114034079713977,0.00014394589960642096
tcn,em,20,all,noisy_minus_clean,electrode,macro_auroc,29,0.9216983989855528,0.9219772719022072,-0.0002788729166544046,3,-0.00018372875418248835,0.00013190679898421957,-0.0005114034079713977,0.00014394589960642096
tcn,em,20,all,noisy_minus_clean,electrode,macro_auroc,43,0.9174549917159572,0.9176941537037128,-0.00023916198775553177,3,-0.00018372875418248835,0.00013190679898421957,-0.0005114034079713977,0.00014394589960642096
tcn,em,20,all,noisy_minus_clean,electrode,macro_ap,17,0.80574779442983,0.8060205715522081,-0.00027277712237805396,3,5.7148738498565464e-05,0.0003502433784038647,-0.000812904046074534,0.000927201523071665
tcn,em,20,all,noisy_minus_clean,electrode,macro_ap,29,0.8140459352074843,0.8136212596748911,0.00042467553259317725,3,5.7148738498565464e-05,0.0003502433784038647,-0.000812904046074534,0.000927201523071665
tcn,em,20,all,noisy_minus_clean,electrode,macro_ap,43,0.8072507195300203,0.8072311717247397,1.9547805280573094e-05,3,5.7148738498565464e-05,0.0003502433784038647,-0.000812904046074534,0.000927201523071665
tcn,em,20,all,noisy_minus_clean,electrode,macro_f1,17,0.7293312402380241,0.7327948473044128,-0.0034636070663887075,3,-0.0011769925758759274,0.001980949970237252,-0.006097945101971997,0.003743959950220142
tcn,em,20,all,noisy_minus_clean,electrode,macro_f1,29,0.7509685202839458,0.7510542480339528,-8.572775000703636e-05,3,-0.0011769925758759274,0.001980949970237252,-0.006097945101971997,0.003743959950220142
tcn,em,20,all,noisy_minus_clean,electrode,macro_f1,43,0.737923448623178,0.7379050915344101,1.8357088767961827e-05,3,-0.0011769925758759274,0.001980949970237252,-0.006097945101971997,0.003743959950220142
tcn,em,20,all,noisy_minus_clean,independent,macro_auroc,17,0.9170055367353124,0.9169105801910707,9.495654424163114e-05,3,-0.00014760794835666502,0.00031034399509583704,-0.0009185451701799395,0.0006233292734666094
tcn,em,20,all,noisy_minus_clean,independent,macro_auroc,29,0.9214799408060256,0.9219772719022072,-0.0004973310961816635,3,-0.00014760794835666502,0.00031034399509583704,-0.0009185451701799395,0.0006233292734666094
tcn,em,20,all,noisy_minus_clean,independent,macro_auroc,43,0.9176537044105828,0.9176941537037128,-4.0449293129962705e-05,3,-0.00014760794835666502,0.00031034399509583704,-0.0009185451701799395,0.0006233292734666094
tcn,em,20,all,noisy_minus_clean,independent,macro_ap,17,0.8061595778112102,0.8060205715522081,0.00013900625900209462,3,-1.922371516989892e-05,0.00026824219614488215,-0.000685574270487872,0.0006471268401480741
tcn,em,20,all,noisy_minus_clean,independent,macro_ap,29,0.8132923210328091,0.8136212596748911,-0.000328938642081944,3,-1.922371516989892e-05,0.00026824219614488215,-0.000685574270487872,0.0006471268401480741
tcn,em,20,all,noisy_minus_clean,independent,macro_ap,43,0.8073634329623098,0.8072311717247397,0.00013226123757015262,3,-1.922371516989892e-05,0.00026824219614488215,-0.000685574270487872,0.0006471268401480741
tcn,em,20,all,noisy_minus_clean,independent,macro_f1,17,0.7308317391848714,0.7327948473044128,-0.001963108119541368,3,-0.0006868744454203343,0.0018182626801946404,-0.005203689339104096,0.003829940448263428
tcn,em,20,all,noisy_minus_clean,independent,macro_f1,29,0.7524492701459687,0.7510542480339528,0.00139502211201592,3,-0.0006868744454203343,0.0018182626801946404,-0.005203689339104096,0.003829940448263428
tcn,em,20,all,noisy_minus_clean,independent,macro_f1,43,0.7364125542056745,0.7379050915344101,-0.0014925373287355548,3,-0.0006868744454203343,0.0018182626801946404,-0.005203689339104096,0.003829940448263428
tcn,em,20,all,noisy_minus_clean,independent_rms,macro_auroc,17,0.9169542053988982,0.9169105801910707,4.3625207827413526e-05,3,-0.00017578344243647978,0.0002885650552765841,-0.0008926187785334777,0.0005410518936605181
tcn,em,20,all,noisy_minus_clean,independent_rms,macro_auroc,29,0.921474609839961,0.9219772719022072,-0.0005026620622462508,3,-0.00017578344243647978,0.0002885650552765841,-0.0008926187785334777,0.0005410518936605181
tcn,em,20,all,noisy_minus_clean,independent_rms,macro_auroc,43,0.9176258402308222,0.9176941537037128,-6.831347289060208e-05,3,-0.00017578344243647978,0.0002885650552765841,-0.0008926187785334777,0.0005410518936605181
tcn,em,20,all,noisy_minus_clean,independent_rms,macro_ap,17,0.8062099180896789,0.8060205715522081,0.00018934653747082475,3,-0.00011906707261144511,0.00038412284539196165,-0.0010732811187826336,0.0008351469735597434
tcn,em,20,all,noisy_minus_clean,independent_rms,macro_ap,29,0.813071922137571,0.8136212596748911,-0.0005493375373201159,3,-0.00011906707261144511,0.00038412284539196165,-0.0010732811187826336,0.0008351469735597434
tcn,em,20,all,noisy_minus_clean,independent_rms,macro_ap,43,0.8072339615067546,0.8072311717247397,2.7897820149558328e-06,3,-0.00011906707261144511,0.00038412284539196165,-0.0010732811187826336,0.0008351469735597434
tcn,em,20,all,noisy_minus_clean,independent_rms,macro_f1,17,0.7323044650281014,0.7327948473044128,-0.0004903822763113741,3,-0.0012684482967625736,0.0008661804936925896,-0.003420159926300189,0.0008832633327750421
tcn,em,20,all,noisy_minus_clean,independent_rms,macro_f1,29,0.749941035592984,0.7510542480339528,-0.001113212440968847,3,-0.0012684482967625736,0.0008661804936925896,-0.003420159926300189,0.0008832633327750421
tcn,em,20,all,noisy_minus_clean,independent_rms,macro_f1,43,0.7357033413614026,0.7379050915344101,-0.0022017501730074995,3,-0.0012684482967625736,0.0008661804936925896,-0.003420159926300189,0.0008832633327750421
tcn,ma,0,all,electrode_minus_independent_rms,all,macro_auroc,17,0.895737230400019,0.891727560406973,0.004009669993045972,3,-0.0013314398167467711,0.0057142031574805826,-0.015526307372671189,0.012863427739177646
tcn,ma,0,all,electrode_minus_independent_rms,all,macro_auroc,29,0.8978977183642911,0.8985446382395615,-0.0006469198752704353,3,-0.0013314398167467711,0.0057142031574805826,-0.015526307372671189,0.012863427739177646
tcn,ma,0,all,electrode_minus_independent_rms,all,macro_auroc,43,0.890795119205508,0.8981521887735239,-0.0073570695680158504,3,-0.0013314398167467711,0.0057142031574805826,-0.015526307372671189,0.012863427739177646
tcn,ma,0,all,electrode_minus_independent_rms,all,macro_ap,17,0.7670125678922659,0.7610922944372336,0.005920273455032321,3,-0.004670883276977585,0.010735472315374785,-0.03133927490872124,0.02199750835476607
tcn,ma,0,all,electrode_minus_independent_rms,all,macro_ap,29,0.7676962522508729,0.7720841015984293,-0.004387849347556427,3,-0.004670883276977585,0.010735472315374785,-0.03133927490872124,0.02199750835476607
tcn,ma,0,all,electrode_minus_independent_rms,all,macro_ap,43,0.7568059440494729,0.7723510179878815,-0.015545073938408649,3,-0.004670883276977585,0.010735472315374785,-0.03133927490872124,0.02199750835476607
tcn,ma,0,all,electrode_minus_independent_rms,all,macro_f1,17,0.6782990934757411,0.6781603282756657,0.00013876520007538584,3,0.00370625830557784,0.009809408712634287,-0.020661663807147273,0.028074180418302955
tcn,ma,0,all,electrode_minus_independent_rms,all,macro_f1,29,0.6745001019029864,0.6596999281955896,0.014800173707396724,3,0.00370625830557784,0.009809408712634287,-0.020661663807147273,0.028074180418302955
tcn,ma,0,all,electrode_minus_independent_rms,all,macro_f1,43,0.6777020397036732,0.6815222036944117,-0.00382016399073859,3,0.00370625830557784,0.009809408712634287,-0.020661663807147273,0.028074180418302955
tcn,ma,0,all,electrode_minus_independent,all,macro_auroc,17,0.895737230400019,0.8895223820203508,0.006214848379668125,3,-0.001462279257815095,0.007227484394567646,-0.019416345803225096,0.016491787287594904
tcn,ma,0,all,electrode_minus_independent,all,macro_auroc,29,0.8978977183642911,0.9003643394837558,-0.002466621119464718,3,-0.001462279257815095,0.007227484394567646,-0.019416345803225096,0.016491787287594904
tcn,ma,0,all,electrode_minus_independent,all,macro_auroc,43,0.890795119205508,0.8989301842391567,-0.008135065033648692,3,-0.001462279257815095,0.007227484394567646,-0.019416345803225096,0.016491787287594904
tcn,ma,0,all,electrode_minus_independent,all,macro_ap,17,0.7670125678922659,0.7559093793282349,0.01110318856403103,3,-0.003887316515040521,0.013969598081248,-0.03858972192623368,0.03081508889615264
tcn,ma,0,all,electrode_minus_independent,all,macro_ap,29,0.7676962522508729,0.7739200192490261,-0.006223766998153191,3,-0.003887316515040521,0.013969598081248,-0.03858972192623368,0.03081508889615264
tcn,ma,0,all,electrode_minus_independent,all,macro_ap,43,0.7568059440494729,0.7733473151604723,-0.016541371110999403,3,-0.003887316515040521,0.013969598081248,-0.03858972192623368,0.03081508889615264
tcn,ma,0,all,electrode_minus_independent,all,macro_f1,17,0.6782990934757411,0.676987925052692,0.001311168423049125,3,-0.00365574332865796,0.006958914372108497,-0.02094264495303982,0.0136311582957239
tcn,ma,0,all,electrode_minus_independent,all,macro_f1,29,0.6745001019029864,0.6751690332917137,-0.0006689313887273673,3,-0.00365574332865796,0.006958914372108497,-0.02094264495303982,0.0136311582957239
tcn,ma,0,all,electrode_minus_independent,all,macro_f1,43,0.6777020397036732,0.6893115067239688,-0.011609467020295638,3,-0.00365574332865796,0.006958914372108497,-0.02094264495303982,0.0136311582957239
tcn,ma,0,all,covariance_minus_electrode,all,macro_auroc,17,0.8957086968915945,0.895737230400019,-2.8533508424466447e-05,3,0.0020768342186058644,0.0018486573795374656,-0.0025154852939517874,0.006669153731163516
tcn,ma,0,all,covariance_minus_electrode,all,macro_auroc,29,0.9013323661850524,0.8978977183642911,0.003434647820761305,3,0.0020768342186058644,0.0018486573795374656,-0.0025154852939517874,0.006669153731163516
tcn,ma,0,all,covariance_minus_electrode,all,macro_auroc,43,0.8936195075489888,0.890795119205508,0.002824388343480755,3,0.0020768342186058644,0.0018486573795374656,-0.0025154852939517874,0.006669153731163516
tcn,ma,0,all,covariance_minus_electrode,all,macro_ap,17,0.7715474624243981,0.7670125678922659,0.004534894532132183,3,0.005884049325223684,0.0013115957200532553,0.00262586493450944,0.009142233715937927
tcn,ma,0,all,covariance_minus_electrode,all,macro_ap,29,0.7748507978774194,0.7676962522508729,0.0071545456265464935,3,0.005884049325223684,0.0013115957200532553,0.00262586493450944,0.009142233715937927
tcn,ma,0,all,covariance_minus_electrode,all,macro_ap,43,0.7627686518664653,0.7568059440494729,0.005962707816992374,3,0.005884049325223684,0.0013115957200532553,0.00262586493450944,0.009142233715937927
tcn,ma,0,all,covariance_minus_electrode,all,macro_f1,17,0.6782873086920869,0.6782990934757411,-1.1784783654267272e-05,3,0.0012372546330580898,0.0012207235759484295,-0.001795190837540543,0.0042697001036567225
tcn,ma,0,all,covariance_minus_electrode,all,macro_f1,29,0.6769276424951619,0.6745001019029864,0.0024275405921755366,3,0.0012372546330580898,0.0012207235759484295,-0.001795190837540543,0.0042697001036567225
tcn,ma,0,all,covariance_minus_electrode,all,macro_f1,43,0.6789980477943262,0.6777020397036732,0.0012960080906530003,3,0.0012372546330580898,0.0012207235759484295,-0.001795190837540543,0.0042697001036567225
tcn,ma,0,all,noisy_minus_clean,covariance,macro_auroc,17,0.8957086968915945,0.9169105801910707,-0.021201883299476254,3,-0.021973811723785024,0.001840566485206699,-0.02654603234061408,-0.01740159110695597
tcn,ma,0,all,noisy_minus_clean,covariance,macro_auroc,29,0.9013323661850524,0.9219772719022072,-0.020644905717154827,3,-0.021973811723785024,0.001840566485206699,-0.02654603234061408,-0.01740159110695597
tcn,ma,0,all,noisy_minus_clean,covariance,macro_auroc,43,0.8936195075489888,0.9176941537037128,-0.02407464615472399,3,-0.021973811723785024,0.001840566485206699,-0.02654603234061408,-0.01740159110695597
tcn,ma,0,all,noisy_minus_clean,covariance,macro_ap,17,0.7715474624243981,0.8060205715522081,-0.03447310912780999,3,-0.0392353635945187,0.005010906299877568,-0.05168314490393762,-0.02678758228509978
tcn,ma,0,all,noisy_minus_clean,covariance,macro_ap,29,0.7748507978774194,0.8136212596748911,-0.03877046179747168,3,-0.0392353635945187,0.005010906299877568,-0.05168314490393762,-0.02678758228509978
tcn,ma,0,all,noisy_minus_clean,covariance,macro_ap,43,0.7627686518664653,0.8072311717247397,-0.04446251985827443,3,-0.0392353635945187,0.005010906299877568,-0.05168314490393762,-0.02678758228509978
tcn,ma,0,all,noisy_minus_clean,covariance,macro_f1,17,0.6782873086920869,0.7327948473044128,-0.054507538612325934,3,-0.06251372929706693,0.010294808511890364,-0.08808745135638517,-0.03694000723774869
tcn,ma,0,all,noisy_minus_clean,covariance,macro_f1,29,0.6769276424951619,0.7510542480339528,-0.07412660553879091,3,-0.06251372929706693,0.010294808511890364,-0.08808745135638517,-0.03694000723774869
tcn,ma,0,all,noisy_minus_clean,covariance,macro_f1,43,0.6789980477943262,0.7379050915344101,-0.05890704374008393,3,-0.06251372929706693,0.010294808511890364,-0.08808745135638517,-0.03694000723774869
tcn,ma,0,all,noisy_minus_clean,electrode,macro_auroc,17,0.895737230400019,0.9169105801910707,-0.021173349791051788,3,-0.024050645942390887,0.0028629518120709954,-0.031162612505592255,-0.016938679379189518
tcn,ma,0,all,noisy_minus_clean,electrode,macro_auroc,29,0.8978977183642911,0.9219772719022072,-0.024079553537916132,3,-0.024050645942390887,0.0028629518120709954,-0.031162612505592255,-0.016938679379189518
tcn,ma,0,all,noisy_minus_clean,electrode,macro_auroc,43,0.890795119205508,0.9176941537037128,-0.026899034498204744,3,-0.024050645942390887,0.0028629518120709954,-0.031162612505592255,-0.016938679379189518
tcn,ma,0,all,noisy_minus_clean,electrode,macro_ap,17,0.7670125678922659,0.8060205715522081,-0.03900800365994217,3,-0.045119412919742384,0.005751085804699483,-0.05940590205053132,-0.03083292378895345
tcn,ma,0,all,noisy_minus_clean,electrode,macro_ap,29,0.7676962522508729,0.8136212596748911,-0.04592500742401817,3,-0.045119412919742384,0.005751085804699483,-0.05940590205053132,-0.03083292378895345
tcn,ma,0,all,noisy_minus_clean,electrode,macro_ap,43,0.7568059440494729,0.8072311717247397,-0.050425227675266804,3,-0.045119412919742384,0.005751085804699483,-0.05940590205053132,-0.03083292378895345
tcn,ma,0,all,noisy_minus_clean,electrode,macro_f1,17,0.6782990934757411,0.7327948473044128,-0.05449575382867167,3,-0.06375098393012502,0.01144919361251637,-0.09219235755175548,-0.035309610308494555
tcn,ma,0,all,noisy_minus_clean,electrode,macro_f1,29,0.6745001019029864,0.7510542480339528,-0.07655414613096645,3,-0.06375098393012502,0.01144919361251637,-0.09219235755175548,-0.035309610308494555
tcn,ma,0,all,noisy_minus_clean,electrode,macro_f1,43,0.6777020397036732,0.7379050915344101,-0.06020305183073693,3,-0.06375098393012502,0.01144919361251637,-0.09219235755175548,-0.035309610308494555
tcn,ma,0,all,noisy_minus_clean,independent,macro_auroc,17,0.8895223820203508,0.9169105801910707,-0.027388198170719913,3,-0.022588366684575794,0.004394079448496852,-0.03350386515087865,-0.01167286821827294
tcn,ma,0,all,noisy_minus_clean,independent,macro_auroc,29,0.9003643394837558,0.9219772719022072,-0.021612932418451414,3,-0.022588366684575794,0.004394079448496852,-0.03350386515087865,-0.01167286821827294
tcn,ma,0,all,noisy_minus_clean,independent,macro_auroc,43,0.8989301842391567,0.9176941537037128,-0.018763969464556052,3,-0.022588366684575794,0.004394079448496852,-0.03350386515087865,-0.01167286821827294
tcn,ma,0,all,noisy_minus_clean,independent,macro_ap,17,0.7559093793282349,0.8060205715522081,-0.0501111922239732,3,-0.04123209640470186,0.008221267887263213,-0.06165485800160128,-0.020809334807802435
tcn,ma,0,all,noisy_minus_clean,independent,macro_ap,29,0.7739200192490261,0.8136212596748911,-0.03970124042586498,3,-0.04123209640470186,0.008221267887263213,-0.06165485800160128,-0.020809334807802435
tcn,ma,0,all,noisy_minus_clean,independent,macro_ap,43,0.7733473151604723,0.8072311717247397,-0.0338838565642674,3,-0.04123209640470186,0.008221267887263213,-0.06165485800160128,-0.020809334807802435
tcn,ma,0,all,noisy_minus_clean,independent,macro_f1,17,0.676987925052692,0.7327948473044128,-0.05580692225172079,3,-0.06009524060146706,0.01414215407160904,-0.09522629885569919,-0.024964182347234916
tcn,ma,0,all,noisy_minus_clean,independent,macro_f1,29,0.6751690332917137,0.7510542480339528,-0.07588521474223908,3,-0.06009524060146706,0.01414215407160904,-0.09522629885569919,-0.024964182347234916
tcn,ma,0,all,noisy_minus_clean,independent,macro_f1,43,0.6893115067239688,0.7379050915344101,-0.04859358481044129,3,-0.06009524060146706,0.01414215407160904,-0.09522629885569919,-0.024964182347234916
tcn,ma,0,all,noisy_minus_clean,independent_rms,macro_auroc,17,0.891727560406973,0.9169105801910707,-0.02518301978409776,3,-0.022719206125644115,0.002887405254569629,-0.029891918407537705,-0.015546493843750526
tcn,ma,0,all,noisy_minus_clean,independent_rms,macro_auroc,29,0.8985446382395615,0.9219772719022072,-0.023432633662645697,3,-0.022719206125644115,0.002887405254569629,-0.029891918407537705,-0.015546493843750526
tcn,ma,0,all,noisy_minus_clean,independent_rms,macro_auroc,43,0.8981521887735239,0.9176941537037128,-0.019541964930188893,3,-0.022719206125644115,0.002887405254569629,-0.029891918407537705,-0.015546493843750526
tcn,ma,0,all,noisy_minus_clean,independent_rms,macro_ap,17,0.7610922944372336,0.8060205715522081,-0.04492827711497449,3,-0.0404485296427648,0.005111754078146963,-0.05314683072132585,-0.02775022856420374
tcn,ma,0,all,noisy_minus_clean,independent_rms,macro_ap,29,0.7720841015984293,0.8136212596748911,-0.041537158076461744,3,-0.0404485296427648,0.005111754078146963,-0.05314683072132585,-0.02775022856420374
tcn,ma,0,all,noisy_minus_clean,independent_rms,macro_ap,43,0.7723510179878815,0.8072311717247397,-0.034880153736858155,3,-0.0404485296427648,0.005111754078146963,-0.05314683072132585,-0.02775022856420374
tcn,ma,0,all,noisy_minus_clean,independent_rms,macro_f1,17,0.6781603282756657,0.7327948473044128,-0.05463451902874705,3,-0.06745724223570286,0.02071393098462279,-0.11891349935256032,-0.0160009851188454
tcn,ma,0,all,noisy_minus_clean,independent_rms,macro_f1,29,0.6596999281955896,0.7510542480339528,-0.09135431983836317,3,-0.06745724223570286,0.02071393098462279,-0.11891349935256032,-0.0160009851188454
tcn,ma,0,all,noisy_minus_clean,independent_rms,macro_f1,43,0.6815222036944117,0.7379050915344101,-0.05638288783999834,3,-0.06745724223570286,0.02071393098462279,-0.11891349935256032,-0.0160009851188454
tcn,ma,10,all,electrode_minus_independent_rms,all,macro_auroc,17,0.9147385557383216,0.9149896826525662,-0.00025112691424455935,3,-0.0010502504474998824,0.0008050149464059248,-0.0030500184343647298,0.0009495175393649648
tcn,ma,10,all,electrode_minus_independent_rms,all,macro_auroc,29,0.9190996143422973,0.9201382085511222,-0.0010385942088249056,3,-0.0010502504474998824,0.0008050149464059248,-0.0030500184343647298,0.0009495175393649648
tcn,ma,10,all,electrode_minus_independent_rms,all,macro_auroc,43,0.9144392962863298,0.91630032650576,-0.001861030219430182,3,-0.0010502504474998824,0.0008050149464059248,-0.0030500184343647298,0.0009495175393649648
tcn,ma,10,all,electrode_minus_independent_rms,all,macro_ap,17,0.802913997965691,0.8039677430220799,-0.0010537450563888884,3,-0.0019555359646602857,0.0014782852523312245,-0.005627800108655125,0.0017167281793345535
tcn,ma,10,all,electrode_minus_independent_rms,all,macro_ap,29,0.8111333713776961,0.8122846505525076,-0.0011512791748115037,3,-0.0019555359646602857,0.0014782852523312245,-0.005627800108655125,0.0017167281793345535
tcn,ma,10,all,electrode_minus_independent_rms,all,macro_ap,43,0.8016478686631322,0.8053094523259127,-0.0036615836627804654,3,-0.0019555359646602857,0.0014782852523312245,-0.005627800108655125,0.0017167281793345535
tcn,ma,10,all,electrode_minus_independent_rms,all,macro_f1,17,0.7271546422691195,0.7280344237308526,-0.0008797814617330646,3,-0.0011921479546093867,0.0010011935906916064,-0.003679250709978309,0.0012949548007595358
tcn,ma,10,all,electrode_minus_independent_rms,all,macro_f1,29,0.7412556863638038,0.7416400626973196,-0.00038437633351584566,3,-0.0011921479546093867,0.0010011935906916064,-0.003679250709978309,0.0012949548007595358
tcn,ma,10,all,electrode_minus_independent_rms,all,macro_f1,43,0.7305702961446011,0.7328825822131804,-0.00231228606857925,3,-0.0011921479546093867,0.0010011935906916064,-0.003679250709978309,0.0012949548007595358
tcn,ma,10,all,electrode_minus_independent,all,macro_auroc,17,0.9147385557383216,0.9146849161362716,5.363960205007068e-05,3,-0.0007780642899952728,0.0007765212673896061,-0.00270705005427005,0.0011509214742795048
tcn,ma,10,all,electrode_minus_independent,all,macro_auroc,29,0.9190996143422973,0.9200033810381194,-0.0009037666958221502,3,-0.0007780642899952728,0.0007765212673896061,-0.00270705005427005,0.0011509214742795048
tcn,ma,10,all,electrode_minus_independent,all,macro_auroc,43,0.9144392962863298,0.9159233620625435,-0.0014840657762137388,3,-0.0007780642899952728,0.0007765212673896061,-0.00270705005427005,0.0011509214742795048
tcn,ma,10,all,electrode_minus_independent,all,macro_ap,17,0.802913997965691,0.8032074178240011,-0.00029341985831010664,3,-0.0014589388210364633,0.001147044588006194,-0.004308355539126459,0.0013904778970535321
tcn,ma,10,all,electrode_minus_independent,all,macro_ap,29,0.8111333713776961,0.8126301977249373,-0.0014968263472411314,3,-0.0014589388210364633,0.001147044588006194,-0.004308355539126459,0.0013904778970535321
tcn,ma,10,all,electrode_minus_independent,all,macro_ap,43,0.8016478686631322,0.8042344389206904,-0.0025865702575581517,3,-0.0014589388210364633,0.001147044588006194,-0.004308355539126459,0.0013904778970535321
tcn,ma,10,all,electrode_minus_independent,all,macro_f1,17,0.7271546422691195,0.7327196867543742,-0.005565044485254633,3,-0.0017794507040279628,0.004365796123212796,-0.01262468949537986,0.009065788087323935
tcn,ma,10,all,electrode_minus_independent,all,macro_f1,29,0.7412556863638038,0.7382592627273199,0.0029964236364838914,3,-0.0017794507040279628,0.004365796123212796,-0.01262468949537986,0.009065788087323935
tcn,ma,10,all,electrode_minus_independent,all,macro_f1,43,0.7305702961446011,0.7333400274079143,-0.0027697312633131466,3,-0.0017794507040279628,0.004365796123212796,-0.01262468949537986,0.009065788087323935
tcn,ma,10,all,covariance_minus_electrode,all,macro_auroc,17,0.9144701936675004,0.9147385557383216,-0.00026836207082125973,3,0.0006935373534771028,0.0008958291772166796,-0.001531825688905543,0.0029189003958597485
tcn,ma,10,all,covariance_minus_electrode,all,macro_auroc,29,0.9199445986948792,0.9190996143422973,0.0008449843525819567,3,0.0006935373534771028,0.0008958291772166796,-0.001531825688905543,0.0029189003958597485
tcn,ma,10,all,covariance_minus_electrode,all,macro_auroc,43,0.9159432860650004,0.9144392962863298,0.0015039897786706113,3,0.0006935373534771028,0.0008958291772166796,-0.001531825688905543,0.0029189003958597485
tcn,ma,10,all,covariance_minus_electrode,all,macro_ap,17,0.8041183401970813,0.802913997965691,0.0012043422313903207,3,0.0020497428639211592,0.0012846685666383665,-0.0011415507695259012,0.00524103649736822
tcn,ma,10,all,covariance_minus_electrode,all,macro_ap,29,0.8125501883674175,0.8111333713776961,0.0014168169897214034,3,0.0020497428639211592,0.0012846685666383665,-0.0011415507695259012,0.00524103649736822
tcn,ma,10,all,covariance_minus_electrode,all,macro_ap,43,0.805175938033784,0.8016478686631322,0.003528069370651754,3,0.0020497428639211592,0.0012846685666383665,-0.0011415507695259012,0.00524103649736822
tcn,ma,10,all,covariance_minus_electrode,all,macro_f1,17,0.7266342779147961,0.7271546422691195,-0.0005203643543234548,3,0.0023620502309865308,0.002700510873030263,-0.004346390669616619,0.00907049113158968
tcn,ma,10,all,covariance_minus_electrode,all,macro_f1,29,0.7460892465585808,0.7412556863638038,0.004833560194776987,3,0.0023620502309865308,0.002700510873030263,-0.004346390669616619,0.00907049113158968
tcn,ma,10,all,covariance_minus_electrode,all,macro_f1,43,0.7333432509971072,0.7305702961446011,0.00277295485250606,3,0.0023620502309865308,0.002700510873030263,-0.004346390669616619,0.00907049113158968
tcn,ma,10,all,noisy_minus_clean,covariance,macro_auroc,17,0.9144701936675004,0.9169105801910707,-0.0024403865235703703,3,-0.002074642456536916,0.0003466700687300971,-0.002935818647793757,-0.001213466265280075
tcn,ma,10,all,noisy_minus_clean,covariance,macro_auroc,29,0.9199445986948792,0.9219772719022072,-0.0020326732073280285,3,-0.002074642456536916,0.0003466700687300971,-0.002935818647793757,-0.001213466265280075
tcn,ma,10,all,noisy_minus_clean,covariance,macro_auroc,43,0.9159432860650004,0.9176941537037128,-0.00175086763871235,3,-0.002074642456536916,0.0003466700687300971,-0.002935818647793757,-0.001213466265280075
tcn,ma,10,all,noisy_minus_clean,covariance,macro_ap,17,0.8041183401970813,0.8060205715522081,-0.0019022313551267933,3,-0.001676178784518682,0.0005295929784034558,-0.0029917606740325815,-0.00036059689500478245
tcn,ma,10,all,noisy_minus_clean,covariance,macro_ap,29,0.8125501883674175,0.8136212596748911,-0.0010710713074735256,3,-0.001676178784518682,0.0005295929784034558,-0.0029917606740325815,-0.00036059689500478245
tcn,ma,10,all,noisy_minus_clean,covariance,macro_ap,43,0.805175938033784,0.8072311717247397,-0.0020552336909557267,3,-0.001676178784518682,0.0005295929784034558,-0.0029917606740325815,-0.00036059689500478245
tcn,ma,10,all,noisy_minus_clean,covariance,macro_f1,17,0.7266342779147961,0.7327948473044128,-0.006160569389616732,3,-0.005229137134097228,0.0008314500709380027,-0.007294573610726212,-0.003163700657468244
tcn,ma,10,all,noisy_minus_clean,covariance,macro_f1,29,0.7460892465585808,0.7510542480339528,-0.004965001475372044,3,-0.005229137134097228,0.0008314500709380027,-0.007294573610726212,-0.003163700657468244
tcn,ma,10,all,noisy_minus_clean,covariance,macro_f1,43,0.7333432509971072,0.7379050915344101,-0.004561840537302908,3,-0.005229137134097228,0.0008314500709380027,-0.007294573610726212,-0.003163700657468244
tcn,ma,10,all,noisy_minus_clean,electrode,macro_auroc,17,0.9147385557383216,0.9169105801910707,-0.0021720244527491106,3,-0.002768179810014019,0.000549655201572901,-0.004133599024684071,-0.001402760595343967
tcn,ma,10,all,noisy_minus_clean,electrode,macro_auroc,29,0.9190996143422973,0.9219772719022072,-0.002877657559909985,3,-0.002768179810014019,0.000549655201572901,-0.004133599024684071,-0.001402760595343967
tcn,ma,10,all,noisy_minus_clean,electrode,macro_auroc,43,0.9144392962863298,0.9176941537037128,-0.0032548574173829614,3,-0.002768179810014019,0.000549655201572901,-0.004133599024684071,-0.001402760595343967
tcn,ma,10,all,noisy_minus_clean,electrode,macro_ap,17,0.802913997965691,0.8060205715522081,-0.003106573586517114,3,-0.0037259216484398414,0.0016380146999619334,-0.007794975736966256,0.00034313244008657385
tcn,ma,10,all,noisy_minus_clean,electrode,macro_ap,29,0.8111333713776961,0.8136212596748911,-0.002487888297194929,3,-0.0037259216484398414,0.0016380146999619334,-0.007794975736966256,0.00034313244008657385
tcn,ma,10,all,noisy_minus_clean,electrode,macro_ap,43,0.8016478686631322,0.8072311717247397,-0.005583303061607481,3,-0.0037259216484398414,0.0016380146999619334,-0.007794975736966256,0.00034313244008657385
tcn,ma,10,all,noisy_minus_clean,electrode,macro_f1,17,0.7271546422691195,0.7327948473044128,-0.0056402050352932775,3,-0.0075911873650837585,0.0020910009826399407,-0.012785521761302262,-0.002396852968865254
tcn,ma,10,all,noisy_minus_clean,electrode,macro_f1,29,0.7412556863638038,0.7510542480339528,-0.00979856167014903,3,-0.0075911873650837585,0.0020910009826399407,-0.012785521761302262,-0.002396852968865254
tcn,ma,10,all,noisy_minus_clean,electrode,macro_f1,43,0.7305702961446011,0.7379050915344101,-0.007334795389808968,3,-0.0075911873650837585,0.0020910009826399407,-0.012785521761302262,-0.002396852968865254
tcn,ma,10,all,noisy_minus_clean,independent,macro_auroc,17,0.9146849161362716,0.9169105801910707,-0.0022256640547991813,3,-0.001990115520018746,0.00022786982636023446,-0.0025561755490431893,-0.001424055490994303
tcn,ma,10,all,noisy_minus_clean,independent,macro_auroc,29,0.9200033810381194,0.9219772719022072,-0.001973890864087835,3,-0.001990115520018746,0.00022786982636023446,-0.0025561755490431893,-0.001424055490994303
tcn,ma,10,all,noisy_minus_clean,independent,macro_auroc,43,0.9159233620625435,0.9176941537037128,-0.0017707916411692226,3,-0.001990115520018746,0.00022786982636023446,-0.0025561755490431893,-0.001424055490994303
tcn,ma,10,all,noisy_minus_clean,independent,macro_ap,17,0.8032074178240011,0.8060205715522081,-0.0028131537282070074,3,-0.002266982827403378,0.0011087857698426512,-0.005021359372487496,0.0004873937176807404
tcn,ma,10,all,noisy_minus_clean,independent,macro_ap,29,0.8126301977249373,0.8136212596748911,-0.0009910619499537976,3,-0.002266982827403378,0.0011087857698426512,-0.005021359372487496,0.0004873937176807404
tcn,ma,10,all,noisy_minus_clean,independent,macro_ap,43,0.8042344389206904,0.8072311717247397,-0.002996732804049329,3,-0.002266982827403378,0.0011087857698426512,-0.005021359372487496,0.0004873937176807404
tcn,ma,10,all,noisy_minus_clean,independent,macro_f1,17,0.7327196867543742,0.7327948473044128,-7.51605500386443e-05,3,-0.005811736661055796,0.006450901469247287,-0.021836664275400007,0.010213190953288417
tcn,ma,10,all,noisy_minus_clean,independent,macro_f1,29,0.7382592627273199,0.7510542480339528,-0.012794985306632922,3,-0.005811736661055796,0.006450901469247287,-0.021836664275400007,0.010213190953288417
tcn,ma,10,all,noisy_minus_clean,independent,macro_f1,43,0.7333400274079143,0.7379050915344101,-0.004565064126495821,3,-0.005811736661055796,0.006450901469247287,-0.021836664275400007,0.010213190953288417
tcn,ma,10,all,noisy_minus_clean,independent_rms,macro_auroc,17,0.9149896826525662,0.9169105801910707,-0.0019208975385045512,3,-0.0017179293625141367,0.00028364743672853657,-0.002422548656924078,-0.0010133100681041954
tcn,ma,10,all,noisy_minus_clean,independent_rms,macro_auroc,29,0.9201382085511222,0.9219772719022072,-0.0018390633510850796,3,-0.0017179293625141367,0.00028364743672853657,-0.002422548656924078,-0.0010133100681041954
tcn,ma,10,all,noisy_minus_clean,independent_rms,macro_auroc,43,0.91630032650576,0.9176941537037128,-0.0013938271979527794,3,-0.0017179293625141367,0.00028364743672853657,-0.002422548656924078,-0.0010133100681041954
tcn,ma,10,all,noisy_minus_clean,independent_rms,macro_ap,17,0.8039677430220799,0.8060205715522081,-0.0020528285301282256,3,-0.0017703856837795555,0.00038133840613047024,-0.0027176827993752807,-0.0008230885681838303
tcn,ma,10,all,noisy_minus_clean,independent_rms,macro_ap,29,0.8122846505525076,0.8136212596748911,-0.0013366091223834253,3,-0.0017703856837795555,0.00038133840613047024,-0.0027176827993752807,-0.0008230885681838303
tcn,ma,10,all,noisy_minus_clean,independent_rms,macro_ap,43,0.8053094523259127,0.8072311717247397,-0.0019217193988270154,3,-0.0017703856837795555,0.00038133840613047024,-0.0027176827993752807,-0.0008230885681838303
tcn,ma,10,all,noisy_minus_clean,independent_rms,macro_f1,17,0.7280344237308526,0.7327948473044128,-0.004760423573560213,3,-0.006399039410474372,0.002614479097603753,-0.012893765533334343,9.568671238559864e-05
tcn,ma,10,all,noisy_minus_clean,independent_rms,macro_f1,29,0.7416400626973196,0.7510542480339528,-0.009414185336633185,3,-0.006399039410474372,0.002614479097603753,-0.012893765533334343,9.568671238559864e-05
tcn,ma,10,all,noisy_minus_clean,independent_rms,macro_f1,43,0.7328825822131804,0.7379050915344101,-0.005022509321229718,3,-0.006399039410474372,0.002614479097603753,-0.012893765533334343,9.568671238559864e-05
tcn,ma,20,all,electrode_minus_independent_rms,all,macro_auroc,17,0.9168767331445912,0.9170030525275076,-0.00012631938291640665,3,-0.0002806240585856064,0.00022178393643900487,-0.0008315658989473491,0.00027031778177613635
tcn,ma,20,all,electrode_minus_independent_rms,all,macro_auroc,29,0.921750003484059,0.9219307751778232,-0.00018077169376418123,3,-0.0002806240585856064,0.00022178393643900487,-0.0008315658989473491,0.00027031778177613635
tcn,ma,20,all,electrode_minus_independent_rms,all,macro_auroc,43,0.9172445955036446,0.9177793766027208,-0.0005347810990762314,3,-0.0002806240585856064,0.00022178393643900487,-0.0008315658989473491,0.00027031778177613635
tcn,ma,20,all,electrode_minus_independent_rms,all,macro_ap,17,0.8060486561635111,0.8065167468011964,-0.00046809063768538106,3,-0.0006199231615852489,0.0005079052776902524,-0.0018816298158769928,0.0006417834927064952
tcn,ma,20,all,electrode_minus_independent_rms,all,macro_ap,29,0.8137989165080824,0.8140041665568649,-0.00020525004878246822,3,-0.0006199231615852489,0.0005079052776902524,-0.0018816298158769928,0.0006417834927064952
tcn,ma,20,all,electrode_minus_independent_rms,all,macro_ap,43,0.8063110217828058,0.8074974505810937,-0.0011864287982878974,3,-0.0006199231615852489,0.0005079052776902524,-0.0018816298158769928,0.0006417834927064952
tcn,ma,20,all,electrode_minus_independent_rms,all,macro_f1,17,0.733893126192245,0.7312598176289773,0.002633308563267711,3,7.375641363157233e-05,0.0022187189857906424,-0.005437847090679106,0.00558535991794225
tcn,ma,20,all,electrode_minus_independent_rms,all,macro_f1,29,0.7501975079764787,0.7514996189113461,-0.0013021109348674287,3,7.375641363157233e-05,0.0022187189857906424,-0.005437847090679106,0.00558535991794225
tcn,ma,20,all,electrode_minus_independent_rms,all,macro_f1,43,0.7379295689386517,0.7390394973261573,-0.0011099283875055654,3,7.375641363157233e-05,0.0022187189857906424,-0.005437847090679106,0.00558535991794225
tcn,ma,20,all,electrode_minus_independent,all,macro_auroc,17,0.9168767331445912,0.9170921778151696,-0.0002154446705784352,3,-0.00025991947124207976,0.00015211310237171408,-0.0006377893652903106,0.00011795042280615111
tcn,ma,20,all,electrode_minus_independent,all,macro_auroc,29,0.921750003484059,0.9218850043500042,-0.00013500086594520067,3,-0.00025991947124207976,0.00015211310237171408,-0.0006377893652903106,0.00011795042280615111
tcn,ma,20,all,electrode_minus_independent,all,macro_auroc,43,0.9172445955036446,0.9176739083808472,-0.00042931287720260336,3,-0.00025991947124207976,0.00015211310237171408,-0.0006377893652903106,0.00011795042280615111
tcn,ma,20,all,electrode_minus_independent,all,macro_ap,17,0.8060486561635111,0.8064963979606924,-0.00044774179718132245,3,-0.0004942451854352455,0.00037290987639819646,-0.00142060467246868,0.00043211430159818885
tcn,ma,20,all,electrode_minus_independent,all,macro_ap,29,0.8137989165080824,0.8139456845756055,-0.00014676806752300653,3,-0.0004942451854352455,0.00037290987639819646,-0.00142060467246868,0.00043211430159818885
tcn,ma,20,all,electrode_minus_independent,all,macro_ap,43,0.8063110217828058,0.8071992474744072,-0.0008882256916014075,3,-0.0004942451854352455,0.00037290987639819646,-0.00142060467246868,0.00043211430159818885
tcn,ma,20,all,electrode_minus_independent,all,macro_f1,17,0.733893126192245,0.7316100211852327,0.0022831050070123426,3,0.0008151995900879486,0.0014536050828827358,-0.0027957556142482716,0.004426154794424169
tcn,ma,20,all,electrode_minus_independent,all,macro_f1,29,0.7501975079764787,0.75082117811281,-0.0006236701363313557,3,0.0008151995900879486,0.0014536050828827358,-0.0027957556142482716,0.004426154794424169
tcn,ma,20,all,electrode_minus_independent,all,macro_f1,43,0.7379295689386517,0.7371434050390688,0.000786163899582859,3,0.0008151995900879486,0.0014536050828827358,-0.0027957556142482716,0.004426154794424169
tcn,ma,20,all,covariance_minus_electrode,all,macro_auroc,17,0.9165613663897968,0.9168767331445912,-0.00031536675479437726,3,-3.7489887553624848e-06,0.000286953867677637,-0.0007165819129771609,0.000709083935466436
tcn,ma,20,all,covariance_minus_electrode,all,macro_auroc,29,0.9218045272409596,0.921750003484059,5.4523756900626275e-05,3,-3.7489887553624848e-06,0.000286953867677637,-0.0007165819129771609,0.000709083935466436
tcn,ma,20,all,covariance_minus_electrode,all,macro_auroc,43,0.9174941915352722,0.9172445955036446,0.00024959603162766353,3,-3.7489887553624848e-06,0.000286953867677637,-0.0007165819129771609,0.000709083935466436
tcn,ma,20,all,covariance_minus_electrode,all,macro_ap,17,0.8056666162773366,0.8060486561635111,-0.0003820398861744678,3,0.00020231779022402327,0.0005826154651309938,-0.0012449792581389026,0.001649614838586949
tcn,ma,20,all,covariance_minus_electrode,all,macro_ap,29,0.8140047344921009,0.8137989165080824,0.00020581798401841933,3,0.00020231779022402327,0.0005826154651309938,-0.0012449792581389026,0.001649614838586949
tcn,ma,20,all,covariance_minus_electrode,all,macro_ap,43,0.8070941970556339,0.8063110217828058,0.0007831752728281183,3,0.00020231779022402327,0.0005826154651309938,-0.0012449792581389026,0.001649614838586949
tcn,ma,20,all,covariance_minus_electrode,all,macro_f1,17,0.731025886061154,0.733893126192245,-0.0028672401310909645,3,-0.0005699428200003723,0.002519003124715424,-0.006827493478045331,0.005687607838044586
tcn,ma,20,all,covariance_minus_electrode,all,macro_f1,29,0.7523212690021925,0.7501975079764787,0.0021237610257138773,3,-0.0005699428200003723,0.002519003124715424,-0.006827493478045331,0.005687607838044586
tcn,ma,20,all,covariance_minus_electrode,all,macro_f1,43,0.7369632195840277,0.7379295689386517,-0.0009663493546240298,3,-0.0005699428200003723,0.002519003124715424,-0.006827493478045331,0.005687607838044586
tcn,ma,20,all,noisy_minus_clean,covariance,macro_auroc,17,0.9165613663897968,0.9169105801910707,-0.00034921380127395096,3,-0.00024064021032070096,9.500719269514248e-05,-0.0004766511605793102,-4.629260062091761e-06
tcn,ma,20,all,noisy_minus_clean,covariance,macro_auroc,29,0.9218045272409596,0.9219772719022072,-0.00017274466124761467,3,-0.00024064021032070096,9.500719269514248e-05,-0.0004766511605793102,-4.629260062091761e-06
tcn,ma,20,all,noisy_minus_clean,covariance,macro_auroc,43,0.9174941915352722,0.9176941537037128,-0.00019996216844053727,3,-0.00024064021032070096,9.500719269514248e-05,-0.0004766511605793102,-4.629260062091761e-06
tcn,ma,20,all,noisy_minus_clean,covariance,macro_ap,17,0.8056666162773366,0.8060205715522081,-0.0003539552748714758,3,-3.581837558915465e-05,0.0003789791972724418,-0.0009772548914908285,0.0009056181403125193
tcn,ma,20,all,noisy_minus_clean,covariance,macro_ap,29,0.8140047344921009,0.8136212596748911,0.0003834748172097946,3,-3.581837558915465e-05,0.0003789791972724418,-0.0009772548914908285,0.0009056181403125193
tcn,ma,20,all,noisy_minus_clean,covariance,macro_ap,43,0.8070941970556339,0.8072311717247397,-0.0001369746691057827,3,-3.581837558915465e-05,0.0003789791972724418,-0.0009772548914908285,0.0009056181403125193
tcn,ma,20,all,noisy_minus_clean,covariance,macro_f1,17,0.731025886061154,0.7327948473044128,-0.0017689612432587598,3,-0.000481270741800488,0.0015695260756496375,-0.004380189655848937,0.0034176481722479612
tcn,ma,20,all,noisy_minus_clean,covariance,macro_f1,29,0.7523212690021925,0.7510542480339528,0.0012670209682397182,3,-0.000481270741800488,0.0015695260756496375,-0.004380189655848937,0.0034176481722479612
tcn,ma,20,all,noisy_minus_clean,covariance,macro_f1,43,0.7369632195840277,0.7379050915344101,-0.0009418719503824224,3,-0.000481270741800488,0.0015695260756496375,-0.004380189655848937,0.0034176481722479612
tcn,ma,20,all,noisy_minus_clean,electrode,macro_auroc,17,0.9168767331445912,0.9169105801910707,-3.3847046479573706e-05,3,-0.00023689122156533848,0.0002080225698420723,-0.0007536479321988434,0.0002798654890681664
tcn,ma,20,all,noisy_minus_clean,electrode,macro_auroc,29,0.921750003484059,0.9219772719022072,-0.00022726841814824095,3,-0.00023689122156533848,0.0002080225698420723,-0.0007536479321988434,0.0002798654890681664
tcn,ma,20,all,noisy_minus_clean,electrode,macro_auroc,43,0.9172445955036446,0.9176941537037128,-0.0004495582000682008,3,-0.00023689122156533848,0.0002080225698420723,-0.0007536479321988434,0.0002798654890681664
tcn,ma,20,all,noisy_minus_clean,electrode,macro_ap,17,0.8060486561635111,0.8060205715522081,2.8084611302992002e-05,3,-0.0002381361658131779,0.0005953570823497381,-0.0017170851460174812,0.0012408128143911253
tcn,ma,20,all,noisy_minus_clean,electrode,macro_ap,29,0.8137989165080824,0.8136212596748911,0.00017765683319137526,3,-0.0002381361658131779,0.0005953570823497381,-0.0017170851460174812,0.0012408128143911253
tcn,ma,20,all,noisy_minus_clean,electrode,macro_ap,43,0.8063110217828058,0.8072311717247397,-0.000920149941933901,3,-0.0002381361658131779,0.0005953570823497381,-0.0017170851460174812,0.0012408128143911253
tcn,ma,20,all,noisy_minus_clean,electrode,macro_f1,17,0.733893126192245,0.7327948473044128,0.0010982788878322047,3,8.867207819988436e-05,0.00097908911047471,-0.0023435201042642873,0.0025208642606640557
tcn,ma,20,all,noisy_minus_clean,electrode,macro_f1,29,0.7501975079764787,0.7510542480339528,-0.000856740057474159,3,8.867207819988436e-05,0.00097908911047471,-0.0023435201042642873,0.0025208642606640557
tcn,ma,20,all,noisy_minus_clean,electrode,macro_f1,43,0.7379295689386517,0.7379050915344101,2.447740424160738e-05,3,8.867207819988436e-05,0.00097908911047471,-0.0023435201042642873,0.0025208642606640557
tcn,ma,20,all,noisy_minus_clean,independent,macro_auroc,17,0.9170921778151696,0.9169105801910707,0.0001815976240988615,3,2.3028249676741257e-05,0.00014196825440270343,-0.00032964044495200875,0.0003756969443054913
tcn,ma,20,all,noisy_minus_clean,independent,macro_auroc,29,0.9218850043500042,0.9219772719022072,-9.226755220304028e-05,3,2.3028249676741257e-05,0.00014196825440270343,-0.00032964044495200875,0.0003756969443054913
tcn,ma,20,all,noisy_minus_clean,independent,macro_auroc,43,0.9176739083808472,0.9176941537037128,-2.0245322865597437e-05,3,2.3028249676741257e-05,0.00014196825440270343,-0.00032964044495200875,0.0003756969443054913
tcn,ma,20,all,noisy_minus_clean,independent,macro_ap,17,0.8064963979606924,0.8060205715522081,0.00047582640848431446,3,0.0002561090196220676,0.0002606779192591694,-0.00039145083022221796,0.0009036688694663531
tcn,ma,20,all,noisy_minus_clean,independent,macro_ap,29,0.8139456845756055,0.8136212596748911,0.0003244249007143818,3,0.0002561090196220676,0.0002606779192591694,-0.00039145083022221796,0.0009036688694663531
tcn,ma,20,all,noisy_minus_clean,independent,macro_ap,43,0.8071992474744072,0.8072311717247397,-3.1924250332493465e-05,3,0.0002561090196220676,0.0002606779192591694,-0.00039145083022221796,0.0009036688694663531
tcn,ma,20,all,noisy_minus_clean,independent,macro_f1,17,0.7316100211852327,0.7327948473044128,-0.001184826119180138,3,-0.0007265275118880643,0.0004768512144408533,-0.001911091596559852,0.00045803657278372344
tcn,ma,20,all,noisy_minus_clean,independent,macro_f1,29,0.75082117811281,0.7510542480339528,-0.00023306992114280334,3,-0.0007265275118880643,0.0004768512144408533,-0.001911091596559852,0.00045803657278372344
tcn,ma,20,all,noisy_minus_clean,independent,macro_f1,43,0.7371434050390688,0.7379050915344101,-0.0007616864953412517,3,-0.0007265275118880643,0.0004768512144408533,-0.001911091596559852,0.00045803657278372344
tcn,ma,20,all,noisy_minus_clean,independent_rms,macro_auroc,17,0.9170030525275076,0.9169105801910707,9.247233643683295e-05,3,4.3732837020267944e-05,7.822511680509997e-05,-0.00015058912563894726,0.00023805479967948316
tcn,ma,20,all,noisy_minus_clean,independent_rms,macro_auroc,29,0.9219307751778232,0.9219772719022072,-4.649672438405972e-05,3,4.3732837020267944e-05,7.822511680509997e-05,-0.00015058912563894726,0.00023805479967948316
tcn,ma,20,all,noisy_minus_clean,independent_rms,macro_auroc,43,0.9177793766027208,0.9176941537037128,8.52228990080306e-05,3,4.3732837020267944e-05,7.822511680509997e-05,-0.00015058912563894726,0.00023805479967948316
tcn,ma,20,all,noisy_minus_clean,independent_rms,macro_ap,17,0.8065167468011964,0.8060205715522081,0.0004961752489883731,3,0.000381786995772071,0.00011495228769103971,9.622968287032466e-05,0.0006673443086738172
tcn,ma,20,all,noisy_minus_clean,independent_rms,macro_ap,29,0.8140041665568649,0.8136212596748911,0.0003829068819738435,3,0.000381786995772071,0.00011495228769103971,9.622968287032466e-05,0.0006673443086738172
tcn,ma,20,all,noisy_minus_clean,independent_rms,macro_ap,43,0.8074974505810937,0.8072311717247397,0.0002662788563539964,3,0.000381786995772071,0.00011495228769103971,9.622968287032466e-05,0.0006673443086738172
tcn,ma,20,all,noisy_minus_clean,independent_rms,macro_f1,17,0.7312598176289773,0.7327948473044128,-0.0015350296754355064,3,1.4915664568312023e-05,0.0013857994790190018,-0.00342760108214409,0.003457432411280714
tcn,ma,20,all,noisy_minus_clean,independent_rms,macro_f1,29,0.7514996189113461,0.7510542480339528,0.00044537087739326964,3,1.4915664568312023e-05,0.0013857994790190018,-0.00342760108214409,0.003457432411280714
tcn,ma,20,all,noisy_minus_clean,independent_rms,macro_f1,43,0.7390394973261573,0.7379050915344101,0.0011344057917471728,3,1.4915664568312023e-05,0.0013857994790190018,-0.00342760108214409,0.003457432411280714
