model,kind,snr,condition,active,metric,outcome,noise_seed,n_training_seeds,mean_over_training_seeds
resnet,bandpass,0,covariance,all,ap_CD,absolute,101,3,0.6922685241182935
resnet,bandpass,0,covariance,all,ap_CD,absolute,202,3,0.6955708800890822
resnet,bandpass,0,covariance,all,ap_CD,absolute,303,3,0.7045895478834153
resnet,bandpass,0,covariance,all,ap_CD,absolute,404,3,0.698322113242548
resnet,bandpass,0,covariance,all,ap_CD,absolute,505,3,0.6980865532164091
resnet,bandpass,0,covariance,all,ap_CD,clean_drop,101,3,0.11432035851712112
resnet,bandpass,0,covariance,all,ap_CD,clean_drop,202,3,0.11101800254633243
resnet,bandpass,0,covariance,all,ap_CD,clean_drop,303,3,0.1019993347519994
resnet,bandpass,0,covariance,all,ap_CD,clean_drop,404,3,0.10826676939286654
resnet,bandpass,0,covariance,all,ap_CD,clean_drop,505,3,0.10850232941900555
resnet,bandpass,0,covariance,all,ap_CD,normalized_robustness,101,3,0.8583927862102043
resnet,bandpass,0,covariance,all,ap_CD,normalized_robustness,202,3,0.8625100996460792
resnet,bandpass,0,covariance,all,ap_CD,normalized_robustness,303,3,0.8736693886849017
resnet,bandpass,0,covariance,all,ap_CD,normalized_robustness,404,3,0.8658728906239176
resnet,bandpass,0,covariance,all,ap_CD,normalized_robustness,505,3,0.8655492464123897
resnet,bandpass,0,covariance,all,ap_HYP,absolute,101,3,0.5426130708541699
resnet,bandpass,0,covariance,all,ap_HYP,absolute,202,3,0.5420756144507514
resnet,bandpass,0,covariance,all,ap_HYP,absolute,303,3,0.5421777938657416
resnet,bandpass,0,covariance,all,ap_HYP,absolute,404,3,0.542670468023101
resnet,bandpass,0,covariance,all,ap_HYP,absolute,505,3,0.5453628425005479
resnet,bandpass,0,covariance,all,ap_HYP,clean_drop,101,3,0.09898887012715467
resnet,bandpass,0,covariance,all,ap_HYP,clean_drop,202,3,0.09952632653057307
resnet,bandpass,0,covariance,all,ap_HYP,clean_drop,303,3,0.0994241471155829
resnet,bandpass,0,covariance,all,ap_HYP,clean_drop,404,3,0.09893147295822342
resnet,bandpass,0,covariance,all,ap_HYP,clean_drop,505,3,0.09623909848077661
resnet,bandpass,0,covariance,all,ap_HYP,normalized_robustness,101,3,0.8458228316693909
resnet,bandpass,0,covariance,all,ap_HYP,normalized_robustness,202,3,0.8452406789389143
resnet,bandpass,0,covariance,all,ap_HYP,normalized_robustness,303,3,0.8455039262931225
resnet,bandpass,0,covariance,all,ap_HYP,normalized_robustness,404,3,0.8460358341423383
resnet,bandpass,0,covariance,all,ap_HYP,normalized_robustness,505,3,0.8506878141077799
resnet,bandpass,0,covariance,all,ap_MI,absolute,101,3,0.5327394116692566
resnet,bandpass,0,covariance,all,ap_MI,absolute,202,3,0.5389822338355795
resnet,bandpass,0,covariance,all,ap_MI,absolute,303,3,0.5367019086060294
resnet,bandpass,0,covariance,all,ap_MI,absolute,404,3,0.539454107857421
resnet,bandpass,0,covariance,all,ap_MI,absolute,505,3,0.547798059558318
resnet,bandpass,0,covariance,all,ap_MI,clean_drop,101,3,0.23037063719577175
resnet,bandpass,0,covariance,all,ap_MI,clean_drop,202,3,0.22412781502944892
resnet,bandpass,0,covariance,all,ap_MI,clean_drop,303,3,0.22640814025899902
resnet,bandpass,0,covariance,all,ap_MI,clean_drop,404,3,0.22365594100760747
resnet,bandpass,0,covariance,all,ap_MI,clean_drop,505,3,0.2153119893067105
resnet,bandpass,0,covariance,all,ap_MI,normalized_robustness,101,3,0.6971122293723565
resnet,bandpass,0,covariance,all,ap_MI,normalized_robustness,202,3,0.7052451287911198
resnet,bandpass,0,covariance,all,ap_MI,normalized_robustness,303,3,0.7024996229202433
resnet,bandpass,0,covariance,all,ap_MI,normalized_robustness,404,3,0.7061875588565449
resnet,bandpass,0,covariance,all,ap_MI,normalized_robustness,505,3,0.7167262292073314
resnet,bandpass,0,covariance,all,ap_NORM,absolute,101,3,0.7909949257307711
resnet,bandpass,0,covariance,all,ap_NORM,absolute,202,3,0.7977389505367997
resnet,bandpass,0,covariance,all,ap_NORM,absolute,303,3,0.8015485199475658
resnet,bandpass,0,covariance,all,ap_NORM,absolute,404,3,0.7955826549202832
resnet,bandpass,0,covariance,all,ap_NORM,absolute,505,3,0.793988064309762
resnet,bandpass,0,covariance,all,ap_NORM,clean_drop,101,3,0.11606529596687536
resnet,bandpass,0,covariance,all,ap_NORM,clean_drop,202,3,0.10932127116084685
resnet,bandpass,0,covariance,all,ap_NORM,clean_drop,303,3,0.10551170175008069
resnet,bandpass,0,covariance,all,ap_NORM,clean_drop,404,3,0.11147756677736338
resnet,bandpass,0,covariance,all,ap_NORM,clean_drop,505,3,0.11307215738788456
resnet,bandpass,0,covariance,all,ap_NORM,normalized_robustness,101,3,0.8718962650541
resnet,bandpass,0,covariance,all,ap_NORM,normalized_robustness,202,3,0.8794252025112977
resnet,bandpass,0,covariance,all,ap_NORM,normalized_robustness,303,3,0.8836293854548112
resnet,bandpass,0,covariance,all,ap_NORM,normalized_robustness,404,3,0.8769949511956602
resnet,bandpass,0,covariance,all,ap_NORM,normalized_robustness,505,3,0.8752369533478997
resnet,bandpass,0,covariance,all,ap_STTC,absolute,101,3,0.597381778550217
resnet,bandpass,0,covariance,all,ap_STTC,absolute,202,3,0.603322399786063
resnet,bandpass,0,covariance,all,ap_STTC,absolute,303,3,0.5917980359706664
resnet,bandpass,0,covariance,all,ap_STTC,absolute,404,3,0.6062075396890373
resnet,bandpass,0,covariance,all,ap_STTC,absolute,505,3,0.5903898102170863
resnet,bandpass,0,covariance,all,ap_STTC,clean_drop,101,3,0.2146018333620345
resnet,bandpass,0,covariance,all,ap_STTC,clean_drop,202,3,0.20866121212618857
resnet,bandpass,0,covariance,all,ap_STTC,clean_drop,303,3,0.22018557594158517
resnet,bandpass,0,covariance,all,ap_STTC,clean_drop,404,3,0.20577607222321428
resnet,bandpass,0,covariance,all,ap_STTC,clean_drop,505,3,0.22159380169516527
resnet,bandpass,0,covariance,all,ap_STTC,normalized_robustness,101,3,0.7353454731475381
resnet,bandpass,0,covariance,all,ap_STTC,normalized_robustness,202,3,0.7427072651047882
resnet,bandpass,0,covariance,all,ap_STTC,normalized_robustness,303,3,0.7284153456042118
resnet,bandpass,0,covariance,all,ap_STTC,normalized_robustness,404,3,0.7461459157531452
resnet,bandpass,0,covariance,all,ap_STTC,normalized_robustness,505,3,0.7268328497165101
resnet,bandpass,0,covariance,all,auroc_CD,absolute,101,3,0.8285230904597389
resnet,bandpass,0,covariance,all,auroc_CD,absolute,202,3,0.8298186535201791
resnet,bandpass,0,covariance,all,auroc_CD,absolute,303,3,0.8299520916631083
resnet,bandpass,0,covariance,all,auroc_CD,absolute,404,3,0.8256181825239702
resnet,bandpass,0,covariance,all,auroc_CD,absolute,505,3,0.8299066013871097
resnet,bandpass,0,covariance,all,auroc_CD,clean_drop,101,3,0.06972587761862237
resnet,bandpass,0,covariance,all,auroc_CD,clean_drop,202,3,0.06843031455818227
resnet,bandpass,0,covariance,all,auroc_CD,clean_drop,303,3,0.06829687641525299
resnet,bandpass,0,covariance,all,auroc_CD,clean_drop,404,3,0.07263078555439095
resnet,bandpass,0,covariance,all,auroc_CD,clean_drop,505,3,0.0683423666912516
resnet,bandpass,0,covariance,all,auroc_CD,normalized_robustness,101,3,0.9224418403334383
resnet,bandpass,0,covariance,all,auroc_CD,normalized_robustness,202,3,0.9238783284595818
resnet,bandpass,0,covariance,all,auroc_CD,normalized_robustness,303,3,0.924030523644895
resnet,bandpass,0,covariance,all,auroc_CD,normalized_robustness,404,3,0.9192153576184726
resnet,bandpass,0,covariance,all,auroc_CD,normalized_robustness,505,3,0.9239591469452044
resnet,bandpass,0,covariance,all,auroc_HYP,absolute,101,3,0.84721484094008
resnet,bandpass,0,covariance,all,auroc_HYP,absolute,202,3,0.8486910973685058
resnet,bandpass,0,covariance,all,auroc_HYP,absolute,303,3,0.847429569147851
resnet,bandpass,0,covariance,all,auroc_HYP,absolute,404,3,0.8483347827487356
resnet,bandpass,0,covariance,all,auroc_HYP,absolute,505,3,0.8438483052576201
resnet,bandpass,0,covariance,all,auroc_HYP,clean_drop,101,3,0.04563444133088538
resnet,bandpass,0,covariance,all,auroc_HYP,clean_drop,202,3,0.04415818490245967
resnet,bandpass,0,covariance,all,auroc_HYP,clean_drop,303,3,0.04541971312311458
resnet,bandpass,0,covariance,all,auroc_HYP,clean_drop,404,3,0.04451449952222978
resnet,bandpass,0,covariance,all,auroc_HYP,clean_drop,505,3,0.04900097701334538
resnet,bandpass,0,covariance,all,auroc_HYP,normalized_robustness,101,3,0.9488962062315195
resnet,bandpass,0,covariance,all,auroc_HYP,normalized_robustness,202,3,0.9505565971459822
resnet,bandpass,0,covariance,all,auroc_HYP,normalized_robustness,303,3,0.9491545158854654
resnet,bandpass,0,covariance,all,auroc_HYP,normalized_robustness,404,3,0.9501528357082337
resnet,bandpass,0,covariance,all,auroc_HYP,normalized_robustness,505,3,0.9451276194039165
resnet,bandpass,0,covariance,all,auroc_MI,absolute,101,3,0.7319293683099654
resnet,bandpass,0,covariance,all,auroc_MI,absolute,202,3,0.737174732398613
resnet,bandpass,0,covariance,all,auroc_MI,absolute,303,3,0.7346713402683552
resnet,bandpass,0,covariance,all,auroc_MI,absolute,404,3,0.7407377883310718
resnet,bandpass,0,covariance,all,auroc_MI,absolute,505,3,0.7376805367103874
resnet,bandpass,0,covariance,all,auroc_MI,clean_drop,101,3,0.15848522538821053
resnet,bandpass,0,covariance,all,auroc_MI,clean_drop,202,3,0.1532398612995629
resnet,bandpass,0,covariance,all,auroc_MI,clean_drop,303,3,0.15574325342982068
resnet,bandpass,0,covariance,all,auroc_MI,clean_drop,404,3,0.14967680536710393
resnet,bandpass,0,covariance,all,auroc_MI,clean_drop,505,3,0.15273405698778844
resnet,bandpass,0,covariance,all,auroc_MI,normalized_robustness,101,3,0.8218009544592088
resnet,bandpass,0,covariance,all,auroc_MI,normalized_robustness,202,3,0.8277231816019898
resnet,bandpass,0,covariance,all,auroc_MI,normalized_robustness,303,3,0.8248854230684922
resnet,bandpass,0,covariance,all,auroc_MI,normalized_robustness,404,3,0.8317501625645098
resnet,bandpass,0,covariance,all,auroc_MI,normalized_robustness,505,3,0.8282811128994091
resnet,bandpass,0,covariance,all,auroc_NORM,absolute,101,3,0.8476109785928735
resnet,bandpass,0,covariance,all,auroc_NORM,absolute,202,3,0.8499821136586475
resnet,bandpass,0,covariance,all,auroc_NORM,absolute,303,3,0.8511498672645194
resnet,bandpass,0,covariance,all,auroc_NORM,absolute,404,3,0.8479999884137058
resnet,bandpass,0,covariance,all,auroc_NORM,absolute,505,3,0.8505727249949672
resnet,bandpass,0,covariance,all,auroc_NORM,clean_drop,101,3,0.0859624806834753
resnet,bandpass,0,covariance,all,auroc_NORM,clean_drop,202,3,0.0835913456177015
resnet,bandpass,0,covariance,all,auroc_NORM,clean_drop,303,3,0.08242359201182951
resnet,bandpass,0,covariance,all,auroc_NORM,clean_drop,404,3,0.08557347086264296
resnet,bandpass,0,covariance,all,auroc_NORM,clean_drop,505,3,0.08300073428138173
resnet,bandpass,0,covariance,all,auroc_NORM,normalized_robustness,101,3,0.9078918443434478
resnet,bandpass,0,covariance,all,auroc_NORM,normalized_robustness,202,3,0.910438928281315
resnet,bandpass,0,covariance,all,auroc_NORM,normalized_robustness,303,3,0.9116879901723703
resnet,bandpass,0,covariance,all,auroc_NORM,normalized_robustness,404,3,0.9083129146532117
resnet,bandpass,0,covariance,all,auroc_NORM,normalized_robustness,505,3,0.9110740727020645
resnet,bandpass,0,covariance,all,auroc_STTC,absolute,101,3,0.8038251705697306
resnet,bandpass,0,covariance,all,auroc_STTC,absolute,202,3,0.8085245586409294
resnet,bandpass,0,covariance,all,auroc_STTC,absolute,303,3,0.8009924057044566
resnet,bandpass,0,covariance,all,auroc_STTC,absolute,404,3,0.8079316634559653
resnet,bandpass,0,covariance,all,auroc_STTC,absolute,505,3,0.8071941596893026
resnet,bandpass,0,covariance,all,auroc_STTC,clean_drop,101,3,0.12026196821659703
resnet,bandpass,0,covariance,all,auroc_STTC,clean_drop,202,3,0.11556258014539796
resnet,bandpass,0,covariance,all,auroc_STTC,clean_drop,303,3,0.1230947330818708
resnet,bandpass,0,covariance,all,auroc_STTC,clean_drop,404,3,0.11615547533036219
resnet,bandpass,0,covariance,all,auroc_STTC,clean_drop,505,3,0.11689297909702494
resnet,bandpass,0,covariance,all,auroc_STTC,normalized_robustness,101,3,0.8697696540358487
resnet,bandpass,0,covariance,all,auroc_STTC,normalized_robustness,202,3,0.8748618018087896
resnet,bandpass,0,covariance,all,auroc_STTC,normalized_robustness,303,3,0.8667161064961887
resnet,bandpass,0,covariance,all,auroc_STTC,normalized_robustness,404,3,0.8742094138599249
resnet,bandpass,0,covariance,all,auroc_STTC,normalized_robustness,505,3,0.8734393435418153
resnet,bandpass,0,covariance,all,brier,absolute,101,3,0.17802852392196655
resnet,bandpass,0,covariance,all,brier,absolute,202,3,0.17761242389678952
resnet,bandpass,0,covariance,all,brier,absolute,303,3,0.17761055628458658
resnet,bandpass,0,covariance,all,brier,absolute,404,3,0.17709015309810638
resnet,bandpass,0,covariance,all,brier,absolute,505,3,0.17732002337773636
resnet,bandpass,0,covariance,all,clean_agreement,absolute,101,3,0.7258263824528886
resnet,bandpass,0,covariance,all,clean_agreement,absolute,202,3,0.7253320976212544
resnet,bandpass,0,covariance,all,clean_agreement,absolute,303,3,0.7261353104726599
resnet,bandpass,0,covariance,all,clean_agreement,absolute,404,3,0.7269385233240655
resnet,bandpass,0,covariance,all,clean_agreement,absolute,505,3,0.7260426320667284
resnet,bandpass,0,covariance,all,ece,absolute,101,3,0.15867694134987684
resnet,bandpass,0,covariance,all,ece,absolute,202,3,0.15915709021197702
resnet,bandpass,0,covariance,all,ece,absolute,303,3,0.1586055405609422
resnet,bandpass,0,covariance,all,ece,absolute,404,3,0.15845109854862524
resnet,bandpass,0,covariance,all,ece,absolute,505,3,0.15769593481988334
resnet,bandpass,0,covariance,all,f1_CD,absolute,101,3,0.5861680298132351
resnet,bandpass,0,covariance,all,f1_CD,absolute,202,3,0.5874918482956338
resnet,bandpass,0,covariance,all,f1_CD,absolute,303,3,0.5856745866230227
resnet,bandpass,0,covariance,all,f1_CD,absolute,404,3,0.5810533646641564
resnet,bandpass,0,covariance,all,f1_CD,absolute,505,3,0.5807418455064121
resnet,bandpass,0,covariance,all,f1_CD,clean_drop,101,3,0.1227350737616048
resnet,bandpass,0,covariance,all,f1_CD,clean_drop,202,3,0.121411255279206
resnet,bandpass,0,covariance,all,f1_CD,clean_drop,303,3,0.12322851695181714
resnet,bandpass,0,covariance,all,f1_CD,clean_drop,404,3,0.12784973891068352
resnet,bandpass,0,covariance,all,f1_CD,clean_drop,505,3,0.12816125806842782
resnet,bandpass,0,covariance,all,f1_CD,normalized_robustness,101,3,0.8267050142898139
resnet,bandpass,0,covariance,all,f1_CD,normalized_robustness,202,3,0.8285826262968357
resnet,bandpass,0,covariance,all,f1_CD,normalized_robustness,303,3,0.8260283419982355
resnet,bandpass,0,covariance,all,f1_CD,normalized_robustness,404,3,0.8194828593694714
resnet,bandpass,0,covariance,all,f1_CD,normalized_robustness,505,3,0.8191017582162083
resnet,bandpass,0,covariance,all,f1_HYP,absolute,101,3,0.5018058560137433
resnet,bandpass,0,covariance,all,f1_HYP,absolute,202,3,0.51436941504838
resnet,bandpass,0,covariance,all,f1_HYP,absolute,303,3,0.5023758929670731
resnet,bandpass,0,covariance,all,f1_HYP,absolute,404,3,0.49671524393220173
resnet,bandpass,0,covariance,all,f1_HYP,absolute,505,3,0.49367015790373453
resnet,bandpass,0,covariance,all,f1_HYP,clean_drop,101,3,0.09975335113637605
resnet,bandpass,0,covariance,all,f1_HYP,clean_drop,202,3,0.08718979210173945
resnet,bandpass,0,covariance,all,f1_HYP,clean_drop,303,3,0.09918331418304627
resnet,bandpass,0,covariance,all,f1_HYP,clean_drop,404,3,0.10484396321791763
resnet,bandpass,0,covariance,all,f1_HYP,clean_drop,505,3,0.1078890492463848
resnet,bandpass,0,covariance,all,f1_HYP,normalized_robustness,101,3,0.8346087387581429
resnet,bandpass,0,covariance,all,f1_HYP,normalized_robustness,202,3,0.8555855839104614
resnet,bandpass,0,covariance,all,f1_HYP,normalized_robustness,303,3,0.8362522202135367
resnet,bandpass,0,covariance,all,f1_HYP,normalized_robustness,404,3,0.825475529867466
resnet,bandpass,0,covariance,all,f1_HYP,normalized_robustness,505,3,0.8211794199098411
resnet,bandpass,0,covariance,all,f1_MI,absolute,101,3,0.46061078241972947
resnet,bandpass,0,covariance,all,f1_MI,absolute,202,3,0.4633675000566846
resnet,bandpass,0,covariance,all,f1_MI,absolute,303,3,0.4592427633008453
resnet,bandpass,0,covariance,all,f1_MI,absolute,404,3,0.4640305452567434
resnet,bandpass,0,covariance,all,f1_MI,absolute,505,3,0.45410997791650126
resnet,bandpass,0,covariance,all,f1_MI,clean_drop,101,3,0.22421820003602547
resnet,bandpass,0,covariance,all,f1_MI,clean_drop,202,3,0.22146148239907038
resnet,bandpass,0,covariance,all,f1_MI,clean_drop,303,3,0.22558621915490965
resnet,bandpass,0,covariance,all,f1_MI,clean_drop,404,3,0.22079843719901157
resnet,bandpass,0,covariance,all,f1_MI,clean_drop,505,3,0.23071900453925367
resnet,bandpass,0,covariance,all,f1_MI,normalized_robustness,101,3,0.6727201234370185
resnet,bandpass,0,covariance,all,f1_MI,normalized_robustness,202,3,0.6768210557121992
resnet,bandpass,0,covariance,all,f1_MI,normalized_robustness,303,3,0.670683186840625
resnet,bandpass,0,covariance,all,f1_MI,normalized_robustness,404,3,0.6777549476925357
resnet,bandpass,0,covariance,all,f1_MI,normalized_robustness,505,3,0.6631858428231712
resnet,bandpass,0,covariance,all,f1_NORM,absolute,101,3,0.34342166524656026
resnet,bandpass,0,covariance,all,f1_NORM,absolute,202,3,0.3406829301576362
resnet,bandpass,0,covariance,all,f1_NORM,absolute,303,3,0.34545464716931695
resnet,bandpass,0,covariance,all,f1_NORM,absolute,404,3,0.3557419114996268
resnet,bandpass,0,covariance,all,f1_NORM,absolute,505,3,0.33674051794447485
resnet,bandpass,0,covariance,all,f1_NORM,clean_drop,101,3,0.50341108115577
resnet,bandpass,0,covariance,all,f1_NORM,clean_drop,202,3,0.5061498162446942
resnet,bandpass,0,covariance,all,f1_NORM,clean_drop,303,3,0.5013780992330134
resnet,bandpass,0,covariance,all,f1_NORM,clean_drop,404,3,0.4910908349027035
resnet,bandpass,0,covariance,all,f1_NORM,clean_drop,505,3,0.5100922284578554
resnet,bandpass,0,covariance,all,f1_NORM,normalized_robustness,101,3,0.40566869699494035
resnet,bandpass,0,covariance,all,f1_NORM,normalized_robustness,202,3,0.40244780391233376
resnet,bandpass,0,covariance,all,f1_NORM,normalized_robustness,303,3,0.4080991282360042
resnet,bandpass,0,covariance,all,f1_NORM,normalized_robustness,404,3,0.4202297404857987
resnet,bandpass,0,covariance,all,f1_NORM,normalized_robustness,505,3,0.39778831980639606
resnet,bandpass,0,covariance,all,f1_STTC,absolute,101,3,0.518215965049615
resnet,bandpass,0,covariance,all,f1_STTC,absolute,202,3,0.5170043600603413
resnet,bandpass,0,covariance,all,f1_STTC,absolute,303,3,0.5217926852445087
resnet,bandpass,0,covariance,all,f1_STTC,absolute,404,3,0.5296715097464617
resnet,bandpass,0,covariance,all,f1_STTC,absolute,505,3,0.5290535314374508
resnet,bandpass,0,covariance,all,f1_STTC,clean_drop,101,3,0.22833914799618993
resnet,bandpass,0,covariance,all,f1_STTC,clean_drop,202,3,0.22955075298546354
resnet,bandpass,0,covariance,all,f1_STTC,clean_drop,303,3,0.2247624278012961
resnet,bandpass,0,covariance,all,f1_STTC,clean_drop,404,3,0.2168836032993432
resnet,bandpass,0,covariance,all,f1_STTC,clean_drop,505,3,0.217501581608354
resnet,bandpass,0,covariance,all,f1_STTC,normalized_robustness,101,3,0.6944979580741139
resnet,bandpass,0,covariance,all,f1_STTC,normalized_robustness,202,3,0.6932011692532464
resnet,bandpass,0,covariance,all,f1_STTC,normalized_robustness,303,3,0.6991640412200563
resnet,bandpass,0,covariance,all,f1_STTC,normalized_robustness,404,3,0.7096984961748883
resnet,bandpass,0,covariance,all,f1_STTC,normalized_robustness,505,3,0.7090316849777835
resnet,bandpass,0,covariance,all,macro_ap,absolute,101,3,0.6311995421845417
resnet,bandpass,0,covariance,all,macro_ap,absolute,202,3,0.6355380157396552
resnet,bandpass,0,covariance,all,macro_ap,absolute,303,3,0.6353631612546837
resnet,bandpass,0,covariance,all,macro_ap,absolute,404,3,0.6364473767464781
resnet,bandpass,0,covariance,all,macro_ap,absolute,505,3,0.6351250659604246
resnet,bandpass,0,covariance,all,macro_ap,clean_drop,101,3,0.15486939903379146
resnet,bandpass,0,covariance,all,macro_ap,clean_drop,202,3,0.15053092547867794
resnet,bandpass,0,covariance,all,macro_ap,clean_drop,303,3,0.15070577996364945
resnet,bandpass,0,covariance,all,macro_ap,clean_drop,404,3,0.14962156447185507
resnet,bandpass,0,covariance,all,macro_ap,clean_drop,505,3,0.15094387525790853
resnet,bandpass,0,covariance,all,macro_ap,normalized_robustness,101,3,0.8029354842116986
resnet,bandpass,0,covariance,all,macro_ap,normalized_robustness,202,3,0.8084332577472115
resnet,bandpass,0,covariance,all,macro_ap,normalized_robustness,303,3,0.8082021404618643
resnet,bandpass,0,covariance,all,macro_ap,normalized_robustness,404,3,0.8095971499120612
resnet,bandpass,0,covariance,all,macro_ap,normalized_robustness,505,3,0.8079489209496423
resnet,bandpass,0,covariance,all,macro_auroc,absolute,101,3,0.8118206897744779
resnet,bandpass,0,covariance,all,macro_auroc,absolute,202,3,0.814838231117375
resnet,bandpass,0,covariance,all,macro_auroc,absolute,303,3,0.8128390548096581
resnet,bandpass,0,covariance,all,macro_auroc,absolute,404,3,0.8141244810946899
resnet,bandpass,0,covariance,all,macro_auroc,absolute,505,3,0.8138404656078775
resnet,bandpass,0,covariance,all,macro_auroc,clean_drop,101,3,0.09601399864755811
resnet,bandpass,0,covariance,all,macro_auroc,clean_drop,202,3,0.09299645730466084
resnet,bandpass,0,covariance,all,macro_auroc,clean_drop,303,3,0.09499563361237777
resnet,bandpass,0,covariance,all,macro_auroc,clean_drop,404,3,0.09371020732734592
resnet,bandpass,0,covariance,all,macro_auroc,clean_drop,505,3,0.09399422281415837
resnet,bandpass,0,covariance,all,macro_auroc,normalized_robustness,101,3,0.8942255786815577
resnet,bandpass,0,covariance,all,macro_auroc,normalized_robustness,202,3,0.8975499540035322
resnet,bandpass,0,covariance,all,macro_auroc,normalized_robustness,303,3,0.8953480980584999
resnet,bandpass,0,covariance,all,macro_auroc,normalized_robustness,404,3,0.8967643455648354
resnet,bandpass,0,covariance,all,macro_auroc,normalized_robustness,505,3,0.8964515644670014
resnet,bandpass,0,covariance,all,macro_f1,absolute,101,3,0.4820444597085767
resnet,bandpass,0,covariance,all,macro_f1,absolute,202,3,0.4845832107237351
resnet,bandpass,0,covariance,all,macro_f1,absolute,303,3,0.4829081150609534
resnet,bandpass,0,covariance,all,macro_f1,absolute,404,3,0.485442515019838
resnet,bandpass,0,covariance,all,macro_f1,absolute,505,3,0.4788632061417147
resnet,bandpass,0,covariance,all,macro_f1,clean_drop,101,3,0.23569137081719319
resnet,bandpass,0,covariance,all,macro_f1,clean_drop,202,3,0.23315261980203472
resnet,bandpass,0,covariance,all,macro_f1,clean_drop,303,3,0.2348277154648165
resnet,bandpass,0,covariance,all,macro_f1,clean_drop,404,3,0.2322933155059319
resnet,bandpass,0,covariance,all,macro_f1,clean_drop,505,3,0.23887262438405513
resnet,bandpass,0,covariance,all,macro_f1,normalized_robustness,101,3,0.6715840542128314
resnet,bandpass,0,covariance,all,macro_f1,normalized_robustness,202,3,0.6751174524919631
resnet,bandpass,0,covariance,all,macro_f1,normalized_robustness,303,3,0.6727885317651077
resnet,bandpass,0,covariance,all,macro_f1,normalized_robustness,404,3,0.6763237546295336
resnet,bandpass,0,covariance,all,macro_f1,normalized_robustness,505,3,0.6671791040727396
resnet,bandpass,0,covariance,all,mean_confidence,absolute,101,3,0.7803288698196411
resnet,bandpass,0,covariance,all,mean_confidence,absolute,202,3,0.78029998143514
resnet,bandpass,0,covariance,all,mean_confidence,absolute,303,3,0.780877947807312
resnet,bandpass,0,covariance,all,mean_confidence,absolute,404,3,0.7799416383107504
resnet,bandpass,0,covariance,all,mean_confidence,absolute,505,3,0.7795812090237936
resnet,bandpass,0,covariance,all,mean_entropy,absolute,101,3,0.4637973187478736
resnet,bandpass,0,covariance,all,mean_entropy,absolute,202,3,0.46375318940842186
resnet,bandpass,0,covariance,all,mean_entropy,absolute,303,3,0.46318969312012986
resnet,bandpass,0,covariance,all,mean_entropy,absolute,404,3,0.4642152129570556
resnet,bandpass,0,covariance,all,mean_entropy,absolute,505,3,0.4644019777267276
resnet,bandpass,0,covariance,all,mean_loss,absolute,101,3,0.5312971125029686
resnet,bandpass,0,covariance,all,mean_loss,absolute,202,3,0.5298042393370718
resnet,bandpass,0,covariance,all,mean_loss,absolute,303,3,0.5299944531068418
resnet,bandpass,0,covariance,all,mean_loss,absolute,404,3,0.5283933403504674
resnet,bandpass,0,covariance,all,mean_loss,absolute,505,3,0.5286156098027951
resnet,bandpass,0,covariance,all,micro_ap,absolute,101,3,0.5064199838228585
resnet,bandpass,0,covariance,all,micro_ap,absolute,202,3,0.5105188945650078
resnet,bandpass,0,covariance,all,micro_ap,absolute,303,3,0.5108921619282888
resnet,bandpass,0,covariance,all,micro_ap,absolute,404,3,0.5098739193905143
resnet,bandpass,0,covariance,all,micro_ap,absolute,505,3,0.5110095709992647
resnet,bandpass,0,covariance,all,micro_auroc,absolute,101,3,0.7320435200729505
resnet,bandpass,0,covariance,all,micro_auroc,absolute,202,3,0.733470713965502
resnet,bandpass,0,covariance,all,micro_auroc,absolute,303,3,0.7334125421876004
resnet,bandpass,0,covariance,all,micro_auroc,absolute,404,3,0.7349252248592234
resnet,bandpass,0,covariance,all,micro_auroc,absolute,505,3,0.7337052072831961
resnet,bandpass,0,covariance,all,micro_f1,absolute,101,3,0.47888345762600437
resnet,bandpass,0,covariance,all,micro_f1,absolute,202,3,0.4803077399303765
resnet,bandpass,0,covariance,all,micro_f1,absolute,303,3,0.47944349170843825
resnet,bandpass,0,covariance,all,micro_f1,absolute,404,3,0.48231697618209984
resnet,bandpass,0,covariance,all,micro_f1,absolute,505,3,0.4761657720639194
resnet,bandpass,0,covariance,all,probability_shift,absolute,101,3,0.21998956799507133
resnet,bandpass,0,covariance,all,probability_shift,absolute,202,3,0.22014263272285453
resnet,bandpass,0,covariance,all,probability_shift,absolute,303,3,0.2199446509281794
resnet,bandpass,0,covariance,all,probability_shift,absolute,404,3,0.2195245077212651
resnet,bandpass,0,covariance,all,probability_shift,absolute,505,3,0.22026039163271585
resnet,bandpass,0,electrode,all,ap_CD,absolute,101,3,0.7037945084522871
resnet,bandpass,0,electrode,all,ap_CD,absolute,202,3,0.6947031044873772
resnet,bandpass,0,electrode,all,ap_CD,absolute,303,3,0.707713465420223
resnet,bandpass,0,electrode,all,ap_CD,absolute,404,3,0.7066931285009566
resnet,bandpass,0,electrode,all,ap_CD,absolute,505,3,0.7022373575934931
resnet,bandpass,0,electrode,all,ap_CD,clean_drop,101,3,0.1027943741831276
resnet,bandpass,0,electrode,all,ap_CD,clean_drop,202,3,0.11188577814803746
resnet,bandpass,0,electrode,all,ap_CD,clean_drop,303,3,0.09887541721519177
resnet,bandpass,0,electrode,all,ap_CD,clean_drop,404,3,0.09989575413445813
resnet,bandpass,0,electrode,all,ap_CD,clean_drop,505,3,0.10435152504192162
resnet,bandpass,0,electrode,all,ap_CD,normalized_robustness,101,3,0.8726338012738921
resnet,bandpass,0,electrode,all,ap_CD,normalized_robustness,202,3,0.8613884053527471
resnet,bandpass,0,electrode,all,ap_CD,normalized_robustness,303,3,0.877539220012669
resnet,bandpass,0,electrode,all,ap_CD,normalized_robustness,404,3,0.8762483193590658
resnet,bandpass,0,electrode,all,ap_CD,normalized_robustness,505,3,0.870723725669968
resnet,bandpass,0,electrode,all,ap_HYP,absolute,101,3,0.5454704553303227
resnet,bandpass,0,electrode,all,ap_HYP,absolute,202,3,0.5532681380215703
resnet,bandpass,0,electrode,all,ap_HYP,absolute,303,3,0.5432241103288451
resnet,bandpass,0,electrode,all,ap_HYP,absolute,404,3,0.5486821913319038
resnet,bandpass,0,electrode,all,ap_HYP,absolute,505,3,0.5420704170721675
resnet,bandpass,0,electrode,all,ap_HYP,clean_drop,101,3,0.09613148565100182
resnet,bandpass,0,electrode,all,ap_HYP,clean_drop,202,3,0.08833380295975424
resnet,bandpass,0,electrode,all,ap_HYP,clean_drop,303,3,0.09837783065247936
resnet,bandpass,0,electrode,all,ap_HYP,clean_drop,404,3,0.09291974964942074
resnet,bandpass,0,electrode,all,ap_HYP,clean_drop,505,3,0.09953152390915694
resnet,bandpass,0,electrode,all,ap_HYP,normalized_robustness,101,3,0.8509709400712104
resnet,bandpass,0,electrode,all,ap_HYP,normalized_robustness,202,3,0.8627910007271448
resnet,bandpass,0,electrode,all,ap_HYP,normalized_robustness,303,3,0.846915125540313
resnet,bandpass,0,electrode,all,ap_HYP,normalized_robustness,404,3,0.8554574350672933
resnet,bandpass,0,electrode,all,ap_HYP,normalized_robustness,505,3,0.8452195837513429
resnet,bandpass,0,electrode,all,ap_MI,absolute,101,3,0.5400466173615256
resnet,bandpass,0,electrode,all,ap_MI,absolute,202,3,0.5489587642169118
resnet,bandpass,0,electrode,all,ap_MI,absolute,303,3,0.5352080813234724
resnet,bandpass,0,electrode,all,ap_MI,absolute,404,3,0.5377262770427943
resnet,bandpass,0,electrode,all,ap_MI,absolute,505,3,0.5358500973492974
resnet,bandpass,0,electrode,all,ap_MI,clean_drop,101,3,0.22306343150350286
resnet,bandpass,0,electrode,all,ap_MI,clean_drop,202,3,0.2141512846481166
resnet,bandpass,0,electrode,all,ap_MI,clean_drop,303,3,0.22790196754155598
resnet,bandpass,0,electrode,all,ap_MI,clean_drop,404,3,0.22538377182223415
resnet,bandpass,0,electrode,all,ap_MI,clean_drop,505,3,0.2272599515157309
resnet,bandpass,0,electrode,all,ap_MI,normalized_robustness,101,3,0.7068084399586314
resnet,bandpass,0,electrode,all,ap_MI,normalized_robustness,202,3,0.7184919567471247
resnet,bandpass,0,electrode,all,ap_MI,normalized_robustness,303,3,0.7005063697430426
resnet,bandpass,0,electrode,all,ap_MI,normalized_robustness,404,3,0.7035763751743258
resnet,bandpass,0,electrode,all,ap_MI,normalized_robustness,505,3,0.7011058689314885
resnet,bandpass,0,electrode,all,ap_NORM,absolute,101,3,0.7939964611571536
resnet,bandpass,0,electrode,all,ap_NORM,absolute,202,3,0.7881676050479395
resnet,bandpass,0,electrode,all,ap_NORM,absolute,303,3,0.7906419620409549
resnet,bandpass,0,electrode,all,ap_NORM,absolute,404,3,0.795427857524463
resnet,bandpass,0,electrode,all,ap_NORM,absolute,505,3,0.7974096246063921
resnet,bandpass,0,electrode,all,ap_NORM,clean_drop,101,3,0.11306376054049283
resnet,bandpass,0,electrode,all,ap_NORM,clean_drop,202,3,0.11889261664970696
resnet,bandpass,0,electrode,all,ap_NORM,clean_drop,303,3,0.11641825965669139
resnet,bandpass,0,electrode,all,ap_NORM,clean_drop,404,3,0.11163236417318352
resnet,bandpass,0,electrode,all,ap_NORM,clean_drop,505,3,0.10965059709125435
resnet,bandpass,0,electrode,all,ap_NORM,normalized_robustness,101,3,0.8752722150333749
resnet,bandpass,0,electrode,all,ap_NORM,normalized_robustness,202,3,0.8688645989109594
resnet,bandpass,0,electrode,all,ap_NORM,normalized_robustness,303,3,0.8715450890437371
resnet,bandpass,0,electrode,all,ap_NORM,normalized_robustness,404,3,0.876859889573257
resnet,bandpass,0,electrode,all,ap_NORM,normalized_robustness,505,3,0.8790271682746194
resnet,bandpass,0,electrode,all,ap_STTC,absolute,101,3,0.61057789655354
resnet,bandpass,0,electrode,all,ap_STTC,absolute,202,3,0.605762188949796
resnet,bandpass,0,electrode,all,ap_STTC,absolute,303,3,0.5911554099567824
resnet,bandpass,0,electrode,all,ap_STTC,absolute,404,3,0.5944943649714052
resnet,bandpass,0,electrode,all,ap_STTC,absolute,505,3,0.5995272532364421
resnet,bandpass,0,electrode,all,ap_STTC,clean_drop,101,3,0.20140571535871146
resnet,bandpass,0,electrode,all,ap_STTC,clean_drop,202,3,0.20622142296245558
resnet,bandpass,0,electrode,all,ap_STTC,clean_drop,303,3,0.22082820195546907
resnet,bandpass,0,electrode,all,ap_STTC,clean_drop,404,3,0.2174892469408464
resnet,bandpass,0,electrode,all,ap_STTC,clean_drop,505,3,0.21245635867580948
resnet,bandpass,0,electrode,all,ap_STTC,normalized_robustness,101,3,0.7516396309949912
resnet,bandpass,0,electrode,all,ap_STTC,normalized_robustness,202,3,0.7456387714889999
resnet,bandpass,0,electrode,all,ap_STTC,normalized_robustness,303,3,0.7276889264687978
resnet,bandpass,0,electrode,all,ap_STTC,normalized_robustness,404,3,0.7317005691110509
resnet,bandpass,0,electrode,all,ap_STTC,normalized_robustness,505,3,0.7379522988210104
resnet,bandpass,0,electrode,all,auroc_CD,absolute,101,3,0.8367117444974962
resnet,bandpass,0,electrode,all,auroc_CD,absolute,202,3,0.8230181605268946
resnet,bandpass,0,electrode,all,auroc_CD,absolute,303,3,0.8348419930644514
resnet,bandpass,0,electrode,all,auroc_CD,absolute,404,3,0.8326851474451044
resnet,bandpass,0,electrode,all,auroc_CD,absolute,505,3,0.8305990644773106
resnet,bandpass,0,electrode,all,auroc_CD,clean_drop,101,3,0.06153722358086511
resnet,bandpass,0,electrode,all,auroc_CD,clean_drop,202,3,0.07523080755146667
resnet,bandpass,0,electrode,all,auroc_CD,clean_drop,303,3,0.06340697501390984
resnet,bandpass,0,electrode,all,auroc_CD,clean_drop,404,3,0.06556382063325694
resnet,bandpass,0,electrode,all,auroc_CD,clean_drop,505,3,0.06764990360105072
resnet,bandpass,0,electrode,all,auroc_CD,normalized_robustness,101,3,0.9315487059619861
resnet,bandpass,0,electrode,all,auroc_CD,normalized_robustness,202,3,0.9163091515999887
resnet,bandpass,0,electrode,all,auroc_CD,normalized_robustness,303,3,0.9294709171030271
resnet,bandpass,0,electrode,all,auroc_CD,normalized_robustness,404,3,0.9270592886989187
resnet,bandpass,0,electrode,all,auroc_CD,normalized_robustness,505,3,0.9247429916129256
resnet,bandpass,0,electrode,all,auroc_HYP,absolute,101,3,0.8484428178782707
resnet,bandpass,0,electrode,all,auroc_HYP,absolute,202,3,0.8523522133110016
resnet,bandpass,0,electrode,all,auroc_HYP,absolute,303,3,0.8459982714379275
resnet,bandpass,0,electrode,all,auroc_HYP,absolute,404,3,0.8473919917114912
resnet,bandpass,0,electrode,all,auroc_HYP,absolute,505,3,0.8486622432655867
resnet,bandpass,0,electrode,all,auroc_HYP,clean_drop,101,3,0.04440646439269491
resnet,bandpass,0,electrode,all,auroc_HYP,clean_drop,202,3,0.04049706895996389
resnet,bandpass,0,electrode,all,auroc_HYP,clean_drop,303,3,0.04685101083303803
resnet,bandpass,0,electrode,all,auroc_HYP,clean_drop,404,3,0.04545729055947434
resnet,bandpass,0,electrode,all,auroc_HYP,clean_drop,505,3,0.0441870390053789
resnet,bandpass,0,electrode,all,auroc_HYP,normalized_robustness,101,3,0.9502740298680319
resnet,bandpass,0,electrode,all,auroc_HYP,normalized_robustness,202,3,0.9546613761751496
resnet,bandpass,0,electrode,all,auroc_HYP,normalized_robustness,303,3,0.9475325623116141
resnet,bandpass,0,electrode,all,auroc_HYP,normalized_robustness,404,3,0.9491028452358332
resnet,bandpass,0,electrode,all,auroc_HYP,normalized_robustness,505,3,0.9505057779535625
resnet,bandpass,0,electrode,all,auroc_MI,absolute,101,3,0.7319497210915121
resnet,bandpass,0,electrode,all,auroc_MI,absolute,202,3,0.7408420021106589
resnet,bandpass,0,electrode,all,auroc_MI,absolute,303,3,0.7429089401477462
resnet,bandpass,0,electrode,all,auroc_MI,absolute,404,3,0.7393434343434343
resnet,bandpass,0,electrode,all,auroc_MI,absolute,505,3,0.737002110658827
resnet,bandpass,0,electrode,all,auroc_MI,clean_drop,101,3,0.15846487260666367
resnet,bandpass,0,electrode,all,auroc_MI,clean_drop,202,3,0.149572591587517
resnet,bandpass,0,electrode,all,auroc_MI,clean_drop,303,3,0.1475056535504297
resnet,bandpass,0,electrode,all,auroc_MI,clean_drop,404,3,0.1510711593547415
resnet,bandpass,0,electrode,all,auroc_MI,clean_drop,505,3,0.15341248303934873
resnet,bandpass,0,electrode,all,auroc_MI,normalized_robustness,101,3,0.8218481410471806
resnet,bandpass,0,electrode,all,auroc_MI,normalized_robustness,202,3,0.8318673343593916
resnet,bandpass,0,electrode,all,auroc_MI,normalized_robustness,303,3,0.8341668697375288
resnet,bandpass,0,electrode,all,auroc_MI,normalized_robustness,404,3,0.8301597377360999
resnet,bandpass,0,electrode,all,auroc_MI,normalized_robustness,505,3,0.8275006835624085
resnet,bandpass,0,electrode,all,auroc_NORM,absolute,101,3,0.8523529590670714
resnet,bandpass,0,electrode,all,auroc_NORM,absolute,202,3,0.8466661163177019
resnet,bandpass,0,electrode,all,auroc_NORM,absolute,303,3,0.8504333998096952
resnet,bandpass,0,electrode,all,auroc_NORM,absolute,404,3,0.8490178443410367
resnet,bandpass,0,electrode,all,auroc_NORM,absolute,505,3,0.8507456504328205
resnet,bandpass,0,electrode,all,auroc_NORM,clean_drop,101,3,0.08122050020927736
resnet,bandpass,0,electrode,all,auroc_NORM,clean_drop,202,3,0.086907342958647
resnet,bandpass,0,electrode,all,auroc_NORM,clean_drop,303,3,0.08314005946665382
resnet,bandpass,0,electrode,all,auroc_NORM,clean_drop,404,3,0.08455561493531216
resnet,bandpass,0,electrode,all,auroc_NORM,clean_drop,505,3,0.08282780884352843
resnet,bandpass,0,electrode,all,auroc_NORM,normalized_robustness,101,3,0.9129796051308133
resnet,bandpass,0,electrode,all,auroc_NORM,normalized_robustness,202,3,0.9068900842812572
resnet,bandpass,0,electrode,all,auroc_NORM,normalized_robustness,303,3,0.9109160356443735
resnet,bandpass,0,electrode,all,auroc_NORM,normalized_robustness,404,3,0.9094082347570369
resnet,bandpass,0,electrode,all,auroc_NORM,normalized_robustness,505,3,0.9112553670195064
resnet,bandpass,0,electrode,all,auroc_STTC,absolute,101,3,0.8087438165175049
resnet,bandpass,0,electrode,all,auroc_STTC,absolute,202,3,0.8101672339622245
resnet,bandpass,0,electrode,all,auroc_STTC,absolute,303,3,0.8042832280231108
resnet,bandpass,0,electrode,all,auroc_STTC,absolute,404,3,0.8041745761698346
resnet,bandpass,0,electrode,all,auroc_STTC,absolute,505,3,0.8060845819502696
resnet,bandpass,0,electrode,all,auroc_STTC,clean_drop,101,3,0.11534332226882256
resnet,bandpass,0,electrode,all,auroc_STTC,clean_drop,202,3,0.11391990482410312
resnet,bandpass,0,electrode,all,auroc_STTC,clean_drop,303,3,0.11980391076321673
resnet,bandpass,0,electrode,all,auroc_STTC,clean_drop,404,3,0.11991256261649293
resnet,bandpass,0,electrode,all,auroc_STTC,clean_drop,505,3,0.11800255683605787
resnet,bandpass,0,electrode,all,auroc_STTC,normalized_robustness,101,3,0.8750992501636258
resnet,bandpass,0,electrode,all,auroc_STTC,normalized_robustness,202,3,0.8766515675890766
resnet,bandpass,0,electrode,all,auroc_STTC,normalized_robustness,303,3,0.870281659113244
resnet,bandpass,0,electrode,all,auroc_STTC,normalized_robustness,404,3,0.8701497955959377
resnet,bandpass,0,electrode,all,auroc_STTC,normalized_robustness,505,3,0.8722161389287475
resnet,bandpass,0,electrode,all,brier,absolute,101,3,0.17725676794846854
resnet,bandpass,0,electrode,all,brier,absolute,202,3,0.17730352779229483
resnet,bandpass,0,electrode,all,brier,absolute,303,3,0.17698844770590463
resnet,bandpass,0,electrode,all,brier,absolute,404,3,0.17785435418287907
resnet,bandpass,0,electrode,all,brier,absolute,505,3,0.17691828807195023
resnet,bandpass,0,electrode,all,clean_agreement,absolute,101,3,0.7248378127896201
resnet,bandpass,0,electrode,all,clean_agreement,absolute,202,3,0.7246833487797343
resnet,bandpass,0,electrode,all,clean_agreement,absolute,303,3,0.7271856657398826
resnet,bandpass,0,electrode,all,clean_agreement,absolute,404,3,0.7260426320667285
resnet,bandpass,0,electrode,all,clean_agreement,absolute,505,3,0.7250231696014829
resnet,bandpass,0,electrode,all,ece,absolute,101,3,0.16024925963476114
resnet,bandpass,0,electrode,all,ece,absolute,202,3,0.15854405529065138
resnet,bandpass,0,electrode,all,ece,absolute,303,3,0.15751480066571646
resnet,bandpass,0,electrode,all,ece,absolute,404,3,0.161219829493477
resnet,bandpass,0,electrode,all,ece,absolute,505,3,0.15839587335800184
resnet,bandpass,0,electrode,all,f1_CD,absolute,101,3,0.5898380146457546
resnet,bandpass,0,electrode,all,f1_CD,absolute,202,3,0.5768932105168246
resnet,bandpass,0,electrode,all,f1_CD,absolute,303,3,0.5965435774464503
resnet,bandpass,0,electrode,all,f1_CD,absolute,404,3,0.5962318475590326
resnet,bandpass,0,electrode,all,f1_CD,absolute,505,3,0.5952170042574122
resnet,bandpass,0,electrode,all,f1_CD,clean_drop,101,3,0.11906508892908518
resnet,bandpass,0,electrode,all,f1_CD,clean_drop,202,3,0.13200989305801517
resnet,bandpass,0,electrode,all,f1_CD,clean_drop,303,3,0.11235952612838962
resnet,bandpass,0,electrode,all,f1_CD,clean_drop,404,3,0.11267125601580723
resnet,bandpass,0,electrode,all,f1_CD,clean_drop,505,3,0.11368609931742757
resnet,bandpass,0,electrode,all,f1_CD,normalized_robustness,101,3,0.83194917733673
resnet,bandpass,0,electrode,all,f1_CD,normalized_robustness,202,3,0.8136860130946859
resnet,bandpass,0,electrode,all,f1_CD,normalized_robustness,303,3,0.841376841812315
resnet,bandpass,0,electrode,all,f1_CD,normalized_robustness,404,3,0.8409719363889242
resnet,bandpass,0,electrode,all,f1_CD,normalized_robustness,505,3,0.8395429710395758
resnet,bandpass,0,electrode,all,f1_HYP,absolute,101,3,0.5100207883471607
resnet,bandpass,0,electrode,all,f1_HYP,absolute,202,3,0.5060745151383169
resnet,bandpass,0,electrode,all,f1_HYP,absolute,303,3,0.5011578665486044
resnet,bandpass,0,electrode,all,f1_HYP,absolute,404,3,0.49924061082715226
resnet,bandpass,0,electrode,all,f1_HYP,absolute,505,3,0.4947208975567241
resnet,bandpass,0,electrode,all,f1_HYP,clean_drop,101,3,0.0915384188029587
resnet,bandpass,0,electrode,all,f1_HYP,clean_drop,202,3,0.09548469201180233
resnet,bandpass,0,electrode,all,f1_HYP,clean_drop,303,3,0.100401340601515
resnet,bandpass,0,electrode,all,f1_HYP,clean_drop,404,3,0.10231859632296707
resnet,bandpass,0,electrode,all,f1_HYP,clean_drop,505,3,0.10683830959339531
resnet,bandpass,0,electrode,all,f1_HYP,normalized_robustness,101,3,0.8495680807648259
resnet,bandpass,0,electrode,all,f1_HYP,normalized_robustness,202,3,0.842195272638056
resnet,bandpass,0,electrode,all,f1_HYP,normalized_robustness,303,3,0.8338462234705153
resnet,bandpass,0,electrode,all,f1_HYP,normalized_robustness,404,3,0.8310171445054694
resnet,bandpass,0,electrode,all,f1_HYP,normalized_robustness,505,3,0.8234115821297047
resnet,bandpass,0,electrode,all,f1_MI,absolute,101,3,0.45862058575974674
resnet,bandpass,0,electrode,all,f1_MI,absolute,202,3,0.46102741904773276
resnet,bandpass,0,electrode,all,f1_MI,absolute,303,3,0.4692029962006339
resnet,bandpass,0,electrode,all,f1_MI,absolute,404,3,0.46370505865465544
resnet,bandpass,0,electrode,all,f1_MI,absolute,505,3,0.4588142626267528
resnet,bandpass,0,electrode,all,f1_MI,clean_drop,101,3,0.22620839669600815
resnet,bandpass,0,electrode,all,f1_MI,clean_drop,202,3,0.22380156340802226
resnet,bandpass,0,electrode,all,f1_MI,clean_drop,303,3,0.21562598625512108
resnet,bandpass,0,electrode,all,f1_MI,clean_drop,404,3,0.2211239238010995
resnet,bandpass,0,electrode,all,f1_MI,clean_drop,505,3,0.2260147198290022
resnet,bandpass,0,electrode,all,f1_MI,normalized_robustness,101,3,0.6698930109557809
resnet,bandpass,0,electrode,all,f1_MI,normalized_robustness,202,3,0.6734301404014323
resnet,bandpass,0,electrode,all,f1_MI,normalized_robustness,303,3,0.6852887673079285
resnet,bandpass,0,electrode,all,f1_MI,normalized_robustness,404,3,0.6773167275195479
resnet,bandpass,0,electrode,all,f1_MI,normalized_robustness,505,3,0.6700886705072695
resnet,bandpass,0,electrode,all,f1_NORM,absolute,101,3,0.3486044436643844
resnet,bandpass,0,electrode,all,f1_NORM,absolute,202,3,0.33568781582647444
resnet,bandpass,0,electrode,all,f1_NORM,absolute,303,3,0.33342798476770413
resnet,bandpass,0,electrode,all,f1_NORM,absolute,404,3,0.3285921622485744
resnet,bandpass,0,electrode,all,f1_NORM,absolute,505,3,0.3438051827358793
resnet,bandpass,0,electrode,all,f1_NORM,clean_drop,101,3,0.49822830273794594
resnet,bandpass,0,electrode,all,f1_NORM,clean_drop,202,3,0.5111449305758559
resnet,bandpass,0,electrode,all,f1_NORM,clean_drop,303,3,0.5134047616346263
resnet,bandpass,0,electrode,all,f1_NORM,clean_drop,404,3,0.518240584153756
resnet,bandpass,0,electrode,all,f1_NORM,clean_drop,505,3,0.5030275636664511
resnet,bandpass,0,electrode,all,f1_NORM,normalized_robustness,101,3,0.41181191662721517
resnet,bandpass,0,electrode,all,f1_NORM,normalized_robustness,202,3,0.3965422586497181
resnet,bandpass,0,electrode,all,f1_NORM,normalized_robustness,303,3,0.3939033079268139
resnet,bandpass,0,electrode,all,f1_NORM,normalized_robustness,404,3,0.3881543038099773
resnet,bandpass,0,electrode,all,f1_NORM,normalized_robustness,505,3,0.4061224843557585
resnet,bandpass,0,electrode,all,f1_STTC,absolute,101,3,0.5133379709862465
resnet,bandpass,0,electrode,all,f1_STTC,absolute,202,3,0.5294538859531185
resnet,bandpass,0,electrode,all,f1_STTC,absolute,303,3,0.5201290403046185
resnet,bandpass,0,electrode,all,f1_STTC,absolute,404,3,0.5181930910146485
resnet,bandpass,0,electrode,all,f1_STTC,absolute,505,3,0.5268341446910401
resnet,bandpass,0,electrode,all,f1_STTC,clean_drop,101,3,0.23321714205955849
resnet,bandpass,0,electrode,all,f1_STTC,clean_drop,202,3,0.21710122709268642
resnet,bandpass,0,electrode,all,f1_STTC,clean_drop,303,3,0.2264260727411864
resnet,bandpass,0,electrode,all,f1_STTC,clean_drop,404,3,0.22836202203115633
resnet,bandpass,0,electrode,all,f1_STTC,clean_drop,505,3,0.21972096835476485
resnet,bandpass,0,electrode,all,f1_STTC,normalized_robustness,101,3,0.6881831749442533
resnet,bandpass,0,electrode,all,f1_STTC,normalized_robustness,202,3,0.7096782649165855
resnet,bandpass,0,electrode,all,f1_STTC,normalized_robustness,303,3,0.6971239233637007
resnet,bandpass,0,electrode,all,f1_STTC,normalized_robustness,404,3,0.6943504028513515
resnet,bandpass,0,electrode,all,f1_STTC,normalized_robustness,505,3,0.705888491574743
resnet,bandpass,0,electrode,all,macro_ap,absolute,101,3,0.6387771877709658
resnet,bandpass,0,electrode,all,macro_ap,absolute,202,3,0.638171960144719
resnet,bandpass,0,electrode,all,macro_ap,absolute,303,3,0.6335886058140555
resnet,bandpass,0,electrode,all,macro_ap,absolute,404,3,0.6366047638743044
resnet,bandpass,0,electrode,all,macro_ap,absolute,505,3,0.6354189499715585
resnet,bandpass,0,electrode,all,macro_ap,clean_drop,101,3,0.14729175344736734
resnet,bandpass,0,electrode,all,macro_ap,clean_drop,202,3,0.14789698107361415
resnet,bandpass,0,electrode,all,macro_ap,clean_drop,303,3,0.1524803354042776
resnet,bandpass,0,electrode,all,macro_ap,clean_drop,404,3,0.1494641773440287
resnet,bandpass,0,electrode,all,macro_ap,clean_drop,505,3,0.1506499912467747
resnet,bandpass,0,electrode,all,macro_ap,normalized_robustness,101,3,0.8125829729055832
resnet,bandpass,0,electrode,all,macro_ap,normalized_robustness,202,3,0.8117837895410256
resnet,bandpass,0,electrode,all,macro_ap,normalized_robustness,303,3,0.8059685700502669
resnet,bandpass,0,electrode,all,macro_ap,normalized_robustness,404,3,0.8097761635791487
resnet,bandpass,0,electrode,all,macro_ap,normalized_robustness,505,3,0.8082881149243124
resnet,bandpass,0,electrode,all,macro_auroc,absolute,101,3,0.8156402118103712
resnet,bandpass,0,electrode,all,macro_auroc,absolute,202,3,0.8146091452456963
resnet,bandpass,0,electrode,all,macro_auroc,absolute,303,3,0.8156931664965862
resnet,bandpass,0,electrode,all,macro_auroc,absolute,404,3,0.8145225988021804
resnet,bandpass,0,electrode,all,macro_auroc,absolute,505,3,0.8146187301569628
resnet,bandpass,0,electrode,all,macro_auroc,clean_drop,101,3,0.09219447661166469
resnet,bandpass,0,electrode,all,macro_auroc,clean_drop,202,3,0.09322554317633953
resnet,bandpass,0,electrode,all,macro_auroc,clean_drop,303,3,0.09214152192544971
resnet,bandpass,0,electrode,all,macro_auroc,clean_drop,404,3,0.09331208961985553
resnet,bandpass,0,electrode,all,macro_auroc,clean_drop,505,3,0.09321595826507297
resnet,bandpass,0,electrode,all,macro_auroc,normalized_robustness,101,3,0.8984341657629553
resnet,bandpass,0,electrode,all,macro_auroc,normalized_robustness,202,3,0.8972992395469853
resnet,bandpass,0,electrode,all,macro_auroc,normalized_robustness,303,3,0.898492709212294
resnet,bandpass,0,electrode,all,macro_auroc,normalized_robustness,404,3,0.8972028391064928
resnet,bandpass,0,electrode,all,macro_auroc,normalized_robustness,505,3,0.8973083942895123
resnet,bandpass,0,electrode,all,macro_f1,absolute,101,3,0.4840843606806586
resnet,bandpass,0,electrode,all,macro_f1,absolute,202,3,0.4818273692964934
resnet,bandpass,0,electrode,all,macro_f1,absolute,303,3,0.4840922930536022
resnet,bandpass,0,electrode,all,macro_f1,absolute,404,3,0.4811925540608127
resnet,bandpass,0,electrode,all,macro_f1,absolute,505,3,0.48387829837356167
resnet,bandpass,0,electrode,all,macro_f1,clean_drop,101,3,0.23365146984511131
resnet,bandpass,0,electrode,all,macro_f1,clean_drop,202,3,0.23590846122927647
resnet,bandpass,0,electrode,all,macro_f1,clean_drop,303,3,0.23364353747216768
resnet,bandpass,0,electrode,all,macro_f1,clean_drop,404,3,0.2365432764649572
resnet,bandpass,0,electrode,all,macro_f1,clean_drop,505,3,0.2338575321522082
resnet,bandpass,0,electrode,all,macro_f1,normalized_robustness,101,3,0.6744555907258661
resnet,bandpass,0,electrode,all,macro_f1,normalized_robustness,202,3,0.6713062859269932
resnet,bandpass,0,electrode,all,macro_f1,normalized_robustness,303,3,0.6744478439655318
resnet,bandpass,0,electrode,all,macro_f1,normalized_robustness,404,3,0.6704155951173609
resnet,bandpass,0,electrode,all,macro_f1,normalized_robustness,505,3,0.6741479877691834
resnet,bandpass,0,electrode,all,mean_confidence,absolute,101,3,0.7804766893386841
resnet,bandpass,0,electrode,all,mean_confidence,absolute,202,3,0.7798421581586202
resnet,bandpass,0,electrode,all,mean_confidence,absolute,303,3,0.7805054187774658
resnet,bandpass,0,electrode,all,mean_confidence,absolute,404,3,0.7802350123723348
resnet,bandpass,0,electrode,all,mean_confidence,absolute,505,3,0.779133677482605
resnet,bandpass,0,electrode,all,mean_entropy,absolute,101,3,0.46373718652018975
resnet,bandpass,0,electrode,all,mean_entropy,absolute,202,3,0.4643473603603084
resnet,bandpass,0,electrode,all,mean_entropy,absolute,303,3,0.46357019806038463
resnet,bandpass,0,electrode,all,mean_entropy,absolute,404,3,0.4639665796381009
resnet,bandpass,0,electrode,all,mean_entropy,absolute,505,3,0.4651810034345125
resnet,bandpass,0,electrode,all,mean_loss,absolute,101,3,0.5283075513583096
resnet,bandpass,0,electrode,all,mean_loss,absolute,202,3,0.5285839126249922
resnet,bandpass,0,electrode,all,mean_loss,absolute,303,3,0.5280075806058473
resnet,bandpass,0,electrode,all,mean_loss,absolute,404,3,0.5302638866743786
resnet,bandpass,0,electrode,all,mean_loss,absolute,505,3,0.5277895565506642
resnet,bandpass,0,electrode,all,micro_ap,absolute,101,3,0.5111227514011192
resnet,bandpass,0,electrode,all,micro_ap,absolute,202,3,0.511824423585357
resnet,bandpass,0,electrode,all,micro_ap,absolute,303,3,0.5110517365175862
resnet,bandpass,0,electrode,all,micro_ap,absolute,404,3,0.5105112002038864
resnet,bandpass,0,electrode,all,micro_ap,absolute,505,3,0.5120436158553271
resnet,bandpass,0,electrode,all,micro_auroc,absolute,101,3,0.7350030409942505
resnet,bandpass,0,electrode,all,micro_auroc,absolute,202,3,0.7341859342581586
resnet,bandpass,0,electrode,all,micro_auroc,absolute,303,3,0.7356654558816399
resnet,bandpass,0,electrode,all,micro_auroc,absolute,404,3,0.7329351738603228
resnet,bandpass,0,electrode,all,micro_auroc,absolute,505,3,0.7347757053279557
resnet,bandpass,0,electrode,all,micro_f1,absolute,101,3,0.47986388442996303
resnet,bandpass,0,electrode,all,micro_f1,absolute,202,3,0.4781568708738277
resnet,bandpass,0,electrode,all,micro_f1,absolute,303,3,0.48235099451525293
resnet,bandpass,0,electrode,all,micro_f1,absolute,404,3,0.4785115885112487
resnet,bandpass,0,electrode,all,micro_f1,absolute,505,3,0.48125854359723014
resnet,bandpass,0,electrode,all,probability_shift,absolute,101,3,0.22017770508925116
resnet,bandpass,0,electrode,all,probability_shift,absolute,202,3,0.22050770620505014
resnet,bandpass,0,electrode,all,probability_shift,absolute,303,3,0.21918590366840363
resnet,bandpass,0,electrode,all,probability_shift,absolute,404,3,0.22067822019259128
resnet,bandpass,0,electrode,all,probability_shift,absolute,505,3,0.21977812548478437
resnet,bandpass,0,independent,all,ap_CD,absolute,101,3,0.7236506744822799
resnet,bandpass,0,independent,all,ap_CD,absolute,202,3,0.7302753094782806
resnet,bandpass,0,independent,all,ap_CD,absolute,303,3,0.7224557987644632
resnet,bandpass,0,independent,all,ap_CD,absolute,404,3,0.7286882108071374
resnet,bandpass,0,independent,all,ap_CD,absolute,505,3,0.7238028132095082
resnet,bandpass,0,independent,all,ap_CD,clean_drop,101,3,0.08293820815313464
resnet,bandpass,0,independent,all,ap_CD,clean_drop,202,3,0.07631357315713416
resnet,bandpass,0,independent,all,ap_CD,clean_drop,303,3,0.08413308387095146
resnet,bandpass,0,independent,all,ap_CD,clean_drop,404,3,0.07790067182827731
resnet,bandpass,0,independent,all,ap_CD,clean_drop,505,3,0.08278606942590634
resnet,bandpass,0,independent,all,ap_CD,normalized_robustness,101,3,0.8972867450226268
resnet,bandpass,0,independent,all,ap_CD,normalized_robustness,202,3,0.9054491968202013
resnet,bandpass,0,independent,all,ap_CD,normalized_robustness,303,3,0.895764547364037
resnet,bandpass,0,independent,all,ap_CD,normalized_robustness,404,3,0.9035146735373166
resnet,bandpass,0,independent,all,ap_CD,normalized_robustness,505,3,0.8974157087844233
resnet,bandpass,0,independent,all,ap_HYP,absolute,101,3,0.565425623088877
resnet,bandpass,0,independent,all,ap_HYP,absolute,202,3,0.5745582467926797
resnet,bandpass,0,independent,all,ap_HYP,absolute,303,3,0.5579803533981752
resnet,bandpass,0,independent,all,ap_HYP,absolute,404,3,0.562135488891344
resnet,bandpass,0,independent,all,ap_HYP,absolute,505,3,0.5637815312229663
resnet,bandpass,0,independent,all,ap_HYP,clean_drop,101,3,0.0761763178924475
resnet,bandpass,0,independent,all,ap_HYP,clean_drop,202,3,0.06704369418864475
resnet,bandpass,0,independent,all,ap_HYP,clean_drop,303,3,0.0836215875831493
resnet,bandpass,0,independent,all,ap_HYP,clean_drop,404,3,0.07946645208998049
resnet,bandpass,0,independent,all,ap_HYP,clean_drop,505,3,0.07782040975835824
resnet,bandpass,0,independent,all,ap_HYP,normalized_robustness,101,3,0.8817059716795931
resnet,bandpass,0,independent,all,ap_HYP,normalized_robustness,202,3,0.896279770141152
resnet,bandpass,0,independent,all,ap_HYP,normalized_robustness,303,3,0.8699916807215331
resnet,bandpass,0,independent,all,ap_HYP,normalized_robustness,404,3,0.876624302384008
resnet,bandpass,0,independent,all,ap_HYP,normalized_robustness,505,3,0.8793911187263127
resnet,bandpass,0,independent,all,ap_MI,absolute,101,3,0.5841722518765754
resnet,bandpass,0,independent,all,ap_MI,absolute,202,3,0.5931459213542917
resnet,bandpass,0,independent,all,ap_MI,absolute,303,3,0.5872642874713659
resnet,bandpass,0,independent,all,ap_MI,absolute,404,3,0.576443948737566
resnet,bandpass,0,independent,all,ap_MI,absolute,505,3,0.5855212936049243
resnet,bandpass,0,independent,all,ap_MI,clean_drop,101,3,0.17893779698845302
resnet,bandpass,0,independent,all,ap_MI,clean_drop,202,3,0.16996412751073667
resnet,bandpass,0,independent,all,ap_MI,clean_drop,303,3,0.17584576139366256
resnet,bandpass,0,independent,all,ap_MI,clean_drop,404,3,0.1866661001274624
resnet,bandpass,0,independent,all,ap_MI,clean_drop,505,3,0.1775887552601041
resnet,bandpass,0,independent,all,ap_MI,normalized_robustness,101,3,0.7647025563858082
resnet,bandpass,0,independent,all,ap_MI,normalized_robustness,202,3,0.7765686308856395
resnet,bandpass,0,independent,all,ap_MI,normalized_robustness,303,3,0.7689256812915709
resnet,bandpass,0,independent,all,ap_MI,normalized_robustness,404,3,0.7548631353385931
resnet,bandpass,0,independent,all,ap_MI,normalized_robustness,505,3,0.7663632406004769
resnet,bandpass,0,independent,all,ap_NORM,absolute,101,3,0.8234441525480031
resnet,bandpass,0,independent,all,ap_NORM,absolute,202,3,0.8206954457278322
resnet,bandpass,0,independent,all,ap_NORM,absolute,303,3,0.816966408508776
resnet,bandpass,0,independent,all,ap_NORM,absolute,404,3,0.8205184923311098
resnet,bandpass,0,independent,all,ap_NORM,absolute,505,3,0.8252118250225854
resnet,bandpass,0,independent,all,ap_NORM,clean_drop,101,3,0.08361606914964333
resnet,bandpass,0,independent,all,ap_NORM,clean_drop,202,3,0.08636477596981429
resnet,bandpass,0,independent,all,ap_NORM,clean_drop,303,3,0.0900938131888706
resnet,bandpass,0,independent,all,ap_NORM,clean_drop,404,3,0.08654172936653666
resnet,bandpass,0,independent,all,ap_NORM,clean_drop,505,3,0.0818483966750611
resnet,bandpass,0,independent,all,ap_NORM,normalized_robustness,101,3,0.9077741062304776
resnet,bandpass,0,independent,all,ap_NORM,normalized_robustness,202,3,0.9047503948055828
resnet,bandpass,0,independent,all,ap_NORM,normalized_robustness,303,3,0.9006346333681147
resnet,bandpass,0,independent,all,ap_NORM,normalized_robustness,404,3,0.9045072892298581
resnet,bandpass,0,independent,all,ap_NORM,normalized_robustness,505,3,0.9096777459317136
resnet,bandpass,0,independent,all,ap_STTC,absolute,101,3,0.6460202006858965
resnet,bandpass,0,independent,all,ap_STTC,absolute,202,3,0.6511574842460074
resnet,bandpass,0,independent,all,ap_STTC,absolute,303,3,0.6497615621261775
resnet,bandpass,0,independent,all,ap_STTC,absolute,404,3,0.6463934836843809
resnet,bandpass,0,independent,all,ap_STTC,absolute,505,3,0.6408854632404405
resnet,bandpass,0,independent,all,ap_STTC,clean_drop,101,3,0.16596341122635502
resnet,bandpass,0,independent,all,ap_STTC,clean_drop,202,3,0.16082612766624413
resnet,bandpass,0,independent,all,ap_STTC,clean_drop,303,3,0.16222204978607402
resnet,bandpass,0,independent,all,ap_STTC,clean_drop,404,3,0.16559012822787056
resnet,bandpass,0,independent,all,ap_STTC,clean_drop,505,3,0.17109814867181108
resnet,bandpass,0,independent,all,ap_STTC,normalized_robustness,101,3,0.7952811934847772
resnet,bandpass,0,independent,all,ap_STTC,normalized_robustness,202,3,0.8016080874328635
resnet,bandpass,0,independent,all,ap_STTC,normalized_robustness,303,3,0.799969914352705
resnet,bandpass,0,independent,all,ap_STTC,normalized_robustness,404,3,0.795615297691831
resnet,bandpass,0,independent,all,ap_STTC,normalized_robustness,505,3,0.7890493970296945
resnet,bandpass,0,independent,all,auroc_CD,absolute,101,3,0.8455983204585743
resnet,bandpass,0,independent,all,auroc_CD,absolute,202,3,0.8443642198154834
resnet,bandpass,0,independent,all,auroc_CD,absolute,303,3,0.8429582670186199
resnet,bandpass,0,independent,all,auroc_CD,absolute,404,3,0.8451341174643842
resnet,bandpass,0,independent,all,auroc_CD,absolute,505,3,0.8424107662746012
resnet,bandpass,0,independent,all,auroc_CD,clean_drop,101,3,0.05265064761978696
resnet,bandpass,0,independent,all,auroc_CD,clean_drop,202,3,0.053884748262878
resnet,bandpass,0,independent,all,auroc_CD,clean_drop,303,3,0.0552907010597414
resnet,bandpass,0,independent,all,auroc_CD,clean_drop,404,3,0.05311485061397717
resnet,bandpass,0,independent,all,auroc_CD,clean_drop,505,3,0.055838201803760125
resnet,bandpass,0,independent,all,auroc_CD,normalized_robustness,101,3,0.9414344786247334
resnet,bandpass,0,independent,all,auroc_CD,normalized_robustness,202,3,0.9400302538715751
resnet,bandpass,0,independent,all,auroc_CD,normalized_robustness,303,3,0.9384959607847478
resnet,bandpass,0,independent,all,auroc_CD,normalized_robustness,404,3,0.9409230034910592
resnet,bandpass,0,independent,all,auroc_CD,normalized_robustness,505,3,0.9378722687187478
resnet,bandpass,0,independent,all,auroc_HYP,absolute,101,3,0.8550135010360634
resnet,bandpass,0,independent,all,auroc_HYP,absolute,202,3,0.8554785218110177
resnet,bandpass,0,independent,all,auroc_HYP,absolute,303,3,0.8507122266241504
resnet,bandpass,0,independent,all,auroc_HYP,absolute,404,3,0.8573607487572605
resnet,bandpass,0,independent,all,auroc_HYP,absolute,505,3,0.8518556543305312
resnet,bandpass,0,independent,all,auroc_HYP,clean_drop,101,3,0.03783578123490198
resnet,bandpass,0,independent,all,auroc_HYP,clean_drop,202,3,0.03737076045994784
resnet,bandpass,0,independent,all,auroc_HYP,clean_drop,303,3,0.04213705564681506
resnet,bandpass,0,independent,all,auroc_HYP,clean_drop,404,3,0.03548853351370503
resnet,bandpass,0,independent,all,auroc_HYP,clean_drop,505,3,0.04099362794043434
resnet,bandpass,0,independent,all,auroc_HYP,normalized_robustness,101,3,0.9576374779417
resnet,bandpass,0,independent,all,auroc_HYP,normalized_robustness,202,3,0.9581620529976363
resnet,bandpass,0,independent,all,auroc_HYP,normalized_robustness,303,3,0.952824713120271
resnet,bandpass,0,independent,all,auroc_HYP,normalized_robustness,404,3,0.9602649901210567
resnet,bandpass,0,independent,all,auroc_HYP,normalized_robustness,505,3,0.9541086504542537
resnet,bandpass,0,independent,all,auroc_MI,absolute,101,3,0.7715867631539274
resnet,bandpass,0,independent,all,auroc_MI,absolute,202,3,0.7717748379315544
resnet,bandpass,0,independent,all,auroc_MI,absolute,303,3,0.7734976631991556
resnet,bandpass,0,independent,all,auroc_MI,absolute,404,3,0.7667578772802653
resnet,bandpass,0,independent,all,auroc_MI,absolute,505,3,0.7758069500979948
resnet,bandpass,0,independent,all,auroc_MI,clean_drop,101,3,0.11882783054424846
resnet,bandpass,0,independent,all,auroc_MI,clean_drop,202,3,0.1186397557666214
resnet,bandpass,0,independent,all,auroc_MI,clean_drop,303,3,0.11691693049902015
resnet,bandpass,0,independent,all,auroc_MI,clean_drop,404,3,0.12365671641791054
resnet,bandpass,0,independent,all,auroc_MI,clean_drop,505,3,0.11460764360018098
resnet,bandpass,0,independent,all,auroc_MI,normalized_robustness,101,3,0.866397829642685
resnet,bandpass,0,independent,all,auroc_MI,normalized_robustness,202,3,0.8666055098872586
resnet,bandpass,0,independent,all,auroc_MI,normalized_robustness,303,3,0.8685656010429548
resnet,bandpass,0,independent,all,auroc_MI,normalized_robustness,404,3,0.8609923208495026
resnet,bandpass,0,independent,all,auroc_MI,normalized_robustness,505,3,0.8711249842653985
resnet,bandpass,0,independent,all,auroc_NORM,absolute,101,3,0.872148721669701
resnet,bandpass,0,independent,all,auroc_NORM,absolute,202,3,0.8715108961853576
resnet,bandpass,0,independent,all,auroc_NORM,absolute,303,3,0.8700805681918574
resnet,bandpass,0,independent,all,auroc_NORM,absolute,404,3,0.8687452478091043
resnet,bandpass,0,independent,all,auroc_NORM,absolute,505,3,0.8715630345083284
resnet,bandpass,0,independent,all,auroc_NORM,clean_drop,101,3,0.06142473760664802
resnet,bandpass,0,independent,all,auroc_NORM,clean_drop,202,3,0.06206256309099142
resnet,bandpass,0,independent,all,auroc_NORM,clean_drop,303,3,0.06349289108449148
resnet,bandpass,0,independent,all,auroc_NORM,clean_drop,404,3,0.06482821146724464
resnet,bandpass,0,independent,all,auroc_NORM,clean_drop,505,3,0.062010424768020544
resnet,bandpass,0,independent,all,auroc_NORM,normalized_robustness,101,3,0.9341963031742843
resnet,bandpass,0,independent,all,auroc_NORM,normalized_robustness,202,3,0.9335074161776914
resnet,bandpass,0,independent,all,auroc_NORM,normalized_robustness,303,3,0.9319793569089551
resnet,bandpass,0,independent,all,auroc_NORM,normalized_robustness,404,3,0.9305403686068657
resnet,bandpass,0,independent,all,auroc_NORM,normalized_robustness,505,3,0.9335592277978262
resnet,bandpass,0,independent,all,auroc_STTC,absolute,101,3,0.8287592075606055
resnet,bandpass,0,independent,all,auroc_STTC,absolute,202,3,0.8324647047581304
resnet,bandpass,0,independent,all,auroc_STTC,absolute,303,3,0.8384991817890114
resnet,bandpass,0,independent,all,auroc_STTC,absolute,404,3,0.8337310069330043
resnet,bandpass,0,independent,all,auroc_STTC,absolute,505,3,0.8308286736149135
resnet,bandpass,0,independent,all,auroc_STTC,clean_drop,101,3,0.09532793122572188
resnet,bandpass,0,independent,all,auroc_STTC,clean_drop,202,3,0.09162243402819707
resnet,bandpass,0,independent,all,auroc_STTC,clean_drop,303,3,0.08558795699731607
resnet,bandpass,0,independent,all,auroc_STTC,clean_drop,404,3,0.0903561318533231
resnet,bandpass,0,independent,all,auroc_STTC,clean_drop,505,3,0.09325846517141394
resnet,bandpass,0,independent,all,auroc_STTC,normalized_robustness,101,3,0.8967770780358446
resnet,bandpass,0,independent,all,auroc_STTC,normalized_robustness,202,3,0.9007942831511934
resnet,bandpass,0,independent,all,auroc_STTC,normalized_robustness,303,3,0.9073164135801854
resnet,bandpass,0,independent,all,auroc_STTC,normalized_robustness,404,3,0.9021384001460531
resnet,bandpass,0,independent,all,auroc_STTC,normalized_robustness,505,3,0.8990072212018031
resnet,bandpass,0,independent,all,brier,absolute,101,3,0.15596765776475272
resnet,bandpass,0,independent,all,brier,absolute,202,3,0.15555885434150693
resnet,bandpass,0,independent,all,brier,absolute,303,3,0.1564101179440816
resnet,bandpass,0,independent,all,brier,absolute,404,3,0.1571459720532099
resnet,bandpass,0,independent,all,brier,absolute,505,3,0.1564399848381678
resnet,bandpass,0,independent,all,clean_agreement,absolute,101,3,0.7744516527649058
resnet,bandpass,0,independent,all,clean_agreement,absolute,202,3,0.7764905776953969
resnet,bandpass,0,independent,all,clean_agreement,absolute,303,3,0.7779734321902997
resnet,bandpass,0,independent,all,clean_agreement,absolute,404,3,0.7717948717948717
resnet,bandpass,0,independent,all,clean_agreement,absolute,505,3,0.7780043249922768
resnet,bandpass,0,independent,all,ece,absolute,101,3,0.1338895468255933
resnet,bandpass,0,independent,all,ece,absolute,202,3,0.13411940149140042
resnet,bandpass,0,independent,all,ece,absolute,303,3,0.13532795584646964
resnet,bandpass,0,independent,all,ece,absolute,404,3,0.13518606094476024
resnet,bandpass,0,independent,all,ece,absolute,505,3,0.13522577190206056
resnet,bandpass,0,independent,all,f1_CD,absolute,101,3,0.6248153385152732
resnet,bandpass,0,independent,all,f1_CD,absolute,202,3,0.642150768053334
resnet,bandpass,0,independent,all,f1_CD,absolute,303,3,0.630923441823856
resnet,bandpass,0,independent,all,f1_CD,absolute,404,3,0.6417924298649584
resnet,bandpass,0,independent,all,f1_CD,absolute,505,3,0.6360774339876082
resnet,bandpass,0,independent,all,f1_CD,clean_drop,101,3,0.08408776505956668
resnet,bandpass,0,independent,all,f1_CD,clean_drop,202,3,0.06675233552150579
resnet,bandpass,0,independent,all,f1_CD,clean_drop,303,3,0.07797966175098385
resnet,bandpass,0,independent,all,f1_CD,clean_drop,404,3,0.0671106737098814
resnet,bandpass,0,independent,all,f1_CD,clean_drop,505,3,0.07282566958723169
resnet,bandpass,0,independent,all,f1_CD,normalized_robustness,101,3,0.881283850822656
resnet,bandpass,0,independent,all,f1_CD,normalized_robustness,202,3,0.9057863160499581
resnet,bandpass,0,independent,all,f1_CD,normalized_robustness,303,3,0.8899676861059418
resnet,bandpass,0,independent,all,f1_CD,normalized_robustness,404,3,0.9052415131428755
resnet,bandpass,0,independent,all,f1_CD,normalized_robustness,505,3,0.8972084585902831
resnet,bandpass,0,independent,all,f1_HYP,absolute,101,3,0.5286680754665927
resnet,bandpass,0,independent,all,f1_HYP,absolute,202,3,0.5321766472824857
resnet,bandpass,0,independent,all,f1_HYP,absolute,303,3,0.5175009808673174
resnet,bandpass,0,independent,all,f1_HYP,absolute,404,3,0.521537219520609
resnet,bandpass,0,independent,all,f1_HYP,absolute,505,3,0.5290555273245534
resnet,bandpass,0,independent,all,f1_HYP,clean_drop,101,3,0.07289113168352672
resnet,bandpass,0,independent,all,f1_HYP,clean_drop,202,3,0.06938255986763368
resnet,bandpass,0,independent,all,f1_HYP,clean_drop,303,3,0.08405822628280187
resnet,bandpass,0,independent,all,f1_HYP,clean_drop,404,3,0.0800219876295104
resnet,bandpass,0,independent,all,f1_HYP,clean_drop,505,3,0.072503679825566
resnet,bandpass,0,independent,all,f1_HYP,normalized_robustness,101,3,0.8792940572942413
resnet,bandpass,0,independent,all,f1_HYP,normalized_robustness,202,3,0.8854248474396699
resnet,bandpass,0,independent,all,f1_HYP,normalized_robustness,303,3,0.8608341385235313
resnet,bandpass,0,independent,all,f1_HYP,normalized_robustness,404,3,0.8668166893695871
resnet,bandpass,0,independent,all,f1_HYP,normalized_robustness,505,3,0.8796283574600462
resnet,bandpass,0,independent,all,f1_MI,absolute,101,3,0.4908588324682823
resnet,bandpass,0,independent,all,f1_MI,absolute,202,3,0.4903482085520416
resnet,bandpass,0,independent,all,f1_MI,absolute,303,3,0.4956032493567894
resnet,bandpass,0,independent,all,f1_MI,absolute,404,3,0.4882027612166501
resnet,bandpass,0,independent,all,f1_MI,absolute,505,3,0.4927953636286732
resnet,bandpass,0,independent,all,f1_MI,clean_drop,101,3,0.19397014998747264
resnet,bandpass,0,independent,all,f1_MI,clean_drop,202,3,0.1944807739037134
resnet,bandpass,0,independent,all,f1_MI,clean_drop,303,3,0.1892257330989656
resnet,bandpass,0,independent,all,f1_MI,clean_drop,404,3,0.19662622123910492
resnet,bandpass,0,independent,all,f1_MI,clean_drop,505,3,0.19203361882708178
resnet,bandpass,0,independent,all,f1_MI,normalized_robustness,101,3,0.7167987910519776
resnet,bandpass,0,independent,all,f1_MI,normalized_robustness,202,3,0.7160616050768391
resnet,bandpass,0,independent,all,f1_MI,normalized_robustness,303,3,0.7238220827867027
resnet,bandpass,0,independent,all,f1_MI,normalized_robustness,404,3,0.7128093264085384
resnet,bandpass,0,independent,all,f1_MI,normalized_robustness,505,3,0.7196673872234248
resnet,bandpass,0,independent,all,f1_NORM,absolute,101,3,0.52315794299319
resnet,bandpass,0,independent,all,f1_NORM,absolute,202,3,0.5239902729434829
resnet,bandpass,0,independent,all,f1_NORM,absolute,303,3,0.5233780151324425
resnet,bandpass,0,independent,all,f1_NORM,absolute,404,3,0.507928732865908
resnet,bandpass,0,independent,all,f1_NORM,absolute,505,3,0.5286940110908503
resnet,bandpass,0,independent,all,f1_NORM,clean_drop,101,3,0.3236748034091404
resnet,bandpass,0,independent,all,f1_NORM,clean_drop,202,3,0.3228424734588474
resnet,bandpass,0,independent,all,f1_NORM,clean_drop,303,3,0.3234547312698878
resnet,bandpass,0,independent,all,f1_NORM,clean_drop,404,3,0.33890401353642235
resnet,bandpass,0,independent,all,f1_NORM,clean_drop,505,3,0.3181387353114799
resnet,bandpass,0,independent,all,f1_NORM,normalized_robustness,101,3,0.617871245986836
resnet,bandpass,0,independent,all,f1_NORM,normalized_robustness,202,3,0.61886904102971
resnet,bandpass,0,independent,all,f1_NORM,normalized_robustness,303,3,0.6181338607336895
resnet,bandpass,0,independent,all,f1_NORM,normalized_robustness,404,3,0.5999155505250141
resnet,bandpass,0,independent,all,f1_NORM,normalized_robustness,505,3,0.6244244726722172
resnet,bandpass,0,independent,all,f1_STTC,absolute,101,3,0.5611601512726633
resnet,bandpass,0,independent,all,f1_STTC,absolute,202,3,0.5691928766899294
resnet,bandpass,0,independent,all,f1_STTC,absolute,303,3,0.5752544300161451
resnet,bandpass,0,independent,all,f1_STTC,absolute,404,3,0.5729430543863637
resnet,bandpass,0,independent,all,f1_STTC,absolute,505,3,0.5779799844017467
resnet,bandpass,0,independent,all,f1_STTC,clean_drop,101,3,0.18539496177314166
resnet,bandpass,0,independent,all,f1_STTC,clean_drop,202,3,0.17736223635587556
resnet,bandpass,0,independent,all,f1_STTC,clean_drop,303,3,0.17130068302965987
resnet,bandpass,0,independent,all,f1_STTC,clean_drop,404,3,0.17361205865944115
resnet,bandpass,0,independent,all,f1_STTC,clean_drop,505,3,0.1685751286440582
resnet,bandpass,0,independent,all,f1_STTC,normalized_robustness,101,3,0.7519651252718624
resnet,bandpass,0,independent,all,f1_STTC,normalized_robustness,202,3,0.7628540466131325
resnet,bandpass,0,independent,all,f1_STTC,normalized_robustness,303,3,0.7708719610859919
resnet,bandpass,0,independent,all,f1_STTC,normalized_robustness,404,3,0.7674085422390613
resnet,bandpass,0,independent,all,f1_STTC,normalized_robustness,505,3,0.7746174142905943
resnet,bandpass,0,independent,all,macro_ap,absolute,101,3,0.6685425805363264
resnet,bandpass,0,independent,all,macro_ap,absolute,202,3,0.6739664815198182
resnet,bandpass,0,independent,all,macro_ap,absolute,303,3,0.6668856820537915
resnet,bandpass,0,independent,all,macro_ap,absolute,404,3,0.6668359248903076
resnet,bandpass,0,independent,all,macro_ap,absolute,505,3,0.6678405852600849
resnet,bandpass,0,independent,all,macro_ap,clean_drop,101,3,0.11752636068200677
resnet,bandpass,0,independent,all,macro_ap,clean_drop,202,3,0.11210245969851489
resnet,bandpass,0,independent,all,macro_ap,clean_drop,303,3,0.1191832591645416
resnet,bandpass,0,independent,all,macro_ap,clean_drop,404,3,0.11923301632802548
resnet,bandpass,0,independent,all,macro_ap,clean_drop,505,3,0.11822835595824825
resnet,bandpass,0,independent,all,macro_ap,normalized_robustness,101,3,0.8504389485814352
resnet,bandpass,0,independent,all,macro_ap,normalized_robustness,202,3,0.8573582742924488
resnet,bandpass,0,independent,all,macro_ap,normalized_robustness,303,3,0.8483373864457366
resnet,bandpass,0,independent,all,macro_ap,normalized_robustness,404,3,0.8482458941323516
resnet,bandpass,0,independent,all,macro_ap,normalized_robustness,505,3,0.8495665900158688
resnet,bandpass,0,independent,all,macro_auroc,absolute,101,3,0.8346213027757744
resnet,bandpass,0,independent,all,macro_auroc,absolute,202,3,0.8351186361003088
resnet,bandpass,0,independent,all,macro_auroc,absolute,303,3,0.8351495813645591
resnet,bandpass,0,independent,all,macro_auroc,absolute,404,3,0.8343457996488036
resnet,bandpass,0,independent,all,macro_auroc,absolute,505,3,0.8344930157652738
resnet,bandpass,0,independent,all,macro_auroc,clean_drop,101,3,0.07321338564626145
resnet,bandpass,0,independent,all,macro_auroc,clean_drop,202,3,0.0727160523217271
resnet,bandpass,0,independent,all,macro_auroc,clean_drop,303,3,0.07268510705747681
resnet,bandpass,0,independent,all,macro_auroc,clean_drop,404,3,0.07348888877323216
resnet,bandpass,0,independent,all,macro_auroc,clean_drop,505,3,0.07334167265676206
resnet,bandpass,0,independent,all,macro_auroc,normalized_robustness,101,3,0.9193447399847569
resnet,bandpass,0,independent,all,macro_auroc,normalized_robustness,202,3,0.9198943961027903
resnet,bandpass,0,independent,all,macro_auroc,normalized_robustness,303,3,0.9199262120150805
resnet,bandpass,0,independent,all,macro_auroc,normalized_robustness,404,3,0.9190401064967538
resnet,bandpass,0,independent,all,macro_auroc,normalized_robustness,505,3,0.9192040665129997
resnet,bandpass,0,independent,all,macro_f1,absolute,101,3,0.5457320681432004
resnet,bandpass,0,independent,all,macro_f1,absolute,202,3,0.5515717547042547
resnet,bandpass,0,independent,all,macro_f1,absolute,303,3,0.5485320234393102
resnet,bandpass,0,independent,all,macro_f1,absolute,404,3,0.5464808395708978
resnet,bandpass,0,independent,all,macro_f1,absolute,505,3,0.5529204640866864
resnet,bandpass,0,independent,all,macro_f1,clean_drop,101,3,0.17200376238256954
resnet,bandpass,0,independent,all,macro_f1,clean_drop,202,3,0.16616407582151518
resnet,bandpass,0,independent,all,macro_f1,clean_drop,303,3,0.1692038070864598
resnet,bandpass,0,independent,all,macro_f1,clean_drop,404,3,0.17125499095487207
resnet,bandpass,0,independent,all,macro_f1,clean_drop,505,3,0.16481536643908354
resnet,bandpass,0,independent,all,macro_f1,normalized_robustness,101,3,0.7603878833462706
resnet,bandpass,0,independent,all,macro_f1,normalized_robustness,202,3,0.7685232888408575
resnet,bandpass,0,independent,all,macro_f1,normalized_robustness,303,3,0.7643026079107522
resnet,bandpass,0,independent,all,macro_f1,normalized_robustness,404,3,0.7613940940605346
resnet,bandpass,0,independent,all,macro_f1,normalized_robustness,505,3,0.7704091016734079
resnet,bandpass,0,independent,all,mean_confidence,absolute,101,3,0.7844357291857401
resnet,bandpass,0,independent,all,mean_confidence,absolute,202,3,0.7844705780347189
resnet,bandpass,0,independent,all,mean_confidence,absolute,303,3,0.7837082147598267
resnet,bandpass,0,independent,all,mean_confidence,absolute,404,3,0.784550408522288
resnet,bandpass,0,independent,all,mean_confidence,absolute,505,3,0.7836063504219055
resnet,bandpass,0,independent,all,mean_entropy,absolute,101,3,0.4573914544533367
resnet,bandpass,0,independent,all,mean_entropy,absolute,202,3,0.45738761920163756
resnet,bandpass,0,independent,all,mean_entropy,absolute,303,3,0.45800559875003516
resnet,bandpass,0,independent,all,mean_entropy,absolute,404,3,0.4579247220413582
resnet,bandpass,0,independent,all,mean_entropy,absolute,505,3,0.45817015028188407
resnet,bandpass,0,independent,all,mean_loss,absolute,101,3,0.4741613928629444
resnet,bandpass,0,independent,all,mean_loss,absolute,202,3,0.47309778538130104
resnet,bandpass,0,independent,all,mean_loss,absolute,303,3,0.4745430664150017
resnet,bandpass,0,independent,all,mean_loss,absolute,404,3,0.47685933383065654
resnet,bandpass,0,independent,all,mean_loss,absolute,505,3,0.47494682499356417
resnet,bandpass,0,independent,all,micro_ap,absolute,101,3,0.5781394197872303
resnet,bandpass,0,independent,all,micro_ap,absolute,202,3,0.5818085199952113
resnet,bandpass,0,independent,all,micro_ap,absolute,303,3,0.5765312667367789
resnet,bandpass,0,independent,all,micro_ap,absolute,404,3,0.5743804649759331
resnet,bandpass,0,independent,all,micro_ap,absolute,505,3,0.5772052244168894
resnet,bandpass,0,independent,all,micro_auroc,absolute,101,3,0.7888850868997096
resnet,bandpass,0,independent,all,micro_auroc,absolute,202,3,0.7889754494497551
resnet,bandpass,0,independent,all,micro_auroc,absolute,303,3,0.7887253272248339
resnet,bandpass,0,independent,all,micro_auroc,absolute,404,3,0.7862301953234249
resnet,bandpass,0,independent,all,micro_auroc,absolute,505,3,0.7875845140248768
resnet,bandpass,0,independent,all,micro_f1,absolute,101,3,0.5408914386695973
resnet,bandpass,0,independent,all,micro_f1,absolute,202,3,0.5459138231915931
resnet,bandpass,0,independent,all,micro_f1,absolute,303,3,0.5448632117465508
resnet,bandpass,0,independent,all,micro_f1,absolute,404,3,0.5414816923727922
resnet,bandpass,0,independent,all,micro_f1,absolute,505,3,0.5486423393795031
resnet,bandpass,0,independent,all,probability_shift,absolute,101,3,0.19019644955794013
resnet,bandpass,0,independent,all,probability_shift,absolute,202,3,0.18955151240030918
resnet,bandpass,0,independent,all,probability_shift,absolute,303,3,0.1901388714710871
resnet,bandpass,0,independent,all,probability_shift,absolute,404,3,0.19200181464354193
resnet,bandpass,0,independent,all,probability_shift,absolute,505,3,0.19085690875848135
resnet,bandpass,0,independent_rms,all,ap_CD,absolute,101,3,0.7218123629795694
resnet,bandpass,0,independent_rms,all,ap_CD,absolute,202,3,0.7295664851339425
resnet,bandpass,0,independent_rms,all,ap_CD,absolute,303,3,0.721392003211799
resnet,bandpass,0,independent_rms,all,ap_CD,absolute,404,3,0.7273900408456999
resnet,bandpass,0,independent_rms,all,ap_CD,absolute,505,3,0.7228517513045943
resnet,bandpass,0,independent_rms,all,ap_CD,clean_drop,101,3,0.08477651965584525
resnet,bandpass,0,independent_rms,all,ap_CD,clean_drop,202,3,0.07702239750147215
resnet,bandpass,0,independent_rms,all,ap_CD,clean_drop,303,3,0.0851968794236158
resnet,bandpass,0,independent_rms,all,ap_CD,clean_drop,404,3,0.07919884178971481
resnet,bandpass,0,independent_rms,all,ap_CD,clean_drop,505,3,0.08373713133082043
resnet,bandpass,0,independent_rms,all,ap_CD,normalized_robustness,101,3,0.8950095829524475
resnet,bandpass,0,independent_rms,all,ap_CD,normalized_robustness,202,3,0.9045685719981789
resnet,bandpass,0,independent_rms,all,ap_CD,normalized_robustness,303,3,0.8944483284270408
resnet,bandpass,0,independent_rms,all,ap_CD,normalized_robustness,404,3,0.9018998778215921
resnet,bandpass,0,independent_rms,all,ap_CD,normalized_robustness,505,3,0.8962335185644826
resnet,bandpass,0,independent_rms,all,ap_HYP,absolute,101,3,0.5663631596573295
resnet,bandpass,0,independent_rms,all,ap_HYP,absolute,202,3,0.5724871948752785
resnet,bandpass,0,independent_rms,all,ap_HYP,absolute,303,3,0.556400635074529
resnet,bandpass,0,independent_rms,all,ap_HYP,absolute,404,3,0.5597384313199257
resnet,bandpass,0,independent_rms,all,ap_HYP,absolute,505,3,0.5627814059691153
resnet,bandpass,0,independent_rms,all,ap_HYP,clean_drop,101,3,0.07523878132399497
resnet,bandpass,0,independent_rms,all,ap_HYP,clean_drop,202,3,0.069114746106046
resnet,bandpass,0,independent_rms,all,ap_HYP,clean_drop,303,3,0.08520130590679553
resnet,bandpass,0,independent_rms,all,ap_HYP,clean_drop,404,3,0.08186350966139877
resnet,bandpass,0,independent_rms,all,ap_HYP,clean_drop,505,3,0.07882053501220924
resnet,bandpass,0,independent_rms,all,ap_HYP,normalized_robustness,101,3,0.8831724429135033
resnet,bandpass,0,independent_rms,all,ap_HYP,normalized_robustness,202,3,0.8930269362601337
resnet,bandpass,0,independent_rms,all,ap_HYP,normalized_robustness,303,3,0.8675580132307181
resnet,bandpass,0,independent_rms,all,ap_HYP,normalized_robustness,404,3,0.8728397965213661
resnet,bandpass,0,independent_rms,all,ap_HYP,normalized_robustness,505,3,0.8778249438477966
resnet,bandpass,0,independent_rms,all,ap_MI,absolute,101,3,0.5846905388983555
resnet,bandpass,0,independent_rms,all,ap_MI,absolute,202,3,0.5920588129041994
resnet,bandpass,0,independent_rms,all,ap_MI,absolute,303,3,0.5843569899837946
resnet,bandpass,0,independent_rms,all,ap_MI,absolute,404,3,0.574079308142343
resnet,bandpass,0,independent_rms,all,ap_MI,absolute,505,3,0.5837868520758764
resnet,bandpass,0,independent_rms,all,ap_MI,clean_drop,101,3,0.1784195099666729
resnet,bandpass,0,independent_rms,all,ap_MI,clean_drop,202,3,0.17105123596082908
resnet,bandpass,0,independent_rms,all,ap_MI,clean_drop,303,3,0.1787530588812338
resnet,bandpass,0,independent_rms,all,ap_MI,clean_drop,404,3,0.18903074072268547
resnet,bandpass,0,independent_rms,all,ap_MI,clean_drop,505,3,0.179323196789152
resnet,bandpass,0,independent_rms,all,ap_MI,normalized_robustness,101,3,0.765379100991331
resnet,bandpass,0,independent_rms,all,ap_MI,normalized_robustness,202,3,0.7751316098836404
resnet,bandpass,0,independent_rms,all,ap_MI,normalized_robustness,303,3,0.765155220100016
resnet,bandpass,0,independent_rms,all,ap_MI,normalized_robustness,404,3,0.7517904344833174
resnet,bandpass,0,independent_rms,all,ap_MI,normalized_robustness,505,3,0.7641072033839471
resnet,bandpass,0,independent_rms,all,ap_NORM,absolute,101,3,0.821868999889841
resnet,bandpass,0,independent_rms,all,ap_NORM,absolute,202,3,0.8201582279475744
resnet,bandpass,0,independent_rms,all,ap_NORM,absolute,303,3,0.8139006761465479
resnet,bandpass,0,independent_rms,all,ap_NORM,absolute,404,3,0.8205183496993648
resnet,bandpass,0,independent_rms,all,ap_NORM,absolute,505,3,0.8230481752783002
resnet,bandpass,0,independent_rms,all,ap_NORM,clean_drop,101,3,0.08519122180780551
resnet,bandpass,0,independent_rms,all,ap_NORM,clean_drop,202,3,0.08690199375007206
resnet,bandpass,0,independent_rms,all,ap_NORM,clean_drop,303,3,0.09315954555109851
resnet,bandpass,0,independent_rms,all,ap_NORM,clean_drop,404,3,0.08654187199828178
resnet,bandpass,0,independent_rms,all,ap_NORM,clean_drop,505,3,0.08401204641934638
resnet,bandpass,0,independent_rms,all,ap_NORM,normalized_robustness,101,3,0.9060318978482497
resnet,bandpass,0,independent_rms,all,ap_NORM,normalized_robustness,202,3,0.9041584111266007
resnet,bandpass,0,independent_rms,all,ap_NORM,normalized_robustness,303,3,0.8972466758302375
resnet,bandpass,0,independent_rms,all,ap_NORM,normalized_robustness,404,3,0.9045009858659344
resnet,bandpass,0,independent_rms,all,ap_NORM,normalized_robustness,505,3,0.9072868097792378
resnet,bandpass,0,independent_rms,all,ap_STTC,absolute,101,3,0.6449245014975299
resnet,bandpass,0,independent_rms,all,ap_STTC,absolute,202,3,0.6469035567297685
resnet,bandpass,0,independent_rms,all,ap_STTC,absolute,303,3,0.6494181171688505
resnet,bandpass,0,independent_rms,all,ap_STTC,absolute,404,3,0.644855190019157
resnet,bandpass,0,independent_rms,all,ap_STTC,absolute,505,3,0.6390244296610214
resnet,bandpass,0,independent_rms,all,ap_STTC,clean_drop,101,3,0.16705911041472163
resnet,bandpass,0,independent_rms,all,ap_STTC,clean_drop,202,3,0.16508005518248303
resnet,bandpass,0,independent_rms,all,ap_STTC,clean_drop,303,3,0.1625654947434011
resnet,bandpass,0,independent_rms,all,ap_STTC,clean_drop,404,3,0.16712842189309451
resnet,bandpass,0,independent_rms,all,ap_STTC,clean_drop,505,3,0.17295918225123008
resnet,bandpass,0,independent_rms,all,ap_STTC,normalized_robustness,101,3,0.7939210547371566
resnet,bandpass,0,independent_rms,all,ap_STTC,normalized_robustness,202,3,0.796395262879774
resnet,bandpass,0,independent_rms,all,ap_STTC,normalized_robustness,303,3,0.7995250986102267
resnet,bandpass,0,independent_rms,all,ap_STTC,normalized_robustness,404,3,0.7937604458215674
resnet,bandpass,0,independent_rms,all,ap_STTC,normalized_robustness,505,3,0.7867539053652831
resnet,bandpass,0,independent_rms,all,auroc_CD,absolute,101,3,0.8445777208441702
resnet,bandpass,0,independent_rms,all,auroc_CD,absolute,202,3,0.8440217285819651
resnet,bandpass,0,independent_rms,all,auroc_CD,absolute,303,3,0.841782798286816
resnet,bandpass,0,independent_rms,all,auroc_CD,absolute,404,3,0.8443779679877851
resnet,bandpass,0,independent_rms,all,auroc_CD,absolute,505,3,0.8416206507252566
resnet,bandpass,0,independent_rms,all,auroc_CD,clean_drop,101,3,0.05367124723419118
resnet,bandpass,0,independent_rms,all,auroc_CD,clean_drop,202,3,0.05422723949639626
resnet,bandpass,0,independent_rms,all,auroc_CD,clean_drop,303,3,0.056466169791545284
resnet,bandpass,0,independent_rms,all,auroc_CD,clean_drop,404,3,0.053871000090576215
resnet,bandpass,0,independent_rms,all,auroc_CD,clean_drop,505,3,0.05662831735310481
resnet,bandpass,0,independent_rms,all,auroc_CD,normalized_robustness,101,3,0.9403022308456079
resnet,bandpass,0,independent_rms,all,auroc_CD,normalized_robustness,202,3,0.9396518156191541
resnet,bandpass,0,independent_rms,all,auroc_CD,normalized_robustness,303,3,0.9371895578454571
resnet,bandpass,0,independent_rms,all,auroc_CD,normalized_robustness,404,3,0.9400777107118312
resnet,bandpass,0,independent_rms,all,auroc_CD,normalized_robustness,505,3,0.9369942104196691
resnet,bandpass,0,independent_rms,all,auroc_HYP,absolute,101,3,0.8547960887256956
resnet,bandpass,0,independent_rms,all,auroc_HYP,absolute,202,3,0.8546786592370706
resnet,bandpass,0,independent_rms,all,auroc_HYP,absolute,303,3,0.8507632245734961
resnet,bandpass,0,independent_rms,all,auroc_HYP,absolute,404,3,0.8573439731160285
resnet,bandpass,0,independent_rms,all,auroc_HYP,absolute,505,3,0.8515563768909503
resnet,bandpass,0,independent_rms,all,auroc_HYP,clean_drop,101,3,0.03805319354527
resnet,bandpass,0,independent_rms,all,auroc_HYP,clean_drop,202,3,0.03817062303389481
resnet,bandpass,0,independent_rms,all,auroc_HYP,clean_drop,303,3,0.042086057697469426
resnet,bandpass,0,independent_rms,all,auroc_HYP,clean_drop,404,3,0.03550530915493707
resnet,bandpass,0,independent_rms,all,auroc_HYP,clean_drop,505,3,0.04129290538001525
resnet,bandpass,0,independent_rms,all,auroc_HYP,normalized_robustness,101,3,0.9573945758946385
resnet,bandpass,0,independent_rms,all,auroc_HYP,normalized_robustness,202,3,0.9572661030871418
resnet,bandpass,0,independent_rms,all,auroc_HYP,normalized_robustness,303,3,0.9528838700299577
resnet,bandpass,0,independent_rms,all,auroc_HYP,normalized_robustness,404,3,0.9602438097136116
resnet,bandpass,0,independent_rms,all,auroc_HYP,normalized_robustness,505,3,0.953774313383319
resnet,bandpass,0,independent_rms,all,auroc_MI,absolute,101,3,0.7706935021860395
resnet,bandpass,0,independent_rms,all,auroc_MI,absolute,202,3,0.7706697572742348
resnet,bandpass,0,independent_rms,all,auroc_MI,absolute,303,3,0.7719014774611791
resnet,bandpass,0,independent_rms,all,auroc_MI,absolute,404,3,0.7658114729383386
resnet,bandpass,0,independent_rms,all,auroc_MI,absolute,505,3,0.7749717322478517
resnet,bandpass,0,independent_rms,all,auroc_MI,clean_drop,101,3,0.11972109151213635
resnet,bandpass,0,independent_rms,all,auroc_MI,clean_drop,202,3,0.11974483642394096
resnet,bandpass,0,independent_rms,all,auroc_MI,clean_drop,303,3,0.11851311623699685
resnet,bandpass,0,independent_rms,all,auroc_MI,clean_drop,404,3,0.12460312075983719
resnet,bandpass,0,independent_rms,all,auroc_MI,clean_drop,505,3,0.11544286145032419
resnet,bandpass,0,independent_rms,all,auroc_MI,normalized_robustness,101,3,0.8653913357022858
resnet,bandpass,0,independent_rms,all,auroc_MI,normalized_robustness,202,3,0.8653612879448623
resnet,bandpass,0,independent_rms,all,auroc_MI,normalized_robustness,303,3,0.8667797671946347
resnet,bandpass,0,independent_rms,all,auroc_MI,normalized_robustness,404,3,0.8599273973840812
resnet,bandpass,0,independent_rms,all,auroc_MI,normalized_robustness,505,3,0.870188191402652
resnet,bandpass,0,independent_rms,all,auroc_NORM,absolute,101,3,0.8706593035768337
resnet,bandpass,0,independent_rms,all,auroc_NORM,absolute,202,3,0.8703487908978075
resnet,bandpass,0,independent_rms,all,auroc_NORM,absolute,303,3,0.8680744013868794
resnet,bandpass,0,independent_rms,all,auroc_NORM,absolute,404,3,0.8685001976911413
resnet,bandpass,0,independent_rms,all,auroc_NORM,absolute,505,3,0.8697381932043489
resnet,bandpass,0,independent_rms,all,auroc_NORM,clean_drop,101,3,0.06291415569951513
resnet,bandpass,0,independent_rms,all,auroc_NORM,clean_drop,202,3,0.0632246683785415
resnet,bandpass,0,independent_rms,all,auroc_NORM,clean_drop,303,3,0.06549905788946953
resnet,bandpass,0,independent_rms,all,auroc_NORM,clean_drop,404,3,0.0650732615852077
resnet,bandpass,0,independent_rms,all,auroc_NORM,clean_drop,505,3,0.06383526607200007
resnet,bandpass,0,independent_rms,all,auroc_NORM,normalized_robustness,101,3,0.9325986897978774
resnet,bandpass,0,independent_rms,all,auroc_NORM,normalized_robustness,202,3,0.9322608274559094
resnet,bandpass,0,independent_rms,all,auroc_NORM,normalized_robustness,303,3,0.9298279823102943
resnet,bandpass,0,independent_rms,all,auroc_NORM,normalized_robustness,404,3,0.9302758519602964
resnet,bandpass,0,independent_rms,all,auroc_NORM,normalized_robustness,505,3,0.9316041642906562
resnet,bandpass,0,independent_rms,all,auroc_STTC,absolute,101,3,0.8278403568158127
resnet,bandpass,0,independent_rms,all,auroc_STTC,absolute,202,3,0.8308001427325785
resnet,bandpass,0,independent_rms,all,auroc_STTC,absolute,303,3,0.8376934774885476
resnet,bandpass,0,independent_rms,all,auroc_STTC,absolute,404,3,0.8325588957532369
resnet,bandpass,0,independent_rms,all,auroc_STTC,absolute,505,3,0.8297675592924497
resnet,bandpass,0,independent_rms,all,auroc_STTC,clean_drop,101,3,0.09624678197051469
resnet,bandpass,0,independent_rms,all,auroc_STTC,clean_drop,202,3,0.09328699605374909
resnet,bandpass,0,independent_rms,all,auroc_STTC,clean_drop,303,3,0.08639366129777996
resnet,bandpass,0,independent_rms,all,auroc_STTC,clean_drop,404,3,0.09152824303309066
resnet,bandpass,0,independent_rms,all,auroc_STTC,clean_drop,505,3,0.09431957949387777
resnet,bandpass,0,independent_rms,all,auroc_STTC,normalized_robustness,101,3,0.8957767921493156
resnet,bandpass,0,independent_rms,all,auroc_STTC,normalized_robustness,202,3,0.8989950261361167
resnet,bandpass,0,independent_rms,all,auroc_STTC,normalized_robustness,303,3,0.9064397350389225
resnet,bandpass,0,independent_rms,all,auroc_STTC,normalized_robustness,404,3,0.9008723831738507
resnet,bandpass,0,independent_rms,all,auroc_STTC,normalized_robustness,505,3,0.8978554548704715
resnet,bandpass,0,independent_rms,all,brier,absolute,101,3,0.15668163696924844
resnet,bandpass,0,independent_rms,all,brier,absolute,202,3,0.15624580283959702
resnet,bandpass,0,independent_rms,all,brier,absolute,303,3,0.15709703663984934
resnet,bandpass,0,independent_rms,all,brier,absolute,404,3,0.15777478118737534
resnet,bandpass,0,independent_rms,all,brier,absolute,505,3,0.15718107918898264
resnet,bandpass,0,independent_rms,all,clean_agreement,absolute,101,3,0.7718875502008032
resnet,bandpass,0,independent_rms,all,clean_agreement,absolute,202,3,0.7748841519925858
resnet,bandpass,0,independent_rms,all,clean_agreement,absolute,303,3,0.7762434352795798
resnet,bandpass,0,independent_rms,all,clean_agreement,absolute,404,3,0.7716095149830089
resnet,bandpass,0,independent_rms,all,clean_agreement,absolute,505,3,0.7751312944084029
resnet,bandpass,0,independent_rms,all,ece,absolute,101,3,0.13516041472310225
resnet,bandpass,0,independent_rms,all,ece,absolute,202,3,0.13484362020707666
resnet,bandpass,0,independent_rms,all,ece,absolute,303,3,0.13581094550700198
resnet,bandpass,0,independent_rms,all,ece,absolute,404,3,0.13616530772961455
resnet,bandpass,0,independent_rms,all,ece,absolute,505,3,0.1358754990911263
resnet,bandpass,0,independent_rms,all,f1_CD,absolute,101,3,0.6236465851710787
resnet,bandpass,0,independent_rms,all,f1_CD,absolute,202,3,0.6425601922023882
resnet,bandpass,0,independent_rms,all,f1_CD,absolute,303,3,0.6337836682270052
resnet,bandpass,0,independent_rms,all,f1_CD,absolute,404,3,0.6404477178441023
resnet,bandpass,0,independent_rms,all,f1_CD,absolute,505,3,0.6343095906379782
resnet,bandpass,0,independent_rms,all,f1_CD,clean_drop,101,3,0.08525651840376107
resnet,bandpass,0,independent_rms,all,f1_CD,clean_drop,202,3,0.06634291137245156
resnet,bandpass,0,independent_rms,all,f1_CD,clean_drop,303,3,0.07511943534783468
resnet,bandpass,0,independent_rms,all,f1_CD,clean_drop,404,3,0.06845538573073755
resnet,bandpass,0,independent_rms,all,f1_CD,clean_drop,505,3,0.0745935129368616
resnet,bandpass,0,independent_rms,all,f1_CD,normalized_robustness,101,3,0.879627262728191
resnet,bandpass,0,independent_rms,all,f1_CD,normalized_robustness,202,3,0.9063594553679405
resnet,bandpass,0,independent_rms,all,f1_CD,normalized_robustness,303,3,0.8939978224790459
resnet,bandpass,0,independent_rms,all,f1_CD,normalized_robustness,404,3,0.9033207313543321
resnet,bandpass,0,independent_rms,all,f1_CD,normalized_robustness,505,3,0.8947209143979261
resnet,bandpass,0,independent_rms,all,f1_HYP,absolute,101,3,0.5289273145740213
resnet,bandpass,0,independent_rms,all,f1_HYP,absolute,202,3,0.5302455691300448
resnet,bandpass,0,independent_rms,all,f1_HYP,absolute,303,3,0.5232875815603636
resnet,bandpass,0,independent_rms,all,f1_HYP,absolute,404,3,0.5234042931613957
resnet,bandpass,0,independent_rms,all,f1_HYP,absolute,505,3,0.5289115646258504
resnet,bandpass,0,independent_rms,all,f1_HYP,clean_drop,101,3,0.07263189257609799
resnet,bandpass,0,independent_rms,all,f1_HYP,clean_drop,202,3,0.07131363802007455
resnet,bandpass,0,independent_rms,all,f1_HYP,clean_drop,303,3,0.0782716255897558
resnet,bandpass,0,independent_rms,all,f1_HYP,clean_drop,404,3,0.07815491398872358
resnet,bandpass,0,independent_rms,all,f1_HYP,clean_drop,505,3,0.07264764252426899
resnet,bandpass,0,independent_rms,all,f1_HYP,normalized_robustness,101,3,0.8796462599118189
resnet,bandpass,0,independent_rms,all,f1_HYP,normalized_robustness,202,3,0.8823073861230003
resnet,bandpass,0,independent_rms,all,f1_HYP,normalized_robustness,303,3,0.8701408631171116
resnet,bandpass,0,independent_rms,all,f1_HYP,normalized_robustness,404,3,0.8700645231233154
resnet,bandpass,0,independent_rms,all,f1_HYP,normalized_robustness,505,3,0.8794666753806905
resnet,bandpass,0,independent_rms,all,f1_MI,absolute,101,3,0.48880586780440893
resnet,bandpass,0,independent_rms,all,f1_MI,absolute,202,3,0.4901687869474833
resnet,bandpass,0,independent_rms,all,f1_MI,absolute,303,3,0.4914359114073483
resnet,bandpass,0,independent_rms,all,f1_MI,absolute,404,3,0.4889050332128302
resnet,bandpass,0,independent_rms,all,f1_MI,absolute,505,3,0.49290823376833864
resnet,bandpass,0,independent_rms,all,f1_MI,clean_drop,101,3,0.19602311465134595
resnet,bandpass,0,independent_rms,all,f1_MI,clean_drop,202,3,0.1946601955082717
resnet,bandpass,0,independent_rms,all,f1_MI,clean_drop,303,3,0.19339307104840664
resnet,bandpass,0,independent_rms,all,f1_MI,clean_drop,404,3,0.1959239492429248
resnet,bandpass,0,independent_rms,all,f1_MI,clean_drop,505,3,0.1919207486874163
resnet,bandpass,0,independent_rms,all,f1_MI,normalized_robustness,101,3,0.7137743551293384
resnet,bandpass,0,independent_rms,all,f1_MI,normalized_robustness,202,3,0.7157722913961656
resnet,bandpass,0,independent_rms,all,f1_MI,normalized_robustness,303,3,0.71773021613136
resnet,bandpass,0,independent_rms,all,f1_MI,normalized_robustness,404,3,0.7137886204362728
resnet,bandpass,0,independent_rms,all,f1_MI,normalized_robustness,505,3,0.7197196161581173
resnet,bandpass,0,independent_rms,all,f1_NORM,absolute,101,3,0.5146379672381055
resnet,bandpass,0,independent_rms,all,f1_NORM,absolute,202,3,0.5168647483252911
resnet,bandpass,0,independent_rms,all,f1_NORM,absolute,303,3,0.5129938801338395
resnet,bandpass,0,independent_rms,all,f1_NORM,absolute,404,3,0.4974467295697633
resnet,bandpass,0,independent_rms,all,f1_NORM,absolute,505,3,0.5157882762221044
resnet,bandpass,0,independent_rms,all,f1_NORM,clean_drop,101,3,0.33219477916422485
resnet,bandpass,0,independent_rms,all,f1_NORM,clean_drop,202,3,0.3299679980770393
resnet,bandpass,0,independent_rms,all,f1_NORM,clean_drop,303,3,0.3338388662684908
resnet,bandpass,0,independent_rms,all,f1_NORM,clean_drop,404,3,0.34938601683256704
resnet,bandpass,0,independent_rms,all,f1_NORM,clean_drop,505,3,0.331044470180226
resnet,bandpass,0,independent_rms,all,f1_NORM,normalized_robustness,101,3,0.6078152881283162
resnet,bandpass,0,independent_rms,all,f1_NORM,normalized_robustness,202,3,0.6104646223203322
resnet,bandpass,0,independent_rms,all,f1_NORM,normalized_robustness,303,3,0.6058728166887889
resnet,bandpass,0,independent_rms,all,f1_NORM,normalized_robustness,404,3,0.587545504554876
resnet,bandpass,0,independent_rms,all,f1_NORM,normalized_robustness,505,3,0.6091871510630361
resnet,bandpass,0,independent_rms,all,f1_STTC,absolute,101,3,0.5619451239454434
resnet,bandpass,0,independent_rms,all,f1_STTC,absolute,202,3,0.5646248425517036
resnet,bandpass,0,independent_rms,all,f1_STTC,absolute,303,3,0.573521245831852
resnet,bandpass,0,independent_rms,all,f1_STTC,absolute,404,3,0.5777669404940388
resnet,bandpass,0,independent_rms,all,f1_STTC,absolute,505,3,0.5759988017494025
resnet,bandpass,0,independent_rms,all,f1_STTC,clean_drop,101,3,0.1846099891003615
resnet,bandpass,0,independent_rms,all,f1_STTC,clean_drop,202,3,0.18193027049410138
resnet,bandpass,0,independent_rms,all,f1_STTC,clean_drop,303,3,0.1730338672139529
resnet,bandpass,0,independent_rms,all,f1_STTC,clean_drop,404,3,0.16878817255176612
resnet,bandpass,0,independent_rms,all,f1_STTC,clean_drop,505,3,0.17055631129640236
resnet,bandpass,0,independent_rms,all,f1_STTC,normalized_robustness,101,3,0.752985021161095
resnet,bandpass,0,independent_rms,all,f1_STTC,normalized_robustness,202,3,0.756812754405915
resnet,bandpass,0,independent_rms,all,f1_STTC,normalized_robustness,303,3,0.7684976323629024
resnet,bandpass,0,independent_rms,all,f1_STTC,normalized_robustness,404,3,0.7738754403616639
resnet,bandpass,0,independent_rms,all,f1_STTC,normalized_robustness,505,3,0.7718600925238058
resnet,bandpass,0,independent_rms,all,macro_ap,absolute,101,3,0.6679319125845251
resnet,bandpass,0,independent_rms,all,macro_ap,absolute,202,3,0.6722348555181527
resnet,bandpass,0,independent_rms,all,macro_ap,absolute,303,3,0.6650936843171041
resnet,bandpass,0,independent_rms,all,macro_ap,absolute,404,3,0.665316264005298
resnet,bandpass,0,independent_rms,all,macro_ap,absolute,505,3,0.6662985228577815
resnet,bandpass,0,independent_rms,all,macro_ap,clean_drop,101,3,0.11813702863380808
resnet,bandpass,0,independent_rms,all,macro_ap,clean_drop,202,3,0.11383408570018054
resnet,bandpass,0,independent_rms,all,macro_ap,clean_drop,303,3,0.12097525690122897
resnet,bandpass,0,independent_rms,all,macro_ap,clean_drop,404,3,0.1207526772130351
resnet,bandpass,0,independent_rms,all,macro_ap,clean_drop,505,3,0.11977041836055165
resnet,bandpass,0,independent_rms,all,macro_ap,normalized_robustness,101,3,0.8496625343411021
resnet,bandpass,0,independent_rms,all,macro_ap,normalized_robustness,202,3,0.8551599864459103
resnet,bandpass,0,independent_rms,all,macro_ap,normalized_robustness,303,3,0.8460604415588148
resnet,bandpass,0,independent_rms,all,macro_ap,normalized_robustness,404,3,0.846321195166411
resnet,bandpass,0,independent_rms,all,macro_ap,normalized_robustness,505,3,0.8476077450654197
resnet,bandpass,0,independent_rms,all,macro_auroc,absolute,101,3,0.8337133944297103
resnet,bandpass,0,independent_rms,all,macro_auroc,absolute,202,3,0.8341038157447315
resnet,bandpass,0,independent_rms,all,macro_auroc,absolute,303,3,0.8340430758393835
resnet,bandpass,0,independent_rms,all,macro_auroc,absolute,404,3,0.8337185014973061
resnet,bandpass,0,independent_rms,all,macro_auroc,absolute,505,3,0.8335309024721713
resnet,bandpass,0,independent_rms,all,macro_auroc,clean_drop,101,3,0.07412129399232548
resnet,bandpass,0,independent_rms,all,macro_auroc,clean_drop,202,3,0.07373087267730453
resnet,bandpass,0,independent_rms,all,macro_auroc,clean_drop,303,3,0.07379161258265228
resnet,bandpass,0,independent_rms,all,macro_auroc,clean_drop,404,3,0.07411618692472981
resnet,bandpass,0,independent_rms,all,macro_auroc,clean_drop,505,3,0.07430378594986446
resnet,bandpass,0,independent_rms,all,macro_auroc,normalized_robustness,101,3,0.9183441288861584
resnet,bandpass,0,independent_rms,all,macro_auroc,normalized_robustness,202,3,0.9187762685244417
resnet,bandpass,0,independent_rms,all,macro_auroc,normalized_robustness,303,3,0.9187070444186095
resnet,bandpass,0,independent_rms,all,macro_auroc,normalized_robustness,404,3,0.9183494733364136
resnet,bandpass,0,independent_rms,all,macro_auroc,normalized_robustness,505,3,0.918143927970439
resnet,bandpass,0,independent_rms,all,macro_f1,absolute,101,3,0.5435925717466116
resnet,bandpass,0,independent_rms,all,macro_f1,absolute,202,3,0.5488928278313822
resnet,bandpass,0,independent_rms,all,macro_f1,absolute,303,3,0.5470044574320817
resnet,bandpass,0,independent_rms,all,macro_f1,absolute,404,3,0.545594142856426
resnet,bandpass,0,independent_rms,all,macro_f1,absolute,505,3,0.5495832934007349
resnet,bandpass,0,independent_rms,all,macro_f1,clean_drop,101,3,0.17414325877915834
resnet,bandpass,0,independent_rms,all,macro_f1,clean_drop,202,3,0.1688430026943877
resnet,bandpass,0,independent_rms,all,macro_f1,clean_drop,303,3,0.17073137309368813
resnet,bandpass,0,independent_rms,all,macro_f1,clean_drop,404,3,0.17214168766934382
resnet,bandpass,0,independent_rms,all,macro_f1,clean_drop,505,3,0.16815253712503506
resnet,bandpass,0,independent_rms,all,macro_f1,normalized_robustness,101,3,0.7574023257229245
resnet,bandpass,0,independent_rms,all,macro_f1,normalized_robustness,202,3,0.7647927025572286
resnet,bandpass,0,independent_rms,all,macro_f1,normalized_robustness,303,3,0.7621659059485699
resnet,bandpass,0,independent_rms,all,macro_f1,normalized_robustness,404,3,0.7601535925535358
resnet,bandpass,0,independent_rms,all,macro_f1,normalized_robustness,505,3,0.7657512307663259
resnet,bandpass,0,independent_rms,all,mean_confidence,absolute,101,3,0.7837138573328654
resnet,bandpass,0,independent_rms,all,mean_confidence,absolute,202,3,0.7837232748667399
resnet,bandpass,0,independent_rms,all,mean_confidence,absolute,303,3,0.7829359372456869
resnet,bandpass,0,independent_rms,all,mean_confidence,absolute,404,3,0.7839637994766235
resnet,bandpass,0,independent_rms,all,mean_confidence,absolute,505,3,0.7828539411226908
resnet,bandpass,0,independent_rms,all,mean_entropy,absolute,101,3,0.4585853392821764
resnet,bandpass,0,independent_rms,all,mean_entropy,absolute,202,3,0.45858648452988243
resnet,bandpass,0,independent_rms,all,mean_entropy,absolute,303,3,0.45928375953259026
resnet,bandpass,0,independent_rms,all,mean_entropy,absolute,404,3,0.45908152664217483
resnet,bandpass,0,independent_rms,all,mean_entropy,absolute,505,3,0.4593626285014747
resnet,bandpass,0,independent_rms,all,mean_loss,absolute,101,3,0.47606307766691724
resnet,bandpass,0,independent_rms,all,mean_loss,absolute,202,3,0.4749842199872724
resnet,bandpass,0,independent_rms,all,mean_loss,absolute,303,3,0.47637710742529427
resnet,bandpass,0,independent_rms,all,mean_loss,absolute,404,3,0.47844823805342324
resnet,bandpass,0,independent_rms,all,mean_loss,absolute,505,3,0.47695900553836146
resnet,bandpass,0,independent_rms,all,micro_ap,absolute,101,3,0.5752431618669168
resnet,bandpass,0,independent_rms,all,micro_ap,absolute,202,3,0.578559765768363
resnet,bandpass,0,independent_rms,all,micro_ap,absolute,303,3,0.5733450837063877
resnet,bandpass,0,independent_rms,all,micro_ap,absolute,404,3,0.5714912511580608
resnet,bandpass,0,independent_rms,all,micro_ap,absolute,505,3,0.5741194715967081
resnet,bandpass,0,independent_rms,all,micro_auroc,absolute,101,3,0.7862292325110886
resnet,bandpass,0,independent_rms,all,micro_auroc,absolute,202,3,0.7863858649117867
resnet,bandpass,0,independent_rms,all,micro_auroc,absolute,303,3,0.7861824204260234
resnet,bandpass,0,independent_rms,all,micro_auroc,absolute,404,3,0.7838924795071739
resnet,bandpass,0,independent_rms,all,micro_auroc,absolute,505,3,0.7850109390408729
resnet,bandpass,0,independent_rms,all,micro_f1,absolute,101,3,0.5382799984370726
resnet,bandpass,0,independent_rms,all,micro_f1,absolute,202,3,0.5436123132404984
resnet,bandpass,0,independent_rms,all,micro_f1,absolute,303,3,0.5421067744139875
resnet,bandpass,0,independent_rms,all,micro_f1,absolute,404,3,0.5404491932203846
resnet,bandpass,0,independent_rms,all,micro_f1,absolute,505,3,0.5452419574630926
resnet,bandpass,0,independent_rms,all,probability_shift,absolute,101,3,0.1916145235300064
resnet,bandpass,0,independent_rms,all,probability_shift,absolute,202,3,0.19096993406613663
resnet,bandpass,0,independent_rms,all,probability_shift,absolute,303,3,0.19146655499935147
resnet,bandpass,0,independent_rms,all,probability_shift,absolute,404,3,0.19329518079757682
resnet,bandpass,0,independent_rms,all,probability_shift,absolute,505,3,0.19223344326019284
resnet,bandpass,0,marginal_shift,all,ap_CD,absolute,101,3,0.718270109402895
resnet,bandpass,0,marginal_shift,all,ap_CD,absolute,202,3,0.7268985528106237
resnet,bandpass,0,marginal_shift,all,ap_CD,absolute,303,3,0.721040772217914
resnet,bandpass,0,marginal_shift,all,ap_CD,absolute,404,3,0.7158292090276976
resnet,bandpass,0,marginal_shift,all,ap_CD,absolute,505,3,0.727217301375881
resnet,bandpass,0,marginal_shift,all,ap_CD,clean_drop,101,3,0.08831877323251965
resnet,bandpass,0,marginal_shift,all,ap_CD,clean_drop,202,3,0.07969032982479092
resnet,bandpass,0,marginal_shift,all,ap_CD,clean_drop,303,3,0.08554811041750073
resnet,bandpass,0,marginal_shift,all,ap_CD,clean_drop,404,3,0.09075967360771708
resnet,bandpass,0,marginal_shift,all,ap_CD,clean_drop,505,3,0.07937158125953363
resnet,bandpass,0,marginal_shift,all,ap_CD,normalized_robustness,101,3,0.8905856453398227
resnet,bandpass,0,marginal_shift,all,ap_CD,normalized_robustness,202,3,0.9012724410480414
resnet,bandpass,0,marginal_shift,all,ap_CD,normalized_robustness,303,3,0.8939990634712248
resnet,bandpass,0,marginal_shift,all,ap_CD,normalized_robustness,404,3,0.887527154070035
resnet,bandpass,0,marginal_shift,all,ap_CD,normalized_robustness,505,3,0.9016905634525033
resnet,bandpass,0,marginal_shift,all,ap_HYP,absolute,101,3,0.5507285634046445
resnet,bandpass,0,marginal_shift,all,ap_HYP,absolute,202,3,0.5599960526398345
resnet,bandpass,0,marginal_shift,all,ap_HYP,absolute,303,3,0.5577557353122045
resnet,bandpass,0,marginal_shift,all,ap_HYP,absolute,404,3,0.5644302193376011
resnet,bandpass,0,marginal_shift,all,ap_HYP,absolute,505,3,0.5610340215263178
resnet,bandpass,0,marginal_shift,all,ap_HYP,clean_drop,101,3,0.09087337757668001
resnet,bandpass,0,marginal_shift,all,ap_HYP,clean_drop,202,3,0.08160588834148996
resnet,bandpass,0,marginal_shift,all,ap_HYP,clean_drop,303,3,0.08384620566912009
resnet,bandpass,0,marginal_shift,all,ap_HYP,clean_drop,404,3,0.0771717216437235
resnet,bandpass,0,marginal_shift,all,ap_HYP,clean_drop,505,3,0.08056791945500678
resnet,bandpass,0,marginal_shift,all,ap_HYP,normalized_robustness,101,3,0.858688869620635
resnet,bandpass,0,marginal_shift,all,ap_HYP,normalized_robustness,202,3,0.8727583671438152
resnet,bandpass,0,marginal_shift,all,ap_HYP,normalized_robustness,303,3,0.8698490989287362
resnet,bandpass,0,marginal_shift,all,ap_HYP,normalized_robustness,404,3,0.880038710227676
resnet,bandpass,0,marginal_shift,all,ap_HYP,normalized_robustness,505,3,0.8747858603242342
resnet,bandpass,0,marginal_shift,all,ap_MI,absolute,101,3,0.5928149543503971
resnet,bandpass,0,marginal_shift,all,ap_MI,absolute,202,3,0.5816410665482614
resnet,bandpass,0,marginal_shift,all,ap_MI,absolute,303,3,0.5820598442099473
resnet,bandpass,0,marginal_shift,all,ap_MI,absolute,404,3,0.5837569030105593
resnet,bandpass,0,marginal_shift,all,ap_MI,absolute,505,3,0.5915486273680292
resnet,bandpass,0,marginal_shift,all,ap_MI,clean_drop,101,3,0.1702950945146313
resnet,bandpass,0,marginal_shift,all,ap_MI,clean_drop,202,3,0.18146898231676697
resnet,bandpass,0,marginal_shift,all,ap_MI,clean_drop,303,3,0.18105020465508112
resnet,bandpass,0,marginal_shift,all,ap_MI,clean_drop,404,3,0.17935314585446924
resnet,bandpass,0,marginal_shift,all,ap_MI,clean_drop,505,3,0.1715614214969993
resnet,bandpass,0,marginal_shift,all,ap_MI,normalized_robustness,101,3,0.7760773401032469
resnet,bandpass,0,marginal_shift,all,ap_MI,normalized_robustness,202,3,0.7616398231097753
resnet,bandpass,0,marginal_shift,all,ap_MI,normalized_robustness,303,3,0.7621851061124083
resnet,bandpass,0,marginal_shift,all,ap_MI,normalized_robustness,404,3,0.7643897932202967
resnet,bandpass,0,marginal_shift,all,ap_MI,normalized_robustness,505,3,0.774466188793749
resnet,bandpass,0,marginal_shift,all,ap_NORM,absolute,101,3,0.8237809812974014
resnet,bandpass,0,marginal_shift,all,ap_NORM,absolute,202,3,0.8180776101761763
resnet,bandpass,0,marginal_shift,all,ap_NORM,absolute,303,3,0.8222650245794804
resnet,bandpass,0,marginal_shift,all,ap_NORM,absolute,404,3,0.8235198894682406
resnet,bandpass,0,marginal_shift,all,ap_NORM,absolute,505,3,0.8244059485843745
resnet,bandpass,0,marginal_shift,all,ap_NORM,clean_drop,101,3,0.083279240400245
resnet,bandpass,0,marginal_shift,all,ap_NORM,clean_drop,202,3,0.08898261152147013
resnet,bandpass,0,marginal_shift,all,ap_NORM,clean_drop,303,3,0.08479519711816612
resnet,bandpass,0,marginal_shift,all,ap_NORM,clean_drop,404,3,0.08354033222940586
resnet,bandpass,0,marginal_shift,all,ap_NORM,clean_drop,505,3,0.082654273113272
resnet,bandpass,0,marginal_shift,all,ap_NORM,normalized_robustness,101,3,0.9081651760526218
resnet,bandpass,0,marginal_shift,all,ap_NORM,normalized_robustness,202,3,0.9018764195081584
resnet,bandpass,0,marginal_shift,all,ap_NORM,normalized_robustness,303,3,0.9064582393326024
resnet,bandpass,0,marginal_shift,all,ap_NORM,normalized_robustness,404,3,0.9078621568232501
resnet,bandpass,0,marginal_shift,all,ap_NORM,normalized_robustness,505,3,0.9088118689320738
resnet,bandpass,0,marginal_shift,all,ap_STTC,absolute,101,3,0.6369011917092019
resnet,bandpass,0,marginal_shift,all,ap_STTC,absolute,202,3,0.6436028391845733
resnet,bandpass,0,marginal_shift,all,ap_STTC,absolute,303,3,0.647391335254715
resnet,bandpass,0,marginal_shift,all,ap_STTC,absolute,404,3,0.6500883115031116
resnet,bandpass,0,marginal_shift,all,ap_STTC,absolute,505,3,0.6507013360150333
resnet,bandpass,0,marginal_shift,all,ap_STTC,clean_drop,101,3,0.17508242020304954
resnet,bandpass,0,marginal_shift,all,ap_STTC,clean_drop,202,3,0.16838077272767826
resnet,bandpass,0,marginal_shift,all,ap_STTC,clean_drop,303,3,0.1645922766575364
resnet,bandpass,0,marginal_shift,all,ap_STTC,clean_drop,404,3,0.1618953004091398
resnet,bandpass,0,marginal_shift,all,ap_STTC,clean_drop,505,3,0.1612822758972182
resnet,bandpass,0,marginal_shift,all,ap_STTC,normalized_robustness,101,3,0.7840377800461066
resnet,bandpass,0,marginal_shift,all,ap_STTC,normalized_robustness,202,3,0.7922701205423213
resnet,bandpass,0,marginal_shift,all,ap_STTC,normalized_robustness,303,3,0.7970581807826163
resnet,bandpass,0,marginal_shift,all,ap_STTC,normalized_robustness,404,3,0.8002321828700693
resnet,bandpass,0,marginal_shift,all,ap_STTC,normalized_robustness,505,3,0.8010731510064595
resnet,bandpass,0,marginal_shift,all,auroc_CD,absolute,101,3,0.8385131594270407
resnet,bandpass,0,marginal_shift,all,auroc_CD,absolute,202,3,0.8441644669590983
resnet,bandpass,0,marginal_shift,all,auroc_CD,absolute,303,3,0.844071060259048
resnet,bandpass,0,marginal_shift,all,auroc_CD,absolute,404,3,0.8408463051382582
resnet,bandpass,0,marginal_shift,all,auroc_CD,absolute,505,3,0.8468057334730794
resnet,bandpass,0,marginal_shift,all,auroc_CD,clean_drop,101,3,0.05973580865132048
resnet,bandpass,0,marginal_shift,all,auroc_CD,clean_drop,202,3,0.05408450111926292
resnet,bandpass,0,marginal_shift,all,auroc_CD,clean_drop,303,3,0.054177907819313344
resnet,bandpass,0,marginal_shift,all,auroc_CD,clean_drop,404,3,0.057402662940103134
resnet,bandpass,0,marginal_shift,all,auroc_CD,clean_drop,505,3,0.051443234605281885
resnet,bandpass,0,marginal_shift,all,auroc_CD,normalized_robustness,101,3,0.9335463329026306
resnet,bandpass,0,marginal_shift,all,auroc_CD,normalized_robustness,202,3,0.9398229607604409
resnet,bandpass,0,marginal_shift,all,auroc_CD,normalized_robustness,303,3,0.9397118763724394
resnet,bandpass,0,marginal_shift,all,auroc_CD,normalized_robustness,404,3,0.9361303672041008
resnet,bandpass,0,marginal_shift,all,auroc_CD,normalized_robustness,505,3,0.9427683937450744
resnet,bandpass,0,marginal_shift,all,auroc_HYP,absolute,101,3,0.8481676973620641
resnet,bandpass,0,marginal_shift,all,auroc_HYP,absolute,202,3,0.8462378275947221
resnet,bandpass,0,marginal_shift,all,auroc_HYP,absolute,303,3,0.8518093535607306
resnet,bandpass,0,marginal_shift,all,auroc_HYP,absolute,404,3,0.850992044319902
resnet,bandpass,0,marginal_shift,all,auroc_HYP,absolute,505,3,0.8509195735497794
resnet,bandpass,0,marginal_shift,all,auroc_HYP,clean_drop,101,3,0.044681584908901506
resnet,bandpass,0,marginal_shift,all,auroc_HYP,clean_drop,202,3,0.04661145467624347
resnet,bandpass,0,marginal_shift,all,auroc_HYP,clean_drop,303,3,0.04103992871023495
resnet,bandpass,0,marginal_shift,all,auroc_HYP,clean_drop,404,3,0.041857237951063476
resnet,bandpass,0,marginal_shift,all,auroc_HYP,clean_drop,505,3,0.04192970872118614
resnet,bandpass,0,marginal_shift,all,auroc_HYP,normalized_robustness,101,3,0.9499639284876609
resnet,bandpass,0,marginal_shift,all,auroc_HYP,normalized_robustness,202,3,0.9478023307935247
resnet,bandpass,0,marginal_shift,all,auroc_HYP,normalized_robustness,303,3,0.9540540487730067
resnet,bandpass,0,marginal_shift,all,auroc_HYP,normalized_robustness,404,3,0.9531226474798942
resnet,bandpass,0,marginal_shift,all,auroc_HYP,normalized_robustness,505,3,0.9530441695911281
resnet,bandpass,0,marginal_shift,all,auroc_MI,absolute,101,3,0.7752947384290668
resnet,bandpass,0,marginal_shift,all,auroc_MI,absolute,202,3,0.7703192371475954
resnet,bandpass,0,marginal_shift,all,auroc_MI,absolute,303,3,0.7692330016583749
resnet,bandpass,0,marginal_shift,all,auroc_MI,absolute,404,3,0.7733687622493594
resnet,bandpass,0,marginal_shift,all,auroc_MI,absolute,505,3,0.7711533242876527
resnet,bandpass,0,marginal_shift,all,auroc_MI,clean_drop,101,3,0.11511985526910906
resnet,bandpass,0,marginal_shift,all,auroc_MI,clean_drop,202,3,0.1200953565505805
resnet,bandpass,0,marginal_shift,all,auroc_MI,clean_drop,303,3,0.12118159203980106
resnet,bandpass,0,marginal_shift,all,auroc_MI,clean_drop,404,3,0.11704583144881653
resnet,bandpass,0,marginal_shift,all,auroc_MI,clean_drop,505,3,0.11926126941052317
resnet,bandpass,0,marginal_shift,all,auroc_MI,normalized_robustness,101,3,0.8705675754691594
resnet,bandpass,0,marginal_shift,all,auroc_MI,normalized_robustness,202,3,0.8649774718975322
resnet,bandpass,0,marginal_shift,all,auroc_MI,normalized_robustness,303,3,0.8637592137015275
resnet,bandpass,0,marginal_shift,all,auroc_MI,normalized_robustness,404,3,0.8684315236095461
resnet,bandpass,0,marginal_shift,all,auroc_MI,normalized_robustness,505,3,0.8658920207527193
resnet,bandpass,0,marginal_shift,all,auroc_NORM,absolute,101,3,0.8728670718972991
resnet,bandpass,0,marginal_shift,all,auroc_NORM,absolute,202,3,0.8674423690495329
resnet,bandpass,0,marginal_shift,all,auroc_NORM,absolute,303,3,0.8694218873783258
resnet,bandpass,0,marginal_shift,all,auroc_NORM,absolute,404,3,0.8710213752641313
resnet,bandpass,0,marginal_shift,all,auroc_NORM,absolute,505,3,0.8723604611924324
resnet,bandpass,0,marginal_shift,all,auroc_NORM,clean_drop,101,3,0.060706387379049875
resnet,bandpass,0,marginal_shift,all,auroc_NORM,clean_drop,202,3,0.06613109022681607
resnet,bandpass,0,marginal_shift,all,auroc_NORM,clean_drop,303,3,0.06415157189802316
resnet,bandpass,0,marginal_shift,all,auroc_NORM,clean_drop,404,3,0.06255208401221761
resnet,bandpass,0,marginal_shift,all,auroc_NORM,clean_drop,505,3,0.06121299808391656
resnet,bandpass,0,marginal_shift,all,auroc_NORM,normalized_robustness,101,3,0.9349628768486387
resnet,bandpass,0,marginal_shift,all,auroc_NORM,normalized_robustness,202,3,0.929152058323793
resnet,bandpass,0,marginal_shift,all,auroc_NORM,normalized_robustness,303,3,0.9312651985176578
resnet,bandpass,0,marginal_shift,all,auroc_NORM,normalized_robustness,404,3,0.9329908673622703
resnet,bandpass,0,marginal_shift,all,auroc_NORM,normalized_robustness,505,3,0.9344133759714062
resnet,bandpass,0,marginal_shift,all,auroc_STTC,absolute,101,3,0.8275323796201954
resnet,bandpass,0,marginal_shift,all,auroc_STTC,absolute,202,3,0.8336411151119486
resnet,bandpass,0,marginal_shift,all,auroc_STTC,absolute,303,3,0.8344669473636488
resnet,bandpass,0,marginal_shift,all,auroc_STTC,absolute,404,3,0.8343887805627307
resnet,bandpass,0,marginal_shift,all,auroc_STTC,absolute,505,3,0.8321328866882328
resnet,bandpass,0,marginal_shift,all,auroc_STTC,clean_drop,101,3,0.09655475916613214
resnet,bandpass,0,marginal_shift,all,auroc_STTC,clean_drop,202,3,0.09044602367437889
resnet,bandpass,0,marginal_shift,all,auroc_STTC,clean_drop,303,3,0.0896201914226787
resnet,bandpass,0,marginal_shift,all,auroc_STTC,clean_drop,404,3,0.08969835822359684
resnet,bandpass,0,marginal_shift,all,auroc_STTC,clean_drop,505,3,0.09195425209809464
resnet,bandpass,0,marginal_shift,all,auroc_STTC,normalized_robustness,101,3,0.895436663108122
resnet,bandpass,0,marginal_shift,all,auroc_STTC,normalized_robustness,202,3,0.9020505364826077
resnet,bandpass,0,marginal_shift,all,auroc_STTC,normalized_robustness,303,3,0.9029614931072207
resnet,bandpass,0,marginal_shift,all,auroc_STTC,normalized_robustness,404,3,0.9028546764668266
resnet,bandpass,0,marginal_shift,all,auroc_STTC,normalized_robustness,505,3,0.900427404125549
resnet,bandpass,0,marginal_shift,all,brier,absolute,101,3,0.15737337867418918
resnet,bandpass,0,marginal_shift,all,brier,absolute,202,3,0.15699004133542374
resnet,bandpass,0,marginal_shift,all,brier,absolute,303,3,0.15676201383272803
resnet,bandpass,0,marginal_shift,all,brier,absolute,404,3,0.15719330807526902
resnet,bandpass,0,marginal_shift,all,brier,absolute,505,3,0.1565069456895192
resnet,bandpass,0,marginal_shift,all,clean_agreement,absolute,101,3,0.7750695088044486
resnet,bandpass,0,marginal_shift,all,clean_agreement,absolute,202,3,0.7743280815569972
resnet,bandpass,0,marginal_shift,all,clean_agreement,absolute,303,3,0.7769230769230768
resnet,bandpass,0,marginal_shift,all,clean_agreement,absolute,404,3,0.7752857584182885
resnet,bandpass,0,marginal_shift,all,clean_agreement,absolute,505,3,0.7730305838739574
resnet,bandpass,0,marginal_shift,all,ece,absolute,101,3,0.13457281114921948
resnet,bandpass,0,marginal_shift,all,ece,absolute,202,3,0.13576903255914718
resnet,bandpass,0,marginal_shift,all,ece,absolute,303,3,0.13511955356441155
resnet,bandpass,0,marginal_shift,all,ece,absolute,404,3,0.13727145494520884
resnet,bandpass,0,marginal_shift,all,ece,absolute,505,3,0.1343755831197364
resnet,bandpass,0,marginal_shift,all,f1_CD,absolute,101,3,0.6273996127579213
resnet,bandpass,0,marginal_shift,all,f1_CD,absolute,202,3,0.6348317624560527
resnet,bandpass,0,marginal_shift,all,f1_CD,absolute,303,3,0.6429819482825898
resnet,bandpass,0,marginal_shift,all,f1_CD,absolute,404,3,0.6154840932039218
resnet,bandpass,0,marginal_shift,all,f1_CD,absolute,505,3,0.6422096629141821
resnet,bandpass,0,marginal_shift,all,f1_CD,clean_drop,101,3,0.08150349081691848
resnet,bandpass,0,marginal_shift,all,f1_CD,clean_drop,202,3,0.0740713411187871
resnet,bandpass,0,marginal_shift,all,f1_CD,clean_drop,303,3,0.06592115529225002
resnet,bandpass,0,marginal_shift,all,f1_CD,clean_drop,404,3,0.093419010370918
resnet,bandpass,0,marginal_shift,all,f1_CD,clean_drop,505,3,0.06669344066065759
resnet,bandpass,0,marginal_shift,all,f1_CD,normalized_robustness,101,3,0.8849715163847746
resnet,bandpass,0,marginal_shift,all,f1_CD,normalized_robustness,202,3,0.8954203281437493
resnet,bandpass,0,marginal_shift,all,f1_CD,normalized_robustness,303,3,0.9069383421700917
resnet,bandpass,0,marginal_shift,all,f1_CD,normalized_robustness,404,3,0.8682271854620334
resnet,bandpass,0,marginal_shift,all,f1_CD,normalized_robustness,505,3,0.9058379903057672
resnet,bandpass,0,marginal_shift,all,f1_HYP,absolute,101,3,0.512205000684538
resnet,bandpass,0,marginal_shift,all,f1_HYP,absolute,202,3,0.5144586510107582
resnet,bandpass,0,marginal_shift,all,f1_HYP,absolute,303,3,0.523440080936474
resnet,bandpass,0,marginal_shift,all,f1_HYP,absolute,404,3,0.5405427255375199
resnet,bandpass,0,marginal_shift,all,f1_HYP,absolute,505,3,0.524174813751361
resnet,bandpass,0,marginal_shift,all,f1_HYP,clean_drop,101,3,0.08935420646558127
resnet,bandpass,0,marginal_shift,all,f1_HYP,clean_drop,202,3,0.08710055613936114
resnet,bandpass,0,marginal_shift,all,f1_HYP,clean_drop,303,3,0.07811912621364529
resnet,bandpass,0,marginal_shift,all,f1_HYP,clean_drop,404,3,0.06101648161259943
resnet,bandpass,0,marginal_shift,all,f1_HYP,clean_drop,505,3,0.07738439339875837
resnet,bandpass,0,marginal_shift,all,f1_HYP,normalized_robustness,101,3,0.8516462035424434
resnet,bandpass,0,marginal_shift,all,f1_HYP,normalized_robustness,202,3,0.8552143008533092
resnet,bandpass,0,marginal_shift,all,f1_HYP,normalized_robustness,303,3,0.8705699419684594
resnet,bandpass,0,marginal_shift,all,f1_HYP,normalized_robustness,404,3,0.8994301703183484
resnet,bandpass,0,marginal_shift,all,f1_HYP,normalized_robustness,505,3,0.8711258579689666
resnet,bandpass,0,marginal_shift,all,f1_MI,absolute,101,3,0.49573091825499876
resnet,bandpass,0,marginal_shift,all,f1_MI,absolute,202,3,0.4908947333883112
resnet,bandpass,0,marginal_shift,all,f1_MI,absolute,303,3,0.4918063146905909
resnet,bandpass,0,marginal_shift,all,f1_MI,absolute,404,3,0.4946964647597573
resnet,bandpass,0,marginal_shift,all,f1_MI,absolute,505,3,0.4872539481765559
resnet,bandpass,0,marginal_shift,all,f1_MI,clean_drop,101,3,0.18909806420075617
resnet,bandpass,0,marginal_shift,all,f1_MI,clean_drop,202,3,0.1939342490674437
resnet,bandpass,0,marginal_shift,all,f1_MI,clean_drop,303,3,0.19302266776516408
resnet,bandpass,0,marginal_shift,all,f1_MI,clean_drop,404,3,0.19013251769599768
resnet,bandpass,0,marginal_shift,all,f1_MI,clean_drop,505,3,0.1975750342791991
resnet,bandpass,0,marginal_shift,all,f1_MI,normalized_robustness,101,3,0.7240451689441798
resnet,bandpass,0,marginal_shift,all,f1_MI,normalized_robustness,202,3,0.7166859600750267
resnet,bandpass,0,marginal_shift,all,f1_MI,normalized_robustness,303,3,0.7181812057377442
resnet,bandpass,0,marginal_shift,all,f1_MI,normalized_robustness,404,3,0.7223805630967002
resnet,bandpass,0,marginal_shift,all,f1_MI,normalized_robustness,505,3,0.7114800557255517
resnet,bandpass,0,marginal_shift,all,f1_NORM,absolute,101,3,0.5153411124297583
resnet,bandpass,0,marginal_shift,all,f1_NORM,absolute,202,3,0.5159677660929675
resnet,bandpass,0,marginal_shift,all,f1_NORM,absolute,303,3,0.527944586801309
resnet,bandpass,0,marginal_shift,all,f1_NORM,absolute,404,3,0.5100663062256832
resnet,bandpass,0,marginal_shift,all,f1_NORM,absolute,505,3,0.5076444571549913
resnet,bandpass,0,marginal_shift,all,f1_NORM,clean_drop,101,3,0.33149163397257203
resnet,bandpass,0,marginal_shift,all,f1_NORM,clean_drop,202,3,0.330864980309363
resnet,bandpass,0,marginal_shift,all,f1_NORM,clean_drop,303,3,0.3188881596010214
resnet,bandpass,0,marginal_shift,all,f1_NORM,clean_drop,404,3,0.3367664401766472
resnet,bandpass,0,marginal_shift,all,f1_NORM,clean_drop,505,3,0.33918828924733907
resnet,bandpass,0,marginal_shift,all,f1_NORM,normalized_robustness,101,3,0.6086743274591407
resnet,bandpass,0,marginal_shift,all,f1_NORM,normalized_robustness,202,3,0.6093984124952952
resnet,bandpass,0,marginal_shift,all,f1_NORM,normalized_robustness,303,3,0.6235652691572927
resnet,bandpass,0,marginal_shift,all,f1_NORM,normalized_robustness,404,3,0.6024355934074394
resnet,bandpass,0,marginal_shift,all,f1_NORM,normalized_robustness,505,3,0.5995908119888883
resnet,bandpass,0,marginal_shift,all,f1_STTC,absolute,101,3,0.5663247112862472
resnet,bandpass,0,marginal_shift,all,f1_STTC,absolute,202,3,0.5698889590774742
resnet,bandpass,0,marginal_shift,all,f1_STTC,absolute,303,3,0.5817284304950637
resnet,bandpass,0,marginal_shift,all,f1_STTC,absolute,404,3,0.582532594474863
resnet,bandpass,0,marginal_shift,all,f1_STTC,absolute,505,3,0.5684949982658862
resnet,bandpass,0,marginal_shift,all,f1_STTC,clean_drop,101,3,0.18023040175955773
resnet,bandpass,0,marginal_shift,all,f1_STTC,clean_drop,202,3,0.1766661539683307
resnet,bandpass,0,marginal_shift,all,f1_STTC,clean_drop,303,3,0.1648266825507411
resnet,bandpass,0,marginal_shift,all,f1_STTC,clean_drop,404,3,0.16402251857094194
resnet,bandpass,0,marginal_shift,all,f1_STTC,clean_drop,505,3,0.1780601147799187
resnet,bandpass,0,marginal_shift,all,f1_STTC,normalized_robustness,101,3,0.7589283423840051
resnet,bandpass,0,marginal_shift,all,f1_STTC,normalized_robustness,202,3,0.7635823336701059
resnet,bandpass,0,marginal_shift,all,f1_STTC,normalized_robustness,303,3,0.7794443697253128
resnet,bandpass,0,marginal_shift,all,f1_STTC,normalized_robustness,404,3,0.7804535281045158
resnet,bandpass,0,marginal_shift,all,f1_STTC,normalized_robustness,505,3,0.7618639460289532
resnet,bandpass,0,marginal_shift,all,macro_ap,absolute,101,3,0.664499160032908
resnet,bandpass,0,marginal_shift,all,macro_ap,absolute,202,3,0.6660432242718938
resnet,bandpass,0,marginal_shift,all,macro_ap,absolute,303,3,0.6661025423148522
resnet,bandpass,0,marginal_shift,all,macro_ap,absolute,404,3,0.667524906469442
resnet,bandpass,0,marginal_shift,all,macro_ap,absolute,505,3,0.6709814469739271
resnet,bandpass,0,marginal_shift,all,macro_ap,clean_drop,101,3,0.12156978118542512
resnet,bandpass,0,marginal_shift,all,macro_ap,clean_drop,202,3,0.1200257169464393
resnet,bandpass,0,marginal_shift,all,macro_ap,clean_drop,303,3,0.11996639890348093
resnet,bandpass,0,marginal_shift,all,macro_ap,clean_drop,404,3,0.11854403474889115
resnet,bandpass,0,marginal_shift,all,macro_ap,clean_drop,505,3,0.11508749424440597
resnet,bandpass,0,marginal_shift,all,macro_ap,normalized_robustness,101,3,0.8452764669579502
resnet,bandpass,0,marginal_shift,all,macro_ap,normalized_robustness,202,3,0.8472646282651736
resnet,bandpass,0,marginal_shift,all,macro_ap,normalized_robustness,303,3,0.8473508770867859
resnet,bandpass,0,marginal_shift,all,macro_ap,normalized_robustness,404,3,0.849141031821814
resnet,bandpass,0,marginal_shift,all,macro_ap,normalized_robustness,505,3,0.8535624008775956
resnet,bandpass,0,marginal_shift,all,macro_auroc,absolute,101,3,0.8324750093471333
resnet,bandpass,0,marginal_shift,all,macro_auroc,absolute,202,3,0.8323610031725795
resnet,bandpass,0,marginal_shift,all,macro_auroc,absolute,303,3,0.8338004500440256
resnet,bandpass,0,marginal_shift,all,macro_auroc,absolute,404,3,0.8341234535068763
resnet,bandpass,0,marginal_shift,all,macro_auroc,absolute,505,3,0.8346743958382352
resnet,bandpass,0,marginal_shift,all,macro_auroc,clean_drop,101,3,0.0753596790749026
resnet,bandpass,0,marginal_shift,all,macro_auroc,clean_drop,202,3,0.07547368524945634
resnet,bandpass,0,marginal_shift,all,macro_auroc,clean_drop,303,3,0.0740342383780103
resnet,bandpass,0,marginal_shift,all,macro_auroc,clean_drop,404,3,0.07371123491515952
resnet,bandpass,0,marginal_shift,all,macro_auroc,clean_drop,505,3,0.07316029258380059
resnet,bandpass,0,marginal_shift,all,macro_auroc,normalized_robustness,101,3,0.9169805899492681
resnet,bandpass,0,marginal_shift,all,macro_auroc,normalized_robustness,202,3,0.9168556137750737
resnet,bandpass,0,marginal_shift,all,macro_auroc,normalized_robustness,303,3,0.9184402925328968
resnet,bandpass,0,marginal_shift,all,macro_auroc,normalized_robustness,404,3,0.9187967898968196
resnet,bandpass,0,marginal_shift,all,macro_auroc,normalized_robustness,505,3,0.9194036194889729
resnet,bandpass,0,marginal_shift,all,macro_f1,absolute,101,3,0.5434002710826927
resnet,bandpass,0,marginal_shift,all,macro_f1,absolute,202,3,0.5452083744051127
resnet,bandpass,0,marginal_shift,all,macro_f1,absolute,303,3,0.5535802722412054
resnet,bandpass,0,marginal_shift,all,macro_f1,absolute,404,3,0.5486644368403489
resnet,bandpass,0,marginal_shift,all,macro_f1,absolute,505,3,0.5459555760525953
resnet,bandpass,0,marginal_shift,all,macro_f1,clean_drop,101,3,0.17433555944307713
resnet,bandpass,0,marginal_shift,all,macro_f1,clean_drop,202,3,0.17252745612065715
resnet,bandpass,0,marginal_shift,all,macro_f1,clean_drop,303,3,0.1641555582845644
resnet,bandpass,0,marginal_shift,all,macro_f1,clean_drop,404,3,0.16907139368542087
resnet,bandpass,0,marginal_shift,all,macro_f1,clean_drop,505,3,0.17178025447317458
resnet,bandpass,0,marginal_shift,all,macro_f1,normalized_robustness,101,3,0.7571186324717827
resnet,bandpass,0,marginal_shift,all,macro_f1,normalized_robustness,202,3,0.7596368730828548
resnet,bandpass,0,marginal_shift,all,macro_f1,normalized_robustness,303,3,0.7713211538080698
resnet,bandpass,0,marginal_shift,all,macro_f1,normalized_robustness,404,3,0.7644589837691794
resnet,bandpass,0,marginal_shift,all,macro_f1,normalized_robustness,505,3,0.7606850145891207
resnet,bandpass,0,marginal_shift,all,mean_confidence,absolute,101,3,0.78323761622111
resnet,bandpass,0,marginal_shift,all,mean_confidence,absolute,202,3,0.7827030022939047
resnet,bandpass,0,marginal_shift,all,mean_confidence,absolute,303,3,0.783206025759379
resnet,bandpass,0,marginal_shift,all,mean_confidence,absolute,404,3,0.7837313214937845
resnet,bandpass,0,marginal_shift,all,mean_confidence,absolute,505,3,0.7833746472994486
resnet,bandpass,0,marginal_shift,all,mean_entropy,absolute,101,3,0.45934317273544756
resnet,bandpass,0,marginal_shift,all,mean_entropy,absolute,202,3,0.4599716279819371
resnet,bandpass,0,marginal_shift,all,mean_entropy,absolute,303,3,0.45897956818435515
resnet,bandpass,0,marginal_shift,all,mean_entropy,absolute,404,3,0.45873415461684797
resnet,bandpass,0,marginal_shift,all,mean_entropy,absolute,505,3,0.45936960076012684
resnet,bandpass,0,marginal_shift,all,mean_loss,absolute,101,3,0.4772177497220517
resnet,bandpass,0,marginal_shift,all,mean_loss,absolute,202,3,0.4768625850988879
resnet,bandpass,0,marginal_shift,all,mean_loss,absolute,303,3,0.47602536837775783
resnet,bandpass,0,marginal_shift,all,mean_loss,absolute,404,3,0.47734279665092033
resnet,bandpass,0,marginal_shift,all,mean_loss,absolute,505,3,0.47519937424483744
resnet,bandpass,0,marginal_shift,all,micro_ap,absolute,101,3,0.573432395623575
resnet,bandpass,0,marginal_shift,all,micro_ap,absolute,202,3,0.5732865402103658
resnet,bandpass,0,marginal_shift,all,micro_ap,absolute,303,3,0.5745696087263045
resnet,bandpass,0,marginal_shift,all,micro_ap,absolute,404,3,0.5730561926002707
resnet,bandpass,0,marginal_shift,all,micro_ap,absolute,505,3,0.5764000200608983
resnet,bandpass,0,marginal_shift,all,micro_auroc,absolute,101,3,0.7848237728008888
resnet,bandpass,0,marginal_shift,all,micro_auroc,absolute,202,3,0.7848947223673158
resnet,bandpass,0,marginal_shift,all,micro_auroc,absolute,303,3,0.7856729658178633
resnet,bandpass,0,marginal_shift,all,micro_auroc,absolute,404,3,0.7861558647183285
resnet,bandpass,0,marginal_shift,all,micro_auroc,absolute,505,3,0.7862136857041385
resnet,bandpass,0,marginal_shift,all,micro_f1,absolute,101,3,0.5401141248919507
resnet,bandpass,0,marginal_shift,all,micro_f1,absolute,202,3,0.5421640565141183
resnet,bandpass,0,marginal_shift,all,micro_f1,absolute,303,3,0.5492875033899849
resnet,bandpass,0,marginal_shift,all,micro_f1,absolute,404,3,0.542777343158949
resnet,bandpass,0,marginal_shift,all,micro_f1,absolute,505,3,0.5414725382642187
resnet,bandpass,0,marginal_shift,all,probability_shift,absolute,101,3,0.19194949666659034
resnet,bandpass,0,marginal_shift,all,probability_shift,absolute,202,3,0.1921792775392532
resnet,bandpass,0,marginal_shift,all,probability_shift,absolute,303,3,0.1914944648742675
resnet,bandpass,0,marginal_shift,all,probability_shift,absolute,404,3,0.19261627892653144
resnet,bandpass,0,marginal_shift,all,probability_shift,absolute,505,3,0.19223848978678384
resnet,bandpass,10,covariance,all,ap_CD,absolute,101,3,0.7961012949325537
resnet,bandpass,10,covariance,all,ap_CD,absolute,202,3,0.7927452056349056
resnet,bandpass,10,covariance,all,ap_CD,absolute,303,3,0.794509447391655
resnet,bandpass,10,covariance,all,ap_CD,absolute,404,3,0.7951383549468661
resnet,bandpass,10,covariance,all,ap_CD,absolute,505,3,0.795717581225977
resnet,bandpass,10,covariance,all,ap_CD,clean_drop,101,3,0.010487587702861031
resnet,bandpass,10,covariance,all,ap_CD,clean_drop,202,3,0.013843677000508961
resnet,bandpass,10,covariance,all,ap_CD,clean_drop,303,3,0.012079435243759762
resnet,bandpass,10,covariance,all,ap_CD,clean_drop,404,3,0.01145052768854852
resnet,bandpass,10,covariance,all,ap_CD,clean_drop,505,3,0.010871301409437595
resnet,bandpass,10,covariance,all,ap_CD,normalized_robustness,101,3,0.987058656839059
resnet,bandpass,10,covariance,all,ap_CD,normalized_robustness,202,3,0.9828794072867483
resnet,bandpass,10,covariance,all,ap_CD,normalized_robustness,303,3,0.9850755286407266
resnet,bandpass,10,covariance,all,ap_CD,normalized_robustness,404,3,0.9858415044387806
resnet,bandpass,10,covariance,all,ap_CD,normalized_robustness,505,3,0.9865614783423675
resnet,bandpass,10,covariance,all,ap_HYP,absolute,101,3,0.6211055018985052
resnet,bandpass,10,covariance,all,ap_HYP,absolute,202,3,0.6226455297033188
resnet,bandpass,10,covariance,all,ap_HYP,absolute,303,3,0.6210430109465744
resnet,bandpass,10,covariance,all,ap_HYP,absolute,404,3,0.6224632837161165
resnet,bandpass,10,covariance,all,ap_HYP,absolute,505,3,0.6234813068345958
resnet,bandpass,10,covariance,all,ap_HYP,clean_drop,101,3,0.020496439082819284
resnet,bandpass,10,covariance,all,ap_HYP,clean_drop,202,3,0.018956411278005774
resnet,bandpass,10,covariance,all,ap_HYP,clean_drop,303,3,0.020558930034750105
resnet,bandpass,10,covariance,all,ap_HYP,clean_drop,404,3,0.019138657265207987
resnet,bandpass,10,covariance,all,ap_HYP,clean_drop,505,3,0.01812063414672867
resnet,bandpass,10,covariance,all,ap_HYP,normalized_robustness,101,3,0.9678557565388215
resnet,bandpass,10,covariance,all,ap_HYP,normalized_robustness,202,3,0.9703639225998012
resnet,bandpass,10,covariance,all,ap_HYP,normalized_robustness,303,3,0.967887397792456
resnet,bandpass,10,covariance,all,ap_HYP,normalized_robustness,404,3,0.9700968366869431
resnet,bandpass,10,covariance,all,ap_HYP,normalized_robustness,505,3,0.9716766168656136
resnet,bandpass,10,covariance,all,ap_MI,absolute,101,3,0.7398475457760694
resnet,bandpass,10,covariance,all,ap_MI,absolute,202,3,0.736493098373701
resnet,bandpass,10,covariance,all,ap_MI,absolute,303,3,0.7416981338576131
resnet,bandpass,10,covariance,all,ap_MI,absolute,404,3,0.7410582963691182
resnet,bandpass,10,covariance,all,ap_MI,absolute,505,3,0.7420862262330704
resnet,bandpass,10,covariance,all,ap_MI,clean_drop,101,3,0.02326250308895898
resnet,bandpass,10,covariance,all,ap_MI,clean_drop,202,3,0.026616950491327434
resnet,bandpass,10,covariance,all,ap_MI,clean_drop,303,3,0.02141191500741531
resnet,bandpass,10,covariance,all,ap_MI,clean_drop,404,3,0.02205175249591022
resnet,bandpass,10,covariance,all,ap_MI,clean_drop,505,3,0.021023822631958084
resnet,bandpass,10,covariance,all,ap_MI,normalized_robustness,101,3,0.9694807348465394
resnet,bandpass,10,covariance,all,ap_MI,normalized_robustness,202,3,0.9650526968153476
resnet,bandpass,10,covariance,all,ap_MI,normalized_robustness,303,3,0.9718471127085572
resnet,bandpass,10,covariance,all,ap_MI,normalized_robustness,404,3,0.9709984359811005
resnet,bandpass,10,covariance,all,ap_MI,normalized_robustness,505,3,0.9723115982044449
resnet,bandpass,10,covariance,all,ap_NORM,absolute,101,3,0.8867084020183893
resnet,bandpass,10,covariance,all,ap_NORM,absolute,202,3,0.889799144267935
resnet,bandpass,10,covariance,all,ap_NORM,absolute,303,3,0.8902937132668285
resnet,bandpass,10,covariance,all,ap_NORM,absolute,404,3,0.8876990300608659
resnet,bandpass,10,covariance,all,ap_NORM,absolute,505,3,0.8897887476657013
resnet,bandpass,10,covariance,all,ap_NORM,clean_drop,101,3,0.020351819679257144
resnet,bandpass,10,covariance,all,ap_NORM,clean_drop,202,3,0.01726107742971132
resnet,bandpass,10,covariance,all,ap_NORM,clean_drop,303,3,0.01676650843081806
resnet,bandpass,10,covariance,all,ap_NORM,clean_drop,404,3,0.01936119163678048
resnet,bandpass,10,covariance,all,ap_NORM,clean_drop,505,3,0.017271474031945216
resnet,bandpass,10,covariance,all,ap_NORM,normalized_robustness,101,3,0.977540038873737
resnet,bandpass,10,covariance,all,ap_NORM,normalized_robustness,202,3,0.9809605079309787
resnet,bandpass,10,covariance,all,ap_NORM,normalized_robustness,303,3,0.9815091599178055
resnet,bandpass,10,covariance,all,ap_NORM,normalized_robustness,404,3,0.9786420411177778
resnet,bandpass,10,covariance,all,ap_NORM,normalized_robustness,505,3,0.980939565289054
resnet,bandpass,10,covariance,all,ap_STTC,absolute,101,3,0.7909343709312465
resnet,bandpass,10,covariance,all,ap_STTC,absolute,202,3,0.7929653955192367
resnet,bandpass,10,covariance,all,ap_STTC,absolute,303,3,0.7872375735513346
resnet,bandpass,10,covariance,all,ap_STTC,absolute,404,3,0.789248279281289
resnet,bandpass,10,covariance,all,ap_STTC,absolute,505,3,0.7844356487215101
resnet,bandpass,10,covariance,all,ap_STTC,clean_drop,101,3,0.021049240981005024
resnet,bandpass,10,covariance,all,ap_STTC,clean_drop,202,3,0.01901821639301471
resnet,bandpass,10,covariance,all,ap_STTC,clean_drop,303,3,0.02474603836091686
resnet,bandpass,10,covariance,all,ap_STTC,clean_drop,404,3,0.02273533263096243
resnet,bandpass,10,covariance,all,ap_STTC,clean_drop,505,3,0.027547963190741414
resnet,bandpass,10,covariance,all,ap_STTC,normalized_robustness,101,3,0.9740046178173664
resnet,bandpass,10,covariance,all,ap_STTC,normalized_robustness,202,3,0.9764579782812052
resnet,bandpass,10,covariance,all,ap_STTC,normalized_robustness,303,3,0.9694563464389313
resnet,bandpass,10,covariance,all,ap_STTC,normalized_robustness,404,3,0.9719204860820886
resnet,bandpass,10,covariance,all,ap_STTC,normalized_robustness,505,3,0.9660139946968576
resnet,bandpass,10,covariance,all,auroc_CD,absolute,101,3,0.8877109940090318
resnet,bandpass,10,covariance,all,auroc_CD,absolute,202,3,0.8876386139254429
resnet,bandpass,10,covariance,all,auroc_CD,absolute,303,3,0.8895415227152155
resnet,bandpass,10,covariance,all,auroc_CD,absolute,404,3,0.8889244723936699
resnet,bandpass,10,covariance,all,auroc_CD,absolute,505,3,0.8902386359225186
resnet,bandpass,10,covariance,all,auroc_CD,clean_drop,101,3,0.010537974069329548
resnet,bandpass,10,covariance,all,auroc_CD,clean_drop,202,3,0.010610354152918444
resnet,bandpass,10,covariance,all,auroc_CD,clean_drop,303,3,0.008707445363145863
resnet,bandpass,10,covariance,all,auroc_CD,clean_drop,404,3,0.009324495684691292
resnet,bandpass,10,covariance,all,auroc_CD,clean_drop,505,3,0.008010332155842792
resnet,bandpass,10,covariance,all,auroc_CD,normalized_robustness,101,3,0.9882913205114293
resnet,bandpass,10,covariance,all,auroc_CD,normalized_robustness,202,3,0.9882082818280647
resnet,bandpass,10,covariance,all,auroc_CD,normalized_robustness,303,3,0.9903259333012763
resnet,bandpass,10,covariance,all,auroc_CD,normalized_robustness,404,3,0.989639130112621
resnet,bandpass,10,covariance,all,auroc_CD,normalized_robustness,505,3,0.9911009073270707
resnet,bandpass,10,covariance,all,auroc_HYP,absolute,101,3,0.8831885259982176
resnet,bandpass,10,covariance,all,auroc_HYP,absolute,202,3,0.8830798198430337
resnet,bandpass,10,covariance,all,auroc_HYP,absolute,303,3,0.8835347752332486
resnet,bandpass,10,covariance,all,auroc_HYP,absolute,404,3,0.8817263611084272
resnet,bandpass,10,covariance,all,auroc_HYP,absolute,505,3,0.8825718534265254
resnet,bandpass,10,covariance,all,auroc_HYP,clean_drop,101,3,0.009660756272747836
resnet,bandpass,10,covariance,all,auroc_HYP,clean_drop,202,3,0.009769462427931863
resnet,bandpass,10,covariance,all,auroc_HYP,clean_drop,303,3,0.009314507037716968
resnet,bandpass,10,covariance,all,auroc_HYP,clean_drop,404,3,0.011122921162538435
resnet,bandpass,10,covariance,all,auroc_HYP,clean_drop,505,3,0.010277428844440162
resnet,bandpass,10,covariance,all,auroc_HYP,normalized_robustness,101,3,0.9891726257964697
resnet,bandpass,10,covariance,all,auroc_HYP,normalized_robustness,202,3,0.9890606050412476
resnet,bandpass,10,covariance,all,auroc_HYP,normalized_robustness,303,3,0.989568205312583
resnet,bandpass,10,covariance,all,auroc_HYP,normalized_robustness,404,3,0.9875406777492302
resnet,bandpass,10,covariance,all,auroc_HYP,normalized_robustness,505,3,0.9884866573217933
resnet,bandpass,10,covariance,all,auroc_MI,absolute,101,3,0.875532187547113
resnet,bandpass,10,covariance,all,auroc_MI,absolute,202,3,0.8747467209407507
resnet,bandpass,10,covariance,all,auroc_MI,absolute,303,3,0.8768125282677522
resnet,bandpass,10,covariance,all,auroc_MI,absolute,404,3,0.8764284637418965
resnet,bandpass,10,covariance,all,auroc_MI,absolute,505,3,0.8761748077792854
resnet,bandpass,10,covariance,all,auroc_MI,clean_drop,101,3,0.01488240615106288
resnet,bandpass,10,covariance,all,auroc_MI,clean_drop,202,3,0.015667872757425056
resnet,bandpass,10,covariance,all,auroc_MI,clean_drop,303,3,0.013602065430423638
resnet,bandpass,10,covariance,all,auroc_MI,clean_drop,404,3,0.013986129956279311
resnet,bandpass,10,covariance,all,auroc_MI,clean_drop,505,3,0.014239785918890488
resnet,bandpass,10,covariance,all,auroc_MI,normalized_robustness,101,3,0.983270726251062
resnet,bandpass,10,covariance,all,auroc_MI,normalized_robustness,202,3,0.9824006676816653
resnet,bandpass,10,covariance,all,auroc_MI,normalized_robustness,303,3,0.9847059283913066
resnet,bandpass,10,covariance,all,auroc_MI,normalized_robustness,404,3,0.9842763367262939
resnet,bandpass,10,covariance,all,auroc_MI,normalized_robustness,505,3,0.9839792895782885
resnet,bandpass,10,covariance,all,auroc_NORM,absolute,101,3,0.9232367470900297
resnet,bandpass,10,covariance,all,auroc_NORM,absolute,202,3,0.9237697166137319
resnet,bandpass,10,covariance,all,auroc_NORM,absolute,303,3,0.9237129437731637
resnet,bandpass,10,covariance,all,auroc_NORM,absolute,404,3,0.9219431373656533
resnet,bandpass,10,covariance,all,auroc_NORM,absolute,505,3,0.9233100303995389
resnet,bandpass,10,covariance,all,auroc_NORM,clean_drop,101,3,0.010336712186319189
resnet,bandpass,10,covariance,all,auroc_NORM,clean_drop,202,3,0.009803742662617076
resnet,bandpass,10,covariance,all,auroc_NORM,clean_drop,303,3,0.009860515503185304
resnet,bandpass,10,covariance,all,auroc_NORM,clean_drop,404,3,0.011630321910695685
resnet,bandpass,10,covariance,all,auroc_NORM,clean_drop,505,3,0.010263428876810051
resnet,bandpass,10,covariance,all,auroc_NORM,normalized_robustness,101,3,0.9889243945989081
resnet,bandpass,10,covariance,all,auroc_NORM,normalized_robustness,202,3,0.9894976481815231
resnet,bandpass,10,covariance,all,auroc_NORM,normalized_robustness,303,3,0.98943618394817
resnet,bandpass,10,covariance,all,auroc_NORM,normalized_robustness,404,3,0.9875398100531781
resnet,bandpass,10,covariance,all,auroc_NORM,normalized_robustness,505,3,0.9890042606949089
resnet,bandpass,10,covariance,all,auroc_STTC,absolute,101,3,0.9103157118005685
resnet,bandpass,10,covariance,all,auroc_STTC,absolute,202,3,0.911283416795935
resnet,bandpass,10,covariance,all,auroc_STTC,absolute,303,3,0.9089153535621198
resnet,bandpass,10,covariance,all,auroc_STTC,absolute,404,3,0.9099068994317664
resnet,bandpass,10,covariance,all,auroc_STTC,absolute,505,3,0.9087304890779483
resnet,bandpass,10,covariance,all,auroc_STTC,clean_drop,101,3,0.013771426985759061
resnet,bandpass,10,covariance,all,auroc_STTC,clean_drop,202,3,0.01280372199039237
resnet,bandpass,10,covariance,all,auroc_STTC,clean_drop,303,3,0.015171785224207701
resnet,bandpass,10,covariance,all,auroc_STTC,clean_drop,404,3,0.01418023935456103
resnet,bandpass,10,covariance,all,auroc_STTC,clean_drop,505,3,0.01535664970837917
resnet,bandpass,10,covariance,all,auroc_STTC,normalized_robustness,101,3,0.9850813351237312
resnet,bandpass,10,covariance,all,auroc_STTC,normalized_robustness,202,3,0.9861285709763679
resnet,bandpass,10,covariance,all,auroc_STTC,normalized_robustness,303,3,0.9835700924112606
resnet,bandpass,10,covariance,all,auroc_STTC,normalized_robustness,404,3,0.9846387420288983
resnet,bandpass,10,covariance,all,auroc_STTC,normalized_robustness,505,3,0.9833646180174921
resnet,bandpass,10,covariance,all,brier,absolute,101,3,0.10621729989846547
resnet,bandpass,10,covariance,all,brier,absolute,202,3,0.10623844216267268
resnet,bandpass,10,covariance,all,brier,absolute,303,3,0.10612592846155162
resnet,bandpass,10,covariance,all,brier,absolute,404,3,0.10626270870367684
resnet,bandpass,10,covariance,all,brier,absolute,505,3,0.10593595852454503
resnet,bandpass,10,covariance,all,clean_agreement,absolute,101,3,0.9350633302440531
resnet,bandpass,10,covariance,all,clean_agreement,absolute,202,3,0.9338585109669447
resnet,bandpass,10,covariance,all,clean_agreement,absolute,303,3,0.9354340438677787
resnet,bandpass,10,covariance,all,clean_agreement,absolute,404,3,0.9353413654618473
resnet,bandpass,10,covariance,all,clean_agreement,absolute,505,3,0.9344145814025334
resnet,bandpass,10,covariance,all,ece,absolute,101,3,0.06106513104245297
resnet,bandpass,10,covariance,all,ece,absolute,202,3,0.06151796717707097
resnet,bandpass,10,covariance,all,ece,absolute,303,3,0.06090116596049636
resnet,bandpass,10,covariance,all,ece,absolute,404,3,0.059949004657366266
resnet,bandpass,10,covariance,all,ece,absolute,505,3,0.0597949756960481
resnet,bandpass,10,covariance,all,f1_CD,absolute,101,3,0.7067286898989401
resnet,bandpass,10,covariance,all,f1_CD,absolute,202,3,0.7033931361291449
resnet,bandpass,10,covariance,all,f1_CD,absolute,303,3,0.6987904129704351
resnet,bandpass,10,covariance,all,f1_CD,absolute,404,3,0.7006495709747999
resnet,bandpass,10,covariance,all,f1_CD,absolute,505,3,0.7042806510393705
resnet,bandpass,10,covariance,all,f1_CD,clean_drop,101,3,0.0021744136758996926
resnet,bandpass,10,covariance,all,f1_CD,clean_drop,202,3,0.005509967445695023
resnet,bandpass,10,covariance,all,f1_CD,clean_drop,303,3,0.010112690604404636
resnet,bandpass,10,covariance,all,f1_CD,clean_drop,404,3,0.008253532600039951
resnet,bandpass,10,covariance,all,f1_CD,clean_drop,505,3,0.004622452535469297
resnet,bandpass,10,covariance,all,f1_CD,normalized_robustness,101,3,0.9969279840466255
resnet,bandpass,10,covariance,all,f1_CD,normalized_robustness,202,3,0.9922179175541567
resnet,bandpass,10,covariance,all,f1_CD,normalized_robustness,303,3,0.9857399718369594
resnet,bandpass,10,covariance,all,f1_CD,normalized_robustness,404,3,0.9883495817214555
resnet,bandpass,10,covariance,all,f1_CD,normalized_robustness,505,3,0.9934680944812584
resnet,bandpass,10,covariance,all,f1_HYP,absolute,101,3,0.5769784828892868
resnet,bandpass,10,covariance,all,f1_HYP,absolute,202,3,0.5756250471949107
resnet,bandpass,10,covariance,all,f1_HYP,absolute,303,3,0.5774115271410896
resnet,bandpass,10,covariance,all,f1_HYP,absolute,404,3,0.5748178099719212
resnet,bandpass,10,covariance,all,f1_HYP,absolute,505,3,0.5740168666469155
resnet,bandpass,10,covariance,all,f1_HYP,clean_drop,101,3,0.024580724260832614
resnet,bandpass,10,covariance,all,f1_HYP,clean_drop,202,3,0.025934159955208647
resnet,bandpass,10,covariance,all,f1_HYP,clean_drop,303,3,0.02414768000902978
resnet,bandpass,10,covariance,all,f1_HYP,clean_drop,404,3,0.026741397178198123
resnet,bandpass,10,covariance,all,f1_HYP,clean_drop,505,3,0.02754234050320381
resnet,bandpass,10,covariance,all,f1_HYP,normalized_robustness,101,3,0.9595977858249926
resnet,bandpass,10,covariance,all,f1_HYP,normalized_robustness,202,3,0.9577053777377508
resnet,bandpass,10,covariance,all,f1_HYP,normalized_robustness,303,3,0.9612080376165856
resnet,bandpass,10,covariance,all,f1_HYP,normalized_robustness,404,3,0.9562329101392842
resnet,bandpass,10,covariance,all,f1_HYP,normalized_robustness,505,3,0.9546506018886105
resnet,bandpass,10,covariance,all,f1_MI,absolute,101,3,0.6510770245797115
resnet,bandpass,10,covariance,all,f1_MI,absolute,202,3,0.656287475605068
resnet,bandpass,10,covariance,all,f1_MI,absolute,303,3,0.6628135190945076
resnet,bandpass,10,covariance,all,f1_MI,absolute,404,3,0.6616290534821917
resnet,bandpass,10,covariance,all,f1_MI,absolute,505,3,0.6622286833236921
resnet,bandpass,10,covariance,all,f1_MI,clean_drop,101,3,0.03375195787604346
resnet,bandpass,10,covariance,all,f1_MI,clean_drop,202,3,0.028541506850687126
resnet,bandpass,10,covariance,all,f1_MI,clean_drop,303,3,0.022015463361247416
resnet,bandpass,10,covariance,all,f1_MI,clean_drop,404,3,0.023199928973563155
resnet,bandpass,10,covariance,all,f1_MI,clean_drop,505,3,0.022600299132062778
resnet,bandpass,10,covariance,all,f1_MI,normalized_robustness,101,3,0.950731000339406
resnet,bandpass,10,covariance,all,f1_MI,normalized_robustness,202,3,0.9583211388566788
resnet,bandpass,10,covariance,all,f1_MI,normalized_robustness,303,3,0.9677647244173452
resnet,bandpass,10,covariance,all,f1_MI,normalized_robustness,404,3,0.9661659472306773
resnet,bandpass,10,covariance,all,f1_MI,normalized_robustness,505,3,0.9669851986743031
resnet,bandpass,10,covariance,all,f1_NORM,absolute,101,3,0.8155415313233675
resnet,bandpass,10,covariance,all,f1_NORM,absolute,202,3,0.8080529360924907
resnet,bandpass,10,covariance,all,f1_NORM,absolute,303,3,0.8123472671871345
resnet,bandpass,10,covariance,all,f1_NORM,absolute,404,3,0.8082308751270103
resnet,bandpass,10,covariance,all,f1_NORM,absolute,505,3,0.8107465440517293
resnet,bandpass,10,covariance,all,f1_NORM,clean_drop,101,3,0.031291215078962854
resnet,bandpass,10,covariance,all,f1_NORM,clean_drop,202,3,0.03877981030983949
resnet,bandpass,10,covariance,all,f1_NORM,clean_drop,303,3,0.03448547921519588
resnet,bandpass,10,covariance,all,f1_NORM,clean_drop,404,3,0.03860187127532011
resnet,bandpass,10,covariance,all,f1_NORM,clean_drop,505,3,0.036086202350601115
resnet,bandpass,10,covariance,all,f1_NORM,normalized_robustness,101,3,0.9630615151887468
resnet,bandpass,10,covariance,all,f1_NORM,normalized_robustness,202,3,0.9542194897552113
resnet,bandpass,10,covariance,all,f1_NORM,normalized_robustness,303,3,0.9592928939461132
resnet,bandpass,10,covariance,all,f1_NORM,normalized_robustness,404,3,0.954436899725504
resnet,bandpass,10,covariance,all,f1_NORM,normalized_robustness,505,3,0.9573927588907041
resnet,bandpass,10,covariance,all,f1_STTC,absolute,101,3,0.7071070852583459
resnet,bandpass,10,covariance,all,f1_STTC,absolute,202,3,0.7084222968930717
resnet,bandpass,10,covariance,all,f1_STTC,absolute,303,3,0.7039672379863369
resnet,bandpass,10,covariance,all,f1_STTC,absolute,404,3,0.7110643548023333
resnet,bandpass,10,covariance,all,f1_STTC,absolute,505,3,0.7002736586144706
resnet,bandpass,10,covariance,all,f1_STTC,clean_drop,101,3,0.039448027787459115
resnet,bandpass,10,covariance,all,f1_STTC,clean_drop,202,3,0.038132816152733194
resnet,bandpass,10,covariance,all,f1_STTC,clean_drop,303,3,0.04258787505946815
resnet,bandpass,10,covariance,all,f1_STTC,clean_drop,404,3,0.03549075824347155
resnet,bandpass,10,covariance,all,f1_STTC,clean_drop,505,3,0.04628145443133439
resnet,bandpass,10,covariance,all,f1_STTC,normalized_robustness,101,3,0.9474178991070193
resnet,bandpass,10,covariance,all,f1_STTC,normalized_robustness,202,3,0.9490592879128048
resnet,bandpass,10,covariance,all,f1_STTC,normalized_robustness,303,3,0.9431738372655826
resnet,bandpass,10,covariance,all,f1_STTC,normalized_robustness,404,3,0.9524396628423474
resnet,bandpass,10,covariance,all,f1_STTC,normalized_robustness,505,3,0.9381949508552699
resnet,bandpass,10,covariance,all,macro_ap,absolute,101,3,0.7669394231113528
resnet,bandpass,10,covariance,all,macro_ap,absolute,202,3,0.7669296746998194
resnet,bandpass,10,covariance,all,macro_ap,absolute,303,3,0.7669563758028012
resnet,bandpass,10,covariance,all,macro_ap,absolute,404,3,0.7671214488748511
resnet,bandpass,10,covariance,all,macro_ap,absolute,505,3,0.7671019021361708
resnet,bandpass,10,covariance,all,macro_ap,clean_drop,101,3,0.01912951810698038
resnet,bandpass,10,covariance,all,macro_ap,clean_drop,202,3,0.019139266518513682
resnet,bandpass,10,covariance,all,macro_ap,clean_drop,303,3,0.01911256541553204
resnet,bandpass,10,covariance,all,macro_ap,clean_drop,404,3,0.018947492343481993
resnet,bandpass,10,covariance,all,macro_ap,clean_drop,505,3,0.018967039082162313
resnet,bandpass,10,covariance,all,macro_ap,normalized_robustness,101,3,0.975639515259571
resnet,bandpass,10,covariance,all,macro_ap,normalized_robustness,202,3,0.9756236262641136
resnet,bandpass,10,covariance,all,macro_ap,normalized_robustness,303,3,0.9756562984900904
resnet,bandpass,10,covariance,all,macro_ap,normalized_robustness,404,3,0.9758660977380801
resnet,bandpass,10,covariance,all,macro_ap,normalized_robustness,505,3,0.9758479571479093
resnet,bandpass,10,covariance,all,macro_auroc,absolute,101,3,0.8959968332889922
resnet,bandpass,10,covariance,all,macro_auroc,absolute,202,3,0.896103657623779
resnet,bandpass,10,covariance,all,macro_auroc,absolute,303,3,0.8965034247102999
resnet,bandpass,10,covariance,all,macro_auroc,absolute,404,3,0.8957858668082826
resnet,bandpass,10,covariance,all,macro_auroc,absolute,505,3,0.8962051633211633
resnet,bandpass,10,covariance,all,macro_auroc,clean_drop,101,3,0.011837855133043695
resnet,bandpass,10,covariance,all,macro_auroc,clean_drop,202,3,0.011731030798256955
resnet,bandpass,10,covariance,all,macro_auroc,clean_drop,303,3,0.01133126371173591
resnet,bandpass,10,covariance,all,macro_auroc,clean_drop,404,3,0.012048821613753166
resnet,bandpass,10,covariance,all,macro_auroc,clean_drop,505,3,0.011629525100872598
resnet,bandpass,10,covariance,all,macro_auroc,normalized_robustness,101,3,0.986957693198245
resnet,bandpass,10,covariance,all,macro_auroc,normalized_robustness,202,3,0.9870759137759612
resnet,bandpass,10,covariance,all,macro_auroc,normalized_robustness,303,3,0.987516077409778
resnet,bandpass,10,covariance,all,macro_auroc,normalized_robustness,404,3,0.9867254897233092
resnet,bandpass,10,covariance,all,macro_auroc,normalized_robustness,505,3,0.9871871738857041
resnet,bandpass,10,covariance,all,macro_f1,absolute,101,3,0.6914865627899304
resnet,bandpass,10,covariance,all,macro_f1,absolute,202,3,0.6903561783829372
resnet,bandpass,10,covariance,all,macro_f1,absolute,303,3,0.6910659928759008
resnet,bandpass,10,covariance,all,macro_f1,absolute,404,3,0.6912783328716513
resnet,bandpass,10,covariance,all,macro_f1,absolute,505,3,0.6903092807352357
resnet,bandpass,10,covariance,all,macro_f1,clean_drop,101,3,0.02624926773583954
resnet,bandpass,10,covariance,all,macro_f1,clean_drop,202,3,0.027379652142832705
resnet,bandpass,10,covariance,all,macro_f1,clean_drop,303,3,0.026669837649869115
resnet,bandpass,10,covariance,all,macro_f1,clean_drop,404,3,0.026457497654118572
resnet,bandpass,10,covariance,all,macro_f1,clean_drop,505,3,0.027426549790534233
resnet,bandpass,10,covariance,all,macro_f1,normalized_robustness,101,3,0.9634105603464841
resnet,bandpass,10,covariance,all,macro_f1,normalized_robustness,202,3,0.9618354917201399
resnet,bandpass,10,covariance,all,macro_f1,normalized_robustness,303,3,0.9628274415317165
resnet,bandpass,10,covariance,all,macro_f1,normalized_robustness,404,3,0.9631035216199221
resnet,bandpass,10,covariance,all,macro_f1,normalized_robustness,505,3,0.961758996888198
resnet,bandpass,10,covariance,all,mean_confidence,absolute,101,3,0.8531286120414734
resnet,bandpass,10,covariance,all,mean_confidence,absolute,202,3,0.852983832359314
resnet,bandpass,10,covariance,all,mean_confidence,absolute,303,3,0.853575865427653
resnet,bandpass,10,covariance,all,mean_confidence,absolute,404,3,0.8534169395764669
resnet,bandpass,10,covariance,all,mean_confidence,absolute,505,3,0.8536027471224467
resnet,bandpass,10,covariance,all,mean_entropy,absolute,101,3,0.33621483880653996
resnet,bandpass,10,covariance,all,mean_entropy,absolute,202,3,0.3359054615253503
resnet,bandpass,10,covariance,all,mean_entropy,absolute,303,3,0.3355051458219971
resnet,bandpass,10,covariance,all,mean_entropy,absolute,404,3,0.33545253462168206
resnet,bandpass,10,covariance,all,mean_entropy,absolute,505,3,0.33561213223112846
resnet,bandpass,10,covariance,all,mean_loss,absolute,101,3,0.34058395559351107
resnet,bandpass,10,covariance,all,mean_loss,absolute,202,3,0.3406320071901745
resnet,bandpass,10,covariance,all,mean_loss,absolute,303,3,0.34003964779319734
resnet,bandpass,10,covariance,all,mean_loss,absolute,404,3,0.34059176393170804
resnet,bandpass,10,covariance,all,mean_loss,absolute,505,3,0.33968557766222696
resnet,bandpass,10,covariance,all,micro_ap,absolute,101,3,0.7814895381963773
resnet,bandpass,10,covariance,all,micro_ap,absolute,202,3,0.7813399016211934
resnet,bandpass,10,covariance,all,micro_ap,absolute,303,3,0.7820726890764954
resnet,bandpass,10,covariance,all,micro_ap,absolute,404,3,0.781791925989527
resnet,bandpass,10,covariance,all,micro_ap,absolute,505,3,0.7825960771721056
resnet,bandpass,10,covariance,all,micro_auroc,absolute,101,3,0.8990776750419697
resnet,bandpass,10,covariance,all,micro_auroc,absolute,202,3,0.8991002899363809
resnet,bandpass,10,covariance,all,micro_auroc,absolute,303,3,0.8996020793641581
resnet,bandpass,10,covariance,all,micro_auroc,absolute,404,3,0.8989749825230903
resnet,bandpass,10,covariance,all,micro_auroc,absolute,505,3,0.8995367872531648
resnet,bandpass,10,covariance,all,micro_f1,absolute,101,3,0.7156990144250911
resnet,bandpass,10,covariance,all,micro_f1,absolute,202,3,0.714046550100961
resnet,bandpass,10,covariance,all,micro_f1,absolute,303,3,0.7156023693892073
resnet,bandpass,10,covariance,all,micro_f1,absolute,404,3,0.7155208337193505
resnet,bandpass,10,covariance,all,micro_f1,absolute,505,3,0.7146937237507381
resnet,bandpass,10,covariance,all,probability_shift,absolute,101,3,0.06396419058243431
resnet,bandpass,10,covariance,all,probability_shift,absolute,202,3,0.0640686427553494
resnet,bandpass,10,covariance,all,probability_shift,absolute,303,3,0.06380800902843471
resnet,bandpass,10,covariance,all,probability_shift,absolute,404,3,0.06372979283332819
resnet,bandpass,10,covariance,all,probability_shift,absolute,505,3,0.06378958001732822
resnet,bandpass,10,electrode,all,ap_CD,absolute,101,3,0.7954964478858807
resnet,bandpass,10,electrode,all,ap_CD,absolute,202,3,0.7939753271814087
resnet,bandpass,10,electrode,all,ap_CD,absolute,303,3,0.7945221797375493
resnet,bandpass,10,electrode,all,ap_CD,absolute,404,3,0.7996800534539981
resnet,bandpass,10,electrode,all,ap_CD,absolute,505,3,0.7978009464415097
resnet,bandpass,10,electrode,all,ap_CD,clean_drop,101,3,0.01109243474953392
resnet,bandpass,10,electrode,all,ap_CD,clean_drop,202,3,0.012613555454005998
resnet,bandpass,10,electrode,all,ap_CD,clean_drop,303,3,0.012066702897865267
resnet,bandpass,10,electrode,all,ap_CD,clean_drop,404,3,0.006908829181416665
resnet,bandpass,10,electrode,all,ap_CD,clean_drop,505,3,0.008787936193904944
resnet,bandpass,10,electrode,all,ap_CD,normalized_robustness,101,3,0.9862765635706836
resnet,bandpass,10,electrode,all,ap_CD,normalized_robustness,202,3,0.9844131819827173
resnet,bandpass,10,electrode,all,ap_CD,normalized_robustness,303,3,0.9850722397534879
resnet,bandpass,10,electrode,all,ap_CD,normalized_robustness,404,3,0.99149701707069
resnet,bandpass,10,electrode,all,ap_CD,normalized_robustness,505,3,0.9891646272647768
resnet,bandpass,10,electrode,all,ap_HYP,absolute,101,3,0.6219348600340298
resnet,bandpass,10,electrode,all,ap_HYP,absolute,202,3,0.6222745630949794
resnet,bandpass,10,electrode,all,ap_HYP,absolute,303,3,0.621302690569442
resnet,bandpass,10,electrode,all,ap_HYP,absolute,404,3,0.6215250254380517
resnet,bandpass,10,electrode,all,ap_HYP,absolute,505,3,0.6239515467350469
resnet,bandpass,10,electrode,all,ap_HYP,clean_drop,101,3,0.019667080947294746
resnet,bandpass,10,electrode,all,ap_HYP,clean_drop,202,3,0.019327377886345014
resnet,bandpass,10,electrode,all,ap_HYP,clean_drop,303,3,0.02029925041188252
resnet,bandpass,10,electrode,all,ap_HYP,clean_drop,404,3,0.020076915543272806
resnet,bandpass,10,electrode,all,ap_HYP,clean_drop,505,3,0.017650394246277606
resnet,bandpass,10,electrode,all,ap_HYP,normalized_robustness,101,3,0.9692210607681452
resnet,bandpass,10,electrode,all,ap_HYP,normalized_robustness,202,3,0.9697650525996365
resnet,bandpass,10,electrode,all,ap_HYP,normalized_robustness,303,3,0.9682951839214103
resnet,bandpass,10,electrode,all,ap_HYP,normalized_robustness,404,3,0.9684590279001261
resnet,bandpass,10,electrode,all,ap_HYP,normalized_robustness,505,3,0.9723458052597723
resnet,bandpass,10,electrode,all,ap_MI,absolute,101,3,0.7402748977898265
resnet,bandpass,10,electrode,all,ap_MI,absolute,202,3,0.7428016676348808
resnet,bandpass,10,electrode,all,ap_MI,absolute,303,3,0.7363081853991779
resnet,bandpass,10,electrode,all,ap_MI,absolute,404,3,0.7383275147687494
resnet,bandpass,10,electrode,all,ap_MI,absolute,505,3,0.743740826132067
resnet,bandpass,10,electrode,all,ap_MI,clean_drop,101,3,0.022835151075201954
resnet,bandpass,10,electrode,all,ap_MI,clean_drop,202,3,0.020308381230147554
resnet,bandpass,10,electrode,all,ap_MI,clean_drop,303,3,0.0268018634658506
resnet,bandpass,10,electrode,all,ap_MI,clean_drop,404,3,0.0247825340962791
resnet,bandpass,10,electrode,all,ap_MI,clean_drop,505,3,0.01936922273296134
resnet,bandpass,10,electrode,all,ap_MI,normalized_robustness,101,3,0.9698963510210623
resnet,bandpass,10,electrode,all,ap_MI,normalized_robustness,202,3,0.9732760803987492
resnet,bandpass,10,electrode,all,ap_MI,normalized_robustness,303,3,0.9647361584529331
resnet,bandpass,10,electrode,all,ap_MI,normalized_robustness,404,3,0.9673849184297229
resnet,bandpass,10,electrode,all,ap_MI,normalized_robustness,505,3,0.9745723029076855
resnet,bandpass,10,electrode,all,ap_NORM,absolute,101,3,0.8905996199690355
resnet,bandpass,10,electrode,all,ap_NORM,absolute,202,3,0.8893365157899815
resnet,bandpass,10,electrode,all,ap_NORM,absolute,303,3,0.8867835787987479
resnet,bandpass,10,electrode,all,ap_NORM,absolute,404,3,0.8868444529328868
resnet,bandpass,10,electrode,all,ap_NORM,absolute,505,3,0.8900492028075774
resnet,bandpass,10,electrode,all,ap_NORM,clean_drop,101,3,0.016460601728611007
resnet,bandpass,10,electrode,all,ap_NORM,clean_drop,202,3,0.017723705907664995
resnet,bandpass,10,electrode,all,ap_NORM,clean_drop,303,3,0.02027664289889845
resnet,bandpass,10,electrode,all,ap_NORM,clean_drop,404,3,0.020215768764759612
resnet,bandpass,10,electrode,all,ap_NORM,clean_drop,505,3,0.0170110188900691
resnet,bandpass,10,electrode,all,ap_NORM,normalized_robustness,101,3,0.9818333712022472
resnet,bandpass,10,electrode,all,ap_NORM,normalized_robustness,202,3,0.9804416333975822
resnet,bandpass,10,electrode,all,ap_NORM,normalized_robustness,303,3,0.9776295363144977
resnet,bandpass,10,electrode,all,ap_NORM,normalized_robustness,404,3,0.9776975713184473
resnet,bandpass,10,electrode,all,ap_NORM,normalized_robustness,505,3,0.9812226263875639
resnet,bandpass,10,electrode,all,ap_STTC,absolute,101,3,0.7863936581597711
resnet,bandpass,10,electrode,all,ap_STTC,absolute,202,3,0.7857266685699728
resnet,bandpass,10,electrode,all,ap_STTC,absolute,303,3,0.7845760573346469
resnet,bandpass,10,electrode,all,ap_STTC,absolute,404,3,0.7849884415505678
resnet,bandpass,10,electrode,all,ap_STTC,absolute,505,3,0.7906542430784796
resnet,bandpass,10,electrode,all,ap_STTC,clean_drop,101,3,0.0255899537524803
resnet,bandpass,10,electrode,all,ap_STTC,clean_drop,202,3,0.02625694334227872
resnet,bandpass,10,electrode,all,ap_STTC,clean_drop,303,3,0.027407554577604687
resnet,bandpass,10,electrode,all,ap_STTC,clean_drop,404,3,0.02699517036168375
resnet,bandpass,10,electrode,all,ap_STTC,clean_drop,505,3,0.021329368833771862
resnet,bandpass,10,electrode,all,ap_STTC,normalized_robustness,101,3,0.9683967398356126
resnet,bandpass,10,electrode,all,ap_STTC,normalized_robustness,202,3,0.967590391980858
resnet,bandpass,10,electrode,all,ap_STTC,normalized_robustness,303,3,0.9661463721268319
resnet,bandpass,10,electrode,all,ap_STTC,normalized_robustness,404,3,0.9666159416062188
resnet,bandpass,10,electrode,all,ap_STTC,normalized_robustness,505,3,0.9736303371219043
resnet,bandpass,10,electrode,all,auroc_CD,absolute,101,3,0.8900085562154679
resnet,bandpass,10,electrode,all,auroc_CD,absolute,202,3,0.88848897881811
resnet,bandpass,10,electrode,all,auroc_CD,absolute,303,3,0.8900845755211367
resnet,bandpass,10,electrode,all,auroc_CD,absolute,404,3,0.8924929318220048
resnet,bandpass,10,electrode,all,auroc_CD,absolute,505,3,0.8911088143576208
resnet,bandpass,10,electrode,all,auroc_CD,clean_drop,101,3,0.008240411862893446
resnet,bandpass,10,electrode,all,auroc_CD,clean_drop,202,3,0.00975998926025127
resnet,bandpass,10,electrode,all,auroc_CD,clean_drop,303,3,0.008164392557224712
resnet,bandpass,10,electrode,all,auroc_CD,clean_drop,404,3,0.005756036256356419
resnet,bandpass,10,electrode,all,auroc_CD,clean_drop,505,3,0.007140153720740579
resnet,bandpass,10,electrode,all,auroc_CD,normalized_robustness,101,3,0.9908418322367027
resnet,bandpass,10,electrode,all,auroc_CD,normalized_robustness,202,3,0.9891534327928162
resnet,bandpass,10,electrode,all,auroc_CD,normalized_robustness,303,3,0.9909290755568603
resnet,bandpass,10,electrode,all,auroc_CD,normalized_robustness,404,3,0.9936115948209663
resnet,bandpass,10,electrode,all,auroc_CD,normalized_robustness,505,3,0.9920759402915786
resnet,bandpass,10,electrode,all,auroc_HYP,absolute,101,3,0.8826205027860984
resnet,bandpass,10,electrode,all,auroc_HYP,absolute,202,3,0.8837609108770574
resnet,bandpass,10,electrode,all,auroc_HYP,absolute,303,3,0.8822021182937697
resnet,bandpass,10,electrode,all,auroc_HYP,absolute,404,3,0.8828496580453291
resnet,bandpass,10,electrode,all,auroc_HYP,absolute,505,3,0.8833764131800175
resnet,bandpass,10,electrode,all,auroc_HYP,clean_drop,101,3,0.010228779484867076
resnet,bandpass,10,electrode,all,auroc_HYP,clean_drop,202,3,0.009088371393908131
resnet,bandpass,10,electrode,all,auroc_HYP,clean_drop,303,3,0.01064716397719582
resnet,bandpass,10,electrode,all,auroc_HYP,clean_drop,404,3,0.009999624225636383
resnet,bandpass,10,electrode,all,auroc_HYP,clean_drop,505,3,0.009472869090948096
resnet,bandpass,10,electrode,all,auroc_HYP,normalized_robustness,101,3,0.9885404279970792
resnet,bandpass,10,electrode,all,auroc_HYP,normalized_robustness,202,3,0.989823248219834
resnet,bandpass,10,electrode,all,auroc_HYP,normalized_robustness,303,3,0.9880767118545323
resnet,bandpass,10,electrode,all,auroc_HYP,normalized_robustness,404,3,0.9888010898350781
resnet,bandpass,10,electrode,all,auroc_HYP,normalized_robustness,505,3,0.9893888326283747
resnet,bandpass,10,electrode,all,auroc_MI,absolute,101,3,0.8770597768732097
resnet,bandpass,10,electrode,all,auroc_MI,absolute,202,3,0.8780521634252977
resnet,bandpass,10,electrode,all,auroc_MI,absolute,303,3,0.873868536107342
resnet,bandpass,10,electrode,all,auroc_MI,absolute,404,3,0.8745650535202775
resnet,bandpass,10,electrode,all,auroc_MI,absolute,505,3,0.8771442032262927
resnet,bandpass,10,electrode,all,auroc_MI,clean_drop,101,3,0.013354816824966162
resnet,bandpass,10,electrode,all,auroc_MI,clean_drop,202,3,0.012362430272878089
resnet,bandpass,10,electrode,all,auroc_MI,clean_drop,303,3,0.016546057590833867
resnet,bandpass,10,electrode,all,auroc_MI,clean_drop,404,3,0.015849540177898414
resnet,bandpass,10,electrode,all,auroc_MI,clean_drop,505,3,0.01327039047188309
resnet,bandpass,10,electrode,all,auroc_MI,normalized_robustness,101,3,0.9849801417164814
resnet,bandpass,10,electrode,all,auroc_MI,normalized_robustness,202,3,0.9861067094715216
resnet,bandpass,10,electrode,all,auroc_MI,normalized_robustness,303,3,0.981397648300704
resnet,bandpass,10,electrode,all,auroc_MI,normalized_robustness,404,3,0.982181431857574
resnet,bandpass,10,electrode,all,auroc_MI,normalized_robustness,505,3,0.9850868961026317
resnet,bandpass,10,electrode,all,auroc_NORM,absolute,101,3,0.9241926163444955
resnet,bandpass,10,electrode,all,auroc_NORM,absolute,202,3,0.9232332712018317
resnet,bandpass,10,electrode,all,auroc_NORM,absolute,303,3,0.9225960250321882
resnet,bandpass,10,electrode,all,auroc_NORM,absolute,404,3,0.9219535650302474
resnet,bandpass,10,electrode,all,auroc_NORM,absolute,505,3,0.9241575678051648
resnet,bandpass,10,electrode,all,auroc_NORM,clean_drop,101,3,0.009380842931853595
resnet,bandpass,10,electrode,all,auroc_NORM,clean_drop,202,3,0.010340188074517198
resnet,bandpass,10,electrode,all,auroc_NORM,clean_drop,303,3,0.010977434244160755
resnet,bandpass,10,electrode,all,auroc_NORM,clean_drop,404,3,0.011619894246101473
resnet,bandpass,10,electrode,all,auroc_NORM,clean_drop,505,3,0.009415891471184046
resnet,bandpass,10,electrode,all,auroc_NORM,normalized_robustness,101,3,0.9899496493732283
resnet,bandpass,10,electrode,all,auroc_NORM,normalized_robustness,202,3,0.9889226569276351
resnet,bandpass,10,electrode,all,auroc_NORM,normalized_robustness,303,3,0.9882391963464264
resnet,bandpass,10,electrode,all,auroc_NORM,normalized_robustness,404,3,0.9875519220991708
resnet,bandpass,10,electrode,all,auroc_NORM,normalized_robustness,505,3,0.9899108710696062
resnet,bandpass,10,electrode,all,auroc_STTC,absolute,101,3,0.9094699470146339
resnet,bandpass,10,electrode,all,auroc_STTC,absolute,202,3,0.9091969494624275
resnet,bandpass,10,electrode,all,auroc_STTC,absolute,303,3,0.9082169331959161
resnet,bandpass,10,electrode,all,auroc_STTC,absolute,404,3,0.9092288024338014
resnet,bandpass,10,electrode,all,auroc_STTC,absolute,505,3,0.9106533923805348
resnet,bandpass,10,electrode,all,auroc_STTC,clean_drop,101,3,0.014617191771693516
resnet,bandpass,10,electrode,all,auroc_STTC,clean_drop,202,3,0.014890189323900108
resnet,bandpass,10,electrode,all,auroc_STTC,clean_drop,303,3,0.01587020559041134
resnet,bandpass,10,electrode,all,auroc_STTC,clean_drop,404,3,0.014858336352526017
resnet,bandpass,10,electrode,all,auroc_STTC,clean_drop,505,3,0.01343374640579272
resnet,bandpass,10,electrode,all,auroc_STTC,normalized_robustness,101,3,0.9841657378049442
resnet,bandpass,10,electrode,all,auroc_STTC,normalized_robustness,202,3,0.9838747874636548
resnet,bandpass,10,electrode,all,auroc_STTC,normalized_robustness,303,3,0.9828049731557691
resnet,bandpass,10,electrode,all,auroc_STTC,normalized_robustness,404,3,0.9839028469378593
resnet,bandpass,10,electrode,all,auroc_STTC,normalized_robustness,505,3,0.9854468488363399
resnet,bandpass,10,electrode,all,brier,absolute,101,3,0.10598791142304732
resnet,bandpass,10,electrode,all,brier,absolute,202,3,0.10639667262633638
resnet,bandpass,10,electrode,all,brier,absolute,303,3,0.10658497363328927
resnet,bandpass,10,electrode,all,brier,absolute,404,3,0.10639535139004387
resnet,bandpass,10,electrode,all,brier,absolute,505,3,0.1055024936795234
resnet,bandpass,10,electrode,all,clean_agreement,absolute,101,3,0.9361136855112758
resnet,bandpass,10,electrode,all,clean_agreement,absolute,202,3,0.9351251158480074
resnet,bandpass,10,electrode,all,clean_agreement,absolute,303,3,0.9361136855112759
resnet,bandpass,10,electrode,all,clean_agreement,absolute,404,3,0.9331479765214704
resnet,bandpass,10,electrode,all,clean_agreement,absolute,505,3,0.935032437442076
resnet,bandpass,10,electrode,all,ece,absolute,101,3,0.061248090597526096
resnet,bandpass,10,electrode,all,ece,absolute,202,3,0.060782625442264294
resnet,bandpass,10,electrode,all,ece,absolute,303,3,0.06136637748347673
resnet,bandpass,10,electrode,all,ece,absolute,404,3,0.06114172212400313
resnet,bandpass,10,electrode,all,ece,absolute,505,3,0.06070167159985033
resnet,bandpass,10,electrode,all,f1_CD,absolute,101,3,0.7043574042492068
resnet,bandpass,10,electrode,all,f1_CD,absolute,202,3,0.6990488763749892
resnet,bandpass,10,electrode,all,f1_CD,absolute,303,3,0.7002159978465246
resnet,bandpass,10,electrode,all,f1_CD,absolute,404,3,0.7077078796210591
resnet,bandpass,10,electrode,all,f1_CD,absolute,505,3,0.7036683678448687
resnet,bandpass,10,electrode,all,f1_CD,clean_drop,101,3,0.0045456993256331275
resnet,bandpass,10,electrode,all,f1_CD,clean_drop,202,3,0.009854227199850666
resnet,bandpass,10,electrode,all,f1_CD,clean_drop,303,3,0.0086871057283154
resnet,bandpass,10,electrode,all,f1_CD,clean_drop,404,3,0.0011952239537806886
resnet,bandpass,10,electrode,all,f1_CD,clean_drop,505,3,0.005234735729971092
resnet,bandpass,10,electrode,all,f1_CD,normalized_robustness,101,3,0.9935754718781323
resnet,bandpass,10,electrode,all,f1_CD,normalized_robustness,202,3,0.9860436220122214
resnet,bandpass,10,electrode,all,f1_CD,normalized_robustness,303,3,0.9877721103440421
resnet,bandpass,10,electrode,all,f1_CD,normalized_robustness,404,3,0.998287422325515
resnet,bandpass,10,electrode,all,f1_CD,normalized_robustness,505,3,0.9926359653908366
resnet,bandpass,10,electrode,all,f1_HYP,absolute,101,3,0.5718926927660636
resnet,bandpass,10,electrode,all,f1_HYP,absolute,202,3,0.575584642722759
resnet,bandpass,10,electrode,all,f1_HYP,absolute,303,3,0.577618407633327
resnet,bandpass,10,electrode,all,f1_HYP,absolute,404,3,0.5743303603455195
resnet,bandpass,10,electrode,all,f1_HYP,absolute,505,3,0.5710422604760476
resnet,bandpass,10,electrode,all,f1_HYP,clean_drop,101,3,0.029666514384055726
resnet,bandpass,10,electrode,all,f1_HYP,clean_drop,202,3,0.02597456442736031
resnet,bandpass,10,electrode,all,f1_HYP,clean_drop,303,3,0.0239407995167924
resnet,bandpass,10,electrode,all,f1_HYP,clean_drop,404,3,0.027228846804599766
resnet,bandpass,10,electrode,all,f1_HYP,clean_drop,505,3,0.03051694667407175
resnet,bandpass,10,electrode,all,f1_HYP,normalized_robustness,101,3,0.9514372626575273
resnet,bandpass,10,electrode,all,f1_HYP,normalized_robustness,202,3,0.9578159507812739
resnet,bandpass,10,electrode,all,f1_HYP,normalized_robustness,303,3,0.9609425442850185
resnet,bandpass,10,electrode,all,f1_HYP,normalized_robustness,404,3,0.9551349880215164
resnet,bandpass,10,electrode,all,f1_HYP,normalized_robustness,505,3,0.9499710747127531
resnet,bandpass,10,electrode,all,f1_MI,absolute,101,3,0.6654424035001486
resnet,bandpass,10,electrode,all,f1_MI,absolute,202,3,0.664153216496114
resnet,bandpass,10,electrode,all,f1_MI,absolute,303,3,0.6642494577420951
resnet,bandpass,10,electrode,all,f1_MI,absolute,404,3,0.6574378453510499
resnet,bandpass,10,electrode,all,f1_MI,absolute,505,3,0.663582577020147
resnet,bandpass,10,electrode,all,f1_MI,clean_drop,101,3,0.01938657895560632
resnet,bandpass,10,electrode,all,f1_MI,clean_drop,202,3,0.020675765959640897
resnet,bandpass,10,electrode,all,f1_MI,clean_drop,303,3,0.020579524713659907
resnet,bandpass,10,electrode,all,f1_MI,clean_drop,404,3,0.027391137104705126
resnet,bandpass,10,electrode,all,f1_MI,clean_drop,505,3,0.021246405435608
resnet,bandpass,10,electrode,all,f1_MI,normalized_robustness,101,3,0.9716960649112885
resnet,bandpass,10,electrode,all,f1_MI,normalized_robustness,202,3,0.9698086304060568
resnet,bandpass,10,electrode,all,f1_MI,normalized_robustness,303,3,0.9699440740949822
resnet,bandpass,10,electrode,all,f1_MI,normalized_robustness,404,3,0.9599459543965178
resnet,bandpass,10,electrode,all,f1_MI,normalized_robustness,505,3,0.9688803553888224
resnet,bandpass,10,electrode,all,f1_NORM,absolute,101,3,0.8115006664504549
resnet,bandpass,10,electrode,all,f1_NORM,absolute,202,3,0.8121075543379722
resnet,bandpass,10,electrode,all,f1_NORM,absolute,303,3,0.8130803971359445
resnet,bandpass,10,electrode,all,f1_NORM,absolute,404,3,0.8073120519401531
resnet,bandpass,10,electrode,all,f1_NORM,absolute,505,3,0.8139453672478015
resnet,bandpass,10,electrode,all,f1_NORM,clean_drop,101,3,0.03533207995187537
resnet,bandpass,10,electrode,all,f1_NORM,clean_drop,202,3,0.034725192064358125
resnet,bandpass,10,electrode,all,f1_NORM,clean_drop,303,3,0.03375234926638578
resnet,bandpass,10,electrode,all,f1_NORM,clean_drop,404,3,0.039520694462177174
resnet,bandpass,10,electrode,all,f1_NORM,clean_drop,505,3,0.03288737915452877
resnet,bandpass,10,electrode,all,f1_NORM,normalized_robustness,101,3,0.9582924347666971
resnet,bandpass,10,electrode,all,f1_NORM,normalized_robustness,202,3,0.9590146318973437
resnet,bandpass,10,electrode,all,f1_NORM,normalized_robustness,303,3,0.9601597341782079
resnet,bandpass,10,electrode,all,f1_NORM,normalized_robustness,404,3,0.9533501047060411
resnet,bandpass,10,electrode,all,f1_NORM,normalized_robustness,505,3,0.9611796526907667
resnet,bandpass,10,electrode,all,f1_STTC,absolute,101,3,0.7052657810647528
resnet,bandpass,10,electrode,all,f1_STTC,absolute,202,3,0.7052325126167025
resnet,bandpass,10,electrode,all,f1_STTC,absolute,303,3,0.7081254009803662
resnet,bandpass,10,electrode,all,f1_STTC,absolute,404,3,0.7063395341373394
resnet,bandpass,10,electrode,all,f1_STTC,absolute,505,3,0.705102784336891
resnet,bandpass,10,electrode,all,f1_STTC,clean_drop,101,3,0.04128933198105215
resnet,bandpass,10,electrode,all,f1_STTC,clean_drop,202,3,0.04132260042910244
resnet,bandpass,10,electrode,all,f1_STTC,clean_drop,303,3,0.03842971206543855
resnet,bandpass,10,electrode,all,f1_STTC,clean_drop,404,3,0.040215578908465575
resnet,bandpass,10,electrode,all,f1_STTC,clean_drop,505,3,0.04145232870891399
resnet,bandpass,10,electrode,all,f1_STTC,normalized_robustness,101,3,0.9447430756435223
resnet,bandpass,10,electrode,all,f1_STTC,normalized_robustness,202,3,0.9449497849637467
resnet,bandpass,10,electrode,all,f1_STTC,normalized_robustness,303,3,0.9484540558479893
resnet,bandpass,10,electrode,all,f1_STTC,normalized_robustness,404,3,0.9462149291440852
resnet,bandpass,10,electrode,all,f1_STTC,normalized_robustness,505,3,0.9445371653972
resnet,bandpass,10,electrode,all,macro_ap,absolute,101,3,0.7669398967677087
resnet,bandpass,10,electrode,all,macro_ap,absolute,202,3,0.7668229484542447
resnet,bandpass,10,electrode,all,macro_ap,absolute,303,3,0.7646985383679129
resnet,bandpass,10,electrode,all,macro_ap,absolute,404,3,0.7662730976288508
resnet,bandpass,10,electrode,all,macro_ap,absolute,505,3,0.7692393530389362
resnet,bandpass,10,electrode,all,macro_ap,clean_drop,101,3,0.019129044450624466
resnet,bandpass,10,electrode,all,macro_ap,clean_drop,202,3,0.019245992764088487
resnet,bandpass,10,electrode,all,macro_ap,clean_drop,303,3,0.021370402850420356
resnet,bandpass,10,electrode,all,macro_ap,clean_drop,404,3,0.019795843589482387
resnet,bandpass,10,electrode,all,macro_ap,clean_drop,505,3,0.016829588179396986
resnet,bandpass,10,electrode,all,macro_ap,normalized_robustness,101,3,0.9756363292267846
resnet,bandpass,10,electrode,all,macro_ap,normalized_robustness,202,3,0.9754805534142316
resnet,bandpass,10,electrode,all,macro_ap,normalized_robustness,303,3,0.9727795150268354
resnet,bandpass,10,electrode,all,macro_ap,normalized_robustness,404,3,0.9747682818342828
resnet,bandpass,10,electrode,all,macro_ap,normalized_robustness,505,3,0.9785576407371819
resnet,bandpass,10,electrode,all,macro_auroc,absolute,101,3,0.896670279846781
resnet,bandpass,10,electrode,all,macro_auroc,absolute,202,3,0.8965464547569448
resnet,bandpass,10,electrode,all,macro_auroc,absolute,303,3,0.8953936376300705
resnet,bandpass,10,electrode,all,macro_auroc,absolute,404,3,0.8962180021703321
resnet,bandpass,10,electrode,all,macro_auroc,absolute,505,3,0.8972880781899261
resnet,bandpass,10,electrode,all,macro_auroc,clean_drop,101,3,0.011164408575254803
resnet,bandpass,10,electrode,all,macro_auroc,clean_drop,202,3,0.011288233665091093
resnet,bandpass,10,electrode,all,macro_auroc,clean_drop,303,3,0.012441050791965336
resnet,bandpass,10,electrode,all,macro_auroc,clean_drop,404,3,0.011616686251703793
resnet,bandpass,10,electrode,all,macro_auroc,clean_drop,505,3,0.010546610232109824
resnet,bandpass,10,electrode,all,macro_auroc,normalized_robustness,101,3,0.9876997071939381
resnet,bandpass,10,electrode,all,macro_auroc,normalized_robustness,202,3,0.9875633594382549
resnet,bandpass,10,electrode,all,macro_auroc,normalized_robustness,303,3,0.986292851431554
resnet,bandpass,10,electrode,all,macro_auroc,normalized_robustness,404,3,0.9872007426573641
resnet,bandpass,10,electrode,all,macro_auroc,normalized_robustness,505,3,0.9883800579473642
resnet,bandpass,10,electrode,all,macro_f1,absolute,101,3,0.6916917896061253
resnet,bandpass,10,electrode,all,macro_f1,absolute,202,3,0.6912253605097073
resnet,bandpass,10,electrode,all,macro_f1,absolute,303,3,0.6926579322676515
resnet,bandpass,10,electrode,all,macro_f1,absolute,404,3,0.6906255342790241
resnet,bandpass,10,electrode,all,macro_f1,absolute,505,3,0.6914682713851512
resnet,bandpass,10,electrode,all,macro_f1,clean_drop,101,3,0.026044040919644556
resnet,bandpass,10,electrode,all,macro_f1,clean_drop,202,3,0.026510470016062476
resnet,bandpass,10,electrode,all,macro_f1,clean_drop,303,3,0.025077898258118386
resnet,bandpass,10,electrode,all,macro_f1,clean_drop,404,3,0.027110296246745658
resnet,bandpass,10,electrode,all,macro_f1,clean_drop,505,3,0.026267559140618697
resnet,bandpass,10,electrode,all,macro_f1,normalized_robustness,101,3,0.963695338701171
resnet,bandpass,10,electrode,all,macro_f1,normalized_robustness,202,3,0.9630360097966868
resnet,bandpass,10,electrode,all,macro_f1,normalized_robustness,303,3,0.9650382811043933
resnet,bandpass,10,electrode,all,macro_f1,normalized_robustness,404,3,0.9621780763444608
resnet,bandpass,10,electrode,all,macro_f1,normalized_robustness,505,3,0.9633916940304391
resnet,bandpass,10,electrode,all,mean_confidence,absolute,101,3,0.853215217590332
resnet,bandpass,10,electrode,all,mean_confidence,absolute,202,3,0.8530154228210449
resnet,bandpass,10,electrode,all,mean_confidence,absolute,303,3,0.8530127803484598
resnet,bandpass,10,electrode,all,mean_confidence,absolute,404,3,0.8535005648930868
resnet,bandpass,10,electrode,all,mean_confidence,absolute,505,3,0.853078564008077
resnet,bandpass,10,electrode,all,mean_entropy,absolute,101,3,0.3357008143650333
resnet,bandpass,10,electrode,all,mean_entropy,absolute,202,3,0.33632828559975864
resnet,bandpass,10,electrode,all,mean_entropy,absolute,303,3,0.33601642261887354
resnet,bandpass,10,electrode,all,mean_entropy,absolute,404,3,0.33567531487214186
resnet,bandpass,10,electrode,all,mean_entropy,absolute,505,3,0.33642436605115794
resnet,bandpass,10,electrode,all,mean_loss,absolute,101,3,0.33973415752316116
resnet,bandpass,10,electrode,all,mean_loss,absolute,202,3,0.340484527896122
resnet,bandpass,10,electrode,all,mean_loss,absolute,303,3,0.34206098832872894
resnet,bandpass,10,electrode,all,mean_loss,absolute,404,3,0.3406592070143761
resnet,bandpass,10,electrode,all,mean_loss,absolute,505,3,0.33849904972148415
resnet,bandpass,10,electrode,all,micro_ap,absolute,101,3,0.7824158884192505
resnet,bandpass,10,electrode,all,micro_ap,absolute,202,3,0.7814709571160939
resnet,bandpass,10,electrode,all,micro_ap,absolute,303,3,0.7796399949114052
resnet,bandpass,10,electrode,all,micro_ap,absolute,404,3,0.781439163164206
resnet,bandpass,10,electrode,all,micro_ap,absolute,505,3,0.7843595283168302
resnet,bandpass,10,electrode,all,micro_auroc,absolute,101,3,0.8996699688293611
resnet,bandpass,10,electrode,all,micro_auroc,absolute,202,3,0.8991821961579219
resnet,bandpass,10,electrode,all,micro_auroc,absolute,303,3,0.8983077013283886
resnet,bandpass,10,electrode,all,micro_auroc,absolute,404,3,0.8990956102206066
resnet,bandpass,10,electrode,all,micro_auroc,absolute,505,3,0.9003009243834358
resnet,bandpass,10,electrode,all,micro_f1,absolute,101,3,0.7167300425249521
resnet,bandpass,10,electrode,all,micro_f1,absolute,202,3,0.7158042275969533
resnet,bandpass,10,electrode,all,micro_f1,absolute,303,3,0.7174151291170556
resnet,bandpass,10,electrode,all,micro_f1,absolute,404,3,0.7141645953922936
resnet,bandpass,10,electrode,all,micro_f1,absolute,505,3,0.7166617161114327
resnet,bandpass,10,electrode,all,probability_shift,absolute,101,3,0.06380447869499521
resnet,bandpass,10,electrode,all,probability_shift,absolute,202,3,0.0644489986201127
resnet,bandpass,10,electrode,all,probability_shift,absolute,303,3,0.0634508406122525
resnet,bandpass,10,electrode,all,probability_shift,absolute,404,3,0.06392404188712435
resnet,bandpass,10,electrode,all,probability_shift,absolute,505,3,0.06415898228685056
resnet,bandpass,10,independent,all,ap_CD,absolute,101,3,0.7982457767305252
resnet,bandpass,10,independent,all,ap_CD,absolute,202,3,0.8022275800966239
resnet,bandpass,10,independent,all,ap_CD,absolute,303,3,0.7980376991555896
resnet,bandpass,10,independent,all,ap_CD,absolute,404,3,0.7989199091081259
resnet,bandpass,10,independent,all,ap_CD,absolute,505,3,0.7968507110871861
resnet,bandpass,10,independent,all,ap_CD,clean_drop,101,3,0.00834310590488944
resnet,bandpass,10,independent,all,ap_CD,clean_drop,202,3,0.004361302538790783
resnet,bandpass,10,independent,all,ap_CD,clean_drop,303,3,0.008551183479825012
resnet,bandpass,10,independent,all,ap_CD,clean_drop,404,3,0.007668973527288643
resnet,bandpass,10,independent,all,ap_CD,clean_drop,505,3,0.0097381715482285
resnet,bandpass,10,independent,all,ap_CD,normalized_robustness,101,3,0.9896860975858705
resnet,bandpass,10,independent,all,ap_CD,normalized_robustness,202,3,0.994622053456311
resnet,bandpass,10,independent,all,ap_CD,normalized_robustness,303,3,0.9894457796238335
resnet,bandpass,10,independent,all,ap_CD,normalized_robustness,404,3,0.9905453563757555
resnet,bandpass,10,independent,all,ap_CD,normalized_robustness,505,3,0.9879614725382614
resnet,bandpass,10,independent,all,ap_HYP,absolute,101,3,0.6266884438247968
resnet,bandpass,10,independent,all,ap_HYP,absolute,202,3,0.6261485100117375
resnet,bandpass,10,independent,all,ap_HYP,absolute,303,3,0.6251903103331351
resnet,bandpass,10,independent,all,ap_HYP,absolute,404,3,0.6298761350751271
resnet,bandpass,10,independent,all,ap_HYP,absolute,505,3,0.6227715217598818
resnet,bandpass,10,independent,all,ap_HYP,clean_drop,101,3,0.014913497156527677
resnet,bandpass,10,independent,all,ap_HYP,clean_drop,202,3,0.015453430969586957
resnet,bandpass,10,independent,all,ap_HYP,clean_drop,303,3,0.0164116306481894
resnet,bandpass,10,independent,all,ap_HYP,clean_drop,404,3,0.011725805906197503
resnet,bandpass,10,independent,all,ap_HYP,clean_drop,505,3,0.018830419221442723
resnet,bandpass,10,independent,all,ap_HYP,normalized_robustness,101,3,0.9766752537332696
resnet,bandpass,10,independent,all,ap_HYP,normalized_robustness,202,3,0.9757905328354594
resnet,bandpass,10,independent,all,ap_HYP,normalized_robustness,303,3,0.9742801471048085
resnet,bandpass,10,independent,all,ap_HYP,normalized_robustness,404,3,0.9817305013256737
resnet,bandpass,10,independent,all,ap_HYP,normalized_robustness,505,3,0.9704240690812763
resnet,bandpass,10,independent,all,ap_MI,absolute,101,3,0.7464433597138612
resnet,bandpass,10,independent,all,ap_MI,absolute,202,3,0.744425757967356
resnet,bandpass,10,independent,all,ap_MI,absolute,303,3,0.7459361505436468
resnet,bandpass,10,independent,all,ap_MI,absolute,404,3,0.7406138874310321
resnet,bandpass,10,independent,all,ap_MI,absolute,505,3,0.7433741757049052
resnet,bandpass,10,independent,all,ap_MI,clean_drop,101,3,0.016666689151167202
resnet,bandpass,10,independent,all,ap_MI,clean_drop,202,3,0.018684290897672467
resnet,bandpass,10,independent,all,ap_MI,clean_drop,303,3,0.01717389832138161
resnet,bandpass,10,independent,all,ap_MI,clean_drop,404,3,0.022496161433996353
resnet,bandpass,10,independent,all,ap_MI,clean_drop,505,3,0.019735873160123225
resnet,bandpass,10,independent,all,ap_MI,normalized_robustness,101,3,0.97804941215246
resnet,bandpass,10,independent,all,ap_MI,normalized_robustness,202,3,0.9754813922516524
resnet,bandpass,10,independent,all,ap_MI,normalized_robustness,303,3,0.9775016425733499
resnet,bandpass,10,independent,all,ap_MI,normalized_robustness,404,3,0.9704675632339769
resnet,bandpass,10,independent,all,ap_MI,normalized_robustness,505,3,0.9741104835238005
resnet,bandpass,10,independent,all,ap_NORM,absolute,101,3,0.8911244072308154
resnet,bandpass,10,independent,all,ap_NORM,absolute,202,3,0.8928154830899423
resnet,bandpass,10,independent,all,ap_NORM,absolute,303,3,0.8935098963909214
resnet,bandpass,10,independent,all,ap_NORM,absolute,404,3,0.8931584558464215
resnet,bandpass,10,independent,all,ap_NORM,absolute,505,3,0.8922022374207321
resnet,bandpass,10,independent,all,ap_NORM,clean_drop,101,3,0.015935814466831084
resnet,bandpass,10,independent,all,ap_NORM,clean_drop,202,3,0.01424473860770418
resnet,bandpass,10,independent,all,ap_NORM,clean_drop,303,3,0.013550325306725139
resnet,bandpass,10,independent,all,ap_NORM,clean_drop,404,3,0.013901765851225045
resnet,bandpass,10,independent,all,ap_NORM,clean_drop,505,3,0.01485798427691439
resnet,bandpass,10,independent,all,ap_NORM,normalized_robustness,101,3,0.9824129803493934
resnet,bandpass,10,independent,all,ap_NORM,normalized_robustness,202,3,0.9842788179762145
resnet,bandpass,10,independent,all,ap_NORM,normalized_robustness,303,3,0.9850608619579538
resnet,bandpass,10,independent,all,ap_NORM,normalized_robustness,404,3,0.9846589956732913
resnet,bandpass,10,independent,all,ap_NORM,normalized_robustness,505,3,0.983611505834246
resnet,bandpass,10,independent,all,ap_STTC,absolute,101,3,0.7936365851602929
resnet,bandpass,10,independent,all,ap_STTC,absolute,202,3,0.7959311932471778
resnet,bandpass,10,independent,all,ap_STTC,absolute,303,3,0.7951739923584143
resnet,bandpass,10,independent,all,ap_STTC,absolute,404,3,0.7900988231022835
resnet,bandpass,10,independent,all,ap_STTC,absolute,505,3,0.7924176469820168
resnet,bandpass,10,independent,all,ap_STTC,clean_drop,101,3,0.01834702675195854
resnet,bandpass,10,independent,all,ap_STTC,clean_drop,202,3,0.016052418665073676
resnet,bandpass,10,independent,all,ap_STTC,clean_drop,303,3,0.016809619553837123
resnet,bandpass,10,independent,all,ap_STTC,clean_drop,404,3,0.021884788809968064
resnet,bandpass,10,independent,all,ap_STTC,clean_drop,505,3,0.01956596493023473
resnet,bandpass,10,independent,all,ap_STTC,normalized_robustness,101,3,0.977342965876466
resnet,bandpass,10,independent,all,ap_STTC,normalized_robustness,202,3,0.9801463431086068
resnet,bandpass,10,independent,all,ap_STTC,normalized_robustness,303,3,0.9792493069692437
resnet,bandpass,10,independent,all,ap_STTC,normalized_robustness,404,3,0.9729570949090552
resnet,bandpass,10,independent,all,ap_STTC,normalized_robustness,505,3,0.9758352881543407
resnet,bandpass,10,independent,all,auroc_CD,absolute,101,3,0.8920141719394952
resnet,bandpass,10,independent,all,auroc_CD,absolute,202,3,0.8943129472199578
resnet,bandpass,10,independent,all,auroc_CD,absolute,303,3,0.8917383997774414
resnet,bandpass,10,independent,all,auroc_CD,absolute,404,3,0.8927897306005201
resnet,bandpass,10,independent,all,auroc_CD,absolute,505,3,0.8906559333876789
resnet,bandpass,10,independent,all,auroc_CD,clean_drop,101,3,0.0062347961388662014
resnet,bandpass,10,independent,all,auroc_CD,clean_drop,202,3,0.003936020858403462
resnet,bandpass,10,independent,all,auroc_CD,clean_drop,303,3,0.006510568300919932
resnet,bandpass,10,independent,all,auroc_CD,clean_drop,404,3,0.005459237477841124
resnet,bandpass,10,independent,all,auroc_CD,clean_drop,505,3,0.007593034690682325
resnet,bandpass,10,independent,all,auroc_CD,normalized_robustness,101,3,0.9930711230591841
resnet,bandpass,10,independent,all,auroc_CD,normalized_robustness,202,3,0.9956272382802643
resnet,bandpass,10,independent,all,auroc_CD,normalized_robustness,303,3,0.9927763902753174
resnet,bandpass,10,independent,all,auroc_CD,normalized_robustness,404,3,0.9939482467251931
resnet,bandpass,10,independent,all,auroc_CD,normalized_robustness,505,3,0.9915662297269038
resnet,bandpass,10,independent,all,auroc_HYP,absolute,101,3,0.8846553880675535
resnet,bandpass,10,independent,all,auroc_HYP,absolute,202,3,0.8851264480733511
resnet,bandpass,10,independent,all,auroc_HYP,absolute,303,3,0.8845694967844451
resnet,bandpass,10,independent,all,auroc_HYP,absolute,404,3,0.8852331411515874
resnet,bandpass,10,independent,all,auroc_HYP,absolute,505,3,0.8834965267712395
resnet,bandpass,10,independent,all,auroc_HYP,clean_drop,101,3,0.008193894203412025
resnet,bandpass,10,independent,all,auroc_HYP,clean_drop,202,3,0.007722834197614363
resnet,bandpass,10,independent,all,auroc_HYP,clean_drop,303,3,0.008279785486520419
resnet,bandpass,10,independent,all,auroc_HYP,clean_drop,404,3,0.0076161411193781765
resnet,bandpass,10,independent,all,auroc_HYP,clean_drop,505,3,0.009352755499726214
resnet,bandpass,10,independent,all,auroc_HYP,normalized_robustness,101,3,0.9908227932519517
resnet,bandpass,10,independent,all,auroc_HYP,normalized_robustness,202,3,0.9913514100170308
resnet,bandpass,10,independent,all,auroc_HYP,normalized_robustness,303,3,0.9907236715126505
resnet,bandpass,10,independent,all,auroc_HYP,normalized_robustness,404,3,0.9914708235987542
resnet,bandpass,10,independent,all,auroc_HYP,normalized_robustness,505,3,0.989515222251708
resnet,bandpass,10,independent,all,auroc_MI,absolute,101,3,0.8794161766922962
resnet,bandpass,10,independent,all,auroc_MI,absolute,202,3,0.8771845318860244
resnet,bandpass,10,independent,all,auroc_MI,absolute,303,3,0.8796340268355194
resnet,bandpass,10,independent,all,auroc_MI,absolute,404,3,0.8777302879541686
resnet,bandpass,10,independent,all,auroc_MI,absolute,505,3,0.87893675561586
resnet,bandpass,10,independent,all,auroc_MI,clean_drop,101,3,0.010998417005879668
resnet,bandpass,10,independent,all,auroc_MI,clean_drop,202,3,0.013230061812151361
resnet,bandpass,10,independent,all,auroc_MI,clean_drop,303,3,0.010780566862656493
resnet,bandpass,10,independent,all,auroc_MI,clean_drop,404,3,0.012684305744007288
resnet,bandpass,10,independent,all,auroc_MI,clean_drop,505,3,0.011477838082315764
resnet,bandpass,10,independent,all,auroc_MI,normalized_robustness,101,3,0.9876357123596632
resnet,bandpass,10,independent,all,auroc_MI,normalized_robustness,202,3,0.985129765448059
resnet,bandpass,10,independent,all,auroc_MI,normalized_robustness,303,3,0.9878857147291291
resnet,bandpass,10,independent,all,auroc_MI,normalized_robustness,404,3,0.9857489560671423
resnet,bandpass,10,independent,all,auroc_MI,normalized_robustness,505,3,0.9870992016464767
resnet,bandpass,10,independent,all,auroc_NORM,absolute,101,3,0.9250618780513592
resnet,bandpass,10,independent,all,auroc_NORM,absolute,202,3,0.9257553177468713
resnet,bandpass,10,independent,all,auroc_NORM,absolute,303,3,0.9254033840668182
resnet,bandpass,10,independent,all,auroc_NORM,absolute,404,3,0.925290997015081
resnet,bandpass,10,independent,all,auroc_NORM,absolute,505,3,0.9248895319282057
resnet,bandpass,10,independent,all,auroc_NORM,clean_drop,101,3,0.00851158122498974
resnet,bandpass,10,independent,all,auroc_NORM,clean_drop,202,3,0.007818141529477685
resnet,bandpass,10,independent,all,auroc_NORM,clean_drop,303,3,0.008170075209530725
resnet,bandpass,10,independent,all,auroc_NORM,clean_drop,404,3,0.008282462261267942
resnet,bandpass,10,independent,all,auroc_NORM,clean_drop,505,3,0.008683927348143347
resnet,bandpass,10,independent,all,auroc_NORM,normalized_robustness,101,3,0.9908801730735743
resnet,bandpass,10,independent,all,auroc_NORM,normalized_robustness,202,3,0.9916225662626905
resnet,bandpass,10,independent,all,auroc_NORM,normalized_robustness,303,3,0.9912475355076839
resnet,bandpass,10,independent,all,auroc_NORM,normalized_robustness,404,3,0.9911251241533852
resnet,bandpass,10,independent,all,auroc_NORM,normalized_robustness,505,3,0.9906951370467457
resnet,bandpass,10,independent,all,auroc_STTC,absolute,101,3,0.9128436261422612
resnet,bandpass,10,independent,all,auroc_STTC,absolute,202,3,0.9139016137926884
resnet,bandpass,10,independent,all,auroc_STTC,absolute,303,3,0.9146684301096953
resnet,bandpass,10,independent,all,auroc_STTC,absolute,404,3,0.9123117010620132
resnet,bandpass,10,independent,all,auroc_STTC,absolute,505,3,0.9126521174800118
resnet,bandpass,10,independent,all,auroc_STTC,clean_drop,101,3,0.011243512644066275
resnet,bandpass,10,independent,all,auroc_STTC,clean_drop,202,3,0.01018552499363908
resnet,bandpass,10,independent,all,auroc_STTC,clean_drop,303,3,0.009418708676632156
resnet,bandpass,10,independent,all,auroc_STTC,clean_drop,404,3,0.01177543772431433
resnet,bandpass,10,independent,all,auroc_STTC,clean_drop,505,3,0.011435021306315685
resnet,bandpass,10,independent,all,auroc_STTC,normalized_robustness,101,3,0.9878213212916122
resnet,bandpass,10,independent,all,auroc_STTC,normalized_robustness,202,3,0.9889664397593645
resnet,bandpass,10,independent,all,auroc_STTC,normalized_robustness,303,3,0.9897989397835628
resnet,bandpass,10,independent,all,auroc_STTC,normalized_robustness,404,3,0.9872508767322272
resnet,bandpass,10,independent,all,auroc_STTC,normalized_robustness,505,3,0.9876127521902468
resnet,bandpass,10,independent,all,brier,absolute,101,3,0.10285749534765877
resnet,bandpass,10,independent,all,brier,absolute,202,3,0.10246428847312923
resnet,bandpass,10,independent,all,brier,absolute,303,3,0.10287677496671677
resnet,bandpass,10,independent,all,brier,absolute,404,3,0.10353194425503405
resnet,bandpass,10,independent,all,brier,absolute,505,3,0.10343516369660694
resnet,bandpass,10,independent,all,clean_agreement,absolute,101,3,0.9466172381835031
resnet,bandpass,10,independent,all,clean_agreement,absolute,202,3,0.9485016991041088
resnet,bandpass,10,independent,all,clean_agreement,absolute,303,3,0.9482854494902688
resnet,bandpass,10,independent,all,clean_agreement,absolute,404,3,0.9454433117083719
resnet,bandpass,10,independent,all,clean_agreement,absolute,505,3,0.9474204510349088
resnet,bandpass,10,independent,all,ece,absolute,101,3,0.0541612713420484
resnet,bandpass,10,independent,all,ece,absolute,202,3,0.05429132222115946
resnet,bandpass,10,independent,all,ece,absolute,303,3,0.05330170915201116
resnet,bandpass,10,independent,all,ece,absolute,404,3,0.05371068687260763
resnet,bandpass,10,independent,all,ece,absolute,505,3,0.053180314804685345
resnet,bandpass,10,independent,all,f1_CD,absolute,101,3,0.7077510573290691
resnet,bandpass,10,independent,all,f1_CD,absolute,202,3,0.7091985073357866
resnet,bandpass,10,independent,all,f1_CD,absolute,303,3,0.7084006293092062
resnet,bandpass,10,independent,all,f1_CD,absolute,404,3,0.7033722807218062
resnet,bandpass,10,independent,all,f1_CD,absolute,505,3,0.7042569898127432
resnet,bandpass,10,independent,all,f1_CD,clean_drop,101,3,0.0011520462457708103
resnet,bandpass,10,independent,all,f1_CD,clean_drop,202,3,-0.00029540376094675896
resnet,bandpass,10,independent,all,f1_CD,clean_drop,303,3,0.0005024742656336937
resnet,bandpass,10,independent,all,f1_CD,clean_drop,404,3,0.005530822853033597
resnet,bandpass,10,independent,all,f1_CD,clean_drop,505,3,0.0046461137620966335
resnet,bandpass,10,independent,all,f1_CD,normalized_robustness,101,3,0.9983688252669852
resnet,bandpass,10,independent,all,f1_CD,normalized_robustness,202,3,1.0003961200806344
resnet,bandpass,10,independent,all,f1_CD,normalized_robustness,303,3,0.9993109090160113
resnet,bandpass,10,independent,all,f1_CD,normalized_robustness,404,3,0.9921660314627289
resnet,bandpass,10,independent,all,f1_CD,normalized_robustness,505,3,0.9934265410267159
resnet,bandpass,10,independent,all,f1_HYP,absolute,101,3,0.571481802366203
resnet,bandpass,10,independent,all,f1_HYP,absolute,202,3,0.5760817983811887
resnet,bandpass,10,independent,all,f1_HYP,absolute,303,3,0.5763431159567688
resnet,bandpass,10,independent,all,f1_HYP,absolute,404,3,0.5784709792650117
resnet,bandpass,10,independent,all,f1_HYP,absolute,505,3,0.5723760897382936
resnet,bandpass,10,independent,all,f1_HYP,clean_drop,101,3,0.030077404783916368
resnet,bandpass,10,independent,all,f1_HYP,clean_drop,202,3,0.025477408768930638
resnet,bandpass,10,independent,all,f1_HYP,clean_drop,303,3,0.025216091193350554
resnet,bandpass,10,independent,all,f1_HYP,clean_drop,404,3,0.02308822788510756
resnet,bandpass,10,independent,all,f1_HYP,clean_drop,505,3,0.029183117411825815
resnet,bandpass,10,independent,all,f1_HYP,normalized_robustness,101,3,0.9512068101457576
resnet,bandpass,10,independent,all,f1_HYP,normalized_robustness,202,3,0.9582083281574946
resnet,bandpass,10,independent,all,f1_HYP,normalized_robustness,303,3,0.9589807015479176
resnet,bandpass,10,independent,all,f1_HYP,normalized_robustness,404,3,0.9626920035137457
resnet,bandpass,10,independent,all,f1_HYP,normalized_robustness,505,3,0.9526671790352607
resnet,bandpass,10,independent,all,f1_MI,absolute,101,3,0.6658198810978888
resnet,bandpass,10,independent,all,f1_MI,absolute,202,3,0.6640122640511701
resnet,bandpass,10,independent,all,f1_MI,absolute,303,3,0.6659734652198382
resnet,bandpass,10,independent,all,f1_MI,absolute,404,3,0.6662282160387617
resnet,bandpass,10,independent,all,f1_MI,absolute,505,3,0.6705153151543951
resnet,bandpass,10,independent,all,f1_MI,clean_drop,101,3,0.019009101357866154
resnet,bandpass,10,independent,all,f1_MI,clean_drop,202,3,0.020816718404584916
resnet,bandpass,10,independent,all,f1_MI,clean_drop,303,3,0.01885551723591668
resnet,bandpass,10,independent,all,f1_MI,clean_drop,404,3,0.018600766416993264
resnet,bandpass,10,independent,all,f1_MI,clean_drop,505,3,0.014313667301359856
resnet,bandpass,10,independent,all,f1_MI,normalized_robustness,101,3,0.9722081625221324
resnet,bandpass,10,independent,all,f1_MI,normalized_robustness,202,3,0.9696030127167125
resnet,bandpass,10,independent,all,f1_MI,normalized_robustness,303,3,0.9724469248712885
resnet,bandpass,10,independent,all,f1_MI,normalized_robustness,404,3,0.9728452957735286
resnet,bandpass,10,independent,all,f1_MI,normalized_robustness,505,3,0.9790588862675745
resnet,bandpass,10,independent,all,f1_NORM,absolute,101,3,0.8309191433672612
resnet,bandpass,10,independent,all,f1_NORM,absolute,202,3,0.8249935620789396
resnet,bandpass,10,independent,all,f1_NORM,absolute,303,3,0.8295696734613767
resnet,bandpass,10,independent,all,f1_NORM,absolute,404,3,0.8232710216882303
resnet,bandpass,10,independent,all,f1_NORM,absolute,505,3,0.8278410945347341
resnet,bandpass,10,independent,all,f1_NORM,clean_drop,101,3,0.015913603035069168
resnet,bandpass,10,independent,all,f1_NORM,clean_drop,202,3,0.021839184323390676
resnet,bandpass,10,independent,all,f1_NORM,clean_drop,303,3,0.01726307294095375
resnet,bandpass,10,independent,all,f1_NORM,clean_drop,404,3,0.023561724714100046
resnet,bandpass,10,independent,all,f1_NORM,clean_drop,505,3,0.018991651867596215
resnet,bandpass,10,independent,all,f1_NORM,normalized_robustness,101,3,0.9812234130962877
resnet,bandpass,10,independent,all,f1_NORM,normalized_robustness,202,3,0.9742220823311167
resnet,bandpass,10,independent,all,f1_NORM,normalized_robustness,303,3,0.979622551238727
resnet,bandpass,10,independent,all,f1_NORM,normalized_robustness,404,3,0.972184964539169
resnet,bandpass,10,independent,all,f1_NORM,normalized_robustness,505,3,0.977585629622328
resnet,bandpass,10,independent,all,f1_STTC,absolute,101,3,0.7144928309884874
resnet,bandpass,10,independent,all,f1_STTC,absolute,202,3,0.7228019399506777
resnet,bandpass,10,independent,all,f1_STTC,absolute,303,3,0.7163803741952344
resnet,bandpass,10,independent,all,f1_STTC,absolute,404,3,0.7176415517608067
resnet,bandpass,10,independent,all,f1_STTC,absolute,505,3,0.7182080344570293
resnet,bandpass,10,independent,all,f1_STTC,clean_drop,101,3,0.03206228205731754
resnet,bandpass,10,independent,all,f1_STTC,clean_drop,202,3,0.02375317309512733
resnet,bandpass,10,independent,all,f1_STTC,clean_drop,303,3,0.0301747388505705
resnet,bandpass,10,independent,all,f1_STTC,clean_drop,404,3,0.028913561284998262
resnet,bandpass,10,independent,all,f1_STTC,clean_drop,505,3,0.028347078588775682
resnet,bandpass,10,independent,all,f1_STTC,normalized_robustness,101,3,0.9572247850218459
resnet,bandpass,10,independent,all,f1_STTC,normalized_robustness,202,3,0.9683782735934231
resnet,bandpass,10,independent,all,f1_STTC,normalized_robustness,303,3,0.9598162723668658
resnet,bandpass,10,independent,all,f1_STTC,normalized_robustness,404,3,0.9613885489743964
resnet,bandpass,10,independent,all,f1_STTC,normalized_robustness,505,3,0.9621280287835733
resnet,bandpass,10,independent,all,macro_ap,absolute,101,3,0.7712277145320584
resnet,bandpass,10,independent,all,macro_ap,absolute,202,3,0.7723097048825674
resnet,bandpass,10,independent,all,macro_ap,absolute,303,3,0.7715696097563415
resnet,bandpass,10,independent,all,macro_ap,absolute,404,3,0.770533442112598
resnet,bandpass,10,independent,all,macro_ap,absolute,505,3,0.7695232585909443
resnet,bandpass,10,independent,all,macro_ap,clean_drop,101,3,0.014841226686274819
resnet,bandpass,10,independent,all,macro_ap,clean_drop,202,3,0.013759236335765665
resnet,bandpass,10,independent,all,macro_ap,clean_drop,303,3,0.014499331461991671
resnet,bandpass,10,independent,all,macro_ap,clean_drop,404,3,0.015535499105735187
resnet,bandpass,10,independent,all,macro_ap,clean_drop,505,3,0.016545682627388796
resnet,bandpass,10,independent,all,macro_ap,normalized_robustness,101,3,0.9810994236377865
resnet,bandpass,10,independent,all,macro_ap,normalized_robustness,202,3,0.9824831407545119
resnet,bandpass,10,independent,all,macro_ap,normalized_robustness,303,3,0.9815319310090674
resnet,bandpass,10,independent,all,macro_ap,normalized_robustness,404,3,0.9802124730034509
resnet,bandpass,10,independent,all,macro_ap,normalized_robustness,505,3,0.9789301566828804
resnet,bandpass,10,independent,all,macro_auroc,absolute,101,3,0.8987982481785931
resnet,bandpass,10,independent,all,macro_auroc,absolute,202,3,0.8992561717437786
resnet,bandpass,10,independent,all,macro_auroc,absolute,303,3,0.8992027475147838
resnet,bandpass,10,independent,all,macro_auroc,absolute,404,3,0.8986711715566741
resnet,bandpass,10,independent,all,macro_auroc,absolute,505,3,0.8981261730365991
resnet,bandpass,10,independent,all,macro_auroc,clean_drop,101,3,0.009036440243442781
resnet,bandpass,10,independent,all,macro_auroc,clean_drop,202,3,0.0085785166782573
resnet,bandpass,10,independent,all,macro_auroc,clean_drop,303,3,0.008631940907252056
resnet,bandpass,10,independent,all,macro_auroc,clean_drop,404,3,0.009163516865361728
resnet,bandpass,10,independent,all,macro_auroc,clean_drop,505,3,0.009708515385436748
resnet,bandpass,10,independent,all,macro_auroc,normalized_robustness,101,3,0.9900444545228385
resnet,bandpass,10,independent,all,macro_auroc,normalized_robustness,202,3,0.9905494222776099
resnet,bandpass,10,independent,all,macro_auroc,normalized_robustness,303,3,0.9904897706881428
resnet,bandpass,10,independent,all,macro_auroc,normalized_robustness,404,3,0.989904411687435
resnet,bandpass,10,independent,all,macro_auroc,normalized_robustness,505,3,0.9893041765005943
resnet,bandpass,10,independent,all,macro_f1,absolute,101,3,0.6980929430297819
resnet,bandpass,10,independent,all,macro_f1,absolute,202,3,0.6994176143595524
resnet,bandpass,10,independent,all,macro_f1,absolute,303,3,0.6993334516284849
resnet,bandpass,10,independent,all,macro_f1,absolute,404,3,0.6977968098949233
resnet,bandpass,10,independent,all,macro_f1,absolute,505,3,0.698639504739439
resnet,bandpass,10,independent,all,macro_f1,clean_drop,101,3,0.01964288749598797
resnet,bandpass,10,independent,all,macro_f1,clean_drop,202,3,0.01831821616621739
resnet,bandpass,10,independent,all,macro_f1,clean_drop,303,3,0.01840237889728506
resnet,bandpass,10,independent,all,macro_f1,clean_drop,404,3,0.019939020630846516
resnet,bandpass,10,independent,all,macro_f1,clean_drop,505,3,0.01909632578633084
resnet,bandpass,10,independent,all,macro_f1,normalized_robustness,101,3,0.9726196281233787
resnet,bandpass,10,independent,all,macro_f1,normalized_robustness,202,3,0.9744490880817942
resnet,bandpass,10,independent,all,macro_f1,normalized_robustness,303,3,0.9743527521719422
resnet,bandpass,10,independent,all,macro_f1,normalized_robustness,404,3,0.9722097046493041
resnet,bandpass,10,independent,all,macro_f1,normalized_robustness,505,3,0.9733949988894576
resnet,bandpass,10,independent,all,mean_confidence,absolute,101,3,0.8615789214769999
resnet,bandpass,10,independent,all,mean_confidence,absolute,202,3,0.862113356590271
resnet,bandpass,10,independent,all,mean_confidence,absolute,303,3,0.8617009917894999
resnet,bandpass,10,independent,all,mean_confidence,absolute,404,3,0.8617385427157084
resnet,bandpass,10,independent,all,mean_confidence,absolute,505,3,0.8616446654001871
resnet,bandpass,10,independent,all,mean_entropy,absolute,101,3,0.3198539548889741
resnet,bandpass,10,independent,all,mean_entropy,absolute,202,3,0.31925886414951427
resnet,bandpass,10,independent,all,mean_entropy,absolute,303,3,0.319761651979891
resnet,bandpass,10,independent,all,mean_entropy,absolute,404,3,0.3199050850411867
resnet,bandpass,10,independent,all,mean_entropy,absolute,505,3,0.3196810548196741
resnet,bandpass,10,independent,all,mean_loss,absolute,101,3,0.3314481352863307
resnet,bandpass,10,independent,all,mean_loss,absolute,202,3,0.330450128359979
resnet,bandpass,10,independent,all,mean_loss,absolute,303,3,0.3310270739134806
resnet,bandpass,10,independent,all,mean_loss,absolute,404,3,0.33272264873427987
resnet,bandpass,10,independent,all,mean_loss,absolute,505,3,0.33286575419471437
resnet,bandpass,10,independent,all,micro_ap,absolute,101,3,0.7930295361097954
resnet,bandpass,10,independent,all,micro_ap,absolute,202,3,0.7945694452170469
resnet,bandpass,10,independent,all,micro_ap,absolute,303,3,0.7934653898718865
resnet,bandpass,10,independent,all,micro_ap,absolute,404,3,0.791717169598774
resnet,bandpass,10,independent,all,micro_ap,absolute,505,3,0.7916622392415297
resnet,bandpass,10,independent,all,micro_auroc,absolute,101,3,0.9047898092598604
resnet,bandpass,10,independent,all,micro_auroc,absolute,202,3,0.9051426389309839
resnet,bandpass,10,independent,all,micro_auroc,absolute,303,3,0.9051878537924836
resnet,bandpass,10,independent,all,micro_auroc,absolute,404,3,0.9041242670982932
resnet,bandpass,10,independent,all,micro_auroc,absolute,505,3,0.9040540191160492
resnet,bandpass,10,independent,all,micro_f1,absolute,101,3,0.7265272888869326
resnet,bandpass,10,independent,all,micro_f1,absolute,202,3,0.7265684918009594
resnet,bandpass,10,independent,all,micro_f1,absolute,303,3,0.727064379379525
resnet,bandpass,10,independent,all,micro_f1,absolute,404,3,0.7246021051182746
resnet,bandpass,10,independent,all,micro_f1,absolute,505,3,0.7267541543446182
resnet,bandpass,10,independent,all,probability_shift,absolute,101,3,0.05072000374396637
resnet,bandpass,10,independent,all,probability_shift,absolute,202,3,0.05060130109389618
resnet,bandpass,10,independent,all,probability_shift,absolute,303,3,0.0505068811277548
resnet,bandpass,10,independent,all,probability_shift,absolute,404,3,0.05108681569496787
resnet,bandpass,10,independent,all,probability_shift,absolute,505,3,0.05096858988205586
resnet,bandpass,10,independent_rms,all,ap_CD,absolute,101,3,0.7982979797133251
resnet,bandpass,10,independent_rms,all,ap_CD,absolute,202,3,0.8020488186890224
resnet,bandpass,10,independent_rms,all,ap_CD,absolute,303,3,0.7982873586410784
resnet,bandpass,10,independent_rms,all,ap_CD,absolute,404,3,0.7989214397589867
resnet,bandpass,10,independent_rms,all,ap_CD,absolute,505,3,0.7968873724897625
resnet,bandpass,10,independent_rms,all,ap_CD,clean_drop,101,3,0.00829090292208956
resnet,bandpass,10,independent_rms,all,ap_CD,clean_drop,202,3,0.004540063946392244
resnet,bandpass,10,independent_rms,all,ap_CD,clean_drop,303,3,0.008301523994336294
resnet,bandpass,10,independent_rms,all,ap_CD,clean_drop,404,3,0.0076674428764279545
resnet,bandpass,10,independent_rms,all,ap_CD,clean_drop,505,3,0.009701510145652126
resnet,bandpass,10,independent_rms,all,ap_CD,normalized_robustness,101,3,0.9897534187157436
resnet,bandpass,10,independent_rms,all,ap_CD,normalized_robustness,202,3,0.9944013733116289
resnet,bandpass,10,independent_rms,all,ap_CD,normalized_robustness,303,3,0.9897554262132191
resnet,bandpass,10,independent_rms,all,ap_CD,normalized_robustness,404,3,0.9905487473545964
resnet,bandpass,10,independent_rms,all,ap_CD,normalized_robustness,505,3,0.9880084206304621
resnet,bandpass,10,independent_rms,all,ap_HYP,absolute,101,3,0.6267005124997989
resnet,bandpass,10,independent_rms,all,ap_HYP,absolute,202,3,0.6250696195709067
resnet,bandpass,10,independent_rms,all,ap_HYP,absolute,303,3,0.6249254930000809
resnet,bandpass,10,independent_rms,all,ap_HYP,absolute,404,3,0.6292911786040583
resnet,bandpass,10,independent_rms,all,ap_HYP,absolute,505,3,0.622720570215264
resnet,bandpass,10,independent_rms,all,ap_HYP,clean_drop,101,3,0.014901428481525647
resnet,bandpass,10,independent_rms,all,ap_HYP,clean_drop,202,3,0.016532321410417827
resnet,bandpass,10,independent_rms,all,ap_HYP,clean_drop,303,3,0.016676447981243608
resnet,bandpass,10,independent_rms,all,ap_HYP,clean_drop,404,3,0.012310762377266212
resnet,bandpass,10,independent_rms,all,ap_HYP,clean_drop,505,3,0.01888137076606052
resnet,bandpass,10,independent_rms,all,ap_HYP,normalized_robustness,101,3,0.9766798162224634
resnet,bandpass,10,independent_rms,all,ap_HYP,normalized_robustness,202,3,0.9740983117456131
resnet,bandpass,10,independent_rms,all,ap_HYP,normalized_robustness,303,3,0.9738672502784461
resnet,bandpass,10,independent_rms,all,ap_HYP,normalized_robustness,404,3,0.9808051419203938
resnet,bandpass,10,independent_rms,all,ap_HYP,normalized_robustness,505,3,0.9703382082997098
resnet,bandpass,10,independent_rms,all,ap_MI,absolute,101,3,0.7460389502955126
resnet,bandpass,10,independent_rms,all,ap_MI,absolute,202,3,0.7438436708095905
resnet,bandpass,10,independent_rms,all,ap_MI,absolute,303,3,0.7454874534648712
resnet,bandpass,10,independent_rms,all,ap_MI,absolute,404,3,0.7404365809264372
resnet,bandpass,10,independent_rms,all,ap_MI,absolute,505,3,0.7432877823757321
resnet,bandpass,10,independent_rms,all,ap_MI,clean_drop,101,3,0.01707109856951572
resnet,bandpass,10,independent_rms,all,ap_MI,clean_drop,202,3,0.01926637805543796
resnet,bandpass,10,independent_rms,all,ap_MI,clean_drop,303,3,0.017622595400157204
resnet,bandpass,10,independent_rms,all,ap_MI,clean_drop,404,3,0.02267346793859119
resnet,bandpass,10,independent_rms,all,ap_MI,clean_drop,505,3,0.019822266489296303
resnet,bandpass,10,independent_rms,all,ap_MI,normalized_robustness,101,3,0.9775261786474636
resnet,bandpass,10,independent_rms,all,ap_MI,normalized_robustness,202,3,0.9747236728261236
resnet,bandpass,10,independent_rms,all,ap_MI,normalized_robustness,303,3,0.97691880624575
resnet,bandpass,10,independent_rms,all,ap_MI,normalized_robustness,404,3,0.9702334589899259
resnet,bandpass,10,independent_rms,all,ap_MI,normalized_robustness,505,3,0.9740075088101919
resnet,bandpass,10,independent_rms,all,ap_NORM,absolute,101,3,0.8905249582279237
resnet,bandpass,10,independent_rms,all,ap_NORM,absolute,202,3,0.8924885923642095
resnet,bandpass,10,independent_rms,all,ap_NORM,absolute,303,3,0.8933212443850991
resnet,bandpass,10,independent_rms,all,ap_NORM,absolute,404,3,0.8929943803671628
resnet,bandpass,10,independent_rms,all,ap_NORM,absolute,505,3,0.8919737737115986
resnet,bandpass,10,independent_rms,all,ap_NORM,clean_drop,101,3,0.016535263469722856
resnet,bandpass,10,independent_rms,all,ap_NORM,clean_drop,202,3,0.014571629333436994
resnet,bandpass,10,independent_rms,all,ap_NORM,clean_drop,303,3,0.013738977312547362
resnet,bandpass,10,independent_rms,all,ap_NORM,clean_drop,404,3,0.01406584133048372
resnet,bandpass,10,independent_rms,all,ap_NORM,clean_drop,505,3,0.015086447986047783
resnet,bandpass,10,independent_rms,all,ap_NORM,normalized_robustness,101,3,0.9817512124123325
resnet,bandpass,10,independent_rms,all,ap_NORM,normalized_robustness,202,3,0.9839190318477602
resnet,bandpass,10,independent_rms,all,ap_NORM,normalized_robustness,303,3,0.984851563742937
resnet,bandpass,10,independent_rms,all,ap_NORM,normalized_robustness,404,3,0.9844766221044755
resnet,bandpass,10,independent_rms,all,ap_NORM,normalized_robustness,505,3,0.9833613122855497
resnet,bandpass,10,independent_rms,all,ap_STTC,absolute,101,3,0.7933694425436596
resnet,bandpass,10,independent_rms,all,ap_STTC,absolute,202,3,0.7954121851166066
resnet,bandpass,10,independent_rms,all,ap_STTC,absolute,303,3,0.7948005102373172
resnet,bandpass,10,independent_rms,all,ap_STTC,absolute,404,3,0.7900398011849404
resnet,bandpass,10,independent_rms,all,ap_STTC,absolute,505,3,0.7915594641671975
resnet,bandpass,10,independent_rms,all,ap_STTC,clean_drop,101,3,0.01861416936859195
resnet,bandpass,10,independent_rms,all,ap_STTC,clean_drop,202,3,0.01657142679564494
resnet,bandpass,10,independent_rms,all,ap_STTC,clean_drop,303,3,0.01718310167493427
resnet,bandpass,10,independent_rms,all,ap_STTC,clean_drop,404,3,0.02194381072731111
resnet,bandpass,10,independent_rms,all,ap_STTC,clean_drop,505,3,0.02042414774505415
resnet,bandpass,10,independent_rms,all,ap_STTC,normalized_robustness,101,3,0.9770118119748487
resnet,bandpass,10,independent_rms,all,ap_STTC,normalized_robustness,202,3,0.9795056051863616
resnet,bandpass,10,independent_rms,all,ap_STTC,normalized_robustness,303,3,0.9787855664992238
resnet,bandpass,10,independent_rms,all,ap_STTC,normalized_robustness,404,3,0.9728849082818077
resnet,bandpass,10,independent_rms,all,ap_STTC,normalized_robustness,505,3,0.974771760367317
resnet,bandpass,10,independent_rms,all,auroc_CD,absolute,101,3,0.8918504069459
resnet,bandpass,10,independent_rms,all,auroc_CD,absolute,202,3,0.8943574266009341
resnet,bandpass,10,independent_rms,all,auroc_CD,absolute,303,3,0.8919458354359949
resnet,bandpass,10,independent_rms,all,auroc_CD,absolute,404,3,0.8927339291952953
resnet,bandpass,10,independent_rms,all,auroc_CD,absolute,505,3,0.8906524963446035
resnet,bandpass,10,independent_rms,all,auroc_CD,clean_drop,101,3,0.006398561132461252
resnet,bandpass,10,independent_rms,all,auroc_CD,clean_drop,202,3,0.003891541477427133
resnet,bandpass,10,independent_rms,all,auroc_CD,clean_drop,303,3,0.006303132642366334
resnet,bandpass,10,independent_rms,all,auroc_CD,clean_drop,404,3,0.005515038883066074
resnet,bandpass,10,independent_rms,all,auroc_CD,clean_drop,505,3,0.007596471733757622
resnet,bandpass,10,independent_rms,all,auroc_CD,normalized_robustness,101,3,0.9928899953930598
resnet,bandpass,10,independent_rms,all,auroc_CD,normalized_robustness,202,3,0.9956774879882646
resnet,bandpass,10,independent_rms,all,auroc_CD,normalized_robustness,303,3,0.9930072514173259
resnet,bandpass,10,independent_rms,all,auroc_CD,normalized_robustness,404,3,0.9938867298384251
resnet,bandpass,10,independent_rms,all,auroc_CD,normalized_robustness,505,3,0.9915640396165214
resnet,bandpass,10,independent_rms,all,auroc_HYP,absolute,101,3,0.8843473872945319
resnet,bandpass,10,independent_rms,all,auroc_HYP,absolute,202,3,0.8845762070409381
resnet,bandpass,10,independent_rms,all,auroc_HYP,absolute,303,3,0.8844809213987396
resnet,bandpass,10,independent_rms,all,auroc_HYP,absolute,404,3,0.8851110144834177
resnet,bandpass,10,independent_rms,all,auroc_HYP,absolute,505,3,0.883349572154046
resnet,bandpass,10,independent_rms,all,auroc_HYP,clean_drop,101,3,0.00850189497643361
resnet,bandpass,10,independent_rms,all,auroc_HYP,clean_drop,202,3,0.00827307523002748
resnet,bandpass,10,independent_rms,all,auroc_HYP,clean_drop,303,3,0.008368360872225996
resnet,bandpass,10,independent_rms,all,auroc_HYP,clean_drop,404,3,0.007738267787547826
resnet,bandpass,10,independent_rms,all,auroc_HYP,clean_drop,505,3,0.009499710116919524
resnet,bandpass,10,independent_rms,all,auroc_HYP,normalized_robustness,101,3,0.9904776252562719
resnet,bandpass,10,independent_rms,all,auroc_HYP,normalized_robustness,202,3,0.9907350800107634
resnet,bandpass,10,independent_rms,all,auroc_HYP,normalized_robustness,303,3,0.9906247955132329
resnet,bandpass,10,independent_rms,all,auroc_HYP,normalized_robustness,404,3,0.9913344004609047
resnet,bandpass,10,independent_rms,all,auroc_HYP,normalized_robustness,505,3,0.9893504428537359
resnet,bandpass,10,independent_rms,all,auroc_MI,absolute,101,3,0.879228478818031
resnet,bandpass,10,independent_rms,all,auroc_MI,absolute,202,3,0.8768249660786974
resnet,bandpass,10,independent_rms,all,auroc_MI,absolute,303,3,0.8794384139906528
resnet,bandpass,10,independent_rms,all,auroc_MI,absolute,404,3,0.8773974822855419
resnet,bandpass,10,independent_rms,all,auroc_MI,absolute,505,3,0.8789326096788783
resnet,bandpass,10,independent_rms,all,auroc_MI,clean_drop,101,3,0.011186114880144796
resnet,bandpass,10,independent_rms,all,auroc_MI,clean_drop,202,3,0.013589627619478462
resnet,bandpass,10,independent_rms,all,auroc_MI,clean_drop,303,3,0.010976179707522996
resnet,bandpass,10,independent_rms,all,auroc_MI,clean_drop,404,3,0.013017111412633878
resnet,bandpass,10,independent_rms,all,auroc_MI,clean_drop,505,3,0.011481984019297528
resnet,bandpass,10,independent_rms,all,auroc_MI,normalized_robustness,101,3,0.9874246582476908
resnet,bandpass,10,independent_rms,all,auroc_MI,normalized_robustness,202,3,0.9847271852486555
resnet,bandpass,10,independent_rms,all,auroc_MI,normalized_robustness,303,3,0.9876661185114032
resnet,bandpass,10,independent_rms,all,auroc_MI,normalized_robustness,404,3,0.9853755589330028
resnet,bandpass,10,independent_rms,all,auroc_MI,normalized_robustness,505,3,0.9870957147133806
resnet,bandpass,10,independent_rms,all,auroc_NORM,absolute,101,3,0.9247583171487289
resnet,bandpass,10,independent_rms,all,auroc_NORM,absolute,202,3,0.9255540058887339
resnet,bandpass,10,independent_rms,all,auroc_NORM,absolute,303,3,0.9252240861672685
resnet,bandpass,10,independent_rms,all,auroc_NORM,absolute,404,3,0.9252556588184008
resnet,bandpass,10,independent_rms,all,auroc_NORM,absolute,505,3,0.9246832958951209
resnet,bandpass,10,independent_rms,all,auroc_NORM,clean_drop,101,3,0.008815142127619987
resnet,bandpass,10,independent_rms,all,auroc_NORM,clean_drop,202,3,0.008019453387615005
resnet,bandpass,10,independent_rms,all,auroc_NORM,clean_drop,303,3,0.008349373109080535
resnet,bandpass,10,independent_rms,all,auroc_NORM,clean_drop,404,3,0.008317800457948202
resnet,bandpass,10,independent_rms,all,auroc_NORM,clean_drop,505,3,0.00889016338122802
resnet,bandpass,10,independent_rms,all,auroc_NORM,normalized_robustness,101,3,0.9905548119190518
resnet,bandpass,10,independent_rms,all,auroc_NORM,normalized_robustness,202,3,0.991406975365242
resnet,bandpass,10,independent_rms,all,auroc_NORM,normalized_robustness,303,3,0.9910551995559659
resnet,bandpass,10,independent_rms,all,auroc_NORM,normalized_robustness,404,3,0.9910871228591227
resnet,bandpass,10,independent_rms,all,auroc_NORM,normalized_robustness,505,3,0.9904746114769196
resnet,bandpass,10,independent_rms,all,auroc_STTC,absolute,101,3,0.9125309589385887
resnet,bandpass,10,independent_rms,all,auroc_STTC,absolute,202,3,0.9136655500539154
resnet,bandpass,10,independent_rms,all,auroc_STTC,absolute,303,3,0.9145746299485936
resnet,bandpass,10,independent_rms,all,auroc_STTC,absolute,404,3,0.9121182382297407
resnet,bandpass,10,independent_rms,all,auroc_STTC,absolute,505,3,0.912271835993545
resnet,bandpass,10,independent_rms,all,auroc_STTC,clean_drop,101,3,0.011556179847738823
resnet,bandpass,10,independent_rms,all,auroc_STTC,clean_drop,202,3,0.01042158873241202
resnet,bandpass,10,independent_rms,all,auroc_STTC,clean_drop,303,3,0.00951250883773395
resnet,bandpass,10,independent_rms,all,auroc_STTC,clean_drop,404,3,0.011968900556586726
resnet,bandpass,10,independent_rms,all,auroc_STTC,clean_drop,505,3,0.01181530279278257
resnet,bandpass,10,independent_rms,all,auroc_STTC,normalized_robustness,101,3,0.9874823159516676
resnet,bandpass,10,independent_rms,all,auroc_STTC,normalized_robustness,202,3,0.9887102949016896
resnet,bandpass,10,independent_rms,all,auroc_STTC,normalized_robustness,303,3,0.9896965437065891
resnet,bandpass,10,independent_rms,all,auroc_STTC,normalized_robustness,404,3,0.9870412481555363
resnet,bandpass,10,independent_rms,all,auroc_STTC,normalized_robustness,505,3,0.9872006721713694
resnet,bandpass,10,independent_rms,all,brier,absolute,101,3,0.10303281495968493
resnet,bandpass,10,independent_rms,all,brier,absolute,202,3,0.10265105466047915
resnet,bandpass,10,independent_rms,all,brier,absolute,303,3,0.10302962114413576
resnet,bandpass,10,independent_rms,all,brier,absolute,404,3,0.10365352531274157
resnet,bandpass,10,independent_rms,all,brier,absolute,505,3,0.1036092986663182
resnet,bandpass,10,independent_rms,all,clean_agreement,absolute,101,3,0.9463700957676862
resnet,bandpass,10,independent_rms,all,clean_agreement,absolute,202,3,0.9481927710843374
resnet,bandpass,10,independent_rms,all,clean_agreement,absolute,303,3,0.9473895582329318
resnet,bandpass,10,independent_rms,all,clean_agreement,absolute,404,3,0.9455050973123261
resnet,bandpass,10,independent_rms,all,clean_agreement,absolute,505,3,0.9470497374111831
resnet,bandpass,10,independent_rms,all,ece,absolute,101,3,0.05486822875106117
resnet,bandpass,10,independent_rms,all,ece,absolute,202,3,0.05447674527019717
resnet,bandpass,10,independent_rms,all,ece,absolute,303,3,0.0531683101622312
resnet,bandpass,10,independent_rms,all,ece,absolute,404,3,0.05474546787205006
resnet,bandpass,10,independent_rms,all,ece,absolute,505,3,0.054130623186542826
resnet,bandpass,10,independent_rms,all,f1_CD,absolute,101,3,0.7070595884622873
resnet,bandpass,10,independent_rms,all,f1_CD,absolute,202,3,0.7113317330859404
resnet,bandpass,10,independent_rms,all,f1_CD,absolute,303,3,0.7074577882084907
resnet,bandpass,10,independent_rms,all,f1_CD,absolute,404,3,0.7056333817607886
resnet,bandpass,10,independent_rms,all,f1_CD,absolute,505,3,0.7049699769883219
resnet,bandpass,10,independent_rms,all,f1_CD,clean_drop,101,3,0.0018435151125525406
resnet,bandpass,10,independent_rms,all,f1_CD,clean_drop,202,3,-0.0024286295111006773
resnet,bandpass,10,independent_rms,all,f1_CD,clean_drop,303,3,0.0014453153663491018
resnet,bandpass,10,independent_rms,all,f1_CD,clean_drop,404,3,0.003269721814051163
resnet,bandpass,10,independent_rms,all,f1_CD,clean_drop,505,3,0.003933126586517936
resnet,bandpass,10,independent_rms,all,f1_CD,normalized_robustness,101,3,0.9973850183848163
resnet,bandpass,10,independent_rms,all,f1_CD,normalized_robustness,202,3,1.0034050185993497
resnet,bandpass,10,independent_rms,all,f1_CD,normalized_robustness,303,3,0.9979830728183247
resnet,bandpass,10,independent_rms,all,f1_CD,normalized_robustness,404,3,0.9953563098655037
resnet,bandpass,10,independent_rms,all,f1_CD,normalized_robustness,505,3,0.9944357734756363
resnet,bandpass,10,independent_rms,all,f1_HYP,absolute,101,3,0.5732945048013541
resnet,bandpass,10,independent_rms,all,f1_HYP,absolute,202,3,0.5790129747820649
resnet,bandpass,10,independent_rms,all,f1_HYP,absolute,303,3,0.5738354987847889
resnet,bandpass,10,independent_rms,all,f1_HYP,absolute,404,3,0.5796345360883334
resnet,bandpass,10,independent_rms,all,f1_HYP,absolute,505,3,0.5716293258432851
resnet,bandpass,10,independent_rms,all,f1_HYP,clean_drop,101,3,0.028264702348765252
resnet,bandpass,10,independent_rms,all,f1_HYP,clean_drop,202,3,0.02254623236805442
resnet,bandpass,10,independent_rms,all,f1_HYP,clean_drop,303,3,0.027723708365330484
resnet,bandpass,10,independent_rms,all,f1_HYP,clean_drop,404,3,0.021924671061785972
resnet,bandpass,10,independent_rms,all,f1_HYP,clean_drop,505,3,0.0299298813068342
resnet,bandpass,10,independent_rms,all,f1_HYP,normalized_robustness,101,3,0.9541951303773858
resnet,bandpass,10,independent_rms,all,f1_HYP,normalized_robustness,202,3,0.9633843630601104
resnet,bandpass,10,independent_rms,all,f1_HYP,normalized_robustness,303,3,0.9547368605285431
resnet,bandpass,10,independent_rms,all,f1_HYP,normalized_robustness,404,3,0.9647364090815418
resnet,bandpass,10,independent_rms,all,f1_HYP,normalized_robustness,505,3,0.9513499994269369
resnet,bandpass,10,independent_rms,all,f1_MI,absolute,101,3,0.6677259931674951
resnet,bandpass,10,independent_rms,all,f1_MI,absolute,202,3,0.6655659386068393
resnet,bandpass,10,independent_rms,all,f1_MI,absolute,303,3,0.6659997503080883
resnet,bandpass,10,independent_rms,all,f1_MI,absolute,404,3,0.6660802885803386
resnet,bandpass,10,independent_rms,all,f1_MI,absolute,505,3,0.6696765993715686
resnet,bandpass,10,independent_rms,all,f1_MI,clean_drop,101,3,0.01710298928825989
resnet,bandpass,10,independent_rms,all,f1_MI,clean_drop,202,3,0.01926304384891564
resnet,bandpass,10,independent_rms,all,f1_MI,clean_drop,303,3,0.01882923214766663
resnet,bandpass,10,independent_rms,all,f1_MI,clean_drop,404,3,0.018748693875416406
resnet,bandpass,10,independent_rms,all,f1_MI,clean_drop,505,3,0.015152383084186353
resnet,bandpass,10,independent_rms,all,f1_MI,normalized_robustness,101,3,0.9749382964868659
resnet,bandpass,10,independent_rms,all,f1_MI,normalized_robustness,202,3,0.971897459603375
resnet,bandpass,10,independent_rms,all,f1_MI,normalized_robustness,303,3,0.9724941563741841
resnet,bandpass,10,independent_rms,all,f1_MI,normalized_robustness,404,3,0.9726173664020156
resnet,bandpass,10,independent_rms,all,f1_MI,normalized_robustness,505,3,0.977820360534288
resnet,bandpass,10,independent_rms,all,f1_NORM,absolute,101,3,0.8305995224518986
resnet,bandpass,10,independent_rms,all,f1_NORM,absolute,202,3,0.8257648546785011
resnet,bandpass,10,independent_rms,all,f1_NORM,absolute,303,3,0.828828504582261
resnet,bandpass,10,independent_rms,all,f1_NORM,absolute,404,3,0.8232551144180421
resnet,bandpass,10,independent_rms,all,f1_NORM,absolute,505,3,0.8270918905907297
resnet,bandpass,10,independent_rms,all,f1_NORM,clean_drop,101,3,0.01623322395043166
resnet,bandpass,10,independent_rms,all,f1_NORM,clean_drop,202,3,0.021067891723829318
resnet,bandpass,10,independent_rms,all,f1_NORM,clean_drop,303,3,0.018004241820069395
resnet,bandpass,10,independent_rms,all,f1_NORM,clean_drop,404,3,0.023577631984288267
resnet,bandpass,10,independent_rms,all,f1_NORM,clean_drop,505,3,0.01974085581160064
resnet,bandpass,10,independent_rms,all,f1_NORM,normalized_robustness,101,3,0.9808445092785788
resnet,bandpass,10,independent_rms,all,f1_NORM,normalized_robustness,202,3,0.9751357969706258
resnet,bandpass,10,independent_rms,all,f1_NORM,normalized_robustness,303,3,0.9787466393678295
resnet,bandpass,10,independent_rms,all,f1_NORM,normalized_robustness,404,3,0.9721641702959799
resnet,bandpass,10,independent_rms,all,f1_NORM,normalized_robustness,505,3,0.9767026323692484
resnet,bandpass,10,independent_rms,all,f1_STTC,absolute,101,3,0.7144337935445108
resnet,bandpass,10,independent_rms,all,f1_STTC,absolute,202,3,0.7204138069514494
resnet,bandpass,10,independent_rms,all,f1_STTC,absolute,303,3,0.7161171661293189
resnet,bandpass,10,independent_rms,all,f1_STTC,absolute,404,3,0.7185123574864783
resnet,bandpass,10,independent_rms,all,f1_STTC,absolute,505,3,0.7149985305872119
resnet,bandpass,10,independent_rms,all,f1_STTC,clean_drop,101,3,0.03212131950129408
resnet,bandpass,10,independent_rms,all,f1_STTC,clean_drop,202,3,0.026141306094355537
resnet,bandpass,10,independent_rms,all,f1_STTC,clean_drop,303,3,0.030437946916486047
resnet,bandpass,10,independent_rms,all,f1_STTC,clean_drop,404,3,0.02804275555932652
resnet,bandpass,10,independent_rms,all,f1_STTC,clean_drop,505,3,0.03155658245859309
resnet,bandpass,10,independent_rms,all,f1_STTC,normalized_robustness,101,3,0.9571322740129777
resnet,bandpass,10,independent_rms,all,f1_STTC,normalized_robustness,202,3,0.965151558950668
resnet,bandpass,10,independent_rms,all,f1_STTC,normalized_robustness,303,3,0.9594013221419733
resnet,bandpass,10,independent_rms,all,f1_STTC,normalized_robustness,404,3,0.9625665077055249
resnet,bandpass,10,independent_rms,all,f1_STTC,normalized_robustness,505,3,0.9577542492930294
resnet,bandpass,10,independent_rms,all,macro_ap,absolute,101,3,0.770986368656044
resnet,bandpass,10,independent_rms,all,macro_ap,absolute,202,3,0.7717725773100672
resnet,bandpass,10,independent_rms,all,macro_ap,absolute,303,3,0.7713644119456893
resnet,bandpass,10,independent_rms,all,macro_ap,absolute,404,3,0.7703366761683171
resnet,bandpass,10,independent_rms,all,macro_ap,absolute,505,3,0.7692857925919109
resnet,bandpass,10,independent_rms,all,macro_ap,clean_drop,101,3,0.015082572562289212
resnet,bandpass,10,independent_rms,all,macro_ap,clean_drop,202,3,0.014296363908266016
resnet,bandpass,10,independent_rms,all,macro_ap,clean_drop,303,3,0.014704529272643763
resnet,bandpass,10,independent_rms,all,macro_ap,clean_drop,404,3,0.015732265050016087
resnet,bandpass,10,independent_rms,all,macro_ap,clean_drop,505,3,0.0167831486264222
resnet,bandpass,10,independent_rms,all,macro_ap,normalized_robustness,101,3,0.9807921577219489
resnet,bandpass,10,independent_rms,all,macro_ap,normalized_robustness,202,3,0.9817996337120984
resnet,bandpass,10,independent_rms,all,macro_ap,normalized_robustness,303,3,0.9812714146805771
resnet,bandpass,10,independent_rms,all,macro_ap,normalized_robustness,404,3,0.9799610475840437
resnet,bandpass,10,independent_rms,all,macro_ap,normalized_robustness,505,3,0.9786265491223304
resnet,bandpass,10,independent_rms,all,macro_auroc,absolute,101,3,0.8985431098291561
resnet,bandpass,10,independent_rms,all,macro_auroc,absolute,202,3,0.8989956311326438
resnet,bandpass,10,independent_rms,all,macro_auroc,absolute,303,3,0.8991327773882499
resnet,bandpass,10,independent_rms,all,macro_auroc,absolute,404,3,0.8985232646024793
resnet,bandpass,10,independent_rms,all,macro_auroc,absolute,505,3,0.8979779620132389
resnet,bandpass,10,independent_rms,all,macro_auroc,clean_drop,101,3,0.009291578592879768
resnet,bandpass,10,independent_rms,all,macro_auroc,clean_drop,202,3,0.008839057289392013
resnet,bandpass,10,independent_rms,all,macro_auroc,clean_drop,303,3,0.008701911033785962
resnet,bandpass,10,independent_rms,all,macro_auroc,clean_drop,404,3,0.009311423819556556
resnet,bandpass,10,independent_rms,all,macro_auroc,clean_drop,505,3,0.009856726408797053
resnet,bandpass,10,independent_rms,all,macro_auroc,normalized_robustness,101,3,0.9897633496222014
resnet,bandpass,10,independent_rms,all,macro_auroc,normalized_robustness,202,3,0.990262331421211
resnet,bandpass,10,independent_rms,all,macro_auroc,normalized_robustness,303,3,0.9904126566436348
resnet,bandpass,10,independent_rms,all,macro_auroc,normalized_robustness,404,3,0.9897414622941619
resnet,bandpass,10,independent_rms,all,macro_auroc,normalized_robustness,505,3,0.9891407854665565
resnet,bandpass,10,independent_rms,all,macro_f1,absolute,101,3,0.6986226804855092
resnet,bandpass,10,independent_rms,all,macro_f1,absolute,202,3,0.700417861620959
resnet,bandpass,10,independent_rms,all,macro_f1,absolute,303,3,0.6984477416025895
resnet,bandpass,10,independent_rms,all,macro_f1,absolute,404,3,0.6986231356667961
resnet,bandpass,10,independent_rms,all,macro_f1,absolute,505,3,0.6976732646762235
resnet,bandpass,10,independent_rms,all,macro_f1,clean_drop,101,3,0.01911315004026067
resnet,bandpass,10,independent_rms,all,macro_f1,clean_drop,202,3,0.017317968904810927
resnet,bandpass,10,independent_rms,all,macro_f1,clean_drop,303,3,0.019288088923180347
resnet,bandpass,10,independent_rms,all,macro_f1,clean_drop,404,3,0.019112694858973638
resnet,bandpass,10,independent_rms,all,macro_f1,clean_drop,505,3,0.020062565849546427
resnet,bandpass,10,independent_rms,all,macro_f1,normalized_robustness,101,3,0.9733584876982414
resnet,bandpass,10,independent_rms,all,macro_f1,normalized_robustness,202,3,0.9758495571854838
resnet,bandpass,10,independent_rms,all,macro_f1,normalized_robustness,303,3,0.9731205564482709
resnet,bandpass,10,independent_rms,all,macro_f1,normalized_robustness,404,3,0.9733648001079991
resnet,bandpass,10,independent_rms,all,macro_f1,normalized_robustness,505,3,0.9720390956008077
resnet,bandpass,10,independent_rms,all,mean_confidence,absolute,101,3,0.8610934217770895
resnet,bandpass,10,independent_rms,all,mean_confidence,absolute,202,3,0.8616013129552206
resnet,bandpass,10,independent_rms,all,mean_confidence,absolute,303,3,0.861211895942688
resnet,bandpass,10,independent_rms,all,mean_confidence,absolute,404,3,0.8612373272577921
resnet,bandpass,10,independent_rms,all,mean_confidence,absolute,505,3,0.8611971735954285
resnet,bandpass,10,independent_rms,all,mean_entropy,absolute,101,3,0.3207723892491779
resnet,bandpass,10,independent_rms,all,mean_entropy,absolute,202,3,0.32023785189258464
resnet,bandpass,10,independent_rms,all,mean_entropy,absolute,303,3,0.32074069692349105
resnet,bandpass,10,independent_rms,all,mean_entropy,absolute,404,3,0.32088156592173483
resnet,bandpass,10,independent_rms,all,mean_entropy,absolute,505,3,0.32058126059579933
resnet,bandpass,10,independent_rms,all,mean_loss,absolute,101,3,0.33195301337268035
resnet,bandpass,10,independent_rms,all,mean_loss,absolute,202,3,0.3310172274071394
resnet,bandpass,10,independent_rms,all,mean_loss,absolute,303,3,0.33141054855053254
resnet,bandpass,10,independent_rms,all,mean_loss,absolute,404,3,0.3330839199364546
resnet,bandpass,10,independent_rms,all,mean_loss,absolute,505,3,0.33332986402528836
resnet,bandpass,10,independent_rms,all,micro_ap,absolute,101,3,0.7924656207944855
resnet,bandpass,10,independent_rms,all,micro_ap,absolute,202,3,0.7938580218984358
resnet,bandpass,10,independent_rms,all,micro_ap,absolute,303,3,0.7930014203645964
resnet,bandpass,10,independent_rms,all,micro_ap,absolute,404,3,0.7913338982552326
resnet,bandpass,10,independent_rms,all,micro_ap,absolute,505,3,0.7911553950627263
resnet,bandpass,10,independent_rms,all,micro_auroc,absolute,101,3,0.9044586391344732
resnet,bandpass,10,independent_rms,all,micro_auroc,absolute,202,3,0.9047970714025211
resnet,bandpass,10,independent_rms,all,micro_auroc,absolute,303,3,0.9049696835025376
resnet,bandpass,10,independent_rms,all,micro_auroc,absolute,404,3,0.9038768691098277
resnet,bandpass,10,independent_rms,all,micro_auroc,absolute,505,3,0.9037676384234548
resnet,bandpass,10,independent_rms,all,micro_f1,absolute,101,3,0.7268186009471407
resnet,bandpass,10,independent_rms,all,micro_f1,absolute,202,3,0.7272104568667356
resnet,bandpass,10,independent_rms,all,micro_f1,absolute,303,3,0.7261657516222345
resnet,bandpass,10,independent_rms,all,micro_f1,absolute,404,3,0.725077128632404
resnet,bandpass,10,independent_rms,all,micro_f1,absolute,505,3,0.7256085246267224
resnet,bandpass,10,independent_rms,all,probability_shift,absolute,101,3,0.05151491984724993
resnet,bandpass,10,independent_rms,all,probability_shift,absolute,202,3,0.05137356619040167
resnet,bandpass,10,independent_rms,all,probability_shift,absolute,303,3,0.051326941698789534
resnet,bandpass,10,independent_rms,all,probability_shift,absolute,404,3,0.05184264481067654
resnet,bandpass,10,independent_rms,all,probability_shift,absolute,505,3,0.05176128198703123
resnet,bandpass,10,marginal_shift,all,ap_CD,absolute,101,3,0.7978145477464277
resnet,bandpass,10,marginal_shift,all,ap_CD,absolute,202,3,0.7981005418399558
resnet,bandpass,10,marginal_shift,all,ap_CD,absolute,303,3,0.7984164585251426
resnet,bandpass,10,marginal_shift,all,ap_CD,absolute,404,3,0.7956232780366549
resnet,bandpass,10,marginal_shift,all,ap_CD,absolute,505,3,0.7967998257042318
resnet,bandpass,10,marginal_shift,all,ap_CD,clean_drop,101,3,0.008774334888986898
resnet,bandpass,10,marginal_shift,all,ap_CD,clean_drop,202,3,0.008488340795458757
resnet,bandpass,10,marginal_shift,all,ap_CD,clean_drop,303,3,0.008172424110272006
resnet,bandpass,10,marginal_shift,all,ap_CD,clean_drop,404,3,0.010965604598759763
resnet,bandpass,10,marginal_shift,all,ap_CD,clean_drop,505,3,0.009789056931182816
resnet,bandpass,10,marginal_shift,all,ap_CD,normalized_robustness,101,3,0.9891499533261614
resnet,bandpass,10,marginal_shift,all,ap_CD,normalized_robustness,202,3,0.9895052330528876
resnet,bandpass,10,marginal_shift,all,ap_CD,normalized_robustness,303,3,0.9899063316188027
resnet,bandpass,10,marginal_shift,all,ap_CD,normalized_robustness,404,3,0.9864393966501576
resnet,bandpass,10,marginal_shift,all,ap_CD,normalized_robustness,505,3,0.9878971837038022
resnet,bandpass,10,marginal_shift,all,ap_HYP,absolute,101,3,0.6263880440411743
resnet,bandpass,10,marginal_shift,all,ap_HYP,absolute,202,3,0.626002354826603
resnet,bandpass,10,marginal_shift,all,ap_HYP,absolute,303,3,0.6267327637171173
resnet,bandpass,10,marginal_shift,all,ap_HYP,absolute,404,3,0.6309488667566482
resnet,bandpass,10,marginal_shift,all,ap_HYP,absolute,505,3,0.6266239367253293
resnet,bandpass,10,marginal_shift,all,ap_HYP,clean_drop,101,3,0.015213896940150148
resnet,bandpass,10,marginal_shift,all,ap_HYP,clean_drop,202,3,0.015599586154721531
resnet,bandpass,10,marginal_shift,all,ap_HYP,clean_drop,303,3,0.014869177264207223
resnet,bandpass,10,marginal_shift,all,ap_HYP,clean_drop,404,3,0.010653074224676318
resnet,bandpass,10,marginal_shift,all,ap_HYP,clean_drop,505,3,0.014978004255995233
resnet,bandpass,10,marginal_shift,all,ap_HYP,normalized_robustness,101,3,0.9761275299909332
resnet,bandpass,10,marginal_shift,all,ap_HYP,normalized_robustness,202,3,0.9754656827810514
resnet,bandpass,10,marginal_shift,all,ap_HYP,normalized_robustness,303,3,0.9767325147997159
resnet,bandpass,10,marginal_shift,all,ap_HYP,normalized_robustness,404,3,0.9831705486915946
resnet,bandpass,10,marginal_shift,all,ap_HYP,normalized_robustness,505,3,0.9764548210035371
resnet,bandpass,10,marginal_shift,all,ap_MI,absolute,101,3,0.7465837776929761
resnet,bandpass,10,marginal_shift,all,ap_MI,absolute,202,3,0.7446278833318511
resnet,bandpass,10,marginal_shift,all,ap_MI,absolute,303,3,0.7424292811747711
resnet,bandpass,10,marginal_shift,all,ap_MI,absolute,404,3,0.7469348145816914
resnet,bandpass,10,marginal_shift,all,ap_MI,absolute,505,3,0.7476319175616134
resnet,bandpass,10,marginal_shift,all,ap_MI,clean_drop,101,3,0.01652627117205226
resnet,bandpass,10,marginal_shift,all,ap_MI,clean_drop,202,3,0.018482165533177313
resnet,bandpass,10,marginal_shift,all,ap_MI,clean_drop,303,3,0.02068076769025721
resnet,bandpass,10,marginal_shift,all,ap_MI,clean_drop,404,3,0.01617523428333704
resnet,bandpass,10,marginal_shift,all,ap_MI,clean_drop,505,3,0.015478131303414985
resnet,bandpass,10,marginal_shift,all,ap_MI,normalized_robustness,101,3,0.9783528324181264
resnet,bandpass,10,marginal_shift,all,ap_MI,normalized_robustness,202,3,0.9757150383388481
resnet,bandpass,10,marginal_shift,all,ap_MI,normalized_robustness,303,3,0.9728996149818094
resnet,bandpass,10,marginal_shift,all,ap_MI,normalized_robustness,404,3,0.9787918914977706
resnet,bandpass,10,marginal_shift,all,ap_MI,normalized_robustness,505,3,0.9796708747174213
resnet,bandpass,10,marginal_shift,all,ap_NORM,absolute,101,3,0.8953208270516891
resnet,bandpass,10,marginal_shift,all,ap_NORM,absolute,202,3,0.8918043821639937
resnet,bandpass,10,marginal_shift,all,ap_NORM,absolute,303,3,0.8920424091686853
resnet,bandpass,10,marginal_shift,all,ap_NORM,absolute,404,3,0.8929771530213033
resnet,bandpass,10,marginal_shift,all,ap_NORM,absolute,505,3,0.8936292057086813
resnet,bandpass,10,marginal_shift,all,ap_NORM,clean_drop,101,3,0.01173939464595745
resnet,bandpass,10,marginal_shift,all,ap_NORM,clean_drop,202,3,0.015255839533652874
resnet,bandpass,10,marginal_shift,all,ap_NORM,clean_drop,303,3,0.015017812528961172
resnet,bandpass,10,marginal_shift,all,ap_NORM,clean_drop,404,3,0.014083068676343161
resnet,bandpass,10,marginal_shift,all,ap_NORM,clean_drop,505,3,0.013431015988965197
resnet,bandpass,10,marginal_shift,all,ap_NORM,normalized_robustness,101,3,0.9870504919213715
resnet,bandpass,10,marginal_shift,all,ap_NORM,normalized_robustness,202,3,0.983166999099618
resnet,bandpass,10,marginal_shift,all,ap_NORM,normalized_robustness,303,3,0.9834292877506151
resnet,bandpass,10,marginal_shift,all,ap_NORM,normalized_robustness,404,3,0.9844623620129024
resnet,bandpass,10,marginal_shift,all,ap_NORM,normalized_robustness,505,3,0.9851778869975357
resnet,bandpass,10,marginal_shift,all,ap_STTC,absolute,101,3,0.7937326169785371
resnet,bandpass,10,marginal_shift,all,ap_STTC,absolute,202,3,0.7921513362943764
resnet,bandpass,10,marginal_shift,all,ap_STTC,absolute,303,3,0.7946987534952598
resnet,bandpass,10,marginal_shift,all,ap_STTC,absolute,404,3,0.7932084727758927
resnet,bandpass,10,marginal_shift,all,ap_STTC,absolute,505,3,0.7911563024901591
resnet,bandpass,10,marginal_shift,all,ap_STTC,clean_drop,101,3,0.01825099493371433
resnet,bandpass,10,marginal_shift,all,ap_STTC,clean_drop,202,3,0.01983227561787515
resnet,bandpass,10,marginal_shift,all,ap_STTC,clean_drop,303,3,0.017284858416991716
resnet,bandpass,10,marginal_shift,all,ap_STTC,clean_drop,404,3,0.018775139136358716
resnet,bandpass,10,marginal_shift,all,ap_STTC,clean_drop,505,3,0.02082730942209236
resnet,bandpass,10,marginal_shift,all,ap_STTC,normalized_robustness,101,3,0.9774477753466106
resnet,bandpass,10,marginal_shift,all,ap_STTC,normalized_robustness,202,3,0.975519274180257
resnet,bandpass,10,marginal_shift,all,ap_STTC,normalized_robustness,303,3,0.9786826973794834
resnet,bandpass,10,marginal_shift,all,ap_STTC,normalized_robustness,404,3,0.9768001007582382
resnet,bandpass,10,marginal_shift,all,ap_STTC,normalized_robustness,505,3,0.9742515128518962
resnet,bandpass,10,marginal_shift,all,auroc_CD,absolute,101,3,0.8907784538643687
resnet,bandpass,10,marginal_shift,all,auroc_CD,absolute,202,3,0.8928418927836653
resnet,bandpass,10,marginal_shift,all,auroc_CD,absolute,303,3,0.8924783749336852
resnet,bandpass,10,marginal_shift,all,auroc_CD,absolute,404,3,0.8906353111292263
resnet,bandpass,10,marginal_shift,all,auroc_CD,absolute,505,3,0.8910412865701384
resnet,bandpass,10,marginal_shift,all,auroc_CD,clean_drop,101,3,0.007470514213992696
resnet,bandpass,10,marginal_shift,all,auroc_CD,clean_drop,202,3,0.005407075294696084
resnet,bandpass,10,marginal_shift,all,auroc_CD,clean_drop,303,3,0.005770593144675984
resnet,bandpass,10,marginal_shift,all,auroc_CD,clean_drop,404,3,0.007613656949134999
resnet,bandpass,10,marginal_shift,all,auroc_CD,clean_drop,505,3,0.007207681508223003
resnet,bandpass,10,marginal_shift,all,auroc_CD,normalized_robustness,101,3,0.9916947495150504
resnet,bandpass,10,marginal_shift,all,auroc_CD,normalized_robustness,202,3,0.9939931706155515
resnet,bandpass,10,marginal_shift,all,auroc_CD,normalized_robustness,303,3,0.9935958001544528
resnet,bandpass,10,marginal_shift,all,auroc_CD,normalized_robustness,404,3,0.9915379332852848
resnet,bandpass,10,marginal_shift,all,auroc_CD,normalized_robustness,505,3,0.9919900939111752
resnet,bandpass,10,marginal_shift,all,auroc_HYP,absolute,101,3,0.8837448062614746
resnet,bandpass,10,marginal_shift,all,auroc_HYP,absolute,202,3,0.8842480754984378
resnet,bandpass,10,marginal_shift,all,auroc_HYP,absolute,303,3,0.8859981103917717
resnet,bandpass,10,marginal_shift,all,auroc_HYP,absolute,404,3,0.8845701678100943
resnet,bandpass,10,marginal_shift,all,auroc_HYP,absolute,505,3,0.8842628380627221
resnet,bandpass,10,marginal_shift,all,auroc_HYP,clean_drop,101,3,0.00910447600949101
resnet,bandpass,10,marginal_shift,all,auroc_HYP,clean_drop,202,3,0.008601206772527662
resnet,bandpass,10,marginal_shift,all,auroc_HYP,clean_drop,303,3,0.006851171879193855
resnet,bandpass,10,marginal_shift,all,auroc_HYP,clean_drop,404,3,0.008279114460871151
resnet,bandpass,10,marginal_shift,all,auroc_HYP,clean_drop,505,3,0.00858644420824343
resnet,bandpass,10,marginal_shift,all,auroc_HYP,normalized_robustness,101,3,0.989798387972684
resnet,bandpass,10,marginal_shift,all,auroc_HYP,normalized_robustness,202,3,0.9903630047614623
resnet,bandpass,10,marginal_shift,all,auroc_HYP,normalized_robustness,303,3,0.9923292876272054
resnet,bandpass,10,marginal_shift,all,auroc_HYP,normalized_robustness,404,3,0.9907198400914901
resnet,bandpass,10,marginal_shift,all,auroc_HYP,normalized_robustness,505,3,0.9903774806813969
resnet,bandpass,10,marginal_shift,all,auroc_MI,absolute,101,3,0.8805664857530529
resnet,bandpass,10,marginal_shift,all,auroc_MI,absolute,202,3,0.8789476858133574
resnet,bandpass,10,marginal_shift,all,auroc_MI,absolute,303,3,0.8771792552389567
resnet,bandpass,10,marginal_shift,all,auroc_MI,absolute,404,3,0.8787746871702096
resnet,bandpass,10,marginal_shift,all,auroc_MI,absolute,505,3,0.87958842152872
resnet,bandpass,10,marginal_shift,all,auroc_MI,clean_drop,101,3,0.009848107945122994
resnet,bandpass,10,marginal_shift,all,auroc_MI,clean_drop,202,3,0.011466907884818411
resnet,bandpass,10,marginal_shift,all,auroc_MI,clean_drop,303,3,0.013235338459219129
resnet,bandpass,10,marginal_shift,all,auroc_MI,clean_drop,404,3,0.011639906527966279
resnet,bandpass,10,marginal_shift,all,auroc_MI,clean_drop,505,3,0.010826172169455917
resnet,bandpass,10,marginal_shift,all,auroc_MI,normalized_robustness,101,3,0.9889328919878583
resnet,bandpass,10,marginal_shift,all,auroc_MI,normalized_robustness,202,3,0.9871100342951862
resnet,bandpass,10,marginal_shift,all,auroc_MI,normalized_robustness,303,3,0.9851293108175829
resnet,bandpass,10,marginal_shift,all,auroc_MI,normalized_robustness,404,3,0.9869184197339864
resnet,bandpass,10,marginal_shift,all,auroc_MI,normalized_robustness,505,3,0.9878301510820897
resnet,bandpass,10,marginal_shift,all,auroc_NORM,absolute,101,3,0.9269484163708541
resnet,bandpass,10,marginal_shift,all,auroc_NORM,absolute,202,3,0.92539990817862
resnet,bandpass,10,marginal_shift,all,auroc_NORM,absolute,303,3,0.9244211559935174
resnet,bandpass,10,marginal_shift,all,auroc_NORM,absolute,404,3,0.9252049687821792
resnet,bandpass,10,marginal_shift,all,auroc_NORM,absolute,505,3,0.9257376486485311
resnet,bandpass,10,marginal_shift,all,auroc_NORM,clean_drop,101,3,0.006625042905494853
resnet,bandpass,10,marginal_shift,all,auroc_NORM,clean_drop,202,3,0.008173551097728956
resnet,bandpass,10,marginal_shift,all,auroc_NORM,clean_drop,303,3,0.00915230328283149
resnet,bandpass,10,marginal_shift,all,auroc_NORM,clean_drop,404,3,0.008368490494169878
resnet,bandpass,10,marginal_shift,all,auroc_NORM,clean_drop,505,3,0.00783581062781776
resnet,bandpass,10,marginal_shift,all,auroc_NORM,normalized_robustness,101,3,0.9929012753162132
resnet,bandpass,10,marginal_shift,all,auroc_NORM,normalized_robustness,202,3,0.991242516927804
resnet,bandpass,10,marginal_shift,all,auroc_NORM,normalized_robustness,303,3,0.9901937666595
resnet,bandpass,10,marginal_shift,all,auroc_NORM,normalized_robustness,404,3,0.9910346084416402
resnet,bandpass,10,marginal_shift,all,auroc_NORM,normalized_robustness,505,3,0.9916042870517359
resnet,bandpass,10,marginal_shift,all,auroc_STTC,absolute,101,3,0.9145554790823688
resnet,bandpass,10,marginal_shift,all,auroc_STTC,absolute,202,3,0.9137929619394122
resnet,bandpass,10,marginal_shift,all,auroc_STTC,absolute,303,3,0.9135568982006393
resnet,bandpass,10,marginal_shift,all,auroc_STTC,absolute,404,3,0.913937179687106
resnet,bandpass,10,marginal_shift,all,auroc_STTC,absolute,505,3,0.9129421163114181
resnet,bandpass,10,marginal_shift,all,auroc_STTC,clean_drop,101,3,0.009531659703958825
resnet,bandpass,10,marginal_shift,all,auroc_STTC,clean_drop,202,3,0.01029417684691536
resnet,bandpass,10,marginal_shift,all,auroc_STTC,clean_drop,303,3,0.010530240585688189
resnet,bandpass,10,marginal_shift,all,auroc_STTC,clean_drop,404,3,0.010149959099221487
resnet,bandpass,10,marginal_shift,all,auroc_STTC,clean_drop,505,3,0.011145022474909339
resnet,bandpass,10,marginal_shift,all,auroc_STTC,normalized_robustness,101,3,0.9896748868583082
resnet,bandpass,10,marginal_shift,all,auroc_STTC,normalized_robustness,202,3,0.9888517155088624
resnet,bandpass,10,marginal_shift,all,auroc_STTC,normalized_robustness,303,3,0.9885988070973277
resnet,bandpass,10,marginal_shift,all,auroc_STTC,normalized_robustness,404,3,0.9890005855493734
resnet,bandpass,10,marginal_shift,all,auroc_STTC,normalized_robustness,505,3,0.9879253266106862
resnet,bandpass,10,marginal_shift,all,brier,absolute,101,3,0.10281854371229808
resnet,bandpass,10,marginal_shift,all,brier,absolute,202,3,0.10304635266462958
resnet,bandpass,10,marginal_shift,all,brier,absolute,303,3,0.10343722750743223
resnet,bandpass,10,marginal_shift,all,brier,absolute,404,3,0.103104459742705
resnet,bandpass,10,marginal_shift,all,brier,absolute,505,3,0.1029879475633303
resnet,bandpass,10,marginal_shift,all,clean_agreement,absolute,101,3,0.9479765214704973
resnet,bandpass,10,marginal_shift,all,clean_agreement,absolute,202,3,0.9464627741736175
resnet,bandpass,10,marginal_shift,all,clean_agreement,absolute,303,3,0.9467717021933889
resnet,bandpass,10,marginal_shift,all,clean_agreement,absolute,404,3,0.9477602718566573
resnet,bandpass,10,marginal_shift,all,clean_agreement,absolute,505,3,0.9473277726289774
resnet,bandpass,10,marginal_shift,all,ece,absolute,101,3,0.05391305451647336
resnet,bandpass,10,marginal_shift,all,ece,absolute,202,3,0.05323694097022019
resnet,bandpass,10,marginal_shift,all,ece,absolute,303,3,0.05331429996734016
resnet,bandpass,10,marginal_shift,all,ece,absolute,404,3,0.05341794501433641
resnet,bandpass,10,marginal_shift,all,ece,absolute,505,3,0.0529379573341943
resnet,bandpass,10,marginal_shift,all,f1_CD,absolute,101,3,0.7066736162644708
resnet,bandpass,10,marginal_shift,all,f1_CD,absolute,202,3,0.7089609591195632
resnet,bandpass,10,marginal_shift,all,f1_CD,absolute,303,3,0.702229708041988
resnet,bandpass,10,marginal_shift,all,f1_CD,absolute,404,3,0.7069266381766383
resnet,bandpass,10,marginal_shift,all,f1_CD,absolute,505,3,0.7021904106655681
resnet,bandpass,10,marginal_shift,all,f1_CD,clean_drop,101,3,0.002229487310369057
resnet,bandpass,10,marginal_shift,all,f1_CD,clean_drop,202,3,-5.785554472344708e-05
resnet,bandpass,10,marginal_shift,all,f1_CD,clean_drop,303,3,0.006673395532851734
resnet,bandpass,10,marginal_shift,all,f1_CD,clean_drop,404,3,0.001976465398201621
resnet,bandpass,10,marginal_shift,all,f1_CD,clean_drop,505,3,0.006712692909271641
resnet,bandpass,10,marginal_shift,all,f1_CD,normalized_robustness,101,3,0.9968706717671231
resnet,bandpass,10,marginal_shift,all,f1_CD,normalized_robustness,202,3,1.0000718570822467
resnet,bandpass,10,marginal_shift,all,f1_CD,normalized_robustness,303,3,0.9906253316249488
resnet,bandpass,10,marginal_shift,all,f1_CD,normalized_robustness,404,3,0.9972304994284672
resnet,bandpass,10,marginal_shift,all,f1_CD,normalized_robustness,505,3,0.9905211913307342
resnet,bandpass,10,marginal_shift,all,f1_HYP,absolute,101,3,0.5780861635825575
resnet,bandpass,10,marginal_shift,all,f1_HYP,absolute,202,3,0.5729986676770529
resnet,bandpass,10,marginal_shift,all,f1_HYP,absolute,303,3,0.578213737554004
resnet,bandpass,10,marginal_shift,all,f1_HYP,absolute,404,3,0.579691174223556
resnet,bandpass,10,marginal_shift,all,f1_HYP,absolute,505,3,0.5810538484802209
resnet,bandpass,10,marginal_shift,all,f1_HYP,clean_drop,101,3,0.023473043567561896
resnet,bandpass,10,marginal_shift,all,f1_HYP,clean_drop,202,3,0.02856053947306647
resnet,bandpass,10,marginal_shift,all,f1_HYP,clean_drop,303,3,0.023345469596115387
resnet,bandpass,10,marginal_shift,all,f1_HYP,clean_drop,404,3,0.021868032926563363
resnet,bandpass,10,marginal_shift,all,f1_HYP,clean_drop,505,3,0.020505358669898482
resnet,bandpass,10,marginal_shift,all,f1_HYP,normalized_robustness,101,3,0.9618376537785016
resnet,bandpass,10,marginal_shift,all,f1_HYP,normalized_robustness,202,3,0.9537136393186025
resnet,bandpass,10,marginal_shift,all,f1_HYP,normalized_robustness,303,3,0.9619711342579089
resnet,bandpass,10,marginal_shift,all,f1_HYP,normalized_robustness,404,3,0.9645158606981069
resnet,bandpass,10,marginal_shift,all,f1_HYP,normalized_robustness,505,3,0.9671232748330505
resnet,bandpass,10,marginal_shift,all,f1_MI,absolute,101,3,0.6658778973145325
resnet,bandpass,10,marginal_shift,all,f1_MI,absolute,202,3,0.6686514300845392
resnet,bandpass,10,marginal_shift,all,f1_MI,absolute,303,3,0.6614919289958195
resnet,bandpass,10,marginal_shift,all,f1_MI,absolute,404,3,0.669380199528176
resnet,bandpass,10,marginal_shift,all,f1_MI,absolute,505,3,0.666063182675826
resnet,bandpass,10,marginal_shift,all,f1_MI,clean_drop,101,3,0.018951085141222457
resnet,bandpass,10,marginal_shift,all,f1_MI,clean_drop,202,3,0.016177552371215837
resnet,bandpass,10,marginal_shift,all,f1_MI,clean_drop,303,3,0.023337053459935492
resnet,bandpass,10,marginal_shift,all,f1_MI,clean_drop,404,3,0.015448782927579119
resnet,bandpass,10,marginal_shift,all,f1_MI,clean_drop,505,3,0.018765799779928944
resnet,bandpass,10,marginal_shift,all,f1_MI,normalized_robustness,101,3,0.9723923874157316
resnet,bandpass,10,marginal_shift,all,f1_MI,normalized_robustness,202,3,0.9763606756943991
resnet,bandpass,10,marginal_shift,all,f1_MI,normalized_robustness,303,3,0.9658383761552417
resnet,bandpass,10,marginal_shift,all,f1_MI,normalized_robustness,404,3,0.9774385303076131
resnet,bandpass,10,marginal_shift,all,f1_MI,normalized_robustness,505,3,0.9726112250086284
resnet,bandpass,10,marginal_shift,all,f1_NORM,absolute,101,3,0.8269541853466684
resnet,bandpass,10,marginal_shift,all,f1_NORM,absolute,202,3,0.8252184308055089
resnet,bandpass,10,marginal_shift,all,f1_NORM,absolute,303,3,0.8217856881659719
resnet,bandpass,10,marginal_shift,all,f1_NORM,absolute,404,3,0.8273746107952292
resnet,bandpass,10,marginal_shift,all,f1_NORM,absolute,505,3,0.8236509744068606
resnet,bandpass,10,marginal_shift,all,f1_NORM,clean_drop,101,3,0.01987856105566188
resnet,bandpass,10,marginal_shift,all,f1_NORM,clean_drop,202,3,0.021614315596821438
resnet,bandpass,10,marginal_shift,all,f1_NORM,clean_drop,303,3,0.025047058236358517
resnet,bandpass,10,marginal_shift,all,f1_NORM,clean_drop,404,3,0.01945813560710108
resnet,bandpass,10,marginal_shift,all,f1_NORM,clean_drop,505,3,0.023181771995469707
resnet,bandpass,10,marginal_shift,all,f1_NORM,normalized_robustness,101,3,0.976535557989579
resnet,bandpass,10,marginal_shift,all,f1_NORM,normalized_robustness,202,3,0.9744859520912525
resnet,bandpass,10,marginal_shift,all,f1_NORM,normalized_robustness,303,3,0.9704317898083029
resnet,bandpass,10,marginal_shift,all,f1_NORM,normalized_robustness,404,3,0.977032550094148
resnet,bandpass,10,marginal_shift,all,f1_NORM,normalized_robustness,505,3,0.9726325532230526
resnet,bandpass,10,marginal_shift,all,f1_STTC,absolute,101,3,0.7183120413151025
resnet,bandpass,10,marginal_shift,all,f1_STTC,absolute,202,3,0.7165450464624693
resnet,bandpass,10,marginal_shift,all,f1_STTC,absolute,303,3,0.7172436955010245
resnet,bandpass,10,marginal_shift,all,f1_STTC,absolute,404,3,0.7201563939607571
resnet,bandpass,10,marginal_shift,all,f1_STTC,absolute,505,3,0.7191115634727924
resnet,bandpass,10,marginal_shift,all,f1_STTC,clean_drop,101,3,0.028243071730702434
resnet,bandpass,10,marginal_shift,all,f1_STTC,clean_drop,202,3,0.030010066583335677
resnet,bandpass,10,marginal_shift,all,f1_STTC,clean_drop,303,3,0.029311417544780432
resnet,bandpass,10,marginal_shift,all,f1_STTC,clean_drop,404,3,0.02639871908504776
resnet,bandpass,10,marginal_shift,all,f1_STTC,clean_drop,505,3,0.027443549573012465
resnet,bandpass,10,marginal_shift,all,f1_STTC,normalized_robustness,101,3,0.9622595981136991
resnet,bandpass,10,marginal_shift,all,f1_STTC,normalized_robustness,202,3,0.9600592861628098
resnet,bandpass,10,marginal_shift,all,f1_STTC,normalized_robustness,303,3,0.9609805190804219
resnet,bandpass,10,marginal_shift,all,f1_STTC,normalized_robustness,404,3,0.9646277145962839
resnet,bandpass,10,marginal_shift,all,f1_STTC,normalized_robustness,505,3,0.9633308237989361
resnet,bandpass,10,marginal_shift,all,macro_ap,absolute,101,3,0.7719679627021608
resnet,bandpass,10,marginal_shift,all,macro_ap,absolute,202,3,0.7705372996913561
resnet,bandpass,10,marginal_shift,all,macro_ap,absolute,303,3,0.7708639332161953
resnet,bandpass,10,marginal_shift,all,macro_ap,absolute,404,3,0.771938517034438
resnet,bandpass,10,marginal_shift,all,macro_ap,absolute,505,3,0.771168237638003
resnet,bandpass,10,marginal_shift,all,macro_ap,clean_drop,101,3,0.014100978516172277
resnet,bandpass,10,marginal_shift,all,macro_ap,clean_drop,202,3,0.015531641526977133
resnet,bandpass,10,marginal_shift,all,macro_ap,clean_drop,303,3,0.01520500800213794
resnet,bandpass,10,marginal_shift,all,macro_ap,clean_drop,404,3,0.014130424183895022
resnet,bandpass,10,marginal_shift,all,macro_ap,clean_drop,505,3,0.014900703580330096
resnet,bandpass,10,marginal_shift,all,macro_ap,normalized_robustness,101,3,0.9820391789532841
resnet,bandpass,10,marginal_shift,all,macro_ap,normalized_robustness,202,3,0.98022679726907
resnet,bandpass,10,marginal_shift,all,macro_ap,normalized_robustness,303,3,0.9806378767517114
resnet,bandpass,10,marginal_shift,all,macro_ap,normalized_robustness,404,3,0.9820000066479423
resnet,bandpass,10,marginal_shift,all,macro_ap,normalized_robustness,505,3,0.981019296614409
resnet,bandpass,10,marginal_shift,all,macro_auroc,absolute,101,3,0.8993187282664237
resnet,bandpass,10,marginal_shift,all,macro_auroc,absolute,202,3,0.8990461048426986
resnet,bandpass,10,marginal_shift,all,macro_auroc,absolute,303,3,0.8987267589517139
resnet,bandpass,10,marginal_shift,all,macro_auroc,absolute,404,3,0.898624462915763
resnet,bandpass,10,marginal_shift,all,macro_auroc,absolute,505,3,0.898714462224306
resnet,bandpass,10,marginal_shift,all,macro_auroc,clean_drop,101,3,0.008515960155612142
resnet,bandpass,10,marginal_shift,all,macro_auroc,clean_drop,202,3,0.008788583579337317
resnet,bandpass,10,marginal_shift,all,macro_auroc,clean_drop,303,3,0.009107929470321833
resnet,bandpass,10,marginal_shift,all,macro_auroc,clean_drop,404,3,0.009210225506272743
resnet,bandpass,10,marginal_shift,all,macro_auroc,clean_drop,505,3,0.009120226197729933
resnet,bandpass,10,marginal_shift,all,macro_auroc,normalized_robustness,101,3,0.9906182327096786
resnet,bandpass,10,marginal_shift,all,macro_auroc,normalized_robustness,202,3,0.9903177405805117
resnet,bandpass,10,marginal_shift,all,macro_auroc,normalized_robustness,303,3,0.9899657839331399
resnet,bandpass,10,marginal_shift,all,macro_auroc,normalized_robustness,404,3,0.9898530505633775
resnet,bandpass,10,marginal_shift,all,macro_auroc,normalized_robustness,505,3,0.9899519225527618
resnet,bandpass,10,marginal_shift,all,macro_f1,absolute,101,3,0.6991807807646664
resnet,bandpass,10,marginal_shift,all,macro_f1,absolute,202,3,0.6984749068298267
resnet,bandpass,10,marginal_shift,all,macro_f1,absolute,303,3,0.6961929516517616
resnet,bandpass,10,marginal_shift,all,macro_f1,absolute,404,3,0.7007058033368714
resnet,bandpass,10,marginal_shift,all,macro_f1,absolute,505,3,0.6984139959402537
resnet,bandpass,10,marginal_shift,all,macro_f1,clean_drop,101,3,0.01855504976110356
resnet,bandpass,10,marginal_shift,all,macro_f1,clean_drop,202,3,0.019260923695943195
resnet,bandpass,10,marginal_shift,all,macro_f1,clean_drop,303,3,0.021542878874008298
resnet,bandpass,10,marginal_shift,all,macro_f1,clean_drop,404,3,0.017030027188898567
resnet,bandpass,10,marginal_shift,all,macro_f1,clean_drop,505,3,0.019321834585516284
resnet,bandpass,10,marginal_shift,all,macro_f1,normalized_robustness,101,3,0.9741204891196448
resnet,bandpass,10,marginal_shift,all,macro_f1,normalized_robustness,202,3,0.9731502343699129
resnet,bandpass,10,marginal_shift,all,macro_f1,normalized_robustness,303,3,0.9699775756886256
resnet,bandpass,10,marginal_shift,all,macro_f1,normalized_robustness,404,3,0.9762494094939055
resnet,bandpass,10,marginal_shift,all,macro_f1,normalized_robustness,505,3,0.9730715879989246
resnet,bandpass,10,marginal_shift,all,mean_confidence,absolute,101,3,0.861460010210673
resnet,bandpass,10,marginal_shift,all,mean_confidence,absolute,202,3,0.8610085447629293
resnet,bandpass,10,marginal_shift,all,mean_confidence,absolute,303,3,0.8617074688275655
resnet,bandpass,10,marginal_shift,all,mean_confidence,absolute,404,3,0.8611876567204794
resnet,bandpass,10,marginal_shift,all,mean_confidence,absolute,505,3,0.8615208466847738
resnet,bandpass,10,marginal_shift,all,mean_entropy,absolute,101,3,0.3206642830928738
resnet,bandpass,10,marginal_shift,all,mean_entropy,absolute,202,3,0.3207573773619808
resnet,bandpass,10,marginal_shift,all,mean_entropy,absolute,303,3,0.3199708626227658
resnet,bandpass,10,marginal_shift,all,mean_entropy,absolute,404,3,0.3211007456275824
resnet,bandpass,10,marginal_shift,all,mean_entropy,absolute,505,3,0.32023053862872125
resnet,bandpass,10,marginal_shift,all,mean_loss,absolute,101,3,0.33075417839480326
resnet,bandpass,10,marginal_shift,all,mean_loss,absolute,202,3,0.3316796714860365
resnet,bandpass,10,marginal_shift,all,mean_loss,absolute,303,3,0.33221308769018093
resnet,bandpass,10,marginal_shift,all,mean_loss,absolute,404,3,0.3319066508177724
resnet,bandpass,10,marginal_shift,all,mean_loss,absolute,505,3,0.3315116525207771
resnet,bandpass,10,marginal_shift,all,micro_ap,absolute,101,3,0.7940423626781109
resnet,bandpass,10,marginal_shift,all,micro_ap,absolute,202,3,0.7923214351677693
resnet,bandpass,10,marginal_shift,all,micro_ap,absolute,303,3,0.7923968489022156
resnet,bandpass,10,marginal_shift,all,micro_ap,absolute,404,3,0.7928761625739571
resnet,bandpass,10,marginal_shift,all,micro_ap,absolute,505,3,0.7929937725057338
resnet,bandpass,10,marginal_shift,all,micro_auroc,absolute,101,3,0.9052957932654128
resnet,bandpass,10,marginal_shift,all,micro_auroc,absolute,202,3,0.9047967803197218
resnet,bandpass,10,marginal_shift,all,micro_auroc,absolute,303,3,0.9042955208119126
resnet,bandpass,10,marginal_shift,all,micro_auroc,absolute,404,3,0.9044303593209668
resnet,bandpass,10,marginal_shift,all,micro_auroc,absolute,505,3,0.9048069906086837
resnet,bandpass,10,marginal_shift,all,micro_f1,absolute,101,3,0.7263315168127115
resnet,bandpass,10,marginal_shift,all,micro_f1,absolute,202,3,0.7256984434015429
resnet,bandpass,10,marginal_shift,all,micro_f1,absolute,303,3,0.7228413716784837
resnet,bandpass,10,marginal_shift,all,micro_f1,absolute,404,3,0.7278221496153439
resnet,bandpass,10,marginal_shift,all,micro_f1,absolute,505,3,0.7251849001923986
resnet,bandpass,10,marginal_shift,all,probability_shift,absolute,101,3,0.051346727957328135
resnet,bandpass,10,marginal_shift,all,probability_shift,absolute,202,3,0.051443994045257506
resnet,bandpass,10,marginal_shift,all,probability_shift,absolute,303,3,0.05139867216348643
resnet,bandpass,10,marginal_shift,all,probability_shift,absolute,404,3,0.05162261674801507
resnet,bandpass,10,marginal_shift,all,probability_shift,absolute,505,3,0.05116964876651756
resnet,bandpass,20,covariance,all,ap_CD,absolute,101,3,0.8062361260244536
resnet,bandpass,20,covariance,all,ap_CD,absolute,202,3,0.8045202461638556
resnet,bandpass,20,covariance,all,ap_CD,absolute,303,3,0.8056484090927656
resnet,bandpass,20,covariance,all,ap_CD,absolute,404,3,0.8055484299328001
resnet,bandpass,20,covariance,all,ap_CD,absolute,505,3,0.805294767030447
resnet,bandpass,20,covariance,all,ap_CD,clean_drop,101,3,0.0003527566109611617
resnet,bandpass,20,covariance,all,ap_CD,clean_drop,202,3,0.002068636471558971
resnet,bandpass,20,covariance,all,ap_CD,clean_drop,303,3,0.000940473542649071
resnet,bandpass,20,covariance,all,ap_CD,clean_drop,404,3,0.0010404527026144732
resnet,bandpass,20,covariance,all,ap_CD,clean_drop,505,3,0.00129411560496769
resnet,bandpass,20,covariance,all,ap_CD,normalized_robustness,101,3,0.9995811696655371
resnet,bandpass,20,covariance,all,ap_CD,normalized_robustness,202,3,0.9974442032060674
resnet,bandpass,20,covariance,all,ap_CD,normalized_robustness,303,3,0.9988472380755802
resnet,bandpass,20,covariance,all,ap_CD,normalized_robustness,404,3,0.9987237459219281
resnet,bandpass,20,covariance,all,ap_CD,normalized_robustness,505,3,0.998402836705712
resnet,bandpass,20,covariance,all,ap_HYP,absolute,101,3,0.6402010448545231
resnet,bandpass,20,covariance,all,ap_HYP,absolute,202,3,0.639473901314931
resnet,bandpass,20,covariance,all,ap_HYP,absolute,303,3,0.6395129516164824
resnet,bandpass,20,covariance,all,ap_HYP,absolute,404,3,0.6394914165743977
resnet,bandpass,20,covariance,all,ap_HYP,absolute,505,3,0.6400098808667081
resnet,bandpass,20,covariance,all,ap_HYP,clean_drop,101,3,0.0014008961268013136
resnet,bandpass,20,covariance,all,ap_HYP,clean_drop,202,3,0.002128039666393522
resnet,bandpass,20,covariance,all,ap_HYP,clean_drop,303,3,0.002088989364842142
resnet,bandpass,20,covariance,all,ap_HYP,clean_drop,404,3,0.0021105244069269022
resnet,bandpass,20,covariance,all,ap_HYP,clean_drop,505,3,0.0015920601146163966
resnet,bandpass,20,covariance,all,ap_HYP,normalized_robustness,101,3,0.997783278964946
resnet,bandpass,20,covariance,all,ap_HYP,normalized_robustness,202,3,0.9966826455775238
resnet,bandpass,20,covariance,all,ap_HYP,normalized_robustness,303,3,0.9967287911095015
resnet,bandpass,20,covariance,all,ap_HYP,normalized_robustness,404,3,0.9966989097043447
resnet,bandpass,20,covariance,all,ap_HYP,normalized_robustness,505,3,0.9975280779459809
resnet,bandpass,20,covariance,all,ap_MI,absolute,101,3,0.7608242510270561
resnet,bandpass,20,covariance,all,ap_MI,absolute,202,3,0.759392195980133
resnet,bandpass,20,covariance,all,ap_MI,absolute,303,3,0.760602505915395
resnet,bandpass,20,covariance,all,ap_MI,absolute,404,3,0.7609657007372732
resnet,bandpass,20,covariance,all,ap_MI,absolute,505,3,0.7614496567639487
resnet,bandpass,20,covariance,all,ap_MI,clean_drop,101,3,0.0022857978379722623
resnet,bandpass,20,covariance,all,ap_MI,clean_drop,202,3,0.003717852884895567
resnet,bandpass,20,covariance,all,ap_MI,clean_drop,303,3,0.002507542949633327
resnet,bandpass,20,covariance,all,ap_MI,clean_drop,404,3,0.0021443481277551024
resnet,bandpass,20,covariance,all,ap_MI,clean_drop,505,3,0.0016603921010797478
resnet,bandpass,20,covariance,all,ap_MI,normalized_robustness,101,3,0.9970056736685714
resnet,bandpass,20,covariance,all,ap_MI,normalized_robustness,202,3,0.9951302556847716
resnet,bandpass,20,covariance,all,ap_MI,normalized_robustness,303,3,0.9967111165476402
resnet,bandpass,20,covariance,all,ap_MI,normalized_robustness,404,3,0.9972001315630669
resnet,bandpass,20,covariance,all,ap_MI,normalized_robustness,505,3,0.9978043655643347
resnet,bandpass,20,covariance,all,ap_NORM,absolute,101,3,0.904186207974337
resnet,bandpass,20,covariance,all,ap_NORM,absolute,202,3,0.904517741577416
resnet,bandpass,20,covariance,all,ap_NORM,absolute,303,3,0.9048465136957161
resnet,bandpass,20,covariance,all,ap_NORM,absolute,404,3,0.9039070138675204
resnet,bandpass,20,covariance,all,ap_NORM,absolute,505,3,0.9040699767424115
resnet,bandpass,20,covariance,all,ap_NORM,clean_drop,101,3,0.002874013723309458
resnet,bandpass,20,covariance,all,ap_NORM,clean_drop,202,3,0.0025424801202305427
resnet,bandpass,20,covariance,all,ap_NORM,clean_drop,303,3,0.0022137080019304
resnet,bandpass,20,covariance,all,ap_NORM,clean_drop,404,3,0.0031532078301261444
resnet,bandpass,20,covariance,all,ap_NORM,clean_drop,505,3,0.002990244955234922
resnet,bandpass,20,covariance,all,ap_NORM,normalized_robustness,101,3,0.9968285391261679
resnet,bandpass,20,covariance,all,ap_NORM,normalized_robustness,202,3,0.9971947939706367
resnet,bandpass,20,covariance,all,ap_NORM,normalized_robustness,303,3,0.9975611300861891
resnet,bandpass,20,covariance,all,ap_NORM,normalized_robustness,404,3,0.9965240368163918
resnet,bandpass,20,covariance,all,ap_NORM,normalized_robustness,505,3,0.9967013962434236
resnet,bandpass,20,covariance,all,ap_STTC,absolute,101,3,0.8119652071793411
resnet,bandpass,20,covariance,all,ap_STTC,absolute,202,3,0.8122614867762765
resnet,bandpass,20,covariance,all,ap_STTC,absolute,303,3,0.8101647213013773
resnet,bandpass,20,covariance,all,ap_STTC,absolute,404,3,0.8109764913678424
resnet,bandpass,20,covariance,all,ap_STTC,absolute,505,3,0.8094245917468109
resnet,bandpass,20,covariance,all,ap_STTC,clean_drop,101,3,1.8404732910444938e-05
resnet,bandpass,20,covariance,all,ap_STTC,clean_drop,202,3,-0.000277874864025011
resnet,bandpass,20,covariance,all,ap_STTC,clean_drop,303,3,0.0018188906108741836
resnet,bandpass,20,covariance,all,ap_STTC,clean_drop,404,3,0.0010071205444090643
resnet,bandpass,20,covariance,all,ap_STTC,clean_drop,505,3,0.0025590201654407028
resnet,bandpass,20,covariance,all,ap_STTC,normalized_robustness,101,3,0.9999741897979321
resnet,bandpass,20,covariance,all,ap_STTC,normalized_robustness,202,3,1.0003262725779956
resnet,bandpass,20,covariance,all,ap_STTC,normalized_robustness,303,3,0.9977520230707163
resnet,bandpass,20,covariance,all,ap_STTC,normalized_robustness,404,3,0.9987433811765802
resnet,bandpass,20,covariance,all,ap_STTC,normalized_robustness,505,3,0.9968455629947313
resnet,bandpass,20,covariance,all,auroc_CD,absolute,101,3,0.8973626153229041
resnet,bandpass,20,covariance,all,auroc_CD,absolute,202,3,0.8963654684730149
resnet,bandpass,20,covariance,all,auroc_CD,absolute,303,3,0.8977960871084196
resnet,bandpass,20,covariance,all,auroc_CD,absolute,404,3,0.8967985359005214
resnet,bandpass,20,covariance,all,auroc_CD,absolute,505,3,0.8971301094678
resnet,bandpass,20,covariance,all,auroc_CD,clean_drop,101,3,0.0008863527554571945
resnet,bandpass,20,covariance,all,auroc_CD,clean_drop,202,3,0.0018834996053464688
resnet,bandpass,20,covariance,all,auroc_CD,clean_drop,303,3,0.0004528809699415974
resnet,bandpass,20,covariance,all,auroc_CD,clean_drop,404,3,0.001450432177839911
resnet,bandpass,20,covariance,all,auroc_CD,clean_drop,505,3,0.0011188586105611946
resnet,bandpass,20,covariance,all,auroc_CD,normalized_robustness,101,3,0.9990205746535382
resnet,bandpass,20,covariance,all,auroc_CD,normalized_robustness,202,3,0.997904371113845
resnet,bandpass,20,covariance,all,auroc_CD,normalized_robustness,303,3,0.9994986575400278
resnet,bandpass,20,covariance,all,auroc_CD,normalized_robustness,404,3,0.9983889962100858
resnet,bandpass,20,covariance,all,auroc_CD,normalized_robustness,505,3,0.9987561968445652
resnet,bandpass,20,covariance,all,auroc_HYP,absolute,101,3,0.8921225614927906
resnet,bandpass,20,covariance,all,auroc_HYP,absolute,202,3,0.8920447225174734
resnet,bandpass,20,covariance,all,auroc_HYP,absolute,303,3,0.891968225593455
resnet,bandpass,20,covariance,all,auroc_HYP,absolute,404,3,0.8916394230253059
resnet,bandpass,20,covariance,all,auroc_HYP,absolute,505,3,0.8919527920035216
resnet,bandpass,20,covariance,all,auroc_HYP,clean_drop,101,3,0.0007267207781750015
resnet,bandpass,20,covariance,all,auroc_HYP,clean_drop,202,3,0.000804559753492029
resnet,bandpass,20,covariance,all,auroc_HYP,clean_drop,303,3,0.0008810566775104833
resnet,bandpass,20,covariance,all,auroc_HYP,clean_drop,404,3,0.0012098592456597501
resnet,bandpass,20,covariance,all,auroc_HYP,clean_drop,505,3,0.0008964902674439464
resnet,bandpass,20,covariance,all,auroc_HYP,normalized_robustness,101,3,0.9991836772643405
resnet,bandpass,20,covariance,all,auroc_HYP,normalized_robustness,202,3,0.9990993054276682
resnet,bandpass,20,covariance,all,auroc_HYP,normalized_robustness,303,3,0.9990136572279956
resnet,bandpass,20,covariance,all,auroc_HYP,normalized_robustness,404,3,0.9986441591601699
resnet,bandpass,20,covariance,all,auroc_HYP,normalized_robustness,505,3,0.9989949481607486
resnet,bandpass,20,covariance,all,auroc_MI,absolute,101,3,0.8889416553595658
resnet,bandpass,20,covariance,all,auroc_MI,absolute,202,3,0.8882142318709483
resnet,bandpass,20,covariance,all,auroc_MI,absolute,303,3,0.8888429066787276
resnet,bandpass,20,covariance,all,auroc_MI,absolute,404,3,0.888733604703754
resnet,bandpass,20,covariance,all,auroc_MI,absolute,505,3,0.8884882406151062
resnet,bandpass,20,covariance,all,auroc_MI,clean_drop,101,3,0.0014729383386100265
resnet,bandpass,20,covariance,all,auroc_MI,clean_drop,202,3,0.0022003618272276038
resnet,bandpass,20,covariance,all,auroc_MI,clean_drop,303,3,0.001571687019448283
resnet,bandpass,20,covariance,all,auroc_MI,clean_drop,404,3,0.001680988994421891
resnet,bandpass,20,covariance,all,auroc_MI,clean_drop,505,3,0.001926353083069543
resnet,bandpass,20,covariance,all,auroc_MI,normalized_robustness,101,3,0.9983425681759694
resnet,bandpass,20,covariance,all,auroc_MI,normalized_robustness,202,3,0.9975286110390359
resnet,bandpass,20,covariance,all,auroc_MI,normalized_robustness,303,3,0.9982306684763281
resnet,bandpass,20,covariance,all,auroc_MI,normalized_robustness,404,3,0.998110643694496
resnet,bandpass,20,covariance,all,auroc_MI,normalized_robustness,505,3,0.9978288759368458
resnet,bandpass,20,covariance,all,auroc_NORM,absolute,101,3,0.9323722502465709
resnet,bandpass,20,covariance,all,auroc_NORM,absolute,202,3,0.9321512416886445
resnet,bandpass,20,covariance,all,auroc_NORM,absolute,303,3,0.9321086620582181
resnet,bandpass,20,covariance,all,auroc_NORM,absolute,404,3,0.9317861285991736
resnet,bandpass,20,covariance,all,auroc_NORM,absolute,505,3,0.9317819285676009
resnet,bandpass,20,covariance,all,auroc_NORM,clean_drop,101,3,0.0012012090297780869
resnet,bandpass,20,covariance,all,auroc_NORM,clean_drop,202,3,0.001422217587704444
resnet,bandpass,20,covariance,all,auroc_NORM,clean_drop,303,3,0.0014647972181307534
resnet,bandpass,20,covariance,all,auroc_NORM,clean_drop,404,3,0.0017873306771753656
resnet,bandpass,20,covariance,all,auroc_NORM,clean_drop,505,3,0.0017915307087480459
resnet,bandpass,20,covariance,all,auroc_NORM,normalized_robustness,101,3,0.9987126468871316
resnet,bandpass,20,covariance,all,auroc_NORM,normalized_robustness,202,3,0.9984763109205339
resnet,bandpass,20,covariance,all,auroc_NORM,normalized_robustness,303,3,0.9984306684656854
resnet,bandpass,20,covariance,all,auroc_NORM,normalized_robustness,404,3,0.9980853228236385
resnet,bandpass,20,covariance,all,auroc_NORM,normalized_robustness,505,3,0.9980805106248093
resnet,bandpass,20,covariance,all,auroc_STTC,absolute,101,3,0.9231503096773236
resnet,bandpass,20,covariance,all,auroc_STTC,absolute,202,3,0.923281629902866
resnet,bandpass,20,covariance,all,auroc_STTC,absolute,303,3,0.9227938690651367
resnet,bandpass,20,covariance,all,auroc_STTC,absolute,404,3,0.9230041377596067
resnet,bandpass,20,covariance,all,auroc_STTC,absolute,505,3,0.9224239446797918
resnet,bandpass,20,covariance,all,auroc_STTC,clean_drop,101,3,0.0009368291090039449
resnet,bandpass,20,covariance,all,auroc_STTC,clean_drop,202,3,0.0008055088834614995
resnet,bandpass,20,covariance,all,auroc_STTC,clean_drop,303,3,0.001293269721190704
resnet,bandpass,20,covariance,all,auroc_STTC,clean_drop,404,3,0.0010830010267208756
resnet,bandpass,20,covariance,all,auroc_STTC,clean_drop,505,3,0.0016631941065357407
resnet,bandpass,20,covariance,all,auroc_STTC,normalized_robustness,101,3,0.9989867759889627
resnet,bandpass,20,covariance,all,auroc_STTC,normalized_robustness,202,3,0.9991268197095037
resnet,bandpass,20,covariance,all,auroc_STTC,normalized_robustness,303,3,0.9986006020119259
resnet,bandpass,20,covariance,all,auroc_STTC,normalized_robustness,404,3,0.9988274841026673
resnet,bandpass,20,covariance,all,auroc_STTC,normalized_robustness,505,3,0.9981993501424037
resnet,bandpass,20,covariance,all,brier,absolute,101,3,0.0968388145168622
resnet,bandpass,20,covariance,all,brier,absolute,202,3,0.09705195079247153
resnet,bandpass,20,covariance,all,brier,absolute,303,3,0.09701360265413916
resnet,bandpass,20,covariance,all,brier,absolute,404,3,0.09700847913821536
resnet,bandpass,20,covariance,all,brier,absolute,505,3,0.09705966462691619
resnet,bandpass,20,covariance,all,clean_agreement,absolute,101,3,0.984924312635156
resnet,bandpass,20,covariance,all,clean_agreement,absolute,202,3,0.9851096694470188
resnet,bandpass,20,covariance,all,clean_agreement,absolute,303,3,0.9848934198331788
resnet,bandpass,20,covariance,all,clean_agreement,absolute,404,3,0.9856657398826073
resnet,bandpass,20,covariance,all,clean_agreement,absolute,505,3,0.9865925239419214
resnet,bandpass,20,covariance,all,ece,absolute,101,3,0.04611012992156497
resnet,bandpass,20,covariance,all,ece,absolute,202,3,0.0471957599624512
resnet,bandpass,20,covariance,all,ece,absolute,303,3,0.04641347799647527
resnet,bandpass,20,covariance,all,ece,absolute,404,3,0.04648079436429467
resnet,bandpass,20,covariance,all,ece,absolute,505,3,0.0474734692896463
resnet,bandpass,20,covariance,all,f1_CD,absolute,101,3,0.7100807240339737
resnet,bandpass,20,covariance,all,f1_CD,absolute,202,3,0.7058373444556908
resnet,bandpass,20,covariance,all,f1_CD,absolute,303,3,0.7099907091342393
resnet,bandpass,20,covariance,all,f1_CD,absolute,404,3,0.7083434854692164
resnet,bandpass,20,covariance,all,f1_CD,absolute,505,3,0.7145273321164646
resnet,bandpass,20,covariance,all,f1_CD,clean_drop,101,3,-0.0011776204591339063
resnet,bandpass,20,covariance,all,f1_CD,clean_drop,202,3,0.0030657591191490066
resnet,bandpass,20,covariance,all,f1_CD,clean_drop,303,3,-0.0010876055593995737
resnet,bandpass,20,covariance,all,f1_CD,clean_drop,404,3,0.0005596181056235124
resnet,bandpass,20,covariance,all,f1_CD,clean_drop,505,3,-0.005624228541624772
resnet,bandpass,20,covariance,all,f1_CD,normalized_robustness,101,3,1.0016536032666927
resnet,bandpass,20,covariance,all,f1_CD,normalized_robustness,202,3,0.9956425969839487
resnet,bandpass,20,covariance,all,f1_CD,normalized_robustness,303,3,1.001528009918691
resnet,bandpass,20,covariance,all,f1_CD,normalized_robustness,404,3,0.9992043287723796
resnet,bandpass,20,covariance,all,f1_CD,normalized_robustness,505,3,1.0079296521202272
resnet,bandpass,20,covariance,all,f1_HYP,absolute,101,3,0.5983663094372397
resnet,bandpass,20,covariance,all,f1_HYP,absolute,202,3,0.5946304139597111
resnet,bandpass,20,covariance,all,f1_HYP,absolute,303,3,0.6012009551094458
resnet,bandpass,20,covariance,all,f1_HYP,absolute,404,3,0.5982339468421486
resnet,bandpass,20,covariance,all,f1_HYP,absolute,505,3,0.6002430793523286
resnet,bandpass,20,covariance,all,f1_HYP,clean_drop,101,3,0.003192897712879709
resnet,bandpass,20,covariance,all,f1_HYP,clean_drop,202,3,0.006928793190408252
resnet,bandpass,20,covariance,all,f1_HYP,clean_drop,303,3,0.00035825204067344946
resnet,bandpass,20,covariance,all,f1_HYP,clean_drop,404,3,0.0033252603079707566
resnet,bandpass,20,covariance,all,f1_HYP,clean_drop,505,3,0.0013161277977907042
resnet,bandpass,20,covariance,all,f1_HYP,normalized_robustness,101,3,0.9951958832000735
resnet,bandpass,20,covariance,all,f1_HYP,normalized_robustness,202,3,0.9890542002582899
resnet,bandpass,20,covariance,all,f1_HYP,normalized_robustness,303,3,1.0003487902293717
resnet,bandpass,20,covariance,all,f1_HYP,normalized_robustness,404,3,0.9947381848510362
resnet,bandpass,20,covariance,all,f1_HYP,normalized_robustness,505,3,0.9981731973779574
resnet,bandpass,20,covariance,all,f1_MI,absolute,101,3,0.6813284053013096
resnet,bandpass,20,covariance,all,f1_MI,absolute,202,3,0.6801293799619783
resnet,bandpass,20,covariance,all,f1_MI,absolute,303,3,0.6851870752207203
resnet,bandpass,20,covariance,all,f1_MI,absolute,404,3,0.6810641838001482
resnet,bandpass,20,covariance,all,f1_MI,absolute,505,3,0.6811713046668798
resnet,bandpass,20,covariance,all,f1_MI,clean_drop,101,3,0.0035005771544453688
resnet,bandpass,20,covariance,all,f1_MI,clean_drop,202,3,0.004699602493776656
resnet,bandpass,20,covariance,all,f1_MI,clean_drop,303,3,-0.00035809276496541936
resnet,bandpass,20,covariance,all,f1_MI,clean_drop,404,3,0.003764798655606786
resnet,bandpass,20,covariance,all,f1_MI,clean_drop,505,3,0.0036576777888750467
resnet,bandpass,20,covariance,all,f1_MI,normalized_robustness,101,3,0.9948749507598115
resnet,bandpass,20,covariance,all,f1_MI,normalized_robustness,202,3,0.9931324551666331
resnet,bandpass,20,covariance,all,f1_MI,normalized_robustness,303,3,1.0005001178259927
resnet,bandpass,20,covariance,all,f1_MI,normalized_robustness,404,3,0.9946142194784459
resnet,bandpass,20,covariance,all,f1_MI,normalized_robustness,505,3,0.9947093010749205
resnet,bandpass,20,covariance,all,f1_NORM,absolute,101,3,0.8444090973084935
resnet,bandpass,20,covariance,all,f1_NORM,absolute,202,3,0.8450804593636518
resnet,bandpass,20,covariance,all,f1_NORM,absolute,303,3,0.8465573924521176
resnet,bandpass,20,covariance,all,f1_NORM,absolute,404,3,0.8443041081838603
resnet,bandpass,20,covariance,all,f1_NORM,absolute,505,3,0.8436103435823895
resnet,bandpass,20,covariance,all,f1_NORM,clean_drop,101,3,0.0024236490938367807
resnet,bandpass,20,covariance,all,f1_NORM,clean_drop,202,3,0.0017522870386784684
resnet,bandpass,20,covariance,all,f1_NORM,clean_drop,303,3,0.000275353950212794
resnet,bandpass,20,covariance,all,f1_NORM,clean_drop,404,3,0.0025286382184701215
resnet,bandpass,20,covariance,all,f1_NORM,clean_drop,505,3,0.00322240281994098
resnet,bandpass,20,covariance,all,f1_NORM,normalized_robustness,101,3,0.9971378653222814
resnet,bandpass,20,covariance,all,f1_NORM,normalized_robustness,202,3,0.9979330874092636
resnet,bandpass,20,covariance,all,f1_NORM,normalized_robustness,303,3,0.9996766017446825
resnet,bandpass,20,covariance,all,f1_NORM,normalized_robustness,404,3,0.9970142214800521
resnet,bandpass,20,covariance,all,f1_NORM,normalized_robustness,505,3,0.9961960424727044
resnet,bandpass,20,covariance,all,f1_STTC,absolute,101,3,0.7422602471338248
resnet,bandpass,20,covariance,all,f1_STTC,absolute,202,3,0.7426253525735945
resnet,bandpass,20,covariance,all,f1_STTC,absolute,303,3,0.7421943442297891
resnet,bandpass,20,covariance,all,f1_STTC,absolute,404,3,0.7399078002555074
resnet,bandpass,20,covariance,all,f1_STTC,absolute,505,3,0.7413776625216091
resnet,bandpass,20,covariance,all,f1_STTC,clean_drop,101,3,0.004294865911980139
resnet,bandpass,20,covariance,all,f1_STTC,clean_drop,202,3,0.00392976047221046
resnet,bandpass,20,covariance,all,f1_STTC,clean_drop,303,3,0.004360768816015881
resnet,bandpass,20,covariance,all,f1_STTC,clean_drop,404,3,0.006647312790297548
resnet,bandpass,20,covariance,all,f1_STTC,clean_drop,505,3,0.0051774505241957884
resnet,bandpass,20,covariance,all,f1_STTC,normalized_robustness,101,3,0.9942968019891585
resnet,bandpass,20,covariance,all,f1_STTC,normalized_robustness,202,3,0.9947120446379986
resnet,bandpass,20,covariance,all,f1_STTC,normalized_robustness,303,3,0.994233057674946
resnet,bandpass,20,covariance,all,f1_STTC,normalized_robustness,404,3,0.9912566906878747
resnet,bandpass,20,covariance,all,f1_STTC,normalized_robustness,505,3,0.9930436708380883
resnet,bandpass,20,covariance,all,macro_ap,absolute,101,3,0.7846825674119421
resnet,bandpass,20,covariance,all,macro_ap,absolute,202,3,0.7840331143625224
resnet,bandpass,20,covariance,all,macro_ap,absolute,303,3,0.7841550203243474
resnet,bandpass,20,covariance,all,macro_ap,absolute,404,3,0.7841778104959668
resnet,bandpass,20,covariance,all,macro_ap,absolute,505,3,0.7840497746300653
resnet,bandpass,20,covariance,all,macro_ap,clean_drop,101,3,0.0013863738063910243
resnet,bandpass,20,covariance,all,macro_ap,clean_drop,202,3,0.0020358268558107926
resnet,bandpass,20,covariance,all,macro_ap,clean_drop,303,3,0.0019139208939858616
resnet,bandpass,20,covariance,all,macro_ap,clean_drop,404,3,0.001891130722366315
resnet,bandpass,20,covariance,all,macro_ap,clean_drop,505,3,0.002019166588267914
resnet,bandpass,20,covariance,all,macro_ap,normalized_robustness,101,3,0.9982354587286281
resnet,bandpass,20,covariance,all,macro_ap,normalized_robustness,202,3,0.9974088430758559
resnet,bandpass,20,covariance,all,macro_ap,normalized_robustness,303,3,0.9975597208368413
resnet,bandpass,20,covariance,all,macro_ap,normalized_robustness,404,3,0.9975911413675602
resnet,bandpass,20,covariance,all,macro_ap,normalized_robustness,505,3,0.9974308836129179
resnet,bandpass,20,covariance,all,macro_auroc,absolute,101,3,0.9067898784198309
resnet,bandpass,20,covariance,all,macro_auroc,absolute,202,3,0.9064114588905894
resnet,bandpass,20,covariance,all,macro_auroc,absolute,303,3,0.9067019501007914
resnet,bandpass,20,covariance,all,macro_auroc,absolute,404,3,0.9063923659976724
resnet,bandpass,20,covariance,all,macro_auroc,absolute,505,3,0.906355403066764
resnet,bandpass,20,covariance,all,macro_auroc,clean_drop,101,3,0.00104481000220491
resnet,bandpass,20,covariance,all,macro_auroc,clean_drop,202,3,0.0014232295314464312
resnet,bandpass,20,covariance,all,macro_auroc,clean_drop,303,3,0.0011327383212444235
resnet,bandpass,20,covariance,all,macro_auroc,clean_drop,404,3,0.0014423224243634847
resnet,bandpass,20,covariance,all,macro_auroc,clean_drop,505,3,0.0014792853552718643
resnet,bandpass,20,covariance,all,macro_auroc,normalized_robustness,101,3,0.9988487251327219
resnet,bandpass,20,covariance,all,macro_auroc,normalized_robustness,202,3,0.99843210064819
resnet,bandpass,20,covariance,all,macro_auroc,normalized_robustness,303,3,0.9987519457201488
resnet,bandpass,20,covariance,all,macro_auroc,normalized_robustness,404,3,0.998411127668703
resnet,bandpass,20,covariance,all,macro_auroc,normalized_robustness,505,3,0.9983701684331323
resnet,bandpass,20,covariance,all,macro_f1,absolute,101,3,0.7152889566429682
resnet,bandpass,20,covariance,all,macro_f1,absolute,202,3,0.7136605900629253
resnet,bandpass,20,covariance,all,macro_f1,absolute,303,3,0.7170260952292625
resnet,bandpass,20,covariance,all,macro_f1,absolute,404,3,0.7143707049101762
resnet,bandpass,20,covariance,all,macro_f1,absolute,505,3,0.7161859444479343
resnet,bandpass,20,covariance,all,macro_f1,clean_drop,101,3,0.0024468738828017
resnet,bandpass,20,covariance,all,macro_f1,clean_drop,202,3,0.004075240462844539
resnet,bandpass,20,covariance,all,macro_f1,clean_drop,303,3,0.0007097352965073448
resnet,bandpass,20,covariance,all,macro_f1,clean_drop,404,3,0.003365125615593767
resnet,bandpass,20,covariance,all,macro_f1,clean_drop,505,3,0.0015498860778355716
resnet,bandpass,20,covariance,all,macro_f1,normalized_robustness,101,3,0.996591031588144
resnet,bandpass,20,covariance,all,macro_f1,normalized_robustness,202,3,0.9943146296543052
resnet,bandpass,20,covariance,all,macro_f1,normalized_robustness,303,3,0.9990157974651473
resnet,bandpass,20,covariance,all,macro_f1,normalized_robustness,404,3,0.9953091733779212
resnet,bandpass,20,covariance,all,macro_f1,normalized_robustness,505,3,0.9978313999725552
resnet,bandpass,20,covariance,all,mean_confidence,absolute,101,3,0.883078396320343
resnet,bandpass,20,covariance,all,mean_confidence,absolute,202,3,0.8830458124478658
resnet,bandpass,20,covariance,all,mean_confidence,absolute,303,3,0.8830708265304565
resnet,bandpass,20,covariance,all,mean_confidence,absolute,404,3,0.8832600911458334
resnet,bandpass,20,covariance,all,mean_confidence,absolute,505,3,0.8832104404767355
resnet,bandpass,20,covariance,all,mean_entropy,absolute,101,3,0.27653178023921604
resnet,bandpass,20,covariance,all,mean_entropy,absolute,202,3,0.2764506375585115
resnet,bandpass,20,covariance,all,mean_entropy,absolute,303,3,0.2765323004384016
resnet,bandpass,20,covariance,all,mean_entropy,absolute,404,3,0.2763627204780587
resnet,bandpass,20,covariance,all,mean_entropy,absolute,505,3,0.27630564669628965
resnet,bandpass,20,covariance,all,mean_loss,absolute,101,3,0.3156741813456779
resnet,bandpass,20,covariance,all,mean_loss,absolute,202,3,0.31626367834996044
resnet,bandpass,20,covariance,all,mean_loss,absolute,303,3,0.31591893247285247
resnet,bandpass,20,covariance,all,mean_loss,absolute,404,3,0.3161434892124833
resnet,bandpass,20,covariance,all,mean_loss,absolute,505,3,0.3162988499613508
resnet,bandpass,20,covariance,all,micro_ap,absolute,101,3,0.8151858212651876
resnet,bandpass,20,covariance,all,micro_ap,absolute,202,3,0.8146731103907103
resnet,bandpass,20,covariance,all,micro_ap,absolute,303,3,0.8148840825887843
resnet,bandpass,20,covariance,all,micro_ap,absolute,404,3,0.8148155511611389
resnet,bandpass,20,covariance,all,micro_ap,absolute,505,3,0.8147185306516308
resnet,bandpass,20,covariance,all,micro_auroc,absolute,101,3,0.9152797989373179
resnet,bandpass,20,covariance,all,micro_auroc,absolute,202,3,0.9149762518232233
resnet,bandpass,20,covariance,all,micro_auroc,absolute,303,3,0.9152037964720406
resnet,bandpass,20,covariance,all,micro_auroc,absolute,404,3,0.9150393794723751
resnet,bandpass,20,covariance,all,micro_auroc,absolute,505,3,0.914963891999743
resnet,bandpass,20,covariance,all,micro_f1,absolute,101,3,0.7469702240060748
resnet,bandpass,20,covariance,all,micro_f1,absolute,202,3,0.7459684431741263
resnet,bandpass,20,covariance,all,micro_f1,absolute,303,3,0.7485822713490343
resnet,bandpass,20,covariance,all,micro_f1,absolute,404,3,0.7461292161882501
resnet,bandpass,20,covariance,all,micro_f1,absolute,505,3,0.7473586001133047
resnet,bandpass,20,covariance,all,probability_shift,absolute,101,3,0.013660824857652134
resnet,bandpass,20,covariance,all,probability_shift,absolute,202,3,0.0136893239493171
resnet,bandpass,20,covariance,all,probability_shift,absolute,303,3,0.0136681891356905
resnet,bandpass,20,covariance,all,probability_shift,absolute,404,3,0.013729475438594768
resnet,bandpass,20,covariance,all,probability_shift,absolute,505,3,0.0136378534759084
resnet,bandpass,20,electrode,all,ap_CD,absolute,101,3,0.8056223012014413
resnet,bandpass,20,electrode,all,ap_CD,absolute,202,3,0.8059629208390248
resnet,bandpass,20,electrode,all,ap_CD,absolute,303,3,0.8048862106571845
resnet,bandpass,20,electrode,all,ap_CD,absolute,404,3,0.8064645695061251
resnet,bandpass,20,electrode,all,ap_CD,absolute,505,3,0.8068963684056191
resnet,bandpass,20,electrode,all,ap_CD,clean_drop,101,3,0.0009665814339732867
resnet,bandpass,20,electrode,all,ap_CD,clean_drop,202,3,0.0006259617963898881
resnet,bandpass,20,electrode,all,ap_CD,clean_drop,303,3,0.0017026719782301154
resnet,bandpass,20,electrode,all,ap_CD,clean_drop,404,3,0.00012431312928943652
resnet,bandpass,20,electrode,all,ap_CD,clean_drop,505,3,-0.00030748577020448903
resnet,bandpass,20,electrode,all,ap_CD,normalized_robustness,101,3,0.9988090155796567
resnet,bandpass,20,electrode,all,ap_CD,normalized_robustness,202,3,0.9992394431587379
resnet,bandpass,20,electrode,all,ap_CD,normalized_robustness,303,3,0.9978960006823963
resnet,bandpass,20,electrode,all,ap_CD,normalized_robustness,404,3,0.9998672090080355
resnet,bandpass,20,electrode,all,ap_CD,normalized_robustness,505,3,1.0004036033020651
resnet,bandpass,20,electrode,all,ap_HYP,absolute,101,3,0.6397019412342039
resnet,bandpass,20,electrode,all,ap_HYP,absolute,202,3,0.6392733371647205
resnet,bandpass,20,electrode,all,ap_HYP,absolute,303,3,0.6380161149585425
resnet,bandpass,20,electrode,all,ap_HYP,absolute,404,3,0.6397977117448245
resnet,bandpass,20,electrode,all,ap_HYP,absolute,505,3,0.6401402873860579
resnet,bandpass,20,electrode,all,ap_HYP,clean_drop,101,3,0.0018999997471206658
resnet,bandpass,20,electrode,all,ap_HYP,clean_drop,202,3,0.0023286038166039726
resnet,bandpass,20,electrode,all,ap_HYP,clean_drop,303,3,0.003585826022781976
resnet,bandpass,20,electrode,all,ap_HYP,clean_drop,404,3,0.0018042292365000694
resnet,bandpass,20,electrode,all,ap_HYP,clean_drop,505,3,0.001461653595266621
resnet,bandpass,20,electrode,all,ap_HYP,normalized_robustness,101,3,0.997034789575236
resnet,bandpass,20,electrode,all,ap_HYP,normalized_robustness,202,3,0.9963660106882456
resnet,bandpass,20,electrode,all,ap_HYP,normalized_robustness,303,3,0.9943920673910127
resnet,bandpass,20,electrode,all,ap_HYP,normalized_robustness,404,3,0.9971299926856977
resnet,bandpass,20,electrode,all,ap_HYP,normalized_robustness,505,3,0.9977046784273306
resnet,bandpass,20,electrode,all,ap_MI,absolute,101,3,0.7601951164607094
resnet,bandpass,20,electrode,all,ap_MI,absolute,202,3,0.7618477754957081
resnet,bandpass,20,electrode,all,ap_MI,absolute,303,3,0.7589721038494637
resnet,bandpass,20,electrode,all,ap_MI,absolute,404,3,0.7607093071570219
resnet,bandpass,20,electrode,all,ap_MI,absolute,505,3,0.7623541356360889
resnet,bandpass,20,electrode,all,ap_MI,clean_drop,101,3,0.0029149324043190594
resnet,bandpass,20,electrode,all,ap_MI,clean_drop,202,3,0.00126227336932024
resnet,bandpass,20,electrode,all,ap_MI,clean_drop,303,3,0.004137945015564785
resnet,bandpass,20,electrode,all,ap_MI,clean_drop,404,3,0.002400741708006563
resnet,bandpass,20,electrode,all,ap_MI,clean_drop,505,3,0.0007559132289394199
resnet,bandpass,20,electrode,all,ap_MI,normalized_robustness,101,3,0.996151910887969
resnet,bandpass,20,electrode,all,ap_MI,normalized_robustness,202,3,0.9983340195096252
resnet,bandpass,20,electrode,all,ap_MI,normalized_robustness,303,3,0.994556738723252
resnet,bandpass,20,electrode,all,ap_MI,normalized_robustness,404,3,0.996842717975949
resnet,bandpass,20,electrode,all,ap_MI,normalized_robustness,505,3,0.9990183747934059
resnet,bandpass,20,electrode,all,ap_NORM,absolute,101,3,0.9051507061231222
resnet,bandpass,20,electrode,all,ap_NORM,absolute,202,3,0.9045576578872225
resnet,bandpass,20,electrode,all,ap_NORM,absolute,303,3,0.9032421945618729
resnet,bandpass,20,electrode,all,ap_NORM,absolute,404,3,0.9038281174262893
resnet,bandpass,20,electrode,all,ap_NORM,absolute,505,3,0.9048595021011391
resnet,bandpass,20,electrode,all,ap_NORM,clean_drop,101,3,0.0019095155745243082
resnet,bandpass,20,electrode,all,ap_NORM,clean_drop,202,3,0.002502563810423908
resnet,bandpass,20,electrode,all,ap_NORM,clean_drop,303,3,0.0038180271357734683
resnet,bandpass,20,electrode,all,ap_NORM,clean_drop,404,3,0.003232104271357302
resnet,bandpass,20,electrode,all,ap_NORM,clean_drop,505,3,0.002200719596507361
resnet,bandpass,20,electrode,all,ap_NORM,normalized_robustness,101,3,0.9978919610738965
resnet,bandpass,20,electrode,all,ap_NORM,normalized_robustness,202,3,0.9972421432267069
resnet,bandpass,20,electrode,all,ap_NORM,normalized_robustness,303,3,0.9957889851395021
resnet,bandpass,20,electrode,all,ap_NORM,normalized_robustness,404,3,0.9964328607265812
resnet,bandpass,20,electrode,all,ap_NORM,normalized_robustness,505,3,0.9975739755525167
resnet,bandpass,20,electrode,all,ap_STTC,absolute,101,3,0.8097449514350404
resnet,bandpass,20,electrode,all,ap_STTC,absolute,202,3,0.8087685893396115
resnet,bandpass,20,electrode,all,ap_STTC,absolute,303,3,0.8091355948996126
resnet,bandpass,20,electrode,all,ap_STTC,absolute,404,3,0.8092885219011677
resnet,bandpass,20,electrode,all,ap_STTC,absolute,505,3,0.8104630062547565
resnet,bandpass,20,electrode,all,ap_STTC,clean_drop,101,3,0.0022386604772110332
resnet,bandpass,20,electrode,all,ap_STTC,clean_drop,202,3,0.0032150225726399104
resnet,bandpass,20,electrode,all,ap_STTC,clean_drop,303,3,0.0028480170126388518
resnet,bandpass,20,electrode,all,ap_STTC,clean_drop,404,3,0.0026950900110836637
resnet,bandpass,20,electrode,all,ap_STTC,clean_drop,505,3,0.0015206056574949371
resnet,bandpass,20,electrode,all,ap_STTC,normalized_robustness,101,3,0.9972408216015567
resnet,bandpass,20,electrode,all,ap_STTC,normalized_robustness,202,3,0.9960450477588699
resnet,bandpass,20,electrode,all,ap_STTC,normalized_robustness,303,3,0.996475543671299
resnet,bandpass,20,electrode,all,ap_STTC,normalized_robustness,404,3,0.9966636627658875
resnet,bandpass,20,electrode,all,ap_STTC,normalized_robustness,505,3,0.9981091720446859
resnet,bandpass,20,electrode,all,auroc_CD,absolute,101,3,0.8974337823324663
resnet,bandpass,20,electrode,all,auroc_CD,absolute,202,3,0.8972991311155104
resnet,bandpass,20,electrode,all,auroc_CD,absolute,303,3,0.8971204048755871
resnet,bandpass,20,electrode,all,auroc_CD,absolute,404,3,0.8981054209852101
resnet,bandpass,20,electrode,all,auroc_CD,absolute,505,3,0.8978061960586418
resnet,bandpass,20,electrode,all,auroc_CD,clean_drop,101,3,0.0008151857458950085
resnet,bandpass,20,electrode,all,auroc_CD,clean_drop,202,3,0.0009498369628507438
resnet,bandpass,20,electrode,all,auroc_CD,clean_drop,303,3,0.0011285632027742132
resnet,bandpass,20,electrode,all,auroc_CD,clean_drop,404,3,0.00014354709315111958
resnet,bandpass,20,electrode,all,auroc_CD,clean_drop,505,3,0.0004427720197196505
resnet,bandpass,20,electrode,all,auroc_CD,normalized_robustness,101,3,0.999095196658817
resnet,bandpass,20,electrode,all,auroc_CD,normalized_robustness,202,3,0.9989464838803266
resnet,bandpass,20,electrode,all,auroc_CD,normalized_robustness,303,3,0.9987466031360418
resnet,bandpass,20,electrode,all,auroc_CD,normalized_robustness,404,3,0.999846673697823
resnet,bandpass,20,electrode,all,auroc_CD,normalized_robustness,505,3,0.999514120852441
resnet,bandpass,20,electrode,all,auroc_HYP,absolute,101,3,0.8916602248204337
resnet,bandpass,20,electrode,all,auroc_HYP,absolute,202,3,0.8920071450811137
resnet,bandpass,20,electrode,all,auroc_HYP,absolute,303,3,0.891571649434728
resnet,bandpass,20,electrode,all,auroc_HYP,absolute,404,3,0.8918762950795031
resnet,bandpass,20,electrode,all,auroc_HYP,absolute,505,3,0.8922178471349889
resnet,bandpass,20,electrode,all,auroc_HYP,clean_drop,101,3,0.001189057450531883
resnet,bandpass,20,electrode,all,auroc_HYP,clean_drop,202,3,0.0008421371898518956
resnet,bandpass,20,electrode,all,auroc_HYP,clean_drop,303,3,0.0012776328362376077
resnet,bandpass,20,electrode,all,auroc_HYP,clean_drop,404,3,0.0009729871914624377
resnet,bandpass,20,electrode,all,auroc_HYP,clean_drop,505,3,0.0006314351359766324
resnet,bandpass,20,electrode,all,auroc_HYP,normalized_robustness,101,3,0.9986669274748131
resnet,bandpass,20,electrode,all,auroc_HYP,normalized_robustness,202,3,0.99905696090566
resnet,bandpass,20,electrode,all,auroc_HYP,normalized_robustness,303,3,0.9985692401152436
resnet,bandpass,20,electrode,all,auroc_HYP,normalized_robustness,404,3,0.9989091350094204
resnet,bandpass,20,electrode,all,auroc_HYP,normalized_robustness,505,3,0.9992933128703455
resnet,bandpass,20,electrode,all,auroc_MI,absolute,101,3,0.8888885119855269
resnet,bandpass,20,electrode,all,auroc_MI,absolute,202,3,0.8895333936378712
resnet,bandpass,20,electrode,all,auroc_MI,absolute,303,3,0.8880348258706467
resnet,bandpass,20,electrode,all,auroc_MI,absolute,404,3,0.8887385044474597
resnet,bandpass,20,electrode,all,auroc_MI,absolute,505,3,0.8891625207296849
resnet,bandpass,20,electrode,all,auroc_MI,clean_drop,101,3,0.0015260817126489707
resnet,bandpass,20,electrode,all,auroc_MI,clean_drop,202,3,0.0008812000603046396
resnet,bandpass,20,electrode,all,auroc_MI,clean_drop,303,3,0.0023797678275290592
resnet,bandpass,20,electrode,all,auroc_MI,clean_drop,404,3,0.0016760892507161989
resnet,bandpass,20,electrode,all,auroc_MI,clean_drop,505,3,0.00125207296849091
resnet,bandpass,20,electrode,all,auroc_MI,normalized_robustness,101,3,0.9982823073554444
resnet,bandpass,20,electrode,all,auroc_MI,normalized_robustness,202,3,0.9990126606573866
resnet,bandpass,20,electrode,all,auroc_MI,normalized_robustness,303,3,0.9973222554668331
resnet,bandpass,20,electrode,all,auroc_MI,normalized_robustness,404,3,0.9981115101168734
resnet,bandpass,20,electrode,all,auroc_MI,normalized_robustness,505,3,0.9985935783402574
resnet,bandpass,20,electrode,all,auroc_NORM,absolute,101,3,0.9323590708371531
resnet,bandpass,20,electrode,all,auroc_NORM,absolute,202,3,0.9320809997813088
resnet,bandpass,20,electrode,all,auroc_NORM,absolute,303,3,0.931565554527272
resnet,bandpass,20,electrode,all,auroc_NORM,absolute,404,3,0.9316498448160749
resnet,bandpass,20,electrode,all,auroc_NORM,absolute,505,3,0.9324674026859926
resnet,bandpass,20,electrode,all,auroc_NORM,clean_drop,101,3,0.00121438843919582
resnet,bandpass,20,electrode,all,auroc_NORM,clean_drop,202,3,0.001492459495040288
resnet,bandpass,20,electrode,all,auroc_NORM,clean_drop,303,3,0.002007904749076935
resnet,bandpass,20,electrode,all,auroc_NORM,clean_drop,404,3,0.0019236144602740035
resnet,bandpass,20,electrode,all,auroc_NORM,clean_drop,505,3,0.0011060565903562674
resnet,bandpass,20,electrode,all,auroc_NORM,normalized_robustness,101,3,0.998698964326053
resnet,bandpass,20,electrode,all,auroc_NORM,normalized_robustness,202,3,0.998401682229916
resnet,bandpass,20,electrode,all,auroc_NORM,normalized_robustness,303,3,0.9978489468692754
resnet,bandpass,20,electrode,all,auroc_NORM,normalized_robustness,404,3,0.9979390041603593
resnet,bandpass,20,electrode,all,auroc_NORM,normalized_robustness,505,3,0.9988150104067528
resnet,bandpass,20,electrode,all,auroc_STTC,absolute,101,3,0.9229849868933816
resnet,bandpass,20,electrode,all,auroc_STTC,absolute,202,3,0.9224042075625598
resnet,bandpass,20,electrode,all,auroc_STTC,absolute,303,3,0.9223428466238391
resnet,bandpass,20,electrode,all,auroc_STTC,absolute,404,3,0.9224049892305691
resnet,bandpass,20,electrode,all,auroc_STTC,absolute,505,3,0.9230737062124238
resnet,bandpass,20,electrode,all,auroc_STTC,clean_drop,101,3,0.0011021518929459722
resnet,bandpass,20,electrode,all,auroc_STTC,clean_drop,202,3,0.0016829312237676881
resnet,bandpass,20,electrode,all,auroc_STTC,clean_drop,303,3,0.0017442921624883183
resnet,bandpass,20,electrode,all,auroc_STTC,clean_drop,404,3,0.0016821495557584425
resnet,bandpass,20,electrode,all,auroc_STTC,clean_drop,505,3,0.0010134325739037757
resnet,bandpass,20,electrode,all,auroc_STTC,normalized_robustness,101,3,0.9988081605596567
resnet,bandpass,20,electrode,all,auroc_STTC,normalized_robustness,202,3,0.9981798899464792
resnet,bandpass,20,electrode,all,auroc_STTC,normalized_robustness,303,3,0.998109962243487
resnet,bandpass,20,electrode,all,auroc_STTC,normalized_robustness,404,3,0.9981781822705722
resnet,bandpass,20,electrode,all,auroc_STTC,normalized_robustness,505,3,0.9989017441071809
resnet,bandpass,20,electrode,all,brier,absolute,101,3,0.09700197974840796
resnet,bandpass,20,electrode,all,brier,absolute,202,3,0.09706373264392214
resnet,bandpass,20,electrode,all,brier,absolute,303,3,0.0972715988755226
resnet,bandpass,20,electrode,all,brier,absolute,404,3,0.09714292983214057
resnet,bandpass,20,electrode,all,brier,absolute,505,3,0.09673750648895892
resnet,bandpass,20,electrode,all,clean_agreement,absolute,101,3,0.9847389558232932
resnet,bandpass,20,electrode,all,clean_agreement,absolute,202,3,0.9863144887241274
resnet,bandpass,20,electrode,all,clean_agreement,absolute,303,3,0.9860055607043559
resnet,bandpass,20,electrode,all,clean_agreement,absolute,404,3,0.9847389558232932
resnet,bandpass,20,electrode,all,clean_agreement,absolute,505,3,0.9853259190608589
resnet,bandpass,20,electrode,all,ece,absolute,101,3,0.046394111785046765
resnet,bandpass,20,electrode,all,ece,absolute,202,3,0.0461953479046871
resnet,bandpass,20,electrode,all,ece,absolute,303,3,0.047446020229601295
resnet,bandpass,20,electrode,all,ece,absolute,404,3,0.04643546729804621
resnet,bandpass,20,electrode,all,ece,absolute,505,3,0.04605305641771604
resnet,bandpass,20,electrode,all,f1_CD,absolute,101,3,0.708367193818391
resnet,bandpass,20,electrode,all,f1_CD,absolute,202,3,0.7107485874687237
resnet,bandpass,20,electrode,all,f1_CD,absolute,303,3,0.7078588693444009
resnet,bandpass,20,electrode,all,f1_CD,absolute,404,3,0.7159744602791127
resnet,bandpass,20,electrode,all,f1_CD,absolute,505,3,0.7127604925930554
resnet,bandpass,20,electrode,all,f1_CD,clean_drop,101,3,0.0005359097564489786
resnet,bandpass,20,electrode,all,f1_CD,clean_drop,202,3,-0.001845483893883985
resnet,bandpass,20,electrode,all,f1_CD,clean_drop,303,3,0.0010442342304389045
resnet,bandpass,20,electrode,all,f1_CD,clean_drop,404,3,-0.007071356704272946
resnet,bandpass,20,electrode,all,f1_CD,clean_drop,505,3,-0.003857389018215529
resnet,bandpass,20,electrode,all,f1_CD,normalized_robustness,101,3,0.9992252797735318
resnet,bandpass,20,electrode,all,f1_CD,normalized_robustness,202,3,1.0025844701499789
resnet,bandpass,20,electrode,all,f1_CD,normalized_robustness,303,3,0.9985096534791355
resnet,bandpass,20,electrode,all,f1_CD,normalized_robustness,404,3,1.0099376650718492
resnet,bandpass,20,electrode,all,f1_CD,normalized_robustness,505,3,1.0054275746326906
resnet,bandpass,20,electrode,all,f1_HYP,absolute,101,3,0.5990331765395086
resnet,bandpass,20,electrode,all,f1_HYP,absolute,202,3,0.59828554454741
resnet,bandpass,20,electrode,all,f1_HYP,absolute,303,3,0.5980349883319649
resnet,bandpass,20,electrode,all,f1_HYP,absolute,404,3,0.5943845878726477
resnet,bandpass,20,electrode,all,f1_HYP,absolute,505,3,0.6032283233519674
resnet,bandpass,20,electrode,all,f1_HYP,clean_drop,101,3,0.002526030610610741
resnet,bandpass,20,electrode,all,f1_HYP,clean_drop,202,3,0.0032736626027093374
resnet,bandpass,20,electrode,all,f1_HYP,clean_drop,303,3,0.0035242188181544196
resnet,bandpass,20,electrode,all,f1_HYP,clean_drop,404,3,0.007174619277471724
resnet,bandpass,20,electrode,all,f1_HYP,clean_drop,505,3,-0.0016691162018479904
resnet,bandpass,20,electrode,all,f1_HYP,normalized_robustness,101,3,0.9967124743143706
resnet,bandpass,20,electrode,all,f1_HYP,normalized_robustness,202,3,0.9946966552225357
resnet,bandpass,20,electrode,all,f1_HYP,normalized_robustness,303,3,0.994407122715522
resnet,bandpass,20,electrode,all,f1_HYP,normalized_robustness,404,3,0.9881877935865789
resnet,bandpass,20,electrode,all,f1_HYP,normalized_robustness,505,3,1.00348781020681
resnet,bandpass,20,electrode,all,f1_MI,absolute,101,3,0.6808156064304495
resnet,bandpass,20,electrode,all,f1_MI,absolute,202,3,0.6855834186259174
resnet,bandpass,20,electrode,all,f1_MI,absolute,303,3,0.6795791191068984
resnet,bandpass,20,electrode,all,f1_MI,absolute,404,3,0.6837888858037133
resnet,bandpass,20,electrode,all,f1_MI,absolute,505,3,0.6868936458178162
resnet,bandpass,20,electrode,all,f1_MI,clean_drop,101,3,0.004013376025305382
resnet,bandpass,20,electrode,all,f1_MI,clean_drop,202,3,-0.0007544361701624277
resnet,bandpass,20,electrode,all,f1_MI,clean_drop,303,3,0.005249863348856576
resnet,bandpass,20,electrode,all,f1_MI,clean_drop,404,3,0.0010400966520416333
resnet,bandpass,20,electrode,all,f1_MI,clean_drop,505,3,-0.0020646633620611996
resnet,bandpass,20,electrode,all,f1_MI,normalized_robustness,101,3,0.9941851062900783
resnet,bandpass,20,electrode,all,f1_MI,normalized_robustness,202,3,1.0012128309265496
resnet,bandpass,20,electrode,all,f1_MI,normalized_robustness,303,3,0.9923804854953379
resnet,bandpass,20,electrode,all,f1_MI,normalized_robustness,404,3,0.9984184521341356
resnet,bandpass,20,electrode,all,f1_MI,normalized_robustness,505,3,1.0029444784825776
resnet,bandpass,20,electrode,all,f1_NORM,absolute,101,3,0.8440377825308313
resnet,bandpass,20,electrode,all,f1_NORM,absolute,202,3,0.8439485495527728
resnet,bandpass,20,electrode,all,f1_NORM,absolute,303,3,0.8420136594077144
resnet,bandpass,20,electrode,all,f1_NORM,absolute,404,3,0.8435399122036452
resnet,bandpass,20,electrode,all,f1_NORM,absolute,505,3,0.8452181560714291
resnet,bandpass,20,electrode,all,f1_NORM,clean_drop,101,3,0.0027949638714991343
resnet,bandpass,20,electrode,all,f1_NORM,clean_drop,202,3,0.002884196849557652
resnet,bandpass,20,electrode,all,f1_NORM,clean_drop,303,3,0.004819086994615751
resnet,bandpass,20,electrode,all,f1_NORM,clean_drop,404,3,0.0032928341986851275
resnet,bandpass,20,electrode,all,f1_NORM,clean_drop,505,3,0.0016145903309012406
resnet,bandpass,20,electrode,all,f1_NORM,normalized_robustness,101,3,0.9967003322510518
resnet,bandpass,20,electrode,all,f1_NORM,normalized_robustness,202,3,0.996597205088069
resnet,bandpass,20,electrode,all,f1_NORM,normalized_robustness,303,3,0.9943154694478276
resnet,bandpass,20,electrode,all,f1_NORM,normalized_robustness,404,3,0.9961148049439746
resnet,bandpass,20,electrode,all,f1_NORM,normalized_robustness,505,3,0.9980986788157966
resnet,bandpass,20,electrode,all,f1_STTC,absolute,101,3,0.7451277389631562
resnet,bandpass,20,electrode,all,f1_STTC,absolute,202,3,0.738557888422875
resnet,bandpass,20,electrode,all,f1_STTC,absolute,303,3,0.7432567641633273
resnet,bandpass,20,electrode,all,f1_STTC,absolute,404,3,0.7378270146973643
resnet,bandpass,20,electrode,all,f1_STTC,absolute,505,3,0.7411503541913738
resnet,bandpass,20,electrode,all,f1_STTC,clean_drop,101,3,0.0014273740826486654
resnet,bandpass,20,electrode,all,f1_STTC,clean_drop,202,3,0.007997224622929955
resnet,bandpass,20,electrode,all,f1_STTC,clean_drop,303,3,0.0032983488824775606
resnet,bandpass,20,electrode,all,f1_STTC,clean_drop,404,3,0.008728098348440646
resnet,bandpass,20,electrode,all,f1_STTC,clean_drop,505,3,0.0054047588544311465
resnet,bandpass,20,electrode,all,f1_STTC,normalized_robustness,101,3,0.9981543989338376
resnet,bandpass,20,electrode,all,f1_STTC,normalized_robustness,202,3,0.9893375860944776
resnet,bandpass,20,electrode,all,f1_STTC,normalized_robustness,303,3,0.9955861450458444
resnet,bandpass,20,electrode,all,f1_STTC,normalized_robustness,404,3,0.988357367474054
resnet,bandpass,20,electrode,all,f1_STTC,normalized_robustness,505,3,0.9928624994530578
resnet,bandpass,20,electrode,all,macro_ap,absolute,101,3,0.7840830032909034
resnet,bandpass,20,electrode,all,macro_ap,absolute,202,3,0.7840820561452575
resnet,bandpass,20,electrode,all,macro_ap,absolute,303,3,0.7828504437853353
resnet,bandpass,20,electrode,all,macro_ap,absolute,404,3,0.7840176455470856
resnet,bandpass,20,electrode,all,macro_ap,absolute,505,3,0.7849426599567324
resnet,bandpass,20,electrode,all,macro_ap,clean_drop,101,3,0.001985937927429774
resnet,bandpass,20,electrode,all,macro_ap,clean_drop,202,3,0.0019868850730756873
resnet,bandpass,20,electrode,all,macro_ap,clean_drop,303,3,0.0032184974329978466
resnet,bandpass,20,electrode,all,macro_ap,clean_drop,404,3,0.0020512956712474737
resnet,bandpass,20,electrode,all,macro_ap,clean_drop,505,3,0.0011262812616008218
resnet,bandpass,20,electrode,all,macro_ap,normalized_robustness,101,3,0.997472580804701
resnet,bandpass,20,electrode,all,macro_ap,normalized_robustness,202,3,0.9974692818542925
resnet,bandpass,20,electrode,all,macro_ap,normalized_robustness,303,3,0.9959017937832254
resnet,bandpass,20,electrode,all,macro_ap,normalized_robustness,404,3,0.9973832310445672
resnet,bandpass,20,electrode,all,macro_ap,normalized_robustness,505,3,0.9985630642457838
resnet,bandpass,20,electrode,all,macro_auroc,absolute,101,3,0.9066653153737922
resnet,bandpass,20,electrode,all,macro_auroc,absolute,202,3,0.9066649754356728
resnet,bandpass,20,electrode,all,macro_auroc,absolute,303,3,0.9061270562664147
resnet,bandpass,20,electrode,all,macro_auroc,absolute,404,3,0.9065550109117634
resnet,bandpass,20,electrode,all,macro_auroc,absolute,505,3,0.9069455345643463
resnet,bandpass,20,electrode,all,macro_auroc,clean_drop,101,3,0.0011693730482436049
resnet,bandpass,20,electrode,all,macro_auroc,clean_drop,202,3,0.0011697129863631102
resnet,bandpass,20,electrode,all,macro_auroc,clean_drop,303,3,0.001707632155621271
resnet,bandpass,20,electrode,all,macro_auroc,clean_drop,404,3,0.001279677510272581
resnet,bandpass,20,electrode,all,macro_auroc,clean_drop,505,3,0.0008891538576895434
resnet,bandpass,20,electrode,all,macro_auroc,normalized_robustness,101,3,0.998711851794071
resnet,bandpass,20,electrode,all,macro_auroc,normalized_robustness,202,3,0.9987113987063451
resnet,bandpass,20,electrode,all,macro_auroc,normalized_robustness,303,3,0.9981185375319034
resnet,bandpass,20,electrode,all,macro_auroc,normalized_robustness,404,3,0.9985896262903159
resnet,bandpass,20,electrode,all,macro_auroc,normalized_robustness,505,3,0.9990201217747225
resnet,bandpass,20,electrode,all,macro_f1,absolute,101,3,0.7154762996564671
resnet,bandpass,20,electrode,all,macro_f1,absolute,202,3,0.7154247977235398
resnet,bandpass,20,electrode,all,macro_f1,absolute,303,3,0.7141486800708612
resnet,bandpass,20,electrode,all,macro_f1,absolute,404,3,0.7151029721712966
resnet,bandpass,20,electrode,all,macro_f1,absolute,505,3,0.7178501944051284
resnet,bandpass,20,electrode,all,macro_f1,clean_drop,101,3,0.0022595308693026395
resnet,bandpass,20,electrode,all,macro_f1,clean_drop,202,3,0.0023110328022301063
resnet,bandpass,20,electrode,all,macro_f1,clean_drop,303,3,0.0035871504549086497
resnet,bandpass,20,electrode,all,macro_f1,clean_drop,404,3,0.0026328583544732074
resnet,bandpass,20,electrode,all,macro_f1,clean_drop,505,3,-0.00011436387935848114
resnet,bandpass,20,electrode,all,macro_f1,normalized_robustness,101,3,0.9968685642222064
resnet,bandpass,20,electrode,all,macro_f1,normalized_robustness,202,3,0.996772305733161
resnet,bandpass,20,electrode,all,macro_f1,normalized_robustness,303,3,0.9949991128986181
resnet,bandpass,20,electrode,all,macro_f1,normalized_robustness,404,3,0.9963267574870374
resnet,bandpass,20,electrode,all,macro_f1,normalized_robustness,505,3,1.000166830252594
resnet,bandpass,20,electrode,all,mean_confidence,absolute,101,3,0.8832816680272421
resnet,bandpass,20,electrode,all,mean_confidence,absolute,202,3,0.8831315835316976
resnet,bandpass,20,electrode,all,mean_confidence,absolute,303,3,0.8832414547602335
resnet,bandpass,20,electrode,all,mean_confidence,absolute,404,3,0.8832427461942037
resnet,bandpass,20,electrode,all,mean_confidence,absolute,505,3,0.8829798102378845
resnet,bandpass,20,electrode,all,mean_entropy,absolute,101,3,0.2763310852662651
resnet,bandpass,20,electrode,all,mean_entropy,absolute,202,3,0.2764988500276453
resnet,bandpass,20,electrode,all,mean_entropy,absolute,303,3,0.2764125049840909
resnet,bandpass,20,electrode,all,mean_entropy,absolute,404,3,0.2763578725077463
resnet,bandpass,20,electrode,all,mean_entropy,absolute,505,3,0.27681554545536985
resnet,bandpass,20,electrode,all,mean_loss,absolute,101,3,0.315926868528208
resnet,bandpass,20,electrode,all,mean_loss,absolute,202,3,0.3160822046300152
resnet,bandpass,20,electrode,all,mean_loss,absolute,303,3,0.3170378269819389
resnet,bandpass,20,electrode,all,mean_loss,absolute,404,3,0.3163251669874306
resnet,bandpass,20,electrode,all,mean_loss,absolute,505,3,0.315280668059841
resnet,bandpass,20,electrode,all,micro_ap,absolute,101,3,0.8149474766302006
resnet,bandpass,20,electrode,all,micro_ap,absolute,202,3,0.8147640704110221
resnet,bandpass,20,electrode,all,micro_ap,absolute,303,3,0.8137423420360568
resnet,bandpass,20,electrode,all,micro_ap,absolute,404,3,0.8144224081939662
resnet,bandpass,20,electrode,all,micro_ap,absolute,505,3,0.8156477192649718
resnet,bandpass,20,electrode,all,micro_auroc,absolute,101,3,0.9151948176872299
resnet,bandpass,20,electrode,all,micro_auroc,absolute,202,3,0.915097081039601
resnet,bandpass,20,electrode,all,micro_auroc,absolute,303,3,0.9146294901089168
resnet,bandpass,20,electrode,all,micro_auroc,absolute,404,3,0.9150188544031902
resnet,bandpass,20,electrode,all,micro_auroc,absolute,505,3,0.9154164287251373
resnet,bandpass,20,electrode,all,micro_f1,absolute,101,3,0.7470672718619743
resnet,bandpass,20,electrode,all,micro_f1,absolute,202,3,0.7471771414081313
resnet,bandpass,20,electrode,all,micro_f1,absolute,303,3,0.7455725759494292
resnet,bandpass,20,electrode,all,micro_f1,absolute,404,3,0.7467300324245976
resnet,bandpass,20,electrode,all,micro_f1,absolute,505,3,0.74901476497635
resnet,bandpass,20,electrode,all,probability_shift,absolute,101,3,0.013716995095213201
resnet,bandpass,20,electrode,all,probability_shift,absolute,202,3,0.0138442817454536
resnet,bandpass,20,electrode,all,probability_shift,absolute,303,3,0.013761744524041766
resnet,bandpass,20,electrode,all,probability_shift,absolute,404,3,0.013679286154607867
resnet,bandpass,20,electrode,all,probability_shift,absolute,505,3,0.013867250643670498
resnet,bandpass,20,independent,all,ap_CD,absolute,101,3,0.8051192294434864
resnet,bandpass,20,independent,all,ap_CD,absolute,202,3,0.8076155336432259
resnet,bandpass,20,independent,all,ap_CD,absolute,303,3,0.8063916216959557
resnet,bandpass,20,independent,all,ap_CD,absolute,404,3,0.8063741169800555
resnet,bandpass,20,independent,all,ap_CD,absolute,505,3,0.8054682076567724
resnet,bandpass,20,independent,all,ap_CD,clean_drop,101,3,0.0014696531919283033
resnet,bandpass,20,independent,all,ap_CD,clean_drop,202,3,-0.0010266510078112967
resnet,bandpass,20,independent,all,ap_CD,clean_drop,303,3,0.00019726093945893197
resnet,bandpass,20,independent,all,ap_CD,clean_drop,404,3,0.00021476565535905046
resnet,bandpass,20,independent,all,ap_CD,clean_drop,505,3,0.001120674978642174
resnet,bandpass,20,independent,all,ap_CD,normalized_robustness,101,3,0.9981842655854692
resnet,bandpass,20,independent,all,ap_CD,normalized_robustness,202,3,1.0012845498819534
resnet,bandpass,20,independent,all,ap_CD,normalized_robustness,303,3,0.9997642642545955
resnet,bandpass,20,independent,all,ap_CD,normalized_robustness,404,3,0.9997471350258507
resnet,bandpass,20,independent,all,ap_CD,normalized_robustness,505,3,0.9986185067918347
resnet,bandpass,20,independent,all,ap_HYP,absolute,101,3,0.6400575215322966
resnet,bandpass,20,independent,all,ap_HYP,absolute,202,3,0.639801167200428
resnet,bandpass,20,independent,all,ap_HYP,absolute,303,3,0.6401402212769981
resnet,bandpass,20,independent,all,ap_HYP,absolute,404,3,0.6409704374579992
resnet,bandpass,20,independent,all,ap_HYP,absolute,505,3,0.6390543570298182
resnet,bandpass,20,independent,all,ap_HYP,clean_drop,101,3,0.0015444194490279821
resnet,bandpass,20,independent,all,ap_HYP,clean_drop,202,3,0.001800773780896529
resnet,bandpass,20,independent,all,ap_HYP,clean_drop,303,3,0.0014617197043263659
resnet,bandpass,20,independent,all,ap_HYP,clean_drop,404,3,0.0006315035233253422
resnet,bandpass,20,independent,all,ap_HYP,clean_drop,505,3,0.0025475839515063012
resnet,bandpass,20,independent,all,ap_HYP,normalized_robustness,101,3,0.9975361639457017
resnet,bandpass,20,independent,all,ap_HYP,normalized_robustness,202,3,0.9971499485042274
resnet,bandpass,20,independent,all,ap_HYP,normalized_robustness,303,3,0.9976851923640723
resnet,bandpass,20,independent,all,ap_HYP,normalized_robustness,404,3,0.9990226561108555
resnet,bandpass,20,independent,all,ap_HYP,normalized_robustness,505,3,0.9959645063518421
resnet,bandpass,20,independent,all,ap_MI,absolute,101,3,0.7610513443160144
resnet,bandpass,20,independent,all,ap_MI,absolute,202,3,0.7612573248054867
resnet,bandpass,20,independent,all,ap_MI,absolute,303,3,0.76174461609682
resnet,bandpass,20,independent,all,ap_MI,absolute,404,3,0.7595708564938293
resnet,bandpass,20,independent,all,ap_MI,absolute,505,3,0.7602155239104903
resnet,bandpass,20,independent,all,ap_MI,clean_drop,101,3,0.0020587045490141342
resnet,bandpass,20,independent,all,ap_MI,clean_drop,202,3,0.0018527240595416217
resnet,bandpass,20,independent,all,ap_MI,clean_drop,303,3,0.001365432768208404
resnet,bandpass,20,independent,all,ap_MI,clean_drop,404,3,0.0035391923711991144
resnet,bandpass,20,independent,all,ap_MI,clean_drop,505,3,0.0028945249545380136
resnet,bandpass,20,independent,all,ap_MI,normalized_robustness,101,3,0.9972784472547739
resnet,bandpass,20,independent,all,ap_MI,normalized_robustness,202,3,0.997605940175521
resnet,bandpass,20,independent,all,ap_MI,normalized_robustness,303,3,0.9982209399815946
resnet,bandpass,20,independent,all,ap_MI,normalized_robustness,404,3,0.9953682812121808
resnet,bandpass,20,independent,all,ap_MI,normalized_robustness,505,3,0.9962171852073416
resnet,bandpass,20,independent,all,ap_NORM,absolute,101,3,0.9045436220326611
resnet,bandpass,20,independent,all,ap_NORM,absolute,202,3,0.9055656725685378
resnet,bandpass,20,independent,all,ap_NORM,absolute,303,3,0.9052945901063282
resnet,bandpass,20,independent,all,ap_NORM,absolute,404,3,0.9049414276648102
resnet,bandpass,20,independent,all,ap_NORM,absolute,505,3,0.904458991904038
resnet,bandpass,20,independent,all,ap_NORM,clean_drop,101,3,0.0025165996649853715
resnet,bandpass,20,independent,all,ap_NORM,clean_drop,202,3,0.0014945491291086983
resnet,bandpass,20,independent,all,ap_NORM,clean_drop,303,3,0.0017656315913183358
resnet,bandpass,20,independent,all,ap_NORM,clean_drop,404,3,0.0021187940328361763
resnet,bandpass,20,independent,all,ap_NORM,clean_drop,505,3,0.0026012297936085504
resnet,bandpass,20,independent,all,ap_NORM,normalized_robustness,101,3,0.9972236196603922
resnet,bandpass,20,independent,all,ap_NORM,normalized_robustness,202,3,0.9983502385556743
resnet,bandpass,20,independent,all,ap_NORM,normalized_robustness,303,3,0.9980561497313767
resnet,bandpass,20,independent,all,ap_NORM,normalized_robustness,404,3,0.9976642513177642
resnet,bandpass,20,independent,all,ap_NORM,normalized_robustness,505,3,0.997132156462713
resnet,bandpass,20,independent,all,ap_STTC,absolute,101,3,0.8099661118876195
resnet,bandpass,20,independent,all,ap_STTC,absolute,202,3,0.8121277628590869
resnet,bandpass,20,independent,all,ap_STTC,absolute,303,3,0.8107368992142278
resnet,bandpass,20,independent,all,ap_STTC,absolute,404,3,0.8087833152233261
resnet,bandpass,20,independent,all,ap_STTC,absolute,505,3,0.8103243833390922
resnet,bandpass,20,independent,all,ap_STTC,clean_drop,101,3,0.0020175000246320427
resnet,bandpass,20,independent,all,ap_STTC,clean_drop,202,3,-0.00014415094683550844
resnet,bandpass,20,independent,all,ap_STTC,clean_drop,303,3,0.0012467126980238257
resnet,bandpass,20,independent,all,ap_STTC,clean_drop,404,3,0.003200296688925334
resnet,bandpass,20,independent,all,ap_STTC,clean_drop,505,3,0.001659228573159366
resnet,bandpass,20,independent,all,ap_STTC,normalized_robustness,101,3,0.9975101244150263
resnet,bandpass,20,independent,all,ap_STTC,normalized_robustness,202,3,1.0001693848593256
resnet,bandpass,20,independent,all,ap_STTC,normalized_robustness,303,3,0.998471069993398
resnet,bandpass,20,independent,all,ap_STTC,normalized_robustness,404,3,0.9960517412505219
resnet,bandpass,20,independent,all,ap_STTC,normalized_robustness,505,3,0.9979319265578637
resnet,bandpass,20,independent,all,auroc_CD,absolute,101,3,0.8969703880542937
resnet,bandpass,20,independent,all,auroc_CD,absolute,202,3,0.8983423747784118
resnet,bandpass,20,independent,all,auroc_CD,absolute,303,3,0.8979283121773224
resnet,bandpass,20,independent,all,auroc_CD,absolute,404,3,0.8979376124115266
resnet,bandpass,20,independent,all,auroc_CD,absolute,505,3,0.8972053200574512
resnet,bandpass,20,independent,all,auroc_CD,clean_drop,101,3,0.0012785800240674068
resnet,bandpass,20,independent,all,auroc_CD,clean_drop,202,3,-9.340670005046163e-05
resnet,bandpass,20,independent,all,auroc_CD,clean_drop,303,3,0.0003206559010389502
resnet,bandpass,20,independent,all,auroc_CD,clean_drop,404,3,0.0003113556668347857
resnet,bandpass,20,independent,all,auroc_CD,clean_drop,505,3,0.0010436480209101335
resnet,bandpass,20,independent,all,auroc_CD,normalized_robustness,101,3,0.9985785885700119
resnet,bandpass,20,independent,all,auroc_CD,normalized_robustness,202,3,1.0001057383866672
resnet,bandpass,20,independent,all,auroc_CD,normalized_robustness,303,3,0.9996468111598141
resnet,bandpass,20,independent,all,auroc_CD,normalized_robustness,404,3,0.9996592807314496
resnet,bandpass,20,independent,all,auroc_CD,normalized_robustness,505,3,0.9988408621765658
resnet,bandpass,20,independent,all,auroc_HYP,absolute,101,3,0.8918957548233323
resnet,bandpass,20,independent,all,auroc_HYP,absolute,202,3,0.8920111712350093
resnet,bandpass,20,independent,all,auroc_HYP,absolute,303,3,0.8920588140561084
resnet,bandpass,20,independent,all,auroc_HYP,absolute,404,3,0.8919843302090378
resnet,bandpass,20,independent,all,auroc_HYP,absolute,505,3,0.8918313363610011
resnet,bandpass,20,independent,all,auroc_HYP,clean_drop,101,3,0.0009535274476331809
resnet,bandpass,20,independent,all,auroc_HYP,clean_drop,202,3,0.0008381110359562127
resnet,bandpass,20,independent,all,auroc_HYP,clean_drop,303,3,0.0007904682148570652
resnet,bandpass,20,independent,all,auroc_HYP,clean_drop,404,3,0.0008649520619276781
resnet,bandpass,20,independent,all,auroc_HYP,clean_drop,505,3,0.0010179459099644017
resnet,bandpass,20,independent,all,auroc_HYP,normalized_robustness,101,3,0.9989297763459479
resnet,bandpass,20,independent,all,auroc_HYP,normalized_robustness,202,3,0.9990604289769198
resnet,bandpass,20,independent,all,auroc_HYP,normalized_robustness,303,3,0.9991134337442008
resnet,bandpass,20,independent,all,auroc_HYP,normalized_robustness,404,3,0.9990296862279501
resnet,bandpass,20,independent,all,auroc_HYP,normalized_robustness,505,3,0.998856612796749
resnet,bandpass,20,independent,all,auroc_MI,absolute,101,3,0.888921302578019
resnet,bandpass,20,independent,all,auroc_MI,absolute,202,3,0.8885278154681139
resnet,bandpass,20,independent,all,auroc_MI,absolute,303,3,0.8894538670284939
resnet,bandpass,20,independent,all,auroc_MI,absolute,404,3,0.8886348560229158
resnet,bandpass,20,independent,all,auroc_MI,absolute,505,3,0.8885345997286295
resnet,bandpass,20,independent,all,auroc_MI,clean_drop,101,3,0.0014932911201568366
resnet,bandpass,20,independent,all,auroc_MI,clean_drop,202,3,0.0018867782300618547
resnet,bandpass,20,independent,all,auroc_MI,clean_drop,303,3,0.0009607266696819808
resnet,bandpass,20,independent,all,auroc_MI,clean_drop,404,3,0.0017797376752600365
resnet,bandpass,20,independent,all,auroc_MI,clean_drop,505,3,0.0018799939695462637
resnet,bandpass,20,independent,all,auroc_MI,normalized_robustness,101,3,0.9983186983888098
resnet,bandpass,20,independent,all,auroc_MI,normalized_robustness,202,3,0.9978809715568233
resnet,bandpass,20,independent,all,auroc_MI,normalized_robustness,303,3,0.9989225265911287
resnet,bandpass,20,independent,all,auroc_MI,normalized_robustness,404,3,0.9980007948938837
resnet,bandpass,20,independent,all,auroc_MI,normalized_robustness,505,3,0.9978882550090371
resnet,bandpass,20,independent,all,auroc_NORM,absolute,101,3,0.9322227870540546
resnet,bandpass,20,independent,all,auroc_NORM,absolute,202,3,0.9328300536879898
resnet,bandpass,20,independent,all,auroc_NORM,absolute,303,3,0.9323768847641682
resnet,bandpass,20,independent,all,auroc_NORM,absolute,404,3,0.9322957807062137
resnet,bandpass,20,independent,all,auroc_NORM,absolute,505,3,0.9321118482890665
resnet,bandpass,20,independent,all,auroc_NORM,clean_drop,101,3,0.0013506722222944578
resnet,bandpass,20,independent,all,auroc_NORM,clean_drop,202,3,0.0007434055883590585
resnet,bandpass,20,independent,all,auroc_NORM,clean_drop,303,3,0.0011965745121806926
resnet,bandpass,20,independent,all,auroc_NORM,clean_drop,404,3,0.0012776785701353877
resnet,bandpass,20,independent,all,auroc_NORM,clean_drop,505,3,0.00146161098728248
resnet,bandpass,20,independent,all,auroc_NORM,normalized_robustness,101,3,0.9985527943229485
resnet,bandpass,20,independent,all,auroc_NORM,normalized_robustness,202,3,0.9992030074033743
resnet,bandpass,20,independent,all,auroc_NORM,normalized_robustness,303,3,0.9987184833006957
resnet,bandpass,20,independent,all,auroc_NORM,normalized_robustness,404,3,0.9986310726784954
resnet,bandpass,20,independent,all,auroc_NORM,normalized_robustness,505,3,0.9984337308140167
resnet,bandpass,20,independent,all,auroc_STTC,absolute,101,3,0.9226219021031169
resnet,bandpass,20,independent,all,auroc_STTC,absolute,202,3,0.923616965478805
resnet,bandpass,20,independent,all,auroc_STTC,absolute,303,3,0.9232951136760242
resnet,bandpass,20,independent,all,auroc_STTC,absolute,404,3,0.9226000153988597
resnet,bandpass,20,independent,all,auroc_STTC,absolute,505,3,0.9226152579250387
resnet,bandpass,20,independent,all,auroc_STTC,clean_drop,101,3,0.0014652366832106356
resnet,bandpass,20,independent,all,auroc_STTC,clean_drop,202,3,0.00047017330752256264
resnet,bandpass,20,independent,all,auroc_STTC,clean_drop,303,3,0.000792025110303185
resnet,bandpass,20,independent,all,auroc_STTC,clean_drop,404,3,0.0014871233874677037
resnet,bandpass,20,independent,all,auroc_STTC,clean_drop,505,3,0.001471880861288762
resnet,bandpass,20,independent,all,auroc_STTC,normalized_robustness,101,3,0.9984136916093224
resnet,bandpass,20,independent,all,auroc_STTC,normalized_robustness,202,3,0.9994915134291794
resnet,bandpass,20,independent,all,auroc_STTC,normalized_robustness,303,3,0.9991441700017804
resnet,bandpass,20,independent,all,auroc_STTC,normalized_robustness,404,3,0.9983914258890131
resnet,bandpass,20,independent,all,auroc_STTC,normalized_robustness,505,3,0.9984040711986185
resnet,bandpass,20,independent,all,brier,absolute,101,3,0.09691393623749413
resnet,bandpass,20,independent,all,brier,absolute,202,3,0.09660732746124263
resnet,bandpass,20,independent,all,brier,absolute,303,3,0.09677942593892412
resnet,bandpass,20,independent,all,brier,absolute,404,3,0.09708713740110393
resnet,bandpass,20,independent,all,brier,absolute,505,3,0.09702623387177782
resnet,bandpass,20,independent,all,clean_agreement,absolute,101,3,0.9866543095458759
resnet,bandpass,20,independent,all,clean_agreement,absolute,202,3,0.9870868087735558
resnet,bandpass,20,independent,all,clean_agreement,absolute,303,3,0.9882916280506642
resnet,bandpass,20,independent,all,clean_agreement,absolute,404,3,0.9875502008032129
resnet,bandpass,20,independent,all,clean_agreement,absolute,505,3,0.9877046648130986
resnet,bandpass,20,independent,all,ece,absolute,101,3,0.04741243598772657
resnet,bandpass,20,independent,all,ece,absolute,202,3,0.047223702967103535
resnet,bandpass,20,independent,all,ece,absolute,303,3,0.0470735468664619
resnet,bandpass,20,independent,all,ece,absolute,404,3,0.0482190611254933
resnet,bandpass,20,independent,all,ece,absolute,505,3,0.0480516032764908
resnet,bandpass,20,independent,all,f1_CD,absolute,101,3,0.7131544163222266
resnet,bandpass,20,independent,all,f1_CD,absolute,202,3,0.7119691152040314
resnet,bandpass,20,independent,all,f1_CD,absolute,303,3,0.7124961524259233
resnet,bandpass,20,independent,all,f1_CD,absolute,404,3,0.7126788092913011
resnet,bandpass,20,independent,all,f1_CD,absolute,505,3,0.710211965606355
resnet,bandpass,20,independent,all,f1_CD,clean_drop,101,3,-0.004251312747386844
resnet,bandpass,20,independent,all,f1_CD,clean_drop,202,3,-0.003066011629191475
resnet,bandpass,20,independent,all,f1_CD,clean_drop,303,3,-0.003593048851083543
resnet,bandpass,20,independent,all,f1_CD,clean_drop,404,3,-0.0037757057164612418
resnet,bandpass,20,independent,all,f1_CD,clean_drop,505,3,-0.0013088620315151456
resnet,bandpass,20,independent,all,f1_CD,normalized_robustness,101,3,1.0059944615774947
resnet,bandpass,20,independent,all,f1_CD,normalized_robustness,202,3,1.0043036656967408
resnet,bandpass,20,independent,all,f1_CD,normalized_robustness,303,3,1.0050483075973542
resnet,bandpass,20,independent,all,f1_CD,normalized_robustness,404,3,1.005299535863875
resnet,bandpass,20,independent,all,f1_CD,normalized_robustness,505,3,1.001851989944848
resnet,bandpass,20,independent,all,f1_HYP,absolute,101,3,0.5939168175296491
resnet,bandpass,20,independent,all,f1_HYP,absolute,202,3,0.5928013294100917
resnet,bandpass,20,independent,all,f1_HYP,absolute,303,3,0.5971781211654456
resnet,bandpass,20,independent,all,f1_HYP,absolute,404,3,0.5936112582721483
resnet,bandpass,20,independent,all,f1_HYP,absolute,505,3,0.5979039472190157
resnet,bandpass,20,independent,all,f1_HYP,clean_drop,101,3,0.007642389620470221
resnet,bandpass,20,independent,all,f1_HYP,clean_drop,202,3,0.008757877740027675
resnet,bandpass,20,independent,all,f1_HYP,clean_drop,303,3,0.0043810859846738675
resnet,bandpass,20,independent,all,f1_HYP,clean_drop,404,3,0.007947948877971048
resnet,bandpass,20,independent,all,f1_HYP,clean_drop,505,3,0.0036552599311036418
resnet,bandpass,20,independent,all,f1_HYP,normalized_robustness,101,3,0.9879357104807207
resnet,bandpass,20,independent,all,f1_HYP,normalized_robustness,202,3,0.9854649308117708
resnet,bandpass,20,independent,all,f1_HYP,normalized_robustness,303,3,0.9932326135120344
resnet,bandpass,20,independent,all,f1_HYP,normalized_robustness,404,3,0.9873605748625298
resnet,bandpass,20,independent,all,f1_HYP,normalized_robustness,505,3,0.9944305177471261
resnet,bandpass,20,independent,all,f1_MI,absolute,101,3,0.684640567955288
resnet,bandpass,20,independent,all,f1_MI,absolute,202,3,0.6857242927736736
resnet,bandpass,20,independent,all,f1_MI,absolute,303,3,0.6835585038899277
resnet,bandpass,20,independent,all,f1_MI,absolute,404,3,0.6813547273041811
resnet,bandpass,20,independent,all,f1_MI,absolute,505,3,0.684149793504574
resnet,bandpass,20,independent,all,f1_MI,clean_drop,101,3,0.00018841450046684174
resnet,bandpass,20,independent,all,f1_MI,clean_drop,202,3,-0.0008953103179186369
resnet,bandpass,20,independent,all,f1_MI,clean_drop,303,3,0.0012704785658273303
resnet,bandpass,20,independent,all,f1_MI,clean_drop,404,3,0.0034742551515738462
resnet,bandpass,20,independent,all,f1_MI,clean_drop,505,3,0.0006791889511810201
resnet,bandpass,20,independent,all,f1_MI,normalized_robustness,101,3,0.9997442150407748
resnet,bandpass,20,independent,all,f1_MI,normalized_robustness,202,3,1.0012465257550192
resnet,bandpass,20,independent,all,f1_MI,normalized_robustness,303,3,0.9981690506343135
resnet,bandpass,20,independent,all,f1_MI,normalized_robustness,404,3,0.9949717194070082
resnet,bandpass,20,independent,all,f1_MI,normalized_robustness,505,3,0.9990669062063073
resnet,bandpass,20,independent,all,f1_NORM,absolute,101,3,0.8452853780942998
resnet,bandpass,20,independent,all,f1_NORM,absolute,202,3,0.845134803075181
resnet,bandpass,20,independent,all,f1_NORM,absolute,303,3,0.8449247336066671
resnet,bandpass,20,independent,all,f1_NORM,absolute,404,3,0.844823134169204
resnet,bandpass,20,independent,all,f1_NORM,absolute,505,3,0.845572621760927
resnet,bandpass,20,independent,all,f1_NORM,clean_drop,101,3,0.0015473683080304834
resnet,bandpass,20,independent,all,f1_NORM,clean_drop,202,3,0.0016979433271493798
resnet,bandpass,20,independent,all,f1_NORM,clean_drop,303,3,0.0019080127956633646
resnet,bandpass,20,independent,all,f1_NORM,clean_drop,404,3,0.0020096122331263087
resnet,bandpass,20,independent,all,f1_NORM,clean_drop,505,3,0.0012601246414033485
resnet,bandpass,20,independent,all,f1_NORM,normalized_robustness,101,3,0.998172693076075
resnet,bandpass,20,independent,all,f1_NORM,normalized_robustness,202,3,0.9979943345993519
resnet,bandpass,20,independent,all,f1_NORM,normalized_robustness,303,3,0.997744823288056
resnet,bandpass,20,independent,all,f1_NORM,normalized_robustness,404,3,0.9976319834628654
resnet,bandpass,20,independent,all,f1_NORM,normalized_robustness,505,3,0.998515115485968
resnet,bandpass,20,independent,all,f1_STTC,absolute,101,3,0.7428023009712496
resnet,bandpass,20,independent,all,f1_STTC,absolute,202,3,0.7431404353663877
resnet,bandpass,20,independent,all,f1_STTC,absolute,303,3,0.7439116755116432
resnet,bandpass,20,independent,all,f1_STTC,absolute,404,3,0.7415405689432699
resnet,bandpass,20,independent,all,f1_STTC,absolute,505,3,0.7407496067558377
resnet,bandpass,20,independent,all,f1_STTC,clean_drop,101,3,0.003752812074555245
resnet,bandpass,20,independent,all,f1_STTC,clean_drop,202,3,0.0034146776794171663
resnet,bandpass,20,independent,all,f1_STTC,clean_drop,303,3,0.002643437534161852
resnet,bandpass,20,independent,all,f1_STTC,clean_drop,404,3,0.005014544102534953
resnet,bandpass,20,independent,all,f1_STTC,clean_drop,505,3,0.005805506289967233
resnet,bandpass,20,independent,all,f1_STTC,normalized_robustness,101,3,0.9950223853331214
resnet,bandpass,20,independent,all,f1_STTC,normalized_robustness,202,3,0.995459715054889
resnet,bandpass,20,independent,all,f1_STTC,normalized_robustness,303,3,0.9965514003124006
resnet,bandpass,20,independent,all,f1_STTC,normalized_robustness,404,3,0.9933811709951517
resnet,bandpass,20,independent,all,f1_STTC,normalized_robustness,505,3,0.9921726123618183
resnet,bandpass,20,independent,all,macro_ap,absolute,101,3,0.7841475658424155
resnet,bandpass,20,independent,all,macro_ap,absolute,202,3,0.785273492215353
resnet,bandpass,20,independent,all,macro_ap,absolute,303,3,0.7848615896780659
resnet,bandpass,20,independent,all,macro_ap,absolute,404,3,0.7841280307640041
resnet,bandpass,20,independent,all,macro_ap,absolute,505,3,0.7839042927680423
resnet,bandpass,20,independent,all,macro_ap,clean_drop,101,3,0.0019213753759176704
resnet,bandpass,20,independent,all,macro_ap,clean_drop,202,3,0.0007954490029800088
resnet,bandpass,20,independent,all,macro_ap,clean_drop,303,3,0.0012073515402672246
resnet,bandpass,20,independent,all,macro_ap,clean_drop,404,3,0.0019409104543290183
resnet,bandpass,20,independent,all,macro_ap,clean_drop,505,3,0.0021646484502909256
resnet,bandpass,20,independent,all,macro_ap,normalized_robustness,101,3,0.9975523386118444
resnet,bandpass,20,independent,all,macro_ap,normalized_robustness,202,3,0.998988780421763
resnet,bandpass,20,independent,all,macro_ap,normalized_robustness,303,3,0.9984644283390739
resnet,bandpass,20,independent,all,macro_ap,normalized_robustness,404,3,0.99752958914345
resnet,bandpass,20,independent,all,macro_ap,normalized_robustness,505,3,0.9972430923283037
resnet,bandpass,20,independent,all,macro_auroc,absolute,101,3,0.9065264269225634
resnet,bandpass,20,independent,all,macro_auroc,absolute,202,3,0.9070656761296659
resnet,bandpass,20,independent,all,macro_auroc,absolute,303,3,0.9070225983404235
resnet,bandpass,20,independent,all,macro_auroc,absolute,404,3,0.9066905189497106
resnet,bandpass,20,independent,all,macro_auroc,absolute,505,3,0.9064596724722375
resnet,bandpass,20,independent,all,macro_auroc,clean_drop,101,3,0.001308261499472459
resnet,bandpass,20,independent,all,macro_auroc,clean_drop,202,3,0.0007690122923698454
resnet,bandpass,20,independent,all,macro_auroc,clean_drop,303,3,0.0008120900816122415
resnet,bandpass,20,independent,all,macro_auroc,clean_drop,404,3,0.0011441694723252072
resnet,bandpass,20,independent,all,macro_auroc,clean_drop,505,3,0.00137501594979846
resnet,bandpass,20,independent,all,macro_auroc,normalized_robustness,101,3,0.9985585266884889
resnet,bandpass,20,independent,all,macro_auroc,normalized_robustness,202,3,0.9991529208333416
resnet,bandpass,20,independent,all,macro_auroc,normalized_robustness,303,3,0.9991054348114305
resnet,bandpass,20,independent,all,macro_auroc,normalized_robustness,404,3,0.9987395459553564
resnet,bandpass,20,independent,all,macro_auroc,normalized_robustness,505,3,0.9984852209163849
resnet,bandpass,20,independent,all,macro_f1,absolute,101,3,0.7159598961745427
resnet,bandpass,20,independent,all,macro_f1,absolute,202,3,0.715753995165873
resnet,bandpass,20,independent,all,macro_f1,absolute,303,3,0.7164138373199213
resnet,bandpass,20,independent,all,macro_f1,absolute,404,3,0.714801699596021
resnet,bandpass,20,independent,all,macro_f1,absolute,505,3,0.7157175869693418
resnet,bandpass,20,independent,all,macro_f1,clean_drop,101,3,0.0017759343512271746
resnet,bandpass,20,independent,all,macro_f1,clean_drop,202,3,0.0019818353598968588
resnet,bandpass,20,independent,all,macro_f1,clean_drop,303,3,0.0013219932058485817
resnet,bandpass,20,independent,all,macro_f1,clean_drop,404,3,0.002934130929748998
resnet,bandpass,20,independent,all,macro_f1,clean_drop,505,3,0.00201824355642799
resnet,bandpass,20,independent,all,macro_f1,normalized_robustness,101,3,0.9975203537398786
resnet,bandpass,20,independent,all,macro_f1,normalized_robustness,202,3,0.9972265087133653
resnet,bandpass,20,independent,all,macro_f1,normalized_robustness,303,3,0.9981661831364391
resnet,bandpass,20,independent,all,macro_f1,normalized_robustness,404,3,0.9959102248556194
resnet,bandpass,20,independent,all,macro_f1,normalized_robustness,505,3,0.9971880873077055
resnet,bandpass,20,independent,all,mean_confidence,absolute,101,3,0.8842997352282206
resnet,bandpass,20,independent,all,mean_confidence,absolute,202,3,0.8845010002454122
resnet,bandpass,20,independent,all,mean_confidence,absolute,303,3,0.8844620784123739
resnet,bandpass,20,independent,all,mean_confidence,absolute,404,3,0.8842746218045553
resnet,bandpass,20,independent,all,mean_confidence,absolute,505,3,0.8844032883644104
resnet,bandpass,20,independent,all,mean_entropy,absolute,101,3,0.27425062380992643
resnet,bandpass,20,independent,all,mean_entropy,absolute,202,3,0.27390877189556856
resnet,bandpass,20,independent,all,mean_entropy,absolute,303,3,0.2739744547631748
resnet,bandpass,20,independent,all,mean_entropy,absolute,404,3,0.2741575603482184
resnet,bandpass,20,independent,all,mean_entropy,absolute,505,3,0.2739715270812587
resnet,bandpass,20,independent,all,mean_loss,absolute,101,3,0.316118467523496
resnet,bandpass,20,independent,all,mean_loss,absolute,202,3,0.31512711765682005
resnet,bandpass,20,independent,all,mean_loss,absolute,303,3,0.3154386134722577
resnet,bandpass,20,independent,all,mean_loss,absolute,404,3,0.3163004144974482
resnet,bandpass,20,independent,all,mean_loss,absolute,505,3,0.3164139229331
resnet,bandpass,20,independent,all,micro_ap,absolute,101,3,0.8151651855914134
resnet,bandpass,20,independent,all,micro_ap,absolute,202,3,0.8162677955580989
resnet,bandpass,20,independent,all,micro_ap,absolute,303,3,0.8158316617092437
resnet,bandpass,20,independent,all,micro_ap,absolute,404,3,0.8150070445589496
resnet,bandpass,20,independent,all,micro_ap,absolute,505,3,0.814965069838606
resnet,bandpass,20,independent,all,micro_auroc,absolute,101,3,0.9152184625669312
resnet,bandpass,20,independent,all,micro_auroc,absolute,202,3,0.9156600501008728
resnet,bandpass,20,independent,all,micro_auroc,absolute,303,3,0.9156033785189374
resnet,bandpass,20,independent,all,micro_auroc,absolute,404,3,0.9151787260329888
resnet,bandpass,20,independent,all,micro_auroc,absolute,505,3,0.9151032310966949
resnet,bandpass,20,independent,all,micro_f1,absolute,101,3,0.7482523327988989
resnet,bandpass,20,independent,all,micro_f1,absolute,202,3,0.7481347427530199
resnet,bandpass,20,independent,all,micro_f1,absolute,303,3,0.7483209662469519
resnet,bandpass,20,independent,all,micro_f1,absolute,404,3,0.747078006124554
resnet,bandpass,20,independent,all,micro_f1,absolute,505,3,0.7477028989264879
resnet,bandpass,20,independent,all,probability_shift,absolute,101,3,0.011680691192547435
resnet,bandpass,20,independent,all,probability_shift,absolute,202,3,0.011664801898101934
resnet,bandpass,20,independent,all,probability_shift,absolute,303,3,0.0116177502398689
resnet,bandpass,20,independent,all,probability_shift,absolute,404,3,0.011641159343222733
resnet,bandpass,20,independent,all,probability_shift,absolute,505,3,0.011562634259462334
resnet,bandpass,20,independent_rms,all,ap_CD,absolute,101,3,0.8051836161338888
resnet,bandpass,20,independent_rms,all,ap_CD,absolute,202,3,0.8076891085297729
resnet,bandpass,20,independent_rms,all,ap_CD,absolute,303,3,0.8064692180222824
resnet,bandpass,20,independent_rms,all,ap_CD,absolute,404,3,0.8064931294318916
resnet,bandpass,20,independent_rms,all,ap_CD,absolute,505,3,0.8055307708903174
resnet,bandpass,20,independent_rms,all,ap_CD,clean_drop,101,3,0.001405266501525911
resnet,bandpass,20,independent_rms,all,ap_CD,clean_drop,202,3,-0.0011002258943583199
resnet,bandpass,20,independent_rms,all,ap_CD,clean_drop,303,3,0.00011966461313228649
resnet,bandpass,20,independent_rms,all,ap_CD,clean_drop,404,3,9.575320352317451e-05
resnet,bandpass,20,independent_rms,all,ap_CD,clean_drop,505,3,0.0010581117450971789
resnet,bandpass,20,independent_rms,all,ap_CD,normalized_robustness,101,3,0.9982646166017183
resnet,bandpass,20,independent_rms,all,ap_CD,normalized_robustness,202,3,1.0013765813172553
resnet,bandpass,20,independent_rms,all,ap_CD,normalized_robustness,303,3,0.9998608977370745
resnet,bandpass,20,independent_rms,all,ap_CD,normalized_robustness,404,3,0.999894660010401
resnet,bandpass,20,independent_rms,all,ap_CD,normalized_robustness,505,3,0.9986969357676637
resnet,bandpass,20,independent_rms,all,ap_HYP,absolute,101,3,0.6398629398120783
resnet,bandpass,20,independent_rms,all,ap_HYP,absolute,202,3,0.6397935613248521
resnet,bandpass,20,independent_rms,all,ap_HYP,absolute,303,3,0.6400187871163926
resnet,bandpass,20,independent_rms,all,ap_HYP,absolute,404,3,0.6409306123448347
resnet,bandpass,20,independent_rms,all,ap_HYP,absolute,505,3,0.6392691378409504
resnet,bandpass,20,independent_rms,all,ap_HYP,clean_drop,101,3,0.0017390011692461904
resnet,bandpass,20,independent_rms,all,ap_HYP,clean_drop,202,3,0.0018083796564723291
resnet,bandpass,20,independent_rms,all,ap_HYP,clean_drop,303,3,0.0015831538649319077
resnet,bandpass,20,independent_rms,all,ap_HYP,clean_drop,404,3,0.0006713286364897394
resnet,bandpass,20,independent_rms,all,ap_HYP,clean_drop,505,3,0.0023328031403740215
resnet,bandpass,20,independent_rms,all,ap_HYP,normalized_robustness,101,3,0.9972284115291341
resnet,bandpass,20,independent_rms,all,ap_HYP,normalized_robustness,202,3,0.9971340864751435
resnet,bandpass,20,independent_rms,all,ap_HYP,normalized_robustness,303,3,0.997506362886019
resnet,bandpass,20,independent_rms,all,ap_HYP,normalized_robustness,404,3,0.9989592691655202
resnet,bandpass,20,independent_rms,all,ap_HYP,normalized_robustness,505,3,0.9962923624307769
resnet,bandpass,20,independent_rms,all,ap_MI,absolute,101,3,0.760924031667234
resnet,bandpass,20,independent_rms,all,ap_MI,absolute,202,3,0.7611345569472522
resnet,bandpass,20,independent_rms,all,ap_MI,absolute,303,3,0.7617904685561677
resnet,bandpass,20,independent_rms,all,ap_MI,absolute,404,3,0.7596772267517585
resnet,bandpass,20,independent_rms,all,ap_MI,absolute,505,3,0.7601173439153679
resnet,bandpass,20,independent_rms,all,ap_MI,clean_drop,101,3,0.002186017197794432
resnet,bandpass,20,independent_rms,all,ap_MI,clean_drop,202,3,0.001975491917776203
resnet,bandpass,20,independent_rms,all,ap_MI,clean_drop,303,3,0.0013195803088607017
resnet,bandpass,20,independent_rms,all,ap_MI,clean_drop,404,3,0.0034328221132698955
resnet,bandpass,20,independent_rms,all,ap_MI,clean_drop,505,3,0.0029927049496605664
resnet,bandpass,20,independent_rms,all,ap_MI,normalized_robustness,101,3,0.997114670985916
resnet,bandpass,20,independent_rms,all,ap_MI,normalized_robustness,202,3,0.9974470679661328
resnet,bandpass,20,independent_rms,all,ap_MI,normalized_robustness,303,3,0.9982855161913496
resnet,bandpass,20,independent_rms,all,ap_MI,normalized_robustness,404,3,0.9955096445042849
resnet,bandpass,20,independent_rms,all,ap_MI,normalized_robustness,505,3,0.9960893838375107
resnet,bandpass,20,independent_rms,all,ap_NORM,absolute,101,3,0.9044988051964301
resnet,bandpass,20,independent_rms,all,ap_NORM,absolute,202,3,0.9054719215741104
resnet,bandpass,20,independent_rms,all,ap_NORM,absolute,303,3,0.9052566190799837
resnet,bandpass,20,independent_rms,all,ap_NORM,absolute,404,3,0.904790203455895
resnet,bandpass,20,independent_rms,all,ap_NORM,absolute,505,3,0.9044375291959489
resnet,bandpass,20,independent_rms,all,ap_NORM,clean_drop,101,3,0.0025614165012164403
resnet,bandpass,20,independent_rms,all,ap_NORM,clean_drop,202,3,0.0015883001235360943
resnet,bandpass,20,independent_rms,all,ap_NORM,clean_drop,303,3,0.0018036026176628435
resnet,bandpass,20,independent_rms,all,ap_NORM,clean_drop,404,3,0.002270018241751585
resnet,bandpass,20,independent_rms,all,ap_NORM,clean_drop,505,3,0.0026226925016977023
resnet,bandpass,20,independent_rms,all,ap_NORM,normalized_robustness,101,3,0.9971732934529162
resnet,bandpass,20,independent_rms,all,ap_NORM,normalized_robustness,202,3,0.998246632448749
resnet,bandpass,20,independent_rms,all,ap_NORM,normalized_robustness,303,3,0.9980142528829447
resnet,bandpass,20,independent_rms,all,ap_NORM,normalized_robustness,404,3,0.9974970301687636
resnet,bandpass,20,independent_rms,all,ap_NORM,normalized_robustness,505,3,0.9971089074050509
resnet,bandpass,20,independent_rms,all,ap_STTC,absolute,101,3,0.8101051413063987
resnet,bandpass,20,independent_rms,all,ap_STTC,absolute,202,3,0.8119960041848656
resnet,bandpass,20,independent_rms,all,ap_STTC,absolute,303,3,0.8106941044692748
resnet,bandpass,20,independent_rms,all,ap_STTC,absolute,404,3,0.8087782610803281
resnet,bandpass,20,independent_rms,all,ap_STTC,absolute,505,3,0.8103365070779557
resnet,bandpass,20,independent_rms,all,ap_STTC,clean_drop,101,3,0.0018784706058527778
resnet,bandpass,20,independent_rms,all,ap_STTC,clean_drop,202,3,-1.2392272614070166e-05
resnet,bandpass,20,independent_rms,all,ap_STTC,clean_drop,303,3,0.0012895074429765858
resnet,bandpass,20,independent_rms,all,ap_STTC,clean_drop,404,3,0.0032053508319234147
resnet,bandpass,20,independent_rms,all,ap_STTC,clean_drop,505,3,0.001647104834295754
resnet,bandpass,20,independent_rms,all,ap_STTC,normalized_robustness,101,3,0.9976803454401494
resnet,bandpass,20,independent_rms,all,ap_STTC,normalized_robustness,202,3,1.0000077967118777
resnet,bandpass,20,independent_rms,all,ap_STTC,normalized_robustness,303,3,0.9984176085509252
resnet,bandpass,20,independent_rms,all,ap_STTC,normalized_robustness,404,3,0.9960453680121703
resnet,bandpass,20,independent_rms,all,ap_STTC,normalized_robustness,505,3,0.9979455402473395
resnet,bandpass,20,independent_rms,all,auroc_CD,absolute,101,3,0.8969958626088531
resnet,bandpass,20,independent_rms,all,auroc_CD,absolute,202,3,0.8984248638122226
resnet,bandpass,20,independent_rms,all,auroc_CD,absolute,303,3,0.8979760264223696
resnet,bandpass,20,independent_rms,all,auroc_CD,absolute,404,3,0.8980387019137456
resnet,bandpass,20,independent_rms,all,auroc_CD,absolute,505,3,0.8972267510319215
resnet,bandpass,20,independent_rms,all,auroc_CD,clean_drop,101,3,0.0012531054695081867
resnet,bandpass,20,independent_rms,all,auroc_CD,clean_drop,202,3,-0.00017589573386141608
resnet,bandpass,20,independent_rms,all,auroc_CD,clean_drop,303,3,0.0002729416559916394
resnet,bandpass,20,independent_rms,all,auroc_CD,clean_drop,404,3,0.00021026616461576145
resnet,bandpass,20,independent_rms,all,auroc_CD,clean_drop,505,3,0.0010222170464396403
resnet,bandpass,20,independent_rms,all,auroc_CD,normalized_robustness,101,3,0.9986073541234717
resnet,bandpass,20,independent_rms,all,auroc_CD,normalized_robustness,202,3,1.0001979486921313
resnet,bandpass,20,independent_rms,all,auroc_CD,normalized_robustness,303,3,0.9996999912915667
resnet,bandpass,20,independent_rms,all,auroc_CD,normalized_robustness,404,3,0.9997717621577419
resnet,bandpass,20,independent_rms,all,auroc_CD,normalized_robustness,505,3,0.9988651969706397
resnet,bandpass,20,independent_rms,all,auroc_HYP,absolute,101,3,0.8918434148226883
resnet,bandpass,20,independent_rms,all,auroc_HYP,absolute,202,3,0.8919648704652087
resnet,bandpass,20,independent_rms,all,auroc_HYP,absolute,303,3,0.8920648532869521
resnet,bandpass,20,independent_rms,all,auroc_HYP,absolute,404,3,0.8919789620038436
resnet,bandpass,20,independent_rms,all,auroc_HYP,absolute,505,3,0.8918481120022331
resnet,bandpass,20,independent_rms,all,auroc_HYP,clean_drop,101,3,0.0010058674482773162
resnet,bandpass,20,independent_rms,all,auroc_HYP,clean_drop,202,3,0.000884411805756898
resnet,bandpass,20,independent_rms,all,auroc_HYP,clean_drop,303,3,0.000784428984013504
resnet,bandpass,20,independent_rms,all,auroc_HYP,clean_drop,404,3,0.0008703202671218971
resnet,bandpass,20,independent_rms,all,auroc_HYP,clean_drop,505,3,0.0010011702687323654
resnet,bandpass,20,independent_rms,all,auroc_HYP,normalized_robustness,101,3,0.9988710826160462
resnet,bandpass,20,independent_rms,all,auroc_HYP,normalized_robustness,202,3,0.9990087457640726
resnet,bandpass,20,independent_rms,all,auroc_HYP,normalized_robustness,303,3,0.9991202877405607
resnet,bandpass,20,independent_rms,all,auroc_HYP,normalized_robustness,404,3,0.9990239695679578
resnet,bandpass,20,independent_rms,all,auroc_HYP,normalized_robustness,505,3,0.9988752420191798
resnet,bandpass,20,independent_rms,all,auroc_MI,absolute,101,3,0.888887381275441
resnet,bandpass,20,independent_rms,all,auroc_MI,absolute,202,3,0.8885014322327756
resnet,bandpass,20,independent_rms,all,auroc_MI,absolute,303,3,0.8895141715664104
resnet,bandpass,20,independent_rms,all,auroc_MI,absolute,404,3,0.8885881200060304
resnet,bandpass,20,independent_rms,all,auroc_MI,absolute,505,3,0.888560982963968
resnet,bandpass,20,independent_rms,all,auroc_MI,clean_drop,101,3,0.0015272124227348656
resnet,bandpass,20,independent_rms,all,auroc_MI,clean_drop,202,3,0.001913161465400326
resnet,bandpass,20,independent_rms,all,auroc_MI,clean_drop,303,3,0.0009004221317654807
resnet,bandpass,20,independent_rms,all,auroc_MI,clean_drop,404,3,0.0018264736921454288
resnet,bandpass,20,independent_rms,all,auroc_MI,clean_drop,505,3,0.0018536107342078296
resnet,bandpass,20,independent_rms,all,auroc_MI,normalized_robustness,101,3,0.9982805892816872
resnet,bandpass,20,independent_rms,all,auroc_MI,normalized_robustness,202,3,0.9978514184205354
resnet,bandpass,20,independent_rms,all,auroc_MI,normalized_robustness,303,3,0.9989905067539331
resnet,bandpass,20,independent_rms,all,auroc_MI,normalized_robustness,404,3,0.9979484744087325
resnet,bandpass,20,independent_rms,all,auroc_MI,normalized_robustness,505,3,0.9979183806605297
resnet,bandpass,20,independent_rms,all,auroc_NORM,absolute,101,3,0.9321871592000243
resnet,bandpass,20,independent_rms,all,auroc_NORM,absolute,202,3,0.9327777705363441
resnet,bandpass,20,independent_rms,all,auroc_NORM,absolute,303,3,0.9323586363511285
resnet,bandpass,20,independent_rms,all,auroc_NORM,absolute,404,3,0.932250304502289
resnet,bandpass,20,independent_rms,all,auroc_NORM,absolute,505,3,0.9320941791907265
resnet,bandpass,20,independent_rms,all,auroc_NORM,clean_drop,101,3,0.0013863000763246018
resnet,bandpass,20,independent_rms,all,auroc_NORM,clean_drop,202,3,0.0007956887400048333
resnet,bandpass,20,independent_rms,all,auroc_NORM,clean_drop,303,3,0.00121482292522046
resnet,bandpass,20,independent_rms,all,auroc_NORM,clean_drop,404,3,0.001323154774060013
resnet,bandpass,20,independent_rms,all,auroc_NORM,clean_drop,505,3,0.0014792800856225179
resnet,bandpass,20,independent_rms,all,auroc_NORM,normalized_robustness,101,3,0.998514514251016
resnet,bandpass,20,independent_rms,all,auroc_NORM,normalized_robustness,202,3,0.9991469241822997
resnet,bandpass,20,independent_rms,all,auroc_NORM,normalized_robustness,303,3,0.9986988933526083
resnet,bandpass,20,independent_rms,all,auroc_NORM,normalized_robustness,404,3,0.9985822472684891
resnet,bandpass,20,independent_rms,all,auroc_NORM,normalized_robustness,505,3,0.9984148440207635
resnet,bandpass,20,independent_rms,all,auroc_STTC,absolute,101,3,0.9225875087107127
resnet,bandpass,20,independent_rms,all,auroc_STTC,absolute,202,3,0.9235466153579787
resnet,bandpass,20,independent_rms,all,auroc_STTC,absolute,303,3,0.9232777215628202
resnet,bandpass,20,independent_rms,all,auroc_STTC,absolute,404,3,0.9225898537147404
resnet,bandpass,20,independent_rms,all,auroc_STTC,absolute,505,3,0.9225914170507589
resnet,bandpass,20,independent_rms,all,auroc_STTC,clean_drop,101,3,0.0014996300756147107
resnet,bandpass,20,independent_rms,all,auroc_STTC,clean_drop,202,3,0.0005405234283489083
resnet,bandpass,20,independent_rms,all,auroc_STTC,clean_drop,303,3,0.0008094172235073582
resnet,bandpass,20,independent_rms,all,auroc_STTC,clean_drop,404,3,0.0014972850715870845
resnet,bandpass,20,independent_rms,all,auroc_STTC,clean_drop,505,3,0.001495721735568704
resnet,bandpass,20,independent_rms,all,auroc_STTC,normalized_robustness,101,3,0.9983764161374985
resnet,bandpass,20,independent_rms,all,auroc_STTC,normalized_robustness,202,3,0.999415278383008
resnet,bandpass,20,independent_rms,all,auroc_STTC,normalized_robustness,303,3,0.9991252544054898
resnet,bandpass,20,independent_rms,all,auroc_STTC,normalized_robustness,404,3,0.9983805586658452
resnet,bandpass,20,independent_rms,all,auroc_STTC,normalized_robustness,505,3,0.9983780693555828
resnet,bandpass,20,independent_rms,all,brier,absolute,101,3,0.0969141696890195
resnet,bandpass,20,independent_rms,all,brier,absolute,202,3,0.0966132059693336
resnet,bandpass,20,independent_rms,all,brier,absolute,303,3,0.0967790161569913
resnet,bandpass,20,independent_rms,all,brier,absolute,404,3,0.09708407024542483
resnet,bandpass,20,independent_rms,all,brier,absolute,505,3,0.09703634182612098
resnet,bandpass,20,independent_rms,all,clean_agreement,absolute,101,3,0.9870559159715785
resnet,bandpass,20,independent_rms,all,clean_agreement,absolute,202,3,0.9873957367933272
resnet,bandpass,20,independent_rms,all,clean_agreement,absolute,303,3,0.9880753784368242
resnet,bandpass,20,independent_rms,all,clean_agreement,absolute,404,3,0.9872721655854185
resnet,bandpass,20,independent_rms,all,clean_agreement,absolute,505,3,0.9875193080012356
resnet,bandpass,20,independent_rms,all,ece,absolute,101,3,0.04746972057749136
resnet,bandpass,20,independent_rms,all,ece,absolute,202,3,0.04692716561269344
resnet,bandpass,20,independent_rms,all,ece,absolute,303,3,0.0470673247515248
resnet,bandpass,20,independent_rms,all,ece,absolute,404,3,0.04813556408145367
resnet,bandpass,20,independent_rms,all,ece,absolute,505,3,0.04796872798360333
resnet,bandpass,20,independent_rms,all,f1_CD,absolute,101,3,0.7129936615037732
resnet,bandpass,20,independent_rms,all,f1_CD,absolute,202,3,0.7112323360948988
resnet,bandpass,20,independent_rms,all,f1_CD,absolute,303,3,0.7131774379166794
resnet,bandpass,20,independent_rms,all,f1_CD,absolute,404,3,0.7130925758627839
resnet,bandpass,20,independent_rms,all,f1_CD,absolute,505,3,0.7109650359217737
resnet,bandpass,20,independent_rms,all,f1_CD,clean_drop,101,3,-0.0040905579289333876
resnet,bandpass,20,independent_rms,all,f1_CD,clean_drop,202,3,-0.0023292325200588992
resnet,bandpass,20,independent_rms,all,f1_CD,clean_drop,303,3,-0.0042743343418396584
resnet,bandpass,20,independent_rms,all,f1_CD,clean_drop,404,3,-0.004189472287944011
resnet,bandpass,20,independent_rms,all,f1_CD,clean_drop,505,3,-0.002061932346933896
resnet,bandpass,20,independent_rms,all,f1_CD,normalized_robustness,101,3,1.0057742604235533
resnet,bandpass,20,independent_rms,all,f1_CD,normalized_robustness,202,3,1.0032707066255606
resnet,bandpass,20,independent_rms,all,f1_CD,normalized_robustness,303,3,1.0060078513189599
resnet,bandpass,20,independent_rms,all,f1_CD,normalized_robustness,404,3,1.0058833357101513
resnet,bandpass,20,independent_rms,all,f1_CD,normalized_robustness,505,3,1.0029094433925023
resnet,bandpass,20,independent_rms,all,f1_HYP,absolute,101,3,0.592132027545564
resnet,bandpass,20,independent_rms,all,f1_HYP,absolute,202,3,0.5943572616452089
resnet,bandpass,20,independent_rms,all,f1_HYP,absolute,303,3,0.5942798091625731
resnet,bandpass,20,independent_rms,all,f1_HYP,absolute,404,3,0.5929377842755036
resnet,bandpass,20,independent_rms,all,f1_HYP,absolute,505,3,0.5970793194241603
resnet,bandpass,20,independent_rms,all,f1_HYP,clean_drop,101,3,0.009427179604555302
resnet,bandpass,20,independent_rms,all,f1_HYP,clean_drop,202,3,0.007201945504910452
resnet,bandpass,20,independent_rms,all,f1_HYP,clean_drop,303,3,0.0072793979875462505
resnet,bandpass,20,independent_rms,all,f1_HYP,clean_drop,404,3,0.008621422874615758
resnet,bandpass,20,independent_rms,all,f1_HYP,clean_drop,505,3,0.004479887725959086
resnet,bandpass,20,independent_rms,all,f1_HYP,normalized_robustness,101,3,0.9847927288527387
resnet,bandpass,20,independent_rms,all,f1_HYP,normalized_robustness,202,3,0.9881711346163518
resnet,bandpass,20,independent_rms,all,f1_HYP,normalized_robustness,303,3,0.988372267464524
resnet,bandpass,20,independent_rms,all,f1_HYP,normalized_robustness,404,3,0.9862306802356308
resnet,bandpass,20,independent_rms,all,f1_HYP,normalized_robustness,505,3,0.9930470307539524
resnet,bandpass,20,independent_rms,all,f1_MI,absolute,101,3,0.6846938634312901
resnet,bandpass,20,independent_rms,all,f1_MI,absolute,202,3,0.6847766746715654
resnet,bandpass,20,independent_rms,all,f1_MI,absolute,303,3,0.684227436493081
resnet,bandpass,20,independent_rms,all,f1_MI,absolute,404,3,0.6822909688730466
resnet,bandpass,20,independent_rms,all,f1_MI,absolute,505,3,0.6835706573699105
resnet,bandpass,20,independent_rms,all,f1_MI,clean_drop,101,3,0.00013511902446494695
resnet,bandpass,20,independent_rms,all,f1_MI,clean_drop,202,3,5.230778418955732e-05
resnet,bandpass,20,independent_rms,all,f1_MI,clean_drop,303,3,0.0006015459626740327
resnet,bandpass,20,independent_rms,all,f1_MI,clean_drop,404,3,0.0025380135827084427
resnet,bandpass,20,independent_rms,all,f1_MI,clean_drop,505,3,0.0012583250858444472
resnet,bandpass,20,independent_rms,all,f1_MI,normalized_robustness,101,3,0.9997867491475773
resnet,bandpass,20,independent_rms,all,f1_MI,normalized_robustness,202,3,0.9998758309552782
resnet,bandpass,20,independent_rms,all,f1_MI,normalized_robustness,303,3,0.9991714260020964
resnet,bandpass,20,independent_rms,all,f1_MI,normalized_robustness,404,3,0.9963368734830008
resnet,bandpass,20,independent_rms,all,f1_MI,normalized_robustness,505,3,0.9982468800514274
resnet,bandpass,20,independent_rms,all,f1_NORM,absolute,101,3,0.8455912978912887
resnet,bandpass,20,independent_rms,all,f1_NORM,absolute,202,3,0.844656870036043
resnet,bandpass,20,independent_rms,all,f1_NORM,absolute,303,3,0.8451613626560613
resnet,bandpass,20,independent_rms,all,f1_NORM,absolute,404,3,0.8445581044355069
resnet,bandpass,20,independent_rms,all,f1_NORM,absolute,505,3,0.8445948991040506
resnet,bandpass,20,independent_rms,all,f1_NORM,clean_drop,101,3,0.0012414485110416502
resnet,bandpass,20,independent_rms,all,f1_NORM,clean_drop,202,3,0.002175876366287355
resnet,bandpass,20,independent_rms,all,f1_NORM,clean_drop,303,3,0.0016713837462690357
resnet,bandpass,20,independent_rms,all,f1_NORM,clean_drop,404,3,0.0022746419668234763
resnet,bandpass,20,independent_rms,all,f1_NORM,clean_drop,505,3,0.0022378472982796938
resnet,bandpass,20,independent_rms,all,f1_NORM,normalized_robustness,101,3,0.9985354519123751
resnet,bandpass,20,independent_rms,all,f1_NORM,normalized_robustness,202,3,0.9974310122525759
resnet,bandpass,20,independent_rms,all,f1_NORM,normalized_robustness,303,3,0.9980242923200455
resnet,bandpass,20,independent_rms,all,f1_NORM,normalized_robustness,404,3,0.9973184956750902
resnet,bandpass,20,independent_rms,all,f1_NORM,normalized_robustness,505,3,0.997360723981641
resnet,bandpass,20,independent_rms,all,f1_STTC,absolute,101,3,0.7429120792861831
resnet,bandpass,20,independent_rms,all,f1_STTC,absolute,202,3,0.7428593840281064
resnet,bandpass,20,independent_rms,all,f1_STTC,absolute,303,3,0.7444954466733478
resnet,bandpass,20,independent_rms,all,f1_STTC,absolute,404,3,0.7406545248108748
resnet,bandpass,20,independent_rms,all,f1_STTC,absolute,505,3,0.7417550636836788
resnet,bandpass,20,independent_rms,all,f1_STTC,clean_drop,101,3,0.0036430337596218276
resnet,bandpass,20,independent_rms,all,f1_STTC,clean_drop,202,3,0.0036957290176985458
resnet,bandpass,20,independent_rms,all,f1_STTC,clean_drop,303,3,0.0020596663724572473
resnet,bandpass,20,independent_rms,all,f1_STTC,clean_drop,404,3,0.005900588234930115
resnet,bandpass,20,independent_rms,all,f1_STTC,clean_drop,505,3,0.004800049362126117
resnet,bandpass,20,independent_rms,all,f1_STTC,normalized_robustness,101,3,0.9951664285942731
resnet,bandpass,20,independent_rms,all,f1_STTC,normalized_robustness,202,3,0.9950828507603758
resnet,bandpass,20,independent_rms,all,f1_STTC,normalized_robustness,303,3,0.9973341843701399
resnet,bandpass,20,independent_rms,all,f1_STTC,normalized_robustness,404,3,0.9921762141137686
resnet,bandpass,20,independent_rms,all,f1_STTC,normalized_robustness,505,3,0.9935468771104942
resnet,bandpass,20,independent_rms,all,macro_ap,absolute,101,3,0.784114906823206
resnet,bandpass,20,independent_rms,all,macro_ap,absolute,202,3,0.7852170305121705
resnet,bandpass,20,independent_rms,all,macro_ap,absolute,303,3,0.7848458394488201
resnet,bandpass,20,independent_rms,all,macro_ap,absolute,404,3,0.7841338866129416
resnet,bandpass,20,independent_rms,all,macro_ap,absolute,505,3,0.783938257784108
resnet,bandpass,20,independent_rms,all,macro_ap,clean_drop,101,3,0.0019540343951271653
resnet,bandpass,20,independent_rms,all,macro_ap,clean_drop,202,3,0.0008519107061625286
resnet,bandpass,20,independent_rms,all,macro_ap,clean_drop,303,3,0.0012231017695129391
resnet,bandpass,20,independent_rms,all,macro_ap,clean_drop,404,3,0.0019350546053915618
resnet,bandpass,20,independent_rms,all,macro_ap,clean_drop,505,3,0.0021306834342251038
resnet,bandpass,20,independent_rms,all,macro_ap,normalized_robustness,101,3,0.9975105808488068
resnet,bandpass,20,independent_rms,all,macro_ap,normalized_robustness,202,3,0.9989171821142433
resnet,bandpass,20,independent_rms,all,macro_ap,normalized_robustness,303,3,0.9984448228895705
resnet,bandpass,20,independent_rms,all,macro_ap,normalized_robustness,404,3,0.9975372168678244
resnet,bandpass,20,independent_rms,all,macro_ap,normalized_robustness,505,3,0.9972855188197021
resnet,bandpass,20,independent_rms,all,macro_auroc,absolute,101,3,0.9065002653235439
resnet,bandpass,20,independent_rms,all,macro_auroc,absolute,202,3,0.9070431104809059
resnet,bandpass,20,independent_rms,all,macro_auroc,absolute,303,3,0.9070382818379361
resnet,bandpass,20,independent_rms,all,macro_auroc,absolute,404,3,0.9066891884281297
resnet,bandpass,20,independent_rms,all,macro_auroc,absolute,505,3,0.9064642884479216
resnet,bandpass,20,independent_rms,all,macro_auroc,clean_drop,101,3,0.0013344230984919288
resnet,bandpass,20,independent_rms,all,macro_auroc,clean_drop,202,3,0.0007915779411299765
resnet,bandpass,20,independent_rms,all,macro_auroc,clean_drop,303,3,0.0007964065840997033
resnet,bandpass,20,independent_rms,all,macro_auroc,clean_drop,404,3,0.0011454999939061183
resnet,bandpass,20,independent_rms,all,macro_auroc,clean_drop,505,3,0.0013703999741142558
resnet,bandpass,20,independent_rms,all,macro_auroc,normalized_robustness,101,3,0.9985296920168101
resnet,bandpass,20,independent_rms,all,macro_auroc,normalized_robustness,202,3,0.9991280396030989
resnet,bandpass,20,independent_rms,all,macro_auroc,normalized_robustness,303,3,0.9991227069110046
resnet,bandpass,20,independent_rms,all,macro_auroc,normalized_robustness,404,3,0.9987380913111813
resnet,bandpass,20,independent_rms,all,macro_auroc,normalized_robustness,505,3,0.9984902853468308
resnet,bandpass,20,independent_rms,all,macro_f1,absolute,101,3,0.71566458593162
resnet,bandpass,20,independent_rms,all,macro_f1,absolute,202,3,0.7155765052951645
resnet,bandpass,20,independent_rms,all,macro_f1,absolute,303,3,0.7162682985803484
resnet,bandpass,20,independent_rms,all,macro_f1,absolute,404,3,0.714706791651543
resnet,bandpass,20,independent_rms,all,macro_f1,absolute,505,3,0.7155929951007148
resnet,bandpass,20,independent_rms,all,macro_f1,clean_drop,101,3,0.002071244594150016
resnet,bandpass,20,independent_rms,all,macro_f1,clean_drop,202,3,0.002159325230605358
resnet,bandpass,20,independent_rms,all,macro_f1,clean_drop,303,3,0.0014675319454214113
resnet,bandpass,20,independent_rms,all,macro_f1,clean_drop,404,3,0.003029038874226786
resnet,bandpass,20,independent_rms,all,macro_f1,clean_drop,505,3,0.002142835425055075
resnet,bandpass,20,independent_rms,all,macro_f1,normalized_robustness,101,3,0.9971089797175484
resnet,bandpass,20,independent_rms,all,macro_f1,normalized_robustness,202,3,0.9969814916305166
resnet,bandpass,20,independent_rms,all,macro_f1,normalized_robustness,303,3,0.9979597712030776
resnet,bandpass,20,independent_rms,all,macro_f1,normalized_robustness,404,3,0.9957773800020148
resnet,bandpass,20,independent_rms,all,macro_f1,normalized_robustness,505,3,0.9970128005540388
resnet,bandpass,20,independent_rms,all,mean_confidence,absolute,101,3,0.8842541178067526
resnet,bandpass,20,independent_rms,all,mean_confidence,absolute,202,3,0.884458065032959
resnet,bandpass,20,independent_rms,all,mean_confidence,absolute,303,3,0.8843949238459269
resnet,bandpass,20,independent_rms,all,mean_confidence,absolute,404,3,0.8842345476150513
resnet,bandpass,20,independent_rms,all,mean_confidence,absolute,505,3,0.8843683004379272
resnet,bandpass,20,independent_rms,all,mean_entropy,absolute,101,3,0.2743613187358273
resnet,bandpass,20,independent_rms,all,mean_entropy,absolute,202,3,0.2740168742521109
resnet,bandpass,20,independent_rms,all,mean_entropy,absolute,303,3,0.2740882837676766
resnet,bandpass,20,independent_rms,all,mean_entropy,absolute,404,3,0.2742603860371026
resnet,bandpass,20,independent_rms,all,mean_entropy,absolute,505,3,0.27404980073606594
resnet,bandpass,20,independent_rms,all,mean_loss,absolute,101,3,0.31611721383133334
resnet,bandpass,20,independent_rms,all,mean_loss,absolute,202,3,0.31515664373616326
resnet,bandpass,20,independent_rms,all,mean_loss,absolute,303,3,0.3153957622083188
resnet,bandpass,20,independent_rms,all,mean_loss,absolute,404,3,0.31629020674022296
resnet,bandpass,20,independent_rms,all,mean_loss,absolute,505,3,0.3164175951267855
resnet,bandpass,20,independent_rms,all,micro_ap,absolute,101,3,0.8151526038691371
resnet,bandpass,20,independent_rms,all,micro_ap,absolute,202,3,0.8161944091667016
resnet,bandpass,20,independent_rms,all,micro_ap,absolute,303,3,0.8158430083596496
resnet,bandpass,20,independent_rms,all,micro_ap,absolute,404,3,0.8149826581113464
resnet,bandpass,20,independent_rms,all,micro_ap,absolute,505,3,0.8149651038348833
resnet,bandpass,20,independent_rms,all,micro_auroc,absolute,101,3,0.9152063117259736
resnet,bandpass,20,independent_rms,all,micro_auroc,absolute,202,3,0.9156418984760517
resnet,bandpass,20,independent_rms,all,micro_auroc,absolute,303,3,0.9156237095329228
resnet,bandpass,20,independent_rms,all,micro_auroc,absolute,404,3,0.9151748225380127
resnet,bandpass,20,independent_rms,all,micro_auroc,absolute,505,3,0.9150986857268281
resnet,bandpass,20,independent_rms,all,micro_f1,absolute,101,3,0.7482099853983023
resnet,bandpass,20,independent_rms,all,micro_f1,absolute,202,3,0.7477336497330184
resnet,bandpass,20,independent_rms,all,micro_f1,absolute,303,3,0.7485072069378574
resnet,bandpass,20,independent_rms,all,micro_f1,absolute,404,3,0.7469805060691614
resnet,bandpass,20,independent_rms,all,micro_f1,absolute,505,3,0.7474747331174956
resnet,bandpass,20,independent_rms,all,probability_shift,absolute,101,3,0.011805362378557468
resnet,bandpass,20,independent_rms,all,probability_shift,absolute,202,3,0.011791494674980566
resnet,bandpass,20,independent_rms,all,probability_shift,absolute,303,3,0.011738777160644467
resnet,bandpass,20,independent_rms,all,probability_shift,absolute,404,3,0.011751763833065768
resnet,bandpass,20,independent_rms,all,probability_shift,absolute,505,3,0.011686220765113801
resnet,bandpass,20,marginal_shift,all,ap_CD,absolute,101,3,0.8058131779823253
resnet,bandpass,20,marginal_shift,all,ap_CD,absolute,202,3,0.8058552718076015
resnet,bandpass,20,marginal_shift,all,ap_CD,absolute,303,3,0.8063045909766308
resnet,bandpass,20,marginal_shift,all,ap_CD,absolute,404,3,0.8057502006365906
resnet,bandpass,20,marginal_shift,all,ap_CD,absolute,505,3,0.8054226118806889
resnet,bandpass,20,marginal_shift,all,ap_CD,clean_drop,101,3,0.00077570465308933
resnet,bandpass,20,marginal_shift,all,ap_CD,clean_drop,202,3,0.0007336108278131285
resnet,bandpass,20,marginal_shift,all,ap_CD,clean_drop,303,3,0.0002842916587838899
resnet,bandpass,20,marginal_shift,all,ap_CD,clean_drop,404,3,0.0008386819988240127
resnet,bandpass,20,marginal_shift,all,ap_CD,clean_drop,505,3,0.0011662707547257882
resnet,bandpass,20,marginal_shift,all,ap_CD,normalized_robustness,101,3,0.9990460130563639
resnet,bandpass,20,marginal_shift,all,ap_CD,normalized_robustness,202,3,0.9991012005067127
resnet,bandpass,20,marginal_shift,all,ap_CD,normalized_robustness,303,3,0.9996560961679147
resnet,bandpass,20,marginal_shift,all,ap_CD,normalized_robustness,404,3,0.9989700924905631
resnet,bandpass,20,marginal_shift,all,ap_CD,normalized_robustness,505,3,0.9985618881213764
resnet,bandpass,20,marginal_shift,all,ap_HYP,absolute,101,3,0.6419132518146363
resnet,bandpass,20,marginal_shift,all,ap_HYP,absolute,202,3,0.6394963666623942
resnet,bandpass,20,marginal_shift,all,ap_HYP,absolute,303,3,0.6406740896990883
resnet,bandpass,20,marginal_shift,all,ap_HYP,absolute,404,3,0.6415336917130415
resnet,bandpass,20,marginal_shift,all,ap_HYP,absolute,505,3,0.6401122803202011
resnet,bandpass,20,marginal_shift,all,ap_HYP,clean_drop,101,3,-0.00031131083331185455
resnet,bandpass,20,marginal_shift,all,ap_HYP,clean_drop,202,3,0.0021055743189302887
resnet,bandpass,20,marginal_shift,all,ap_HYP,clean_drop,303,3,0.0009278512822361584
resnet,bandpass,20,marginal_shift,all,ap_HYP,clean_drop,404,3,6.824926828293461e-05
resnet,bandpass,20,marginal_shift,all,ap_HYP,clean_drop,505,3,0.0014896606611234005
resnet,bandpass,20,marginal_shift,all,ap_HYP,normalized_robustness,101,3,1.0004555182244508
resnet,bandpass,20,marginal_shift,all,ap_HYP,normalized_robustness,202,3,0.9966607481861844
resnet,bandpass,20,marginal_shift,all,ap_HYP,normalized_robustness,303,3,0.9985286165919662
resnet,bandpass,20,marginal_shift,all,ap_HYP,normalized_robustness,404,3,0.9998412658593704
resnet,bandpass,20,marginal_shift,all,ap_HYP,normalized_robustness,505,3,0.9975697580851236
resnet,bandpass,20,marginal_shift,all,ap_MI,absolute,101,3,0.761747008165638
resnet,bandpass,20,marginal_shift,all,ap_MI,absolute,202,3,0.7608993382190578
resnet,bandpass,20,marginal_shift,all,ap_MI,absolute,303,3,0.7606352481704315
resnet,bandpass,20,marginal_shift,all,ap_MI,absolute,404,3,0.7612068739381374
resnet,bandpass,20,marginal_shift,all,ap_MI,absolute,505,3,0.7618654954778404
resnet,bandpass,20,marginal_shift,all,ap_MI,clean_drop,101,3,0.0013630406993903794
resnet,bandpass,20,marginal_shift,all,ap_MI,clean_drop,202,3,0.0022107106459707446
resnet,bandpass,20,marginal_shift,all,ap_MI,clean_drop,303,3,0.002474800694597009
resnet,bandpass,20,marginal_shift,all,ap_MI,clean_drop,404,3,0.0019031749268911824
resnet,bandpass,20,marginal_shift,all,ap_MI,clean_drop,505,3,0.0012445533871879855
resnet,bandpass,20,marginal_shift,all,ap_MI,normalized_robustness,101,3,0.9982323296089971
resnet,bandpass,20,marginal_shift,all,ap_MI,normalized_robustness,202,3,0.9970944781680678
resnet,bandpass,20,marginal_shift,all,ap_MI,normalized_robustness,303,3,0.9967689432650025
resnet,bandpass,20,marginal_shift,all,ap_MI,normalized_robustness,404,3,0.9975296114611313
resnet,bandpass,20,marginal_shift,all,ap_MI,normalized_robustness,505,3,0.9983868954204064
resnet,bandpass,20,marginal_shift,all,ap_NORM,absolute,101,3,0.9062999331770886
resnet,bandpass,20,marginal_shift,all,ap_NORM,absolute,202,3,0.9045583469192063
resnet,bandpass,20,marginal_shift,all,ap_NORM,absolute,303,3,0.9043722726738671
resnet,bandpass,20,marginal_shift,all,ap_NORM,absolute,404,3,0.9052370370372502
resnet,bandpass,20,marginal_shift,all,ap_NORM,absolute,505,3,0.9051773300800338
resnet,bandpass,20,marginal_shift,all,ap_NORM,clean_drop,101,3,0.0007602885205579465
resnet,bandpass,20,marginal_shift,all,ap_NORM,clean_drop,202,3,0.0025018747784402162
resnet,bandpass,20,marginal_shift,all,ap_NORM,clean_drop,303,3,0.0026879490237793346
resnet,bandpass,20,marginal_shift,all,ap_NORM,clean_drop,404,3,0.0018231846603961783
resnet,bandpass,20,marginal_shift,all,ap_NORM,clean_drop,505,3,0.001882891617612607
resnet,bandpass,20,marginal_shift,all,ap_NORM,normalized_robustness,101,3,0.9991616565428556
resnet,bandpass,20,marginal_shift,all,ap_NORM,normalized_robustness,202,3,0.9972403148136716
resnet,bandpass,20,marginal_shift,all,ap_NORM,normalized_robustness,303,3,0.9970311492548234
resnet,bandpass,20,marginal_shift,all,ap_NORM,normalized_robustness,404,3,0.9979867871957945
resnet,bandpass,20,marginal_shift,all,ap_NORM,normalized_robustness,505,3,0.9979216787925633
resnet,bandpass,20,marginal_shift,all,ap_STTC,absolute,101,3,0.8114893033619416
resnet,bandpass,20,marginal_shift,all,ap_STTC,absolute,202,3,0.8101134229979357
resnet,bandpass,20,marginal_shift,all,ap_STTC,absolute,303,3,0.8116078336681486
resnet,bandpass,20,marginal_shift,all,ap_STTC,absolute,404,3,0.8111269612234064
resnet,bandpass,20,marginal_shift,all,ap_STTC,absolute,505,3,0.8106768770954323
resnet,bandpass,20,marginal_shift,all,ap_STTC,clean_drop,101,3,0.0004943085503099262
resnet,bandpass,20,marginal_shift,all,ap_STTC,clean_drop,202,3,0.0018701889143158956
resnet,bandpass,20,marginal_shift,all,ap_STTC,clean_drop,303,3,0.0003757782441029163
resnet,bandpass,20,marginal_shift,all,ap_STTC,clean_drop,404,3,0.0008566506888451434
resnet,bandpass,20,marginal_shift,all,ap_STTC,clean_drop,505,3,0.0013067348168190884
resnet,bandpass,20,marginal_shift,all,ap_STTC,normalized_robustness,101,3,0.9993873445587269
resnet,bandpass,20,marginal_shift,all,ap_STTC,normalized_robustness,202,3,0.9976880656699029
resnet,bandpass,20,marginal_shift,all,ap_STTC,normalized_robustness,303,3,0.9995398595024542
resnet,bandpass,20,marginal_shift,all,ap_STTC,normalized_robustness,404,3,0.9989408404901751
resnet,bandpass,20,marginal_shift,all,ap_STTC,normalized_robustness,505,3,0.9983798522412175
resnet,bandpass,20,marginal_shift,all,auroc_CD,absolute,101,3,0.8973189446579455
resnet,bandpass,20,marginal_shift,all,auroc_CD,absolute,202,3,0.8976331308308425
resnet,bandpass,20,marginal_shift,all,auroc_CD,absolute,303,3,0.8976129129303988
resnet,bandpass,20,marginal_shift,all,auroc_CD,absolute,404,3,0.8972263466739129
resnet,bandpass,20,marginal_shift,all,auroc_CD,absolute,505,3,0.8971810585769185
resnet,bandpass,20,marginal_shift,all,auroc_CD,clean_drop,101,3,0.0009300234204158523
resnet,bandpass,20,marginal_shift,all,auroc_CD,clean_drop,202,3,0.0006158372475188282
resnet,bandpass,20,marginal_shift,all,auroc_CD,clean_drop,303,3,0.0006360551479625739
resnet,bandpass,20,marginal_shift,all,auroc_CD,clean_drop,404,3,0.0010226214044484945
resnet,bandpass,20,marginal_shift,all,auroc_CD,clean_drop,505,3,0.0010679095014428281
resnet,bandpass,20,marginal_shift,all,auroc_CD,normalized_robustness,101,3,0.9989673301376546
resnet,bandpass,20,marginal_shift,all,auroc_CD,normalized_robustness,202,3,0.9993174778976464
resnet,bandpass,20,marginal_shift,all,auroc_CD,normalized_robustness,303,3,0.9992949073047793
resnet,bandpass,20,marginal_shift,all,auroc_CD,normalized_robustness,404,3,0.9988626457322272
resnet,bandpass,20,marginal_shift,all,auroc_CD,normalized_robustness,505,3,0.9988141214174094
resnet,bandpass,20,marginal_shift,all,auroc_HYP,absolute,101,3,0.8921440343135677
resnet,bandpass,20,marginal_shift,all,auroc_HYP,absolute,202,3,0.892060156107407
resnet,bandpass,20,marginal_shift,all,auroc_HYP,absolute,303,3,0.8923426579057558
resnet,bandpass,20,marginal_shift,all,auroc_HYP,absolute,404,3,0.8921406791853211
resnet,bandpass,20,marginal_shift,all,auroc_HYP,absolute,505,3,0.8917964430272383
resnet,bandpass,20,marginal_shift,all,auroc_HYP,clean_drop,101,3,0.0007052479573978662
resnet,bandpass,20,marginal_shift,all,auroc_HYP,clean_drop,202,3,0.000789126163558492
resnet,bandpass,20,marginal_shift,all,auroc_HYP,clean_drop,303,3,0.0005066243652097994
resnet,bandpass,20,marginal_shift,all,auroc_HYP,clean_drop,404,3,0.0007086030856444289
resnet,bandpass,20,marginal_shift,all,auroc_HYP,clean_drop,505,3,0.0010528392437271956
resnet,bandpass,20,marginal_shift,all,auroc_HYP,normalized_robustness,101,3,0.9992090173010618
resnet,bandpass,20,marginal_shift,all,auroc_HYP,normalized_robustness,202,3,0.9991149837188287
resnet,bandpass,20,marginal_shift,all,auroc_HYP,normalized_robustness,303,3,0.9994316600797913
resnet,bandpass,20,marginal_shift,all,auroc_HYP,normalized_robustness,404,3,0.9992028195006698
resnet,bandpass,20,marginal_shift,all,auroc_HYP,normalized_robustness,505,3,0.9988181893683183
resnet,bandpass,20,marginal_shift,all,auroc_MI,absolute,101,3,0.8897372983567013
resnet,bandpass,20,marginal_shift,all,auroc_MI,absolute,202,3,0.8888798432082013
resnet,bandpass,20,marginal_shift,all,auroc_MI,absolute,303,3,0.8882070707070707
resnet,bandpass,20,marginal_shift,all,auroc_MI,absolute,404,3,0.8888327302879541
resnet,bandpass,20,marginal_shift,all,auroc_MI,absolute,505,3,0.8894293683099654
resnet,bandpass,20,marginal_shift,all,auroc_MI,clean_drop,101,3,0.0006772953414745005
resnet,bandpass,20,marginal_shift,all,auroc_MI,clean_drop,202,3,0.0015347504899744606
resnet,bandpass,20,marginal_shift,all,auroc_MI,clean_drop,303,3,0.002207522991105123
resnet,bandpass,20,marginal_shift,all,auroc_MI,clean_drop,404,3,0.0015818634102216695
resnet,bandpass,20,marginal_shift,all,auroc_MI,clean_drop,505,3,0.0009852253882104793
resnet,bandpass,20,marginal_shift,all,auroc_MI,normalized_robustness,101,3,0.999237928952517
resnet,bandpass,20,marginal_shift,all,auroc_MI,normalized_robustness,202,3,0.9982768908794443
resnet,bandpass,20,marginal_shift,all,auroc_MI,normalized_robustness,303,3,0.9975215206478204
resnet,bandpass,20,marginal_shift,all,auroc_MI,normalized_robustness,404,3,0.9982249709818128
resnet,bandpass,20,marginal_shift,all,auroc_MI,normalized_robustness,505,3,0.9988936041838431
resnet,bandpass,20,marginal_shift,all,auroc_NORM,absolute,101,3,0.9329252061274115
resnet,bandpass,20,marginal_shift,all,auroc_NORM,absolute,202,3,0.9322828909541458
resnet,bandpass,20,marginal_shift,all,auroc_NORM,absolute,303,3,0.9320045302409515
resnet,bandpass,20,marginal_shift,all,auroc_NORM,absolute,404,3,0.9323105532310553
resnet,bandpass,20,marginal_shift,all,auroc_NORM,absolute,505,3,0.9325677689577115
resnet,bandpass,20,marginal_shift,all,auroc_NORM,clean_drop,101,3,0.000648253148937498
resnet,bandpass,20,marginal_shift,all,auroc_NORM,clean_drop,202,3,0.0012905683222032005
resnet,bandpass,20,marginal_shift,all,auroc_NORM,clean_drop,303,3,0.001568929035397404
resnet,bandpass,20,marginal_shift,all,auroc_NORM,clean_drop,404,3,0.0012629060452936287
resnet,bandpass,20,marginal_shift,all,auroc_NORM,clean_drop,505,3,0.0010056903186373978
resnet,bandpass,20,marginal_shift,all,auroc_NORM,normalized_robustness,101,3,0.9993053756962108
resnet,bandpass,20,marginal_shift,all,auroc_NORM,normalized_robustness,202,3,0.9986174580881766
resnet,bandpass,20,marginal_shift,all,auroc_NORM,normalized_robustness,303,3,0.9983187045817489
resnet,bandpass,20,marginal_shift,all,auroc_NORM,normalized_robustness,404,3,0.9986469778009762
resnet,bandpass,20,marginal_shift,all,auroc_NORM,normalized_robustness,505,3,0.9989223547059968
resnet,bandpass,20,marginal_shift,all,auroc_STTC,absolute,101,3,0.9236232188228785
resnet,bandpass,20,marginal_shift,all,auroc_STTC,absolute,202,3,0.9232126477010558
resnet,bandpass,20,marginal_shift,all,auroc_STTC,absolute,303,3,0.9232097164460212
resnet,bandpass,20,marginal_shift,all,auroc_STTC,absolute,404,3,0.9231854847377367
resnet,bandpass,20,marginal_shift,all,auroc_STTC,absolute,505,3,0.9233281391494123
resnet,bandpass,20,marginal_shift,all,auroc_STTC,clean_drop,101,3,0.0004639199634491146
resnet,bandpass,20,marginal_shift,all,auroc_STTC,clean_drop,202,3,0.0008744910852716744
resnet,bandpass,20,marginal_shift,all,auroc_STTC,clean_drop,303,3,0.0008774223403062628
resnet,bandpass,20,marginal_shift,all,auroc_STTC,clean_drop,404,3,0.00090165404859092
resnet,bandpass,20,marginal_shift,all,auroc_STTC,clean_drop,505,3,0.0007589996369151697
resnet,bandpass,20,marginal_shift,all,auroc_STTC,normalized_robustness,101,3,0.9994979760835477
resnet,bandpass,20,marginal_shift,all,auroc_STTC,normalized_robustness,202,3,0.9990534811070009
resnet,bandpass,20,marginal_shift,all,auroc_STTC,normalized_robustness,303,3,0.9990518436325261
resnet,bandpass,20,marginal_shift,all,auroc_STTC,normalized_robustness,404,3,0.9990240239452984
resnet,bandpass,20,marginal_shift,all,auroc_STTC,normalized_robustness,505,3,0.9991774652210633
resnet,bandpass,20,marginal_shift,all,brier,absolute,101,3,0.0966502378384272
resnet,bandpass,20,marginal_shift,all,brier,absolute,202,3,0.09689277162154514
resnet,bandpass,20,marginal_shift,all,brier,absolute,303,3,0.09686882545550661
resnet,bandpass,20,marginal_shift,all,brier,absolute,404,3,0.0967848350604375
resnet,bandpass,20,marginal_shift,all,brier,absolute,505,3,0.09676782786846157
resnet,bandpass,20,marginal_shift,all,clean_agreement,absolute,101,3,0.9876428792091443
resnet,bandpass,20,marginal_shift,all,clean_agreement,absolute,202,3,0.9870559159715785
resnet,bandpass,20,marginal_shift,all,clean_agreement,absolute,303,3,0.9872412727834415
resnet,bandpass,20,marginal_shift,all,clean_agreement,absolute,404,3,0.9876428792091443
resnet,bandpass,20,marginal_shift,all,clean_agreement,absolute,505,3,0.9871794871794872
resnet,bandpass,20,marginal_shift,all,ece,absolute,101,3,0.0464885453655878
resnet,bandpass,20,marginal_shift,all,ece,absolute,202,3,0.047069457973761164
resnet,bandpass,20,marginal_shift,all,ece,absolute,303,3,0.046359249993705304
resnet,bandpass,20,marginal_shift,all,ece,absolute,404,3,0.04698474482257133
resnet,bandpass,20,marginal_shift,all,ece,absolute,505,3,0.047094752763593296
resnet,bandpass,20,marginal_shift,all,f1_CD,absolute,101,3,0.712216438532228
resnet,bandpass,20,marginal_shift,all,f1_CD,absolute,202,3,0.7089081633267681
resnet,bandpass,20,marginal_shift,all,f1_CD,absolute,303,3,0.7122072770870617
resnet,bandpass,20,marginal_shift,all,f1_CD,absolute,404,3,0.7079378889679857
resnet,bandpass,20,marginal_shift,all,f1_CD,absolute,505,3,0.7079299294491737
resnet,bandpass,20,marginal_shift,all,f1_CD,clean_drop,101,3,-0.00331333495738817
resnet,bandpass,20,marginal_shift,all,f1_CD,clean_drop,202,3,-5.059751928141824e-06
resnet,bandpass,20,marginal_shift,all,f1_CD,clean_drop,303,3,-0.0033041735122219342
resnet,bandpass,20,marginal_shift,all,f1_CD,clean_drop,404,3,0.000965214606854059
resnet,bandpass,20,marginal_shift,all,f1_CD,clean_drop,505,3,0.0009731741256662207
resnet,bandpass,20,marginal_shift,all,f1_CD,normalized_robustness,101,3,1.0046641431472514
resnet,bandpass,20,marginal_shift,all,f1_CD,normalized_robustness,202,3,0.9999996734287359
resnet,bandpass,20,marginal_shift,all,f1_CD,normalized_robustness,303,3,1.0046519043226922
resnet,bandpass,20,marginal_shift,all,f1_CD,normalized_robustness,404,3,0.9986355540450579
resnet,bandpass,20,marginal_shift,all,f1_CD,normalized_robustness,505,3,0.9986184760862206
resnet,bandpass,20,marginal_shift,all,f1_HYP,absolute,101,3,0.6002850815141657
resnet,bandpass,20,marginal_shift,all,f1_HYP,absolute,202,3,0.5949971990211717
resnet,bandpass,20,marginal_shift,all,f1_HYP,absolute,303,3,0.5958749221265273
resnet,bandpass,20,marginal_shift,all,f1_HYP,absolute,404,3,0.5968387684233148
resnet,bandpass,20,marginal_shift,all,f1_HYP,absolute,505,3,0.5958910281735413
resnet,bandpass,20,marginal_shift,all,f1_HYP,clean_drop,101,3,0.001274125635953564
resnet,bandpass,20,marginal_shift,all,f1_HYP,clean_drop,202,3,0.006562008128947731
resnet,bandpass,20,marginal_shift,all,f1_HYP,clean_drop,303,3,0.005684285023592158
resnet,bandpass,20,marginal_shift,all,f1_HYP,clean_drop,404,3,0.004720438726804462
resnet,bandpass,20,marginal_shift,all,f1_HYP,clean_drop,505,3,0.005668178976578009
resnet,bandpass,20,marginal_shift,all,f1_HYP,normalized_robustness,101,3,0.9983584192987124
resnet,bandpass,20,marginal_shift,all,f1_HYP,normalized_robustness,202,3,0.989386535175831
resnet,bandpass,20,marginal_shift,all,f1_HYP,normalized_robustness,303,3,0.9908388157742788
resnet,bandpass,20,marginal_shift,all,f1_HYP,normalized_robustness,404,3,0.9923627796608407
resnet,bandpass,20,marginal_shift,all,f1_HYP,normalized_robustness,505,3,0.9910308369513614
resnet,bandpass,20,marginal_shift,all,f1_MI,absolute,101,3,0.6807274619662809
resnet,bandpass,20,marginal_shift,all,f1_MI,absolute,202,3,0.6813811697514146
resnet,bandpass,20,marginal_shift,all,f1_MI,absolute,303,3,0.681136493633438
resnet,bandpass,20,marginal_shift,all,f1_MI,absolute,404,3,0.684551378934413
resnet,bandpass,20,marginal_shift,all,f1_MI,absolute,505,3,0.6827384600253432
resnet,bandpass,20,marginal_shift,all,f1_MI,clean_drop,101,3,0.004101520489474024
resnet,bandpass,20,marginal_shift,all,f1_MI,clean_drop,202,3,0.0034478127043403952
resnet,bandpass,20,marginal_shift,all,f1_MI,clean_drop,303,3,0.003692488822317023
resnet,bandpass,20,marginal_shift,all,f1_MI,clean_drop,404,3,0.0002776035213421328
resnet,bandpass,20,marginal_shift,all,f1_MI,clean_drop,505,3,0.0020905224304118195
resnet,bandpass,20,marginal_shift,all,f1_MI,normalized_robustness,101,3,0.994026943030359
resnet,bandpass,20,marginal_shift,all,f1_MI,normalized_robustness,202,3,0.9950220457561881
resnet,bandpass,20,marginal_shift,all,f1_MI,normalized_robustness,303,3,0.9946111312334468
resnet,bandpass,20,marginal_shift,all,f1_MI,normalized_robustness,404,3,0.9995962265922138
resnet,bandpass,20,marginal_shift,all,f1_MI,normalized_robustness,505,3,0.9969387155139543
resnet,bandpass,20,marginal_shift,all,f1_NORM,absolute,101,3,0.8455129182104567
resnet,bandpass,20,marginal_shift,all,f1_NORM,absolute,202,3,0.8428763685615893
resnet,bandpass,20,marginal_shift,all,f1_NORM,absolute,303,3,0.8438351526641873
resnet,bandpass,20,marginal_shift,all,f1_NORM,absolute,404,3,0.8442339985790867
resnet,bandpass,20,marginal_shift,all,f1_NORM,absolute,505,3,0.8441792603429555
resnet,bandpass,20,marginal_shift,all,f1_NORM,clean_drop,101,3,0.0013198281918736694
resnet,bandpass,20,marginal_shift,all,f1_NORM,clean_drop,202,3,0.003956377840740988
resnet,bandpass,20,marginal_shift,all,f1_NORM,clean_drop,303,3,0.0029975937381431597
resnet,bandpass,20,marginal_shift,all,f1_NORM,clean_drop,404,3,0.0025987478232436154
resnet,bandpass,20,marginal_shift,all,f1_NORM,clean_drop,505,3,0.0026534860593748766
resnet,bandpass,20,marginal_shift,all,f1_NORM,normalized_robustness,101,3,0.9984438982192159
resnet,bandpass,20,marginal_shift,all,f1_NORM,normalized_robustness,202,3,0.9953271600029003
resnet,bandpass,20,marginal_shift,all,f1_NORM,normalized_robustness,303,3,0.9964593643342333
resnet,bandpass,20,marginal_shift,all,f1_NORM,normalized_robustness,404,3,0.9969346718965827
resnet,bandpass,20,marginal_shift,all,f1_NORM,normalized_robustness,505,3,0.9968692069895857
resnet,bandpass,20,marginal_shift,all,f1_STTC,absolute,101,3,0.7459127031148749
resnet,bandpass,20,marginal_shift,all,f1_STTC,absolute,202,3,0.7400317503380386
resnet,bandpass,20,marginal_shift,all,f1_STTC,absolute,303,3,0.7405472452436759
resnet,bandpass,20,marginal_shift,all,f1_STTC,absolute,404,3,0.7400270033791062
resnet,bandpass,20,marginal_shift,all,f1_STTC,absolute,505,3,0.7411262188745927
resnet,bandpass,20,marginal_shift,all,f1_STTC,clean_drop,101,3,0.0006424099309299732
resnet,bandpass,20,marginal_shift,all,f1_STTC,clean_drop,202,3,0.0065233627077663225
resnet,bandpass,20,marginal_shift,all,f1_STTC,clean_drop,303,3,0.006007867802129104
resnet,bandpass,20,marginal_shift,all,f1_STTC,clean_drop,404,3,0.006528109666698811
resnet,bandpass,20,marginal_shift,all,f1_STTC,clean_drop,505,3,0.005428894171212136
resnet,bandpass,20,marginal_shift,all,f1_STTC,normalized_robustness,101,3,0.9990956426463858
resnet,bandpass,20,marginal_shift,all,f1_STTC,normalized_robustness,202,3,0.9914269348466774
resnet,bandpass,20,marginal_shift,all,f1_STTC,normalized_robustness,303,3,0.9919766980261792
resnet,bandpass,20,marginal_shift,all,f1_STTC,normalized_robustness,404,3,0.9911976514294043
resnet,bandpass,20,marginal_shift,all,f1_STTC,normalized_robustness,505,3,0.9927876252849908
resnet,bandpass,20,marginal_shift,all,macro_ap,absolute,101,3,0.785452534900326
resnet,bandpass,20,marginal_shift,all,macro_ap,absolute,202,3,0.784184549321239
resnet,bandpass,20,marginal_shift,all,macro_ap,absolute,303,3,0.7847188070376333
resnet,bandpass,20,marginal_shift,all,macro_ap,absolute,404,3,0.7849709529096852
resnet,bandpass,20,marginal_shift,all,macro_ap,absolute,505,3,0.7846509189708394
resnet,bandpass,20,marginal_shift,all,macro_ap,clean_drop,101,3,0.0006164063180071899
resnet,bandpass,20,marginal_shift,all,macro_ap,clean_drop,202,3,0.0018843918970940694
resnet,bandpass,20,marginal_shift,all,macro_ap,clean_drop,303,3,0.0013501341806999208
resnet,bandpass,20,marginal_shift,all,macro_ap,clean_drop,404,3,0.0010979883086478977
resnet,bandpass,20,marginal_shift,all,macro_ap,clean_drop,505,3,0.0014180222474938404
resnet,bandpass,20,marginal_shift,all,macro_ap,normalized_robustness,101,3,0.9992148166202485
resnet,bandpass,20,marginal_shift,all,macro_ap,normalized_robustness,202,3,0.9976010929445919
resnet,bandpass,20,marginal_shift,all,macro_ap,normalized_robustness,303,3,0.9982834636189396
resnet,bandpass,20,marginal_shift,all,macro_ap,normalized_robustness,404,3,0.9986040149570755
resnet,bandpass,20,marginal_shift,all,macro_ap,normalized_robustness,505,3,0.9981928743528616
resnet,bandpass,20,marginal_shift,all,macro_auroc,absolute,101,3,0.9071497404557008
resnet,bandpass,20,marginal_shift,all,macro_auroc,absolute,202,3,0.9068137337603305
resnet,bandpass,20,marginal_shift,all,macro_auroc,absolute,303,3,0.9066753776460393
resnet,bandpass,20,marginal_shift,all,macro_auroc,absolute,404,3,0.906739158823196
resnet,bandpass,20,marginal_shift,all,macro_auroc,absolute,505,3,0.9068605556042493
resnet,bandpass,20,marginal_shift,all,macro_auroc,clean_drop,101,3,0.0006849479663349664
resnet,bandpass,20,marginal_shift,all,macro_auroc,clean_drop,202,3,0.0010209546617053016
resnet,bandpass,20,marginal_shift,all,macro_auroc,clean_drop,303,3,0.0011593107759964028
resnet,bandpass,20,marginal_shift,all,macro_auroc,clean_drop,404,3,0.0010955295988398135
resnet,bandpass,20,marginal_shift,all,macro_auroc,clean_drop,505,3,0.0009741328177865771
resnet,bandpass,20,marginal_shift,all,macro_auroc,normalized_robustness,101,3,0.9992454367847957
resnet,bandpass,20,marginal_shift,all,macro_auroc,normalized_robustness,202,3,0.9988753136423707
resnet,bandpass,20,marginal_shift,all,macro_auroc,normalized_robustness,303,3,0.9987229685052399
resnet,bandpass,20,marginal_shift,all,macro_auroc,normalized_robustness,404,3,0.9987933651386625
resnet,bandpass,20,marginal_shift,all,macro_auroc,normalized_robustness,505,3,0.9989267695869533
resnet,bandpass,20,marginal_shift,all,macro_f1,absolute,101,3,0.7169309206676013
resnet,bandpass,20,marginal_shift,all,macro_f1,absolute,202,3,0.7136389301997964
resnet,bandpass,20,marginal_shift,all,macro_f1,absolute,303,3,0.714720218150978
resnet,bandpass,20,marginal_shift,all,macro_f1,absolute,404,3,0.7147178076567812
resnet,bandpass,20,marginal_shift,all,macro_f1,absolute,505,3,0.7143729793731213
resnet,bandpass,20,marginal_shift,all,macro_f1,clean_drop,101,3,0.000804909858168612
resnet,bandpass,20,marginal_shift,all,macro_f1,clean_drop,202,3,0.004096900325973392
resnet,bandpass,20,marginal_shift,all,macro_f1,clean_drop,303,3,0.003015612374791865
resnet,bandpass,20,marginal_shift,all,macro_f1,clean_drop,404,3,0.003018022868988668
resnet,bandpass,20,marginal_shift,all,macro_f1,clean_drop,505,3,0.0033628511526485974
resnet,bandpass,20,marginal_shift,all,macro_f1,normalized_robustness,101,3,0.9988850097136387
resnet,bandpass,20,marginal_shift,all,macro_f1,normalized_robustness,202,3,0.9942873857522486
resnet,bandpass,20,marginal_shift,all,macro_f1,normalized_robustness,303,3,0.995798682119153
resnet,bandpass,20,marginal_shift,all,macro_f1,normalized_robustness,404,3,0.995790508664256
resnet,bandpass,20,marginal_shift,all,macro_f1,normalized_robustness,505,3,0.9953156490800276
resnet,bandpass,20,marginal_shift,all,mean_confidence,absolute,101,3,0.8842728137969971
resnet,bandpass,20,marginal_shift,all,mean_confidence,absolute,202,3,0.8840490778287252
resnet,bandpass,20,marginal_shift,all,mean_confidence,absolute,303,3,0.8842960993448893
resnet,bandpass,20,marginal_shift,all,mean_confidence,absolute,404,3,0.884371300538381
resnet,bandpass,20,marginal_shift,all,mean_confidence,absolute,505,3,0.884380042552948
resnet,bandpass,20,marginal_shift,all,mean_entropy,absolute,101,3,0.27424035180260037
resnet,bandpass,20,marginal_shift,all,mean_entropy,absolute,202,3,0.27443251138566055
resnet,bandpass,20,marginal_shift,all,mean_entropy,absolute,303,3,0.2740929395405044
resnet,bandpass,20,marginal_shift,all,mean_entropy,absolute,404,3,0.2742199450046077
resnet,bandpass,20,marginal_shift,all,mean_entropy,absolute,505,3,0.27401604624927406
resnet,bandpass,20,marginal_shift,all,mean_loss,absolute,101,3,0.31499847800721653
resnet,bandpass,20,marginal_shift,all,mean_loss,absolute,202,3,0.31589363412277366
resnet,bandpass,20,marginal_shift,all,mean_loss,absolute,303,3,0.3159061577109065
resnet,bandpass,20,marginal_shift,all,mean_loss,absolute,404,3,0.31563122500491886
resnet,bandpass,20,marginal_shift,all,mean_loss,absolute,505,3,0.31551031075418956
resnet,bandpass,20,marginal_shift,all,micro_ap,absolute,101,3,0.8163362428747586
resnet,bandpass,20,marginal_shift,all,micro_ap,absolute,202,3,0.8151494956990856
resnet,bandpass,20,marginal_shift,all,micro_ap,absolute,303,3,0.81546225351631
resnet,bandpass,20,marginal_shift,all,micro_ap,absolute,404,3,0.8157810920832493
resnet,bandpass,20,marginal_shift,all,micro_ap,absolute,505,3,0.8157656124618047
resnet,bandpass,20,marginal_shift,all,micro_auroc,absolute,101,3,0.9157573911744411
resnet,bandpass,20,marginal_shift,all,micro_auroc,absolute,202,3,0.9153750576493217
resnet,bandpass,20,marginal_shift,all,micro_auroc,absolute,303,3,0.9153157290038841
resnet,bandpass,20,marginal_shift,all,micro_auroc,absolute,404,3,0.9154210785862654
resnet,bandpass,20,marginal_shift,all,micro_auroc,absolute,505,3,0.9155455500694659
resnet,bandpass,20,marginal_shift,all,micro_f1,absolute,101,3,0.7486210558846564
resnet,bandpass,20,marginal_shift,all,micro_f1,absolute,202,3,0.7457113613214114
resnet,bandpass,20,marginal_shift,all,micro_f1,absolute,303,3,0.746525098874027
resnet,bandpass,20,marginal_shift,all,micro_f1,absolute,404,3,0.7467717412303676
resnet,bandpass,20,marginal_shift,all,micro_f1,absolute,505,3,0.7465399036868708
resnet,bandpass,20,marginal_shift,all,probability_shift,absolute,101,3,0.011733054493864302
resnet,bandpass,20,marginal_shift,all,probability_shift,absolute,202,3,0.011785278096795034
resnet,bandpass,20,marginal_shift,all,probability_shift,absolute,303,3,0.011742440052330433
resnet,bandpass,20,marginal_shift,all,probability_shift,absolute,404,3,0.0117380199953913
resnet,bandpass,20,marginal_shift,all,probability_shift,absolute,505,3,0.011634198327859167
tcn,bandpass,0,covariance,all,ap_CD,absolute,101,3,0.7648028582890577
tcn,bandpass,0,covariance,all,ap_CD,absolute,202,3,0.7674064110221007
tcn,bandpass,0,covariance,all,ap_CD,absolute,303,3,0.766846030282777
tcn,bandpass,0,covariance,all,ap_CD,absolute,404,3,0.7666141875079123
tcn,bandpass,0,covariance,all,ap_CD,absolute,505,3,0.7705554104322664
tcn,bandpass,0,covariance,all,ap_CD,clean_drop,101,3,0.07024504244865167
tcn,bandpass,0,covariance,all,ap_CD,clean_drop,202,3,0.06764148971560857
tcn,bandpass,0,covariance,all,ap_CD,clean_drop,303,3,0.06820187045493242
tcn,bandpass,0,covariance,all,ap_CD,clean_drop,404,3,0.06843371322979708
tcn,bandpass,0,covariance,all,ap_CD,clean_drop,505,3,0.0644924903054429
tcn,bandpass,0,covariance,all,ap_CD,normalized_robustness,101,3,0.9158805089960512
tcn,bandpass,0,covariance,all,ap_CD,normalized_robustness,202,3,0.9190108907047522
tcn,bandpass,0,covariance,all,ap_CD,normalized_robustness,303,3,0.9183359313326912
tcn,bandpass,0,covariance,all,ap_CD,normalized_robustness,404,3,0.9180471857933865
tcn,bandpass,0,covariance,all,ap_CD,normalized_robustness,505,3,0.9227635549055634
tcn,bandpass,0,covariance,all,ap_HYP,absolute,101,3,0.6148193779370416
tcn,bandpass,0,covariance,all,ap_HYP,absolute,202,3,0.6075972092106228
tcn,bandpass,0,covariance,all,ap_HYP,absolute,303,3,0.617604797183934
tcn,bandpass,0,covariance,all,ap_HYP,absolute,404,3,0.6218004073372815
tcn,bandpass,0,covariance,all,ap_HYP,absolute,505,3,0.6208831477148204
tcn,bandpass,0,covariance,all,ap_HYP,clean_drop,101,3,0.05666855988033085
tcn,bandpass,0,covariance,all,ap_HYP,clean_drop,202,3,0.06389072860674964
tcn,bandpass,0,covariance,all,ap_HYP,clean_drop,303,3,0.053883140633438464
tcn,bandpass,0,covariance,all,ap_HYP,clean_drop,404,3,0.049687530480091
tcn,bandpass,0,covariance,all,ap_HYP,clean_drop,505,3,0.050604790102552
tcn,bandpass,0,covariance,all,ap_HYP,normalized_robustness,101,3,0.9158130643194214
tcn,bandpass,0,covariance,all,ap_HYP,normalized_robustness,202,3,0.9050360006085953
tcn,bandpass,0,covariance,all,ap_HYP,normalized_robustness,303,3,0.9199017395917641
tcn,bandpass,0,covariance,all,ap_HYP,normalized_robustness,404,3,0.9261376784114952
tcn,bandpass,0,covariance,all,ap_HYP,normalized_robustness,505,3,0.9248128818450545
tcn,bandpass,0,covariance,all,ap_MI,absolute,101,3,0.705098670442435
tcn,bandpass,0,covariance,all,ap_MI,absolute,202,3,0.7015039431510065
tcn,bandpass,0,covariance,all,ap_MI,absolute,303,3,0.7079464853620038
tcn,bandpass,0,covariance,all,ap_MI,absolute,404,3,0.7064896517720459
tcn,bandpass,0,covariance,all,ap_MI,absolute,505,3,0.6981459340996062
tcn,bandpass,0,covariance,all,ap_MI,clean_drop,101,3,0.08923414234523275
tcn,bandpass,0,covariance,all,ap_MI,clean_drop,202,3,0.0928288696366613
tcn,bandpass,0,covariance,all,ap_MI,clean_drop,303,3,0.08638632742566417
tcn,bandpass,0,covariance,all,ap_MI,clean_drop,404,3,0.08784316101562202
tcn,bandpass,0,covariance,all,ap_MI,clean_drop,505,3,0.09618687868806171
tcn,bandpass,0,covariance,all,ap_MI,normalized_robustness,101,3,0.8881064712920185
tcn,bandpass,0,covariance,all,ap_MI,normalized_robustness,202,3,0.8835475423369418
tcn,bandpass,0,covariance,all,ap_MI,normalized_robustness,303,3,0.8916030665328457
tcn,bandpass,0,covariance,all,ap_MI,normalized_robustness,404,3,0.8898906806123574
tcn,bandpass,0,covariance,all,ap_MI,normalized_robustness,505,3,0.8793299702679359
tcn,bandpass,0,covariance,all,ap_NORM,absolute,101,3,0.8714759981661416
tcn,bandpass,0,covariance,all,ap_NORM,absolute,202,3,0.8761016516659502
tcn,bandpass,0,covariance,all,ap_NORM,absolute,303,3,0.8752852437733352
tcn,bandpass,0,covariance,all,ap_NORM,absolute,404,3,0.874356146408715
tcn,bandpass,0,covariance,all,ap_NORM,absolute,505,3,0.8763401541477401
tcn,bandpass,0,covariance,all,ap_NORM,clean_drop,101,3,0.05218084393186254
tcn,bandpass,0,covariance,all,ap_NORM,clean_drop,202,3,0.047555190432054105
tcn,bandpass,0,covariance,all,ap_NORM,clean_drop,303,3,0.048371598324669085
tcn,bandpass,0,covariance,all,ap_NORM,clean_drop,404,3,0.04930069568928941
tcn,bandpass,0,covariance,all,ap_NORM,clean_drop,505,3,0.04731668795026419
tcn,bandpass,0,covariance,all,ap_NORM,normalized_robustness,101,3,0.9435188964554829
tcn,bandpass,0,covariance,all,ap_NORM,normalized_robustness,202,3,0.9485245665454834
tcn,bandpass,0,covariance,all,ap_NORM,normalized_robustness,303,3,0.947639225655415
tcn,bandpass,0,covariance,all,ap_NORM,normalized_robustness,404,3,0.946637787706018
tcn,bandpass,0,covariance,all,ap_NORM,normalized_robustness,505,3,0.9487832895582856
tcn,bandpass,0,covariance,all,ap_STTC,absolute,101,3,0.7435318526821714
tcn,bandpass,0,covariance,all,ap_STTC,absolute,202,3,0.7451145412103073
tcn,bandpass,0,covariance,all,ap_STTC,absolute,303,3,0.7389633810661659
tcn,bandpass,0,covariance,all,ap_STTC,absolute,404,3,0.7415325879242465
tcn,bandpass,0,covariance,all,ap_STTC,absolute,505,3,0.7426034270556099
tcn,bandpass,0,covariance,all,ap_STTC,clean_drop,101,3,0.07673099213013927
tcn,bandpass,0,covariance,all,ap_STTC,clean_drop,202,3,0.07514830360200331
tcn,bandpass,0,covariance,all,ap_STTC,clean_drop,303,3,0.08129946374614472
tcn,bandpass,0,covariance,all,ap_STTC,clean_drop,404,3,0.07873025688806401
tcn,bandpass,0,covariance,all,ap_STTC,clean_drop,505,3,0.07765941775670071
tcn,bandpass,0,covariance,all,ap_STTC,normalized_robustness,101,3,0.9063872866706837
tcn,bandpass,0,covariance,all,ap_STTC,normalized_robustness,202,3,0.9082859311137589
tcn,bandpass,0,covariance,all,ap_STTC,normalized_robustness,303,3,0.9008040978068209
tcn,bandpass,0,covariance,all,ap_STTC,normalized_robustness,404,3,0.9039497271645102
tcn,bandpass,0,covariance,all,ap_STTC,normalized_robustness,505,3,0.9052328574475528
tcn,bandpass,0,covariance,all,auroc_CD,absolute,101,3,0.8710037297982739
tcn,bandpass,0,covariance,all,auroc_CD,absolute,202,3,0.8688751892395481
tcn,bandpass,0,covariance,all,auroc_CD,absolute,303,3,0.8686665405069679
tcn,bandpass,0,covariance,all,auroc_CD,absolute,404,3,0.8677490521848271
tcn,bandpass,0,covariance,all,auroc_CD,absolute,505,3,0.8745632933504134
tcn,bandpass,0,covariance,all,auroc_CD,clean_drop,101,3,0.04175481671260169
tcn,bandpass,0,covariance,all,auroc_CD,clean_drop,202,3,0.04388335727132745
tcn,bandpass,0,covariance,all,auroc_CD,clean_drop,303,3,0.04409200600390765
tcn,bandpass,0,covariance,all,auroc_CD,clean_drop,404,3,0.04500949432604843
tcn,bandpass,0,covariance,all,auroc_CD,clean_drop,505,3,0.038195253160462204
tcn,bandpass,0,covariance,all,auroc_CD,normalized_robustness,101,3,0.954254942914825
tcn,bandpass,0,covariance,all,auroc_CD,normalized_robustness,202,3,0.9519274734762688
tcn,bandpass,0,covariance,all,auroc_CD,normalized_robustness,303,3,0.9516976239210525
tcn,bandpass,0,covariance,all,auroc_CD,normalized_robustness,404,3,0.9506888470056801
tcn,bandpass,0,covariance,all,auroc_CD,normalized_robustness,505,3,0.9581644445823058
tcn,bandpass,0,covariance,all,auroc_HYP,absolute,101,3,0.8715026143159296
tcn,bandpass,0,covariance,all,auroc_HYP,absolute,202,3,0.8692902427502389
tcn,bandpass,0,covariance,all,auroc_HYP,absolute,303,3,0.8708872837955358
tcn,bandpass,0,covariance,all,auroc_HYP,absolute,404,3,0.8697069496784445
tcn,bandpass,0,covariance,all,auroc_HYP,absolute,505,3,0.8730218163859095
tcn,bandpass,0,covariance,all,auroc_HYP,clean_drop,101,3,0.025629824674418433
tcn,bandpass,0,covariance,all,auroc_HYP,clean_drop,202,3,0.027842196240109123
tcn,bandpass,0,covariance,all,auroc_HYP,clean_drop,303,3,0.026245155194812186
tcn,bandpass,0,covariance,all,auroc_HYP,clean_drop,404,3,0.027425489311903473
tcn,bandpass,0,covariance,all,auroc_HYP,clean_drop,505,3,0.024110622604438487
tcn,bandpass,0,covariance,all,auroc_HYP,normalized_robustness,101,3,0.9715003791557993
tcn,bandpass,0,covariance,all,auroc_HYP,normalized_robustness,202,3,0.9690372171598263
tcn,bandpass,0,covariance,all,auroc_HYP,normalized_robustness,303,3,0.9708086683343452
tcn,bandpass,0,covariance,all,auroc_HYP,normalized_robustness,404,3,0.9694917574180121
tcn,bandpass,0,covariance,all,auroc_HYP,normalized_robustness,505,3,0.9731893779207761
tcn,bandpass,0,covariance,all,auroc_MI,absolute,101,3,0.8511597316448064
tcn,bandpass,0,covariance,all,auroc_MI,absolute,202,3,0.8540347504899745
tcn,bandpass,0,covariance,all,auroc_MI,absolute,303,3,0.85707127242575
tcn,bandpass,0,covariance,all,auroc_MI,absolute,404,3,0.8568000904568068
tcn,bandpass,0,covariance,all,auroc_MI,absolute,505,3,0.8504470073873059
tcn,bandpass,0,covariance,all,auroc_MI,clean_drop,101,3,0.05845846524950996
tcn,bandpass,0,covariance,all,auroc_MI,clean_drop,202,3,0.05558344640434184
tcn,bandpass,0,covariance,all,auroc_MI,clean_drop,303,3,0.05254692446856627
tcn,bandpass,0,covariance,all,auroc_MI,clean_drop,404,3,0.05281810643750939
tcn,bandpass,0,covariance,all,auroc_MI,clean_drop,505,3,0.059171189507010356
tcn,bandpass,0,covariance,all,auroc_MI,normalized_robustness,101,3,0.935821041860415
tcn,bandpass,0,covariance,all,auroc_MI,normalized_robustness,202,3,0.9389845711155375
tcn,bandpass,0,covariance,all,auroc_MI,normalized_robustness,303,3,0.9423168824346272
tcn,bandpass,0,covariance,all,auroc_MI,normalized_robustness,404,3,0.9420200181910948
tcn,bandpass,0,covariance,all,auroc_MI,normalized_robustness,505,3,0.9350352396223075
tcn,bandpass,0,covariance,all,auroc_NORM,absolute,101,3,0.9054616341598707
tcn,bandpass,0,covariance,all,auroc_NORM,absolute,202,3,0.9094099534955126
tcn,bandpass,0,covariance,all,auroc_NORM,absolute,303,3,0.9073003790166423
tcn,bandpass,0,covariance,all,auroc_NORM,absolute,404,3,0.9051375075854019
tcn,bandpass,0,covariance,all,auroc_NORM,absolute,505,3,0.9071994334302237
tcn,bandpass,0,covariance,all,auroc_NORM,clean_drop,101,3,0.03775466312126067
tcn,bandpass,0,covariance,all,auroc_NORM,clean_drop,202,3,0.03380634378561879
tcn,bandpass,0,covariance,all,auroc_NORM,clean_drop,303,3,0.035915918264489144
tcn,bandpass,0,covariance,all,auroc_NORM,clean_drop,404,3,0.038078789695729455
tcn,bandpass,0,covariance,all,auroc_NORM,clean_drop,505,3,0.0360168638509076
tcn,bandpass,0,covariance,all,auroc_NORM,normalized_robustness,101,3,0.9599753513080435
tcn,bandpass,0,covariance,all,auroc_NORM,normalized_robustness,202,3,0.9641608261868878
tcn,bandpass,0,covariance,all,auroc_NORM,normalized_robustness,303,3,0.961923845163
tcn,bandpass,0,covariance,all,auroc_NORM,normalized_robustness,404,3,0.9596313784411951
tcn,bandpass,0,covariance,all,auroc_NORM,normalized_robustness,505,3,0.9618161625283537
tcn,bandpass,0,covariance,all,auroc_STTC,absolute,101,3,0.8892591389692379
tcn,bandpass,0,covariance,all,auroc_STTC,absolute,202,3,0.8913020283112335
tcn,bandpass,0,covariance,all,auroc_STTC,absolute,303,3,0.8881905988006867
tcn,bandpass,0,covariance,all,auroc_STTC,absolute,404,3,0.8908068416274172
tcn,bandpass,0,covariance,all,auroc_STTC,absolute,505,3,0.8889914176760931
tcn,bandpass,0,covariance,all,auroc_STTC,clean_drop,101,3,0.04231872434907565
tcn,bandpass,0,covariance,all,auroc_STTC,clean_drop,202,3,0.04027583500708002
tcn,bandpass,0,covariance,all,auroc_STTC,clean_drop,303,3,0.04338726451762687
tcn,bandpass,0,covariance,all,auroc_STTC,clean_drop,404,3,0.040771021690896414
tcn,bandpass,0,covariance,all,auroc_STTC,clean_drop,505,3,0.04258644564222044
tcn,bandpass,0,covariance,all,auroc_STTC,normalized_robustness,101,3,0.9545901566564029
tcn,bandpass,0,covariance,all,auroc_STTC,normalized_robustness,202,3,0.9567824237331237
tcn,bandpass,0,covariance,all,auroc_STTC,normalized_robustness,303,3,0.9534474201701056
tcn,bandpass,0,covariance,all,auroc_STTC,normalized_robustness,404,3,0.9562535380134757
tcn,bandpass,0,covariance,all,auroc_STTC,normalized_robustness,505,3,0.9543024426486045
tcn,bandpass,0,covariance,all,brier,absolute,101,3,0.1705251981814702
tcn,bandpass,0,covariance,all,brier,absolute,202,3,0.1707704812288284
tcn,bandpass,0,covariance,all,brier,absolute,303,3,0.17072895169258115
tcn,bandpass,0,covariance,all,brier,absolute,404,3,0.1703169594208399
tcn,bandpass,0,covariance,all,brier,absolute,505,3,0.17026898761590317
tcn,bandpass,0,covariance,all,clean_agreement,absolute,101,3,0.6793327154772938
tcn,bandpass,0,covariance,all,clean_agreement,absolute,202,3,0.6760271856657399
tcn,bandpass,0,covariance,all,clean_agreement,absolute,303,3,0.6754402224281743
tcn,bandpass,0,covariance,all,clean_agreement,absolute,404,3,0.6787457522397281
tcn,bandpass,0,covariance,all,clean_agreement,absolute,505,3,0.6765832561013284
tcn,bandpass,0,covariance,all,ece,absolute,101,3,0.19611842343793726
tcn,bandpass,0,covariance,all,ece,absolute,202,3,0.1966996260964423
tcn,bandpass,0,covariance,all,ece,absolute,303,3,0.19564459083845231
tcn,bandpass,0,covariance,all,ece,absolute,404,3,0.19618919755751937
tcn,bandpass,0,covariance,all,ece,absolute,505,3,0.19554366350909336
tcn,bandpass,0,covariance,all,f1_CD,absolute,101,3,0.5505019281106488
tcn,bandpass,0,covariance,all,f1_CD,absolute,202,3,0.5432357157860039
tcn,bandpass,0,covariance,all,f1_CD,absolute,303,3,0.5503640098270297
tcn,bandpass,0,covariance,all,f1_CD,absolute,404,3,0.5497941867892869
tcn,bandpass,0,covariance,all,f1_CD,absolute,505,3,0.5548193791866534
tcn,bandpass,0,covariance,all,f1_CD,clean_drop,101,3,0.19337455533761194
tcn,bandpass,0,covariance,all,f1_CD,clean_drop,202,3,0.20064076766225689
tcn,bandpass,0,covariance,all,f1_CD,clean_drop,303,3,0.19351247362123106
tcn,bandpass,0,covariance,all,f1_CD,clean_drop,404,3,0.19408229665897384
tcn,bandpass,0,covariance,all,f1_CD,clean_drop,505,3,0.1890571042616074
tcn,bandpass,0,covariance,all,f1_CD,normalized_robustness,101,3,0.7397723066364185
tcn,bandpass,0,covariance,all,f1_CD,normalized_robustness,202,3,0.7300272534300967
tcn,bandpass,0,covariance,all,f1_CD,normalized_robustness,303,3,0.7396186542575142
tcn,bandpass,0,covariance,all,f1_CD,normalized_robustness,404,3,0.738862634951364
tcn,bandpass,0,covariance,all,f1_CD,normalized_robustness,505,3,0.7456353899798609
tcn,bandpass,0,covariance,all,f1_HYP,absolute,101,3,0.48766576729977773
tcn,bandpass,0,covariance,all,f1_HYP,absolute,202,3,0.4789660923366667
tcn,bandpass,0,covariance,all,f1_HYP,absolute,303,3,0.4850162958726374
tcn,bandpass,0,covariance,all,f1_HYP,absolute,404,3,0.48397534083887295
tcn,bandpass,0,covariance,all,f1_HYP,absolute,505,3,0.4886934373973639
tcn,bandpass,0,covariance,all,f1_HYP,clean_drop,101,3,0.12574141690058657
tcn,bandpass,0,covariance,all,f1_HYP,clean_drop,202,3,0.13444109186369768
tcn,bandpass,0,covariance,all,f1_HYP,clean_drop,303,3,0.1283908883277269
tcn,bandpass,0,covariance,all,f1_HYP,clean_drop,404,3,0.1294318433614914
tcn,bandpass,0,covariance,all,f1_HYP,clean_drop,505,3,0.12471374680300044
tcn,bandpass,0,covariance,all,f1_HYP,normalized_robustness,101,3,0.7953505317292177
tcn,bandpass,0,covariance,all,f1_HYP,normalized_robustness,202,3,0.7813881107426184
tcn,bandpass,0,covariance,all,f1_HYP,normalized_robustness,303,3,0.7908411398984784
tcn,bandpass,0,covariance,all,f1_HYP,normalized_robustness,404,3,0.7888090752356619
tcn,bandpass,0,covariance,all,f1_HYP,normalized_robustness,505,3,0.7967952038955097
tcn,bandpass,0,covariance,all,f1_MI,absolute,101,3,0.5176970494339627
tcn,bandpass,0,covariance,all,f1_MI,absolute,202,3,0.5161628593714814
tcn,bandpass,0,covariance,all,f1_MI,absolute,303,3,0.5182164636865833
tcn,bandpass,0,covariance,all,f1_MI,absolute,404,3,0.5175814919171059
tcn,bandpass,0,covariance,all,f1_MI,absolute,505,3,0.5125749483136592
tcn,bandpass,0,covariance,all,f1_MI,clean_drop,101,3,0.19701185561891585
tcn,bandpass,0,covariance,all,f1_MI,clean_drop,202,3,0.19854604568139722
tcn,bandpass,0,covariance,all,f1_MI,clean_drop,303,3,0.19649244136629532
tcn,bandpass,0,covariance,all,f1_MI,clean_drop,404,3,0.19712741313577267
tcn,bandpass,0,covariance,all,f1_MI,clean_drop,505,3,0.20213395673921938
tcn,bandpass,0,covariance,all,f1_MI,normalized_robustness,101,3,0.7251931110071465
tcn,bandpass,0,covariance,all,f1_MI,normalized_robustness,202,3,0.7230783434095017
tcn,bandpass,0,covariance,all,f1_MI,normalized_robustness,303,3,0.7259612188556002
tcn,bandpass,0,covariance,all,f1_MI,normalized_robustness,404,3,0.7250407156612234
tcn,bandpass,0,covariance,all,f1_MI,normalized_robustness,505,3,0.7179652341236472
tcn,bandpass,0,covariance,all,f1_NORM,absolute,101,3,0.26752833108048113
tcn,bandpass,0,covariance,all,f1_NORM,absolute,202,3,0.2768363404823752
tcn,bandpass,0,covariance,all,f1_NORM,absolute,303,3,0.26223434586123395
tcn,bandpass,0,covariance,all,f1_NORM,absolute,404,3,0.27942163055970537
tcn,bandpass,0,covariance,all,f1_NORM,absolute,505,3,0.2770803078980942
tcn,bandpass,0,covariance,all,f1_NORM,clean_drop,101,3,0.5901676997865987
tcn,bandpass,0,covariance,all,f1_NORM,clean_drop,202,3,0.5808596903847046
tcn,bandpass,0,covariance,all,f1_NORM,clean_drop,303,3,0.595461685005846
tcn,bandpass,0,covariance,all,f1_NORM,clean_drop,404,3,0.5782744003073746
tcn,bandpass,0,covariance,all,f1_NORM,clean_drop,505,3,0.5806157229689858
tcn,bandpass,0,covariance,all,f1_NORM,normalized_robustness,101,3,0.3116411212162602
tcn,bandpass,0,covariance,all,f1_NORM,normalized_robustness,202,3,0.32247575063406414
tcn,bandpass,0,covariance,all,f1_NORM,normalized_robustness,303,3,0.30546119781405057
tcn,bandpass,0,covariance,all,f1_NORM,normalized_robustness,404,3,0.32550030635535293
tcn,bandpass,0,covariance,all,f1_NORM,normalized_robustness,505,3,0.32276043096677215
tcn,bandpass,0,covariance,all,f1_STTC,absolute,101,3,0.5732187705768553
tcn,bandpass,0,covariance,all,f1_STTC,absolute,202,3,0.5690445053744457
tcn,bandpass,0,covariance,all,f1_STTC,absolute,303,3,0.5676871695311949
tcn,bandpass,0,covariance,all,f1_STTC,absolute,404,3,0.5706952420994448
tcn,bandpass,0,covariance,all,f1_STTC,absolute,505,3,0.5686575800094372
tcn,bandpass,0,covariance,all,f1_STTC,clean_drop,101,3,0.20001627064252062
tcn,bandpass,0,covariance,all,f1_STTC,clean_drop,202,3,0.2041905358449301
tcn,bandpass,0,covariance,all,f1_STTC,clean_drop,303,3,0.20554787168818098
tcn,bandpass,0,covariance,all,f1_STTC,clean_drop,404,3,0.20253979911993114
tcn,bandpass,0,covariance,all,f1_STTC,clean_drop,505,3,0.2045774612099387
tcn,bandpass,0,covariance,all,f1_STTC,normalized_robustness,101,3,0.7416007297910499
tcn,bandpass,0,covariance,all,f1_STTC,normalized_robustness,202,3,0.7361892967159133
tcn,bandpass,0,covariance,all,f1_STTC,normalized_robustness,303,3,0.734438745433768
tcn,bandpass,0,covariance,all,f1_STTC,normalized_robustness,404,3,0.7383516864950175
tcn,bandpass,0,covariance,all,f1_STTC,normalized_robustness,505,3,0.7357518201768466
tcn,bandpass,0,covariance,all,macro_ap,absolute,101,3,0.7399457515033695
tcn,bandpass,0,covariance,all,macro_ap,absolute,202,3,0.7395447512519976
tcn,bandpass,0,covariance,all,macro_ap,absolute,303,3,0.7413291875336432
tcn,bandpass,0,covariance,all,macro_ap,absolute,404,3,0.7421585961900402
tcn,bandpass,0,covariance,all,macro_ap,absolute,505,3,0.7417056146900086
tcn,bandpass,0,covariance,all,macro_ap,clean_drop,101,3,0.06901191614724345
tcn,bandpass,0,covariance,all,macro_ap,clean_drop,202,3,0.06941291639861531
tcn,bandpass,0,covariance,all,macro_ap,clean_drop,303,3,0.0676284801169698
tcn,bandpass,0,covariance,all,macro_ap,clean_drop,404,3,0.06679907146057273
tcn,bandpass,0,covariance,all,macro_ap,clean_drop,505,3,0.06725205296060437
tcn,bandpass,0,covariance,all,macro_ap,normalized_robustness,101,3,0.9147758193523506
tcn,bandpass,0,covariance,all,macro_ap,normalized_robustness,202,3,0.9142840753078545
tcn,bandpass,0,covariance,all,macro_ap,normalized_robustness,303,3,0.9164747567589314
tcn,bandpass,0,covariance,all,macro_ap,normalized_robustness,404,3,0.9175050529688358
tcn,bandpass,0,covariance,all,macro_ap,normalized_robustness,505,3,0.9169492222358177
tcn,bandpass,0,covariance,all,macro_auroc,absolute,101,3,0.8776773697776238
tcn,bandpass,0,covariance,all,macro_auroc,absolute,202,3,0.8785824328573014
tcn,bandpass,0,covariance,all,macro_auroc,absolute,303,3,0.8784232149091166
tcn,bandpass,0,covariance,all,macro_auroc,absolute,404,3,0.8780400883065796
tcn,bandpass,0,covariance,all,macro_auroc,absolute,505,3,0.8788445936459892
tcn,bandpass,0,covariance,all,macro_auroc,clean_drop,101,3,0.04118329882137325
tcn,bandpass,0,covariance,all,macro_auroc,clean_drop,202,3,0.04027823574169546
tcn,bandpass,0,covariance,all,macro_auroc,clean_drop,303,3,0.04043745368988035
tcn,bandpass,0,covariance,all,macro_auroc,clean_drop,404,3,0.040820580292417384
tcn,bandpass,0,covariance,all,macro_auroc,clean_drop,505,3,0.040016074953007776
tcn,bandpass,0,covariance,all,macro_auroc,normalized_robustness,101,3,0.9552060752507753
tcn,bandpass,0,covariance,all,macro_auroc,normalized_robustness,202,3,0.9561918964555285
tcn,bandpass,0,covariance,all,macro_auroc,normalized_robustness,303,3,0.9560162276460772
tcn,bandpass,0,covariance,all,macro_auroc,normalized_robustness,404,3,0.9555986007535667
tcn,bandpass,0,covariance,all,macro_auroc,normalized_robustness,505,3,0.9564754252853122
tcn,bandpass,0,covariance,all,macro_f1,absolute,101,3,0.47932236930034516
tcn,bandpass,0,covariance,all,macro_f1,absolute,202,3,0.4768491026701945
tcn,bandpass,0,covariance,all,macro_f1,absolute,303,3,0.47670365695573585
tcn,bandpass,0,covariance,all,macro_f1,absolute,404,3,0.4802935784408831
tcn,bandpass,0,covariance,all,macro_f1,absolute,505,3,0.4803651305610415
tcn,bandpass,0,covariance,all,macro_f1,clean_drop,101,3,0.26126235965724676
tcn,bandpass,0,covariance,all,macro_f1,clean_drop,202,3,0.2637356262873974
tcn,bandpass,0,covariance,all,macro_f1,clean_drop,303,3,0.26388107200185607
tcn,bandpass,0,covariance,all,macro_f1,clean_drop,404,3,0.26029115051670876
tcn,bandpass,0,covariance,all,macro_f1,clean_drop,505,3,0.26021959839655034
tcn,bandpass,0,covariance,all,macro_f1,normalized_robustness,101,3,0.6480950312292957
tcn,bandpass,0,covariance,all,macro_f1,normalized_robustness,202,3,0.6447991749240113
tcn,bandpass,0,covariance,all,macro_f1,normalized_robustness,303,3,0.6445774863471959
tcn,bandpass,0,covariance,all,macro_f1,normalized_robustness,404,3,0.6494107385327826
tcn,bandpass,0,covariance,all,macro_f1,normalized_robustness,505,3,0.6495081223845172
tcn,bandpass,0,covariance,all,mean_confidence,absolute,101,3,0.7802871465682983
tcn,bandpass,0,covariance,all,mean_confidence,absolute,202,3,0.7802906036376953
tcn,bandpass,0,covariance,all,mean_confidence,absolute,303,3,0.7806519865989685
tcn,bandpass,0,covariance,all,mean_confidence,absolute,404,3,0.7807947595914205
tcn,bandpass,0,covariance,all,mean_confidence,absolute,505,3,0.7806947231292725
tcn,bandpass,0,covariance,all,mean_entropy,absolute,101,3,0.4549396505111574
tcn,bandpass,0,covariance,all,mean_entropy,absolute,202,3,0.45463844358104216
tcn,bandpass,0,covariance,all,mean_entropy,absolute,303,3,0.45434566695137585
tcn,bandpass,0,covariance,all,mean_entropy,absolute,404,3,0.4544927055148353
tcn,bandpass,0,covariance,all,mean_entropy,absolute,505,3,0.4544220924290599
tcn,bandpass,0,covariance,all,mean_loss,absolute,101,3,0.5318913001215392
tcn,bandpass,0,covariance,all,mean_loss,absolute,202,3,0.5321055405458536
tcn,bandpass,0,covariance,all,mean_loss,absolute,303,3,0.5320945799910809
tcn,bandpass,0,covariance,all,mean_loss,absolute,404,3,0.5315087243244438
tcn,bandpass,0,covariance,all,mean_loss,absolute,505,3,0.5308407574380924
tcn,bandpass,0,covariance,all,micro_ap,absolute,101,3,0.6253120100724042
tcn,bandpass,0,covariance,all,micro_ap,absolute,202,3,0.6257140070174599
tcn,bandpass,0,covariance,all,micro_ap,absolute,303,3,0.6258365812773574
tcn,bandpass,0,covariance,all,micro_ap,absolute,404,3,0.6273151748288046
tcn,bandpass,0,covariance,all,micro_ap,absolute,505,3,0.6266355115530903
tcn,bandpass,0,covariance,all,micro_auroc,absolute,101,3,0.7659865584232736
tcn,bandpass,0,covariance,all,micro_auroc,absolute,202,3,0.7659270357226364
tcn,bandpass,0,covariance,all,micro_auroc,absolute,303,3,0.7662489732987211
tcn,bandpass,0,covariance,all,micro_auroc,absolute,404,3,0.7663194750454566
tcn,bandpass,0,covariance,all,micro_auroc,absolute,505,3,0.7667345143353651
tcn,bandpass,0,covariance,all,micro_f1,absolute,101,3,0.4921262303138278
tcn,bandpass,0,covariance,all,micro_f1,absolute,202,3,0.4900795436317685
tcn,bandpass,0,covariance,all,micro_f1,absolute,303,3,0.49027541604166514
tcn,bandpass,0,covariance,all,micro_f1,absolute,404,3,0.4927684133376113
tcn,bandpass,0,covariance,all,micro_f1,absolute,505,3,0.4929072143774747
tcn,bandpass,0,covariance,all,probability_shift,absolute,101,3,0.23925521969795224
tcn,bandpass,0,covariance,all,probability_shift,absolute,202,3,0.2396493703126907
tcn,bandpass,0,covariance,all,probability_shift,absolute,303,3,0.23964777092138925
tcn,bandpass,0,covariance,all,probability_shift,absolute,404,3,0.23903301358222961
tcn,bandpass,0,covariance,all,probability_shift,absolute,505,3,0.2392269273598988
tcn,bandpass,0,electrode,all,ap_CD,absolute,101,3,0.7716315021643778
tcn,bandpass,0,electrode,all,ap_CD,absolute,202,3,0.7686825745460939
tcn,bandpass,0,electrode,all,ap_CD,absolute,303,3,0.7678718040759182
tcn,bandpass,0,electrode,all,ap_CD,absolute,404,3,0.7688051695619169
tcn,bandpass,0,electrode,all,ap_CD,absolute,505,3,0.7650783515237557
tcn,bandpass,0,electrode,all,ap_CD,clean_drop,101,3,0.06341639857333159
tcn,bandpass,0,electrode,all,ap_CD,clean_drop,202,3,0.06636532619161557
tcn,bandpass,0,electrode,all,ap_CD,clean_drop,303,3,0.06717609666179129
tcn,bandpass,0,electrode,all,ap_CD,clean_drop,404,3,0.06624273117579253
tcn,bandpass,0,electrode,all,ap_CD,clean_drop,505,3,0.06996954921395375
tcn,bandpass,0,electrode,all,ap_CD,normalized_robustness,101,3,0.924064165003232
tcn,bandpass,0,electrode,all,ap_CD,normalized_robustness,202,3,0.9205347734469737
tcn,bandpass,0,electrode,all,ap_CD,normalized_robustness,303,3,0.9195496469830761
tcn,bandpass,0,electrode,all,ap_CD,normalized_robustness,404,3,0.9206962804909299
tcn,bandpass,0,electrode,all,ap_CD,normalized_robustness,505,3,0.9161972810051685
tcn,bandpass,0,electrode,all,ap_HYP,absolute,101,3,0.6164768128580275
tcn,bandpass,0,electrode,all,ap_HYP,absolute,202,3,0.6161941967021801
tcn,bandpass,0,electrode,all,ap_HYP,absolute,303,3,0.6146857329063321
tcn,bandpass,0,electrode,all,ap_HYP,absolute,404,3,0.6213714399441951
tcn,bandpass,0,electrode,all,ap_HYP,absolute,505,3,0.6163912726536619
tcn,bandpass,0,electrode,all,ap_HYP,clean_drop,101,3,0.055011124959345015
tcn,bandpass,0,electrode,all,ap_HYP,clean_drop,202,3,0.05529374111519225
tcn,bandpass,0,electrode,all,ap_HYP,clean_drop,303,3,0.05680220491104038
tcn,bandpass,0,electrode,all,ap_HYP,clean_drop,404,3,0.05011649787317729
tcn,bandpass,0,electrode,all,ap_HYP,clean_drop,505,3,0.05509666516371048
tcn,bandpass,0,electrode,all,ap_HYP,normalized_robustness,101,3,0.9182383610627419
tcn,bandpass,0,electrode,all,ap_HYP,normalized_robustness,202,3,0.9178274765198932
tcn,bandpass,0,electrode,all,ap_HYP,normalized_robustness,303,3,0.9155243086522523
tcn,bandpass,0,electrode,all,ap_HYP,normalized_robustness,404,3,0.9255658369233836
tcn,bandpass,0,electrode,all,ap_HYP,normalized_robustness,505,3,0.918083770072264
tcn,bandpass,0,electrode,all,ap_MI,absolute,101,3,0.706765225876449
tcn,bandpass,0,electrode,all,ap_MI,absolute,202,3,0.7103900802013872
tcn,bandpass,0,electrode,all,ap_MI,absolute,303,3,0.6982651755148509
tcn,bandpass,0,electrode,all,ap_MI,absolute,404,3,0.7099927152099289
tcn,bandpass,0,electrode,all,ap_MI,absolute,505,3,0.702573982356215
tcn,bandpass,0,electrode,all,ap_MI,clean_drop,101,3,0.08756758691121906
tcn,bandpass,0,electrode,all,ap_MI,clean_drop,202,3,0.08394273258628075
tcn,bandpass,0,electrode,all,ap_MI,clean_drop,303,3,0.09606763727281704
tcn,bandpass,0,electrode,all,ap_MI,clean_drop,404,3,0.08434009757773893
tcn,bandpass,0,electrode,all,ap_MI,clean_drop,505,3,0.09175883043145294
tcn,bandpass,0,electrode,all,ap_MI,normalized_robustness,101,3,0.8901770993862765
tcn,bandpass,0,electrode,all,ap_MI,normalized_robustness,202,3,0.8947778923999475
tcn,bandpass,0,electrode,all,ap_MI,normalized_robustness,303,3,0.8795226005718936
tcn,bandpass,0,electrode,all,ap_MI,normalized_robustness,404,3,0.8941841604759219
tcn,bandpass,0,electrode,all,ap_MI,normalized_robustness,505,3,0.8848404018933121
tcn,bandpass,0,electrode,all,ap_NORM,absolute,101,3,0.8766564080185169
tcn,bandpass,0,electrode,all,ap_NORM,absolute,202,3,0.8784912117973939
tcn,bandpass,0,electrode,all,ap_NORM,absolute,303,3,0.8714986780410371
tcn,bandpass,0,electrode,all,ap_NORM,absolute,404,3,0.8728045263240404
tcn,bandpass,0,electrode,all,ap_NORM,absolute,505,3,0.878157154807497
tcn,bandpass,0,electrode,all,ap_NORM,clean_drop,101,3,0.04700043407948743
tcn,bandpass,0,electrode,all,ap_NORM,clean_drop,202,3,0.04516563030061049
tcn,bandpass,0,electrode,all,ap_NORM,clean_drop,303,3,0.052158164056967195
tcn,bandpass,0,electrode,all,ap_NORM,clean_drop,404,3,0.05085231577396384
tcn,bandpass,0,electrode,all,ap_NORM,clean_drop,505,3,0.04549968729050713
tcn,bandpass,0,electrode,all,ap_NORM,normalized_robustness,101,3,0.9491300523842549
tcn,bandpass,0,electrode,all,ap_NORM,normalized_robustness,202,3,0.9511125522222047
tcn,bandpass,0,electrode,all,ap_NORM,normalized_robustness,303,3,0.9435459823479532
tcn,bandpass,0,electrode,all,ap_NORM,normalized_robustness,404,3,0.9449600212704222
tcn,bandpass,0,electrode,all,ap_NORM,normalized_robustness,505,3,0.9507461046305252
tcn,bandpass,0,electrode,all,ap_STTC,absolute,101,3,0.7439389444934615
tcn,bandpass,0,electrode,all,ap_STTC,absolute,202,3,0.7436529705661424
tcn,bandpass,0,electrode,all,ap_STTC,absolute,303,3,0.7435171218583427
tcn,bandpass,0,electrode,all,ap_STTC,absolute,404,3,0.74105509388545
tcn,bandpass,0,electrode,all,ap_STTC,absolute,505,3,0.7421368138355354
tcn,bandpass,0,electrode,all,ap_STTC,clean_drop,101,3,0.07632390031884906
tcn,bandpass,0,electrode,all,ap_STTC,clean_drop,202,3,0.07660987424616812
tcn,bandpass,0,electrode,all,ap_STTC,clean_drop,303,3,0.0767457229539678
tcn,bandpass,0,electrode,all,ap_STTC,clean_drop,404,3,0.07920775092686057
tcn,bandpass,0,electrode,all,ap_STTC,clean_drop,505,3,0.07812603097677513
tcn,bandpass,0,electrode,all,ap_STTC,normalized_robustness,101,3,0.9068850767767853
tcn,bandpass,0,electrode,all,ap_STTC,normalized_robustness,202,3,0.9065485672863268
tcn,bandpass,0,electrode,all,ap_STTC,normalized_robustness,303,3,0.9063483557781176
tcn,bandpass,0,electrode,all,ap_STTC,normalized_robustness,404,3,0.9033475174456983
tcn,bandpass,0,electrode,all,ap_STTC,normalized_robustness,505,3,0.9046692123158508
tcn,bandpass,0,electrode,all,auroc_CD,absolute,101,3,0.8737375942962875
tcn,bandpass,0,electrode,all,auroc_CD,absolute,202,3,0.8724644731053403
tcn,bandpass,0,electrode,all,auroc_CD,absolute,303,3,0.871804763013858
tcn,bandpass,0,electrode,all,auroc_CD,absolute,404,3,0.872440009445803
tcn,bandpass,0,electrode,all,auroc_CD,absolute,505,3,0.8695112443875109
tcn,bandpass,0,electrode,all,auroc_CD,clean_drop,101,3,0.03902095221458798
tcn,bandpass,0,electrode,all,auroc_CD,clean_drop,202,3,0.040294073405535334
tcn,bandpass,0,electrode,all,auroc_CD,clean_drop,303,3,0.04095378349701743
tcn,bandpass,0,electrode,all,auroc_CD,clean_drop,404,3,0.040318537065072414
tcn,bandpass,0,electrode,all,auroc_CD,clean_drop,505,3,0.04324730212336466
tcn,bandpass,0,electrode,all,auroc_CD,normalized_robustness,101,3,0.9572552976444709
tcn,bandpass,0,electrode,all,auroc_CD,normalized_robustness,202,3,0.9558584766799246
tcn,bandpass,0,electrode,all,auroc_CD,normalized_robustness,303,3,0.9551307137103624
tcn,bandpass,0,electrode,all,auroc_CD,normalized_robustness,404,3,0.9558358210868761
tcn,bandpass,0,electrode,all,auroc_CD,normalized_robustness,505,3,0.9526144612162574
tcn,bandpass,0,electrode,all,auroc_HYP,absolute,101,3,0.8692231401853104
tcn,bandpass,0,electrode,all,auroc_HYP,absolute,202,3,0.8704309863540224
tcn,bandpass,0,electrode,all,auroc_HYP,absolute,303,3,0.8690466604395485
tcn,bandpass,0,electrode,all,auroc_HYP,absolute,404,3,0.8713318382881866
tcn,bandpass,0,electrode,all,auroc_HYP,absolute,505,3,0.871904558679851
tcn,bandpass,0,electrode,all,auroc_HYP,clean_drop,101,3,0.027909298805037525
tcn,bandpass,0,electrode,all,auroc_HYP,clean_drop,202,3,0.026701452636325618
tcn,bandpass,0,electrode,all,auroc_HYP,clean_drop,303,3,0.028085778550799412
tcn,bandpass,0,electrode,all,auroc_HYP,clean_drop,404,3,0.025800600702161242
tcn,bandpass,0,electrode,all,auroc_HYP,clean_drop,505,3,0.025227880310497053
tcn,bandpass,0,electrode,all,auroc_HYP,normalized_robustness,101,3,0.9689609691336839
tcn,bandpass,0,electrode,all,auroc_HYP,normalized_robustness,202,3,0.9702986204687972
tcn,bandpass,0,electrode,all,auroc_HYP,normalized_robustness,303,3,0.9687536524581897
tcn,bandpass,0,electrode,all,auroc_HYP,normalized_robustness,404,3,0.9713051803909902
tcn,bandpass,0,electrode,all,auroc_HYP,normalized_robustness,505,3,0.9719459403780054
tcn,bandpass,0,electrode,all,auroc_MI,absolute,101,3,0.8607330770390472
tcn,bandpass,0,electrode,all,auroc_MI,absolute,202,3,0.8556105834464044
tcn,bandpass,0,electrode,all,auroc_MI,absolute,303,3,0.8520126639529625
tcn,bandpass,0,electrode,all,auroc_MI,absolute,404,3,0.8542371475953564
tcn,bandpass,0,electrode,all,auroc_MI,absolute,505,3,0.8563576059098447
tcn,bandpass,0,electrode,all,auroc_MI,clean_drop,101,3,0.048885119855269075
tcn,bandpass,0,electrode,all,auroc_MI,clean_drop,202,3,0.054007613447911905
tcn,bandpass,0,electrode,all,auroc_MI,clean_drop,303,3,0.05760553294135384
tcn,bandpass,0,electrode,all,auroc_MI,clean_drop,404,3,0.05538104929895982
tcn,bandpass,0,electrode,all,auroc_MI,clean_drop,505,3,0.05326059098447159
tcn,bandpass,0,electrode,all,auroc_MI,normalized_robustness,101,3,0.9463396637108561
tcn,bandpass,0,electrode,all,auroc_MI,normalized_robustness,202,3,0.9407182008628405
tcn,bandpass,0,electrode,all,auroc_MI,normalized_robustness,303,3,0.9367531645525905
tcn,bandpass,0,electrode,all,auroc_MI,normalized_robustness,404,3,0.9391995568763324
tcn,bandpass,0,electrode,all,auroc_MI,normalized_robustness,505,3,0.9415271595983851
tcn,bandpass,0,electrode,all,auroc_NORM,absolute,101,3,0.9085954370277679
tcn,bandpass,0,electrode,all,auroc_NORM,absolute,202,3,0.9070938533262077
tcn,bandpass,0,electrode,all,auroc_NORM,absolute,303,3,0.9042258110767868
tcn,bandpass,0,electrode,all,auroc_NORM,absolute,404,3,0.9061452255054881
tcn,bandpass,0,electrode,all,auroc_NORM,absolute,505,3,0.9084430772617531
tcn,bandpass,0,electrode,all,auroc_NORM,clean_drop,101,3,0.034620860253363306
tcn,bandpass,0,electrode,all,auroc_NORM,clean_drop,202,3,0.03612244395492351
tcn,bandpass,0,electrode,all,auroc_NORM,clean_drop,303,3,0.03899048620434457
tcn,bandpass,0,electrode,all,auroc_NORM,clean_drop,404,3,0.03707107177564317
tcn,bandpass,0,electrode,all,auroc_NORM,clean_drop,505,3,0.03477322001937818
tcn,bandpass,0,electrode,all,auroc_NORM,normalized_robustness,101,3,0.9632979699971917
tcn,bandpass,0,electrode,all,auroc_NORM,normalized_robustness,202,3,0.9617061481698007
tcn,bandpass,0,electrode,all,auroc_NORM,normalized_robustness,303,3,0.958665923430972
tcn,bandpass,0,electrode,all,auroc_NORM,normalized_robustness,404,3,0.9606995474431371
tcn,bandpass,0,electrode,all,auroc_NORM,normalized_robustness,505,3,0.9631347124626087
tcn,bandpass,0,electrode,all,auroc_STTC,absolute,101,3,0.8879809163572238
tcn,bandpass,0,electrode,all,auroc_STTC,absolute,202,3,0.8894916852019694
tcn,bandpass,0,electrode,all,auroc_STTC,absolute,303,3,0.8895972103832088
tcn,bandpass,0,electrode,all,auroc_STTC,absolute,404,3,0.8873741465650967
tcn,bandpass,0,electrode,all,auroc_STTC,absolute,505,3,0.8892966590336785
tcn,bandpass,0,electrode,all,auroc_STTC,clean_drop,101,3,0.04359694696108977
tcn,bandpass,0,electrode,all,auroc_STTC,clean_drop,202,3,0.04208617811634426
tcn,bandpass,0,electrode,all,auroc_STTC,clean_drop,303,3,0.041980652935104855
tcn,bandpass,0,electrode,all,auroc_STTC,clean_drop,404,3,0.04420371675321696
tcn,bandpass,0,electrode,all,auroc_STTC,clean_drop,505,3,0.042281204284635075
tcn,bandpass,0,electrode,all,auroc_STTC,normalized_robustness,101,3,0.9532227621029459
tcn,bandpass,0,electrode,all,auroc_STTC,normalized_robustness,202,3,0.9548384755478342
tcn,bandpass,0,electrode,all,auroc_STTC,normalized_robustness,303,3,0.9549503478740161
tcn,bandpass,0,electrode,all,auroc_STTC,normalized_robustness,404,3,0.9525641863675985
tcn,bandpass,0,electrode,all,auroc_STTC,normalized_robustness,505,3,0.9546323960286331
tcn,bandpass,0,electrode,all,brier,absolute,101,3,0.1701080948114395
tcn,bandpass,0,electrode,all,brier,absolute,202,3,0.16988607247670487
tcn,bandpass,0,electrode,all,brier,absolute,303,3,0.17018803457419077
tcn,bandpass,0,electrode,all,brier,absolute,404,3,0.17042073110739386
tcn,bandpass,0,electrode,all,brier,absolute,505,3,0.17053152124087012
tcn,bandpass,0,electrode,all,clean_agreement,absolute,101,3,0.6755020080321286
tcn,bandpass,0,electrode,all,clean_agreement,absolute,202,3,0.6806302131603337
tcn,bandpass,0,electrode,all,clean_agreement,absolute,303,3,0.6794871794871794
tcn,bandpass,0,electrode,all,clean_agreement,absolute,404,3,0.676737720111214
tcn,bandpass,0,electrode,all,clean_agreement,absolute,505,3,0.677818968180414
tcn,bandpass,0,electrode,all,ece,absolute,101,3,0.19643517356834309
tcn,bandpass,0,electrode,all,ece,absolute,202,3,0.19519466828735546
tcn,bandpass,0,electrode,all,ece,absolute,303,3,0.194795171979695
tcn,bandpass,0,electrode,all,ece,absolute,404,3,0.1965865223621619
tcn,bandpass,0,electrode,all,ece,absolute,505,3,0.19553249052532676
tcn,bandpass,0,electrode,all,f1_CD,absolute,101,3,0.557215107713858
tcn,bandpass,0,electrode,all,f1_CD,absolute,202,3,0.5530176526844583
tcn,bandpass,0,electrode,all,f1_CD,absolute,303,3,0.5522810636527272
tcn,bandpass,0,electrode,all,f1_CD,absolute,404,3,0.5514519153879561
tcn,bandpass,0,electrode,all,f1_CD,absolute,505,3,0.5522323117268247
tcn,bandpass,0,electrode,all,f1_CD,clean_drop,101,3,0.1866613757344029
tcn,bandpass,0,electrode,all,f1_CD,clean_drop,202,3,0.19085883076380242
tcn,bandpass,0,electrode,all,f1_CD,clean_drop,303,3,0.19159541979553354
tcn,bandpass,0,electrode,all,f1_CD,clean_drop,404,3,0.1924245680603046
tcn,bandpass,0,electrode,all,f1_CD,clean_drop,505,3,0.1916441717214361
tcn,bandpass,0,electrode,all,f1_CD,normalized_robustness,101,3,0.74884063960934
tcn,bandpass,0,electrode,all,f1_CD,normalized_robustness,202,3,0.743219620628877
tcn,bandpass,0,electrode,all,f1_CD,normalized_robustness,303,3,0.7421447037406669
tcn,bandpass,0,electrode,all,f1_CD,normalized_robustness,404,3,0.7410938154138598
tcn,bandpass,0,electrode,all,f1_CD,normalized_robustness,505,3,0.7421353556442719
tcn,bandpass,0,electrode,all,f1_HYP,absolute,101,3,0.4835499220557611
tcn,bandpass,0,electrode,all,f1_HYP,absolute,202,3,0.48569339620762125
tcn,bandpass,0,electrode,all,f1_HYP,absolute,303,3,0.48527894225184376
tcn,bandpass,0,electrode,all,f1_HYP,absolute,404,3,0.48710436781298744
tcn,bandpass,0,electrode,all,f1_HYP,absolute,505,3,0.4892524276582247
tcn,bandpass,0,electrode,all,f1_HYP,clean_drop,101,3,0.12985726214460325
tcn,bandpass,0,electrode,all,f1_HYP,clean_drop,202,3,0.1277137879927431
tcn,bandpass,0,electrode,all,f1_HYP,clean_drop,303,3,0.12812824194852057
tcn,bandpass,0,electrode,all,f1_HYP,clean_drop,404,3,0.12630281638737684
tcn,bandpass,0,electrode,all,f1_HYP,clean_drop,505,3,0.12415475654213959
tcn,bandpass,0,electrode,all,f1_HYP,normalized_robustness,101,3,0.7886386635268322
tcn,bandpass,0,electrode,all,f1_HYP,normalized_robustness,202,3,0.7917773636385327
tcn,bandpass,0,electrode,all,f1_HYP,normalized_robustness,303,3,0.7912336220717212
tcn,bandpass,0,electrode,all,f1_HYP,normalized_robustness,404,3,0.793870671994546
tcn,bandpass,0,electrode,all,f1_HYP,normalized_robustness,505,3,0.7973260250203751
tcn,bandpass,0,electrode,all,f1_MI,absolute,101,3,0.5187760659360451
tcn,bandpass,0,electrode,all,f1_MI,absolute,202,3,0.517647882786925
tcn,bandpass,0,electrode,all,f1_MI,absolute,303,3,0.516445029254745
tcn,bandpass,0,electrode,all,f1_MI,absolute,404,3,0.516331045876098
tcn,bandpass,0,electrode,all,f1_MI,absolute,505,3,0.5199177826823976
tcn,bandpass,0,electrode,all,f1_MI,clean_drop,101,3,0.19593283911683348
tcn,bandpass,0,electrode,all,f1_MI,clean_drop,202,3,0.1970610222659536
tcn,bandpass,0,electrode,all,f1_MI,clean_drop,303,3,0.1982638757981335
tcn,bandpass,0,electrode,all,f1_MI,clean_drop,404,3,0.1983778591767806
tcn,bandpass,0,electrode,all,f1_MI,clean_drop,505,3,0.1947911223704809
tcn,bandpass,0,electrode,all,f1_MI,normalized_robustness,101,3,0.726729688028325
tcn,bandpass,0,electrode,all,f1_MI,normalized_robustness,202,3,0.7251160879322097
tcn,bandpass,0,electrode,all,f1_MI,normalized_robustness,303,3,0.7234454706070582
tcn,bandpass,0,electrode,all,f1_MI,normalized_robustness,404,3,0.7232953865586986
tcn,bandpass,0,electrode,all,f1_MI,normalized_robustness,505,3,0.728342769409033
tcn,bandpass,0,electrode,all,f1_NORM,absolute,101,3,0.2658854676764268
tcn,bandpass,0,electrode,all,f1_NORM,absolute,202,3,0.2859337858620949
tcn,bandpass,0,electrode,all,f1_NORM,absolute,303,3,0.27535580534140514
tcn,bandpass,0,electrode,all,f1_NORM,absolute,404,3,0.27123389368106704
tcn,bandpass,0,electrode,all,f1_NORM,absolute,505,3,0.2693656770376019
tcn,bandpass,0,electrode,all,f1_NORM,clean_drop,101,3,0.5918105631906531
tcn,bandpass,0,electrode,all,f1_NORM,clean_drop,202,3,0.5717622450049851
tcn,bandpass,0,electrode,all,f1_NORM,clean_drop,303,3,0.5823402255256748
tcn,bandpass,0,electrode,all,f1_NORM,clean_drop,404,3,0.5864621371860128
tcn,bandpass,0,electrode,all,f1_NORM,clean_drop,505,3,0.5883303538294781
tcn,bandpass,0,electrode,all,f1_NORM,normalized_robustness,101,3,0.3097201441883332
tcn,bandpass,0,electrode,all,f1_NORM,normalized_robustness,202,3,0.3330710681641729
tcn,bandpass,0,electrode,all,f1_NORM,normalized_robustness,303,3,0.3207500700734069
tcn,bandpass,0,electrode,all,f1_NORM,normalized_robustness,404,3,0.3159462330236795
tcn,bandpass,0,electrode,all,f1_NORM,normalized_robustness,505,3,0.31376939673199583
tcn,bandpass,0,electrode,all,f1_STTC,absolute,101,3,0.5633410058158891
tcn,bandpass,0,electrode,all,f1_STTC,absolute,202,3,0.5679361089151506
tcn,bandpass,0,electrode,all,f1_STTC,absolute,303,3,0.5662142132085347
tcn,bandpass,0,electrode,all,f1_STTC,absolute,404,3,0.5627545764201859
tcn,bandpass,0,electrode,all,f1_STTC,absolute,505,3,0.5688238020222566
tcn,bandpass,0,electrode,all,f1_STTC,clean_drop,101,3,0.20989403540348672
tcn,bandpass,0,electrode,all,f1_STTC,clean_drop,202,3,0.20529893230422527
tcn,bandpass,0,electrode,all,f1_STTC,clean_drop,303,3,0.20702082801084112
tcn,bandpass,0,electrode,all,f1_STTC,clean_drop,404,3,0.21048046479918994
tcn,bandpass,0,electrode,all,f1_STTC,clean_drop,505,3,0.20441123919711934
tcn,bandpass,0,electrode,all,f1_STTC,normalized_robustness,101,3,0.7288805218145828
tcn,bandpass,0,electrode,all,f1_STTC,normalized_robustness,202,3,0.7347484223744174
tcn,bandpass,0,electrode,all,f1_STTC,normalized_robustness,303,3,0.7325618958451104
tcn,bandpass,0,electrode,all,f1_STTC,normalized_robustness,404,3,0.7280372749816012
tcn,bandpass,0,electrode,all,f1_STTC,normalized_robustness,505,3,0.735930304260109
tcn,bandpass,0,electrode,all,macro_ap,absolute,101,3,0.7430937786821664
tcn,bandpass,0,electrode,all,macro_ap,absolute,202,3,0.7434822067626395
tcn,bandpass,0,electrode,all,macro_ap,absolute,303,3,0.7391677024792962
tcn,bandpass,0,electrode,all,macro_ap,absolute,404,3,0.7428057889851063
tcn,bandpass,0,electrode,all,macro_ap,absolute,505,3,0.7408675150353329
tcn,bandpass,0,electrode,all,macro_ap,clean_drop,101,3,0.06586388896844649
tcn,bandpass,0,electrode,all,macro_ap,clean_drop,202,3,0.06547546088797344
tcn,bandpass,0,electrode,all,macro_ap,clean_drop,303,3,0.06978996517131675
tcn,bandpass,0,electrode,all,macro_ap,clean_drop,404,3,0.06615187866550669
tcn,bandpass,0,electrode,all,macro_ap,clean_drop,505,3,0.06809015261527995
tcn,bandpass,0,electrode,all,macro_ap,normalized_robustness,101,3,0.9186598916413927
tcn,bandpass,0,electrode,all,macro_ap,normalized_robustness,202,3,0.9191410384726328
tcn,bandpass,0,electrode,all,macro_ap,normalized_robustness,303,3,0.9138050480516792
tcn,bandpass,0,electrode,all,macro_ap,normalized_robustness,404,3,0.9183103521441568
tcn,bandpass,0,electrode,all,macro_ap,normalized_robustness,505,3,0.9159036528039392
tcn,bandpass,0,electrode,all,macro_auroc,absolute,101,3,0.8800540329811274
tcn,bandpass,0,electrode,all,macro_auroc,absolute,202,3,0.8790183162867887
tcn,bandpass,0,electrode,all,macro_auroc,absolute,303,3,0.877337421773273
tcn,bandpass,0,electrode,all,macro_auroc,absolute,404,3,0.8783056734799862
tcn,bandpass,0,electrode,all,macro_auroc,absolute,505,3,0.8791026290545276
tcn,bandpass,0,electrode,all,macro_auroc,clean_drop,101,3,0.03880663561786953
tcn,bandpass,0,electrode,all,macro_auroc,clean_drop,202,3,0.03984235231220812
tcn,bandpass,0,electrode,all,macro_auroc,clean_drop,303,3,0.04152324682572395
tcn,bandpass,0,electrode,all,macro_auroc,clean_drop,404,3,0.040554995119010694
tcn,bandpass,0,electrode,all,macro_auroc,clean_drop,505,3,0.03975803954446929
tcn,bandpass,0,electrode,all,macro_auroc,normalized_robustness,101,3,0.9577919003055397
tcn,bandpass,0,electrode,all,macro_auroc,normalized_robustness,202,3,0.9566632143526609
tcn,bandpass,0,electrode,all,macro_auroc,normalized_robustness,303,3,0.9548341668522395
tcn,bandpass,0,electrode,all,macro_auroc,normalized_robustness,404,3,0.9558893960217875
tcn,bandpass,0,electrode,all,macro_auroc,normalized_robustness,505,3,0.9567536686951303
tcn,bandpass,0,electrode,all,macro_f1,absolute,101,3,0.477753513839596
tcn,bandpass,0,electrode,all,macro_f1,absolute,202,3,0.48204576529124993
tcn,bandpass,0,electrode,all,macro_f1,absolute,303,3,0.47911501074185114
tcn,bandpass,0,electrode,all,macro_f1,absolute,404,3,0.47777515983565894
tcn,bandpass,0,electrode,all,macro_f1,absolute,505,3,0.4799184002254611
tcn,bandpass,0,electrode,all,macro_f1,clean_drop,101,3,0.2628312151179959
tcn,bandpass,0,electrode,all,macro_f1,clean_drop,202,3,0.25853896366634194
tcn,bandpass,0,electrode,all,macro_f1,clean_drop,303,3,0.2614697182157408
tcn,bandpass,0,electrode,all,macro_f1,clean_drop,404,3,0.262809569121933
tcn,bandpass,0,electrode,all,macro_f1,clean_drop,505,3,0.26066632873213075
tcn,bandpass,0,electrode,all,macro_f1,normalized_robustness,101,3,0.6459840006033505
tcn,bandpass,0,electrode,all,macro_f1,normalized_robustness,202,3,0.6518172159916763
tcn,bandpass,0,electrode,all,macro_f1,normalized_robustness,303,3,0.647816927888687
tcn,bandpass,0,electrode,all,macro_f1,normalized_robustness,404,3,0.6460094018779188
tcn,bandpass,0,electrode,all,macro_f1,normalized_robustness,505,3,0.648907293004081
tcn,bandpass,0,electrode,all,mean_confidence,absolute,101,3,0.7806597749392191
tcn,bandpass,0,electrode,all,mean_confidence,absolute,202,3,0.7808035214742025
tcn,bandpass,0,electrode,all,mean_confidence,absolute,303,3,0.7807024518648783
tcn,bandpass,0,electrode,all,mean_confidence,absolute,404,3,0.780612071355184
tcn,bandpass,0,electrode,all,mean_confidence,absolute,505,3,0.780597190062205
tcn,bandpass,0,electrode,all,mean_entropy,absolute,101,3,0.45445535708551604
tcn,bandpass,0,electrode,all,mean_entropy,absolute,202,3,0.45446307921871765
tcn,bandpass,0,electrode,all,mean_entropy,absolute,303,3,0.4544029687348084
tcn,bandpass,0,electrode,all,mean_entropy,absolute,404,3,0.45470106386524245
tcn,bandpass,0,electrode,all,mean_entropy,absolute,505,3,0.45450955541598503
tcn,bandpass,0,electrode,all,mean_loss,absolute,101,3,0.5308700651790361
tcn,bandpass,0,electrode,all,mean_loss,absolute,202,3,0.5299417975521785
tcn,bandpass,0,electrode,all,mean_loss,absolute,303,3,0.5312336480001476
tcn,bandpass,0,electrode,all,mean_loss,absolute,404,3,0.5317266123511437
tcn,bandpass,0,electrode,all,mean_loss,absolute,505,3,0.5314073908615724
tcn,bandpass,0,electrode,all,micro_ap,absolute,101,3,0.6278526382454502
tcn,bandpass,0,electrode,all,micro_ap,absolute,202,3,0.6297138537975842
tcn,bandpass,0,electrode,all,micro_ap,absolute,303,3,0.6261106380096764
tcn,bandpass,0,electrode,all,micro_ap,absolute,404,3,0.6274790759203651
tcn,bandpass,0,electrode,all,micro_ap,absolute,505,3,0.6256646979952417
tcn,bandpass,0,electrode,all,micro_auroc,absolute,101,3,0.7674544815167498
tcn,bandpass,0,electrode,all,micro_auroc,absolute,202,3,0.7672485590953612
tcn,bandpass,0,electrode,all,micro_auroc,absolute,303,3,0.7666235819341655
tcn,bandpass,0,electrode,all,micro_auroc,absolute,404,3,0.7663254982203048
tcn,bandpass,0,electrode,all,micro_auroc,absolute,505,3,0.7668424836629407
tcn,bandpass,0,electrode,all,micro_f1,absolute,101,3,0.49140715688662323
tcn,bandpass,0,electrode,all,micro_f1,absolute,202,3,0.49463276643136084
tcn,bandpass,0,electrode,all,micro_f1,absolute,303,3,0.4915715447837313
tcn,bandpass,0,electrode,all,micro_f1,absolute,404,3,0.4904387256909632
tcn,bandpass,0,electrode,all,micro_f1,absolute,505,3,0.4926920923013283
tcn,bandpass,0,electrode,all,probability_shift,absolute,101,3,0.23944807549317673
tcn,bandpass,0,electrode,all,probability_shift,absolute,202,3,0.23821456730365753
tcn,bandpass,0,electrode,all,probability_shift,absolute,303,3,0.23822968701521555
tcn,bandpass,0,electrode,all,probability_shift,absolute,404,3,0.2390709469715754
tcn,bandpass,0,electrode,all,probability_shift,absolute,505,3,0.2394364525874456
tcn,bandpass,0,independent,all,ap_CD,absolute,101,3,0.7878429664204673
tcn,bandpass,0,independent,all,ap_CD,absolute,202,3,0.7876236035520874
tcn,bandpass,0,independent,all,ap_CD,absolute,303,3,0.78769285040071
tcn,bandpass,0,independent,all,ap_CD,absolute,404,3,0.7927888182534835
tcn,bandpass,0,independent,all,ap_CD,absolute,505,3,0.7856690427418976
tcn,bandpass,0,independent,all,ap_CD,clean_drop,101,3,0.04720493431724212
tcn,bandpass,0,independent,all,ap_CD,clean_drop,202,3,0.0474242971856221
tcn,bandpass,0,independent,all,ap_CD,clean_drop,303,3,0.04735505033699938
tcn,bandpass,0,independent,all,ap_CD,clean_drop,404,3,0.042259082484225864
tcn,bandpass,0,independent,all,ap_CD,clean_drop,505,3,0.04937885799581169
tcn,bandpass,0,independent,all,ap_CD,normalized_robustness,101,3,0.9434965427106246
tcn,bandpass,0,independent,all,ap_CD,normalized_robustness,202,3,0.943236419085614
tcn,bandpass,0,independent,all,ap_CD,normalized_robustness,303,3,0.9432875291830071
tcn,bandpass,0,independent,all,ap_CD,normalized_robustness,404,3,0.949429321583018
tcn,bandpass,0,independent,all,ap_CD,normalized_robustness,505,3,0.9408776668814597
tcn,bandpass,0,independent,all,ap_HYP,absolute,101,3,0.6298654771996824
tcn,bandpass,0,independent,all,ap_HYP,absolute,202,3,0.636133416585878
tcn,bandpass,0,independent,all,ap_HYP,absolute,303,3,0.6326520518427379
tcn,bandpass,0,independent,all,ap_HYP,absolute,404,3,0.6385829490711009
tcn,bandpass,0,independent,all,ap_HYP,absolute,505,3,0.636921691161015
tcn,bandpass,0,independent,all,ap_HYP,clean_drop,101,3,0.04162246061769004
tcn,bandpass,0,independent,all,ap_HYP,clean_drop,202,3,0.03535452123149448
tcn,bandpass,0,independent,all,ap_HYP,clean_drop,303,3,0.03883588597463453
tcn,bandpass,0,independent,all,ap_HYP,clean_drop,404,3,0.03290498874627149
tcn,bandpass,0,independent,all,ap_HYP,clean_drop,505,3,0.03456624665635747
tcn,bandpass,0,independent,all,ap_HYP,normalized_robustness,101,3,0.9380211892850707
tcn,bandpass,0,independent,all,ap_HYP,normalized_robustness,202,3,0.9474336104935553
tcn,bandpass,0,independent,all,ap_HYP,normalized_robustness,303,3,0.9422477594956181
tcn,bandpass,0,independent,all,ap_HYP,normalized_robustness,404,3,0.951084088092025
tcn,bandpass,0,independent,all,ap_HYP,normalized_robustness,505,3,0.9485710207700134
tcn,bandpass,0,independent,all,ap_MI,absolute,101,3,0.7299530638282986
tcn,bandpass,0,independent,all,ap_MI,absolute,202,3,0.7316291390965337
tcn,bandpass,0,independent,all,ap_MI,absolute,303,3,0.7285327100455862
tcn,bandpass,0,independent,all,ap_MI,absolute,404,3,0.7352797858814175
tcn,bandpass,0,independent,all,ap_MI,absolute,505,3,0.7233304464999494
tcn,bandpass,0,independent,all,ap_MI,clean_drop,101,3,0.0643797489593693
tcn,bandpass,0,independent,all,ap_MI,clean_drop,202,3,0.0627036736911342
tcn,bandpass,0,independent,all,ap_MI,clean_drop,303,3,0.06580010274208177
tcn,bandpass,0,independent,all,ap_MI,clean_drop,404,3,0.05905302690625044
tcn,bandpass,0,independent,all,ap_MI,clean_drop,505,3,0.07100236628771854
tcn,bandpass,0,independent,all,ap_MI,normalized_robustness,101,3,0.9191232476623342
tcn,bandpass,0,independent,all,ap_MI,normalized_robustness,202,3,0.9212528389471141
tcn,bandpass,0,independent,all,ap_MI,normalized_robustness,303,3,0.9173894020310266
tcn,bandpass,0,independent,all,ap_MI,normalized_robustness,404,3,0.9258631952862496
tcn,bandpass,0,independent,all,ap_MI,normalized_robustness,505,3,0.9107940965964406
tcn,bandpass,0,independent,all,ap_NORM,absolute,101,3,0.8923605886070178
tcn,bandpass,0,independent,all,ap_NORM,absolute,202,3,0.8921321388308662
tcn,bandpass,0,independent,all,ap_NORM,absolute,303,3,0.8886907596575186
tcn,bandpass,0,independent,all,ap_NORM,absolute,404,3,0.8923081649271122
tcn,bandpass,0,independent,all,ap_NORM,absolute,505,3,0.8899332355582473
tcn,bandpass,0,independent,all,ap_NORM,clean_drop,101,3,0.031296253490986414
tcn,bandpass,0,independent,all,ap_NORM,clean_drop,202,3,0.03152470326713804
tcn,bandpass,0,independent,all,ap_NORM,clean_drop,303,3,0.03496608244048564
tcn,bandpass,0,independent,all,ap_NORM,clean_drop,404,3,0.031348677170892104
tcn,bandpass,0,independent,all,ap_NORM,clean_drop,505,3,0.03372360653975685
tcn,bandpass,0,independent,all,ap_NORM,normalized_robustness,101,3,0.9661231084051964
tcn,bandpass,0,independent,all,ap_NORM,normalized_robustness,202,3,0.9658717011320513
tcn,bandpass,0,independent,all,ap_NORM,normalized_robustness,303,3,0.9621466438636282
tcn,bandpass,0,independent,all,ap_NORM,normalized_robustness,404,3,0.9660595552225065
tcn,bandpass,0,independent,all,ap_NORM,normalized_robustness,505,3,0.9634892651867091
tcn,bandpass,0,independent,all,ap_STTC,absolute,101,3,0.7689385238921581
tcn,bandpass,0,independent,all,ap_STTC,absolute,202,3,0.7750986122063234
tcn,bandpass,0,independent,all,ap_STTC,absolute,303,3,0.7696020359171488
tcn,bandpass,0,independent,all,ap_STTC,absolute,404,3,0.7662627586233287
tcn,bandpass,0,independent,all,ap_STTC,absolute,505,3,0.764256613293045
tcn,bandpass,0,independent,all,ap_STTC,clean_drop,101,3,0.05132432092015234
tcn,bandpass,0,independent,all,ap_STTC,clean_drop,202,3,0.045164232605987197
tcn,bandpass,0,independent,all,ap_STTC,clean_drop,303,3,0.0506608088951617
tcn,bandpass,0,independent,all,ap_STTC,clean_drop,404,3,0.05400008618898192
tcn,bandpass,0,independent,all,ap_STTC,clean_drop,505,3,0.05600623151926565
tcn,bandpass,0,independent,all,ap_STTC,normalized_robustness,101,3,0.937437021023413
tcn,bandpass,0,independent,all,ap_STTC,normalized_robustness,202,3,0.9449282295452314
tcn,bandpass,0,independent,all,ap_STTC,normalized_robustness,303,3,0.9382306623473248
tcn,bandpass,0,independent,all,ap_STTC,normalized_robustness,404,3,0.9341560786238864
tcn,bandpass,0,independent,all,ap_STTC,normalized_robustness,505,3,0.9316948177609482
tcn,bandpass,0,independent,all,auroc_CD,absolute,101,3,0.8826654147742712
tcn,bandpass,0,independent,all,auroc_CD,absolute,202,3,0.8835960447317004
tcn,bandpass,0,independent,all,auroc_CD,absolute,303,3,0.8825271243352355
tcn,bandpass,0,independent,all,auroc_CD,absolute,404,3,0.8852787805856398
tcn,bandpass,0,independent,all,auroc_CD,absolute,505,3,0.8829023685674727
tcn,bandpass,0,independent,all,auroc_CD,clean_drop,101,3,0.03009313173660433
tcn,bandpass,0,independent,all,auroc_CD,clean_drop,202,3,0.029162501779175194
tcn,bandpass,0,independent,all,auroc_CD,clean_drop,303,3,0.030231422175640083
tcn,bandpass,0,independent,all,auroc_CD,clean_drop,404,3,0.02747976592523571
tcn,bandpass,0,independent,all,auroc_CD,clean_drop,505,3,0.029856177943402784
tcn,bandpass,0,independent,all,auroc_CD,normalized_robustness,101,3,0.9670425756178372
tcn,bandpass,0,independent,all,auroc_CD,normalized_robustness,202,3,0.9680609654418083
tcn,bandpass,0,independent,all,auroc_CD,normalized_robustness,303,3,0.9668819859094514
tcn,bandpass,0,independent,all,auroc_CD,normalized_robustness,404,3,0.9699083042401279
tcn,bandpass,0,independent,all,auroc_CD,normalized_robustness,505,3,0.9672889853985559
tcn,bandpass,0,independent,all,auroc_HYP,absolute,101,3,0.8804279264770617
tcn,bandpass,0,independent,all,auroc_HYP,absolute,202,3,0.8798750013420514
tcn,bandpass,0,independent,all,auroc_HYP,absolute,303,3,0.8773532869520405
tcn,bandpass,0,independent,all,auroc_HYP,absolute,404,3,0.882873143943054
tcn,bandpass,0,independent,all,auroc_HYP,absolute,505,3,0.8817169667493371
tcn,bandpass,0,independent,all,auroc_HYP,clean_drop,101,3,0.01670451251328627
tcn,bandpass,0,independent,all,auroc_HYP,clean_drop,202,3,0.01725743764829668
tcn,bandpass,0,independent,all,auroc_HYP,clean_drop,303,3,0.019779152038307563
tcn,bandpass,0,independent,all,auroc_HYP,clean_drop,404,3,0.01425929504729384
tcn,bandpass,0,independent,all,auroc_HYP,clean_drop,505,3,0.015415472241010883
tcn,bandpass,0,independent,all,auroc_HYP,normalized_robustness,101,3,0.9814330690826804
tcn,bandpass,0,independent,all,auroc_HYP,normalized_robustness,202,3,0.9808162826058564
tcn,bandpass,0,independent,all,auroc_HYP,normalized_robustness,303,3,0.9779998707995216
tcn,bandpass,0,independent,all,auroc_HYP,normalized_robustness,404,3,0.9841570975732746
tcn,bandpass,0,independent,all,auroc_HYP,normalized_robustness,505,3,0.9828732801817894
tcn,bandpass,0,independent,all,auroc_MI,absolute,101,3,0.8721264887682798
tcn,bandpass,0,independent,all,auroc_MI,absolute,202,3,0.874641941806121
tcn,bandpass,0,independent,all,auroc_MI,absolute,303,3,0.874727121965928
tcn,bandpass,0,independent,all,auroc_MI,absolute,404,3,0.8756527966229459
tcn,bandpass,0,independent,all,auroc_MI,absolute,505,3,0.8727800391979498
tcn,bandpass,0,independent,all,auroc_MI,clean_drop,101,3,0.037491708126036416
tcn,bandpass,0,independent,all,auroc_MI,clean_drop,202,3,0.03497625508819532
tcn,bandpass,0,independent,all,auroc_MI,clean_drop,303,3,0.03489107492838831
tcn,bandpass,0,independent,all,auroc_MI,clean_drop,404,3,0.033965400271370294
tcn,bandpass,0,independent,all,auroc_MI,clean_drop,505,3,0.036838157696366634
tcn,bandpass,0,independent,all,auroc_MI,normalized_robustness,101,3,0.9588081051156331
tcn,bandpass,0,independent,all,auroc_MI,normalized_robustness,202,3,0.9615750646037157
tcn,bandpass,0,independent,all,auroc_MI,normalized_robustness,303,3,0.9616774899191594
tcn,bandpass,0,independent,all,auroc_MI,normalized_robustness,404,3,0.9626903829864176
tcn,bandpass,0,independent,all,auroc_MI,normalized_robustness,505,3,0.959532121319605
tcn,bandpass,0,independent,all,auroc_NORM,absolute,101,3,0.918932583700112
tcn,bandpass,0,independent,all,auroc_NORM,absolute,202,3,0.9188791419190668
tcn,bandpass,0,independent,all,auroc_NORM,absolute,303,3,0.9178618653064358
tcn,bandpass,0,independent,all,auroc_NORM,absolute,404,3,0.9190624950215144
tcn,bandpass,0,independent,all,auroc_NORM,absolute,505,3,0.9188246863372972
tcn,bandpass,0,independent,all,auroc_NORM,clean_drop,101,3,0.0242837135810194
tcn,bandpass,0,independent,all,auroc_NORM,clean_drop,202,3,0.024337155362064416
tcn,bandpass,0,independent,all,auroc_NORM,clean_drop,303,3,0.025354431974695484
tcn,bandpass,0,independent,all,auroc_NORM,clean_drop,404,3,0.02415380225961698
tcn,bandpass,0,independent,all,auroc_NORM,clean_drop,505,3,0.02439161094383402
tcn,bandpass,0,independent,all,auroc_NORM,normalized_robustness,101,3,0.9742560672005206
tcn,bandpass,0,independent,all,auroc_NORM,normalized_robustness,202,3,0.9741994023613416
tcn,bandpass,0,independent,all,auroc_NORM,normalized_robustness,303,3,0.9731210416992889
tcn,bandpass,0,independent,all,auroc_NORM,normalized_robustness,404,3,0.9743933788454745
tcn,bandpass,0,independent,all,auroc_NORM,normalized_robustness,505,3,0.9741417624586757
tcn,bandpass,0,independent,all,auroc_STTC,absolute,101,3,0.9041077044716491
tcn,bandpass,0,independent,all,auroc_STTC,absolute,202,3,0.9046236053577089
tcn,bandpass,0,independent,all,auroc_STTC,absolute,303,3,0.9044618000798083
tcn,bandpass,0,independent,all,auroc_STTC,absolute,404,3,0.9026248802582318
tcn,bandpass,0,independent,all,auroc_STTC,absolute,505,3,0.9027601088238203
tcn,bandpass,0,independent,all,auroc_STTC,clean_drop,101,3,0.027470158846664483
tcn,bandpass,0,independent,all,auroc_STTC,clean_drop,202,3,0.02695425796060465
tcn,bandpass,0,independent,all,auroc_STTC,clean_drop,303,3,0.02711606323850524
tcn,bandpass,0,independent,all,auroc_STTC,clean_drop,404,3,0.02895298306008176
tcn,bandpass,0,independent,all,auroc_STTC,clean_drop,505,3,0.02881775449449338
tcn,bandpass,0,independent,all,auroc_STTC,normalized_robustness,101,3,0.9705371393546337
tcn,bandpass,0,independent,all,auroc_STTC,normalized_robustness,202,3,0.9710884452206688
tcn,bandpass,0,independent,all,auroc_STTC,normalized_robustness,303,3,0.9709128164148475
tcn,bandpass,0,independent,all,auroc_STTC,normalized_robustness,404,3,0.9689418434219365
tcn,bandpass,0,independent,all,auroc_STTC,normalized_robustness,505,3,0.9690869276700851
tcn,bandpass,0,independent,all,brier,absolute,101,3,0.13700781017541885
tcn,bandpass,0,independent,all,brier,absolute,202,3,0.1365631446242332
tcn,bandpass,0,independent,all,brier,absolute,303,3,0.13708604872226707
tcn,bandpass,0,independent,all,brier,absolute,404,3,0.13668555021286002
tcn,bandpass,0,independent,all,brier,absolute,505,3,0.13745013624429694
tcn,bandpass,0,independent,all,clean_agreement,absolute,101,3,0.7799196787148595
tcn,bandpass,0,independent,all,clean_agreement,absolute,202,3,0.781340747605808
tcn,bandpass,0,independent,all,clean_agreement,absolute,303,3,0.779827000308928
tcn,bandpass,0,independent,all,clean_agreement,absolute,404,3,0.7777262897744825
tcn,bandpass,0,independent,all,clean_agreement,absolute,505,3,0.7787457522397281
tcn,bandpass,0,independent,all,ece,absolute,101,3,0.1346360829633775
tcn,bandpass,0,independent,all,ece,absolute,202,3,0.13494016609977785
tcn,bandpass,0,independent,all,ece,absolute,303,3,0.13521067528074257
tcn,bandpass,0,independent,all,ece,absolute,404,3,0.1357269035317383
tcn,bandpass,0,independent,all,ece,absolute,505,3,0.13544409302318483
tcn,bandpass,0,independent,all,f1_CD,absolute,101,3,0.6270898349214796
tcn,bandpass,0,independent,all,f1_CD,absolute,202,3,0.6271949471279145
tcn,bandpass,0,independent,all,f1_CD,absolute,303,3,0.6334778453004296
tcn,bandpass,0,independent,all,f1_CD,absolute,404,3,0.6259340932795897
tcn,bandpass,0,independent,all,f1_CD,absolute,505,3,0.6254052765172281
tcn,bandpass,0,independent,all,f1_CD,clean_drop,101,3,0.11678664852678111
tcn,bandpass,0,independent,all,f1_CD,clean_drop,202,3,0.11668153632034639
tcn,bandpass,0,independent,all,f1_CD,clean_drop,303,3,0.11039863814783113
tcn,bandpass,0,independent,all,f1_CD,clean_drop,404,3,0.1179423901686711
tcn,bandpass,0,independent,all,f1_CD,clean_drop,505,3,0.1184712069310326
tcn,bandpass,0,independent,all,f1_CD,normalized_robustness,101,3,0.8429781361585125
tcn,bandpass,0,independent,all,f1_CD,normalized_robustness,202,3,0.8431240107839145
tcn,bandpass,0,independent,all,f1_CD,normalized_robustness,303,3,0.8515295269624836
tcn,bandpass,0,independent,all,f1_CD,normalized_robustness,404,3,0.8413927122890348
tcn,bandpass,0,independent,all,f1_CD,normalized_robustness,505,3,0.8406804435782765
tcn,bandpass,0,independent,all,f1_HYP,absolute,101,3,0.5447609234812111
tcn,bandpass,0,independent,all,f1_HYP,absolute,202,3,0.5496322419699005
tcn,bandpass,0,independent,all,f1_HYP,absolute,303,3,0.5473145932224037
tcn,bandpass,0,independent,all,f1_HYP,absolute,404,3,0.5531962345318526
tcn,bandpass,0,independent,all,f1_HYP,absolute,505,3,0.5489183056588652
tcn,bandpass,0,independent,all,f1_HYP,clean_drop,101,3,0.06864626071915321
tcn,bandpass,0,independent,all,f1_HYP,clean_drop,202,3,0.06377494223046391
tcn,bandpass,0,independent,all,f1_HYP,clean_drop,303,3,0.06609259097796061
tcn,bandpass,0,independent,all,f1_HYP,clean_drop,404,3,0.060210949668511704
tcn,bandpass,0,independent,all,f1_HYP,clean_drop,505,3,0.0644888785414991
tcn,bandpass,0,independent,all,f1_HYP,normalized_robustness,101,3,0.8907491829509327
tcn,bandpass,0,independent,all,f1_HYP,normalized_robustness,202,3,0.8984581127521717
tcn,bandpass,0,independent,all,f1_HYP,normalized_robustness,303,3,0.894805389228493
tcn,bandpass,0,independent,all,f1_HYP,normalized_robustness,404,3,0.9040980573216885
tcn,bandpass,0,independent,all,f1_HYP,normalized_robustness,505,3,0.897935191560533
tcn,bandpass,0,independent,all,f1_MI,absolute,101,3,0.5769969751490548
tcn,bandpass,0,independent,all,f1_MI,absolute,202,3,0.5791578660862081
tcn,bandpass,0,independent,all,f1_MI,absolute,303,3,0.5839741290798534
tcn,bandpass,0,independent,all,f1_MI,absolute,404,3,0.5776021109518683
tcn,bandpass,0,independent,all,f1_MI,absolute,505,3,0.5823695508388093
tcn,bandpass,0,independent,all,f1_MI,clean_drop,101,3,0.13771192990382383
tcn,bandpass,0,independent,all,f1_MI,clean_drop,202,3,0.1355510389666705
tcn,bandpass,0,independent,all,f1_MI,clean_drop,303,3,0.13073477597302524
tcn,bandpass,0,independent,all,f1_MI,clean_drop,404,3,0.13710679410101023
tcn,bandpass,0,independent,all,f1_MI,clean_drop,505,3,0.13233935421406934
tcn,bandpass,0,independent,all,f1_MI,normalized_robustness,101,3,0.8079107644622087
tcn,bandpass,0,independent,all,f1_MI,normalized_robustness,202,3,0.8109649826405144
tcn,bandpass,0,independent,all,f1_MI,normalized_robustness,303,3,0.8177245687041249
tcn,bandpass,0,independent,all,f1_MI,normalized_robustness,404,3,0.8087307758066444
tcn,bandpass,0,independent,all,f1_MI,normalized_robustness,505,3,0.8155107130427574
tcn,bandpass,0,independent,all,f1_NORM,absolute,101,3,0.5591450133803901
tcn,bandpass,0,independent,all,f1_NORM,absolute,202,3,0.5601651764849933
tcn,bandpass,0,independent,all,f1_NORM,absolute,303,3,0.5604644647959157
tcn,bandpass,0,independent,all,f1_NORM,absolute,404,3,0.5615161536156316
tcn,bandpass,0,independent,all,f1_NORM,absolute,505,3,0.5524246379947299
tcn,bandpass,0,independent,all,f1_NORM,clean_drop,101,3,0.2985510174866898
tcn,bandpass,0,independent,all,f1_NORM,clean_drop,202,3,0.29753085438208665
tcn,bandpass,0,independent,all,f1_NORM,clean_drop,303,3,0.2972315660711642
tcn,bandpass,0,independent,all,f1_NORM,clean_drop,404,3,0.2961798772514483
tcn,bandpass,0,independent,all,f1_NORM,clean_drop,505,3,0.30527139287235
tcn,bandpass,0,independent,all,f1_NORM,normalized_robustness,101,3,0.6516825893280583
tcn,bandpass,0,independent,all,f1_NORM,normalized_robustness,202,3,0.65288624430522
tcn,bandpass,0,independent,all,f1_NORM,normalized_robustness,303,3,0.6532326483646271
tcn,bandpass,0,independent,all,f1_NORM,normalized_robustness,404,3,0.6544623082283482
tcn,bandpass,0,independent,all,f1_NORM,normalized_robustness,505,3,0.6438414010315111
tcn,bandpass,0,independent,all,f1_STTC,absolute,101,3,0.6010700163431609
tcn,bandpass,0,independent,all,f1_STTC,absolute,202,3,0.6001242683565583
tcn,bandpass,0,independent,all,f1_STTC,absolute,303,3,0.5991587315442084
tcn,bandpass,0,independent,all,f1_STTC,absolute,404,3,0.5965578076485424
tcn,bandpass,0,independent,all,f1_STTC,absolute,505,3,0.5987699609039182
tcn,bandpass,0,independent,all,f1_STTC,clean_drop,101,3,0.17216502487621502
tcn,bandpass,0,independent,all,f1_STTC,clean_drop,202,3,0.1731107728628177
tcn,bandpass,0,independent,all,f1_STTC,clean_drop,303,3,0.17407630967516755
tcn,bandpass,0,independent,all,f1_STTC,clean_drop,404,3,0.17667723357083356
tcn,bandpass,0,independent,all,f1_STTC,clean_drop,505,3,0.17446508031545763
tcn,bandpass,0,independent,all,f1_STTC,normalized_robustness,101,3,0.7777066996000306
tcn,bandpass,0,independent,all,f1_STTC,normalized_robustness,202,3,0.7765034795119998
tcn,bandpass,0,independent,all,f1_STTC,normalized_robustness,303,3,0.7752425726782922
tcn,bandpass,0,independent,all,f1_STTC,normalized_robustness,404,3,0.7718830735255319
tcn,bandpass,0,independent,all,f1_STTC,normalized_robustness,505,3,0.7747589884676307
tcn,bandpass,0,independent,all,macro_ap,absolute,101,3,0.7617921239895248
tcn,bandpass,0,independent,all,macro_ap,absolute,202,3,0.7645233820543377
tcn,bandpass,0,independent,all,macro_ap,absolute,303,3,0.7614340815727404
tcn,bandpass,0,independent,all,macro_ap,absolute,404,3,0.7650444953512886
tcn,bandpass,0,independent,all,macro_ap,absolute,505,3,0.7600222058508308
tcn,bandpass,0,independent,all,macro_ap,clean_drop,101,3,0.04716554366108805
tcn,bandpass,0,independent,all,macro_ap,clean_drop,202,3,0.04443428559627519
tcn,bandpass,0,independent,all,macro_ap,clean_drop,303,3,0.04752358607787255
tcn,bandpass,0,independent,all,macro_ap,clean_drop,404,3,0.04391317229932431
tcn,bandpass,0,independent,all,macro_ap,clean_drop,505,3,0.048935461799782067
tcn,bandpass,0,independent,all,macro_ap,normalized_robustness,101,3,0.941747758897809
tcn,bandpass,0,independent,all,macro_ap,normalized_robustness,202,3,0.9451263098500906
tcn,bandpass,0,independent,all,macro_ap,normalized_robustness,303,3,0.941304241788823
tcn,bandpass,0,independent,all,macro_ap,normalized_robustness,404,3,0.9457650259729548
tcn,bandpass,0,independent,all,macro_ap,normalized_robustness,505,3,0.9395658971387201
tcn,bandpass,0,independent,all,macro_auroc,absolute,101,3,0.8916520236382747
tcn,bandpass,0,independent,all,macro_auroc,absolute,202,3,0.8923231470313295
tcn,bandpass,0,independent,all,macro_auroc,absolute,303,3,0.8913862397278897
tcn,bandpass,0,independent,all,macro_auroc,absolute,404,3,0.8930984192862773
tcn,bandpass,0,independent,all,macro_auroc,absolute,505,3,0.8917968339351754
tcn,bandpass,0,independent,all,macro_auroc,clean_drop,101,3,0.027208644960722134
tcn,bandpass,0,independent,all,macro_auroc,clean_drop,202,3,0.026537521567667272
tcn,bandpass,0,independent,all,macro_auroc,clean_drop,303,3,0.027474428871107293
tcn,bandpass,0,independent,all,macro_auroc,clean_drop,404,3,0.02576224931271968
tcn,bandpass,0,independent,all,macro_auroc,clean_drop,505,3,0.027063834663821524
tcn,bandpass,0,independent,all,macro_auroc,normalized_robustness,101,3,0.9704033940316785
tcn,bandpass,0,independent,all,macro_auroc,normalized_robustness,202,3,0.9711332853390751
tcn,bandpass,0,independent,all,macro_auroc,normalized_robustness,303,3,0.9701137759552566
tcn,bandpass,0,independent,all,macro_auroc,normalized_robustness,404,3,0.9719768799932128
tcn,bandpass,0,independent,all,macro_auroc,normalized_robustness,505,3,0.9705611167753437
tcn,bandpass,0,independent,all,macro_f1,absolute,101,3,0.5818125526550594
tcn,bandpass,0,independent,all,macro_f1,absolute,202,3,0.5832549000051149
tcn,bandpass,0,independent,all,macro_f1,absolute,303,3,0.5848779527885622
tcn,bandpass,0,independent,all,macro_f1,absolute,404,3,0.582961280005497
tcn,bandpass,0,independent,all,macro_f1,absolute,505,3,0.5815775463827101
tcn,bandpass,0,independent,all,macro_f1,clean_drop,101,3,0.15877217630253257
tcn,bandpass,0,independent,all,macro_f1,clean_drop,202,3,0.15732982895247702
tcn,bandpass,0,independent,all,macro_f1,clean_drop,303,3,0.15570677616902975
tcn,bandpass,0,independent,all,macro_f1,clean_drop,404,3,0.15762344895209499
tcn,bandpass,0,independent,all,macro_f1,clean_drop,505,3,0.1590071825748818
tcn,bandpass,0,independent,all,macro_f1,normalized_robustness,101,3,0.7864226687617414
tcn,bandpass,0,independent,all,macro_f1,normalized_robustness,202,3,0.7883498299944556
tcn,bandpass,0,independent,all,macro_f1,normalized_robustness,303,3,0.7905494099830431
tcn,bandpass,0,independent,all,macro_f1,normalized_robustness,404,3,0.787909743121368
tcn,bandpass,0,independent,all,macro_f1,normalized_robustness,505,3,0.786143719811104
tcn,bandpass,0,independent,all,mean_confidence,absolute,101,3,0.8107762336730957
tcn,bandpass,0,independent,all,mean_confidence,absolute,202,3,0.8102450768152872
tcn,bandpass,0,independent,all,mean_confidence,absolute,303,3,0.8105499744415283
tcn,bandpass,0,independent,all,mean_confidence,absolute,404,3,0.8102045853932699
tcn,bandpass,0,independent,all,mean_confidence,absolute,505,3,0.8105519811312357
tcn,bandpass,0,independent,all,mean_entropy,absolute,101,3,0.41094730940957075
tcn,bandpass,0,independent,all,mean_entropy,absolute,202,3,0.4114181543657171
tcn,bandpass,0,independent,all,mean_entropy,absolute,303,3,0.41106726047948644
tcn,bandpass,0,independent,all,mean_entropy,absolute,404,3,0.4114126314672057
tcn,bandpass,0,independent,all,mean_entropy,absolute,505,3,0.4113737924933443
tcn,bandpass,0,independent,all,mean_loss,absolute,101,3,0.4296729686075622
tcn,bandpass,0,independent,all,mean_loss,absolute,202,3,0.42861734736259405
tcn,bandpass,0,independent,all,mean_loss,absolute,303,3,0.4304536596802513
tcn,bandpass,0,independent,all,mean_loss,absolute,404,3,0.4290474080679411
tcn,bandpass,0,independent,all,mean_loss,absolute,505,3,0.43094321529543494
tcn,bandpass,0,independent,all,micro_ap,absolute,101,3,0.7122688707987991
tcn,bandpass,0,independent,all,micro_ap,absolute,202,3,0.7139053524105523
tcn,bandpass,0,independent,all,micro_ap,absolute,303,3,0.7112401528212247
tcn,bandpass,0,independent,all,micro_ap,absolute,404,3,0.7138194298335258
tcn,bandpass,0,independent,all,micro_ap,absolute,505,3,0.708543255541381
tcn,bandpass,0,independent,all,micro_auroc,absolute,101,3,0.8361002320780768
tcn,bandpass,0,independent,all,micro_auroc,absolute,202,3,0.8368486432735213
tcn,bandpass,0,independent,all,micro_auroc,absolute,303,3,0.8356341338796973
tcn,bandpass,0,independent,all,micro_auroc,absolute,404,3,0.8366868460190501
tcn,bandpass,0,independent,all,micro_auroc,absolute,505,3,0.8355513394824351
tcn,bandpass,0,independent,all,micro_f1,absolute,101,3,0.5862302978016726
tcn,bandpass,0,independent,all,micro_f1,absolute,202,3,0.5866713890833744
tcn,bandpass,0,independent,all,micro_f1,absolute,303,3,0.5886159111729404
tcn,bandpass,0,independent,all,micro_f1,absolute,404,3,0.5859840206313465
tcn,bandpass,0,independent,all,micro_f1,absolute,505,3,0.585353650461494
tcn,bandpass,0,independent,all,probability_shift,absolute,101,3,0.17599320163329443
tcn,bandpass,0,independent,all,probability_shift,absolute,202,3,0.17559865613778433
tcn,bandpass,0,independent,all,probability_shift,absolute,303,3,0.17626251528660453
tcn,bandpass,0,independent,all,probability_shift,absolute,404,3,0.17642344534397122
tcn,bandpass,0,independent,all,probability_shift,absolute,505,3,0.17625742654005683
tcn,bandpass,0,independent_rms,all,ap_CD,absolute,101,3,0.7862719026515884
tcn,bandpass,0,independent_rms,all,ap_CD,absolute,202,3,0.7866882221607131
tcn,bandpass,0,independent_rms,all,ap_CD,absolute,303,3,0.7865035039296187
tcn,bandpass,0,independent_rms,all,ap_CD,absolute,404,3,0.792237229413272
tcn,bandpass,0,independent_rms,all,ap_CD,absolute,505,3,0.7846181849463015
tcn,bandpass,0,independent_rms,all,ap_CD,clean_drop,101,3,0.04877599808612102
tcn,bandpass,0,independent_rms,all,ap_CD,clean_drop,202,3,0.0483596785769963
tcn,bandpass,0,independent_rms,all,ap_CD,clean_drop,303,3,0.04854439680809075
tcn,bandpass,0,independent_rms,all,ap_CD,clean_drop,404,3,0.042810671324437465
tcn,bandpass,0,independent_rms,all,ap_CD,clean_drop,505,3,0.05042971579140776
tcn,bandpass,0,independent_rms,all,ap_CD,normalized_robustness,101,3,0.9416192936868488
tcn,bandpass,0,independent_rms,all,ap_CD,normalized_robustness,202,3,0.9421126299396985
tcn,bandpass,0,independent_rms,all,ap_CD,normalized_robustness,303,3,0.9418644872235257
tcn,bandpass,0,independent_rms,all,ap_CD,normalized_robustness,404,3,0.9487701818915789
tcn,bandpass,0,independent_rms,all,ap_CD,normalized_robustness,505,3,0.9396197701101231
tcn,bandpass,0,independent_rms,all,ap_HYP,absolute,101,3,0.6282446466383771
tcn,bandpass,0,independent_rms,all,ap_HYP,absolute,202,3,0.6344205613839572
tcn,bandpass,0,independent_rms,all,ap_HYP,absolute,303,3,0.6308230122148535
tcn,bandpass,0,independent_rms,all,ap_HYP,absolute,404,3,0.6364287631260291
tcn,bandpass,0,independent_rms,all,ap_HYP,absolute,505,3,0.6340536133393312
tcn,bandpass,0,independent_rms,all,ap_HYP,clean_drop,101,3,0.043243291178995315
tcn,bandpass,0,independent_rms,all,ap_HYP,clean_drop,202,3,0.037067376433415254
tcn,bandpass,0,independent_rms,all,ap_HYP,clean_drop,303,3,0.040664925602519
tcn,bandpass,0,independent_rms,all,ap_HYP,clean_drop,404,3,0.03505917469134331
tcn,bandpass,0,independent_rms,all,ap_HYP,clean_drop,505,3,0.037434324478041216
tcn,bandpass,0,independent_rms,all,ap_HYP,normalized_robustness,101,3,0.9356186598706534
tcn,bandpass,0,independent_rms,all,ap_HYP,normalized_robustness,202,3,0.9448865960420839
tcn,bandpass,0,independent_rms,all,ap_HYP,normalized_robustness,303,3,0.9395259237353893
tcn,bandpass,0,independent_rms,all,ap_HYP,normalized_robustness,404,3,0.947875153245127
tcn,bandpass,0,independent_rms,all,ap_HYP,normalized_robustness,505,3,0.9443037467775591
tcn,bandpass,0,independent_rms,all,ap_MI,absolute,101,3,0.7279691278698165
tcn,bandpass,0,independent_rms,all,ap_MI,absolute,202,3,0.7299081865759568
tcn,bandpass,0,independent_rms,all,ap_MI,absolute,303,3,0.7272156256608632
tcn,bandpass,0,independent_rms,all,ap_MI,absolute,404,3,0.7333331561520854
tcn,bandpass,0,independent_rms,all,ap_MI,absolute,505,3,0.7212512614463572
tcn,bandpass,0,independent_rms,all,ap_MI,clean_drop,101,3,0.06636368491785143
tcn,bandpass,0,independent_rms,all,ap_MI,clean_drop,202,3,0.06442462621171104
tcn,bandpass,0,independent_rms,all,ap_MI,clean_drop,303,3,0.0671171871268047
tcn,bandpass,0,independent_rms,all,ap_MI,clean_drop,404,3,0.0609996566355826
tcn,bandpass,0,independent_rms,all,ap_MI,clean_drop,505,3,0.07308155134131056
tcn,bandpass,0,independent_rms,all,ap_MI,normalized_robustness,101,3,0.916644905944592
tcn,bandpass,0,independent_rms,all,ap_MI,normalized_robustness,202,3,0.919095662374516
tcn,bandpass,0,independent_rms,all,ap_MI,normalized_robustness,303,3,0.9157278769518366
tcn,bandpass,0,independent_rms,all,ap_MI,normalized_robustness,404,3,0.9234279851524275
tcn,bandpass,0,independent_rms,all,ap_MI,normalized_robustness,505,3,0.9081857451505732
tcn,bandpass,0,independent_rms,all,ap_NORM,absolute,101,3,0.8914835298881317
tcn,bandpass,0,independent_rms,all,ap_NORM,absolute,202,3,0.8917060126579116
tcn,bandpass,0,independent_rms,all,ap_NORM,absolute,303,3,0.8880864219629349
tcn,bandpass,0,independent_rms,all,ap_NORM,absolute,404,3,0.8916238726761607
tcn,bandpass,0,independent_rms,all,ap_NORM,absolute,505,3,0.8892278077325052
tcn,bandpass,0,independent_rms,all,ap_NORM,clean_drop,101,3,0.03217331220987252
tcn,bandpass,0,independent_rms,all,ap_NORM,clean_drop,202,3,0.03195082944009272
tcn,bandpass,0,independent_rms,all,ap_NORM,clean_drop,303,3,0.03557042013506939
tcn,bandpass,0,independent_rms,all,ap_NORM,clean_drop,404,3,0.03203296942184356
tcn,bandpass,0,independent_rms,all,ap_NORM,clean_drop,505,3,0.03442903436549908
tcn,bandpass,0,independent_rms,all,ap_NORM,normalized_robustness,101,3,0.9651755344937346
tcn,bandpass,0,independent_rms,all,ap_NORM,normalized_robustness,202,3,0.9654117727430794
tcn,bandpass,0,independent_rms,all,ap_NORM,normalized_robustness,303,3,0.9614938683806318
tcn,bandpass,0,independent_rms,all,ap_NORM,normalized_robustness,404,3,0.9653200630237962
tcn,bandpass,0,independent_rms,all,ap_NORM,normalized_robustness,505,3,0.9627269561624613
tcn,bandpass,0,independent_rms,all,ap_STTC,absolute,101,3,0.767147599120491
tcn,bandpass,0,independent_rms,all,ap_STTC,absolute,202,3,0.7730346229523918
tcn,bandpass,0,independent_rms,all,ap_STTC,absolute,303,3,0.7673633796003984
tcn,bandpass,0,independent_rms,all,ap_STTC,absolute,404,3,0.7639541238345829
tcn,bandpass,0,independent_rms,all,ap_STTC,absolute,505,3,0.7615575070428692
tcn,bandpass,0,independent_rms,all,ap_STTC,clean_drop,101,3,0.053115245691819545
tcn,bandpass,0,independent_rms,all,ap_STTC,clean_drop,202,3,0.04722822185991882
tcn,bandpass,0,independent_rms,all,ap_STTC,clean_drop,303,3,0.05289946521191221
tcn,bandpass,0,independent_rms,all,ap_STTC,clean_drop,404,3,0.05630872097772769
tcn,bandpass,0,independent_rms,all,ap_STTC,clean_drop,505,3,0.05870533776944146
tcn,bandpass,0,independent_rms,all,ap_STTC,normalized_robustness,101,3,0.9352473521972923
tcn,bandpass,0,independent_rms,all,ap_STTC,normalized_robustness,202,3,0.942404129105754
tcn,bandpass,0,independent_rms,all,ap_STTC,normalized_robustness,303,3,0.9354917359110014
tcn,bandpass,0,independent_rms,all,ap_STTC,normalized_robustness,404,3,0.9313333575097938
tcn,bandpass,0,independent_rms,all,ap_STTC,normalized_robustness,505,3,0.928393915433789
tcn,bandpass,0,independent_rms,all,auroc_CD,absolute,101,3,0.8817240693296068
tcn,bandpass,0,independent_rms,all,auroc_CD,absolute,202,3,0.882871637358798
tcn,bandpass,0,independent_rms,all,auroc_CD,absolute,303,3,0.8818684251387756
tcn,bandpass,0,independent_rms,all,auroc_CD,absolute,404,3,0.8845727715021413
tcn,bandpass,0,independent_rms,all,auroc_CD,absolute,505,3,0.8822388170749065
tcn,bandpass,0,independent_rms,all,auroc_CD,clean_drop,101,3,0.0310344771812688
tcn,bandpass,0,independent_rms,all,auroc_CD,clean_drop,202,3,0.02988690915207744
tcn,bandpass,0,independent_rms,all,auroc_CD,clean_drop,303,3,0.03089012137209986
tcn,bandpass,0,independent_rms,all,auroc_CD,clean_drop,404,3,0.02818577500873413
tcn,bandpass,0,independent_rms,all,auroc_CD,clean_drop,505,3,0.030519729435969034
tcn,bandpass,0,independent_rms,all,auroc_CD,normalized_robustness,101,3,0.9660120470179141
tcn,bandpass,0,independent_rms,all,auroc_CD,normalized_robustness,202,3,0.967265797715874
tcn,bandpass,0,independent_rms,all,auroc_CD,normalized_robustness,303,3,0.9661610908268056
tcn,bandpass,0,independent_rms,all,auroc_CD,normalized_robustness,404,3,0.9691353994178131
tcn,bandpass,0,independent_rms,all,auroc_CD,normalized_robustness,505,3,0.9665618242636019
tcn,bandpass,0,independent_rms,all,auroc_HYP,absolute,101,3,0.8797985044180328
tcn,bandpass,0,independent_rms,all,auroc_HYP,absolute,202,3,0.8791341890252413
tcn,bandpass,0,independent_rms,all,auroc_HYP,absolute,303,3,0.8764782695053737
tcn,bandpass,0,independent_rms,all,auroc_HYP,absolute,404,3,0.8822584844483096
tcn,bandpass,0,independent_rms,all,auroc_HYP,absolute,505,3,0.881143239819199
tcn,bandpass,0,independent_rms,all,auroc_HYP,clean_drop,101,3,0.017333934572315246
tcn,bandpass,0,independent_rms,all,auroc_HYP,clean_drop,202,3,0.017998249965106645
tcn,bandpass,0,independent_rms,all,auroc_HYP,clean_drop,303,3,0.020654169484974377
tcn,bandpass,0,independent_rms,all,auroc_HYP,clean_drop,404,3,0.014873954542038437
tcn,bandpass,0,independent_rms,all,auroc_HYP,clean_drop,505,3,0.01598919917114912
tcn,bandpass,0,independent_rms,all,auroc_HYP,normalized_robustness,101,3,0.9807343234646635
tcn,bandpass,0,independent_rms,all,auroc_HYP,normalized_robustness,202,3,0.9799930972542225
tcn,bandpass,0,independent_rms,all,auroc_HYP,normalized_robustness,303,3,0.9770275252480024
tcn,bandpass,0,independent_rms,all,auroc_HYP,normalized_robustness,404,3,0.9834719895020538
tcn,bandpass,0,independent_rms,all,auroc_HYP,normalized_robustness,505,3,0.982237282923855
tcn,bandpass,0,independent_rms,all,auroc_MI,absolute,101,3,0.8706912407658676
tcn,bandpass,0,independent_rms,all,auroc_MI,absolute,202,3,0.8735157545605307
tcn,bandpass,0,independent_rms,all,auroc_MI,absolute,303,3,0.8737238052163425
tcn,bandpass,0,independent_rms,all,auroc_MI,absolute,404,3,0.8742588195386704
tcn,bandpass,0,independent_rms,all,auroc_MI,absolute,505,3,0.8715279662294587
tcn,bandpass,0,independent_rms,all,auroc_MI,clean_drop,101,3,0.03892695612844865
tcn,bandpass,0,independent_rms,all,auroc_MI,clean_drop,202,3,0.03610244233378564
tcn,bandpass,0,independent_rms,all,auroc_MI,clean_drop,303,3,0.03589439167797378
tcn,bandpass,0,independent_rms,all,auroc_MI,clean_drop,404,3,0.03535937735564598
tcn,bandpass,0,independent_rms,all,auroc_MI,clean_drop,505,3,0.038090230664857505
tcn,bandpass,0,independent_rms,all,auroc_MI,normalized_robustness,101,3,0.9572329533961538
tcn,bandpass,0,independent_rms,all,auroc_MI,normalized_robustness,202,3,0.9603398069501635
tcn,bandpass,0,independent_rms,all,auroc_MI,normalized_robustness,303,3,0.9605748455068607
tcn,bandpass,0,independent_rms,all,auroc_MI,normalized_robustness,404,3,0.961160641463438
tcn,bandpass,0,independent_rms,all,auroc_MI,normalized_robustness,505,3,0.9581579152445047
tcn,bandpass,0,independent_rms,all,auroc_NORM,absolute,101,3,0.9183195239191798
tcn,bandpass,0,independent_rms,all,auroc_NORM,absolute,202,3,0.9186653747948864
tcn,bandpass,0,independent_rms,all,auroc_NORM,absolute,303,3,0.91744302077857
tcn,bandpass,0,independent_rms,all,auroc_NORM,absolute,404,3,0.9185738430723376
tcn,bandpass,0,independent_rms,all,auroc_NORM,absolute,505,3,0.9182471095817203
tcn,bandpass,0,independent_rms,all,auroc_NORM,clean_drop,101,3,0.024896773361951507
tcn,bandpass,0,independent_rms,all,auroc_NORM,clean_drop,202,3,0.02455092248624487
tcn,bandpass,0,independent_rms,all,auroc_NORM,clean_drop,303,3,0.025773276502561338
tcn,bandpass,0,independent_rms,all,auroc_NORM,clean_drop,404,3,0.02464245420879363
tcn,bandpass,0,independent_rms,all,auroc_NORM,clean_drop,505,3,0.02496918769941107
tcn,bandpass,0,independent_rms,all,auroc_NORM,normalized_robustness,101,3,0.9736064114853988
tcn,bandpass,0,independent_rms,all,auroc_NORM,normalized_robustness,202,3,0.973972972826331
tcn,bandpass,0,independent_rms,all,auroc_NORM,normalized_robustness,303,3,0.9726772280701579
tcn,bandpass,0,independent_rms,all,auroc_NORM,normalized_robustness,404,3,0.9738755813216772
tcn,bandpass,0,independent_rms,all,auroc_NORM,normalized_robustness,505,3,0.9735297384411771
tcn,bandpass,0,independent_rms,all,auroc_STTC,absolute,101,3,0.9030665226834195
tcn,bandpass,0,independent_rms,all,auroc_STTC,absolute,202,3,0.9036648895444479
tcn,bandpass,0,independent_rms,all,auroc_STTC,absolute,303,3,0.9033557398468165
tcn,bandpass,0,independent_rms,all,auroc_STTC,absolute,404,3,0.9015266367053321
tcn,bandpass,0,independent_rms,all,auroc_STTC,absolute,505,3,0.9014945883169553
tcn,bandpass,0,independent_rms,all,auroc_STTC,clean_drop,101,3,0.02851134063489417
tcn,bandpass,0,independent_rms,all,auroc_STTC,clean_drop,202,3,0.027912973773865812
tcn,bandpass,0,independent_rms,all,auroc_STTC,clean_drop,303,3,0.02822212347149707
tcn,bandpass,0,independent_rms,all,auroc_STTC,clean_drop,404,3,0.03005122661298158
tcn,bandpass,0,independent_rms,all,auroc_STTC,clean_drop,505,3,0.030083275001358212
tcn,bandpass,0,independent_rms,all,auroc_STTC,normalized_robustness,101,3,0.9694197902699485
tcn,bandpass,0,independent_rms,all,auroc_STTC,normalized_robustness,202,3,0.9700590766140733
tcn,bandpass,0,independent_rms,all,auroc_STTC,normalized_robustness,303,3,0.969726021238598
tcn,bandpass,0,independent_rms,all,auroc_STTC,normalized_robustness,404,3,0.9677633277936776
tcn,bandpass,0,independent_rms,all,auroc_STTC,normalized_robustness,505,3,0.9677285486112415
tcn,bandpass,0,independent_rms,all,brier,absolute,101,3,0.13902616749207172
tcn,bandpass,0,independent_rms,all,brier,absolute,202,3,0.1385221108794212
tcn,bandpass,0,independent_rms,all,brier,absolute,303,3,0.13901272912820176
tcn,bandpass,0,independent_rms,all,brier,absolute,404,3,0.1387784034013748
tcn,bandpass,0,independent_rms,all,brier,absolute,505,3,0.1394735798239708
tcn,bandpass,0,independent_rms,all,clean_agreement,absolute,101,3,0.7737411183194315
tcn,bandpass,0,independent_rms,all,clean_agreement,absolute,202,3,0.7757182576459686
tcn,bandpass,0,independent_rms,all,clean_agreement,absolute,303,3,0.7738029039233858
tcn,bandpass,0,independent_rms,all,clean_agreement,absolute,404,3,0.7742045103490885
tcn,bandpass,0,independent_rms,all,clean_agreement,absolute,505,3,0.7743589743589743
tcn,bandpass,0,independent_rms,all,ece,absolute,101,3,0.13790408663669174
tcn,bandpass,0,independent_rms,all,ece,absolute,202,3,0.13861467014816364
tcn,bandpass,0,independent_rms,all,ece,absolute,303,3,0.1387062944078246
tcn,bandpass,0,independent_rms,all,ece,absolute,404,3,0.13918647227718486
tcn,bandpass,0,independent_rms,all,ece,absolute,505,3,0.13908037187742764
tcn,bandpass,0,independent_rms,all,f1_CD,absolute,101,3,0.6216001635959155
tcn,bandpass,0,independent_rms,all,f1_CD,absolute,202,3,0.6232098810892733
tcn,bandpass,0,independent_rms,all,f1_CD,absolute,303,3,0.6293884268413872
tcn,bandpass,0,independent_rms,all,f1_CD,absolute,404,3,0.6257731423632276
tcn,bandpass,0,independent_rms,all,f1_CD,absolute,505,3,0.6226962944715159
tcn,bandpass,0,independent_rms,all,f1_CD,clean_drop,101,3,0.12227631985234529
tcn,bandpass,0,independent_rms,all,f1_CD,clean_drop,202,3,0.12066660235898745
tcn,bandpass,0,independent_rms,all,f1_CD,clean_drop,303,3,0.11448805660687363
tcn,bandpass,0,independent_rms,all,f1_CD,clean_drop,404,3,0.11810334108503318
tcn,bandpass,0,independent_rms,all,f1_CD,clean_drop,505,3,0.12118018897674492
tcn,bandpass,0,independent_rms,all,f1_CD,normalized_robustness,101,3,0.8356411243556602
tcn,bandpass,0,independent_rms,all,f1_CD,normalized_robustness,202,3,0.8377648338951427
tcn,bandpass,0,independent_rms,all,f1_CD,normalized_robustness,303,3,0.8460797878365551
tcn,bandpass,0,independent_rms,all,f1_CD,normalized_robustness,404,3,0.841229059682019
tcn,bandpass,0,independent_rms,all,f1_CD,normalized_robustness,505,3,0.8370475134339772
tcn,bandpass,0,independent_rms,all,f1_HYP,absolute,101,3,0.5485126375056117
tcn,bandpass,0,independent_rms,all,f1_HYP,absolute,202,3,0.5484283944000912
tcn,bandpass,0,independent_rms,all,f1_HYP,absolute,303,3,0.5444755104371971
tcn,bandpass,0,independent_rms,all,f1_HYP,absolute,404,3,0.5559727241562299
tcn,bandpass,0,independent_rms,all,f1_HYP,absolute,505,3,0.5524036612860076
tcn,bandpass,0,independent_rms,all,f1_HYP,clean_drop,101,3,0.06489454669475259
tcn,bandpass,0,independent_rms,all,f1_HYP,clean_drop,202,3,0.06497878980027312
tcn,bandpass,0,independent_rms,all,f1_HYP,clean_drop,303,3,0.06893167376316722
tcn,bandpass,0,independent_rms,all,f1_HYP,clean_drop,404,3,0.05743446004413444
tcn,bandpass,0,independent_rms,all,f1_HYP,clean_drop,505,3,0.061003522914356734
tcn,bandpass,0,independent_rms,all,f1_HYP,normalized_robustness,101,3,0.8970329408247641
tcn,bandpass,0,independent_rms,all,f1_HYP,normalized_robustness,202,3,0.896642113199308
tcn,bandpass,0,independent_rms,all,f1_HYP,normalized_robustness,303,3,0.8898553514777667
tcn,bandpass,0,independent_rms,all,f1_HYP,normalized_robustness,404,3,0.9092790137733889
tcn,bandpass,0,independent_rms,all,f1_HYP,normalized_robustness,505,3,0.9035073727666326
tcn,bandpass,0,independent_rms,all,f1_MI,absolute,101,3,0.5711378799962213
tcn,bandpass,0,independent_rms,all,f1_MI,absolute,202,3,0.5724263827098772
tcn,bandpass,0,independent_rms,all,f1_MI,absolute,303,3,0.5747820171296959
tcn,bandpass,0,independent_rms,all,f1_MI,absolute,404,3,0.5734648329868232
tcn,bandpass,0,independent_rms,all,f1_MI,absolute,505,3,0.5739665316564649
tcn,bandpass,0,independent_rms,all,f1_MI,clean_drop,101,3,0.14357102505665734
tcn,bandpass,0,independent_rms,all,f1_MI,clean_drop,202,3,0.14228252234300132
tcn,bandpass,0,independent_rms,all,f1_MI,clean_drop,303,3,0.13992688792318275
tcn,bandpass,0,independent_rms,all,f1_MI,clean_drop,404,3,0.1412440720660554
tcn,bandpass,0,independent_rms,all,f1_MI,clean_drop,505,3,0.14074237339641363
tcn,bandpass,0,independent_rms,all,f1_MI,normalized_robustness,101,3,0.7998039640619568
tcn,bandpass,0,independent_rms,all,f1_MI,normalized_robustness,202,3,0.801590591056363
tcn,bandpass,0,independent_rms,all,f1_MI,normalized_robustness,303,3,0.8049222116897257
tcn,bandpass,0,independent_rms,all,f1_MI,normalized_robustness,404,3,0.8030074455582906
tcn,bandpass,0,independent_rms,all,f1_MI,normalized_robustness,505,3,0.8037758937828694
tcn,bandpass,0,independent_rms,all,f1_NORM,absolute,101,3,0.5429745201139833
tcn,bandpass,0,independent_rms,all,f1_NORM,absolute,202,3,0.5436794461658302
tcn,bandpass,0,independent_rms,all,f1_NORM,absolute,303,3,0.5454951433466747
tcn,bandpass,0,independent_rms,all,f1_NORM,absolute,404,3,0.5463952154075257
tcn,bandpass,0,independent_rms,all,f1_NORM,absolute,505,3,0.5417973413514594
tcn,bandpass,0,independent_rms,all,f1_NORM,clean_drop,101,3,0.3147215107530966
tcn,bandpass,0,independent_rms,all,f1_NORM,clean_drop,202,3,0.31401658470124966
tcn,bandpass,0,independent_rms,all,f1_NORM,clean_drop,303,3,0.31220088752040515
tcn,bandpass,0,independent_rms,all,f1_NORM,clean_drop,404,3,0.3113008154595543
tcn,bandpass,0,independent_rms,all,f1_NORM,clean_drop,505,3,0.3158986895156205
tcn,bandpass,0,independent_rms,all,f1_NORM,normalized_robustness,101,3,0.6328100221547918
tcn,bandpass,0,independent_rms,all,f1_NORM,normalized_robustness,202,3,0.6336299103122484
tcn,bandpass,0,independent_rms,all,f1_NORM,normalized_robustness,303,3,0.6357554224193184
tcn,bandpass,0,independent_rms,all,f1_NORM,normalized_robustness,404,3,0.6368147255597283
tcn,bandpass,0,independent_rms,all,f1_NORM,normalized_robustness,505,3,0.6314278313487834
tcn,bandpass,0,independent_rms,all,f1_STTC,absolute,101,3,0.6001659424841351
tcn,bandpass,0,independent_rms,all,f1_STTC,absolute,202,3,0.6004882964501803
tcn,bandpass,0,independent_rms,all,f1_STTC,absolute,303,3,0.5992394201424254
tcn,bandpass,0,independent_rms,all,f1_STTC,absolute,404,3,0.5972461287384628
tcn,bandpass,0,independent_rms,all,f1_STTC,absolute,505,3,0.5986309573048644
tcn,bandpass,0,independent_rms,all,f1_STTC,clean_drop,101,3,0.17306909873524082
tcn,bandpass,0,independent_rms,all,f1_STTC,clean_drop,202,3,0.17274674476919552
tcn,bandpass,0,independent_rms,all,f1_STTC,clean_drop,303,3,0.17399562107695052
tcn,bandpass,0,independent_rms,all,f1_STTC,clean_drop,404,3,0.175988912480913
tcn,bandpass,0,independent_rms,all,f1_STTC,clean_drop,505,3,0.17460408391451146
tcn,bandpass,0,independent_rms,all,f1_STTC,normalized_robustness,101,3,0.7765336957203748
tcn,bandpass,0,independent_rms,all,f1_STTC,normalized_robustness,202,3,0.776925343561985
tcn,bandpass,0,independent_rms,all,f1_STTC,normalized_robustness,303,3,0.7753226858028718
tcn,bandpass,0,independent_rms,all,f1_STTC,normalized_robustness,404,3,0.7727469917748843
tcn,bandpass,0,independent_rms,all,f1_STTC,normalized_robustness,505,3,0.7745908469735658
tcn,bandpass,0,independent_rms,all,macro_ap,absolute,101,3,0.760223361233681
tcn,bandpass,0,independent_rms,all,macro_ap,absolute,202,3,0.763151521146186
tcn,bandpass,0,independent_rms,all,macro_ap,absolute,303,3,0.7599983886737337
tcn,bandpass,0,independent_rms,all,macro_ap,absolute,404,3,0.7635154290404259
tcn,bandpass,0,independent_rms,all,macro_ap,absolute,505,3,0.758141674901473
tcn,bandpass,0,independent_rms,all,macro_ap,clean_drop,101,3,0.04873430641693196
tcn,bandpass,0,independent_rms,all,macro_ap,clean_drop,202,3,0.0458061465044269
tcn,bandpass,0,independent_rms,all,macro_ap,clean_drop,303,3,0.048959278976879204
tcn,bandpass,0,independent_rms,all,macro_ap,clean_drop,404,3,0.045442238610187
tcn,bandpass,0,independent_rms,all,macro_ap,clean_drop,505,3,0.050815992749140025
tcn,bandpass,0,independent_rms,all,macro_ap,normalized_robustness,101,3,0.9398157252981977
tcn,bandpass,0,independent_rms,all,macro_ap,normalized_robustness,202,3,0.9434347746873879
tcn,bandpass,0,independent_rms,all,macro_ap,normalized_robustness,303,3,0.9395350391173901
tcn,bandpass,0,independent_rms,all,macro_ap,normalized_robustness,404,3,0.9438796796381353
tcn,bandpass,0,independent_rms,all,macro_ap,normalized_robustness,505,3,0.9372476547045019
tcn,bandpass,0,independent_rms,all,macro_auroc,absolute,101,3,0.8907199722232213
tcn,bandpass,0,independent_rms,all,macro_auroc,absolute,202,3,0.8915703690567809
tcn,bandpass,0,independent_rms,all,macro_auroc,absolute,303,3,0.8905738520971758
tcn,bandpass,0,independent_rms,all,macro_auroc,absolute,404,3,0.8922381110533583
tcn,bandpass,0,independent_rms,all,macro_auroc,absolute,505,3,0.890930344204448
tcn,bandpass,0,independent_rms,all,macro_auroc,clean_drop,101,3,0.028140696375775653
tcn,bandpass,0,independent_rms,all,macro_auroc,clean_drop,202,3,0.02729029954221603
tcn,bandpass,0,independent_rms,all,macro_auroc,clean_drop,303,3,0.02828681650182126
tcn,bandpass,0,independent_rms,all,macro_auroc,clean_drop,404,3,0.02662255754563873
tcn,bandpass,0,independent_rms,all,macro_auroc,clean_drop,505,3,0.0279303243945489
tcn,bandpass,0,independent_rms,all,macro_auroc,normalized_robustness,101,3,0.9693906666667282
tcn,bandpass,0,independent_rms,all,macro_auroc,normalized_robustness,202,3,0.9703153941252811
tcn,bandpass,0,independent_rms,all,macro_auroc,normalized_robustness,303,3,0.9692311247711122
tcn,bandpass,0,independent_rms,all,macro_auroc,normalized_robustness,404,3,0.9710420157682699
tcn,bandpass,0,independent_rms,all,macro_auroc,normalized_robustness,505,3,0.9696198183920375
tcn,bandpass,0,independent_rms,all,macro_f1,absolute,101,3,0.5768782287391734
tcn,bandpass,0,independent_rms,all,macro_f1,absolute,202,3,0.5776464801630504
tcn,bandpass,0,independent_rms,all,macro_f1,absolute,303,3,0.578676103579476
tcn,bandpass,0,independent_rms,all,macro_f1,absolute,404,3,0.5797704087304538
tcn,bandpass,0,independent_rms,all,macro_f1,absolute,505,3,0.5778989572140625
tcn,bandpass,0,independent_rms,all,macro_f1,clean_drop,101,3,0.1637065002184185
tcn,bandpass,0,independent_rms,all,macro_f1,clean_drop,202,3,0.16293824879454138
tcn,bandpass,0,independent_rms,all,macro_f1,clean_drop,303,3,0.16190862537811587
tcn,bandpass,0,independent_rms,all,macro_f1,clean_drop,404,3,0.16081432022713807
tcn,bandpass,0,independent_rms,all,macro_f1,clean_drop,505,3,0.16268577174352947
tcn,bandpass,0,independent_rms,all,macro_f1,normalized_robustness,101,3,0.7798426534289264
tcn,bandpass,0,independent_rms,all,macro_f1,normalized_robustness,202,3,0.7808684482070642
tcn,bandpass,0,independent_rms,all,macro_f1,normalized_robustness,303,3,0.7822367515963643
tcn,bandpass,0,independent_rms,all,macro_f1,normalized_robustness,404,3,0.7836879289701502
tcn,bandpass,0,independent_rms,all,macro_f1,normalized_robustness,505,3,0.7812173461147923
tcn,bandpass,0,independent_rms,all,mean_confidence,absolute,101,3,0.809232215086619
tcn,bandpass,0,independent_rms,all,mean_confidence,absolute,202,3,0.8087437748908997
tcn,bandpass,0,independent_rms,all,mean_confidence,absolute,303,3,0.8090302149454752
tcn,bandpass,0,independent_rms,all,mean_confidence,absolute,404,3,0.80877157052358
tcn,bandpass,0,independent_rms,all,mean_confidence,absolute,505,3,0.8090508381525675
tcn,bandpass,0,independent_rms,all,mean_entropy,absolute,101,3,0.4133139287917474
tcn,bandpass,0,independent_rms,all,mean_entropy,absolute,202,3,0.41381316260926876
tcn,bandpass,0,independent_rms,all,mean_entropy,absolute,303,3,0.4134417975507538
tcn,bandpass,0,independent_rms,all,mean_entropy,absolute,404,3,0.4138062162779954
tcn,bandpass,0,independent_rms,all,mean_entropy,absolute,505,3,0.4137978696694456
tcn,bandpass,0,independent_rms,all,mean_loss,absolute,101,3,0.4359241691726206
tcn,bandpass,0,independent_rms,all,mean_loss,absolute,202,3,0.43470392700649035
tcn,bandpass,0,independent_rms,all,mean_loss,absolute,303,3,0.4364737429592196
tcn,bandpass,0,independent_rms,all,mean_loss,absolute,404,3,0.43548629676810346
tcn,bandpass,0,independent_rms,all,mean_loss,absolute,505,3,0.4372392802332996
tcn,bandpass,0,independent_rms,all,micro_ap,absolute,101,3,0.707364091991283
tcn,bandpass,0,independent_rms,all,micro_ap,absolute,202,3,0.7091495339877086
tcn,bandpass,0,independent_rms,all,micro_ap,absolute,303,3,0.7065192673533719
tcn,bandpass,0,independent_rms,all,micro_ap,absolute,404,3,0.7087795210725547
tcn,bandpass,0,independent_rms,all,micro_ap,absolute,505,3,0.7034540342417009
tcn,bandpass,0,independent_rms,all,micro_auroc,absolute,101,3,0.8316158104712424
tcn,bandpass,0,independent_rms,all,micro_auroc,absolute,202,3,0.8324905665289294
tcn,bandpass,0,independent_rms,all,micro_auroc,absolute,303,3,0.8312870660358499
tcn,bandpass,0,independent_rms,all,micro_auroc,absolute,404,3,0.8320349846296339
tcn,bandpass,0,independent_rms,all,micro_auroc,absolute,505,3,0.8310333612533984
tcn,bandpass,0,independent_rms,all,micro_f1,absolute,101,3,0.5806092025796624
tcn,bandpass,0,independent_rms,all,micro_f1,absolute,202,3,0.581415665717547
tcn,bandpass,0,independent_rms,all,micro_f1,absolute,303,3,0.5825108578903112
tcn,bandpass,0,independent_rms,all,micro_f1,absolute,404,3,0.5824546782738462
tcn,bandpass,0,independent_rms,all,micro_f1,absolute,505,3,0.5813603999802777
tcn,bandpass,0,independent_rms,all,probability_shift,absolute,101,3,0.1798261155684789
tcn,bandpass,0,independent_rms,all,probability_shift,absolute,202,3,0.17945182820161185
tcn,bandpass,0,independent_rms,all,probability_shift,absolute,303,3,0.18011028071244553
tcn,bandpass,0,independent_rms,all,probability_shift,absolute,404,3,0.1804592857758204
tcn,bandpass,0,independent_rms,all,probability_shift,absolute,505,3,0.1801644364992777
tcn,bandpass,0,marginal_shift,all,ap_CD,absolute,101,3,0.7855321736400968
tcn,bandpass,0,marginal_shift,all,ap_CD,absolute,202,3,0.7867296603671008
tcn,bandpass,0,marginal_shift,all,ap_CD,absolute,303,3,0.7838405945243817
tcn,bandpass,0,marginal_shift,all,ap_CD,absolute,404,3,0.7848218391909635
tcn,bandpass,0,marginal_shift,all,ap_CD,absolute,505,3,0.7894079640895172
tcn,bandpass,0,marginal_shift,all,ap_CD,clean_drop,101,3,0.049515727097612684
tcn,bandpass,0,marginal_shift,all,ap_CD,clean_drop,202,3,0.04831824037060861
tcn,bandpass,0,marginal_shift,all,ap_CD,clean_drop,303,3,0.05120730621332773
tcn,bandpass,0,marginal_shift,all,ap_CD,clean_drop,404,3,0.050226061546745915
tcn,bandpass,0,marginal_shift,all,ap_CD,clean_drop,505,3,0.04563993664819229
tcn,bandpass,0,marginal_shift,all,ap_CD,normalized_robustness,101,3,0.9407364433703691
tcn,bandpass,0,marginal_shift,all,ap_CD,normalized_robustness,202,3,0.9421504510269196
tcn,bandpass,0,marginal_shift,all,ap_CD,normalized_robustness,303,3,0.9386838364185426
tcn,bandpass,0,marginal_shift,all,ap_CD,normalized_robustness,404,3,0.9398773171439879
tcn,bandpass,0,marginal_shift,all,ap_CD,normalized_robustness,505,3,0.945378541778986
tcn,bandpass,0,marginal_shift,all,ap_HYP,absolute,101,3,0.6405033772548173
tcn,bandpass,0,marginal_shift,all,ap_HYP,absolute,202,3,0.6292242606360039
tcn,bandpass,0,marginal_shift,all,ap_HYP,absolute,303,3,0.6322050888225396
tcn,bandpass,0,marginal_shift,all,ap_HYP,absolute,404,3,0.631745264515653
tcn,bandpass,0,marginal_shift,all,ap_HYP,absolute,505,3,0.6276009525626155
tcn,bandpass,0,marginal_shift,all,ap_HYP,clean_drop,101,3,0.03098456056255509
tcn,bandpass,0,marginal_shift,all,ap_HYP,clean_drop,202,3,0.04226367718136855
tcn,bandpass,0,marginal_shift,all,ap_HYP,clean_drop,303,3,0.03928284899483284
tcn,bandpass,0,marginal_shift,all,ap_HYP,clean_drop,404,3,0.03974267330171929
tcn,bandpass,0,marginal_shift,all,ap_HYP,clean_drop,505,3,0.04388698525475698
tcn,bandpass,0,marginal_shift,all,ap_HYP,normalized_robustness,101,3,0.9539742324562684
tcn,bandpass,0,marginal_shift,all,ap_HYP,normalized_robustness,202,3,0.937094558183524
tcn,bandpass,0,marginal_shift,all,ap_HYP,normalized_robustness,303,3,0.9415453348329125
tcn,bandpass,0,marginal_shift,all,ap_HYP,normalized_robustness,404,3,0.9408865279002253
tcn,bandpass,0,marginal_shift,all,ap_HYP,normalized_robustness,505,3,0.9347480476958183
tcn,bandpass,0,marginal_shift,all,ap_MI,absolute,101,3,0.7271997500761187
tcn,bandpass,0,marginal_shift,all,ap_MI,absolute,202,3,0.7283746360792159
tcn,bandpass,0,marginal_shift,all,ap_MI,absolute,303,3,0.7319427654529055
tcn,bandpass,0,marginal_shift,all,ap_MI,absolute,404,3,0.7271206552968419
tcn,bandpass,0,marginal_shift,all,ap_MI,absolute,505,3,0.7294111087952951
tcn,bandpass,0,marginal_shift,all,ap_MI,clean_drop,101,3,0.06713306271154924
tcn,bandpass,0,marginal_shift,all,ap_MI,clean_drop,202,3,0.06595817670845201
tcn,bandpass,0,marginal_shift,all,ap_MI,clean_drop,303,3,0.0623900473347625
tcn,bandpass,0,marginal_shift,all,ap_MI,clean_drop,404,3,0.06721215749082599
tcn,bandpass,0,marginal_shift,all,ap_MI,clean_drop,505,3,0.06492170399237274
tcn,bandpass,0,marginal_shift,all,ap_MI,normalized_robustness,101,3,0.9156810007515075
tcn,bandpass,0,marginal_shift,all,ap_MI,normalized_robustness,202,3,0.9172295192435199
tcn,bandpass,0,marginal_shift,all,ap_MI,normalized_robustness,303,3,0.9216680956709732
tcn,bandpass,0,marginal_shift,all,ap_MI,normalized_robustness,404,3,0.9156060407661943
tcn,bandpass,0,marginal_shift,all,ap_MI,normalized_robustness,505,3,0.9185144762821981
tcn,bandpass,0,marginal_shift,all,ap_NORM,absolute,101,3,0.8946814036597143
tcn,bandpass,0,marginal_shift,all,ap_NORM,absolute,202,3,0.8874706984199849
tcn,bandpass,0,marginal_shift,all,ap_NORM,absolute,303,3,0.8900941824750349
tcn,bandpass,0,marginal_shift,all,ap_NORM,absolute,404,3,0.888938020539792
tcn,bandpass,0,marginal_shift,all,ap_NORM,absolute,505,3,0.8901704912708799
tcn,bandpass,0,marginal_shift,all,ap_NORM,clean_drop,101,3,0.02897543843828998
tcn,bandpass,0,marginal_shift,all,ap_NORM,clean_drop,202,3,0.03618614367801931
tcn,bandpass,0,marginal_shift,all,ap_NORM,clean_drop,303,3,0.03356265962296937
tcn,bandpass,0,marginal_shift,all,ap_NORM,clean_drop,404,3,0.0347188215582123
tcn,bandpass,0,marginal_shift,all,ap_NORM,clean_drop,505,3,0.0334863508271244
tcn,bandpass,0,marginal_shift,all,ap_NORM,normalized_robustness,101,3,0.9686331850533262
tcn,bandpass,0,marginal_shift,all,ap_NORM,normalized_robustness,202,3,0.9608224239533184
tcn,bandpass,0,marginal_shift,all,ap_NORM,normalized_robustness,303,3,0.9636655021045607
tcn,bandpass,0,marginal_shift,all,ap_NORM,normalized_robustness,404,3,0.9624158593134956
tcn,bandpass,0,marginal_shift,all,ap_NORM,normalized_robustness,505,3,0.9637527182332875
tcn,bandpass,0,marginal_shift,all,ap_STTC,absolute,101,3,0.766224349199085
tcn,bandpass,0,marginal_shift,all,ap_STTC,absolute,202,3,0.7644561201714378
tcn,bandpass,0,marginal_shift,all,ap_STTC,absolute,303,3,0.7743372395340611
tcn,bandpass,0,marginal_shift,all,ap_STTC,absolute,404,3,0.7672474550350638
tcn,bandpass,0,marginal_shift,all,ap_STTC,absolute,505,3,0.7728496942835031
tcn,bandpass,0,marginal_shift,all,ap_STTC,clean_drop,101,3,0.054038495613225525
tcn,bandpass,0,marginal_shift,all,ap_STTC,clean_drop,202,3,0.055806724640872774
tcn,bandpass,0,marginal_shift,all,ap_STTC,clean_drop,303,3,0.04592560527824944
tcn,bandpass,0,marginal_shift,all,ap_STTC,clean_drop,404,3,0.053015389777246735
tcn,bandpass,0,marginal_shift,all,ap_STTC,clean_drop,505,3,0.04741315052880731
tcn,bandpass,0,marginal_shift,all,ap_STTC,normalized_robustness,101,3,0.9340801803995346
tcn,bandpass,0,marginal_shift,all,ap_STTC,normalized_robustness,202,3,0.9319436382784249
tcn,bandpass,0,marginal_shift,all,ap_STTC,normalized_robustness,303,3,0.9439939126681671
tcn,bandpass,0,marginal_shift,all,ap_STTC,normalized_robustness,404,3,0.9353468262359015
tcn,bandpass,0,marginal_shift,all,ap_STTC,normalized_robustness,505,3,0.9421955495940426
tcn,bandpass,0,marginal_shift,all,auroc_CD,absolute,101,3,0.883421968608879
tcn,bandpass,0,marginal_shift,all,auroc_CD,absolute,202,3,0.884312364944425
tcn,bandpass,0,marginal_shift,all,auroc_CD,absolute,303,3,0.8811514983890377
tcn,bandpass,0,marginal_shift,all,auroc_CD,absolute,404,3,0.8828097705834401
tcn,bandpass,0,marginal_shift,all,auroc_CD,absolute,505,3,0.8837317068436784
tcn,bandpass,0,marginal_shift,all,auroc_CD,clean_drop,101,3,0.029336577901996508
tcn,bandpass,0,marginal_shift,all,auroc_CD,clean_drop,202,3,0.028446181566450512
tcn,bandpass,0,marginal_shift,all,auroc_CD,clean_drop,303,3,0.031607048121837865
tcn,bandpass,0,marginal_shift,all,auroc_CD,clean_drop,404,3,0.02994877592743539
tcn,bandpass,0,marginal_shift,all,auroc_CD,clean_drop,505,3,0.029026839667197175
tcn,bandpass,0,marginal_shift,all,auroc_CD,normalized_robustness,101,3,0.967871106244945
tcn,bandpass,0,marginal_shift,all,auroc_CD,normalized_robustness,202,3,0.9688404810260011
tcn,bandpass,0,marginal_shift,all,auroc_CD,normalized_robustness,303,3,0.9653759648047027
tcn,bandpass,0,marginal_shift,all,auroc_CD,normalized_robustness,404,3,0.9671948854111978
tcn,bandpass,0,marginal_shift,all,auroc_CD,normalized_robustness,505,3,0.9682075212616028
tcn,bandpass,0,marginal_shift,all,auroc_HYP,absolute,101,3,0.8800011541641167
tcn,bandpass,0,marginal_shift,all,auroc_HYP,absolute,202,3,0.8782410538860438
tcn,bandpass,0,marginal_shift,all,auroc_HYP,absolute,303,3,0.8788523582525419
tcn,bandpass,0,marginal_shift,all,auroc_HYP,absolute,404,3,0.8783256031178536
tcn,bandpass,0,marginal_shift,all,auroc_HYP,absolute,505,3,0.877861924394198
tcn,bandpass,0,marginal_shift,all,auroc_HYP,clean_drop,101,3,0.017131284826231313
tcn,bandpass,0,marginal_shift,all,auroc_HYP,clean_drop,202,3,0.018891385104304177
tcn,bandpass,0,marginal_shift,all,auroc_HYP,clean_drop,303,3,0.01828008073780607
tcn,bandpass,0,marginal_shift,all,auroc_HYP,clean_drop,404,3,0.018806835872494432
tcn,bandpass,0,marginal_shift,all,auroc_HYP,clean_drop,505,3,0.019270514596150035
tcn,bandpass,0,marginal_shift,all,auroc_HYP,normalized_robustness,101,3,0.9809604932203433
tcn,bandpass,0,marginal_shift,all,auroc_HYP,normalized_robustness,202,3,0.9789934154093004
tcn,bandpass,0,marginal_shift,all,auroc_HYP,normalized_robustness,303,3,0.9796648668692923
tcn,bandpass,0,marginal_shift,all,auroc_HYP,normalized_robustness,404,3,0.9790906125170338
tcn,bandpass,0,marginal_shift,all,auroc_HYP,normalized_robustness,505,3,0.9785877894675655
tcn,bandpass,0,marginal_shift,all,auroc_MI,absolute,101,3,0.8739631388511985
tcn,bandpass,0,marginal_shift,all,auroc_MI,absolute,202,3,0.8736284486657621
tcn,bandpass,0,marginal_shift,all,auroc_MI,absolute,303,3,0.873989522086537
tcn,bandpass,0,marginal_shift,all,auroc_MI,absolute,404,3,0.8689823609226593
tcn,bandpass,0,marginal_shift,all,auroc_MI,absolute,505,3,0.8719938187848636
tcn,bandpass,0,marginal_shift,all,auroc_MI,clean_drop,101,3,0.035655058043117714
tcn,bandpass,0,marginal_shift,all,auroc_MI,clean_drop,202,3,0.035989748228554164
tcn,bandpass,0,marginal_shift,all,auroc_MI,clean_drop,303,3,0.03562867480777928
tcn,bandpass,0,marginal_shift,all,auroc_MI,clean_drop,404,3,0.04063583597165684
tcn,bandpass,0,marginal_shift,all,auroc_MI,clean_drop,505,3,0.03762437810945274
tcn,bandpass,0,marginal_shift,all,auroc_MI,normalized_robustness,101,3,0.9608392481767282
tcn,bandpass,0,marginal_shift,all,auroc_MI,normalized_robustness,202,3,0.9604722421542401
tcn,bandpass,0,marginal_shift,all,auroc_MI,normalized_robustness,303,3,0.9608603433372539
tcn,bandpass,0,marginal_shift,all,auroc_MI,normalized_robustness,404,3,0.955365852335798
tcn,bandpass,0,marginal_shift,all,auroc_MI,normalized_robustness,505,3,0.9586752398636845
tcn,bandpass,0,marginal_shift,all,auroc_NORM,absolute,101,3,0.9203474150253955
tcn,bandpass,0,marginal_shift,all,auroc_NORM,absolute,202,3,0.9170812387486222
tcn,bandpass,0,marginal_shift,all,auroc_NORM,absolute,303,3,0.9187916653994157
tcn,bandpass,0,marginal_shift,all,auroc_NORM,absolute,404,3,0.9185344496727597
tcn,bandpass,0,marginal_shift,all,auroc_NORM,absolute,505,3,0.9177210918344144
tcn,bandpass,0,marginal_shift,all,auroc_NORM,clean_drop,101,3,0.022868882255735728
tcn,bandpass,0,marginal_shift,all,auroc_NORM,clean_drop,202,3,0.026135058532509154
tcn,bandpass,0,marginal_shift,all,auroc_NORM,clean_drop,303,3,0.02442463188171558
tcn,bandpass,0,marginal_shift,all,auroc_NORM,clean_drop,404,3,0.024681847608371665
tcn,bandpass,0,marginal_shift,all,auroc_NORM,clean_drop,505,3,0.025495205446716834
tcn,bandpass,0,marginal_shift,all,auroc_NORM,normalized_robustness,101,3,0.9757564118133879
tcn,bandpass,0,marginal_shift,all,auroc_NORM,normalized_robustness,202,3,0.9722932409836261
tcn,bandpass,0,marginal_shift,all,auroc_NORM,normalized_robustness,303,3,0.9741064591992467
tcn,bandpass,0,marginal_shift,all,auroc_NORM,normalized_robustness,404,3,0.9738337632669233
tcn,bandpass,0,marginal_shift,all,auroc_NORM,normalized_robustness,505,3,0.9729717562393212
tcn,bandpass,0,marginal_shift,all,auroc_STTC,absolute,101,3,0.9043601832386147
tcn,bandpass,0,marginal_shift,all,auroc_STTC,absolute,202,3,0.9011273997696424
tcn,bandpass,0,marginal_shift,all,auroc_STTC,absolute,303,3,0.9063123990915455
tcn,bandpass,0,marginal_shift,all,auroc_STTC,absolute,404,3,0.9021736623999318
tcn,bandpass,0,marginal_shift,all,auroc_STTC,absolute,505,3,0.903764161381614
tcn,bandpass,0,marginal_shift,all,auroc_STTC,clean_drop,101,3,0.027217680079698898
tcn,bandpass,0,marginal_shift,all,auroc_STTC,clean_drop,202,3,0.030450463548671203
tcn,bandpass,0,marginal_shift,all,auroc_STTC,clean_drop,303,3,0.02526546422676808
tcn,bandpass,0,marginal_shift,all,auroc_STTC,clean_drop,404,3,0.029404200918381734
tcn,bandpass,0,marginal_shift,all,auroc_STTC,clean_drop,505,3,0.027813701936699704
tcn,bandpass,0,marginal_shift,all,auroc_STTC,normalized_robustness,101,3,0.9708007399216082
tcn,bandpass,0,marginal_shift,all,auroc_STTC,normalized_robustness,202,3,0.9673344038046056
tcn,bandpass,0,marginal_shift,all,auroc_STTC,normalized_robustness,303,3,0.972897381366439
tcn,bandpass,0,marginal_shift,all,auroc_STTC,normalized_robustness,404,3,0.9684598081568098
tcn,bandpass,0,marginal_shift,all,auroc_STTC,normalized_robustness,505,3,0.9701665246375794
tcn,bandpass,0,marginal_shift,all,brier,absolute,101,3,0.13825278480847672
tcn,bandpass,0,marginal_shift,all,brier,absolute,202,3,0.13926612089077625
tcn,bandpass,0,marginal_shift,all,brier,absolute,303,3,0.13873304426670072
tcn,bandpass,0,marginal_shift,all,brier,absolute,404,3,0.13936902085940042
tcn,bandpass,0,marginal_shift,all,brier,absolute,505,3,0.1390271186828613
tcn,bandpass,0,marginal_shift,all,clean_agreement,absolute,101,3,0.7765214704973742
tcn,bandpass,0,marginal_shift,all,clean_agreement,absolute,202,3,0.7736484399135001
tcn,bandpass,0,marginal_shift,all,clean_agreement,absolute,303,3,0.7763978992894657
tcn,bandpass,0,marginal_shift,all,clean_agreement,absolute,404,3,0.7751312944084029
tcn,bandpass,0,marginal_shift,all,clean_agreement,absolute,505,3,0.7724436206363917
tcn,bandpass,0,marginal_shift,all,ece,absolute,101,3,0.1386599106847052
tcn,bandpass,0,marginal_shift,all,ece,absolute,202,3,0.1386627628403817
tcn,bandpass,0,marginal_shift,all,ece,absolute,303,3,0.13915400529624986
tcn,bandpass,0,marginal_shift,all,ece,absolute,404,3,0.13869793346133863
tcn,bandpass,0,marginal_shift,all,ece,absolute,505,3,0.1389774708234977
tcn,bandpass,0,marginal_shift,all,f1_CD,absolute,101,3,0.6223922412014969
tcn,bandpass,0,marginal_shift,all,f1_CD,absolute,202,3,0.6252153869769727
tcn,bandpass,0,marginal_shift,all,f1_CD,absolute,303,3,0.6292789589181832
tcn,bandpass,0,marginal_shift,all,f1_CD,absolute,404,3,0.622920738432779
tcn,bandpass,0,marginal_shift,all,f1_CD,absolute,505,3,0.6244084372741537
tcn,bandpass,0,marginal_shift,all,f1_CD,clean_drop,101,3,0.12148424224676387
tcn,bandpass,0,marginal_shift,all,f1_CD,clean_drop,202,3,0.11866109647128813
tcn,bandpass,0,marginal_shift,all,f1_CD,clean_drop,303,3,0.11459752453007759
tcn,bandpass,0,marginal_shift,all,f1_CD,clean_drop,404,3,0.12095574501548174
tcn,bandpass,0,marginal_shift,all,f1_CD,clean_drop,505,3,0.11946804617410704
tcn,bandpass,0,marginal_shift,all,f1_CD,normalized_robustness,101,3,0.8366921166407094
tcn,bandpass,0,marginal_shift,all,f1_CD,normalized_robustness,202,3,0.8404643382163798
tcn,bandpass,0,marginal_shift,all,f1_CD,normalized_robustness,303,3,0.8459578415052441
tcn,bandpass,0,marginal_shift,all,f1_CD,normalized_robustness,404,3,0.8373795257133537
tcn,bandpass,0,marginal_shift,all,f1_CD,normalized_robustness,505,3,0.8394123274472918
tcn,bandpass,0,marginal_shift,all,f1_HYP,absolute,101,3,0.560906799691554
tcn,bandpass,0,marginal_shift,all,f1_HYP,absolute,202,3,0.5496771132230208
tcn,bandpass,0,marginal_shift,all,f1_HYP,absolute,303,3,0.5453743335717068
tcn,bandpass,0,marginal_shift,all,f1_HYP,absolute,404,3,0.5517298458419284
tcn,bandpass,0,marginal_shift,all,f1_HYP,absolute,505,3,0.5472959128253556
tcn,bandpass,0,marginal_shift,all,f1_HYP,clean_drop,101,3,0.052500384508810415
tcn,bandpass,0,marginal_shift,all,f1_HYP,clean_drop,202,3,0.06373007097734347
tcn,bandpass,0,marginal_shift,all,f1_HYP,clean_drop,303,3,0.06803285062865749
tcn,bandpass,0,marginal_shift,all,f1_HYP,clean_drop,404,3,0.061677338358435994
tcn,bandpass,0,marginal_shift,all,f1_HYP,clean_drop,505,3,0.06611127137500872
tcn,bandpass,0,marginal_shift,all,f1_HYP,normalized_robustness,101,3,0.9173758934074252
tcn,bandpass,0,marginal_shift,all,f1_HYP,normalized_robustness,202,3,0.8983527237105067
tcn,bandpass,0,marginal_shift,all,f1_HYP,normalized_robustness,303,3,0.8918695798689557
tcn,bandpass,0,marginal_shift,all,f1_HYP,normalized_robustness,404,3,0.9021784340575622
tcn,bandpass,0,marginal_shift,all,f1_HYP,normalized_robustness,505,3,0.8952893091062001
tcn,bandpass,0,marginal_shift,all,f1_MI,absolute,101,3,0.5708026378803394
tcn,bandpass,0,marginal_shift,all,f1_MI,absolute,202,3,0.578403576016051
tcn,bandpass,0,marginal_shift,all,f1_MI,absolute,303,3,0.5740333276511812
tcn,bandpass,0,marginal_shift,all,f1_MI,absolute,404,3,0.5722445178616306
tcn,bandpass,0,marginal_shift,all,f1_MI,absolute,505,3,0.5730228010123123
tcn,bandpass,0,marginal_shift,all,f1_MI,clean_drop,101,3,0.14390626717253927
tcn,bandpass,0,marginal_shift,all,f1_MI,clean_drop,202,3,0.13630532903682765
tcn,bandpass,0,marginal_shift,all,f1_MI,clean_drop,303,3,0.14067557740169742
tcn,bandpass,0,marginal_shift,all,f1_MI,clean_drop,404,3,0.14246438719124804
tcn,bandpass,0,marginal_shift,all,f1_MI,clean_drop,505,3,0.14168610404056634
tcn,bandpass,0,marginal_shift,all,f1_MI,normalized_robustness,101,3,0.7992535468111684
tcn,bandpass,0,marginal_shift,all,f1_MI,normalized_robustness,202,3,0.8099947976452494
tcn,bandpass,0,marginal_shift,all,f1_MI,normalized_robustness,303,3,0.8038406824058574
tcn,bandpass,0,marginal_shift,all,f1_MI,normalized_robustness,404,3,0.8013514718177506
tcn,bandpass,0,marginal_shift,all,f1_MI,normalized_robustness,505,3,0.8024334678854896
tcn,bandpass,0,marginal_shift,all,f1_NORM,absolute,101,3,0.546504161842324
tcn,bandpass,0,marginal_shift,all,f1_NORM,absolute,202,3,0.5384982889016955
tcn,bandpass,0,marginal_shift,all,f1_NORM,absolute,303,3,0.5395117324289864
tcn,bandpass,0,marginal_shift,all,f1_NORM,absolute,404,3,0.5436380672984039
tcn,bandpass,0,marginal_shift,all,f1_NORM,absolute,505,3,0.5397761515359881
tcn,bandpass,0,marginal_shift,all,f1_NORM,clean_drop,101,3,0.3111918690247559
tcn,bandpass,0,marginal_shift,all,f1_NORM,clean_drop,202,3,0.3191977419653844
tcn,bandpass,0,marginal_shift,all,f1_NORM,clean_drop,303,3,0.3181842984380934
tcn,bandpass,0,marginal_shift,all,f1_NORM,clean_drop,404,3,0.31405796356867594
tcn,bandpass,0,marginal_shift,all,f1_NORM,clean_drop,505,3,0.31791987933109184
tcn,bandpass,0,marginal_shift,all,f1_NORM,normalized_robustness,101,3,0.636933223618254
tcn,bandpass,0,marginal_shift,all,f1_NORM,normalized_robustness,202,3,0.6276085716475092
tcn,bandpass,0,marginal_shift,all,f1_NORM,normalized_robustness,303,3,0.6287861387021952
tcn,bandpass,0,marginal_shift,all,f1_NORM,normalized_robustness,404,3,0.6335914561380724
tcn,bandpass,0,marginal_shift,all,f1_NORM,normalized_robustness,505,3,0.629083426549627
tcn,bandpass,0,marginal_shift,all,f1_STTC,absolute,101,3,0.603439221668626
tcn,bandpass,0,marginal_shift,all,f1_STTC,absolute,202,3,0.5963516763901683
tcn,bandpass,0,marginal_shift,all,f1_STTC,absolute,303,3,0.6028363444531788
tcn,bandpass,0,marginal_shift,all,f1_STTC,absolute,404,3,0.59792249493
tcn,bandpass,0,marginal_shift,all,f1_STTC,absolute,505,3,0.6012340134751569
tcn,bandpass,0,marginal_shift,all,f1_STTC,clean_drop,101,3,0.16979581955074996
tcn,bandpass,0,marginal_shift,all,f1_STTC,clean_drop,202,3,0.17688336482920755
tcn,bandpass,0,marginal_shift,all,f1_STTC,clean_drop,303,3,0.1703986967661971
tcn,bandpass,0,marginal_shift,all,f1_STTC,clean_drop,404,3,0.1753125462893758
tcn,bandpass,0,marginal_shift,all,f1_STTC,clean_drop,505,3,0.1720010277442189
tcn,bandpass,0,marginal_shift,all,f1_STTC,normalized_robustness,101,3,0.7807631730833756
tcn,bandpass,0,marginal_shift,all,f1_STTC,normalized_robustness,202,3,0.7715832537691919
tcn,bandpass,0,marginal_shift,all,f1_STTC,normalized_robustness,303,3,0.7799561746405317
tcn,bandpass,0,marginal_shift,all,f1_STTC,normalized_robustness,404,3,0.7736330346521475
tcn,bandpass,0,marginal_shift,all,f1_STTC,normalized_robustness,505,3,0.7779108711413084
tcn,bandpass,0,marginal_shift,all,macro_ap,absolute,101,3,0.7628282107659664
tcn,bandpass,0,marginal_shift,all,macro_ap,absolute,202,3,0.7592510751347487
tcn,bandpass,0,marginal_shift,all,macro_ap,absolute,303,3,0.7624839741617846
tcn,bandpass,0,marginal_shift,all,macro_ap,absolute,404,3,0.7599746469156629
tcn,bandpass,0,marginal_shift,all,macro_ap,absolute,505,3,0.7618880422003622
tcn,bandpass,0,marginal_shift,all,macro_ap,clean_drop,101,3,0.046129456884646536
tcn,bandpass,0,marginal_shift,all,macro_ap,clean_drop,202,3,0.049706592515864255
tcn,bandpass,0,marginal_shift,all,macro_ap,clean_drop,303,3,0.046473693488828426
tcn,bandpass,0,marginal_shift,all,macro_ap,clean_drop,404,3,0.04898302073495009
tcn,bandpass,0,marginal_shift,all,macro_ap,clean_drop,505,3,0.047069625450250764
tcn,bandpass,0,marginal_shift,all,macro_ap,normalized_robustness,101,3,0.9430381384218972
tcn,bandpass,0,marginal_shift,all,macro_ap,normalized_robustness,202,3,0.9386087835069449
tcn,bandpass,0,marginal_shift,all,macro_ap,normalized_robustness,303,3,0.9426047073667242
tcn,bandpass,0,marginal_shift,all,macro_ap,normalized_robustness,404,3,0.93950465727373
tcn,bandpass,0,marginal_shift,all,macro_ap,normalized_robustness,505,3,0.9418809980602391
tcn,bandpass,0,marginal_shift,all,macro_auroc,absolute,101,3,0.892418771977641
tcn,bandpass,0,marginal_shift,all,macro_auroc,absolute,202,3,0.8908781012028991
tcn,bandpass,0,marginal_shift,all,macro_auroc,absolute,303,3,0.8918194886438157
tcn,bandpass,0,marginal_shift,all,macro_auroc,absolute,404,3,0.8901651693393289
tcn,bandpass,0,marginal_shift,all,macro_auroc,absolute,505,3,0.8910145406477538
tcn,bandpass,0,marginal_shift,all,macro_auroc,clean_drop,101,3,0.026441896621355987
tcn,bandpass,0,marginal_shift,all,macro_auroc,clean_drop,202,3,0.027982567396097797
tcn,bandpass,0,marginal_shift,all,macro_auroc,clean_drop,303,3,0.027041179955181294
tcn,bandpass,0,marginal_shift,all,macro_auroc,clean_drop,404,3,0.028695499259668078
tcn,bandpass,0,marginal_shift,all,macro_auroc,clean_drop,505,3,0.027846127951243266
tcn,bandpass,0,marginal_shift,all,macro_auroc,normalized_robustness,101,3,0.9712405285558785
tcn,bandpass,0,marginal_shift,all,macro_auroc,normalized_robustness,202,3,0.9695622159127774
tcn,bandpass,0,marginal_shift,all,macro_auroc,normalized_robustness,303,3,0.9705851815330359
tcn,bandpass,0,marginal_shift,all,macro_auroc,normalized_robustness,404,3,0.9687865537577912
tcn,bandpass,0,marginal_shift,all,macro_auroc,normalized_robustness,505,3,0.9697121738591501
tcn,bandpass,0,marginal_shift,all,macro_f1,absolute,101,3,0.580809012456868
tcn,bandpass,0,marginal_shift,all,macro_f1,absolute,202,3,0.5776292083015817
tcn,bandpass,0,marginal_shift,all,macro_f1,absolute,303,3,0.5782069394046473
tcn,bandpass,0,marginal_shift,all,macro_f1,absolute,404,3,0.5776911328729484
tcn,bandpass,0,marginal_shift,all,macro_f1,absolute,505,3,0.5771474632245933
tcn,bandpass,0,marginal_shift,all,macro_f1,clean_drop,101,3,0.15977571650072392
tcn,bandpass,0,marginal_shift,all,macro_f1,clean_drop,202,3,0.16295552065601024
tcn,bandpass,0,marginal_shift,all,macro_f1,clean_drop,303,3,0.1623777895529446
tcn,bandpass,0,marginal_shift,all,macro_f1,clean_drop,404,3,0.16289359608464354
tcn,bandpass,0,marginal_shift,all,macro_f1,clean_drop,505,3,0.1634372657329986
tcn,bandpass,0,marginal_shift,all,macro_f1,normalized_robustness,101,3,0.7851218549032531
tcn,bandpass,0,marginal_shift,all,macro_f1,normalized_robustness,202,3,0.7807887804038459
tcn,bandpass,0,marginal_shift,all,macro_f1,normalized_robustness,303,3,0.7816174599743047
tcn,bandpass,0,marginal_shift,all,macro_f1,normalized_robustness,404,3,0.7809123360201614
tcn,bandpass,0,marginal_shift,all,macro_f1,normalized_robustness,505,3,0.7802120971294396
tcn,bandpass,0,marginal_shift,all,mean_confidence,absolute,101,3,0.809084395567576
tcn,bandpass,0,marginal_shift,all,mean_confidence,absolute,202,3,0.8089682459831238
tcn,bandpass,0,marginal_shift,all,mean_confidence,absolute,303,3,0.8093369404474894
tcn,bandpass,0,marginal_shift,all,mean_confidence,absolute,404,3,0.8090775609016418
tcn,bandpass,0,marginal_shift,all,mean_confidence,absolute,505,3,0.8089538812637329
tcn,bandpass,0,marginal_shift,all,mean_entropy,absolute,101,3,0.4136468101891169
tcn,bandpass,0,marginal_shift,all,mean_entropy,absolute,202,3,0.41317936131403493
tcn,bandpass,0,marginal_shift,all,mean_entropy,absolute,303,3,0.4132874006707541
tcn,bandpass,0,marginal_shift,all,mean_entropy,absolute,404,3,0.413424583726048
tcn,bandpass,0,marginal_shift,all,mean_entropy,absolute,505,3,0.41367424668279806
tcn,bandpass,0,marginal_shift,all,mean_loss,absolute,101,3,0.4338427082584601
tcn,bandpass,0,marginal_shift,all,mean_loss,absolute,202,3,0.43694920960832045
tcn,bandpass,0,marginal_shift,all,mean_loss,absolute,303,3,0.435362027005563
tcn,bandpass,0,marginal_shift,all,mean_loss,absolute,404,3,0.43654476490805455
tcn,bandpass,0,marginal_shift,all,mean_loss,absolute,505,3,0.4359916717853542
tcn,bandpass,0,marginal_shift,all,micro_ap,absolute,101,3,0.7084535588492447
tcn,bandpass,0,marginal_shift,all,micro_ap,absolute,202,3,0.7048847801124154
tcn,bandpass,0,marginal_shift,all,micro_ap,absolute,303,3,0.7073688562867254
tcn,bandpass,0,marginal_shift,all,micro_ap,absolute,404,3,0.7060160349511403
tcn,bandpass,0,marginal_shift,all,micro_ap,absolute,505,3,0.708155604974324
tcn,bandpass,0,marginal_shift,all,micro_auroc,absolute,101,3,0.8335924716613728
tcn,bandpass,0,marginal_shift,all,micro_auroc,absolute,202,3,0.8313983790837871
tcn,bandpass,0,marginal_shift,all,micro_auroc,absolute,303,3,0.8320270059754672
tcn,bandpass,0,marginal_shift,all,micro_auroc,absolute,404,3,0.8312600475811407
tcn,bandpass,0,marginal_shift,all,micro_auroc,absolute,505,3,0.8313578961836926
tcn,bandpass,0,marginal_shift,all,micro_f1,absolute,101,3,0.583471711099505
tcn,bandpass,0,marginal_shift,all,micro_f1,absolute,202,3,0.5809285239716453
tcn,bandpass,0,marginal_shift,all,micro_f1,absolute,303,3,0.58216587926846
tcn,bandpass,0,marginal_shift,all,micro_f1,absolute,404,3,0.5808077910654569
tcn,bandpass,0,marginal_shift,all,micro_f1,absolute,505,3,0.580999992740027
tcn,bandpass,0,marginal_shift,all,probability_shift,absolute,101,3,0.1794850379228592
tcn,bandpass,0,marginal_shift,all,probability_shift,absolute,202,3,0.18023720383644104
tcn,bandpass,0,marginal_shift,all,probability_shift,absolute,303,3,0.1797306140263875
tcn,bandpass,0,marginal_shift,all,probability_shift,absolute,404,3,0.17945642769336692
tcn,bandpass,0,marginal_shift,all,probability_shift,absolute,505,3,0.1803627361853917
tcn,bandpass,10,covariance,all,ap_CD,absolute,101,3,0.8302786670889613
tcn,bandpass,10,covariance,all,ap_CD,absolute,202,3,0.8277636693399617
tcn,bandpass,10,covariance,all,ap_CD,absolute,303,3,0.8287159053796858
tcn,bandpass,10,covariance,all,ap_CD,absolute,404,3,0.828444655619272
tcn,bandpass,10,covariance,all,ap_CD,absolute,505,3,0.8313055466936055
tcn,bandpass,10,covariance,all,ap_CD,clean_drop,101,3,0.0047692336487481874
tcn,bandpass,10,covariance,all,ap_CD,clean_drop,202,3,0.007284231397747661
tcn,bandpass,10,covariance,all,ap_CD,clean_drop,303,3,0.006331995358023572
tcn,bandpass,10,covariance,all,ap_CD,clean_drop,404,3,0.006603245118437277
tcn,bandpass,10,covariance,all,ap_CD,clean_drop,505,3,0.003742354044103909
tcn,bandpass,10,covariance,all,ap_CD,normalized_robustness,101,3,0.9942978830196388
tcn,bandpass,10,covariance,all,ap_CD,normalized_robustness,202,3,0.9912872983932779
tcn,bandpass,10,covariance,all,ap_CD,normalized_robustness,303,3,0.9924170030062914
tcn,bandpass,10,covariance,all,ap_CD,normalized_robustness,404,3,0.9920968217401583
tcn,bandpass,10,covariance,all,ap_CD,normalized_robustness,505,3,0.9955222511809084
tcn,bandpass,10,covariance,all,ap_HYP,absolute,101,3,0.6728101248676026
tcn,bandpass,10,covariance,all,ap_HYP,absolute,202,3,0.6712125897359144
tcn,bandpass,10,covariance,all,ap_HYP,absolute,303,3,0.671605144632072
tcn,bandpass,10,covariance,all,ap_HYP,absolute,404,3,0.6737232137520096
tcn,bandpass,10,covariance,all,ap_HYP,absolute,505,3,0.6754893907457075
tcn,bandpass,10,covariance,all,ap_HYP,clean_drop,101,3,-0.0013221870502301651
tcn,bandpass,10,covariance,all,ap_HYP,clean_drop,202,3,0.0002753480814580896
tcn,bandpass,10,covariance,all,ap_HYP,clean_drop,303,3,-0.00011720681469951089
tcn,bandpass,10,covariance,all,ap_HYP,clean_drop,404,3,-0.0022352759346371265
tcn,bandpass,10,covariance,all,ap_HYP,clean_drop,505,3,-0.004001452928334981
tcn,bandpass,10,covariance,all,ap_HYP,normalized_robustness,101,3,1.0020336282308073
tcn,bandpass,10,covariance,all,ap_HYP,normalized_robustness,202,3,0.9996094664255949
tcn,bandpass,10,covariance,all,ap_HYP,normalized_robustness,303,3,1.0002066265498035
tcn,bandpass,10,covariance,all,ap_HYP,normalized_robustness,404,3,1.0033585615847327
tcn,bandpass,10,covariance,all,ap_HYP,normalized_robustness,505,3,1.0059854064948734
tcn,bandpass,10,covariance,all,ap_MI,absolute,101,3,0.7845028986916999
tcn,bandpass,10,covariance,all,ap_MI,absolute,202,3,0.782876387626049
tcn,bandpass,10,covariance,all,ap_MI,absolute,303,3,0.7874557658846794
tcn,bandpass,10,covariance,all,ap_MI,absolute,404,3,0.785607643161482
tcn,bandpass,10,covariance,all,ap_MI,absolute,505,3,0.7859311279464212
tcn,bandpass,10,covariance,all,ap_MI,clean_drop,101,3,0.009829914095968081
tcn,bandpass,10,covariance,all,ap_MI,clean_drop,202,3,0.01145642516161871
tcn,bandpass,10,covariance,all,ap_MI,clean_drop,303,3,0.006877046902988589
tcn,bandpass,10,covariance,all,ap_MI,clean_drop,404,3,0.008725169626185858
tcn,bandpass,10,covariance,all,ap_MI,clean_drop,505,3,0.008401684841246815
tcn,bandpass,10,covariance,all,ap_MI,normalized_robustness,101,3,0.9876754978581803
tcn,bandpass,10,covariance,all,ap_MI,normalized_robustness,202,3,0.9855870270230044
tcn,bandpass,10,covariance,all,ap_MI,normalized_robustness,303,3,0.9913662350634563
tcn,bandpass,10,covariance,all,ap_MI,normalized_robustness,404,3,0.9890443294684229
tcn,bandpass,10,covariance,all,ap_MI,normalized_robustness,505,3,0.9894593709886154
tcn,bandpass,10,covariance,all,ap_NORM,absolute,101,3,0.9173757611064145
tcn,bandpass,10,covariance,all,ap_NORM,absolute,202,3,0.9194403311397114
tcn,bandpass,10,covariance,all,ap_NORM,absolute,303,3,0.9186182664908134
tcn,bandpass,10,covariance,all,ap_NORM,absolute,404,3,0.916343618655465
tcn,bandpass,10,covariance,all,ap_NORM,absolute,505,3,0.9168685506753195
tcn,bandpass,10,covariance,all,ap_NORM,clean_drop,101,3,0.006281080991589823
tcn,bandpass,10,covariance,all,ap_NORM,clean_drop,202,3,0.004216510958293007
tcn,bandpass,10,covariance,all,ap_NORM,clean_drop,303,3,0.005038575607190972
tcn,bandpass,10,covariance,all,ap_NORM,clean_drop,404,3,0.0073132234425393365
tcn,bandpass,10,covariance,all,ap_NORM,clean_drop,505,3,0.006788291422684889
tcn,bandpass,10,covariance,all,ap_NORM,normalized_robustness,101,3,0.9931976936042916
tcn,bandpass,10,covariance,all,ap_NORM,normalized_robustness,202,3,0.995432375692736
tcn,bandpass,10,covariance,all,ap_NORM,normalized_robustness,303,3,0.9945423133744673
tcn,bandpass,10,covariance,all,ap_NORM,normalized_robustness,404,3,0.9920796752604254
tcn,bandpass,10,covariance,all,ap_NORM,normalized_robustness,505,3,0.992647437407682
tcn,bandpass,10,covariance,all,ap_STTC,absolute,101,3,0.8184341983333722
tcn,bandpass,10,covariance,all,ap_STTC,absolute,202,3,0.8200429116894083
tcn,bandpass,10,covariance,all,ap_STTC,absolute,303,3,0.8179624104380023
tcn,bandpass,10,covariance,all,ap_STTC,absolute,404,3,0.8194511501327577
tcn,bandpass,10,covariance,all,ap_STTC,absolute,505,3,0.8181174841640629
tcn,bandpass,10,covariance,all,ap_STTC,clean_drop,101,3,0.0018286464789384709
tcn,bandpass,10,covariance,all,ap_STTC,clean_drop,202,3,0.0002199331229021754
tcn,bandpass,10,covariance,all,ap_STTC,clean_drop,303,3,0.0023004343743081948
tcn,bandpass,10,covariance,all,ap_STTC,clean_drop,404,3,0.0008116946795527769
tcn,bandpass,10,covariance,all,ap_STTC,clean_drop,505,3,0.0021453606482476997
tcn,bandpass,10,covariance,all,ap_STTC,normalized_robustness,101,3,0.9977999136189876
tcn,bandpass,10,covariance,all,ap_STTC,normalized_robustness,202,3,0.9997473920218668
tcn,bandpass,10,covariance,all,ap_STTC,normalized_robustness,303,3,0.9972126406744243
tcn,bandpass,10,covariance,all,ap_STTC,normalized_robustness,404,3,0.9990358682594156
tcn,bandpass,10,covariance,all,ap_STTC,normalized_robustness,505,3,0.9974036830712905
tcn,bandpass,10,covariance,all,auroc_CD,absolute,101,3,0.910335228963679
tcn,bandpass,10,covariance,all,auroc_CD,absolute,202,3,0.9083372960418203
tcn,bandpass,10,covariance,all,auroc_CD,absolute,303,3,0.9097760018374029
tcn,bandpass,10,covariance,all,auroc_CD,absolute,404,3,0.9088378912568094
tcn,bandpass,10,covariance,all,auroc_CD,absolute,505,3,0.9114965451651722
tcn,bandpass,10,covariance,all,auroc_CD,clean_drop,101,3,0.0024233175471965276
tcn,bandpass,10,covariance,all,auroc_CD,clean_drop,202,3,0.004421250469055209
tcn,bandpass,10,covariance,all,auroc_CD,clean_drop,303,3,0.0029825446734726238
tcn,bandpass,10,covariance,all,auroc_CD,clean_drop,404,3,0.003920655254066189
tcn,bandpass,10,covariance,all,auroc_CD,clean_drop,505,3,0.001262001345703423
tcn,bandpass,10,covariance,all,auroc_CD,normalized_robustness,101,3,0.9973497749725017
tcn,bandpass,10,covariance,all,auroc_CD,normalized_robustness,202,3,0.9951619427276134
tcn,bandpass,10,covariance,all,auroc_CD,normalized_robustness,303,3,0.9967359597199228
tcn,bandpass,10,covariance,all,auroc_CD,normalized_robustness,404,3,0.9957073461490863
tcn,bandpass,10,covariance,all,auroc_CD,normalized_robustness,505,3,0.998624293690607
tcn,bandpass,10,covariance,all,auroc_HYP,absolute,101,3,0.8956206182025102
tcn,bandpass,10,covariance,all,auroc_HYP,absolute,202,3,0.8950978892217177
tcn,bandpass,10,covariance,all,auroc_HYP,absolute,303,3,0.8952508830697544
tcn,bandpass,10,covariance,all,auroc_HYP,absolute,404,3,0.8948623592188186
tcn,bandpass,10,covariance,all,auroc_HYP,absolute,505,3,0.8963211689803631
tcn,bandpass,10,covariance,all,auroc_HYP,clean_drop,101,3,0.0015118207878378846
tcn,bandpass,10,covariance,all,auroc_HYP,clean_drop,202,3,0.0020345497686303413
tcn,bandpass,10,covariance,all,auroc_HYP,clean_drop,303,3,0.0018815559205935435
tcn,bandpass,10,covariance,all,auroc_HYP,clean_drop,404,3,0.0022700797715292285
tcn,bandpass,10,covariance,all,auroc_HYP,clean_drop,505,3,0.0008112700099848583
tcn,bandpass,10,covariance,all,auroc_HYP,normalized_robustness,101,3,0.9983270420136455
tcn,bandpass,10,covariance,all,auroc_HYP,normalized_robustness,202,3,0.9977410703554686
tcn,bandpass,10,covariance,all,auroc_HYP,normalized_robustness,303,3,0.9979119180882047
tcn,bandpass,10,covariance,all,auroc_HYP,normalized_robustness,404,3,0.9974796031468575
tcn,bandpass,10,covariance,all,auroc_HYP,normalized_robustness,505,3,0.9991037365758104
tcn,bandpass,10,covariance,all,auroc_MI,absolute,101,3,0.9034173827830544
tcn,bandpass,10,covariance,all,auroc_MI,absolute,202,3,0.9044071310116086
tcn,bandpass,10,covariance,all,auroc_MI,absolute,303,3,0.9056901100557816
tcn,bandpass,10,covariance,all,auroc_MI,absolute,404,3,0.9055389718076285
tcn,bandpass,10,covariance,all,auroc_MI,absolute,505,3,0.9034584652495101
tcn,bandpass,10,covariance,all,auroc_MI,clean_drop,101,3,0.006200814111261795
tcn,bandpass,10,covariance,all,auroc_MI,clean_drop,202,3,0.005211065882707662
tcn,bandpass,10,covariance,all,auroc_MI,clean_drop,303,3,0.003928086838534665
tcn,bandpass,10,covariance,all,auroc_MI,clean_drop,404,3,0.00407922508668775
tcn,bandpass,10,covariance,all,auroc_MI,clean_drop,505,3,0.006159731644806136
tcn,bandpass,10,covariance,all,auroc_MI,normalized_robustness,101,3,0.9931858307789666
tcn,bandpass,10,covariance,all,auroc_MI,normalized_robustness,202,3,0.9942716020578306
tcn,bandpass,10,covariance,all,auroc_MI,normalized_robustness,303,3,0.9956849748536554
tcn,bandpass,10,covariance,all,auroc_MI,normalized_robustness,404,3,0.995517599670085
tcn,bandpass,10,covariance,all,auroc_MI,normalized_robustness,505,3,0.9932284583687606
tcn,bandpass,10,covariance,all,auroc_NORM,absolute,101,3,0.9383623642412209
tcn,bandpass,10,covariance,all,auroc_NORM,absolute,202,3,0.9392908608761266
tcn,bandpass,10,covariance,all,auroc_NORM,absolute,303,3,0.9390288658031981
tcn,bandpass,10,covariance,all,auroc_NORM,absolute,404,3,0.9375921653480016
tcn,bandpass,10,covariance,all,auroc_NORM,absolute,505,3,0.9379716164762893
tcn,bandpass,10,covariance,all,auroc_NORM,clean_drop,101,3,0.0048539330399104035
tcn,bandpass,10,covariance,all,auroc_NORM,clean_drop,202,3,0.003925436405004719
tcn,bandpass,10,covariance,all,auroc_NORM,clean_drop,303,3,0.004187431477933212
tcn,bandpass,10,covariance,all,auroc_NORM,clean_drop,404,3,0.005624131933129717
tcn,bandpass,10,covariance,all,auroc_NORM,clean_drop,505,3,0.005244680804841899
tcn,bandpass,10,covariance,all,auroc_NORM,normalized_robustness,101,3,0.9948535452482378
tcn,bandpass,10,covariance,all,auroc_NORM,normalized_robustness,202,3,0.9958381428023036
tcn,bandpass,10,covariance,all,auroc_NORM,normalized_robustness,303,3,0.9955602119066794
tcn,bandpass,10,covariance,all,auroc_NORM,normalized_robustness,404,3,0.9940372317865581
tcn,bandpass,10,covariance,all,auroc_NORM,normalized_robustness,505,3,0.9944392588296743
tcn,bandpass,10,covariance,all,auroc_STTC,absolute,101,3,0.9300106189599048
tcn,bandpass,10,covariance,all,auroc_STTC,absolute,202,3,0.9306136758289881
tcn,bandpass,10,covariance,all,auroc_STTC,absolute,303,3,0.9298503770180225
tcn,bandpass,10,covariance,all,auroc_STTC,absolute,404,3,0.9300567373724463
tcn,bandpass,10,covariance,all,auroc_STTC,absolute,505,3,0.9291503933158004
tcn,bandpass,10,covariance,all,auroc_STTC,clean_drop,101,3,0.0015672443584088629
tcn,bandpass,10,covariance,all,auroc_STTC,clean_drop,202,3,0.0009641874893254002
tcn,bandpass,10,covariance,all,auroc_STTC,clean_drop,303,3,0.00172748630029107
tcn,bandpass,10,covariance,all,auroc_STTC,clean_drop,404,3,0.0015211259458672115
tcn,bandpass,10,covariance,all,auroc_STTC,clean_drop,505,3,0.002427470002513125
tcn,bandpass,10,covariance,all,auroc_STTC,normalized_robustness,101,3,0.9983234738441177
tcn,bandpass,10,covariance,all,auroc_STTC,normalized_robustness,202,3,0.9989698886300387
tcn,bandpass,10,covariance,all,auroc_STTC,normalized_robustness,303,3,0.9981499455592765
tcn,bandpass,10,covariance,all,auroc_STTC,normalized_robustness,404,3,0.9983721792398921
tcn,bandpass,10,covariance,all,auroc_STTC,normalized_robustness,505,3,0.9973982612331675
tcn,bandpass,10,covariance,all,brier,absolute,101,3,0.09121255079905187
tcn,bandpass,10,covariance,all,brier,absolute,202,3,0.09123510619004564
tcn,bandpass,10,covariance,all,brier,absolute,303,3,0.09116594741741811
tcn,bandpass,10,covariance,all,brier,absolute,404,3,0.09136320650577541
tcn,bandpass,10,covariance,all,brier,absolute,505,3,0.09125989923874538
tcn,bandpass,10,covariance,all,clean_agreement,absolute,101,3,0.9534445474204509
tcn,bandpass,10,covariance,all,clean_agreement,absolute,202,3,0.9525795489650912
tcn,bandpass,10,covariance,all,clean_agreement,absolute,303,3,0.9523632993512511
tcn,bandpass,10,covariance,all,clean_agreement,absolute,404,3,0.953475440222428
tcn,bandpass,10,covariance,all,clean_agreement,absolute,505,3,0.953228297806611
tcn,bandpass,10,covariance,all,ece,absolute,101,3,0.04149833513918083
tcn,bandpass,10,covariance,all,ece,absolute,202,3,0.04018490530229963
tcn,bandpass,10,covariance,all,ece,absolute,303,3,0.042272325567147266
tcn,bandpass,10,covariance,all,ece,absolute,404,3,0.041201271976444666
tcn,bandpass,10,covariance,all,ece,absolute,505,3,0.040296571420613235
tcn,bandpass,10,covariance,all,f1_CD,absolute,101,3,0.7422074052401109
tcn,bandpass,10,covariance,all,f1_CD,absolute,202,3,0.7379866302668111
tcn,bandpass,10,covariance,all,f1_CD,absolute,303,3,0.7407438535651822
tcn,bandpass,10,covariance,all,f1_CD,absolute,404,3,0.7363420309287432
tcn,bandpass,10,covariance,all,f1_CD,absolute,505,3,0.7380945076417125
tcn,bandpass,10,covariance,all,f1_CD,clean_drop,101,3,0.0016690782081498767
tcn,bandpass,10,covariance,all,f1_CD,clean_drop,202,3,0.00588985318144956
tcn,bandpass,10,covariance,all,f1_CD,clean_drop,303,3,0.003132629883078608
tcn,bandpass,10,covariance,all,f1_CD,clean_drop,404,3,0.007534452519517565
tcn,bandpass,10,covariance,all,f1_CD,clean_drop,505,3,0.005781975806548305
tcn,bandpass,10,covariance,all,f1_CD,normalized_robustness,101,3,0.9977653202959735
tcn,bandpass,10,covariance,all,f1_CD,normalized_robustness,202,3,0.9921358469586435
tcn,bandpass,10,covariance,all,f1_CD,normalized_robustness,303,3,0.9957088224845952
tcn,bandpass,10,covariance,all,f1_CD,normalized_robustness,404,3,0.9898809316166398
tcn,bandpass,10,covariance,all,f1_CD,normalized_robustness,505,3,0.9922060636845251
tcn,bandpass,10,covariance,all,f1_HYP,absolute,101,3,0.6020361841097409
tcn,bandpass,10,covariance,all,f1_HYP,absolute,202,3,0.605963440498203
tcn,bandpass,10,covariance,all,f1_HYP,absolute,303,3,0.6032583851016531
tcn,bandpass,10,covariance,all,f1_HYP,absolute,404,3,0.6014694604076123
tcn,bandpass,10,covariance,all,f1_HYP,absolute,505,3,0.6061661040352059
tcn,bandpass,10,covariance,all,f1_HYP,clean_drop,101,3,0.011371000090623343
tcn,bandpass,10,covariance,all,f1_HYP,clean_drop,202,3,0.007443743702161239
tcn,bandpass,10,covariance,all,f1_HYP,clean_drop,303,3,0.010148799098711284
tcn,bandpass,10,covariance,all,f1_HYP,clean_drop,404,3,0.011937723792752116
tcn,bandpass,10,covariance,all,f1_HYP,clean_drop,505,3,0.007241080165158342
tcn,bandpass,10,covariance,all,f1_HYP,normalized_robustness,101,3,0.9818059709499377
tcn,bandpass,10,covariance,all,f1_HYP,normalized_robustness,202,3,0.9886797822275538
tcn,bandpass,10,covariance,all,f1_HYP,normalized_robustness,303,3,0.9836754991948339
tcn,bandpass,10,covariance,all,f1_HYP,normalized_robustness,404,3,0.9809494832925071
tcn,bandpass,10,covariance,all,f1_HYP,normalized_robustness,505,3,0.98896157593865
tcn,bandpass,10,covariance,all,f1_MI,absolute,101,3,0.6961715264852272
tcn,bandpass,10,covariance,all,f1_MI,absolute,202,3,0.6989953524081436
tcn,bandpass,10,covariance,all,f1_MI,absolute,303,3,0.7012985934694251
tcn,bandpass,10,covariance,all,f1_MI,absolute,404,3,0.7037024548432887
tcn,bandpass,10,covariance,all,f1_MI,absolute,505,3,0.6991969866791591
tcn,bandpass,10,covariance,all,f1_MI,clean_drop,101,3,0.018537378567651325
tcn,bandpass,10,covariance,all,f1_MI,clean_drop,202,3,0.015713552644735024
tcn,bandpass,10,covariance,all,f1_MI,clean_drop,303,3,0.013410311583453441
tcn,bandpass,10,covariance,all,f1_MI,clean_drop,404,3,0.011006450209589754
tcn,bandpass,10,covariance,all,f1_MI,clean_drop,505,3,0.015511918373719421
tcn,bandpass,10,covariance,all,f1_MI,normalized_robustness,101,3,0.9741505721452964
tcn,bandpass,10,covariance,all,f1_MI,normalized_robustness,202,3,0.9781031053530276
tcn,bandpass,10,covariance,all,f1_MI,normalized_robustness,303,3,0.9813095917903801
tcn,bandpass,10,covariance,all,f1_MI,normalized_robustness,404,3,0.984703233761488
tcn,bandpass,10,covariance,all,f1_MI,normalized_robustness,505,3,0.9784032191817641
tcn,bandpass,10,covariance,all,f1_NORM,absolute,101,3,0.8422700897912518
tcn,bandpass,10,covariance,all,f1_NORM,absolute,202,3,0.8424517294209145
tcn,bandpass,10,covariance,all,f1_NORM,absolute,303,3,0.8435860019512393
tcn,bandpass,10,covariance,all,f1_NORM,absolute,404,3,0.8374078657422156
tcn,bandpass,10,covariance,all,f1_NORM,absolute,505,3,0.8388517822069977
tcn,bandpass,10,covariance,all,f1_NORM,clean_drop,101,3,0.01542594107582799
tcn,bandpass,10,covariance,all,f1_NORM,clean_drop,202,3,0.015244301446165398
tcn,bandpass,10,covariance,all,f1_NORM,clean_drop,303,3,0.014110028915840603
tcn,bandpass,10,covariance,all,f1_NORM,clean_drop,404,3,0.02028816512486431
tcn,bandpass,10,covariance,all,f1_NORM,clean_drop,505,3,0.018844248660082163
tcn,bandpass,10,covariance,all,f1_NORM,normalized_robustness,101,3,0.9820128272289784
tcn,bandpass,10,covariance,all,f1_NORM,normalized_robustness,202,3,0.9822202809378755
tcn,bandpass,10,covariance,all,f1_NORM,normalized_robustness,303,3,0.9835470301746705
tcn,bandpass,10,covariance,all,f1_NORM,normalized_robustness,404,3,0.9763386845876584
tcn,bandpass,10,covariance,all,f1_NORM,normalized_robustness,505,3,0.9780256521645153
tcn,bandpass,10,covariance,all,f1_STTC,absolute,101,3,0.7384115170459894
tcn,bandpass,10,covariance,all,f1_STTC,absolute,202,3,0.7392177417769185
tcn,bandpass,10,covariance,all,f1_STTC,absolute,303,3,0.7395507832470051
tcn,bandpass,10,covariance,all,f1_STTC,absolute,404,3,0.7402881405301248
tcn,bandpass,10,covariance,all,f1_STTC,absolute,505,3,0.7346701862240931
tcn,bandpass,10,covariance,all,f1_STTC,clean_drop,101,3,0.034823524173386446
tcn,bandpass,10,covariance,all,f1_STTC,clean_drop,202,3,0.03401729944245746
tcn,bandpass,10,covariance,all,f1_STTC,clean_drop,303,3,0.0336842579723707
tcn,bandpass,10,covariance,all,f1_STTC,clean_drop,404,3,0.0329469006892511
tcn,bandpass,10,covariance,all,f1_STTC,clean_drop,505,3,0.03856485499528269
tcn,bandpass,10,covariance,all,f1_STTC,normalized_robustness,101,3,0.9549534040657006
tcn,bandpass,10,covariance,all,f1_STTC,normalized_robustness,202,3,0.9560190737673567
tcn,bandpass,10,covariance,all,f1_STTC,normalized_robustness,303,3,0.9564499421771324
tcn,bandpass,10,covariance,all,f1_STTC,normalized_robustness,404,3,0.9573664756825128
tcn,bandpass,10,covariance,all,f1_STTC,normalized_robustness,505,3,0.9501236911255959
tcn,bandpass,10,covariance,all,macro_ap,absolute,101,3,0.80468033001761
tcn,bandpass,10,covariance,all,macro_ap,absolute,202,3,0.804267177906209
tcn,bandpass,10,covariance,all,macro_ap,absolute,303,3,0.8048714985650506
tcn,bandpass,10,covariance,all,macro_ap,absolute,404,3,0.8047140562641973
tcn,bandpass,10,covariance,all,macro_ap,absolute,505,3,0.8055424200450232
tcn,bandpass,10,covariance,all,macro_ap,clean_drop,101,3,0.004277337633002938
tcn,bandpass,10,covariance,all,macro_ap,clean_drop,202,3,0.0046904897444039655
tcn,bandpass,10,covariance,all,macro_ap,clean_drop,303,3,0.004086169085562363
tcn,bandpass,10,covariance,all,macro_ap,clean_drop,404,3,0.004243611386415676
tcn,bandpass,10,covariance,all,macro_ap,clean_drop,505,3,0.003415247605589755
tcn,bandpass,10,covariance,all,macro_ap,normalized_robustness,101,3,0.9947146229093536
tcn,bandpass,10,covariance,all,macro_ap,normalized_robustness,202,3,0.9942027649303059
tcn,bandpass,10,covariance,all,macro_ap,normalized_robustness,303,3,0.9949450462397419
tcn,bandpass,10,covariance,all,macro_ap,normalized_robustness,404,3,0.9947521045721567
tcn,bandpass,10,covariance,all,macro_ap,normalized_robustness,505,3,0.995778564855435
tcn,bandpass,10,covariance,all,macro_auroc,absolute,101,3,0.9155492426300738
tcn,bandpass,10,covariance,all,macro_auroc,absolute,202,3,0.9155493705960523
tcn,bandpass,10,covariance,all,macro_auroc,absolute,303,3,0.9159192475568321
tcn,bandpass,10,covariance,all,macro_auroc,absolute,404,3,0.9153776250007408
tcn,bandpass,10,covariance,all,macro_auroc,absolute,505,3,0.9156796378374271
tcn,bandpass,10,covariance,all,macro_auroc,clean_drop,101,3,0.0033114259689231242
tcn,bandpass,10,covariance,all,macro_auroc,clean_drop,202,3,0.003311298002944644
tcn,bandpass,10,covariance,all,macro_auroc,clean_drop,303,3,0.002941421042164919
tcn,bandpass,10,covariance,all,macro_auroc,clean_drop,404,3,0.003483043598256056
tcn,bandpass,10,covariance,all,macro_auroc,clean_drop,505,3,0.003181030761569873
tcn,bandpass,10,covariance,all,macro_auroc,normalized_robustness,101,3,0.9963973801709886
tcn,bandpass,10,covariance,all,macro_auroc,normalized_robustness,202,3,0.9963976531184061
tcn,bandpass,10,covariance,all,macro_auroc,normalized_robustness,303,3,0.9967996446894362
tcn,bandpass,10,covariance,all,macro_auroc,normalized_robustness,404,3,0.996210123916342
tcn,bandpass,10,covariance,all,macro_auroc,normalized_robustness,505,3,0.996539143650497
tcn,bandpass,10,covariance,all,macro_f1,absolute,101,3,0.7242193445344641
tcn,bandpass,10,covariance,all,macro_f1,absolute,202,3,0.7249229788741983
tcn,bandpass,10,covariance,all,macro_f1,absolute,303,3,0.725687523466901
tcn,bandpass,10,covariance,all,macro_f1,absolute,404,3,0.723841990490397
tcn,bandpass,10,covariance,all,macro_f1,absolute,505,3,0.7233959133574337
tcn,bandpass,10,covariance,all,macro_f1,clean_drop,101,3,0.016365384423127776
tcn,bandpass,10,covariance,all,macro_f1,clean_drop,202,3,0.015661750083393693
tcn,bandpass,10,covariance,all,macro_f1,clean_drop,303,3,0.014897205490690993
tcn,bandpass,10,covariance,all,macro_f1,clean_drop,404,3,0.016742738467194946
tcn,bandpass,10,covariance,all,macro_f1,clean_drop,505,3,0.017188815600158208
tcn,bandpass,10,covariance,all,macro_f1,normalized_robustness,101,3,0.978001091409825
tcn,bandpass,10,covariance,all,macro_f1,normalized_robustness,202,3,0.9789897575660621
tcn,bandpass,10,covariance,all,macro_f1,normalized_robustness,303,3,0.9799628456100962
tcn,bandpass,10,covariance,all,macro_f1,normalized_robustness,404,3,0.9775038494641938
tcn,bandpass,10,covariance,all,macro_f1,normalized_robustness,505,3,0.976902125836595
tcn,bandpass,10,covariance,all,mean_confidence,absolute,101,3,0.8888280789057413
tcn,bandpass,10,covariance,all,mean_confidence,absolute,202,3,0.8886746168136597
tcn,bandpass,10,covariance,all,mean_confidence,absolute,303,3,0.8888206084569296
tcn,bandpass,10,covariance,all,mean_confidence,absolute,404,3,0.8887998859087626
tcn,bandpass,10,covariance,all,mean_confidence,absolute,505,3,0.8887156248092651
tcn,bandpass,10,covariance,all,mean_entropy,absolute,101,3,0.26782315054536293
tcn,bandpass,10,covariance,all,mean_entropy,absolute,202,3,0.26814204027332794
tcn,bandpass,10,covariance,all,mean_entropy,absolute,303,3,0.2680344158842427
tcn,bandpass,10,covariance,all,mean_entropy,absolute,404,3,0.2680087512818437
tcn,bandpass,10,covariance,all,mean_entropy,absolute,505,3,0.26858337218812695
tcn,bandpass,10,covariance,all,mean_loss,absolute,101,3,0.29780726959127285
tcn,bandpass,10,covariance,all,mean_loss,absolute,202,3,0.29772974357690063
tcn,bandpass,10,covariance,all,mean_loss,absolute,303,3,0.2973055967736962
tcn,bandpass,10,covariance,all,mean_loss,absolute,404,3,0.2983151679875437
tcn,bandpass,10,covariance,all,mean_loss,absolute,505,3,0.2976381073052802
tcn,bandpass,10,covariance,all,micro_ap,absolute,101,3,0.8383787895586604
tcn,bandpass,10,covariance,all,micro_ap,absolute,202,3,0.8387764220819269
tcn,bandpass,10,covariance,all,micro_ap,absolute,303,3,0.8391069380939387
tcn,bandpass,10,covariance,all,micro_ap,absolute,404,3,0.8379686533442419
tcn,bandpass,10,covariance,all,micro_ap,absolute,505,3,0.8385841992227205
tcn,bandpass,10,covariance,all,micro_auroc,absolute,101,3,0.925183503074909
tcn,bandpass,10,covariance,all,micro_auroc,absolute,202,3,0.9252040132167713
tcn,bandpass,10,covariance,all,micro_auroc,absolute,303,3,0.9254534711758168
tcn,bandpass,10,covariance,all,micro_auroc,absolute,404,3,0.9249503532162887
tcn,bandpass,10,covariance,all,micro_auroc,absolute,505,3,0.9252542063405059
tcn,bandpass,10,covariance,all,micro_f1,absolute,101,3,0.7488075762757198
tcn,bandpass,10,covariance,all,micro_f1,absolute,202,3,0.7494995043508568
tcn,bandpass,10,covariance,all,micro_f1,absolute,303,3,0.7502671529771877
tcn,bandpass,10,covariance,all,micro_f1,absolute,404,3,0.7482452966475487
tcn,bandpass,10,covariance,all,micro_f1,absolute,505,3,0.7474951887352604
tcn,bandpass,10,covariance,all,probability_shift,absolute,101,3,0.040898359070221525
tcn,bandpass,10,covariance,all,probability_shift,absolute,202,3,0.041875947266817065
tcn,bandpass,10,covariance,all,probability_shift,absolute,303,3,0.04150752226511634
tcn,bandpass,10,covariance,all,probability_shift,absolute,404,3,0.04138263811667756
tcn,bandpass,10,covariance,all,probability_shift,absolute,505,3,0.04138456781705213
tcn,bandpass,10,electrode,all,ap_CD,absolute,101,3,0.8297072559956624
tcn,bandpass,10,electrode,all,ap_CD,absolute,202,3,0.8296978296955029
tcn,bandpass,10,electrode,all,ap_CD,absolute,303,3,0.8303147288146061
tcn,bandpass,10,electrode,all,ap_CD,absolute,404,3,0.8290122473248411
tcn,bandpass,10,electrode,all,ap_CD,absolute,505,3,0.8299467772807786
tcn,bandpass,10,electrode,all,ap_CD,clean_drop,101,3,0.005340644742046985
tcn,bandpass,10,electrode,all,ap_CD,clean_drop,202,3,0.0053500710422064906
tcn,bandpass,10,electrode,all,ap_CD,clean_drop,303,3,0.004733171923103259
tcn,bandpass,10,electrode,all,ap_CD,clean_drop,404,3,0.0060356534128681956
tcn,bandpass,10,electrode,all,ap_CD,clean_drop,505,3,0.005101123456930738
tcn,bandpass,10,electrode,all,ap_CD,normalized_robustness,101,3,0.9936059726029622
tcn,bandpass,10,electrode,all,ap_CD,normalized_robustness,202,3,0.9935948079329252
tcn,bandpass,10,electrode,all,ap_CD,normalized_robustness,303,3,0.9943394575519013
tcn,bandpass,10,electrode,all,ap_CD,normalized_robustness,404,3,0.9927866494239952
tcn,bandpass,10,electrode,all,ap_CD,normalized_robustness,505,3,0.9938858248770358
tcn,bandpass,10,electrode,all,ap_HYP,absolute,101,3,0.6728041080696984
tcn,bandpass,10,electrode,all,ap_HYP,absolute,202,3,0.6697144760354988
tcn,bandpass,10,electrode,all,ap_HYP,absolute,303,3,0.6733053576222763
tcn,bandpass,10,electrode,all,ap_HYP,absolute,404,3,0.6741855779765137
tcn,bandpass,10,electrode,all,ap_HYP,absolute,505,3,0.6745352682102981
tcn,bandpass,10,electrode,all,ap_HYP,clean_drop,101,3,-0.0013161702523259617
tcn,bandpass,10,electrode,all,ap_HYP,clean_drop,202,3,0.001773461781873616
tcn,bandpass,10,electrode,all,ap_HYP,clean_drop,303,3,-0.001817419804903871
tcn,bandpass,10,electrode,all,ap_HYP,clean_drop,404,3,-0.0026976401591411645
tcn,bandpass,10,electrode,all,ap_HYP,clean_drop,505,3,-0.0030473303929255957
tcn,bandpass,10,electrode,all,ap_HYP,normalized_robustness,101,3,1.0020060933242327
tcn,bandpass,10,electrode,all,ap_HYP,normalized_robustness,202,3,0.9973884223800606
tcn,bandpass,10,electrode,all,ap_HYP,normalized_robustness,303,3,1.002751846345049
tcn,bandpass,10,electrode,all,ap_HYP,normalized_robustness,404,3,1.0040610083318138
tcn,bandpass,10,electrode,all,ap_HYP,normalized_robustness,505,3,1.004581060115039
tcn,bandpass,10,electrode,all,ap_MI,absolute,101,3,0.7874480975641706
tcn,bandpass,10,electrode,all,ap_MI,absolute,202,3,0.7867234172709322
tcn,bandpass,10,electrode,all,ap_MI,absolute,303,3,0.78488869472887
tcn,bandpass,10,electrode,all,ap_MI,absolute,404,3,0.7878607700808201
tcn,bandpass,10,electrode,all,ap_MI,absolute,505,3,0.785496765479413
tcn,bandpass,10,electrode,all,ap_MI,clean_drop,101,3,0.0068847152234973175
tcn,bandpass,10,electrode,all,ap_MI,clean_drop,202,3,0.007609395516735784
tcn,bandpass,10,electrode,all,ap_MI,clean_drop,303,3,0.009444118058797893
tcn,bandpass,10,electrode,all,ap_MI,clean_drop,404,3,0.0064720427068479065
tcn,bandpass,10,electrode,all,ap_MI,clean_drop,505,3,0.008836047308254788
tcn,bandpass,10,electrode,all,ap_MI,normalized_robustness,101,3,0.9913433143871622
tcn,bandpass,10,electrode,all,ap_MI,normalized_robustness,202,3,0.9904768248912288
tcn,bandpass,10,electrode,all,ap_MI,normalized_robustness,303,3,0.9881229269535567
tcn,bandpass,10,electrode,all,ap_MI,normalized_robustness,404,3,0.9918730229324265
tcn,bandpass,10,electrode,all,ap_MI,normalized_robustness,505,3,0.9889141914301626
tcn,bandpass,10,electrode,all,ap_NORM,absolute,101,3,0.9195174518473298
tcn,bandpass,10,electrode,all,ap_NORM,absolute,202,3,0.9165042076147584
tcn,bandpass,10,electrode,all,ap_NORM,absolute,303,3,0.9169328148105391
tcn,bandpass,10,electrode,all,ap_NORM,absolute,404,3,0.917906485197459
tcn,bandpass,10,electrode,all,ap_NORM,absolute,505,3,0.9187239018073502
tcn,bandpass,10,electrode,all,ap_NORM,clean_drop,101,3,0.00413939025067452
tcn,bandpass,10,electrode,all,ap_NORM,clean_drop,202,3,0.0071526344832459525
tcn,bandpass,10,electrode,all,ap_NORM,clean_drop,303,3,0.006724027287465055
tcn,bandpass,10,electrode,all,ap_NORM,clean_drop,404,3,0.005750356900545335
tcn,bandpass,10,electrode,all,ap_NORM,clean_drop,505,3,0.004932940290654127
tcn,bandpass,10,electrode,all,ap_NORM,normalized_robustness,101,3,0.9955152358047616
tcn,bandpass,10,electrode,all,ap_NORM,normalized_robustness,202,3,0.9922547390861786
tcn,bandpass,10,electrode,all,ap_NORM,normalized_robustness,303,3,0.992715787093602
tcn,bandpass,10,electrode,all,ap_NORM,normalized_robustness,404,3,0.9937712548950625
tcn,bandpass,10,electrode,all,ap_NORM,normalized_robustness,505,3,0.9946566437000771
tcn,bandpass,10,electrode,all,ap_STTC,absolute,101,3,0.8190502191155465
tcn,bandpass,10,electrode,all,ap_STTC,absolute,202,3,0.8171036121820165
tcn,bandpass,10,electrode,all,ap_STTC,absolute,303,3,0.8197086337143622
tcn,bandpass,10,electrode,all,ap_STTC,absolute,404,3,0.8155478519089363
tcn,bandpass,10,electrode,all,ap_STTC,absolute,505,3,0.8169132521394382
tcn,bandpass,10,electrode,all,ap_STTC,clean_drop,101,3,0.0012126256967640951
tcn,bandpass,10,electrode,all,ap_STTC,clean_drop,202,3,0.003159232630294051
tcn,bandpass,10,electrode,all,ap_STTC,clean_drop,303,3,0.0005542110979484353
tcn,bandpass,10,electrode,all,ap_STTC,clean_drop,404,3,0.004714992903374256
tcn,bandpass,10,electrode,all,ap_STTC,clean_drop,505,3,0.0033495926728723444
tcn,bandpass,10,electrode,all,ap_STTC,normalized_robustness,101,3,0.9985380240969527
tcn,bandpass,10,electrode,all,ap_STTC,normalized_robustness,202,3,0.996174274756738
tcn,bandpass,10,electrode,all,ap_STTC,normalized_robustness,303,3,0.9993435069221103
tcn,bandpass,10,electrode,all,ap_STTC,normalized_robustness,404,3,0.9942670834254529
tcn,bandpass,10,electrode,all,ap_STTC,normalized_robustness,505,3,0.9959355234678294
tcn,bandpass,10,electrode,all,auroc_CD,absolute,101,3,0.9099878854340542
tcn,bandpass,10,electrode,all,auroc_CD,absolute,202,3,0.9104161005654542
tcn,bandpass,10,electrode,all,auroc_CD,absolute,303,3,0.9101597375878265
tcn,bandpass,10,electrode,all,auroc_CD,absolute,404,3,0.9096939171616009
tcn,bandpass,10,electrode,all,auroc_CD,absolute,505,3,0.9101512460696402
tcn,bandpass,10,electrode,all,auroc_CD,clean_drop,101,3,0.002770661076821409
tcn,bandpass,10,electrode,all,auroc_CD,clean_drop,202,3,0.00234244594542136
tcn,bandpass,10,electrode,all,auroc_CD,clean_drop,303,3,0.0025988089230490155
tcn,bandpass,10,electrode,all,auroc_CD,clean_drop,404,3,0.003064629349274687
tcn,bandpass,10,electrode,all,auroc_CD,clean_drop,505,3,0.0026073004412353606
tcn,bandpass,10,electrode,all,auroc_CD,normalized_robustness,101,3,0.9969674622477499
tcn,bandpass,10,electrode,all,auroc_CD,normalized_robustness,202,3,0.9974362022306256
tcn,bandpass,10,electrode,all,auroc_CD,normalized_robustness,303,3,0.9971579290415589
tcn,bandpass,10,electrode,all,auroc_CD,normalized_robustness,404,3,0.9966495376736759
tcn,bandpass,10,electrode,all,auroc_CD,normalized_robustness,505,3,0.9971433231322457
tcn,bandpass,10,electrode,all,auroc_HYP,absolute,101,3,0.8951972010178116
tcn,bandpass,10,electrode,all,auroc_HYP,absolute,202,3,0.8942624622883585
tcn,bandpass,10,electrode,all,auroc_HYP,absolute,303,3,0.8952676587109866
tcn,bandpass,10,electrode,all,auroc_HYP,absolute,404,3,0.8954387702515542
tcn,bandpass,10,electrode,all,auroc_HYP,absolute,505,3,0.8966560107793561
tcn,bandpass,10,electrode,all,auroc_HYP,clean_drop,101,3,0.0019352379725363262
tcn,bandpass,10,electrode,all,auroc_HYP,clean_drop,202,3,0.0028699767019895184
tcn,bandpass,10,electrode,all,auroc_HYP,clean_drop,303,3,0.0018647802793613961
tcn,bandpass,10,electrode,all,auroc_HYP,clean_drop,404,3,0.001693668738793878
tcn,bandpass,10,electrode,all,auroc_HYP,clean_drop,505,3,0.00047642821099195637
tcn,bandpass,10,electrode,all,auroc_HYP,normalized_robustness,101,3,0.9978530844773917
tcn,bandpass,10,electrode,all,auroc_HYP,normalized_robustness,202,3,0.9968100844021608
tcn,bandpass,10,electrode,all,auroc_HYP,normalized_robustness,303,3,0.9979312459963937
tcn,bandpass,10,electrode,all,auroc_HYP,normalized_robustness,404,3,0.9981233924210606
tcn,bandpass,10,electrode,all,auroc_HYP,normalized_robustness,505,3,0.9994809005997222
tcn,bandpass,10,electrode,all,auroc_MI,absolute,101,3,0.9071351575456054
tcn,bandpass,10,electrode,all,auroc_MI,absolute,202,3,0.9046442032262928
tcn,bandpass,10,electrode,all,auroc_MI,absolute,303,3,0.9043434343434343
tcn,bandpass,10,electrode,all,auroc_MI,absolute,404,3,0.9058028041610132
tcn,bandpass,10,electrode,all,auroc_MI,absolute,505,3,0.9051827981305592
tcn,bandpass,10,electrode,all,auroc_MI,clean_drop,101,3,0.0024830393487109323
tcn,bandpass,10,electrode,all,auroc_MI,clean_drop,202,3,0.004973993668023498
tcn,bandpass,10,electrode,all,auroc_MI,clean_drop,303,3,0.005274762550881995
tcn,bandpass,10,electrode,all,auroc_MI,clean_drop,404,3,0.0038153927333031503
tcn,bandpass,10,electrode,all,auroc_MI,clean_drop,505,3,0.004435398763757019
tcn,bandpass,10,electrode,all,auroc_MI,normalized_robustness,101,3,0.9972715296884407
tcn,bandpass,10,electrode,all,auroc_MI,normalized_robustness,202,3,0.9945386189041882
tcn,bandpass,10,electrode,all,auroc_MI,normalized_robustness,303,3,0.9941996713900214
tcn,bandpass,10,electrode,all,auroc_MI,normalized_robustness,404,3,0.9958058388381635
tcn,bandpass,10,electrode,all,auroc_MI,normalized_robustness,505,3,0.9951250441033633
tcn,bandpass,10,electrode,all,auroc_NORM,absolute,101,3,0.9398552582222859
tcn,bandpass,10,electrode,all,auroc_NORM,absolute,202,3,0.9377254077289271
tcn,bandpass,10,electrode,all,auroc_NORM,absolute,303,3,0.9383061707153524
tcn,bandpass,10,electrode,all,auroc_NORM,absolute,404,3,0.9384286957743337
tcn,bandpass,10,electrode,all,auroc_NORM,absolute,505,3,0.9389060510868669
tcn,bandpass,10,electrode,all,auroc_NORM,clean_drop,101,3,0.0033610390588454755
tcn,bandpass,10,electrode,all,auroc_NORM,clean_drop,202,3,0.005490889552204188
tcn,bandpass,10,electrode,all,auroc_NORM,clean_drop,303,3,0.004910126565778976
tcn,bandpass,10,electrode,all,auroc_NORM,clean_drop,404,3,0.004787601506797541
tcn,bandpass,10,electrode,all,auroc_NORM,clean_drop,505,3,0.004310246194264529
tcn,bandpass,10,electrode,all,auroc_NORM,normalized_robustness,101,3,0.9964361905674758
tcn,bandpass,10,electrode,all,auroc_NORM,normalized_robustness,202,3,0.9941787018444478
tcn,bandpass,10,electrode,all,auroc_NORM,normalized_robustness,303,3,0.9947939719365015
tcn,bandpass,10,electrode,all,auroc_NORM,normalized_robustness,404,3,0.9949236994173217
tcn,bandpass,10,electrode,all,auroc_NORM,normalized_robustness,505,3,0.9954298976151562
tcn,bandpass,10,electrode,all,auroc_STTC,absolute,101,3,0.9295193406161343
tcn,bandpass,10,electrode,all,auroc_STTC,absolute,202,3,0.9288936153747844
tcn,bandpass,10,electrode,all,auroc_STTC,absolute,303,3,0.9294927639038221
tcn,bandpass,10,electrode,all,auroc_STTC,absolute,404,3,0.9286321474257132
tcn,bandpass,10,electrode,all,auroc_STTC,absolute,505,3,0.9294857288917394
tcn,bandpass,10,electrode,all,auroc_STTC,clean_drop,101,3,0.002058522702179433
tcn,bandpass,10,electrode,all,auroc_STTC,clean_drop,202,3,0.0026842479435291353
tcn,bandpass,10,electrode,all,auroc_STTC,clean_drop,303,3,0.0020850994144915682
tcn,bandpass,10,electrode,all,auroc_STTC,clean_drop,404,3,0.002945715892600509
tcn,bandpass,10,electrode,all,auroc_STTC,clean_drop,505,3,0.002092134426574188
tcn,bandpass,10,electrode,all,auroc_STTC,normalized_robustness,101,3,0.997795069051393
tcn,bandpass,10,electrode,all,auroc_STTC,normalized_robustness,202,3,0.9971227587851845
tcn,bandpass,10,electrode,all,auroc_STTC,normalized_robustness,303,3,0.9977662696318532
tcn,bandpass,10,electrode,all,auroc_STTC,normalized_robustness,404,3,0.9968419598296917
tcn,bandpass,10,electrode,all,auroc_STTC,normalized_robustness,505,3,0.9977589774472054
tcn,bandpass,10,electrode,all,brier,absolute,101,3,0.09074242661396657
tcn,bandpass,10,electrode,all,brier,absolute,202,3,0.09158274779717124
tcn,bandpass,10,electrode,all,brier,absolute,303,3,0.09120918562014892
tcn,bandpass,10,electrode,all,brier,absolute,404,3,0.09121849139531446
tcn,bandpass,10,electrode,all,brier,absolute,505,3,0.09109359731276823
tcn,bandpass,10,electrode,all,clean_agreement,absolute,101,3,0.9522088353413655
tcn,bandpass,10,electrode,all,clean_agreement,absolute,202,3,0.9532282978066112
tcn,bandpass,10,electrode,all,clean_agreement,absolute,303,3,0.9537843682421996
tcn,bandpass,10,electrode,all,clean_agreement,absolute,404,3,0.9531047265987024
tcn,bandpass,10,electrode,all,clean_agreement,absolute,505,3,0.9522397281433426
tcn,bandpass,10,electrode,all,ece,absolute,101,3,0.04021907982030623
tcn,bandpass,10,electrode,all,ece,absolute,202,3,0.040194718708486434
tcn,bandpass,10,electrode,all,ece,absolute,303,3,0.04124541702882546
tcn,bandpass,10,electrode,all,ece,absolute,404,3,0.040539296441658206
tcn,bandpass,10,electrode,all,ece,absolute,505,3,0.040477637590533695
tcn,bandpass,10,electrode,all,f1_CD,absolute,101,3,0.7373049696101189
tcn,bandpass,10,electrode,all,f1_CD,absolute,202,3,0.7346662909107825
tcn,bandpass,10,electrode,all,f1_CD,absolute,303,3,0.7426561450212898
tcn,bandpass,10,electrode,all,f1_CD,absolute,404,3,0.7363679541958724
tcn,bandpass,10,electrode,all,f1_CD,absolute,505,3,0.7385279422581492
tcn,bandpass,10,electrode,all,f1_CD,clean_drop,101,3,0.006571513838141881
tcn,bandpass,10,electrode,all,f1_CD,clean_drop,202,3,0.009210192537478235
tcn,bandpass,10,electrode,all,f1_CD,clean_drop,303,3,0.0012203384269709276
tcn,bandpass,10,electrode,all,f1_CD,clean_drop,404,3,0.007508529252388281
tcn,bandpass,10,electrode,all,f1_CD,clean_drop,505,3,0.00534854119011167
tcn,bandpass,10,electrode,all,f1_CD,normalized_robustness,101,3,0.9911492075799296
tcn,bandpass,10,electrode,all,f1_CD,normalized_robustness,202,3,0.9876601779248931
tcn,bandpass,10,electrode,all,f1_CD,normalized_robustness,303,3,0.9983553312358732
tcn,bandpass,10,electrode,all,f1_CD,normalized_robustness,404,3,0.9899102961262627
tcn,bandpass,10,electrode,all,f1_CD,normalized_robustness,505,3,0.99282252898174
tcn,bandpass,10,electrode,all,f1_HYP,absolute,101,3,0.6075379880537205
tcn,bandpass,10,electrode,all,f1_HYP,absolute,202,3,0.6065899166271943
tcn,bandpass,10,electrode,all,f1_HYP,absolute,303,3,0.604537815643406
tcn,bandpass,10,electrode,all,f1_HYP,absolute,404,3,0.6123224147494258
tcn,bandpass,10,electrode,all,f1_HYP,absolute,505,3,0.6055283183405665
tcn,bandpass,10,electrode,all,f1_HYP,clean_drop,101,3,0.005869196146643829
tcn,bandpass,10,electrode,all,f1_HYP,clean_drop,202,3,0.006817267573170101
tcn,bandpass,10,electrode,all,f1_HYP,clean_drop,303,3,0.008869368556958265
tcn,bandpass,10,electrode,all,f1_HYP,clean_drop,404,3,0.0010847694509384942
tcn,bandpass,10,electrode,all,f1_HYP,clean_drop,505,3,0.007878865859797801
tcn,bandpass,10,electrode,all,f1_HYP,normalized_robustness,101,3,0.9911978161275624
tcn,bandpass,10,electrode,all,f1_HYP,normalized_robustness,202,3,0.9889809203822629
tcn,bandpass,10,electrode,all,f1_HYP,normalized_robustness,303,3,0.9860730981695434
tcn,bandpass,10,electrode,all,f1_HYP,normalized_robustness,404,3,0.9991921060795649
tcn,bandpass,10,electrode,all,f1_HYP,normalized_robustness,505,3,0.9877347473408933
tcn,bandpass,10,electrode,all,f1_MI,absolute,101,3,0.6974665106821413
tcn,bandpass,10,electrode,all,f1_MI,absolute,202,3,0.7005041689577722
tcn,bandpass,10,electrode,all,f1_MI,absolute,303,3,0.6990432256677767
tcn,bandpass,10,electrode,all,f1_MI,absolute,404,3,0.7000070824157562
tcn,bandpass,10,electrode,all,f1_MI,absolute,505,3,0.6975566577804778
tcn,bandpass,10,electrode,all,f1_MI,clean_drop,101,3,0.01724239437073727
tcn,bandpass,10,electrode,all,f1_MI,clean_drop,202,3,0.014204736095106307
tcn,bandpass,10,electrode,all,f1_MI,clean_drop,303,3,0.015665679385101845
tcn,bandpass,10,electrode,all,f1_MI,clean_drop,404,3,0.014701822637122533
tcn,bandpass,10,electrode,all,f1_MI,clean_drop,505,3,0.01715224727240076
tcn,bandpass,10,electrode,all,f1_MI,normalized_robustness,101,3,0.9759756229402758
tcn,bandpass,10,electrode,all,f1_MI,normalized_robustness,202,3,0.9802679757320575
tcn,bandpass,10,electrode,all,f1_MI,normalized_robustness,303,3,0.9781761941138658
tcn,bandpass,10,electrode,all,f1_MI,normalized_robustness,404,3,0.979559841929997
tcn,bandpass,10,electrode,all,f1_MI,normalized_robustness,505,3,0.9760831366761256
tcn,bandpass,10,electrode,all,f1_NORM,absolute,101,3,0.8431094869796998
tcn,bandpass,10,electrode,all,f1_NORM,absolute,202,3,0.8397376374318078
tcn,bandpass,10,electrode,all,f1_NORM,absolute,303,3,0.8427928876719175
tcn,bandpass,10,electrode,all,f1_NORM,absolute,404,3,0.8403167082819293
tcn,bandpass,10,electrode,all,f1_NORM,absolute,505,3,0.8432412176970784
tcn,bandpass,10,electrode,all,f1_NORM,clean_drop,101,3,0.014586543887380196
tcn,bandpass,10,electrode,all,f1_NORM,clean_drop,202,3,0.01795839343527202
tcn,bandpass,10,electrode,all,f1_NORM,clean_drop,303,3,0.01490314319516243
tcn,bandpass,10,electrode,all,f1_NORM,clean_drop,404,3,0.017379322585150514
tcn,bandpass,10,electrode,all,f1_NORM,clean_drop,505,3,0.014454813170001598
tcn,bandpass,10,electrode,all,f1_NORM,normalized_robustness,101,3,0.9829922755499815
tcn,bandpass,10,electrode,all,f1_NORM,normalized_robustness,202,3,0.9790570580091916
tcn,bandpass,10,electrode,all,f1_NORM,normalized_robustness,303,3,0.982613820592609
tcn,bandpass,10,electrode,all,f1_NORM,normalized_robustness,404,3,0.979734383578995
tcn,bandpass,10,electrode,all,f1_NORM,normalized_robustness,505,3,0.9831434083006992
tcn,bandpass,10,electrode,all,f1_STTC,absolute,101,3,0.7360065625499007
tcn,bandpass,10,electrode,all,f1_STTC,absolute,202,3,0.7357866625542037
tcn,bandpass,10,electrode,all,f1_STTC,absolute,303,3,0.7349977507872244
tcn,bandpass,10,electrode,all,f1_STTC,absolute,404,3,0.7385728094956162
tcn,bandpass,10,electrode,all,f1_STTC,absolute,505,3,0.7354404833878233
tcn,bandpass,10,electrode,all,f1_STTC,clean_drop,101,3,0.03722847866947517
tcn,bandpass,10,electrode,all,f1_STTC,clean_drop,202,3,0.037448378665172255
tcn,bandpass,10,electrode,all,f1_STTC,clean_drop,303,3,0.038237290432151405
tcn,bandpass,10,electrode,all,f1_STTC,clean_drop,404,3,0.03466223172375974
tcn,bandpass,10,electrode,all,f1_STTC,clean_drop,505,3,0.037794557831552646
tcn,bandpass,10,electrode,all,f1_STTC,normalized_robustness,101,3,0.9518465038880893
tcn,bandpass,10,electrode,all,f1_STTC,normalized_robustness,202,3,0.9515705945454066
tcn,bandpass,10,electrode,all,f1_STTC,normalized_robustness,303,3,0.9505255372552895
tcn,bandpass,10,electrode,all,f1_STTC,normalized_robustness,404,3,0.9551569279244805
tcn,bandpass,10,electrode,all,f1_STTC,normalized_robustness,505,3,0.951112987299073
tcn,bandpass,10,electrode,all,macro_ap,absolute,101,3,0.8057054265184815
tcn,bandpass,10,electrode,all,macro_ap,absolute,202,3,0.8039487085597418
tcn,bandpass,10,electrode,all,macro_ap,absolute,303,3,0.8050300459381307
tcn,bandpass,10,electrode,all,macro_ap,absolute,404,3,0.8049025864977141
tcn,bandpass,10,electrode,all,macro_ap,absolute,505,3,0.8051231929834556
tcn,bandpass,10,electrode,all,macro_ap,clean_drop,101,3,0.003252241132131406
tcn,bandpass,10,electrode,all,macro_ap,clean_drop,202,3,0.005008959090871142
tcn,bandpass,10,electrode,all,macro_ap,clean_drop,303,3,0.003927621712482139
tcn,bandpass,10,electrode,all,macro_ap,clean_drop,404,3,0.0040550811528989135
tcn,bandpass,10,electrode,all,macro_ap,clean_drop,505,3,0.0038344746671572874
tcn,bandpass,10,electrode,all,macro_ap,normalized_robustness,101,3,0.9959785208050551
tcn,bandpass,10,electrode,all,macro_ap,normalized_robustness,202,3,0.9938087926537326
tcn,bandpass,10,electrode,all,macro_ap,normalized_robustness,303,3,0.9951415013193832
tcn,bandpass,10,electrode,all,macro_ap,normalized_robustness,404,3,0.9949887723327434
tcn,bandpass,10,electrode,all,macro_ap,normalized_robustness,505,3,0.9952586753982035
tcn,bandpass,10,electrode,all,macro_auroc,absolute,101,3,0.9163389685671782
tcn,bandpass,10,electrode,all,macro_auroc,absolute,202,3,0.9151883578367633
tcn,bandpass,10,electrode,all,macro_auroc,absolute,303,3,0.9155139530522844
tcn,bandpass,10,electrode,all,macro_auroc,absolute,404,3,0.9155992669548431
tcn,bandpass,10,electrode,all,macro_auroc,absolute,505,3,0.9160763669916324
tcn,bandpass,10,electrode,all,macro_auroc,clean_drop,101,3,0.0025217000318186558
tcn,bandpass,10,electrode,all,macro_auroc,clean_drop,202,3,0.0036723107622335847
tcn,bandpass,10,electrode,all,macro_auroc,clean_drop,303,3,0.0033467155467125456
tcn,bandpass,10,electrode,all,macro_auroc,clean_drop,404,3,0.003261401644153857
tcn,bandpass,10,electrode,all,macro_auroc,clean_drop,505,3,0.0027843016073645734
tcn,bandpass,10,electrode,all,macro_auroc,normalized_robustness,101,3,0.9972565407638604
tcn,bandpass,10,electrode,all,macro_auroc,normalized_robustness,202,3,0.9960051608947708
tcn,bandpass,10,electrode,all,macro_auroc,normalized_robustness,303,3,0.9963583004498764
tcn,bandpass,10,electrode,all,macro_auroc,normalized_robustness,404,3,0.9964517679249925
tcn,bandpass,10,electrode,all,macro_auroc,normalized_robustness,505,3,0.9969704034482244
tcn,bandpass,10,electrode,all,macro_f1,absolute,101,3,0.7242851035751162
tcn,bandpass,10,electrode,all,macro_f1,absolute,202,3,0.723456935296352
tcn,bandpass,10,electrode,all,macro_f1,absolute,303,3,0.7248055649583228
tcn,bandpass,10,electrode,all,macro_f1,absolute,404,3,0.7255173938277201
tcn,bandpass,10,electrode,all,macro_f1,absolute,505,3,0.7240589238928191
tcn,bandpass,10,electrode,all,macro_f1,clean_drop,101,3,0.016299625382475685
tcn,bandpass,10,electrode,all,macro_f1,clean_drop,202,3,0.017127793661239805
tcn,bandpass,10,electrode,all,macro_f1,clean_drop,303,3,0.015779163999269003
tcn,bandpass,10,electrode,all,macro_f1,clean_drop,404,3,0.015067335129871906
tcn,bandpass,10,electrode,all,macro_f1,clean_drop,505,3,0.01652580506477286
tcn,bandpass,10,electrode,all,macro_f1,normalized_robustness,101,3,0.9781091688721727
tcn,bandpass,10,electrode,all,macro_f1,normalized_robustness,202,3,0.9769711589008091
tcn,bandpass,10,electrode,all,macro_f1,normalized_robustness,303,3,0.9788039423499567
tcn,bandpass,10,electrode,all,macro_f1,normalized_robustness,404,3,0.9797747844867377
tcn,bandpass,10,electrode,all,macro_f1,normalized_robustness,505,3,0.9777861658498438
tcn,bandpass,10,electrode,all,mean_confidence,absolute,101,3,0.8888972997665405
tcn,bandpass,10,electrode,all,mean_confidence,absolute,202,3,0.8890625635782877
tcn,bandpass,10,electrode,all,mean_confidence,absolute,303,3,0.8890502055486044
tcn,bandpass,10,electrode,all,mean_confidence,absolute,404,3,0.8888237675031027
tcn,bandpass,10,electrode,all,mean_confidence,absolute,505,3,0.8884381453196207
tcn,bandpass,10,electrode,all,mean_entropy,absolute,101,3,0.26783402616712276
tcn,bandpass,10,electrode,all,mean_entropy,absolute,202,3,0.2675227828068579
tcn,bandpass,10,electrode,all,mean_entropy,absolute,303,3,0.26784289058603106
tcn,bandpass,10,electrode,all,mean_entropy,absolute,404,3,0.2679114099383362
tcn,bandpass,10,electrode,all,mean_entropy,absolute,505,3,0.2685187608590836
tcn,bandpass,10,electrode,all,mean_loss,absolute,101,3,0.2962160172345469
tcn,bandpass,10,electrode,all,mean_loss,absolute,202,3,0.2987473786998988
tcn,bandpass,10,electrode,all,mean_loss,absolute,303,3,0.29798289134550776
tcn,bandpass,10,electrode,all,mean_loss,absolute,404,3,0.2979246517778775
tcn,bandpass,10,electrode,all,mean_loss,absolute,505,3,0.2972583942506294
tcn,bandpass,10,electrode,all,micro_ap,absolute,101,3,0.839884190643847
tcn,bandpass,10,electrode,all,micro_ap,absolute,202,3,0.837691627027076
tcn,bandpass,10,electrode,all,micro_ap,absolute,303,3,0.8382838937429774
tcn,bandpass,10,electrode,all,micro_ap,absolute,404,3,0.8383411019542456
tcn,bandpass,10,electrode,all,micro_ap,absolute,505,3,0.8387907444296917
tcn,bandpass,10,electrode,all,micro_auroc,absolute,101,3,0.9259827418053176
tcn,bandpass,10,electrode,all,micro_auroc,absolute,202,3,0.9248438019844025
tcn,bandpass,10,electrode,all,micro_auroc,absolute,303,3,0.9250606437425976
tcn,bandpass,10,electrode,all,micro_auroc,absolute,404,3,0.9251960121716197
tcn,bandpass,10,electrode,all,micro_auroc,absolute,505,3,0.925460322817094
tcn,bandpass,10,electrode,all,micro_f1,absolute,101,3,0.748621457285763
tcn,bandpass,10,electrode,all,micro_f1,absolute,202,3,0.7476814049211037
tcn,bandpass,10,electrode,all,micro_f1,absolute,303,3,0.7494428763760993
tcn,bandpass,10,electrode,all,micro_f1,absolute,404,3,0.7492079407374298
tcn,bandpass,10,electrode,all,micro_f1,absolute,505,3,0.7486602146340443
tcn,bandpass,10,electrode,all,probability_shift,absolute,101,3,0.041522812098264666
tcn,bandpass,10,electrode,all,probability_shift,absolute,202,3,0.0406294651329517
tcn,bandpass,10,electrode,all,probability_shift,absolute,303,3,0.04082405567169187
tcn,bandpass,10,electrode,all,probability_shift,absolute,404,3,0.04126297806700063
tcn,bandpass,10,electrode,all,probability_shift,absolute,505,3,0.0412769094109535
tcn,bandpass,10,independent,all,ap_CD,absolute,101,3,0.8302046979219492
tcn,bandpass,10,independent,all,ap_CD,absolute,202,3,0.8310963629233076
tcn,bandpass,10,independent,all,ap_CD,absolute,303,3,0.8311683072869741
tcn,bandpass,10,independent,all,ap_CD,absolute,404,3,0.832320812557168
tcn,bandpass,10,independent,all,ap_CD,absolute,505,3,0.829548886331643
tcn,bandpass,10,independent,all,ap_CD,clean_drop,101,3,0.004843202815760228
tcn,bandpass,10,independent,all,ap_CD,clean_drop,202,3,0.003951537814401718
tcn,bandpass,10,independent,all,ap_CD,clean_drop,303,3,0.003879593450735297
tcn,bandpass,10,independent,all,ap_CD,clean_drop,404,3,0.0027270881805413114
tcn,bandpass,10,independent,all,ap_CD,clean_drop,505,3,0.005499014406066409
tcn,bandpass,10,independent,all,ap_CD,normalized_robustness,101,3,0.9942032931888103
tcn,bandpass,10,independent,all,ap_CD,normalized_robustness,202,3,0.9952745137816238
tcn,bandpass,10,independent,all,ap_CD,normalized_robustness,303,3,0.9953582240542281
tcn,bandpass,10,independent,all,ap_CD,normalized_robustness,404,3,0.9967436630065513
tcn,bandpass,10,independent,all,ap_CD,normalized_robustness,505,3,0.9934204644767296
tcn,bandpass,10,independent,all,ap_HYP,absolute,101,3,0.6727852783792474
tcn,bandpass,10,independent,all,ap_HYP,absolute,202,3,0.6722432216930354
tcn,bandpass,10,independent,all,ap_HYP,absolute,303,3,0.6719289783514085
tcn,bandpass,10,independent,all,ap_HYP,absolute,404,3,0.6744240264140858
tcn,bandpass,10,independent,all,ap_HYP,absolute,505,3,0.6735415622204567
tcn,bandpass,10,independent,all,ap_HYP,clean_drop,101,3,-0.0012973405618749156
tcn,bandpass,10,independent,all,ap_HYP,clean_drop,202,3,-0.0007552838756630006
tcn,bandpass,10,independent,all,ap_HYP,clean_drop,303,3,-0.00044104053403611526
tcn,bandpass,10,independent,all,ap_HYP,clean_drop,404,3,-0.0029360885967133856
tcn,bandpass,10,independent,all,ap_HYP,clean_drop,505,3,-0.002053624403084283
tcn,bandpass,10,independent,all,ap_HYP,normalized_robustness,101,3,1.0019307050692172
tcn,bandpass,10,independent,all,ap_HYP,normalized_robustness,202,3,1.0011433111353394
tcn,bandpass,10,independent,all,ap_HYP,normalized_robustness,303,3,1.0006781056705059
tcn,bandpass,10,independent,all,ap_HYP,normalized_robustness,404,3,1.0043973700063447
tcn,bandpass,10,independent,all,ap_HYP,normalized_robustness,505,3,1.0030738601904117
tcn,bandpass,10,independent,all,ap_MI,absolute,101,3,0.7857336426229602
tcn,bandpass,10,independent,all,ap_MI,absolute,202,3,0.786594043566533
tcn,bandpass,10,independent,all,ap_MI,absolute,303,3,0.7869787595738872
tcn,bandpass,10,independent,all,ap_MI,absolute,404,3,0.7870225954553497
tcn,bandpass,10,independent,all,ap_MI,absolute,505,3,0.7847292111688237
tcn,bandpass,10,independent,all,ap_MI,clean_drop,101,3,0.008599170164707792
tcn,bandpass,10,independent,all,ap_MI,clean_drop,202,3,0.007738769221134922
tcn,bandpass,10,independent,all,ap_MI,clean_drop,303,3,0.007354053213780798
tcn,bandpass,10,independent,all,ap_MI,clean_drop,404,3,0.007310217332318329
tcn,bandpass,10,independent,all,ap_MI,clean_drop,505,3,0.009603601618844252
tcn,bandpass,10,independent,all,ap_MI,normalized_robustness,101,3,0.989174082582209
tcn,bandpass,10,independent,all,ap_MI,normalized_robustness,202,3,0.9902859122053241
tcn,bandpass,10,independent,all,ap_MI,normalized_robustness,303,3,0.9907544423994833
tcn,bandpass,10,independent,all,ap_MI,normalized_robustness,404,3,0.9908119129002794
tcn,bandpass,10,independent,all,ap_MI,normalized_robustness,505,3,0.9879244937859788
tcn,bandpass,10,independent,all,ap_NORM,absolute,101,3,0.9196581947830417
tcn,bandpass,10,independent,all,ap_NORM,absolute,202,3,0.919867186457954
tcn,bandpass,10,independent,all,ap_NORM,absolute,303,3,0.9186966767700596
tcn,bandpass,10,independent,all,ap_NORM,absolute,404,3,0.9190527958439888
tcn,bandpass,10,independent,all,ap_NORM,absolute,505,3,0.9190026133361685
tcn,bandpass,10,independent,all,ap_NORM,clean_drop,101,3,0.003998647314962615
tcn,bandpass,10,independent,all,ap_NORM,clean_drop,202,3,0.0037896556400504045
tcn,bandpass,10,independent,all,ap_NORM,clean_drop,303,3,0.004960165327944817
tcn,bandpass,10,independent,all,ap_NORM,clean_drop,404,3,0.004604046254015485
tcn,bandpass,10,independent,all,ap_NORM,clean_drop,505,3,0.004654228761835744
tcn,bandpass,10,independent,all,ap_NORM,normalized_robustness,101,3,0.9956688265096352
tcn,bandpass,10,independent,all,ap_NORM,normalized_robustness,202,3,0.9958935609299157
tcn,bandpass,10,independent,all,ap_NORM,normalized_robustness,303,3,0.9946262571053329
tcn,bandpass,10,independent,all,ap_NORM,normalized_robustness,404,3,0.9950124965832022
tcn,bandpass,10,independent,all,ap_NORM,normalized_robustness,505,3,0.9949570601854415
tcn,bandpass,10,independent,all,ap_STTC,absolute,101,3,0.8204125302901137
tcn,bandpass,10,independent,all,ap_STTC,absolute,202,3,0.8222442783586045
tcn,bandpass,10,independent,all,ap_STTC,absolute,303,3,0.8202155161199065
tcn,bandpass,10,independent,all,ap_STTC,absolute,404,3,0.8189460146454505
tcn,bandpass,10,independent,all,ap_STTC,absolute,505,3,0.8184067542624489
tcn,bandpass,10,independent,all,ap_STTC,clean_drop,101,3,-0.0001496854778031409
tcn,bandpass,10,independent,all,ap_STTC,clean_drop,202,3,-0.001981433546293876
tcn,bandpass,10,independent,all,ap_STTC,clean_drop,303,3,4.732869240401764e-05
tcn,bandpass,10,independent,all,ap_STTC,clean_drop,404,3,0.001316830166860054
tcn,bandpass,10,independent,all,ap_STTC,clean_drop,505,3,0.0018560905498616147
tcn,bandpass,10,independent,all,ap_STTC,normalized_robustness,101,3,1.000207238743721
tcn,bandpass,10,independent,all,ap_STTC,normalized_robustness,202,3,1.0024365710089083
tcn,bandpass,10,independent,all,ap_STTC,normalized_robustness,303,3,0.9999702961134874
tcn,bandpass,10,independent,all,ap_STTC,normalized_robustness,404,3,0.9984189966765115
tcn,bandpass,10,independent,all,ap_STTC,normalized_robustness,505,3,0.9977586257990714
tcn,bandpass,10,independent,all,auroc_CD,absolute,101,3,0.9105163813516555
tcn,bandpass,10,independent,all,auroc_CD,absolute,202,3,0.9100161904946754
tcn,bandpass,10,independent,all,auroc_CD,absolute,303,3,0.9102050256848205
tcn,bandpass,10,independent,all,auroc_CD,absolute,404,3,0.9106789332712241
tcn,bandpass,10,independent,all,auroc_CD,absolute,505,3,0.9101738901181372
tcn,bandpass,10,independent,all,auroc_CD,clean_drop,101,3,0.0022421651592200074
tcn,bandpass,10,independent,all,auroc_CD,clean_drop,202,3,0.0027423560162001723
tcn,bandpass,10,independent,all,auroc_CD,clean_drop,303,3,0.002553520826054904
tcn,bandpass,10,independent,all,auroc_CD,clean_drop,404,3,0.0020796132396515565
tcn,bandpass,10,independent,all,auroc_CD,clean_drop,505,3,0.0025846563927383417
tcn,bandpass,10,independent,all,auroc_CD,normalized_robustness,101,3,0.9975465319753312
tcn,bandpass,10,independent,all,auroc_CD,normalized_robustness,202,3,0.9970000101586162
tcn,bandpass,10,independent,all,auroc_CD,normalized_robustness,303,3,0.997204754831165
tcn,bandpass,10,independent,all,auroc_CD,normalized_robustness,404,3,0.9977272181438589
tcn,bandpass,10,independent,all,auroc_CD,normalized_robustness,505,3,0.9971707760443352
tcn,bandpass,10,independent,all,auroc_HYP,absolute,101,3,0.8964949646235278
tcn,bandpass,10,independent,all,auroc_HYP,absolute,202,3,0.8959098302573518
tcn,bandpass,10,independent,all,auroc_HYP,absolute,303,3,0.89480968370535
tcn,bandpass,10,independent,all,auroc_HYP,absolute,404,3,0.8968841595001127
tcn,bandpass,10,independent,all,auroc_HYP,absolute,505,3,0.8966412482150717
tcn,bandpass,10,independent,all,auroc_HYP,clean_drop,101,3,0.0006374743668201935
tcn,bandpass,10,independent,all,auroc_HYP,clean_drop,202,3,0.0012226087329961777
tcn,bandpass,10,independent,all,auroc_HYP,clean_drop,303,3,0.002322755284998035
tcn,bandpass,10,independent,all,auroc_HYP,clean_drop,404,3,0.0002482794902352407
tcn,bandpass,10,independent,all,auroc_HYP,clean_drop,505,3,0.0004911907752762253
tcn,bandpass,10,independent,all,auroc_HYP,normalized_robustness,101,3,0.9992958936710044
tcn,bandpass,10,independent,all,auroc_HYP,normalized_robustness,202,3,0.9986429453676506
tcn,bandpass,10,independent,all,auroc_HYP,normalized_robustness,303,3,0.9974128806366531
tcn,bandpass,10,independent,all,auroc_HYP,normalized_robustness,404,3,0.9997271205093515
tcn,bandpass,10,independent,all,auroc_HYP,normalized_robustness,505,3,0.9994601568015979
tcn,bandpass,10,independent,all,auroc_MI,absolute,101,3,0.9045609075832957
tcn,bandpass,10,independent,all,auroc_MI,absolute,202,3,0.9050290215588722
tcn,bandpass,10,independent,all,auroc_MI,absolute,303,3,0.9059286898839138
tcn,bandpass,10,independent,all,auroc_MI,absolute,404,3,0.9054300467360168
tcn,bandpass,10,independent,all,auroc_MI,absolute,505,3,0.9043773556460124
tcn,bandpass,10,independent,all,auroc_MI,clean_drop,101,3,0.0050572893110206
tcn,bandpass,10,independent,all,auroc_MI,clean_drop,202,3,0.004589175335444007
tcn,bandpass,10,independent,all,auroc_MI,clean_drop,303,3,0.003689507010402456
tcn,bandpass,10,independent,all,auroc_MI,clean_drop,404,3,0.004188150158299431
tcn,bandpass,10,independent,all,auroc_MI,clean_drop,505,3,0.005240841248303781
tcn,bandpass,10,independent,all,auroc_MI,normalized_robustness,101,3,0.9944375904578223
tcn,bandpass,10,independent,all,auroc_MI,normalized_robustness,202,3,0.9949550163206401
tcn,bandpass,10,independent,all,auroc_MI,normalized_robustness,303,3,0.9959438449253986
tcn,bandpass,10,independent,all,auroc_MI,normalized_robustness,404,3,0.995396486342043
tcn,bandpass,10,independent,all,auroc_MI,normalized_robustness,505,3,0.9942388341001626
tcn,bandpass,10,independent,all,auroc_NORM,absolute,101,3,0.9392911505334763
tcn,bandpass,10,independent,all,auroc_NORM,absolute,202,3,0.9398430926135927
tcn,bandpass,10,independent,all,auroc_NORM,absolute,303,3,0.9393411164263235
tcn,bandpass,10,independent,all,auroc_NORM,absolute,404,3,0.9393790615391523
tcn,bandpass,10,independent,all,auroc_NORM,absolute,505,3,0.9395945666074317
tcn,bandpass,10,independent,all,auroc_NORM,clean_drop,101,3,0.00392514674765491
tcn,bandpass,10,independent,all,auroc_NORM,clean_drop,202,3,0.003373204667538617
tcn,bandpass,10,independent,all,auroc_NORM,clean_drop,303,3,0.0038751808548078324
tcn,bandpass,10,independent,all,auroc_NORM,clean_drop,404,3,0.0038372357419789913
tcn,bandpass,10,independent,all,auroc_NORM,clean_drop,505,3,0.0036217306736996044
tcn,bandpass,10,independent,all,auroc_NORM,normalized_robustness,101,3,0.9958383861744698
tcn,bandpass,10,independent,all,auroc_NORM,normalized_robustness,202,3,0.9964235067195615
tcn,bandpass,10,independent,all,auroc_NORM,normalized_robustness,303,3,0.9958913754490345
tcn,bandpass,10,independent,all,auroc_NORM,normalized_robustness,404,3,0.9959315393660294
tcn,bandpass,10,independent,all,auroc_NORM,normalized_robustness,505,3,0.996159982250363
tcn,bandpass,10,independent,all,auroc_STTC,absolute,101,3,0.9309908306434181
tcn,bandpass,10,independent,all,auroc_STTC,absolute,202,3,0.9309888764733953
tcn,bandpass,10,independent,all,auroc_STTC,absolute,303,3,0.9312241585441591
tcn,bandpass,10,independent,all,auroc_STTC,absolute,404,3,0.9300684623925841
tcn,bandpass,10,independent,all,auroc_STTC,absolute,505,3,0.929969190555418
tcn,bandpass,10,independent,all,auroc_STTC,clean_drop,101,3,0.0005870326748953861
tcn,bandpass,10,independent,all,auroc_STTC,clean_drop,202,3,0.00058898684491826
tcn,bandpass,10,independent,all,auroc_STTC,clean_drop,303,3,0.0003537047741546025
tcn,bandpass,10,independent,all,auroc_STTC,clean_drop,404,3,0.00150940092572945
tcn,bandpass,10,independent,all,auroc_STTC,clean_drop,505,3,0.0016086727628955577
tcn,bandpass,10,independent,all,auroc_STTC,normalized_robustness,101,3,0.9993746984146625
tcn,bandpass,10,independent,all,auroc_STTC,normalized_robustness,202,3,0.9993717138148153
tcn,bandpass,10,independent,all,auroc_STTC,normalized_robustness,303,3,0.9996242141274511
tcn,bandpass,10,independent,all,auroc_STTC,normalized_robustness,404,3,0.9983837999336437
tcn,bandpass,10,independent,all,auroc_STTC,normalized_robustness,505,3,0.9982773949109248
tcn,bandpass,10,independent,all,brier,absolute,101,3,0.09112275143464403
tcn,bandpass,10,independent,all,brier,absolute,202,3,0.09065238138039904
tcn,bandpass,10,independent,all,brier,absolute,303,3,0.09061917910973227
tcn,bandpass,10,independent,all,brier,absolute,404,3,0.09080679217974343
tcn,bandpass,10,independent,all,brier,absolute,505,3,0.09110280623038607
tcn,bandpass,10,independent,all,clean_agreement,absolute,101,3,0.9670682730923694
tcn,bandpass,10,independent,all,clean_agreement,absolute,202,3,0.9679950571516837
tcn,bandpass,10,independent,all,clean_agreement,absolute,303,3,0.9671300586963237
tcn,bandpass,10,independent,all,clean_agreement,absolute,404,3,0.9676552363299352
tcn,bandpass,10,independent,all,clean_agreement,absolute,505,3,0.9675316651220266
tcn,bandpass,10,independent,all,ece,absolute,101,3,0.04309006078450126
tcn,bandpass,10,independent,all,ece,absolute,202,3,0.04285549600894917
tcn,bandpass,10,independent,all,ece,absolute,303,3,0.04297629120044124
tcn,bandpass,10,independent,all,ece,absolute,404,3,0.042713791446873595
tcn,bandpass,10,independent,all,ece,absolute,505,3,0.0435076790966512
tcn,bandpass,10,independent,all,f1_CD,absolute,101,3,0.7402018462624523
tcn,bandpass,10,independent,all,f1_CD,absolute,202,3,0.7425633337703109
tcn,bandpass,10,independent,all,f1_CD,absolute,303,3,0.7435860396183118
tcn,bandpass,10,independent,all,f1_CD,absolute,404,3,0.7462681179640277
tcn,bandpass,10,independent,all,f1_CD,absolute,505,3,0.7413285666777519
tcn,bandpass,10,independent,all,f1_CD,clean_drop,101,3,0.0036746371858084417
tcn,bandpass,10,independent,all,f1_CD,clean_drop,202,3,0.0013131496779499319
tcn,bandpass,10,independent,all,f1_CD,clean_drop,303,3,0.0002904438299489165
tcn,bandpass,10,independent,all,f1_CD,clean_drop,404,3,-0.0023916345157669974
tcn,bandpass,10,independent,all,f1_CD,clean_drop,505,3,0.0025479167705088437
tcn,bandpass,10,independent,all,f1_CD,normalized_robustness,101,3,0.9950168314647693
tcn,bandpass,10,independent,all,f1_CD,normalized_robustness,202,3,0.9982687535172663
tcn,bandpass,10,independent,all,f1_CD,normalized_robustness,303,3,0.9995801374591374
tcn,bandpass,10,independent,all,f1_CD,normalized_robustness,404,3,1.003211089882235
tcn,bandpass,10,independent,all,f1_CD,normalized_robustness,505,3,0.9965822859139951
tcn,bandpass,10,independent,all,f1_HYP,absolute,101,3,0.6046089784012637
tcn,bandpass,10,independent,all,f1_HYP,absolute,202,3,0.6090804697947555
tcn,bandpass,10,independent,all,f1_HYP,absolute,303,3,0.6066424777988997
tcn,bandpass,10,independent,all,f1_HYP,absolute,404,3,0.6127539961784874
tcn,bandpass,10,independent,all,f1_HYP,absolute,505,3,0.6125888246029589
tcn,bandpass,10,independent,all,f1_HYP,clean_drop,101,3,0.008798205799100697
tcn,bandpass,10,independent,all,f1_HYP,clean_drop,202,3,0.004326714405608796
tcn,bandpass,10,independent,all,f1_HYP,clean_drop,303,3,0.0067647064014646485
tcn,bandpass,10,independent,all,f1_HYP,clean_drop,404,3,0.0006531880218769714
tcn,bandpass,10,independent,all,f1_HYP,clean_drop,505,3,0.0008183595974054306
tcn,bandpass,10,independent,all,f1_HYP,normalized_robustness,101,3,0.986465209814401
tcn,bandpass,10,independent,all,f1_HYP,normalized_robustness,202,3,0.9935721540783793
tcn,bandpass,10,independent,all,f1_HYP,normalized_robustness,303,3,0.9899073767543959
tcn,bandpass,10,independent,all,f1_HYP,normalized_robustness,404,3,1.0000271885970564
tcn,bandpass,10,independent,all,f1_HYP,normalized_robustness,505,3,0.9996883637709134
tcn,bandpass,10,independent,all,f1_MI,absolute,101,3,0.7033719673452256
tcn,bandpass,10,independent,all,f1_MI,absolute,202,3,0.7073615515027382
tcn,bandpass,10,independent,all,f1_MI,absolute,303,3,0.7063202756547344
tcn,bandpass,10,independent,all,f1_MI,absolute,404,3,0.710062586492524
tcn,bandpass,10,independent,all,f1_MI,absolute,505,3,0.7040886406379775
tcn,bandpass,10,independent,all,f1_MI,clean_drop,101,3,0.01133693770765302
tcn,bandpass,10,independent,all,f1_MI,clean_drop,202,3,0.007347353550140416
tcn,bandpass,10,independent,all,f1_MI,clean_drop,303,3,0.008388629398144184
tcn,bandpass,10,independent,all,f1_MI,clean_drop,404,3,0.004646318560354616
tcn,bandpass,10,independent,all,f1_MI,clean_drop,505,3,0.010620264414901048
tcn,bandpass,10,independent,all,f1_MI,normalized_robustness,101,3,0.9841505740026791
tcn,bandpass,10,independent,all,f1_MI,normalized_robustness,202,3,0.9897725633187023
tcn,bandpass,10,independent,all,f1_MI,normalized_robustness,303,3,0.9882861141339861
tcn,bandpass,10,independent,all,f1_MI,normalized_robustness,404,3,0.9934999570723534
tcn,bandpass,10,independent,all,f1_MI,normalized_robustness,505,3,0.9851515592928523
tcn,bandpass,10,independent,all,f1_NORM,absolute,101,3,0.8465359867250095
tcn,bandpass,10,independent,all,f1_NORM,absolute,202,3,0.8514941131932598
tcn,bandpass,10,independent,all,f1_NORM,absolute,303,3,0.8476643485375378
tcn,bandpass,10,independent,all,f1_NORM,absolute,404,3,0.8495274517591004
tcn,bandpass,10,independent,all,f1_NORM,absolute,505,3,0.8492938654844701
tcn,bandpass,10,independent,all,f1_NORM,clean_drop,101,3,0.011160044142070428
tcn,bandpass,10,independent,all,f1_NORM,clean_drop,202,3,0.0062019176738200565
tcn,bandpass,10,independent,all,f1_NORM,clean_drop,303,3,0.010031682329542177
tcn,bandpass,10,independent,all,f1_NORM,clean_drop,404,3,0.00816857910797956
tcn,bandpass,10,independent,all,f1_NORM,clean_drop,505,3,0.008402165382609886
tcn,bandpass,10,independent,all,f1_NORM,normalized_robustness,101,3,0.9869871516138676
tcn,bandpass,10,independent,all,f1_NORM,normalized_robustness,202,3,0.9927692490290018
tcn,bandpass,10,independent,all,f1_NORM,normalized_robustness,303,3,0.9883049026237921
tcn,bandpass,10,independent,all,f1_NORM,normalized_robustness,404,3,0.9904719930952601
tcn,bandpass,10,independent,all,f1_NORM,normalized_robustness,505,3,0.9902018568285637
tcn,bandpass,10,independent,all,f1_STTC,absolute,101,3,0.7447027382123873
tcn,bandpass,10,independent,all,f1_STTC,absolute,202,3,0.7467247831109739
tcn,bandpass,10,independent,all,f1_STTC,absolute,303,3,0.7437457458265623
tcn,bandpass,10,independent,all,f1_STTC,absolute,404,3,0.7412414764798955
tcn,bandpass,10,independent,all,f1_STTC,absolute,505,3,0.7413411941371768
tcn,bandpass,10,independent,all,f1_STTC,clean_drop,101,3,0.02853230300698865
tcn,bandpass,10,independent,all,f1_STTC,clean_drop,202,3,0.026510258108401945
tcn,bandpass,10,independent,all,f1_STTC,clean_drop,303,3,0.02948929539281357
tcn,bandpass,10,independent,all,f1_STTC,clean_drop,404,3,0.03199356473948053
tcn,bandpass,10,independent,all,f1_STTC,clean_drop,505,3,0.031893847082199146
tcn,bandpass,10,independent,all,f1_STTC,normalized_robustness,101,3,0.9631127679176865
tcn,bandpass,10,independent,all,f1_STTC,normalized_robustness,202,3,0.9657324552348676
tcn,bandpass,10,independent,all,f1_STTC,normalized_robustness,303,3,0.9618872020929023
tcn,bandpass,10,independent,all,f1_STTC,normalized_robustness,404,3,0.9586451970539202
tcn,bandpass,10,independent,all,f1_STTC,normalized_robustness,505,3,0.9587647593371473
tcn,bandpass,10,independent,all,macro_ap,absolute,101,3,0.8057588687994626
tcn,bandpass,10,independent,all,macro_ap,absolute,202,3,0.8064090185998869
tcn,bandpass,10,independent,all,macro_ap,absolute,303,3,0.8057976476204471
tcn,bandpass,10,independent,all,macro_ap,absolute,404,3,0.8063532489832085
tcn,bandpass,10,independent,all,macro_ap,absolute,505,3,0.8050458054639081
tcn,bandpass,10,independent,all,macro_ap,clean_drop,101,3,0.003198798851150486
tcn,bandpass,10,independent,all,macro_ap,clean_drop,202,3,0.0025486490507260484
tcn,bandpass,10,independent,all,macro_ap,clean_drop,303,3,0.0031600200301658
tcn,bandpass,10,independent,all,macro_ap,clean_drop,404,3,0.0026044186674043512
tcn,bandpass,10,independent,all,macro_ap,clean_drop,505,3,0.003911862186704733
tcn,bandpass,10,independent,all,macro_ap,normalized_robustness,101,3,0.9960411356361919
tcn,bandpass,10,independent,all,macro_ap,normalized_robustness,202,3,0.9968479246688681
tcn,bandpass,10,independent,all,macro_ap,normalized_robustness,303,3,0.9960891611328043
tcn,bandpass,10,independent,all,macro_ap,normalized_robustness,404,3,0.9967791471538101
tcn,bandpass,10,independent,all,macro_ap,normalized_robustness,505,3,0.9951636770602391
tcn,bandpass,10,independent,all,macro_auroc,absolute,101,3,0.9163708469470747
tcn,bandpass,10,independent,all,macro_auroc,absolute,202,3,0.9163574022795776
tcn,bandpass,10,independent,all,macro_auroc,absolute,303,3,0.9163017348489134
tcn,bandpass,10,independent,all,macro_auroc,absolute,404,3,0.9164881326878179
tcn,bandpass,10,independent,all,macro_auroc,absolute,505,3,0.9161512502284143
tcn,bandpass,10,independent,all,macro_auroc,clean_drop,101,3,0.0024898216519222047
tcn,bandpass,10,independent,all,macro_auroc,clean_drop,202,3,0.0025032663194194025
tcn,bandpass,10,independent,all,macro_auroc,clean_drop,303,3,0.002558933750083573
tcn,bandpass,10,independent,all,macro_auroc,clean_drop,404,3,0.002372535911178919
tcn,bandpass,10,independent,all,macro_auroc,clean_drop,505,3,0.0027094183705826578
tcn,bandpass,10,independent,all,macro_auroc,normalized_robustness,101,3,0.9972901403327703
tcn,bandpass,10,independent,all,macro_auroc,normalized_robustness,202,3,0.9972761170066002
tcn,bandpass,10,independent,all,macro_auroc,normalized_robustness,303,3,0.9972145853469773
tcn,bandpass,10,independent,all,macro_auroc,normalized_robustness,404,3,0.9974180106808888
tcn,bandpass,10,independent,all,macro_auroc,normalized_robustness,505,3,0.997051687437729
tcn,bandpass,10,independent,all,macro_f1,absolute,101,3,0.7278843033892676
tcn,bandpass,10,independent,all,macro_f1,absolute,202,3,0.7314448502744076
tcn,bandpass,10,independent,all,macro_f1,absolute,303,3,0.7295917774872093
tcn,bandpass,10,independent,all,macro_f1,absolute,404,3,0.7319707257748069
tcn,bandpass,10,independent,all,macro_f1,absolute,505,3,0.729728218308067
tcn,bandpass,10,independent,all,macro_f1,clean_drop,101,3,0.012700425568324292
tcn,bandpass,10,independent,all,macro_f1,clean_drop,202,3,0.009139878683184258
tcn,bandpass,10,independent,all,macro_f1,clean_drop,303,3,0.010992951470382706
tcn,bandpass,10,independent,all,macro_f1,clean_drop,404,3,0.008614003182784971
tcn,bandpass,10,independent,all,macro_f1,clean_drop,505,3,0.010856510649524864
tcn,bandpass,10,independent,all,macro_f1,normalized_robustness,101,3,0.9829022915281661
tcn,bandpass,10,independent,all,macro_f1,normalized_robustness,202,3,0.9877500192492666
tcn,bandpass,10,independent,all,macro_f1,normalized_robustness,303,3,0.9852282907448368
tcn,bandpass,10,independent,all,macro_f1,normalized_robustness,404,3,0.9884565448987613
tcn,bandpass,10,independent,all,macro_f1,normalized_robustness,505,3,0.9854179275344519
tcn,bandpass,10,independent,all,mean_confidence,absolute,101,3,0.8964380025863647
tcn,bandpass,10,independent,all,mean_confidence,absolute,202,3,0.8966064850489298
tcn,bandpass,10,independent,all,mean_confidence,absolute,303,3,0.8963589469591776
tcn,bandpass,10,independent,all,mean_confidence,absolute,404,3,0.896385649840037
tcn,bandpass,10,independent,all,mean_confidence,absolute,505,3,0.8965777158737183
tcn,bandpass,10,independent,all,mean_entropy,absolute,101,3,0.25220847229752547
tcn,bandpass,10,independent,all,mean_entropy,absolute,202,3,0.2518660497266398
tcn,bandpass,10,independent,all,mean_entropy,absolute,303,3,0.25218125644739536
tcn,bandpass,10,independent,all,mean_entropy,absolute,404,3,0.2523549980639183
tcn,bandpass,10,independent,all,mean_entropy,absolute,505,3,0.25195269767056583
tcn,bandpass,10,independent,all,mean_loss,absolute,101,3,0.2985557523888412
tcn,bandpass,10,independent,all,mean_loss,absolute,202,3,0.29775543870428883
tcn,bandpass,10,independent,all,mean_loss,absolute,303,3,0.29789381915122415
tcn,bandpass,10,independent,all,mean_loss,absolute,404,3,0.29783887032079587
tcn,bandpass,10,independent,all,mean_loss,absolute,505,3,0.29887673313140123
tcn,bandpass,10,independent,all,micro_ap,absolute,101,3,0.8401039975801602
tcn,bandpass,10,independent,all,micro_ap,absolute,202,3,0.840933233628227
tcn,bandpass,10,independent,all,micro_ap,absolute,303,3,0.8403803916437701
tcn,bandpass,10,independent,all,micro_ap,absolute,404,3,0.8406087098989166
tcn,bandpass,10,independent,all,micro_ap,absolute,505,3,0.8395640076121705
tcn,bandpass,10,independent,all,micro_auroc,absolute,101,3,0.9261817230214907
tcn,bandpass,10,independent,all,micro_auroc,absolute,202,3,0.9263910563361949
tcn,bandpass,10,independent,all,micro_auroc,absolute,303,3,0.9264188435480408
tcn,bandpass,10,independent,all,micro_auroc,absolute,404,3,0.9264403239659007
tcn,bandpass,10,independent,all,micro_auroc,absolute,505,3,0.9260551691767258
tcn,bandpass,10,independent,all,micro_f1,absolute,101,3,0.7546984331786225
tcn,bandpass,10,independent,all,micro_f1,absolute,202,3,0.7585436984478101
tcn,bandpass,10,independent,all,micro_f1,absolute,303,3,0.7562489288856202
tcn,bandpass,10,independent,all,micro_f1,absolute,404,3,0.7584250386746048
tcn,bandpass,10,independent,all,micro_f1,absolute,505,3,0.7561624277060862
tcn,bandpass,10,independent,all,probability_shift,absolute,101,3,0.029647085815668068
tcn,bandpass,10,independent,all,probability_shift,absolute,202,3,0.02901102788746353
tcn,bandpass,10,independent,all,probability_shift,absolute,303,3,0.0294821957747141
tcn,bandpass,10,independent,all,probability_shift,absolute,404,3,0.0294265666355689
tcn,bandpass,10,independent,all,probability_shift,absolute,505,3,0.02959767170250414
tcn,bandpass,10,independent_rms,all,ap_CD,absolute,101,3,0.8300943300062738
tcn,bandpass,10,independent_rms,all,ap_CD,absolute,202,3,0.8311460645391581
tcn,bandpass,10,independent_rms,all,ap_CD,absolute,303,3,0.8312204118536816
tcn,bandpass,10,independent_rms,all,ap_CD,absolute,404,3,0.8322632352090055
tcn,bandpass,10,independent_rms,all,ap_CD,absolute,505,3,0.8294961361684844
tcn,bandpass,10,independent_rms,all,ap_CD,clean_drop,101,3,0.00495357073143569
tcn,bandpass,10,independent_rms,all,ap_CD,clean_drop,202,3,0.003901836198551186
tcn,bandpass,10,independent_rms,all,ap_CD,clean_drop,303,3,0.003827488884027804
tcn,bandpass,10,independent_rms,all,ap_CD,clean_drop,404,3,0.0027846655287038966
tcn,bandpass,10,independent_rms,all,ap_CD,clean_drop,505,3,0.005551764569224978
tcn,bandpass,10,independent_rms,all,ap_CD,normalized_robustness,101,3,0.994070818176516
tcn,bandpass,10,independent_rms,all,ap_CD,normalized_robustness,202,3,0.9953335775941161
tcn,bandpass,10,independent_rms,all,ap_CD,normalized_robustness,303,3,0.995422219469833
tcn,bandpass,10,independent_rms,all,ap_CD,normalized_robustness,404,3,0.9966737828573248
tcn,bandpass,10,independent_rms,all,ap_CD,normalized_robustness,505,3,0.9933561155884257
tcn,bandpass,10,independent_rms,all,ap_HYP,absolute,101,3,0.6726312242592928
tcn,bandpass,10,independent_rms,all,ap_HYP,absolute,202,3,0.6721541907501578
tcn,bandpass,10,independent_rms,all,ap_HYP,absolute,303,3,0.6720805276182493
tcn,bandpass,10,independent_rms,all,ap_HYP,absolute,404,3,0.6741619200248422
tcn,bandpass,10,independent_rms,all,ap_HYP,absolute,505,3,0.673320107357669
tcn,bandpass,10,independent_rms,all,ap_HYP,clean_drop,101,3,-0.0011432864419202253
tcn,bandpass,10,independent_rms,all,ap_HYP,clean_drop,202,3,-0.0006662529327852903
tcn,bandpass,10,independent_rms,all,ap_HYP,clean_drop,303,3,-0.0005925898008769156
tcn,bandpass,10,independent_rms,all,ap_HYP,clean_drop,404,3,-0.002673982207469764
tcn,bandpass,10,independent_rms,all,ap_HYP,clean_drop,505,3,-0.0018321695402966354
tcn,bandpass,10,independent_rms,all,ap_HYP,normalized_robustness,101,3,1.0017006623739946
tcn,bandpass,10,independent_rms,all,ap_HYP,normalized_robustness,202,3,1.001013339430289
tcn,bandpass,10,independent_rms,all,ap_HYP,normalized_robustness,303,3,1.000903087226295
tcn,bandpass,10,independent_rms,all,ap_HYP,normalized_robustness,404,3,1.0040100616122278
tcn,bandpass,10,independent_rms,all,ap_HYP,normalized_robustness,505,3,1.0027413745992193
tcn,bandpass,10,independent_rms,all,ap_MI,absolute,101,3,0.7855692228574526
tcn,bandpass,10,independent_rms,all,ap_MI,absolute,202,3,0.7863757756170267
tcn,bandpass,10,independent_rms,all,ap_MI,absolute,303,3,0.7869312262885101
tcn,bandpass,10,independent_rms,all,ap_MI,absolute,404,3,0.7868979500909687
tcn,bandpass,10,independent_rms,all,ap_MI,absolute,505,3,0.7843215584150586
tcn,bandpass,10,independent_rms,all,ap_MI,clean_drop,101,3,0.008763589930215384
tcn,bandpass,10,independent_rms,all,ap_MI,clean_drop,202,3,0.007957037170641224
tcn,bandpass,10,independent_rms,all,ap_MI,clean_drop,303,3,0.0074015864991578235
tcn,bandpass,10,independent_rms,all,ap_MI,clean_drop,404,3,0.007434862696699129
tcn,bandpass,10,independent_rms,all,ap_MI,clean_drop,505,3,0.010011254372609338
tcn,bandpass,10,independent_rms,all,ap_MI,normalized_robustness,101,3,0.9889686849322453
tcn,bandpass,10,independent_rms,all,ap_MI,normalized_robustness,202,3,0.9900085497042054
tcn,bandpass,10,independent_rms,all,ap_MI,normalized_robustness,303,3,0.9906968819230628
tcn,bandpass,10,independent_rms,all,ap_MI,normalized_robustness,404,3,0.9906565324344103
tcn,bandpass,10,independent_rms,all,ap_MI,normalized_robustness,505,3,0.9874125977127622
tcn,bandpass,10,independent_rms,all,ap_NORM,absolute,101,3,0.919558971259527
tcn,bandpass,10,independent_rms,all,ap_NORM,absolute,202,3,0.9199278692334878
tcn,bandpass,10,independent_rms,all,ap_NORM,absolute,303,3,0.9186737632012547
tcn,bandpass,10,independent_rms,all,ap_NORM,absolute,404,3,0.918915740389243
tcn,bandpass,10,independent_rms,all,ap_NORM,absolute,505,3,0.9189367677716361
tcn,bandpass,10,independent_rms,all,ap_NORM,clean_drop,101,3,0.0040978708384772355
tcn,bandpass,10,independent_rms,all,ap_NORM,clean_drop,202,3,0.0037289728645164924
tcn,bandpass,10,independent_rms,all,ap_NORM,clean_drop,303,3,0.004983078896749611
tcn,bandpass,10,independent_rms,all,ap_NORM,clean_drop,404,3,0.004741101708761297
tcn,bandpass,10,independent_rms,all,ap_NORM,clean_drop,505,3,0.004720074326368155
tcn,bandpass,10,independent_rms,all,ap_NORM,normalized_robustness,101,3,0.9955615226878263
tcn,bandpass,10,independent_rms,all,ap_NORM,normalized_robustness,202,3,0.9959596384059332
tcn,bandpass,10,independent_rms,all,ap_NORM,normalized_robustness,303,3,0.9946017398048325
tcn,bandpass,10,independent_rms,all,ap_NORM,normalized_robustness,404,3,0.9948641852912096
tcn,bandpass,10,independent_rms,all,ap_NORM,normalized_robustness,505,3,0.99488612062635
tcn,bandpass,10,independent_rms,all,ap_STTC,absolute,101,3,0.8205274880720271
tcn,bandpass,10,independent_rms,all,ap_STTC,absolute,202,3,0.8219050866267757
tcn,bandpass,10,independent_rms,all,ap_STTC,absolute,303,3,0.8203280512178788
tcn,bandpass,10,independent_rms,all,ap_STTC,absolute,404,3,0.8187922358563782
tcn,bandpass,10,independent_rms,all,ap_STTC,absolute,505,3,0.8183432267590293
tcn,bandpass,10,independent_rms,all,ap_STTC,clean_drop,101,3,-0.0002646432597165349
tcn,bandpass,10,independent_rms,all,ap_STTC,clean_drop,202,3,-0.0016422418144653357
tcn,bandpass,10,independent_rms,all,ap_STTC,clean_drop,303,3,-6.520640556813746e-05
tcn,bandpass,10,independent_rms,all,ap_STTC,clean_drop,404,3,0.0014706089559324287
tcn,bandpass,10,independent_rms,all,ap_STTC,clean_drop,505,3,0.0019196180532814096
tcn,bandpass,10,independent_rms,all,ap_STTC,normalized_robustness,101,3,1.0003479289915977
tcn,bandpass,10,independent_rms,all,ap_STTC,normalized_robustness,202,3,1.0020223144586384
tcn,bandpass,10,independent_rms,all,ap_STTC,normalized_robustness,303,3,1.0001055354903439
tcn,bandpass,10,independent_rms,all,ap_STTC,normalized_robustness,404,3,0.9982324216981745
tcn,bandpass,10,independent_rms,all,ap_STTC,normalized_robustness,505,3,0.9976798478507871
tcn,bandpass,10,independent_rms,all,auroc_CD,absolute,101,3,0.9104836283529366
tcn,bandpass,10,independent_rms,all,auroc_CD,absolute,202,3,0.9100299386669771
tcn,bandpass,10,independent_rms,all,auroc_CD,absolute,303,3,0.9101896600804835
tcn,bandpass,10,independent_rms,all,auroc_CD,absolute,404,3,0.9105636912386942
tcn,bandpass,10,independent_rms,all,auroc_CD,absolute,505,3,0.9101338586752584
tcn,bandpass,10,independent_rms,all,auroc_CD,clean_drop,101,3,0.002274918157938899
tcn,bandpass,10,independent_rms,all,auroc_CD,clean_drop,202,3,0.0027286078438983896
tcn,bandpass,10,independent_rms,all,auroc_CD,clean_drop,303,3,0.0025688864303920664
tcn,bandpass,10,independent_rms,all,auroc_CD,clean_drop,404,3,0.0021948552721813286
tcn,bandpass,10,independent_rms,all,auroc_CD,clean_drop,505,3,0.002624687835617164
tcn,bandpass,10,independent_rms,all,auroc_CD,normalized_robustness,101,3,0.997510580447163
tcn,bandpass,10,independent_rms,all,auroc_CD,normalized_robustness,202,3,0.9970150524748643
tcn,bandpass,10,independent_rms,all,auroc_CD,normalized_robustness,303,3,0.9971884699334086
tcn,bandpass,10,independent_rms,all,auroc_CD,normalized_robustness,404,3,0.9976008913338807
tcn,bandpass,10,independent_rms,all,auroc_CD,normalized_robustness,505,3,0.9971265763661981
tcn,bandpass,10,independent_rms,all,auroc_HYP,absolute,101,3,0.896382232314448
tcn,bandpass,10,independent_rms,all,auroc_HYP,absolute,202,3,0.8957856905122341
tcn,bandpass,10,independent_rms,all,auroc_HYP,absolute,303,3,0.8947207728068198
tcn,bandpass,10,independent_rms,all,auroc_HYP,absolute,404,3,0.8968452400124542
tcn,bandpass,10,independent_rms,all,auroc_HYP,absolute,505,3,0.8966043418043611
tcn,bandpass,10,independent_rms,all,auroc_HYP,clean_drop,101,3,0.0007502066759000151
tcn,bandpass,10,independent_rms,all,auroc_HYP,clean_drop,202,3,0.0013467484781138535
tcn,bandpass,10,independent_rms,all,auroc_HYP,clean_drop,303,3,0.0024116661835282085
tcn,bandpass,10,independent_rms,all,auroc_HYP,clean_drop,404,3,0.0002871989778937915
tcn,bandpass,10,independent_rms,all,auroc_HYP,clean_drop,505,3,0.0005280971859869347
tcn,bandpass,10,independent_rms,all,auroc_HYP,normalized_robustness,101,3,0.9991701252477841
tcn,bandpass,10,independent_rms,all,auroc_HYP,normalized_robustness,202,3,0.9985045130308006
tcn,bandpass,10,independent_rms,all,auroc_HYP,normalized_robustness,303,3,0.9973141367554134
tcn,bandpass,10,independent_rms,all,auroc_HYP,normalized_robustness,404,3,0.9996837579855414
tcn,bandpass,10,independent_rms,all,auroc_HYP,normalized_robustness,505,3,0.9994190519066214
tcn,bandpass,10,independent_rms,all,auroc_MI,absolute,101,3,0.9043913010704054
tcn,bandpass,10,independent_rms,all,auroc_MI,absolute,202,3,0.9050124378109451
tcn,bandpass,10,independent_rms,all,auroc_MI,absolute,303,3,0.9058585858585858
tcn,bandpass,10,independent_rms,all,auroc_MI,absolute,404,3,0.9052457409920097
tcn,bandpass,10,independent_rms,all,auroc_MI,absolute,505,3,0.9041489522086535
tcn,bandpass,10,independent_rms,all,auroc_MI,clean_drop,101,3,0.005226895823910819
tcn,bandpass,10,independent_rms,all,auroc_MI,clean_drop,202,3,0.004605759083371057
tcn,bandpass,10,independent_rms,all,auroc_MI,clean_drop,303,3,0.0037596110357305257
tcn,bandpass,10,independent_rms,all,auroc_MI,clean_drop,404,3,0.004372455902306616
tcn,bandpass,10,independent_rms,all,auroc_MI,clean_drop,505,3,0.005469244685662604
tcn,bandpass,10,independent_rms,all,auroc_MI,normalized_robustness,101,3,0.9942511559030857
tcn,bandpass,10,independent_rms,all,auroc_MI,normalized_robustness,202,3,0.9949366839288206
tcn,bandpass,10,independent_rms,all,auroc_MI,normalized_robustness,303,3,0.9958670594039855
tcn,bandpass,10,independent_rms,all,auroc_MI,normalized_robustness,404,3,0.995194204076404
tcn,bandpass,10,independent_rms,all,auroc_MI,normalized_robustness,505,3,0.9939878755909278
tcn,bandpass,10,independent_rms,all,auroc_NORM,absolute,101,3,0.9392035291851504
tcn,bandpass,10,independent_rms,all,auroc_NORM,absolute,202,3,0.9398824860131708
tcn,bandpass,10,independent_rms,all,auroc_NORM,absolute,303,3,0.9393330060205282
tcn,bandpass,10,independent_rms,all,auroc_NORM,absolute,404,3,0.9392671089734398
tcn,bandpass,10,independent_rms,all,auroc_NORM,absolute,505,3,0.9394727656918248
tcn,bandpass,10,independent_rms,all,auroc_NORM,clean_drop,101,3,0.004012768095980908
tcn,bandpass,10,independent_rms,all,auroc_NORM,clean_drop,202,3,0.003333811267960581
tcn,bandpass,10,independent_rms,all,auroc_NORM,clean_drop,303,3,0.0038832912606032353
tcn,bandpass,10,independent_rms,all,auroc_NORM,clean_drop,404,3,0.0039491883076914576
tcn,bandpass,10,independent_rms,all,auroc_NORM,clean_drop,505,3,0.0037435315893065515
tcn,bandpass,10,independent_rms,all,auroc_NORM,normalized_robustness,101,3,0.9957454975123321
tcn,bandpass,10,independent_rms,all,auroc_NORM,normalized_robustness,202,3,0.9964653273961748
tcn,bandpass,10,independent_rms,all,auroc_NORM,normalized_robustness,303,3,0.995882832939993
tcn,bandpass,10,independent_rms,all,auroc_NORM,normalized_robustness,404,3,0.9958128618829529
tcn,bandpass,10,independent_rms,all,auroc_NORM,normalized_robustness,505,3,0.996030883431324
tcn,bandpass,10,independent_rms,all,auroc_STTC,absolute,101,3,0.9310049006675835
tcn,bandpass,10,independent_rms,all,auroc_STTC,absolute,202,3,0.930938458886803
tcn,bandpass,10,independent_rms,all,auroc_STTC,absolute,303,3,0.9312300210542279
tcn,bandpass,10,independent_rms,all,auroc_STTC,absolute,404,3,0.9299887322556476
tcn,bandpass,10,independent_rms,all,auroc_STTC,absolute,505,3,0.9299293254869497
tcn,bandpass,10,independent_rms,all,auroc_STTC,clean_drop,101,3,0.0005729626507301836
tcn,bandpass,10,independent_rms,all,auroc_STTC,clean_drop,202,3,0.0006394044315105226
tcn,bandpass,10,independent_rms,all,auroc_STTC,clean_drop,303,3,0.0003478422640857959
tcn,bandpass,10,independent_rms,all,auroc_STTC,clean_drop,404,3,0.0015891310626658939
tcn,bandpass,10,independent_rms,all,auroc_STTC,clean_drop,505,3,0.001648537831363872
tcn,bandpass,10,independent_rms,all,auroc_STTC,normalized_robustness,101,3,0.9993898487766367
tcn,bandpass,10,independent_rms,all,auroc_STTC,normalized_robustness,202,3,0.9993175462685205
tcn,bandpass,10,independent_rms,all,auroc_STTC,normalized_robustness,303,3,0.9996304508363859
tcn,bandpass,10,independent_rms,all,auroc_STTC,normalized_robustness,404,3,0.998298374145926
tcn,bandpass,10,independent_rms,all,auroc_STTC,normalized_robustness,505,3,0.9982343928678857
tcn,bandpass,10,independent_rms,all,brier,absolute,101,3,0.0911735519766807
tcn,bandpass,10,independent_rms,all,brier,absolute,202,3,0.0906653652588526
tcn,bandpass,10,independent_rms,all,brier,absolute,303,3,0.0906127095222473
tcn,bandpass,10,independent_rms,all,brier,absolute,404,3,0.09084701538085933
tcn,bandpass,10,independent_rms,all,brier,absolute,505,3,0.09115017205476754
tcn,bandpass,10,independent_rms,all,clean_agreement,absolute,101,3,0.9660488106271239
tcn,bandpass,10,independent_rms,all,clean_agreement,absolute,202,3,0.9674389867160951
tcn,bandpass,10,independent_rms,all,clean_agreement,absolute,303,3,0.9667902378745752
tcn,bandpass,10,independent_rms,all,clean_agreement,absolute,404,3,0.966975594686438
tcn,bandpass,10,independent_rms,all,clean_agreement,absolute,505,3,0.9664504170528266
tcn,bandpass,10,independent_rms,all,ece,absolute,101,3,0.04299890241209627
tcn,bandpass,10,independent_rms,all,ece,absolute,202,3,0.042459725788260676
tcn,bandpass,10,independent_rms,all,ece,absolute,303,3,0.0433367890472402
tcn,bandpass,10,independent_rms,all,ece,absolute,404,3,0.042232474182888564
tcn,bandpass,10,independent_rms,all,ece,absolute,505,3,0.04375226612078814
tcn,bandpass,10,independent_rms,all,f1_CD,absolute,101,3,0.7398222647584055
tcn,bandpass,10,independent_rms,all,f1_CD,absolute,202,3,0.7429210134321997
tcn,bandpass,10,independent_rms,all,f1_CD,absolute,303,3,0.7438833780024631
tcn,bandpass,10,independent_rms,all,f1_CD,absolute,404,3,0.7482362285001775
tcn,bandpass,10,independent_rms,all,f1_CD,absolute,505,3,0.739739353946668
tcn,bandpass,10,independent_rms,all,f1_CD,clean_drop,101,3,0.0040542186898553005
tcn,bandpass,10,independent_rms,all,f1_CD,clean_drop,202,3,0.0009554700160610737
tcn,bandpass,10,independent_rms,all,f1_CD,clean_drop,303,3,-6.894554202293198e-06
tcn,bandpass,10,independent_rms,all,f1_CD,clean_drop,404,3,-0.004359745051916682
tcn,bandpass,10,independent_rms,all,f1_CD,clean_drop,505,3,0.004137129501592877
tcn,bandpass,10,independent_rms,all,f1_CD,normalized_robustness,101,3,0.9945095089272037
tcn,bandpass,10,independent_rms,all,f1_CD,normalized_robustness,202,3,0.9987376426714046
tcn,bandpass,10,independent_rms,all,f1_CD,normalized_robustness,303,3,1.0000047187762713
tcn,bandpass,10,independent_rms,all,f1_CD,normalized_robustness,404,3,1.0058628082951342
tcn,bandpass,10,independent_rms,all,f1_CD,normalized_robustness,505,3,0.9944442966012582
tcn,bandpass,10,independent_rms,all,f1_HYP,absolute,101,3,0.6044216629014416
tcn,bandpass,10,independent_rms,all,f1_HYP,absolute,202,3,0.6064977217110076
tcn,bandpass,10,independent_rms,all,f1_HYP,absolute,303,3,0.6068325618852234
tcn,bandpass,10,independent_rms,all,f1_HYP,absolute,404,3,0.6115770108594664
tcn,bandpass,10,independent_rms,all,f1_HYP,absolute,505,3,0.6138814558692683
tcn,bandpass,10,independent_rms,all,f1_HYP,clean_drop,101,3,0.00898552129892268
tcn,bandpass,10,independent_rms,all,f1_HYP,clean_drop,202,3,0.006909462489356681
tcn,bandpass,10,independent_rms,all,f1_HYP,clean_drop,303,3,0.006574622315140981
tcn,bandpass,10,independent_rms,all,f1_HYP,clean_drop,404,3,0.001830173340897893
tcn,bandpass,10,independent_rms,all,f1_HYP,clean_drop,505,3,-0.00047427166890401384
tcn,bandpass,10,independent_rms,all,f1_HYP,normalized_robustness,101,3,0.9859158623191554
tcn,bandpass,10,independent_rms,all,f1_HYP,normalized_robustness,202,3,0.9891644584942494
tcn,bandpass,10,independent_rms,all,f1_HYP,normalized_robustness,303,3,0.9903180556500789
tcn,bandpass,10,independent_rms,all,f1_HYP,normalized_robustness,404,3,0.998111027927529
tcn,bandpass,10,independent_rms,all,f1_HYP,normalized_robustness,505,3,1.0017592325502003
tcn,bandpass,10,independent_rms,all,f1_MI,absolute,101,3,0.7012911959734843
tcn,bandpass,10,independent_rms,all,f1_MI,absolute,202,3,0.7070432209917916
tcn,bandpass,10,independent_rms,all,f1_MI,absolute,303,3,0.7073672760670672
tcn,bandpass,10,independent_rms,all,f1_MI,absolute,404,3,0.7106928495894014
tcn,bandpass,10,independent_rms,all,f1_MI,absolute,505,3,0.7035818557543131
tcn,bandpass,10,independent_rms,all,f1_MI,clean_drop,101,3,0.013417709079394288
tcn,bandpass,10,independent_rms,all,f1_MI,clean_drop,202,3,0.0076656840610870676
tcn,bandpass,10,independent_rms,all,f1_MI,clean_drop,303,3,0.007341628985811329
tcn,bandpass,10,independent_rms,all,f1_MI,clean_drop,404,3,0.004016055463477275
tcn,bandpass,10,independent_rms,all,f1_MI,clean_drop,505,3,0.011127049298565525
tcn,bandpass,10,independent_rms,all,f1_MI,normalized_robustness,101,3,0.9812619532270542
tcn,bandpass,10,independent_rms,all,f1_MI,normalized_robustness,202,3,0.9893223935695198
tcn,bandpass,10,independent_rms,all,f1_MI,normalized_robustness,303,3,0.9897525933928053
tcn,bandpass,10,independent_rms,all,f1_MI,normalized_robustness,404,3,0.9943953708991272
tcn,bandpass,10,independent_rms,all,f1_MI,normalized_robustness,505,3,0.98446029792688
tcn,bandpass,10,independent_rms,all,f1_NORM,absolute,101,3,0.84516510829532
tcn,bandpass,10,independent_rms,all,f1_NORM,absolute,202,3,0.8514964370459577
tcn,bandpass,10,independent_rms,all,f1_NORM,absolute,303,3,0.8480335726415218
tcn,bandpass,10,independent_rms,all,f1_NORM,absolute,404,3,0.848205878743102
tcn,bandpass,10,independent_rms,all,f1_NORM,absolute,505,3,0.8491254569788107
tcn,bandpass,10,independent_rms,all,f1_NORM,clean_drop,101,3,0.012530922571759917
tcn,bandpass,10,independent_rms,all,f1_NORM,clean_drop,202,3,0.006199593821122155
tcn,bandpass,10,independent_rms,all,f1_NORM,clean_drop,303,3,0.009662458225558149
tcn,bandpass,10,independent_rms,all,f1_NORM,clean_drop,404,3,0.009490152123977746
tcn,bandpass,10,independent_rms,all,f1_NORM,clean_drop,505,3,0.008570573888269132
tcn,bandpass,10,independent_rms,all,f1_NORM,normalized_robustness,101,3,0.9853901942127702
tcn,bandpass,10,independent_rms,all,f1_NORM,normalized_robustness,202,3,0.9927719358809487
tcn,bandpass,10,independent_rms,all,f1_NORM,normalized_robustness,303,3,0.9887343968253558
tcn,bandpass,10,independent_rms,all,f1_NORM,normalized_robustness,404,3,0.9889295408978457
tcn,bandpass,10,independent_rms,all,f1_NORM,normalized_robustness,505,3,0.9900045249506194
tcn,bandpass,10,independent_rms,all,f1_STTC,absolute,101,3,0.7439130889513534
tcn,bandpass,10,independent_rms,all,f1_STTC,absolute,202,3,0.7455407338809579
tcn,bandpass,10,independent_rms,all,f1_STTC,absolute,303,3,0.7437581252863338
tcn,bandpass,10,independent_rms,all,f1_STTC,absolute,404,3,0.741268101877432
tcn,bandpass,10,independent_rms,all,f1_STTC,absolute,505,3,0.7412081500527375
tcn,bandpass,10,independent_rms,all,f1_STTC,clean_drop,101,3,0.02932195226802244
tcn,bandpass,10,independent_rms,all,f1_STTC,clean_drop,202,3,0.027694307338418045
tcn,bandpass,10,independent_rms,all,f1_STTC,clean_drop,303,3,0.029476915933042136
tcn,bandpass,10,independent_rms,all,f1_STTC,clean_drop,404,3,0.03196693934194391
tcn,bandpass,10,independent_rms,all,f1_STTC,clean_drop,505,3,0.03202689116663834
tcn,bandpass,10,independent_rms,all,f1_STTC,normalized_robustness,101,3,0.9621009176442605
tcn,bandpass,10,independent_rms,all,f1_STTC,normalized_robustness,202,3,0.9641965050793567
tcn,bandpass,10,independent_rms,all,f1_STTC,normalized_robustness,303,3,0.9618981567597006
tcn,bandpass,10,independent_rms,all,f1_STTC,normalized_robustness,404,3,0.9586871666655515
tcn,bandpass,10,independent_rms,all,f1_STTC,normalized_robustness,505,3,0.9585858823521591
tcn,bandpass,10,independent_rms,all,macro_ap,absolute,101,3,0.8056762472909146
tcn,bandpass,10,independent_rms,all,macro_ap,absolute,202,3,0.8063017973533212
tcn,bandpass,10,independent_rms,all,macro_ap,absolute,303,3,0.8058467960359148
tcn,bandpass,10,independent_rms,all,macro_ap,absolute,404,3,0.8062062163140875
tcn,bandpass,10,independent_rms,all,macro_ap,absolute,505,3,0.8048835592943755
tcn,bandpass,10,independent_rms,all,macro_ap,clean_drop,101,3,0.0032814203596983615
tcn,bandpass,10,independent_rms,all,macro_ap,clean_drop,202,3,0.0026558702972916404
tcn,bandpass,10,independent_rms,all,macro_ap,clean_drop,303,3,0.0031108716146981408
tcn,bandpass,10,independent_rms,all,macro_ap,clean_drop,404,3,0.0027514513365254714
tcn,bandpass,10,independent_rms,all,macro_ap,clean_drop,505,3,0.004074108356237449
tcn,bandpass,10,independent_rms,all,macro_ap,normalized_robustness,101,3,0.9959391479912707
tcn,bandpass,10,independent_rms,all,macro_ap,normalized_robustness,202,3,0.9967153641839711
tcn,bandpass,10,independent_rms,all,macro_ap,normalized_robustness,303,3,0.9961509913351331
tcn,bandpass,10,independent_rms,all,macro_ap,normalized_robustness,404,3,0.9965970942817443
tcn,bandpass,10,independent_rms,all,macro_ap,normalized_robustness,505,3,0.9949635484977873
tcn,bandpass,10,independent_rms,all,macro_auroc,absolute,101,3,0.9162931183181048
tcn,bandpass,10,independent_rms,all,macro_auroc,absolute,202,3,0.9163298023780261
tcn,bandpass,10,independent_rms,all,macro_auroc,absolute,303,3,0.9162664091641289
tcn,bandpass,10,independent_rms,all,macro_auroc,absolute,404,3,0.916382102694449
tcn,bandpass,10,independent_rms,all,macro_auroc,absolute,505,3,0.9160578487734096
tcn,bandpass,10,independent_rms,all,macro_auroc,clean_drop,101,3,0.0025675502808920614
tcn,bandpass,10,independent_rms,all,macro_auroc,clean_drop,202,3,0.0025308662209708364
tcn,bandpass,10,independent_rms,all,macro_auroc,clean_drop,303,3,0.0025942594348679813
tcn,bandpass,10,independent_rms,all,macro_auroc,clean_drop,404,3,0.002478565904547906
tcn,bandpass,10,independent_rms,all,macro_auroc,clean_drop,505,3,0.002802819825587388
tcn,bandpass,10,independent_rms,all,macro_auroc,normalized_robustness,101,3,0.9972055916417766
tcn,bandpass,10,independent_rms,all,macro_auroc,normalized_robustness,202,3,0.997246148397387
tcn,bandpass,10,independent_rms,all,macro_auroc,normalized_robustness,303,3,0.9971763746402976
tcn,bandpass,10,independent_rms,all,macro_auroc,normalized_robustness,404,3,0.9973026353835156
tcn,bandpass,10,independent_rms,all,macro_auroc,normalized_robustness,505,3,0.9969501484262855
tcn,bandpass,10,independent_rms,all,macro_f1,absolute,101,3,0.7269226641760009
tcn,bandpass,10,independent_rms,all,macro_f1,absolute,202,3,0.7306998254123829
tcn,bandpass,10,independent_rms,all,macro_f1,absolute,303,3,0.7299749827765218
tcn,bandpass,10,independent_rms,all,macro_f1,absolute,404,3,0.7319960139139159
tcn,bandpass,10,independent_rms,all,macro_f1,absolute,505,3,0.7295072545203595
tcn,bandpass,10,independent_rms,all,macro_f1,clean_drop,101,3,0.013662064781590969
tcn,bandpass,10,independent_rms,all,macro_f1,clean_drop,202,3,0.009884903545209026
tcn,bandpass,10,independent_rms,all,macro_f1,clean_drop,303,3,0.01060974618107006
tcn,bandpass,10,independent_rms,all,macro_f1,clean_drop,404,3,0.00858871504367605
tcn,bandpass,10,independent_rms,all,macro_f1,clean_drop,505,3,0.011077474437232393
tcn,bandpass,10,independent_rms,all,macro_f1,normalized_robustness,101,3,0.9816046492192214
tcn,bandpass,10,independent_rms,all,macro_f1,normalized_robustness,202,3,0.9867317349624903
tcn,bandpass,10,independent_rms,all,macro_f1,normalized_robustness,303,3,0.9857592021728482
tcn,bandpass,10,independent_rms,all,macro_f1,normalized_robustness,404,3,0.9885013738869893
tcn,bandpass,10,independent_rms,all,macro_f1,normalized_robustness,505,3,0.9851254512007022
tcn,bandpass,10,independent_rms,all,mean_confidence,absolute,101,3,0.8961194554964701
tcn,bandpass,10,independent_rms,all,mean_confidence,absolute,202,3,0.8962996006011963
tcn,bandpass,10,independent_rms,all,mean_confidence,absolute,303,3,0.8960235118865967
tcn,bandpass,10,independent_rms,all,mean_confidence,absolute,404,3,0.8960365653038025
tcn,bandpass,10,independent_rms,all,mean_confidence,absolute,505,3,0.8962483008702596
tcn,bandpass,10,independent_rms,all,mean_entropy,absolute,101,3,0.25289664482547636
tcn,bandpass,10,independent_rms,all,mean_entropy,absolute,202,3,0.25253009410711263
tcn,bandpass,10,independent_rms,all,mean_entropy,absolute,303,3,0.2528590676669542
tcn,bandpass,10,independent_rms,all,mean_entropy,absolute,404,3,0.2530813652746174
tcn,bandpass,10,independent_rms,all,mean_entropy,absolute,505,3,0.2526575452157906
tcn,bandpass,10,independent_rms,all,mean_loss,absolute,101,3,0.2986138741324939
tcn,bandpass,10,independent_rms,all,mean_loss,absolute,202,3,0.2977012300594706
tcn,bandpass,10,independent_rms,all,mean_loss,absolute,303,3,0.2978348578225358
tcn,bandpass,10,independent_rms,all,mean_loss,absolute,404,3,0.2979000021359015
tcn,bandpass,10,independent_rms,all,mean_loss,absolute,505,3,0.2989515161605924
tcn,bandpass,10,independent_rms,all,micro_ap,absolute,101,3,0.839948866765762
tcn,bandpass,10,independent_rms,all,micro_ap,absolute,202,3,0.840864641628885
tcn,bandpass,10,independent_rms,all,micro_ap,absolute,303,3,0.8403019773308166
tcn,bandpass,10,independent_rms,all,micro_ap,absolute,404,3,0.8404377251128382
tcn,bandpass,10,independent_rms,all,micro_ap,absolute,505,3,0.8393425926979954
tcn,bandpass,10,independent_rms,all,micro_auroc,absolute,101,3,0.926090382731786
tcn,bandpass,10,independent_rms,all,micro_auroc,absolute,202,3,0.9263586789725129
tcn,bandpass,10,independent_rms,all,micro_auroc,absolute,303,3,0.9263652917766215
tcn,bandpass,10,independent_rms,all,micro_auroc,absolute,404,3,0.926333623460784
tcn,bandpass,10,independent_rms,all,micro_auroc,absolute,505,3,0.9259425947699912
tcn,bandpass,10,independent_rms,all,micro_f1,absolute,101,3,0.7535492495245285
tcn,bandpass,10,independent_rms,all,micro_f1,absolute,202,3,0.7580294677376832
tcn,bandpass,10,independent_rms,all,micro_f1,absolute,303,3,0.7566627365366605
tcn,bandpass,10,independent_rms,all,micro_f1,absolute,404,3,0.7582514286014788
tcn,bandpass,10,independent_rms,all,micro_f1,absolute,505,3,0.7557716719661883
tcn,bandpass,10,independent_rms,all,probability_shift,absolute,101,3,0.03023359489937617
tcn,bandpass,10,independent_rms,all,probability_shift,absolute,202,3,0.029580577587087934
tcn,bandpass,10,independent_rms,all,probability_shift,absolute,303,3,0.0300667025148868
tcn,bandpass,10,independent_rms,all,probability_shift,absolute,404,3,0.030069085458914402
tcn,bandpass,10,independent_rms,all,probability_shift,absolute,505,3,0.030209196731448135
tcn,bandpass,10,marginal_shift,all,ap_CD,absolute,101,3,0.831199816498415
tcn,bandpass,10,marginal_shift,all,ap_CD,absolute,202,3,0.8312941923784579
tcn,bandpass,10,marginal_shift,all,ap_CD,absolute,303,3,0.8299011942670539
tcn,bandpass,10,marginal_shift,all,ap_CD,absolute,404,3,0.8298884593167353
tcn,bandpass,10,marginal_shift,all,ap_CD,absolute,505,3,0.8310419095078411
tcn,bandpass,10,marginal_shift,all,ap_CD,clean_drop,101,3,0.0038480842392943915
tcn,bandpass,10,marginal_shift,all,ap_CD,clean_drop,202,3,0.00375370835925141
tcn,bandpass,10,marginal_shift,all,ap_CD,clean_drop,303,3,0.005146706470655589
tcn,bandpass,10,marginal_shift,all,ap_CD,clean_drop,404,3,0.005159441420974242
tcn,bandpass,10,marginal_shift,all,ap_CD,clean_drop,505,3,0.00400599122986837
tcn,bandpass,10,marginal_shift,all,ap_CD,normalized_robustness,101,3,0.9953988928071552
tcn,bandpass,10,marginal_shift,all,ap_CD,normalized_robustness,202,3,0.9955179307787242
tcn,bandpass,10,marginal_shift,all,ap_CD,normalized_robustness,303,3,0.9938388010164378
tcn,bandpass,10,marginal_shift,all,ap_CD,normalized_robustness,404,3,0.9938272200442628
tcn,bandpass,10,marginal_shift,all,ap_CD,normalized_robustness,505,3,0.9952162759520234
tcn,bandpass,10,marginal_shift,all,ap_HYP,absolute,101,3,0.6751887562470918
tcn,bandpass,10,marginal_shift,all,ap_HYP,absolute,202,3,0.6717409075457369
tcn,bandpass,10,marginal_shift,all,ap_HYP,absolute,303,3,0.6729364478274164
tcn,bandpass,10,marginal_shift,all,ap_HYP,absolute,404,3,0.6712753433599509
tcn,bandpass,10,marginal_shift,all,ap_HYP,absolute,505,3,0.6745071024634264
tcn,bandpass,10,marginal_shift,all,ap_HYP,clean_drop,101,3,-0.003700818429719366
tcn,bandpass,10,marginal_shift,all,ap_HYP,clean_drop,202,3,-0.0002529697283644161
tcn,bandpass,10,marginal_shift,all,ap_HYP,clean_drop,303,3,-0.0014485100100438315
tcn,bandpass,10,marginal_shift,all,ap_HYP,clean_drop,404,3,0.00021259445742153696
tcn,bandpass,10,marginal_shift,all,ap_HYP,clean_drop,505,3,-0.0030191646460540067
tcn,bandpass,10,marginal_shift,all,ap_HYP,normalized_robustness,101,3,1.0055417605692465
tcn,bandpass,10,marginal_shift,all,ap_HYP,normalized_robustness,202,3,1.0003844456642461
tcn,bandpass,10,marginal_shift,all,ap_HYP,normalized_robustness,303,3,1.0021772261754454
tcn,bandpass,10,marginal_shift,all,ap_HYP,normalized_robustness,404,3,0.9996974125869027
tcn,bandpass,10,marginal_shift,all,ap_HYP,normalized_robustness,505,3,1.0045199189330578
tcn,bandpass,10,marginal_shift,all,ap_MI,absolute,101,3,0.7858091463600271
tcn,bandpass,10,marginal_shift,all,ap_MI,absolute,202,3,0.7858532114541145
tcn,bandpass,10,marginal_shift,all,ap_MI,absolute,303,3,0.7872222930668548
tcn,bandpass,10,marginal_shift,all,ap_MI,absolute,404,3,0.7844473648289517
tcn,bandpass,10,marginal_shift,all,ap_MI,absolute,505,3,0.787206223044211
tcn,bandpass,10,marginal_shift,all,ap_MI,clean_drop,101,3,0.008523666427640833
tcn,bandpass,10,marginal_shift,all,ap_MI,clean_drop,202,3,0.00847960133355341
tcn,bandpass,10,marginal_shift,all,ap_MI,clean_drop,303,3,0.0071105197208131505
tcn,bandpass,10,marginal_shift,all,ap_MI,clean_drop,404,3,0.009885447958716117
tcn,bandpass,10,marginal_shift,all,ap_MI,clean_drop,505,3,0.007126589743457035
tcn,bandpass,10,marginal_shift,all,ap_MI,normalized_robustness,101,3,0.9892797277983787
tcn,bandpass,10,marginal_shift,all,ap_MI,normalized_robustness,202,3,0.98935209121814
tcn,bandpass,10,marginal_shift,all,ap_MI,normalized_robustness,303,3,0.9910562907827593
tcn,bandpass,10,marginal_shift,all,ap_MI,normalized_robustness,404,3,0.9875619714738343
tcn,bandpass,10,marginal_shift,all,ap_MI,normalized_robustness,505,3,0.9910458574279768
tcn,bandpass,10,marginal_shift,all,ap_NORM,absolute,101,3,0.9199484536583086
tcn,bandpass,10,marginal_shift,all,ap_NORM,absolute,202,3,0.9192504646968337
tcn,bandpass,10,marginal_shift,all,ap_NORM,absolute,303,3,0.9187972239773634
tcn,bandpass,10,marginal_shift,all,ap_NORM,absolute,404,3,0.9176435714282896
tcn,bandpass,10,marginal_shift,all,ap_NORM,absolute,505,3,0.9200639039865028
tcn,bandpass,10,marginal_shift,all,ap_NORM,clean_drop,101,3,0.00370838843969575
tcn,bandpass,10,marginal_shift,all,ap_NORM,clean_drop,202,3,0.004406377401170632
tcn,bandpass,10,marginal_shift,all,ap_NORM,clean_drop,303,3,0.004859618120640914
tcn,bandpass,10,marginal_shift,all,ap_NORM,clean_drop,404,3,0.006013270669714614
tcn,bandpass,10,marginal_shift,all,ap_NORM,clean_drop,505,3,0.0035929381115014833
tcn,bandpass,10,marginal_shift,all,ap_NORM,normalized_robustness,101,3,0.995982376400053
tcn,bandpass,10,marginal_shift,all,ap_NORM,normalized_robustness,202,3,0.9952261179006281
tcn,bandpass,10,marginal_shift,all,ap_NORM,normalized_robustness,303,3,0.9947333635960017
tcn,bandpass,10,marginal_shift,all,ap_NORM,normalized_robustness,404,3,0.9934878919939393
tcn,bandpass,10,marginal_shift,all,ap_NORM,normalized_robustness,505,3,0.9961093952698374
tcn,bandpass,10,marginal_shift,all,ap_STTC,absolute,101,3,0.8204321298634506
tcn,bandpass,10,marginal_shift,all,ap_STTC,absolute,202,3,0.8187042016765979
tcn,bandpass,10,marginal_shift,all,ap_STTC,absolute,303,3,0.8216364548928564
tcn,bandpass,10,marginal_shift,all,ap_STTC,absolute,404,3,0.8198156184575089
tcn,bandpass,10,marginal_shift,all,ap_STTC,absolute,505,3,0.821579445290295
tcn,bandpass,10,marginal_shift,all,ap_STTC,clean_drop,101,3,-0.00016928505114007417
tcn,bandpass,10,marginal_shift,all,ap_STTC,clean_drop,202,3,0.001558643135712856
tcn,bandpass,10,marginal_shift,all,ap_STTC,clean_drop,303,3,-0.0013736100805458544
tcn,bandpass,10,marginal_shift,all,ap_STTC,clean_drop,404,3,0.00044722635480161826
tcn,bandpass,10,marginal_shift,all,ap_STTC,clean_drop,505,3,-0.001316600477984431
tcn,bandpass,10,marginal_shift,all,ap_STTC,normalized_robustness,101,3,1.0002258419969994
tcn,bandpass,10,marginal_shift,all,ap_STTC,normalized_robustness,202,3,0.9981262658611773
tcn,bandpass,10,marginal_shift,all,ap_STTC,normalized_robustness,303,3,1.0016996183906828
tcn,bandpass,10,marginal_shift,all,ap_STTC,normalized_robustness,404,3,0.9994829987175641
tcn,bandpass,10,marginal_shift,all,ap_STTC,normalized_robustness,505,3,1.0016287137815398
tcn,bandpass,10,marginal_shift,all,auroc_CD,absolute,101,3,0.911111191982713
tcn,bandpass,10,marginal_shift,all,auroc_CD,absolute,202,3,0.9114666226725152
tcn,bandpass,10,marginal_shift,all,auroc_CD,absolute,303,3,0.9101455850575159
tcn,bandpass,10,marginal_shift,all,auroc_CD,absolute,404,3,0.9102187738571225
tcn,bandpass,10,marginal_shift,all,auroc_CD,absolute,505,3,0.9104124613433743
tcn,bandpass,10,marginal_shift,all,auroc_CD,clean_drop,101,3,0.00164735452816267
tcn,bandpass,10,marginal_shift,all,auroc_CD,clean_drop,202,3,0.0012919238383603353
tcn,bandpass,10,marginal_shift,all,auroc_CD,clean_drop,303,3,0.0026129614533597265
tcn,bandpass,10,marginal_shift,all,auroc_CD,clean_drop,404,3,0.0025397726537530843
tcn,bandpass,10,marginal_shift,all,auroc_CD,clean_drop,505,3,0.0023460851675012697
tcn,bandpass,10,marginal_shift,all,auroc_CD,normalized_robustness,101,3,0.998198995106009
tcn,bandpass,10,marginal_shift,all,auroc_CD,normalized_robustness,202,3,0.9985894648128085
tcn,bandpass,10,marginal_shift,all,auroc_CD,normalized_robustness,303,3,0.997139158039729
tcn,bandpass,10,marginal_shift,all,auroc_CD,normalized_robustness,404,3,0.9972208493123088
tcn,bandpass,10,marginal_shift,all,auroc_CD,normalized_robustness,505,3,0.9974344141888792
tcn,bandpass,10,marginal_shift,all,auroc_HYP,absolute,101,3,0.8960722184644786
tcn,bandpass,10,marginal_shift,all,auroc_HYP,absolute,202,3,0.8956078687151737
tcn,bandpass,10,marginal_shift,all,auroc_HYP,absolute,303,3,0.8955300297398568
tcn,bandpass,10,marginal_shift,all,auroc_HYP,absolute,404,3,0.8950059587077656
tcn,bandpass,10,marginal_shift,all,auroc_HYP,absolute,505,3,0.8960379961563651
tcn,bandpass,10,marginal_shift,all,auroc_HYP,clean_drop,101,3,0.0010602205258694042
tcn,bandpass,10,marginal_shift,all,auroc_HYP,clean_drop,202,3,0.0015245702751742012
tcn,bandpass,10,marginal_shift,all,auroc_HYP,clean_drop,303,3,0.0016024092504911918
tcn,bandpass,10,marginal_shift,all,auroc_HYP,clean_drop,404,3,0.0021264802825823326
tcn,bandpass,10,marginal_shift,all,auroc_HYP,clean_drop,505,3,0.001094442833982893
tcn,bandpass,10,marginal_shift,all,auroc_HYP,normalized_robustness,101,3,0.9988251263418308
tcn,bandpass,10,marginal_shift,all,auroc_HYP,normalized_robustness,202,3,0.9983084837688755
tcn,bandpass,10,marginal_shift,all,auroc_HYP,normalized_robustness,303,3,0.9982167871209496
tcn,bandpass,10,marginal_shift,all,auroc_HYP,normalized_robustness,404,3,0.997635500388987
tcn,bandpass,10,marginal_shift,all,auroc_HYP,normalized_robustness,505,3,0.9987912233735717
tcn,bandpass,10,marginal_shift,all,auroc_MI,absolute,101,3,0.9052845620382932
tcn,bandpass,10,marginal_shift,all,auroc_MI,absolute,202,3,0.9058367254635913
tcn,bandpass,10,marginal_shift,all,auroc_MI,absolute,303,3,0.9055585707824513
tcn,bandpass,10,marginal_shift,all,auroc_MI,absolute,404,3,0.9030909844715816
tcn,bandpass,10,marginal_shift,all,auroc_MI,absolute,505,3,0.9052125734961557
tcn,bandpass,10,marginal_shift,all,auroc_MI,clean_drop,101,3,0.004333634856022968
tcn,bandpass,10,marginal_shift,all,auroc_MI,clean_drop,202,3,0.0037814714307250474
tcn,bandpass,10,marginal_shift,all,auroc_MI,clean_drop,303,3,0.004059626111864871
tcn,bandpass,10,marginal_shift,all,auroc_MI,clean_drop,404,3,0.006527212422734722
tcn,bandpass,10,marginal_shift,all,auroc_MI,clean_drop,505,3,0.0044056233981606035
tcn,bandpass,10,marginal_shift,all,auroc_MI,normalized_robustness,101,3,0.995238068812189
tcn,bandpass,10,marginal_shift,all,auroc_MI,normalized_robustness,202,3,0.9958465746260758
tcn,bandpass,10,marginal_shift,all,auroc_MI,normalized_robustness,303,3,0.9955356277021892
tcn,bandpass,10,marginal_shift,all,auroc_MI,normalized_robustness,404,3,0.9928249773399141
tcn,bandpass,10,marginal_shift,all,auroc_MI,normalized_robustness,505,3,0.9951580542357186
tcn,bandpass,10,marginal_shift,all,auroc_NORM,absolute,101,3,0.9400145697646969
tcn,bandpass,10,marginal_shift,all,auroc_NORM,absolute,202,3,0.9395809527119893
tcn,bandpass,10,marginal_shift,all,auroc_NORM,absolute,303,3,0.9395285247316688
tcn,bandpass,10,marginal_shift,all,auroc_NORM,absolute,404,3,0.9386549181645573
tcn,bandpass,10,marginal_shift,all,auroc_NORM,absolute,505,3,0.9399653280152244
tcn,bandpass,10,marginal_shift,all,auroc_NORM,clean_drop,101,3,0.003201727516434475
tcn,bandpass,10,marginal_shift,all,auroc_NORM,clean_drop,202,3,0.0036353445691419406
tcn,bandpass,10,marginal_shift,all,auroc_NORM,clean_drop,303,3,0.0036877725494625833
tcn,bandpass,10,marginal_shift,all,auroc_NORM,clean_drop,404,3,0.0045613791165740976
tcn,bandpass,10,marginal_shift,all,auroc_NORM,clean_drop,505,3,0.0032509692659069556
tcn,bandpass,10,marginal_shift,all,auroc_NORM,normalized_robustness,101,3,0.9966055565342438
tcn,bandpass,10,marginal_shift,all,auroc_NORM,normalized_robustness,202,3,0.9961456078684389
tcn,bandpass,10,marginal_shift,all,auroc_NORM,normalized_robustness,303,3,0.996089611199503
tcn,bandpass,10,marginal_shift,all,auroc_NORM,normalized_robustness,404,3,0.9951639144509986
tcn,bandpass,10,marginal_shift,all,auroc_NORM,normalized_robustness,505,3,0.9965531637306578
tcn,bandpass,10,marginal_shift,all,auroc_STTC,absolute,101,3,0.9311323125530802
tcn,bandpass,10,marginal_shift,all,auroc_STTC,absolute,202,3,0.9300715890646208
tcn,bandpass,10,marginal_shift,all,auroc_STTC,absolute,303,3,0.9310897116465796
tcn,bandpass,10,marginal_shift,all,auroc_STTC,absolute,404,3,0.9304397546969453
tcn,bandpass,10,marginal_shift,all,auroc_STTC,absolute,505,3,0.9310623532662584
tcn,bandpass,10,marginal_shift,all,auroc_STTC,clean_drop,101,3,0.00044555076523348597
tcn,bandpass,10,marginal_shift,all,auroc_STTC,clean_drop,202,3,0.0015062742536928002
tcn,bandpass,10,marginal_shift,all,auroc_STTC,clean_drop,303,3,0.00048815167173392
tcn,bandpass,10,marginal_shift,all,auroc_STTC,clean_drop,404,3,0.0011381086213682796
tcn,bandpass,10,marginal_shift,all,auroc_STTC,clean_drop,505,3,0.0005155100520551903
tcn,bandpass,10,marginal_shift,all,auroc_STTC,normalized_robustness,101,3,0.9995248850601538
tcn,bandpass,10,marginal_shift,all,auroc_STTC,normalized_robustness,202,3,0.9983877905027136
tcn,bandpass,10,marginal_shift,all,auroc_STTC,normalized_robustness,303,3,0.9994801939088971
tcn,bandpass,10,marginal_shift,all,auroc_STTC,normalized_robustness,404,3,0.9987834301298633
tcn,bandpass,10,marginal_shift,all,auroc_STTC,normalized_robustness,505,3,0.9994509711094341
tcn,bandpass,10,marginal_shift,all,brier,absolute,101,3,0.09063947200775142
tcn,bandpass,10,marginal_shift,all,brier,absolute,202,3,0.0908691783746083
tcn,bandpass,10,marginal_shift,all,brier,absolute,303,3,0.09068108598391213
tcn,bandpass,10,marginal_shift,all,brier,absolute,404,3,0.09125236670176183
tcn,bandpass,10,marginal_shift,all,brier,absolute,505,3,0.0905721361438433
tcn,bandpass,10,marginal_shift,all,clean_agreement,absolute,101,3,0.9675934507259809
tcn,bandpass,10,marginal_shift,all,clean_agreement,absolute,202,3,0.9657707754093297
tcn,bandpass,10,marginal_shift,all,clean_agreement,absolute,303,3,0.9659252394192154
tcn,bandpass,10,marginal_shift,all,clean_agreement,absolute,404,3,0.9666975594686439
tcn,bandpass,10,marginal_shift,all,clean_agreement,absolute,505,3,0.9659870250231696
tcn,bandpass,10,marginal_shift,all,ece,absolute,101,3,0.04272549767415434
tcn,bandpass,10,marginal_shift,all,ece,absolute,202,3,0.042318421450941564
tcn,bandpass,10,marginal_shift,all,ece,absolute,303,3,0.04253918414887703
tcn,bandpass,10,marginal_shift,all,ece,absolute,404,3,0.043057334886769966
tcn,bandpass,10,marginal_shift,all,ece,absolute,505,3,0.042737823498202494
tcn,bandpass,10,marginal_shift,all,f1_CD,absolute,101,3,0.7436915801654682
tcn,bandpass,10,marginal_shift,all,f1_CD,absolute,202,3,0.7430777162073475
tcn,bandpass,10,marginal_shift,all,f1_CD,absolute,303,3,0.7404350226276035
tcn,bandpass,10,marginal_shift,all,f1_CD,absolute,404,3,0.7405041548951147
tcn,bandpass,10,marginal_shift,all,f1_CD,absolute,505,3,0.7422796066420752
tcn,bandpass,10,marginal_shift,all,f1_CD,clean_drop,101,3,0.00018490328279256266
tcn,bandpass,10,marginal_shift,all,f1_CD,clean_drop,202,3,0.0007987672409133598
tcn,bandpass,10,marginal_shift,all,f1_CD,clean_drop,303,3,0.003441460820657364
tcn,bandpass,10,marginal_shift,all,f1_CD,clean_drop,404,3,0.0033723285531460276
tcn,bandpass,10,marginal_shift,all,f1_CD,clean_drop,505,3,0.0015968768061855876
tcn,bandpass,10,marginal_shift,all,f1_CD,normalized_robustness,101,3,0.999789326592673
tcn,bandpass,10,marginal_shift,all,f1_CD,normalized_robustness,202,3,0.9989137422608884
tcn,bandpass,10,marginal_shift,all,f1_CD,normalized_robustness,303,3,0.9953734142122258
tcn,bandpass,10,marginal_shift,all,f1_CD,normalized_robustness,404,3,0.9954582937479253
tcn,bandpass,10,marginal_shift,all,f1_CD,normalized_robustness,505,3,0.9978806477793644
tcn,bandpass,10,marginal_shift,all,f1_HYP,absolute,101,3,0.6138130855384744
tcn,bandpass,10,marginal_shift,all,f1_HYP,absolute,202,3,0.6042065831350972
tcn,bandpass,10,marginal_shift,all,f1_HYP,absolute,303,3,0.6112222333530308
tcn,bandpass,10,marginal_shift,all,f1_HYP,absolute,404,3,0.6063922881004857
tcn,bandpass,10,marginal_shift,all,f1_HYP,absolute,505,3,0.6071394873674635
tcn,bandpass,10,marginal_shift,all,f1_HYP,clean_drop,101,3,-0.00040590133811010026
tcn,bandpass,10,marginal_shift,all,f1_HYP,clean_drop,202,3,0.009200601065267064
tcn,bandpass,10,marginal_shift,all,f1_HYP,clean_drop,303,3,0.002184950847333537
tcn,bandpass,10,marginal_shift,all,f1_HYP,clean_drop,404,3,0.007014896099878598
tcn,bandpass,10,marginal_shift,all,f1_HYP,clean_drop,505,3,0.006267696832900738
tcn,bandpass,10,marginal_shift,all,f1_HYP,normalized_robustness,101,3,1.0014817692436262
tcn,bandpass,10,marginal_shift,all,f1_HYP,normalized_robustness,202,3,0.9860849035326668
tcn,bandpass,10,marginal_shift,all,f1_HYP,normalized_robustness,303,3,0.9971919050377425
tcn,bandpass,10,marginal_shift,all,f1_HYP,normalized_robustness,404,3,0.9893245948236927
tcn,bandpass,10,marginal_shift,all,f1_HYP,normalized_robustness,505,3,0.9908900422505518
tcn,bandpass,10,marginal_shift,all,f1_MI,absolute,101,3,0.7070386214226346
tcn,bandpass,10,marginal_shift,all,f1_MI,absolute,202,3,0.7082391440339707
tcn,bandpass,10,marginal_shift,all,f1_MI,absolute,303,3,0.7091658869690068
tcn,bandpass,10,marginal_shift,all,f1_MI,absolute,404,3,0.7026004102619003
tcn,bandpass,10,marginal_shift,all,f1_MI,absolute,505,3,0.702835907158717
tcn,bandpass,10,marginal_shift,all,f1_MI,clean_drop,101,3,0.007670283630243875
tcn,bandpass,10,marginal_shift,all,f1_MI,clean_drop,202,3,0.006469761018907949
tcn,bandpass,10,marginal_shift,all,f1_MI,clean_drop,303,3,0.005543018083871735
tcn,bandpass,10,marginal_shift,all,f1_MI,clean_drop,404,3,0.012108494790978308
tcn,bandpass,10,marginal_shift,all,f1_MI,clean_drop,505,3,0.011872997894161519
tcn,bandpass,10,marginal_shift,all,f1_MI,normalized_robustness,101,3,0.9893119869104128
tcn,bandpass,10,marginal_shift,all,f1_MI,normalized_robustness,202,3,0.9910064817291583
tcn,bandpass,10,marginal_shift,all,f1_MI,normalized_robustness,303,3,0.9922642242227356
tcn,bandpass,10,marginal_shift,all,f1_MI,normalized_robustness,404,3,0.9831201347231676
tcn,bandpass,10,marginal_shift,all,f1_MI,normalized_robustness,505,3,0.9834360420556875
tcn,bandpass,10,marginal_shift,all,f1_NORM,absolute,101,3,0.850166573900688
tcn,bandpass,10,marginal_shift,all,f1_NORM,absolute,202,3,0.848967417861724
tcn,bandpass,10,marginal_shift,all,f1_NORM,absolute,303,3,0.850924059093864
tcn,bandpass,10,marginal_shift,all,f1_NORM,absolute,404,3,0.8486983573740394
tcn,bandpass,10,marginal_shift,all,f1_NORM,absolute,505,3,0.8488350279243863
tcn,bandpass,10,marginal_shift,all,f1_NORM,clean_drop,101,3,0.007529456966391956
tcn,bandpass,10,marginal_shift,all,f1_NORM,clean_drop,202,3,0.008728613005355879
tcn,bandpass,10,marginal_shift,all,f1_NORM,clean_drop,303,3,0.006771971773215831
tcn,bandpass,10,marginal_shift,all,f1_NORM,clean_drop,404,3,0.008997673493040556
tcn,bandpass,10,marginal_shift,all,f1_NORM,clean_drop,505,3,0.008861002942693689
tcn,bandpass,10,marginal_shift,all,f1_NORM,normalized_robustness,101,3,0.9912174731090211
tcn,bandpass,10,marginal_shift,all,f1_NORM,normalized_robustness,202,3,0.9898233313825276
tcn,bandpass,10,marginal_shift,all,f1_NORM,normalized_robustness,303,3,0.9921095437537177
tcn,bandpass,10,marginal_shift,all,f1_NORM,normalized_robustness,404,3,0.9895075090521234
tcn,bandpass,10,marginal_shift,all,f1_NORM,normalized_robustness,505,3,0.9896692722100794
tcn,bandpass,10,marginal_shift,all,f1_STTC,absolute,101,3,0.7472244563093163
tcn,bandpass,10,marginal_shift,all,f1_STTC,absolute,202,3,0.7455515520821802
tcn,bandpass,10,marginal_shift,all,f1_STTC,absolute,303,3,0.7487500590355078
tcn,bandpass,10,marginal_shift,all,f1_STTC,absolute,404,3,0.7446497779930851
tcn,bandpass,10,marginal_shift,all,f1_STTC,absolute,505,3,0.7494296565345479
tcn,bandpass,10,marginal_shift,all,f1_STTC,clean_drop,101,3,0.026010584910059437
tcn,bandpass,10,marginal_shift,all,f1_STTC,clean_drop,202,3,0.027683489137195722
tcn,bandpass,10,marginal_shift,all,f1_STTC,clean_drop,303,3,0.024484982183868076
tcn,bandpass,10,marginal_shift,all,f1_STTC,clean_drop,404,3,0.028585263226290774
tcn,bandpass,10,marginal_shift,all,f1_STTC,clean_drop,505,3,0.02380538468482803
tcn,bandpass,10,marginal_shift,all,f1_STTC,normalized_robustness,101,3,0.9663791955725803
tcn,bandpass,10,marginal_shift,all,f1_STTC,normalized_robustness,202,3,0.9642205960161395
tcn,bandpass,10,marginal_shift,all,f1_STTC,normalized_robustness,303,3,0.9683532057855491
tcn,bandpass,10,marginal_shift,all,f1_STTC,normalized_robustness,404,3,0.9630474126262468
tcn,bandpass,10,marginal_shift,all,f1_STTC,normalized_robustness,505,3,0.9692177062721309
tcn,bandpass,10,marginal_shift,all,macro_ap,absolute,101,3,0.8065156605254585
tcn,bandpass,10,marginal_shift,all,macro_ap,absolute,202,3,0.8053685955503482
tcn,bandpass,10,marginal_shift,all,macro_ap,absolute,303,3,0.8060987228063089
tcn,bandpass,10,marginal_shift,all,macro_ap,absolute,404,3,0.8046140714782872
tcn,bandpass,10,marginal_shift,all,macro_ap,absolute,505,3,0.8068797168584553
tcn,bandpass,10,marginal_shift,all,macro_ap,clean_drop,101,3,0.0024420071251543365
tcn,bandpass,10,marginal_shift,all,macro_ap,clean_drop,202,3,0.0035890721002647488
tcn,bandpass,10,marginal_shift,all,macro_ap,clean_drop,303,3,0.0028589448443040086
tcn,bandpass,10,marginal_shift,all,macro_ap,clean_drop,404,3,0.004343596172325677
tcn,bandpass,10,marginal_shift,all,macro_ap,clean_drop,505,3,0.002077950792157631
tcn,bandpass,10,marginal_shift,all,macro_ap,normalized_robustness,101,3,0.9969806159851378
tcn,bandpass,10,marginal_shift,all,macro_ap,normalized_robustness,202,3,0.99556144666046
tcn,bandpass,10,marginal_shift,all,macro_ap,normalized_robustness,303,3,0.9964607107095987
tcn,bandpass,10,marginal_shift,all,macro_ap,normalized_robustness,404,3,0.9946266161123004
tcn,bandpass,10,marginal_shift,all,macro_ap,normalized_robustness,505,3,0.9974309602413128
tcn,bandpass,10,marginal_shift,all,macro_auroc,absolute,101,3,0.9167229709606524
tcn,bandpass,10,marginal_shift,all,macro_auroc,absolute,202,3,0.9165127517255781
tcn,bandpass,10,marginal_shift,all,macro_auroc,absolute,303,3,0.9163704843916146
tcn,bandpass,10,marginal_shift,all,macro_auroc,absolute,404,3,0.9154820779795946
tcn,bandpass,10,marginal_shift,all,macro_auroc,absolute,505,3,0.9165381424554755
tcn,bandpass,10,marginal_shift,all,macro_auroc,clean_drop,101,3,0.0021376976383445565
tcn,bandpass,10,marginal_shift,all,macro_auroc,clean_drop,202,3,0.0023479168734188427
tcn,bandpass,10,marginal_shift,all,macro_auroc,clean_drop,303,3,0.0024901842073822658
tcn,bandpass,10,marginal_shift,all,macro_auroc,clean_drop,404,3,0.0033785906194024515
tcn,bandpass,10,marginal_shift,all,macro_auroc,clean_drop,505,3,0.0023225261435213898
tcn,bandpass,10,marginal_shift,all,macro_auroc,normalized_robustness,101,3,0.9976742389282119
tcn,bandpass,10,marginal_shift,all,macro_auroc,normalized_robustness,202,3,0.9974450531521115
tcn,bandpass,10,marginal_shift,all,macro_auroc,normalized_robustness,303,3,0.9972888952694164
tcn,bandpass,10,marginal_shift,all,macro_auroc,normalized_robustness,404,3,0.9963233674249077
tcn,bandpass,10,marginal_shift,all,macro_auroc,normalized_robustness,505,3,0.9974733029371136
tcn,bandpass,10,marginal_shift,all,macro_f1,absolute,101,3,0.7323868634673163
tcn,bandpass,10,marginal_shift,all,macro_f1,absolute,202,3,0.7300084826640639
tcn,bandpass,10,marginal_shift,all,macro_f1,absolute,303,3,0.7320994522158025
tcn,bandpass,10,marginal_shift,all,macro_f1,absolute,404,3,0.728568997724925
tcn,bandpass,10,marginal_shift,all,macro_f1,absolute,505,3,0.730103937125438
tcn,bandpass,10,marginal_shift,all,macro_f1,clean_drop,101,3,0.008197865490275569
tcn,bandpass,10,marginal_shift,all,macro_f1,clean_drop,202,3,0.01057624629352801
tcn,bandpass,10,marginal_shift,all,macro_f1,clean_drop,303,3,0.008485276741789338
tcn,bandpass,10,marginal_shift,all,macro_f1,clean_drop,404,3,0.012015731232666896
tcn,bandpass,10,marginal_shift,all,macro_f1,clean_drop,505,3,0.01048079183215389
tcn,bandpass,10,marginal_shift,all,macro_f1,normalized_robustness,101,3,0.9890241935924323
tcn,bandpass,10,marginal_shift,all,macro_f1,normalized_robustness,202,3,0.9858138232509441
tcn,bandpass,10,marginal_shift,all,macro_f1,normalized_robustness,303,3,0.9886068843932776
tcn,bandpass,10,marginal_shift,all,macro_f1,normalized_robustness,404,3,0.9838596240046303
tcn,bandpass,10,marginal_shift,all,macro_f1,normalized_robustness,505,3,0.9859558712321356
tcn,bandpass,10,marginal_shift,all,mean_confidence,absolute,101,3,0.8964370886484782
tcn,bandpass,10,marginal_shift,all,mean_confidence,absolute,202,3,0.8959274888038635
tcn,bandpass,10,marginal_shift,all,mean_confidence,absolute,303,3,0.8963213364283243
tcn,bandpass,10,marginal_shift,all,mean_confidence,absolute,404,3,0.8962406317392985
tcn,bandpass,10,marginal_shift,all,mean_confidence,absolute,505,3,0.896170437335968
tcn,bandpass,10,marginal_shift,all,mean_entropy,absolute,101,3,0.25237262065112265
tcn,bandpass,10,marginal_shift,all,mean_entropy,absolute,202,3,0.25319109860544237
tcn,bandpass,10,marginal_shift,all,mean_entropy,absolute,303,3,0.2523933298350098
tcn,bandpass,10,marginal_shift,all,mean_entropy,absolute,404,3,0.25263961644805366
tcn,bandpass,10,marginal_shift,all,mean_entropy,absolute,505,3,0.2527161546528667
tcn,bandpass,10,marginal_shift,all,mean_loss,absolute,101,3,0.2974452434360357
tcn,bandpass,10,marginal_shift,all,mean_loss,absolute,202,3,0.29804115683398763
tcn,bandpass,10,marginal_shift,all,mean_loss,absolute,303,3,0.29780084845522753
tcn,bandpass,10,marginal_shift,all,mean_loss,absolute,404,3,0.29962807094821414
tcn,bandpass,10,marginal_shift,all,mean_loss,absolute,505,3,0.29726323625843865
tcn,bandpass,10,marginal_shift,all,micro_ap,absolute,101,3,0.8409703392641484
tcn,bandpass,10,marginal_shift,all,micro_ap,absolute,202,3,0.839905932027235
tcn,bandpass,10,marginal_shift,all,micro_ap,absolute,303,3,0.8404432971699197
tcn,bandpass,10,marginal_shift,all,micro_ap,absolute,404,3,0.8388345565217937
tcn,bandpass,10,marginal_shift,all,micro_ap,absolute,505,3,0.8410687405206261
tcn,bandpass,10,marginal_shift,all,micro_auroc,absolute,101,3,0.9266068382544539
tcn,bandpass,10,marginal_shift,all,micro_auroc,absolute,202,3,0.9263785248484996
tcn,bandpass,10,marginal_shift,all,micro_auroc,absolute,303,3,0.926470730922941
tcn,bandpass,10,marginal_shift,all,micro_auroc,absolute,404,3,0.925621433414705
tcn,bandpass,10,marginal_shift,all,micro_auroc,absolute,505,3,0.9265797600904523
tcn,bandpass,10,marginal_shift,all,micro_f1,absolute,101,3,0.7587591902507782
tcn,bandpass,10,marginal_shift,all,micro_f1,absolute,202,3,0.7569423823642428
tcn,bandpass,10,marginal_shift,all,micro_f1,absolute,303,3,0.7587607427652269
tcn,bandpass,10,marginal_shift,all,micro_f1,absolute,404,3,0.7554681543433818
tcn,bandpass,10,marginal_shift,all,micro_f1,absolute,505,3,0.756795061703178
tcn,bandpass,10,marginal_shift,all,probability_shift,absolute,101,3,0.029877443487445466
tcn,bandpass,10,marginal_shift,all,probability_shift,absolute,202,3,0.030191599701841636
tcn,bandpass,10,marginal_shift,all,probability_shift,absolute,303,3,0.0300647268692652
tcn,bandpass,10,marginal_shift,all,probability_shift,absolute,404,3,0.0298222967733939
tcn,bandpass,10,marginal_shift,all,probability_shift,absolute,505,3,0.029903608063856734
tcn,bandpass,20,covariance,all,ap_CD,absolute,101,3,0.8350100489601465
tcn,bandpass,20,covariance,all,ap_CD,absolute,202,3,0.8339200410665603
tcn,bandpass,20,covariance,all,ap_CD,absolute,303,3,0.834486334110975
tcn,bandpass,20,covariance,all,ap_CD,absolute,404,3,0.8344281820407736
tcn,bandpass,20,covariance,all,ap_CD,absolute,505,3,0.8354805923997738
tcn,bandpass,20,covariance,all,ap_CD,clean_drop,101,3,3.785177756299163e-05
tcn,bandpass,20,covariance,all,ap_CD,clean_drop,202,3,0.001127859671149145
tcn,bandpass,20,covariance,all,ap_CD,clean_drop,303,3,0.0005615666267344185
tcn,bandpass,20,covariance,all,ap_CD,clean_drop,404,3,0.0006197186969356672
tcn,bandpass,20,covariance,all,ap_CD,clean_drop,505,3,-0.00043269166206446236
tcn,bandpass,20,covariance,all,ap_CD,normalized_robustness,101,3,0.9999587277971064
tcn,bandpass,20,covariance,all,ap_CD,normalized_robustness,202,3,0.9986502932142415
tcn,bandpass,20,covariance,all,ap_CD,normalized_robustness,303,3,0.999326381087252
tcn,bandpass,20,covariance,all,ap_CD,normalized_robustness,404,3,0.9992588971993993
tcn,bandpass,20,covariance,all,ap_CD,normalized_robustness,505,3,1.0005171642912338
tcn,bandpass,20,covariance,all,ap_HYP,absolute,101,3,0.6726728585636251
tcn,bandpass,20,covariance,all,ap_HYP,absolute,202,3,0.6721768222247837
tcn,bandpass,20,covariance,all,ap_HYP,absolute,303,3,0.6724717781965023
tcn,bandpass,20,covariance,all,ap_HYP,absolute,404,3,0.672943952643901
tcn,bandpass,20,covariance,all,ap_HYP,absolute,505,3,0.6737160096823981
tcn,bandpass,20,covariance,all,ap_HYP,clean_drop,101,3,-0.001184920746252723
tcn,bandpass,20,covariance,all,ap_HYP,clean_drop,202,3,-0.0006888844074112536
tcn,bandpass,20,covariance,all,ap_HYP,clean_drop,303,3,-0.0009838403791299077
tcn,bandpass,20,covariance,all,ap_HYP,clean_drop,404,3,-0.0014560148265286104
tcn,bandpass,20,covariance,all,ap_HYP,clean_drop,505,3,-0.002228071865025679
tcn,bandpass,20,covariance,all,ap_HYP,normalized_robustness,101,3,1.0017890428642926
tcn,bandpass,20,covariance,all,ap_HYP,normalized_robustness,202,3,1.0010252992268844
tcn,bandpass,20,covariance,all,ap_HYP,normalized_robustness,303,3,1.0014698422257384
tcn,bandpass,20,covariance,all,ap_HYP,normalized_robustness,404,3,1.0021777679584176
tcn,bandpass,20,covariance,all,ap_HYP,normalized_robustness,505,3,1.0033134499456111
tcn,bandpass,20,covariance,all,ap_MI,absolute,101,3,0.7929924789868643
tcn,bandpass,20,covariance,all,ap_MI,absolute,202,3,0.7934813344397701
tcn,bandpass,20,covariance,all,ap_MI,absolute,303,3,0.7945340438485028
tcn,bandpass,20,covariance,all,ap_MI,absolute,404,3,0.7935856193789111
tcn,bandpass,20,covariance,all,ap_MI,absolute,505,3,0.7940721562416689
tcn,bandpass,20,covariance,all,ap_MI,clean_drop,101,3,0.0013403338008035615
tcn,bandpass,20,covariance,all,ap_MI,clean_drop,202,3,0.0008514783478977458
tcn,bandpass,20,covariance,all,ap_MI,clean_drop,303,3,-0.0002012310608349166
tcn,bandpass,20,covariance,all,ap_MI,clean_drop,404,3,0.000747193408756693
tcn,bandpass,20,covariance,all,ap_MI,clean_drop,505,3,0.0002606565459988645
tcn,bandpass,20,covariance,all,ap_MI,normalized_robustness,101,3,0.9983223346694912
tcn,bandpass,20,covariance,all,ap_MI,normalized_robustness,202,3,0.9989171947270616
tcn,bandpass,20,covariance,all,ap_MI,normalized_robustness,303,3,1.0002552848880686
tcn,bandpass,20,covariance,all,ap_MI,normalized_robustness,404,3,0.9990583208183866
tcn,bandpass,20,covariance,all,ap_MI,normalized_robustness,505,3,0.9996730507153457
tcn,bandpass,20,covariance,all,ap_NORM,absolute,101,3,0.9230182790903979
tcn,bandpass,20,covariance,all,ap_NORM,absolute,202,3,0.9238435511787063
tcn,bandpass,20,covariance,all,ap_NORM,absolute,303,3,0.9236659117906841
tcn,bandpass,20,covariance,all,ap_NORM,absolute,404,3,0.9229192094882408
tcn,bandpass,20,covariance,all,ap_NORM,absolute,505,3,0.9228704725199767
tcn,bandpass,20,covariance,all,ap_NORM,clean_drop,101,3,0.0006385630076063039
tcn,bandpass,20,covariance,all,ap_NORM,clean_drop,202,3,-0.00018670908070195225
tcn,bandpass,20,covariance,all,ap_NORM,clean_drop,303,3,-9.069692679923117e-06
tcn,bandpass,20,covariance,all,ap_NORM,clean_drop,404,3,0.000737632609763487
tcn,bandpass,20,covariance,all,ap_NORM,clean_drop,505,3,0.0007863695780275792
tcn,bandpass,20,covariance,all,ap_NORM,normalized_robustness,101,3,0.9993080994924899
tcn,bandpass,20,covariance,all,ap_NORM,normalized_robustness,202,3,1.0002010083820132
tcn,bandpass,20,covariance,all,ap_NORM,normalized_robustness,303,3,1.0000086334292366
tcn,bandpass,20,covariance,all,ap_NORM,normalized_robustness,404,3,0.9992001617363524
tcn,bandpass,20,covariance,all,ap_NORM,normalized_robustness,505,3,0.9991472912824163
tcn,bandpass,20,covariance,all,ap_STTC,absolute,101,3,0.8211571944113513
tcn,bandpass,20,covariance,all,ap_STTC,absolute,202,3,0.8218254151351646
tcn,bandpass,20,covariance,all,ap_STTC,absolute,303,3,0.821285045030093
tcn,bandpass,20,covariance,all,ap_STTC,absolute,404,3,0.8215932398907922
tcn,bandpass,20,covariance,all,ap_STTC,absolute,505,3,0.8210382445740251
tcn,bandpass,20,covariance,all,ap_STTC,clean_drop,101,3,-0.0008943495990407039
tcn,bandpass,20,covariance,all,ap_STTC,clean_drop,202,3,-0.0015625703228540437
tcn,bandpass,20,covariance,all,ap_STTC,clean_drop,303,3,-0.0010222002177824319
tcn,bandpass,20,covariance,all,ap_STTC,clean_drop,404,3,-0.001330395078481687
tcn,bandpass,20,covariance,all,ap_STTC,clean_drop,505,3,-0.0007753997617144792
tcn,bandpass,20,covariance,all,ap_STTC,normalized_robustness,101,3,1.001097689622955
tcn,bandpass,20,covariance,all,ap_STTC,normalized_robustness,202,3,1.0019103663107098
tcn,bandpass,20,covariance,all,ap_STTC,normalized_robustness,303,3,1.0012505494749562
tcn,bandpass,20,covariance,all,ap_STTC,normalized_robustness,404,3,1.0016283097747072
tcn,bandpass,20,covariance,all,ap_STTC,normalized_robustness,505,3,1.0009517436144997
tcn,bandpass,20,covariance,all,auroc_CD,absolute,101,3,0.9126950623034821
tcn,bandpass,20,covariance,all,auroc_CD,absolute,202,3,0.9119700483935665
tcn,bandpass,20,covariance,all,auroc_CD,absolute,303,3,0.9127500549926894
tcn,bandpass,20,covariance,all,auroc_CD,absolute,404,3,0.9123121352690761
tcn,bandpass,20,covariance,all,auroc_CD,absolute,505,3,0.9131131684846604
tcn,bandpass,20,covariance,all,auroc_CD,clean_drop,101,3,6.348420739347531e-05
tcn,bandpass,20,covariance,all,auroc_CD,clean_drop,202,3,0.0007884981173090777
tcn,bandpass,20,covariance,all,auroc_CD,clean_drop,303,3,8.491518186234023e-06
tcn,bandpass,20,covariance,all,auroc_CD,clean_drop,404,3,0.00044641124179944924
tcn,bandpass,20,covariance,all,auroc_CD,clean_drop,505,3,-0.00035462197378477445
tcn,bandpass,20,covariance,all,auroc_CD,normalized_robustness,101,3,0.9999322039214037
tcn,bandpass,20,covariance,all,auroc_CD,normalized_robustness,202,3,0.9991373112293661
tcn,bandpass,20,covariance,all,auroc_CD,normalized_robustness,303,3,0.9999912562000635
tcn,bandpass,20,covariance,all,auroc_CD,normalized_robustness,404,3,0.9995113454516256
tcn,bandpass,20,covariance,all,auroc_CD,normalized_robustness,505,3,1.000389271557225
tcn,bandpass,20,covariance,all,auroc_HYP,absolute,101,3,0.897104255913078
tcn,bandpass,20,covariance,all,auroc_HYP,absolute,202,3,0.8969841423218563
tcn,bandpass,20,covariance,all,auroc_HYP,absolute,303,3,0.8970639943741209
tcn,bandpass,20,covariance,all,auroc_HYP,absolute,404,3,0.8969928656552968
tcn,bandpass,20,covariance,all,auroc_HYP,absolute,505,3,0.897401520275711
tcn,bandpass,20,covariance,all,auroc_HYP,clean_drop,101,3,2.8183077269964645e-05
tcn,bandpass,20,covariance,all,auroc_HYP,clean_drop,202,3,0.00014829666849180967
tcn,bandpass,20,covariance,all,auroc_HYP,clean_drop,303,3,6.844461622712572e-05
tcn,bandpass,20,covariance,all,auroc_HYP,clean_drop,404,3,0.00013957333505113892
tcn,bandpass,20,covariance,all,auroc_HYP,clean_drop,505,3,-0.00026908128536299686
tcn,bandpass,20,covariance,all,auroc_HYP,normalized_robustness,101,3,0.9999708473543288
tcn,bandpass,20,covariance,all,auroc_HYP,normalized_robustness,202,3,0.9998361738713873
tcn,bandpass,20,covariance,all,auroc_HYP,normalized_robustness,303,3,0.9999262394194893
tcn,bandpass,20,covariance,all,auroc_HYP,normalized_robustness,404,3,0.9998458605230982
tcn,bandpass,20,covariance,all,auroc_HYP,normalized_robustness,505,3,1.0003000384002185
tcn,bandpass,20,covariance,all,auroc_MI,absolute,101,3,0.9088809739182874
tcn,bandpass,20,covariance,all,auroc_MI,absolute,202,3,0.9093046132971505
tcn,bandpass,20,covariance,all,auroc_MI,absolute,303,3,0.9096027438564752
tcn,bandpass,20,covariance,all,auroc_MI,absolute,404,3,0.9095684456505352
tcn,bandpass,20,covariance,all,auroc_MI,absolute,505,3,0.9089851876978742
tcn,bandpass,20,covariance,all,auroc_MI,clean_drop,101,3,0.0007372229760289247
tcn,bandpass,20,covariance,all,auroc_MI,clean_drop,202,3,0.00031358359716574896
tcn,bandpass,20,covariance,all,auroc_MI,clean_drop,303,3,1.545303784104372e-05
tcn,bandpass,20,covariance,all,auroc_MI,clean_drop,404,3,4.97512437811117e-05
tcn,bandpass,20,covariance,all,auroc_MI,clean_drop,505,3,0.000633009196441973
tcn,bandpass,20,covariance,all,auroc_MI,normalized_robustness,101,3,0.9991905734258327
tcn,bandpass,20,covariance,all,auroc_MI,normalized_robustness,202,3,0.9996536884883255
tcn,bandpass,20,covariance,all,auroc_MI,normalized_robustness,303,3,0.9999828212305593
tcn,bandpass,20,covariance,all,auroc_MI,normalized_robustness,404,3,0.9999453124853329
tcn,bandpass,20,covariance,all,auroc_MI,normalized_robustness,505,3,0.9993033762865209
tcn,bandpass,20,covariance,all,auroc_NORM,absolute,101,3,0.9428372806388682
tcn,bandpass,20,covariance,all,auroc_NORM,absolute,202,3,0.9431561933810398
tcn,bandpass,20,covariance,all,auroc_NORM,absolute,303,3,0.9431553244089904
tcn,bandpass,20,covariance,all,auroc_NORM,absolute,404,3,0.9425745614225652
tcn,bandpass,20,covariance,all,auroc_NORM,absolute,505,3,0.9426446585012259
tcn,bandpass,20,covariance,all,auroc_NORM,clean_drop,101,3,0.00037901664226306736
tcn,bandpass,20,covariance,all,auroc_NORM,clean_drop,202,3,6.010390009144236e-05
tcn,bandpass,20,covariance,all,auroc_NORM,clean_drop,303,3,6.097287214090752e-05
tcn,bandpass,20,covariance,all,auroc_NORM,clean_drop,404,3,0.0006417358585661207
tcn,bandpass,20,covariance,all,auroc_NORM,clean_drop,505,3,0.0005716387799054035
tcn,bandpass,20,covariance,all,auroc_NORM,normalized_robustness,101,3,0.999598001009073
tcn,bandpass,20,covariance,all,auroc_NORM,normalized_robustness,202,3,0.9999361004507482
tcn,bandpass,20,covariance,all,auroc_NORM,normalized_robustness,303,3,0.999935194058683
tcn,bandpass,20,covariance,all,auroc_NORM,normalized_robustness,404,3,0.9993195296205161
tcn,bandpass,20,covariance,all,auroc_NORM,normalized_robustness,505,3,0.9993937719203979
tcn,bandpass,20,covariance,all,auroc_STTC,absolute,101,3,0.9318139270570865
tcn,bandpass,20,covariance,all,auroc_STTC,absolute,202,3,0.9320546808039142
tcn,bandpass,20,covariance,all,auroc_STTC,absolute,303,3,0.9318424579394216
tcn,bandpass,20,covariance,all,auroc_STTC,absolute,404,3,0.9317740619886182
tcn,bandpass,20,covariance,all,auroc_STTC,absolute,505,3,0.9314441980887437
tcn,bandpass,20,covariance,all,auroc_STTC,clean_drop,101,3,-0.00023606373877286627
tcn,bandpass,20,covariance,all,auroc_STTC,clean_drop,202,3,-0.000476817485600652
tcn,bandpass,20,covariance,all,auroc_STTC,clean_drop,303,3,-0.00026459462110794973
tcn,bandpass,20,covariance,all,auroc_STTC,clean_drop,404,3,-0.0001961986703045889
tcn,bandpass,20,covariance,all,auroc_STTC,clean_drop,505,3,0.00013366522956992366
tcn,bandpass,20,covariance,all,auroc_STTC,normalized_robustness,101,3,1.0002541963646847
tcn,bandpass,20,covariance,all,auroc_STTC,normalized_robustness,202,3,1.0005129565446707
tcn,bandpass,20,covariance,all,auroc_STTC,normalized_robustness,303,3,1.0002850111091863
tcn,bandpass,20,covariance,all,auroc_STTC,normalized_robustness,404,3,1.0002115389682527
tcn,bandpass,20,covariance,all,auroc_STTC,normalized_robustness,505,3,0.9998569015510926
tcn,bandpass,20,covariance,all,brier,absolute,101,3,0.08925318966309226
tcn,bandpass,20,covariance,all,brier,absolute,202,3,0.08927612255016955
tcn,bandpass,20,covariance,all,brier,absolute,303,3,0.08921763797601061
tcn,bandpass,20,covariance,all,brier,absolute,404,3,0.0893259619673093
tcn,bandpass,20,covariance,all,brier,absolute,505,3,0.08927776167790093
tcn,bandpass,20,covariance,all,clean_agreement,absolute,101,3,0.9919060858819894
tcn,bandpass,20,covariance,all,clean_agreement,absolute,202,3,0.9917207290701268
tcn,bandpass,20,covariance,all,clean_agreement,absolute,303,3,0.9918134074760582
tcn,bandpass,20,covariance,all,clean_agreement,absolute,404,3,0.990917516218721
tcn,bandpass,20,covariance,all,clean_agreement,absolute,505,3,0.9918134074760582
tcn,bandpass,20,covariance,all,ece,absolute,101,3,0.043103083674178734
tcn,bandpass,20,covariance,all,ece,absolute,202,3,0.04419946094294724
tcn,bandpass,20,covariance,all,ece,absolute,303,3,0.043685496976679034
tcn,bandpass,20,covariance,all,ece,absolute,404,3,0.04368080076320476
tcn,bandpass,20,covariance,all,ece,absolute,505,3,0.0437925778678654
tcn,bandpass,20,covariance,all,f1_CD,absolute,101,3,0.747115644646205
tcn,bandpass,20,covariance,all,f1_CD,absolute,202,3,0.743586778298197
tcn,bandpass,20,covariance,all,f1_CD,absolute,303,3,0.741189309705697
tcn,bandpass,20,covariance,all,f1_CD,absolute,404,3,0.7470100612465335
tcn,bandpass,20,covariance,all,f1_CD,absolute,505,3,0.746327835842992
tcn,bandpass,20,covariance,all,f1_CD,clean_drop,101,3,-0.003239161197944207
tcn,bandpass,20,covariance,all,f1_CD,clean_drop,202,3,0.0002897051500638792
tcn,bandpass,20,covariance,all,f1_CD,clean_drop,303,3,0.0026871737425637754
tcn,bandpass,20,covariance,all,f1_CD,clean_drop,404,3,-0.0031335777982726873
tcn,bandpass,20,covariance,all,f1_CD,clean_drop,505,3,-0.0024513523947311544
tcn,bandpass,20,covariance,all,f1_CD,normalized_robustness,101,3,1.004361932815985
tcn,bandpass,20,covariance,all,f1_CD,normalized_robustness,202,3,0.99961563877023
tcn,bandpass,20,covariance,all,f1_CD,normalized_robustness,303,3,0.9963881333190305
tcn,bandpass,20,covariance,all,f1_CD,normalized_robustness,404,3,1.0042123296023717
tcn,bandpass,20,covariance,all,f1_CD,normalized_robustness,505,3,1.0032819820253873
tcn,bandpass,20,covariance,all,f1_HYP,absolute,101,3,0.6089445761520057
tcn,bandpass,20,covariance,all,f1_HYP,absolute,202,3,0.6129818474264274
tcn,bandpass,20,covariance,all,f1_HYP,absolute,303,3,0.6139963367799873
tcn,bandpass,20,covariance,all,f1_HYP,absolute,404,3,0.6113834229355346
tcn,bandpass,20,covariance,all,f1_HYP,absolute,505,3,0.6156759128214607
tcn,bandpass,20,covariance,all,f1_HYP,clean_drop,101,3,0.004462608048358592
tcn,bandpass,20,covariance,all,f1_HYP,clean_drop,202,3,0.00042533677393696845
tcn,bandpass,20,covariance,all,f1_HYP,clean_drop,303,3,-0.000589152579623072
tcn,bandpass,20,covariance,all,f1_HYP,clean_drop,404,3,0.0020237612648297265
tcn,bandpass,20,covariance,all,f1_HYP,clean_drop,505,3,-0.002268728621096431
tcn,bandpass,20,covariance,all,f1_HYP,normalized_robustness,101,3,0.9929168020866368
tcn,bandpass,20,covariance,all,f1_HYP,normalized_robustness,202,3,0.9994590365808547
tcn,bandpass,20,covariance,all,f1_HYP,normalized_robustness,303,3,1.0011726645322936
tcn,bandpass,20,covariance,all,f1_HYP,normalized_robustness,404,3,0.99680514423218
tcn,bandpass,20,covariance,all,f1_HYP,normalized_robustness,505,3,1.0039964901936582
tcn,bandpass,20,covariance,all,f1_MI,absolute,101,3,0.7143208611666846
tcn,bandpass,20,covariance,all,f1_MI,absolute,202,3,0.7163190090808921
tcn,bandpass,20,covariance,all,f1_MI,absolute,303,3,0.7163282532957805
tcn,bandpass,20,covariance,all,f1_MI,absolute,404,3,0.7199097983606713
tcn,bandpass,20,covariance,all,f1_MI,absolute,505,3,0.7130677828101669
tcn,bandpass,20,covariance,all,f1_MI,clean_drop,101,3,0.00038804388619395613
tcn,bandpass,20,covariance,all,f1_MI,clean_drop,202,3,-0.001610104028013574
tcn,bandpass,20,covariance,all,f1_MI,clean_drop,303,3,-0.0016193482429018857
tcn,bandpass,20,covariance,all,f1_MI,clean_drop,404,3,-0.00520089330779272
tcn,bandpass,20,covariance,all,f1_MI,clean_drop,505,3,0.0016411222427116234
tcn,bandpass,20,covariance,all,f1_MI,normalized_robustness,101,3,0.9994704409279814
tcn,bandpass,20,covariance,all,f1_MI,normalized_robustness,202,3,1.0022471390162002
tcn,bandpass,20,covariance,all,f1_MI,normalized_robustness,303,3,1.0022629735077018
tcn,bandpass,20,covariance,all,f1_MI,normalized_robustness,404,3,1.0072648126863706
tcn,bandpass,20,covariance,all,f1_MI,normalized_robustness,505,3,0.9977081347995599
tcn,bandpass,20,covariance,all,f1_NORM,absolute,101,3,0.8591710892311436
tcn,bandpass,20,covariance,all,f1_NORM,absolute,202,3,0.8577389612973695
tcn,bandpass,20,covariance,all,f1_NORM,absolute,303,3,0.8600407801659161
tcn,bandpass,20,covariance,all,f1_NORM,absolute,404,3,0.8577130011218963
tcn,bandpass,20,covariance,all,f1_NORM,absolute,505,3,0.8573284643872224
tcn,bandpass,20,covariance,all,f1_NORM,clean_drop,101,3,-0.0014750583640635861
tcn,bandpass,20,covariance,all,f1_NORM,clean_drop,202,3,-4.293043028950431e-05
tcn,bandpass,20,covariance,all,f1_NORM,clean_drop,303,3,-0.0023447492988363607
tcn,bandpass,20,covariance,all,f1_NORM,clean_drop,404,3,-1.6970254816321233e-05
tcn,bandpass,20,covariance,all,f1_NORM,clean_drop,505,3,0.00036756647985739893
tcn,bandpass,20,covariance,all,f1_NORM,normalized_robustness,101,3,1.0017212416707204
tcn,bandpass,20,covariance,all,f1_NORM,normalized_robustness,202,3,1.0000501147502805
tcn,bandpass,20,covariance,all,f1_NORM,normalized_robustness,303,3,1.0027349933161152
tcn,bandpass,20,covariance,all,f1_NORM,normalized_robustness,404,3,1.0000207278236863
tcn,bandpass,20,covariance,all,f1_NORM,normalized_robustness,505,3,0.9995715356766067
tcn,bandpass,20,covariance,all,f1_STTC,absolute,101,3,0.7713565088391908
tcn,bandpass,20,covariance,all,f1_STTC,absolute,202,3,0.7707502666970498
tcn,bandpass,20,covariance,all,f1_STTC,absolute,303,3,0.7702187079427519
tcn,bandpass,20,covariance,all,f1_STTC,absolute,404,3,0.7696525333780236
tcn,bandpass,20,covariance,all,f1_STTC,absolute,505,3,0.7683376851437732
tcn,bandpass,20,covariance,all,f1_STTC,clean_drop,101,3,0.001878532380184983
tcn,bandpass,20,covariance,all,f1_STTC,clean_drop,202,3,0.002484774522326094
tcn,bandpass,20,covariance,all,f1_STTC,clean_drop,303,3,0.0030163332766238358
tcn,bandpass,20,covariance,all,f1_STTC,clean_drop,404,3,0.003582507841352315
tcn,bandpass,20,covariance,all,f1_STTC,clean_drop,505,3,0.004897356075602562
tcn,bandpass,20,covariance,all,f1_STTC,normalized_robustness,101,3,0.9975482957659216
tcn,bandpass,20,covariance,all,f1_STTC,normalized_robustness,202,3,0.9967906386174956
tcn,bandpass,20,covariance,all,f1_STTC,normalized_robustness,303,3,0.996094757691013
tcn,bandpass,20,covariance,all,f1_STTC,normalized_robustness,404,3,0.9953842650509865
tcn,bandpass,20,covariance,all,f1_STTC,normalized_robustness,505,3,0.9936616707007139
tcn,bandpass,20,covariance,all,macro_ap,absolute,101,3,0.808970172002477
tcn,bandpass,20,covariance,all,macro_ap,absolute,202,3,0.809049432808997
tcn,bandpass,20,covariance,all,macro_ap,absolute,303,3,0.8092886225953514
tcn,bandpass,20,covariance,all,macro_ap,absolute,404,3,0.8090940406885238
tcn,bandpass,20,covariance,all,macro_ap,absolute,505,3,0.8094354950835686
tcn,bandpass,20,covariance,all,macro_ap,clean_drop,101,3,-1.2504351864025173e-05
tcn,bandpass,20,covariance,all,macro_ap,clean_drop,202,3,-9.176515838408654e-05
tcn,bandpass,20,covariance,all,macro_ap,clean_drop,303,3,-0.0003309549447385966
tcn,bandpass,20,covariance,all,macro_ap,clean_drop,404,3,-0.0001363730379108826
tcn,bandpass,20,covariance,all,macro_ap,clean_drop,505,3,-0.00047782743295565755
tcn,bandpass,20,covariance,all,macro_ap,normalized_robustness,101,3,1.0000155114610527
tcn,bandpass,20,covariance,all,macro_ap,normalized_robustness,202,3,1.000112273134352
tcn,bandpass,20,covariance,all,macro_ap,normalized_robustness,303,3,1.000407829928087
tcn,bandpass,20,covariance,all,macro_ap,normalized_robustness,404,3,1.0001674265942426
tcn,bandpass,20,covariance,all,macro_ap,normalized_robustness,505,3,1.0005891725687581
tcn,bandpass,20,covariance,all,macro_auroc,absolute,101,3,0.9186662999661603
tcn,bandpass,20,covariance,all,macro_auroc,absolute,202,3,0.9186939356395055
tcn,bandpass,20,covariance,all,macro_auroc,absolute,303,3,0.9188829151143395
tcn,bandpass,20,covariance,all,macro_auroc,absolute,404,3,0.9186444139972183
tcn,bandpass,20,covariance,all,macro_auroc,absolute,505,3,0.918717746609643
tcn,bandpass,20,covariance,all,macro_auroc,clean_drop,101,3,0.00019436863283657976
tcn,bandpass,20,covariance,all,macro_auroc,clean_drop,202,3,0.00016673295949143352
tcn,bandpass,20,covariance,all,macro_auroc,clean_drop,303,3,-2.2246515342549955e-05
tcn,bandpass,20,covariance,all,macro_auroc,clean_drop,404,3,0.00021625460177861674
tcn,bandpass,20,covariance,all,macro_auroc,clean_drop,505,3,0.00014292198935395017
tcn,bandpass,20,covariance,all,macro_auroc,normalized_robustness,101,3,0.9997885768748397
tcn,bandpass,20,covariance,all,macro_auroc,normalized_robustness,202,3,0.9998184079007681
tcn,bandpass,20,covariance,all,macro_auroc,normalized_robustness,303,3,1.0000240460380885
tcn,bandpass,20,covariance,all,macro_auroc,normalized_robustness,404,3,0.9997644878731121
tcn,bandpass,20,covariance,all,macro_auroc,normalized_robustness,505,3,0.9998442789850305
tcn,bandpass,20,covariance,all,macro_f1,absolute,101,3,0.7401817360070461
tcn,bandpass,20,covariance,all,macro_f1,absolute,202,3,0.7402753725599872
tcn,bandpass,20,covariance,all,macro_f1,absolute,303,3,0.7403546775780266
tcn,bandpass,20,covariance,all,macro_f1,absolute,404,3,0.7411337634085319
tcn,bandpass,20,covariance,all,macro_f1,absolute,505,3,0.7401475362011231
tcn,bandpass,20,covariance,all,macro_f1,clean_drop,101,3,0.00040299295054591067
tcn,bandpass,20,covariance,all,macro_f1,clean_drop,202,3,0.0003093563976047283
tcn,bandpass,20,covariance,all,macro_f1,clean_drop,303,3,0.00023005137956522148
tcn,bandpass,20,covariance,all,macro_f1,clean_drop,404,3,-0.0005490344509399373
tcn,bandpass,20,covariance,all,macro_f1,clean_drop,505,3,0.0004371927564688072
tcn,bandpass,20,covariance,all,macro_f1,normalized_robustness,101,3,0.9994674264454765
tcn,bandpass,20,covariance,all,macro_f1,normalized_robustness,202,3,0.999589869677935
tcn,bandpass,20,covariance,all,macro_f1,normalized_robustness,303,3,0.9996937095921995
tcn,bandpass,20,covariance,all,macro_f1,normalized_robustness,404,3,1.0007479542264677
tcn,bandpass,20,covariance,all,macro_f1,normalized_robustness,505,3,0.9994153217592627
tcn,bandpass,20,covariance,all,mean_confidence,absolute,101,3,0.9078104496002197
tcn,bandpass,20,covariance,all,mean_confidence,absolute,202,3,0.9079213539759318
tcn,bandpass,20,covariance,all,mean_confidence,absolute,303,3,0.907965342203776
tcn,bandpass,20,covariance,all,mean_confidence,absolute,404,3,0.9079495072364807
tcn,bandpass,20,covariance,all,mean_confidence,absolute,505,3,0.907933751742045
tcn,bandpass,20,covariance,all,mean_entropy,absolute,101,3,0.2280540721899286
tcn,bandpass,20,covariance,all,mean_entropy,absolute,202,3,0.22810046483454638
tcn,bandpass,20,covariance,all,mean_entropy,absolute,303,3,0.2280259367771027
tcn,bandpass,20,covariance,all,mean_entropy,absolute,404,3,0.2280272793858413
tcn,bandpass,20,covariance,all,mean_entropy,absolute,505,3,0.2281293123729179
tcn,bandpass,20,covariance,all,mean_loss,absolute,101,3,0.29739555828226966
tcn,bandpass,20,covariance,all,mean_loss,absolute,202,3,0.2972759778220952
tcn,bandpass,20,covariance,all,mean_loss,absolute,303,3,0.29704240562211165
tcn,bandpass,20,covariance,all,mean_loss,absolute,404,3,0.2975440643098047
tcn,bandpass,20,covariance,all,mean_loss,absolute,505,3,0.2973308600474796
tcn,bandpass,20,covariance,all,micro_ap,absolute,101,3,0.8446553571518555
tcn,bandpass,20,covariance,all,micro_ap,absolute,202,3,0.8449082676300336
tcn,bandpass,20,covariance,all,micro_ap,absolute,303,3,0.8450678676357652
tcn,bandpass,20,covariance,all,micro_ap,absolute,404,3,0.8445717790159356
tcn,bandpass,20,covariance,all,micro_ap,absolute,505,3,0.8447312952781475
tcn,bandpass,20,covariance,all,micro_auroc,absolute,101,3,0.9287971616829709
tcn,bandpass,20,covariance,all,micro_auroc,absolute,202,3,0.9288598489760931
tcn,bandpass,20,covariance,all,micro_auroc,absolute,303,3,0.928960302396516
tcn,bandpass,20,covariance,all,micro_auroc,absolute,404,3,0.9287682399945737
tcn,bandpass,20,covariance,all,micro_auroc,absolute,505,3,0.9288244189748488
tcn,bandpass,20,covariance,all,micro_f1,absolute,101,3,0.7697811566108066
tcn,bandpass,20,covariance,all,micro_f1,absolute,202,3,0.7694324875889582
tcn,bandpass,20,covariance,all,micro_f1,absolute,303,3,0.7698477252778183
tcn,bandpass,20,covariance,all,micro_f1,absolute,404,3,0.7702636713858922
tcn,bandpass,20,covariance,all,micro_f1,absolute,505,3,0.7688903996018167
tcn,bandpass,20,covariance,all,probability_shift,absolute,101,3,0.0070534567348658666
tcn,bandpass,20,covariance,all,probability_shift,absolute,202,3,0.007264530441413299
tcn,bandpass,20,covariance,all,probability_shift,absolute,303,3,0.007229760444412567
tcn,bandpass,20,covariance,all,probability_shift,absolute,404,3,0.0072441451872388
tcn,bandpass,20,covariance,all,probability_shift,absolute,505,3,0.007160292162249467
tcn,bandpass,20,electrode,all,ap_CD,absolute,101,3,0.8347108029724928
tcn,bandpass,20,electrode,all,ap_CD,absolute,202,3,0.834700413986709
tcn,bandpass,20,electrode,all,ap_CD,absolute,303,3,0.835094282279075
tcn,bandpass,20,electrode,all,ap_CD,absolute,404,3,0.8347837906278067
tcn,bandpass,20,electrode,all,ap_CD,absolute,505,3,0.8349523294516409
tcn,bandpass,20,electrode,all,ap_CD,clean_drop,101,3,0.0003370977652166207
tcn,bandpass,20,electrode,all,ap_CD,clean_drop,202,3,0.00034748675100030696
tcn,bandpass,20,electrode,all,ap_CD,clean_drop,303,3,-4.638154136552922e-05
tcn,bandpass,20,electrode,all,ap_CD,clean_drop,404,3,0.0002641101099026451
tcn,bandpass,20,electrode,all,ap_CD,clean_drop,505,3,9.557128606862975e-05
tcn,bandpass,20,electrode,all,ap_CD,normalized_robustness,101,3,0.9995964519806636
tcn,bandpass,20,electrode,all,ap_CD,normalized_robustness,202,3,0.9995832583578464
tcn,bandpass,20,electrode,all,ap_CD,normalized_robustness,303,3,1.0000574317772248
tcn,bandpass,20,electrode,all,ap_CD,normalized_robustness,404,3,0.9996856760609365
tcn,bandpass,20,electrode,all,ap_CD,normalized_robustness,505,3,0.9998844046065626
tcn,bandpass,20,electrode,all,ap_HYP,absolute,101,3,0.672826893074565
tcn,bandpass,20,electrode,all,ap_HYP,absolute,202,3,0.6714158487069152
tcn,bandpass,20,electrode,all,ap_HYP,absolute,303,3,0.6730051049486789
tcn,bandpass,20,electrode,all,ap_HYP,absolute,404,3,0.6726183309140114
tcn,bandpass,20,electrode,all,ap_HYP,absolute,505,3,0.6734596385154634
tcn,bandpass,20,electrode,all,ap_HYP,clean_drop,101,3,-0.0013389552571924461
tcn,bandpass,20,electrode,all,ap_HYP,clean_drop,202,3,7.208911045719635e-05
tcn,bandpass,20,electrode,all,ap_HYP,clean_drop,303,3,-0.0015171671313064887
tcn,bandpass,20,electrode,all,ap_HYP,clean_drop,404,3,-0.001130393096638908
tcn,bandpass,20,electrode,all,ap_HYP,clean_drop,505,3,-0.001971700698090902
tcn,bandpass,20,electrode,all,ap_HYP,normalized_robustness,101,3,1.0020049801104378
tcn,bandpass,20,electrode,all,ap_HYP,normalized_robustness,202,3,0.9998901335275416
tcn,bandpass,20,electrode,all,ap_HYP,normalized_robustness,303,3,1.002274653466283
tcn,bandpass,20,electrode,all,ap_HYP,normalized_robustness,404,3,1.0016869366448582
tcn,bandpass,20,electrode,all,ap_HYP,normalized_robustness,505,3,1.0029436242145746
tcn,bandpass,20,electrode,all,ap_MI,absolute,101,3,0.7943419622368021
tcn,bandpass,20,electrode,all,ap_MI,absolute,202,3,0.7939280114665842
tcn,bandpass,20,electrode,all,ap_MI,absolute,303,3,0.7934349484919428
tcn,bandpass,20,electrode,all,ap_MI,absolute,404,3,0.7945352535530823
tcn,bandpass,20,electrode,all,ap_MI,absolute,505,3,0.7934447224117606
tcn,bandpass,20,electrode,all,ap_MI,clean_drop,101,3,-9.1494491342529e-06
tcn,bandpass,20,electrode,all,ap_MI,clean_drop,202,3,0.00040480132108370687
tcn,bandpass,20,electrode,all,ap_MI,clean_drop,303,3,0.000897864295725026
tcn,bandpass,20,electrode,all,ap_MI,clean_drop,404,3,-0.00020244076541446146
tcn,bandpass,20,electrode,all,ap_MI,clean_drop,505,3,0.0008880903759073874
tcn,bandpass,20,electrode,all,ap_MI,normalized_robustness,101,3,1.000001966338894
tcn,bandpass,20,electrode,all,ap_MI,normalized_robustness,202,3,0.9994973310960812
tcn,bandpass,20,electrode,all,ap_MI,normalized_robustness,303,3,0.9988614264714272
tcn,bandpass,20,electrode,all,ap_MI,normalized_robustness,404,3,1.0002566007522937
tcn,bandpass,20,electrode,all,ap_MI,normalized_robustness,505,3,0.9988877465483403
tcn,bandpass,20,electrode,all,ap_NORM,absolute,101,3,0.9238016163214114
tcn,bandpass,20,electrode,all,ap_NORM,absolute,202,3,0.9226584551302031
tcn,bandpass,20,electrode,all,ap_NORM,absolute,303,3,0.922861331371624
tcn,bandpass,20,electrode,all,ap_NORM,absolute,404,3,0.9232477961668407
tcn,bandpass,20,electrode,all,ap_NORM,absolute,505,3,0.9234121042017703
tcn,bandpass,20,electrode,all,ap_NORM,clean_drop,101,3,-0.0001447742234071958
tcn,bandpass,20,electrode,all,ap_NORM,clean_drop,202,3,0.0009983869678011532
tcn,bandpass,20,electrode,all,ap_NORM,clean_drop,303,3,0.0007955107263802885
tcn,bandpass,20,electrode,all,ap_NORM,clean_drop,404,3,0.00040904593116364296
tcn,bandpass,20,electrode,all,ap_NORM,clean_drop,505,3,0.0002447378962339523
tcn,bandpass,20,electrode,all,ap_NORM,normalized_robustness,101,3,1.0001556655360304
tcn,bandpass,20,electrode,all,ap_NORM,normalized_robustness,202,3,0.9989182389456506
tcn,bandpass,20,electrode,all,ap_NORM,normalized_robustness,303,3,0.9991373211663821
tcn,bandpass,20,electrode,all,ap_NORM,normalized_robustness,404,3,0.9995561509999326
tcn,bandpass,20,electrode,all,ap_NORM,normalized_robustness,505,3,0.9997341464151789
tcn,bandpass,20,electrode,all,ap_STTC,absolute,101,3,0.8218095624474469
tcn,bandpass,20,electrode,all,ap_STTC,absolute,202,3,0.8209975622210436
tcn,bandpass,20,electrode,all,ap_STTC,absolute,303,3,0.8217357107637789
tcn,bandpass,20,electrode,all,ap_STTC,absolute,404,3,0.8202134403284661
tcn,bandpass,20,electrode,all,ap_STTC,absolute,505,3,0.8204474694284127
tcn,bandpass,20,electrode,all,ap_STTC,clean_drop,101,3,-0.0015467176351362522
tcn,bandpass,20,electrode,all,ap_STTC,clean_drop,202,3,-0.0007347174087329508
tcn,bandpass,20,electrode,all,ap_STTC,clean_drop,303,3,-0.0014728659514684124
tcn,bandpass,20,electrode,all,ap_STTC,clean_drop,404,3,4.9404483844458134e-05
tcn,bandpass,20,electrode,all,ap_STTC,clean_drop,505,3,-0.00018462461610209888
tcn,bandpass,20,electrode,all,ap_STTC,normalized_robustness,101,3,1.001890168129771
tcn,bandpass,20,electrode,all,ap_STTC,normalized_robustness,202,3,1.0009023254718115
tcn,bandpass,20,electrode,all,ap_STTC,normalized_robustness,303,3,1.0018000298032845
tcn,bandpass,20,electrode,all,ap_STTC,normalized_robustness,404,3,0.9999454023442041
tcn,bandpass,20,electrode,all,ap_STTC,normalized_robustness,505,3,1.0002315600962512
tcn,bandpass,20,electrode,all,auroc_CD,absolute,101,3,0.9126530090705588
tcn,bandpass,20,electrode,all,auroc_CD,absolute,202,3,0.9128430573347307
tcn,bandpass,20,electrode,all,auroc_CD,absolute,303,3,0.9127832123494172
tcn,bandpass,20,electrode,all,auroc_CD,absolute,404,3,0.9126125732696714
tcn,bandpass,20,electrode,all,auroc_CD,absolute,505,3,0.9127532898567603
tcn,bandpass,20,electrode,all,auroc_CD,clean_drop,101,3,0.00010553744031675343
tcn,bandpass,20,electrode,all,auroc_CD,clean_drop,202,3,-8.451082385522539e-05
tcn,bandpass,20,electrode,all,auroc_CD,clean_drop,303,3,-2.4665838541622815e-05
tcn,bandpass,20,electrode,all,auroc_CD,clean_drop,404,3,0.0001459732412042817
tcn,bandpass,20,electrode,all,auroc_CD,clean_drop,505,3,5.2566541153635056e-06
tcn,bandpass,20,electrode,all,auroc_CD,normalized_robustness,101,3,0.9998846030704213
tcn,bandpass,20,electrode,all,auroc_CD,normalized_robustness,202,3,1.0000930970006754
tcn,bandpass,20,electrode,all,auroc_CD,normalized_robustness,303,3,1.000028276070861
tcn,bandpass,20,electrode,all,auroc_CD,normalized_robustness,404,3,0.9998417577328348
tcn,bandpass,20,electrode,all,auroc_CD,normalized_robustness,505,3,0.9999940018483899
tcn,bandpass,20,electrode,all,auroc_HYP,absolute,101,3,0.8970539289893816
tcn,bandpass,20,electrode,all,auroc_HYP,absolute,202,3,0.8966667471897446
tcn,bandpass,20,electrode,all,auroc_HYP,absolute,303,3,0.8972089359143665
tcn,bandpass,20,electrode,all,auroc_HYP,absolute,404,3,0.8971331100159974
tcn,bandpass,20,electrode,all,auroc_HYP,absolute,505,3,0.8975464618159564
tcn,bandpass,20,electrode,all,auroc_HYP,clean_drop,101,3,7.851000096625871e-05
tcn,bandpass,20,electrode,all,auroc_HYP,clean_drop,202,3,0.0004656918006033702
tcn,bandpass,20,electrode,all,auroc_HYP,clean_drop,303,3,-7.649692401845432e-05
tcn,bandpass,20,electrode,all,auroc_HYP,clean_drop,404,3,-6.710256493421459e-07
tcn,bandpass,20,electrode,all,auroc_HYP,clean_drop,505,3,-0.00041402282560846587
tcn,bandpass,20,electrode,all,auroc_HYP,normalized_robustness,101,3,0.9999142723273721
tcn,bandpass,20,electrode,all,auroc_HYP,normalized_robustness,202,3,0.9994808707112445
tcn,bandpass,20,electrode,all,auroc_HYP,normalized_robustness,303,3,1.0000874858492352
tcn,bandpass,20,electrode,all,auroc_HYP,normalized_robustness,404,3,1.000002944648433
tcn,bandpass,20,electrode,all,auroc_HYP,normalized_robustness,505,3,1.0004622535651506
tcn,bandpass,20,electrode,all,auroc_MI,absolute,101,3,0.9101089250716118
tcn,bandpass,20,electrode,all,auroc_MI,absolute,202,3,0.9092917985828434
tcn,bandpass,20,electrode,all,auroc_MI,absolute,303,3,0.9091885270616613
tcn,bandpass,20,electrode,all,auroc_MI,absolute,404,3,0.9096886778230062
tcn,bandpass,20,electrode,all,auroc_MI,absolute,505,3,0.9091904115784714
tcn,bandpass,20,electrode,all,auroc_MI,clean_drop,101,3,-0.0004907281772954519
tcn,bandpass,20,electrode,all,auroc_MI,clean_drop,202,3,0.00032639831147285303
tcn,bandpass,20,electrode,all,auroc_MI,clean_drop,303,3,0.0004296698326548369
tcn,bandpass,20,electrode,all,auroc_MI,clean_drop,404,3,-7.048092868996066e-05
tcn,bandpass,20,electrode,all,auroc_MI,clean_drop,505,3,0.0004277853158449381
tcn,bandpass,20,electrode,all,auroc_MI,normalized_robustness,101,3,1.0005391230249687
tcn,bandpass,20,electrode,all,auroc_MI,normalized_robustness,202,3,0.9996422877077329
tcn,bandpass,20,electrode,all,auroc_MI,normalized_robustness,303,3,0.9995257823690556
tcn,bandpass,20,electrode,all,auroc_MI,normalized_robustness,404,3,1.0000777227780377
tcn,bandpass,20,electrode,all,auroc_MI,normalized_robustness,505,3,0.9995302866631075
tcn,bandpass,20,electrode,all,auroc_NORM,absolute,101,3,0.943283063300269
tcn,bandpass,20,electrode,all,auroc_NORM,absolute,202,3,0.9426513206202722
tcn,bandpass,20,electrode,all,auroc_NORM,absolute,303,3,0.9428097631906337
tcn,bandpass,20,electrode,all,auroc_NORM,absolute,404,3,0.9427125831497629
tcn,bandpass,20,electrode,all,auroc_NORM,absolute,505,3,0.9427949906657919
tcn,bandpass,20,electrode,all,auroc_NORM,clean_drop,101,3,-6.67660191376133e-05
tcn,bandpass,20,electrode,all,auroc_NORM,clean_drop,202,3,0.0005649766608591585
tcn,bandpass,20,electrode,all,auroc_NORM,clean_drop,303,3,0.00040653409049769734
tcn,bandpass,20,electrode,all,auroc_NORM,clean_drop,404,3,0.0005037141313683676
tcn,bandpass,20,electrode,all,auroc_NORM,clean_drop,505,3,0.00042130661533945624
tcn,bandpass,20,electrode,all,auroc_NORM,normalized_robustness,101,3,1.0000705384379598
tcn,bandpass,20,electrode,all,auroc_NORM,normalized_robustness,202,3,0.9994009636982577
tcn,bandpass,20,electrode,all,auroc_NORM,normalized_robustness,303,3,0.9995688379741431
tcn,bandpass,20,electrode,all,auroc_NORM,normalized_robustness,404,3,0.9994658405546821
tcn,bandpass,20,electrode,all,auroc_NORM,normalized_robustness,505,3,0.999553203588385
tcn,bandpass,20,electrode,all,auroc_STTC,absolute,101,3,0.9318033745389624
tcn,bandpass,20,electrode,all,auroc_STTC,absolute,202,3,0.9314785914811475
tcn,bandpass,20,electrode,all,auroc_STTC,absolute,303,3,0.9316618926293007
tcn,bandpass,20,electrode,all,auroc_STTC,absolute,404,3,0.9313836188180319
tcn,bandpass,20,electrode,all,auroc_STTC,absolute,505,3,0.9314985240153817
tcn,bandpass,20,electrode,all,auroc_STTC,clean_drop,101,3,-0.0002255112206488071
tcn,bandpass,20,electrode,all,auroc_STTC,clean_drop,202,3,9.927183716607058e-05
tcn,bandpass,20,electrode,all,auroc_STTC,clean_drop,303,3,-8.402931098709192e-05
tcn,bandpass,20,electrode,all,auroc_STTC,clean_drop,404,3,0.000194244500281641
tcn,bandpass,20,electrode,all,auroc_STTC,clean_drop,505,3,7.933930293195039e-05
tcn,bandpass,20,electrode,all,auroc_STTC,normalized_robustness,101,3,1.000243065100307
tcn,bandpass,20,electrode,all,auroc_STTC,normalized_robustness,202,3,0.9998941063752319
tcn,bandpass,20,electrode,all,auroc_STTC,normalized_robustness,303,3,1.0000909321936626
tcn,bandpass,20,electrode,all,auroc_STTC,normalized_robustness,404,3,0.9997925057461252
tcn,bandpass,20,electrode,all,auroc_STTC,normalized_robustness,505,3,0.9999159483671689
tcn,bandpass,20,electrode,all,brier,absolute,101,3,0.08911590278148644
tcn,bandpass,20,electrode,all,brier,absolute,202,3,0.0893846824765205
tcn,bandpass,20,electrode,all,brier,absolute,303,3,0.0892360210418701
tcn,bandpass,20,electrode,all,brier,absolute,404,3,0.08929031590620673
tcn,bandpass,20,electrode,all,brier,absolute,505,3,0.08928033212820687
tcn,bandpass,20,electrode,all,clean_agreement,absolute,101,3,0.9915044794562867
tcn,bandpass,20,electrode,all,clean_agreement,absolute,202,3,0.9911028730305839
tcn,bandpass,20,electrode,all,clean_agreement,absolute,303,3,0.9917516218721039
tcn,bandpass,20,electrode,all,clean_agreement,absolute,404,3,0.9915971578622181
tcn,bandpass,20,electrode,all,clean_agreement,absolute,505,3,0.9906394810009268
tcn,bandpass,20,electrode,all,ece,absolute,101,3,0.04415519822349753
tcn,bandpass,20,electrode,all,ece,absolute,202,3,0.044003346459327165
tcn,bandpass,20,electrode,all,ece,absolute,303,3,0.04407100048705073
tcn,bandpass,20,electrode,all,ece,absolute,404,3,0.04371600292144286
tcn,bandpass,20,electrode,all,ece,absolute,505,3,0.044131399909334096
tcn,bandpass,20,electrode,all,f1_CD,absolute,101,3,0.7463093380457254
tcn,bandpass,20,electrode,all,f1_CD,absolute,202,3,0.7445121162805696
tcn,bandpass,20,electrode,all,f1_CD,absolute,303,3,0.7456301199006302
tcn,bandpass,20,electrode,all,f1_CD,absolute,404,3,0.7437597457435889
tcn,bandpass,20,electrode,all,f1_CD,absolute,505,3,0.7455274036741297
tcn,bandpass,20,electrode,all,f1_CD,clean_drop,101,3,-0.002432854597464599
tcn,bandpass,20,electrode,all,f1_CD,clean_drop,202,3,-0.00063563283230883
tcn,bandpass,20,electrode,all,f1_CD,clean_drop,303,3,-0.0017536364523695152
tcn,bandpass,20,electrode,all,f1_CD,clean_drop,404,3,0.00011673770467187279
tcn,bandpass,20,electrode,all,f1_CD,clean_drop,505,3,-0.0016509202258688422
tcn,bandpass,20,electrode,all,f1_CD,normalized_robustness,101,3,1.003282911799271
tcn,bandpass,20,electrode,all,f1_CD,normalized_robustness,202,3,1.0008819344009066
tcn,bandpass,20,electrode,all,f1_CD,normalized_robustness,303,3,1.0023559641374231
tcn,bandpass,20,electrode,all,f1_CD,normalized_robustness,404,3,0.9998358422447877
tcn,bandpass,20,electrode,all,f1_CD,normalized_robustness,505,3,1.00222265230974
tcn,bandpass,20,electrode,all,f1_HYP,absolute,101,3,0.6129648877431689
tcn,bandpass,20,electrode,all,f1_HYP,absolute,202,3,0.6096733498972323
tcn,bandpass,20,electrode,all,f1_HYP,absolute,303,3,0.6129266032294142
tcn,bandpass,20,electrode,all,f1_HYP,absolute,404,3,0.6156467393575106
tcn,bandpass,20,electrode,all,f1_HYP,absolute,505,3,0.6124322690540352
tcn,bandpass,20,electrode,all,f1_HYP,clean_drop,101,3,0.00044229645719551236
tcn,bandpass,20,electrode,all,f1_HYP,clean_drop,202,3,0.003733834303131974
tcn,bandpass,20,electrode,all,f1_HYP,clean_drop,303,3,0.00048058097095019886
tcn,bandpass,20,electrode,all,f1_HYP,clean_drop,404,3,-0.002239555157146208
tcn,bandpass,20,electrode,all,f1_HYP,clean_drop,505,3,0.0009749151463290066
tcn,bandpass,20,electrode,all,f1_HYP,normalized_robustness,101,3,0.9994797563775197
tcn,bandpass,20,electrode,all,f1_HYP,normalized_robustness,202,3,0.994105545869085
tcn,bandpass,20,electrode,all,f1_HYP,normalized_robustness,303,3,0.999494046823178
tcn,bandpass,20,electrode,all,f1_HYP,normalized_robustness,404,3,1.003848663423597
tcn,bandpass,20,electrode,all,f1_HYP,normalized_robustness,505,3,0.9985191864952229
tcn,bandpass,20,electrode,all,f1_MI,absolute,101,3,0.7152003425547507
tcn,bandpass,20,electrode,all,f1_MI,absolute,202,3,0.7149203024846278
tcn,bandpass,20,electrode,all,f1_MI,absolute,303,3,0.715381711548826
tcn,bandpass,20,electrode,all,f1_MI,absolute,404,3,0.715358370142952
tcn,bandpass,20,electrode,all,f1_MI,absolute,505,3,0.7155419796174787
tcn,bandpass,20,electrode,all,f1_MI,clean_drop,101,3,-0.0004914375018722309
tcn,bandpass,20,electrode,all,f1_MI,clean_drop,202,3,-0.00021139743174921252
tcn,bandpass,20,electrode,all,f1_MI,clean_drop,303,3,-0.0006728064959474755
tcn,bandpass,20,electrode,all,f1_MI,clean_drop,404,3,-0.0006494650900733904
tcn,bandpass,20,electrode,all,f1_MI,clean_drop,505,3,-0.0008330745646000967
tcn,bandpass,20,electrode,all,f1_MI,normalized_robustness,101,3,1.000685092068496
tcn,bandpass,20,electrode,all,f1_MI,normalized_robustness,202,3,1.0003382381346264
tcn,bandpass,20,electrode,all,f1_MI,normalized_robustness,303,3,1.0009434473224001
tcn,bandpass,20,electrode,all,f1_MI,normalized_robustness,404,3,1.0009295005974286
tcn,bandpass,20,electrode,all,f1_MI,normalized_robustness,505,3,1.0011720697622135
tcn,bandpass,20,electrode,all,f1_NORM,absolute,101,3,0.8582044886633646
tcn,bandpass,20,electrode,all,f1_NORM,absolute,202,3,0.8587612458438892
tcn,bandpass,20,electrode,all,f1_NORM,absolute,303,3,0.8588886101845844
tcn,bandpass,20,electrode,all,f1_NORM,absolute,404,3,0.8589393508249036
tcn,bandpass,20,electrode,all,f1_NORM,absolute,505,3,0.8575011066707942
tcn,bandpass,20,electrode,all,f1_NORM,clean_drop,101,3,-0.0005084577962846115
tcn,bandpass,20,electrode,all,f1_NORM,clean_drop,202,3,-0.0010652149768094477
tcn,bandpass,20,electrode,all,f1_NORM,clean_drop,303,3,-0.0011925793175044201
tcn,bandpass,20,electrode,all,f1_NORM,clean_drop,404,3,-0.0012433199578237113
tcn,bandpass,20,electrode,all,f1_NORM,clean_drop,505,3,0.00019492419628575064
tcn,bandpass,20,electrode,all,f1_NORM,normalized_robustness,101,3,1.0005928839681466
tcn,bandpass,20,electrode,all,f1_NORM,normalized_robustness,202,3,1.0012439240681856
tcn,bandpass,20,electrode,all,f1_NORM,normalized_robustness,303,3,1.0013924489911161
tcn,bandpass,20,electrode,all,f1_NORM,normalized_robustness,404,3,1.0014525396006733
tcn,bandpass,20,electrode,all,f1_NORM,normalized_robustness,505,3,0.9997735117657541
tcn,bandpass,20,electrode,all,f1_STTC,absolute,101,3,0.7708792291093394
tcn,bandpass,20,electrode,all,f1_STTC,absolute,202,3,0.7683652293234609
tcn,bandpass,20,electrode,all,f1_STTC,absolute,303,3,0.769594931438012
tcn,bandpass,20,electrode,all,f1_STTC,absolute,404,3,0.7701220564080051
tcn,bandpass,20,electrode,all,f1_STTC,absolute,505,3,0.770326008629708
tcn,bandpass,20,electrode,all,f1_STTC,clean_drop,101,3,0.0023558121100365112
tcn,bandpass,20,electrode,all,f1_STTC,clean_drop,202,3,0.004869811895914955
tcn,bandpass,20,electrode,all,f1_STTC,clean_drop,303,3,0.003640109781363791
tcn,bandpass,20,electrode,all,f1_STTC,clean_drop,404,3,0.0031129848113706413
tcn,bandpass,20,electrode,all,f1_STTC,clean_drop,505,3,0.0029090325896677185
tcn,bandpass,20,electrode,all,f1_STTC,normalized_robustness,101,3,0.9969524139001055
tcn,bandpass,20,electrode,all,f1_STTC,normalized_robustness,202,3,0.9937036514512503
tcn,bandpass,20,electrode,all,f1_STTC,normalized_robustness,303,3,0.9952891904679961
tcn,bandpass,20,electrode,all,f1_STTC,normalized_robustness,404,3,0.995964678329167
tcn,bandpass,20,electrode,all,f1_STTC,normalized_robustness,505,3,0.9962635172601395
tcn,bandpass,20,electrode,all,macro_ap,absolute,101,3,0.8094981674105437
tcn,bandpass,20,electrode,all,macro_ap,absolute,202,3,0.8087400583022909
tcn,bandpass,20,electrode,all,macro_ap,absolute,303,3,0.80922627557102
tcn,bandpass,20,electrode,all,macro_ap,absolute,404,3,0.8090797223180415
tcn,bandpass,20,electrode,all,macro_ap,absolute,505,3,0.8091432528018095
tcn,bandpass,20,electrode,all,macro_ap,clean_drop,101,3,-0.000540499759930683
tcn,bandpass,20,electrode,all,macro_ap,clean_drop,202,3,0.00021760934832189735
tcn,bandpass,20,electrode,all,macro_ap,clean_drop,303,3,-0.00026860792040706016
tcn,bandpass,20,electrode,all,macro_ap,clean_drop,404,3,-0.00012205466742853943
tcn,bandpass,20,electrode,all,macro_ap,clean_drop,505,3,-0.0001855851511966359
tcn,bandpass,20,electrode,all,macro_ap,normalized_robustness,101,3,1.0006673891379867
tcn,bandpass,20,electrode,all,macro_ap,normalized_robustness,202,3,0.9997294020185539
tcn,bandpass,20,electrode,all,macro_ap,normalized_robustness,303,3,1.0003306323554468
tcn,bandpass,20,electrode,all,macro_ap,normalized_robustness,404,3,1.0001507835926873
tcn,bandpass,20,electrode,all,macro_ap,normalized_robustness,505,3,1.00022824676703
tcn,bandpass,20,electrode,all,macro_auroc,absolute,101,3,0.9189804601941568
tcn,bandpass,20,electrode,all,macro_auroc,absolute,202,3,0.9185863030417477
tcn,bandpass,20,electrode,all,macro_auroc,absolute,303,3,0.9187304662290758
tcn,bandpass,20,electrode,all,macro_auroc,absolute,404,3,0.9187061126152938
tcn,bandpass,20,electrode,all,macro_auroc,absolute,505,3,0.9187567355864722
tcn,bandpass,20,electrode,all,macro_auroc,clean_drop,101,3,-0.00011979159515984605
tcn,bandpass,20,electrode,all,macro_auroc,clean_drop,202,3,0.0002743655572491714
tcn,bandpass,20,electrode,all,macro_auroc,clean_drop,303,3,0.00013020236992104342
tcn,bandpass,20,electrode,all,macro_auroc,clean_drop,404,3,0.00015455598370306411
tcn,bandpass,20,electrode,all,macro_auroc,clean_drop,505,3,0.00010393301252472249
tcn,bandpass,20,electrode,all,macro_auroc,normalized_robustness,101,3,1.000130224430535
tcn,bandpass,20,electrode,all,macro_auroc,normalized_robustness,202,3,0.9997013075849691
tcn,bandpass,20,electrode,all,macro_auroc,normalized_robustness,303,3,0.9998581334214536
tcn,bandpass,20,electrode,all,macro_auroc,normalized_robustness,404,3,0.9998318483795363
tcn,bandpass,20,electrode,all,macro_auroc,normalized_robustness,505,3,0.999886706730256
tcn,bandpass,20,electrode,all,macro_f1,absolute,101,3,0.7407116572232697
tcn,bandpass,20,electrode,all,macro_f1,absolute,202,3,0.739246448765956
tcn,bandpass,20,electrode,all,macro_f1,absolute,303,3,0.7404843952602933
tcn,bandpass,20,electrode,all,macro_f1,absolute,404,3,0.7407652524953919
tcn,bandpass,20,electrode,all,macro_f1,absolute,505,3,0.7402657535292292
tcn,bandpass,20,electrode,all,macro_f1,clean_drop,101,3,-0.0001269282656778762
tcn,bandpass,20,electrode,all,macro_f1,clean_drop,202,3,0.0013382801916358804
tcn,bandpass,20,electrode,all,macro_f1,clean_drop,303,3,0.00010033369729852322
tcn,bandpass,20,electrode,all,macro_f1,clean_drop,404,3,-0.00018052353780018127
tcn,bandpass,20,electrode,all,macro_f1,clean_drop,505,3,0.0003189754283627148
tcn,bandpass,20,electrode,all,macro_f1,normalized_robustness,101,3,1.0001754565979217
tcn,bandpass,20,electrode,all,macro_f1,normalized_robustness,202,3,0.9982201251014887
tcn,bandpass,20,electrode,all,macro_f1,normalized_robustness,303,3,0.9998605301703716
tcn,bandpass,20,electrode,all,macro_f1,normalized_robustness,404,3,1.0002544010297294
tcn,bandpass,20,electrode,all,macro_f1,normalized_robustness,505,3,0.9995792626372287
tcn,bandpass,20,electrode,all,mean_confidence,absolute,101,3,0.9079899390538534
tcn,bandpass,20,electrode,all,mean_confidence,absolute,202,3,0.9080809752146403
tcn,bandpass,20,electrode,all,mean_confidence,absolute,303,3,0.9079839984575907
tcn,bandpass,20,electrode,all,mean_confidence,absolute,404,3,0.9079409042994181
tcn,bandpass,20,electrode,all,mean_confidence,absolute,505,3,0.9078617890675863
tcn,bandpass,20,electrode,all,mean_entropy,absolute,101,3,0.22791282922219147
tcn,bandpass,20,electrode,all,mean_entropy,absolute,202,3,0.22778536272327585
tcn,bandpass,20,electrode,all,mean_entropy,absolute,303,3,0.2280269872213093
tcn,bandpass,20,electrode,all,mean_entropy,absolute,404,3,0.2280574718941869
tcn,bandpass,20,electrode,all,mean_entropy,absolute,505,3,0.22820943709311925
tcn,bandpass,20,electrode,all,mean_loss,absolute,101,3,0.296822658367555
tcn,bandpass,20,electrode,all,mean_loss,absolute,202,3,0.29773339545846084
tcn,bandpass,20,electrode,all,mean_loss,absolute,303,3,0.2973997184476745
tcn,bandpass,20,electrode,all,mean_loss,absolute,404,3,0.29740731133064274
tcn,bandpass,20,electrode,all,mean_loss,absolute,505,3,0.29731663026932936
tcn,bandpass,20,electrode,all,micro_ap,absolute,101,3,0.8451636606867741
tcn,bandpass,20,electrode,all,micro_ap,absolute,202,3,0.8444617222135102
tcn,bandpass,20,electrode,all,micro_ap,absolute,303,3,0.8446908016022618
tcn,bandpass,20,electrode,all,micro_ap,absolute,404,3,0.8447056346908918
tcn,bandpass,20,electrode,all,micro_ap,absolute,505,3,0.8446974203196227
tcn,bandpass,20,electrode,all,micro_auroc,absolute,101,3,0.9290690404812282
tcn,bandpass,20,electrode,all,micro_auroc,absolute,202,3,0.9287203083602801
tcn,bandpass,20,electrode,all,micro_auroc,absolute,303,3,0.9287891009285273
tcn,bandpass,20,electrode,all,micro_auroc,absolute,404,3,0.9288342859353808
tcn,bandpass,20,electrode,all,micro_auroc,absolute,505,3,0.9288275611763495
tcn,bandpass,20,electrode,all,micro_f1,absolute,101,3,0.7698179197492379
tcn,bandpass,20,electrode,all,micro_f1,absolute,202,3,0.7688680588196121
tcn,bandpass,20,electrode,all,micro_f1,absolute,303,3,0.769784450362911
tcn,bandpass,20,electrode,all,micro_f1,absolute,404,3,0.7697721468679237
tcn,bandpass,20,electrode,all,micro_f1,absolute,505,3,0.7692917672007855
tcn,bandpass,20,electrode,all,probability_shift,absolute,101,3,0.0072390769297877335
tcn,bandpass,20,electrode,all,probability_shift,absolute,202,3,0.007072026686121967
tcn,bandpass,20,electrode,all,probability_shift,absolute,303,3,0.007036776281893199
tcn,bandpass,20,electrode,all,probability_shift,absolute,404,3,0.007159618971248401
tcn,bandpass,20,electrode,all,probability_shift,absolute,505,3,0.007076635646323301
tcn,bandpass,20,independent,all,ap_CD,absolute,101,3,0.8342181967250428
tcn,bandpass,20,independent,all,ap_CD,absolute,202,3,0.8348714249659466
tcn,bandpass,20,independent,all,ap_CD,absolute,303,3,0.8348519162924829
tcn,bandpass,20,independent,all,ap_CD,absolute,404,3,0.8352847407174545
tcn,bandpass,20,independent,all,ap_CD,absolute,505,3,0.8341463223064745
tcn,bandpass,20,independent,all,ap_CD,clean_drop,101,3,0.0008297040126665397
tcn,bandpass,20,independent,all,ap_CD,clean_drop,202,3,0.00017647577176282958
tcn,bandpass,20,independent,all,ap_CD,clean_drop,303,3,0.0001959844452264677
tcn,bandpass,20,independent,all,ap_CD,clean_drop,404,3,-0.00023683997974503304
tcn,bandpass,20,independent,all,ap_CD,clean_drop,505,3,0.0009015784312349137
tcn,bandpass,20,independent,all,ap_CD,normalized_robustness,101,3,0.9990072432440833
tcn,bandpass,20,independent,all,ap_CD,normalized_robustness,202,3,0.9997913163457158
tcn,bandpass,20,independent,all,ap_CD,normalized_robustness,303,3,0.9997642561783215
tcn,bandpass,20,independent,all,ap_CD,normalized_robustness,404,3,1.0002849204321276
tcn,bandpass,20,independent,all,ap_CD,normalized_robustness,505,3,0.99891975640212
tcn,bandpass,20,independent,all,ap_HYP,absolute,101,3,0.6717969430144369
tcn,bandpass,20,independent,all,ap_HYP,absolute,202,3,0.6719008631217185
tcn,bandpass,20,independent,all,ap_HYP,absolute,303,3,0.6720049813589556
tcn,bandpass,20,independent,all,ap_HYP,absolute,404,3,0.672788912293135
tcn,bandpass,20,independent,all,ap_HYP,absolute,505,3,0.6727573886924079
tcn,bandpass,20,independent,all,ap_HYP,clean_drop,101,3,-0.0003090051970645602
tcn,bandpass,20,independent,all,ap_HYP,clean_drop,202,3,-0.00041292530434596425
tcn,bandpass,20,independent,all,ap_HYP,clean_drop,303,3,-0.0005170435415831806
tcn,bandpass,20,independent,all,ap_HYP,clean_drop,404,3,-0.0013009744757625323
tcn,bandpass,20,independent,all,ap_HYP,clean_drop,505,3,-0.0012694508750355309
tcn,bandpass,20,independent,all,ap_HYP,normalized_robustness,101,3,1.0004593817650478
tcn,bandpass,20,independent,all,ap_HYP,normalized_robustness,202,3,1.0006194569157052
tcn,bandpass,20,independent,all,ap_HYP,normalized_robustness,303,3,1.0007689257432262
tcn,bandpass,20,independent,all,ap_HYP,normalized_robustness,404,3,1.0019494298289153
tcn,bandpass,20,independent,all,ap_HYP,normalized_robustness,505,3,1.001888949610584
tcn,bandpass,20,independent,all,ap_MI,absolute,101,3,0.7931223217784241
tcn,bandpass,20,independent,all,ap_MI,absolute,202,3,0.7929463286450659
tcn,bandpass,20,independent,all,ap_MI,absolute,303,3,0.7935965657474234
tcn,bandpass,20,independent,all,ap_MI,absolute,404,3,0.7934132940022681
tcn,bandpass,20,independent,all,ap_MI,absolute,505,3,0.7930038110153999
tcn,bandpass,20,independent,all,ap_MI,clean_drop,101,3,0.0012104910092437897
tcn,bandpass,20,independent,all,ap_MI,clean_drop,202,3,0.0013864841426019698
tcn,bandpass,20,independent,all,ap_MI,clean_drop,303,3,0.0007362470402445531
tcn,bandpass,20,independent,all,ap_MI,clean_drop,404,3,0.0009195187853998273
tcn,bandpass,20,independent,all,ap_MI,clean_drop,505,3,0.0013290017722680607
tcn,bandpass,20,independent,all,ap_MI,normalized_robustness,101,3,0.998475583333593
tcn,bandpass,20,independent,all,ap_MI,normalized_robustness,202,3,0.9982605522772364
tcn,bandpass,20,independent,all,ap_MI,normalized_robustness,303,3,0.9990788314972763
tcn,bandpass,20,independent,all,ap_MI,normalized_robustness,404,3,0.9988429598595955
tcn,bandpass,20,independent,all,ap_MI,normalized_robustness,505,3,0.9983317137097089
tcn,bandpass,20,independent,all,ap_NORM,absolute,101,3,0.9232569650058976
tcn,bandpass,20,independent,all,ap_NORM,absolute,202,3,0.923376504838464
tcn,bandpass,20,independent,all,ap_NORM,absolute,303,3,0.9231559904175559
tcn,bandpass,20,independent,all,ap_NORM,absolute,404,3,0.9229877370930271
tcn,bandpass,20,independent,all,ap_NORM,absolute,505,3,0.9229761020348022
tcn,bandpass,20,independent,all,ap_NORM,clean_drop,101,3,0.00039987709210664857
tcn,bandpass,20,independent,all,ap_NORM,clean_drop,202,3,0.00028033725954035305
tcn,bandpass,20,independent,all,ap_NORM,clean_drop,303,3,0.0005008516804484072
tcn,bandpass,20,independent,all,ap_NORM,clean_drop,404,3,0.0006691050049772255
tcn,bandpass,20,independent,all,ap_NORM,clean_drop,505,3,0.0006807400632020677
tcn,bandpass,20,independent,all,ap_NORM,normalized_robustness,101,3,0.99956669999208
tcn,bandpass,20,independent,all,ap_NORM,normalized_robustness,202,3,0.9996957147697416
tcn,bandpass,20,independent,all,ap_NORM,normalized_robustness,303,3,0.9994568706194057
tcn,bandpass,20,independent,all,ap_NORM,normalized_robustness,404,3,0.9992752886602272
tcn,bandpass,20,independent,all,ap_NORM,normalized_robustness,505,3,0.9992623688872411
tcn,bandpass,20,independent,all,ap_STTC,absolute,101,3,0.8213223489126125
tcn,bandpass,20,independent,all,ap_STTC,absolute,202,3,0.8217920126170802
tcn,bandpass,20,independent,all,ap_STTC,absolute,303,3,0.8211092035032234
tcn,bandpass,20,independent,all,ap_STTC,absolute,404,3,0.8205760616816439
tcn,bandpass,20,independent,all,ap_STTC,absolute,505,3,0.8205425757109767
tcn,bandpass,20,independent,all,ap_STTC,clean_drop,101,3,-0.0010595041003019408
tcn,bandpass,20,independent,all,ap_STTC,clean_drop,202,3,-0.0015291678047697117
tcn,bandpass,20,independent,all,ap_STTC,clean_drop,303,3,-0.0008463586909127999
tcn,bandpass,20,independent,all,ap_STTC,clean_drop,404,3,-0.0003132168693333141
tcn,bandpass,20,independent,all,ap_STTC,clean_drop,505,3,-0.00027973089866610107
tcn,bandpass,20,independent,all,ap_STTC,normalized_robustness,101,3,1.0012943995983814
tcn,bandpass,20,independent,all,ap_STTC,normalized_robustness,202,3,1.0018700906649205
tcn,bandpass,20,independent,all,ap_STTC,normalized_robustness,303,3,1.0010374648792293
tcn,bandpass,20,independent,all,ap_STTC,normalized_robustness,404,3,1.000387430686726
tcn,bandpass,20,independent,all,ap_STTC,normalized_robustness,505,3,1.0003454978702389
tcn,bandpass,20,independent,all,auroc_CD,absolute,101,3,0.9125086532613901
tcn,bandpass,20,independent,all,auroc_CD,absolute,202,3,0.9125151229895319
tcn,bandpass,20,independent,all,auroc_CD,absolute,303,3,0.9125260406557715
tcn,bandpass,20,independent,all,auroc_CD,absolute,404,3,0.9126356216761772
tcn,bandpass,20,independent,all,auroc_CD,absolute,505,3,0.9124532562141737
tcn,bandpass,20,independent,all,auroc_CD,clean_drop,101,3,0.0002498932494855814
tcn,bandpass,20,independent,all,auroc_CD,clean_drop,202,3,0.0002434235213436923
tcn,bandpass,20,independent,all,auroc_CD,clean_drop,303,3,0.00023250585510392607
tcn,bandpass,20,independent,all,auroc_CD,clean_drop,404,3,0.0001229248346983717
tcn,bandpass,20,independent,all,auroc_CD,clean_drop,505,3,0.00030529029670175084
tcn,bandpass,20,independent,all,auroc_CD,normalized_robustness,101,3,0.999726820854478
tcn,bandpass,20,independent,all,auroc_CD,normalized_robustness,202,3,0.9997345765782925
tcn,bandpass,20,independent,all,auroc_CD,normalized_robustness,303,3,0.9997453213415239
tcn,bandpass,20,independent,all,auroc_CD,normalized_robustness,404,3,0.9998664494599646
tcn,bandpass,20,independent,all,auroc_CD,normalized_robustness,505,3,0.9996658090521738
tcn,bandpass,20,independent,all,auroc_HYP,absolute,101,3,0.8971243866825565
tcn,bandpass,20,independent,all,auroc_HYP,absolute,202,3,0.8971062689900259
tcn,bandpass,20,independent,all,auroc_HYP,absolute,303,3,0.89674592821636
tcn,bandpass,20,independent,all,auroc_HYP,absolute,404,3,0.8975008320718052
tcn,bandpass,20,independent,all,auroc_HYP,absolute,505,3,0.8974669452765163
tcn,bandpass,20,independent,all,auroc_HYP,clean_drop,101,3,8.052307791513632e-06
tcn,bandpass,20,independent,all,auroc_HYP,clean_drop,202,3,2.6170000322123244e-05
tcn,bandpass,20,independent,all,auroc_HYP,clean_drop,303,3,0.00038651077398788036
tcn,bandpass,20,independent,all,auroc_HYP,clean_drop,404,3,-0.00036839308145712274
tcn,bandpass,20,independent,all,auroc_HYP,clean_drop,505,3,-0.0003345062861682309
tcn,bandpass,20,independent,all,auroc_HYP,normalized_robustness,101,3,0.9999923761329234
tcn,bandpass,20,independent,all,auroc_HYP,normalized_robustness,202,3,0.9999719567416953
tcn,bandpass,20,independent,all,auroc_HYP,normalized_robustness,303,3,0.9995691133637418
tcn,bandpass,20,independent,all,auroc_HYP,normalized_robustness,404,3,1.0004110567694342
tcn,bandpass,20,independent,all,auroc_HYP,normalized_robustness,505,3,1.000374561843956
tcn,bandpass,20,independent,all,auroc_MI,absolute,101,3,0.9089589929142167
tcn,bandpass,20,independent,all,auroc_MI,absolute,202,3,0.908867782300618
tcn,bandpass,20,independent,all,auroc_MI,absolute,303,3,0.9093161088496909
tcn,bandpass,20,independent,all,auroc_MI,absolute,404,3,0.9091274687170209
tcn,bandpass,20,independent,all,auroc_MI,absolute,505,3,0.9088930348258707
tcn,bandpass,20,independent,all,auroc_MI,clean_drop,101,3,0.0006592039800995911
tcn,bandpass,20,independent,all,auroc_MI,clean_drop,202,3,0.0007504145936981788
tcn,bandpass,20,independent,all,auroc_MI,clean_drop,303,3,0.00030208804462531863
tcn,bandpass,20,independent,all,auroc_MI,clean_drop,404,3,0.0004907281772953779
tcn,bandpass,20,independent,all,auroc_MI,clean_drop,505,3,0.0007251620684454915
tcn,bandpass,20,independent,all,auroc_MI,normalized_robustness,101,3,0.9992746333337751
tcn,bandpass,20,independent,all,auroc_MI,normalized_robustness,202,3,0.9991750782740274
tcn,bandpass,20,independent,all,auroc_MI,normalized_robustness,303,3,0.9996685194640457
tcn,bandpass,20,independent,all,auroc_MI,normalized_robustness,404,3,0.9994609750873747
tcn,bandpass,20,independent,all,auroc_MI,normalized_robustness,505,3,0.9992035053520482
tcn,bandpass,20,independent,all,auroc_NORM,absolute,101,3,0.9426794173832066
tcn,bandpass,20,independent,all,auroc_NORM,absolute,202,3,0.9428552393945582
tcn,bandpass,20,independent,all,auroc_NORM,absolute,303,3,0.9428581359680566
tcn,bandpass,20,independent,all,auroc_NORM,absolute,404,3,0.942721417698933
tcn,bandpass,20,independent,all,auroc_NORM,absolute,505,3,0.9428398875550167
tcn,bandpass,20,independent,all,auroc_NORM,clean_drop,101,3,0.0005368798979247987
tcn,bandpass,20,independent,all,auroc_NORM,clean_drop,202,3,0.00036105788657310917
tcn,bandpass,20,independent,all,auroc_NORM,clean_drop,303,3,0.00035816131307471927
tcn,bandpass,20,independent,all,auroc_NORM,clean_drop,404,3,0.0004948795821982932
tcn,bandpass,20,independent,all,auroc_NORM,clean_drop,505,3,0.00037640972611459783
tcn,bandpass,20,independent,all,auroc_NORM,normalized_robustness,101,3,0.9994307934021185
tcn,bandpass,20,independent,all,auroc_NORM,normalized_robustness,202,3,0.9996171839141198
tcn,bandpass,20,independent,all,auroc_NORM,normalized_robustness,303,3,0.9996202290997004
tcn,bandpass,20,independent,all,auroc_NORM,normalized_robustness,404,3,0.99947526073784
tcn,bandpass,20,independent,all,auroc_NORM,normalized_robustness,505,3,0.9996008838541535
tcn,bandpass,20,independent,all,auroc_STTC,absolute,101,3,0.9317783611626688
tcn,bandpass,20,independent,all,auroc_STTC,absolute,202,3,0.9317947761908615
tcn,bandpass,20,independent,all,auroc_STTC,absolute,303,3,0.9318365954293527
tcn,bandpass,20,independent,all,auroc_STTC,absolute,404,3,0.9314914890032991
tcn,bandpass,20,independent,all,auroc_STTC,absolute,505,3,0.9314422439187204
tcn,bandpass,20,independent,all,auroc_STTC,clean_drop,101,3,-0.00020049784435516305
tcn,bandpass,20,independent,all,auroc_STTC,clean_drop,202,3,-0.00021691287254795485
tcn,bandpass,20,independent,all,auroc_STTC,clean_drop,303,3,-0.0002587321110391061
tcn,bandpass,20,independent,all,auroc_STTC,clean_drop,404,3,8.637431501453315e-05
tcn,bandpass,20,independent,all,auroc_STTC,clean_drop,505,3,0.0001356193995931306
tcn,bandpass,20,independent,all,auroc_STTC,normalized_robustness,101,3,1.0002158939804218
tcn,bandpass,20,independent,all,auroc_STTC,normalized_robustness,202,3,1.0002334571479328
tcn,bandpass,20,independent,all,auroc_STTC,normalized_robustness,303,3,1.0002781744456506
tcn,bandpass,20,independent,all,auroc_STTC,normalized_robustness,404,3,0.9999080761610899
tcn,bandpass,20,independent,all,auroc_STTC,normalized_robustness,505,3,0.999854888156746
tcn,bandpass,20,independent,all,brier,absolute,101,3,0.0896563902497291
tcn,bandpass,20,independent,all,brier,absolute,202,3,0.08953982839981713
tcn,bandpass,20,independent,all,brier,absolute,303,3,0.08943912386894225
tcn,bandpass,20,independent,all,brier,absolute,404,3,0.08951095243295026
tcn,bandpass,20,independent,all,brier,absolute,505,3,0.08955729007720943
tcn,bandpass,20,independent,all,clean_agreement,absolute,101,3,0.9933271547729379
tcn,bandpass,20,independent,all,clean_agreement,absolute,202,3,0.9943466172381834
tcn,bandpass,20,independent,all,clean_agreement,absolute,303,3,0.9934198331788693
tcn,bandpass,20,independent,all,clean_agreement,absolute,404,3,0.9940994748223663
tcn,bandpass,20,independent,all,clean_agreement,absolute,505,3,0.993141797961075
tcn,bandpass,20,independent,all,ece,absolute,101,3,0.04500780508154064
tcn,bandpass,20,independent,all,ece,absolute,202,3,0.04508330904253477
tcn,bandpass,20,independent,all,ece,absolute,303,3,0.04479776690013476
tcn,bandpass,20,independent,all,ece,absolute,404,3,0.0443031503082387
tcn,bandpass,20,independent,all,ece,absolute,505,3,0.04442852989968701
tcn,bandpass,20,independent,all,f1_CD,absolute,101,3,0.7450149830590744
tcn,bandpass,20,independent,all,f1_CD,absolute,202,3,0.7437064469426963
tcn,bandpass,20,independent,all,f1_CD,absolute,303,3,0.7430085249402013
tcn,bandpass,20,independent,all,f1_CD,absolute,404,3,0.7432037090544931
tcn,bandpass,20,independent,all,f1_CD,absolute,505,3,0.744003070080228
tcn,bandpass,20,independent,all,f1_CD,clean_drop,101,3,-0.0011384996108137295
tcn,bandpass,20,independent,all,f1_CD,clean_drop,202,3,0.0001700365055644637
tcn,bandpass,20,independent,all,f1_CD,clean_drop,303,3,0.0008679585080593558
tcn,bandpass,20,independent,all,f1_CD,clean_drop,404,3,0.0006727743937677833
tcn,bandpass,20,independent,all,f1_CD,clean_drop,505,3,-0.0001265866319673329
tcn,bandpass,20,independent,all,f1_CD,normalized_robustness,101,3,1.0015084165889219
tcn,bandpass,20,independent,all,f1_CD,normalized_robustness,202,3,0.9997875669943538
tcn,bandpass,20,independent,all,f1_CD,normalized_robustness,303,3,0.9988413363871022
tcn,bandpass,20,independent,all,f1_CD,normalized_robustness,404,3,0.9990785606369653
tcn,bandpass,20,independent,all,f1_CD,normalized_robustness,505,3,1.0001769725043228
tcn,bandpass,20,independent,all,f1_HYP,absolute,101,3,0.6118743391526772
tcn,bandpass,20,independent,all,f1_HYP,absolute,202,3,0.6088896629126513
tcn,bandpass,20,independent,all,f1_HYP,absolute,303,3,0.6060086183967672
tcn,bandpass,20,independent,all,f1_HYP,absolute,404,3,0.613670762026083
tcn,bandpass,20,independent,all,f1_HYP,absolute,505,3,0.6103483637047674
tcn,bandpass,20,independent,all,f1_HYP,clean_drop,101,3,0.0015328450476872109
tcn,bandpass,20,independent,all,f1_HYP,clean_drop,202,3,0.004517521287712952
tcn,bandpass,20,independent,all,f1_HYP,clean_drop,303,3,0.007398565803597064
tcn,bandpass,20,independent,all,f1_HYP,clean_drop,404,3,-0.00026357782571861943
tcn,bandpass,20,independent,all,f1_HYP,clean_drop,505,3,0.0030588204955969145
tcn,bandpass,20,independent,all,f1_HYP,normalized_robustness,101,3,0.9978071256879527
tcn,bandpass,20,independent,all,f1_HYP,normalized_robustness,202,3,0.992803330341938
tcn,bandpass,20,independent,all,f1_HYP,normalized_robustness,303,3,0.9882173954585157
tcn,bandpass,20,independent,all,f1_HYP,normalized_robustness,404,3,1.0004449881851274
tcn,bandpass,20,independent,all,f1_HYP,normalized_robustness,505,3,0.995075953264195
tcn,bandpass,20,independent,all,f1_MI,absolute,101,3,0.7140984733573094
tcn,bandpass,20,independent,all,f1_MI,absolute,202,3,0.7144502700635291
tcn,bandpass,20,independent,all,f1_MI,absolute,303,3,0.7141664234420476
tcn,bandpass,20,independent,all,f1_MI,absolute,404,3,0.713901052018644
tcn,bandpass,20,independent,all,f1_MI,absolute,505,3,0.7156991322405104
tcn,bandpass,20,independent,all,f1_MI,clean_drop,101,3,0.0006104316955691802
tcn,bandpass,20,independent,all,f1_MI,clean_drop,202,3,0.00025863498934945256
tcn,bandpass,20,independent,all,f1_MI,clean_drop,303,3,0.0005424816108309249
tcn,bandpass,20,independent,all,f1_MI,clean_drop,404,3,0.0008078530342345847
tcn,bandpass,20,independent,all,f1_MI,clean_drop,505,3,-0.0009902271876318276
tcn,bandpass,20,independent,all,f1_MI,normalized_robustness,101,3,0.9991212305945537
tcn,bandpass,20,independent,all,f1_MI,normalized_robustness,202,3,0.9996111895218825
tcn,bandpass,20,independent,all,f1_MI,normalized_robustness,303,3,0.9992359405127961
tcn,bandpass,20,independent,all,f1_MI,normalized_robustness,404,3,0.9988933130119474
tcn,bandpass,20,independent,all,f1_MI,normalized_robustness,505,3,1.00138000344956
tcn,bandpass,20,independent,all,f1_NORM,absolute,101,3,0.8565821617435533
tcn,bandpass,20,independent,all,f1_NORM,absolute,202,3,0.8573684524566355
tcn,bandpass,20,independent,all,f1_NORM,absolute,303,3,0.8568573201166245
tcn,bandpass,20,independent,all,f1_NORM,absolute,404,3,0.8586098843209623
tcn,bandpass,20,independent,all,f1_NORM,absolute,505,3,0.8587495823080659
tcn,bandpass,20,independent,all,f1_NORM,clean_drop,101,3,0.001113869123526549
tcn,bandpass,20,independent,all,f1_NORM,clean_drop,202,3,0.0003275784104442847
tcn,bandpass,20,independent,all,f1_NORM,clean_drop,303,3,0.0008387107504554588
tcn,bandpass,20,independent,all,f1_NORM,clean_drop,404,3,-0.0009138534538824702
tcn,bandpass,20,independent,all,f1_NORM,clean_drop,505,3,-0.0010535514409859188
tcn,bandpass,20,independent,all,f1_NORM,normalized_robustness,101,3,0.998701219407773
tcn,bandpass,20,independent,all,f1_NORM,normalized_robustness,202,3,0.9996176662733373
tcn,bandpass,20,independent,all,f1_NORM,normalized_robustness,303,3,0.999022710663914
tcn,bandpass,20,independent,all,f1_NORM,normalized_robustness,404,3,1.0010671299637581
tcn,bandpass,20,independent,all,f1_NORM,normalized_robustness,505,3,1.0012306247756204
tcn,bandpass,20,independent,all,f1_STTC,absolute,101,3,0.7716678754905272
tcn,bandpass,20,independent,all,f1_STTC,absolute,202,3,0.7702750755449305
tcn,bandpass,20,independent,all,f1_STTC,absolute,303,3,0.7723098508941949
tcn,bandpass,20,independent,all,f1_STTC,absolute,404,3,0.7692275199308481
tcn,bandpass,20,independent,all,f1_STTC,absolute,505,3,0.7697137755890268
tcn,bandpass,20,independent,all,f1_STTC,clean_drop,101,3,0.0015671657288486667
tcn,bandpass,20,independent,all,f1_STTC,clean_drop,202,3,0.0029599656744453786
tcn,bandpass,20,independent,all,f1_STTC,clean_drop,303,3,0.0009251903251810875
tcn,bandpass,20,independent,all,f1_STTC,clean_drop,404,3,0.004007521288527734
tcn,bandpass,20,independent,all,f1_STTC,clean_drop,505,3,0.0035212656303490832
tcn,bandpass,20,independent,all,f1_STTC,normalized_robustness,101,3,0.99797813780792
tcn,bandpass,20,independent,all,f1_STTC,normalized_robustness,202,3,0.9961696026812698
tcn,bandpass,20,independent,all,f1_STTC,normalized_robustness,303,3,0.9988147644363427
tcn,bandpass,20,independent,all,f1_STTC,normalized_robustness,404,3,0.9948317407062609
tcn,bandpass,20,independent,all,f1_STTC,normalized_robustness,505,3,0.9954378721668059
tcn,bandpass,20,independent,all,macro_ap,absolute,101,3,0.8087433550872828
tcn,bandpass,20,independent,all,macro_ap,absolute,202,3,0.808977426837655
tcn,bandpass,20,independent,all,macro_ap,absolute,303,3,0.8089437314639283
tcn,bandpass,20,independent,all,macro_ap,absolute,404,3,0.8090101491575057
tcn,bandpass,20,independent,all,macro_ap,absolute,505,3,0.8086852399520122
tcn,bandpass,20,independent,all,macro_ap,clean_drop,101,3,0.00021431256333015458
tcn,bandpass,20,independent,all,macro_ap,clean_drop,202,3,-1.975918704203809e-05
tcn,bandpass,20,independent,all,macro_ap,clean_drop,303,3,1.3936186684622895e-05
tcn,bandpass,20,independent,all,macro_ap,clean_drop,404,3,-5.2481506892669096e-05
tcn,bandpass,20,independent,all,macro_ap,clean_drop,505,3,0.0002724276986006968
tcn,bandpass,20,independent,all,macro_ap,normalized_robustness,101,3,0.9997344662958723
tcn,bandpass,20,independent,all,macro_ap,normalized_robustness,202,3,1.0000243905986503
tcn,bandpass,20,independent,all,macro_ap,normalized_robustness,303,3,0.9999813016800375
tcn,bandpass,20,independent,all,macro_ap,normalized_robustness,404,3,1.0000644350953547
tcn,bandpass,20,independent,all,macro_ap,normalized_robustness,505,3,0.999662662488651
tcn,bandpass,20,independent,all,macro_auroc,absolute,101,3,0.9186099622808076
tcn,bandpass,20,independent,all,macro_auroc,absolute,202,3,0.9186278379731191
tcn,bandpass,20,independent,all,macro_auroc,absolute,303,3,0.9186565618238465
tcn,bandpass,20,independent,all,macro_auroc,absolute,404,3,0.9186953658334471
tcn,bandpass,20,independent,all,macro_auroc,absolute,505,3,0.9186190735580597
tcn,bandpass,20,independent,all,macro_auroc,clean_drop,101,3,0.00025070631818931616
tcn,bandpass,20,independent,all,macro_auroc,clean_drop,202,3,0.00023283062587782974
tcn,bandpass,20,independent,all,macro_auroc,clean_drop,303,3,0.00020410677515051803
tcn,bandpass,20,independent,all,macro_auroc,clean_drop,404,3,0.00016530276554978704
tcn,bandpass,20,independent,all,macro_auroc,clean_drop,505,3,0.00024159504093723694
tcn,bandpass,20,independent,all,macro_auroc,normalized_robustness,101,3,0.9997271272578571
tcn,bandpass,20,independent,all,macro_auroc,normalized_robustness,202,3,0.9997466658367542
tcn,bandpass,20,independent,all,macro_auroc,normalized_robustness,303,3,0.9997777072526945
tcn,bandpass,20,independent,all,macro_auroc,normalized_robustness,404,3,0.9998200039334098
tcn,bandpass,20,independent,all,macro_auroc,normalized_robustness,505,3,0.9997372303868866
tcn,bandpass,20,independent,all,macro_f1,absolute,101,3,0.7398475665606283
tcn,bandpass,20,independent,all,macro_f1,absolute,202,3,0.7389379815840886
tcn,bandpass,20,independent,all,macro_f1,absolute,303,3,0.7384701475579671
tcn,bandpass,20,independent,all,macro_f1,absolute,404,3,0.7397225854702061
tcn,bandpass,20,independent,all,macro_f1,absolute,505,3,0.7397027847845196
tcn,bandpass,20,independent,all,macro_f1,clean_drop,101,3,0.0007371623969636051
tcn,bandpass,20,independent,all,macro_f1,clean_drop,202,3,0.0016467473735033062
tcn,bandpass,20,independent,all,macro_f1,clean_drop,303,3,0.0021145813996247633
tcn,bandpass,20,independent,all,macro_f1,clean_drop,404,3,0.0008621434873857803
tcn,bandpass,20,independent,all,macro_f1,clean_drop,505,3,0.0008819441730722281
tcn,bandpass,20,independent,all,macro_f1,normalized_robustness,101,3,0.9990027634193352
tcn,bandpass,20,independent,all,macro_f1,normalized_robustness,202,3,0.9977814187323175
tcn,bandpass,20,independent,all,macro_f1,normalized_robustness,303,3,0.9971551243888902
tcn,bandpass,20,independent,all,macro_f1,normalized_robustness,404,3,0.9988340483935051
tcn,bandpass,20,independent,all,macro_f1,normalized_robustness,505,3,0.9988098597206386
tcn,bandpass,20,independent,all,mean_confidence,absolute,101,3,0.9087657729784647
tcn,bandpass,20,independent,all,mean_confidence,absolute,202,3,0.9088888565699259
tcn,bandpass,20,independent,all,mean_confidence,absolute,303,3,0.9087626934051514
tcn,bandpass,20,independent,all,mean_confidence,absolute,404,3,0.9087501366933187
tcn,bandpass,20,independent,all,mean_confidence,absolute,505,3,0.9088471929232279
tcn,bandpass,20,independent,all,mean_entropy,absolute,101,3,0.22623437543869
tcn,bandpass,20,independent,all,mean_entropy,absolute,202,3,0.22605861673769825
tcn,bandpass,20,independent,all,mean_entropy,absolute,303,3,0.22616658458485642
tcn,bandpass,20,independent,all,mean_entropy,absolute,404,3,0.2262614689841227
tcn,bandpass,20,independent,all,mean_entropy,absolute,505,3,0.22612741477926346
tcn,bandpass,20,independent,all,mean_loss,absolute,101,3,0.29870319818788477
tcn,bandpass,20,independent,all,mean_loss,absolute,202,3,0.2985740336222629
tcn,bandpass,20,independent,all,mean_loss,absolute,303,3,0.2983828624805371
tcn,bandpass,20,independent,all,mean_loss,absolute,404,3,0.2984139782469764
tcn,bandpass,20,independent,all,mean_loss,absolute,505,3,0.29866344006807366
tcn,bandpass,20,independent,all,micro_ap,absolute,101,3,0.8441237113137859
tcn,bandpass,20,independent,all,micro_ap,absolute,202,3,0.8443411407622182
tcn,bandpass,20,independent,all,micro_ap,absolute,303,3,0.8443008644443167
tcn,bandpass,20,independent,all,micro_ap,absolute,404,3,0.8442951188031588
tcn,bandpass,20,independent,all,micro_ap,absolute,505,3,0.8441036330549331
tcn,bandpass,20,independent,all,micro_auroc,absolute,101,3,0.9285511892538562
tcn,bandpass,20,independent,all,micro_auroc,absolute,202,3,0.9285686392944941
tcn,bandpass,20,independent,all,micro_auroc,absolute,303,3,0.9286502395059127
tcn,bandpass,20,independent,all,micro_auroc,absolute,404,3,0.9286339090145029
tcn,bandpass,20,independent,all,micro_auroc,absolute,505,3,0.928562086199678
tcn,bandpass,20,independent,all,micro_f1,absolute,101,3,0.7690042671199674
tcn,bandpass,20,independent,all,micro_f1,absolute,202,3,0.7687002787519163
tcn,bandpass,20,independent,all,micro_f1,absolute,303,3,0.7683419189947664
tcn,bandpass,20,independent,all,micro_f1,absolute,404,3,0.7691020185384027
tcn,bandpass,20,independent,all,micro_f1,absolute,505,3,0.7694095675950038
tcn,bandpass,20,independent,all,probability_shift,absolute,101,3,0.005398514214903067
tcn,bandpass,20,independent,all,probability_shift,absolute,202,3,0.0052205611330767
tcn,bandpass,20,independent,all,probability_shift,absolute,303,3,0.005367590890576367
tcn,bandpass,20,independent,all,probability_shift,absolute,404,3,0.005332854421188401
tcn,bandpass,20,independent,all,probability_shift,absolute,505,3,0.005397238768637134
tcn,bandpass,20,independent_rms,all,ap_CD,absolute,101,3,0.8342037709990419
tcn,bandpass,20,independent_rms,all,ap_CD,absolute,202,3,0.8348959807957875
tcn,bandpass,20,independent_rms,all,ap_CD,absolute,303,3,0.834884917618842
tcn,bandpass,20,independent_rms,all,ap_CD,absolute,404,3,0.8353504560831683
tcn,bandpass,20,independent_rms,all,ap_CD,absolute,505,3,0.8341684022813679
tcn,bandpass,20,independent_rms,all,ap_CD,clean_drop,101,3,0.0008441297386675428
tcn,bandpass,20,independent_rms,all,ap_CD,clean_drop,202,3,0.0001519199419219852
tcn,bandpass,20,independent_rms,all,ap_CD,clean_drop,303,3,0.00016298311886745834
tcn,bandpass,20,independent_rms,all,ap_CD,clean_drop,404,3,-0.00030255534545893986
tcn,bandpass,20,independent_rms,all,ap_CD,clean_drop,505,3,0.0008794984563414987
tcn,bandpass,20,independent_rms,all,ap_CD,normalized_robustness,101,3,0.9989898096302939
tcn,bandpass,20,independent_rms,all,ap_CD,normalized_robustness,202,3,0.9998205189782281
tcn,bandpass,20,independent_rms,all,ap_CD,normalized_robustness,303,3,0.9998035075311907
tcn,bandpass,20,independent_rms,all,ap_CD,normalized_robustness,404,3,1.0003633946014439
tcn,bandpass,20,independent_rms,all,ap_CD,normalized_robustness,505,3,0.9989457268194345
tcn,bandpass,20,independent_rms,all,ap_HYP,absolute,101,3,0.6717521090662225
tcn,bandpass,20,independent_rms,all,ap_HYP,absolute,202,3,0.6718229220962358
tcn,bandpass,20,independent_rms,all,ap_HYP,absolute,303,3,0.6718974992255239
tcn,bandpass,20,independent_rms,all,ap_HYP,absolute,404,3,0.6727774694028037
tcn,bandpass,20,independent_rms,all,ap_HYP,absolute,505,3,0.6726528771388661
tcn,bandpass,20,independent_rms,all,ap_HYP,clean_drop,101,3,-0.0002641712488501424
tcn,bandpass,20,independent_rms,all,ap_HYP,clean_drop,202,3,-0.00033498427886332244
tcn,bandpass,20,independent_rms,all,ap_HYP,clean_drop,303,3,-0.00040956140815136727
tcn,bandpass,20,independent_rms,all,ap_HYP,clean_drop,404,3,-0.0012895315854311769
tcn,bandpass,20,independent_rms,all,ap_HYP,clean_drop,505,3,-0.001164939321493715
tcn,bandpass,20,independent_rms,all,ap_HYP,normalized_robustness,101,3,1.0003925608693083
tcn,bandpass,20,independent_rms,all,ap_HYP,normalized_robustness,202,3,1.0005044948456738
tcn,bandpass,20,independent_rms,all,ap_HYP,normalized_robustness,303,3,1.0006108371834939
tcn,bandpass,20,independent_rms,all,ap_HYP,normalized_robustness,404,3,1.0019348000882344
tcn,bandpass,20,independent_rms,all,ap_HYP,normalized_robustness,505,3,1.0017353668782052
tcn,bandpass,20,independent_rms,all,ap_MI,absolute,101,3,0.7931373809402095
tcn,bandpass,20,independent_rms,all,ap_MI,absolute,202,3,0.792954823411456
tcn,bandpass,20,independent_rms,all,ap_MI,absolute,303,3,0.7936140246202728
tcn,bandpass,20,independent_rms,all,ap_MI,absolute,404,3,0.7933875828357219
tcn,bandpass,20,independent_rms,all,ap_MI,absolute,505,3,0.792929425321275
tcn,bandpass,20,independent_rms,all,ap_MI,clean_drop,101,3,0.0011954318474583687
tcn,bandpass,20,independent_rms,all,ap_MI,clean_drop,202,3,0.0013779893762119189
tcn,bandpass,20,independent_rms,all,ap_MI,clean_drop,303,3,0.0007187881673952345
tcn,bandpass,20,independent_rms,all,ap_MI,clean_drop,404,3,0.0009452299519461249
tcn,bandpass,20,independent_rms,all,ap_MI,clean_drop,505,3,0.0014033874663929764
tcn,bandpass,20,independent_rms,all,ap_MI,normalized_robustness,101,3,0.9984945885214854
tcn,bandpass,20,independent_rms,all,ap_MI,normalized_robustness,202,3,0.9982704034957743
tcn,bandpass,20,independent_rms,all,ap_MI,normalized_robustness,303,3,0.9990994927741835
tcn,bandpass,20,independent_rms,all,ap_MI,normalized_robustness,404,3,0.9988097077056084
tcn,bandpass,20,independent_rms,all,ap_MI,normalized_robustness,505,3,0.9982379386489594
tcn,bandpass,20,independent_rms,all,ap_NORM,absolute,101,3,0.923248182524728
tcn,bandpass,20,independent_rms,all,ap_NORM,absolute,202,3,0.9234216972007084
tcn,bandpass,20,independent_rms,all,ap_NORM,absolute,303,3,0.9231598704484316
tcn,bandpass,20,independent_rms,all,ap_NORM,absolute,404,3,0.9229758192524257
tcn,bandpass,20,independent_rms,all,ap_NORM,absolute,505,3,0.9229598796553827
tcn,bandpass,20,independent_rms,all,ap_NORM,clean_drop,101,3,0.0004086595732763672
tcn,bandpass,20,independent_rms,all,ap_NORM,clean_drop,202,3,0.0002351448972959617
tcn,bandpass,20,independent_rms,all,ap_NORM,clean_drop,303,3,0.0004969716495725937
tcn,bandpass,20,independent_rms,all,ap_NORM,clean_drop,404,3,0.0006810228455786568
tcn,bandpass,20,independent_rms,all,ap_NORM,clean_drop,505,3,0.0006969624426216292
tcn,bandpass,20,independent_rms,all,ap_NORM,normalized_robustness,101,3,0.999557142157971
tcn,bandpass,20,independent_rms,all,ap_NORM,normalized_robustness,202,3,0.9997445860196633
tcn,bandpass,20,independent_rms,all,ap_NORM,normalized_robustness,303,3,0.9994610896773944
tcn,bandpass,20,independent_rms,all,ap_NORM,normalized_robustness,404,3,0.9992623946916801
tcn,bandpass,20,independent_rms,all,ap_NORM,normalized_robustness,505,3,0.999244825560119
tcn,bandpass,20,independent_rms,all,ap_STTC,absolute,101,3,0.8213297630114407
tcn,bandpass,20,independent_rms,all,ap_STTC,absolute,202,3,0.8216896870290396
tcn,bandpass,20,independent_rms,all,ap_STTC,absolute,303,3,0.8211233339776541
tcn,bandpass,20,independent_rms,all,ap_STTC,absolute,404,3,0.820504981848889
tcn,bandpass,20,independent_rms,all,ap_STTC,absolute,505,3,0.8205382387174711
tcn,bandpass,20,independent_rms,all,ap_STTC,clean_drop,101,3,-0.0010669181991301107
tcn,bandpass,20,independent_rms,all,ap_STTC,clean_drop,202,3,-0.001426842216728989
tcn,bandpass,20,independent_rms,all,ap_STTC,clean_drop,303,3,-0.0008604891653435734
tcn,bandpass,20,independent_rms,all,ap_STTC,clean_drop,404,3,-0.00024213703657845662
tcn,bandpass,20,independent_rms,all,ap_STTC,clean_drop,505,3,-0.00027539390516051476
tcn,bandpass,20,independent_rms,all,ap_STTC,normalized_robustness,101,3,1.0013035457993666
tcn,bandpass,20,independent_rms,all,ap_STTC,normalized_robustness,202,3,1.0017453530327873
tcn,bandpass,20,independent_rms,all,ap_STTC,normalized_robustness,303,3,1.0010544524204172
tcn,bandpass,20,independent_rms,all,ap_STTC,normalized_robustness,404,3,1.0003008378484886
tcn,bandpass,20,independent_rms,all,ap_STTC,normalized_robustness,505,3,1.000340260555286
tcn,bandpass,20,independent_rms,all,auroc_CD,absolute,101,3,0.9125187622116117
tcn,bandpass,20,independent_rms,all,auroc_CD,absolute,202,3,0.9125365539640026
tcn,bandpass,20,independent_rms,all,auroc_CD,absolute,303,3,0.9125365539640025
tcn,bandpass,20,independent_rms,all,auroc_CD,absolute,404,3,0.912636834750204
tcn,bandpass,20,independent_rms,all,auroc_CD,absolute,505,3,0.9124623542693736
tcn,bandpass,20,independent_rms,all,auroc_CD,clean_drop,101,3,0.00023978429926381958
tcn,bandpass,20,independent_rms,all,auroc_CD,clean_drop,202,3,0.00022199254687301403
tcn,bandpass,20,independent_rms,all,auroc_CD,clean_drop,303,3,0.00022199254687316206
tcn,bandpass,20,independent_rms,all,auroc_CD,clean_drop,404,3,0.00012171176067169813
tcn,bandpass,20,independent_rms,all,auroc_CD,clean_drop,505,3,0.0002961922415019395
tcn,bandpass,20,independent_rms,all,auroc_CD,normalized_robustness,101,3,0.9997379916589066
tcn,bandpass,20,independent_rms,all,auroc_CD,normalized_robustness,202,3,0.9997579694988304
tcn,bandpass,20,independent_rms,all,auroc_CD,normalized_robustness,303,3,0.999756822429967
tcn,bandpass,20,independent_rms,all,auroc_CD,normalized_robustness,404,3,0.9998676841749319
tcn,bandpass,20,independent_rms,all,auroc_CD,normalized_robustness,505,3,0.9996756713497016
tcn,bandpass,20,independent_rms,all,auroc_HYP,absolute,101,3,0.8971129792465188
tcn,bandpass,20,independent_rms,all,auroc_HYP,absolute,202,3,0.89707405975886
tcn,bandpass,20,independent_rms,all,auroc_HYP,absolute,303,3,0.8967264684725308
tcn,bandpass,20,independent_rms,all,auroc_HYP,absolute,404,3,0.8975035161744022
tcn,bandpass,20,independent_rms,all,auroc_HYP,absolute,505,3,0.8974377556607722
tcn,bandpass,20,independent_rms,all,auroc_HYP,clean_drop,101,3,1.9459743829293903e-05
tcn,bandpass,20,independent_rms,all,auroc_HYP,clean_drop,202,3,5.837923148788171e-05
tcn,bandpass,20,independent_rms,all,auroc_HYP,clean_drop,303,3,0.0004059705178171373
tcn,bandpass,20,independent_rms,all,auroc_HYP,clean_drop,404,3,-0.00037107718405419526
tcn,bandpass,20,independent_rms,all,auroc_HYP,clean_drop,505,3,-0.0003053166704243271
tcn,bandpass,20,independent_rms,all,auroc_HYP,normalized_robustness,101,3,0.9999796661164791
tcn,bandpass,20,independent_rms,all,auroc_HYP,normalized_robustness,202,3,0.9999361503000223
tcn,bandpass,20,independent_rms,all,auroc_HYP,normalized_robustness,303,3,0.9995473739294923
tcn,bandpass,20,independent_rms,all,auroc_HYP,normalized_robustness,404,3,1.0004141128388295
tcn,bandpass,20,independent_rms,all,auroc_HYP,normalized_robustness,505,3,1.0003420461698824
tcn,bandpass,20,independent_rms,all,auroc_MI,absolute,101,3,0.9089254485150007
tcn,bandpass,20,independent_rms,all,auroc_MI,absolute,202,3,0.9089156490275894
tcn,bandpass,20,independent_rms,all,auroc_MI,absolute,303,3,0.9093445650535203
tcn,bandpass,20,independent_rms,all,auroc_MI,absolute,404,3,0.9091221920699533
tcn,bandpass,20,independent_rms,all,auroc_MI,absolute,505,3,0.9088500678426051
tcn,bandpass,20,independent_rms,all,auroc_MI,clean_drop,101,3,0.0006927483793155812
tcn,bandpass,20,independent_rms,all,auroc_MI,clean_drop,202,3,0.0007025478667269288
tcn,bandpass,20,independent_rms,all,auroc_MI,clean_drop,303,3,0.0002736318407959108
tcn,bandpass,20,independent_rms,all,auroc_MI,clean_drop,404,3,0.0004960048243629981
tcn,bandpass,20,independent_rms,all,auroc_MI,clean_drop,505,3,0.0007681290517110861
tcn,bandpass,20,independent_rms,all,auroc_MI,normalized_robustness,101,3,0.9992376798046599
tcn,bandpass,20,independent_rms,all,auroc_MI,normalized_robustness,202,3,0.9992276674619234
tcn,bandpass,20,independent_rms,all,auroc_MI,normalized_robustness,303,3,0.9996996527069845
tcn,bandpass,20,independent_rms,all,auroc_MI,normalized_robustness,404,3,0.9994551354278206
tcn,bandpass,20,independent_rms,all,auroc_MI,normalized_robustness,505,3,0.9991561990721829
tcn,bandpass,20,independent_rms,all,auroc_NORM,absolute,101,3,0.9426576930819687
tcn,bandpass,20,independent_rms,all,auroc_NORM,absolute,202,3,0.9428787016398951
tcn,bandpass,20,independent_rms,all,auroc_NORM,absolute,303,3,0.9428650877444528
tcn,bandpass,20,independent_rms,all,auroc_NORM,absolute,404,3,0.9427067900027662
tcn,bandpass,20,independent_rms,all,auroc_NORM,absolute,505,3,0.9428193218831783
tcn,bandpass,20,independent_rms,all,auroc_NORM,clean_drop,101,3,0.0005586041991626859
tcn,bandpass,20,independent_rms,all,auroc_NORM,clean_drop,202,3,0.00033759564123625463
tcn,bandpass,20,independent_rms,all,auroc_NORM,clean_drop,303,3,0.00035120953667859095
tcn,bandpass,20,independent_rms,all,auroc_NORM,clean_drop,404,3,0.0005095072783650734
tcn,bandpass,20,independent_rms,all,auroc_NORM,clean_drop,505,3,0.0003969753979530625
tcn,bandpass,20,independent_rms,all,auroc_NORM,normalized_robustness,101,3,0.9994077612099269
tcn,bandpass,20,independent_rms,all,auroc_NORM,normalized_robustness,202,3,0.9996420499078473
tcn,bandpass,20,independent_rms,all,auroc_NORM,normalized_robustness,303,3,0.999627605338512
tcn,bandpass,20,independent_rms,all,auroc_NORM,normalized_robustness,404,3,0.9994597584432641
tcn,bandpass,20,independent_rms,all,auroc_NORM,normalized_robustness,505,3,0.9995790852091972
tcn,bandpass,20,independent_rms,all,auroc_STTC,absolute,101,3,0.9317912586848202
tcn,bandpass,20,independent_rms,all,auroc_STTC,absolute,202,3,0.9317861778427603
tcn,bandpass,20,independent_rms,all,auroc_STTC,absolute,303,3,0.9318557462955775
tcn,bandpass,20,independent_rms,all,auroc_STTC,absolute,404,3,0.9314930523393175
tcn,bandpass,20,independent_rms,all,auroc_STTC,absolute,505,3,0.9314371630766608
tcn,bandpass,20,independent_rms,all,auroc_STTC,clean_drop,101,3,-0.00021339536650655244
tcn,bandpass,20,independent_rms,all,auroc_STTC,clean_drop,202,3,-0.0002083145244467325
tcn,bandpass,20,independent_rms,all,auroc_STTC,clean_drop,303,3,-0.00027788297726398053
tcn,bandpass,20,independent_rms,all,auroc_STTC,clean_drop,404,3,8.481097899618965e-05
tcn,bandpass,20,independent_rms,all,auroc_STTC,clean_drop,505,3,0.00014070024165276548
tcn,bandpass,20,independent_rms,all,auroc_STTC,normalized_robustness,101,3,1.0002297231265584
tcn,bandpass,20,independent_rms,all,auroc_STTC,normalized_robustness,202,3,1.000224297795812
tcn,bandpass,20,independent_rms,all,auroc_STTC,normalized_robustness,303,3,1.0002987255433375
tcn,bandpass,20,independent_rms,all,auroc_STTC,normalized_robustness,404,3,0.9999098191826773
tcn,bandpass,20,independent_rms,all,auroc_STTC,normalized_robustness,505,3,0.9998494643436615
tcn,bandpass,20,independent_rms,all,brier,absolute,101,3,0.08966093758742011
tcn,bandpass,20,independent_rms,all,brier,absolute,202,3,0.08953428765137987
tcn,bandpass,20,independent_rms,all,brier,absolute,303,3,0.08942521363496776
tcn,bandpass,20,independent_rms,all,brier,absolute,404,3,0.08950270464022954
tcn,bandpass,20,independent_rms,all,brier,absolute,505,3,0.08955591171979904
tcn,bandpass,20,independent_rms,all,clean_agreement,absolute,101,3,0.9933271547729379
tcn,bandpass,20,independent_rms,all,clean_agreement,absolute,202,3,0.9941921532282979
tcn,bandpass,20,independent_rms,all,clean_agreement,absolute,303,3,0.9931417979610752
tcn,bandpass,20,independent_rms,all,clean_agreement,absolute,404,3,0.9939141180105034
tcn,bandpass,20,independent_rms,all,clean_agreement,absolute,505,3,0.9932344763670065
tcn,bandpass,20,independent_rms,all,ece,absolute,101,3,0.044786575533205635
tcn,bandpass,20,independent_rms,all,ece,absolute,202,3,0.044940439797103465
tcn,bandpass,20,independent_rms,all,ece,absolute,303,3,0.04483925459804607
tcn,bandpass,20,independent_rms,all,ece,absolute,404,3,0.04428226761810491
tcn,bandpass,20,independent_rms,all,ece,absolute,505,3,0.04443202883236457
tcn,bandpass,20,independent_rms,all,f1_CD,absolute,101,3,0.7452889786767147
tcn,bandpass,20,independent_rms,all,f1_CD,absolute,202,3,0.7437064469426963
tcn,bandpass,20,independent_rms,all,f1_CD,absolute,303,3,0.7427493255717054
tcn,bandpass,20,independent_rms,all,f1_CD,absolute,404,3,0.7437396939189168
tcn,bandpass,20,independent_rms,all,f1_CD,absolute,505,3,0.7446996914665046
tcn,bandpass,20,independent_rms,all,f1_CD,clean_drop,101,3,-0.0014124952284540286
tcn,bandpass,20,independent_rms,all,f1_CD,clean_drop,202,3,0.0001700365055644637
tcn,bandpass,20,independent_rms,all,f1_CD,clean_drop,303,3,0.0011271578765554107
tcn,bandpass,20,independent_rms,all,f1_CD,clean_drop,404,3,0.00013678952934392807
tcn,bandpass,20,independent_rms,all,f1_CD,clean_drop,505,3,-0.0008232080182438706
tcn,bandpass,20,independent_rms,all,f1_CD,normalized_robustness,101,3,1.0018721556987165
tcn,bandpass,20,independent_rms,all,f1_CD,normalized_robustness,202,3,0.9997875669943538
tcn,bandpass,20,independent_rms,all,f1_CD,normalized_robustness,303,3,0.9984910469548206
tcn,bandpass,20,independent_rms,all,f1_CD,normalized_robustness,404,3,0.9997951026859279
tcn,bandpass,20,independent_rms,all,f1_CD,normalized_robustness,505,3,1.0011203968960218
tcn,bandpass,20,independent_rms,all,f1_HYP,absolute,101,3,0.6114578386085326
tcn,bandpass,20,independent_rms,all,f1_HYP,absolute,202,3,0.6096181719224765
tcn,bandpass,20,independent_rms,all,f1_HYP,absolute,303,3,0.6049520943608454
tcn,bandpass,20,independent_rms,all,f1_HYP,absolute,404,3,0.6148045300803044
tcn,bandpass,20,independent_rms,all,f1_HYP,absolute,505,3,0.609824618640547
tcn,bandpass,20,independent_rms,all,f1_HYP,clean_drop,101,3,0.001949345591831723
tcn,bandpass,20,independent_rms,all,f1_HYP,clean_drop,202,3,0.00378901227788786
tcn,bandpass,20,independent_rms,all,f1_HYP,clean_drop,303,3,0.00845508983951889
tcn,bandpass,20,independent_rms,all,f1_HYP,clean_drop,404,3,-0.001397345879940189
tcn,bandpass,20,independent_rms,all,f1_HYP,clean_drop,505,3,0.0035825655598172856
tcn,bandpass,20,independent_rms,all,f1_HYP,normalized_robustness,101,3,0.9971504008624489
tcn,bandpass,20,independent_rms,all,f1_HYP,normalized_robustness,202,3,0.9939322902360218
tcn,bandpass,20,independent_rms,all,f1_HYP,normalized_robustness,303,3,0.9863975037812579
tcn,bandpass,20,independent_rms,all,f1_HYP,normalized_robustness,404,3,1.0023518397875262
tcn,bandpass,20,independent_rms,all,f1_HYP,normalized_robustness,505,3,0.9943007471197468
tcn,bandpass,20,independent_rms,all,f1_MI,absolute,101,3,0.7135753197278266
tcn,bandpass,20,independent_rms,all,f1_MI,absolute,202,3,0.7142014811988892
tcn,bandpass,20,independent_rms,all,f1_MI,absolute,303,3,0.7143928024821284
tcn,bandpass,20,independent_rms,all,f1_MI,absolute,404,3,0.7144391203533225
tcn,bandpass,20,independent_rms,all,f1_MI,absolute,505,3,0.7153175103947799
tcn,bandpass,20,independent_rms,all,f1_MI,clean_drop,101,3,0.0011335853250518113
tcn,bandpass,20,independent_rms,all,f1_MI,clean_drop,202,3,0.0005074238539894601
tcn,bandpass,20,independent_rms,all,f1_MI,clean_drop,303,3,0.0003161025707500986
tcn,bandpass,20,independent_rms,all,f1_MI,clean_drop,404,3,0.0002697846995561119
tcn,bandpass,20,independent_rms,all,f1_MI,clean_drop,505,3,-0.0006086053419012879
tcn,bandpass,20,independent_rms,all,f1_MI,normalized_robustness,101,3,0.9983981912451592
tcn,bandpass,20,independent_rms,all,f1_MI,normalized_robustness,202,3,0.9992618143966779
tcn,bandpass,20,independent_rms,all,f1_MI,normalized_robustness,303,3,0.9995589380644909
tcn,bandpass,20,independent_rms,all,f1_MI,normalized_robustness,404,3,0.9996406301434444
tcn,bandpass,20,independent_rms,all,f1_MI,normalized_robustness,505,3,1.0008408793208665
tcn,bandpass,20,independent_rms,all,f1_NORM,absolute,101,3,0.8567213760074659
tcn,bandpass,20,independent_rms,all,f1_NORM,absolute,202,3,0.8571841383533866
tcn,bandpass,20,independent_rms,all,f1_NORM,absolute,303,3,0.8572687936976
tcn,bandpass,20,independent_rms,all,f1_NORM,absolute,404,3,0.8587931002569453
tcn,bandpass,20,independent_rms,all,f1_NORM,absolute,505,3,0.8586114454116077
tcn,bandpass,20,independent_rms,all,f1_NORM,clean_drop,101,3,0.0009746548596140473
tcn,bandpass,20,independent_rms,all,f1_NORM,clean_drop,202,3,0.0005118925136933979
tcn,bandpass,20,independent_rms,all,f1_NORM,clean_drop,303,3,0.00042723716947993634
tcn,bandpass,20,independent_rms,all,f1_NORM,clean_drop,404,3,-0.0010970693898654238
tcn,bandpass,20,independent_rms,all,f1_NORM,clean_drop,505,3,-0.000915414544527778
tcn,bandpass,20,independent_rms,all,f1_NORM,normalized_robustness,101,3,0.9988633473316392
tcn,bandpass,20,independent_rms,all,f1_NORM,normalized_robustness,202,3,0.9994029971474006
tcn,bandpass,20,independent_rms,all,f1_NORM,normalized_robustness,303,3,0.9995014404172465
tcn,bandpass,20,independent_rms,all,f1_NORM,normalized_robustness,404,3,1.0012811548364617
tcn,bandpass,20,independent_rms,all,f1_NORM,normalized_robustness,505,3,1.0010692592725514
tcn,bandpass,20,independent_rms,all,f1_STTC,absolute,101,3,0.7716790061626608
tcn,bandpass,20,independent_rms,all,f1_STTC,absolute,202,3,0.7702715497035025
tcn,bandpass,20,independent_rms,all,f1_STTC,absolute,303,3,0.7727687216209875
tcn,bandpass,20,independent_rms,all,f1_STTC,absolute,404,3,0.7685469137873676
tcn,bandpass,20,independent_rms,all,f1_STTC,absolute,505,3,0.7699528500019316
tcn,bandpass,20,independent_rms,all,f1_STTC,clean_drop,101,3,0.0015560350567150143
tcn,bandpass,20,independent_rms,all,f1_STTC,clean_drop,202,3,0.00296349151587331
tcn,bandpass,20,independent_rms,all,f1_STTC,clean_drop,303,3,0.0004663195983883872
tcn,bandpass,20,independent_rms,all,f1_STTC,clean_drop,404,3,0.004688127432008231
tcn,bandpass,20,independent_rms,all,f1_STTC,clean_drop,505,3,0.0032821912174442933
tcn,bandpass,20,independent_rms,all,f1_STTC,normalized_robustness,101,3,0.9979917145578305
tcn,bandpass,20,independent_rms,all,f1_STTC,normalized_robustness,202,3,0.9961738132057754
tcn,bandpass,20,independent_rms,all,f1_STTC,normalized_robustness,303,3,0.9994103299263023
tcn,bandpass,20,independent_rms,all,f1_STTC,normalized_robustness,404,3,0.9939553437543832
tcn,bandpass,20,independent_rms,all,f1_STTC,normalized_robustness,505,3,0.9957449641184907
tcn,bandpass,20,independent_rms,all,macro_ap,absolute,101,3,0.8087342413083286
tcn,bandpass,20,independent_rms,all,macro_ap,absolute,202,3,0.8089570221066454
tcn,bandpass,20,independent_rms,all,macro_ap,absolute,303,3,0.8089359291781447
tcn,bandpass,20,independent_rms,all,macro_ap,absolute,404,3,0.8089992618846017
tcn,bandpass,20,independent_rms,all,macro_ap,absolute,505,3,0.8086497646228725
tcn,bandpass,20,independent_rms,all,macro_ap,clean_drop,101,3,0.00022342634228444958
tcn,bandpass,20,independent_rms,all,macro_ap,clean_drop,202,3,6.455439675034924e-07
tcn,bandpass,20,independent_rms,all,macro_ap,clean_drop,303,3,2.1738472468150565e-05
tcn,bandpass,20,independent_rms,all,macro_ap,clean_drop,404,3,-4.159423398875095e-05
tcn,bandpass,20,independent_rms,all,macro_ap,clean_drop,505,3,0.00030790302774041933
tcn,bandpass,20,independent_rms,all,macro_ap,normalized_robustness,101,3,0.9997231604971035
tcn,bandpass,20,independent_rms,all,macro_ap,normalized_robustness,202,3,0.9999989864402777
tcn,bandpass,20,independent_rms,all,macro_ap,normalized_robustness,303,3,0.9999715117032629
tcn,bandpass,20,independent_rms,all,macro_ap,normalized_robustness,404,3,1.0000511068595686
tcn,bandpass,20,independent_rms,all,macro_ap,normalized_robustness,505,3,0.9996187393758524
tcn,bandpass,20,independent_rms,all,macro_auroc,absolute,101,3,0.918601228347984
tcn,bandpass,20,independent_rms,all,macro_auroc,absolute,202,3,0.9186382284466214
tcn,bandpass,20,independent_rms,all,macro_auroc,absolute,303,3,0.9186656843060167
tcn,bandpass,20,independent_rms,all,macro_auroc,absolute,404,3,0.9186924770673285
tcn,bandpass,20,independent_rms,all,macro_auroc,absolute,505,3,0.9186013325465181
tcn,bandpass,20,independent_rms,all,macro_auroc,clean_drop,101,3,0.0002594402510129508
tcn,bandpass,20,independent_rms,all,macro_auroc,clean_drop,202,3,0.00022244015237545453
tcn,bandpass,20,independent_rms,all,macro_auroc,clean_drop,303,3,0.0001949842929801123
tcn,bandpass,20,independent_rms,all,macro_auroc,clean_drop,404,3,0.0001681915316683602
tcn,bandpass,20,independent_rms,all,macro_auroc,clean_drop,505,3,0.0002593360524788535
tcn,bandpass,20,independent_rms,all,macro_auroc,normalized_robustness,101,3,0.9997176077555525
tcn,bandpass,20,independent_rms,all,macro_auroc,normalized_robustness,202,3,0.999757972628129
tcn,bandpass,20,independent_rms,all,macro_auroc,normalized_robustness,303,3,0.9997876088765986
tcn,bandpass,20,independent_rms,all,macro_auroc,normalized_robustness,404,3,0.9998168492706832
tcn,bandpass,20,independent_rms,all,macro_auroc,normalized_robustness,505,3,0.9997179324988738
tcn,bandpass,20,independent_rms,all,macro_f1,absolute,101,3,0.7397445038366403
tcn,bandpass,20,independent_rms,all,macro_f1,absolute,202,3,0.7389963576241901
tcn,bandpass,20,independent_rms,all,macro_f1,absolute,303,3,0.7384263475466534
tcn,bandpass,20,independent_rms,all,macro_f1,absolute,404,3,0.7400646716793714
tcn,bandpass,20,independent_rms,all,macro_f1,absolute,505,3,0.7396812231830742
tcn,bandpass,20,independent_rms,all,macro_f1,clean_drop,101,3,0.0008402251209517209
tcn,bandpass,20,independent_rms,all,macro_f1,clean_drop,202,3,0.001588371333401728
tcn,bandpass,20,independent_rms,all,macro_f1,clean_drop,303,3,0.0021583814109384925
tcn,bandpass,20,independent_rms,all,macro_f1,clean_drop,404,3,0.0005200572782205759
tcn,bandpass,20,independent_rms,all,macro_f1,clean_drop,505,3,0.0009035057745177729
tcn,bandpass,20,independent_rms,all,macro_f1,normalized_robustness,101,3,0.9988671154357852
tcn,bandpass,20,independent_rms,all,macro_f1,normalized_robustness,202,3,0.9978576312329291
tcn,bandpass,20,independent_rms,all,macro_f1,normalized_robustness,303,3,0.9970946206097281
tcn,bandpass,20,independent_rms,all,macro_f1,normalized_robustness,404,3,0.9992954062201086
tcn,bandpass,20,independent_rms,all,macro_f1,normalized_robustness,505,3,0.9987863391510632
tcn,bandpass,20,independent_rms,all,mean_confidence,absolute,101,3,0.9087294936180115
tcn,bandpass,20,independent_rms,all,mean_confidence,absolute,202,3,0.9088630676269531
tcn,bandpass,20,independent_rms,all,mean_confidence,absolute,303,3,0.9087197184562683
tcn,bandpass,20,independent_rms,all,mean_confidence,absolute,404,3,0.9087071816126505
tcn,bandpass,20,independent_rms,all,mean_confidence,absolute,505,3,0.9088172117869059
tcn,bandpass,20,independent_rms,all,mean_entropy,absolute,101,3,0.2263082045954267
tcn,bandpass,20,independent_rms,all,mean_entropy,absolute,202,3,0.2261184843016791
tcn,bandpass,20,independent_rms,all,mean_entropy,absolute,303,3,0.22624625619151892
tcn,bandpass,20,independent_rms,all,mean_entropy,absolute,404,3,0.22635086582781563
tcn,bandpass,20,independent_rms,all,mean_entropy,absolute,505,3,0.22620116651072006
tcn,bandpass,20,independent_rms,all,mean_loss,absolute,101,3,0.29869985887565287
tcn,bandpass,20,independent_rms,all,mean_loss,absolute,202,3,0.298524892022823
tcn,bandpass,20,independent_rms,all,mean_loss,absolute,303,3,0.29831802826756787
tcn,bandpass,20,independent_rms,all,mean_loss,absolute,404,3,0.298376822515982
tcn,bandpass,20,independent_rms,all,mean_loss,absolute,505,3,0.2986461873835501
tcn,bandpass,20,independent_rms,all,micro_ap,absolute,101,3,0.844110474015536
tcn,bandpass,20,independent_rms,all,micro_ap,absolute,202,3,0.8443676860889155
tcn,bandpass,20,independent_rms,all,micro_ap,absolute,303,3,0.8443358750129614
tcn,bandpass,20,independent_rms,all,micro_ap,absolute,404,3,0.8442983431458885
tcn,bandpass,20,independent_rms,all,micro_ap,absolute,505,3,0.8440906459819458
tcn,bandpass,20,independent_rms,all,micro_auroc,absolute,101,3,0.928543135963074
tcn,bandpass,20,independent_rms,all,micro_auroc,absolute,202,3,0.9285872685936526
tcn,bandpass,20,independent_rms,all,micro_auroc,absolute,303,3,0.9286669506440601
tcn,bandpass,20,independent_rms,all,micro_auroc,absolute,404,3,0.9286371482436034
tcn,bandpass,20,independent_rms,all,micro_auroc,absolute,505,3,0.9285591007350691
tcn,bandpass,20,independent_rms,all,micro_f1,absolute,101,3,0.768954287884029
tcn,bandpass,20,independent_rms,all,micro_f1,absolute,202,3,0.7686525385376163
tcn,bandpass,20,independent_rms,all,micro_f1,absolute,303,3,0.7684440115276719
tcn,bandpass,20,independent_rms,all,micro_f1,absolute,404,3,0.7693517235657316
tcn,bandpass,20,independent_rms,all,micro_f1,absolute,505,3,0.7694260283666821
tcn,bandpass,20,independent_rms,all,probability_shift,absolute,101,3,0.005482598518331799
tcn,bandpass,20,independent_rms,all,probability_shift,absolute,202,3,0.005290952045470432
tcn,bandpass,20,independent_rms,all,probability_shift,absolute,303,3,0.005456391101082134
tcn,bandpass,20,independent_rms,all,probability_shift,absolute,404,3,0.005425832699984233
tcn,bandpass,20,independent_rms,all,probability_shift,absolute,505,3,0.005491013173013867
tcn,bandpass,20,marginal_shift,all,ap_CD,absolute,101,3,0.8348673224405752
tcn,bandpass,20,marginal_shift,all,ap_CD,absolute,202,3,0.8349782362054873
tcn,bandpass,20,marginal_shift,all,ap_CD,absolute,303,3,0.8344684341477867
tcn,bandpass,20,marginal_shift,all,ap_CD,absolute,404,3,0.8340361246043133
tcn,bandpass,20,marginal_shift,all,ap_CD,absolute,505,3,0.8346838082226151
tcn,bandpass,20,marginal_shift,all,ap_CD,clean_drop,101,3,0.00018057829713424844
tcn,bandpass,20,marginal_shift,all,ap_CD,clean_drop,202,3,6.966453222216155e-05
tcn,bandpass,20,marginal_shift,all,ap_CD,clean_drop,303,3,0.0005794665899227688
tcn,bandpass,20,marginal_shift,all,ap_CD,clean_drop,404,3,0.0010117761333960178
tcn,bandpass,20,marginal_shift,all,ap_CD,clean_drop,505,3,0.0003640925150943571
tcn,bandpass,20,marginal_shift,all,ap_CD,normalized_robustness,101,3,0.9997858145212621
tcn,bandpass,20,marginal_shift,all,ap_CD,normalized_robustness,202,3,0.9999187319386875
tcn,bandpass,20,marginal_shift,all,ap_CD,normalized_robustness,303,3,0.999306252441407
tcn,bandpass,20,marginal_shift,all,ap_CD,normalized_robustness,404,3,0.9987902282724715
tcn,bandpass,20,marginal_shift,all,ap_CD,normalized_robustness,505,3,0.9995656093347399
tcn,bandpass,20,marginal_shift,all,ap_HYP,absolute,101,3,0.6726405297273272
tcn,bandpass,20,marginal_shift,all,ap_HYP,absolute,202,3,0.671959830321065
tcn,bandpass,20,marginal_shift,all,ap_HYP,absolute,303,3,0.6727337464245116
tcn,bandpass,20,marginal_shift,all,ap_HYP,absolute,404,3,0.6715133819873209
tcn,bandpass,20,marginal_shift,all,ap_HYP,absolute,505,3,0.6732422847768741
tcn,bandpass,20,marginal_shift,all,ap_HYP,clean_drop,101,3,-0.0011525919099548327
tcn,bandpass,20,marginal_shift,all,ap_HYP,clean_drop,202,3,-0.0004718925036925059
tcn,bandpass,20,marginal_shift,all,ap_HYP,clean_drop,303,3,-0.0012458086071390762
tcn,bandpass,20,marginal_shift,all,ap_HYP,clean_drop,404,3,-2.544416994850381e-05
tcn,bandpass,20,marginal_shift,all,ap_HYP,clean_drop,505,3,-0.001754346959501607
tcn,bandpass,20,marginal_shift,all,ap_HYP,normalized_robustness,101,3,1.0017296800133635
tcn,bandpass,20,marginal_shift,all,ap_HYP,normalized_robustness,202,3,1.0007043753734475
tcn,bandpass,20,marginal_shift,all,ap_HYP,normalized_robustness,303,3,1.0018619531150872
tcn,bandpass,20,marginal_shift,all,ap_HYP,normalized_robustness,404,3,1.0000442188485683
tcn,bandpass,20,marginal_shift,all,ap_HYP,normalized_robustness,505,3,1.0026188756983538
tcn,bandpass,20,marginal_shift,all,ap_MI,absolute,101,3,0.7930715623782746
tcn,bandpass,20,marginal_shift,all,ap_MI,absolute,202,3,0.792751483303376
tcn,bandpass,20,marginal_shift,all,ap_MI,absolute,303,3,0.7935623589353121
tcn,bandpass,20,marginal_shift,all,ap_MI,absolute,404,3,0.7928305437225772
tcn,bandpass,20,marginal_shift,all,ap_MI,absolute,505,3,0.7931334455865668
tcn,bandpass,20,marginal_shift,all,ap_MI,clean_drop,101,3,0.0012612504093932146
tcn,bandpass,20,marginal_shift,all,ap_MI,clean_drop,202,3,0.0015813294842919785
tcn,bandpass,20,marginal_shift,all,ap_MI,clean_drop,303,3,0.0007704538523558199
tcn,bandpass,20,marginal_shift,all,ap_MI,clean_drop,404,3,0.0015022690650905817
tcn,bandpass,20,marginal_shift,all,ap_MI,clean_drop,505,3,0.0011993672011011425
tcn,bandpass,20,marginal_shift,all,ap_MI,normalized_robustness,101,3,0.9984091075028602
tcn,bandpass,20,marginal_shift,all,ap_MI,normalized_robustness,202,3,0.9980114243819515
tcn,bandpass,20,marginal_shift,all,ap_MI,normalized_robustness,303,3,0.9990270388241944
tcn,bandpass,20,marginal_shift,all,ap_MI,normalized_robustness,404,3,0.9981072872764277
tcn,bandpass,20,marginal_shift,all,ap_MI,normalized_robustness,505,3,0.9984946391695037
tcn,bandpass,20,marginal_shift,all,ap_NORM,absolute,101,3,0.9236395871826883
tcn,bandpass,20,marginal_shift,all,ap_NORM,absolute,202,3,0.9230622511255726
tcn,bandpass,20,marginal_shift,all,ap_NORM,absolute,303,3,0.9229932466625197
tcn,bandpass,20,marginal_shift,all,ap_NORM,absolute,404,3,0.9226135193348219
tcn,bandpass,20,marginal_shift,all,ap_NORM,absolute,505,3,0.9234824695374666
tcn,bandpass,20,marginal_shift,all,ap_NORM,clean_drop,101,3,1.7254915315974746e-05
tcn,bandpass,20,marginal_shift,all,ap_NORM,clean_drop,202,3,0.0005945909724316781
tcn,bandpass,20,marginal_shift,all,ap_NORM,clean_drop,303,3,0.0006635954354845172
tcn,bandpass,20,marginal_shift,all,ap_NORM,clean_drop,404,3,0.0010433227631823454
tcn,bandpass,20,marginal_shift,all,ap_NORM,clean_drop,505,3,0.00017437256053772407
tcn,bandpass,20,marginal_shift,all,ap_NORM,normalized_robustness,101,3,0.9999805193011838
tcn,bandpass,20,marginal_shift,all,ap_NORM,normalized_robustness,202,3,0.9993554909744327
tcn,bandpass,20,marginal_shift,all,ap_NORM,normalized_robustness,303,3,0.9992803252381991
tcn,bandpass,20,marginal_shift,all,ap_NORM,normalized_robustness,404,3,0.9988703471732373
tcn,bandpass,20,marginal_shift,all,ap_NORM,normalized_robustness,505,3,0.9998114159512009
tcn,bandpass,20,marginal_shift,all,ap_STTC,absolute,101,3,0.8211912043977749
tcn,bandpass,20,marginal_shift,all,ap_STTC,absolute,202,3,0.8206287583760415
tcn,bandpass,20,marginal_shift,all,ap_STTC,absolute,303,3,0.8213618978625279
tcn,bandpass,20,marginal_shift,all,ap_STTC,absolute,404,3,0.8209147387088888
tcn,bandpass,20,marginal_shift,all,ap_STTC,absolute,505,3,0.8215890554166313
tcn,bandpass,20,marginal_shift,all,ap_STTC,clean_drop,101,3,-0.0009283595854643334
tcn,bandpass,20,marginal_shift,all,ap_STTC,clean_drop,202,3,-0.0003659135637308723
tcn,bandpass,20,marginal_shift,all,ap_STTC,clean_drop,303,3,-0.0010990530502174023
tcn,bandpass,20,marginal_shift,all,ap_STTC,clean_drop,404,3,-0.0006518938965780855
tcn,bandpass,20,marginal_shift,all,ap_STTC,clean_drop,505,3,-0.001326210604320736
tcn,bandpass,20,marginal_shift,all,ap_STTC,normalized_robustness,101,3,1.0011351143572707
tcn,bandpass,20,marginal_shift,all,ap_STTC,normalized_robustness,202,3,1.0004504716173934
tcn,bandpass,20,marginal_shift,all,ap_STTC,normalized_robustness,303,3,1.0013445794281512
tcn,bandpass,20,marginal_shift,all,ap_STTC,normalized_robustness,404,3,1.0007997839473148
tcn,bandpass,20,marginal_shift,all,ap_STTC,normalized_robustness,505,3,1.0016188568507065
tcn,bandpass,20,marginal_shift,all,auroc_CD,absolute,101,3,0.912842248618713
tcn,bandpass,20,marginal_shift,all,auroc_CD,absolute,202,3,0.9129704301075269
tcn,bandpass,20,marginal_shift,all,auroc_CD,absolute,303,3,0.9124993530271858
tcn,bandpass,20,marginal_shift,all,auroc_CD,absolute,404,3,0.912354592860008
tcn,bandpass,20,marginal_shift,all,auroc_CD,absolute,505,3,0.9125684982467037
tcn,bandpass,20,marginal_shift,all,auroc_CD,clean_drop,101,3,-8.370210783751701e-05
tcn,bandpass,20,marginal_shift,all,auroc_CD,clean_drop,202,3,-0.00021188359665125223
tcn,bandpass,20,marginal_shift,all,auroc_CD,clean_drop,303,3,0.0002591934836897458
tcn,bandpass,20,marginal_shift,all,auroc_CD,clean_drop,404,3,0.000403953650867539
tcn,bandpass,20,marginal_shift,all,auroc_CD,clean_drop,505,3,0.0001900482641719048
tcn,bandpass,20,marginal_shift,all,auroc_CD,normalized_robustness,101,3,1.0000926303109445
tcn,bandpass,20,marginal_shift,all,auroc_CD,normalized_robustness,202,3,1.000233091977501
tcn,bandpass,20,marginal_shift,all,auroc_CD,normalized_robustness,303,3,0.9997161394412092
tcn,bandpass,20,marginal_shift,all,auroc_CD,normalized_robustness,404,3,0.9995579419294169
tcn,bandpass,20,marginal_shift,all,auroc_CD,normalized_robustness,505,3,0.9997922665961719
tcn,bandpass,20,marginal_shift,all,auroc_HYP,absolute,101,3,0.8971653192471628
tcn,bandpass,20,marginal_shift,all,auroc_HYP,absolute,202,3,0.8969901815526996
tcn,bandpass,20,marginal_shift,all,auroc_HYP,absolute,303,3,0.8970854671948981
tcn,bandpass,20,marginal_shift,all,auroc_HYP,absolute,404,3,0.89681168872999
tcn,bandpass,20,marginal_shift,all,auroc_HYP,absolute,505,3,0.8972887879666311
tcn,bandpass,20,marginal_shift,all,auroc_HYP,clean_drop,101,3,-3.2880256814915576e-05
tcn,bandpass,20,marginal_shift,all,auroc_HYP,clean_drop,202,3,0.0001422574376483965
tcn,bandpass,20,marginal_shift,all,auroc_HYP,clean_drop,303,3,4.69717954499164e-05
tcn,bandpass,20,marginal_shift,all,auroc_HYP,clean_drop,404,3,0.0003207502603579752
tcn,bandpass,20,marginal_shift,all,auroc_HYP,clean_drop,505,3,-0.0001563489762832123
tcn,bandpass,20,marginal_shift,all,auroc_HYP,normalized_robustness,101,3,1.000038888287851
tcn,bandpass,20,marginal_shift,all,auroc_HYP,normalized_robustness,202,3,0.9998434356996174
tcn,bandpass,20,marginal_shift,all,auroc_HYP,normalized_robustness,303,3,0.9999484028548015
tcn,bandpass,20,marginal_shift,all,auroc_HYP,normalized_robustness,404,3,0.9996438272298896
tcn,bandpass,20,marginal_shift,all,auroc_HYP,normalized_robustness,505,3,1.0001770750235366
tcn,bandpass,20,marginal_shift,all,auroc_MI,absolute,101,3,0.9091395296246042
tcn,bandpass,20,marginal_shift,all,auroc_MI,absolute,202,3,0.9091772199608021
tcn,bandpass,20,marginal_shift,all,auroc_MI,absolute,303,3,0.909213402683552
tcn,bandpass,20,marginal_shift,all,auroc_MI,absolute,404,3,0.9084705261570933
tcn,bandpass,20,marginal_shift,all,auroc_MI,absolute,505,3,0.9089842454394693
tcn,bandpass,20,marginal_shift,all,auroc_MI,clean_drop,101,3,0.00047866726971201867
tcn,bandpass,20,marginal_shift,all,auroc_MI,clean_drop,202,3,0.0004409769335140812
tcn,bandpass,20,marginal_shift,all,auroc_MI,clean_drop,303,3,0.0004047942107643365
tcn,bandpass,20,marginal_shift,all,auroc_MI,clean_drop,404,3,0.0011476707372228463
tcn,bandpass,20,marginal_shift,all,auroc_MI,clean_drop,505,3,0.0006339514548469408
tcn,bandpass,20,marginal_shift,all,auroc_MI,normalized_robustness,101,3,0.9994739023717835
tcn,bandpass,20,marginal_shift,all,auroc_MI,normalized_robustness,202,3,0.9995162831818155
tcn,bandpass,20,marginal_shift,all,auroc_MI,normalized_robustness,303,3,0.9995544270803768
tcn,bandpass,20,marginal_shift,all,auroc_MI,normalized_robustness,404,3,0.9987383829615389
tcn,bandpass,20,marginal_shift,all,auroc_MI,normalized_robustness,505,3,0.9993033531516481
tcn,bandpass,20,marginal_shift,all,auroc_NORM,absolute,101,3,0.9430843583582801
tcn,bandpass,20,marginal_shift,all,auroc_NORM,absolute,202,3,0.9426898450478007
tcn,bandpass,20,marginal_shift,all,auroc_NORM,absolute,303,3,0.9428128045928069
tcn,bandpass,20,marginal_shift,all,auroc_NORM,absolute,404,3,0.9425626854712218
tcn,bandpass,20,marginal_shift,all,auroc_NORM,absolute,505,3,0.9429829782858367
tcn,bandpass,20,marginal_shift,all,auroc_NORM,clean_drop,101,3,0.00013193892285127498
tcn,bandpass,20,marginal_shift,all,auroc_NORM,clean_drop,202,3,0.0005264522333305877
tcn,bandpass,20,marginal_shift,all,auroc_NORM,clean_drop,303,3,0.00040349268832440277
tcn,bandpass,20,marginal_shift,all,auroc_NORM,clean_drop,404,3,0.0006536118099095267
tcn,bandpass,20,marginal_shift,all,auroc_NORM,clean_drop,505,3,0.00023331899529458836
tcn,bandpass,20,marginal_shift,all,auroc_NORM,normalized_robustness,101,3,0.9998600451778229
tcn,bandpass,20,marginal_shift,all,auroc_NORM,normalized_robustness,202,3,0.9994418204044345
tcn,bandpass,20,marginal_shift,all,auroc_NORM,normalized_robustness,303,3,0.9995719856944779
tcn,bandpass,20,marginal_shift,all,auroc_NORM,normalized_robustness,404,3,0.9993070255994944
tcn,bandpass,20,marginal_shift,all,auroc_NORM,normalized_robustness,505,3,0.9997525553446408
tcn,bandpass,20,marginal_shift,all,auroc_STTC,absolute,101,3,0.9318080645470174
tcn,bandpass,20,marginal_shift,all,auroc_STTC,absolute,202,3,0.931489534833276
tcn,bandpass,20,marginal_shift,all,auroc_STTC,absolute,303,3,0.9318276062472473
tcn,bandpass,20,marginal_shift,all,auroc_STTC,absolute,404,3,0.9316779168234888
tcn,bandpass,20,marginal_shift,all,auroc_STTC,absolute,505,3,0.9318627813076602
tcn,bandpass,20,marginal_shift,all,auroc_STTC,clean_drop,101,3,-0.0002302012287038376
tcn,bandpass,20,marginal_shift,all,auroc_STTC,clean_drop,202,3,8.832848503751804e-05
tcn,bandpass,20,marginal_shift,all,auroc_STTC,clean_drop,303,3,-0.00024974292893353844
tcn,bandpass,20,marginal_shift,all,auroc_STTC,clean_drop,404,3,-0.00010005350517520532
tcn,bandpass,20,marginal_shift,all,auroc_STTC,clean_drop,505,3,-0.0002849179893466743
tcn,bandpass,20,marginal_shift,all,auroc_STTC,normalized_robustness,101,3,1.0002474328534057
tcn,bandpass,20,marginal_shift,all,auroc_STTC,normalized_robustness,202,3,0.9999057412082983
tcn,bandpass,20,marginal_shift,all,auroc_STTC,normalized_robustness,303,3,1.000268641047773
tcn,bandpass,20,marginal_shift,all,auroc_STTC,normalized_robustness,404,3,1.000108264463091
tcn,bandpass,20,marginal_shift,all,auroc_STTC,normalized_robustness,505,3,1.0003058819342467
tcn,bandpass,20,marginal_shift,all,brier,absolute,101,3,0.08942511429389315
tcn,bandpass,20,marginal_shift,all,brier,absolute,202,3,0.08957957973082857
tcn,bandpass,20,marginal_shift,all,brier,absolute,303,3,0.08942384272813793
tcn,bandpass,20,marginal_shift,all,brier,absolute,404,3,0.08964162816603977
tcn,bandpass,20,marginal_shift,all,brier,absolute,505,3,0.08941741039355593
tcn,bandpass,20,marginal_shift,all,clean_agreement,absolute,101,3,0.9933271547729379
tcn,bandpass,20,marginal_shift,all,clean_agreement,absolute,202,3,0.9936360827927091
tcn,bandpass,20,marginal_shift,all,clean_agreement,absolute,303,3,0.9934507259808463
tcn,bandpass,20,marginal_shift,all,clean_agreement,absolute,404,3,0.9937905468025949
tcn,bandpass,20,marginal_shift,all,clean_agreement,absolute,505,3,0.9939141180105034
tcn,bandpass,20,marginal_shift,all,ece,absolute,101,3,0.0446688218840366
tcn,bandpass,20,marginal_shift,all,ece,absolute,202,3,0.04612818168284027
tcn,bandpass,20,marginal_shift,all,ece,absolute,303,3,0.044850706320329635
tcn,bandpass,20,marginal_shift,all,ece,absolute,404,3,0.044892433546322365
tcn,bandpass,20,marginal_shift,all,ece,absolute,505,3,0.044875395569086006
tcn,bandpass,20,marginal_shift,all,f1_CD,absolute,101,3,0.7433924559303731
tcn,bandpass,20,marginal_shift,all,f1_CD,absolute,202,3,0.7436354803760606
tcn,bandpass,20,marginal_shift,all,f1_CD,absolute,303,3,0.7439590516267373
tcn,bandpass,20,marginal_shift,all,f1_CD,absolute,404,3,0.7447070732454927
tcn,bandpass,20,marginal_shift,all,f1_CD,absolute,505,3,0.743313445734335
tcn,bandpass,20,marginal_shift,all,f1_CD,clean_drop,101,3,0.00048402751788774917
tcn,bandpass,20,marginal_shift,all,f1_CD,clean_drop,202,3,0.00024100307219998562
tcn,bandpass,20,marginal_shift,all,f1_CD,clean_drop,303,3,-8.256817847651643e-05
tcn,bandpass,20,marginal_shift,all,f1_CD,clean_drop,404,3,-0.0008305897972317547
tcn,bandpass,20,marginal_shift,all,f1_CD,clean_drop,505,3,0.0005630377139257773
tcn,bandpass,20,marginal_shift,all,f1_CD,normalized_robustness,101,3,0.9993543072546651
tcn,bandpass,20,marginal_shift,all,f1_CD,normalized_robustness,202,3,0.9996884102731679
tcn,bandpass,20,marginal_shift,all,f1_CD,normalized_robustness,303,3,1.000086917907785
tcn,bandpass,20,marginal_shift,all,f1_CD,normalized_robustness,404,3,1.0011197866720594
tcn,bandpass,20,marginal_shift,all,f1_CD,normalized_robustness,505,3,0.9992329138662633
tcn,bandpass,20,marginal_shift,all,f1_HYP,absolute,101,3,0.6112785721046973
tcn,bandpass,20,marginal_shift,all,f1_HYP,absolute,202,3,0.6127279884671887
tcn,bandpass,20,marginal_shift,all,f1_HYP,absolute,303,3,0.6127815379248267
tcn,bandpass,20,marginal_shift,all,f1_HYP,absolute,404,3,0.6118535988819008
tcn,bandpass,20,marginal_shift,all,f1_HYP,absolute,505,3,0.6104016706466048
tcn,bandpass,20,marginal_shift,all,f1_HYP,clean_drop,101,3,0.0021286120956670596
tcn,bandpass,20,marginal_shift,all,f1_HYP,clean_drop,202,3,0.0006791957331755786
tcn,bandpass,20,marginal_shift,all,f1_HYP,clean_drop,303,3,0.000625646275537628
tcn,bandpass,20,marginal_shift,all,f1_HYP,clean_drop,404,3,0.0015535853184635389
tcn,bandpass,20,marginal_shift,all,f1_HYP,clean_drop,505,3,0.0030055135537595166
tcn,bandpass,20,marginal_shift,all,f1_HYP,normalized_robustness,101,3,0.9966902554546279
tcn,bandpass,20,marginal_shift,all,f1_HYP,normalized_robustness,202,3,0.998900331743965
tcn,bandpass,20,marginal_shift,all,f1_HYP,normalized_robustness,303,3,0.9991331071062381
tcn,bandpass,20,marginal_shift,all,f1_HYP,normalized_robustness,404,3,0.9975615664891819
tcn,bandpass,20,marginal_shift,all,f1_HYP,normalized_robustness,505,3,0.9954124965132319
tcn,bandpass,20,marginal_shift,all,f1_MI,absolute,101,3,0.7148408957118523
tcn,bandpass,20,marginal_shift,all,f1_MI,absolute,202,3,0.7119606363366171
tcn,bandpass,20,marginal_shift,all,f1_MI,absolute,303,3,0.713951107884117
tcn,bandpass,20,marginal_shift,all,f1_MI,absolute,404,3,0.716203493385246
tcn,bandpass,20,marginal_shift,all,f1_MI,absolute,505,3,0.7152037971932942
tcn,bandpass,20,marginal_shift,all,f1_MI,clean_drop,101,3,-0.00013199065897366116
tcn,bandpass,20,marginal_shift,all,f1_MI,clean_drop,202,3,0.002748268716261474
tcn,bandpass,20,marginal_shift,all,f1_MI,clean_drop,303,3,0.0007577971687615648
tcn,bandpass,20,marginal_shift,all,f1_MI,clean_drop,404,3,-0.0014945883323674118
tcn,bandpass,20,marginal_shift,all,f1_MI,clean_drop,505,3,-0.0004948921404155371
tcn,bandpass,20,marginal_shift,all,f1_MI,normalized_robustness,101,3,1.000187527115707
tcn,bandpass,20,marginal_shift,all,f1_MI,normalized_robustness,202,3,0.9961531226882245
tcn,bandpass,20,marginal_shift,all,f1_MI,normalized_robustness,303,3,0.9989259670761411
tcn,bandpass,20,marginal_shift,all,f1_MI,normalized_robustness,404,3,1.0021139500824783
tcn,bandpass,20,marginal_shift,all,f1_MI,normalized_robustness,505,3,1.0006941220563583
tcn,bandpass,20,marginal_shift,all,f1_NORM,absolute,101,3,0.857927602580009
tcn,bandpass,20,marginal_shift,all,f1_NORM,absolute,202,3,0.8590269050891314
tcn,bandpass,20,marginal_shift,all,f1_NORM,absolute,303,3,0.8599539558268076
tcn,bandpass,20,marginal_shift,all,f1_NORM,absolute,404,3,0.8586153042063724
tcn,bandpass,20,marginal_shift,all,f1_NORM,absolute,505,3,0.8594910551678624
tcn,bandpass,20,marginal_shift,all,f1_NORM,clean_drop,101,3,-0.00023157171292909062
tcn,bandpass,20,marginal_shift,all,f1_NORM,clean_drop,202,3,-0.0013308742220515812
tcn,bandpass,20,marginal_shift,all,f1_NORM,clean_drop,303,3,-0.00225792495972769
tcn,bandpass,20,marginal_shift,all,f1_NORM,clean_drop,404,3,-0.0009192733392925367
tcn,bandpass,20,marginal_shift,all,f1_NORM,clean_drop,505,3,-0.0017950243007824513
tcn,bandpass,20,marginal_shift,all,f1_NORM,normalized_robustness,101,3,1.0002719653956935
tcn,bandpass,20,marginal_shift,all,f1_NORM,normalized_robustness,202,3,1.0015528500519426
tcn,bandpass,20,marginal_shift,all,f1_NORM,normalized_robustness,303,3,1.0026327803548725
tcn,bandpass,20,marginal_shift,all,f1_NORM,normalized_robustness,404,3,1.0010736606681017
tcn,bandpass,20,marginal_shift,all,f1_NORM,normalized_robustness,505,3,1.002096198278169
tcn,bandpass,20,marginal_shift,all,f1_STTC,absolute,101,3,0.7710651982954738
tcn,bandpass,20,marginal_shift,all,f1_STTC,absolute,202,3,0.7707556788542704
tcn,bandpass,20,marginal_shift,all,f1_STTC,absolute,303,3,0.7709528838077727
tcn,bandpass,20,marginal_shift,all,f1_STTC,absolute,404,3,0.7720220552919158
tcn,bandpass,20,marginal_shift,all,f1_STTC,absolute,505,3,0.7726931668355617
tcn,bandpass,20,marginal_shift,all,f1_STTC,clean_drop,101,3,0.002169842923902173
tcn,bandpass,20,marginal_shift,all,f1_STTC,clean_drop,202,3,0.0024793623651054495
tcn,bandpass,20,marginal_shift,all,f1_STTC,clean_drop,303,3,0.002282157411603092
tcn,bandpass,20,marginal_shift,all,f1_STTC,clean_drop,404,3,0.0012129859274601085
tcn,bandpass,20,marginal_shift,all,f1_STTC,clean_drop,505,3,0.0005418743838142189
tcn,bandpass,20,marginal_shift,all,f1_STTC,normalized_robustness,101,3,0.9971960136571321
tcn,bandpass,20,marginal_shift,all,f1_STTC,normalized_robustness,202,3,0.9968075561974405
tcn,bandpass,20,marginal_shift,all,f1_STTC,normalized_robustness,303,3,0.9970369059372075
tcn,bandpass,20,marginal_shift,all,f1_STTC,normalized_robustness,404,3,0.9984458080469372
tcn,bandpass,20,marginal_shift,all,f1_STTC,normalized_robustness,505,3,0.9993107383663405
tcn,bandpass,20,marginal_shift,all,macro_ap,absolute,101,3,0.8090820412253281
tcn,bandpass,20,marginal_shift,all,macro_ap,absolute,202,3,0.8086761118663084
tcn,bandpass,20,marginal_shift,all,macro_ap,absolute,303,3,0.8090239368065316
tcn,bandpass,20,marginal_shift,all,macro_ap,absolute,404,3,0.8083816616715844
tcn,bandpass,20,marginal_shift,all,macro_ap,absolute,505,3,0.8092262127080306
tcn,bandpass,20,marginal_shift,all,macro_ap,clean_drop,101,3,-0.00012437357471510127
tcn,bandpass,20,marginal_shift,all,macro_ap,clean_drop,202,3,0.0002815557843045176
tcn,bandpass,20,marginal_shift,all,macro_ap,clean_drop,303,3,-6.626915591867455e-05
tcn,bandpass,20,marginal_shift,all,macro_ap,clean_drop,404,3,0.0005760059790284785
tcn,bandpass,20,marginal_shift,all,macro_ap,clean_drop,505,3,-0.00026854505741776463
tcn,bandpass,20,marginal_shift,all,macro_ap,normalized_robustness,101,3,1.0001543090613552
tcn,bandpass,20,marginal_shift,all,macro_ap,normalized_robustness,202,3,0.99965129187939
tcn,bandpass,20,marginal_shift,all,macro_ap,normalized_robustness,303,3,1.0000808584467646
tcn,bandpass,20,marginal_shift,all,macro_ap,normalized_robustness,404,3,0.9992877452225483
tcn,bandpass,20,marginal_shift,all,macro_ap,normalized_robustness,505,3,1.0003320978954362
tcn,bandpass,20,marginal_shift,all,macro_auroc,absolute,101,3,0.9188079040791556
tcn,bandpass,20,marginal_shift,all,macro_auroc,absolute,202,3,0.9186634423004211
tcn,bandpass,20,marginal_shift,all,macro_auroc,absolute,303,3,0.9186877267491379
tcn,bandpass,20,marginal_shift,all,macro_auroc,absolute,404,3,0.9183754820083605
tcn,bandpass,20,marginal_shift,all,macro_auroc,absolute,505,3,0.9187374582492601
tcn,bandpass,20,marginal_shift,all,macro_auroc,clean_drop,101,3,5.276451984137509e-05
tcn,bandpass,20,marginal_shift,all,macro_auroc,clean_drop,202,3,0.00019722629857591803
tcn,bandpass,20,marginal_shift,all,macro_auroc,clean_drop,303,3,0.00017294184985905403
tcn,bandpass,20,marginal_shift,all,macro_auroc,clean_drop,404,3,0.000485186590636381
tcn,bandpass,20,marginal_shift,all,macro_auroc,clean_drop,505,3,0.0001232103497367243
tcn,bandpass,20,marginal_shift,all,macro_auroc,normalized_robustness,101,3,0.9999426865942889
tcn,bandpass,20,marginal_shift,all,macro_auroc,normalized_robustness,202,3,0.9997853339647351
tcn,bandpass,20,marginal_shift,all,macro_auroc,normalized_robustness,303,3,0.9998113871666185
tcn,bandpass,20,marginal_shift,all,macro_auroc,normalized_robustness,404,3,0.9994720375389733
tcn,bandpass,20,marginal_shift,all,macro_auroc,normalized_robustness,505,3,0.9998660945076662
tcn,bandpass,20,marginal_shift,all,macro_f1,absolute,101,3,0.7397009449244809
tcn,bandpass,20,marginal_shift,all,macro_f1,absolute,202,3,0.7396213378246538
tcn,bandpass,20,marginal_shift,all,macro_f1,absolute,303,3,0.7403197074140522
tcn,bandpass,20,marginal_shift,all,macro_f1,absolute,404,3,0.7406803050021855
tcn,bandpass,20,marginal_shift,all,macro_f1,absolute,505,3,0.7402206271155315
tcn,bandpass,20,marginal_shift,all,macro_f1,clean_drop,101,3,0.0008837840331108829
tcn,bandpass,20,marginal_shift,all,macro_f1,clean_drop,202,3,0.0009633911329381591
tcn,bandpass,20,marginal_shift,all,macro_f1,clean_drop,303,3,0.0002650215435396526
tcn,bandpass,20,marginal_shift,all,macro_f1,clean_drop,404,3,-9.55760445935742e-05
tcn,bandpass,20,marginal_shift,all,macro_f1,clean_drop,505,3,0.00036410184206029744
tcn,bandpass,20,marginal_shift,all,macro_f1,normalized_robustness,101,3,0.9988176976381727
tcn,bandpass,20,marginal_shift,all,macro_f1,normalized_robustness,202,3,0.9986964611632819
tcn,bandpass,20,marginal_shift,all,macro_f1,normalized_robustness,303,3,0.9996344673359158
tcn,bandpass,20,marginal_shift,all,macro_f1,normalized_robustness,404,3,1.0001375646739132
tcn,bandpass,20,marginal_shift,all,macro_f1,normalized_robustness,505,3,0.9995088280273281
tcn,bandpass,20,marginal_shift,all,mean_confidence,absolute,101,3,0.9088331659634908
tcn,bandpass,20,marginal_shift,all,mean_confidence,absolute,202,3,0.9087427854537964
tcn,bandpass,20,marginal_shift,all,mean_confidence,absolute,303,3,0.9087851643562317
tcn,bandpass,20,marginal_shift,all,mean_confidence,absolute,404,3,0.908792237440745
tcn,bandpass,20,marginal_shift,all,mean_confidence,absolute,505,3,0.9087931513786316
tcn,bandpass,20,marginal_shift,all,mean_entropy,absolute,101,3,0.2261193492552387
tcn,bandpass,20,marginal_shift,all,mean_entropy,absolute,202,3,0.2262895697207933
tcn,bandpass,20,marginal_shift,all,mean_entropy,absolute,303,3,0.22615388856156982
tcn,bandpass,20,marginal_shift,all,mean_entropy,absolute,404,3,0.2261844307926667
tcn,bandpass,20,marginal_shift,all,mean_entropy,absolute,505,3,0.2261465296088785
tcn,bandpass,20,marginal_shift,all,mean_loss,absolute,101,3,0.2981788286754247
tcn,bandpass,20,marginal_shift,all,mean_loss,absolute,202,3,0.2985581727739965
tcn,bandpass,20,marginal_shift,all,mean_loss,absolute,303,3,0.2982642030363989
tcn,bandpass,20,marginal_shift,all,mean_loss,absolute,404,3,0.2990210457716123
tcn,bandpass,20,marginal_shift,all,mean_loss,absolute,505,3,0.29821760599010966
tcn,bandpass,20,marginal_shift,all,micro_ap,absolute,101,3,0.8445940174245893
tcn,bandpass,20,marginal_shift,all,micro_ap,absolute,202,3,0.8440975213480687
tcn,bandpass,20,marginal_shift,all,micro_ap,absolute,303,3,0.8443934614738117
tcn,bandpass,20,marginal_shift,all,micro_ap,absolute,404,3,0.8437432524067416
tcn,bandpass,20,marginal_shift,all,micro_ap,absolute,505,3,0.8445049037952929
tcn,bandpass,20,marginal_shift,all,micro_auroc,absolute,101,3,0.9287544993937119
tcn,bandpass,20,marginal_shift,all,micro_auroc,absolute,202,3,0.9286157947079895
tcn,bandpass,20,marginal_shift,all,micro_auroc,absolute,303,3,0.9287186365000992
tcn,bandpass,20,marginal_shift,all,micro_auroc,absolute,404,3,0.9284146191753287
tcn,bandpass,20,marginal_shift,all,micro_auroc,absolute,505,3,0.9287129267990352
tcn,bandpass,20,marginal_shift,all,micro_f1,absolute,101,3,0.7692412326604977
tcn,bandpass,20,marginal_shift,all,micro_f1,absolute,202,3,0.7691008604102129
tcn,bandpass,20,marginal_shift,all,micro_f1,absolute,303,3,0.7698911379932949
tcn,bandpass,20,marginal_shift,all,micro_f1,absolute,404,3,0.7701420636849363
tcn,bandpass,20,marginal_shift,all,micro_f1,absolute,505,3,0.770080886115899
tcn,bandpass,20,marginal_shift,all,probability_shift,absolute,101,3,0.005428807809948866
tcn,bandpass,20,marginal_shift,all,probability_shift,absolute,202,3,0.005400074956317666
tcn,bandpass,20,marginal_shift,all,probability_shift,absolute,303,3,0.005420113137612668
tcn,bandpass,20,marginal_shift,all,probability_shift,absolute,404,3,0.0053870781945685
tcn,bandpass,20,marginal_shift,all,probability_shift,absolute,505,3,0.005371418315917201
