model,train_seed,case_id,condition,mode,snr_db,noise_seed,source_prediction_id,prediction_path,prediction_sha256,checkpoint_sha256,input_sha256,macro_auroc,original_macro_auroc,unit,n_records,n_patients,aggregation_weight,source_status,auroc_NORM,n_positive_NORM,n_negative_NORM,auroc_MI,n_positive_MI,n_negative_MI,auroc_STTC,n_positive_STTC,n_negative_STTC,auroc_CD,n_positive_CD,n_negative_CD,auroc_HYP,n_positive_HYP,n_negative_HYP
resnet,17,E__snr_0__noise_101,E,,0.0,101.0,e4be91965cfcb2a30b9f2971d722bba562597f137f2e74f0c3cb246e6a702530,methodology_supplement/results/predictions/full/resnet/seed_17/standard__n101__electrode__snr0.npz,e4be91965cfcb2a30b9f2971d722bba562597f137f2e74f0c3cb246e6a702530,ae1af3b6f26199f28384c78976613cac3bbf3b73d74995a9807710c0bc2f274f,e372ac625f7d1fdca9a8dbef6073c43da2445cc0f77fffa03ae2ab075bb8f2b5,0.7985149450840853,0.7985149450840854,fraction,2158,1877,1,original_probabilities_verified,0.8659549785581147,963,1195,0.6855427408412483,550,1608,0.7759290026580621,521,1637,0.8238046368541594,496,1662,0.8413433665088415,262,1896
resnet,17,E__snr_0__noise_202,E,,0.0,202.0,5a0ae714ffe945896bf40bbfc75a258c7ed6135325040bd27358acdd94b2b527,methodology_supplement/results/predictions/full/resnet/seed_17/standard__n202__electrode__snr0.npz,5a0ae714ffe945896bf40bbfc75a258c7ed6135325040bd27358acdd94b2b527,ae1af3b6f26199f28384c78976613cac3bbf3b73d74995a9807710c0bc2f274f,ebb2e60939c20fbdc7021b503b4154d20dc64e8743aade8ff0162325fc376218,0.7991294749440382,0.7991294749440382,fraction,2158,1877,1,original_probabilities_verified,0.8616961465434464,963,1195,0.6956399819086386,550,1608,0.7819111079323279,521,1637,0.809828810993362,496,1662,0.8465713273424164,262,1896
resnet,17,E__snr_0__noise_303,E,,0.0,303.0,f01c8de20b42636c3926d928e0e0ac8e282095d4402f46eb6e196a2ec98de86e,methodology_supplement/results/predictions/full/resnet/seed_17/standard__n303__electrode__snr0.npz,f01c8de20b42636c3926d928e0e0ac8e282095d4402f46eb6e196a2ec98de86e,ae1af3b6f26199f28384c78976613cac3bbf3b73d74995a9807710c0bc2f274f,b857ed34aea876a9ea653fb6930a38eb9b517ecf2c81adc409178a704a80ef37,0.8000748752917957,0.8000748752917957,fraction,2158,1877,1,original_probabilities_verified,0.8702285830976246,963,1195,0.700736092265943,550,1608,0.7750425911356503,521,1637,0.8216417258646792,496,1662,0.8327253840950817,262,1896
resnet,17,E__snr_0__noise_404,E,,0.0,404.0,13ecd8476d3021aefbeb1b4a5447d520b1339b99b4465bb3bc98f42bce49bad5,methodology_supplement/results/predictions/full/resnet/seed_17/standard__n404__electrode__snr0.npz,13ecd8476d3021aefbeb1b4a5447d520b1339b99b4465bb3bc98f42bce49bad5,ae1af3b6f26199f28384c78976613cac3bbf3b73d74995a9807710c0bc2f274f,0cbfd65142656d2a4539e8a5e14d4477612faf9c6c24ff0f5d758e573cb0c418,0.7969469424330928,0.7969469424330928,fraction,2158,1877,1,original_probabilities_verified,0.8605864692362171,963,1195,0.6929409769335142,550,1608,0.7701004951476004,521,1637,0.8222676720624199,496,1662,0.838839098785712,262,1896
resnet,17,E__snr_0__noise_505,E,,0.0,505.0,f2ac80c0b1611384c7dc48f287ffcccf0a0b26f41a0c265a852e82c1142e71d3,methodology_supplement/results/predictions/full/resnet/seed_17/standard__n505__electrode__snr0.npz,f2ac80c0b1611384c7dc48f287ffcccf0a0b26f41a0c265a852e82c1142e71d3,ae1af3b6f26199f28384c78976613cac3bbf3b73d74995a9807710c0bc2f274f,42b6424cc834cef160a7cb3f74c5dfcc17f21eeab757205a60a26c8986fbff79,0.7957601564642574,0.7957601564642574,fraction,2158,1877,1,original_probabilities_verified,0.8667483500393209,963,1195,0.6773009950248756,550,1608,0.7727268996584502,521,1637,0.8191391541477427,496,1662,0.842885383450897,262,1896
resnet,17,E__snr_0__noise_8128,E,,0.0,8128.0,4979fdb0a07d7abeda7d5534c4a9959f6b5743c95ec8f6cac7cfeba04fee92e2,methodology_supplement/results/predictions/full/resnet/seed_17/standard__n8128__electrode__snr0.npz,4979fdb0a07d7abeda7d5534c4a9959f6b5743c95ec8f6cac7cfeba04fee92e2,ae1af3b6f26199f28384c78976613cac3bbf3b73d74995a9807710c0bc2f274f,b7f3d1fc39ef41f0c7e5fde19c9fdb33643f418220b5beae2b4a25b68357b149,0.7990824977545261,0.7990824977545261,fraction,2158,1877,1,original_probabilities_verified,0.8666119214275473,963,1195,0.6923846675712347,550,1608,0.7823003786009003,521,1637,0.8163272485540157,496,1662,0.8377882726189326,262,1896
resnet,17,E__snr_10__noise_101,E,,10.0,101.0,c440664ee314ec752ac7229cee85915998bc97bf2ad37a09b645bbf1ee6b7db3,methodology_supplement/results/predictions/full/resnet/seed_17/standard__n101__electrode__snr10.npz,c440664ee314ec752ac7229cee85915998bc97bf2ad37a09b645bbf1ee6b7db3,ae1af3b6f26199f28384c78976613cac3bbf3b73d74995a9807710c0bc2f274f,e1c5a093c971f8dd322ef87c4a61793f2d978a2d00dc936ce1086c33dc58d528,0.8914425509793175,0.8914425509793175,fraction,2158,1877,1,original_probabilities_verified,0.9256255512541439,963,1195,0.8670171867933062,550,1608,0.8996150675888785,521,1637,0.8898079946430651,496,1662,0.8751469546171933,262,1896
resnet,17,E__snr_10__noise_202,E,,10.0,202.0,bad4ff9052b75e87e847cea908c19b7f70b2296a4a20b2611f9cb6bc77abfe03,methodology_supplement/results/predictions/full/resnet/seed_17/standard__n202__electrode__snr10.npz,bad4ff9052b75e87e847cea908c19b7f70b2296a4a20b2611f9cb6bc77abfe03,ae1af3b6f26199f28384c78976613cac3bbf3b73d74995a9807710c0bc2f274f,3d70887ac00be71d38641e553b5714375d65d43e8ab541234506fbea4dc34e40,0.8917487241838689,0.8917487241838687,fraction,2158,1877,1,original_probabilities_verified,0.9238345998600955,963,1195,0.8698394391677974,550,1608,0.9008110196429262,521,1637,0.8875977737665464,496,1662,0.8766607884819789,262,1896
resnet,17,E__snr_10__noise_303,E,,10.0,303.0,5756f174b7f1e4069d1610e8cfaefccbc7de565a5480cd1810ad0be34ddacbeb,methodology_supplement/results/predictions/full/resnet/seed_17/standard__n303__electrode__snr10.npz,5756f174b7f1e4069d1610e8cfaefccbc7de565a5480cd1810ad0be34ddacbeb,ae1af3b6f26199f28384c78976613cac3bbf3b73d74995a9807710c0bc2f274f,d27221228a6175077197c5969fe2e636abdf77f352110f583ed6244c3f94b2e2,0.8896601076575357,0.8896601076575358,fraction,2158,1877,1,original_probabilities_verified,0.9232019882080493,963,1195,0.8651243781094528,550,1608,0.8964493121516937,521,1637,0.8892475544427623,496,1662,0.8742773053757207,262,1896
resnet,17,E__snr_10__noise_404,E,,10.0,404.0,6ff063ed929aab6be0f30fc52491c232ac7dbd17744989cd5dfc63430f4ad33d,methodology_supplement/results/predictions/full/resnet/seed_17/standard__n404__electrode__snr10.npz,6ff063ed929aab6be0f30fc52491c232ac7dbd17744989cd5dfc63430f4ad33d,ae1af3b6f26199f28384c78976613cac3bbf3b73d74995a9807710c0bc2f274f,fc7501548d880b83095d2309ef6e16796d4f009b3847b4e6d2f1d864bc9dfca1,0.8900499221381202,0.8900499221381203,fraction,2158,1877,1,original_probabilities_verified,0.9218550815313026,963,1195,0.8652894617819991,550,1608,0.898290140313316,521,1637,0.8910429040021738,496,1662,0.8737720230618096,262,1896
resnet,17,E__snr_10__noise_505,E,,10.0,505.0,2a88b1b8946740829575540d1c8a4cf5ac26ee9deaef86086599a4f6b49fdf72,methodology_supplement/results/predictions/full/resnet/seed_17/standard__n505__electrode__snr10.npz,2a88b1b8946740829575540d1c8a4cf5ac26ee9deaef86086599a4f6b49fdf72,ae1af3b6f26199f28384c78976613cac3bbf3b73d74995a9807710c0bc2f274f,c22add93be122130704cd51011c6203d71a117fed08f0ca09cfe5b2231db026f,0.8923196345221458,0.8923196345221458,fraction,2158,1877,1,original_probabilities_verified,0.9260756787757922,963,1195,0.8707225237449118,550,1608,0.900781707092582,521,1637,0.8884062876052948,496,1662,0.8756119753921474,262,1896
resnet,17,E__snr_10__noise_8128,E,,10.0,8128.0,bafea07e2c7e79562cdebed2f34953d653853610fc40466c77390d3e26ca3b57,methodology_supplement/results/predictions/full/resnet/seed_17/standard__n8128__electrode__snr10.npz,bafea07e2c7e79562cdebed2f34953d653853610fc40466c77390d3e26ca3b57,ae1af3b6f26199f28384c78976613cac3bbf3b73d74995a9807710c0bc2f274f,f3748f9ddb4fcc1a68c5173fc418ec9284195cab1bb36f491b124eebf0a7d449,0.8907495960777121,0.8907495960777119,fraction,2158,1877,1,original_probabilities_verified,0.9255873164839653,963,1195,0.8670364088647671,550,1608,0.900235321154164,521,1637,0.8862573269671209,496,1662,0.8746316069185428,262,1896
resnet,17,E__snr_5__noise_101,E,,5.0,101.0,117f76ef961995fc0cd6f38b829bfb1fc1d944f44a2574229070e3893ce2fbd4,methodology_supplement/results/predictions/full/resnet/seed_17/standard__n101__electrode__snr5.npz,117f76ef961995fc0cd6f38b829bfb1fc1d944f44a2574229070e3893ce2fbd4,ae1af3b6f26199f28384c78976613cac3bbf3b73d74995a9807710c0bc2f274f,a9b52831e24c7768419b845bb3083af3c8a16ec5e32b5fdb5b13c78d41daae5a,0.8631441387302846,0.8631441387302846,fraction,2158,1877,1,original_probabilities_verified,0.9107296323813745,963,1195,0.8179816824966079,550,1608,0.8612613542163758,521,1637,0.872656340980552,496,1662,0.853091683576513,262,1896
resnet,17,E__snr_5__noise_202,E,,5.0,202.0,2e012fdacaf1205ec6f2249d082c40084bf4901147935b514a8c365adeced0d0,methodology_supplement/results/predictions/full/resnet/seed_17/standard__n202__electrode__snr5.npz,2e012fdacaf1205ec6f2249d082c40084bf4901147935b514a8c365adeced0d0,ae1af3b6f26199f28384c78976613cac3bbf3b73d74995a9807710c0bc2f274f,6c3f29be5575354876cd0d27a39ced457ab439a24964f15c6afe323c5cda1cd5,0.8648324224718704,0.8648324224718704,fraction,2158,1877,1,original_probabilities_verified,0.9109477443658025,963,1195,0.8205563093622795,550,1608,0.8671086217590579,521,1637,0.8643188831955281,496,1662,0.8612305536766838,262,1896
resnet,17,E__snr_5__noise_303,E,,5.0,303.0,fdef5a8bcf144726adbb268ed69ff5680d2e83db69bc6bcc8b7a091885d99f4e,methodology_supplement/results/predictions/full/resnet/seed_17/standard__n303__electrode__snr5.npz,fdef5a8bcf144726adbb268ed69ff5680d2e83db69bc6bcc8b7a091885d99f4e,ae1af3b6f26199f28384c78976613cac3bbf3b73d74995a9807710c0bc2f274f,11085aab3b59af30ed304293a4d6b71096b369fe6a48bc66e37a8d7f0b8ef749,0.8636387510815426,0.8636387510815424,fraction,2158,1877,1,original_probabilities_verified,0.9111710701825276,963,1195,0.8183186341022162,550,1608,0.8617924976286147,521,1637,0.8702204883350801,496,1662,0.8566910651592746,262,1896
resnet,17,E__snr_5__noise_404,E,,5.0,404.0,172ab8415a64dd03ddf424e6fc3f15cfcbfd2141af1365b5fd9968a999b70dec,methodology_supplement/results/predictions/full/resnet/seed_17/standard__n404__electrode__snr5.npz,172ab8415a64dd03ddf424e6fc3f15cfcbfd2141af1365b5fd9968a999b70dec,ae1af3b6f26199f28384c78976613cac3bbf3b73d74995a9807710c0bc2f274f,b87c690599f9e43fd18ff01ff673d41836632423c4e2b1a4f7594389236e9e02,0.8617239758551731,0.8617239758551731,fraction,2158,1877,1,original_probabilities_verified,0.9076508644099462,963,1195,0.8136691542288558,550,1608,0.8607571783504538,521,1637,0.8732859264003726,496,1662,0.853256755886237,262,1896
resnet,17,E__snr_5__noise_505,E,,5.0,505.0,ab663973e3a8c2cd2474fc1f807e9a8c2fa15bbe89f136ca2c753e33f3c3e566,methodology_supplement/results/predictions/full/resnet/seed_17/standard__n505__electrode__snr5.npz,ab663973e3a8c2cd2474fc1f807e9a8c2fa15bbe89f136ca2c753e33f3c3e566,ae1af3b6f26199f28384c78976613cac3bbf3b73d74995a9807710c0bc2f274f,55993a149666eee52bca0be88f2fce8d7c3203c66b73c39bf19371aee26ad4a6,0.8673320071789428,0.8673320071789427,fraction,2158,1877,1,original_probabilities_verified,0.9145574542594838,963,1195,0.8287381275440977,550,1608,0.8635993232318376,521,1637,0.8681279356391445,496,1662,0.8616371952201501,262,1896
resnet,17,E__snr_5__noise_8128,E,,5.0,8128.0,05746ccc650273665c33a6bbf32781c6d0f39f765c5be08942d1c57f4f312442,methodology_supplement/results/predictions/full/resnet/seed_17/standard__n8128__electrode__snr5.npz,05746ccc650273665c33a6bbf32781c6d0f39f765c5be08942d1c57f4f312442,ae1af3b6f26199f28384c78976613cac3bbf3b73d74995a9807710c0bc2f274f,a114022f00f77977526a8a7b16dd997e3a58abcbd77c090af1d926369049c636,0.8642568871142661,0.864256887114266,fraction,2158,1877,1,original_probabilities_verified,0.9130975812163001,963,1195,0.8206614654002714,550,1608,0.8667650786690226,521,1637,0.8654361243740538,496,1662,0.8553241859116822,262,1896
resnet,17,I__snr_0__noise_101,I,,0.0,101.0,d7612e4d24ce1bff32d7269c0408801e1b4d2f7fc4d47840bbbd5d8a1aae5479,methodology_supplement/results/predictions/full/resnet/seed_17/standard__n101__independent_rms__snr0.npz,d7612e4d24ce1bff32d7269c0408801e1b4d2f7fc4d47840bbbd5d8a1aae5479,ae1af3b6f26199f28384c78976613cac3bbf3b73d74995a9807710c0bc2f274f,645e88fea28f6de2c9c8bec7fe9f5dc382fd647d827b1a0a1dea643a9dcb6653,0.819476058345942,0.819476058345942,fraction,2158,1877,1,original_probabilities_verified,0.879971497716776,963,1195,0.7322320217096336,550,1608,0.799035499843471,521,1637,0.8332629750397889,496,1662,0.8528782974200406,262,1896
resnet,17,I__snr_0__noise_202,I,,0.0,202.0,8d3fcdb6b704bf7548f72c9d4ba1ed17a3d49629ce28eec8e72cc1997ba54321,methodology_supplement/results/predictions/full/resnet/seed_17/standard__n202__independent_rms__snr0.npz,8d3fcdb6b704bf7548f72c9d4ba1ed17a3d49629ce28eec8e72cc1997ba54321,ae1af3b6f26199f28384c78976613cac3bbf3b73d74995a9807710c0bc2f274f,9a7b17eb56d13c02a6119fbf3ac49a8f4c072a45c83d59c83a6ebf5003739c85,0.8230303798272708,0.8230303798272708,fraction,2158,1877,1,original_probabilities_verified,0.8781874980991237,963,1195,0.7331320669380371,550,1608,0.8096982331567154,521,1637,0.8429105527735724,496,1662,0.8512235481689052,262,1896
resnet,17,I__snr_0__noise_303,I,,0.0,303.0,d1731968871be2af5dfe05fba52ae729172e683270c0a331a27f3c05f01a8ec8,methodology_supplement/results/predictions/full/resnet/seed_17/standard__n303__independent_rms__snr0.npz,d1731968871be2af5dfe05fba52ae729172e683270c0a331a27f3c05f01a8ec8,ae1af3b6f26199f28384c78976613cac3bbf3b73d74995a9807710c0bc2f274f,e7d0b59426ed89bc126f168ab5470e76731871a876717d4759ed05591d438457,0.8196997814861918,0.8196997814861918,fraction,2158,1877,1,original_probabilities_verified,0.8777721294594559,963,1195,0.7384611035730438,550,1608,0.8089032767913779,521,1637,0.8310527541632701,496,1662,0.842309643443811,262,1896
resnet,17,I__snr_0__noise_404,I,,0.0,404.0,d054e0e0ac4cc8702c9f99e228a0b33bb00e4e5f010bde6966a4abf86c937c74,methodology_supplement/results/predictions/full/resnet/seed_17/standard__n404__independent_rms__snr0.npz,d054e0e0ac4cc8702c9f99e228a0b33bb00e4e5f010bde6966a4abf86c937c74,ae1af3b6f26199f28384c78976613cac3bbf3b73d74995a9807710c0bc2f274f,b9685535e0d715ed9954ee60e7ab5fe88109a982718286ff18519e20e4dca459,0.8186351802916333,0.8186351802916333,fraction,2158,1877,1,original_probabilities_verified,0.8782213880090547,963,1195,0.7354466304839439,550,1608,0.8011448309662472,521,1637,0.8327741062070572,496,1662,0.8455889457918639,262,1896
resnet,17,I__snr_0__noise_505,I,,0.0,505.0,0114255e06f86143075131ed4b605db06d4722aca6f8f14aa7a0d25a1bb563cc,methodology_supplement/results/predictions/full/resnet/seed_17/standard__n505__independent_rms__snr0.npz,0114255e06f86143075131ed4b605db06d4722aca6f8f14aa7a0d25a1bb563cc,ae1af3b6f26199f28384c78976613cac3bbf3b73d74995a9807710c0bc2f274f,ce3dcc966a294de3f65ce5c8391a420750abbaa2fd697122f8d6836e7100a9aa,0.8201230752221234,0.8201230752221234,fraction,2158,1877,1,original_probabilities_verified,0.8810220849246384,963,1195,0.7387935323383085,550,1608,0.8001394104894375,521,1637,0.8339823279375801,496,1662,0.8466780204206525,262,1896
resnet,17,I__snr_0__noise_8128,I,,0.0,8128.0,b1b1f5695c3ce0059445292031a5d1931956476fb5780b17d7658c1ef624d226,methodology_supplement/results/predictions/full/resnet/seed_17/standard__n8128__independent_rms__snr0.npz,b1b1f5695c3ce0059445292031a5d1931956476fb5780b17d7658c1ef624d226,ae1af3b6f26199f28384c78976613cac3bbf3b73d74995a9807710c0bc2f274f,25906cf56405bdae430b0cb33fc5c894b641d005d5e0638db02626962cf86f9b,0.8190409051560843,0.8190409051560843,fraction,2158,1877,1,original_probabilities_verified,0.8806119301172678,963,1195,0.7331422433288105,550,1608,0.8089302443376947,521,1637,0.8344117561430069,496,1662,0.8381083518536413,262,1896
resnet,17,I__snr_10__noise_101,I,,10.0,101.0,b33b58fd1b1c56ecdd4411753e328e5832f948612e90cd2299868aa301eb612b,methodology_supplement/results/predictions/full/resnet/seed_17/standard__n101__independent_rms__snr10.npz,b33b58fd1b1c56ecdd4411753e328e5832f948612e90cd2299868aa301eb612b,ae1af3b6f26199f28384c78976613cac3bbf3b73d74995a9807710c0bc2f274f,2e11974ad9bf84a2a653ea36780b96e915ea2f3150c9ce8d696e750a95c83949,0.8947975211518855,0.8947975211518855,fraction,2158,1877,1,original_probabilities_verified,0.9260874098984606,963,1195,0.8728459972862957,550,1608,0.9039896726022627,521,1637,0.8924913143899693,496,1662,0.8785732115824395,262,1896
resnet,17,I__snr_10__noise_202,I,,10.0,202.0,2c9386c3616805510597b3ae53f6234abeb9aaba3b57ef35bafdec21a71b1554,methodology_supplement/results/predictions/full/resnet/seed_17/standard__n202__independent_rms__snr10.npz,2c9386c3616805510597b3ae53f6234abeb9aaba3b57ef35bafdec21a71b1554,ae1af3b6f26199f28384c78976613cac3bbf3b73d74995a9807710c0bc2f274f,fa03e8ff81a47d8c5aba08b3ed4465ae3a01e93831fe18abff00db5f891a5c45,0.8962555032413129,0.896255503241313,fraction,2158,1877,1,original_probabilities_verified,0.927923113353059,963,1195,0.8725814111261873,550,1608,0.9053110823717839,521,1637,0.8962324346880944,496,1662,0.8792294746674397,262,1896
resnet,17,I__snr_10__noise_303,I,,10.0,303.0,67807627852f51ed31ed259764639358fd6cb79a1fa7f0e2079110f920fc8b64,methodology_supplement/results/predictions/full/resnet/seed_17/standard__n303__independent_rms__snr10.npz,67807627852f51ed31ed259764639358fd6cb79a1fa7f0e2079110f920fc8b64,ae1af3b6f26199f28384c78976613cac3bbf3b73d74995a9807710c0bc2f274f,4cca537f5eea5b5d6ca82ef45d0358b7471452611b18e7bbe977f9002fd8514c,0.8949120616165697,0.8949120616165697,fraction,2158,1877,1,original_probabilities_verified,0.9268612295085529,963,1195,0.8746800090456807,550,1608,0.9067157397842831,521,1637,0.8889721866387175,496,1662,0.8773311431056141,262,1896
resnet,17,I__snr_10__noise_404,I,,10.0,404.0,6454308dd83729d73072d4c59f6b1a6e80d93aee4b54288560fdb4928336c67b,methodology_supplement/results/predictions/full/resnet/seed_17/standard__n404__independent_rms__snr10.npz,6454308dd83729d73072d4c59f6b1a6e80d93aee4b54288560fdb4928336c67b,ae1af3b6f26199f28384c78976613cac3bbf3b73d74995a9807710c0bc2f274f,dc05ef41e573ddcb91f35d3658be71e2bf841c76403c1d5b67bfc07df3cf6cf9,0.8945298072567128,0.8945298072567128,fraction,2158,1877,1,original_probabilities_verified,0.9270836863532285,963,1195,0.8710425146992311,550,1608,0.9056745579960533,521,1637,0.8890692325608478,496,1662,0.8797790446742036,262,1896
resnet,17,I__snr_10__noise_505,I,,10.0,505.0,db7380ac884dfe5f8f3be4ab1bcfb16e91a6af4130902d7d97fc794549caecea,methodology_supplement/results/predictions/full/resnet/seed_17/standard__n505__independent_rms__snr10.npz,db7380ac884dfe5f8f3be4ab1bcfb16e91a6af4130902d7d97fc794549caecea,ae1af3b6f26199f28384c78976613cac3bbf3b73d74995a9807710c0bc2f274f,40f2f74bd5618065dc046256d7aaf6013feb004c515e5cce69c08aa92797d386,0.8938831628617823,0.8938831628617823,fraction,2158,1877,1,original_probabilities_verified,0.9254074392697159,963,1195,0.8746483491632745,550,1608,0.9033834890611424,521,1637,0.8889091067893327,496,1662,0.8770674300254453,262,1896
resnet,17,I__snr_10__noise_8128,I,,10.0,8128.0,1502fec77e02b01ed6eecba48a6b3cd74992cdd7ff2418cb05989488fa56d79e,methodology_supplement/results/predictions/full/resnet/seed_17/standard__n8128__independent_rms__snr10.npz,1502fec77e02b01ed6eecba48a6b3cd74992cdd7ff2418cb05989488fa56d79e,ae1af3b6f26199f28384c78976613cac3bbf3b73d74995a9807710c0bc2f274f,52a737fdeb584852a0d45c42729c1a3c8a4457e5b51ab403ca1fd00fd4b40bb9,0.8946569626020338,0.8946569626020338,fraction,2158,1877,1,original_probabilities_verified,0.9273721850736671,963,1195,0.8721720940750791,550,1608,0.9059313359370694,521,1637,0.891981823298785,496,1662,0.8758273746255677,262,1896
resnet,17,I__snr_5__noise_101,I,,5.0,101.0,e7af1b47638d2ab3e001bc9e7e0255c3062f198835a30edecee9f586ebedc213,methodology_supplement/results/predictions/full/resnet/seed_17/standard__n101__independent_rms__snr5.npz,e7af1b47638d2ab3e001bc9e7e0255c3062f198835a30edecee9f586ebedc213,ae1af3b6f26199f28384c78976613cac3bbf3b73d74995a9807710c0bc2f274f,d49ac1d77ee75afd3789bb2ceff039ce8d719c2ca6f6a349c9c17f7098b08599,0.8747588701676573,0.8747588701676573,fraction,2158,1877,1,original_probabilities_verified,0.9148433460637738,963,1195,0.843613749434645,550,1608,0.8756033988488375,521,1637,0.8751273727727961,496,1662,0.8646064837182337,262,1896
resnet,17,I__snr_5__noise_202,I,,5.0,202.0,dc75e2dfcd994d631a33fd117a0ea63f6247e8b202016b2fb27d1d4c9981b775,methodology_supplement/results/predictions/full/resnet/seed_17/standard__n202__independent_rms__snr5.npz,dc75e2dfcd994d631a33fd117a0ea63f6247e8b202016b2fb27d1d4c9981b775,ae1af3b6f26199f28384c78976613cac3bbf3b73d74995a9807710c0bc2f274f,0360ee49bce1989641f1db50607d38189be93cd3e3f0c15d2967aeceb8879683,0.8757871765245364,0.8757871765245364,fraction,2158,1877,1,original_probabilities_verified,0.9164674548243156,963,1195,0.8385368611488014,550,1608,0.8789497195961434,521,1637,0.880849442956407,496,1662,0.8641324040970142,262,1896
resnet,17,I__snr_5__noise_303,I,,5.0,303.0,68a51a70d74a74ad7103b1eca928a2e47fa457b7892ea84a470ec9e2419209a2,methodology_supplement/results/predictions/full/resnet/seed_17/standard__n303__independent_rms__snr5.npz,68a51a70d74a74ad7103b1eca928a2e47fa457b7892ea84a470ec9e2419209a2,ae1af3b6f26199f28384c78976613cac3bbf3b73d74995a9807710c0bc2f274f,c20aab6721faa0e8591c24d76190edbb47049c50f9ed46c7a86ae50545ff5794,0.8741840444474549,0.8741840444474549,fraction,2158,1877,1,original_probabilities_verified,0.9161146521722129,963,1195,0.8441757123473541,550,1608,0.880352032004615,521,1637,0.8705953282093086,496,1662,0.8596824975037846,262,1896
resnet,17,I__snr_5__noise_404,I,,5.0,404.0,0ace9efeee441c210e5183ebb8b230e3e59529e722cc6ab78680eb8f0328341b,methodology_supplement/results/predictions/full/resnet/seed_17/standard__n404__independent_rms__snr5.npz,0ace9efeee441c210e5183ebb8b230e3e59529e722cc6ab78680eb8f0328341b,ae1af3b6f26199f28384c78976613cac3bbf3b73d74995a9807710c0bc2f274f,39d832fbf0ea92025813b71fe99c3a23638662e68df3c98584f1e9933048a487,0.8744398638919574,0.8744398638919574,fraction,2158,1877,1,original_probabilities_verified,0.9173668408955626,963,1195,0.8416395296246042,550,1608,0.8784560962483453,521,1637,0.872197798998486,496,1662,0.8625390536927884,262,1896
resnet,17,I__snr_5__noise_505,I,,5.0,505.0,c3e209b128293975b380e9099c323ea78820338f13dcd26a4bb1cdd6d8206dcf,methodology_supplement/results/predictions/full/resnet/seed_17/standard__n505__independent_rms__snr5.npz,c3e209b128293975b380e9099c323ea78820338f13dcd26a4bb1cdd6d8206dcf,ae1af3b6f26199f28384c78976613cac3bbf3b73d74995a9807710c0bc2f274f,2e1ebb8fee3c5cfc3af7c2a5eede4bb35c6eed8e806f604d6181ebc212b9c620,0.8737843176725842,0.8737843176725842,fraction,2158,1877,1,original_probabilities_verified,0.914547895566939,963,1195,0.8435459068294889,550,1608,0.8761509572892692,521,1637,0.8761136019564458,496,1662,0.8585632267207782,262,1896
resnet,17,I__snr_5__noise_8128,I,,5.0,8128.0,88c859630002e3f60c9dd61c69deaa077f4b94cf2ac92bca06ac9a8f3adbd89c,methodology_supplement/results/predictions/full/resnet/seed_17/standard__n8128__independent_rms__snr5.npz,88c859630002e3f60c9dd61c69deaa077f4b94cf2ac92bca06ac9a8f3adbd89c,ae1af3b6f26199f28384c78976613cac3bbf3b73d74995a9807710c0bc2f274f,9ac7f1df732224f4a0a2fc01ed414b32fdc10d4ec73eead7d7e5fff91a464581,0.8749750276025067,0.8749750276025067,fraction,2158,1877,1,original_probabilities_verified,0.9175241248365247,963,1195,0.8410843509724106,550,1608,0.8789977921787081,521,1637,0.878449982531734,496,1662,0.8588188874931555,262,1896
resnet,17,S_00__snr_0__noise_101,S_00,S_00,0.0,101.0,5b20d5c37d78f1821809ac1c39740a992bb29f52d475c986d52f7923a39d933f,signed_control_mechanism/predictions/full/worker_resnet_1/seed_17/S_00__snr_0__noise_101.npz,5b20d5c37d78f1821809ac1c39740a992bb29f52d475c986d52f7923a39d933f,ae1af3b6f26199f28384c78976613cac3bbf3b73d74995a9807710c0bc2f274f,90d43cf6d4d340502be9500dc2ad9e31ae28d1b5f7ab521277522775383393d1,0.8199722083244743,0.8199722083244744,fraction,2158,1877,1,original_probabilities_verified,0.878827061527566,963,1195,0.74068407960199,550,1608,0.804043255944292,521,1637,0.8323422518535771,496,1662,0.8439643926949464,262,1896
resnet,17,S_00__snr_0__noise_202,S_00,S_00,0.0,202.0,eb651bcda7f1d296e96a6e58ea110223aa583c60b6e5ad5d43da8a2c5edcb57a,signed_control_mechanism/predictions/full/worker_resnet_0/seed_17/S_00__snr_0__noise_202.npz,eb651bcda7f1d296e96a6e58ea110223aa583c60b6e5ad5d43da8a2c5edcb57a,ae1af3b6f26199f28384c78976613cac3bbf3b73d74995a9807710c0bc2f274f,81b02d3e282ab4b3f42d5d0c575a4d09e2d59536d14c51a69cc095976009c5cf,0.8186819648082123,0.8186819648082123,fraction,2158,1877,1,original_probabilities_verified,0.8834682412440203,963,1195,0.7247580280416102,550,1608,0.80353908007837,521,1637,0.8361622219634331,496,1662,0.8454822527136278,262,1896
resnet,17,S_00__snr_0__noise_303,S_00,S_00,0.0,303.0,19c6b9d9da40757cd406a9b5f6f2ecb7e8eeacd7665fea0f3c0f022eefc7eb3e,signed_control_mechanism/predictions/full/worker_resnet_1/seed_17/S_00__snr_0__noise_303.npz,19c6b9d9da40757cd406a9b5f6f2ecb7e8eeacd7665fea0f3c0f022eefc7eb3e,ae1af3b6f26199f28384c78976613cac3bbf3b73d74995a9807710c0bc2f274f,fd433d20cb8bb5b1561e3cc2690233c19cb634445bd5684d427ed37b5f8dbf77,0.8233484336378467,0.8233484336378467,fraction,2158,1877,1,original_probabilities_verified,0.8851757713213154,963,1195,0.7257519222071461,550,1608,0.809330067524391,521,1637,0.8433866843290245,496,1662,0.8530977228073566,262,1896
resnet,17,S_00__snr_0__noise_404,S_00,S_00,0.0,404.0,bcab7d05f5fa3aec50417790c4c926437fb9a0e31fb304f04b2cd71b4dfd44ee,signed_control_mechanism/predictions/full/worker_resnet_0/seed_17/S_00__snr_0__noise_404.npz,bcab7d05f5fa3aec50417790c4c926437fb9a0e31fb304f04b2cd71b4dfd44ee,ae1af3b6f26199f28384c78976613cac3bbf3b73d74995a9807710c0bc2f274f,4e528fa2a3e4d36f95fec6f366ca9be4a3dd927b1662cd5897a3fca3612237d3,0.8211606108673906,0.8211606108673906,fraction,2158,1877,1,original_probabilities_verified,0.8772420565092524,963,1195,0.7402351876978742,550,1608,0.8067611156122161,521,1637,0.8355872248748107,496,1662,0.8459774696427996,262,1896
resnet,17,S_00__snr_0__noise_505,S_00,S_00,0.0,505.0,3cdc34dfd8007bf48d4cb1dc9a27332a96cb5d6da2e25dc064dcf8002906164c,signed_control_mechanism/predictions/full/worker_resnet_1/seed_17/S_00__snr_0__noise_505.npz,3cdc34dfd8007bf48d4cb1dc9a27332a96cb5d6da2e25dc064dcf8002906164c,ae1af3b6f26199f28384c78976613cac3bbf3b73d74995a9807710c0bc2f274f,ae3e295190787e1bd5a143a7eaa8fdce8f11cd42d11a9a3791f5299eeff3701c,0.8206784113610712,0.8206784113610712,fraction,2158,1877,1,original_probabilities_verified,0.8788374891921601,963,1195,0.7412550881953867,550,1608,0.8037853055012621,521,1637,0.8361476650751135,496,1662,0.8433665088414339,262,1896
resnet,17,S_00__snr_0__noise_8128,S_00,S_00,0.0,8128.0,b81e5d7939c144360ee682b1bfdb69456b63108a8a6b41ff0acf3dcc6c2409b9,signed_control_mechanism/predictions/full/worker_resnet_0/seed_17/S_00__snr_0__noise_8128.npz,b81e5d7939c144360ee682b1bfdb69456b63108a8a6b41ff0acf3dcc6c2409b9,ae1af3b6f26199f28384c78976613cac3bbf3b73d74995a9807710c0bc2f274f,d8002ce68750b6263e1550035c8d1e4ba6bdddad4553ab5abfdabf86d33d5832,0.8212612513995223,0.8212612513995223,fraction,2158,1877,1,original_probabilities_verified,0.8849567903648379,963,1195,0.7293905472636816,550,1608,0.815696753459174,521,1637,0.8359414424905866,496,1662,0.840320723419332,262,1896
resnet,17,S_00__snr_10__noise_101,S_00,S_00,10.0,101.0,376bb5c3b7a5d6d0bc01552eaf65c32e364f0696668be6cc5152bafdf2722e11,signed_control_mechanism/predictions/full/worker_resnet_1/seed_17/S_00__snr_10__noise_101.npz,376bb5c3b7a5d6d0bc01552eaf65c32e364f0696668be6cc5152bafdf2722e11,ae1af3b6f26199f28384c78976613cac3bbf3b73d74995a9807710c0bc2f274f,1e0ab9e2e03660c142635dabcd943b8accb16370cd1304748436cd25b62a2d97,0.8941390609583889,0.8941390609583889,fraction,2158,1877,1,original_probabilities_verified,0.9247444135959367,963,1195,0.8709000452284035,550,1608,0.9044070833191656,521,1637,0.8909895287450021,496,1662,0.8796542339034368,262,1896
resnet,17,S_00__snr_10__noise_202,S_00,S_00,10.0,202.0,d3b18d33756d9b577eb55280ab8868e27f57332685f18c31b0d8786f7f0b34e6,signed_control_mechanism/predictions/full/worker_resnet_0/seed_17/S_00__snr_10__noise_202.npz,d3b18d33756d9b577eb55280ab8868e27f57332685f18c31b0d8786f7f0b34e6,ae1af3b6f26199f28384c78976613cac3bbf3b73d74995a9807710c0bc2f274f,1c508f1f829a555e7dad3ef6924e632d193e7edd2c7b2b0ef24af52bf0a623d7,0.8936252842222444,0.8936252842222444,fraction,2158,1877,1,original_probabilities_verified,0.9251102508287821,963,1195,0.8735515603799185,550,1608,0.9061505938136448,521,1637,0.8875953476184931,496,1662,0.8757186684703836,262,1896
resnet,17,S_00__snr_10__noise_303,S_00,S_00,10.0,303.0,c630ba00e92a77444e08420f692468dca66cff524b93993efdf0d558064d54f3,signed_control_mechanism/predictions/full/worker_resnet_1/seed_17/S_00__snr_10__noise_303.npz,c630ba00e92a77444e08420f692468dca66cff524b93993efdf0d558064d54f3,ae1af3b6f26199f28384c78976613cac3bbf3b73d74995a9807710c0bc2f274f,32d2cb77e337cc06372802b06e82502191740ff0fe52846ac83b76663f759d6f,0.8953948204924294,0.8953948204924294,fraction,2158,1877,1,original_probabilities_verified,0.9267943186607402,963,1195,0.8716406603346902,550,1608,0.9066137321090849,521,1637,0.8918544505259889,496,1662,0.8800709408316424,262,1896
resnet,17,S_00__snr_10__noise_404,S_00,S_00,10.0,404.0,a816723a41506e56f65a7ceaafeb99e2109f2895e607f6fd4cf5fbe1b9441152,signed_control_mechanism/predictions/full/worker_resnet_0/seed_17/S_00__snr_10__noise_404.npz,a816723a41506e56f65a7ceaafeb99e2109f2895e607f6fd4cf5fbe1b9441152,ae1af3b6f26199f28384c78976613cac3bbf3b73d74995a9807710c0bc2f274f,f54cf2b8ac4a90a307c2babe36bc41ebbd493435128ba08bec19126e2416f4eb,0.8947277398650721,0.8947277398650721,fraction,2158,1877,1,original_probabilities_verified,0.9263163840335076,963,1195,0.8707677521483491,550,1608,0.9078929318061104,521,1637,0.8886410174294476,496,1662,0.8800206139079461,262,1896
resnet,17,S_00__snr_10__noise_505,S_00,S_00,10.0,505.0,2313f8549c447ddfdb9f19c013acc252d1f52d11fd0c737251968a2c68528120,signed_control_mechanism/predictions/full/worker_resnet_1/seed_17/S_00__snr_10__noise_505.npz,2313f8549c447ddfdb9f19c013acc252d1f52d11fd0c737251968a2c68528120,ae1af3b6f26199f28384c78976613cac3bbf3b73d74995a9807710c0bc2f274f,468ceab8b827fd18033d999ca7f1ddd04548469ccc7fc2bd33f352d264901b17,0.8942395446071926,0.8942395446071926,fraction,2158,1877,1,original_probabilities_verified,0.924645350782292,963,1195,0.8726390773405699,550,1608,0.9053908125087204,521,1637,0.8897982900508521,496,1662,0.8787241923535285,262,1896
resnet,17,S_00__snr_10__noise_8128,S_00,S_00,10.0,8128.0,cc60cebc01fd8de17213a5a78eb7cef7b330038e9a85859c3999ff12a6771a37,signed_control_mechanism/predictions/full/worker_resnet_0/seed_17/S_00__snr_10__noise_8128.npz,cc60cebc01fd8de17213a5a78eb7cef7b330038e9a85859c3999ff12a6771a37,ae1af3b6f26199f28384c78976613cac3bbf3b73d74995a9807710c0bc2f274f,0514b15f68c6d2343a1108522528aa747a7fe7b86ff953eb2caf2a94e7db56e1,0.8941081333924139,0.8941081333924139,fraction,2158,1877,1,original_probabilities_verified,0.9266674487415112,963,1195,0.8684588421528721,550,1608,0.9073324758435273,521,1637,0.8907044563487442,496,1662,0.8773774438754147,262,1896
resnet,17,S_00__snr_5__noise_101,S_00,S_00,5.0,101.0,efcc371dc403cc063439f3d1f61b686dcc30bfea3199955b13944af9afd8aac3,signed_control_mechanism/predictions/full/worker_resnet_1/seed_17/S_00__snr_5__noise_101.npz,efcc371dc403cc063439f3d1f61b686dcc30bfea3199955b13944af9afd8aac3,ae1af3b6f26199f28384c78976613cac3bbf3b73d74995a9807710c0bc2f274f,220e36ea2d5ba55aec5527fcad1de662c00e615ace2c96f2dfaa1568f2e29239,0.8748206637715115,0.8748206637715116,fraction,2158,1877,1,original_probabilities_verified,0.914578309588672,963,1195,0.8423609226594301,550,1608,0.8759234918985973,521,1637,0.8753960686696945,496,1662,0.8658445260411634,262,1896
resnet,17,S_00__snr_5__noise_202,S_00,S_00,5.0,202.0,92256c0e68036dc5d5839ca755d929ca97a8453073e5efe44e822da160a531e5,signed_control_mechanism/predictions/full/worker_resnet_0/seed_17/S_00__snr_5__noise_202.npz,92256c0e68036dc5d5839ca755d929ca97a8453073e5efe44e822da160a531e5,ae1af3b6f26199f28384c78976613cac3bbf3b73d74995a9807710c0bc2f274f,300a38d999658a54359a89a95def721048f44ce9a071c41982a765edaf761244,0.8734004298131517,0.8734004298131518,fraction,2158,1877,1,original_probabilities_verified,0.9166734012000504,963,1195,0.8414789687924016,550,1608,0.8769588111767582,521,1637,0.8728989557858778,496,1662,0.8589920121106709,262,1896
resnet,17,S_00__snr_5__noise_303,S_00,S_00,5.0,303.0,453dbac08dbc2536ca4bc312ac150c5082826d5e353b5e4d54b8263f13ddacd6,signed_control_mechanism/predictions/full/worker_resnet_1/seed_17/S_00__snr_5__noise_303.npz,453dbac08dbc2536ca4bc312ac150c5082826d5e353b5e4d54b8263f13ddacd6,ae1af3b6f26199f28384c78976613cac3bbf3b73d74995a9807710c0bc2f274f,e147144e3e36f1d2fe4bed6ecd3453f2e12e6d773039628d91467954594c7f71,0.8770246988588022,0.8770246988588021,fraction,2158,1877,1,original_probabilities_verified,0.9195974921466651,963,1195,0.8388613749434645,550,1608,0.8817578619191279,521,1637,0.8798231823298786,496,1662,0.8650835829548749,262,1896
resnet,17,S_00__snr_5__noise_404,S_00,S_00,5.0,404.0,f4c3919dfcea3879beb7078c5bc26d50c4065a34467230b45ba6ec616067f17a,signed_control_mechanism/predictions/full/worker_resnet_0/seed_17/S_00__snr_5__noise_404.npz,f4c3919dfcea3879beb7078c5bc26d50c4065a34467230b45ba6ec616067f17a,ae1af3b6f26199f28384c78976613cac3bbf3b73d74995a9807710c0bc2f274f,78a0e2024de79f2beb09d640b89f830d106d9956efbd4da8ed41f768e4d13595,0.8743921497454643,0.8743921497454645,fraction,2158,1877,1,original_probabilities_verified,0.9147364625016836,963,1195,0.8404715061058344,550,1608,0.8801151865978329,521,1637,0.8737844998253174,496,1662,0.8628530936966534,262,1896
resnet,17,S_00__snr_5__noise_505,S_00,S_00,5.0,505.0,a470c0d4f26b1eaf8e4fe304502b92cd2b2621773098b600c58d242804de1b5f,signed_control_mechanism/predictions/full/worker_resnet_1/seed_17/S_00__snr_5__noise_505.npz,a470c0d4f26b1eaf8e4fe304502b92cd2b2621773098b600c58d242804de1b5f,ae1af3b6f26199f28384c78976613cac3bbf3b73d74995a9807710c0bc2f274f,303de8547e643e7b4aedd29e9198bfcef464370d9f3ec4890f797f4dfc6c629e,0.8749841667233662,0.8749841667233662,fraction,2158,1877,1,original_probabilities_verified,0.9141220992626772,963,1195,0.8464179104477612,550,1608,0.8757206490502147,521,1637,0.8758030550056287,496,1662,0.8628571198505491,262,1896
resnet,17,S_00__snr_5__noise_8128,S_00,S_00,5.0,8128.0,5d03dd7c00a04b9907609cc1251daad249394516d02c911ccdcfd283b2b93695,signed_control_mechanism/predictions/full/worker_resnet_0/seed_17/S_00__snr_5__noise_8128.npz,5d03dd7c00a04b9907609cc1251daad249394516d02c911ccdcfd283b2b93695,ae1af3b6f26199f28384c78976613cac3bbf3b73d74995a9807710c0bc2f274f,ee82eeee14bc94ae2d245352f6a09c5cd4f491fd0d22f6a36c057227de67b495,0.875976080432228,0.875976080432228,fraction,2158,1877,1,original_probabilities_verified,0.9184652215661483,963,1195,0.8397749886928991,550,1608,0.8830253365960156,521,1637,0.8781794670237957,496,1662,0.8604353882822817,262,1896
resnet,17,S_01__snr_0__noise_101,S_01,S_01,0.0,101.0,89d97020de0bd4174a9536e4dd80773ffec32eefca20c4d3686e59cb0c04a206,signed_control_mechanism/predictions/full/worker_resnet_0/seed_17/S_01__snr_0__noise_101.npz,89d97020de0bd4174a9536e4dd80773ffec32eefca20c4d3686e59cb0c04a206,ae1af3b6f26199f28384c78976613cac3bbf3b73d74995a9807710c0bc2f274f,4ad0282d0762b557311cf9f985d2c81a54b7c9fafba60fbe893e56e380fd3455,0.8110939314013569,0.8110939314013571,fraction,2158,1877,1,original_probabilities_verified,0.8749462323544364,963,1195,0.7097286295793759,550,1608,0.7977258150940875,521,1637,0.8343899208105275,496,1662,0.8386790591683576,262,1896
resnet,17,S_01__snr_0__noise_202,S_01,S_01,0.0,202.0,1a71f1dc1a55fdec9dce3d68e21e02a73d3dc29c08b0cf737f6a30dd07347e49,signed_control_mechanism/predictions/full/worker_resnet_1/seed_17/S_01__snr_0__noise_202.npz,1a71f1dc1a55fdec9dce3d68e21e02a73d3dc29c08b0cf737f6a30dd07347e49,ae1af3b6f26199f28384c78976613cac3bbf3b73d74995a9807710c0bc2f274f,d1627539fea69ee46eed5057e4180b83b2c1e03f2ce562dfa1d490115aa55b1b,0.8101401514029025,0.8101401514029025,fraction,2158,1877,1,original_probabilities_verified,0.8743527244446182,963,1195,0.6948609226594301,550,1608,0.7949305702932544,521,1637,0.8357315806839797,496,1662,0.8508249589332303,262,1896
resnet,17,S_01__snr_0__noise_303,S_01,S_01,0.0,303.0,6ffc43ee4ecb3d0ea147d44f0eeb44f2dbdba5c727c005f30722eb8960405300,signed_control_mechanism/predictions/full/worker_resnet_0/seed_17/S_01__snr_0__noise_303.npz,6ffc43ee4ecb3d0ea147d44f0eeb44f2dbdba5c727c005f30722eb8960405300,ae1af3b6f26199f28384c78976613cac3bbf3b73d74995a9807710c0bc2f274f,2256b4467948b0a0b9b63b5dd0f3c021dcd8f62f254d5f2cda5b979325a9d4c5,0.8040872844237306,0.8040872844237305,fraction,2158,1877,1,original_probabilities_verified,0.8727842298952454,963,1195,0.6956298055178652,550,1608,0.7856209043039032,521,1637,0.8219680427778425,496,1662,0.8444334396237961,262,1896
resnet,17,S_01__snr_0__noise_404,S_01,S_01,0.0,404.0,5d2521e8d6f58f854b97d18fe513682e7a5652319c3fad27d67938e1053f4696,signed_control_mechanism/predictions/full/worker_resnet_1/seed_17/S_01__snr_0__noise_404.npz,5d2521e8d6f58f854b97d18fe513682e7a5652319c3fad27d67938e1053f4696,ae1af3b6f26199f28384c78976613cac3bbf3b73d74995a9807710c0bc2f274f,2d5b4a43a7cfe3291eec467be6e7752537981af714ac9e44c49310918e3495d4,0.8074531792334068,0.8074531792334068,fraction,2158,1877,1,original_probabilities_verified,0.867338382060941,963,1195,0.7070906829488919,550,1608,0.7944170144112223,521,1637,0.8256169694499437,496,1662,0.842802847296035,262,1896
resnet,17,S_01__snr_0__noise_505,S_01,S_01,0.0,505.0,9701f355109bcc4531ae5163d9d47b6ea0d334f5e2125a6814087ab270bd9083,signed_control_mechanism/predictions/full/worker_resnet_0/seed_17/S_01__snr_0__noise_505.npz,9701f355109bcc4531ae5163d9d47b6ea0d334f5e2125a6814087ab270bd9083,ae1af3b6f26199f28384c78976613cac3bbf3b73d74995a9807710c0bc2f274f,9e9bdcb7613e1993e72746811d7aa1b1523c3c62f5413b995d7fe4a09c4607b9,0.802609668163243,0.802609668163243,fraction,2158,1877,1,original_probabilities_verified,0.8691293334549894,963,1195,0.6924717322478516,550,1608,0.7949106377590204,521,1637,0.8211358739955747,496,1662,0.8354007633587787,262,1896
resnet,17,S_01__snr_0__noise_8128,S_01,S_01,0.0,8128.0,93a2535610c4efd39cd80cd5d6a017206ed7df19771ed85384753f834cbd4372,signed_control_mechanism/predictions/full/worker_resnet_1/seed_17/S_01__snr_0__noise_8128.npz,93a2535610c4efd39cd80cd5d6a017206ed7df19771ed85384753f834cbd4372,ae1af3b6f26199f28384c78976613cac3bbf3b73d74995a9807710c0bc2f274f,c9f7302b910ac1c991a30860748f9e5442d831a3241db514a8c540df070993c3,0.8055295028036049,0.8055295028036049,fraction,2158,1877,1,original_probabilities_verified,0.8721472733829516,963,1195,0.6979262777023971,550,1608,0.7969865525744041,521,1637,0.8253537323861652,496,1662,0.8352336779721068,262,1896
resnet,17,S_01__snr_10__noise_101,S_01,S_01,10.0,101.0,c5a8cba703420fe1ab2547ff6f7d5bc58b714c42e7081b354e8cd4e3d189ae86,signed_control_mechanism/predictions/full/worker_resnet_0/seed_17/S_01__snr_10__noise_101.npz,c5a8cba703420fe1ab2547ff6f7d5bc58b714c42e7081b354e8cd4e3d189ae86,ae1af3b6f26199f28384c78976613cac3bbf3b73d74995a9807710c0bc2f274f,4926751af214d4c594111dbc9b3ca31106410c9e87a8860c952ce89c1284c727,0.8931712895902353,0.8931712895902353,fraction,2158,1877,1,original_probabilities_verified,0.9263007425366163,963,1195,0.8719663048394392,550,1608,0.9016704636190213,521,1637,0.8885294146189977,496,1662,0.8773895223371018,262,1896
resnet,17,S_01__snr_10__noise_202,S_01,S_01,10.0,202.0,f365ff98bf651e89e34b3e245f5a8b7ab8faaf1c8cfa4a285edf4f8c8e6f56ba,signed_control_mechanism/predictions/full/worker_resnet_1/seed_17/S_01__snr_10__noise_202.npz,f365ff98bf651e89e34b3e245f5a8b7ab8faaf1c8cfa4a285edf4f8c8e6f56ba,ae1af3b6f26199f28384c78976613cac3bbf3b73d74995a9807710c0bc2f274f,9b191fd1cbe456a82e5ec5a8d2bd63ec53f53b01808440e198afe027638c2276,0.8913811984826282,0.8913811984826282,fraction,2158,1877,1,original_probabilities_verified,0.9254630534808848,963,1195,0.8678708729081863,550,1608,0.8991859318518379,521,1637,0.887117396452001,496,1662,0.8772687377202306,262,1896
resnet,17,S_01__snr_10__noise_303,S_01,S_01,10.0,303.0,1ab03a1766daf933fa04596f5447df65bac95081f69924bb8a13353a945bf02e,signed_control_mechanism/predictions/full/worker_resnet_0/seed_17/S_01__snr_10__noise_303.npz,1ab03a1766daf933fa04596f5447df65bac95081f69924bb8a13353a945bf02e,ae1af3b6f26199f28384c78976613cac3bbf3b73d74995a9807710c0bc2f274f,edaadb28b498808962a53be9623f8e5c2795aea0e86472072f57cd892a52d7d7,0.8927944125978012,0.8927944125978012,fraction,2158,1877,1,original_probabilities_verified,0.9245992952636678,963,1195,0.8723518769787426,550,1608,0.8990358515940751,521,1637,0.891631244905089,496,1662,0.8763537942474313,262,1896
resnet,17,S_01__snr_10__noise_404,S_01,S_01,10.0,404.0,5d5cd116ae02623a2e4f6bc6932724f5d21e6a35f57033fc9917219aba9bbed0,signed_control_mechanism/predictions/full/worker_resnet_1/seed_17/S_01__snr_10__noise_404.npz,5d5cd116ae02623a2e4f6bc6932724f5d21e6a35f57033fc9917219aba9bbed0,ae1af3b6f26199f28384c78976613cac3bbf3b73d74995a9807710c0bc2f274f,4eae76946baf0502be04955e4c5aedfb3e37285a5ed019bea2953adb5dbe910a,0.8925277489140073,0.8925277489140072,fraction,2158,1877,1,original_probabilities_verified,0.9248104554716997,963,1195,0.8709260515603799,550,1608,0.899741697806366,521,1637,0.8889818912309305,496,1662,0.8781786485006603,262,1896
resnet,17,S_01__snr_10__noise_505,S_01,S_01,10.0,505.0,b141db8c4a29d11659e7c0790ef6ae5af28b18b2593b01a46dc35a04619cbe12,signed_control_mechanism/predictions/full/worker_resnet_0/seed_17/S_01__snr_10__noise_505.npz,b141db8c4a29d11659e7c0790ef6ae5af28b18b2593b01a46dc35a04619cbe12,ae1af3b6f26199f28384c78976613cac3bbf3b73d74995a9807710c0bc2f274f,2d7b7ba68cae4eb9381eed213e99f6bc440fb88ec2e0858473e20608d82942e2,0.8907499518201109,0.890749951820111,fraction,2158,1877,1,original_probabilities_verified,0.9229595450062349,963,1195,0.866763907734057,550,1608,0.8999445406547486,521,1637,0.8893615834012655,496,1662,0.8747201823042484,262,1896
resnet,17,S_01__snr_10__noise_8128,S_01,S_01,10.0,8128.0,b2f541932d4b9a20ff4044fceae0f0aa3affa06beaa942f3fbdea5e53146a760,signed_control_mechanism/predictions/full/worker_resnet_1/seed_17/S_01__snr_10__noise_8128.npz,b2f541932d4b9a20ff4044fceae0f0aa3affa06beaa942f3fbdea5e53146a760,ae1af3b6f26199f28384c78976613cac3bbf3b73d74995a9807710c0bc2f274f,402be9df9cfd80331295032ec9882faa5a4d9c573d9dc0d626c6635b03e3aa77,0.8922063359655293,0.8922063359655293,fraction,2158,1877,1,original_probabilities_verified,0.924820883136294,963,1195,0.8682394843962008,550,1608,0.9018393039090045,521,1637,0.8898577306781569,496,1662,0.8762742777079912,262,1896
resnet,17,S_01__snr_5__noise_101,S_01,S_01,5.0,101.0,dc35413a2b9cf617adfc6ecb25b489d4ecb75aa98b9ffa910b8d35870d9fbf13,signed_control_mechanism/predictions/full/worker_resnet_0/seed_17/S_01__snr_5__noise_101.npz,dc35413a2b9cf617adfc6ecb25b489d4ecb75aa98b9ffa910b8d35870d9fbf13,ae1af3b6f26199f28384c78976613cac3bbf3b73d74995a9807710c0bc2f274f,1c617233abf5903b44e133e3f2b7a1b85de584c237de5867e6895bd3d9a3b9e4,0.8692641704101682,0.8692641704101682,fraction,2158,1877,1,original_probabilities_verified,0.9154255573369483,963,1195,0.8292672998643148,550,1608,0.8714632942382079,521,1637,0.8714384146578161,496,1662,0.8587262859535543,262,1896
resnet,17,S_01__snr_5__noise_202,S_01,S_01,5.0,202.0,2cf8f176444fe24972a04a291f8c9a27c1a302f8e18c6a9e6e7eeeee0d53afa7,signed_control_mechanism/predictions/full/worker_resnet_1/seed_17/S_01__snr_5__noise_202.npz,2cf8f176444fe24972a04a291f8c9a27c1a302f8e18c6a9e6e7eeeee0d53afa7,ae1af3b6f26199f28384c78976613cac3bbf3b73d74995a9807710c0bc2f274f,509d4e518a0012a3599f0a8cbd666ee1194f5301d8354d17322bac2e678bf9b4,0.8682804214894538,0.8682804214894541,fraction,2158,1877,1,original_probabilities_verified,0.9145861303371177,963,1195,0.8277679782903663,550,1608,0.8692202978858616,521,1637,0.8716228019098637,496,1662,0.8582048990240603,262,1896
resnet,17,S_01__snr_5__noise_303,S_01,S_01,5.0,303.0,690511c4f7ef77544108bad152bd335e0c7b7a5df720dd70c1b8043547c5bf3c,signed_control_mechanism/predictions/full/worker_resnet_0/seed_17/S_01__snr_5__noise_303.npz,690511c4f7ef77544108bad152bd335e0c7b7a5df720dd70c1b8043547c5bf3c,ae1af3b6f26199f28384c78976613cac3bbf3b73d74995a9807710c0bc2f274f,1f461dbce7e4c31e81a00c82c25f68f351cf5f6dacf7801ac90d55c962967b88,0.8683081966737578,0.8683081966737578,fraction,2158,1877,1,original_probabilities_verified,0.9117315571544641,963,1195,0.8307338308457711,550,1608,0.8664402956112077,521,1637,0.8721274407049415,496,1662,0.8605078590524045,262,1896
resnet,17,S_01__snr_5__noise_404,S_01,S_01,5.0,404.0,11dcf683bdbbe9e754f97f3dad54fbf401af16ffcd05d868a1894ce62ad8e2c3,signed_control_mechanism/predictions/full/worker_resnet_1/seed_17/S_01__snr_5__noise_404.npz,11dcf683bdbbe9e754f97f3dad54fbf401af16ffcd05d868a1894ce62ad8e2c3,ae1af3b6f26199f28384c78976613cac3bbf3b73d74995a9807710c0bc2f274f,0f955d1c29033c13bab02979d821278e726d5ed1824e71c3fc721227ab2cde9c,0.8679066004079115,0.8679066004079115,fraction,2158,1877,1,original_probabilities_verified,0.911009441381318,963,1195,0.8323337856173677,550,1608,0.8677863279230182,521,1637,0.8706414250223206,496,1662,0.8577620220955325,262,1896
resnet,17,S_01__snr_5__noise_505,S_01,S_01,5.0,505.0,85f09ee8b5674ad15ae95d6485420817a72464cd4646071d4d15d74da93bd3e3,signed_control_mechanism/predictions/full/worker_resnet_0/seed_17/S_01__snr_5__noise_505.npz,85f09ee8b5674ad15ae95d6485420817a72464cd4646071d4d15d74da93bd3e3,ae1af3b6f26199f28384c78976613cac3bbf3b73d74995a9807710c0bc2f274f,d51966812cfc3558a6b4d64d10ddd6926599f88406de66a8154101a8aa4a61cf,0.8642831299134377,0.8642831299134377,fraction,2158,1877,1,original_probabilities_verified,0.9095721616114217,963,1195,0.822464947987336,550,1608,0.8675588625323464,521,1637,0.869193014634525,496,1662,0.852626662801559,262,1896
resnet,17,S_01__snr_5__noise_8128,S_01,S_01,5.0,8128.0,220f9784f8dcedcf602eae304f5827f2afdbf7f8d1525ec506fa2ce408caf707,signed_control_mechanism/predictions/full/worker_resnet_1/seed_17/S_01__snr_5__noise_8128.npz,220f9784f8dcedcf602eae304f5827f2afdbf7f8d1525ec506fa2ce408caf707,ae1af3b6f26199f28384c78976613cac3bbf3b73d74995a9807710c0bc2f274f,c8272954b33e2dff3b78c62ffddebcaf5084cec56ceb3573f8807c84573c59f8,0.8683869033448115,0.8683869033448115,fraction,2158,1877,1,original_probabilities_verified,0.9118123715550689,963,1195,0.8276108095884215,550,1608,0.87375788067916,521,1637,0.8718872520476689,496,1662,0.8568662028537379,262,1896
resnet,17,S_02__snr_0__noise_101,S_02,S_02,0.0,101.0,d431e8ac9f4897f4848dda7d403bcbd1e748ef654b6fd7b95795c25c97ca4479,signed_control_mechanism/predictions/full/worker_resnet_1/seed_17/S_02__snr_0__noise_101.npz,d431e8ac9f4897f4848dda7d403bcbd1e748ef654b6fd7b95795c25c97ca4479,ae1af3b6f26199f28384c78976613cac3bbf3b73d74995a9807710c0bc2f274f,43fe10a8d4abf5de6f97fb7e442444f1db4ec8dd1407c90028db84ef687c59ac,0.7999651380736701,0.7999651380736701,fraction,2158,1877,1,original_probabilities_verified,0.8750444261960314,963,1195,0.6905744007236545,550,1608,0.7759454176862549,521,1637,0.8157182853926478,496,1662,0.842543160369762,262,1896
resnet,17,S_02__snr_0__noise_202,S_02,S_02,0.0,202.0,ac88fc9b01d613fcd12c0eae7e102534c07aaca8063fa8dd7f5c4a1f9dc4fedd,signed_control_mechanism/predictions/full/worker_resnet_0/seed_17/S_02__snr_0__noise_202.npz,ac88fc9b01d613fcd12c0eae7e102534c07aaca8063fa8dd7f5c4a1f9dc4fedd,ae1af3b6f26199f28384c78976613cac3bbf3b73d74995a9807710c0bc2f274f,76117846ba6cc9a42740cd9c8c39cd3963a887d4f40cde7507fed6ea27b99d6a,0.8030483157391085,0.8030483157391085,fraction,2158,1877,1,original_probabilities_verified,0.8726512771716698,963,1195,0.6897082767978291,550,1608,0.7879975658858194,521,1637,0.8221621346221032,496,1662,0.8427223242181209,262,1896
resnet,17,S_02__snr_0__noise_303,S_02,S_02,0.0,303.0,3a3b55572673f0e403c5682369de27835ec47339874ca34e09d60ba31d2316fc,signed_control_mechanism/predictions/full/worker_resnet_1/seed_17/S_02__snr_0__noise_303.npz,3a3b55572673f0e403c5682369de27835ec47339874ca34e09d60ba31d2316fc,ae1af3b6f26199f28384c78976613cac3bbf3b73d74995a9807710c0bc2f274f,0c1475cb9bdf7baa725feb40b8e11bbbced799a3087f760fb161e6eeaac10d2f,0.8041743446017577,0.8041743446017577,fraction,2158,1877,1,original_probabilities_verified,0.8713391293769036,963,1195,0.689984170058797,550,1608,0.7840216115571178,521,1637,0.829547329296223,496,1662,0.8459794827197474,262,1896
resnet,17,S_02__snr_0__noise_404,S_02,S_02,0.0,404.0,3ecf0499e2ef865bca95d90c8bd322b8cbb833f87c9a3458244813df81d370a0,signed_control_mechanism/predictions/full/worker_resnet_0/seed_17/S_02__snr_0__noise_404.npz,3ecf0499e2ef865bca95d90c8bd322b8cbb833f87c9a3458244813df81d370a0,ae1af3b6f26199f28384c78976613cac3bbf3b73d74995a9807710c0bc2f274f,ec7a37a084c48127dd766ab0f2a5514c03bac4e7add5633ae53fb080ee3df161,0.8087373346487239,0.8087373346487239,fraction,2158,1877,1,original_probabilities_verified,0.8797081991857731,963,1195,0.6994730890999548,550,1608,0.779800604307538,521,1637,0.8288813516556034,496,1662,0.85582342899475,262,1896
resnet,17,S_02__snr_0__noise_505,S_02,S_02,0.0,505.0,683cca81471f69fbdc6ae54a0f51d7486d5506a691641cb7a595730a3037fa22,signed_control_mechanism/predictions/full/worker_resnet_1/seed_17/S_02__snr_0__noise_505.npz,683cca81471f69fbdc6ae54a0f51d7486d5506a691641cb7a595730a3037fa22,ae1af3b6f26199f28384c78976613cac3bbf3b73d74995a9807710c0bc2f274f,e893cadcb9ef1d532d7ad12fb1f73c51d8d4d761210526a198057c5f8f1537b2,0.8044096912452545,0.8044096912452547,fraction,2158,1877,1,original_probabilities_verified,0.8673140508435546,963,1195,0.7020341474445952,550,1608,0.7864604157457641,521,1637,0.8262210803152051,496,1662,0.840018761877154,262,1896
resnet,17,S_02__snr_0__noise_8128,S_02,S_02,0.0,8128.0,cd6850d7e7d14eae76a2962ba657be1fb425b0eef1f14c9410af8a9cf95f566f,signed_control_mechanism/predictions/full/worker_resnet_0/seed_17/S_02__snr_0__noise_8128.npz,cd6850d7e7d14eae76a2962ba657be1fb425b0eef1f14c9410af8a9cf95f566f,ae1af3b6f26199f28384c78976613cac3bbf3b73d74995a9807710c0bc2f274f,52a6eda45b5f7e5522b1c14e8947c74c778cc70bfe9dbe5e13fac08a229dbb73,0.8043739713561282,0.8043739713561282,fraction,2158,1877,1,original_probabilities_verified,0.8766363829907411,963,1195,0.697123473541384,550,1608,0.7861590827282245,521,1637,0.8316714219168511,496,1662,0.8302794956034399,262,1896
resnet,17,S_02__snr_10__noise_101,S_02,S_02,10.0,101.0,69935cc1e204adb9688e36e259bf252ba3e9b6ce5dadda7acef6cdf15c65b3fc,signed_control_mechanism/predictions/full/worker_resnet_1/seed_17/S_02__snr_10__noise_101.npz,69935cc1e204adb9688e36e259bf252ba3e9b6ce5dadda7acef6cdf15c65b3fc,ae1af3b6f26199f28384c78976613cac3bbf3b73d74995a9807710c0bc2f274f,36c34a1ba1934e75fa8357ec990de058c96a068537c7fa2f85da633d5a30bb2d,0.8898820662761681,0.8898820662761681,fraction,2158,1877,1,original_probabilities_verified,0.9250528986735141,963,1195,0.8674819086386251,550,1608,0.8999961307433546,521,1637,0.8842266410465432,496,1662,0.8726527522788031,262,1896
resnet,17,S_02__snr_10__noise_202,S_02,S_02,10.0,202.0,584c0e7249940c227f50c9f731e9ee60e450c566095948a99aef2c5c812ed425,signed_control_mechanism/predictions/full/worker_resnet_0/seed_17/S_02__snr_10__noise_202.npz,584c0e7249940c227f50c9f731e9ee60e450c566095948a99aef2c5c812ed425,ae1af3b6f26199f28384c78976613cac3bbf3b73d74995a9807710c0bc2f274f,b26ee9f20081294900731a98eca14a4ec79545ff231170e7acdc02e288f267ff,0.8913645662292813,0.8913645662292815,fraction,2158,1877,1,original_probabilities_verified,0.9250546366176132,963,1195,0.8696981004070556,550,1608,0.9009986199651298,521,1637,0.8880684464888785,496,1662,0.8730030276677295,262,1896
resnet,17,S_02__snr_10__noise_303,S_02,S_02,10.0,303.0,222eba894a40f861bf3e47f659e53844749dcde1ce36ff549149d4faef7dee7f,signed_control_mechanism/predictions/full/worker_resnet_1/seed_17/S_02__snr_10__noise_303.npz,222eba894a40f861bf3e47f659e53844749dcde1ce36ff549149d4faef7dee7f,ae1af3b6f26199f28384c78976613cac3bbf3b73d74995a9807710c0bc2f274f,69d8ae0b5c6616b73e46010978a46507e46453b77bfc0a3175a19b9d697a4718,0.8904889869219476,0.8904889869219478,fraction,2158,1877,1,original_probabilities_verified,0.9243316518724175,963,1195,0.8624592944369064,550,1608,0.9007019769556455,521,1637,0.8889394336399985,496,1662,0.8760125777047701,262,1896
resnet,17,S_02__snr_10__noise_404,S_02,S_02,10.0,404.0,b4eeeb46393e26c602c742d9b075c6bb213deb474af17e9270e556a40dbc8b8a,signed_control_mechanism/predictions/full/worker_resnet_0/seed_17/S_02__snr_10__noise_404.npz,b4eeeb46393e26c602c742d9b075c6bb213deb474af17e9270e556a40dbc8b8a,ae1af3b6f26199f28384c78976613cac3bbf3b73d74995a9807710c0bc2f274f,814784add824dc063c5ae725fa8b1f0f6121c13f435c2b7d7b621d4688c1b4dc,0.892397953079786,0.892397953079786,fraction,2158,1877,1,original_probabilities_verified,0.924915601089691,963,1195,0.8704545454545455,550,1608,0.900596451774406,521,1637,0.8887987170529095,496,1662,0.8772244500273778,262,1896
resnet,17,S_02__snr_10__noise_505,S_02,S_02,10.0,505.0,189cf583a78b1875c9b175156076805afb8d1346dc13c541b3d6928c2b715ab5,signed_control_mechanism/predictions/full/worker_resnet_1/seed_17/S_02__snr_10__noise_505.npz,189cf583a78b1875c9b175156076805afb8d1346dc13c541b3d6928c2b715ab5,ae1af3b6f26199f28384c78976613cac3bbf3b73d74995a9807710c0bc2f274f,be8363f604ea449b6309f62210e4ccce7ec50b09759217cb92656c1da2f7fa67,0.8930534773330004,0.8930534773330004,fraction,2158,1877,1,original_probabilities_verified,0.9261634449527931,963,1195,0.8718543645409317,550,1608,0.9011041451463693,521,1637,0.88802113660184,496,1662,0.8781242954230682,262,1896
resnet,17,S_02__snr_10__noise_8128,S_02,S_02,10.0,8128.0,adb424fbce78cb8c570c04dc338e48a82bfab4384d3c08480eb57c7a1c442bbc,signed_control_mechanism/predictions/full/worker_resnet_0/seed_17/S_02__snr_10__noise_8128.npz,adb424fbce78cb8c570c04dc338e48a82bfab4384d3c08480eb57c7a1c442bbc,ae1af3b6f26199f28384c78976613cac3bbf3b73d74995a9807710c0bc2f274f,077d82d74a2250790753afbb110d0d88cd42dfb2963cd8740a8e833ba9a83058,0.8916934209744701,0.8916934209744701,fraction,2158,1877,1,original_probabilities_verified,0.925691593129907,963,1195,0.8644549977385798,550,1608,0.9016780848821108,521,1637,0.8917974360467373,496,1662,0.8748449930750153,262,1896
resnet,17,S_02__snr_5__noise_101,S_02,S_02,5.0,101.0,826df8133830ac2bc26bafffa053a577a4acc71c8746826f61f1fa817091d689,signed_control_mechanism/predictions/full/worker_resnet_1/seed_17/S_02__snr_5__noise_101.npz,826df8133830ac2bc26bafffa053a577a4acc71c8746826f61f1fa817091d689,ae1af3b6f26199f28384c78976613cac3bbf3b73d74995a9807710c0bc2f274f,7266ec7b8bf2df1245bc226e6bbb923f158c90a0444d4c318ec7d156ed85c9fe,0.8641871021402782,0.8641871021402782,fraction,2158,1877,1,original_probabilities_verified,0.9134208388187194,963,1195,0.8224502487562189,550,1608,0.866665415997852,521,1637,0.8660984627925935,496,1662,0.8523005443360067,262,1896
resnet,17,S_02__snr_5__noise_202,S_02,S_02,5.0,202.0,8d5984b31c0222e225dea43f7ae2d422f728e099e0b27347b1930cfea0727ada,signed_control_mechanism/predictions/full/worker_resnet_0/seed_17/S_02__snr_5__noise_202.npz,8d5984b31c0222e225dea43f7ae2d422f728e099e0b27347b1930cfea0727ada,ae1af3b6f26199f28384c78976613cac3bbf3b73d74995a9807710c0bc2f274f,1f9b02f54ce7e10b5a3c237f148e53cb639ec168b934291cf5ce5cad7d3e210d,0.8660371541519585,0.8660371541519585,fraction,2158,1877,1,original_probabilities_verified,0.9130741189709632,963,1195,0.823921302578019,550,1608,0.8672504945027243,521,1637,0.8697097841698692,496,1662,0.8562300705382162,262,1896
resnet,17,S_02__snr_5__noise_303,S_02,S_02,5.0,303.0,8941d22cfab43293ff81b721db220f82354a4a1743eaf903025a144e6239d211,signed_control_mechanism/predictions/full/worker_resnet_1/seed_17/S_02__snr_5__noise_303.npz,8941d22cfab43293ff81b721db220f82354a4a1743eaf903025a144e6239d211,ae1af3b6f26199f28384c78976613cac3bbf3b73d74995a9807710c0bc2f274f,a3a0c777961f499829583e321fcd72f385f4cf92d7a88475e07ef9404d909853,0.8653989776756091,0.8653989776756091,fraction,2158,1877,1,original_probabilities_verified,0.9117654470643952,963,1195,0.8160639981908638,550,1608,0.8660135048781946,521,1637,0.8730809168898723,496,1662,0.8600710213547202,262,1896
resnet,17,S_02__snr_5__noise_404,S_02,S_02,5.0,404.0,fb129ce67907dcb668ddd2968d63a8c43c362fae0d74532cdfce8f368c8a0eb8,signed_control_mechanism/predictions/full/worker_resnet_0/seed_17/S_02__snr_5__noise_404.npz,fb129ce67907dcb668ddd2968d63a8c43c362fae0d74532cdfce8f368c8a0eb8,ae1af3b6f26199f28384c78976613cac3bbf3b73d74995a9807710c0bc2f274f,c9d6e1825384c46170a23b413439af7007cda46306d9ab8f56864ec287a75338,0.8681070378609164,0.8681070378609164,fraction,2158,1877,1,original_probabilities_verified,0.9151605208618465,963,1195,0.8241304839439167,550,1608,0.8640495640051262,521,1637,0.8728055490858274,496,1662,0.8643890714078655,262,1896
resnet,17,S_02__snr_5__noise_505,S_02,S_02,5.0,505.0,6d9042f583e11d3eaebeeff26c70c70304a9463cac0ae58bdd7458f784054f10,signed_control_mechanism/predictions/full/worker_resnet_1/seed_17/S_02__snr_5__noise_505.npz,6d9042f583e11d3eaebeeff26c70c70304a9463cac0ae58bdd7458f784054f10,ae1af3b6f26199f28384c78976613cac3bbf3b73d74995a9807710c0bc2f274f,66b905ae9e4c2de3541fb71fb51dee965cc64dd0b03ce6fc99d582b391d5bbc8,0.8685367321585892,0.8685367321585893,fraction,2158,1877,1,original_probabilities_verified,0.9127864892225741,963,1195,0.828561736770692,550,1608,0.868528521697736,521,1637,0.8723373025115485,496,1662,0.8604696105903952,262,1896
resnet,17,S_02__snr_5__noise_8128,S_02,S_02,5.0,8128.0,c97fcce87a23949fdfc9259990f7b1bc7764f67d182471852a1faac227fc3fa9,signed_control_mechanism/predictions/full/worker_resnet_0/seed_17/S_02__snr_5__noise_8128.npz,c97fcce87a23949fdfc9259990f7b1bc7764f67d182471852a1faac227fc3fa9,ae1af3b6f26199f28384c78976613cac3bbf3b73d74995a9807710c0bc2f274f,5f102e6e1a44893b0d2a5d9839af5c7ce56803cb4ba830c7d5e171a2f7db9afe,0.8667402188060628,0.8667402188060626,fraction,2158,1877,1,original_probabilities_verified,0.915347349852492,963,1195,0.8214179104477612,550,1608,0.8677230128142746,521,1637,0.8751528473273553,496,1662,0.8540599735884304,262,1896
resnet,17,S_03__snr_0__noise_101,S_03,S_03,0.0,101.0,5de8fc1fd94d745cf83a04b5f0f69d34a317ff95e39209d7ffd312c8ca57553c,signed_control_mechanism/predictions/full/worker_resnet_0/seed_17/S_03__snr_0__noise_101.npz,5de8fc1fd94d745cf83a04b5f0f69d34a317ff95e39209d7ffd312c8ca57553c,ae1af3b6f26199f28384c78976613cac3bbf3b73d74995a9807710c0bc2f274f,cc5bf2a4548b36caac0a0e1aa910f877099e531dd330be45be556718f7849475,0.8321014686086776,0.8321014686086776,fraction,2158,1877,1,original_probabilities_verified,0.8836654978992601,963,1195,0.7573688376300317,550,1608,0.8286188981529575,521,1637,0.8416295466014518,496,1662,0.8492245627596869,262,1896
resnet,17,S_03__snr_0__noise_202,S_03,S_03,0.0,202.0,2708811ae7116e10ca2372cb487f6e4b19aca09d0472d976c1c16872866e95f6,signed_control_mechanism/predictions/full/worker_resnet_1/seed_17/S_03__snr_0__noise_202.npz,2708811ae7116e10ca2372cb487f6e4b19aca09d0472d976c1c16872866e95f6,ae1af3b6f26199f28384c78976613cac3bbf3b73d74995a9807710c0bc2f274f,36d8235f153150a3a4457843d3a947717c5f737165cb76e9f0f89100d22a9a3b,0.8322239791218206,0.8322239791218206,fraction,2158,1877,1,original_probabilities_verified,0.8853956212498425,963,1195,0.7635063319764812,550,1608,0.8294513745827359,521,1637,0.8377513489383176,496,1662,0.8450152188617258,262,1896
resnet,17,S_03__snr_0__noise_303,S_03,S_03,0.0,303.0,7cd92d47b96bd773b2f1acf1ede800140e9026562234146cc127853e688da013,signed_control_mechanism/predictions/full/worker_resnet_0/seed_17/S_03__snr_0__noise_303.npz,7cd92d47b96bd773b2f1acf1ede800140e9026562234146cc127853e688da013,ae1af3b6f26199f28384c78976613cac3bbf3b73d74995a9807710c0bc2f274f,0a5dbfefdf89023f828bb9da523bf17c1024f6ca36de0def26e421b527531de8,0.8326310841187473,0.8326310841187473,fraction,2158,1877,1,original_probabilities_verified,0.8805823850675844,963,1195,0.7490162822252374,550,1608,0.8312558551819312,521,1637,0.8495776076239276,496,1662,0.8527232904950559,262,1896
resnet,17,S_03__snr_0__noise_404,S_03,S_03,0.0,404.0,77df87f82c600f25b33cad79110f71164a132ccd8158eba03e4bd6957138343d,signed_control_mechanism/predictions/full/worker_resnet_1/seed_17/S_03__snr_0__noise_404.npz,77df87f82c600f25b33cad79110f71164a132ccd8158eba03e4bd6957138343d,ae1af3b6f26199f28384c78976613cac3bbf3b73d74995a9807710c0bc2f274f,a7ed9afb43036ca8426e27f9c415d6e83ffe692f9be2f39d14f5630ec85ea304,0.833947344915049,0.833947344915049,fraction,2158,1877,1,original_probabilities_verified,0.8866756170787766,963,1195,0.7615094979647219,550,1608,0.8209108699144191,521,1637,0.8462204252552308,496,1662,0.8544203143620962,262,1896
resnet,17,S_03__snr_0__noise_505,S_03,S_03,0.0,505.0,70eb4b00a7be99b5359ff4975e29bd742f74489f225fba0f49957ee5238dedfd,signed_control_mechanism/predictions/full/worker_resnet_0/seed_17/S_03__snr_0__noise_505.npz,70eb4b00a7be99b5359ff4975e29bd742f74489f225fba0f49957ee5238dedfd,ae1af3b6f26199f28384c78976613cac3bbf3b73d74995a9807710c0bc2f274f,0af5d79b14d7f78bafb7ed96dc03db3a6256b9ab9182abe14ff92f9c44d0576e,0.8310043857044546,0.8310043857044548,fraction,2158,1877,1,original_probabilities_verified,0.8860586469236217,963,1195,0.7523134328358209,550,1608,0.8273268009337806,521,1637,0.8470677574628314,496,1662,0.8422552903662189,262,1896
resnet,17,S_03__snr_0__noise_8128,S_03,S_03,0.0,8128.0,677d7b1a03c67fc647a0e21270d953f3704ac0cf7d15965792ee7a2c797d045a,signed_control_mechanism/predictions/full/worker_resnet_1/seed_17/S_03__snr_0__noise_8128.npz,677d7b1a03c67fc647a0e21270d953f3704ac0cf7d15965792ee7a2c797d045a,ae1af3b6f26199f28384c78976613cac3bbf3b73d74995a9807710c0bc2f274f,986bf33a5449edbf1ab9173efd61e23024b77dee4fc5bd019f53b33069bf9e88,0.8297392632244003,0.8297392632244002,fraction,2158,1877,1,original_probabilities_verified,0.8857449480137471,963,1195,0.7484848484848485,550,1608,0.8247918515800051,521,1637,0.8456981968867668,496,1662,0.8439764711566335,262,1896
resnet,17,S_03__snr_10__noise_101,S_03,S_03,10.0,101.0,7879f400d3ed15471373af30a966edb337d3ddc81ea4e5528f685891807737ff,signed_control_mechanism/predictions/full/worker_resnet_0/seed_17/S_03__snr_10__noise_101.npz,7879f400d3ed15471373af30a966edb337d3ddc81ea4e5528f685891807737ff,ae1af3b6f26199f28384c78976613cac3bbf3b73d74995a9807710c0bc2f274f,35d2be8a01ff9d622d919566365374ba68064d8aa01ebf8310e086b44bbabca3,0.8969935538329683,0.8969935538329683,fraction,2158,1877,1,original_probabilities_verified,0.9277823398810378,963,1195,0.8747891225689733,550,1608,0.909433599452207,521,1637,0.8906814079422383,496,1662,0.8822812993203852,262,1896
resnet,17,S_03__snr_10__noise_202,S_03,S_03,10.0,202.0,c7fc85c574a7040a5bd89b66c4d8004cac4ab7e75a1b320425c77d0644fda8b7,signed_control_mechanism/predictions/full/worker_resnet_1/seed_17/S_03__snr_10__noise_202.npz,c7fc85c574a7040a5bd89b66c4d8004cac4ab7e75a1b320425c77d0644fda8b7,ae1af3b6f26199f28384c78976613cac3bbf3b73d74995a9807710c0bc2f274f,2bb8df4ad6faf8da9eb1538fd8277c4fcac85dfc10dbb6f03b4f384f5410cc8f,0.8964899940291622,0.8964899940291622,fraction,2158,1877,1,original_probabilities_verified,0.9263715637586517,963,1195,0.8756524197195839,550,1608,0.9092835191944442,521,1637,0.8905843620201079,496,1662,0.8805581054530228,262,1896
resnet,17,S_03__snr_10__noise_303,S_03,S_03,10.0,303.0,76bd4e6fd28e72a7d597b901dfeef637e9dede856ea68d9a8d95713902865a3f,signed_control_mechanism/predictions/full/worker_resnet_0/seed_17/S_03__snr_10__noise_303.npz,76bd4e6fd28e72a7d597b901dfeef637e9dede856ea68d9a8d95713902865a3f,ae1af3b6f26199f28384c78976613cac3bbf3b73d74995a9807710c0bc2f274f,6af5d78fc93e5d2a2027d2bc9b9f346367535bc3cc9bbf4a580876114d64c282,0.8965774737175014,0.8965774737175014,fraction,2158,1877,1,original_probabilities_verified,0.9247131306021542,963,1195,0.8727657168701944,550,1608,0.9095860247139974,521,1637,0.8955421955669423,496,1662,0.880280300834219,262,1896
resnet,17,S_03__snr_10__noise_404,S_03,S_03,10.0,404.0,6a47cd46da04e2b35e079958b317ca78f0fd2071692aa591e4205410c981a374,signed_control_mechanism/predictions/full/worker_resnet_1/seed_17/S_03__snr_10__noise_404.npz,6a47cd46da04e2b35e079958b317ca78f0fd2071692aa591e4205410c981a374,ae1af3b6f26199f28384c78976613cac3bbf3b73d74995a9807710c0bc2f274f,2a10a8b3fd0cb04652a69d668e449ccfb61555726c17c9d8d0beb1a790d80db5,0.896891210964695,0.896891210964695,fraction,2158,1877,1,original_probabilities_verified,0.9265162476048958,963,1195,0.875788104929896,550,1608,0.9079023118222206,521,1637,0.8938402527075813,496,1662,0.8804091377588817,262,1896
resnet,17,S_03__snr_10__noise_505,S_03,S_03,10.0,505.0,9c2ae2dcf4536dd1701b68e5cf852bb447d2745147610b320238ac277ed2a4f1,signed_control_mechanism/predictions/full/worker_resnet_0/seed_17/S_03__snr_10__noise_505.npz,9c2ae2dcf4536dd1701b68e5cf852bb447d2745147610b320238ac277ed2a4f1,ae1af3b6f26199f28384c78976613cac3bbf3b73d74995a9807710c0bc2f274f,21602520e47236660b1619ee76d57bfec85f6811d666e9fbf3251cb4a37a2082,0.8974603081707345,0.8974603081707345,fraction,2158,1877,1,original_probabilities_verified,0.9272201149650021,963,1195,0.8736318407960199,550,1608,0.9106096189720205,521,1637,0.8950181475874384,496,1662,0.8808218185331916,262,1896
resnet,17,S_03__snr_10__noise_8128,S_03,S_03,10.0,8128.0,4c28fa48adda42ca5c86afddbe91dbae5e183547d2c0c8a8089cf7bd580b6642,signed_control_mechanism/predictions/full/worker_resnet_1/seed_17/S_03__snr_10__noise_8128.npz,4c28fa48adda42ca5c86afddbe91dbae5e183547d2c0c8a8089cf7bd580b6642,ae1af3b6f26199f28384c78976613cac3bbf3b73d74995a9807710c0bc2f274f,e69517ade13d7fb272d272bb3f2f1940f719cc0afd8baf7df72424f4162a49c6,0.8962209686330992,0.896220968633099,fraction,2158,1877,1,original_probabilities_verified,0.9264336952601919,963,1195,0.8730868385345997,550,1608,0.9075575962301715,521,1637,0.8933659407631691,496,1662,0.8806607723773634,262,1896
resnet,17,S_03__snr_5__noise_101,S_03,S_03,5.0,101.0,0dffd15e2ad041f8d5ed824497e2756f57c4f78569e5b721fcf2809416c759f7,signed_control_mechanism/predictions/full/worker_resnet_0/seed_17/S_03__snr_5__noise_101.npz,0dffd15e2ad041f8d5ed824497e2756f57c4f78569e5b721fcf2809416c759f7,ae1af3b6f26199f28384c78976613cac3bbf3b73d74995a9807710c0bc2f274f,6dfa7072dcf03f17a856da75de3574de9a060b552492c0f5111be0d18e76565a,0.8805414549387025,0.8805414549387025,fraction,2158,1877,1,original_probabilities_verified,0.916860230190696,963,1195,0.8510368611488014,550,1608,0.8865932602239245,521,1637,0.8791353693567796,496,1662,0.8690815537733114,262,1896
resnet,17,S_03__snr_5__noise_202,S_03,S_03,5.0,202.0,3448d76b68e328b91f2822c4e86880cbcd3bf2cc0dcd051b7e2b4f56bebe28bd,signed_control_mechanism/predictions/full/worker_resnet_1/seed_17/S_03__snr_5__noise_202.npz,3448d76b68e328b91f2822c4e86880cbcd3bf2cc0dcd051b7e2b4f56bebe28bd,ae1af3b6f26199f28384c78976613cac3bbf3b73d74995a9807710c0bc2f274f,2066be0efc36ca9d5023e88c16b1e893fa6599620639669726b26958563314bb,0.8795193397304159,0.8795193397304159,fraction,2158,1877,1,original_probabilities_verified,0.916371867898869,963,1195,0.8497715965626413,550,1608,0.8887518364312791,521,1637,0.8762167132487093,496,1662,0.8664846845105807,262,1896
resnet,17,S_03__snr_5__noise_303,S_03,S_03,5.0,303.0,1140a3af2c934a0a2189ee23c01f0a4eb1d4e93390740c05d887c2d0f6e7b873,signed_control_mechanism/predictions/full/worker_resnet_0/seed_17/S_03__snr_5__noise_303.npz,1140a3af2c934a0a2189ee23c01f0a4eb1d4e93390740c05d887c2d0f6e7b873,ae1af3b6f26199f28384c78976613cac3bbf3b73d74995a9807710c0bc2f274f,11ba54702b0db9a17f123c30745d415955eff8554a83378886ab561c97276f0c,0.8799206165666135,0.8799206165666134,fraction,2158,1877,1,original_probabilities_verified,0.9139952293434481,963,1195,0.8429161013116236,550,1608,0.8898223307698531,521,1637,0.8856459376576996,496,1662,0.8672234837504429,262,1896
resnet,17,S_03__snr_5__noise_404,S_03,S_03,5.0,404.0,6bc17f3039c8449b1e18449fb633dafe59213ed4e94e259729ab40ed07425a4e,signed_control_mechanism/predictions/full/worker_resnet_1/seed_17/S_03__snr_5__noise_404.npz,6bc17f3039c8449b1e18449fb633dafe59213ed4e94e259729ab40ed07425a4e,ae1af3b6f26199f28384c78976613cac3bbf3b73d74995a9807710c0bc2f274f,0ffeab4cffc5e3381efd4158acdb2de1a4700d74414027dfdfc2989d34176af0,0.8824084084137805,0.8824084084137807,fraction,2158,1877,1,original_probabilities_verified,0.918047246010332,963,1195,0.8556309362279512,550,1608,0.88596714414857,521,1637,0.8838627188385544,496,1662,0.8685339968434953,262,1896
resnet,17,S_03__snr_5__noise_505,S_03,S_03,5.0,505.0,2f8d69b213dcc45bdb0ebc266db0fa6f546e12923615dd107166900510b55c40,signed_control_mechanism/predictions/full/worker_resnet_0/seed_17/S_03__snr_5__noise_505.npz,2f8d69b213dcc45bdb0ebc266db0fa6f546e12923615dd107166900510b55c40,ae1af3b6f26199f28384c78976613cac3bbf3b73d74995a9807710c0bc2f274f,367973609e9953e198b36eed8e924920f639bfdeb1d99e827bde0ad4cc0e67d3,0.8816544437902436,0.8816544437902436,fraction,2158,1877,1,original_probabilities_verified,0.9173007990197996,963,1195,0.8487912709181366,550,1608,0.8908658575621103,521,1637,0.8846584954000233,496,1662,0.8666557960511483,262,1896
resnet,17,S_03__snr_5__noise_8128,S_03,S_03,5.0,8128.0,c90a1cc48055959d32d4964e4cbdcd4571d8303d2a59281fb382263e16d91ab8,signed_control_mechanism/predictions/full/worker_resnet_1/seed_17/S_03__snr_5__noise_8128.npz,c90a1cc48055959d32d4964e4cbdcd4571d8303d2a59281fb382263e16d91ab8,ae1af3b6f26199f28384c78976613cac3bbf3b73d74995a9807710c0bc2f274f,d61624ecf68da033a71fecaa57ab4a3c3d7f02426b68b05c0097ce83b7921f4e,0.8794495030810566,0.8794495030810566,fraction,2158,1877,1,original_probabilities_verified,0.9172981921036509,963,1195,0.8489970601537765,550,1608,0.885514558371254,521,1637,0.8803581479756221,496,1662,0.8650795568009791,262,1896
resnet,17,S_04__snr_0__noise_101,S_04,S_04,0.0,101.0,b5d0aefbe8f442ddbb855401d0377c5d6e093a4e12b2ae1237a96098f7ab5616,signed_control_mechanism/predictions/full/worker_resnet_1/seed_17/S_04__snr_0__noise_101.npz,b5d0aefbe8f442ddbb855401d0377c5d6e093a4e12b2ae1237a96098f7ab5616,ae1af3b6f26199f28384c78976613cac3bbf3b73d74995a9807710c0bc2f274f,a7ff5fef66b4be39830a4586ec7981ab1076a5edb5b5afc3f1aee6a9793ccd33,0.8249636170097931,0.8249636170097929,fraction,2158,1877,1,original_probabilities_verified,0.8811341823190257,963,1195,0.7587878787878788,550,1608,0.8046166094290267,521,1637,0.8368645918248515,496,1662,0.8434148226881825,262,1896
resnet,17,S_04__snr_0__noise_202,S_04,S_04,0.0,202.0,fdb9aba868d3e1b9d581f4b224d999b255770e1182bf19d14eaa352357694465,signed_control_mechanism/predictions/full/worker_resnet_0/seed_17/S_04__snr_0__noise_202.npz,fdb9aba868d3e1b9d581f4b224d999b255770e1182bf19d14eaa352357694465,ae1af3b6f26199f28384c78976613cac3bbf3b73d74995a9807710c0bc2f274f,acb3e1dc020f2b6379ef63cdc75972488193be9f6335d6963c01d54100be8893,0.8221128416026067,0.8221128416026067,fraction,2158,1877,1,original_probabilities_verified,0.8791451052976881,963,1195,0.746746947082768,550,1608,0.8070718286458657,521,1637,0.8313329742634215,496,1662,0.8462673527232905,262,1896
resnet,17,S_04__snr_0__noise_303,S_04,S_04,0.0,303.0,c7171b62a9dc28a8800fd682d97548662a8fdce32b3f64d5eb7cf5ddef815a19,signed_control_mechanism/predictions/full/worker_resnet_1/seed_17/S_04__snr_0__noise_303.npz,c7171b62a9dc28a8800fd682d97548662a8fdce32b3f64d5eb7cf5ddef815a19,ae1af3b6f26199f28384c78976613cac3bbf3b73d74995a9807710c0bc2f274f,996b22338e6af6297773acb333db26f96bb80d2ed5404a31fe706eb5c9740477,0.8231754903778373,0.8231754903778373,fraction,2158,1877,1,original_probabilities_verified,0.8804016388812854,963,1195,0.7472195838986884,550,1608,0.8116973490901971,521,1637,0.8329487888668918,496,1662,0.8436100911521242,262,1896
resnet,17,S_04__snr_0__noise_404,S_04,S_04,0.0,404.0,5e91a037794acb071bd60a748ebac1e9f308566f1db2aadccc0fbf69c518b9d1,signed_control_mechanism/predictions/full/worker_resnet_0/seed_17/S_04__snr_0__noise_404.npz,5e91a037794acb071bd60a748ebac1e9f308566f1db2aadccc0fbf69c518b9d1,ae1af3b6f26199f28384c78976613cac3bbf3b73d74995a9807710c0bc2f274f,cadb66b021dabaa8bcd58f7061a6088a40fc7a521723b466cc360f63b9af3cb6,0.8203821512788027,0.8203821512788025,fraction,2158,1877,1,original_probabilities_verified,0.8826757387348636,963,1195,0.7361601085481683,550,1608,0.8065219252014065,521,1637,0.8303661542641978,496,1662,0.8461868296453764,262,1896
resnet,17,S_04__snr_0__noise_505,S_04,S_04,0.0,505.0,c59cfa65550b9cc3dc11c88fdee12593a7a6f8223721344670cd736fc62e9a72,signed_control_mechanism/predictions/full/worker_resnet_1/seed_17/S_04__snr_0__noise_505.npz,c59cfa65550b9cc3dc11c88fdee12593a7a6f8223721344670cd736fc62e9a72,ae1af3b6f26199f28384c78976613cac3bbf3b73d74995a9807710c0bc2f274f,f8a31c608de4d430c74ced1cdd75f1d6c4e31d19e21e1988440832134d12edc0,0.8267231174992645,0.8267231174992645,fraction,2158,1877,1,original_probabilities_verified,0.883347454129138,963,1195,0.7500271370420624,550,1608,0.8086371188342516,521,1637,0.8430536955087147,496,1662,0.848550181982156,262,1896
resnet,17,S_04__snr_0__noise_8128,S_04,S_04,0.0,8128.0,7ca3ce8a9e2b3b6323466740585d10b20683c68ef7c1a01178a3ab17434dcfa2,signed_control_mechanism/predictions/full/worker_resnet_0/seed_17/S_04__snr_0__noise_8128.npz,7ca3ce8a9e2b3b6323466740585d10b20683c68ef7c1a01178a3ab17434dcfa2,ae1af3b6f26199f28384c78976613cac3bbf3b73d74995a9807710c0bc2f274f,b8f21b8e699c0484d5d41c0f65f5e04a317c893ba24bc896773f541e7baec595,0.8248731405727664,0.8248731405727664,fraction,2158,1877,1,original_probabilities_verified,0.8832344877627011,963,1195,0.7493882858435097,550,1608,0.8140927707043337,521,1637,0.8364497205077442,496,1662,0.8412004380455439,262,1896
resnet,17,S_04__snr_10__noise_101,S_04,S_04,10.0,101.0,b9ecfa0369b57fe2f0f22c80c000f0cd324c2a4b4de2ad5ef5c03e3499646b70,signed_control_mechanism/predictions/full/worker_resnet_1/seed_17/S_04__snr_10__noise_101.npz,b9ecfa0369b57fe2f0f22c80c000f0cd324c2a4b4de2ad5ef5c03e3499646b70,ae1af3b6f26199f28384c78976613cac3bbf3b73d74995a9807710c0bc2f274f,7a4fd6223c18b9f6352ebfb5bd7221ae802df6eb76be7fa0654e213a74875225,0.8960177454541288,0.8960177454541289,fraction,2158,1877,1,original_probabilities_verified,0.9270532723314955,963,1195,0.8757462686567165,550,1608,0.905444747601354,521,1637,0.8929692655564613,496,1662,0.8788751731246175,262,1896
resnet,17,S_04__snr_10__noise_202,S_04,S_04,10.0,202.0,37a947b51dabe96d81813683b46ae82adb567b5960681bf770c68bab8867248e,signed_control_mechanism/predictions/full/worker_resnet_0/seed_17/S_04__snr_10__noise_202.npz,37a947b51dabe96d81813683b46ae82adb567b5960681bf770c68bab8867248e,ae1af3b6f26199f28384c78976613cac3bbf3b73d74995a9807710c0bc2f274f,010e1b648155915b9c961876d96944383b684b0f66188e379c00c86749c5db4b,0.8951521154809885,0.8951521154809885,fraction,2158,1877,1,original_probabilities_verified,0.9265875033129559,963,1195,0.8740422885572139,550,1608,0.9056464179477228,521,1637,0.8892463413687357,496,1662,0.8802380262183142,262,1896
resnet,17,S_04__snr_10__noise_303,S_04,S_04,10.0,303.0,cfd2d28250d953295b1296e9fe424e0a3d72620731d824999008f49adf3e9e62,signed_control_mechanism/predictions/full/worker_resnet_1/seed_17/S_04__snr_10__noise_303.npz,cfd2d28250d953295b1296e9fe424e0a3d72620731d824999008f49adf3e9e62,ae1af3b6f26199f28384c78976613cac3bbf3b73d74995a9807710c0bc2f274f,5ce15d0a8232c8fef08a852321ceb25c0af43b98d9f1a43463afa31884d11270,0.8949573944388176,0.8949573944388176,fraction,2158,1877,1,original_probabilities_verified,0.9274634271388661,963,1195,0.8728652193577566,550,1608,0.9069584477011339,521,1637,0.8905079383564303,496,1662,0.8769919396399007,262,1896
resnet,17,S_04__snr_10__noise_404,S_04,S_04,10.0,404.0,e26e6bf27d5cca6892b8a5c3ef5451a9dbe68bc1906197e2fead0fe8eab08a01,signed_control_mechanism/predictions/full/worker_resnet_0/seed_17/S_04__snr_10__noise_404.npz,e26e6bf27d5cca6892b8a5c3ef5451a9dbe68bc1906197e2fead0fe8eab08a01,ae1af3b6f26199f28384c78976613cac3bbf3b73d74995a9807710c0bc2f274f,dab1aa5d5f63bed3b7ea580224629522d2ae589f4538c6f4df54dbdb31b803a0,0.895418766306215,0.895418766306215,fraction,2158,1877,1,original_probabilities_verified,0.9270619620519907,963,1195,0.8725146992311171,550,1608,0.9061998388982233,521,1637,0.8931366697721361,496,1662,0.8781806615776081,262,1896
resnet,17,S_04__snr_10__noise_505,S_04,S_04,10.0,505.0,371270465339d0f14a5daaadf71979c515f448c1f211f81c9b1c223f0eda14f6,signed_control_mechanism/predictions/full/worker_resnet_1/seed_17/S_04__snr_10__noise_505.npz,371270465339d0f14a5daaadf71979c515f448c1f211f81c9b1c223f0eda14f6,ae1af3b6f26199f28384c78976613cac3bbf3b73d74995a9807710c0bc2f274f,8a8f492cbe9005e973b70fc019b68f3372c88f48fe496fba223cff1d44fe6b0c,0.896335477285016,0.8963354772850158,fraction,2158,1877,1,original_probabilities_verified,0.9281299287008433,963,1195,0.8738161465400271,550,1608,0.906747397338655,521,1637,0.8924258083925314,496,1662,0.8805581054530228,262,1896
resnet,17,S_04__snr_10__noise_8128,S_04,S_04,10.0,8128.0,84f980a994c43800f8aac266c19b70c1b1a0e17dbda0f7ce4c614222b0c3c4be,signed_control_mechanism/predictions/full/worker_resnet_0/seed_17/S_04__snr_10__noise_8128.npz,84f980a994c43800f8aac266c19b70c1b1a0e17dbda0f7ce4c614222b0c3c4be,ae1af3b6f26199f28384c78976613cac3bbf3b73d74995a9807710c0bc2f274f,84f049765639f413aa23e8ed6601f85f225c07f4215c98bb43e573a69770acc9,0.8964695660934698,0.8964695660934698,fraction,2158,1877,1,original_probabilities_verified,0.9288120717597118,963,1195,0.8749728629579376,550,1608,0.9060075485679646,521,1637,0.8935976379022553,496,1662,0.8789577092794795,262,1896
resnet,17,S_04__snr_5__noise_101,S_04,S_04,5.0,101.0,f2ea47fae719036c3af4a8fc6ef273d0ecf0f3c37f61f48a9a93ead082b9778e,signed_control_mechanism/predictions/full/worker_resnet_1/seed_17/S_04__snr_5__noise_101.npz,f2ea47fae719036c3af4a8fc6ef273d0ecf0f3c37f61f48a9a93ead082b9778e,ae1af3b6f26199f28384c78976613cac3bbf3b73d74995a9807710c0bc2f274f,1610c4ab26f0f163c30ecca0d33f3bf35c8cf37ff7e3328ed27a5165a8960607,0.8775665095294279,0.8775665095294277,fraction,2158,1877,1,original_probabilities_verified,0.9172729919142151,963,1195,0.8527182270465853,550,1608,0.8781700057569849,521,1637,0.8786944169480998,496,1662,0.8609769059812542,262,1896
resnet,17,S_04__snr_5__noise_202,S_04,S_04,5.0,202.0,364de7b154c6faa4fff0fa99e08edc9c6159677c26f800a43e86c4ed81862cb1,signed_control_mechanism/predictions/full/worker_resnet_0/seed_17/S_04__snr_5__noise_202.npz,364de7b154c6faa4fff0fa99e08edc9c6159677c26f800a43e86c4ed81862cb1,ae1af3b6f26199f28384c78976613cac3bbf3b73d74995a9807710c0bc2f274f,815d5b1636c51116dcf6a59e9dfe03a32ebe86fdde6e875d419f492985a353c8,0.8755663955528684,0.8755663955528684,fraction,2158,1877,1,original_probabilities_verified,0.9157053663368918,963,1195,0.8440988240615106,550,1608,0.8803989320851658,521,1637,0.8714541846201622,496,1662,0.8661746706606114,262,1896
resnet,17,S_04__snr_5__noise_303,S_04,S_04,5.0,303.0,69b9ded3785b83ea367f7ee584284e646c209b42d3bed313cd0c3162c396ef2a,signed_control_mechanism/predictions/full/worker_resnet_1/seed_17/S_04__snr_5__noise_303.npz,69b9ded3785b83ea367f7ee584284e646c209b42d3bed313cd0c3162c396ef2a,ae1af3b6f26199f28384c78976613cac3bbf3b73d74995a9807710c0bc2f274f,fb8ae73482281929d71bea99baa1d20671f2893a852f83d4adbc8148363b1f0c,0.8769616477795708,0.8769616477795708,fraction,2158,1877,1,original_probabilities_verified,0.9178925689855186,963,1195,0.848048394391678,550,1608,0.8818821471325877,521,1637,0.874643356236171,496,1662,0.8623417721518988,262,1896
resnet,17,S_04__snr_5__noise_404,S_04,S_04,5.0,404.0,a299c97c54b03d2a2f58efa56f2e54874dc1d80392b7b1f8cce593c0200ec0b9,signed_control_mechanism/predictions/full/worker_resnet_0/seed_17/S_04__snr_5__noise_404.npz,a299c97c54b03d2a2f58efa56f2e54874dc1d80392b7b1f8cce593c0200ec0b9,ae1af3b6f26199f28384c78976613cac3bbf3b73d74995a9807710c0bc2f274f,1e1f37742247adccfb20236cf6611c03e8d506d201bd120903bad416b2adca70,0.875770382055812,0.875770382055812,fraction,2158,1877,1,original_probabilities_verified,0.917577132131545,963,1195,0.8428516508367254,550,1608,0.8797012933869713,521,1637,0.8739482648189123,496,1662,0.8647735691049054,262,1896
resnet,17,S_04__snr_5__noise_505,S_04,S_04,5.0,505.0,5ff7d21437a1e37afa1d7f94b0b3aa9dc3ded12819164135b150419d5b8dca40,signed_control_mechanism/predictions/full/worker_resnet_1/seed_17/S_04__snr_5__noise_505.npz,5ff7d21437a1e37afa1d7f94b0b3aa9dc3ded12819164135b150419d5b8dca40,ae1af3b6f26199f28384c78976613cac3bbf3b73d74995a9807710c0bc2f274f,3f5c662a59745cfe875f34da30b01bc2e981b5f835c897eff69d8e7835319eae,0.8794124688084551,0.8794124688084551,fraction,2158,1877,1,original_probabilities_verified,0.9196105267274078,963,1195,0.851077566711895,550,1608,0.880877312906785,521,1637,0.8785009316408524,496,1662,0.8669960060553354,262,1896
resnet,17,S_04__snr_5__noise_8128,S_04,S_04,5.0,8128.0,a75931b3559e17e756608d47c5e4c7706f7470f3ec501271aeac04a824ec3e7f,signed_control_mechanism/predictions/full/worker_resnet_0/seed_17/S_04__snr_5__noise_8128.npz,a75931b3559e17e756608d47c5e4c7706f7470f3ec501271aeac04a824ec3e7f,ae1af3b6f26199f28384c78976613cac3bbf3b73d74995a9807710c0bc2f274f,fea77e37ae16ec43e446648650fd66da27ca5f8f74fd608084a41662d4eeca3c,0.8785384319712379,0.8785384319712382,fraction,2158,1877,1,original_probabilities_verified,0.9199581155472134,963,1195,0.8470013568521031,550,1608,0.8809101429631705,521,1637,0.8811138930942122,496,1662,0.863708651399491,262,1896
resnet,17,clean,clean,,,,c7242964d38e87f392fbc8298ebb835d26600ba1e4b3a83a1406855a96825c7b,methodology_supplement/results/predictions/full/resnet/seed_17/clean.npz,c7242964d38e87f392fbc8298ebb835d26600ba1e4b3a83a1406855a96825c7b,ae1af3b6f26199f28384c78976613cac3bbf3b73d74995a9807710c0bc2f274f,a8d302b6d0b6e62b539ce05c00e740ac2d1450844afe3f861adb2ac5780bd70c,0.9068922993183458,0.9068922993183458,fraction,2158,1877,1,original_probabilities_verified,0.9340980287369057,963,1195,0.8862347354138399,550,1608,0.9193764165289954,521,1637,0.9032148887853733,496,1662,0.8915374271266144,262,1896
resnet,29,E__snr_0__noise_101,E,,0.0,101.0,b41a63bbc3b7435d49ed3bb40fab8e020c8c2e42fc7289168b87caf0cef1c90c,methodology_supplement/results/predictions/full/resnet/seed_29/standard__n101__electrode__snr0.npz,b41a63bbc3b7435d49ed3bb40fab8e020c8c2e42fc7289168b87caf0cef1c90c,d88f9588b099e1dd5dddb32a3258f043ae873f62694eb9af5bcc9755ac8d2f5a,e372ac625f7d1fdca9a8dbef6073c43da2445cc0f77fffa03ae2ab075bb8f2b5,0.8167378198976086,0.8167378198976086,fraction,2158,1877,1,original_probabilities_verified,0.8311083304005527,963,1195,0.7337890094979648,550,1608,0.8309064495818271,521,1637,0.8378192810838089,496,1662,0.8500660289238896,262,1896
resnet,29,E__snr_0__noise_202,E,,0.0,202.0,25fe41ab62d284b7b3c6d8b8517f0d7e51e0c72b57781d501a0682876a8da87e,methodology_supplement/results/predictions/full/resnet/seed_29/standard__n202__electrode__snr0.npz,25fe41ab62d284b7b3c6d8b8517f0d7e51e0c72b57781d501a0682876a8da87e,d88f9588b099e1dd5dddb32a3258f043ae873f62694eb9af5bcc9755ac8d2f5a,ebb2e60939c20fbdc7021b503b4154d20dc64e8743aade8ff0162325fc376218,0.8144950148767819,0.8144950148767819,fraction,2158,1877,1,original_probabilities_verified,0.8265453581685545,963,1195,0.7491338760741746,550,1608,0.8312851677322756,521,1637,0.814909165016886,496,1662,0.8506015073920186,262,1896
resnet,29,E__snr_0__noise_303,E,,0.0,303.0,54eb9e2273693814d57ee185a5d28f2099676490c2c6bc043510f29a3ecf6f48,methodology_supplement/results/predictions/full/resnet/seed_29/standard__n303__electrode__snr0.npz,54eb9e2273693814d57ee185a5d28f2099676490c2c6bc043510f29a3ecf6f48,d88f9588b099e1dd5dddb32a3258f043ae873f62694eb9af5bcc9755ac8d2f5a,b857ed34aea876a9ea653fb6930a38eb9b517ecf2c81adc409178a704a80ef37,0.8140011941896586,0.8140011941896586,fraction,2158,1877,1,original_probabilities_verified,0.8218468262968321,963,1195,0.7424389416553596,550,1608,0.8253863101009876,521,1637,0.8301672101238305,496,1662,0.8501666827712823,262,1896
resnet,29,E__snr_0__noise_404,E,,0.0,404.0,28710929b92da5e8bd2b7d7ef043a9925ea9ff523bbc7dc61ee93202e21107ca,methodology_supplement/results/predictions/full/resnet/seed_29/standard__n404__electrode__snr0.npz,28710929b92da5e8bd2b7d7ef043a9925ea9ff523bbc7dc61ee93202e21107ca,d88f9588b099e1dd5dddb32a3258f043ae873f62694eb9af5bcc9755ac8d2f5a,0cbfd65142656d2a4539e8a5e14d4477612faf9c6c24ff0f5d758e573cb0c418,0.815868059537757,0.815868059537757,fraction,2158,1877,1,original_probabilities_verified,0.8291279430997102,963,1195,0.7430393487109905,550,1608,0.8294185445263502,521,1637,0.8304765440006211,496,1662,0.8472779173511128,262,1896
resnet,29,E__snr_0__noise_505,E,,0.0,505.0,a33a2a867900f7953db6b1739434f9e002d47c0f03064ff6ea40abcf33f383bc,methodology_supplement/results/predictions/full/resnet/seed_29/standard__n505__electrode__snr0.npz,a33a2a867900f7953db6b1739434f9e002d47c0f03064ff6ea40abcf33f383bc,d88f9588b099e1dd5dddb32a3258f043ae873f62694eb9af5bcc9755ac8d2f5a,42b6424cc834cef160a7cb3f74c5dfcc17f21eeab757205a60a26c8986fbff79,0.8178539786986262,0.8178539786986262,fraction,2158,1877,1,original_probabilities_verified,0.8268972918486077,963,1195,0.748681592039801,550,1608,0.8358016454893261,521,1637,0.8229154535926401,496,1662,0.8549739105227558,262,1896
resnet,29,E__snr_0__noise_8128,E,,0.0,8128.0,b784dfd34d4e07f6eeb4fc141a5b281226f885134fecb2730efa38b77b16fc11,methodology_supplement/results/predictions/full/resnet/seed_29/standard__n8128__electrode__snr0.npz,b784dfd34d4e07f6eeb4fc141a5b281226f885134fecb2730efa38b77b16fc11,d88f9588b099e1dd5dddb32a3258f043ae873f62694eb9af5bcc9755ac8d2f5a,b7f3d1fc39ef41f0c7e5fde19c9fdb33643f418220b5beae2b4a25b68357b149,0.8165355118588782,0.8165355118588782,fraction,2158,1877,1,original_probabilities_verified,0.824784820796239,963,1195,0.7500486205336951,550,1608,0.8277782142090829,521,1637,0.8217945731920344,496,1662,0.8582713305633395,262,1896
resnet,29,E__snr_10__noise_101,E,,10.0,101.0,979f7034afb70bde1ad9429e23ed9f043aa061310a8f04f9f6293c657f8e618b,methodology_supplement/results/predictions/full/resnet/seed_29/standard__n101__electrode__snr10.npz,979f7034afb70bde1ad9429e23ed9f043aa061310a8f04f9f6293c657f8e618b,d88f9588b099e1dd5dddb32a3258f043ae873f62694eb9af5bcc9755ac8d2f5a,e1c5a093c971f8dd322ef87c4a61793f2d978a2d00dc936ce1086c33dc58d528,0.8989195130198986,0.8989195130198985,fraction,2158,1877,1,original_probabilities_verified,0.9204412640067432,963,1195,0.8758175033921303,550,1608,0.9185462851032447,521,1637,0.8907372093474633,496,1662,0.8890553032499114,262,1896
resnet,29,E__snr_10__noise_202,E,,10.0,202.0,45d6e35e8dacda42ebf16c7a0db822743490b48e2f927f406d60f845b14ba1e5,methodology_supplement/results/predictions/full/resnet/seed_29/standard__n202__electrode__snr10.npz,45d6e35e8dacda42ebf16c7a0db822743490b48e2f927f406d60f845b14ba1e5,d88f9588b099e1dd5dddb32a3258f043ae873f62694eb9af5bcc9755ac8d2f5a,3d70887ac00be71d38641e553b5714375d65d43e8ab541234506fbea4dc34e40,0.8979607766038095,0.8979607766038095,fraction,2158,1877,1,original_probabilities_verified,0.9201762275316414,963,1195,0.8776436001809136,550,1608,0.9167617370382833,521,1637,0.8870688734909359,496,1662,0.8881534447772732,262,1896
resnet,29,E__snr_10__noise_303,E,,10.0,303.0,c8a31751153800b1c12b3d4561896c61d37f62d6ae1a7feec5007d4fcd4066b9,methodology_supplement/results/predictions/full/resnet/seed_29/standard__n303__electrode__snr10.npz,c8a31751153800b1c12b3d4561896c61d37f62d6ae1a7feec5007d4fcd4066b9,d88f9588b099e1dd5dddb32a3258f043ae873f62694eb9af5bcc9755ac8d2f5a,d27221228a6175077197c5969fe2e636abdf77f352110f583ed6244c3f94b2e2,0.8969049764551851,0.8969049764551851,fraction,2158,1877,1,original_probabilities_verified,0.9188719004853209,963,1195,0.8715388964269561,550,1608,0.9173304005149628,521,1637,0.8897837331625326,496,1662,0.8869999516861532,262,1896
resnet,29,E__snr_10__noise_404,E,,10.0,404.0,fa19cd639903a2909952cf2d1450a15b7cd0ce79f2637abf0f564a957fb3ef64,methodology_supplement/results/predictions/full/resnet/seed_29/standard__n404__electrode__snr10.npz,fa19cd639903a2909952cf2d1450a15b7cd0ce79f2637abf0f564a957fb3ef64,d88f9588b099e1dd5dddb32a3258f043ae873f62694eb9af5bcc9755ac8d2f5a,fc7501548d880b83095d2309ef6e16796d4f009b3847b4e6d2f1d864bc9dfca1,0.8982080930863795,0.8982080930863795,fraction,2158,1877,1,original_probabilities_verified,0.9191073919107392,963,1195,0.8732100859339665,550,1608,0.9168520196933438,521,1637,0.8936692092698265,496,1662,0.8882017586240216,262,1896
resnet,29,E__snr_10__noise_505,E,,10.0,505.0,0b3ae00cda5a8fd1748c804c3f8e378969344ba0c223c9b20c28b5f2a104a7bf,methodology_supplement/results/predictions/full/resnet/seed_29/standard__n505__electrode__snr10.npz,0b3ae00cda5a8fd1748c804c3f8e378969344ba0c223c9b20c28b5f2a104a7bf,d88f9588b099e1dd5dddb32a3258f043ae873f62694eb9af5bcc9755ac8d2f5a,c22add93be122130704cd51011c6203d71a117fed08f0ca09cfe5b2231db026f,0.8984142733198759,0.8984142733198759,fraction,2158,1877,1,original_probabilities_verified,0.9193307177274643,963,1195,0.8746766169154229,550,1608,0.9188441006147428,521,1637,0.88997539885874,496,1662,0.8892445324830096,262,1896
resnet,29,E__snr_10__noise_8128,E,,10.0,8128.0,b688a3dee9965a34052e7f9272c6ac76283aebd8204f76d50bf03cfd4cfba5fa,methodology_supplement/results/predictions/full/resnet/seed_29/standard__n8128__electrode__snr10.npz,b688a3dee9965a34052e7f9272c6ac76283aebd8204f76d50bf03cfd4cfba5fa,d88f9588b099e1dd5dddb32a3258f043ae873f62694eb9af5bcc9755ac8d2f5a,f3748f9ddb4fcc1a68c5173fc418ec9284195cab1bb36f491b124eebf0a7d449,0.8980265294774294,0.8980265294774294,fraction,2158,1877,1,original_probabilities_verified,0.9193715594137915,963,1195,0.8735402532790593,550,1608,0.9158507029735824,521,1637,0.8914310876906952,496,1662,0.889939044030019,262,1896
resnet,29,E__snr_5__noise_101,E,,5.0,101.0,de4859fa70b2aa90e2a25f947841e4a4513a768de149885b289cd588477277c5,methodology_supplement/results/predictions/full/resnet/seed_29/standard__n101__electrode__snr5.npz,de4859fa70b2aa90e2a25f947841e4a4513a768de149885b289cd588477277c5,d88f9588b099e1dd5dddb32a3258f043ae873f62694eb9af5bcc9755ac8d2f5a,a9b52831e24c7768419b845bb3083af3c8a16ec5e32b5fdb5b13c78d41daae5a,0.8798515766212732,0.8798515766212734,fraction,2158,1877,1,original_probabilities_verified,0.9039316640380262,963,1195,0.8468306196291271,550,1608,0.8946213815122227,521,1637,0.879729775629828,496,1662,0.8741444422971624,262,1896
resnet,29,E__snr_5__noise_202,E,,5.0,202.0,2c1d864e013d4f16640ada3e87b1bea3a5f080e3facd328109fb8efab64d505b,methodology_supplement/results/predictions/full/resnet/seed_29/standard__n202__electrode__snr5.npz,2c1d864e013d4f16640ada3e87b1bea3a5f080e3facd328109fb8efab64d505b,d88f9588b099e1dd5dddb32a3258f043ae873f62694eb9af5bcc9755ac8d2f5a,6c3f29be5575354876cd0d27a39ced457ab439a24964f15c6afe323c5cda1cd5,0.8800470255533119,0.8800470255533119,fraction,2158,1877,1,original_probabilities_verified,0.9062883162363082,963,1195,0.8548609226594301,550,1608,0.8941582432167827,521,1637,0.8703745487364621,496,1662,0.8745530969175765,262,1896
resnet,29,E__snr_5__noise_303,E,,5.0,303.0,e51400a678cadcdc85308dd38b4f52dd92d4b9271b838304315712114356a4e6,methodology_supplement/results/predictions/full/resnet/seed_29/standard__n303__electrode__snr5.npz,e51400a678cadcdc85308dd38b4f52dd92d4b9271b838304315712114356a4e6,d88f9588b099e1dd5dddb32a3258f043ae873f62694eb9af5bcc9755ac8d2f5a,11085aab3b59af30ed304293a4d6b71096b369fe6a48bc66e37a8d7f0b8ef749,0.8796316490338578,0.8796316490338578,fraction,2158,1877,1,original_probabilities_verified,0.9030983198425423,963,1195,0.8467401628222524,550,1608,0.8954081303634639,521,1637,0.8802125790924266,496,1662,0.8726990530486037,262,1896
resnet,29,E__snr_5__noise_404,E,,5.0,404.0,0de0d3e1d997900b425d491d062e850b676a785a45b6530926ea1223f7ee64c8,methodology_supplement/results/predictions/full/resnet/seed_29/standard__n404__electrode__snr5.npz,0de0d3e1d997900b425d491d062e850b676a785a45b6530926ea1223f7ee64c8,d88f9588b099e1dd5dddb32a3258f043ae873f62694eb9af5bcc9755ac8d2f5a,b87c690599f9e43fd18ff01ff673d41836632423c4e2b1a4f7594389236e9e02,0.8807436528938011,0.8807436528938011,fraction,2158,1877,1,original_probabilities_verified,0.9026594889575377,963,1195,0.846387381275441,550,1608,0.8973087561277886,521,1637,0.8819157350258142,496,1662,0.8754469030824235,262,1896
resnet,29,E__snr_5__noise_505,E,,5.0,505.0,53ec8b47eb2661a7b060cc3274a2aaa78dc3bd498c4aa44c46bda6133e06f30b,methodology_supplement/results/predictions/full/resnet/seed_29/standard__n505__electrode__snr5.npz,53ec8b47eb2661a7b060cc3274a2aaa78dc3bd498c4aa44c46bda6133e06f30b,d88f9588b099e1dd5dddb32a3258f043ae873f62694eb9af5bcc9755ac8d2f5a,55993a149666eee52bca0be88f2fce8d7c3203c66b73c39bf19371aee26ad4a6,0.880649787252243,0.8806497872522427,fraction,2158,1877,1,original_probabilities_verified,0.9017683581207611,963,1195,0.8497060153776572,550,1608,0.8968010627558253,521,1637,0.878548241527891,496,1662,0.8764252584790801,262,1896
resnet,29,E__snr_5__noise_8128,E,,5.0,8128.0,4e960a23c9213d6a17325df35bcd518a9fec2553ded44ec32361e9776de68904,methodology_supplement/results/predictions/full/resnet/seed_29/standard__n8128__electrode__snr5.npz,4e960a23c9213d6a17325df35bcd518a9fec2553ded44ec32361e9776de68904,d88f9588b099e1dd5dddb32a3258f043ae873f62694eb9af5bcc9755ac8d2f5a,a114022f00f77977526a8a7b16dd997e3a58abcbd77c090af1d926369049c636,0.8796946780258009,0.8796946780258009,fraction,2158,1877,1,original_probabilities_verified,0.9040611408734038,963,1195,0.8463455450022614,550,1608,0.89322493161382,521,1637,0.8771301579907612,496,1662,0.8777116146487584,262,1896
resnet,29,I__snr_0__noise_101,I,,0.0,101.0,a6e00b6c57793b4b727f5c228ecb5f172f323b5acb53109b1e99b4ea111d4823,methodology_supplement/results/predictions/full/resnet/seed_29/standard__n101__independent_rms__snr0.npz,a6e00b6c57793b4b727f5c228ecb5f172f323b5acb53109b1e99b4ea111d4823,d88f9588b099e1dd5dddb32a3258f043ae873f62694eb9af5bcc9755ac8d2f5a,645e88fea28f6de2c9c8bec7fe9f5dc382fd647d827b1a0a1dea643a9dcb6653,0.8342686589116088,0.8342686589116088,fraction,2158,1877,1,original_probabilities_verified,0.8583236660192824,963,1195,0.7707134780642243,550,1608,0.8463576811193173,521,1637,0.8422991634641512,496,1662,0.8536493058910684,262,1896
resnet,29,I__snr_0__noise_202,I,,0.0,202.0,ab7ec58e6b5af4b463e1e6796f789db3d984422ae5c482713d737e5ccdd7db9d,methodology_supplement/results/predictions/full/resnet/seed_29/standard__n202__independent_rms__snr0.npz,ab7ec58e6b5af4b463e1e6796f789db3d984422ae5c482713d737e5ccdd7db9d,d88f9588b099e1dd5dddb32a3258f043ae873f62694eb9af5bcc9755ac8d2f5a,9a7b17eb56d13c02a6119fbf3ac49a8f4c072a45c83d59c83a6ebf5003739c85,0.8339302249554115,0.8339302249554115,fraction,2158,1877,1,original_probabilities_verified,0.8543915674952315,963,1195,0.7688161465400272,550,1608,0.8567894315358486,521,1637,0.8368803617871977,496,1662,0.8527736174187522,262,1896
resnet,29,I__snr_0__noise_303,I,,0.0,303.0,a20d5fd4d8684c5ef6737b59ca8f8e253e0ae26a93704848baea647dbf6d246b,methodology_supplement/results/predictions/full/resnet/seed_29/standard__n303__independent_rms__snr0.npz,a20d5fd4d8684c5ef6737b59ca8f8e253e0ae26a93704848baea647dbf6d246b,d88f9588b099e1dd5dddb32a3258f043ae873f62694eb9af5bcc9755ac8d2f5a,e7d0b59426ed89bc126f168ab5470e76731871a876717d4759ed05591d438457,0.8341010328194294,0.8341010328194294,fraction,2158,1877,1,original_probabilities_verified,0.854201262616388,963,1195,0.7739145183175034,550,1608,0.8558010123382387,521,1637,0.8377925934552231,496,1662,0.8487957773697942,262,1896
resnet,29,I__snr_0__noise_404,I,,0.0,404.0,d6cc159651e315db484fd2ba4dd4ba024610a7e1556aca058c21b89a03c13163,methodology_supplement/results/predictions/full/resnet/seed_29/standard__n404__independent_rms__snr0.npz,d6cc159651e315db484fd2ba4dd4ba024610a7e1556aca058c21b89a03c13163,d88f9588b099e1dd5dddb32a3258f043ae873f62694eb9af5bcc9755ac8d2f5a,b9685535e0d715ed9954ee60e7ab5fe88109a982718286ff18519e20e4dca459,0.8353326171163943,0.8353326171163943,fraction,2158,1877,1,original_probabilities_verified,0.8483322253939702,963,1195,0.761249434644957,550,1608,0.8588037899955093,521,1637,0.8484361049648694,496,1662,0.859841530582665,262,1896
resnet,29,I__snr_0__noise_505,I,,0.0,505.0,7cc70a0e0720860f4be5f67ad165e8b9e6b7af8a19bb690fc8617ef647bf8946,methodology_supplement/results/predictions/full/resnet/seed_29/standard__n505__independent_rms__snr0.npz,7cc70a0e0720860f4be5f67ad165e8b9e6b7af8a19bb690fc8617ef647bf8946,d88f9588b099e1dd5dddb32a3258f043ae873f62694eb9af5bcc9755ac8d2f5a,ce3dcc966a294de3f65ce5c8391a420750abbaa2fd697122f8d6836e7100a9aa,0.8347490092057168,0.8347490092057168,fraction,2158,1877,1,original_probabilities_verified,0.8508522443375609,963,1195,0.7704330619629127,550,1608,0.8573428524863491,521,1637,0.8470216606498195,496,1662,0.8480952265919413,262,1896
resnet,29,I__snr_0__noise_8128,I,,0.0,8128.0,269a7a5a1bd6bf232c1aa73d1cc3f4e29ec79ac904619bd306b0be9ab8f7f4b9,methodology_supplement/results/predictions/full/resnet/seed_29/standard__n8128__independent_rms__snr0.npz,269a7a5a1bd6bf232c1aa73d1cc3f4e29ec79ac904619bd306b0be9ab8f7f4b9,d88f9588b099e1dd5dddb32a3258f043ae873f62694eb9af5bcc9755ac8d2f5a,25906cf56405bdae430b0cb33fc5c894b641d005d5e0638db02626962cf86f9b,0.8403192502598156,0.8403192502598156,fraction,2158,1877,1,original_probabilities_verified,0.8637973209591714,963,1195,0.7768532338308458,550,1608,0.8606727582054622,521,1637,0.8450031054695082,496,1662,0.8552698328340903,262,1896
resnet,29,I__snr_10__noise_101,I,,10.0,101.0,649fa1f2e1351763720d50c29a2f2e568677ea2c5e8b2da9c130a8e67c17d33e,methodology_supplement/results/predictions/full/resnet/seed_29/standard__n101__independent_rms__snr10.npz,649fa1f2e1351763720d50c29a2f2e568677ea2c5e8b2da9c130a8e67c17d33e,d88f9588b099e1dd5dddb32a3258f043ae873f62694eb9af5bcc9755ac8d2f5a,2e11974ad9bf84a2a653ea36780b96e915ea2f3150c9ce8d696e750a95c83949,0.8995157995754586,0.8995157995754586,fraction,2158,1877,1,original_probabilities_verified,0.9204299673700995,963,1195,0.8759622342831298,550,1608,0.9201432328460024,521,1637,0.891700390124607,496,1662,0.8893431732534545,262,1896
resnet,29,I__snr_10__noise_202,I,,10.0,202.0,67fceac5079541cafc5b836b7f9001ac852bbcad272c6d165c50c674a2ab0dbf,methodology_supplement/results/predictions/full/resnet/seed_29/standard__n202__independent_rms__snr10.npz,67fceac5079541cafc5b836b7f9001ac852bbcad272c6d165c50c674a2ab0dbf,d88f9588b099e1dd5dddb32a3258f043ae873f62694eb9af5bcc9755ac8d2f5a,fa03e8ff81a47d8c5aba08b3ed4465ae3a01e93831fe18abff00db5f891a5c45,0.8992916050331056,0.8992916050331056,fraction,2158,1877,1,original_probabilities_verified,0.9208366462892721,963,1195,0.8715909090909091,550,1608,0.9218421882639584,521,1637,0.89312089980979,496,1662,0.8890673817115985,262,1896
resnet,29,I__snr_10__noise_303,I,,10.0,303.0,1eb1929d7111414703bdcd95478483c2e3cc911d174ac3575b915c0873cd6580,methodology_supplement/results/predictions/full/resnet/seed_29/standard__n303__independent_rms__snr10.npz,1eb1929d7111414703bdcd95478483c2e3cc911d174ac3575b915c0873cd6580,d88f9588b099e1dd5dddb32a3258f043ae873f62694eb9af5bcc9755ac8d2f5a,4cca537f5eea5b5d6ca82ef45d0358b7471452611b18e7bbe977f9002fd8514c,0.9004898946484792,0.9004898946484792,fraction,2158,1877,1,original_probabilities_verified,0.9219419787362539,963,1195,0.875702170963365,550,1608,0.9204304958393766,521,1637,0.8937614028958503,496,1662,0.8906134248075498,262,1896
resnet,29,I__snr_10__noise_404,I,,10.0,404.0,d102fb88095dae32b9362630e3f9914c7a5aef66fd02ec9bf7b49f9d698ff945,methodology_supplement/results/predictions/full/resnet/seed_29/standard__n404__independent_rms__snr10.npz,d102fb88095dae32b9362630e3f9914c7a5aef66fd02ec9bf7b49f9d698ff945,d88f9588b099e1dd5dddb32a3258f043ae873f62694eb9af5bcc9755ac8d2f5a,dc05ef41e573ddcb91f35d3658be71e2bf841c76403c1d5b67bfc07df3cf6cf9,0.8999798060537303,0.8999798060537303,fraction,2158,1877,1,original_probabilities_verified,0.9204725470005257,963,1195,0.8758751696065129,550,1608,0.9191255010980481,521,1637,0.8949417239237607,496,1662,0.8894840886398042,262,1896
resnet,29,I__snr_10__noise_505,I,,10.0,505.0,274f657e6d32ee2e6fbca8ca8cf842e3d82096de74f3b75a6eed68d916cc74b1,methodology_supplement/results/predictions/full/resnet/seed_29/standard__n505__independent_rms__snr10.npz,274f657e6d32ee2e6fbca8ca8cf842e3d82096de74f3b75a6eed68d916cc74b1,d88f9588b099e1dd5dddb32a3258f043ae873f62694eb9af5bcc9755ac8d2f5a,40f2f74bd5618065dc046256d7aaf6013feb004c515e5cce69c08aa92797d386,0.899624425501543,0.8996244255015432,fraction,2158,1877,1,original_probabilities_verified,0.9206393896340325,963,1195,0.8740897783808231,550,1608,0.9205653335709604,521,1637,0.890970119560576,496,1662,0.8918575063613231,262,1896
resnet,29,I__snr_10__noise_8128,I,,10.0,8128.0,4c372fc9f45af2c02cc273be8ad95357cef2577edf4e9eb43bc5b5f35ca4006b,methodology_supplement/results/predictions/full/resnet/seed_29/standard__n8128__independent_rms__snr10.npz,4c372fc9f45af2c02cc273be8ad95357cef2577edf4e9eb43bc5b5f35ca4006b,d88f9588b099e1dd5dddb32a3258f043ae873f62694eb9af5bcc9755ac8d2f5a,52a737fdeb584852a0d45c42729c1a3c8a4457e5b51ab403ca1fd00fd4b40bb9,0.8999223690868726,0.8999223690868726,fraction,2158,1877,1,original_probabilities_verified,0.92212793875485,963,1195,0.8739393939393939,550,1608,0.91929082388199,521,1637,0.8919975932611311,496,1662,0.8922560955969981,262,1896
resnet,29,I__snr_5__noise_101,I,,5.0,101.0,ae638ee23b240963809eb5b29b23d8a0121e1605be3c5c4d35d009b3cfff3f7d,methodology_supplement/results/predictions/full/resnet/seed_29/standard__n101__independent_rms__snr5.npz,ae638ee23b240963809eb5b29b23d8a0121e1605be3c5c4d35d009b3cfff3f7d,d88f9588b099e1dd5dddb32a3258f043ae873f62694eb9af5bcc9755ac8d2f5a,d49ac1d77ee75afd3789bb2ceff039ce8d719c2ca6f6a349c9c17f7098b08599,0.8843591072800882,0.8843591072800882,fraction,2158,1877,1,original_probabilities_verified,0.9082400274595168,963,1195,0.8553437358661239,550,1608,0.9024126573937391,521,1637,0.8813164764566593,496,1662,0.8744826392244017,262,1896
resnet,29,I__snr_5__noise_202,I,,5.0,202.0,62df0d04c6b2d1f050107de112a08d1896e5386ea46789ad45244212d7011a20,methodology_supplement/results/predictions/full/resnet/seed_29/standard__n202__independent_rms__snr5.npz,62df0d04c6b2d1f050107de112a08d1896e5386ea46789ad45244212d7011a20,d88f9588b099e1dd5dddb32a3258f043ae873f62694eb9af5bcc9755ac8d2f5a,0360ee49bce1989641f1db50607d38189be93cd3e3f0c15d2967aeceb8879683,0.884752230694723,0.8847522306947229,fraction,2158,1877,1,original_probabilities_verified,0.9085554643134903,963,1195,0.8540479421076436,550,1608,0.9036813045726406,521,1637,0.881697381701021,496,1662,0.8757790607788192,262,1896
resnet,29,I__snr_5__noise_303,I,,5.0,303.0,17d1438d5c750041f9f8c9ab2507ef0343aeb8e2da1e513f959877406571f47b,methodology_supplement/results/predictions/full/resnet/seed_29/standard__n303__independent_rms__snr5.npz,17d1438d5c750041f9f8c9ab2507ef0343aeb8e2da1e513f959877406571f47b,d88f9588b099e1dd5dddb32a3258f043ae873f62694eb9af5bcc9755ac8d2f5a,c20aab6721faa0e8591c24d76190edbb47049c50f9ed46c7a86ae50545ff5794,0.8857244110558877,0.8857244110558877,fraction,2158,1877,1,original_probabilities_verified,0.9090881441798424,963,1195,0.8539179104477612,550,1608,0.9040717477432267,521,1637,0.8831421528667366,496,1662,0.878402100041872,262,1896
resnet,29,I__snr_5__noise_404,I,,5.0,404.0,1062f0624a8201cd3718d040995f3f367e3b979de9722fd06756aed00b6ea63b,methodology_supplement/results/predictions/full/resnet/seed_29/standard__n404__independent_rms__snr5.npz,1062f0624a8201cd3718d040995f3f367e3b979de9722fd06756aed00b6ea63b,d88f9588b099e1dd5dddb32a3258f043ae873f62694eb9af5bcc9755ac8d2f5a,39d832fbf0ea92025813b71fe99c3a23638662e68df3c98584f1e9933048a487,0.8863367265431193,0.8863367265431196,fraction,2158,1877,1,original_probabilities_verified,0.9063126474536947,963,1195,0.856677973767526,550,1608,0.9034350791497484,521,1637,0.8872423430767439,496,1662,0.8780155892678841,262,1896
resnet,29,I__snr_5__noise_505,I,,5.0,505.0,da8b04a0e3ac5100c8165cba468d42c0988e3f951783dbf5e7434f0bc8038270,methodology_supplement/results/predictions/full/resnet/seed_29/standard__n505__independent_rms__snr5.npz,da8b04a0e3ac5100c8165cba468d42c0988e3f951783dbf5e7434f0bc8038270,d88f9588b099e1dd5dddb32a3258f043ae873f62694eb9af5bcc9755ac8d2f5a,2e1ebb8fee3c5cfc3af7c2a5eede4bb35c6eed8e806f604d6181ebc212b9c620,0.8849786106722318,0.8849786106722318,fraction,2158,1877,1,original_probabilities_verified,0.9059216100314134,963,1195,0.8527725011307101,550,1608,0.9049651942777212,521,1637,0.8826544971080316,496,1662,0.8785792508132831,262,1896
resnet,29,I__snr_5__noise_8128,I,,5.0,8128.0,04a6fe24d2072404f524e643bf6e6cd5b3bfa33c59ed5ded0e92fc46180e0acb,methodology_supplement/results/predictions/full/resnet/seed_29/standard__n8128__independent_rms__snr5.npz,04a6fe24d2072404f524e643bf6e6cd5b3bfa33c59ed5ded0e92fc46180e0acb,d88f9588b099e1dd5dddb32a3258f043ae873f62694eb9af5bcc9755ac8d2f5a,9ac7f1df732224f4a0a2fc01ed414b32fdc10d4ec73eead7d7e5fff91a464581,0.8860871298155313,0.8860871298155312,fraction,2158,1877,1,original_probabilities_verified,0.9104011609466581,963,1195,0.8539823609226594,550,1608,0.9040799552573232,521,1637,0.8809792418772563,496,1662,0.8809929300737591,262,1896
resnet,29,S_00__snr_0__noise_101,S_00,S_00,0.0,101.0,bb358e39b0bd1ad575011d71923cf7ea74cc9fd20ed2c38bd8dabbf0a0514594,signed_control_mechanism/predictions/full/worker_resnet_1/seed_29/S_00__snr_0__noise_101.npz,bb358e39b0bd1ad575011d71923cf7ea74cc9fd20ed2c38bd8dabbf0a0514594,d88f9588b099e1dd5dddb32a3258f043ae873f62694eb9af5bcc9755ac8d2f5a,90d43cf6d4d340502be9500dc2ad9e31ae28d1b5f7ab521277522775383393d1,0.8354442727595981,0.8354442727595981,fraction,2158,1877,1,original_probabilities_verified,0.8601372106866183,963,1195,0.76880144730891,550,1608,0.8545241576452407,521,1637,0.8379794068553239,496,1662,0.8557791413018971,262,1896
resnet,29,S_00__snr_0__noise_202,S_00,S_00,0.0,202.0,22e56997b800f6517702357c3d8f504bf909422770835209c416850375bfa717,signed_control_mechanism/predictions/full/worker_resnet_0/seed_29/S_00__snr_0__noise_202.npz,22e56997b800f6517702357c3d8f504bf909422770835209c416850375bfa717,d88f9588b099e1dd5dddb32a3258f043ae873f62694eb9af5bcc9755ac8d2f5a,81b02d3e282ab4b3f42d5d0c575a4d09e2d59536d14c51a69cc095976009c5cf,0.835181588010304,0.835181588010304,fraction,2158,1877,1,original_probabilities_verified,0.853986626520158,963,1195,0.7725327905924921,550,1608,0.8491681684463293,521,1637,0.8424241100888941,496,1662,0.8577962444036461,262,1896
resnet,29,S_00__snr_0__noise_303,S_00,S_00,0.0,303.0,5342d2f4c814b68c5fbd971486f806a59b3b5ae1eaad142b2437c86c2a75656c,signed_control_mechanism/predictions/full/worker_resnet_1/seed_29/S_00__snr_0__noise_303.npz,5342d2f4c814b68c5fbd971486f806a59b3b5ae1eaad142b2437c86c2a75656c,d88f9588b099e1dd5dddb32a3258f043ae873f62694eb9af5bcc9755ac8d2f5a,fd433d20cb8bb5b1561e3cc2690233c19cb634445bd5684d427ed37b5f8dbf77,0.8384699887281488,0.838469988728149,fraction,2158,1877,1,original_probabilities_verified,0.8557071911781957,963,1195,0.7784328358208955,550,1608,0.848428319675639,521,1637,0.8491348356042079,496,1662,0.8606467613618063,262,1896
resnet,29,S_00__snr_0__noise_404,S_00,S_00,0.0,404.0,6e9cfbbde4877b6e2f0fe2f719701b0aa141b53dff7a867964acc6d1dd68e9ed,signed_control_mechanism/predictions/full/worker_resnet_0/seed_29/S_00__snr_0__noise_404.npz,6e9cfbbde4877b6e2f0fe2f719701b0aa141b53dff7a867964acc6d1dd68e9ed,d88f9588b099e1dd5dddb32a3258f043ae873f62694eb9af5bcc9755ac8d2f5a,4e528fa2a3e4d36f95fec6f366ca9be4a3dd927b1662cd5897a3fca3612237d3,0.8342656219352371,0.8342656219352371,fraction,2158,1877,1,original_probabilities_verified,0.8515535047815187,963,1195,0.773784486657621,550,1608,0.8503090129057297,521,1637,0.8439744186949264,496,1662,0.85170668663639,262,1896
resnet,29,S_00__snr_0__noise_505,S_00,S_00,0.0,505.0,1a642635064e77cccaa60d6009edaf3cc4e0d59197306b53a02befbbfd75b177,signed_control_mechanism/predictions/full/worker_resnet_1/seed_29/S_00__snr_0__noise_505.npz,1a642635064e77cccaa60d6009edaf3cc4e0d59197306b53a02befbbfd75b177,d88f9588b099e1dd5dddb32a3258f043ae873f62694eb9af5bcc9755ac8d2f5a,ae3e295190787e1bd5a143a7eaa8fdce8f11cd42d11a9a3791f5299eeff3701c,0.8339672909063053,0.8339672909063051,fraction,2158,1877,1,original_probabilities_verified,0.8594924334258789,963,1195,0.7761578471279964,550,1608,0.8523562014217759,521,1637,0.8335213598074609,496,1662,0.8483086127484137,262,1896
resnet,29,S_00__snr_0__noise_8128,S_00,S_00,0.0,8128.0,035547a5eee9faaf6ca653b0f29f097d9050d2c1b15421ba8a628171498cd755,signed_control_mechanism/predictions/full/worker_resnet_0/seed_29/S_00__snr_0__noise_8128.npz,035547a5eee9faaf6ca653b0f29f097d9050d2c1b15421ba8a628171498cd755,d88f9588b099e1dd5dddb32a3258f043ae873f62694eb9af5bcc9755ac8d2f5a,d8002ce68750b6263e1550035c8d1e4ba6bdddad4553ab5abfdabf86d33d5832,0.8320323768147417,0.8320323768147417,fraction,2158,1877,1,original_probabilities_verified,0.856870744752495,963,1195,0.7738500678426051,550,1608,0.8471174624242417,521,1637,0.8353033655525794,496,1662,0.8470202435017876,262,1896
resnet,29,S_00__snr_10__noise_101,S_00,S_00,10.0,101.0,b5b867d70e0a0cf5baf6c8250628986e99ea874cc10d46fd1cb5d0491e907a71,signed_control_mechanism/predictions/full/worker_resnet_1/seed_29/S_00__snr_10__noise_101.npz,b5b867d70e0a0cf5baf6c8250628986e99ea874cc10d46fd1cb5d0491e907a71,d88f9588b099e1dd5dddb32a3258f043ae873f62694eb9af5bcc9755ac8d2f5a,1e0ab9e2e03660c142635dabcd943b8accb16370cd1304748436cd25b62a2d97,0.8999544112516077,0.8999544112516077,fraction,2158,1877,1,original_probabilities_verified,0.9219471925685511,963,1195,0.8736114880144731,550,1608,0.9210982357362199,521,1637,0.8915414774271185,496,1662,0.8915736625116758,262,1896
resnet,29,S_00__snr_10__noise_202,S_00,S_00,10.0,202.0,f816ffa8735674ec67be680a0b21069e51945837e547f31ab3fb4d02bb3a0cc6,signed_control_mechanism/predictions/full/worker_resnet_0/seed_29/S_00__snr_10__noise_202.npz,f816ffa8735674ec67be680a0b21069e51945837e547f31ab3fb4d02bb3a0cc6,d88f9588b099e1dd5dddb32a3258f043ae873f62694eb9af5bcc9755ac8d2f5a,1c508f1f829a555e7dad3ef6924e632d193e7edd2c7b2b0ef24af52bf0a623d7,0.9006976765219094,0.9006976765219094,fraction,2158,1877,1,original_probabilities_verified,0.9223973200901993,963,1195,0.8734158751696065,550,1608,0.9214306400571243,521,1637,0.8939421509258181,496,1662,0.8923023963667988,262,1896
resnet,29,S_00__snr_10__noise_303,S_00,S_00,10.0,303.0,eec1a1e068bffc1a35721d8d220719de378f0be59dbc6f9ae071cdc8082de271,signed_control_mechanism/predictions/full/worker_resnet_1/seed_29/S_00__snr_10__noise_303.npz,eec1a1e068bffc1a35721d8d220719de378f0be59dbc6f9ae071cdc8082de271,d88f9588b099e1dd5dddb32a3258f043ae873f62694eb9af5bcc9755ac8d2f5a,32d2cb77e337cc06372802b06e82502191740ff0fe52846ac83b76663f759d6f,0.8997278251138086,0.8997278251138086,fraction,2158,1877,1,original_probabilities_verified,0.9219558822890461,963,1195,0.8740083672546359,550,1608,0.9212231072006866,521,1637,0.8910356255580141,496,1662,0.8904161432666602,262,1896
resnet,29,S_00__snr_10__noise_404,S_00,S_00,10.0,404.0,36ed179fdec568c046f98e717142dfe796ec5dc214fe8cc201d0459f4f9a9dd0,signed_control_mechanism/predictions/full/worker_resnet_0/seed_29/S_00__snr_10__noise_404.npz,36ed179fdec568c046f98e717142dfe796ec5dc214fe8cc201d0459f4f9a9dd0,d88f9588b099e1dd5dddb32a3258f043ae873f62694eb9af5bcc9755ac8d2f5a,f54cf2b8ac4a90a307c2babe36bc41ebbd493435128ba08bec19126e2416f4eb,0.8999892467033858,0.8999892467033856,fraction,2158,1877,1,original_probabilities_verified,0.9235122112297258,963,1195,0.8746596562641339,550,1608,0.9187901655221092,521,1637,0.8922681087690695,496,1662,0.8907160917318904,262,1896
resnet,29,S_00__snr_10__noise_505,S_00,S_00,10.0,505.0,a071e3d3e5a69e7d86cfa9183f4df8a7d00cf8cd6551b3bd3723ce7827006373,signed_control_mechanism/predictions/full/worker_resnet_1/seed_29/S_00__snr_10__noise_505.npz,a071e3d3e5a69e7d86cfa9183f4df8a7d00cf8cd6551b3bd3723ce7827006373,d88f9588b099e1dd5dddb32a3258f043ae873f62694eb9af5bcc9755ac8d2f5a,468ceab8b827fd18033d999ca7f1ddd04548469ccc7fc2bd33f352d264901b17,0.9001626574697527,0.9001626574697527,fraction,2158,1877,1,original_probabilities_verified,0.9218924473294317,963,1195,0.8765355042966984,550,1608,0.9204551183816658,521,1637,0.8906947517565312,496,1662,0.8912354655844364,262,1896
resnet,29,S_00__snr_10__noise_8128,S_00,S_00,10.0,8128.0,63fc8c2b815e7b5b4511122a17b60f4310262fb5752218db982dac53cc8db8f0,signed_control_mechanism/predictions/full/worker_resnet_0/seed_29/S_00__snr_10__noise_8128.npz,63fc8c2b815e7b5b4511122a17b60f4310262fb5752218db982dac53cc8db8f0,d88f9588b099e1dd5dddb32a3258f043ae873f62694eb9af5bcc9755ac8d2f5a,0514b15f68c6d2343a1108522528aa747a7fe7b86ff953eb2caf2a94e7db56e1,0.8998684226295811,0.8998684226295811,fraction,2158,1877,1,original_probabilities_verified,0.921419726534496,963,1195,0.8763150158299412,550,1608,0.9195182892726618,521,1637,0.8928042874888397,496,1662,0.8892847940219667,262,1896
resnet,29,S_00__snr_5__noise_101,S_00,S_00,5.0,101.0,a47fa2d0ade20bed08798c516f2d9b6992c9c6921a354a6a46b8c60e5dc4779f,signed_control_mechanism/predictions/full/worker_resnet_1/seed_29/S_00__snr_5__noise_101.npz,a47fa2d0ade20bed08798c516f2d9b6992c9c6921a354a6a46b8c60e5dc4779f,d88f9588b099e1dd5dddb32a3258f043ae873f62694eb9af5bcc9755ac8d2f5a,220e36ea2d5ba55aec5527fcad1de662c00e615ace2c96f2dfaa1568f2e29239,0.8861386161862675,0.8861386161862678,fraction,2158,1877,1,original_probabilities_verified,0.9110537589558432,963,1195,0.8554014020805065,550,1608,0.9058527783021467,521,1637,0.879828034625985,496,1662,0.8785571069668567,262,1896
resnet,29,S_00__snr_5__noise_202,S_00,S_00,5.0,202.0,af1605bc8e3f10869053753b56f415978665eff923f4eb310e45732b98dff673,signed_control_mechanism/predictions/full/worker_resnet_0/seed_29/S_00__snr_5__noise_202.npz,af1605bc8e3f10869053753b56f415978665eff923f4eb310e45732b98dff673,d88f9588b099e1dd5dddb32a3258f043ae873f62694eb9af5bcc9755ac8d2f5a,300a38d999658a54359a89a95def721048f44ce9a071c41982a765edaf761244,0.8856812796916393,0.8856812796916393,fraction,2158,1877,1,original_probabilities_verified,0.9093184217729636,963,1195,0.8550384441429217,550,1608,0.9016329435545806,521,1637,0.8841392997166259,496,1662,0.878277289271105,262,1896
resnet,29,S_00__snr_5__noise_303,S_00,S_00,5.0,303.0,316e5bfbd7bc80a8cb930e0115e86a2ca8b91bb528a848dfa51878005a57c35d,signed_control_mechanism/predictions/full/worker_resnet_1/seed_29/S_00__snr_5__noise_303.npz,316e5bfbd7bc80a8cb930e0115e86a2ca8b91bb528a848dfa51878005a57c35d,d88f9588b099e1dd5dddb32a3258f043ae873f62694eb9af5bcc9755ac8d2f5a,e147144e3e36f1d2fe4bed6ecd3453f2e12e6d773039628d91467954594c7f71,0.8871529366125767,0.8871529366125767,fraction,2158,1877,1,original_probabilities_verified,0.910887785294386,963,1195,0.8581705110809589,550,1608,0.9028429656327934,521,1637,0.8845675148480261,496,1662,0.8792959062067188,262,1896
resnet,29,S_00__snr_5__noise_404,S_00,S_00,5.0,404.0,b718618bb84ff96edd93926d05d0c5b2c16fa2d22cfa948dbaf6d6c5377fe5b4,signed_control_mechanism/predictions/full/worker_resnet_0/seed_29/S_00__snr_5__noise_404.npz,b718618bb84ff96edd93926d05d0c5b2c16fa2d22cfa948dbaf6d6c5377fe5b4,d88f9588b099e1dd5dddb32a3258f043ae873f62694eb9af5bcc9755ac8d2f5a,78a0e2024de79f2beb09d640b89f830d106d9956efbd4da8ed41f768e4d13595,0.8850830959143483,0.8850830959143483,fraction,2158,1877,1,original_probabilities_verified,0.9102560426143893,963,1195,0.8543747173224785,550,1608,0.9009353048563861,521,1637,0.8829953709095144,496,1662,0.8768540438689728,262,1896
resnet,29,S_00__snr_5__noise_505,S_00,S_00,5.0,505.0,b44bd9f1e2844515e0c91df40d1d1c21f98d4baa71c311e7d3bcb8b120caa9d3,signed_control_mechanism/predictions/full/worker_resnet_1/seed_29/S_00__snr_5__noise_505.npz,b44bd9f1e2844515e0c91df40d1d1c21f98d4baa71c311e7d3bcb8b120caa9d3,d88f9588b099e1dd5dddb32a3258f043ae873f62694eb9af5bcc9755ac8d2f5a,303de8547e643e7b4aedd29e9198bfcef464370d9f3ec4890f797f4dfc6c629e,0.884860532422822,0.884860532422822,fraction,2158,1877,1,original_probabilities_verified,0.9081583440868625,963,1195,0.8555834464043419,550,1608,0.9042452780412651,521,1637,0.8802708066457048,496,1662,0.8760447869359358,262,1896
resnet,29,S_00__snr_5__noise_8128,S_00,S_00,5.0,8128.0,0878e2b6bef4c6b5c00ffd80e15d6a9327e1c4c45010e3d19abc082bdf425114,signed_control_mechanism/predictions/full/worker_resnet_0/seed_29/S_00__snr_5__noise_8128.npz,0878e2b6bef4c6b5c00ffd80e15d6a9327e1c4c45010e3d19abc082bdf425114,d88f9588b099e1dd5dddb32a3258f043ae873f62694eb9af5bcc9755ac8d2f5a,ee82eeee14bc94ae2d245352f6a09c5cd4f491fd0d22f6a36c057227de67b495,0.8853853293679442,0.8853853293679441,fraction,2158,1877,1,original_probabilities_verified,0.9110798281173286,963,1195,0.861078697421981,550,1608,0.9013644405934267,521,1637,0.8798510830324909,496,1662,0.8735525976744936,262,1896
resnet,29,S_01__snr_0__noise_101,S_01,S_01,0.0,101.0,55c9d0f5c875eb6b6169af010cb9450cf5beabc2023274e129b17e866d1ea222,signed_control_mechanism/predictions/full/worker_resnet_0/seed_29/S_01__snr_0__noise_101.npz,55c9d0f5c875eb6b6169af010cb9450cf5beabc2023274e129b17e866d1ea222,d88f9588b099e1dd5dddb32a3258f043ae873f62694eb9af5bcc9755ac8d2f5a,4ad0282d0762b557311cf9f985d2c81a54b7c9fafba60fbe893e56e380fd3455,0.8144876446209734,0.8144876446209734,fraction,2158,1877,1,original_probabilities_verified,0.8290705909444422,963,1195,0.7367333785617368,550,1608,0.8435518838003604,521,1637,0.8198306063429215,496,1662,0.8432517634554063,262,1896
resnet,29,S_01__snr_0__noise_202,S_01,S_01,0.0,202.0,fad7df401b55a40ac1cd7c062bd4143a2a3f26fc027f8b2f8edfdb421787726b,signed_control_mechanism/predictions/full/worker_resnet_1/seed_29/S_01__snr_0__noise_202.npz,fad7df401b55a40ac1cd7c062bd4143a2a3f26fc027f8b2f8edfdb421787726b,d88f9588b099e1dd5dddb32a3258f043ae873f62694eb9af5bcc9755ac8d2f5a,d1627539fea69ee46eed5057e4180b83b2c1e03f2ce562dfa1d490115aa55b1b,0.8084536324470445,0.8084536324470447,fraction,2158,1877,1,original_probabilities_verified,0.8232015537220245,963,1195,0.7296562641338761,550,1608,0.8271556156397699,521,1637,0.812575210589651,496,1662,0.8496795181499017,262,1896
resnet,29,S_01__snr_0__noise_303,S_01,S_01,0.0,303.0,e1fde4b235dc0b0434a10278e5d4b8e613478b3d9c2913764445dcd5298a96c7,signed_control_mechanism/predictions/full/worker_resnet_0/seed_29/S_01__snr_0__noise_303.npz,e1fde4b235dc0b0434a10278e5d4b8e613478b3d9c2913764445dcd5298a96c7,d88f9588b099e1dd5dddb32a3258f043ae873f62694eb9af5bcc9755ac8d2f5a,2256b4467948b0a0b9b63b5dd0f3c021dcd8f62f254d5f2cda5b979325a9d4c5,0.8151006546965048,0.8151006546965046,fraction,2158,1877,1,original_probabilities_verified,0.8286951950190522,963,1195,0.7324457259158752,550,1608,0.8294384770605844,521,1637,0.8303928418927836,496,1662,0.8545310335942281,262,1896
resnet,29,S_01__snr_0__noise_404,S_01,S_01,0.0,404.0,f3d6d2c902ba9555fe13ad0c5d5a7f7b7d5575cea8929d43d88c7258caad43d1,signed_control_mechanism/predictions/full/worker_resnet_1/seed_29/S_01__snr_0__noise_404.npz,f3d6d2c902ba9555fe13ad0c5d5a7f7b7d5575cea8929d43d88c7258caad43d1,d88f9588b099e1dd5dddb32a3258f043ae873f62694eb9af5bcc9755ac8d2f5a,2d5b4a43a7cfe3291eec467be6e7752537981af714ac9e44c49310918e3495d4,0.8130330133725359,0.8130330133725359,fraction,2158,1877,1,original_probabilities_verified,0.8232058985822721,963,1195,0.728116236996834,550,1608,0.8341976627344857,521,1637,0.8306924711773611,496,1662,0.8489527973717267,262,1896
resnet,29,S_01__snr_0__noise_505,S_01,S_01,0.0,505.0,07fba150d54131099d4198f4c62b46ddeaa101cc7ac7851c91c264962cf58485,signed_control_mechanism/predictions/full/worker_resnet_0/seed_29/S_01__snr_0__noise_505.npz,07fba150d54131099d4198f4c62b46ddeaa101cc7ac7851c91c264962cf58485,d88f9588b099e1dd5dddb32a3258f043ae873f62694eb9af5bcc9755ac8d2f5a,9e9bdcb7613e1993e72746811d7aa1b1523c3c62f5413b995d7fe4a09c4607b9,0.8120851582468827,0.8120851582468827,fraction,2158,1877,1,original_probabilities_verified,0.8286326290314872,963,1195,0.741026684758028,550,1608,0.827283418359271,521,1637,0.8223732095027367,496,1662,0.8411098495828905,262,1896
resnet,29,S_01__snr_0__noise_8128,S_01,S_01,0.0,8128.0,cab50754a674c6387da79f35ecb158fa1964ffaabc09ee1f1ebfa3885c82c0d3,signed_control_mechanism/predictions/full/worker_resnet_1/seed_29/S_01__snr_0__noise_8128.npz,cab50754a674c6387da79f35ecb158fa1964ffaabc09ee1f1ebfa3885c82c0d3,d88f9588b099e1dd5dddb32a3258f043ae873f62694eb9af5bcc9755ac8d2f5a,c9f7302b910ac1c991a30860748f9e5442d831a3241db514a8c540df070993c3,0.8126862513436013,0.8126862513436013,fraction,2158,1877,1,original_probabilities_verified,0.8274039025534744,963,1195,0.734109000452284,550,1608,0.8313004102584546,521,1637,0.8209102422266217,496,1662,0.8497077012271717,262,1896
resnet,29,S_01__snr_10__noise_101,S_01,S_01,10.0,101.0,ddfc4440345567802bfeb8923eeb99277d913922af47ec5c51f56f958498f67f,signed_control_mechanism/predictions/full/worker_resnet_0/seed_29/S_01__snr_10__noise_101.npz,ddfc4440345567802bfeb8923eeb99277d913922af47ec5c51f56f958498f67f,d88f9588b099e1dd5dddb32a3258f043ae873f62694eb9af5bcc9755ac8d2f5a,4926751af214d4c594111dbc9b3ca31106410c9e87a8860c952ce89c1284c727,0.8971738087021437,0.8971738087021437,fraction,2158,1877,1,original_probabilities_verified,0.9193576558609993,963,1195,0.8732168701944821,550,1608,0.917231910345806,521,1637,0.8881970323357012,496,1662,0.8878655747737302,262,1896
resnet,29,S_01__snr_10__noise_202,S_01,S_01,10.0,202.0,4ea45af2824e5031e056938303c7a8c7d3b6cc145c948df5731a0bf05104ffcf,signed_control_mechanism/predictions/full/worker_resnet_1/seed_29/S_01__snr_10__noise_202.npz,4ea45af2824e5031e056938303c7a8c7d3b6cc145c948df5731a0bf05104ffcf,d88f9588b099e1dd5dddb32a3258f043ae873f62694eb9af5bcc9755ac8d2f5a,9b191fd1cbe456a82e5ec5a8d2bd63ec53f53b01808440e198afe027638c2276,0.8968670049259501,0.8968670049259501,fraction,2158,1877,1,original_probabilities_verified,0.9186998440195171,963,1195,0.8696370420624152,550,1608,0.9179494815782346,521,1637,0.8876244613951322,496,1662,0.8904241955744516,262,1896
resnet,29,S_01__snr_10__noise_303,S_01,S_01,10.0,303.0,a4b60b58a2ec3dd54161c5ed9e71898546ee95730f691e2f5009ac8a3b03237b,signed_control_mechanism/predictions/full/worker_resnet_0/seed_29/S_01__snr_10__noise_303.npz,a4b60b58a2ec3dd54161c5ed9e71898546ee95730f691e2f5009ac8a3b03237b,d88f9588b099e1dd5dddb32a3258f043ae873f62694eb9af5bcc9755ac8d2f5a,edaadb28b498808962a53be9623f8e5c2795aea0e86472072f57cd892a52d7d7,0.8981581872211908,0.8981581872211908,fraction,2158,1877,1,original_probabilities_verified,0.918385276137593,963,1195,0.8744934418815016,550,1608,0.917298742960591,521,1637,0.8928928418927836,496,1662,0.8877206332334847,262,1896
resnet,29,S_01__snr_10__noise_404,S_01,S_01,10.0,404.0,9a8e06f203e767f8e4f6c6f7097e2073817646eabbb9abd6f8a8c2ed3742492f,signed_control_mechanism/predictions/full/worker_resnet_1/seed_29/S_01__snr_10__noise_404.npz,9a8e06f203e767f8e4f6c6f7097e2073817646eabbb9abd6f8a8c2ed3742492f,d88f9588b099e1dd5dddb32a3258f043ae873f62694eb9af5bcc9755ac8d2f5a,4eae76946baf0502be04955e4c5aedfb3e37285a5ed019bea2953adb5dbe910a,0.8979675572448201,0.8979675572448199,fraction,2158,1877,1,original_probabilities_verified,0.9181836746221058,963,1195,0.8733616010854817,550,1608,0.9153863921761286,521,1637,0.8934884612398587,496,1662,0.889417657100525,262,1896
resnet,29,S_01__snr_10__noise_505,S_01,S_01,10.0,505.0,e6a73cb6995a111288f929b132d3c71c270af66f2f3cf7cafabeffbd83a4f306,signed_control_mechanism/predictions/full/worker_resnet_0/seed_29/S_01__snr_10__noise_505.npz,e6a73cb6995a111288f929b132d3c71c270af66f2f3cf7cafabeffbd83a4f306,d88f9588b099e1dd5dddb32a3258f043ae873f62694eb9af5bcc9755ac8d2f5a,2d7b7ba68cae4eb9381eed213e99f6bc440fb88ec2e0858473e20608d82942e2,0.8955809147712346,0.8955809147712346,fraction,2158,1877,1,original_probabilities_verified,0.9197195827196218,963,1195,0.8714812302125735,550,1608,0.9136370191715805,521,1637,0.8868881254609682,496,1662,0.8861786162914291,262,1896
resnet,29,S_01__snr_10__noise_8128,S_01,S_01,10.0,8128.0,76d7eb4f718df3303b5b330fe6019b56eab5354420d66d48145517e5aa173be9,signed_control_mechanism/predictions/full/worker_resnet_1/seed_29/S_01__snr_10__noise_8128.npz,76d7eb4f718df3303b5b330fe6019b56eab5354420d66d48145517e5aa173be9,d88f9588b099e1dd5dddb32a3258f043ae873f62694eb9af5bcc9755ac8d2f5a,402be9df9cfd80331295032ec9882faa5a4d9c573d9dc0d626c6635b03e3aa77,0.8969408756771664,0.8969408756771664,fraction,2158,1877,1,original_probabilities_verified,0.9179221140352021,963,1195,0.8730800542740841,550,1608,0.9179881741446891,521,1637,0.8886859011684329,496,1662,0.8870281347634232,262,1896
resnet,29,S_01__snr_5__noise_101,S_01,S_01,5.0,101.0,41f3c650edc07fcc59824b30eafda52d4e54aca4c860ebfa0ea05f404a6308bb,signed_control_mechanism/predictions/full/worker_resnet_0/seed_29/S_01__snr_5__noise_101.npz,41f3c650edc07fcc59824b30eafda52d4e54aca4c860ebfa0ea05f404a6308bb,d88f9588b099e1dd5dddb32a3258f043ae873f62694eb9af5bcc9755ac8d2f5a,1c617233abf5903b44e133e3f2b7a1b85de584c237de5867e6895bd3d9a3b9e4,0.8780503938707396,0.8780503938707394,fraction,2158,1877,1,original_probabilities_verified,0.904938802643413,963,1195,0.8434328358208956,550,1608,0.8967049175906959,521,1637,0.8742418287333567,496,1662,0.8709335845653364,262,1896
resnet,29,S_01__snr_5__noise_202,S_01,S_01,5.0,202.0,a004ef253024b1ad2dd52ef2883d9136537d675be5b593944aa0fa6b1dd99ef4,signed_control_mechanism/predictions/full/worker_resnet_1/seed_29/S_01__snr_5__noise_202.npz,a004ef253024b1ad2dd52ef2883d9136537d675be5b593944aa0fa6b1dd99ef4,d88f9588b099e1dd5dddb32a3258f043ae873f62694eb9af5bcc9755ac8d2f5a,509d4e518a0012a3599f0a8cbd666ee1194f5301d8354d17322bac2e678bf9b4,0.8754411676687474,0.8754411676687475,fraction,2158,1877,1,original_probabilities_verified,0.8993860712470183,963,1195,0.8390298507462687,550,1608,0.8952908801620867,521,1637,0.8695035615853421,496,1662,0.8739954746030212,262,1896
resnet,29,S_01__snr_5__noise_303,S_01,S_01,5.0,303.0,f9c01ba99fa642c89a9924b35d6ffcbe8a2d12c605b132bcc435ba8b4018469b,signed_control_mechanism/predictions/full/worker_resnet_0/seed_29/S_01__snr_5__noise_303.npz,f9c01ba99fa642c89a9924b35d6ffcbe8a2d12c605b132bcc435ba8b4018469b,d88f9588b099e1dd5dddb32a3258f043ae873f62694eb9af5bcc9755ac8d2f5a,1f461dbce7e4c31e81a00c82c25f68f351cf5f6dacf7801ac90d55c962967b88,0.8795891521144107,0.8795891521144105,fraction,2158,1877,1,original_probabilities_verified,0.9013403893863754,963,1195,0.8471935775667119,550,1608,0.8953131577003484,521,1637,0.8808882613252591,496,1662,0.8732103745933585,262,1896
resnet,29,S_01__snr_5__noise_404,S_01,S_01,5.0,404.0,069061a990f47c2135497dafabd1248d821a67addd9b7177224949aa11f0cbd2,signed_control_mechanism/predictions/full/worker_resnet_1/seed_29/S_01__snr_5__noise_404.npz,069061a990f47c2135497dafabd1248d821a67addd9b7177224949aa11f0cbd2,d88f9588b099e1dd5dddb32a3258f043ae873f62694eb9af5bcc9755ac8d2f5a,0f955d1c29033c13bab02979d821278e726d5ed1824e71c3fc721227ab2cde9c,0.8777499417078541,0.8777499417078541,fraction,2158,1877,1,original_probabilities_verified,0.9019034832744605,963,1195,0.843151289009498,550,1608,0.8931205789345943,521,1637,0.8780423896587866,496,1662,0.8725319676619319,262,1896
resnet,29,S_01__snr_5__noise_505,S_01,S_01,5.0,505.0,226ffb8fe0c01ae88600ac872cabb1baa4783555fffeb2dfc14d5855bd9f4f2e,signed_control_mechanism/predictions/full/worker_resnet_0/seed_29/S_01__snr_5__noise_505.npz,226ffb8fe0c01ae88600ac872cabb1baa4783555fffeb2dfc14d5855bd9f4f2e,d88f9588b099e1dd5dddb32a3258f043ae873f62694eb9af5bcc9755ac8d2f5a,d51966812cfc3558a6b4d64d10ddd6926599f88406de66a8154101a8aa4a61cf,0.8750868185528115,0.8750868185528115,fraction,2158,1877,1,original_probabilities_verified,0.9015854395043383,963,1195,0.8434158751696065,550,1608,0.888891364170918,521,1637,0.8717210609060208,496,1662,0.8698203530131736,262,1896
resnet,29,S_01__snr_5__noise_8128,S_01,S_01,5.0,8128.0,fd7789aad6d2885ddd11700b6155cf1687a2a1cc086a8a22bb39fef32160a487,signed_control_mechanism/predictions/full/worker_resnet_1/seed_29/S_01__snr_5__noise_8128.npz,fd7789aad6d2885ddd11700b6155cf1687a2a1cc086a8a22bb39fef32160a487,d88f9588b099e1dd5dddb32a3258f043ae873f62694eb9af5bcc9755ac8d2f5a,c8272954b33e2dff3b78c62ffddebcaf5084cec56ceb3573f8807c84573c59f8,0.877656929300018,0.877656929300018,fraction,2158,1877,1,original_probabilities_verified,0.9019252075756983,963,1195,0.8433107191316147,550,1608,0.8954257178936705,521,1637,0.8732349772912542,496,1662,0.8743880246078526,262,1896
resnet,29,S_02__snr_0__noise_101,S_02,S_02,0.0,101.0,ca4cfee23763904fd40811140175d1ac3b73d5ac6d1618ee7973de80e58a16fa,signed_control_mechanism/predictions/full/worker_resnet_1/seed_29/S_02__snr_0__noise_101.npz,ca4cfee23763904fd40811140175d1ac3b73d5ac6d1618ee7973de80e58a16fa,d88f9588b099e1dd5dddb32a3258f043ae873f62694eb9af5bcc9755ac8d2f5a,43fe10a8d4abf5de6f97fb7e442444f1db4ec8dd1407c90028db84ef687c59ac,0.8198277618119162,0.8198277618119164,fraction,2158,1877,1,original_probabilities_verified,0.8438509365346264,963,1195,0.741797829036635,550,1608,0.8430242578941629,521,1637,0.8286714898489965,496,1662,0.8417942957451605,262,1896
resnet,29,S_02__snr_0__noise_202,S_02,S_02,0.0,202.0,17429bcd55d25e4059f7c4c383940e4c6b0b0f0c3737dcc0b8e3deb11f69c48f,signed_control_mechanism/predictions/full/worker_resnet_0/seed_29/S_02__snr_0__noise_202.npz,17429bcd55d25e4059f7c4c383940e4c6b0b0f0c3737dcc0b8e3deb11f69c48f,d88f9588b099e1dd5dddb32a3258f043ae873f62694eb9af5bcc9755ac8d2f5a,76117846ba6cc9a42740cd9c8c39cd3963a887d4f40cde7507fed6ea27b99d6a,0.8264069334981897,0.8264069334981897,fraction,2158,1877,1,original_probabilities_verified,0.8459877388043814,963,1195,0.7521393034825871,550,1608,0.8484717022501486,521,1637,0.8385022417608012,496,1662,0.8469336811930299,262,1896
resnet,29,S_02__snr_0__noise_303,S_02,S_02,0.0,303.0,6dcd5727c8b972b40815884ba027a5f55116d093f12a9898104b6ec14bfd6e35,signed_control_mechanism/predictions/full/worker_resnet_1/seed_29/S_02__snr_0__noise_303.npz,6dcd5727c8b972b40815884ba027a5f55116d093f12a9898104b6ec14bfd6e35,d88f9588b099e1dd5dddb32a3258f043ae873f62694eb9af5bcc9755ac8d2f5a,0c1475cb9bdf7baa725feb40b8e11bbbced799a3087f760fb161e6eeaac10d2f,0.819456005828377,0.819456005828377,fraction,2158,1877,1,original_probabilities_verified,0.8315167472638243,963,1195,0.7429556761646314,550,1608,0.843466291153355,521,1637,0.8310709502736695,496,1662,0.8482703642864045,262,1896
resnet,29,S_02__snr_0__noise_404,S_02,S_02,0.0,404.0,b9244215e461ad577ca5e1b64183c7bc39750e14afc1b7ec5f53f8df2ee134ef,signed_control_mechanism/predictions/full/worker_resnet_0/seed_29/S_02__snr_0__noise_404.npz,b9244215e461ad577ca5e1b64183c7bc39750e14afc1b7ec5f53f8df2ee134ef,d88f9588b099e1dd5dddb32a3258f043ae873f62694eb9af5bcc9755ac8d2f5a,ec7a37a084c48127dd766ab0f2a5514c03bac4e7add5633ae53fb080ee3df161,0.8214753522632667,0.8214753522632667,fraction,2158,1877,1,original_probabilities_verified,0.8406357399514245,963,1195,0.7485402532790593,550,1608,0.8314516630182313,521,1637,0.8353846415123637,496,1662,0.851364463555255,262,1896
resnet,29,S_02__snr_0__noise_505,S_02,S_02,0.0,505.0,b4687d01fd39e50a26a6ae9bf5668f8055497816a4a67df6612ae94343a8c002,signed_control_mechanism/predictions/full/worker_resnet_1/seed_29/S_02__snr_0__noise_505.npz,b4687d01fd39e50a26a6ae9bf5668f8055497816a4a67df6612ae94343a8c002,d88f9588b099e1dd5dddb32a3258f043ae873f62694eb9af5bcc9755ac8d2f5a,e893cadcb9ef1d532d7ad12fb1f73c51d8d4d761210526a198057c5f8f1537b2,0.8240000725524045,0.8240000725524045,fraction,2158,1877,1,original_probabilities_verified,0.8365741645919959,963,1195,0.7485504296698327,550,1608,0.8470658723356357,521,1637,0.8368561003066651,496,1662,0.8509537958578929,262,1896
resnet,29,S_02__snr_0__noise_8128,S_02,S_02,0.0,8128.0,7b161f0854a23c097dd226813c253aedbaefa2b1edd77057eef7b52b76c536db,signed_control_mechanism/predictions/full/worker_resnet_0/seed_29/S_02__snr_0__noise_8128.npz,7b161f0854a23c097dd226813c253aedbaefa2b1edd77057eef7b52b76c536db,d88f9588b099e1dd5dddb32a3258f043ae873f62694eb9af5bcc9755ac8d2f5a,52a6eda45b5f7e5522b1c14e8947c74c778cc70bfe9dbe5e13fac08a229dbb73,0.8258176195647732,0.8258176195647732,fraction,2158,1877,1,original_probabilities_verified,0.8473933010944703,963,1195,0.7438986883763004,550,1608,0.8427264423826648,521,1637,0.8334485753658631,496,1662,0.8616210906045673,262,1896
resnet,29,S_02__snr_10__noise_101,S_02,S_02,10.0,101.0,1b2180f0abf5a95e892a39779033818845881e595a1a1e08eb2dc31920093f9a,signed_control_mechanism/predictions/full/worker_resnet_1/seed_29/S_02__snr_10__noise_101.npz,1b2180f0abf5a95e892a39779033818845881e595a1a1e08eb2dc31920093f9a,d88f9588b099e1dd5dddb32a3258f043ae873f62694eb9af5bcc9755ac8d2f5a,36c34a1ba1934e75fa8357ec990de058c96a068537c7fa2f85da633d5a30bb2d,0.8994571887129256,0.8994571887129256,fraction,2158,1877,1,original_probabilities_verified,0.9203361183887521,963,1195,0.8746664405246495,550,1608,0.9176669085929156,521,1637,0.8928455320057451,496,1662,0.8917709440525655,262,1896
resnet,29,S_02__snr_10__noise_202,S_02,S_02,10.0,202.0,a049604bf186d5bd0b21c0e6b82274ac31cb040e8b4e06a5b6680fc76f74551c,signed_control_mechanism/predictions/full/worker_resnet_0/seed_29/S_02__snr_10__noise_202.npz,a049604bf186d5bd0b21c0e6b82274ac31cb040e8b4e06a5b6680fc76f74551c,d88f9588b099e1dd5dddb32a3258f043ae873f62694eb9af5bcc9755ac8d2f5a,b26ee9f20081294900731a98eca14a4ec79545ff231170e7acdc02e288f267ff,0.8995380100760337,0.8995380100760336,fraction,2158,1877,1,original_probabilities_verified,0.9214379749475358,963,1195,0.8758627317955676,550,1608,0.9210226093563316,521,1637,0.8900336264120182,496,1662,0.8893331078687152,262,1896
resnet,29,S_02__snr_10__noise_303,S_02,S_02,10.0,303.0,90a78bf78c9bc608452954f9779815cbd5116780e7c66a81e36f9686bcce132e,signed_control_mechanism/predictions/full/worker_resnet_1/seed_29/S_02__snr_10__noise_303.npz,90a78bf78c9bc608452954f9779815cbd5116780e7c66a81e36f9686bcce132e,d88f9588b099e1dd5dddb32a3258f043ae873f62694eb9af5bcc9755ac8d2f5a,69d8ae0b5c6616b73e46010978a46507e46453b77bfc0a3175a19b9d697a4718,0.8982411288189045,0.8982411288189045,fraction,2158,1877,1,original_probabilities_verified,0.9204994851340607,963,1195,0.8742944369063772,550,1608,0.9182555046038292,521,1637,0.8883862718838554,496,1662,0.8897699455663993,262,1896
resnet,29,S_02__snr_10__noise_404,S_02,S_02,10.0,404.0,5123defae038c5605ddd00aa7379e9613c0eb7764d54de0c87242e6ee5bfe3f1,signed_control_mechanism/predictions/full/worker_resnet_0/seed_29/S_02__snr_10__noise_404.npz,5123defae038c5605ddd00aa7379e9613c0eb7764d54de0c87242e6ee5bfe3f1,d88f9588b099e1dd5dddb32a3258f043ae873f62694eb9af5bcc9755ac8d2f5a,814784add824dc063c5ae725fa8b1f0f6121c13f435c2b7d7b621d4688c1b4dc,0.8973042611516245,0.8973042611516245,fraction,2158,1877,1,original_probabilities_verified,0.9201301720130172,963,1195,0.869675486205337,550,1608,0.9182297095595262,521,1637,0.8891286731881526,496,1662,0.8893572647920894,262,1896
resnet,29,S_02__snr_10__noise_505,S_02,S_02,10.0,505.0,bda081a0eb357a306f7c32c6b934ba4aa6e3f5eba64686a9707ccf8779fc3d11,signed_control_mechanism/predictions/full/worker_resnet_1/seed_29/S_02__snr_10__noise_505.npz,bda081a0eb357a306f7c32c6b934ba4aa6e3f5eba64686a9707ccf8779fc3d11,d88f9588b099e1dd5dddb32a3258f043ae873f62694eb9af5bcc9755ac8d2f5a,be8363f604ea449b6309f62210e4ccce7ec50b09759217cb92656c1da2f7fa67,0.899258931321936,0.899258931321936,fraction,2158,1877,1,original_probabilities_verified,0.9198825149789057,963,1195,0.8754828132066939,550,1608,0.9215291302262811,521,1637,0.8903247641784092,496,1662,0.8890754340193899,262,1896
resnet,29,S_02__snr_10__noise_8128,S_02,S_02,10.0,8128.0,2351129bff62b4b98d7ac95fde054ecb2808260a6b0da329553d79589f5f82c9,signed_control_mechanism/predictions/full/worker_resnet_0/seed_29/S_02__snr_10__noise_8128.npz,2351129bff62b4b98d7ac95fde054ecb2808260a6b0da329553d79589f5f82c9,d88f9588b099e1dd5dddb32a3258f043ae873f62694eb9af5bcc9755ac8d2f5a,077d82d74a2250790753afbb110d0d88cd42dfb2963cd8740a8e833ba9a83058,0.8998662808526856,0.8998662808526856,fraction,2158,1877,1,original_probabilities_verified,0.9214701269133678,963,1195,0.8761329715061058,550,1608,0.919213438749081,521,1637,0.890800289196848,496,1662,0.8917145778980256,262,1896
resnet,29,S_02__snr_5__noise_101,S_02,S_02,5.0,101.0,749056c9f368b50b0a4a52fe47722e7b219ece63043c8e0a2a0ad083148af086,signed_control_mechanism/predictions/full/worker_resnet_1/seed_29/S_02__snr_5__noise_101.npz,749056c9f368b50b0a4a52fe47722e7b219ece63043c8e0a2a0ad083148af086,d88f9588b099e1dd5dddb32a3258f043ae873f62694eb9af5bcc9755ac8d2f5a,7266ec7b8bf2df1245bc226e6bbb923f158c90a0444d4c318ec7d156ed85c9fe,0.8814350057808191,0.8814350057808191,fraction,2158,1877,1,original_probabilities_verified,0.9046025104602511,963,1195,0.8463455450022614,550,1608,0.8981318525414568,521,1637,0.8820382555025038,496,1662,0.876056865397623,262,1896
resnet,29,S_02__snr_5__noise_202,S_02,S_02,5.0,202.0,dab521a9837bfcfd5e153f7ea259e932a9ea29a92c4bb3f0478bc3f37e72ac1e,signed_control_mechanism/predictions/full/worker_resnet_0/seed_29/S_02__snr_5__noise_202.npz,dab521a9837bfcfd5e153f7ea259e932a9ea29a92c4bb3f0478bc3f37e72ac1e,d88f9588b099e1dd5dddb32a3258f043ae873f62694eb9af5bcc9755ac8d2f5a,1f9b02f54ce7e10b5a3c237f148e53cb639ec168b934291cf5ce5cad7d3e210d,0.883727876688531,0.883727876688531,fraction,2158,1877,1,original_probabilities_verified,0.907388434850993,963,1195,0.852037539574853,550,1608,0.9051141020334702,521,1637,0.8785215538993052,496,1662,0.8755777530840338,262,1896
resnet,29,S_02__snr_5__noise_303,S_02,S_02,5.0,303.0,668e1f3eb8ea6f050a717ac88d83fe5435c7fd003f1caab9d9f212a7bd19edd3,signed_control_mechanism/predictions/full/worker_resnet_1/seed_29/S_02__snr_5__noise_303.npz,668e1f3eb8ea6f050a717ac88d83fe5435c7fd003f1caab9d9f212a7bd19edd3,d88f9588b099e1dd5dddb32a3258f043ae873f62694eb9af5bcc9755ac8d2f5a,a3a0c777961f499829583e321fcd72f385f4cf92d7a88475e07ef9404d909853,0.8802316668251944,0.8802316668251944,fraction,2158,1877,1,original_probabilities_verified,0.902900194215253,963,1195,0.850119855269109,550,1608,0.8980439148904238,521,1637,0.8738221051201428,496,1662,0.8762722646310432,262,1896
resnet,29,S_02__snr_5__noise_404,S_02,S_02,5.0,404.0,f681b4504a59c7ce9e9007d01710da799408d3864bde469f03dcb098d6ef0453,signed_control_mechanism/predictions/full/worker_resnet_0/seed_29/S_02__snr_5__noise_404.npz,f681b4504a59c7ce9e9007d01710da799408d3864bde469f03dcb098d6ef0453,d88f9588b099e1dd5dddb32a3258f043ae873f62694eb9af5bcc9755ac8d2f5a,c9d6e1825384c46170a23b413439af7007cda46306d9ab8f56864ec287a75338,0.8788129081954917,0.8788129081954917,fraction,2158,1877,1,original_probabilities_verified,0.9041497760224543,963,1195,0.8414755766621438,550,1608,0.8965782873732085,521,1637,0.8791135340243003,496,1662,0.8727473668953523,262,1896
resnet,29,S_02__snr_5__noise_505,S_02,S_02,5.0,505.0,87ad9d6a257e639550855f75a82d79bb4909681f894b9b171593a1cb3528ae3e,signed_control_mechanism/predictions/full/worker_resnet_1/seed_29/S_02__snr_5__noise_505.npz,87ad9d6a257e639550855f75a82d79bb4909681f894b9b171593a1cb3528ae3e,d88f9588b099e1dd5dddb32a3258f043ae873f62694eb9af5bcc9755ac8d2f5a,66b905ae9e4c2de3541fb71fb51dee965cc64dd0b03ce6fc99d582b391d5bbc8,0.8824955597290955,0.8824955597290955,fraction,2158,1877,1,original_probabilities_verified,0.9025986609140717,963,1195,0.8523439620081411,550,1608,0.9051551396039522,521,1637,0.8766291584177632,496,1662,0.8757508777015492,262,1896
resnet,29,S_02__snr_5__noise_8128,S_02,S_02,5.0,8128.0,6390d948c229e175bc15b14633ecb572f5ba268adc2a2a9b578ae79b7306f3b2,signed_control_mechanism/predictions/full/worker_resnet_0/seed_29/S_02__snr_5__noise_8128.npz,6390d948c229e175bc15b14633ecb572f5ba268adc2a2a9b578ae79b7306f3b2,d88f9588b099e1dd5dddb32a3258f043ae873f62694eb9af5bcc9755ac8d2f5a,5f102e6e1a44893b0d2a5d9839af5c7ce56803cb4ba830c7d5e171a2f7db9afe,0.8832562160419613,0.8832562160419615,fraction,2158,1877,1,original_probabilities_verified,0.9074470904643352,963,1195,0.8501017639077341,550,1608,0.9002318036481227,521,1637,0.8773363805752882,496,1662,0.8811640416143267,262,1896
resnet,29,S_03__snr_0__noise_101,S_03,S_03,0.0,101.0,d4474a0ac709e11adc02e7559aef6d5d679f1252055d786c4dc584689ffa46e7,signed_control_mechanism/predictions/full/worker_resnet_0/seed_29/S_03__snr_0__noise_101.npz,d4474a0ac709e11adc02e7559aef6d5d679f1252055d786c4dc584689ffa46e7,d88f9588b099e1dd5dddb32a3258f043ae873f62694eb9af5bcc9755ac8d2f5a,cc5bf2a4548b36caac0a0e1aa910f877099e531dd330be45be556718f7849475,0.8421246349388376,0.8421246349388376,fraction,2158,1877,1,original_probabilities_verified,0.8661756974586913,963,1195,0.7830438715513343,550,1608,0.859330243399693,521,1637,0.8504049241100889,496,1662,0.8516684381743808,262,1896
resnet,29,S_03__snr_0__noise_202,S_03,S_03,0.0,202.0,89f65875c5bb8d117c9459d4fd5b4a0b5ca478184280f3743324a9870366974b,signed_control_mechanism/predictions/full/worker_resnet_1/seed_29/S_03__snr_0__noise_202.npz,89f65875c5bb8d117c9459d4fd5b4a0b5ca478184280f3743324a9870366974b,d88f9588b099e1dd5dddb32a3258f043ae873f62694eb9af5bcc9755ac8d2f5a,36d8235f153150a3a4457843d3a947717c5f737165cb76e9f0f89100d22a9a3b,0.8476578331858132,0.847657833185813,fraction,2158,1877,1,original_probabilities_verified,0.8735689116559566,963,1195,0.7881524197195839,550,1608,0.861214454135825,521,1637,0.8566995652342688,496,1662,0.8586538151834315,262,1896
resnet,29,S_03__snr_0__noise_303,S_03,S_03,0.0,303.0,d7e4a01b07d47e6d91cbd365614ab74cc1ac306a11ca5adeccd1e3bf0e65d09d,signed_control_mechanism/predictions/full/worker_resnet_0/seed_29/S_03__snr_0__noise_303.npz,d7e4a01b07d47e6d91cbd365614ab74cc1ac306a11ca5adeccd1e3bf0e65d09d,d88f9588b099e1dd5dddb32a3258f043ae873f62694eb9af5bcc9755ac8d2f5a,0a5dbfefdf89023f828bb9da523bf17c1024f6ca36de0def26e421b527531de8,0.8433283510488891,0.8433283510488891,fraction,2158,1877,1,original_probabilities_verified,0.8709924095291475,963,1195,0.7854647218453189,550,1608,0.8541712345390953,521,1637,0.848450661853189,496,1662,0.8575627274776951,262,1896
resnet,29,S_03__snr_0__noise_404,S_03,S_03,0.0,404.0,ccb4c9a04f6852ccc224e75b72b55dd2fc78fec93f400eaf1e26f6d2194eb68d,signed_control_mechanism/predictions/full/worker_resnet_1/seed_29/S_03__snr_0__noise_404.npz,ccb4c9a04f6852ccc224e75b72b55dd2fc78fec93f400eaf1e26f6d2194eb68d,d88f9588b099e1dd5dddb32a3258f043ae873f62694eb9af5bcc9755ac8d2f5a,a7ed9afb43036ca8426e27f9c415d6e83ffe692f9be2f39d14f5630ec85ea304,0.8421971245495949,0.8421971245495949,fraction,2158,1877,1,original_probabilities_verified,0.8692727138431592,963,1195,0.7857078245137946,550,1608,0.8598367642696426,521,1637,0.8467887504367066,496,1662,0.8493795696846717,262,1896
resnet,29,S_03__snr_0__noise_505,S_03,S_03,0.0,505.0,afe4816b5ee483aa4f68950abced024b2340d00e24ab1585aff50f3ac0d60754,signed_control_mechanism/predictions/full/worker_resnet_0/seed_29/S_03__snr_0__noise_505.npz,afe4816b5ee483aa4f68950abced024b2340d00e24ab1585aff50f3ac0d60754,d88f9588b099e1dd5dddb32a3258f043ae873f62694eb9af5bcc9755ac8d2f5a,0af5d79b14d7f78bafb7ed96dc03db3a6256b9ab9182abe14ff92f9c44d0576e,0.8457323488919185,0.8457323488919185,fraction,2158,1877,1,original_probabilities_verified,0.8715537654731336,963,1195,0.7841689280868386,550,1608,0.8639334863057627,521,1637,0.8478756647645666,496,1662,0.8611298998292911,262,1896
resnet,29,S_03__snr_0__noise_8128,S_03,S_03,0.0,8128.0,afa10c22df32d57b7e97d3126c62eb692b81f77e2b3b071b44dce43f7d157b6d,signed_control_mechanism/predictions/full/worker_resnet_1/seed_29/S_03__snr_0__noise_8128.npz,afa10c22df32d57b7e97d3126c62eb692b81f77e2b3b071b44dce43f7d157b6d,d88f9588b099e1dd5dddb32a3258f043ae873f62694eb9af5bcc9755ac8d2f5a,986bf33a5449edbf1ab9173efd61e23024b77dee4fc5bd019f53b33069bf9e88,0.8463625263029222,0.8463625263029224,fraction,2158,1877,1,original_probabilities_verified,0.870746490439135,963,1195,0.7831546811397557,550,1608,0.8660404724245114,521,1637,0.8495594115135282,496,1662,0.8623115759976809,262,1896
resnet,29,S_03__snr_10__noise_101,S_03,S_03,10.0,101.0,fa1146010919bfd07ef766cb80a1aed594d7bf1354c77da8677e81d67bb75a9b,signed_control_mechanism/predictions/full/worker_resnet_0/seed_29/S_03__snr_10__noise_101.npz,fa1146010919bfd07ef766cb80a1aed594d7bf1354c77da8677e81d67bb75a9b,d88f9588b099e1dd5dddb32a3258f043ae873f62694eb9af5bcc9755ac8d2f5a,35d2be8a01ff9d622d919566365374ba68064d8aa01ebf8310e086b44bbabca3,0.9011088253298631,0.9011088253298632,fraction,2158,1877,1,original_probabilities_verified,0.9239519110867799,963,1195,0.8772885572139304,550,1608,0.9212371772248519,521,1637,0.8913680078413105,496,1662,0.8916984732824428,262,1896
resnet,29,S_03__snr_10__noise_202,S_03,S_03,10.0,202.0,9d108dbfe4fc648b9a77f005eeaa9ffaeef9fb0964e46587dfdea2823580a8c1,signed_control_mechanism/predictions/full/worker_resnet_1/seed_29/S_03__snr_10__noise_202.npz,9d108dbfe4fc648b9a77f005eeaa9ffaeef9fb0964e46587dfdea2823580a8c1,d88f9588b099e1dd5dddb32a3258f043ae873f62694eb9af5bcc9755ac8d2f5a,2bb8df4ad6faf8da9eb1538fd8277c4fcac85dfc10dbb6f03b4f384f5410cc8f,0.9019180410531978,0.9019180410531978,fraction,2158,1877,1,original_probabilities_verified,0.9236503777855986,963,1195,0.8787709181365898,550,1608,0.9216170678773141,521,1637,0.8915584604634913,496,1662,0.8939933810029954,262,1896
resnet,29,S_03__snr_10__noise_303,S_03,S_03,10.0,303.0,3d0058121c1982d4e4e996ee673905b15ce7433335ff5a87b8d1698efff3a67d,signed_control_mechanism/predictions/full/worker_resnet_0/seed_29/S_03__snr_10__noise_303.npz,3d0058121c1982d4e4e996ee673905b15ce7433335ff5a87b8d1698efff3a67d,d88f9588b099e1dd5dddb32a3258f043ae873f62694eb9af5bcc9755ac8d2f5a,6af5d78fc93e5d2a2027d2bc9b9f346367535bc3cc9bbf4a580876114d64c282,0.9008996879616781,0.9008996879616784,fraction,2158,1877,1,original_probabilities_verified,0.9231915605434551,963,1195,0.8767605156037992,550,1608,0.9215091976920471,521,1637,0.8914323007647219,496,1662,0.8916048652043675,262,1896
resnet,29,S_03__snr_10__noise_404,S_03,S_03,10.0,404.0,a2410266c81454cc272418f42f31958fae207eab2c8dc5bca8e4cda278009fcd,signed_control_mechanism/predictions/full/worker_resnet_1/seed_29/S_03__snr_10__noise_404.npz,a2410266c81454cc272418f42f31958fae207eab2c8dc5bca8e4cda278009fcd,d88f9588b099e1dd5dddb32a3258f043ae873f62694eb9af5bcc9755ac8d2f5a,2a10a8b3fd0cb04652a69d668e449ccfb61555726c17c9d8d0beb1a790d80db5,0.900293307552905,0.9002933075529048,fraction,2158,1877,1,original_probabilities_verified,0.9217377703046181,963,1195,0.8751436001809136,550,1608,0.9203964932809772,521,1637,0.8924197430223982,496,1662,0.8917689309756176,262,1896
resnet,29,S_03__snr_10__noise_505,S_03,S_03,10.0,505.0,6d33b574fa621b42d3189236ce54248fdd63c5ac60f0c500dcd7bfc666f80687,signed_control_mechanism/predictions/full/worker_resnet_0/seed_29/S_03__snr_10__noise_505.npz,6d33b574fa621b42d3189236ce54248fdd63c5ac60f0c500dcd7bfc666f80687,d88f9588b099e1dd5dddb32a3258f043ae873f62694eb9af5bcc9755ac8d2f5a,21602520e47236660b1619ee76d57bfec85f6811d666e9fbf3251cb4a37a2082,0.9002411652947273,0.9002411652947273,fraction,2158,1877,1,original_probabilities_verified,0.9233540583167142,963,1195,0.8756999095431931,550,1608,0.9226805272038054,521,1637,0.888986743527037,496,1662,0.8904845878828872,262,1896
resnet,29,S_03__snr_10__noise_8128,S_03,S_03,10.0,8128.0,bd84c6d63df26698302ca3ff08ef1db80ac4e1ed6f9c6838f1f9b3e3e93e4da3,signed_control_mechanism/predictions/full/worker_resnet_1/seed_29/S_03__snr_10__noise_8128.npz,bd84c6d63df26698302ca3ff08ef1db80ac4e1ed6f9c6838f1f9b3e3e93e4da3,d88f9588b099e1dd5dddb32a3258f043ae873f62694eb9af5bcc9755ac8d2f5a,e69517ade13d7fb272d272bb3f2f1940f719cc0afd8baf7df72424f4162a49c6,0.9013533738416989,0.9013533738416988,fraction,2158,1877,1,original_probabilities_verified,0.9240388082917314,963,1195,0.875685210312076,550,1608,0.9213227698718572,521,1637,0.8937880905244362,496,1662,0.8919319902083938,262,1896
resnet,29,S_03__snr_5__noise_101,S_03,S_03,5.0,101.0,c4a10ad0b9c9be7b288b84179eebfe17406bd084c9edadd30dfa46d86b4fae89,signed_control_mechanism/predictions/full/worker_resnet_0/seed_29/S_03__snr_5__noise_101.npz,c4a10ad0b9c9be7b288b84179eebfe17406bd084c9edadd30dfa46d86b4fae89,d88f9588b099e1dd5dddb32a3258f043ae873f62694eb9af5bcc9755ac8d2f5a,6dfa7072dcf03f17a856da75de3574de9a060b552492c0f5111be0d18e76565a,0.8886600690719477,0.8886600690719477,fraction,2158,1877,1,original_probabilities_verified,0.9126013981760277,963,1195,0.8624253731343283,550,1608,0.9052899773355361,521,1637,0.8844486335934164,496,1662,0.8785349631204303,262,1896
resnet,29,S_03__snr_5__noise_202,S_03,S_03,5.0,202.0,4edf6a8882567a28cb1f841af1e3a7009c8a5d614271ea93d31635940a449a5c,signed_control_mechanism/predictions/full/worker_resnet_1/seed_29/S_03__snr_5__noise_202.npz,4edf6a8882567a28cb1f841af1e3a7009c8a5d614271ea93d31635940a449a5c,d88f9588b099e1dd5dddb32a3258f043ae873f62694eb9af5bcc9755ac8d2f5a,2066be0efc36ca9d5023e88c16b1e893fa6599620639669726b26958563314bb,0.8907485392811745,0.8907485392811745,fraction,2158,1877,1,original_probabilities_verified,0.9134764530298883,963,1195,0.8651696065128901,550,1608,0.9099530178443082,521,1637,0.8828582935445053,496,1662,0.882285325474281,262,1896
resnet,29,S_03__snr_5__noise_303,S_03,S_03,5.0,303.0,7029e8edf8ba5fae65c2e260211a1e7267bb4b2a28c66487958b17f4c458b87d,signed_control_mechanism/predictions/full/worker_resnet_0/seed_29/S_03__snr_5__noise_303.npz,7029e8edf8ba5fae65c2e260211a1e7267bb4b2a28c66487958b17f4c458b87d,d88f9588b099e1dd5dddb32a3258f043ae873f62694eb9af5bcc9755ac8d2f5a,11ba54702b0db9a17f123c30745d415955eff8554a83378886ab561c97276f0c,0.88804653338402,0.8880465333840201,fraction,2158,1877,1,original_probabilities_verified,0.9126370260300577,963,1195,0.8597331524197196,550,1608,0.9053814324926103,521,1637,0.8821886766818058,496,1662,0.8802923792959062,262,1896
resnet,29,S_03__snr_5__noise_404,S_03,S_03,5.0,404.0,13b10332bd548f3cc8dbe6b5f88602025761e83efd75084c0dcbbc48106e6aa5,signed_control_mechanism/predictions/full/worker_resnet_1/seed_29/S_03__snr_5__noise_404.npz,13b10332bd548f3cc8dbe6b5f88602025761e83efd75084c0dcbbc48106e6aa5,d88f9588b099e1dd5dddb32a3258f043ae873f62694eb9af5bcc9755ac8d2f5a,0ffeab4cffc5e3381efd4158acdb2de1a4700d74414027dfdfc2989d34176af0,0.8873481117265756,0.8873481117265755,fraction,2158,1877,1,original_probabilities_verified,0.9094870023505693,963,1195,0.8584871099050203,550,1608,0.9052290072308199,521,1637,0.8837583944722642,496,1662,0.8797790446742036,262,1896
resnet,29,S_03__snr_5__noise_505,S_03,S_03,5.0,505.0,1a11d8ca9cf7fa22d04b6b714daec490b82e995c647a9bd370db60b1de71eea7,signed_control_mechanism/predictions/full/worker_resnet_0/seed_29/S_03__snr_5__noise_505.npz,1a11d8ca9cf7fa22d04b6b714daec490b82e995c647a9bd370db60b1de71eea7,d88f9588b099e1dd5dddb32a3258f043ae873f62694eb9af5bcc9755ac8d2f5a,367973609e9953e198b36eed8e924920f639bfdeb1d99e827bde0ad4cc0e67d3,0.8887516917940216,0.8887516917940216,fraction,2158,1877,1,original_probabilities_verified,0.9137467033372871,963,1195,0.8601300316598824,550,1608,0.910036265487286,521,1637,0.880489159970498,496,1662,0.8793562985151544,262,1896
resnet,29,S_03__snr_5__noise_8128,S_03,S_03,5.0,8128.0,25b1acf51c9a15b3fe595912b16f6ff2ac8219cb93577bb353c7f39410c6b3d8,signed_control_mechanism/predictions/full/worker_resnet_1/seed_29/S_03__snr_5__noise_8128.npz,25b1acf51c9a15b3fe595912b16f6ff2ac8219cb93577bb353c7f39410c6b3d8,d88f9588b099e1dd5dddb32a3258f043ae873f62694eb9af5bcc9755ac8d2f5a,d61624ecf68da033a71fecaa57ab4a3c3d7f02426b68b05c0097ce83b7921f4e,0.8882247267500532,0.8882247267500532,fraction,2158,1877,1,original_probabilities_verified,0.9115021485333924,963,1195,0.8580845771144279,550,1608,0.9081321222169199,521,1637,0.8828728504328248,496,1662,0.8805319354527007,262,1896
resnet,29,S_04__snr_0__noise_101,S_04,S_04,0.0,101.0,14ee1dd9e06128b568f3c9edabfca6939d119db195ab7be0f898dbcf9a168336,signed_control_mechanism/predictions/full/worker_resnet_1/seed_29/S_04__snr_0__noise_101.npz,14ee1dd9e06128b568f3c9edabfca6939d119db195ab7be0f898dbcf9a168336,d88f9588b099e1dd5dddb32a3258f043ae873f62694eb9af5bcc9755ac8d2f5a,a7ff5fef66b4be39830a4586ec7981ab1076a5edb5b5afc3f1aee6a9793ccd33,0.8426355691359589,0.8426355691359589,fraction,2158,1877,1,original_probabilities_verified,0.8672853747659206,963,1195,0.7875373134328358,550,1608,0.855711902185192,521,1637,0.8520377217499321,496,1662,0.8506055335459143,262,1896
resnet,29,S_04__snr_0__noise_202,S_04,S_04,0.0,202.0,f74ec299610ae595e5563e0314e48fa06efda3a284759543bf86428e235dbb4a,signed_control_mechanism/predictions/full/worker_resnet_0/seed_29/S_04__snr_0__noise_202.npz,f74ec299610ae595e5563e0314e48fa06efda3a284759543bf86428e235dbb4a,d88f9588b099e1dd5dddb32a3258f043ae873f62694eb9af5bcc9755ac8d2f5a,acb3e1dc020f2b6379ef63cdc75972488193be9f6335d6963c01d54100be8893,0.8418501256144767,0.8418501256144767,fraction,2158,1877,1,original_probabilities_verified,0.863992839670312,963,1195,0.7809814563545907,550,1608,0.8551010286360167,521,1637,0.8515743274717597,496,1662,0.8576009759397043,262,1896
resnet,29,S_04__snr_0__noise_303,S_04,S_04,0.0,303.0,5f22745bb9f6d7d9458847a00a0a1e6f53940a221dae5c55c433e7f9e4ab1c5e,signed_control_mechanism/predictions/full/worker_resnet_1/seed_29/S_04__snr_0__noise_303.npz,5f22745bb9f6d7d9458847a00a0a1e6f53940a221dae5c55c433e7f9e4ab1c5e,d88f9588b099e1dd5dddb32a3258f043ae873f62694eb9af5bcc9755ac8d2f5a,996b22338e6af6297773acb333db26f96bb80d2ed5404a31fe706eb5c9740477,0.8418612205688772,0.841861220568877,fraction,2158,1877,1,original_probabilities_verified,0.8646749827291805,963,1195,0.7796664405246495,550,1608,0.8567448764593253,521,1637,0.8513656787391793,496,1662,0.8568541243920508,262,1896
resnet,29,S_04__snr_0__noise_404,S_04,S_04,0.0,404.0,ded19a841f51045e388059abcb03e2337171b7f5de2f436de7f0a67922d23bcb,signed_control_mechanism/predictions/full/worker_resnet_0/seed_29/S_04__snr_0__noise_404.npz,ded19a841f51045e388059abcb03e2337171b7f5de2f436de7f0a67922d23bcb,d88f9588b099e1dd5dddb32a3258f043ae873f62694eb9af5bcc9755ac8d2f5a,cadb66b021dabaa8bcd58f7061a6088a40fc7a521723b466cc360f63b9af3cb6,0.838654408678068,0.838654408678068,fraction,2158,1877,1,original_probabilities_verified,0.8650573304309667,963,1195,0.7702600633197648,550,1608,0.8624619962784786,521,1637,0.8463969275261054,496,1662,0.8490957258350244,262,1896
resnet,29,S_04__snr_0__noise_505,S_04,S_04,0.0,505.0,2bea645b478120e7a2e0e8ae32fb7fb9bd43d999df3b429bd945f8612ad5fe1f,signed_control_mechanism/predictions/full/worker_resnet_1/seed_29/S_04__snr_0__noise_505.npz,2bea645b478120e7a2e0e8ae32fb7fb9bd43d999df3b429bd945f8612ad5fe1f,d88f9588b099e1dd5dddb32a3258f043ae873f62694eb9af5bcc9755ac8d2f5a,f8a31c608de4d430c74ced1cdd75f1d6c4e31d19e21e1988440832134d12edc0,0.84315174418229,0.84315174418229,fraction,2158,1877,1,original_probabilities_verified,0.8672662573808313,963,1195,0.7793984622342831,550,1608,0.8585833596169201,521,1637,0.8529438880478243,496,1662,0.8575667536315909,262,1896
resnet,29,S_04__snr_0__noise_8128,S_04,S_04,0.0,8128.0,bd48148ab3dc55c1bb3d57f455db3d80d33c94f65bed5367f5f60d231e02fad6,signed_control_mechanism/predictions/full/worker_resnet_0/seed_29/S_04__snr_0__noise_8128.npz,bd48148ab3dc55c1bb3d57f455db3d80d33c94f65bed5367f5f60d231e02fad6,d88f9588b099e1dd5dddb32a3258f043ae873f62694eb9af5bcc9755ac8d2f5a,b8f21b8e699c0484d5d41c0f65f5e04a317c893ba24bc896773f541e7baec595,0.8422309776813709,0.842230977681371,fraction,2158,1877,1,original_probabilities_verified,0.8633219932480872,963,1195,0.7686069651741294,550,1608,0.8655972666633055,521,1637,0.8519552327161213,496,1662,0.8616734306052114,262,1896
resnet,29,S_04__snr_10__noise_101,S_04,S_04,10.0,101.0,8b0b6242bd66e73442452de4a4d218aa2e71cfb3c967b34058c48e30e562471a,signed_control_mechanism/predictions/full/worker_resnet_1/seed_29/S_04__snr_10__noise_101.npz,8b0b6242bd66e73442452de4a4d218aa2e71cfb3c967b34058c48e30e562471a,d88f9588b099e1dd5dddb32a3258f043ae873f62694eb9af5bcc9755ac8d2f5a,7a4fd6223c18b9f6352ebfb5bd7221ae802df6eb76be7fa0654e213a74875225,0.9005935072501732,0.9005935072501732,fraction,2158,1877,1,original_probabilities_verified,0.9225919698292905,963,1195,0.8764880144730891,550,1608,0.9213989825027524,521,1637,0.8936667831217733,496,1662,0.8888217863239605,262,1896
resnet,29,S_04__snr_10__noise_202,S_04,S_04,10.0,202.0,9a0fc04cfcdc23b44a05180c64632f7f907aaf4cd10f905540b8fd26f18265a4,signed_control_mechanism/predictions/full/worker_resnet_0/seed_29/S_04__snr_10__noise_202.npz,9a0fc04cfcdc23b44a05180c64632f7f907aaf4cd10f905540b8fd26f18265a4,d88f9588b099e1dd5dddb32a3258f043ae873f62694eb9af5bcc9755ac8d2f5a,010e1b648155915b9c961876d96944383b684b0f66188e379c00c86749c5db4b,0.9007355905264702,0.9007355905264702,fraction,2158,1877,1,original_probabilities_verified,0.923526114782518,963,1195,0.8772048846675712,550,1608,0.9202323429990491,521,1637,0.8923991207639455,496,1662,0.8903154894192675,262,1896
resnet,29,S_04__snr_10__noise_303,S_04,S_04,10.0,303.0,993203605f58526daa0f6ab94a5bcee155e302226f311c1c56e50042759c4afe,signed_control_mechanism/predictions/full/worker_resnet_1/seed_29/S_04__snr_10__noise_303.npz,993203605f58526daa0f6ab94a5bcee155e302226f311c1c56e50042759c4afe,d88f9588b099e1dd5dddb32a3258f043ae873f62694eb9af5bcc9755ac8d2f5a,5ce15d0a8232c8fef08a852321ceb25c0af43b98d9f1a43463afa31884d11270,0.9007268813627199,0.90072688136272,fraction,2158,1877,1,original_probabilities_verified,0.9231029253944046,963,1195,0.8766971958389869,550,1608,0.9222009738801726,521,1637,0.8911205407398781,496,1662,0.8905127709601571,262,1896
resnet,29,S_04__snr_10__noise_404,S_04,S_04,10.0,404.0,bda78638bb51a2f7d6f5bdacf422f4958bf6ac43b4d141ee79b094625de8bfb2,signed_control_mechanism/predictions/full/worker_resnet_0/seed_29/S_04__snr_10__noise_404.npz,bda78638bb51a2f7d6f5bdacf422f4958bf6ac43b4d141ee79b094625de8bfb2,d88f9588b099e1dd5dddb32a3258f043ae873f62694eb9af5bcc9755ac8d2f5a,dab1aa5d5f63bed3b7ea580224629522d2ae589f4538c6f4df54dbdb31b803a0,0.8998667551163368,0.8998667551163368,fraction,2158,1877,1,original_probabilities_verified,0.9220827522082752,963,1195,0.8738568521031208,550,1608,0.9201514403600988,521,1637,0.8935412299600171,496,1662,0.8897015009501723,262,1896
resnet,29,S_04__snr_10__noise_505,S_04,S_04,10.0,505.0,94fcd10ee3f46f8936b75a61923f54ec3527aa2965b6ce97f88ca26e4b7b9121,signed_control_mechanism/predictions/full/worker_resnet_1/seed_29/S_04__snr_10__noise_505.npz,94fcd10ee3f46f8936b75a61923f54ec3527aa2965b6ce97f88ca26e4b7b9121,d88f9588b099e1dd5dddb32a3258f043ae873f62694eb9af5bcc9755ac8d2f5a,8a8f492cbe9005e973b70fc019b68f3372c88f48fe496fba223cff1d44fe6b0c,0.9003240210946089,0.9003240210946089,fraction,2158,1877,1,original_probabilities_verified,0.9216161142176862,963,1195,0.8730144730891,550,1608,0.9214658151175374,521,1637,0.8947452059314468,496,1662,0.8907784971172739,262,1896
resnet,29,S_04__snr_10__noise_8128,S_04,S_04,10.0,8128.0,e8fd4db78985cc7dfa467fff8f9a50b6b3273ea0a6ea435392d4696e12315f56,signed_control_mechanism/predictions/full/worker_resnet_0/seed_29/S_04__snr_10__noise_8128.npz,e8fd4db78985cc7dfa467fff8f9a50b6b3273ea0a6ea435392d4696e12315f56,d88f9588b099e1dd5dddb32a3258f043ae873f62694eb9af5bcc9755ac8d2f5a,84f049765639f413aa23e8ed6601f85f225c07f4215c98bb43e573a69770acc9,0.9015281718703113,0.9015281718703112,fraction,2158,1877,1,original_probabilities_verified,0.9235912876862316,963,1195,0.8741542288557214,550,1608,0.9235247286537215,521,1637,0.8923651546911999,496,1662,0.8940054594646826,262,1896
resnet,29,S_04__snr_5__noise_101,S_04,S_04,5.0,101.0,582e63043fbe57047e8c4d868ff831e5b0a396f0d570f51d087f4261e5faaf4c,signed_control_mechanism/predictions/full/worker_resnet_1/seed_29/S_04__snr_5__noise_101.npz,582e63043fbe57047e8c4d868ff831e5b0a396f0d570f51d087f4261e5faaf4c,d88f9588b099e1dd5dddb32a3258f043ae873f62694eb9af5bcc9755ac8d2f5a,1610c4ab26f0f163c30ecca0d33f3bf35c8cf37ff7e3328ed27a5165a8960607,0.8875663980219446,0.8875663980219446,fraction,2158,1877,1,original_probabilities_verified,0.9110885178378237,963,1195,0.8605110809588421,550,1608,0.9050953420012499,521,1637,0.8865618085478049,496,1662,0.874575240764003,262,1896
resnet,29,S_04__snr_5__noise_202,S_04,S_04,5.0,202.0,1900185af72dd98b93cf493fc9b0f320e839fbbe893091d993217a5fcff14b56,signed_control_mechanism/predictions/full/worker_resnet_0/seed_29/S_04__snr_5__noise_202.npz,1900185af72dd98b93cf493fc9b0f320e839fbbe893091d993217a5fcff14b56,d88f9588b099e1dd5dddb32a3258f043ae873f62694eb9af5bcc9755ac8d2f5a,815d5b1636c51116dcf6a59e9dfe03a32ebe86fdde6e875d419f492985a353c8,0.8870553444460425,0.8870553444460425,fraction,2158,1877,1,original_probabilities_verified,0.9106201419031357,963,1195,0.8595963364993215,550,1608,0.9045735786051212,521,1637,0.8840956290516673,496,1662,0.8763910361709666,262,1896
resnet,29,S_04__snr_5__noise_303,S_04,S_04,5.0,303.0,98326e89518dca291c4593dd869c70b72aa8c8ae4f8d878ed7bf6170897728a8,signed_control_mechanism/predictions/full/worker_resnet_1/seed_29/S_04__snr_5__noise_303.npz,98326e89518dca291c4593dd869c70b72aa8c8ae4f8d878ed7bf6170897728a8,d88f9588b099e1dd5dddb32a3258f043ae873f62694eb9af5bcc9755ac8d2f5a,fb8ae73482281929d71bea99baa1d20671f2893a852f83d4adbc8148363b1f0c,0.888411423402586,0.8884114234025858,fraction,2158,1877,1,original_probabilities_verified,0.9123806792754511,963,1195,0.8609475350520127,550,1608,0.9060802436928186,521,1637,0.8822153643103917,496,1662,0.880433294682256,262,1896
resnet,29,S_04__snr_5__noise_404,S_04,S_04,5.0,404.0,f31763bba1fe339bcc1125f3f91f82f22b3fac852802d0cdb2d138c2ad902078,signed_control_mechanism/predictions/full/worker_resnet_0/seed_29/S_04__snr_5__noise_404.npz,f31763bba1fe339bcc1125f3f91f82f22b3fac852802d0cdb2d138c2ad902078,d88f9588b099e1dd5dddb32a3258f043ae873f62694eb9af5bcc9755ac8d2f5a,1e1f37742247adccfb20236cf6611c03e8d506d201bd120903bad416b2adca70,0.8865046023118384,0.8865046023118384,fraction,2158,1877,1,original_probabilities_verified,0.9100579169871001,963,1195,0.8553652193577567,550,1608,0.9067075322701866,521,1637,0.8847240013974613,496,1662,0.8756683415466873,262,1896
resnet,29,S_04__snr_5__noise_505,S_04,S_04,5.0,505.0,9c53110acfd1ecc6c6e88c46e71f415c7234f8bf3672657a94d89a815e19dea0,signed_control_mechanism/predictions/full/worker_resnet_1/seed_29/S_04__snr_5__noise_505.npz,9c53110acfd1ecc6c6e88c46e71f415c7234f8bf3672657a94d89a815e19dea0,d88f9588b099e1dd5dddb32a3258f043ae873f62694eb9af5bcc9755ac8d2f5a,3f5c662a59745cfe875f34da30b01bc2e981b5f835c897eff69d8e7835319eae,0.8876210569204238,0.8876210569204238,fraction,2158,1877,1,original_probabilities_verified,0.9104359198286387,963,1195,0.8573654454997739,550,1608,0.9052676997972744,521,1637,0.8836285955514149,496,1662,0.8814076239250169,262,1896
resnet,29,S_04__snr_5__noise_8128,S_04,S_04,5.0,8128.0,4e381c65fbdb5f7527eaf6f1be8fd66863c624c6033a337a08e4e074a07c41bc,signed_control_mechanism/predictions/full/worker_resnet_0/seed_29/S_04__snr_5__noise_8128.npz,4e381c65fbdb5f7527eaf6f1be8fd66863c624c6033a337a08e4e074a07c41bc,d88f9588b099e1dd5dddb32a3258f043ae873f62694eb9af5bcc9755ac8d2f5a,fea77e37ae16ec43e446648650fd66da27ca5f8f74fd608084a41662d4eeca3c,0.8877388936338896,0.8877388936338896,fraction,2158,1877,1,original_probabilities_verified,0.910794805285088,963,1195,0.8523258706467661,550,1608,0.9094253919381107,521,1637,0.883291360972012,496,1662,0.8828570393274713,262,1896
resnet,29,clean,clean,,,,b9161d92e1713315ef5f4d4f8a046d80f8501ba219fb9e7800103dd605495a9a,methodology_supplement/results/predictions/full/resnet/seed_29/clean.npz,b9161d92e1713315ef5f4d4f8a046d80f8501ba219fb9e7800103dd605495a9a,d88f9588b099e1dd5dddb32a3258f043ae873f62694eb9af5bcc9755ac8d2f5a,a8d302b6d0b6e62b539ce05c00e740ac2d1450844afe3f861adb2ac5780bd70c,0.907911261424449,0.907911261424449,fraction,2158,1877,1,original_probabilities_verified,0.9316023410107014,963,1195,0.887587064676617,550,1608,0.9271289998440573,521,1637,0.8963537420907574,496,1662,0.8968841595001127,262,1896
resnet,43,E__snr_0__noise_101,E,,0.0,101.0,3f806fd96bcd9d49111fd0da44b1848f264b364213157ea0697ed047713e5527,methodology_supplement/results/predictions/full/resnet/seed_43/standard__n101__electrode__snr0.npz,3f806fd96bcd9d49111fd0da44b1848f264b364213157ea0697ed047713e5527,d2486cf1fdf7bdb8e580e1e920522c530883a8da5246b52e2bdfa2a2d90b6cbd,e372ac625f7d1fdca9a8dbef6073c43da2445cc0f77fffa03ae2ab075bb8f2b5,0.8316679573466244,0.8316679573466244,fraction,2158,1877,1,original_probabilities_verified,0.8599960027285722,963,1195,0.7765174129353234,550,1608,0.8193959973126254,521,1637,0.8485113155545204,496,1662,0.8539190582020807,262,1896
resnet,43,E__snr_0__noise_202,E,,0.0,202.0,ef46b17de4eb0602447443b21d4ab740f1bda9715e28412bae5fea4ce78b4842,methodology_supplement/results/predictions/full/resnet/seed_43/standard__n202__electrode__snr0.npz,ef46b17de4eb0602447443b21d4ab740f1bda9715e28412bae5fea4ce78b4842,d2486cf1fdf7bdb8e580e1e920522c530883a8da5246b52e2bdfa2a2d90b6cbd,ebb2e60939c20fbdc7021b503b4154d20dc64e8743aade8ff0162325fc376218,0.8302029459162685,0.8302029459162688,fraction,2158,1877,1,original_probabilities_verified,0.851756844241105,963,1195,0.7777521483491633,550,1608,0.8173054262220696,521,1637,0.8443165055704359,496,1662,0.8598838051985699,262,1896
resnet,43,E__snr_0__noise_303,E,,0.0,303.0,93faae7b5d33a55704317fd115e70d5f114db78aa04fc52aa1f88af3ba42a1cc,methodology_supplement/results/predictions/full/resnet/seed_43/standard__n303__electrode__snr0.npz,93faae7b5d33a55704317fd115e70d5f114db78aa04fc52aa1f88af3ba42a1cc,d2486cf1fdf7bdb8e580e1e920522c530883a8da5246b52e2bdfa2a2d90b6cbd,b857ed34aea876a9ea653fb6930a38eb9b517ecf2c81adc409178a704a80ef37,0.8330034300083042,0.8330034300083042,fraction,2158,1877,1,original_probabilities_verified,0.8592247900346285,963,1195,0.7855517865219358,550,1608,0.8124207828326945,521,1637,0.8527170432048445,496,1662,0.8551027474474184,262,1896
resnet,43,E__snr_0__noise_404,E,,0.0,404.0,a1928ee75deae7637671289e893097e42ed5c394cc800ff756de4f97cb8ea6df,methodology_supplement/results/predictions/full/resnet/seed_43/standard__n404__electrode__snr0.npz,a1928ee75deae7637671289e893097e42ed5c394cc800ff756de4f97cb8ea6df,d2486cf1fdf7bdb8e580e1e920522c530883a8da5246b52e2bdfa2a2d90b6cbd,0cbfd65142656d2a4539e8a5e14d4477612faf9c6c24ff0f5d758e573cb0c418,0.8307529682301009,0.8307529682301009,fraction,2158,1877,1,original_probabilities_verified,0.8573399896592326,963,1195,0.7820499773857983,550,1608,0.8130046888355531,521,1637,0.8453112262722721,496,1662,0.8560589589976487,262,1896
resnet,43,E__snr_0__noise_505,E,,0.0,505.0,7eaa152ed3d44e980198cc28e4f48175328e14325d2051a351a5c02d91606618,methodology_supplement/results/predictions/full/resnet/seed_43/standard__n505__electrode__snr0.npz,7eaa152ed3d44e980198cc28e4f48175328e14325d2051a351a5c02d91606618,d2486cf1fdf7bdb8e580e1e920522c530883a8da5246b52e2bdfa2a2d90b6cbd,42b6424cc834cef160a7cb3f74c5dfcc17f21eeab757205a60a26c8986fbff79,0.8302420553080052,0.8302420553080051,fraction,2158,1877,1,original_probabilities_verified,0.8585913094105329,963,1195,0.7850237449118046,550,1608,0.8097252007030322,521,1637,0.8497425856915493,496,1662,0.8481274358231069,262,1896
resnet,43,E__snr_0__noise_8128,E,,0.0,8128.0,b5a83bec4259bfa96030e00b60a255a96b89c734acb635da98ab7fd91b8bcd27,methodology_supplement/results/predictions/full/resnet/seed_43/standard__n8128__electrode__snr0.npz,b5a83bec4259bfa96030e00b60a255a96b89c734acb635da98ab7fd91b8bcd27,d2486cf1fdf7bdb8e580e1e920522c530883a8da5246b52e2bdfa2a2d90b6cbd,b7f3d1fc39ef41f0c7e5fde19c9fdb33643f418220b5beae2b4a25b68357b149,0.8301470977884609,0.8301470977884609,fraction,2158,1877,1,original_probabilities_verified,0.8602388804164114,963,1195,0.7784056987788331,550,1608,0.8160086389948374,521,1637,0.8391536625131012,496,1662,0.8569286082391213,262,1896
resnet,43,E__snr_10__noise_101,E,,10.0,101.0,2dace61bff784be83ea6e2e829b25b7d8a0c91918568ac84e08e97c76da6d918,methodology_supplement/results/predictions/full/resnet/seed_43/standard__n101__electrode__snr10.npz,2dace61bff784be83ea6e2e829b25b7d8a0c91918568ac84e08e97c76da6d918,d2486cf1fdf7bdb8e580e1e920522c530883a8da5246b52e2bdfa2a2d90b6cbd,e1c5a093c971f8dd322ef87c4a61793f2d978a2d00dc936ce1086c33dc58d528,0.8996489768488221,0.8996489768488221,fraction,2158,1877,1,original_probabilities_verified,0.9265110337725987,963,1195,0.8883446404341927,550,1608,0.9102484883517787,521,1637,0.8894804646558752,496,1662,0.8836602570296647,262,1896
resnet,43,E__snr_10__noise_202,E,,10.0,202.0,e52fae08629791e50ff61dd8e8dd25a20ff9ead7eb58feaa29b313dcb8a81620,methodology_supplement/results/predictions/full/resnet/seed_43/standard__n202__electrode__snr10.npz,e52fae08629791e50ff61dd8e8dd25a20ff9ead7eb58feaa29b313dcb8a81620,d2486cf1fdf7bdb8e580e1e920522c530883a8da5246b52e2bdfa2a2d90b6cbd,3d70887ac00be71d38641e553b5714375d65d43e8ab541234506fbea4dc34e40,0.8999297462329547,0.8999297462329547,fraction,2158,1877,1,original_probabilities_verified,0.9256889862137584,963,1195,0.8866734509271823,550,1608,0.9100175054550657,521,1637,0.890800289196848,496,1662,0.88646849937192,262,1896
resnet,43,E__snr_10__noise_303,E,,10.0,303.0,c8eb5125e7d7e6ed59423be0c726ed44da20c2828fc00e08cf62d40d67905c7a,methodology_supplement/results/predictions/full/resnet/seed_43/standard__n303__electrode__snr10.npz,c8eb5125e7d7e6ed59423be0c726ed44da20c2828fc00e08cf62d40d67905c7a,d2486cf1fdf7bdb8e580e1e920522c530883a8da5246b52e2bdfa2a2d90b6cbd,d27221228a6175077197c5969fe2e636abdf77f352110f583ed6244c3f94b2e2,0.8996158287774907,0.8996158287774907,fraction,2158,1877,1,original_probabilities_verified,0.9257141864031944,963,1195,0.8849423337856174,550,1608,0.9108710869210918,521,1637,0.8912224389581149,496,1662,0.885329097819435,262,1896
resnet,43,E__snr_10__noise_404,E,,10.0,404.0,9e4df4e288ef19b024cf44a4c4d49796fb44f0a7ae90fe02957a7137a47e5c0a,methodology_supplement/results/predictions/full/resnet/seed_43/standard__n404__electrode__snr10.npz,9e4df4e288ef19b024cf44a4c4d49796fb44f0a7ae90fe02957a7137a47e5c0a,d2486cf1fdf7bdb8e580e1e920522c530883a8da5246b52e2bdfa2a2d90b6cbd,fc7501548d880b83095d2309ef6e16796d4f009b3847b4e6d2f1d864bc9dfca1,0.9003959912864964,0.9003959912864964,fraction,2158,1877,1,original_probabilities_verified,0.9248982216487007,963,1195,0.8851956128448666,550,1608,0.9125442472947447,521,1637,0.8927666821940142,496,1662,0.8865751924501563,262,1896
resnet,43,E__snr_10__noise_505,E,,10.0,505.0,3b4faffe8359e892904bef4afd80a58b1a1f07cb3d70989b4699027f03d82132,methodology_supplement/results/predictions/full/resnet/seed_43/standard__n505__electrode__snr10.npz,3b4faffe8359e892904bef4afd80a58b1a1f07cb3d70989b4699027f03d82132,d2486cf1fdf7bdb8e580e1e920522c530883a8da5246b52e2bdfa2a2d90b6cbd,c22add93be122130704cd51011c6203d71a117fed08f0ca09cfe5b2231db026f,0.9011299709199513,0.9011299709199512,fraction,2158,1877,1,original_probabilities_verified,0.9270663069122381,963,1195,0.8860334690185436,550,1608,0.9123331969322658,521,1637,0.8949441500718139,496,1662,0.8852727316648952,262,1896
resnet,43,E__snr_10__noise_8128,E,,10.0,8128.0,d52a8ebf06be7006ac16aaf17681dc0293cb5e9ab74de6fae40217502450b33a,methodology_supplement/results/predictions/full/resnet/seed_43/standard__n8128__electrode__snr10.npz,d52a8ebf06be7006ac16aaf17681dc0293cb5e9ab74de6fae40217502450b33a,d2486cf1fdf7bdb8e580e1e920522c530883a8da5246b52e2bdfa2a2d90b6cbd,f3748f9ddb4fcc1a68c5173fc418ec9284195cab1bb36f491b124eebf0a7d449,0.8983496863990222,0.8983496863990222,fraction,2158,1877,1,original_probabilities_verified,0.9248799732356608,963,1195,0.8835945273631841,550,1608,0.9114901679843636,521,1637,0.8868311109817165,496,1662,0.8849526524301865,262,1896
resnet,43,E__snr_5__noise_101,E,,5.0,101.0,d922cd71d2dfc7cc3553cc543a4f518fd6fdac8cb3f4397808939a2c8271339e,methodology_supplement/results/predictions/full/resnet/seed_43/standard__n101__electrode__snr5.npz,d922cd71d2dfc7cc3553cc543a4f518fd6fdac8cb3f4397808939a2c8271339e,d2486cf1fdf7bdb8e580e1e920522c530883a8da5246b52e2bdfa2a2d90b6cbd,a9b52831e24c7768419b845bb3083af3c8a16ec5e32b5fdb5b13c78d41daae5a,0.8829868496139085,0.8829868496139085,fraction,2158,1877,1,original_probabilities_verified,0.9114821621762536,963,1195,0.8672354138398914,550,1608,0.8820943699970805,521,1637,0.8799335720663017,496,1662,0.8741887299900152,262,1896
resnet,43,E__snr_5__noise_202,E,,5.0,202.0,dafa7abc1b1c2bd7a10f70adadf43ff821e5dc8fe4a9ac69588571d9333595ee,methodology_supplement/results/predictions/full/resnet/seed_43/standard__n202__electrode__snr5.npz,dafa7abc1b1c2bd7a10f70adadf43ff821e5dc8fe4a9ac69588571d9333595ee,d2486cf1fdf7bdb8e580e1e920522c530883a8da5246b52e2bdfa2a2d90b6cbd,6c3f29be5575354876cd0d27a39ced457ab439a24964f15c6afe323c5cda1cd5,0.8806611186496902,0.8806611186496902,fraction,2158,1877,1,original_probabilities_verified,0.9102716841112806,963,1195,0.8582066938037087,550,1608,0.8822661415420981,521,1637,0.8740744245176818,496,1662,0.8784866492736818,262,1896
resnet,43,E__snr_5__noise_303,E,,5.0,303.0,d4e71ba2653a9af2ca5f93c9dd003f0e3e2ea668725a7505ffa1b9445febd53a,methodology_supplement/results/predictions/full/resnet/seed_43/standard__n303__electrode__snr5.npz,d4e71ba2653a9af2ca5f93c9dd003f0e3e2ea668725a7505ffa1b9445febd53a,d2486cf1fdf7bdb8e580e1e920522c530883a8da5246b52e2bdfa2a2d90b6cbd,11085aab3b59af30ed304293a4d6b71096b369fe6a48bc66e37a8d7f0b8ef749,0.8827995693014639,0.8827995693014639,fraction,2158,1877,1,original_probabilities_verified,0.9095956238567586,963,1195,0.8623168249660786,550,1608,0.8828529787999911,521,1637,0.8841659873452118,496,1662,0.8750664315392792,262,1896
resnet,43,E__snr_5__noise_404,E,,5.0,404.0,b031f9082e9cdd76b4b7d90d3d79ef90efaa48365c5a8c510b14ea693c86301e,methodology_supplement/results/predictions/full/resnet/seed_43/standard__n404__electrode__snr5.npz,b031f9082e9cdd76b4b7d90d3d79ef90efaa48365c5a8c510b14ea693c86301e,d2486cf1fdf7bdb8e580e1e920522c530883a8da5246b52e2bdfa2a2d90b6cbd,b87c690599f9e43fd18ff01ff673d41836632423c4e2b1a4f7594389236e9e02,0.8822645365594772,0.8822645365594772,fraction,2158,1877,1,original_probabilities_verified,0.9083634214905477,963,1195,0.864622342831298,550,1608,0.883358327167927,521,1637,0.8805704359302822,496,1662,0.8744081553773312,262,1896
resnet,43,E__snr_5__noise_505,E,,5.0,505.0,6706515a748881194a263a6fdcd7f4fda184961b908e9d4030a4dc2e55569372,methodology_supplement/results/predictions/full/resnet/seed_43/standard__n505__electrode__snr5.npz,6706515a748881194a263a6fdcd7f4fda184961b908e9d4030a4dc2e55569372,d2486cf1fdf7bdb8e580e1e920522c530883a8da5246b52e2bdfa2a2d90b6cbd,55993a149666eee52bca0be88f2fce8d7c3203c66b73c39bf19371aee26ad4a6,0.883017014630834,0.883017014630834,fraction,2158,1877,1,original_probabilities_verified,0.909587803108313,963,1195,0.8661114880144731,550,1608,0.8830710641745527,521,1637,0.8836176778851753,496,1662,0.8726970399716559,262,1896
resnet,43,E__snr_5__noise_8128,E,,5.0,8128.0,051c73f431e0c136990de5a102479a7db85daea15f6c5dbadfee26d297e16ad7,methodology_supplement/results/predictions/full/resnet/seed_43/standard__n8128__electrode__snr5.npz,051c73f431e0c136990de5a102479a7db85daea15f6c5dbadfee26d297e16ad7,d2486cf1fdf7bdb8e580e1e920522c530883a8da5246b52e2bdfa2a2d90b6cbd,a114022f00f77977526a8a7b16dd997e3a58abcbd77c090af1d926369049c636,0.8795605203011656,0.8795605203011656,fraction,2158,1877,1,original_probabilities_verified,0.9103377259870437,963,1195,0.8583921302578019,550,1608,0.8834415748109047,521,1637,0.8719054481580684,496,1662,0.8737257222920088,262,1896
resnet,43,I__snr_0__noise_101,I,,0.0,101.0,715f177b03ee3c85dd5e077f33d6603d868a149ac3df983f2fb072be59d367a1,methodology_supplement/results/predictions/full/resnet/seed_43/standard__n101__independent_rms__snr0.npz,715f177b03ee3c85dd5e077f33d6603d868a149ac3df983f2fb072be59d367a1,d2486cf1fdf7bdb8e580e1e920522c530883a8da5246b52e2bdfa2a2d90b6cbd,645e88fea28f6de2c9c8bec7fe9f5dc382fd647d827b1a0a1dea643a9dcb6653,0.8473954660315803,0.8473954660315803,fraction,2158,1877,1,original_probabilities_verified,0.8736827469944429,963,1195,0.8091350067842605,550,1608,0.8381278894846502,521,1637,0.8581710240285704,496,1662,0.8578606628659774,262,1896
resnet,43,I__snr_0__noise_202,I,,0.0,202.0,5dbc7075d14e955d490b6f0e2ec3cd4ced72100538d1ce92d88cd888af0cde89,methodology_supplement/results/predictions/full/resnet/seed_43/standard__n202__independent_rms__snr0.npz,5dbc7075d14e955d490b6f0e2ec3cd4ced72100538d1ce92d88cd888af0cde89,d2486cf1fdf7bdb8e580e1e920522c530883a8da5246b52e2bdfa2a2d90b6cbd,9a7b17eb56d13c02a6119fbf3ac49a8f4c072a45c83d59c83a6ebf5003739c85,0.8453508424515116,0.8453508424515117,fraction,2158,1877,1,original_probabilities_verified,0.8784673070990672,963,1195,0.8100610583446405,550,1608,0.8259127635051713,521,1637,0.8522742711851248,496,1662,0.8600388121235546,262,1896
resnet,43,I__snr_0__noise_303,I,,0.0,303.0,a267d13c22d3b7355dc07f6e95d7fb5a5d6a9e4313a1ad557d4bb2d23c2e3023,methodology_supplement/results/predictions/full/resnet/seed_43/standard__n303__independent_rms__snr0.npz,a267d13c22d3b7355dc07f6e95d7fb5a5d6a9e4313a1ad557d4bb2d23c2e3023,d2486cf1fdf7bdb8e580e1e920522c530883a8da5246b52e2bdfa2a2d90b6cbd,e7d0b59426ed89bc126f168ab5470e76731871a876717d4759ed05591d438457,0.8483282090651233,0.8483282090651233,fraction,2158,1877,1,original_probabilities_verified,0.8722493775987695,963,1195,0.8033288104929895,550,1608,0.8483755570850193,521,1637,0.8565030472419549,496,1662,0.8611842529068832,262,1896
resnet,43,I__snr_0__noise_404,I,,0.0,404.0,acc8ed370d686ce8c440744254d58c4f9c2812e83aecab56ae329fcb1149d169,methodology_supplement/results/predictions/full/resnet/seed_43/standard__n404__independent_rms__snr0.npz,acc8ed370d686ce8c440744254d58c4f9c2812e83aecab56ae329fcb1149d169,d2486cf1fdf7bdb8e580e1e920522c530883a8da5246b52e2bdfa2a2d90b6cbd,b9685535e0d715ed9954ee60e7ab5fe88109a982718286ff18519e20e4dca459,0.8471877070838906,0.8471877070838906,fraction,2158,1877,1,original_probabilities_verified,0.8789469796703989,963,1195,0.8007383536861149,550,1608,0.8377280662979538,521,1637,0.8519236927914289,496,1662,0.8666014429735562,262,1896
resnet,43,I__snr_0__noise_505,I,,0.0,505.0,cd822e34dccfedb8239a18fa2bcd2a349ef0d5d6f9525490b122dbb2b12ce8bb,methodology_supplement/results/predictions/full/resnet/seed_43/standard__n505__independent_rms__snr0.npz,cd822e34dccfedb8239a18fa2bcd2a349ef0d5d6f9525490b122dbb2b12ce8bb,d2486cf1fdf7bdb8e580e1e920522c530883a8da5246b52e2bdfa2a2d90b6cbd,ce3dcc966a294de3f65ce5c8391a420750abbaa2fd697122f8d6836e7100a9aa,0.8457205057384728,0.8457205057384727,fraction,2158,1877,1,original_probabilities_verified,0.8773402503508475,963,1195,0.8156886024423338,550,1608,0.8318198286505557,521,1637,0.8438579635883701,496,1662,0.859895883660257,262,1896
resnet,43,I__snr_0__noise_8128,I,,0.0,8128.0,71536aa76d81831553b0b48c772a33366f4000008d5f22e77eafbaed8ac3988a,methodology_supplement/results/predictions/full/resnet/seed_43/standard__n8128__independent_rms__snr0.npz,71536aa76d81831553b0b48c772a33366f4000008d5f22e77eafbaed8ac3988a,d2486cf1fdf7bdb8e580e1e920522c530883a8da5246b52e2bdfa2a2d90b6cbd,25906cf56405bdae430b0cb33fc5c894b641d005d5e0638db02626962cf86f9b,0.8486673685377895,0.8486673685377895,fraction,2158,1877,1,original_probabilities_verified,0.8780667109842412,963,1195,0.8062833559475351,550,1608,0.8440548871642687,521,1637,0.8574577365009123,496,1662,0.8574741520919895,262,1896
resnet,43,I__snr_10__noise_101,I,,10.0,101.0,0d8e7888fa4b84c75a53521907c327d116451a540e9524c41abd0ff32e62ee18,methodology_supplement/results/predictions/full/resnet/seed_43/standard__n101__independent_rms__snr10.npz,0d8e7888fa4b84c75a53521907c327d116451a540e9524c41abd0ff32e62ee18,d2486cf1fdf7bdb8e580e1e920522c530883a8da5246b52e2bdfa2a2d90b6cbd,2e11974ad9bf84a2a653ea36780b96e915ea2f3150c9ce8d696e750a95c83949,0.9013155192475297,0.9013155192475296,fraction,2158,1877,1,original_probabilities_verified,0.9277571396916018,963,1195,0.8888772048846676,550,1608,0.9134599713675008,521,1637,0.8913595163231242,496,1662,0.885123763970754,262,1896
resnet,43,I__snr_10__noise_202,I,,10.0,202.0,385005bc46869d38c328302bd3f324d4358e79844d977761aa9ee6e7427fe574,methodology_supplement/results/predictions/full/resnet/seed_43/standard__n202__independent_rms__snr10.npz,385005bc46869d38c328302bd3f324d4358e79844d977761aa9ee6e7427fe574,d2486cf1fdf7bdb8e580e1e920522c530883a8da5246b52e2bdfa2a2d90b6cbd,fa03e8ff81a47d8c5aba08b3ed4465ae3a01e93831fe18abff00db5f891a5c45,0.901439785123513,0.901439785123513,fraction,2158,1877,1,original_probabilities_verified,0.9279022580238706,963,1195,0.8863025780189959,550,1608,0.9138433795260044,521,1637,0.8937189453049182,496,1662,0.8854317647437756,262,1896
resnet,43,I__snr_10__noise_303,I,,10.0,303.0,e7490b557d86d6933677e0dd7d645a71b51498b5d9805bee09445d2df6b481bd,methodology_supplement/results/predictions/full/resnet/seed_43/standard__n303__independent_rms__snr10.npz,e7490b557d86d6933677e0dd7d645a71b51498b5d9805bee09445d2df6b481bd,d2486cf1fdf7bdb8e580e1e920522c530883a8da5246b52e2bdfa2a2d90b6cbd,4cca537f5eea5b5d6ca82ef45d0358b7471452611b18e7bbe977f9002fd8514c,0.9019963758997008,0.9019963758997008,fraction,2158,1877,1,original_probabilities_verified,0.9268690502569985,963,1195,0.8879330619629127,550,1608,0.9165776542221211,521,1637,0.8931039167734172,496,1662,0.8854981962830547,262,1896
resnet,43,I__snr_10__noise_404,I,,10.0,404.0,16e04e5ccfaafcdb120725adcb4c6e057ae0d776a917e24265c172aec185a52d,methodology_supplement/results/predictions/full/resnet/seed_43/standard__n404__independent_rms__snr10.npz,16e04e5ccfaafcdb120725adcb4c6e057ae0d776a917e24265c172aec185a52d,d2486cf1fdf7bdb8e580e1e920522c530883a8da5246b52e2bdfa2a2d90b6cbd,dc05ef41e573ddcb91f35d3658be71e2bf841c76403c1d5b67bfc07df3cf6cf9,0.9010601804969948,0.9010601804969948,fraction,2158,1877,1,original_probabilities_verified,0.9282107431014481,963,1195,0.885274762550882,550,1608,0.9115546555951209,521,1637,0.8941908311012772,496,1662,0.886069910136245,262,1896
resnet,43,I__snr_10__noise_505,I,,10.0,505.0,e479b2cb7e5f51613b4373ceabccbd0ecdeb3dc00438b3cfe268e652f1df1c30,methodology_supplement/results/predictions/full/resnet/seed_43/standard__n505__independent_rms__snr10.npz,e479b2cb7e5f51613b4373ceabccbd0ecdeb3dc00438b3cfe268e652f1df1c30,d2486cf1fdf7bdb8e580e1e920522c530883a8da5246b52e2bdfa2a2d90b6cbd,40f2f74bd5618065dc046256d7aaf6013feb004c515e5cce69c08aa92797d386,0.9004262976763909,0.9004262976763909,fraction,2158,1877,1,original_probabilities_verified,0.9280030587816143,963,1195,0.8880597014925373,550,1608,0.9128666853485321,521,1637,0.892078262683902,496,1662,0.8811237800753696,262,1896
resnet,43,I__snr_10__noise_8128,I,,10.0,8128.0,872012ad81e0531cb4c48846e827b0dbf251de264a835f5ef9e05c3cd4b10f30,methodology_supplement/results/predictions/full/resnet/seed_43/standard__n8128__independent_rms__snr10.npz,872012ad81e0531cb4c48846e827b0dbf251de264a835f5ef9e05c3cd4b10f30,d2486cf1fdf7bdb8e580e1e920522c530883a8da5246b52e2bdfa2a2d90b6cbd,52a737fdeb584852a0d45c42729c1a3c8a4457e5b51ab403ca1fd00fd4b40bb9,0.9026925660376032,0.9026925660376032,fraction,2158,1877,1,original_probabilities_verified,0.9282203017939928,963,1195,0.8888839891451832,550,1608,0.9170818300880432,521,1637,0.8918459590078025,496,1662,0.8874307501529939,262,1896
resnet,43,I__snr_5__noise_101,I,,5.0,101.0,b7b6f9bd9e74f9b98860b6b58f8e042b887af93154823045ca9fa2cad5809198,methodology_supplement/results/predictions/full/resnet/seed_43/standard__n101__independent_rms__snr5.npz,b7b6f9bd9e74f9b98860b6b58f8e042b887af93154823045ca9fa2cad5809198,d2486cf1fdf7bdb8e580e1e920522c530883a8da5246b52e2bdfa2a2d90b6cbd,d49ac1d77ee75afd3789bb2ceff039ce8d719c2ca6f6a349c9c17f7098b08599,0.8886878009276575,0.8886878009276575,fraction,2158,1877,1,original_probabilities_verified,0.9153682051816804,963,1195,0.8738387607417458,550,1608,0.8935204021212907,521,1637,0.8864101742944761,496,1662,0.8743014622990949,262,1896
resnet,43,I__snr_5__noise_202,I,,5.0,202.0,3737b06853d1f5659a1e7508079507ae0a3bcef8126ea5f6962959fb200439ff,methodology_supplement/results/predictions/full/resnet/seed_43/standard__n202__independent_rms__snr5.npz,3737b06853d1f5659a1e7508079507ae0a3bcef8126ea5f6962959fb200439ff,d2486cf1fdf7bdb8e580e1e920522c530883a8da5246b52e2bdfa2a2d90b6cbd,0360ee49bce1989641f1db50607d38189be93cd3e3f0c15d2967aeceb8879683,0.8866877463103711,0.8866877463103711,fraction,2158,1877,1,original_probabilities_verified,0.9154681369673744,963,1195,0.8714179104477612,550,1608,0.8880506802270433,521,1637,0.8807863631070223,496,1662,0.8777156408026541,262,1896
resnet,43,I__snr_5__noise_303,I,,5.0,303.0,3b3dc9b20aeccd9c7b5ee6145a8df43531829952ebcdd682fa380658e2e9d0ef,methodology_supplement/results/predictions/full/resnet/seed_43/standard__n303__independent_rms__snr5.npz,3b3dc9b20aeccd9c7b5ee6145a8df43531829952ebcdd682fa380658e2e9d0ef,d2486cf1fdf7bdb8e580e1e920522c530883a8da5246b52e2bdfa2a2d90b6cbd,c20aab6721faa0e8591c24d76190edbb47049c50f9ed46c7a86ae50545ff5794,0.8888477776727859,0.8888477776727859,fraction,2158,1877,1,original_probabilities_verified,0.9143428181632538,963,1195,0.8715264586160109,550,1608,0.8981599925897873,521,1637,0.8838044912852762,496,1662,0.8764051277096016,262,1896
resnet,43,I__snr_5__noise_404,I,,5.0,404.0,6f3ec3c072bab0c8024484f31fef14d9335be0a2fc6cca831a8dd4f0fc69e53a,methodology_supplement/results/predictions/full/resnet/seed_43/standard__n404__independent_rms__snr5.npz,6f3ec3c072bab0c8024484f31fef14d9335be0a2fc6cca831a8dd4f0fc69e53a,d2486cf1fdf7bdb8e580e1e920522c530883a8da5246b52e2bdfa2a2d90b6cbd,39d832fbf0ea92025813b71fe99c3a23638662e68df3c98584f1e9933048a487,0.8873848929029519,0.8873848929029521,fraction,2158,1877,1,original_probabilities_verified,0.9164448615510282,963,1195,0.8666090004522841,550,1608,0.8897707406812472,521,1637,0.8832840825278522,496,1662,0.880815779302348,262,1896
resnet,43,I__snr_5__noise_505,I,,5.0,505.0,0926173af73c1f006a547d7476c264da0175edbb230bf82f30faa698b229ec82,methodology_supplement/results/predictions/full/resnet/seed_43/standard__n505__independent_rms__snr5.npz,0926173af73c1f006a547d7476c264da0175edbb230bf82f30faa698b229ec82,d2486cf1fdf7bdb8e580e1e920522c530883a8da5246b52e2bdfa2a2d90b6cbd,2e1ebb8fee3c5cfc3af7c2a5eede4bb35c6eed8e806f604d6181ebc212b9c620,0.886857421484714,0.886857421484714,fraction,2158,1877,1,original_probabilities_verified,0.9162328323709468,963,1195,0.8725486205336952,550,1608,0.8884634009358912,521,1637,0.8846008743837583,496,1662,0.8724413791992786,262,1896
resnet,43,I__snr_5__noise_8128,I,,5.0,8128.0,453ad163af54666c70ad8bbb00ccd989a2600a3f534b086601396f5ca3ab7fec,methodology_supplement/results/predictions/full/resnet/seed_43/standard__n8128__independent_rms__snr5.npz,453ad163af54666c70ad8bbb00ccd989a2600a3f534b086601396f5ca3ab7fec,d2486cf1fdf7bdb8e580e1e920522c530883a8da5246b52e2bdfa2a2d90b6cbd,9ac7f1df732224f4a0a2fc01ed414b32fdc10d4ec73eead7d7e5fff91a464581,0.8897407631804584,0.8897407631804585,fraction,2158,1877,1,original_probabilities_verified,0.9160529551566974,963,1195,0.8720239710538218,550,1608,0.8970074231102492,521,1637,0.8857890803928419,496,1662,0.8778303861886817,262,1896
resnet,43,S_00__snr_0__noise_101,S_00,S_00,0.0,101.0,16881a1f308e8c37c697a813df30e5b8d524781bb617bad8c7a54a81b2e64875,signed_control_mechanism/predictions/full/worker_resnet_1/seed_43/S_00__snr_0__noise_101.npz,16881a1f308e8c37c697a813df30e5b8d524781bb617bad8c7a54a81b2e64875,d2486cf1fdf7bdb8e580e1e920522c530883a8da5246b52e2bdfa2a2d90b6cbd,90d43cf6d4d340502be9500dc2ad9e31ae28d1b5f7ab521277522775383393d1,0.8509367543208791,0.8509367543208789,fraction,2158,1877,1,original_probabilities_verified,0.8845509804177148,963,1195,0.8169482134780642,550,1608,0.8418810684307351,521,1637,0.849140900974341,496,1662,0.8621626083035397,262,1896
resnet,43,S_00__snr_0__noise_202,S_00,S_00,0.0,202.0,f65865ea18b9cd47bd9303697765a01019c9c3269f264e2cd4b686100714fd1e,signed_control_mechanism/predictions/full/worker_resnet_0/seed_43/S_00__snr_0__noise_202.npz,f65865ea18b9cd47bd9303697765a01019c9c3269f264e2cd4b686100714fd1e,d2486cf1fdf7bdb8e580e1e920522c530883a8da5246b52e2bdfa2a2d90b6cbd,81b02d3e282ab4b3f42d5d0c575a4d09e2d59536d14c51a69cc095976009c5cf,0.853852860376138,0.8538528603761378,fraction,2158,1877,1,original_probabilities_verified,0.8887594120535113,963,1195,0.8135651289009498,550,1608,0.8511145217891912,521,1637,0.8514663638833896,496,1662,0.8643588752536477,262,1896
resnet,43,S_00__snr_0__noise_303,S_00,S_00,0.0,303.0,c1246266a31aace2f3a84a3daed0e80ac4de662f5a55af15d45e388337e002b7,signed_control_mechanism/predictions/full/worker_resnet_1/seed_43/S_00__snr_0__noise_303.npz,c1246266a31aace2f3a84a3daed0e80ac4de662f5a55af15d45e388337e002b7,d2486cf1fdf7bdb8e580e1e920522c530883a8da5246b52e2bdfa2a2d90b6cbd,fd433d20cb8bb5b1561e3cc2690233c19cb634445bd5684d427ed37b5f8dbf77,0.851698964252473,0.851698964252473,fraction,2158,1877,1,original_probabilities_verified,0.8842989785233558,963,1195,0.8165886476707372,550,1608,0.8459930329930342,521,1637,0.8547076976825434,496,1662,0.8569064643926949,262,1896
resnet,43,S_00__snr_0__noise_404,S_00,S_00,0.0,404.0,cc5e772f3419f30c79194a90755bdbad62dad65450cf8952e03808cd9371861b,signed_control_mechanism/predictions/full/worker_resnet_0/seed_43/S_00__snr_0__noise_404.npz,cc5e772f3419f30c79194a90755bdbad62dad65450cf8952e03808cd9371861b,d2486cf1fdf7bdb8e580e1e920522c530883a8da5246b52e2bdfa2a2d90b6cbd,4e528fa2a3e4d36f95fec6f366ca9be4a3dd927b1662cd5897a3fca3612237d3,0.8507534582724464,0.8507534582724462,fraction,2158,1877,1,original_probabilities_verified,0.8782882988568673,963,1195,0.8140219357756672,550,1608,0.8479253163117307,521,1637,0.8586131895112767,496,1662,0.8549185509066899,262,1896
resnet,43,S_00__snr_0__noise_505,S_00,S_00,0.0,505.0,4e74b9f9169b7ca61c50aef5ec5f8367f71e7e1bd6bcf755ba35168280a67841,signed_control_mechanism/predictions/full/worker_resnet_1/seed_43/S_00__snr_0__noise_505.npz,4e74b9f9169b7ca61c50aef5ec5f8367f71e7e1bd6bcf755ba35168280a67841,d2486cf1fdf7bdb8e580e1e920522c530883a8da5246b52e2bdfa2a2d90b6cbd,ae3e295190787e1bd5a143a7eaa8fdce8f11cd42d11a9a3791f5299eeff3701c,0.8535065774327226,0.8535065774327226,fraction,2158,1877,1,original_probabilities_verified,0.8833709163744748,963,1195,0.812893487109905,550,1608,0.8467774368402478,521,1637,0.8614426846783898,496,1662,0.8630483621605952,262,1896
resnet,43,S_00__snr_0__noise_8128,S_00,S_00,0.0,8128.0,431f553ecfcc6d0807468889f5086f3780cfb1adf00eba441ce9ad84ea183e89,signed_control_mechanism/predictions/full/worker_resnet_0/seed_43/S_00__snr_0__noise_8128.npz,431f553ecfcc6d0807468889f5086f3780cfb1adf00eba441ce9ad84ea183e89,d2486cf1fdf7bdb8e580e1e920522c530883a8da5246b52e2bdfa2a2d90b6cbd,d8002ce68750b6263e1550035c8d1e4ba6bdddad4553ab5abfdabf86d33d5832,0.851105423297853,0.851105423297853,fraction,2158,1877,1,original_probabilities_verified,0.8803607971949582,963,1195,0.8212782677521483,550,1608,0.8448029434490554,521,1637,0.8502642075229999,496,1662,0.8588209005701034,262,1896
resnet,43,S_00__snr_10__noise_101,S_00,S_00,10.0,101.0,d57b956680c237ae4696b677443ee0baedd0452b183acef8648a510bf7c56d27,signed_control_mechanism/predictions/full/worker_resnet_1/seed_43/S_00__snr_10__noise_101.npz,d57b956680c237ae4696b677443ee0baedd0452b183acef8648a510bf7c56d27,d2486cf1fdf7bdb8e580e1e920522c530883a8da5246b52e2bdfa2a2d90b6cbd,1e0ab9e2e03660c142635dabcd943b8accb16370cd1304748436cd25b62a2d97,0.9022528314709432,0.9022528314709428,fraction,2158,1877,1,original_probabilities_verified,0.9295941466042744,963,1195,0.8907960199004975,550,1608,0.9156396526111034,521,1637,0.8883632234773495,496,1662,0.8868711147614906,262,1896
resnet,43,S_00__snr_10__noise_202,S_00,S_00,10.0,202.0,8e5eff457ef024ee6eddc6b804272e228e253e7ffb77ab669d364bf127f4feeb,signed_control_mechanism/predictions/full/worker_resnet_0/seed_43/S_00__snr_10__noise_202.npz,8e5eff457ef024ee6eddc6b804272e228e253e7ffb77ab669d364bf127f4feeb,d2486cf1fdf7bdb8e580e1e920522c530883a8da5246b52e2bdfa2a2d90b6cbd,1c508f1f829a555e7dad3ef6924e632d193e7edd2c7b2b0ef24af52bf0a623d7,0.9021746075810994,0.9021746075810994,fraction,2158,1877,1,original_probabilities_verified,0.9310670542282008,963,1195,0.8863670284938941,550,1608,0.9175883509579927,521,1637,0.8913206979542719,496,1662,0.8845299062711373,262,1896
resnet,43,S_00__snr_10__noise_303,S_00,S_00,10.0,303.0,ac56f7173e866bf4a1627091c95a261ca149e5d517b8d8d69cee59dc3430de05,signed_control_mechanism/predictions/full/worker_resnet_1/seed_43/S_00__snr_10__noise_303.npz,ac56f7173e866bf4a1627091c95a261ca149e5d517b8d8d69cee59dc3430de05,d2486cf1fdf7bdb8e580e1e920522c530883a8da5246b52e2bdfa2a2d90b6cbd,32d2cb77e337cc06372802b06e82502191740ff0fe52846ac83b76663f759d6f,0.901147064785661,0.9011470647856608,fraction,2158,1877,1,original_probabilities_verified,0.9269116298874247,963,1195,0.8871460877431027,550,1608,0.9174499957203677,521,1637,0.8896272466130973,496,1662,0.8846003639643122,262,1896
resnet,43,S_00__snr_10__noise_404,S_00,S_00,10.0,404.0,fbb0178e634a7e691ff1a9796f9c79c5df9b43a550185a3730bd512fc4ebf6b1,signed_control_mechanism/predictions/full/worker_resnet_0/seed_43/S_00__snr_10__noise_404.npz,fbb0178e634a7e691ff1a9796f9c79c5df9b43a550185a3730bd512fc4ebf6b1,d2486cf1fdf7bdb8e580e1e920522c530883a8da5246b52e2bdfa2a2d90b6cbd,f54cf2b8ac4a90a307c2babe36bc41ebbd493435128ba08bec19126e2416f4eb,0.9008964503295006,0.9008964503295004,fraction,2158,1877,1,original_probabilities_verified,0.9270793414929809,963,1195,0.8853725689733153,550,1608,0.9158788430219129,521,1637,0.892567738053647,496,1662,0.8835837601056463,262,1896
resnet,43,S_00__snr_10__noise_505,S_00,S_00,10.0,505.0,209498e9e440f84005a11fa2a8f5e29170d882762c82f50ee83c1480cc48c94a,signed_control_mechanism/predictions/full/worker_resnet_1/seed_43/S_00__snr_10__noise_505.npz,209498e9e440f84005a11fa2a8f5e29170d882762c82f50ee83c1480cc48c94a,d2486cf1fdf7bdb8e580e1e920522c530883a8da5246b52e2bdfa2a2d90b6cbd,468ceab8b827fd18033d999ca7f1ddd04548469ccc7fc2bd33f352d264901b17,0.9009860948876092,0.9009860948876092,fraction,2158,1877,1,original_probabilities_verified,0.9278231815673649,963,1195,0.8876696065128901,550,1608,0.916295081236802,521,1637,0.8880490373044525,496,1662,0.8850935678165363,262,1896
resnet,43,S_00__snr_10__noise_8128,S_00,S_00,10.0,8128.0,5eeeb0b97e78429deb3b9ccf33e060569373aa9b66a514c6cf0b430e46913d81,signed_control_mechanism/predictions/full/worker_resnet_0/seed_43/S_00__snr_10__noise_8128.npz,5eeeb0b97e78429deb3b9ccf33e060569373aa9b66a514c6cf0b430e46913d81,d2486cf1fdf7bdb8e580e1e920522c530883a8da5246b52e2bdfa2a2d90b6cbd,0514b15f68c6d2343a1108522528aa747a7fe7b86ff953eb2caf2a94e7db56e1,0.9021969951421621,0.902196995142162,fraction,2158,1877,1,original_probabilities_verified,0.9275963798624417,963,1195,0.8898055178652193,550,1608,0.9180151416910058,521,1637,0.8920606731105158,496,1662,0.8835072631816279,262,1896
resnet,43,S_00__snr_5__noise_101,S_00,S_00,5.0,101.0,160e516562b9b152fb419508a206b15edf43e668c55342e5fa6ffefb2b828741,signed_control_mechanism/predictions/full/worker_resnet_1/seed_43/S_00__snr_5__noise_101.npz,160e516562b9b152fb419508a206b15edf43e668c55342e5fa6ffefb2b828741,d2486cf1fdf7bdb8e580e1e920522c530883a8da5246b52e2bdfa2a2d90b6cbd,220e36ea2d5ba55aec5527fcad1de662c00e615ace2c96f2dfaa1568f2e29239,0.8893499623432914,0.8893499623432914,fraction,2158,1877,1,original_probabilities_verified,0.9180854807805107,963,1195,0.8766632745364089,550,1608,0.8952545325996597,521,1637,0.8789000329956135,496,1662,0.8778464908042645,262,1896
resnet,43,S_00__snr_5__noise_202,S_00,S_00,5.0,202.0,d0cea3e3f068e0f48de053418a1a6cd1eb15766f9639f100ef119da353c1e9f1,signed_control_mechanism/predictions/full/worker_resnet_0/seed_43/S_00__snr_5__noise_202.npz,d0cea3e3f068e0f48de053418a1a6cd1eb15766f9639f100ef119da353c1e9f1,d2486cf1fdf7bdb8e580e1e920522c530883a8da5246b52e2bdfa2a2d90b6cbd,300a38d999658a54359a89a95def721048f44ce9a071c41982a765edaf761244,0.8905069406326447,0.8905069406326447,fraction,2158,1877,1,original_probabilities_verified,0.9219897721989773,963,1195,0.8686499321573948,550,1608,0.9002740137206185,521,1637,0.8831967411979349,496,1662,0.8784242438882984,262,1896
resnet,43,S_00__snr_5__noise_303,S_00,S_00,5.0,303.0,0270edad09db6451f5a4816e7754b7610c6126b32e75d522d03ad79ca8b451c4,signed_control_mechanism/predictions/full/worker_resnet_1/seed_43/S_00__snr_5__noise_303.npz,0270edad09db6451f5a4816e7754b7610c6126b32e75d522d03ad79ca8b451c4,d2486cf1fdf7bdb8e580e1e920522c530883a8da5246b52e2bdfa2a2d90b6cbd,e147144e3e36f1d2fe4bed6ecd3453f2e12e6d773039628d91467954594c7f71,0.8894974832767362,0.8894974832767361,fraction,2158,1877,1,original_probabilities_verified,0.9161094383399158,963,1195,0.873424920850294,550,1608,0.8981752351159663,521,1637,0.8834793874461395,496,1662,0.8762984346313654,262,1896
resnet,43,S_00__snr_5__noise_404,S_00,S_00,5.0,404.0,ac00e6c9beb6c5eebabd7e82b7aa6b4bb85a4f91f15b21a9fe0e05e9d1d1b9bc,signed_control_mechanism/predictions/full/worker_resnet_0/seed_43/S_00__snr_5__noise_404.npz,ac00e6c9beb6c5eebabd7e82b7aa6b4bb85a4f91f15b21a9fe0e05e9d1d1b9bc,d2486cf1fdf7bdb8e580e1e920522c530883a8da5246b52e2bdfa2a2d90b6cbd,78a0e2024de79f2beb09d640b89f830d106d9956efbd4da8ed41f768e4d13595,0.8875172534838717,0.8875172534838718,fraction,2158,1877,1,original_probabilities_verified,0.9152743562003328,963,1195,0.8704568068747173,550,1608,0.8928673184996195,521,1637,0.8838287527658087,496,1662,0.8751590330788804,262,1896
resnet,43,S_00__snr_5__noise_505,S_00,S_00,5.0,505.0,478133125d8164923cd8a238091d40d13916cfb72c96b00f7244de086b8bea31,signed_control_mechanism/predictions/full/worker_resnet_1/seed_43/S_00__snr_5__noise_505.npz,478133125d8164923cd8a238091d40d13916cfb72c96b00f7244de086b8bea31,d2486cf1fdf7bdb8e580e1e920522c530883a8da5246b52e2bdfa2a2d90b6cbd,303de8547e643e7b4aedd29e9198bfcef464370d9f3ec4890f797f4dfc6c629e,0.8888376016760118,0.888837601676012,fraction,2158,1877,1,original_probabilities_verified,0.9183861451096426,963,1195,0.8702758932609679,550,1608,0.896616979939663,521,1637,0.8814268661930825,496,1662,0.8774821238767031,262,1896
resnet,43,S_00__snr_5__noise_8128,S_00,S_00,5.0,8128.0,fcd7616303b04ec710fd4f27a607c79ec57ad3b6c641cd3db0f8cad6769f35b6,signed_control_mechanism/predictions/full/worker_resnet_0/seed_43/S_00__snr_5__noise_8128.npz,fcd7616303b04ec710fd4f27a607c79ec57ad3b6c641cd3db0f8cad6769f35b6,d2486cf1fdf7bdb8e580e1e920522c530883a8da5246b52e2bdfa2a2d90b6cbd,ee82eeee14bc94ae2d245352f6a09c5cd4f491fd0d22f6a36c057227de67b495,0.8886525874248576,0.8886525874248576,fraction,2158,1877,1,original_probabilities_verified,0.9148702841973088,963,1195,0.8747648123021258,550,1608,0.897146950849888,521,1637,0.8815372559295058,496,1662,0.8749436338454601,262,1896
resnet,43,S_01__snr_0__noise_101,S_01,S_01,0.0,101.0,6f3962d16e051de42917ab36f423749600af6d229306565729324cf3f7e19ec0,signed_control_mechanism/predictions/full/worker_resnet_0/seed_43/S_01__snr_0__noise_101.npz,6f3962d16e051de42917ab36f423749600af6d229306565729324cf3f7e19ec0,d2486cf1fdf7bdb8e580e1e920522c530883a8da5246b52e2bdfa2a2d90b6cbd,4ad0282d0762b557311cf9f985d2c81a54b7c9fafba60fbe893e56e380fd3455,0.8297901078989366,0.8297901078989366,fraction,2158,1877,1,original_probabilities_verified,0.8605547517564097,963,1195,0.7881727725011307,550,1608,0.8148912445757126,521,1637,0.8320850801599317,496,1662,0.8532466905014977,262,1896
resnet,43,S_01__snr_0__noise_202,S_01,S_01,0.0,202.0,a66a23f56b3df41c4acb41767abb5a4ac516f585b345401ad74117907c57b278,signed_control_mechanism/predictions/full/worker_resnet_1/seed_43/S_01__snr_0__noise_202.npz,a66a23f56b3df41c4acb41767abb5a4ac516f585b345401ad74117907c57b278,d2486cf1fdf7bdb8e580e1e920522c530883a8da5246b52e2bdfa2a2d90b6cbd,d1627539fea69ee46eed5057e4180b83b2c1e03f2ce562dfa1d490115aa55b1b,0.8313055565141312,0.8313055565141312,fraction,2158,1877,1,original_probabilities_verified,0.8574581698579665,963,1195,0.7710775667118951,550,1608,0.8239851701945298,521,1637,0.8467038352548426,496,1662,0.857303040551422,262,1896
resnet,43,S_01__snr_0__noise_303,S_01,S_01,0.0,303.0,8bc1c77a26840502d11d747d1bf7c812930a73500d061d553627aa8dc336b802,signed_control_mechanism/predictions/full/worker_resnet_0/seed_43/S_01__snr_0__noise_303.npz,8bc1c77a26840502d11d747d1bf7c812930a73500d061d553627aa8dc336b802,d2486cf1fdf7bdb8e580e1e920522c530883a8da5246b52e2bdfa2a2d90b6cbd,2256b4467948b0a0b9b63b5dd0f3c021dcd8f62f254d5f2cda5b979325a9d4c5,0.831028868600136,0.8310288686001359,fraction,2158,1877,1,original_probabilities_verified,0.8581220645037952,963,1195,0.783306196291271,550,1608,0.8103255217340836,521,1637,0.8537311730911067,496,1662,0.8496593873804232,262,1896
resnet,43,S_01__snr_0__noise_404,S_01,S_01,0.0,404.0,cfbf5fa5932dc8fc0e0ee29af8fcd48afdf0e60f485e45a140cab98a2ebe157d,signed_control_mechanism/predictions/full/worker_resnet_1/seed_43/S_01__snr_0__noise_404.npz,cfbf5fa5932dc8fc0e0ee29af8fcd48afdf0e60f485e45a140cab98a2ebe157d,d2486cf1fdf7bdb8e580e1e920522c530883a8da5246b52e2bdfa2a2d90b6cbd,2d5b4a43a7cfe3291eec467be6e7752537981af714ac9e44c49310918e3495d4,0.8307595260615065,0.8307595260615065,fraction,2158,1877,1,original_probabilities_verified,0.8543272635635675,963,1195,0.7729002713704206,550,1608,0.8198861031543822,521,1637,0.8520583440083848,496,1662,0.8546256482107772,262,1896
resnet,43,S_01__snr_0__noise_505,S_01,S_01,0.0,505.0,9cc938385e492f8cdfc31765d33ce35678b23f8a1fedd426fb9c0822ccff795d,signed_control_mechanism/predictions/full/worker_resnet_0/seed_43/S_01__snr_0__noise_505.npz,9cc938385e492f8cdfc31765d33ce35678b23f8a1fedd426fb9c0822ccff795d,d2486cf1fdf7bdb8e580e1e920522c530883a8da5246b52e2bdfa2a2d90b6cbd,9e9bdcb7613e1993e72746811d7aa1b1523c3c62f5413b995d7fe4a09c4607b9,0.8346252469049862,0.8346252469049862,fraction,2158,1877,1,original_probabilities_verified,0.8630699913537281,963,1195,0.7879833785617367,550,1608,0.8223624274074691,521,1637,0.8454592213035208,496,1662,0.8542512158984765,262,1896
resnet,43,S_01__snr_0__noise_8128,S_01,S_01,0.0,8128.0,ac84439fce032022c6cfd36e234fb6262287f5d068ce56c487cf27e78991dfc0,signed_control_mechanism/predictions/full/worker_resnet_1/seed_43/S_01__snr_0__noise_8128.npz,ac84439fce032022c6cfd36e234fb6262287f5d068ce56c487cf27e78991dfc0,d2486cf1fdf7bdb8e580e1e920522c530883a8da5246b52e2bdfa2a2d90b6cbd,c9f7302b910ac1c991a30860748f9e5442d831a3241db514a8c540df070993c3,0.8313742912960013,0.8313742912960013,fraction,2158,1877,1,original_probabilities_verified,0.8610409416181128,963,1195,0.779880144730891,550,1608,0.8171365859320864,521,1637,0.8486289837351034,496,1662,0.850184800463813,262,1896
resnet,43,S_01__snr_10__noise_101,S_01,S_01,10.0,101.0,6b043caf0303602caf1b47ba13002f1ed45d152d2375d93b64446b670184011b,signed_control_mechanism/predictions/full/worker_resnet_0/seed_43/S_01__snr_10__noise_101.npz,6b043caf0303602caf1b47ba13002f1ed45d152d2375d93b64446b670184011b,d2486cf1fdf7bdb8e580e1e920522c530883a8da5246b52e2bdfa2a2d90b6cbd,4926751af214d4c594111dbc9b3ca31106410c9e87a8860c952ce89c1284c727,0.899992344730076,0.899992344730076,fraction,2158,1877,1,original_probabilities_verified,0.9276554699618087,963,1195,0.8874423337856173,550,1608,0.9121467691120759,521,1637,0.8876074783587594,496,1662,0.885109672432119,262,1896
resnet,43,S_01__snr_10__noise_202,S_01,S_01,10.0,202.0,d89211e90b714fe90c9aa8d1a254a6542f6314d420374ef2ac259c99a9437265,signed_control_mechanism/predictions/full/worker_resnet_1/seed_43/S_01__snr_10__noise_202.npz,d89211e90b714fe90c9aa8d1a254a6542f6314d420374ef2ac259c99a9437265,d2486cf1fdf7bdb8e580e1e920522c530883a8da5246b52e2bdfa2a2d90b6cbd,9b191fd1cbe456a82e5ec5a8d2bd63ec53f53b01808440e198afe027638c2276,0.900061230724839,0.900061230724839,fraction,2158,1877,1,original_probabilities_verified,0.9279830724244754,963,1195,0.8825090456806874,550,1608,0.913598326605126,521,1637,0.8906510810915725,496,1662,0.8855646278223339,262,1896
resnet,43,S_01__snr_10__noise_303,S_01,S_01,10.0,303.0,036de204264eb79771fcb5560283a5eb6a450d31c7c521a165d14f9aebfb7fae,signed_control_mechanism/predictions/full/worker_resnet_0/seed_43/S_01__snr_10__noise_303.npz,036de204264eb79771fcb5560283a5eb6a450d31c7c521a165d14f9aebfb7fae,d2486cf1fdf7bdb8e580e1e920522c530883a8da5246b52e2bdfa2a2d90b6cbd,edaadb28b498808962a53be9623f8e5c2795aea0e86472072f57cd892a52d7d7,0.9007959956628202,0.9007959956628202,fraction,2158,1877,1,original_probabilities_verified,0.9270776035488818,963,1195,0.88777250113071,550,1608,0.9124211345832987,521,1637,0.8921989635495516,496,1662,0.8845097755016588,262,1896
resnet,43,S_01__snr_10__noise_404,S_01,S_01,10.0,404.0,064086017c033deceb23982a259100e159744075cbe1038724e087cd7d1f6ec6,signed_control_mechanism/predictions/full/worker_resnet_1/seed_43/S_01__snr_10__noise_404.npz,064086017c033deceb23982a259100e159744075cbe1038724e087cd7d1f6ec6,d2486cf1fdf7bdb8e580e1e920522c530883a8da5246b52e2bdfa2a2d90b6cbd,4eae76946baf0502be04955e4c5aedfb3e37285a5ed019bea2953adb5dbe910a,0.8987794254012998,0.8987794254012998,fraction,2158,1877,1,original_probabilities_verified,0.9252962108473781,963,1195,0.8815355042966984,550,1608,0.9128326827901327,521,1637,0.8902544058848647,496,1662,0.8839783231874255,262,1896
resnet,43,S_01__snr_10__noise_505,S_01,S_01,10.0,505.0,ed4cabb19eb38c5ecc73fe900153d7f6c3b9226273c5d80946f750fa02b3d455,signed_control_mechanism/predictions/full/worker_resnet_0/seed_43/S_01__snr_10__noise_505.npz,ed4cabb19eb38c5ecc73fe900153d7f6c3b9226273c5d80946f750fa02b3d455,d2486cf1fdf7bdb8e580e1e920522c530883a8da5246b52e2bdfa2a2d90b6cbd,2d7b7ba68cae4eb9381eed213e99f6bc440fb88ec2e0858473e20608d82942e2,0.8993571883582284,0.8993571883582284,fraction,2158,1877,1,original_probabilities_verified,0.9281212389803482,963,1195,0.8850746268656716,550,1608,0.9118970261831425,521,1637,0.8864283704048755,496,1662,0.8852646793571037,262,1896
resnet,43,S_01__snr_10__noise_8128,S_01,S_01,10.0,8128.0,32d8bb6b35f6840299a697f964d1d56cd7abbbd19682672c6c6aafcacc093a4b,signed_control_mechanism/predictions/full/worker_resnet_1/seed_43/S_01__snr_10__noise_8128.npz,32d8bb6b35f6840299a697f964d1d56cd7abbbd19682672c6c6aafcacc093a4b,d2486cf1fdf7bdb8e580e1e920522c530883a8da5246b52e2bdfa2a2d90b6cbd,402be9df9cfd80331295032ec9882faa5a4d9c573d9dc0d626c6635b03e3aa77,0.899407491671987,0.8994074916719871,fraction,2158,1877,1,original_probabilities_verified,0.9265362339620347,963,1195,0.887038670284939,550,1608,0.9125770773511304,521,1637,0.8860717266410465,496,1662,0.8848137501207847,262,1896
resnet,43,S_01__snr_5__noise_101,S_01,S_01,5.0,101.0,c176ac7518594a5cf61dd318cb53ca31ec900beca91f13c1939b8d3e6d5e7dcc,signed_control_mechanism/predictions/full/worker_resnet_0/seed_43/S_01__snr_5__noise_101.npz,c176ac7518594a5cf61dd318cb53ca31ec900beca91f13c1939b8d3e6d5e7dcc,d2486cf1fdf7bdb8e580e1e920522c530883a8da5246b52e2bdfa2a2d90b6cbd,1c617233abf5903b44e133e3f2b7a1b85de584c237de5867e6895bd3d9a3b9e4,0.8816600676133902,0.8816600676133902,fraction,2158,1877,1,original_probabilities_verified,0.9113648509495692,963,1195,0.8723077792853913,550,1608,0.8798079910702247,521,1637,0.872797057567641,496,1662,0.872022659194125,262,1896
resnet,43,S_01__snr_5__noise_202,S_01,S_01,5.0,202.0,1baecc725069e9bd9ecff6d7bb252f16c40feca65c27f7246a25bd4b5bb9c65c,signed_control_mechanism/predictions/full/worker_resnet_1/seed_43/S_01__snr_5__noise_202.npz,1baecc725069e9bd9ecff6d7bb252f16c40feca65c27f7246a25bd4b5bb9c65c,d2486cf1fdf7bdb8e580e1e920522c530883a8da5246b52e2bdfa2a2d90b6cbd,509d4e518a0012a3599f0a8cbd666ee1194f5301d8354d17322bac2e678bf9b4,0.8828523676168473,0.8828523676168473,fraction,2158,1877,1,original_probabilities_verified,0.9133382864740156,963,1195,0.8599491180461329,550,1608,0.8848755447737482,521,1637,0.8780994041380381,496,1662,0.8779994846523014,262,1896
resnet,43,S_01__snr_5__noise_303,S_01,S_01,5.0,303.0,fcbbfcda8a6049dd3261ee4d615c15b1c5b75d9b5882b273f155120a204b60ef,signed_control_mechanism/predictions/full/worker_resnet_0/seed_43/S_01__snr_5__noise_303.npz,fcbbfcda8a6049dd3261ee4d615c15b1c5b75d9b5882b273f155120a204b60ef,d2486cf1fdf7bdb8e580e1e920522c530883a8da5246b52e2bdfa2a2d90b6cbd,1f461dbce7e4c31e81a00c82c25f68f351cf5f6dacf7801ac90d55c962967b88,0.884086644642237,0.884086644642237,fraction,2158,1877,1,original_probabilities_verified,0.9118688547382874,963,1195,0.8667181139755766,550,1608,0.8820228473742404,521,1637,0.882659349404138,496,1662,0.8771640577189422,262,1896
resnet,43,S_01__snr_5__noise_404,S_01,S_01,5.0,404.0,d277fb0d38b197312b55cedb1fe975f1e32cbcded623796bea3451be3bd64f72,signed_control_mechanism/predictions/full/worker_resnet_1/seed_43/S_01__snr_5__noise_404.npz,d277fb0d38b197312b55cedb1fe975f1e32cbcded623796bea3451be3bd64f72,d2486cf1fdf7bdb8e580e1e920522c530883a8da5246b52e2bdfa2a2d90b6cbd,0f955d1c29033c13bab02979d821278e726d5ed1824e71c3fc721227ab2cde9c,0.8801593513646775,0.8801593513646775,fraction,2158,1877,1,original_probabilities_verified,0.9080236534191878,963,1195,0.8563839891451832,550,1608,0.8840418958419561,521,1637,0.8791972361321377,496,1662,0.8731499822849229,262,1896
resnet,43,S_01__snr_5__noise_505,S_01,S_01,5.0,505.0,4bff7927e21f0d2162863be0057d621c08557f38f09b1c865d5298c94aca4270,signed_control_mechanism/predictions/full/worker_resnet_0/seed_43/S_01__snr_5__noise_505.npz,4bff7927e21f0d2162863be0057d621c08557f38f09b1c865d5298c94aca4270,d2486cf1fdf7bdb8e580e1e920522c530883a8da5246b52e2bdfa2a2d90b6cbd,d51966812cfc3558a6b4d64d10ddd6926599f88406de66a8154101a8aa4a61cf,0.88284318081446,0.88284318081446,fraction,2158,1877,1,original_probabilities_verified,0.9153065081661649,963,1195,0.8661182722749887,550,1608,0.8831625193316269,521,1637,0.8767322697100268,496,1662,0.8728963345894933,262,1896
resnet,43,S_01__snr_5__noise_8128,S_01,S_01,5.0,8128.0,0af48c60a55c821093f5a63c87e271be400f5f2c26d90361e4f2fa049507a264,signed_control_mechanism/predictions/full/worker_resnet_1/seed_43/S_01__snr_5__noise_8128.npz,0af48c60a55c821093f5a63c87e271be400f5f2c26d90361e4f2fa049507a264,d2486cf1fdf7bdb8e580e1e920522c530883a8da5246b52e2bdfa2a2d90b6cbd,c8272954b33e2dff3b78c62ffddebcaf5084cec56ceb3573f8807c84573c59f8,0.8821183883391527,0.8821183883391527,fraction,2158,1877,1,original_probabilities_verified,0.9123693826388074,963,1195,0.8677645861601085,550,1608,0.883877745560028,521,1637,0.8741690442917589,496,1662,0.8724111830450607,262,1896
resnet,43,S_02__snr_0__noise_101,S_02,S_02,0.0,101.0,0ed3710ab52aa8cc9b7bc569f33c932a5e5cc7b308395186f4460980fa2102b1,signed_control_mechanism/predictions/full/worker_resnet_1/seed_43/S_02__snr_0__noise_101.npz,0ed3710ab52aa8cc9b7bc569f33c932a5e5cc7b308395186f4460980fa2102b1,d2486cf1fdf7bdb8e580e1e920522c530883a8da5246b52e2bdfa2a2d90b6cbd,43fe10a8d4abf5de6f97fb7e442444f1db4ec8dd1407c90028db84ef687c59ac,0.8345705532854687,0.8345705532854686,fraction,2158,1877,1,original_probabilities_verified,0.8597426973761388,963,1195,0.7788647670737223,550,1608,0.8309967322368876,521,1637,0.8444196168626994,496,1662,0.8588289528778948,262,1896
resnet,43,S_02__snr_0__noise_202,S_02,S_02,0.0,202.0,8ae8eb0704bdd4e8c35953f4107885001c5f50627986f860484221645e62e6a2,signed_control_mechanism/predictions/full/worker_resnet_0/seed_43/S_02__snr_0__noise_202.npz,8ae8eb0704bdd4e8c35953f4107885001c5f50627986f860484221645e62e6a2,d2486cf1fdf7bdb8e580e1e920522c530883a8da5246b52e2bdfa2a2d90b6cbd,76117846ba6cc9a42740cd9c8c39cd3963a887d4f40cde7507fed6ea27b99d6a,0.8316122476646599,0.8316122476646599,fraction,2158,1877,1,original_probabilities_verified,0.8616309736397328,963,1195,0.7820137946630484,550,1608,0.8140353181056589,521,1637,0.8463835837118124,496,1662,0.853997568203047,262,1896
resnet,43,S_02__snr_0__noise_303,S_02,S_02,0.0,303.0,10331da1d298b686c31dbea91fe6da05faa7fdfa39cf017febd5a42f7e4775b0,signed_control_mechanism/predictions/full/worker_resnet_1/seed_43/S_02__snr_0__noise_303.npz,10331da1d298b686c31dbea91fe6da05faa7fdfa39cf017febd5a42f7e4775b0,d2486cf1fdf7bdb8e580e1e920522c530883a8da5246b52e2bdfa2a2d90b6cbd,0c1475cb9bdf7baa725feb40b8e11bbbced799a3087f760fb161e6eeaac10d2f,0.8320224695174234,0.8320224695174236,fraction,2158,1877,1,original_probabilities_verified,0.8607663464504665,963,1195,0.7707270465852556,550,1608,0.829368126939758,521,1637,0.84624771942083,496,1662,0.8530031081908075,262,1896
resnet,43,S_02__snr_0__noise_404,S_02,S_02,0.0,404.0,1b61a3082bac0f9d18fb7f5105d2ce9844a101320d362228448cd213d04a8a8f,signed_control_mechanism/predictions/full/worker_resnet_0/seed_43/S_02__snr_0__noise_404.npz,1b61a3082bac0f9d18fb7f5105d2ce9844a101320d362228448cd213d04a8a8f,d2486cf1fdf7bdb8e580e1e920522c530883a8da5246b52e2bdfa2a2d90b6cbd,ec7a37a084c48127dd766ab0f2a5514c03bac4e7add5633ae53fb080ee3df161,0.8354927307841271,0.8354927307841271,fraction,2158,1877,1,original_probabilities_verified,0.8615831801770096,963,1195,0.7775887607417458,550,1608,0.8239464776280754,521,1637,0.8584755056092543,496,1662,0.8558697297645506,262,1896
resnet,43,S_02__snr_0__noise_505,S_02,S_02,0.0,505.0,2ca02f56fe58a9a6028040d415390bf552de86453f3c0c4577b9512cee06b88d,signed_control_mechanism/predictions/full/worker_resnet_1/seed_43/S_02__snr_0__noise_505.npz,2ca02f56fe58a9a6028040d415390bf552de86453f3c0c4577b9512cee06b88d,d2486cf1fdf7bdb8e580e1e920522c530883a8da5246b52e2bdfa2a2d90b6cbd,e893cadcb9ef1d532d7ad12fb1f73c51d8d4d761210526a198057c5f8f1537b2,0.8332799172490407,0.8332799172490407,fraction,2158,1877,1,original_probabilities_verified,0.861328571366502,963,1195,0.7761962912709182,550,1608,0.8231304162264899,521,1637,0.8470180214277396,496,1662,0.8587262859535543,262,1896
resnet,43,S_02__snr_0__noise_8128,S_02,S_02,0.0,8128.0,0d68a6179813a2253c0df92cac2aec149838b5e29015e17236ef20c0f86eb52d,signed_control_mechanism/predictions/full/worker_resnet_0/seed_43/S_02__snr_0__noise_8128.npz,0d68a6179813a2253c0df92cac2aec149838b5e29015e17236ef20c0f86eb52d,d2486cf1fdf7bdb8e580e1e920522c530883a8da5246b52e2bdfa2a2d90b6cbd,52a6eda45b5f7e5522b1c14e8947c74c778cc70bfe9dbe5e13fac08a229dbb73,0.8354978780495312,0.8354978780495312,fraction,2158,1877,1,original_probabilities_verified,0.8628536173133992,963,1195,0.7781241519674356,550,1608,0.8280338196480852,521,1637,0.8511606692286791,496,1662,0.857317132090057,262,1896
resnet,43,S_02__snr_10__noise_101,S_02,S_02,10.0,101.0,2243d3b88a5d3a98b6596c30aaae32d430ebce67f8323fb443c893cbd62594bd,signed_control_mechanism/predictions/full/worker_resnet_1/seed_43/S_02__snr_10__noise_101.npz,2243d3b88a5d3a98b6596c30aaae32d430ebce67f8323fb443c893cbd62594bd,d2486cf1fdf7bdb8e580e1e920522c530883a8da5246b52e2bdfa2a2d90b6cbd,36c34a1ba1934e75fa8357ec990de058c96a068537c7fa2f85da633d5a30bb2d,0.8999026778132994,0.8999026778132995,fraction,2158,1877,1,original_probabilities_verified,0.9267682494992548,963,1195,0.8872557666214382,550,1608,0.914261962744921,521,1637,0.8888072085710959,496,1662,0.8824202016297871,262,1896
resnet,43,S_02__snr_10__noise_202,S_02,S_02,10.0,202.0,a310a28489687241fd1778bb58fd391724f73a1160dfad572aacc6f73ac42aae,signed_control_mechanism/predictions/full/worker_resnet_0/seed_43/S_02__snr_10__noise_202.npz,a310a28489687241fd1778bb58fd391724f73a1160dfad572aacc6f73ac42aae,d2486cf1fdf7bdb8e580e1e920522c530883a8da5246b52e2bdfa2a2d90b6cbd,b26ee9f20081294900731a98eca14a4ec79545ff231170e7acdc02e288f267ff,0.900034429864162,0.900034429864162,fraction,2158,1877,1,original_probabilities_verified,0.9262981356204678,963,1195,0.8873439620081411,550,1608,0.9146524059155071,521,1637,0.8871283141182408,496,1662,0.8847493316584533,262,1896
resnet,43,S_02__snr_10__noise_303,S_02,S_02,10.0,303.0,09d1495c1c673e081488b639d2709fe30bd5991a903234355400313207c824b5,signed_control_mechanism/predictions/full/worker_resnet_1/seed_43/S_02__snr_10__noise_303.npz,09d1495c1c673e081488b639d2709fe30bd5991a903234355400313207c824b5,d2486cf1fdf7bdb8e580e1e920522c530883a8da5246b52e2bdfa2a2d90b6cbd,69d8ae0b5c6616b73e46010978a46507e46453b77bfc0a3175a19b9d697a4718,0.9004802342912249,0.9004802342912249,fraction,2158,1877,1,original_probabilities_verified,0.9270584861637925,963,1195,0.8858966530981456,550,1608,0.9136065341192223,521,1637,0.8916397364232755,496,1662,0.8841997616516893,262,1896
resnet,43,S_02__snr_10__noise_404,S_02,S_02,10.0,404.0,43ac9852e565fa2a065c5e0a08811246464949f73a6c156236293cb9733d8210,signed_control_mechanism/predictions/full/worker_resnet_0/seed_43/S_02__snr_10__noise_404.npz,43ac9852e565fa2a065c5e0a08811246464949f73a6c156236293cb9733d8210,d2486cf1fdf7bdb8e580e1e920522c530883a8da5246b52e2bdfa2a2d90b6cbd,814784add824dc063c5ae725fa8b1f0f6121c13f435c2b7d7b621d4688c1b4dc,0.899250784725656,0.8992507847256561,fraction,2158,1877,1,original_probabilities_verified,0.9260070299838805,963,1195,0.8838059701492538,550,1608,0.9111560049104385,521,1637,0.8920655254066224,496,1662,0.8832193931780848,262,1896
resnet,43,S_02__snr_10__noise_505,S_02,S_02,10.0,505.0,e94b53972ec7766fac58421499c08d9574fdfb429892386241df7b5ea9f6c93b,signed_control_mechanism/predictions/full/worker_resnet_1/seed_43/S_02__snr_10__noise_505.npz,e94b53972ec7766fac58421499c08d9574fdfb429892386241df7b5ea9f6c93b,d2486cf1fdf7bdb8e580e1e920522c530883a8da5246b52e2bdfa2a2d90b6cbd,be8363f604ea449b6309f62210e4ccce7ec50b09759217cb92656c1da2f7fa67,0.8999460821674703,0.8999460821674703,fraction,2158,1877,1,original_probabilities_verified,0.9250242225958802,963,1195,0.8869222071460877,550,1608,0.9146418533973832,521,1637,0.8901804083692403,496,1662,0.8829617193287597,262,1896
resnet,43,S_02__snr_10__noise_8128,S_02,S_02,10.0,8128.0,a9e909b276026bbeb5fd5cc076e72155a79f0279791c5264c61df0a159efb9d7,signed_control_mechanism/predictions/full/worker_resnet_0/seed_43/S_02__snr_10__noise_8128.npz,a9e909b276026bbeb5fd5cc076e72155a79f0279791c5264c61df0a159efb9d7,d2486cf1fdf7bdb8e580e1e920522c530883a8da5246b52e2bdfa2a2d90b6cbd,077d82d74a2250790753afbb110d0d88cd42dfb2963cd8740a8e833ba9a83058,0.9007871164401399,0.90078711644014,fraction,2158,1877,1,original_probabilities_verified,0.9270132996172178,963,1195,0.8866395296246042,550,1608,0.9153922546861974,521,1637,0.8899499243041807,496,1662,0.8849405739684993,262,1896
resnet,43,S_02__snr_5__noise_101,S_02,S_02,5.0,101.0,f62d64bb8e0ab9a12a11966c59f5444399607dc746de7193d8fa70b0284081b6,signed_control_mechanism/predictions/full/worker_resnet_1/seed_43/S_02__snr_5__noise_101.npz,f62d64bb8e0ab9a12a11966c59f5444399607dc746de7193d8fa70b0284081b6,d2486cf1fdf7bdb8e580e1e920522c530883a8da5246b52e2bdfa2a2d90b6cbd,7266ec7b8bf2df1245bc226e6bbb923f158c90a0444d4c318ec7d156ed85c9fe,0.8855794842847166,0.8855794842847166,fraction,2158,1877,1,original_probabilities_verified,0.9137849381074657,963,1195,0.8686171415649028,550,1608,0.888180827950572,521,1637,0.8801846783898141,496,1662,0.8771298354108288,262,1896
resnet,43,S_02__snr_5__noise_202,S_02,S_02,5.0,202.0,ba4ed90368d86c808cc86ff0e834563135dc75dc0c9d7ac8a64b21f512317894,signed_control_mechanism/predictions/full/worker_resnet_0/seed_43/S_02__snr_5__noise_202.npz,ba4ed90368d86c808cc86ff0e834563135dc75dc0c9d7ac8a64b21f512317894,d2486cf1fdf7bdb8e580e1e920522c530883a8da5246b52e2bdfa2a2d90b6cbd,1f9b02f54ce7e10b5a3c237f148e53cb639ec168b934291cf5ce5cad7d3e210d,0.8822159473118332,0.8822159473118332,fraction,2158,1877,1,original_probabilities_verified,0.9114282859091837,963,1195,0.8628233830845771,550,1608,0.8843268138313027,521,1637,0.8779441306626296,496,1662,0.8745571230714723,262,1896
resnet,43,S_02__snr_5__noise_303,S_02,S_02,5.0,303.0,38ca1814fdc1e8b2ccbe6a36a3f840a318923b927b4af33e93d01a8b28815c3a,signed_control_mechanism/predictions/full/worker_resnet_1/seed_43/S_02__snr_5__noise_303.npz,38ca1814fdc1e8b2ccbe6a36a3f840a318923b927b4af33e93d01a8b28815c3a,d2486cf1fdf7bdb8e580e1e920522c530883a8da5246b52e2bdfa2a2d90b6cbd,a3a0c777961f499829583e321fcd72f385f4cf92d7a88475e07ef9404d909853,0.8836035503740529,0.8836035503740529,fraction,2158,1877,1,original_probabilities_verified,0.9130141598995468,963,1195,0.8638681592039801,550,1608,0.8883238731962522,521,1637,0.879039536508676,496,1662,0.8737720230618096,262,1896
resnet,43,S_02__snr_5__noise_404,S_02,S_02,5.0,404.0,069b3a3643f07ed1ea181a20775685be25d1cc2ef7b93407d4db8da1bec735fd,signed_control_mechanism/predictions/full/worker_resnet_0/seed_43/S_02__snr_5__noise_404.npz,069b3a3643f07ed1ea181a20775685be25d1cc2ef7b93407d4db8da1bec735fd,d2486cf1fdf7bdb8e580e1e920522c530883a8da5246b52e2bdfa2a2d90b6cbd,c9d6e1825384c46170a23b413439af7007cda46306d9ab8f56864ec287a75338,0.8827476655633177,0.8827476655633177,fraction,2158,1877,1,original_probabilities_verified,0.9123754654431541,963,1195,0.8631840796019901,550,1608,0.8822315527326918,521,1637,0.8827066592911765,496,1662,0.8732405707475762,262,1896
resnet,43,S_02__snr_5__noise_505,S_02,S_02,5.0,505.0,c6f7a7630688153b112a6a23515832c9db41ea9bbb6c0e2f9ce7379164865363,signed_control_mechanism/predictions/full/worker_resnet_1/seed_43/S_02__snr_5__noise_505.npz,c6f7a7630688153b112a6a23515832c9db41ea9bbb6c0e2f9ce7379164865363,d2486cf1fdf7bdb8e580e1e920522c530883a8da5246b52e2bdfa2a2d90b6cbd,66b905ae9e4c2de3541fb71fb51dee965cc64dd0b03ce6fc99d582b391d5bbc8,0.8837882131795475,0.8837882131795475,fraction,2158,1877,1,original_probabilities_verified,0.9121721259835678,963,1195,0.8638941655359565,550,1608,0.8900368986383734,521,1637,0.879353722681573,496,1662,0.8734841530582665,262,1896
resnet,43,S_02__snr_5__noise_8128,S_02,S_02,5.0,8128.0,bf7c612c13dcdc74829eb7a1c92fb0a4353ef9afc472aa7ab58f3a128bbf55e7,signed_control_mechanism/predictions/full/worker_resnet_0/seed_43/S_02__snr_5__noise_8128.npz,bf7c612c13dcdc74829eb7a1c92fb0a4353ef9afc472aa7ab58f3a128bbf55e7,d2486cf1fdf7bdb8e580e1e920522c530883a8da5246b52e2bdfa2a2d90b6cbd,5f102e6e1a44893b0d2a5d9839af5c7ce56803cb4ba830c7d5e171a2f7db9afe,0.8836871684742649,0.8836871684742647,fraction,2158,1877,1,original_probabilities_verified,0.9121964572009541,963,1195,0.8632304387155133,550,1608,0.8896511454758423,521,1637,0.8762118609526027,496,1662,0.8771459400264116,262,1896
resnet,43,S_03__snr_0__noise_101,S_03,S_03,0.0,101.0,a138d5dc0e2716df64c10793bfc2338ead3e6fdc6af05fb3308528bbbb22aba5,signed_control_mechanism/predictions/full/worker_resnet_0/seed_43/S_03__snr_0__noise_101.npz,a138d5dc0e2716df64c10793bfc2338ead3e6fdc6af05fb3308528bbbb22aba5,d2486cf1fdf7bdb8e580e1e920522c530883a8da5246b52e2bdfa2a2d90b6cbd,cc5bf2a4548b36caac0a0e1aa910f877099e531dd330be45be556718f7849475,0.8517204746100575,0.8517204746100575,fraction,2158,1877,1,original_probabilities_verified,0.8788496548008533,963,1195,0.8165694255992764,550,1608,0.8472018825692333,521,1637,0.8541187502426149,496,1662,0.8618626598383097,262,1896
resnet,43,S_03__snr_0__noise_202,S_03,S_03,0.0,202.0,df745d3c3178324ae874c3eeafc2a3f0cbece50eec757d578bb282772058ddcd,signed_control_mechanism/predictions/full/worker_resnet_1/seed_43/S_03__snr_0__noise_202.npz,df745d3c3178324ae874c3eeafc2a3f0cbece50eec757d578bb282772058ddcd,d2486cf1fdf7bdb8e580e1e920522c530883a8da5246b52e2bdfa2a2d90b6cbd,36d8235f153150a3a4457843d3a947717c5f737165cb76e9f0f89100d22a9a3b,0.8536999262467736,0.8536999262467735,fraction,2158,1877,1,original_probabilities_verified,0.8837645607129047,963,1195,0.8248021257349616,550,1608,0.8407296714532108,521,1637,0.8555046873180389,496,1662,0.8636985860147518,262,1896
resnet,43,S_03__snr_0__noise_303,S_03,S_03,0.0,303.0,3c064727cbe621942d738faa095238ef71c412c5384e529dad7b0fc6cc3fa9af,signed_control_mechanism/predictions/full/worker_resnet_0/seed_43/S_03__snr_0__noise_303.npz,3c064727cbe621942d738faa095238ef71c412c5384e529dad7b0fc6cc3fa9af,d2486cf1fdf7bdb8e580e1e920522c530883a8da5246b52e2bdfa2a2d90b6cbd,0a5dbfefdf89023f828bb9da523bf17c1024f6ca36de0def26e421b527531de8,0.8556549344229906,0.8556549344229906,fraction,2158,1877,1,original_probabilities_verified,0.8850784464517699,963,1195,0.8227838082315694,550,1608,0.8470553198175118,521,1637,0.8596715965995109,496,1662,0.8636855010145907,262,1896
resnet,43,S_03__snr_0__noise_404,S_03,S_03,0.0,404.0,51e9c4d8ae55a6261677051203aa3955da8eec828a4fa13dade4015acea30fd4,signed_control_mechanism/predictions/full/worker_resnet_1/seed_43/S_03__snr_0__noise_404.npz,51e9c4d8ae55a6261677051203aa3955da8eec828a4fa13dade4015acea30fd4,d2486cf1fdf7bdb8e580e1e920522c530883a8da5246b52e2bdfa2a2d90b6cbd,a7ed9afb43036ca8426e27f9c415d6e83ffe692f9be2f39d14f5630ec85ea304,0.8520436776808185,0.8520436776808185,fraction,2158,1877,1,original_probabilities_verified,0.8821169897070261,963,1195,0.8183616010854817,550,1608,0.8440982697387783,521,1637,0.8632101335351888,496,1662,0.8524313943376172,262,1896
resnet,43,S_03__snr_0__noise_505,S_03,S_03,0.0,505.0,3c08156f56973301a33c17a9f1656c09c9028a45529603fb6f3c5319ebd313bb,signed_control_mechanism/predictions/full/worker_resnet_0/seed_43/S_03__snr_0__noise_505.npz,3c08156f56973301a33c17a9f1656c09c9028a45529603fb6f3c5319ebd313bb,d2486cf1fdf7bdb8e580e1e920522c530883a8da5246b52e2bdfa2a2d90b6cbd,0af5d79b14d7f78bafb7ed96dc03db3a6256b9ab9182abe14ff92f9c44d0576e,0.8494431337198509,0.8494431337198509,fraction,2158,1877,1,original_probabilities_verified,0.8816798967661205,963,1195,0.8183604703753957,550,1608,0.8378441439973173,521,1637,0.8514906253639222,496,1662,0.8578405320964989,262,1896
resnet,43,S_03__snr_0__noise_8128,S_03,S_03,0.0,8128.0,383d5b7ea3737379e8c3909111bbc0671502dad7921ae02e43893e42fc31767a,signed_control_mechanism/predictions/full/worker_resnet_1/seed_43/S_03__snr_0__noise_8128.npz,383d5b7ea3737379e8c3909111bbc0671502dad7921ae02e43893e42fc31767a,d2486cf1fdf7bdb8e580e1e920522c530883a8da5246b52e2bdfa2a2d90b6cbd,986bf33a5449edbf1ab9173efd61e23024b77dee4fc5bd019f53b33069bf9e88,0.8573110849888158,0.8573110849888158,fraction,2158,1877,1,original_probabilities_verified,0.8882675738734863,963,1195,0.8257163048394391,550,1608,0.8510148591180206,521,1637,0.8606723826714802,496,1662,0.860884304441653,262,1896
resnet,43,S_03__snr_10__noise_101,S_03,S_03,10.0,101.0,e35bd0fdbec075a758e497f7629017e436400f47ba563cced52fc88a7d37fe02,signed_control_mechanism/predictions/full/worker_resnet_0/seed_43/S_03__snr_10__noise_101.npz,e35bd0fdbec075a758e497f7629017e436400f47ba563cced52fc88a7d37fe02,d2486cf1fdf7bdb8e580e1e920522c530883a8da5246b52e2bdfa2a2d90b6cbd,35d2be8a01ff9d622d919566365374ba68064d8aa01ebf8310e086b44bbabca3,0.9018538485560633,0.9018538485560632,fraction,2158,1877,1,original_probabilities_verified,0.9267187180924326,963,1195,0.8896856625961104,550,1608,0.9149267713867298,521,1637,0.8927982221187065,496,1662,0.8851398685863369,262,1896
resnet,43,S_03__snr_10__noise_202,S_03,S_03,10.0,202.0,dbec09f3137ae49d5e437a693325bc7c26d7d2594ce38a2f21dae36b861b109b,signed_control_mechanism/predictions/full/worker_resnet_1/seed_43/S_03__snr_10__noise_202.npz,dbec09f3137ae49d5e437a693325bc7c26d7d2594ce38a2f21dae36b861b109b,d2486cf1fdf7bdb8e580e1e920522c530883a8da5246b52e2bdfa2a2d90b6cbd,2bb8df4ad6faf8da9eb1538fd8277c4fcac85dfc10dbb6f03b4f384f5410cc8f,0.9032338128316104,0.9032338128316102,fraction,2158,1877,1,original_probabilities_verified,0.9300451430979723,963,1195,0.8876436001809136,550,1608,0.9155657849842357,521,1637,0.8945074434222274,496,1662,0.8884070924727027,262,1896
resnet,43,S_03__snr_10__noise_303,S_03,S_03,10.0,303.0,bce2150b71c4949fec0b2f6fb7addcf6e7e5c2fad0647076e4b6857a22394d57,signed_control_mechanism/predictions/full/worker_resnet_0/seed_43/S_03__snr_10__noise_303.npz,bce2150b71c4949fec0b2f6fb7addcf6e7e5c2fad0647076e4b6857a22394d57,d2486cf1fdf7bdb8e580e1e920522c530883a8da5246b52e2bdfa2a2d90b6cbd,6af5d78fc93e5d2a2027d2bc9b9f346367535bc3cc9bbf4a580876114d64c282,0.9027271158879742,0.902727115887974,fraction,2158,1877,1,original_probabilities_verified,0.9281134182319025,963,1195,0.8876933514246947,550,1608,0.9153265945734261,521,1637,0.895431805830519,496,1662,0.8870704093793281,262,1896
resnet,43,S_03__snr_10__noise_404,S_03,S_03,10.0,404.0,1911757e1f8a468959abe9ec1efec1cce7a872a0ddb4dc35dd4184aad3583152,signed_control_mechanism/predictions/full/worker_resnet_1/seed_43/S_03__snr_10__noise_404.npz,1911757e1f8a468959abe9ec1efec1cce7a872a0ddb4dc35dd4184aad3583152,d2486cf1fdf7bdb8e580e1e920522c530883a8da5246b52e2bdfa2a2d90b6cbd,2a10a8b3fd0cb04652a69d668e449ccfb61555726c17c9d8d0beb1a790d80db5,0.903004656528218,0.903004656528218,fraction,2158,1877,1,original_probabilities_verified,0.9284349378902228,963,1195,0.8884622342831298,550,1608,0.9175473133875107,521,1637,0.894001591553123,496,1662,0.8865772055271041,262,1896
resnet,43,S_03__snr_10__noise_505,S_03,S_03,10.0,505.0,192717f2af739a8cd85cfb92828a0ef41176e3da254b3dc1e8ade081957d462b,signed_control_mechanism/predictions/full/worker_resnet_0/seed_43/S_03__snr_10__noise_505.npz,192717f2af739a8cd85cfb92828a0ef41176e3da254b3dc1e8ade081957d462b,d2486cf1fdf7bdb8e580e1e920522c530883a8da5246b52e2bdfa2a2d90b6cbd,21602520e47236660b1619ee76d57bfec85f6811d666e9fbf3251cb4a37a2082,0.9023307337234197,0.9023307337234197,fraction,2158,1877,1,original_probabilities_verified,0.9287425539957507,963,1195,0.8884034373586612,550,1608,0.9167781520664762,521,1637,0.8931694227708552,496,1662,0.8845601024253551,262,1896
resnet,43,S_03__snr_10__noise_8128,S_03,S_03,10.0,8128.0,593508e654c44f12853b3e35eb2d9b307fc43b82d9db5373470bad46daa76f94,signed_control_mechanism/predictions/full/worker_resnet_1/seed_43/S_03__snr_10__noise_8128.npz,593508e654c44f12853b3e35eb2d9b307fc43b82d9db5373470bad46daa76f94,d2486cf1fdf7bdb8e580e1e920522c530883a8da5246b52e2bdfa2a2d90b6cbd,e69517ade13d7fb272d272bb3f2f1940f719cc0afd8baf7df72424f4162a49c6,0.9027336769954222,0.9027336769954222,fraction,2158,1877,1,original_probabilities_verified,0.9296202157657599,963,1195,0.8875067842605157,550,1608,0.9176493210627089,521,1637,0.8933999068359147,496,1662,0.8854921570522112,262,1896
resnet,43,S_03__snr_5__noise_101,S_03,S_03,5.0,101.0,d9f7165a5f74cc6a8ba6d4efb6ad4683030ba4791b276d071b7e88882be6cc7e,signed_control_mechanism/predictions/full/worker_resnet_0/seed_43/S_03__snr_5__noise_101.npz,d9f7165a5f74cc6a8ba6d4efb6ad4683030ba4791b276d071b7e88882be6cc7e,d2486cf1fdf7bdb8e580e1e920522c530883a8da5246b52e2bdfa2a2d90b6cbd,6dfa7072dcf03f17a856da75de3574de9a060b552492c0f5111be0d18e76565a,0.8885015829982965,0.8885015829982965,fraction,2158,1877,1,original_probabilities_verified,0.914994981686414,963,1195,0.8745284938941655,550,1608,0.8940550630395707,521,1637,0.8823269671208416,496,1662,0.8766024092504912,262,1896
resnet,43,S_03__snr_5__noise_202,S_03,S_03,5.0,202.0,9b565ff8d5189d89e36d4f540ffa11c4e084091f277e4628b1751f1c1b2e3403,signed_control_mechanism/predictions/full/worker_resnet_1/seed_43/S_03__snr_5__noise_202.npz,9b565ff8d5189d89e36d4f540ffa11c4e084091f277e4628b1751f1c1b2e3403,d2486cf1fdf7bdb8e580e1e920522c530883a8da5246b52e2bdfa2a2d90b6cbd,2066be0efc36ca9d5023e88c16b1e893fa6599620639669726b26958563314bb,0.8896188506200786,0.8896188506200785,fraction,2158,1877,1,original_probabilities_verified,0.9178552031873894,963,1195,0.8721845318860244,550,1608,0.896575942369181,521,1637,0.8813552948255114,496,1662,0.8801232808322865,262,1896
resnet,43,S_03__snr_5__noise_303,S_03,S_03,5.0,303.0,d7c70cf5a4919c3d137d15aa46f93d435fbbb58c487a9bf36c5c52c6b8e33859,signed_control_mechanism/predictions/full/worker_resnet_0/seed_43/S_03__snr_5__noise_303.npz,d7c70cf5a4919c3d137d15aa46f93d435fbbb58c487a9bf36c5c52c6b8e33859,d2486cf1fdf7bdb8e580e1e920522c530883a8da5246b52e2bdfa2a2d90b6cbd,11ba54702b0db9a17f123c30745d415955eff8554a83378886ab561c97276f0c,0.8906811556821206,0.8906811556821204,fraction,2158,1877,1,original_probabilities_verified,0.9171113631130055,963,1195,0.8741892808683853,550,1608,0.8955922131796261,521,1637,0.8870640211948294,496,1662,0.8794489000547557,262,1896
resnet,43,S_03__snr_5__noise_404,S_03,S_03,5.0,404.0,d1d9058b9fbc6bcf2408e4d3bcc956de604bbd2ec5c1dd37fcc953918ea1309e,signed_control_mechanism/predictions/full/worker_resnet_1/seed_43/S_03__snr_5__noise_404.npz,d1d9058b9fbc6bcf2408e4d3bcc956de604bbd2ec5c1dd37fcc953918ea1309e,d2486cf1fdf7bdb8e580e1e920522c530883a8da5246b52e2bdfa2a2d90b6cbd,0ffeab4cffc5e3381efd4158acdb2de1a4700d74414027dfdfc2989d34176af0,0.8910123928412335,0.8910123928412335,fraction,2158,1877,1,original_probabilities_verified,0.9179638246935787,963,1195,0.8737856173677069,550,1608,0.8977707219212149,521,1637,0.890050609448391,496,1662,0.8754911907752762,262,1896
resnet,43,S_03__snr_5__noise_505,S_03,S_03,5.0,505.0,6cc86c95627f2b9d528f00bdf0dbe2cbd248987ed589399d5458ab27c82a42e6,signed_control_mechanism/predictions/full/worker_resnet_0/seed_43/S_03__snr_5__noise_505.npz,6cc86c95627f2b9d528f00bdf0dbe2cbd248987ed589399d5458ab27c82a42e6,d2486cf1fdf7bdb8e580e1e920522c530883a8da5246b52e2bdfa2a2d90b6cbd,367973609e9953e198b36eed8e924920f639bfdeb1d99e827bde0ad4cc0e67d3,0.8883481762913732,0.8883481762913732,fraction,2158,1877,1,original_probabilities_verified,0.9165048206224446,963,1195,0.8707564450474898,550,1608,0.8971258458136402,521,1637,0.8821001222778618,496,1662,0.8752536476954295,262,1896
resnet,43,S_03__snr_5__noise_8128,S_03,S_03,5.0,8128.0,01086633b255b47556539a50864deb5b2d757ed7d7d73b68d83aeddcf1c12b2e,signed_control_mechanism/predictions/full/worker_resnet_1/seed_43/S_03__snr_5__noise_8128.npz,01086633b255b47556539a50864deb5b2d757ed7d7d73b68d83aeddcf1c12b2e,d2486cf1fdf7bdb8e580e1e920522c530883a8da5246b52e2bdfa2a2d90b6cbd,d61624ecf68da033a71fecaa57ab4a3c3d7f02426b68b05c0097ce83b7921f4e,0.8905456628004499,0.8905456628004499,fraction,2158,1877,1,original_probabilities_verified,0.9192568551032556,963,1195,0.8753177295341474,550,1608,0.8962968868899033,521,1637,0.8858885524630256,496,1662,0.8759682900119174,262,1896
resnet,43,S_04__snr_0__noise_101,S_04,S_04,0.0,101.0,728af991bd7f3faa36454dd450912c760e6445a430ce9a5cf16d9dc10502d95e,signed_control_mechanism/predictions/full/worker_resnet_1/seed_43/S_04__snr_0__noise_101.npz,728af991bd7f3faa36454dd450912c760e6445a430ce9a5cf16d9dc10502d95e,d2486cf1fdf7bdb8e580e1e920522c530883a8da5246b52e2bdfa2a2d90b6cbd,a7ff5fef66b4be39830a4586ec7981ab1076a5edb5b5afc3f1aee6a9793ccd33,0.8574878017744336,0.8574878017744336,fraction,2158,1877,1,original_probabilities_verified,0.885993908505933,963,1195,0.8268419267299865,550,1608,0.8509327839770565,521,1637,0.8634685183028609,496,1662,0.8602018713563307,262,1896
resnet,43,S_04__snr_0__noise_202,S_04,S_04,0.0,202.0,09eb1b6900d415d6e71ba5f57513796e0e6c6f92712f09bc0aa5158c1ba65dd3,signed_control_mechanism/predictions/full/worker_resnet_0/seed_43/S_04__snr_0__noise_202.npz,09eb1b6900d415d6e71ba5f57513796e0e6c6f92712f09bc0aa5158c1ba65dd3,d2486cf1fdf7bdb8e580e1e920522c530883a8da5246b52e2bdfa2a2d90b6cbd,acb3e1dc020f2b6379ef63cdc75972488193be9f6335d6963c01d54100be8893,0.8531463902624459,0.8531463902624459,fraction,2158,1877,1,original_probabilities_verified,0.8805832540396338,963,1195,0.8270646766169154,550,1608,0.8470365597852915,521,1637,0.8500786071969256,496,1662,0.8609688536734628,262,1896
resnet,43,S_04__snr_0__noise_303,S_04,S_04,0.0,303.0,a843115ebe7d33ae50a2ee4584335d51e9aaad2c55f23587ce7725b271cbacde,signed_control_mechanism/predictions/full/worker_resnet_1/seed_43/S_04__snr_0__noise_303.npz,a843115ebe7d33ae50a2ee4584335d51e9aaad2c55f23587ce7725b271cbacde,d2486cf1fdf7bdb8e580e1e920522c530883a8da5246b52e2bdfa2a2d90b6cbd,996b22338e6af6297773acb333db26f96bb80d2ed5404a31fe706eb5c9740477,0.8549844782949142,0.8549844782949141,fraction,2158,1877,1,original_probabilities_verified,0.8827183183652898,963,1195,0.8243577566711895,550,1608,0.844624723142962,521,1637,0.8571435503280153,496,1662,0.8660780429671143,262,1896
resnet,43,S_04__snr_0__noise_404,S_04,S_04,0.0,404.0,d5867df6faa26e2d09e5f583a8afdf4ddcb72b2c82572de9c7ce1a1cf08a2ccb,signed_control_mechanism/predictions/full/worker_resnet_0/seed_43/S_04__snr_0__noise_404.npz,d5867df6faa26e2d09e5f583a8afdf4ddcb72b2c82572de9c7ce1a1cf08a2ccb,d2486cf1fdf7bdb8e580e1e920522c530883a8da5246b52e2bdfa2a2d90b6cbd,cadb66b021dabaa8bcd58f7061a6088a40fc7a521723b466cc360f63b9af3cb6,0.8496958104413366,0.8496958104413366,fraction,2158,1877,1,original_probabilities_verified,0.8776791494501579,963,1195,0.821060606060606,550,1608,0.8411916372466369,521,1637,0.8557861204922169,496,1662,0.8527615389570651,262,1896
resnet,43,S_04__snr_0__noise_505,S_04,S_04,0.0,505.0,4da3971ab8aeef15ac18db436ffc69d635bcd703f82f6da172e77d4ebbe3c2f4,signed_control_mechanism/predictions/full/worker_resnet_1/seed_43/S_04__snr_0__noise_505.npz,4da3971ab8aeef15ac18db436ffc69d635bcd703f82f6da172e77d4ebbe3c2f4,d2486cf1fdf7bdb8e580e1e920522c530883a8da5246b52e2bdfa2a2d90b6cbd,f8a31c608de4d430c74ced1cdd75f1d6c4e31d19e21e1988440832134d12edc0,0.8540244900173504,0.8540244900173504,fraction,2158,1877,1,original_probabilities_verified,0.8794101417727899,963,1195,0.8244154228855721,550,1608,0.8481410566822648,521,1637,0.8574104266138737,496,1662,0.8607454021322511,262,1896
resnet,43,S_04__snr_0__noise_8128,S_04,S_04,0.0,8128.0,e2e316798c136af5e107a24f8ff495382f34fd29978b3a5b1e1271401be2e1cd,signed_control_mechanism/predictions/full/worker_resnet_0/seed_43/S_04__snr_0__noise_8128.npz,e2e316798c136af5e107a24f8ff495382f34fd29978b3a5b1e1271401be2e1cd,d2486cf1fdf7bdb8e580e1e920522c530883a8da5246b52e2bdfa2a2d90b6cbd,b8f21b8e699c0484d5d41c0f65f5e04a317c893ba24bc896773f541e7baec595,0.8496268869633619,0.8496268869633621,fraction,2158,1877,1,original_probabilities_verified,0.8792111471734512,963,1195,0.8242695612844867,550,1608,0.8466707391569945,521,1637,0.8383991304685378,496,1662,0.8595838567333398,262,1896
resnet,43,S_04__snr_10__noise_101,S_04,S_04,10.0,101.0,b1f16b7cada1300739bc9463cf20fb84316c05c2638e8827d62ed3df8953437a,signed_control_mechanism/predictions/full/worker_resnet_1/seed_43/S_04__snr_10__noise_101.npz,b1f16b7cada1300739bc9463cf20fb84316c05c2638e8827d62ed3df8953437a,d2486cf1fdf7bdb8e580e1e920522c530883a8da5246b52e2bdfa2a2d90b6cbd,7a4fd6223c18b9f6352ebfb5bd7221ae802df6eb76be7fa0654e213a74875225,0.9019044504311926,0.9019044504311926,fraction,2158,1877,1,original_probabilities_verified,0.9266014068657482,963,1195,0.8872557666214382,550,1608,0.9186482927784428,521,1637,0.8935175750164978,496,1662,0.8834992108738364,262,1896
resnet,43,S_04__snr_10__noise_202,S_04,S_04,10.0,202.0,f6a2f2b2f7cf86a9cf3f49c7a595a298bb2710ee5fa75df1df373ea6d727bad1,signed_control_mechanism/predictions/full/worker_resnet_0/seed_43/S_04__snr_10__noise_202.npz,f6a2f2b2f7cf86a9cf3f49c7a595a298bb2710ee5fa75df1df373ea6d727bad1,d2486cf1fdf7bdb8e580e1e920522c530883a8da5246b52e2bdfa2a2d90b6cbd,010e1b648155915b9c961876d96944383b684b0f66188e379c00c86749c5db4b,0.901340941547506,0.901340941547506,fraction,2158,1877,1,original_probabilities_verified,0.9267569528626112,963,1195,0.8891711895070104,550,1608,0.91559509753458,521,1637,0.8914165308023757,496,1662,0.883764937030953,262,1896
resnet,43,S_04__snr_10__noise_303,S_04,S_04,10.0,303.0,cf054e1ffbba4ba0b02c2e0548a17aa4ba3a09b78bc933a4fe004b88bdca3a7a,signed_control_mechanism/predictions/full/worker_resnet_1/seed_43/S_04__snr_10__noise_303.npz,cf054e1ffbba4ba0b02c2e0548a17aa4ba3a09b78bc933a4fe004b88bdca3a7a,d2486cf1fdf7bdb8e580e1e920522c530883a8da5246b52e2bdfa2a2d90b6cbd,5ce15d0a8232c8fef08a852321ceb25c0af43b98d9f1a43463afa31884d11270,0.9013505719980355,0.9013505719980356,fraction,2158,1877,1,original_probabilities_verified,0.9285922218311848,963,1195,0.8861137494346449,550,1608,0.9145515707423227,521,1637,0.8932895170994914,496,1662,0.884205800882533,262,1896
resnet,43,S_04__snr_10__noise_404,S_04,S_04,10.0,404.0,de17f663873dc837d974fc5d2a03f2ecfe198bdde3189be2159dbd50d1d1fdd9,signed_control_mechanism/predictions/full/worker_resnet_0/seed_43/S_04__snr_10__noise_404.npz,de17f663873dc837d974fc5d2a03f2ecfe198bdde3189be2159dbd50d1d1fdd9,d2486cf1fdf7bdb8e580e1e920522c530883a8da5246b52e2bdfa2a2d90b6cbd,dab1aa5d5f63bed3b7ea580224629522d2ae589f4538c6f4df54dbdb31b803a0,0.9019314614618983,0.9019314614618984,fraction,2158,1877,1,original_probabilities_verified,0.9284453655548169,963,1195,0.8878052917232022,550,1608,0.9167441495080768,521,1637,0.8928673673382245,496,1662,0.8837951331851709,262,1896
resnet,43,S_04__snr_10__noise_505,S_04,S_04,10.0,505.0,622a3f5107c77030cfddb6523efe3c1c0ee62b47f97b586130c44aee8d52450a,signed_control_mechanism/predictions/full/worker_resnet_1/seed_43/S_04__snr_10__noise_505.npz,622a3f5107c77030cfddb6523efe3c1c0ee62b47f97b586130c44aee8d52450a,d2486cf1fdf7bdb8e580e1e920522c530883a8da5246b52e2bdfa2a2d90b6cbd,8a8f492cbe9005e973b70fc019b68f3372c88f48fe496fba223cff1d44fe6b0c,0.9016054601873649,0.9016054601873648,fraction,2158,1877,1,original_probabilities_verified,0.9274399648935292,963,1195,0.8865976933514247,550,1608,0.9163982614140139,521,1637,0.8928782850044641,496,1662,0.884713096273392,262,1896
resnet,43,S_04__snr_10__noise_8128,S_04,S_04,10.0,8128.0,00ea822583148e8f4ddda9c75e7414e7f0621e37cdb87c036800b787a2d624e4,signed_control_mechanism/predictions/full/worker_resnet_0/seed_43/S_04__snr_10__noise_8128.npz,00ea822583148e8f4ddda9c75e7414e7f0621e37cdb87c036800b787a2d624e4,d2486cf1fdf7bdb8e580e1e920522c530883a8da5246b52e2bdfa2a2d90b6cbd,84f049765639f413aa23e8ed6601f85f225c07f4215c98bb43e573a69770acc9,0.9021834927462082,0.9021834927462082,fraction,2158,1877,1,original_probabilities_verified,0.9280091415859609,963,1195,0.8896268656716418,550,1608,0.9179705866144825,521,1637,0.8908936958968984,496,1662,0.8844171739620575,262,1896
resnet,43,S_04__snr_5__noise_101,S_04,S_04,5.0,101.0,6d63843dc47adcd97938507501432c6f8e280d5e1309b766b62079a3f347765a,signed_control_mechanism/predictions/full/worker_resnet_1/seed_43/S_04__snr_5__noise_101.npz,6d63843dc47adcd97938507501432c6f8e280d5e1309b766b62079a3f347765a,d2486cf1fdf7bdb8e580e1e920522c530883a8da5246b52e2bdfa2a2d90b6cbd,1610c4ab26f0f163c30ecca0d33f3bf35c8cf37ff7e3328ed27a5165a8960607,0.8901602267929741,0.8901602267929741,fraction,2158,1877,1,original_probabilities_verified,0.9154316401412949,963,1195,0.8742593848937132,550,1608,0.8995845825365205,521,1637,0.8861772640813633,496,1662,0.8753482623119786,262,1896
resnet,43,S_04__snr_5__noise_202,S_04,S_04,5.0,202.0,28c2d556ff1dfef7c5555d7b0f62a290232438a24ee5172170fcbd3b775e7622,signed_control_mechanism/predictions/full/worker_resnet_0/seed_43/S_04__snr_5__noise_202.npz,28c2d556ff1dfef7c5555d7b0f62a290232438a24ee5172170fcbd3b775e7622,d2486cf1fdf7bdb8e580e1e920522c530883a8da5246b52e2bdfa2a2d90b6cbd,815d5b1636c51116dcf6a59e9dfe03a32ebe86fdde6e875d419f492985a353c8,0.8878451431031034,0.8878451431031031,fraction,2158,1877,1,original_probabilities_verified,0.9144627363060868,963,1195,0.874949118046133,550,1608,0.8946553840706222,521,1637,0.8800839932456038,496,1662,0.8750744838470705,262,1896
resnet,43,S_04__snr_5__noise_303,S_04,S_04,5.0,303.0,6689c5001e01f2b31de0c88d03336aa382921ad82dabeda51a8a9aea9418d760,signed_control_mechanism/predictions/full/worker_resnet_1/seed_43/S_04__snr_5__noise_303.npz,6689c5001e01f2b31de0c88d03336aa382921ad82dabeda51a8a9aea9418d760,d2486cf1fdf7bdb8e580e1e920522c530883a8da5246b52e2bdfa2a2d90b6cbd,fb8ae73482281929d71bea99baa1d20671f2893a852f83d4adbc8148363b1f0c,0.8902668000714842,0.8902668000714842,fraction,2158,1877,1,original_probabilities_verified,0.9182714407991067,963,1195,0.8728923563998191,550,1608,0.8952381175714669,521,1637,0.8874922363262295,496,1662,0.8774398492607981,262,1896
resnet,43,S_04__snr_5__noise_404,S_04,S_04,5.0,404.0,0981f95e7a62c81e921967c369ba50a80644fd766f197c50367ce1baa714f86d,signed_control_mechanism/predictions/full/worker_resnet_0/seed_43/S_04__snr_5__noise_404.npz,0981f95e7a62c81e921967c369ba50a80644fd766f197c50367ce1baa714f86d,d2486cf1fdf7bdb8e580e1e920522c530883a8da5246b52e2bdfa2a2d90b6cbd,1e1f37742247adccfb20236cf6611c03e8d506d201bd120903bad416b2adca70,0.8875840834464327,0.8875840834464326,fraction,2158,1877,1,original_probabilities_verified,0.915408177895958,963,1195,0.8727306648575305,550,1608,0.893204999079586,521,1637,0.8827200031054695,496,1662,0.8738565722936193,262,1896
resnet,43,S_04__snr_5__noise_505,S_04,S_04,5.0,505.0,cdf96f9a279a336cdea6d47a50674f9d1cf7d59885a3c1291e7556bf0f71daad,signed_control_mechanism/predictions/full/worker_resnet_1/seed_43/S_04__snr_5__noise_505.npz,cdf96f9a279a336cdea6d47a50674f9d1cf7d59885a3c1291e7556bf0f71daad,d2486cf1fdf7bdb8e580e1e920522c530883a8da5246b52e2bdfa2a2d90b6cbd,3f5c662a59745cfe875f34da30b01bc2e981b5f835c897eff69d8e7835319eae,0.889106860914197,0.889106860914197,fraction,2158,1877,1,original_probabilities_verified,0.9156775592313073,963,1195,0.8721110357304387,550,1608,0.8974248338271521,521,1637,0.8851437250106751,496,1662,0.8751771507714111,262,1896
resnet,43,S_04__snr_5__noise_8128,S_04,S_04,5.0,8128.0,7f5fd00212fd32542ea474625ed4ed71be61c4d2473494e4cec8759cdf7f6ba4,signed_control_mechanism/predictions/full/worker_resnet_0/seed_43/S_04__snr_5__noise_8128.npz,7f5fd00212fd32542ea474625ed4ed71be61c4d2473494e4cec8759cdf7f6ba4,d2486cf1fdf7bdb8e580e1e920522c530883a8da5246b52e2bdfa2a2d90b6cbd,fea77e37ae16ec43e446648650fd66da27ca5f8f74fd608084a41662d4eeca3c,0.8882746302461296,0.8882746302461297,fraction,2158,1877,1,original_probabilities_verified,0.914322831806115,963,1195,0.8745273631840796,550,1608,0.8985996808449519,521,1637,0.878220711540701,496,1662,0.8757025638548008,262,1896
resnet,43,clean,clean,,,,55dcce70dc4001fda86025d9dc0b9f525cb95440eed930b6a52dc2f1eb825391,methodology_supplement/results/predictions/full/resnet/seed_43/clean.npz,55dcce70dc4001fda86025d9dc0b9f525cb95440eed930b6a52dc2f1eb825391,d2486cf1fdf7bdb8e580e1e920522c530883a8da5246b52e2bdfa2a2d90b6cbd,a8d302b6d0b6e62b539ce05c00e740ac2d1450844afe3f861adb2ac5780bd70c,0.9087006258307154,0.9087006258307154,fraction,2158,1877,1,original_probabilities_verified,0.93502000808144,963,1195,0.8974219810040706,550,1608,0.92575599998593,521,1637,0.8951788798959668,496,1662,0.8901262601861694,262,1896
tcn,17,E__snr_0__noise_101,E,,0.0,101.0,1e815ce82f66440165b53f8d046189ce70c3b6373e020ec0b8eb56bbcedc7f5f,methodology_supplement/results/predictions/full/tcn/seed_17/standard__n101__electrode__snr0.npz,1e815ce82f66440165b53f8d046189ce70c3b6373e020ec0b8eb56bbcedc7f5f,6ab54c8261689377c6c10f99db394501b9049ed832793c6ff2ebd827b5d95eec,e372ac625f7d1fdca9a8dbef6073c43da2445cc0f77fffa03ae2ab075bb8f2b5,0.8840876605961995,0.8840876605961994,fraction,2158,1877,1,original_probabilities_verified,0.9087275207792941,963,1195,0.8669323835368612,550,1608,0.8947972568142886,521,1637,0.8723057625868561,496,1662,0.877675379263697,262,1896
tcn,17,E__snr_0__noise_202,E,,0.0,202.0,3c9ce2e253647defe472c9751fba0aa5c9b1a542264149d0c4158ee5953409bc,methodology_supplement/results/predictions/full/tcn/seed_17/standard__n202__electrode__snr0.npz,3c9ce2e253647defe472c9751fba0aa5c9b1a542264149d0c4158ee5953409bc,6ab54c8261689377c6c10f99db394501b9049ed832793c6ff2ebd827b5d95eec,ebb2e60939c20fbdc7021b503b4154d20dc64e8743aade8ff0162325fc376218,0.8821379235667937,0.8821379235667935,fraction,2158,1877,1,original_probabilities_verified,0.9055036344755971,963,1195,0.8605732700135685,550,1608,0.8973497936982707,521,1637,0.8701652934668686,496,1662,0.8770976261796631,262,1896
tcn,17,E__snr_0__noise_303,E,,0.0,303.0,b18690922b6b0e4195f430addb8584c8dd5589a580159c9f51639e98bffdbe67,methodology_supplement/results/predictions/full/tcn/seed_17/standard__n303__electrode__snr0.npz,b18690922b6b0e4195f430addb8584c8dd5589a580159c9f51639e98bffdbe67,6ab54c8261689377c6c10f99db394501b9049ed832793c6ff2ebd827b5d95eec,b857ed34aea876a9ea653fb6930a38eb9b517ecf2c81adc409178a704a80ef37,0.8813777556297925,0.8813777556297925,fraction,2158,1877,1,original_probabilities_verified,0.9052729223964511,963,1195,0.858628448665762,550,1608,0.8990065390437308,521,1637,0.8687332595784325,496,1662,0.8752476084645859,262,1896
tcn,17,E__snr_0__noise_404,E,,0.0,404.0,aa4de06c3c40c92e852c5533526f82d23cd5e0801254b3ee604cfad6e00b21fa,methodology_supplement/results/predictions/full/tcn/seed_17/standard__n404__electrode__snr0.npz,aa4de06c3c40c92e852c5533526f82d23cd5e0801254b3ee604cfad6e00b21fa,6ab54c8261689377c6c10f99db394501b9049ed832793c6ff2ebd827b5d95eec,0cbfd65142656d2a4539e8a5e14d4477612faf9c6c24ff0f5d758e573cb0c418,0.8836857071669874,0.8836857071669872,fraction,2158,1877,1,original_probabilities_verified,0.9079054732204539,963,1195,0.8635730438715513,550,1608,0.8973920037707664,521,1637,0.8710029210822561,496,1662,0.8785550938899088,262,1896
tcn,17,E__snr_0__noise_505,E,,0.0,505.0,8e5e9f8c2c050e6ad1201901809d9227f52d896ab25939d5bac40fef524bb693,methodology_supplement/results/predictions/full/tcn/seed_17/standard__n505__electrode__snr0.npz,8e5e9f8c2c050e6ad1201901809d9227f52d896ab25939d5bac40fef524bb693,6ab54c8261689377c6c10f99db394501b9049ed832793c6ff2ebd827b5d95eec,42b6424cc834cef160a7cb3f74c5dfcc17f21eeab757205a60a26c8986fbff79,0.8825692919655413,0.8825692919655413,fraction,2158,1877,1,original_probabilities_verified,0.9069765420995234,963,1195,0.8637121212121213,550,1608,0.897615951655397,521,1637,0.8649339117270293,496,1662,0.879607933133636,262,1896
tcn,17,E__snr_0__noise_8128,E,,0.0,8128.0,52e453db07f3afe85ab25a854f94f793167754dc0c3117d808f0886ff909a378,methodology_supplement/results/predictions/full/tcn/seed_17/standard__n8128__electrode__snr0.npz,52e453db07f3afe85ab25a854f94f793167754dc0c3117d808f0886ff909a378,6ab54c8261689377c6c10f99db394501b9049ed832793c6ff2ebd827b5d95eec,b7f3d1fc39ef41f0c7e5fde19c9fdb33643f418220b5beae2b4a25b68357b149,0.8836299681701705,0.8836299681701705,fraction,2158,1877,1,original_probabilities_verified,0.9057643260904513,963,1195,0.8637217322478516,550,1608,0.8988423887618027,521,1637,0.8705516575443499,496,1662,0.8792697362063967,262,1896
tcn,17,E__snr_10__noise_101,E,,10.0,101.0,2af7420e9704e7972f680ebbe4c9d831e472e500969b48f37f62f2b6e0ca8ea1,methodology_supplement/results/predictions/full/tcn/seed_17/standard__n101__electrode__snr10.npz,2af7420e9704e7972f680ebbe4c9d831e472e500969b48f37f62f2b6e0ca8ea1,6ab54c8261689377c6c10f99db394501b9049ed832793c6ff2ebd827b5d95eec,e1c5a093c971f8dd322ef87c4a61793f2d978a2d00dc936ce1086c33dc58d528,0.9143537898808042,0.9143537898808042,fraction,2158,1877,1,original_probabilities_verified,0.9383577297236234,963,1195,0.9043238353686115,550,1608,0.9313019345110726,521,1637,0.9073793719187919,496,1662,0.8904060778819209,262,1896
tcn,17,E__snr_10__noise_202,E,,10.0,202.0,bfb6c37b987b1fe901893672bc61d6897e4a0eb6f221a7f464dde478a87f959c,methodology_supplement/results/predictions/full/tcn/seed_17/standard__n202__electrode__snr10.npz,bfb6c37b987b1fe901893672bc61d6897e4a0eb6f221a7f464dde478a87f959c,6ab54c8261689377c6c10f99db394501b9049ed832793c6ff2ebd827b5d95eec,3d70887ac00be71d38641e553b5714375d65d43e8ab541234506fbea4dc34e40,0.9132182142864913,0.9132182142864912,fraction,2158,1877,1,original_probabilities_verified,0.9363391076526023,963,1195,0.9015106286748078,550,1608,0.9310463290720702,521,1637,0.9079846958580801,496,1662,0.8892103101748962,262,1896
tcn,17,E__snr_10__noise_303,E,,10.0,303.0,86e21486a4bc5470accd3b8b46705de3aa98d2b383b4dfd944c6a794a9581755,methodology_supplement/results/predictions/full/tcn/seed_17/standard__n303__electrode__snr10.npz,86e21486a4bc5470accd3b8b46705de3aa98d2b383b4dfd944c6a794a9581755,6ab54c8261689377c6c10f99db394501b9049ed832793c6ff2ebd827b5d95eec,d27221228a6175077197c5969fe2e636abdf77f352110f583ed6244c3f94b2e2,0.9134671848363874,0.9134671848363874,fraction,2158,1877,1,original_probabilities_verified,0.9364668465438809,963,1195,0.9009090909090909,550,1608,0.9312820019768384,521,1637,0.9082054753309265,496,1662,0.8904725094212002,262,1896
tcn,17,E__snr_10__noise_404,E,,10.0,404.0,059855f05d9522824e5743a4f094eea2a332406b17820ce7675cf150eb4d9a3f,methodology_supplement/results/predictions/full/tcn/seed_17/standard__n404__electrode__snr10.npz,059855f05d9522824e5743a4f094eea2a332406b17820ce7675cf150eb4d9a3f,6ab54c8261689377c6c10f99db394501b9049ed832793c6ff2ebd827b5d95eec,fc7501548d880b83095d2309ef6e16796d4f009b3847b4e6d2f1d864bc9dfca1,0.9139537486329721,0.913953748632972,fraction,2158,1877,1,original_probabilities_verified,0.9370855546431349,963,1195,0.9029669832654907,550,1608,0.9306816809457871,521,1637,0.9080708241139708,496,1662,0.8909637001964763,262,1896
tcn,17,E__snr_10__noise_505,E,,10.0,505.0,f8c94afd28f131b7966e31ffecc4c2b22b3de7c5913e9e38bde7e874b65aaba2,methodology_supplement/results/predictions/full/tcn/seed_17/standard__n505__electrode__snr10.npz,f8c94afd28f131b7966e31ffecc4c2b22b3de7c5913e9e38bde7e874b65aaba2,6ab54c8261689377c6c10f99db394501b9049ed832793c6ff2ebd827b5d95eec,c22add93be122130704cd51011c6203d71a117fed08f0ca09cfe5b2231db026f,0.9141116373826647,0.9141116373826648,fraction,2158,1877,1,original_probabilities_verified,0.9377937668634888,963,1195,0.902244459520579,550,1608,0.9313089695231551,521,1637,0.9068844377159272,496,1662,0.892326553290173,262,1896
tcn,17,E__snr_10__noise_8128,E,,10.0,8128.0,226292a6fee62be69d9a020e52282a81b9edc1a09ba5c94ffef8e184f90c0ba6,methodology_supplement/results/predictions/full/tcn/seed_17/standard__n8128__electrode__snr10.npz,226292a6fee62be69d9a020e52282a81b9edc1a09ba5c94ffef8e184f90c0ba6,6ab54c8261689377c6c10f99db394501b9049ed832793c6ff2ebd827b5d95eec,f3748f9ddb4fcc1a68c5173fc418ec9284195cab1bb36f491b124eebf0a7d449,0.9134205987785962,0.9134205987785962,fraction,2158,1877,1,original_probabilities_verified,0.9366667101152691,963,1195,0.9004070556309363,550,1608,0.9319315680924682,521,1637,0.9069547960094717,496,1662,0.8911428640448352,262,1896
tcn,17,E__snr_5__noise_101,E,,5.0,101.0,3df95384e214ef8cfe979c77e08524fc2494b4753bde8187fe24d11968dde935,methodology_supplement/results/predictions/full/tcn/seed_17/standard__n101__electrode__snr5.npz,3df95384e214ef8cfe979c77e08524fc2494b4753bde8187fe24d11968dde935,6ab54c8261689377c6c10f99db394501b9049ed832793c6ff2ebd827b5d95eec,a9b52831e24c7768419b845bb3083af3c8a16ec5e32b5fdb5b13c78d41daae5a,0.907500919137467,0.9075009191374668,fraction,2158,1877,1,original_probabilities_verified,0.9305109121165118,963,1195,0.8953844414292176,550,1608,0.9224108517406379,521,1637,0.9003544602305811,496,1662,0.8888439301703869,262,1896
tcn,17,E__snr_5__noise_202,E,,5.0,202.0,7cfec8977c10d648ddac8dc45a03b562c1f9f445ff566e6dbdd80dd5f86246ec,methodology_supplement/results/predictions/full/tcn/seed_17/standard__n202__electrode__snr5.npz,7cfec8977c10d648ddac8dc45a03b562c1f9f445ff566e6dbdd80dd5f86246ec,6ab54c8261689377c6c10f99db394501b9049ed832793c6ff2ebd827b5d95eec,6c3f29be5575354876cd0d27a39ced457ab439a24964f15c6afe323c5cda1cd5,0.9056011715383002,0.9056011715383002,fraction,2158,1877,1,original_probabilities_verified,0.9274121577879447,963,1195,0.8896585255540479,550,1608,0.9226007970668689,521,1637,0.9010083071309344,496,1662,0.8873260701517055,262,1896
tcn,17,E__snr_5__noise_303,E,,5.0,303.0,63049d50c99b6ee009fbcdc3b75b778051c45d6d1f506938ab4ff0aa9fdcb677,methodology_supplement/results/predictions/full/tcn/seed_17/standard__n303__electrode__snr5.npz,63049d50c99b6ee009fbcdc3b75b778051c45d6d1f506938ab4ff0aa9fdcb677,6ab54c8261689377c6c10f99db394501b9049ed832793c6ff2ebd827b5d95eec,11085aab3b59af30ed304293a4d6b71096b369fe6a48bc66e37a8d7f0b8ef749,0.9056023903583366,0.9056023903583366,fraction,2158,1877,1,original_probabilities_verified,0.927738891278562,963,1195,0.8892107643600181,550,1608,0.9231753230536174,521,1637,0.8998643783238228,496,1662,0.8880225947756627,262,1896
tcn,17,E__snr_5__noise_404,E,,5.0,404.0,c16419a574adeb1165700c10c0ad0eb0e720607895e086f34215133ed8eb38ad,methodology_supplement/results/predictions/full/tcn/seed_17/standard__n404__electrode__snr5.npz,c16419a574adeb1165700c10c0ad0eb0e720607895e086f34215133ed8eb38ad,6ab54c8261689377c6c10f99db394501b9049ed832793c6ff2ebd827b5d95eec,b87c690599f9e43fd18ff01ff673d41836632423c4e2b1a4f7594389236e9e02,0.9067735981148098,0.9067735981148098,fraction,2158,1877,1,original_probabilities_verified,0.9293690828434503,963,1195,0.8921947082767978,550,1608,0.9224753393513954,521,1637,0.9001615814603471,496,1662,0.8896672786420589,262,1896
tcn,17,E__snr_5__noise_505,E,,5.0,505.0,9e9bc7fa56ec5e2a5bc3d9c0152537c9f7af33212b41dfd53203235647331a1e,methodology_supplement/results/predictions/full/tcn/seed_17/standard__n505__electrode__snr5.npz,9e9bc7fa56ec5e2a5bc3d9c0152537c9f7af33212b41dfd53203235647331a1e,6ab54c8261689377c6c10f99db394501b9049ed832793c6ff2ebd827b5d95eec,55993a149666eee52bca0be88f2fce8d7c3203c66b73c39bf19371aee26ad4a6,0.9068270557251523,0.9068270557251524,fraction,2158,1877,1,original_probabilities_verified,0.92922657142733,963,1195,0.8919391677973767,550,1608,0.9231612530294521,521,1637,0.8981903361670742,496,1662,0.8916179502045286,262,1896
tcn,17,E__snr_5__noise_8128,E,,5.0,8128.0,5cb13e7b2e564d9323370eb8199316b435d69048bea0e399a29be0dab8ec05c0,methodology_supplement/results/predictions/full/tcn/seed_17/standard__n8128__electrode__snr5.npz,5cb13e7b2e564d9323370eb8199316b435d69048bea0e399a29be0dab8ec05c0,6ab54c8261689377c6c10f99db394501b9049ed832793c6ff2ebd827b5d95eec,a114022f00f77977526a8a7b16dd997e3a58abcbd77c090af1d926369049c636,0.9065805511577665,0.9065805511577664,fraction,2158,1877,1,original_probabilities_verified,0.9285661526696993,963,1195,0.890754183627318,550,1608,0.9240887021223458,521,1637,0.8993755094910911,496,1662,0.8901182078783779,262,1896
tcn,17,I__snr_0__noise_101,I,,0.0,101.0,35306fa0cf80acd8110a8dbf8f76cd9cc34c1ace6fd5ea9b9acac9825c62f4da,methodology_supplement/results/predictions/full/tcn/seed_17/standard__n101__independent_rms__snr0.npz,35306fa0cf80acd8110a8dbf8f76cd9cc34c1ace6fd5ea9b9acac9825c62f4da,6ab54c8261689377c6c10f99db394501b9049ed832793c6ff2ebd827b5d95eec,645e88fea28f6de2c9c8bec7fe9f5dc382fd647d827b1a0a1dea643a9dcb6653,0.8905442806980762,0.890544280698076,fraction,2158,1877,1,original_probabilities_verified,0.9158148568151305,963,1195,0.8675124378109452,550,1608,0.9052559747771367,521,1637,0.8794592601218897,496,1662,0.8846788739652784,262,1896
tcn,17,I__snr_0__noise_202,I,,0.0,202.0,61e06ae20a14c75ea8a424f8086cef6c0e24b6870bdccbc35cb37501baae26f2,methodology_supplement/results/predictions/full/tcn/seed_17/standard__n202__independent_rms__snr0.npz,61e06ae20a14c75ea8a424f8086cef6c0e24b6870bdccbc35cb37501baae26f2,6ab54c8261689377c6c10f99db394501b9049ed832793c6ff2ebd827b5d95eec,9a7b17eb56d13c02a6119fbf3ac49a8f4c072a45c83d59c83a6ebf5003739c85,0.8916432653018367,0.8916432653018367,fraction,2158,1877,1,original_probabilities_verified,0.9145904751973652,963,1195,0.8717695612844867,550,1608,0.9069197551346795,521,1637,0.8810508132448275,496,1662,0.8838857216478243,262,1896
tcn,17,I__snr_0__noise_303,I,,0.0,303.0,35ecbe86ff1c7f0d46b21086ac2db33e357b8cdf663606c54f3f6c868a0578a9,methodology_supplement/results/predictions/full/tcn/seed_17/standard__n303__independent_rms__snr0.npz,35ecbe86ff1c7f0d46b21086ac2db33e357b8cdf663606c54f3f6c868a0578a9,6ab54c8261689377c6c10f99db394501b9049ed832793c6ff2ebd827b5d95eec,e7d0b59426ed89bc126f168ab5470e76731871a876717d4759ed05591d438457,0.8900242784532315,0.8900242784532315,fraction,2158,1877,1,original_probabilities_verified,0.9146121994986032,963,1195,0.8701436001809136,550,1608,0.9078155466732014,521,1637,0.8773824773883001,496,1662,0.8801675685251393,262,1896
tcn,17,I__snr_0__noise_404,I,,0.0,404.0,77bf05180dc5c247c18c2b35bc7f61b595c1f30bd5f4667faf0c27d88e0675b7,methodology_supplement/results/predictions/full/tcn/seed_17/standard__n404__independent_rms__snr0.npz,77bf05180dc5c247c18c2b35bc7f61b595c1f30bd5f4667faf0c27d88e0675b7,6ab54c8261689377c6c10f99db394501b9049ed832793c6ff2ebd827b5d95eec,b9685535e0d715ed9954ee60e7ab5fe88109a982718286ff18519e20e4dca459,0.8923056573043773,0.8923056573043773,fraction,2158,1877,1,original_probabilities_verified,0.9140916852409442,963,1195,0.872449118046133,550,1608,0.9049476067475146,521,1637,0.8836176778851753,496,1662,0.8864221986021193,262,1896
tcn,17,I__snr_0__noise_505,I,,0.0,505.0,defa020a328ce6e8df45aef853e965716ac0367a2929b916f59e34fdb48b6914,methodology_supplement/results/predictions/full/tcn/seed_17/standard__n505__independent_rms__snr0.npz,defa020a328ce6e8df45aef853e965716ac0367a2929b916f59e34fdb48b6914,6ab54c8261689377c6c10f99db394501b9049ed832793c6ff2ebd827b5d95eec,ce3dcc966a294de3f65ce5c8391a420750abbaa2fd697122f8d6836e7100a9aa,0.8907581188709764,0.8907581188709764,fraction,2158,1877,1,original_probabilities_verified,0.9146095925824546,963,1195,0.8705257801899593,550,1608,0.9061951488901682,521,1637,0.8755446702379566,496,1662,0.8869154024543434,262,1896
tcn,17,I__snr_0__noise_8128,I,,0.0,8128.0,a94ee13eb73bafdd9410d01cfa0ca5be42c07e780b5e54af77028bb35fb95fca,methodology_supplement/results/predictions/full/tcn/seed_17/standard__n8128__independent_rms__snr0.npz,a94ee13eb73bafdd9410d01cfa0ca5be42c07e780b5e54af77028bb35fb95fca,6ab54c8261689377c6c10f99db394501b9049ed832793c6ff2ebd827b5d95eec,25906cf56405bdae430b0cb33fc5c894b641d005d5e0638db02626962cf86f9b,0.8918935271161852,0.891893527116185,fraction,2158,1877,1,original_probabilities_verified,0.9146608619333759,963,1195,0.8764235639981909,550,1608,0.9067720198809441,521,1637,0.8786816796708202,496,1662,0.882929510097594,262,1896
tcn,17,I__snr_10__noise_101,I,,10.0,101.0,f123c0127996bfcbe009e3bf8e8d37b6d1d963ca20908be950eea8afd7cc2cb1,methodology_supplement/results/predictions/full/tcn/seed_17/standard__n101__independent_rms__snr10.npz,f123c0127996bfcbe009e3bf8e8d37b6d1d963ca20908be950eea8afd7cc2cb1,6ab54c8261689377c6c10f99db394501b9049ed832793c6ff2ebd827b5d95eec,2e11974ad9bf84a2a653ea36780b96e915ea2f3150c9ce8d696e750a95c83949,0.9136887402472185,0.9136887402472184,fraction,2158,1877,1,original_probabilities_verified,0.9374175019660492,963,1195,0.9002894617819991,550,1608,0.932277456186531,521,1637,0.9077190326462482,496,1662,0.8907402486552646,262,1896
tcn,17,I__snr_10__noise_202,I,,10.0,202.0,3774b8a880637f7cfa691dc2927dc0f8d185123f30a4d435b37c7624b1b56757,methodology_supplement/results/predictions/full/tcn/seed_17/standard__n202__independent_rms__snr10.npz,3774b8a880637f7cfa691dc2927dc0f8d185123f30a4d435b37c7624b1b56757,6ab54c8261689377c6c10f99db394501b9049ed832793c6ff2ebd827b5d95eec,fa03e8ff81a47d8c5aba08b3ed4465ae3a01e93831fe18abff00db5f891a5c45,0.9142578669696977,0.9142578669696976,fraction,2158,1877,1,original_probabilities_verified,0.938052720534244,963,1195,0.9020759837177748,550,1608,0.9330255124713177,521,1637,0.9080793156321572,496,1662,0.8900558024929945,262,1896
tcn,17,I__snr_10__noise_303,I,,10.0,303.0,911c782e813f715d8d003721bdc5f4756330e0bb7c5df82d8358d8eae6cc7bf4,methodology_supplement/results/predictions/full/tcn/seed_17/standard__n303__independent_rms__snr10.npz,911c782e813f715d8d003721bdc5f4756330e0bb7c5df82d8358d8eae6cc7bf4,6ab54c8261689377c6c10f99db394501b9049ed832793c6ff2ebd827b5d95eec,4cca537f5eea5b5d6ca82ef45d0358b7471452611b18e7bbe977f9002fd8514c,0.9134510073903161,0.913451007390316,fraction,2158,1877,1,original_probabilities_verified,0.9373679705592269,963,1195,0.9017559927634554,550,1608,0.9327112819316267,521,1637,0.9072180330732502,496,1662,0.8882017586240216,262,1896
tcn,17,I__snr_10__noise_404,I,,10.0,404.0,a28d963d00365e431171fcdb192ad102643b799751b65ab1635a96f95cac6f0b,methodology_supplement/results/predictions/full/tcn/seed_17/standard__n404__independent_rms__snr10.npz,a28d963d00365e431171fcdb192ad102643b799751b65ab1635a96f95cac6f0b,6ab54c8261689377c6c10f99db394501b9049ed832793c6ff2ebd827b5d95eec,dc05ef41e573ddcb91f35d3658be71e2bf841c76403c1d5b67bfc07df3cf6cf9,0.9138035513173204,0.9138035513173204,fraction,2158,1877,1,original_probabilities_verified,0.9370438439847583,963,1195,0.9015038444142922,550,1608,0.9314227022184911,521,1637,0.9083413396219091,496,1662,0.8907060263471511,262,1896
tcn,17,I__snr_10__noise_505,I,,10.0,505.0,0acb334fc1a03fddc00a8334b9c61b47c1dfdda295b13e7f20c33ec270824689,methodology_supplement/results/predictions/full/tcn/seed_17/standard__n505__independent_rms__snr10.npz,0acb334fc1a03fddc00a8334b9c61b47c1dfdda295b13e7f20c33ec270824689,6ab54c8261689377c6c10f99db394501b9049ed832793c6ff2ebd827b5d95eec,40f2f74bd5618065dc046256d7aaf6013feb004c515e5cce69c08aa92797d386,0.9137616373757746,0.9137616373757744,fraction,2158,1877,1,original_probabilities_verified,0.937743366484617,963,1195,0.9011454093170511,550,1608,0.9316806526615209,521,1637,0.9069972536004037,496,1662,0.8912415048152801,262,1896
tcn,17,I__snr_10__noise_8128,I,,10.0,8128.0,50b9505ad1a93a6a56be1c635f11734618d34fb216ccdab14fdae9f3bc8e24c7,methodology_supplement/results/predictions/full/tcn/seed_17/standard__n8128__independent_rms__snr10.npz,50b9505ad1a93a6a56be1c635f11734618d34fb216ccdab14fdae9f3bc8e24c7,6ab54c8261689377c6c10f99db394501b9049ed832793c6ff2ebd827b5d95eec,52a737fdeb584852a0d45c42729c1a3c8a4457e5b51ab403ca1fd00fd4b40bb9,0.9145516425935172,0.9145516425935172,fraction,2158,1877,1,original_probabilities_verified,0.9381735076491264,963,1195,0.9035979194934419,550,1608,0.9328414296551555,521,1637,0.907932533674935,496,1662,0.8902128224949271,262,1896
tcn,17,I__snr_5__noise_101,I,,5.0,101.0,3acac2209afcc2ec9a478ab23ea3adc6d6ca1f38eefa1ccc3d2cdfdbdf160ccf,methodology_supplement/results/predictions/full/tcn/seed_17/standard__n101__independent_rms__snr5.npz,3acac2209afcc2ec9a478ab23ea3adc6d6ca1f38eefa1ccc3d2cdfdbdf160ccf,6ab54c8261689377c6c10f99db394501b9049ed832793c6ff2ebd827b5d95eec,d49ac1d77ee75afd3789bb2ceff039ce8d719c2ca6f6a349c9c17f7098b08599,0.9073883855968358,0.9073883855968358,fraction,2158,1877,1,original_probabilities_verified,0.9301198746942304,963,1195,0.8900949796472184,550,1608,0.9255027395509552,521,1637,0.9020321416094096,496,1662,0.8891921924823655,262,1896
tcn,17,I__snr_5__noise_202,I,,5.0,202.0,0341567967ae121859b25fb38d23c2d5d86502e62a47ec92e0fbfb2105edc207,methodology_supplement/results/predictions/full/tcn/seed_17/standard__n202__independent_rms__snr5.npz,0341567967ae121859b25fb38d23c2d5d86502e62a47ec92e0fbfb2105edc207,6ab54c8261689377c6c10f99db394501b9049ed832793c6ff2ebd827b5d95eec,0360ee49bce1989641f1db50607d38189be93cd3e3f0c15d2967aeceb8879683,0.9083933992115396,0.9083933992115396,fraction,2158,1877,1,original_probabilities_verified,0.9309349704766746,963,1195,0.8932756671189507,550,1608,0.9267866292560357,521,1637,0.9024639959628896,496,1662,0.8885057332431475,262,1896
tcn,17,I__snr_5__noise_303,I,,5.0,303.0,4ddd9f668ca8762e6f78dedc309f303493dfc0c8d2be609ef0ea3823b97212dc,methodology_supplement/results/predictions/full/tcn/seed_17/standard__n303__independent_rms__snr5.npz,4ddd9f668ca8762e6f78dedc309f303493dfc0c8d2be609ef0ea3823b97212dc,6ab54c8261689377c6c10f99db394501b9049ed832793c6ff2ebd827b5d95eec,c20aab6721faa0e8591c24d76190edbb47049c50f9ed46c7a86ae50545ff5794,0.9071670829868292,0.9071670829868292,fraction,2158,1877,1,original_probabilities_verified,0.9301372541352207,963,1195,0.892226368159204,550,1608,0.92621913828137,521,1637,0.9009391619114164,496,1662,0.8863134924469352,262,1896
tcn,17,I__snr_5__noise_404,I,,5.0,404.0,f0f89c4e72eca623f33d7fa086ab17059f02c454fcf9a19cc5ef80952134e57b,methodology_supplement/results/predictions/full/tcn/seed_17/standard__n404__independent_rms__snr5.npz,f0f89c4e72eca623f33d7fa086ab17059f02c454fcf9a19cc5ef80952134e57b,6ab54c8261689377c6c10f99db394501b9049ed832793c6ff2ebd827b5d95eec,39d832fbf0ea92025813b71fe99c3a23638662e68df3c98584f1e9933048a487,0.9081062835749766,0.9081062835749766,fraction,2158,1877,1,original_probabilities_verified,0.9295654705266405,963,1195,0.8924400723654455,550,1608,0.9247476482540858,521,1637,0.903831130390901,496,1662,0.8899470963378104,262,1896
tcn,17,I__snr_5__noise_505,I,,5.0,505.0,067f64c76af455257b5bf46f7bebce5bbf1982d2a1ba7e1fd05abee2f38c62ea,methodology_supplement/results/predictions/full/tcn/seed_17/standard__n505__independent_rms__snr5.npz,067f64c76af455257b5bf46f7bebce5bbf1982d2a1ba7e1fd05abee2f38c62ea,6ab54c8261689377c6c10f99db394501b9049ed832793c6ff2ebd827b5d95eec,2e1ebb8fee3c5cfc3af7c2a5eede4bb35c6eed8e806f604d6181ebc212b9c620,0.907485711214582,0.907485711214582,fraction,2158,1877,1,original_probabilities_verified,0.9300538328184674,963,1195,0.8914812302125735,550,1608,0.9253163117307655,521,1637,0.8996617949613758,496,1662,0.8909153863497278,262,1896
tcn,17,I__snr_5__noise_8128,I,,5.0,8128.0,7ae1d76b9450cada011480a043c3f50c223a351e76ac895282c4983635a9de82,methodology_supplement/results/predictions/full/tcn/seed_17/standard__n8128__independent_rms__snr5.npz,7ae1d76b9450cada011480a043c3f50c223a351e76ac895282c4983635a9de82,6ab54c8261689377c6c10f99db394501b9049ed832793c6ff2ebd827b5d95eec,9ac7f1df732224f4a0a2fc01ed414b32fdc10d4ec73eead7d7e5fff91a464581,0.9089518562456831,0.9089518562456832,fraction,2158,1877,1,original_probabilities_verified,0.9309097702872388,963,1195,0.8958627317955676,550,1608,0.9266201339700801,521,1637,0.9025428457746205,496,1662,0.8888237994009083,262,1896
tcn,17,S_00__snr_0__noise_101,S_00,S_00,0.0,101.0,3c760a7efb6163ab799a3d5a9c0707176c704bddae7e0f7151e267b8ec944c31,signed_control_mechanism/predictions/full/worker_tcn_0/seed_17/S_00__snr_0__noise_101.npz,3c760a7efb6163ab799a3d5a9c0707176c704bddae7e0f7151e267b8ec944c31,6ab54c8261689377c6c10f99db394501b9049ed832793c6ff2ebd827b5d95eec,90d43cf6d4d340502be9500dc2ad9e31ae28d1b5f7ab521277522775383393d1,0.8896012829284234,0.8896012829284237,fraction,2158,1877,1,original_probabilities_verified,0.9153264945233036,963,1195,0.8694391677973767,550,1608,0.9052770798133846,521,1637,0.8781624839874228,496,1662,0.87980118852063,262,1896
tcn,17,S_00__snr_0__noise_202,S_00,S_00,0.0,202.0,2eaada03c0b6efd2face72945471453b2c6996c5c7513bd07d2c789c796fbeec,signed_control_mechanism/predictions/full/worker_tcn_0/seed_17/S_00__snr_0__noise_202.npz,2eaada03c0b6efd2face72945471453b2c6996c5c7513bd07d2c789c796fbeec,6ab54c8261689377c6c10f99db394501b9049ed832793c6ff2ebd827b5d95eec,81b02d3e282ab4b3f42d5d0c575a4d09e2d59536d14c51a69cc095976009c5cf,0.8866111617407126,0.8866111617407126,fraction,2158,1877,1,original_probabilities_verified,0.9132652928218564,963,1195,0.8621867933061963,550,1608,0.9037141346290263,521,1637,0.8761960909902566,496,1662,0.8776934969562277,262,1896
tcn,17,S_00__snr_0__noise_303,S_00,S_00,0.0,303.0,5f83e020ed20f232515b02d1e3840fa6850b7ca384f2b17230f9d153931a0e0d,signed_control_mechanism/predictions/full/worker_tcn_0/seed_17/S_00__snr_0__noise_303.npz,5f83e020ed20f232515b02d1e3840fa6850b7ca384f2b17230f9d153931a0e0d,6ab54c8261689377c6c10f99db394501b9049ed832793c6ff2ebd827b5d95eec,fd433d20cb8bb5b1561e3cc2690233c19cb634445bd5684d427ed37b5f8dbf77,0.8893005935270695,0.8893005935270695,fraction,2158,1877,1,original_probabilities_verified,0.9151162032873212,963,1195,0.8702238805970149,550,1608,0.9048080790078757,521,1637,0.8794665385660495,496,1662,0.8768882661770864,262,1896
tcn,17,S_00__snr_0__noise_404,S_00,S_00,0.0,404.0,8cf62581073117aaa9bfa354c91a14b5d70d47c8260af0f04cb898e7ba05198b,signed_control_mechanism/predictions/full/worker_tcn_0/seed_17/S_00__snr_0__noise_404.npz,8cf62581073117aaa9bfa354c91a14b5d70d47c8260af0f04cb898e7ba05198b,6ab54c8261689377c6c10f99db394501b9049ed832793c6ff2ebd827b5d95eec,4e528fa2a3e4d36f95fec6f366ca9be4a3dd927b1662cd5897a3fca3612237d3,0.8891529807764297,0.8891529807764297,fraction,2158,1877,1,original_probabilities_verified,0.9145791785607216,963,1195,0.8677317955676165,550,1608,0.9049370542293906,521,1637,0.8794726039361827,496,1662,0.8790442715882372,262,1896
tcn,17,S_00__snr_0__noise_505,S_00,S_00,0.0,505.0,660b37fec40aa1d1cafd2c4e37a7b01962a4d44bab005a09c4ef7e27decfeafb,signed_control_mechanism/predictions/full/worker_tcn_0/seed_17/S_00__snr_0__noise_505.npz,660b37fec40aa1d1cafd2c4e37a7b01962a4d44bab005a09c4ef7e27decfeafb,6ab54c8261689377c6c10f99db394501b9049ed832793c6ff2ebd827b5d95eec,ae3e295190787e1bd5a143a7eaa8fdce8f11cd42d11a9a3791f5299eeff3701c,0.8890003754932156,0.8890003754932156,fraction,2158,1877,1,original_probabilities_verified,0.914015215700587,963,1195,0.8695454545454545,550,1608,0.9049499517515421,521,1637,0.8785239800473584,496,1662,0.8779672754211357,262,1896
tcn,17,S_00__snr_0__noise_8128,S_00,S_00,0.0,8128.0,f1eea05c99e4c86d5e904d6ca498f27155f50f458a50dab7782ab909d084a60b,signed_control_mechanism/predictions/full/worker_tcn_0/seed_17/S_00__snr_0__noise_8128.npz,f1eea05c99e4c86d5e904d6ca498f27155f50f458a50dab7782ab909d084a60b,6ab54c8261689377c6c10f99db394501b9049ed832793c6ff2ebd827b5d95eec,d8002ce68750b6263e1550035c8d1e4ba6bdddad4553ab5abfdabf86d33d5832,0.8884626314107461,0.8884626314107461,fraction,2158,1877,1,original_probabilities_verified,0.914753841942674,963,1195,0.8690083672546359,550,1608,0.9049605042696661,521,1637,0.877690598191064,496,1662,0.8758998453956904,262,1896
tcn,17,S_00__snr_10__noise_101,S_00,S_00,10.0,101.0,3a713ba91dbdd80cfe5d9634aaa4d04ea15f0e50f9e1c8ce2c7d0aeffbaec1e2,signed_control_mechanism/predictions/full/worker_tcn_0/seed_17/S_00__snr_10__noise_101.npz,3a713ba91dbdd80cfe5d9634aaa4d04ea15f0e50f9e1c8ce2c7d0aeffbaec1e2,6ab54c8261689377c6c10f99db394501b9049ed832793c6ff2ebd827b5d95eec,1e0ab9e2e03660c142635dabcd943b8accb16370cd1304748436cd25b62a2d97,0.9135226741841237,0.9135226741841236,fraction,2158,1877,1,original_probabilities_verified,0.9368335527487759,963,1195,0.9024977385798282,550,1608,0.9315551949460473,521,1637,0.907919189860642,496,1662,0.8888076947853255,262,1896
tcn,17,S_00__snr_10__noise_202,S_00,S_00,10.0,202.0,f3152353f4ec9e4402dedfe7258fb64a7fb132656cdb79c5736bdb33b4e312c8,signed_control_mechanism/predictions/full/worker_tcn_0/seed_17/S_00__snr_10__noise_202.npz,f3152353f4ec9e4402dedfe7258fb64a7fb132656cdb79c5736bdb33b4e312c8,6ab54c8261689377c6c10f99db394501b9049ed832793c6ff2ebd827b5d95eec,1c508f1f829a555e7dad3ef6924e632d193e7edd2c7b2b0ef24af52bf0a623d7,0.9126326458419911,0.9126326458419912,fraction,2158,1877,1,original_probabilities_verified,0.9362687209165917,963,1195,0.8990355042966983,550,1608,0.9312773119687833,521,1637,0.9080477757074648,496,1662,0.8885339163204174,262,1896
tcn,17,S_00__snr_10__noise_303,S_00,S_00,10.0,303.0,1a5cb1d0a65bce834723593ed15cbf54c652193d5ea886bdcf853243e61ff07d,signed_control_mechanism/predictions/full/worker_tcn_0/seed_17/S_00__snr_10__noise_303.npz,1a5cb1d0a65bce834723593ed15cbf54c652193d5ea886bdcf853243e61ff07d,6ab54c8261689377c6c10f99db394501b9049ed832793c6ff2ebd827b5d95eec,32d2cb77e337cc06372802b06e82502191740ff0fe52846ac83b76663f759d6f,0.9131844184735975,0.9131844184735975,fraction,2158,1877,1,original_probabilities_verified,0.9376060689007938,963,1195,0.9020737222976029,550,1608,0.9307274085243241,521,1637,0.9071440355576259,496,1662,0.8883708570876413,262,1896
tcn,17,S_00__snr_10__noise_404,S_00,S_00,10.0,404.0,2f4243f8c5d5b3a72d50e54fba3542228d8ffb6dffbba5f2d0b9da9a2af23ea6,signed_control_mechanism/predictions/full/worker_tcn_0/seed_17/S_00__snr_10__noise_404.npz,2f4243f8c5d5b3a72d50e54fba3542228d8ffb6dffbba5f2d0b9da9a2af23ea6,6ab54c8261689377c6c10f99db394501b9049ed832793c6ff2ebd827b5d95eec,f54cf2b8ac4a90a307c2babe36bc41ebbd493435128ba08bec19126e2416f4eb,0.9131104133920873,0.9131104133920876,fraction,2158,1877,1,original_probabilities_verified,0.9362183205377199,963,1195,0.9008819538670285,550,1608,0.9317334152521407,521,1637,0.9080938725204767,496,1662,0.8886245047830709,262,1896
tcn,17,S_00__snr_10__noise_505,S_00,S_00,10.0,505.0,0c1be65bbc50f3fb8e25f785a4e096efae05f44ca0d02d55b5499e5eb26bc33e,signed_control_mechanism/predictions/full/worker_tcn_0/seed_17/S_00__snr_10__noise_505.npz,0c1be65bbc50f3fb8e25f785a4e096efae05f44ca0d02d55b5499e5eb26bc33e,6ab54c8261689377c6c10f99db394501b9049ed832793c6ff2ebd827b5d95eec,468ceab8b827fd18033d999ca7f1ddd04548469ccc7fc2bd33f352d264901b17,0.9131795689054686,0.9131795689054686,fraction,2158,1877,1,original_probabilities_verified,0.9361166508079267,963,1195,0.9018622795115332,550,1608,0.9321050983905065,521,1637,0.9077469333488607,496,1662,0.8880668824685155,262,1896
tcn,17,S_00__snr_10__noise_8128,S_00,S_00,10.0,8128.0,838c5305125cd710d86cddd2ef4471f0b3cbe3c1a8a2fb5c6cae1bde9b5fced0,signed_control_mechanism/predictions/full/worker_tcn_0/seed_17/S_00__snr_10__noise_8128.npz,838c5305125cd710d86cddd2ef4471f0b3cbe3c1a8a2fb5c6cae1bde9b5fced0,6ab54c8261689377c6c10f99db394501b9049ed832793c6ff2ebd827b5d95eec,0514b15f68c6d2343a1108522528aa747a7fe7b86ff953eb2caf2a94e7db56e1,0.9135967675507294,0.9135967675507294,fraction,2158,1877,1,original_probabilities_verified,0.9378684984597471,963,1195,0.9019120307553143,550,1608,0.9325307166215058,521,1637,0.90776876868134,496,1662,0.8879038232357394,262,1896
tcn,17,S_00__snr_5__noise_101,S_00,S_00,5.0,101.0,ad03f57495457fb2f4ffe11f55b59c03d1f17fbcee92822fe28d9d9141d6c302,signed_control_mechanism/predictions/full/worker_tcn_0/seed_17/S_00__snr_5__noise_101.npz,ad03f57495457fb2f4ffe11f55b59c03d1f17fbcee92822fe28d9d9141d6c302,6ab54c8261689377c6c10f99db394501b9049ed832793c6ff2ebd827b5d95eec,220e36ea2d5ba55aec5527fcad1de662c00e615ace2c96f2dfaa1568f2e29239,0.9065831947887044,0.9065831947887044,fraction,2158,1877,1,original_probabilities_verified,0.9288424857814448,963,1195,0.8925192220714608,550,1608,0.9238201991611921,521,1637,0.9014729144831334,496,1662,0.8862611524462911,262,1896
tcn,17,S_00__snr_5__noise_202,S_00,S_00,5.0,202.0,51840be97f911ac123c5d91d11507920d26ca67df534437e4f55c00678a380ac,signed_control_mechanism/predictions/full/worker_tcn_0/seed_17/S_00__snr_5__noise_202.npz,51840be97f911ac123c5d91d11507920d26ca67df534437e4f55c00678a380ac,6ab54c8261689377c6c10f99db394501b9049ed832793c6ff2ebd827b5d95eec,300a38d999658a54359a89a95def721048f44ce9a071c41982a765edaf761244,0.9050852782975978,0.9050852782975978,fraction,2158,1877,1,original_probabilities_verified,0.9276233179959766,963,1195,0.887636815920398,550,1608,0.9227766723689348,521,1637,0.9012290866037809,496,1662,0.8861604985988984,262,1896
tcn,17,S_00__snr_5__noise_303,S_00,S_00,5.0,303.0,36ffb554b88cb90a4df911895913d584df92d7f3b7c1ecddf8a0db69d8132ddb,signed_control_mechanism/predictions/full/worker_tcn_0/seed_17/S_00__snr_5__noise_303.npz,36ffb554b88cb90a4df911895913d584df92d7f3b7c1ecddf8a0db69d8132ddb,6ab54c8261689377c6c10f99db394501b9049ed832793c6ff2ebd827b5d95eec,e147144e3e36f1d2fe4bed6ecd3453f2e12e6d773039628d91467954594c7f71,0.9065392873403564,0.9065392873403564,fraction,2158,1877,1,original_probabilities_verified,0.9297045060545628,963,1195,0.8930416101311623,550,1608,0.9229431676548905,521,1637,0.9012412173440472,496,1662,0.8857659355171192,262,1896
tcn,17,S_00__snr_5__noise_404,S_00,S_00,5.0,404.0,9cb4ff954c6e00d7448146cb2137e80e1a3568eb8f2894794f3d8fb4a8f149d5,signed_control_mechanism/predictions/full/worker_tcn_0/seed_17/S_00__snr_5__noise_404.npz,9cb4ff954c6e00d7448146cb2137e80e1a3568eb8f2894794f3d8fb4a8f149d5,6ab54c8261689377c6c10f99db394501b9049ed832793c6ff2ebd827b5d95eec,78a0e2024de79f2beb09d640b89f830d106d9956efbd4da8ed41f768e4d13595,0.9062665766787787,0.9062665766787787,fraction,2158,1877,1,original_probabilities_verified,0.9281733773033191,963,1195,0.8908073270013569,550,1608,0.9242809924526045,521,1637,0.9015966480338496,496,1662,0.8864745386027636,262,1896
tcn,17,S_00__snr_5__noise_505,S_00,S_00,5.0,505.0,abeb87e4c346bb71d55143e49a171c4e4c6f35e77a8408a373d2c467ea151e80,signed_control_mechanism/predictions/full/worker_tcn_0/seed_17/S_00__snr_5__noise_505.npz,abeb87e4c346bb71d55143e49a171c4e4c6f35e77a8408a373d2c467ea151e80,6ab54c8261689377c6c10f99db394501b9049ed832793c6ff2ebd827b5d95eec,303de8547e643e7b4aedd29e9198bfcef464370d9f3ec4890f797f4dfc6c629e,0.906587402212201,0.906587402212201,fraction,2158,1877,1,original_probabilities_verified,0.9280273899990007,963,1195,0.8922925146992311,550,1608,0.9250138062112122,521,1637,0.9020527638678623,496,1662,0.885550536283699,262,1896
tcn,17,S_00__snr_5__noise_8128,S_00,S_00,5.0,8128.0,4df8be97b11b7ab110b292c843568a76225ca73dd21aff7ec73ef3e9d8be6f47,signed_control_mechanism/predictions/full/worker_tcn_0/seed_17/S_00__snr_5__noise_8128.npz,4df8be97b11b7ab110b292c843568a76225ca73dd21aff7ec73ef3e9d8be6f47,6ab54c8261689377c6c10f99db394501b9049ed832793c6ff2ebd827b5d95eec,ee82eeee14bc94ae2d245352f6a09c5cd4f491fd0d22f6a36c057227de67b495,0.9067686802596988,0.9067686802596988,fraction,2158,1877,1,original_probabilities_verified,0.9299156662625947,963,1195,0.8926639529624604,550,1608,0.9252295465817463,521,1637,0.9011017138309848,496,1662,0.8849325216607079,262,1896
tcn,17,S_01__snr_0__noise_101,S_01,S_01,0.0,101.0,ba2715e25294cb0b7e7be8eb66774430551039bbaca7f3e962d9bfb4cb75e46b,signed_control_mechanism/predictions/full/worker_tcn_0/seed_17/S_01__snr_0__noise_101.npz,ba2715e25294cb0b7e7be8eb66774430551039bbaca7f3e962d9bfb4cb75e46b,6ab54c8261689377c6c10f99db394501b9049ed832793c6ff2ebd827b5d95eec,4ad0282d0762b557311cf9f985d2c81a54b7c9fafba60fbe893e56e380fd3455,0.8943937508468179,0.8943937508468179,fraction,2158,1877,1,original_probabilities_verified,0.9136511164118406,963,1195,0.8791406603346902,550,1608,0.9143358303717887,521,1637,0.8801240246884826,496,1662,0.8847171224272876,262,1896
tcn,17,S_01__snr_0__noise_202,S_01,S_01,0.0,202.0,b73ae009b7d9d1f3ab4569b8d19177e544b5cb1bf336314d0a080f63e5c08c2c,signed_control_mechanism/predictions/full/worker_tcn_0/seed_17/S_01__snr_0__noise_202.npz,b73ae009b7d9d1f3ab4569b8d19177e544b5cb1bf336314d0a080f63e5c08c2c,6ab54c8261689377c6c10f99db394501b9049ed832793c6ff2ebd827b5d95eec,d1627539fea69ee46eed5057e4180b83b2c1e03f2ce562dfa1d490115aa55b1b,0.8898759729753147,0.8898759729753147,fraction,2158,1877,1,original_probabilities_verified,0.908994295198495,963,1195,0.8693634102216192,550,1608,0.9116695607924706,521,1637,0.8749636077792011,496,1662,0.8843889908847876,262,1896
tcn,17,S_01__snr_0__noise_303,S_01,S_01,0.0,303.0,b21175a399bf5d68f43a49d27cfd66be790d6551fe25826b05a3e88cd5f47ff2,signed_control_mechanism/predictions/full/worker_tcn_0/seed_17/S_01__snr_0__noise_303.npz,b21175a399bf5d68f43a49d27cfd66be790d6551fe25826b05a3e88cd5f47ff2,6ab54c8261689377c6c10f99db394501b9049ed832793c6ff2ebd827b5d95eec,2256b4467948b0a0b9b63b5dd0f3c021dcd8f62f254d5f2cda5b979325a9d4c5,0.8913154260445385,0.8913154260445383,fraction,2158,1877,1,original_probabilities_verified,0.9092176210152201,963,1195,0.8729579375848032,550,1608,0.912373062000734,521,1637,0.8771422887310275,496,1662,0.8848862208909073,262,1896
tcn,17,S_01__snr_0__noise_404,S_01,S_01,0.0,404.0,2c292ebc26bbccb7cb9105b0745f06b04f4de589cc257499d55f2008b0e6c819,signed_control_mechanism/predictions/full/worker_tcn_0/seed_17/S_01__snr_0__noise_404.npz,2c292ebc26bbccb7cb9105b0745f06b04f4de589cc257499d55f2008b0e6c819,6ab54c8261689377c6c10f99db394501b9049ed832793c6ff2ebd827b5d95eec,2d5b4a43a7cfe3291eec467be6e7752537981af714ac9e44c49310918e3495d4,0.89111880117987,0.89111880117987,fraction,2158,1877,1,original_probabilities_verified,0.9088378802295825,963,1195,0.8707180009045681,550,1608,0.9130378706425428,521,1637,0.879438637863437,496,1662,0.8835616162592199,262,1896
tcn,17,S_01__snr_0__noise_505,S_01,S_01,0.0,505.0,3ab4f09bd217107944ee4b9675f2ffd55cbb0fd1a622355802cbe2fbf78d2f39,signed_control_mechanism/predictions/full/worker_tcn_0/seed_17/S_01__snr_0__noise_505.npz,3ab4f09bd217107944ee4b9675f2ffd55cbb0fd1a622355802cbe2fbf78d2f39,6ab54c8261689377c6c10f99db394501b9049ed832793c6ff2ebd827b5d95eec,9e9bdcb7613e1993e72746811d7aa1b1523c3c62f5413b995d7fe4a09c4607b9,0.8904697477747213,0.8904697477747217,fraction,2158,1877,1,original_probabilities_verified,0.9098641362200585,963,1195,0.8686601085481682,550,1608,0.9091721315031358,521,1637,0.8797601024804937,496,1662,0.8848922601217509,262,1896
tcn,17,S_01__snr_0__noise_8128,S_01,S_01,0.0,8128.0,16b573238b1c774043d59fc5ce1bcd952d7559dedbb6aacf3342c696575ce08e,signed_control_mechanism/predictions/full/worker_tcn_0/seed_17/S_01__snr_0__noise_8128.npz,16b573238b1c774043d59fc5ce1bcd952d7559dedbb6aacf3342c696575ce08e,6ab54c8261689377c6c10f99db394501b9049ed832793c6ff2ebd827b5d95eec,c9f7302b910ac1c991a30860748f9e5442d831a3241db514a8c540df070993c3,0.8909325829492667,0.8909325829492667,fraction,2158,1877,1,original_probabilities_verified,0.9097963564001964,963,1195,0.8704047942107643,550,1608,0.9147368260604988,521,1637,0.876813545669811,496,1662,0.8829113924050633,262,1896
tcn,17,S_01__snr_10__noise_101,S_01,S_01,10.0,101.0,54506e27f0ae5fc1f2bf2d43299668c65efb889c2612cdbac839cffa2ff2bff4,signed_control_mechanism/predictions/full/worker_tcn_0/seed_17/S_01__snr_10__noise_101.npz,54506e27f0ae5fc1f2bf2d43299668c65efb889c2612cdbac839cffa2ff2bff4,6ab54c8261689377c6c10f99db394501b9049ed832793c6ff2ebd827b5d95eec,4926751af214d4c594111dbc9b3ca31106410c9e87a8860c952ce89c1284c727,0.9147465718768476,0.9147465718768476,fraction,2158,1877,1,original_probabilities_verified,0.9386271110589728,963,1195,0.9029240162822252,550,1608,0.9336457660366032,521,1637,0.9083231435115097,496,1662,0.8902128224949271,262,1896
tcn,17,S_01__snr_10__noise_202,S_01,S_01,10.0,202.0,211f5a9d12d4ed76f3268d805b29e3dc63fdfb38c24ed8fc4edd22622f350f3c,signed_control_mechanism/predictions/full/worker_tcn_0/seed_17/S_01__snr_10__noise_202.npz,211f5a9d12d4ed76f3268d805b29e3dc63fdfb38c24ed8fc4edd22622f350f3c,6ab54c8261689377c6c10f99db394501b9049ed832793c6ff2ebd827b5d95eec,9b191fd1cbe456a82e5ec5a8d2bd63ec53f53b01808440e198afe027638c2276,0.9134488019302468,0.9134488019302468,fraction,2158,1877,1,original_probabilities_verified,0.9377290284458001,963,1195,0.9003573043871551,550,1608,0.9322059335636909,521,1637,0.9072180330732502,496,1662,0.889733710181338,262,1896
tcn,17,S_01__snr_10__noise_303,S_01,S_01,10.0,303.0,60bf7613cddf4521b379f2d5cf7cbb331f7e471aed4a65df063995751b90a24d,signed_control_mechanism/predictions/full/worker_tcn_0/seed_17/S_01__snr_10__noise_303.npz,60bf7613cddf4521b379f2d5cf7cbb331f7e471aed4a65df063995751b90a24d,6ab54c8261689377c6c10f99db394501b9049ed832793c6ff2ebd827b5d95eec,edaadb28b498808962a53be9623f8e5c2795aea0e86472072f57cd892a52d7d7,0.9137876617844579,0.9137876617844578,fraction,2158,1877,1,original_probabilities_verified,0.9373531980343852,963,1195,0.9010459068294889,550,1608,0.9318577004656006,521,1637,0.9083680272504949,496,1662,0.8903134763423197,262,1896
tcn,17,S_01__snr_10__noise_404,S_01,S_01,10.0,404.0,c7d49054b2533bd9976a352777a8d0dd09bb80c56b66b17b9516c1e31b4953a8,signed_control_mechanism/predictions/full/worker_tcn_0/seed_17/S_01__snr_10__noise_404.npz,c7d49054b2533bd9976a352777a8d0dd09bb80c56b66b17b9516c1e31b4953a8,6ab54c8261689377c6c10f99db394501b9049ed832793c6ff2ebd827b5d95eec,4eae76946baf0502be04955e4c5aedfb3e37285a5ed019bea2953adb5dbe910a,0.9137156561713222,0.9137156561713222,fraction,2158,1877,1,original_probabilities_verified,0.9372923699909192,963,1195,0.9004715061058345,550,1608,0.932555339163795,521,1637,0.9088132254182679,496,1662,0.8894458401777949,262,1896
tcn,17,S_01__snr_10__noise_505,S_01,S_01,10.0,505.0,f3766229ab810972fd0027b417a62334f99f52adfd5301ef7cec10af249e9e70,signed_control_mechanism/predictions/full/worker_tcn_0/seed_17/S_01__snr_10__noise_505.npz,f3766229ab810972fd0027b417a62334f99f52adfd5301ef7cec10af249e9e70,6ab54c8261689377c6c10f99db394501b9049ed832793c6ff2ebd827b5d95eec,2d7b7ba68cae4eb9381eed213e99f6bc440fb88ec2e0858473e20608d82942e2,0.9138708216093674,0.9138708216093674,fraction,2158,1877,1,original_probabilities_verified,0.9377312008759239,963,1195,0.9007620985979194,550,1608,0.9316618926293005,521,1637,0.9093142249912659,496,1662,0.889884690952427,262,1896
tcn,17,S_01__snr_10__noise_8128,S_01,S_01,10.0,8128.0,a7990bbc0142e1126cfdc9326a5f5658a562f46b57b0f3bc662187a5cf49e878,signed_control_mechanism/predictions/full/worker_tcn_0/seed_17/S_01__snr_10__noise_8128.npz,a7990bbc0142e1126cfdc9326a5f5658a562f46b57b0f3bc662187a5cf49e878,6ab54c8261689377c6c10f99db394501b9049ed832793c6ff2ebd827b5d95eec,402be9df9cfd80331295032ec9882faa5a4d9c573d9dc0d626c6635b03e3aa77,0.9136208267876442,0.913620826787644,fraction,2158,1877,1,original_probabilities_verified,0.9375730479629123,963,1195,0.900805065581185,550,1608,0.9321109609005753,521,1637,0.9078269962346183,496,1662,0.88978806325893,262,1896
tcn,17,S_01__snr_5__noise_101,S_01,S_01,5.0,101.0,107b6a79e6c964e9c9e2adb6fef205ad2a7b29a42a34d82939c32a215e4c17e4,signed_control_mechanism/predictions/full/worker_tcn_0/seed_17/S_01__snr_5__noise_101.npz,107b6a79e6c964e9c9e2adb6fef205ad2a7b29a42a34d82939c32a215e4c17e4,6ab54c8261689377c6c10f99db394501b9049ed832793c6ff2ebd827b5d95eec,1c617233abf5903b44e133e3f2b7a1b85de584c237de5867e6895bd3d9a3b9e4,0.9098024442362375,0.9098024442362376,fraction,2158,1877,1,original_probabilities_verified,0.9317196522373857,963,1195,0.8954206241519674,550,1608,0.9291761883601035,521,1637,0.9033082954854237,496,1662,0.8893874609463072,262,1896
tcn,17,S_01__snr_5__noise_202,S_01,S_01,5.0,202.0,dd0c29db940d9fbf86343f98f05b1e94296892106dbc7af90adbd4bb56d7d444,signed_control_mechanism/predictions/full/worker_tcn_0/seed_17/S_01__snr_5__noise_202.npz,dd0c29db940d9fbf86343f98f05b1e94296892106dbc7af90adbd4bb56d7d444,6ab54c8261689377c6c10f99db394501b9049ed832793c6ff2ebd827b5d95eec,509d4e518a0012a3599f0a8cbd666ee1194f5301d8354d17322bac2e678bf9b4,0.9073615657239958,0.9073615657239958,fraction,2158,1877,1,original_probabilities_verified,0.9298574451352772,963,1195,0.8907066938037087,550,1608,0.9267995267781872,521,1637,0.9012363650479407,496,1662,0.8882077978548653,262,1896
tcn,17,S_01__snr_5__noise_303,S_01,S_01,5.0,303.0,4a2f189ac6a7daffb1a099fbcf5e5088e96831da89095875202912a7b6c66e17,signed_control_mechanism/predictions/full/worker_tcn_0/seed_17/S_01__snr_5__noise_303.npz,4a2f189ac6a7daffb1a099fbcf5e5088e96831da89095875202912a7b6c66e17,6ab54c8261689377c6c10f99db394501b9049ed832793c6ff2ebd827b5d95eec,1f461dbce7e4c31e81a00c82c25f68f351cf5f6dacf7801ac90d55c962967b88,0.9081255243928045,0.9081255243928044,fraction,2158,1877,1,original_probabilities_verified,0.9291987643217456,963,1195,0.8922127996381728,550,1608,0.9271032047997543,521,1637,0.9030474845696984,496,1662,0.8890653686346507,262,1896
tcn,17,S_01__snr_5__noise_404,S_01,S_01,5.0,404.0,1b4b8f38e3418d127ba5d71ca145255e1e242575589c85630bc31a313e18ca6d,signed_control_mechanism/predictions/full/worker_tcn_0/seed_17/S_01__snr_5__noise_404.npz,1b4b8f38e3418d127ba5d71ca145255e1e242575589c85630bc31a313e18ca6d,6ab54c8261689377c6c10f99db394501b9049ed832793c6ff2ebd827b5d95eec,0f955d1c29033c13bab02979d821278e726d5ed1824e71c3fc721227ab2cde9c,0.9076079353580223,0.9076079353580224,fraction,2158,1877,1,original_probabilities_verified,0.928845961669643,963,1195,0.8899106739032112,550,1608,0.9278278110442655,521,1637,0.9036661523232794,496,1662,0.8877890778497117,262,1896
tcn,17,S_01__snr_5__noise_505,S_01,S_01,5.0,505.0,ca7a08d41655b49feb3610b41c6b828bea8215b111151f0106955e580910340b,signed_control_mechanism/predictions/full/worker_tcn_0/seed_17/S_01__snr_5__noise_505.npz,ca7a08d41655b49feb3610b41c6b828bea8215b111151f0106955e580910340b,6ab54c8261689377c6c10f99db394501b9049ed832793c6ff2ebd827b5d95eec,d51966812cfc3558a6b4d64d10ddd6926599f88406de66a8154101a8aa4a61cf,0.9079437522788576,0.9079437522788576,fraction,2158,1877,1,original_probabilities_verified,0.9297662030700783,963,1195,0.8902170963364994,550,1608,0.9263375609847609,521,1637,0.9046123500640503,496,1662,0.8887855509388991,262,1896
tcn,17,S_01__snr_5__noise_8128,S_01,S_01,5.0,8128.0,9a50d0e9cc100f7d7b595aae56b9ba026d091604eb161eb9bf4a9413656f0f92,signed_control_mechanism/predictions/full/worker_tcn_0/seed_17/S_01__snr_5__noise_8128.npz,9a50d0e9cc100f7d7b595aae56b9ba026d091604eb161eb9bf4a9413656f0f92,6ab54c8261689377c6c10f99db394501b9049ed832793c6ff2ebd827b5d95eec,c8272954b33e2dff3b78c62ffddebcaf5084cec56ceb3573f8807c84573c59f8,0.9078923753342174,0.9078923753342174,fraction,2158,1877,1,original_probabilities_verified,0.9297162371772312,963,1195,0.8910775667118951,550,1608,0.9277076295878538,521,1637,0.9020843037925547,496,1662,0.8888761394015525,262,1896
tcn,17,S_02__snr_0__noise_101,S_02,S_02,0.0,101.0,ba7a66dca39367a1776ce2be3d28c78769db7b84c03e73ae1f2432199c428945,signed_control_mechanism/predictions/full/worker_tcn_0/seed_17/S_02__snr_0__noise_101.npz,ba7a66dca39367a1776ce2be3d28c78769db7b84c03e73ae1f2432199c428945,6ab54c8261689377c6c10f99db394501b9049ed832793c6ff2ebd827b5d95eec,43fe10a8d4abf5de6f97fb7e442444f1db4ec8dd1407c90028db84ef687c59ac,0.8859836653453144,0.8859836653453144,fraction,2158,1877,1,original_probabilities_verified,0.9107426669621171,963,1195,0.8582847127996381,550,1608,0.9016130110203464,521,1637,0.8764168704631031,496,1662,0.882861065481367,262,1896
tcn,17,S_02__snr_0__noise_202,S_02,S_02,0.0,202.0,d87336ea99af436c3477c324bccf0cc339bf390fbfe715d0443dc7c960720ac5,signed_control_mechanism/predictions/full/worker_tcn_0/seed_17/S_02__snr_0__noise_202.npz,d87336ea99af436c3477c324bccf0cc339bf390fbfe715d0443dc7c960720ac5,6ab54c8261689377c6c10f99db394501b9049ed832793c6ff2ebd827b5d95eec,76117846ba6cc9a42740cd9c8c39cd3963a887d4f40cde7507fed6ea27b99d6a,0.8878509299577197,0.8878509299577196,fraction,2158,1877,1,original_probabilities_verified,0.9117367709867612,963,1195,0.8582100859339665,550,1608,0.9055807578349516,521,1637,0.8829092426536237,496,1662,0.8808177923792959,262,1896
tcn,17,S_02__snr_0__noise_303,S_02,S_02,0.0,303.0,54fc48e73010014cfd323fca122bdbe6862935f65a751679e9d527e9631d9779,signed_control_mechanism/predictions/full/worker_tcn_0/seed_17/S_02__snr_0__noise_303.npz,54fc48e73010014cfd323fca122bdbe6862935f65a751679e9d527e9631d9779,6ab54c8261689377c6c10f99db394501b9049ed832793c6ff2ebd827b5d95eec,0c1475cb9bdf7baa725feb40b8e11bbbced799a3087f760fb161e6eeaac10d2f,0.8881621955408209,0.8881621955408209,fraction,2158,1877,1,original_probabilities_verified,0.9124736592847491,963,1195,0.8573315241971958,550,1608,0.9042312080170998,521,1637,0.8850005822755328,496,1662,0.8817740039295262,262,1896
tcn,17,S_02__snr_0__noise_404,S_02,S_02,0.0,404.0,f06829a8437e3ab8d62978998f8b892bb3cf5eaede89633c06c4eff5f85e7bf5,signed_control_mechanism/predictions/full/worker_tcn_0/seed_17/S_02__snr_0__noise_404.npz,f06829a8437e3ab8d62978998f8b892bb3cf5eaede89633c06c4eff5f85e7bf5,6ab54c8261689377c6c10f99db394501b9049ed832793c6ff2ebd827b5d95eec,ec7a37a084c48127dd766ab0f2a5514c03bac4e7add5633ae53fb080ee3df161,0.8882769911090662,0.8882769911090662,fraction,2158,1877,1,original_probabilities_verified,0.911788909309732,963,1195,0.8601843057440073,550,1608,0.9032404438154622,521,1637,0.8838396704320485,496,1662,0.8823316262440816,262,1896
tcn,17,S_02__snr_0__noise_505,S_02,S_02,0.0,505.0,07e145bd62b766fee1e05c19e1b136552842e6f87436daab7943957d36dbdb5a,signed_control_mechanism/predictions/full/worker_tcn_0/seed_17/S_02__snr_0__noise_505.npz,07e145bd62b766fee1e05c19e1b136552842e6f87436daab7943957d36dbdb5a,6ab54c8261689377c6c10f99db394501b9049ed832793c6ff2ebd827b5d95eec,e893cadcb9ef1d532d7ad12fb1f73c51d8d4d761210526a198057c5f8f1537b2,0.888688540853624,0.888688540853624,fraction,2158,1877,1,original_probabilities_verified,0.9111476079371907,963,1195,0.8587302125734961,550,1608,0.9077756816047332,521,1637,0.8796327297076977,496,1662,0.8861564724450027,262,1896
tcn,17,S_02__snr_0__noise_8128,S_02,S_02,0.0,8128.0,33bd78a8e28e473cd64f01013de3dee2daf44f18a76d673b9e3d740f68b60743,signed_control_mechanism/predictions/full/worker_tcn_0/seed_17/S_02__snr_0__noise_8128.npz,33bd78a8e28e473cd64f01013de3dee2daf44f18a76d673b9e3d740f68b60743,6ab54c8261689377c6c10f99db394501b9049ed832793c6ff2ebd827b5d95eec,52a6eda45b5f7e5522b1c14e8947c74c778cc70bfe9dbe5e13fac08a229dbb73,0.887308631358693,0.8873086313586928,fraction,2158,1877,1,original_probabilities_verified,0.9105879899373037,963,1195,0.8607937584803257,550,1608,0.9018873764915691,521,1637,0.8803727048639416,496,1662,0.882901327020324,262,1896
tcn,17,S_02__snr_10__noise_101,S_02,S_02,10.0,101.0,a93455125a31381c41d4eddf96478d8b9e15d0572f06139751303fc8ca6be998,signed_control_mechanism/predictions/full/worker_tcn_0/seed_17/S_02__snr_10__noise_101.npz,a93455125a31381c41d4eddf96478d8b9e15d0572f06139751303fc8ca6be998,6ab54c8261689377c6c10f99db394501b9049ed832793c6ff2ebd827b5d95eec,36c34a1ba1934e75fa8357ec990de058c96a068537c7fa2f85da633d5a30bb2d,0.9137270414231466,0.9137270414231464,fraction,2158,1877,1,original_probabilities_verified,0.9377372836802704,963,1195,0.9003720036182723,550,1608,0.9313910446641193,521,1637,0.9077202457202749,496,1662,0.8914146294327955,262,1896
tcn,17,S_02__snr_10__noise_202,S_02,S_02,10.0,202.0,30a2d8befd21e6781f77d59695e1b7cb3e947b8505d491e74f03eb54f834a29d,signed_control_mechanism/predictions/full/worker_tcn_0/seed_17/S_02__snr_10__noise_202.npz,30a2d8befd21e6781f77d59695e1b7cb3e947b8505d491e74f03eb54f834a29d,6ab54c8261689377c6c10f99db394501b9049ed832793c6ff2ebd827b5d95eec,b26ee9f20081294900731a98eca14a4ec79545ff231170e7acdc02e288f267ff,0.9140710328654456,0.9140710328654452,fraction,2158,1877,1,original_probabilities_verified,0.9370368922083622,963,1195,0.9021528720036183,550,1608,0.932061715815997,521,1637,0.9093578956562245,496,1662,0.8897457886430251,262,1896
tcn,17,S_02__snr_10__noise_303,S_02,S_02,10.0,303.0,42c7903a7b70cb260b9caa58c318f6c6372077ebae5f38f77f03ad42cc1e76a8,signed_control_mechanism/predictions/full/worker_tcn_0/seed_17/S_02__snr_10__noise_303.npz,42c7903a7b70cb260b9caa58c318f6c6372077ebae5f38f77f03ad42cc1e76a8,6ab54c8261689377c6c10f99db394501b9049ed832793c6ff2ebd827b5d95eec,69d8ae0b5c6616b73e46010978a46507e46453b77bfc0a3175a19b9d697a4718,0.914031525974606,0.914031525974606,fraction,2158,1877,1,original_probabilities_verified,0.9375365511368327,963,1195,0.9001696065128901,550,1608,0.9314367722426563,521,1637,0.9105260859438686,496,1662,0.8904886140367829,262,1896
tcn,17,S_02__snr_10__noise_404,S_02,S_02,10.0,404.0,361b95c9def8dd65b62e292ea8522f032574fe28aa5e30be8f56d55f4d93fafc,signed_control_mechanism/predictions/full/worker_tcn_0/seed_17/S_02__snr_10__noise_404.npz,361b95c9def8dd65b62e292ea8522f032574fe28aa5e30be8f56d55f4d93fafc,6ab54c8261689377c6c10f99db394501b9049ed832793c6ff2ebd827b5d95eec,814784add824dc063c5ae725fa8b1f0f6121c13f435c2b7d7b621d4688c1b4dc,0.914218607043777,0.914218607043777,fraction,2158,1877,1,original_probabilities_verified,0.9374870197300104,963,1195,0.9017966983265491,550,1608,0.9319046005461514,521,1637,0.9090376441131943,496,1662,0.8908670725029794,262,1896
tcn,17,S_02__snr_10__noise_505,S_02,S_02,10.0,505.0,ebfd8dd969f5ca7e2fb6007884da3f7d7676d0e74a4c2255d9a42afcc0b2ccca,signed_control_mechanism/predictions/full/worker_tcn_0/seed_17/S_02__snr_10__noise_505.npz,ebfd8dd969f5ca7e2fb6007884da3f7d7676d0e74a4c2255d9a42afcc0b2ccca,6ab54c8261689377c6c10f99db394501b9049ed832793c6ff2ebd827b5d95eec,be8363f604ea449b6309f62210e4ccce7ec50b09759217cb92656c1da2f7fa67,0.9138541864710852,0.9138541864710852,fraction,2158,1877,1,original_probabilities_verified,0.9371759277362843,963,1195,0.9011510628674808,550,1608,0.9325195778523749,521,1637,0.9072774737005551,496,1662,0.891146890198731,262,1896
tcn,17,S_02__snr_10__noise_8128,S_02,S_02,10.0,8128.0,52b91c936413028bef4547af03abc69aee48e17ddfac80486feb8fdd288cf01d,signed_control_mechanism/predictions/full/worker_tcn_0/seed_17/S_02__snr_10__noise_8128.npz,52b91c936413028bef4547af03abc69aee48e17ddfac80486feb8fdd288cf01d,6ab54c8261689377c6c10f99db394501b9049ed832793c6ff2ebd827b5d95eec,077d82d74a2250790753afbb110d0d88cd42dfb2963cd8740a8e833ba9a83058,0.9143693581710748,0.9143693581710748,fraction,2158,1877,1,original_probabilities_verified,0.9383368743944351,963,1195,0.9018068747173225,550,1608,0.9324498139825556,521,1637,0.9085572667986491,496,1662,0.8906959609624119,262,1896
tcn,17,S_02__snr_5__noise_101,S_02,S_02,5.0,101.0,307bd5f53fe3b80c5a3db732b4ba9491db1d40b41a7534a7ef7464de9c8af17d,signed_control_mechanism/predictions/full/worker_tcn_0/seed_17/S_02__snr_5__noise_101.npz,307bd5f53fe3b80c5a3db732b4ba9491db1d40b41a7534a7ef7464de9c8af17d,6ab54c8261689377c6c10f99db394501b9049ed832793c6ff2ebd827b5d95eec,7266ec7b8bf2df1245bc226e6bbb923f158c90a0444d4c318ec7d156ed85c9fe,0.9067429191204945,0.9067429191204944,fraction,2158,1877,1,original_probabilities_verified,0.9292378680639737,963,1195,0.8885187697874265,550,1608,0.9242000898136542,521,1637,0.9013940646714025,496,1662,0.890363803266016,262,1896
tcn,17,S_02__snr_5__noise_202,S_02,S_02,5.0,202.0,5fc0066281eabcdd371cd7a7e214a5416989bd94e5a82cfcc5370d8626559de2,signed_control_mechanism/predictions/full/worker_tcn_0/seed_17/S_02__snr_5__noise_202.npz,5fc0066281eabcdd371cd7a7e214a5416989bd94e5a82cfcc5370d8626559de2,6ab54c8261689377c6c10f99db394501b9049ed832793c6ff2ebd827b5d95eec,1f9b02f54ce7e10b5a3c237f148e53cb639ec168b934291cf5ce5cad7d3e210d,0.9074788941123885,0.9074788941123884,fraction,2158,1877,1,original_probabilities_verified,0.9284922900454907,963,1195,0.8901175938489372,550,1608,0.9260866455538137,521,1637,0.9045626140289585,496,1662,0.8881353270847425,262,1896
tcn,17,S_02__snr_5__noise_303,S_02,S_02,5.0,303.0,ea6c386699d503c6c9a32377433820979220ebe07b6ea02610fd5f0b01b0d17d,signed_control_mechanism/predictions/full/worker_tcn_0/seed_17/S_02__snr_5__noise_303.npz,ea6c386699d503c6c9a32377433820979220ebe07b6ea02610fd5f0b01b0d17d,6ab54c8261689377c6c10f99db394501b9049ed832793c6ff2ebd827b5d95eec,a3a0c777961f499829583e321fcd72f385f4cf92d7a88475e07ef9404d909853,0.9075350722961701,0.9075350722961704,fraction,2158,1877,1,original_probabilities_verified,0.9296193467937104,963,1195,0.8882632293080054,550,1608,0.9246761256312458,521,1637,0.9061056441908311,496,1662,0.8890110155570586,262,1896
tcn,17,S_02__snr_5__noise_404,S_02,S_02,5.0,404.0,d5c353f90afb319c8f4a44f16b2b51b8d6a936125cf6c97f9de97674004ed55d,signed_control_mechanism/predictions/full/worker_tcn_0/seed_17/S_02__snr_5__noise_404.npz,d5c353f90afb319c8f4a44f16b2b51b8d6a936125cf6c97f9de97674004ed55d,6ab54c8261689377c6c10f99db394501b9049ed832793c6ff2ebd827b5d95eec,c9d6e1825384c46170a23b413439af7007cda46306d9ab8f56864ec287a75338,0.9079392748900912,0.9079392748900912,fraction,2158,1877,1,original_probabilities_verified,0.929627167542156,963,1195,0.8904466304839439,550,1608,0.9249024185199038,521,1637,0.9046281200263965,496,1662,0.8900920378780558,262,1896
tcn,17,S_02__snr_5__noise_505,S_02,S_02,5.0,505.0,502c152edf4925064360b9e719f2649debaeb155c268d0a681fb7c92e3e290ff,signed_control_mechanism/predictions/full/worker_tcn_0/seed_17/S_02__snr_5__noise_505.npz,502c152edf4925064360b9e719f2649debaeb155c268d0a681fb7c92e3e290ff,6ab54c8261689377c6c10f99db394501b9049ed832793c6ff2ebd827b5d95eec,66b905ae9e4c2de3541fb71fb51dee965cc64dd0b03ce6fc99d582b391d5bbc8,0.9078408449874841,0.907840844987484,fraction,2158,1877,1,original_probabilities_verified,0.9289884730857632,963,1195,0.8896834011759385,550,1608,0.9273869502870871,521,1637,0.9019824055743177,496,1662,0.8911629948143138,262,1896
tcn,17,S_02__snr_5__noise_8128,S_02,S_02,5.0,8128.0,a4609b6e9b56b3d02f9dcd19d0616b6b191c7b4d9b8bd2ae6cede93ee3e37f11,signed_control_mechanism/predictions/full/worker_tcn_0/seed_17/S_02__snr_5__noise_8128.npz,a4609b6e9b56b3d02f9dcd19d0616b6b191c7b4d9b8bd2ae6cede93ee3e37f11,6ab54c8261689377c6c10f99db394501b9049ed832793c6ff2ebd827b5d95eec,5f102e6e1a44893b0d2a5d9839af5c7ce56803cb4ba830c7d5e171a2f7db9afe,0.9076067452481663,0.907606745248166,fraction,2158,1877,1,original_probabilities_verified,0.9298209483091976,963,1195,0.8905031659882406,550,1608,0.9251814739991816,521,1637,0.9029977485346066,496,1662,0.8895303894096048,262,1896
tcn,17,S_03__snr_0__noise_101,S_03,S_03,0.0,101.0,b87651c75d2464e6308e51554108e35ef1d25473633fa1bf1be3b63985e7fea1,signed_control_mechanism/predictions/full/worker_tcn_0/seed_17/S_03__snr_0__noise_101.npz,b87651c75d2464e6308e51554108e35ef1d25473633fa1bf1be3b63985e7fea1,6ab54c8261689377c6c10f99db394501b9049ed832793c6ff2ebd827b5d95eec,cc5bf2a4548b36caac0a0e1aa910f877099e531dd330be45be556718f7849475,0.8937351506789156,0.8937351506789156,fraction,2158,1877,1,original_probabilities_verified,0.9186868094387745,963,1195,0.8752329262777024,550,1608,0.9083572426035642,521,1637,0.8829056034315438,496,1662,0.8834931716429929,262,1896
tcn,17,S_03__snr_0__noise_202,S_03,S_03,0.0,202.0,d8030959d0a41143e886b1260c0017ccf61cbb88e0216ace2fc8b4bad1eda8c5,signed_control_mechanism/predictions/full/worker_tcn_0/seed_17/S_03__snr_0__noise_202.npz,d8030959d0a41143e886b1260c0017ccf61cbb88e0216ace2fc8b4bad1eda8c5,6ab54c8261689377c6c10f99db394501b9049ed832793c6ff2ebd827b5d95eec,36d8235f153150a3a4457843d3a947717c5f737165cb76e9f0f89100d22a9a3b,0.8941203503447124,0.8941203503447124,fraction,2158,1877,1,original_probabilities_verified,0.9177535334575964,963,1195,0.8722489823609226,550,1608,0.9090361212695383,521,1637,0.8866406583595358,496,1662,0.8849224562759687,262,1896
tcn,17,S_03__snr_0__noise_303,S_03,S_03,0.0,303.0,4b1fa9ccde21789de7e9aa8b9c77bfa9f0bbf19a908168b7dfc914022e3e6062,signed_control_mechanism/predictions/full/worker_tcn_0/seed_17/S_03__snr_0__noise_303.npz,4b1fa9ccde21789de7e9aa8b9c77bfa9f0bbf19a908168b7dfc914022e3e6062,6ab54c8261689377c6c10f99db394501b9049ed832793c6ff2ebd827b5d95eec,0a5dbfefdf89023f828bb9da523bf17c1024f6ca36de0def26e421b527531de8,0.8928072950299659,0.8928072950299659,fraction,2158,1877,1,original_probabilities_verified,0.918324448094127,963,1195,0.8710719131614654,550,1608,0.9084897353311204,521,1637,0.8878610108303249,496,1662,0.8782893677327922,262,1896
tcn,17,S_03__snr_0__noise_404,S_03,S_03,0.0,404.0,c9482ca58396bebdb66c1a4aa9fb872ae525fb3d04be93f0551e93c0666e877a,signed_control_mechanism/predictions/full/worker_tcn_0/seed_17/S_03__snr_0__noise_404.npz,c9482ca58396bebdb66c1a4aa9fb872ae525fb3d04be93f0551e93c0666e877a,6ab54c8261689377c6c10f99db394501b9049ed832793c6ff2ebd827b5d95eec,a7ed9afb43036ca8426e27f9c415d6e83ffe692f9be2f39d14f5630ec85ea304,0.8921525606831482,0.8921525606831482,fraction,2158,1877,1,original_probabilities_verified,0.916801140091329,963,1195,0.8741938037087291,550,1608,0.9068458875078118,521,1637,0.8822008074220721,496,1662,0.880721164685799,262,1896
tcn,17,S_03__snr_0__noise_505,S_03,S_03,0.0,505.0,3021bdeca5babca2a5926843521e97fc1a56495aca9a0003eeac2880162d0241,signed_control_mechanism/predictions/full/worker_tcn_0/seed_17/S_03__snr_0__noise_505.npz,3021bdeca5babca2a5926843521e97fc1a56495aca9a0003eeac2880162d0241,6ab54c8261689377c6c10f99db394501b9049ed832793c6ff2ebd827b5d95eec,0af5d79b14d7f78bafb7ed96dc03db3a6256b9ab9182abe14ff92f9c44d0576e,0.8928642030772591,0.8928642030772591,fraction,2158,1877,1,original_probabilities_verified,0.9171313494701443,963,1195,0.8774197195838986,550,1608,0.9071261154891034,521,1637,0.8779186561080703,496,1662,0.8847251747350791,262,1896
tcn,17,S_03__snr_0__noise_8128,S_03,S_03,0.0,8128.0,5c92d44a4a37c847dd069f94a1592714c1c8b6b812b353d46f904af884777d56,signed_control_mechanism/predictions/full/worker_tcn_0/seed_17/S_03__snr_0__noise_8128.npz,5c92d44a4a37c847dd069f94a1592714c1c8b6b812b353d46f904af884777d56,6ab54c8261689377c6c10f99db394501b9049ed832793c6ff2ebd827b5d95eec,986bf33a5449edbf1ab9173efd61e23024b77dee4fc5bd019f53b33069bf9e88,0.8927610359800772,0.8927610359800774,fraction,2158,1877,1,original_probabilities_verified,0.9170983285322628,963,1195,0.8766203075531434,550,1608,0.906247911480788,521,1637,0.8833932591902488,496,1662,0.880445373143943,262,1896
tcn,17,S_03__snr_10__noise_101,S_03,S_03,10.0,101.0,40c809e769a031fd179bd9c26d773f3d8681d22c1a75d93141cabca37e0cbd17,signed_control_mechanism/predictions/full/worker_tcn_0/seed_17/S_03__snr_10__noise_101.npz,40c809e769a031fd179bd9c26d773f3d8681d22c1a75d93141cabca37e0cbd17,6ab54c8261689377c6c10f99db394501b9049ed832793c6ff2ebd827b5d95eec,35d2be8a01ff9d622d919566365374ba68064d8aa01ebf8310e086b44bbabca3,0.9143395264488904,0.9143395264488904,fraction,2158,1877,1,original_probabilities_verified,0.9382491082174342,963,1195,0.9033966530981457,550,1608,0.932710109429613,521,1637,0.9085924459454213,496,1662,0.8887493155538377,262,1896
tcn,17,S_03__snr_10__noise_202,S_03,S_03,10.0,202.0,8c772bc6c8800de24e8dd31eab15cf33d627c2b6464c916d44a944d310a7efc9,signed_control_mechanism/predictions/full/worker_tcn_0/seed_17/S_03__snr_10__noise_202.npz,8c772bc6c8800de24e8dd31eab15cf33d627c2b6464c916d44a944d310a7efc9,6ab54c8261689377c6c10f99db394501b9049ed832793c6ff2ebd827b5d95eec,2bb8df4ad6faf8da9eb1538fd8277c4fcac85dfc10dbb6f03b4f384f5410cc8f,0.9148431996269567,0.9148431996269568,fraction,2158,1877,1,original_probabilities_verified,0.9384437579565253,963,1195,0.9029081863410222,550,1608,0.93268431438531,521,1637,0.9091395423314312,496,1662,0.8910401971204948,262,1896
tcn,17,S_03__snr_10__noise_303,S_03,S_03,10.0,303.0,7a408da2dd54bff44ade3e154679617fc3e1828cb91c07cb3c5da018ef470f42,signed_control_mechanism/predictions/full/worker_tcn_0/seed_17/S_03__snr_10__noise_303.npz,7a408da2dd54bff44ade3e154679617fc3e1828cb91c07cb3c5da018ef470f42,6ab54c8261689377c6c10f99db394501b9049ed832793c6ff2ebd827b5d95eec,6af5d78fc93e5d2a2027d2bc9b9f346367535bc3cc9bbf4a580876114d64c282,0.9141299455073234,0.9141299455073234,fraction,2158,1877,1,original_probabilities_verified,0.9377529251771617,963,1195,0.9015298507462687,550,1608,0.9324357439583902,521,1637,0.9098819436357284,496,1662,0.8890492640190679,262,1896
tcn,17,S_03__snr_10__noise_404,S_03,S_03,10.0,404.0,a99601159970b34577fd41653352a2a38773172dcfb9aa0c84710200a5a4d6bd,signed_control_mechanism/predictions/full/worker_tcn_0/seed_17/S_03__snr_10__noise_404.npz,a99601159970b34577fd41653352a2a38773172dcfb9aa0c84710200a5a4d6bd,6ab54c8261689377c6c10f99db394501b9049ed832793c6ff2ebd827b5d95eec,2a10a8b3fd0cb04652a69d668e449ccfb61555726c17c9d8d0beb1a790d80db5,0.9135842243605576,0.9135842243605576,fraction,2158,1877,1,original_probabilities_verified,0.9372358868077009,963,1195,0.9015196743554953,550,1608,0.9320546808039143,521,1637,0.9086433950545398,496,1662,0.8884674847811382,262,1896
tcn,17,S_03__snr_10__noise_505,S_03,S_03,10.0,505.0,e6056f04e75110f0f6652990dbc3ff4bee24329ca5914ffab4791f0b98793114,signed_control_mechanism/predictions/full/worker_tcn_0/seed_17/S_03__snr_10__noise_505.npz,e6056f04e75110f0f6652990dbc3ff4bee24329ca5914ffab4791f0b98793114,6ab54c8261689377c6c10f99db394501b9049ed832793c6ff2ebd827b5d95eec,21602520e47236660b1619ee76d57bfec85f6811d666e9fbf3251cb4a37a2082,0.9140228825447222,0.9140228825447224,fraction,2158,1877,1,original_probabilities_verified,0.9370542716493524,963,1195,0.9040829941203076,550,1608,0.9320581983099556,521,1637,0.9068953553821668,496,1662,0.8900235932618289,262,1896
tcn,17,S_03__snr_10__noise_8128,S_03,S_03,10.0,8128.0,f9d3419950b6e263eac28f4ad0c99c80fb4f64c7f9e2c014b20635785b85185c,signed_control_mechanism/predictions/full/worker_tcn_0/seed_17/S_03__snr_10__noise_8128.npz,f9d3419950b6e263eac28f4ad0c99c80fb4f64c7f9e2c014b20635785b85185c,6ab54c8261689377c6c10f99db394501b9049ed832793c6ff2ebd827b5d95eec,e69517ade13d7fb272d272bb3f2f1940f719cc0afd8baf7df72424f4162a49c6,0.9139263631950403,0.9139263631950404,fraction,2158,1877,1,original_probabilities_verified,0.9378467741585091,963,1195,0.9032869742198101,550,1608,0.9319292230884406,521,1637,0.9086167074259539,496,1662,0.8879521370824879,262,1896
tcn,17,S_03__snr_5__noise_101,S_03,S_03,5.0,101.0,57e0158f4e62a0c8da66e64044c8f38b87faee8f4b40a6d42ed0b8ba933cfa9a,signed_control_mechanism/predictions/full/worker_tcn_0/seed_17/S_03__snr_5__noise_101.npz,57e0158f4e62a0c8da66e64044c8f38b87faee8f4b40a6d42ed0b8ba933cfa9a,6ab54c8261689377c6c10f99db394501b9049ed832793c6ff2ebd827b5d95eec,6dfa7072dcf03f17a856da75de3574de9a060b552492c0f5111be0d18e76565a,0.9085205668128532,0.9085205668128532,fraction,2158,1877,1,original_probabilities_verified,0.9313520770604413,963,1195,0.895170737222976,550,1608,0.9259682228504228,521,1637,0.9034077675556074,496,1662,0.8867040293748188,262,1896
tcn,17,S_03__snr_5__noise_202,S_03,S_03,5.0,202.0,caf036e92c9d71ea61074c85ea8ef7c8c1ec573830ded83fe15236d4c79980a3,signed_control_mechanism/predictions/full/worker_tcn_0/seed_17/S_03__snr_5__noise_202.npz,caf036e92c9d71ea61074c85ea8ef7c8c1ec573830ded83fe15236d4c79980a3,6ab54c8261689377c6c10f99db394501b9049ed832793c6ff2ebd827b5d95eec,2066be0efc36ca9d5023e88c16b1e893fa6599620639669726b26958563314bb,0.9091045034003271,0.9091045034003272,fraction,2158,1877,1,original_probabilities_verified,0.9312634419113909,963,1195,0.8938387607417458,550,1608,0.9260245029470838,521,1637,0.9054129789216258,496,1662,0.8889828324797887,262,1896
tcn,17,S_03__snr_5__noise_303,S_03,S_03,5.0,303.0,e7e284e1c01acf2f0498b3e740f68dcab03ab211895d7598c7792963278b4b3e,signed_control_mechanism/predictions/full/worker_tcn_0/seed_17/S_03__snr_5__noise_303.npz,e7e284e1c01acf2f0498b3e740f68dcab03ab211895d7598c7792963278b4b3e,6ab54c8261689377c6c10f99db394501b9049ed832793c6ff2ebd827b5d95eec,11ba54702b0db9a17f123c30745d415955eff8554a83378886ab561c97276f0c,0.9082360336866462,0.9082360336866462,fraction,2158,1877,1,original_probabilities_verified,0.9307855072841582,963,1195,0.8925542740841248,550,1608,0.9261089230920754,521,1637,0.9065714646170568,496,1662,0.8851599993558154,262,1896
tcn,17,S_03__snr_5__noise_404,S_03,S_03,5.0,404.0,ecf3bde19e8dca45e21c9aa495be9d3c59300e19378ee7bc306e2d41f118e3b5,signed_control_mechanism/predictions/full/worker_tcn_0/seed_17/S_03__snr_5__noise_404.npz,ecf3bde19e8dca45e21c9aa495be9d3c59300e19378ee7bc306e2d41f118e3b5,6ab54c8261689377c6c10f99db394501b9049ed832793c6ff2ebd827b5d95eec,0ffeab4cffc5e3381efd4158acdb2de1a4700d74414027dfdfc2989d34176af0,0.9075941830284181,0.907594183028418,fraction,2158,1877,1,original_probabilities_verified,0.9301033642252897,963,1195,0.8931592039800995,550,1608,0.9250138062112122,521,1637,0.9037474282830635,496,1662,0.885947112442426,262,1896
tcn,17,S_03__snr_5__noise_505,S_03,S_03,5.0,505.0,4b707c2a8d4657507d6e2a92a5cd9cb392be3a1e89246ab17f5129082f1d30fa,signed_control_mechanism/predictions/full/worker_tcn_0/seed_17/S_03__snr_5__noise_505.npz,4b707c2a8d4657507d6e2a92a5cd9cb392be3a1e89246ab17f5129082f1d30fa,6ab54c8261689377c6c10f99db394501b9049ed832793c6ff2ebd827b5d95eec,367973609e9953e198b36eed8e924920f639bfdeb1d99e827bde0ad4cc0e67d3,0.9082447790494275,0.9082447790494272,fraction,2158,1877,1,original_probabilities_verified,0.9295281047285114,963,1195,0.8970188828584351,550,1608,0.9252811366703523,521,1637,0.9007511354372889,496,1662,0.8886446355525494,262,1896
tcn,17,S_03__snr_5__noise_8128,S_03,S_03,5.0,8128.0,d57a6a08a7b8c19f17c6d262e08814635a817c363ad625d6114e35601400641e,signed_control_mechanism/predictions/full/worker_tcn_0/seed_17/S_03__snr_5__noise_8128.npz,d57a6a08a7b8c19f17c6d262e08814635a817c363ad625d6114e35601400641e,6ab54c8261689377c6c10f99db394501b9049ed832793c6ff2ebd827b5d95eec,d61624ecf68da033a71fecaa57ab4a3c3d7f02426b68b05c0097ce83b7921f4e,0.9080723464330095,0.9080723464330096,fraction,2158,1877,1,original_probabilities_verified,0.9304396564084516,963,1195,0.8956535504296699,550,1608,0.9251814739991816,521,1637,0.9041343988975583,496,1662,0.8849526524301865,262,1896
tcn,17,S_04__snr_0__noise_101,S_04,S_04,0.0,101.0,fea01d9c6f9e32489c23074f1904e5c9f18618e23f6bd02f3557dc54435aee06,signed_control_mechanism/predictions/full/worker_tcn_0/seed_17/S_04__snr_0__noise_101.npz,fea01d9c6f9e32489c23074f1904e5c9f18618e23f6bd02f3557dc54435aee06,6ab54c8261689377c6c10f99db394501b9049ed832793c6ff2ebd827b5d95eec,a7ff5fef66b4be39830a4586ec7981ab1076a5edb5b5afc3f1aee6a9793ccd33,0.8924027304969085,0.8924027304969085,fraction,2158,1877,1,original_probabilities_verified,0.9158817676629432,963,1195,0.8641745816372682,550,1608,0.9131973309164159,521,1637,0.8840871375334809,496,1662,0.8846728347344349,262,1896
tcn,17,S_04__snr_0__noise_202,S_04,S_04,0.0,202.0,68c259ae84cbdd65f1a31f3afa2b59a02f0fd6f9e405b593649cd3971808e1a7,signed_control_mechanism/predictions/full/worker_tcn_0/seed_17/S_04__snr_0__noise_202.npz,68c259ae84cbdd65f1a31f3afa2b59a02f0fd6f9e405b593649cd3971808e1a7,6ab54c8261689377c6c10f99db394501b9049ed832793c6ff2ebd827b5d95eec,acb3e1dc020f2b6379ef63cdc75972488193be9f6335d6963c01d54100be8893,0.8930400351089057,0.8930400351089057,fraction,2158,1877,1,original_probabilities_verified,0.9171330874142434,963,1195,0.8634531886024424,550,1608,0.913891452108569,521,1637,0.888040545786266,496,1662,0.882681901633008,262,1896
tcn,17,S_04__snr_0__noise_303,S_04,S_04,0.0,303.0,09f77524713fdad9ae7ee4984c7142a4f33e03ed2ec0bf496e6b721fa3faedee,signed_control_mechanism/predictions/full/worker_tcn_0/seed_17/S_04__snr_0__noise_303.npz,09f77524713fdad9ae7ee4984c7142a4f33e03ed2ec0bf496e6b721fa3faedee,6ab54c8261689377c6c10f99db394501b9049ed832793c6ff2ebd827b5d95eec,996b22338e6af6297773acb333db26f96bb80d2ed5404a31fe706eb5c9740477,0.8944889417278254,0.8944889417278257,fraction,2158,1877,1,original_probabilities_verified,0.917796982060072,963,1195,0.8690264586160108,550,1608,0.914318829092589,521,1637,0.8874388610690579,496,1662,0.8838635778013979,262,1896
tcn,17,S_04__snr_0__noise_404,S_04,S_04,0.0,404.0,01e1230b9806f590550936cb4d1d28c54433ebc8fe77adc00a320b73f86287b4,signed_control_mechanism/predictions/full/worker_tcn_0/seed_17/S_04__snr_0__noise_404.npz,01e1230b9806f590550936cb4d1d28c54433ebc8fe77adc00a320b73f86287b4,6ab54c8261689377c6c10f99db394501b9049ed832793c6ff2ebd827b5d95eec,cadb66b021dabaa8bcd58f7061a6088a40fc7a521723b466cc360f63b9af3cb6,0.893372215213909,0.893372215213909,fraction,2158,1877,1,original_probabilities_verified,0.9182705718270572,963,1195,0.8673202170963366,550,1608,0.912543074792731,521,1637,0.8862949322619463,496,1662,0.8824322800914742,262,1896
tcn,17,S_04__snr_0__noise_505,S_04,S_04,0.0,505.0,1885aba681597d912f1d9836d469e18de9bee7891b72e5e36c961aa8c932f84c,signed_control_mechanism/predictions/full/worker_tcn_0/seed_17/S_04__snr_0__noise_505.npz,1885aba681597d912f1d9836d469e18de9bee7891b72e5e36c961aa8c932f84c,6ab54c8261689377c6c10f99db394501b9049ed832793c6ff2ebd827b5d95eec,f8a31c608de4d430c74ced1cdd75f1d6c4e31d19e21e1988440832134d12edc0,0.89397939266335,0.8939793926633502,fraction,2158,1877,1,original_probabilities_verified,0.9171243976937482,963,1195,0.8674525101763908,550,1608,0.9137941344414259,521,1637,0.8884736132137727,496,1662,0.883052307791413,262,1896
tcn,17,S_04__snr_0__noise_8128,S_04,S_04,0.0,8128.0,1ff77988ee0c57008c8253debab7c89f82494d821f1db9b581f8d5564fe8db7d,signed_control_mechanism/predictions/full/worker_tcn_0/seed_17/S_04__snr_0__noise_8128.npz,1ff77988ee0c57008c8253debab7c89f82494d821f1db9b581f8d5564fe8db7d,6ab54c8261689377c6c10f99db394501b9049ed832793c6ff2ebd827b5d95eec,b8f21b8e699c0484d5d41c0f65f5e04a317c893ba24bc896773f541e7baec595,0.8917867077931335,0.8917867077931335,fraction,2158,1877,1,original_probabilities_verified,0.9168498025261017,963,1195,0.8665196743554953,550,1608,0.9108652244110229,521,1637,0.8843782752998719,496,1662,0.8803205623731761,262,1896
tcn,17,S_04__snr_10__noise_101,S_04,S_04,10.0,101.0,333f0e67cd772373b21b6b303237dbdb9f7636655fc7de8114379180599fd493,signed_control_mechanism/predictions/full/worker_tcn_0/seed_17/S_04__snr_10__noise_101.npz,333f0e67cd772373b21b6b303237dbdb9f7636655fc7de8114379180599fd493,6ab54c8261689377c6c10f99db394501b9049ed832793c6ff2ebd827b5d95eec,7a4fd6223c18b9f6352ebfb5bd7221ae802df6eb76be7fa0654e213a74875225,0.9144856713533935,0.9144856713533936,fraction,2158,1877,1,original_probabilities_verified,0.9388652094005396,963,1195,0.9016723202170963,550,1608,0.9329563348525051,521,1637,0.9085888067233415,496,1662,0.8903456855734854,262,1896
tcn,17,S_04__snr_10__noise_202,S_04,S_04,10.0,202.0,2ecef196f2719770807c0582921bf86021ef80c3193415b2e059b3b66e1e5bca,signed_control_mechanism/predictions/full/worker_tcn_0/seed_17/S_04__snr_10__noise_202.npz,2ecef196f2719770807c0582921bf86021ef80c3193415b2e059b3b66e1e5bca,6ab54c8261689377c6c10f99db394501b9049ed832793c6ff2ebd827b5d95eec,010e1b648155915b9c961876d96944383b684b0f66188e379c00c86749c5db4b,0.9147647329837293,0.9147647329837292,fraction,2158,1877,1,original_probabilities_verified,0.9393396681395743,963,1195,0.9026481230212573,550,1608,0.9334792707506475,521,1637,0.9089308935988509,496,1662,0.8894257094083164,262,1896
tcn,17,S_04__snr_10__noise_303,S_04,S_04,10.0,303.0,6e4e5c04804afa4c660861bf5413904e2198238265e1837a2e3fb5e574fb65c2,signed_control_mechanism/predictions/full/worker_tcn_0/seed_17/S_04__snr_10__noise_303.npz,6e4e5c04804afa4c660861bf5413904e2198238265e1837a2e3fb5e574fb65c2,6ab54c8261689377c6c10f99db394501b9049ed832793c6ff2ebd827b5d95eec,5ce15d0a8232c8fef08a852321ceb25c0af43b98d9f1a43463afa31884d11270,0.9146248213507349,0.9146248213507346,fraction,2158,1877,1,original_probabilities_verified,0.9391198182110473,963,1195,0.9030698778833107,550,1608,0.9329598523585464,521,1637,0.9080053181165327,496,1662,0.8899692401842368,262,1896
tcn,17,S_04__snr_10__noise_404,S_04,S_04,10.0,404.0,348040e04d4dec0f8448d819ba394d4fd8df24bfc77c88988190bb16324349f7,signed_control_mechanism/predictions/full/worker_tcn_0/seed_17/S_04__snr_10__noise_404.npz,348040e04d4dec0f8448d819ba394d4fd8df24bfc77c88988190bb16324349f7,6ab54c8261689377c6c10f99db394501b9049ed832793c6ff2ebd827b5d95eec,dab1aa5d5f63bed3b7ea580224629522d2ae589f4538c6f4df54dbdb31b803a0,0.9148351997112105,0.9148351997112104,fraction,2158,1877,1,original_probabilities_verified,0.9392910057048015,963,1195,0.9031241519674356,550,1608,0.9331228301384608,521,1637,0.9082721944023913,496,1662,0.8903658163429639,262,1896
tcn,17,S_04__snr_10__noise_505,S_04,S_04,10.0,505.0,77ebe08730d0ab04be0217beb9521252dcfe09c3665df8623a99430beac36526,signed_control_mechanism/predictions/full/worker_tcn_0/seed_17/S_04__snr_10__noise_505.npz,77ebe08730d0ab04be0217beb9521252dcfe09c3665df8623a99430beac36526,6ab54c8261689377c6c10f99db394501b9049ed832793c6ff2ebd827b5d95eec,8a8f492cbe9005e973b70fc019b68f3372c88f48fe496fba223cff1d44fe6b0c,0.9144761259150161,0.914476125915016,fraction,2158,1877,1,original_probabilities_verified,0.9386540491925077,963,1195,0.9027826775214834,550,1608,0.9327863220605082,521,1637,0.908246719847832,496,1662,0.8899108609527491,262,1896
tcn,17,S_04__snr_10__noise_8128,S_04,S_04,10.0,8128.0,b75d0f0e169b21e60547b7df249e8bcdb7ea15d1f954a777ad736234a06b77c6,signed_control_mechanism/predictions/full/worker_tcn_0/seed_17/S_04__snr_10__noise_8128.npz,b75d0f0e169b21e60547b7df249e8bcdb7ea15d1f954a777ad736234a06b77c6,6ab54c8261689377c6c10f99db394501b9049ed832793c6ff2ebd827b5d95eec,84f049765639f413aa23e8ed6601f85f225c07f4215c98bb43e573a69770acc9,0.9144845446076456,0.9144845446076456,fraction,2158,1877,1,original_probabilities_verified,0.939567338816547,963,1195,0.9028742650384441,550,1608,0.9330255124713177,521,1637,0.9080210880788789,496,1662,0.8889345186330402,262,1896
tcn,17,S_04__snr_5__noise_101,S_04,S_04,5.0,101.0,a656d7a337036bb2bebdca1eadd7d5f6ba063a4ab402db0b351b55e4c4f14c43,signed_control_mechanism/predictions/full/worker_tcn_0/seed_17/S_04__snr_5__noise_101.npz,a656d7a337036bb2bebdca1eadd7d5f6ba063a4ab402db0b351b55e4c4f14c43,6ab54c8261689377c6c10f99db394501b9049ed832793c6ff2ebd827b5d95eec,1610c4ab26f0f163c30ecca0d33f3bf35c8cf37ff7e3328ed27a5165a8960607,0.9088021368969674,0.9088021368969676,fraction,2158,1877,1,original_probabilities_verified,0.9322010627528166,963,1195,0.8913873812754409,550,1608,0.9282147367088103,521,1637,0.9039433397383642,496,1662,0.8882641640094051,262,1896
tcn,17,S_04__snr_5__noise_202,S_04,S_04,5.0,202.0,fdfd898c916bba86748ea6346be306390dc5549249db95e6b5be3b1147eec9c2,signed_control_mechanism/predictions/full/worker_tcn_0/seed_17/S_04__snr_5__noise_202.npz,fdfd898c916bba86748ea6346be306390dc5549249db95e6b5be3b1147eec9c2,6ab54c8261689377c6c10f99db394501b9049ed832793c6ff2ebd827b5d95eec,815d5b1636c51116dcf6a59e9dfe03a32ebe86fdde6e875d419f492985a353c8,0.909445448567961,0.909445448567961,fraction,2158,1877,1,original_probabilities_verified,0.9326798663520988,963,1195,0.8922625508819538,550,1608,0.929544353992428,521,1637,0.9049956814564653,496,1662,0.8877447901568589,262,1896
tcn,17,S_04__snr_5__noise_303,S_04,S_04,5.0,303.0,4f4c7a0e1cabcb9af90bcbedca48ab0dc6e94a391b32bf5cc0a48765fd8132ca,signed_control_mechanism/predictions/full/worker_tcn_0/seed_17/S_04__snr_5__noise_303.npz,4f4c7a0e1cabcb9af90bcbedca48ab0dc6e94a391b32bf5cc0a48765fd8132ca,6ab54c8261689377c6c10f99db394501b9049ed832793c6ff2ebd827b5d95eec,fb8ae73482281929d71bea99baa1d20671f2893a852f83d4adbc8148363b1f0c,0.9094686137804182,0.9094686137804184,fraction,2158,1877,1,original_probabilities_verified,0.9328380192651103,963,1195,0.8940626413387608,550,1608,0.9284445471035097,521,1637,0.9042047571911028,496,1662,0.8877931040036074,262,1896
tcn,17,S_04__snr_5__noise_404,S_04,S_04,5.0,404.0,dee1ef03fa396c9506da1467db4fedde1044d61cc98923af06ab73fc92fcba11,signed_control_mechanism/predictions/full/worker_tcn_0/seed_17/S_04__snr_5__noise_404.npz,dee1ef03fa396c9506da1467db4fedde1044d61cc98923af06ab73fc92fcba11,6ab54c8261689377c6c10f99db394501b9049ed832793c6ff2ebd827b5d95eec,1e1f37742247adccfb20236cf6611c03e8d506d201bd120903bad416b2adca70,0.9095403009284414,0.9095403009284414,fraction,2158,1877,1,original_probabilities_verified,0.9331082695725093,963,1195,0.8936284486657621,550,1608,0.928344884432339,521,1637,0.9042047571911028,496,1662,0.8884151447804941,262,1896
tcn,17,S_04__snr_5__noise_505,S_04,S_04,5.0,505.0,25938bc81f8dbaacd767ef7e2425a2526c7ffbf7cf745a606244c5fa4086da5c,signed_control_mechanism/predictions/full/worker_tcn_0/seed_17/S_04__snr_5__noise_505.npz,25938bc81f8dbaacd767ef7e2425a2526c7ffbf7cf745a606244c5fa4086da5c,6ab54c8261689377c6c10f99db394501b9049ed832793c6ff2ebd827b5d95eec,3f5c662a59745cfe875f34da30b01bc2e981b5f835c897eff69d8e7835319eae,0.9092632514792726,0.9092632514792726,fraction,2158,1877,1,original_probabilities_verified,0.9322088835012622,963,1195,0.8937630031659882,550,1608,0.9279978238362624,521,1637,0.9043964228873103,496,1662,0.88795012400554,262,1896
tcn,17,S_04__snr_5__noise_8128,S_04,S_04,5.0,8128.0,d35a30cb6d76899ec4e156cd26c96aa5d8b6aef46816304c260f90658f009ace,signed_control_mechanism/predictions/full/worker_tcn_0/seed_17/S_04__snr_5__noise_8128.npz,d35a30cb6d76899ec4e156cd26c96aa5d8b6aef46816304c260f90658f009ace,6ab54c8261689377c6c10f99db394501b9049ed832793c6ff2ebd827b5d95eec,fea77e37ae16ec43e446648650fd66da27ca5f8f74fd608084a41662d4eeca3c,0.9085092687481323,0.9085092687481324,fraction,2158,1877,1,original_probabilities_verified,0.9327485151440104,963,1195,0.892859565807327,550,1608,0.927526478026726,521,1637,0.9033459007802492,496,1662,0.8860658839823493,262,1896
tcn,17,clean,clean,,,,196f822e71f66e0964757afe560352153da638b21e747b821f4183432115cc48,methodology_supplement/results/predictions/full/tcn/seed_17/clean.npz,196f822e71f66e0964757afe560352153da638b21e747b821f4183432115cc48,6ab54c8261689377c6c10f99db394501b9049ed832793c6ff2ebd827b5d95eec,a8d302b6d0b6e62b539ce05c00e740ac2d1450844afe3f861adb2ac5780bd70c,0.9169105801910709,0.9169105801910707,fraction,2158,1877,1,original_probabilities_verified,0.9431092688903662,963,1195,0.9079206241519674,550,1608,0.9347936455080862,521,1637,0.9085427099103296,496,1662,0.8901866524946049,262,1896
tcn,29,E__snr_0__noise_101,E,,0.0,101.0,0d444bad7ecf9651c62a8dced0adfb2f3e481778e1d86d1ac1ece67edce421d6,methodology_supplement/results/predictions/full/tcn/seed_29/standard__n101__electrode__snr0.npz,0d444bad7ecf9651c62a8dced0adfb2f3e481778e1d86d1ac1ece67edce421d6,e95999147596689babf082839394d52f32c1e6b8b8204a588e76311861f895f9,e372ac625f7d1fdca9a8dbef6073c43da2445cc0f77fffa03ae2ab075bb8f2b5,0.8691146067656366,0.8691146067656366,fraction,2158,1877,1,original_probabilities_verified,0.9034902262368731,963,1195,0.8427431026684759,550,1608,0.8647559964684239,521,1637,0.8774880148286169,496,1662,0.8570956936257932,262,1896
tcn,29,E__snr_0__noise_202,E,,0.0,202.0,a011e863ee3b530127100125cd35803b4f3599512e5dd30f24d8b96d4a10e88c,methodology_supplement/results/predictions/full/tcn/seed_29/standard__n202__electrode__snr0.npz,a011e863ee3b530127100125cd35803b4f3599512e5dd30f24d8b96d4a10e88c,e95999147596689babf082839394d52f32c1e6b8b8204a588e76311861f895f9,ebb2e60939c20fbdc7021b503b4154d20dc64e8743aade8ff0162325fc376218,0.8688023123293164,0.8688023123293165,fraction,2158,1877,1,original_probabilities_verified,0.9023562177122573,963,1195,0.8352634554500226,550,1608,0.8688110946830551,521,1637,0.8765575870501922,496,1662,0.8610232067510548,262,1896
tcn,29,E__snr_0__noise_303,E,,0.0,303.0,5ef60732a9f56ffe66ed4c6141938a5c5a108827b28bc32196e7cc226a65cb0c,methodology_supplement/results/predictions/full/tcn/seed_29/standard__n303__electrode__snr0.npz,5ef60732a9f56ffe66ed4c6141938a5c5a108827b28bc32196e7cc226a65cb0c,e95999147596689babf082839394d52f32c1e6b8b8204a588e76311861f895f9,b857ed34aea876a9ea653fb6930a38eb9b517ecf2c81adc409178a704a80ef37,0.8671201601014167,0.8671201601014167,fraction,2158,1877,1,original_probabilities_verified,0.897566443775336,963,1195,0.8337720488466757,550,1608,0.8670453066503142,521,1637,0.877625092193626,496,1662,0.8595919090411311,262,1896
tcn,29,E__snr_0__noise_404,E,,0.0,404.0,64a6d8af01b9fbabca5543bd89bc982fce7c9bb51efb2bd84ee39f976592d193,methodology_supplement/results/predictions/full/tcn/seed_29/standard__n404__electrode__snr0.npz,64a6d8af01b9fbabca5543bd89bc982fce7c9bb51efb2bd84ee39f976592d193,e95999147596689babf082839394d52f32c1e6b8b8204a588e76311861f895f9,0cbfd65142656d2a4539e8a5e14d4477612faf9c6c24ff0f5d758e573cb0c418,0.86746339620179,0.8674633962017898,fraction,2158,1877,1,original_probabilities_verified,0.901718392227914,963,1195,0.8351424694708277,550,1608,0.8635266281069838,521,1637,0.8752329102131129,496,1662,0.8616965809901118,262,1896
tcn,29,E__snr_0__noise_505,E,,0.0,505.0,fd867250f376369474f7877461804e866e6f7effa407e42228e977e2d3f2dbf1,methodology_supplement/results/predictions/full/tcn/seed_29/standard__n505__electrode__snr0.npz,fd867250f376369474f7877461804e866e6f7effa407e42228e977e2d3f2dbf1,e95999147596689babf082839394d52f32c1e6b8b8204a588e76311861f895f9,42b6424cc834cef160a7cb3f74c5dfcc17f21eeab757205a60a26c8986fbff79,0.8697233338693972,0.8697233338693972,fraction,2158,1877,1,original_probabilities_verified,0.9071790125870601,963,1195,0.8386668928086839,550,1608,0.8653029686578486,521,1637,0.8759352800745313,496,1662,0.8615325152188618,262,1896
tcn,29,E__snr_0__noise_8128,E,,0.0,8128.0,2558b2a562f30efd3224ac0f5308b5711bc76b189063f2d04ebc7b954f07d6ba,methodology_supplement/results/predictions/full/tcn/seed_29/standard__n8128__electrode__snr0.npz,2558b2a562f30efd3224ac0f5308b5711bc76b189063f2d04ebc7b954f07d6ba,e95999147596689babf082839394d52f32c1e6b8b8204a588e76311861f895f9,b7f3d1fc39ef41f0c7e5fde19c9fdb33643f418220b5beae2b4a25b68357b149,0.8680139117627551,0.8680139117627551,fraction,2158,1877,1,original_probabilities_verified,0.9043348670690007,963,1195,0.8327431026684758,550,1608,0.8647612727274859,521,1637,0.8774225088311789,496,1662,0.8608078075176345,262,1896
tcn,29,E__snr_10__noise_101,E,,10.0,101.0,59cc4afd477b754472fb1d0f932d70f77bd49047bdcbdde6f7154a9ee7fcf415,methodology_supplement/results/predictions/full/tcn/seed_29/standard__n101__electrode__snr10.npz,59cc4afd477b754472fb1d0f932d70f77bd49047bdcbdde6f7154a9ee7fcf415,e95999147596689babf082839394d52f32c1e6b8b8204a588e76311861f895f9,e1c5a093c971f8dd322ef87c4a61793f2d978a2d00dc936ce1086c33dc58d528,0.9188957238557676,0.9188957238557676,fraction,2158,1877,1,original_probabilities_verified,0.9419604878409086,963,1195,0.9126503844414292,550,1608,0.9287576051411869,521,1637,0.9146044408213967,496,1662,0.8965057010339164,262,1896
tcn,29,E__snr_10__noise_202,E,,10.0,202.0,857b4bea0c535a3967900d1c8e90e02117a427cbdf789b5e81bba9db558ab199,methodology_supplement/results/predictions/full/tcn/seed_29/standard__n202__electrode__snr10.npz,857b4bea0c535a3967900d1c8e90e02117a427cbdf789b5e81bba9db558ab199,e95999147596689babf082839394d52f32c1e6b8b8204a588e76311861f895f9,3d70887ac00be71d38641e553b5714375d65d43e8ab541234506fbea4dc34e40,0.917248854469468,0.917248854469468,fraction,2158,1877,1,original_probabilities_verified,0.9386966288229339,963,1195,0.9087697874265038,550,1608,0.9278993336671055,521,1637,0.9153250067932146,496,1662,0.8955535156375817,262,1896
tcn,29,E__snr_10__noise_303,E,,10.0,303.0,5a14321e5d411ee87afce50bd00aa5efc98cdd270f1bdce4fbaa78a4dbc191d1,methodology_supplement/results/predictions/full/tcn/seed_29/standard__n303__electrode__snr10.npz,5a14321e5d411ee87afce50bd00aa5efc98cdd270f1bdce4fbaa78a4dbc191d1,e95999147596689babf082839394d52f32c1e6b8b8204a588e76311861f895f9,d27221228a6175077197c5969fe2e636abdf77f352110f583ed6244c3f94b2e2,0.9182769494406184,0.9182769494406184,fraction,2158,1877,1,original_probabilities_verified,0.9403050960865844,963,1195,0.9107055630936228,550,1608,0.9289205829211011,521,1637,0.9142150440588487,496,1662,0.8972384610429349,262,1896
tcn,29,E__snr_10__noise_404,E,,10.0,404.0,1f7c60051a3a2b1ce1d4c73e3d45212b944817f1b7fbed7b3010f69994a22c5e,methodology_supplement/results/predictions/full/tcn/seed_29/standard__n404__electrode__snr10.npz,1f7c60051a3a2b1ce1d4c73e3d45212b944817f1b7fbed7b3010f69994a22c5e,e95999147596689babf082839394d52f32c1e6b8b8204a588e76311861f895f9,fc7501548d880b83095d2309ef6e16796d4f009b3847b4e6d2f1d864bc9dfca1,0.9180689772940467,0.9180689772940468,fraction,2158,1877,1,original_probabilities_verified,0.940559704897092,963,1195,0.9115649027589326,550,1608,0.9279251287114085,521,1637,0.9130868852140833,496,1662,0.8972082648887171,262,1896
tcn,29,E__snr_10__noise_505,E,,10.0,505.0,dc9ea84e38674fae43df9cad8a14817036974224d9ef146019814cdd9667b301,methodology_supplement/results/predictions/full/tcn/seed_29/standard__n505__electrode__snr10.npz,dc9ea84e38674fae43df9cad8a14817036974224d9ef146019814cdd9667b301,e95999147596689babf082839394d52f32c1e6b8b8204a588e76311861f895f9,c22add93be122130704cd51011c6203d71a117fed08f0ca09cfe5b2231db026f,0.9188414700817316,0.9188414700817312,fraction,2158,1877,1,original_probabilities_verified,0.9407517477200346,963,1195,0.9107519222071461,550,1608,0.9286555974659887,521,1637,0.9157386650362952,496,1662,0.8983094179791928,262,1896
tcn,29,E__snr_10__noise_8128,E,,10.0,8128.0,12b07ffcb3a4316ffd6cff4aa9d06e5b5a5b23d85752ba21e257db4625a009b5,methodology_supplement/results/predictions/full/tcn/seed_29/standard__n8128__electrode__snr10.npz,12b07ffcb3a4316ffd6cff4aa9d06e5b5a5b23d85752ba21e257db4625a009b5,e95999147596689babf082839394d52f32c1e6b8b8204a588e76311861f895f9,f3748f9ddb4fcc1a68c5173fc418ec9284195cab1bb36f491b124eebf0a7d449,0.9176344452740585,0.9176344452740584,fraction,2158,1877,1,original_probabilities_verified,0.9394569793662587,963,1195,0.9083672546359114,550,1608,0.9287998152136826,521,1637,0.9143217945731921,496,1662,0.8972263825812478,262,1896
tcn,29,E__snr_5__noise_101,E,,5.0,101.0,cc8ceb115c1d14ff71c39a48237caef9ace41c06d7fe3ea2e0bc80107580086c,methodology_supplement/results/predictions/full/tcn/seed_29/standard__n101__electrode__snr5.npz,cc8ceb115c1d14ff71c39a48237caef9ace41c06d7fe3ea2e0bc80107580086c,e95999147596689babf082839394d52f32c1e6b8b8204a588e76311861f895f9,a9b52831e24c7768419b845bb3083af3c8a16ec5e32b5fdb5b13c78d41daae5a,0.9066523895403871,0.9066523895403868,fraction,2158,1877,1,original_probabilities_verified,0.9306030231537603,963,1195,0.898236092265943,550,1608,0.9127576426612513,521,1637,0.9061408233376034,496,1662,0.8855243662833768,262,1896
tcn,29,E__snr_5__noise_202,E,,5.0,202.0,3a78b08f0f0bec3d036df73af712f078129bebcf5eedcb9bc4cba031e8e29018,methodology_supplement/results/predictions/full/tcn/seed_29/standard__n202__electrode__snr5.npz,3a78b08f0f0bec3d036df73af712f078129bebcf5eedcb9bc4cba031e8e29018,e95999147596689babf082839394d52f32c1e6b8b8204a588e76311861f895f9,6c3f29be5575354876cd0d27a39ced457ab439a24964f15c6afe323c5cda1cd5,0.9053618145005501,0.90536181450055,fraction,2158,1877,1,original_probabilities_verified,0.9279448376542968,963,1195,0.8933695160560832,550,1608,0.912435204607464,521,1637,0.9068104402003028,496,1662,0.886249073984604,262,1896
tcn,29,E__snr_5__noise_303,E,,5.0,303.0,9b13d1d2dbf8348231eec2d1c40b8d6250804d083d95c068ae74e2f4a4a13077,methodology_supplement/results/predictions/full/tcn/seed_29/standard__n303__electrode__snr5.npz,9b13d1d2dbf8348231eec2d1c40b8d6250804d083d95c068ae74e2f4a4a13077,e95999147596689babf082839394d52f32c1e6b8b8204a588e76311861f895f9,11085aab3b59af30ed304293a4d6b71096b369fe6a48bc66e37a8d7f0b8ef749,0.9056377938074679,0.905637793807468,fraction,2158,1877,1,original_probabilities_verified,0.928328923300182,963,1195,0.8935244233378562,550,1608,0.9142232701784665,521,1637,0.9052201001513916,496,1662,0.8868922520694431,262,1896
tcn,29,E__snr_5__noise_404,E,,5.0,404.0,28a04096b2b7138b78d1c120f389868812d727af272611725076ebde87183b3d,methodology_supplement/results/predictions/full/tcn/seed_29/standard__n404__electrode__snr5.npz,28a04096b2b7138b78d1c120f389868812d727af272611725076ebde87183b3d,e95999147596689babf082839394d52f32c1e6b8b8204a588e76311861f895f9,b87c690599f9e43fd18ff01ff673d41836632423c4e2b1a4f7594389236e9e02,0.9056224756630323,0.9056224756630324,fraction,2158,1877,1,original_probabilities_verified,0.9289537142037826,963,1195,0.8955336951605608,550,1608,0.9124633446557945,521,1637,0.903549697216723,496,1662,0.8876119270783006,262,1896
tcn,29,E__snr_5__noise_505,E,,5.0,505.0,0f513f5ed8892b856047fea3156949135094f340c0ac4336c6d791a087ec1c47,methodology_supplement/results/predictions/full/tcn/seed_29/standard__n505__electrode__snr5.npz,0f513f5ed8892b856047fea3156949135094f340c0ac4336c6d791a087ec1c47,e95999147596689babf082839394d52f32c1e6b8b8204a588e76311861f895f9,55993a149666eee52bca0be88f2fce8d7c3203c66b73c39bf19371aee26ad4a6,0.9068956395677615,0.9068956395677616,fraction,2158,1877,1,original_probabilities_verified,0.9305691332438292,963,1195,0.8962596110357305,550,1608,0.9132881998224832,521,1637,0.9063628158844765,496,1662,0.8879984378522885,262,1896
tcn,29,E__snr_5__noise_8128,E,,5.0,8128.0,53d312312b98c6732bede7a88717be9023983927062812b1d74578ebf08cf050,methodology_supplement/results/predictions/full/tcn/seed_29/standard__n8128__electrode__snr5.npz,53d312312b98c6732bede7a88717be9023983927062812b1d74578ebf08cf050,e95999147596689babf082839394d52f32c1e6b8b8204a588e76311861f895f9,a114022f00f77977526a8a7b16dd997e3a58abcbd77c090af1d926369049c636,0.9054195321453811,0.9054195321453812,fraction,2158,1877,1,original_probabilities_verified,0.9284940279895897,963,1195,0.8913772048846675,550,1608,0.9133098911097379,521,1637,0.905749000427002,496,1662,0.8881675363159082,262,1896
tcn,29,I__snr_0__noise_101,I,,0.0,101.0,93200d3471ea43c5a00ac7400f49ab79bc05d2d0c8063955b341655d818994b8,methodology_supplement/results/predictions/full/tcn/seed_29/standard__n101__independent_rms__snr0.npz,93200d3471ea43c5a00ac7400f49ab79bc05d2d0c8063955b341655d818994b8,e95999147596689babf082839394d52f32c1e6b8b8204a588e76311861f895f9,645e88fea28f6de2c9c8bec7fe9f5dc382fd647d827b1a0a1dea643a9dcb6653,0.8843926133447072,0.8843926133447072,fraction,2158,1877,1,original_probabilities_verified,0.916218059846105,963,1195,0.8691587516960652,550,1608,0.8860972918720987,521,1637,0.8819569795427196,496,1662,0.8685319837665475,262,1896
tcn,29,I__snr_0__noise_202,I,,0.0,202.0,321c669d52c040c6c10ea1edb742f3de1a0f91e654f1c9c01372820d514750cb,methodology_supplement/results/predictions/full/tcn/seed_29/standard__n202__independent_rms__snr0.npz,321c669d52c040c6c10ea1edb742f3de1a0f91e654f1c9c01372820d514750cb,e95999147596689babf082839394d52f32c1e6b8b8204a588e76311861f895f9,9a7b17eb56d13c02a6119fbf3ac49a8f4c072a45c83d59c83a6ebf5003739c85,0.8857441614836346,0.8857441614836346,fraction,2158,1877,1,original_probabilities_verified,0.9173798754763053,963,1195,0.8712222976028946,550,1608,0.8869567358481938,521,1637,0.8849399285742013,496,1662,0.8682219699165781,262,1896
tcn,29,I__snr_0__noise_303,I,,0.0,303.0,d119259bdce8e4fb72e9cf25abaf1f37e5c106eef7b5fc7e8886bbd24ecfa6c8,methodology_supplement/results/predictions/full/tcn/seed_29/standard__n303__independent_rms__snr0.npz,d119259bdce8e4fb72e9cf25abaf1f37e5c106eef7b5fc7e8886bbd24ecfa6c8,e95999147596689babf082839394d52f32c1e6b8b8204a588e76311861f895f9,e7d0b59426ed89bc126f168ab5470e76731871a876717d4759ed05591d438457,0.8844845788337959,0.8844845788337959,fraction,2158,1877,1,original_probabilities_verified,0.9153047702220658,963,1195,0.8702103120759838,550,1608,0.885273022956417,521,1637,0.8847555413221536,496,1662,0.86687924759236,262,1896
tcn,29,I__snr_0__noise_404,I,,0.0,404.0,71b77fcadc83f8edd8095c803e2a3e749f4b7ed2ec1d5d72a47eb87c2bf77659,methodology_supplement/results/predictions/full/tcn/seed_29/standard__n404__independent_rms__snr0.npz,71b77fcadc83f8edd8095c803e2a3e749f4b7ed2ec1d5d72a47eb87c2bf77659,e95999147596689babf082839394d52f32c1e6b8b8204a588e76311861f895f9,b9685535e0d715ed9954ee60e7ab5fe88109a982718286ff18519e20e4dca459,0.8864637177764976,0.8864637177764978,fraction,2158,1877,1,original_probabilities_verified,0.9180985153612534,963,1195,0.8709554500226142,550,1608,0.8848251271871559,521,1637,0.8845929894025854,496,1662,0.8738465069088801,262,1896
tcn,29,I__snr_0__noise_505,I,,0.0,505.0,b0290878a2da27aa1e6bc617ccb819e797ff6914debfd821b0dd49b970ba23f5,methodology_supplement/results/predictions/full/tcn/seed_29/standard__n505__independent_rms__snr0.npz,b0290878a2da27aa1e6bc617ccb819e797ff6914debfd821b0dd49b970ba23f5,e95999147596689babf082839394d52f32c1e6b8b8204a588e76311861f895f9,ce3dcc966a294de3f65ce5c8391a420750abbaa2fd697122f8d6836e7100a9aa,0.8844841174703422,0.8844841174703422,fraction,2158,1877,1,original_probabilities_verified,0.9163970680883049,963,1195,0.8681580732700136,550,1608,0.8826653784777876,521,1637,0.8859977291254222,496,1662,0.8692023383901826,262,1896
tcn,29,I__snr_0__noise_8128,I,,0.0,8128.0,6d00ae8ef6f5478fb7ad3eeb5c69b92160f2c8ae2303074a41ee4172cbaaeef1,methodology_supplement/results/predictions/full/tcn/seed_29/standard__n8128__independent_rms__snr0.npz,6d00ae8ef6f5478fb7ad3eeb5c69b92160f2c8ae2303074a41ee4172cbaaeef1,e95999147596689babf082839394d52f32c1e6b8b8204a588e76311861f895f9,25906cf56405bdae430b0cb33fc5c894b641d005d5e0638db02626962cf86f9b,0.8843474898867522,0.8843474898867522,fraction,2158,1877,1,original_probabilities_verified,0.9157983463461897,963,1195,0.8675644504748983,550,1608,0.8857431962639396,521,1637,0.8835861379604829,496,1662,0.86904531838825,262,1896
tcn,29,I__snr_10__noise_101,I,,10.0,101.0,e54527f75a5aea6e522b391ca303046e8a4b9dbaf6bdc50da7815d771e363ce3,methodology_supplement/results/predictions/full/tcn/seed_29/standard__n101__independent_rms__snr10.npz,e54527f75a5aea6e522b391ca303046e8a4b9dbaf6bdc50da7815d771e363ce3,e95999147596689babf082839394d52f32c1e6b8b8204a588e76311861f895f9,2e11974ad9bf84a2a653ea36780b96e915ea2f3150c9ce8d696e750a95c83949,0.9193581095043951,0.9193581095043952,fraction,2158,1877,1,original_probabilities_verified,0.9409133765212442,963,1195,0.9112075983717774,550,1608,0.9311319217190756,521,1637,0.9150108206203176,496,1662,0.898526830289561,262,1896
tcn,29,I__snr_10__noise_202,I,,10.0,202.0,60390ae84068affc468b27033e7b64e2370cdde10a224d55322ee7af4ae4f07d,methodology_supplement/results/predictions/full/tcn/seed_29/standard__n202__independent_rms__snr10.npz,60390ae84068affc468b27033e7b64e2370cdde10a224d55322ee7af4ae4f07d,e95999147596689babf082839394d52f32c1e6b8b8204a588e76311861f895f9,fa03e8ff81a47d8c5aba08b3ed4465ae3a01e93831fe18abff00db5f891a5c45,0.9191175477910116,0.9191175477910116,fraction,2158,1877,1,original_probabilities_verified,0.941612899021103,963,1195,0.9108604703753957,550,1608,0.9302642702288841,521,1637,0.9143836613485501,496,1662,0.8984664379811254,262,1896
tcn,29,I__snr_10__noise_303,I,,10.0,303.0,cc169cadf568afaf411995b5b82be5dc47347504cc74dab1d5f8cee8082b6996,methodology_supplement/results/predictions/full/tcn/seed_29/standard__n303__independent_rms__snr10.npz,cc169cadf568afaf411995b5b82be5dc47347504cc74dab1d5f8cee8082b6996,e95999147596689babf082839394d52f32c1e6b8b8204a588e76311861f895f9,4cca537f5eea5b5d6ca82ef45d0358b7471452611b18e7bbe977f9002fd8514c,0.9193809679357461,0.919380967935746,fraction,2158,1877,1,original_probabilities_verified,0.9409933219497995,963,1195,0.9119448213478064,550,1608,0.931752175284361,521,1637,0.9146056538954234,496,1662,0.8976088672013399,262,1896
tcn,29,I__snr_10__noise_404,I,,10.0,404.0,0c0fc6ff972326e63552c81bcef6197bcd691b7a3e858682be2d0920670dbdb6,methodology_supplement/results/predictions/full/tcn/seed_29/standard__n404__independent_rms__snr10.npz,0c0fc6ff972326e63552c81bcef6197bcd691b7a3e858682be2d0920670dbdb6,e95999147596689babf082839394d52f32c1e6b8b8204a588e76311861f895f9,dc05ef41e573ddcb91f35d3658be71e2bf841c76403c1d5b67bfc07df3cf6cf9,0.9193326704668738,0.9193326704668736,fraction,2158,1877,1,original_probabilities_verified,0.9412270754311187,963,1195,0.9110131162369969,550,1608,0.93030648030138,521,1637,0.91427933698226,496,1662,0.8998373433826135,262,1896
tcn,29,I__snr_10__noise_505,I,,10.0,505.0,708ab2bf148cf13db35b35066ad809f0c5fb9bb6307088a67998f8609d61b3ff,methodology_supplement/results/predictions/full/tcn/seed_29/standard__n505__independent_rms__snr10.npz,708ab2bf148cf13db35b35066ad809f0c5fb9bb6307088a67998f8609d61b3ff,e95999147596689babf082839394d52f32c1e6b8b8204a588e76311861f895f9,40f2f74bd5618065dc046256d7aaf6013feb004c515e5cce69c08aa92797d386,0.9188220942294698,0.9188220942294698,fraction,2158,1877,1,original_probabilities_verified,0.941271393005644,963,1195,0.9098835368611488,550,1608,0.929806994443513,521,1637,0.9147827627033112,496,1662,0.8983657841337327,262,1896
tcn,29,I__snr_10__noise_8128,I,,10.0,8128.0,71ed13174d6f091eec81c3f76698d1d313821b193359bbecdf05851f5b77f27e,methodology_supplement/results/predictions/full/tcn/seed_29/standard__n8128__independent_rms__snr10.npz,71ed13174d6f091eec81c3f76698d1d313821b193359bbecdf05851f5b77f27e,e95999147596689babf082839394d52f32c1e6b8b8204a588e76311861f895f9,52a737fdeb584852a0d45c42729c1a3c8a4457e5b51ab403ca1fd00fd4b40bb9,0.9189417259551164,0.9189417259551164,fraction,2158,1877,1,original_probabilities_verified,0.9413991318969225,963,1195,0.9116971958389869,550,1608,0.9295877365669376,521,1637,0.9140634098055199,496,1662,0.8979611556672142,262,1896
tcn,29,I__snr_5__noise_101,I,,5.0,101.0,63fa03565d685a99ac829921b7a6881fc57a05b413a5a239d0c4026a72ac8cb1,methodology_supplement/results/predictions/full/tcn/seed_29/standard__n101__independent_rms__snr5.npz,63fa03565d685a99ac829921b7a6881fc57a05b413a5a239d0c4026a72ac8cb1,e95999147596689babf082839394d52f32c1e6b8b8204a588e76311861f895f9,d49ac1d77ee75afd3789bb2ceff039ce8d719c2ca6f6a349c9c17f7098b08599,0.9109948717817794,0.9109948717817794,fraction,2158,1877,1,original_probabilities_verified,0.9333202987525906,963,1195,0.9021155585707824,550,1608,0.9217038330263332,521,1637,0.9069353868250456,496,1662,0.890899281734145,262,1896
tcn,29,I__snr_5__noise_202,I,,5.0,202.0,27afc8acbb73b7e4349f9ec652b90ac0fbc477cb08047e950cfa7e8ebf8aa3f3,methodology_supplement/results/predictions/full/tcn/seed_29/standard__n202__independent_rms__snr5.npz,27afc8acbb73b7e4349f9ec652b90ac0fbc477cb08047e950cfa7e8ebf8aa3f3,e95999147596689babf082839394d52f32c1e6b8b8204a588e76311861f895f9,0360ee49bce1989641f1db50607d38189be93cd3e3f0c15d2967aeceb8879683,0.9111063752054296,0.9111063752054298,fraction,2158,1877,1,original_probabilities_verified,0.9344490934449093,963,1195,0.9017899140660335,550,1608,0.9210249543603591,521,1637,0.9068492585691549,496,1662,0.8914186555866912,262,1896
tcn,29,I__snr_5__noise_303,I,,5.0,303.0,f7fabf096b8e2131ee048865921b318e3fb89639326c856e639dae260fe31a26,methodology_supplement/results/predictions/full/tcn/seed_29/standard__n303__independent_rms__snr5.npz,f7fabf096b8e2131ee048865921b318e3fb89639326c856e639dae260fe31a26,e95999147596689babf082839394d52f32c1e6b8b8204a588e76311861f895f9,c20aab6721faa0e8591c24d76190edbb47049c50f9ed46c7a86ae50545ff5794,0.9109948738322329,0.9109948738322328,fraction,2158,1877,1,original_probabilities_verified,0.9329970411501715,963,1195,0.9027001356852103,550,1608,0.9226828722078331,521,1637,0.9072410814797562,496,1662,0.8893532386381937,262,1896
tcn,29,I__snr_5__noise_404,I,,5.0,404.0,368e0607183dedb8df1555abd5d7f73ed43435081b808f12abee2dac6242e37f,methodology_supplement/results/predictions/full/tcn/seed_29/standard__n404__independent_rms__snr5.npz,368e0607183dedb8df1555abd5d7f73ed43435081b808f12abee2dac6242e37f,e95999147596689babf082839394d52f32c1e6b8b8204a588e76311861f895f9,39d832fbf0ea92025813b71fe99c3a23638662e68df3c98584f1e9933048a487,0.9116965058640574,0.9116965058640574,fraction,2158,1877,1,original_probabilities_verified,0.9345385975660093,963,1195,0.902618724559023,550,1608,0.92034138568633,521,1637,0.9070045320445634,496,1662,0.8939792894643604,262,1896
tcn,29,I__snr_5__noise_505,I,,5.0,505.0,f22ec68ea296f92ebd071b829f5888c69485baf2ae70d84263b91c6575d57d52,methodology_supplement/results/predictions/full/tcn/seed_29/standard__n505__independent_rms__snr5.npz,f22ec68ea296f92ebd071b829f5888c69485baf2ae70d84263b91c6575d57d52,e95999147596689babf082839394d52f32c1e6b8b8204a588e76311861f895f9,2e1ebb8fee3c5cfc3af7c2a5eede4bb35c6eed8e806f604d6181ebc212b9c620,0.9105286487092604,0.9105286487092602,fraction,2158,1877,1,original_probabilities_verified,0.934183187997758,963,1195,0.8999785165083672,550,1608,0.9197070620968791,521,1637,0.9076134952059315,496,1662,0.8911609817373659,262,1896
tcn,29,I__snr_5__noise_8128,I,,5.0,8128.0,3ca210667a5e22e9d142356aee027ee60e4c12ccd72b8182184d6cf8cd0dba6f,methodology_supplement/results/predictions/full/tcn/seed_29/standard__n8128__independent_rms__snr5.npz,3ca210667a5e22e9d142356aee027ee60e4c12ccd72b8182184d6cf8cd0dba6f,e95999147596689babf082839394d52f32c1e6b8b8204a588e76311861f895f9,9ac7f1df732224f4a0a2fc01ed414b32fdc10d4ec73eead7d7e5fff91a464581,0.9105794877306964,0.9105794877306964,fraction,2158,1877,1,original_probabilities_verified,0.9339077238580621,963,1195,0.9015343735866124,550,1608,0.9202288254930078,521,1637,0.9065144501378052,496,1662,0.8907120655779946,262,1896
tcn,29,S_00__snr_0__noise_101,S_00,S_00,0.0,101.0,b218d16819d5dbe07dd5369d77aa8b2f2da4538d8c3fb8f53ca534319898bed8,signed_control_mechanism/predictions/full/worker_tcn_0/seed_29/S_00__snr_0__noise_101.npz,b218d16819d5dbe07dd5369d77aa8b2f2da4538d8c3fb8f53ca534319898bed8,e95999147596689babf082839394d52f32c1e6b8b8204a588e76311861f895f9,90d43cf6d4d340502be9500dc2ad9e31ae28d1b5f7ab521277522775383393d1,0.8949835595931454,0.894983559593145,fraction,2158,1877,1,original_probabilities_verified,0.9217169149754298,963,1195,0.886181592039801,550,1608,0.9023716198232571,521,1637,0.8883874849578821,496,1662,0.8762601861693562,262,1896
tcn,29,S_00__snr_0__noise_202,S_00,S_00,0.0,202.0,84a950d58d4655f7e4cac9f10454643a709ae7f5582de108827bb07e05a10688,signed_control_mechanism/predictions/full/worker_tcn_0/seed_29/S_00__snr_0__noise_202.npz,84a950d58d4655f7e4cac9f10454643a709ae7f5582de108827bb07e05a10688,e95999147596689babf082839394d52f32c1e6b8b8204a588e76311861f895f9,81b02d3e282ab4b3f42d5d0c575a4d09e2d59536d14c51a69cc095976009c5cf,0.8942257689877614,0.8942257689877614,fraction,2158,1877,1,original_probabilities_verified,0.9213119740003562,963,1195,0.877910447761194,550,1608,0.9036508195202825,521,1637,0.8928006482667599,496,1662,0.8754549553902148,262,1896
tcn,29,S_00__snr_0__noise_303,S_00,S_00,0.0,303.0,1cd6a4b05d0ebb82ad5180245b154b6998821d7baf5531977c3469cf703a4074,signed_control_mechanism/predictions/full/worker_tcn_0/seed_29/S_00__snr_0__noise_303.npz,1cd6a4b05d0ebb82ad5180245b154b6998821d7baf5531977c3469cf703a4074,e95999147596689babf082839394d52f32c1e6b8b8204a588e76311861f895f9,fd433d20cb8bb5b1561e3cc2690233c19cb634445bd5684d427ed37b5f8dbf77,0.893512786715761,0.893512786715761,fraction,2158,1877,1,original_probabilities_verified,0.9204890574694665,963,1195,0.8836668928086838,550,1608,0.9004850640830976,521,1637,0.8882128022980474,496,1662,0.8747101169195092,262,1896
tcn,29,S_00__snr_0__noise_404,S_00,S_00,0.0,404.0,d8ef776184c9f3890ad2b159686353bfbed002e25a09757206a8abc550205e2e,signed_control_mechanism/predictions/full/worker_tcn_0/seed_29/S_00__snr_0__noise_404.npz,d8ef776184c9f3890ad2b159686353bfbed002e25a09757206a8abc550205e2e,e95999147596689babf082839394d52f32c1e6b8b8204a588e76311861f895f9,4e528fa2a3e4d36f95fec6f366ca9be4a3dd927b1662cd5897a3fca3612237d3,0.8947752950858281,0.8947752950858281,fraction,2158,1877,1,original_probabilities_verified,0.9217082252549347,963,1195,0.8842966983265491,550,1608,0.9021418094285577,521,1637,0.8910598870385467,496,1662,0.8746698553805521,262,1896
tcn,29,S_00__snr_0__noise_505,S_00,S_00,0.0,505.0,1281625229b7b9ac6cc8963a078f1546ce76e1fec2f23e7181febf75e880b069,signed_control_mechanism/predictions/full/worker_tcn_0/seed_29/S_00__snr_0__noise_505.npz,1281625229b7b9ac6cc8963a078f1546ce76e1fec2f23e7181febf75e880b069,e95999147596689babf082839394d52f32c1e6b8b8204a588e76311861f895f9,ae3e295190787e1bd5a143a7eaa8fdce8f11cd42d11a9a3791f5299eeff3701c,0.8934717172570664,0.8934717172570664,fraction,2158,1877,1,original_probabilities_verified,0.9177404988768536,963,1195,0.8806151062867481,550,1608,0.9013151955088483,521,1637,0.8923032879158418,496,1662,0.87538449769704,262,1896
tcn,29,S_00__snr_0__noise_8128,S_00,S_00,0.0,8128.0,ee26f7b8a81b5712fdd49090f311d23e357944db8d4332f27ce98c8a75debb09,signed_control_mechanism/predictions/full/worker_tcn_0/seed_29/S_00__snr_0__noise_8128.npz,ee26f7b8a81b5712fdd49090f311d23e357944db8d4332f27ce98c8a75debb09,e95999147596689babf082839394d52f32c1e6b8b8204a588e76311861f895f9,d8002ce68750b6263e1550035c8d1e4ba6bdddad4553ab5abfdabf86d33d5832,0.893799178810964,0.893799178810964,fraction,2158,1877,1,original_probabilities_verified,0.9209800266774419,963,1195,0.8856445047489824,550,1608,0.8998366704694816,521,1637,0.8898698614184232,496,1662,0.8726648307404902,262,1896
tcn,29,S_00__snr_10__noise_101,S_00,S_00,10.0,101.0,0e692f4f1c57e4b9bf23a850d8307811672718338b98c8e3909a771591e2c4a4,signed_control_mechanism/predictions/full/worker_tcn_0/seed_29/S_00__snr_10__noise_101.npz,0e692f4f1c57e4b9bf23a850d8307811672718338b98c8e3909a771591e2c4a4,e95999147596689babf082839394d52f32c1e6b8b8204a588e76311861f895f9,1e0ab9e2e03660c142635dabcd943b8accb16370cd1304748436cd25b62a2d97,0.9199791756302231,0.9199791756302232,fraction,2158,1877,1,original_probabilities_verified,0.9425531267786772,963,1195,0.9129025327905925,550,1608,0.9319022555421239,521,1637,0.9137977465936882,496,1662,0.8987402164460334,262,1896
tcn,29,S_00__snr_10__noise_202,S_00,S_00,10.0,202.0,84ebcb9571245bfb005b62c2e044e56c021cc97a866c332c527bd7ba63800fa1,signed_control_mechanism/predictions/full/worker_tcn_0/seed_29/S_00__snr_10__noise_202.npz,84ebcb9571245bfb005b62c2e044e56c021cc97a866c332c527bd7ba63800fa1,e95999147596689babf082839394d52f32c1e6b8b8204a588e76311861f895f9,1c508f1f829a555e7dad3ef6924e632d193e7edd2c7b2b0ef24af52bf0a623d7,0.9197724522459249,0.919772452245925,fraction,2158,1877,1,original_probabilities_verified,0.9423193732973579,963,1195,0.9114936680235187,550,1608,0.9312409644063564,521,1637,0.9150217382865572,496,1662,0.898786517215834,262,1896
tcn,29,S_00__snr_10__noise_303,S_00,S_00,10.0,303.0,22cc7cf3e8f4acf676e0286f96ad1f43740a0c15c7307cb3cf90c5ef93e86e3b,signed_control_mechanism/predictions/full/worker_tcn_0/seed_29/S_00__snr_10__noise_303.npz,22cc7cf3e8f4acf676e0286f96ad1f43740a0c15c7307cb3cf90c5ef93e86e3b,e95999147596689babf082839394d52f32c1e6b8b8204a588e76311861f895f9,32d2cb77e337cc06372802b06e82502191740ff0fe52846ac83b76663f759d6f,0.9195499924314026,0.9195499924314026,fraction,2158,1877,1,original_probabilities_verified,0.941831011005531,963,1195,0.911250565355043,550,1608,0.9310146715176983,521,1637,0.9145692616746244,496,1662,0.8990844526041163,262,1896
tcn,29,S_00__snr_10__noise_404,S_00,S_00,10.0,404.0,d72b9502699e279aab104a5511d233498ca279f81831574a77a4aaa8be3aab66,signed_control_mechanism/predictions/full/worker_tcn_0/seed_29/S_00__snr_10__noise_404.npz,d72b9502699e279aab104a5511d233498ca279f81831574a77a4aaa8be3aab66,e95999147596689babf082839394d52f32c1e6b8b8204a588e76311861f895f9,f54cf2b8ac4a90a307c2babe36bc41ebbd493435128ba08bec19126e2416f4eb,0.9201066345064287,0.9201066345064288,fraction,2158,1877,1,original_probabilities_verified,0.9419457153160669,963,1195,0.9133955223880597,550,1608,0.9310568815901942,521,1637,0.9156464714102713,496,1662,0.8984885818275518,262,1896
tcn,29,S_00__snr_10__noise_505,S_00,S_00,10.0,505.0,7142b13dc62686768158383ab4bc13d9f18548990d198d52ac3fb9fc426891d8,signed_control_mechanism/predictions/full/worker_tcn_0/seed_29/S_00__snr_10__noise_505.npz,7142b13dc62686768158383ab4bc13d9f18548990d198d52ac3fb9fc426891d8,e95999147596689babf082839394d52f32c1e6b8b8204a588e76311861f895f9,468ceab8b827fd18033d999ca7f1ddd04548469ccc7fc2bd33f352d264901b17,0.9195014409292515,0.9195014409292516,fraction,2158,1877,1,original_probabilities_verified,0.9412644412292479,963,1195,0.9119685662596111,550,1608,0.9313840096520366,521,1637,0.915464510306277,496,1662,0.8974256771990853,262,1896
tcn,29,S_00__snr_10__noise_8128,S_00,S_00,10.0,8128.0,1b1dbb867e58672c4e89a711c55f5b6475d3235a82c939b5e33985254ed1be66,signed_control_mechanism/predictions/full/worker_tcn_0/seed_29/S_00__snr_10__noise_8128.npz,1b1dbb867e58672c4e89a711c55f5b6475d3235a82c939b5e33985254ed1be66,e95999147596689babf082839394d52f32c1e6b8b8204a588e76311861f895f9,0514b15f68c6d2343a1108522528aa747a7fe7b86ff953eb2caf2a94e7db56e1,0.9197230231989026,0.9197230231989026,fraction,2158,1877,1,original_probabilities_verified,0.9418040728719961,963,1195,0.9124864314789688,550,1608,0.9307098209941176,521,1637,0.9154402488257444,496,1662,0.8981745418236867,262,1896
tcn,29,S_00__snr_5__noise_101,S_00,S_00,5.0,101.0,32b9bc92e563a86efad5c6e59b4211b140bd403e229d7c1945286174311bc678,signed_control_mechanism/predictions/full/worker_tcn_0/seed_29/S_00__snr_5__noise_101.npz,32b9bc92e563a86efad5c6e59b4211b140bd403e229d7c1945286174311bc678,e95999147596689babf082839394d52f32c1e6b8b8204a588e76311861f895f9,220e36ea2d5ba55aec5527fcad1de662c00e615ace2c96f2dfaa1568f2e29239,0.9139185704877331,0.9139185704877332,fraction,2158,1877,1,original_probabilities_verified,0.936659758338873,963,1195,0.9067571234735414,550,1608,0.9256481298006629,521,1637,0.9076074298357983,496,1662,0.8929204109897897,262,1896
tcn,29,S_00__snr_5__noise_202,S_00,S_00,5.0,202.0,83dfb2da1687752680968a93af8534cd75016a872bd9040876a70ed64082cfff,signed_control_mechanism/predictions/full/worker_tcn_0/seed_29/S_00__snr_5__noise_202.npz,83dfb2da1687752680968a93af8534cd75016a872bd9040876a70ed64082cfff,e95999147596689babf082839394d52f32c1e6b8b8204a588e76311861f895f9,300a38d999658a54359a89a95def721048f44ce9a071c41982a765edaf761244,0.9133605484897875,0.9133605484897876,fraction,2158,1877,1,original_probabilities_verified,0.9359628427551627,963,1195,0.9031529850746268,550,1608,0.9257677250060677,521,1637,0.909081314778153,496,1662,0.8928378748349277,262,1896
tcn,29,S_00__snr_5__noise_303,S_00,S_00,5.0,303.0,fdb0a92c06fdbba307f67537f92b440c7070573e66ea399930d7a619193aded8,signed_control_mechanism/predictions/full/worker_tcn_0/seed_29/S_00__snr_5__noise_303.npz,fdb0a92c06fdbba307f67537f92b440c7070573e66ea399930d7a619193aded8,e95999147596689babf082839394d52f32c1e6b8b8204a588e76311861f895f9,e147144e3e36f1d2fe4bed6ecd3453f2e12e6d773039628d91467954594c7f71,0.9129382308481849,0.9129382308481848,fraction,2158,1877,1,original_probabilities_verified,0.9357412548825367,963,1195,0.9047274988692899,550,1608,0.9239937294592303,521,1637,0.908161804665968,496,1662,0.8920668663638999,262,1896
tcn,29,S_00__snr_5__noise_404,S_00,S_00,5.0,404.0,a1874c6c67cf30b5d7aa5e1a63492757dca4b996d90f3dad04086a55e149a317,signed_control_mechanism/predictions/full/worker_tcn_0/seed_29/S_00__snr_5__noise_404.npz,a1874c6c67cf30b5d7aa5e1a63492757dca4b996d90f3dad04086a55e149a317,e95999147596689babf082839394d52f32c1e6b8b8204a588e76311861f895f9,78a0e2024de79f2beb09d640b89f830d106d9956efbd4da8ed41f768e4d13595,0.9141502531090644,0.9141502531090644,fraction,2158,1877,1,original_probabilities_verified,0.9362721968047898,963,1195,0.9063342379014021,550,1608,0.9255355696073408,521,1637,0.9100129556306044,496,1662,0.8925963056011853,262,1896
tcn,29,S_00__snr_5__noise_505,S_00,S_00,5.0,505.0,00dfaa458d1f21c17daf609278ca99b27d0e57c6c32c40725dc2875ce26f696e,signed_control_mechanism/predictions/full/worker_tcn_0/seed_29/S_00__snr_5__noise_505.npz,00dfaa458d1f21c17daf609278ca99b27d0e57c6c32c40725dc2875ce26f696e,e95999147596689babf082839394d52f32c1e6b8b8204a588e76311861f895f9,303de8547e643e7b4aedd29e9198bfcef464370d9f3ec4890f797f4dfc6c629e,0.9129952040117217,0.9129952040117216,fraction,2158,1877,1,original_probabilities_verified,0.9340867321002619,963,1195,0.904571460877431,550,1608,0.9250108749561777,521,1637,0.9099547280773261,496,1662,0.891352224047412,262,1896
tcn,29,S_00__snr_5__noise_8128,S_00,S_00,5.0,8128.0,decbf06ff7e43594046824bd18573956365363f963b20fdb27f037425d759c1e,signed_control_mechanism/predictions/full/worker_tcn_0/seed_29/S_00__snr_5__noise_8128.npz,decbf06ff7e43594046824bd18573956365363f963b20fdb27f037425d759c1e,e95999147596689babf082839394d52f32c1e6b8b8204a588e76311861f895f9,ee82eeee14bc94ae2d245352f6a09c5cd4f491fd0d22f6a36c057227de67b495,0.9135984336631295,0.9135984336631296,fraction,2158,1877,1,original_probabilities_verified,0.9360853678141443,963,1195,0.9068588873812754,550,1608,0.9244134851801608,521,1637,0.909451302356275,496,1662,0.8911831255837923,262,1896
tcn,29,S_01__snr_0__noise_101,S_01,S_01,0.0,101.0,36ef776c0dc27ced314575ccece3df26833b5f238ee3b57ea031df97327af81b,signed_control_mechanism/predictions/full/worker_tcn_0/seed_29/S_01__snr_0__noise_101.npz,36ef776c0dc27ced314575ccece3df26833b5f238ee3b57ea031df97327af81b,e95999147596689babf082839394d52f32c1e6b8b8204a588e76311861f895f9,4ad0282d0762b557311cf9f985d2c81a54b7c9fafba60fbe893e56e380fd3455,0.874625961235739,0.874625961235739,fraction,2158,1877,1,original_probabilities_verified,0.9134807978901358,963,1195,0.844673224785165,550,1608,0.8752786157910226,521,1637,0.8800670102092311,496,1662,0.8596301575031404,262,1896
tcn,29,S_01__snr_0__noise_202,S_01,S_01,0.0,202.0,4cfe23cb32fafe126eb2c2b88a401b2e79ddd6252a2ce0322c35d8da6e84d15a,signed_control_mechanism/predictions/full/worker_tcn_0/seed_29/S_01__snr_0__noise_202.npz,4cfe23cb32fafe126eb2c2b88a401b2e79ddd6252a2ce0322c35d8da6e84d15a,e95999147596689babf082839394d52f32c1e6b8b8204a588e76311861f895f9,d1627539fea69ee46eed5057e4180b83b2c1e03f2ce562dfa1d490115aa55b1b,0.8739958047306811,0.8739958047306811,fraction,2158,1877,1,original_probabilities_verified,0.9103698779528756,963,1195,0.840958842152872,550,1608,0.8773949819258815,521,1637,0.8787665948526843,496,1662,0.862488726769092,262,1896
tcn,29,S_01__snr_0__noise_303,S_01,S_01,0.0,303.0,b49ee965cab133a39246932585221d73d18f1d57e77692d169483835472206e9,signed_control_mechanism/predictions/full/worker_tcn_0/seed_29/S_01__snr_0__noise_303.npz,b49ee965cab133a39246932585221d73d18f1d57e77692d169483835472206e9,e95999147596689babf082839394d52f32c1e6b8b8204a588e76311861f895f9,2256b4467948b0a0b9b63b5dd0f3c021dcd8f62f254d5f2cda5b979325a9d4c5,0.8751297125703899,0.8751297125703899,fraction,2158,1877,1,original_probabilities_verified,0.9086467063786894,963,1195,0.8449491180461329,550,1608,0.877608377292388,521,1637,0.8837935736190365,496,1662,0.860650787515702,262,1896
tcn,29,S_01__snr_0__noise_404,S_01,S_01,0.0,404.0,c90499cbcdfd7e3a58cb3414b53c2d95d9b70cf4270ac8130922abcdeab96478,signed_control_mechanism/predictions/full/worker_tcn_0/seed_29/S_01__snr_0__noise_404.npz,c90499cbcdfd7e3a58cb3414b53c2d95d9b70cf4270ac8130922abcdeab96478,e95999147596689babf082839394d52f32c1e6b8b8204a588e76311861f895f9,2d5b4a43a7cfe3291eec467be6e7752537981af714ac9e44c49310918e3495d4,0.8741573184029487,0.8741573184029487,fraction,2158,1877,1,original_probabilities_verified,0.9091072615649317,963,1195,0.8401413387607417,550,1608,0.876784694627713,521,1637,0.8848513741702574,496,1662,0.8599019228911006,262,1896
tcn,29,S_01__snr_0__noise_505,S_01,S_01,0.0,505.0,58be1bebc5194b11c7972255c66e40769f007509e9d08d326854d1487476b322,signed_control_mechanism/predictions/full/worker_tcn_0/seed_29/S_01__snr_0__noise_505.npz,58be1bebc5194b11c7972255c66e40769f007509e9d08d326854d1487476b322,e95999147596689babf082839394d52f32c1e6b8b8204a588e76311861f895f9,9e9bdcb7613e1993e72746811d7aa1b1523c3c62f5413b995d7fe4a09c4607b9,0.8727168898511326,0.8727168898511326,fraction,2158,1877,1,original_probabilities_verified,0.90930712513632,963,1195,0.8430269109000452,550,1608,0.8745880121049108,521,1637,0.8776724020806645,496,1662,0.8589899990337231,262,1896
tcn,29,S_01__snr_0__noise_8128,S_01,S_01,0.0,8128.0,9bc72be54959d4d31345bd15ecf531d48a6c4a0316da486430939a9edfaca650,signed_control_mechanism/predictions/full/worker_tcn_0/seed_29/S_01__snr_0__noise_8128.npz,9bc72be54959d4d31345bd15ecf531d48a6c4a0316da486430939a9edfaca650,e95999147596689babf082839394d52f32c1e6b8b8204a588e76311861f895f9,c9f7302b910ac1c991a30860748f9e5442d831a3241db514a8c540df070993c3,0.8761532995586041,0.8761532995586041,fraction,2158,1877,1,original_probabilities_verified,0.9109851101639316,963,1195,0.8493939393939394,550,1608,0.8781829032791364,521,1637,0.8821898897558325,496,1662,0.8600146552001804,262,1896
tcn,29,S_01__snr_10__noise_101,S_01,S_01,10.0,101.0,c7b7c7378e2e3ed8c6a3e46de5c8e17b93ff669696c51187eb1cc55a6cf02e89,signed_control_mechanism/predictions/full/worker_tcn_0/seed_29/S_01__snr_10__noise_101.npz,c7b7c7378e2e3ed8c6a3e46de5c8e17b93ff669696c51187eb1cc55a6cf02e89,e95999147596689babf082839394d52f32c1e6b8b8204a588e76311861f895f9,4926751af214d4c594111dbc9b3ca31106410c9e87a8860c952ce89c1284c727,0.9189509037247785,0.9189509037247784,fraction,2158,1877,1,original_probabilities_verified,0.9423463114308929,963,1195,0.9103380823156942,550,1608,0.9311014366667175,521,1637,0.9141992740965025,496,1662,0.8967694141140851,262,1896
tcn,29,S_01__snr_10__noise_202,S_01,S_01,10.0,202.0,7748cf195cb262c2c8597b0d5d5dd5fa6adc0ff7723ffc409a7e3def575d8abd,signed_control_mechanism/predictions/full/worker_tcn_0/seed_29/S_01__snr_10__noise_202.npz,7748cf195cb262c2c8597b0d5d5dd5fa6adc0ff7723ffc409a7e3def575d8abd,e95999147596689babf082839394d52f32c1e6b8b8204a588e76311861f895f9,9b191fd1cbe456a82e5ec5a8d2bd63ec53f53b01808440e198afe027638c2276,0.918449916623701,0.918449916623701,fraction,2158,1877,1,original_probabilities_verified,0.9408351690367879,963,1195,0.9091983265490728,550,1608,0.9296498791736675,521,1637,0.9144661503823609,496,1662,0.8981000579766161,262,1896
tcn,29,S_01__snr_10__noise_303,S_01,S_01,10.0,303.0,079c69b0b4218622578a69122f31319e5f4702a47b81373d827799f15f10b05e,signed_control_mechanism/predictions/full/worker_tcn_0/seed_29/S_01__snr_10__noise_303.npz,079c69b0b4218622578a69122f31319e5f4702a47b81373d827799f15f10b05e,e95999147596689babf082839394d52f32c1e6b8b8204a588e76311861f895f9,edaadb28b498808962a53be9623f8e5c2795aea0e86472072f57cd892a52d7d7,0.9180152269438567,0.9180152269438568,fraction,2158,1877,1,original_probabilities_verified,0.9396742223786372,963,1195,0.9078618272274989,550,1608,0.9299207271388489,521,1637,0.9155882438569931,496,1662,0.8970311141173061,262,1896
tcn,29,S_01__snr_10__noise_404,S_01,S_01,10.0,404.0,3e6040f7c4a5551d9948a65e76d996dc2f3b31a847916d9f5d96ffa4b5ca7f53,signed_control_mechanism/predictions/full/worker_tcn_0/seed_29/S_01__snr_10__noise_404.npz,3e6040f7c4a5551d9948a65e76d996dc2f3b31a847916d9f5d96ffa4b5ca7f53,e95999147596689babf082839394d52f32c1e6b8b8204a588e76311861f895f9,4eae76946baf0502be04955e4c5aedfb3e37285a5ed019bea2953adb5dbe910a,0.91809737691616,0.91809737691616,fraction,2158,1877,1,original_probabilities_verified,0.9406074983598153,963,1195,0.9082168701944822,550,1608,0.9301751600758374,521,1637,0.9145025426031598,496,1662,0.8969848133475053,262,1896
tcn,29,S_01__snr_10__noise_505,S_01,S_01,10.0,505.0,d142d1dbf3766508eecf8547391415f6ed99b12cc0455ed432a70a9f9f3be1e9,signed_control_mechanism/predictions/full/worker_tcn_0/seed_29/S_01__snr_10__noise_505.npz,d142d1dbf3766508eecf8547391415f6ed99b12cc0455ed432a70a9f9f3be1e9,e95999147596689babf082839394d52f32c1e6b8b8204a588e76311861f895f9,2d7b7ba68cae4eb9381eed213e99f6bc440fb88ec2e0858473e20608d82942e2,0.9179249763343165,0.9179249763343164,fraction,2158,1877,1,original_probabilities_verified,0.9408030170709559,963,1195,0.9078459972862958,550,1608,0.9301153624731351,521,1637,0.9143205814991654,496,1662,0.8965399233420298,262,1896
tcn,29,S_01__snr_10__noise_8128,S_01,S_01,10.0,8128.0,aafa29421e614fb59fadcb2f50f3f8e28fca56ab5c5ad06bd33341181342949f,signed_control_mechanism/predictions/full/worker_tcn_0/seed_29/S_01__snr_10__noise_8128.npz,aafa29421e614fb59fadcb2f50f3f8e28fca56ab5c5ad06bd33341181342949f,e95999147596689babf082839394d52f32c1e6b8b8204a588e76311861f895f9,402be9df9cfd80331295032ec9882faa5a4d9c573d9dc0d626c6635b03e3aa77,0.9189204656749664,0.9189204656749664,fraction,2158,1877,1,original_probabilities_verified,0.9407656512728269,963,1195,0.9104330619629127,550,1608,0.9299969397697441,521,1637,0.915075113543729,496,1662,0.8983315618256192,262,1896
tcn,29,S_01__snr_5__noise_101,S_01,S_01,5.0,101.0,07077da4c5b0c1698de73a8535019b48b5fab8d84d8dd1e05ef7ed64f3ab20a1,signed_control_mechanism/predictions/full/worker_tcn_0/seed_29/S_01__snr_5__noise_101.npz,07077da4c5b0c1698de73a8535019b48b5fab8d84d8dd1e05ef7ed64f3ab20a1,e95999147596689babf082839394d52f32c1e6b8b8204a588e76311861f895f9,1c617233abf5903b44e133e3f2b7a1b85de584c237de5867e6895bd3d9a3b9e4,0.9083266858194129,0.9083266858194128,fraction,2158,1877,1,original_probabilities_verified,0.9339103307742106,963,1195,0.8959984170058797,550,1608,0.9183950323434681,521,1637,0.9057781142036412,496,1662,0.887551534769865,262,1896
tcn,29,S_01__snr_5__noise_202,S_01,S_01,5.0,202.0,4367a5b20cb19db0063d82400e52b00a854be6db7bce30a995d34a7a4614b8fb,signed_control_mechanism/predictions/full/worker_tcn_0/seed_29/S_01__snr_5__noise_202.npz,4367a5b20cb19db0063d82400e52b00a854be6db7bce30a995d34a7a4614b8fb,e95999147596689babf082839394d52f32c1e6b8b8204a588e76311861f895f9,509d4e518a0012a3599f0a8cbd666ee1194f5301d8354d17322bac2e678bf9b4,0.9071871869437276,0.9071871869437276,fraction,2158,1877,1,original_probabilities_verified,0.9313651116411841,963,1195,0.8936352329262777,550,1608,0.9170325850034647,521,1637,0.9051315457474477,496,1662,0.8887714594002641,262,1896
tcn,29,S_01__snr_5__noise_303,S_01,S_01,5.0,303.0,a004acc2cf1899f6829b26998650a021b2744f1af5a471186738965097b215bb,signed_control_mechanism/predictions/full/worker_tcn_0/seed_29/S_01__snr_5__noise_303.npz,a004acc2cf1899f6829b26998650a021b2744f1af5a471186738965097b215bb,e95999147596689babf082839394d52f32c1e6b8b8204a588e76311861f895f9,1f461dbce7e4c31e81a00c82c25f68f351cf5f6dacf7801ac90d55c962967b88,0.9070186761803637,0.9070186761803636,fraction,2158,1877,1,original_probabilities_verified,0.9291952884335475,963,1195,0.8934396200814111,550,1608,0.917227220337751,521,1637,0.9080320057451186,496,1662,0.8871992463039907,262,1896
tcn,29,S_01__snr_5__noise_404,S_01,S_01,5.0,404.0,e1cd71a2946a3891a442112089513e509995f1c8e446f126c262bf8959f2ba74,signed_control_mechanism/predictions/full/worker_tcn_0/seed_29/S_01__snr_5__noise_404.npz,e1cd71a2946a3891a442112089513e509995f1c8e446f126c262bf8959f2ba74,e95999147596689babf082839394d52f32c1e6b8b8204a588e76311861f895f9,0f955d1c29033c13bab02979d821278e726d5ed1824e71c3fc721227ab2cde9c,0.9071454511315004,0.9071454511315002,fraction,2158,1877,1,original_probabilities_verified,0.9306412579239389,963,1195,0.8923654454997738,550,1608,0.9179465503232002,521,1637,0.9071258394472265,496,1662,0.887648162463362,262,1896
tcn,29,S_01__snr_5__noise_505,S_01,S_01,5.0,505.0,aa00d9fd80123513969c0b17896317903ca6d81c2d5a5971b2be21e6d6c62e6e,signed_control_mechanism/predictions/full/worker_tcn_0/seed_29/S_01__snr_5__noise_505.npz,aa00d9fd80123513969c0b17896317903ca6d81c2d5a5971b2be21e6d6c62e6e,e95999147596689babf082839394d52f32c1e6b8b8204a588e76311861f895f9,d51966812cfc3558a6b4d64d10ddd6926599f88406de66a8154101a8aa4a61cf,0.906810282639347,0.906810282639347,fraction,2158,1877,1,original_probabilities_verified,0.9307950659767028,963,1195,0.893424355495251,550,1608,0.9174488232183539,521,1637,0.905326850665735,496,1662,0.8870563178406932,262,1896
tcn,29,S_01__snr_5__noise_8128,S_01,S_01,5.0,8128.0,97fe9eb36e4bb90bfddb6edb9a37bd247739350762ca05f9caa554bc22a36adf,signed_control_mechanism/predictions/full/worker_tcn_0/seed_29/S_01__snr_5__noise_8128.npz,97fe9eb36e4bb90bfddb6edb9a37bd247739350762ca05f9caa554bc22a36adf,e95999147596689babf082839394d52f32c1e6b8b8204a588e76311861f895f9,c8272954b33e2dff3b78c62ffddebcaf5084cec56ceb3573f8807c84573c59f8,0.9083664709477504,0.9083664709477504,fraction,2158,1877,1,original_probabilities_verified,0.9314459260417889,963,1195,0.8971709633649932,550,1608,0.917824023862761,521,1637,0.9069924013042971,496,1662,0.8883990401649112,262,1896
tcn,29,S_02__snr_0__noise_101,S_02,S_02,0.0,101.0,75c0a8428600c61d58ad44c93bfe5c9f3b3e94f5711c0d6568af44e7b2461072,signed_control_mechanism/predictions/full/worker_tcn_0/seed_29/S_02__snr_0__noise_101.npz,75c0a8428600c61d58ad44c93bfe5c9f3b3e94f5711c0d6568af44e7b2461072,e95999147596689babf082839394d52f32c1e6b8b8204a588e76311861f895f9,43fe10a8d4abf5de6f97fb7e442444f1db4ec8dd1407c90028db84ef687c59ac,0.8720338791014111,0.8720338791014111,fraction,2158,1877,1,original_probabilities_verified,0.9070729979970195,963,1195,0.8390445499773858,550,1608,0.8719991276585017,521,1637,0.8785373238616513,496,1662,0.8635153960124972,262,1896
tcn,29,S_02__snr_0__noise_202,S_02,S_02,0.0,202.0,1e6149a7d9d6a28d2f6b42064852f353873a8fe1c77bccaa1bf7f936b1bbeb62,signed_control_mechanism/predictions/full/worker_tcn_0/seed_29/S_02__snr_0__noise_202.npz,1e6149a7d9d6a28d2f6b42064852f353873a8fe1c77bccaa1bf7f936b1bbeb62,e95999147596689babf082839394d52f32c1e6b8b8204a588e76311861f895f9,76117846ba6cc9a42740cd9c8c39cd3963a887d4f40cde7507fed6ea27b99d6a,0.8723343580920957,0.8723343580920957,fraction,2158,1877,1,original_probabilities_verified,0.9074692492515978,963,1195,0.8390852555404794,550,1608,0.8728562266305693,521,1637,0.8801689084274679,496,1662,0.8620921506103649,262,1896
tcn,29,S_02__snr_0__noise_303,S_02,S_02,0.0,303.0,de8120341ec6cbc6ab2ba9a376d1b49b492cfdba9c30b46512dddcfaee609075,signed_control_mechanism/predictions/full/worker_tcn_0/seed_29/S_02__snr_0__noise_303.npz,de8120341ec6cbc6ab2ba9a376d1b49b492cfdba9c30b46512dddcfaee609075,e95999147596689babf082839394d52f32c1e6b8b8204a588e76311861f895f9,0c1475cb9bdf7baa725feb40b8e11bbbced799a3087f760fb161e6eeaac10d2f,0.8734165519627053,0.8734165519627053,fraction,2158,1877,1,original_probabilities_verified,0.9070243355622466,963,1195,0.840410447761194,550,1608,0.8726017936935807,521,1637,0.8827940006210939,496,1662,0.8642521821754114,262,1896
tcn,29,S_02__snr_0__noise_404,S_02,S_02,0.0,404.0,24ee1a80355b2c4f5b176f68638695ceb33a2a7c9f3833b466954b38e1d015fc,signed_control_mechanism/predictions/full/worker_tcn_0/seed_29/S_02__snr_0__noise_404.npz,24ee1a80355b2c4f5b176f68638695ceb33a2a7c9f3833b466954b38e1d015fc,e95999147596689babf082839394d52f32c1e6b8b8204a588e76311861f895f9,ec7a37a084c48127dd766ab0f2a5514c03bac4e7add5633ae53fb080ee3df161,0.8733408926562367,0.8733408926562367,fraction,2158,1877,1,original_probabilities_verified,0.9066663190778469,963,1195,0.8385492989597467,550,1608,0.8684007189782349,521,1637,0.8842642463413687,496,1662,0.8688238799239862,262,1896
tcn,29,S_02__snr_0__noise_505,S_02,S_02,0.0,505.0,05e0fe145bd9037d2abd9676a06c84218d9192c4ca854758a7876286cc2fb40a,signed_control_mechanism/predictions/full/worker_tcn_0/seed_29/S_02__snr_0__noise_505.npz,05e0fe145bd9037d2abd9676a06c84218d9192c4ca854758a7876286cc2fb40a,e95999147596689babf082839394d52f32c1e6b8b8204a588e76311861f895f9,e893cadcb9ef1d532d7ad12fb1f73c51d8d4d761210526a198057c5f8f1537b2,0.8752973409733098,0.8752973409733098,fraction,2158,1877,1,original_probabilities_verified,0.9096512380679276,963,1195,0.8419979647218453,550,1608,0.8766598231632463,521,1637,0.8821741197934863,496,1662,0.8660035591200438,262,1896
tcn,29,S_02__snr_0__noise_8128,S_02,S_02,0.0,8128.0,2f33d61c921d98a7bd4a27c206235e1a16f982089c18a95f89e06e9a053cfbe2,signed_control_mechanism/predictions/full/worker_tcn_0/seed_29/S_02__snr_0__noise_8128.npz,2f33d61c921d98a7bd4a27c206235e1a16f982089c18a95f89e06e9a053cfbe2,e95999147596689babf082839394d52f32c1e6b8b8204a588e76311861f895f9,52a6eda45b5f7e5522b1c14e8947c74c778cc70bfe9dbe5e13fac08a229dbb73,0.8729061678557752,0.8729061678557752,fraction,2158,1877,1,original_probabilities_verified,0.9103690089808262,963,1195,0.8382943238353686,550,1608,0.8716649645845767,521,1637,0.8825210589651022,496,1662,0.8616814829130028,262,1896
tcn,29,S_02__snr_10__noise_101,S_02,S_02,10.0,101.0,8be6a13f8727abd0871c257145814c908e5c8c80284f3c7baa2b5a2ae851927f,signed_control_mechanism/predictions/full/worker_tcn_0/seed_29/S_02__snr_10__noise_101.npz,8be6a13f8727abd0871c257145814c908e5c8c80284f3c7baa2b5a2ae851927f,e95999147596689babf082839394d52f32c1e6b8b8204a588e76311861f895f9,36c34a1ba1934e75fa8357ec990de058c96a068537c7fa2f85da633d5a30bb2d,0.9182489957820478,0.9182489957820478,fraction,2158,1877,1,original_probabilities_verified,0.9404997458256755,963,1195,0.9091847580280417,550,1608,0.9294177237749406,521,1637,0.9142077656146889,496,1662,0.8979349856668921,262,1896
tcn,29,S_02__snr_10__noise_202,S_02,S_02,10.0,202.0,d5fc761d754c897e3dedf6648c0d71c0a0405bd5ac288b4f8172d394fb2f1a22,signed_control_mechanism/predictions/full/worker_tcn_0/seed_29/S_02__snr_10__noise_202.npz,d5fc761d754c897e3dedf6648c0d71c0a0405bd5ac288b4f8172d394fb2f1a22,e95999147596689babf082839394d52f32c1e6b8b8204a588e76311861f895f9,b26ee9f20081294900731a98eca14a4ec79545ff231170e7acdc02e288f267ff,0.9181309504819322,0.918130950481932,fraction,2158,1877,1,original_probabilities_verified,0.9400539631642748,963,1195,0.9083107191316147,550,1608,0.9301728150718099,521,1637,0.9152049124645782,496,1662,0.8969123425773827,262,1896
tcn,29,S_02__snr_10__noise_303,S_02,S_02,10.0,303.0,d0e9461a74402ff53ca0485fddb8f1ee42f872fa8d8b37818cdf3ff326e273ec,signed_control_mechanism/predictions/full/worker_tcn_0/seed_29/S_02__snr_10__noise_303.npz,d0e9461a74402ff53ca0485fddb8f1ee42f872fa8d8b37818cdf3ff326e273ec,e95999147596689babf082839394d52f32c1e6b8b8204a588e76311861f895f9,69d8ae0b5c6616b73e46010978a46507e46453b77bfc0a3175a19b9d697a4718,0.9184981756731965,0.9184981756731964,fraction,2158,1877,1,original_probabilities_verified,0.9404432626424571,963,1195,0.9102532790592492,550,1608,0.9292031559064202,521,1637,0.9147487966305656,496,1662,0.8978423841272909,262,1896
tcn,29,S_02__snr_10__noise_404,S_02,S_02,10.0,404.0,94e691376fce53f8ca2ded5d60c04a4627518ea58f0f908a9a8997632bb35d59,signed_control_mechanism/predictions/full/worker_tcn_0/seed_29/S_02__snr_10__noise_404.npz,94e691376fce53f8ca2ded5d60c04a4627518ea58f0f908a9a8997632bb35d59,e95999147596689babf082839394d52f32c1e6b8b8204a588e76311861f895f9,814784add824dc063c5ae725fa8b1f0f6121c13f435c2b7d7b621d4688c1b4dc,0.9185781882507053,0.9185781882507053,fraction,2158,1877,1,original_probabilities_verified,0.9400513562481263,963,1195,0.9100180913613749,550,1608,0.9284199245612205,521,1637,0.9154560187880906,496,1662,0.8989455502947145,262,1896
tcn,29,S_02__snr_10__noise_505,S_02,S_02,10.0,505.0,df066f71dffb8c787f7b424f3751e5ca881426d2d87808828069e37fba7c1c2c,signed_control_mechanism/predictions/full/worker_tcn_0/seed_29/S_02__snr_10__noise_505.npz,df066f71dffb8c787f7b424f3751e5ca881426d2d87808828069e37fba7c1c2c,e95999147596689babf082839394d52f32c1e6b8b8204a588e76311861f895f9,be8363f604ea449b6309f62210e4ccce7ec50b09759217cb92656c1da2f7fa67,0.9195945230525224,0.9195945230525224,fraction,2158,1877,1,original_probabilities_verified,0.9409177213814918,963,1195,0.9114167797376752,550,1608,0.9311717867875438,521,1637,0.9155348685998215,496,1662,0.8989314587560795,262,1896
tcn,29,S_02__snr_10__noise_8128,S_02,S_02,10.0,8128.0,33a800f66a29249cdb60ec22e568a7f2ffabaa68446fa403840f96d9c282afa7,signed_control_mechanism/predictions/full/worker_tcn_0/seed_29/S_02__snr_10__noise_8128.npz,33a800f66a29249cdb60ec22e568a7f2ffabaa68446fa403840f96d9c282afa7,e95999147596689babf082839394d52f32c1e6b8b8204a588e76311861f895f9,077d82d74a2250790753afbb110d0d88cd42dfb2963cd8740a8e833ba9a83058,0.9182447364125743,0.9182447364125744,fraction,2158,1877,1,original_probabilities_verified,0.940524077043062,963,1195,0.9090637720488467,550,1608,0.9296193941213095,521,1637,0.9155409339699546,496,1662,0.8964755048796985,262,1896
tcn,29,S_02__snr_5__noise_101,S_02,S_02,5.0,101.0,929fa2c3eeda8f15c404ba27cfce104815ed5d45934b58c7f135299652f5962c,signed_control_mechanism/predictions/full/worker_tcn_0/seed_29/S_02__snr_5__noise_101.npz,929fa2c3eeda8f15c404ba27cfce104815ed5d45934b58c7f135299652f5962c,e95999147596689babf082839394d52f32c1e6b8b8204a588e76311861f895f9,7266ec7b8bf2df1245bc226e6bbb923f158c90a0444d4c318ec7d156ed85c9fe,0.9063337692186586,0.9063337692186586,fraction,2158,1877,1,original_probabilities_verified,0.9294611938806988,963,1195,0.8928392130257802,550,1608,0.9145808832926671,521,1637,0.9057866057218276,496,1662,0.8890009501723194,262,1896
tcn,29,S_02__snr_5__noise_202,S_02,S_02,5.0,202.0,e6bcadc943fc62158dd622519d492691494703de2874602e5579ca34e989765e,signed_control_mechanism/predictions/full/worker_tcn_0/seed_29/S_02__snr_5__noise_202.npz,e6bcadc943fc62158dd622519d492691494703de2874602e5579ca34e989765e,e95999147596689babf082839394d52f32c1e6b8b8204a588e76311861f895f9,1f9b02f54ce7e10b5a3c237f148e53cb639ec168b934291cf5ce5cad7d3e210d,0.9065738826916541,0.9065738826916538,fraction,2158,1877,1,original_probabilities_verified,0.9292791442363256,963,1195,0.8921438263229308,550,1608,0.9167675995483522,521,1637,0.9073266031986336,496,1662,0.8873522401520275,262,1896
tcn,29,S_02__snr_5__noise_303,S_02,S_02,5.0,303.0,2396f59f5b9fe2a52cca45f3e9c276743d4f39273fda589ec5e7100c23682df8,signed_control_mechanism/predictions/full/worker_tcn_0/seed_29/S_02__snr_5__noise_303.npz,2396f59f5b9fe2a52cca45f3e9c276743d4f39273fda589ec5e7100c23682df8,e95999147596689babf082839394d52f32c1e6b8b8204a588e76311861f895f9,a3a0c777961f499829583e321fcd72f385f4cf92d7a88475e07ef9404d909853,0.9070419758724346,0.9070419758724346,fraction,2158,1877,1,original_probabilities_verified,0.9295489600576997,963,1195,0.8944504748982361,550,1608,0.915677172675544,521,1637,0.9072046892589574,496,1662,0.8883285824717364,262,1896
tcn,29,S_02__snr_5__noise_404,S_02,S_02,5.0,404.0,de15efe7b83d60ab77d6236eb803fad556918a44f9765d78877a376b4836e598,signed_control_mechanism/predictions/full/worker_tcn_0/seed_29/S_02__snr_5__noise_404.npz,de15efe7b83d60ab77d6236eb803fad556918a44f9765d78877a376b4836e598,e95999147596689babf082839394d52f32c1e6b8b8204a588e76311861f895f9,c9d6e1825384c46170a23b413439af7007cda46306d9ab8f56864ec287a75338,0.9073566343982311,0.9073566343982312,fraction,2158,1877,1,original_probabilities_verified,0.9294646697688969,963,1195,0.8940162822252374,550,1608,0.9143076903234582,521,1637,0.907759064089127,496,1662,0.8912354655844364,262,1896
tcn,29,S_02__snr_5__noise_505,S_02,S_02,5.0,505.0,543283e85cc2be7b20cbe634b7a30383c10ce49925fd84be2e2e25a60f704b00,signed_control_mechanism/predictions/full/worker_tcn_0/seed_29/S_02__snr_5__noise_505.npz,543283e85cc2be7b20cbe634b7a30383c10ce49925fd84be2e2e25a60f704b00,e95999147596689babf082839394d52f32c1e6b8b8204a588e76311861f895f9,66b905ae9e4c2de3541fb71fb51dee965cc64dd0b03ce6fc99d582b391d5bbc8,0.9086779589460932,0.9086779589460932,fraction,2158,1877,1,original_probabilities_verified,0.9306325682034438,963,1195,0.8959729760289462,550,1608,0.9183680647971513,521,1637,0.9078088001242188,496,1662,0.8906073855767063,262,1896
tcn,29,S_02__snr_5__noise_8128,S_02,S_02,5.0,8128.0,e5b0df60fc9552c51d3a9fdaf0d120aeef0012a1854fcb59e61671b9d7d4359a,signed_control_mechanism/predictions/full/worker_tcn_0/seed_29/S_02__snr_5__noise_8128.npz,e5b0df60fc9552c51d3a9fdaf0d120aeef0012a1854fcb59e61671b9d7d4359a,e95999147596689babf082839394d52f32c1e6b8b8204a588e76311861f895f9,5f102e6e1a44893b0d2a5d9839af5c7ce56803cb4ba830c7d5e171a2f7db9afe,0.9066592969296451,0.9066592969296452,fraction,2158,1877,1,original_probabilities_verified,0.9306151887624534,963,1195,0.891677973767526,550,1608,0.9160922383884195,521,1637,0.9082916035868173,496,1662,0.886619480143009,262,1896
tcn,29,S_03__snr_0__noise_101,S_03,S_03,0.0,101.0,62f489f68a8fee4ebd5f712230319105c7091ffb9cf3aba4b516ab85b10d396e,signed_control_mechanism/predictions/full/worker_tcn_0/seed_29/S_03__snr_0__noise_101.npz,62f489f68a8fee4ebd5f712230319105c7091ffb9cf3aba4b516ab85b10d396e,e95999147596689babf082839394d52f32c1e6b8b8204a588e76311861f895f9,cc5bf2a4548b36caac0a0e1aa910f877099e531dd330be45be556718f7849475,0.8964436205138877,0.8964436205138877,fraction,2158,1877,1,original_probabilities_verified,0.923529590670716,963,1195,0.8859271822704659,550,1608,0.9009634449047166,521,1637,0.895900052404798,496,1662,0.8758978323187425,262,1896
tcn,29,S_03__snr_0__noise_202,S_03,S_03,0.0,202.0,97c22f22a9509b968ecbde2f84eac5bc89e03a3fe6de213cb358d2ca6f509c47,signed_control_mechanism/predictions/full/worker_tcn_0/seed_29/S_03__snr_0__noise_202.npz,97c22f22a9509b968ecbde2f84eac5bc89e03a3fe6de213cb358d2ca6f509c47,e95999147596689babf082839394d52f32c1e6b8b8204a588e76311861f895f9,36d8235f153150a3a4457843d3a947717c5f737165cb76e9f0f89100d22a9a3b,0.8968925067162591,0.8968925067162589,fraction,2158,1877,1,original_probabilities_verified,0.9238189583632043,963,1195,0.8830789235639982,550,1608,0.9004041614441473,521,1637,0.897808217848686,496,1662,0.8793522723612588,262,1896
tcn,29,S_03__snr_0__noise_303,S_03,S_03,0.0,303.0,b749681f9660a26bcbfd89c4238598bc60359b79c834bb31bd000dc98c1a816f,signed_control_mechanism/predictions/full/worker_tcn_0/seed_29/S_03__snr_0__noise_303.npz,b749681f9660a26bcbfd89c4238598bc60359b79c834bb31bd000dc98c1a816f,e95999147596689babf082839394d52f32c1e6b8b8204a588e76311861f895f9,0a5dbfefdf89023f828bb9da523bf17c1024f6ca36de0def26e421b527531de8,0.8947204035770472,0.8947204035770472,fraction,2158,1877,1,original_probabilities_verified,0.9221852909101179,963,1195,0.880049751243781,550,1608,0.9007652920643892,521,1637,0.895052113660184,496,1662,0.8755495700067639,262,1896
tcn,29,S_03__snr_0__noise_404,S_03,S_03,0.0,404.0,aad41511acf072c9df8e457ab8ada141a6900abdc62ffea60f80fd7e2cb66664,signed_control_mechanism/predictions/full/worker_tcn_0/seed_29/S_03__snr_0__noise_404.npz,aad41511acf072c9df8e457ab8ada141a6900abdc62ffea60f80fd7e2cb66664,e95999147596689babf082839394d52f32c1e6b8b8204a588e76311861f895f9,a7ed9afb43036ca8426e27f9c415d6e83ffe692f9be2f39d14f5630ec85ea304,0.8961846488343695,0.8961846488343695,fraction,2158,1877,1,original_probabilities_verified,0.9212103042705632,963,1195,0.8872195838986884,550,1608,0.9013245755249585,521,1637,0.8951018496952758,496,1662,0.8760669307823622,262,1896
tcn,29,S_03__snr_0__noise_505,S_03,S_03,0.0,505.0,12a7753efce95eda23e201d158186289effb0b1eaa8127880d20f6f856314834,signed_control_mechanism/predictions/full/worker_tcn_0/seed_29/S_03__snr_0__noise_505.npz,12a7753efce95eda23e201d158186289effb0b1eaa8127880d20f6f856314834,e95999147596689babf082839394d52f32c1e6b8b8204a588e76311861f895f9,0af5d79b14d7f78bafb7ed96dc03db3a6256b9ab9182abe14ff92f9c44d0576e,0.8970535110714707,0.8970535110714707,fraction,2158,1877,1,original_probabilities_verified,0.9237190265775101,963,1195,0.8860052012663953,550,1608,0.9007922596107059,521,1637,0.8968341194053026,496,1662,0.8779169484974394,262,1896
tcn,29,S_03__snr_0__noise_8128,S_03,S_03,0.0,8128.0,1ad672460c6468285fd7beee02562423570b32aceeb92a1af71ccd2ce61a415b,signed_control_mechanism/predictions/full/worker_tcn_0/seed_29/S_03__snr_0__noise_8128.npz,1ad672460c6468285fd7beee02562423570b32aceeb92a1af71ccd2ce61a415b,e95999147596689babf082839394d52f32c1e6b8b8204a588e76311861f895f9,986bf33a5449edbf1ab9173efd61e23024b77dee4fc5bd019f53b33069bf9e88,0.8973761196429917,0.8973761196429917,fraction,2158,1877,1,original_probabilities_verified,0.9238093996706596,963,1195,0.8868628448665762,550,1608,0.9030581197523206,521,1637,0.8949574938861069,496,1662,0.8781927400392953,262,1896
tcn,29,S_03__snr_10__noise_101,S_03,S_03,10.0,101.0,d8c98ff25608cd70a74f82511d2612c6dc438d043b93b01e58e7de8cc2bd7fec,signed_control_mechanism/predictions/full/worker_tcn_0/seed_29/S_03__snr_10__noise_101.npz,d8c98ff25608cd70a74f82511d2612c6dc438d043b93b01e58e7de8cc2bd7fec,e95999147596689babf082839394d52f32c1e6b8b8204a588e76311861f895f9,35d2be8a01ff9d622d919566365374ba68064d8aa01ebf8310e086b44bbabca3,0.920476122383229,0.920476122383229,fraction,2158,1877,1,original_probabilities_verified,0.9429380813966118,963,1195,0.9128561736770692,550,1608,0.9317275527420719,521,1637,0.9156112922634991,496,1662,0.8992475118368924,262,1896
tcn,29,S_03__snr_10__noise_202,S_03,S_03,10.0,202.0,991eec802e6e00df48721165a60bef279f56d4633f2e0bbbb3a5b9ee11acfc77,signed_control_mechanism/predictions/full/worker_tcn_0/seed_29/S_03__snr_10__noise_202.npz,991eec802e6e00df48721165a60bef279f56d4633f2e0bbbb3a5b9ee11acfc77,e95999147596689babf082839394d52f32c1e6b8b8204a588e76311861f895f9,2bb8df4ad6faf8da9eb1538fd8277c4fcac85dfc10dbb6f03b4f384f5410cc8f,0.9204638982149351,0.9204638982149352,fraction,2158,1877,1,original_probabilities_verified,0.9428142528795561,963,1195,0.9127736318407961,550,1608,0.9307039584840487,521,1637,0.9169311168044719,496,1662,0.8990965310658035,262,1896
tcn,29,S_03__snr_10__noise_303,S_03,S_03,10.0,303.0,23d8d84649c2e69f8a2436194e31bd1329023bce24d8905542c9f2c4bd322f24,signed_control_mechanism/predictions/full/worker_tcn_0/seed_29/S_03__snr_10__noise_303.npz,23d8d84649c2e69f8a2436194e31bd1329023bce24d8905542c9f2c4bd322f24,e95999147596689babf082839394d52f32c1e6b8b8204a588e76311861f895f9,6af5d78fc93e5d2a2027d2bc9b9f346367535bc3cc9bbf4a580876114d64c282,0.9199502793559411,0.9199502793559412,fraction,2158,1877,1,original_probabilities_verified,0.942233345064456,963,1195,0.9114450474898236,550,1608,0.931340627077527,521,1637,0.9162639260898257,496,1662,0.8984684510580733,262,1896
tcn,29,S_03__snr_10__noise_404,S_03,S_03,10.0,404.0,ab0d5ff4d909849196ae4b1d5158956d750eaa54bf583a2e29208874d38e1bec,signed_control_mechanism/predictions/full/worker_tcn_0/seed_29/S_03__snr_10__noise_404.npz,ab0d5ff4d909849196ae4b1d5158956d750eaa54bf583a2e29208874d38e1bec,e95999147596689babf082839394d52f32c1e6b8b8204a588e76311861f895f9,2a10a8b3fd0cb04652a69d668e449ccfb61555726c17c9d8d0beb1a790d80db5,0.9202093266645752,0.9202093266645752,fraction,2158,1877,1,original_probabilities_verified,0.942109951033425,963,1195,0.9136940298507462,550,1608,0.9315575399500748,521,1637,0.9153153022010015,496,1662,0.8983698102876284,262,1896
tcn,29,S_03__snr_10__noise_505,S_03,S_03,10.0,505.0,8960943a14184aec050b129e8c539b56cafac21de5b6e2a59297539878af5be2,signed_control_mechanism/predictions/full/worker_tcn_0/seed_29/S_03__snr_10__noise_505.npz,8960943a14184aec050b129e8c539b56cafac21de5b6e2a59297539878af5be2,e95999147596689babf082839394d52f32c1e6b8b8204a588e76311861f895f9,21602520e47236660b1619ee76d57bfec85f6811d666e9fbf3251cb4a37a2082,0.9203364491673357,0.9203364491673356,fraction,2158,1877,1,original_probabilities_verified,0.9425088092041519,963,1195,0.912346223428313,550,1608,0.930795413641123,521,1637,0.9168668238810606,496,1662,0.8991649756820305,262,1896
tcn,29,S_03__snr_10__noise_8128,S_03,S_03,10.0,8128.0,9dc7200bba9ade27938603dc4bbb20ce8bdd0895a18fa67aea27e2b51ae02365,signed_control_mechanism/predictions/full/worker_tcn_0/seed_29/S_03__snr_10__noise_8128.npz,9dc7200bba9ade27938603dc4bbb20ce8bdd0895a18fa67aea27e2b51ae02365,e95999147596689babf082839394d52f32c1e6b8b8204a588e76311861f895f9,e69517ade13d7fb272d272bb3f2f1940f719cc0afd8baf7df72424f4162a49c6,0.9206171352955371,0.9206171352955372,fraction,2158,1877,1,original_probabilities_verified,0.9427947010084421,963,1195,0.9131264133876075,550,1608,0.9319057730481652,521,1637,0.9161219964287101,496,1662,0.8991367926047605,262,1896
tcn,29,S_03__snr_5__noise_101,S_03,S_03,5.0,101.0,2babf50b0faaf796036a7dedeb1ea77d760259c75afa805e3232dff0a509b331,signed_control_mechanism/predictions/full/worker_tcn_0/seed_29/S_03__snr_5__noise_101.npz,2babf50b0faaf796036a7dedeb1ea77d760259c75afa805e3232dff0a509b331,e95999147596689babf082839394d52f32c1e6b8b8204a588e76311861f895f9,6dfa7072dcf03f17a856da75de3574de9a060b552492c0f5111be0d18e76565a,0.9149221785512278,0.9149221785512278,fraction,2158,1877,1,original_probabilities_verified,0.9374713782331191,963,1195,0.9069436906377205,550,1608,0.9258404201309216,521,1637,0.9105733958309072,496,1662,0.8937820079234708,262,1896
tcn,29,S_03__snr_5__noise_202,S_03,S_03,5.0,202.0,130bab61fd39714faf2486e6d2714e730237c63622af49e7ce796aecc2d72c84,signed_control_mechanism/predictions/full/worker_tcn_0/seed_29/S_03__snr_5__noise_202.npz,130bab61fd39714faf2486e6d2714e730237c63622af49e7ce796aecc2d72c84,e95999147596689babf082839394d52f32c1e6b8b8204a588e76311861f895f9,2066be0efc36ca9d5023e88c16b1e893fa6599620639669726b26958563314bb,0.9151746681089049,0.9151746681089048,fraction,2158,1877,1,original_probabilities_verified,0.9377989806957859,963,1195,0.9058853459972863,550,1608,0.9251134688823828,521,1637,0.9126453262683902,496,1662,0.8944302187006796,262,1896
tcn,29,S_03__snr_5__noise_303,S_03,S_03,5.0,303.0,7e32c860653d3b8e8fd629ad8546071189cf9541eb67a56abe5cd7b93f943961,signed_control_mechanism/predictions/full/worker_tcn_0/seed_29/S_03__snr_5__noise_303.npz,7e32c860653d3b8e8fd629ad8546071189cf9541eb67a56abe5cd7b93f943961,e95999147596689babf082839394d52f32c1e6b8b8204a588e76311861f895f9,11ba54702b0db9a17f123c30745d415955eff8554a83378886ab561c97276f0c,0.9141219393581054,0.9141219393581054,fraction,2158,1877,1,original_probabilities_verified,0.9367944490065477,963,1195,0.9038444142921754,550,1608,0.9256152997442774,521,1637,0.9115377896820775,496,1662,0.8928177440654491,262,1896
tcn,29,S_03__snr_5__noise_404,S_03,S_03,5.0,404.0,87fe78a86caa536ed6a5d28a87a33843d118f8a649b2826da105d8d19601d192,signed_control_mechanism/predictions/full/worker_tcn_0/seed_29/S_03__snr_5__noise_404.npz,87fe78a86caa536ed6a5d28a87a33843d118f8a649b2826da105d8d19601d192,e95999147596689babf082839394d52f32c1e6b8b8204a588e76311861f895f9,0ffeab4cffc5e3381efd4158acdb2de1a4700d74414027dfdfc2989d34176af0,0.9146816969379244,0.9146816969379244,fraction,2158,1877,1,original_probabilities_verified,0.9364260048575538,963,1195,0.9081659882406151,550,1608,0.9257735875161366,521,1637,0.910112427700788,496,1662,0.8929304763745289,262,1896
tcn,29,S_03__snr_5__noise_505,S_03,S_03,5.0,505.0,b8c3a147d6b44510e8651008203d72ccb57f10a49ce0ddc5c545db2b642da341,signed_control_mechanism/predictions/full/worker_tcn_0/seed_29/S_03__snr_5__noise_505.npz,b8c3a147d6b44510e8651008203d72ccb57f10a49ce0ddc5c545db2b642da341,e95999147596689babf082839394d52f32c1e6b8b8204a588e76311861f895f9,367973609e9953e198b36eed8e924920f639bfdeb1d99e827bde0ad4cc0e67d3,0.9149610150106078,0.9149610150106078,fraction,2158,1877,1,original_probabilities_verified,0.9374522608480298,963,1195,0.9066395296246043,550,1608,0.9244427977305051,521,1637,0.9124985443111681,496,1662,0.8937719425387316,262,1896
tcn,29,S_03__snr_5__noise_8128,S_03,S_03,5.0,8128.0,261bdbf5ffadb5c8f476a96e4b7a862e9f910d64511a57dee55c96cdebb646f5,signed_control_mechanism/predictions/full/worker_tcn_0/seed_29/S_03__snr_5__noise_8128.npz,261bdbf5ffadb5c8f476a96e4b7a862e9f910d64511a57dee55c96cdebb646f5,e95999147596689babf082839394d52f32c1e6b8b8204a588e76311861f895f9,d61624ecf68da033a71fecaa57ab4a3c3d7f02426b68b05c0097ce83b7921f4e,0.9153429499047085,0.9153429499047084,fraction,2158,1877,1,original_probabilities_verified,0.9374479159877822,963,1195,0.9070499773857983,550,1608,0.9266916565929202,521,1637,0.9113667462443228,496,1662,0.8941584533127194,262,1896
tcn,29,S_04__snr_0__noise_101,S_04,S_04,0.0,101.0,4c594dfed527d1930a8e4ec8502f3d56a9ff483f6cc4cb4ace015f237fa04ca1,signed_control_mechanism/predictions/full/worker_tcn_0/seed_29/S_04__snr_0__noise_101.npz,4c594dfed527d1930a8e4ec8502f3d56a9ff483f6cc4cb4ace015f237fa04ca1,e95999147596689babf082839394d52f32c1e6b8b8204a588e76311861f895f9,a7ff5fef66b4be39830a4586ec7981ab1076a5edb5b5afc3f1aee6a9793ccd33,0.8920334374927809,0.8920334374927809,fraction,2158,1877,1,original_probabilities_verified,0.9222018013790586,963,1195,0.8786194029850747,550,1608,0.896246469303311,521,1637,0.8907930107526881,496,1662,0.8723065030437723,262,1896
tcn,29,S_04__snr_0__noise_202,S_04,S_04,0.0,202.0,058e6483b36b5e823ddb45b1c418c6b3a9683e6f6cfbb92a128cc797416552ae,signed_control_mechanism/predictions/full/worker_tcn_0/seed_29/S_04__snr_0__noise_202.npz,058e6483b36b5e823ddb45b1c418c6b3a9683e6f6cfbb92a128cc797416552ae,e95999147596689babf082839394d52f32c1e6b8b8204a588e76311861f895f9,acb3e1dc020f2b6379ef63cdc75972488193be9f6335d6963c01d54100be8893,0.8921361876950389,0.8921361876950389,fraction,2158,1877,1,original_probabilities_verified,0.9224025339224964,963,1195,0.8784531886024424,550,1608,0.8962617118294901,521,1637,0.8913012887698459,496,1662,0.8722622153509195,262,1896
tcn,29,S_04__snr_0__noise_303,S_04,S_04,0.0,303.0,ba72ab431e14bc25fa0cadfa205a16697bf7d7b707bb8b0f6c3668327aa0edcf,signed_control_mechanism/predictions/full/worker_tcn_0/seed_29/S_04__snr_0__noise_303.npz,ba72ab431e14bc25fa0cadfa205a16697bf7d7b707bb8b0f6c3668327aa0edcf,e95999147596689babf082839394d52f32c1e6b8b8204a588e76311861f895f9,996b22338e6af6297773acb333db26f96bb80d2ed5404a31fe706eb5c9740477,0.8926963776602482,0.8926963776602482,fraction,2158,1877,1,original_probabilities_verified,0.9209748128451448,963,1195,0.880394617819991,550,1608,0.8993324946035595,521,1637,0.8903083876790497,496,1662,0.8724715753534963,262,1896
tcn,29,S_04__snr_0__noise_404,S_04,S_04,0.0,404.0,599a279674b8aefd46d91a9538f43b1d0b17b339bf823c5f362f759d3e6dbf39,signed_control_mechanism/predictions/full/worker_tcn_0/seed_29/S_04__snr_0__noise_404.npz,599a279674b8aefd46d91a9538f43b1d0b17b339bf823c5f362f759d3e6dbf39,e95999147596689babf082839394d52f32c1e6b8b8204a588e76311861f895f9,cadb66b021dabaa8bcd58f7061a6088a40fc7a521723b466cc360f63b9af3cb6,0.8933455646531258,0.8933455646531258,fraction,2158,1877,1,original_probabilities_verified,0.9241135398879895,963,1195,0.882123473541384,550,1608,0.8953225377164585,521,1637,0.8905406913551492,496,1662,0.8746275807646472,262,1896
tcn,29,S_04__snr_0__noise_505,S_04,S_04,0.0,505.0,b58069e8abe00fc87f2e73c5e12ab62827e05e6e1227e08363c6201ea132bc13,signed_control_mechanism/predictions/full/worker_tcn_0/seed_29/S_04__snr_0__noise_505.npz,b58069e8abe00fc87f2e73c5e12ab62827e05e6e1227e08363c6201ea132bc13,e95999147596689babf082839394d52f32c1e6b8b8204a588e76311861f895f9,f8a31c608de4d430c74ced1cdd75f1d6c4e31d19e21e1988440832134d12edc0,0.8934070943142988,0.8934070943142988,fraction,2158,1877,1,original_probabilities_verified,0.9229221792081058,963,1195,0.8823733604703754,550,1608,0.8981951676502005,521,1637,0.8912503396607274,496,1662,0.8722944245820852,262,1896
tcn,29,S_04__snr_0__noise_8128,S_04,S_04,0.0,8128.0,ba1aa6756e07c056885d7cbe796243eda67aa7a135751698b06283c69a40ba00,signed_control_mechanism/predictions/full/worker_tcn_0/seed_29/S_04__snr_0__noise_8128.npz,ba1aa6756e07c056885d7cbe796243eda67aa7a135751698b06283c69a40ba00,e95999147596689babf082839394d52f32c1e6b8b8204a588e76311861f895f9,b8f21b8e699c0484d5d41c0f65f5e04a317c893ba24bc896773f541e7baec595,0.892884035262742,0.892884035262742,fraction,2158,1877,1,original_probabilities_verified,0.9236542881598213,963,1195,0.8814687924016282,550,1608,0.895824368578353,521,1637,0.891631244905089,496,1662,0.8718414822688182,262,1896
tcn,29,S_04__snr_10__noise_101,S_04,S_04,10.0,101.0,7c0eef2ba6b83fd2d9c44ec642553d4dd14c2a8ade25004f0b0e9d8283e4141f,signed_control_mechanism/predictions/full/worker_tcn_0/seed_29/S_04__snr_10__noise_101.npz,7c0eef2ba6b83fd2d9c44ec642553d4dd14c2a8ade25004f0b0e9d8283e4141f,e95999147596689babf082839394d52f32c1e6b8b8204a588e76311861f895f9,7a4fd6223c18b9f6352ebfb5bd7221ae802df6eb76be7fa0654e213a74875225,0.9195703734870104,0.9195703734870104,fraction,2158,1877,1,original_probabilities_verified,0.9419413704558193,963,1195,0.9125,550,1608,0.9301200524811901,521,1637,0.9157580742207212,496,1662,0.8975323702773215,262,1896
tcn,29,S_04__snr_10__noise_202,S_04,S_04,10.0,202.0,abfdb58c0992d0b8cdee7a3b85a050565116c698cd024f4781d291b2ca5143af,signed_control_mechanism/predictions/full/worker_tcn_0/seed_29/S_04__snr_10__noise_202.npz,abfdb58c0992d0b8cdee7a3b85a050565116c698cd024f4781d291b2ca5143af,e95999147596689babf082839394d52f32c1e6b8b8204a588e76311861f895f9,010e1b648155915b9c961876d96944383b684b0f66188e379c00c86749c5db4b,0.9194372085962556,0.9194372085962556,fraction,2158,1877,1,original_probabilities_verified,0.9420091502756813,963,1195,0.9104692446856626,550,1608,0.9314098046963396,521,1637,0.9156064399673925,496,1662,0.8976914033562019,262,1896
tcn,29,S_04__snr_10__noise_303,S_04,S_04,10.0,303.0,0183b62cd2d65fff3e06fa8e8181f353b6b81cecaef6367cd81dcc894b713aff,signed_control_mechanism/predictions/full/worker_tcn_0/seed_29/S_04__snr_10__noise_303.npz,0183b62cd2d65fff3e06fa8e8181f353b6b81cecaef6367cd81dcc894b713aff,e95999147596689babf082839394d52f32c1e6b8b8204a588e76311861f895f9,5ce15d0a8232c8fef08a852321ceb25c0af43b98d9f1a43463afa31884d11270,0.9194855053045485,0.9194855053045484,fraction,2158,1877,1,original_probabilities_verified,0.9416971893099059,963,1195,0.9111793306196291,550,1608,0.9306746459337044,521,1637,0.914475854974574,496,1662,0.8994005056849294,262,1896
tcn,29,S_04__snr_10__noise_404,S_04,S_04,10.0,404.0,f511d668899a0533f3c10793dcedf6bba74b82fa67426a024ebea1aec7656445,signed_control_mechanism/predictions/full/worker_tcn_0/seed_29/S_04__snr_10__noise_404.npz,f511d668899a0533f3c10793dcedf6bba74b82fa67426a024ebea1aec7656445,e95999147596689babf082839394d52f32c1e6b8b8204a588e76311861f895f9,dab1aa5d5f63bed3b7ea580224629522d2ae589f4538c6f4df54dbdb31b803a0,0.9201618784148249,0.9201618784148248,fraction,2158,1877,1,original_probabilities_verified,0.9431683589897331,963,1195,0.9127317955676164,550,1608,0.930506978145735,521,1637,0.9153359244594542,496,1662,0.8990663349115856,262,1896
tcn,29,S_04__snr_10__noise_505,S_04,S_04,10.0,505.0,65ef7df0a3b46deb8cf343f93d96abb543704182d70f9cc885127d92faed5fb5,signed_control_mechanism/predictions/full/worker_tcn_0/seed_29/S_04__snr_10__noise_505.npz,65ef7df0a3b46deb8cf343f93d96abb543704182d70f9cc885127d92faed5fb5,e95999147596689babf082839394d52f32c1e6b8b8204a588e76311861f895f9,8a8f492cbe9005e973b70fc019b68f3372c88f48fe496fba223cff1d44fe6b0c,0.9205515988532967,0.9205515988532968,fraction,2158,1877,1,original_probabilities_verified,0.9424618847134781,963,1195,0.913612618724559,550,1608,0.9310052915015882,521,1637,0.9160019021000737,496,1662,0.8996762972267852,262,1896
tcn,29,S_04__snr_10__noise_8128,S_04,S_04,10.0,8128.0,230c7a0599cd4b33383a183084a40e2335ddd2944e6c339a15cd0469f963871d,signed_control_mechanism/predictions/full/worker_tcn_0/seed_29/S_04__snr_10__noise_8128.npz,230c7a0599cd4b33383a183084a40e2335ddd2944e6c339a15cd0469f963871d,e95999147596689babf082839394d52f32c1e6b8b8204a588e76311861f895f9,84f049765639f413aa23e8ed6601f85f225c07f4215c98bb43e573a69770acc9,0.9200330688766936,0.9200330688766936,fraction,2158,1877,1,original_probabilities_verified,0.9426713069774111,963,1195,0.9131863410221619,550,1608,0.9306805084437733,521,1637,0.9156076530414192,496,1662,0.898019534898702,262,1896
tcn,29,S_04__snr_5__noise_101,S_04,S_04,5.0,101.0,9349337a37641f3292de9103bc36327b6f5b038bdafef870339242ccd4a6e8e9,signed_control_mechanism/predictions/full/worker_tcn_0/seed_29/S_04__snr_5__noise_101.npz,9349337a37641f3292de9103bc36327b6f5b038bdafef870339242ccd4a6e8e9,e95999147596689babf082839394d52f32c1e6b8b8204a588e76311861f895f9,1610c4ab26f0f163c30ecca0d33f3bf35c8cf37ff7e3328ed27a5165a8960607,0.9128869622058055,0.9128869622058056,fraction,2158,1877,1,original_probabilities_verified,0.9362782796091363,963,1195,0.9047218453188602,550,1608,0.9229173726105875,521,1637,0.9100226602228174,496,1662,0.8904946532676266,262,1896
tcn,29,S_04__snr_5__noise_202,S_04,S_04,5.0,202.0,aa8ae7b1f334f9f837ebd59cc90f9b6aab48230bd1590bc2f2012c419cac51ad,signed_control_mechanism/predictions/full/worker_tcn_0/seed_29/S_04__snr_5__noise_202.npz,aa8ae7b1f334f9f837ebd59cc90f9b6aab48230bd1590bc2f2012c419cac51ad,e95999147596689babf082839394d52f32c1e6b8b8204a588e76311861f895f9,815d5b1636c51116dcf6a59e9dfe03a32ebe86fdde6e875d419f492985a353c8,0.9128449831026222,0.912844983102622,fraction,2158,1877,1,original_probabilities_verified,0.9361348992209666,963,1195,0.9032462686567164,550,1608,0.9238799967638944,521,1637,0.9104751368347502,496,1662,0.8904886140367829,262,1896
tcn,29,S_04__snr_5__noise_303,S_04,S_04,5.0,303.0,a17322ae7f5134cef628645e3e1b1142b0d9605eb24f1df5b048ae9cade57979,signed_control_mechanism/predictions/full/worker_tcn_0/seed_29/S_04__snr_5__noise_303.npz,a17322ae7f5134cef628645e3e1b1142b0d9605eb24f1df5b048ae9cade57979,e95999147596689babf082839394d52f32c1e6b8b8204a588e76311861f895f9,fb8ae73482281929d71bea99baa1d20671f2893a852f83d4adbc8148363b1f0c,0.9129548560030469,0.9129548560030468,fraction,2158,1877,1,original_probabilities_verified,0.935567460472634,963,1195,0.9044911804613297,550,1608,0.924309132500935,521,1637,0.9084141240635069,496,1662,0.8919923825168293,262,1896
tcn,29,S_04__snr_5__noise_404,S_04,S_04,5.0,404.0,8bce28b91b443649350b94e0e52206e62dbb7ffffa25597c235bf93287f853a9,signed_control_mechanism/predictions/full/worker_tcn_0/seed_29/S_04__snr_5__noise_404.npz,8bce28b91b443649350b94e0e52206e62dbb7ffffa25597c235bf93287f853a9,e95999147596689babf082839394d52f32c1e6b8b8204a588e76311861f895f9,1e1f37742247adccfb20236cf6611c03e8d506d201bd120903bad416b2adca70,0.9138736238951786,0.9138736238951786,fraction,2158,1877,1,original_probabilities_verified,0.9379979752951246,963,1195,0.9064337403889643,550,1608,0.9228329524655958,521,1637,0.909329994953612,496,1662,0.8927734563725964,262,1896
tcn,29,S_04__snr_5__noise_505,S_04,S_04,5.0,505.0,19ad4ac5f4ccccce5fdcb390913a333afd0d2bb5c0295e6ca96eb192fb813150,signed_control_mechanism/predictions/full/worker_tcn_0/seed_29/S_04__snr_5__noise_505.npz,19ad4ac5f4ccccce5fdcb390913a333afd0d2bb5c0295e6ca96eb192fb813150,e95999147596689babf082839394d52f32c1e6b8b8204a588e76311861f895f9,3f5c662a59745cfe875f34da30b01bc2e981b5f835c897eff69d8e7835319eae,0.9141606758577611,0.9141606758577612,fraction,2158,1877,1,original_probabilities_verified,0.936691910304705,963,1195,0.9069549977385798,550,1608,0.9245881879802128,521,1637,0.9101269845891076,496,1662,0.8924412986762006,262,1896
tcn,29,S_04__snr_5__noise_8128,S_04,S_04,5.0,8128.0,82cd979a826f357974694b5148f95c2f96fe57b14fe5ebd9b16c031b56ed6b7a,signed_control_mechanism/predictions/full/worker_tcn_0/seed_29/S_04__snr_5__noise_8128.npz,82cd979a826f357974694b5148f95c2f96fe57b14fe5ebd9b16c031b56ed6b7a,e95999147596689babf082839394d52f32c1e6b8b8204a588e76311861f895f9,fea77e37ae16ec43e446648650fd66da27ca5f8f74fd608084a41662d4eeca3c,0.913638461578133,0.913638461578133,fraction,2158,1877,1,original_probabilities_verified,0.9371394309102048,963,1195,0.9060481682496608,550,1608,0.9233031257731185,521,1637,0.9102507181398237,496,1662,0.8914508648178568,262,1896
tcn,29,clean,clean,,,,0b62b391bb210948c2bb21459d8e734b91dc2edb976950266b289945f87a59a9,methodology_supplement/results/predictions/full/tcn/seed_29/clean.npz,0b62b391bb210948c2bb21459d8e734b91dc2edb976950266b289945f87a59a9,e95999147596689babf082839394d52f32c1e6b8b8204a588e76311861f895f9,a8d302b6d0b6e62b539ce05c00e740ac2d1450844afe3f861adb2ac5780bd70c,0.9219772719022071,0.9219772719022072,fraction,2158,1877,1,original_probabilities_verified,0.9439847582302515,963,1195,0.9152238805970149,550,1608,0.9317064477058239,521,1637,0.9177026318854081,496,1662,0.9012686410925371,262,1896
tcn,43,E__snr_0__noise_101,E,,0.0,101.0,6ad6289ada475de6cf6145579370a3f6bb68b2bbcedab82038439d749de0bc7a,methodology_supplement/results/predictions/full/tcn/seed_43/standard__n101__electrode__snr0.npz,6ad6289ada475de6cf6145579370a3f6bb68b2bbcedab82038439d749de0bc7a,c7477dff0207ea4b9f85d3d8896a531d71c253bc3616e0bc8daa8bd7370add0b,e372ac625f7d1fdca9a8dbef6073c43da2445cc0f77fffa03ae2ab075bb8f2b5,0.8869598315815465,0.8869598315815462,fraction,2158,1877,1,original_probabilities_verified,0.9135685640671368,963,1195,0.8725237449118046,550,1608,0.904389495788959,521,1637,0.87141900547339,496,1662,0.8728983476664413,262,1896
tcn,43,E__snr_0__noise_202,E,,0.0,202.0,338fbe5c0558404e2258b05354759d5a558a2540e8a844a5f996304cbcfd331d,methodology_supplement/results/predictions/full/tcn/seed_43/standard__n202__electrode__snr0.npz,338fbe5c0558404e2258b05354759d5a558a2540e8a844a5f996304cbcfd331d,c7477dff0207ea4b9f85d3d8896a531d71c253bc3616e0bc8daa8bd7370add0b,ebb2e60939c20fbdc7021b503b4154d20dc64e8743aade8ff0162325fc376218,0.8861147129642564,0.8861147129642564,fraction,2158,1877,1,original_probabilities_verified,0.9134217077907689,963,1195,0.8709950248756219,550,1608,0.9023141672245822,521,1637,0.8706705387989596,496,1662,0.8731721261313492,262,1896
tcn,43,E__snr_0__noise_303,E,,0.0,303.0,9d3fec7a888824d4184cfbca9487b7eda5ba8257b8bab7f1bcbc13925b9d0760,methodology_supplement/results/predictions/full/tcn/seed_43/standard__n303__electrode__snr0.npz,9d3fec7a888824d4184cfbca9487b7eda5ba8257b8bab7f1bcbc13925b9d0760,c7477dff0207ea4b9f85d3d8896a531d71c253bc3616e0bc8daa8bd7370add0b,b857ed34aea876a9ea653fb6930a38eb9b517ecf2c81adc409178a704a80ef37,0.8835143495886097,0.8835143495886097,fraction,2158,1877,1,original_probabilities_verified,0.9098380670585731,963,1195,0.8636374943464495,550,1608,0.9027397854555815,521,1637,0.8690559372695159,496,1662,0.8723004638129288,262,1896
tcn,43,E__snr_0__noise_404,E,,0.0,404.0,47ec6f39fd1e7f4f98b818da2696cdcbbca5838b6c276036a545e40eb745fa16,methodology_supplement/results/predictions/full/tcn/seed_43/standard__n404__electrode__snr0.npz,47ec6f39fd1e7f4f98b818da2696cdcbbca5838b6c276036a545e40eb745fa16,c7477dff0207ea4b9f85d3d8896a531d71c253bc3616e0bc8daa8bd7370add0b,0cbfd65142656d2a4539e8a5e14d4477612faf9c6c24ff0f5d758e573cb0c418,0.8837679170711816,0.8837679170711816,fraction,2158,1877,1,original_probabilities_verified,0.9088118110680969,963,1195,0.8639959294436906,550,1608,0.90120380781754,521,1637,0.8710841970420403,496,1662,0.8737438399845395,262,1896
tcn,43,E__snr_0__noise_505,E,,0.0,505.0,67848e615f1283caac1408f75221efe32a7a544e2c9d3c46b8380e2058e19036,methodology_supplement/results/predictions/full/tcn/seed_43/standard__n505__electrode__snr0.npz,67848e615f1283caac1408f75221efe32a7a544e2c9d3c46b8380e2058e19036,c7477dff0207ea4b9f85d3d8896a531d71c253bc3616e0bc8daa8bd7370add0b,42b6424cc834cef160a7cb3f74c5dfcc17f21eeab757205a60a26c8986fbff79,0.8850152613286445,0.8850152613286444,fraction,2158,1877,1,original_probabilities_verified,0.9111736770986761,963,1195,0.8666938037087291,550,1608,0.90497105678779,521,1637,0.867664541360972,496,1662,0.8745732276870551,262,1896
tcn,43,E__snr_0__noise_8128,E,,0.0,8128.0,d51cec49be2f75c0949f97c7a06bff8740732a1ec78b467f5b30fc9e8b93b2ea,methodology_supplement/results/predictions/full/tcn/seed_43/standard__n8128__electrode__snr0.npz,d51cec49be2f75c0949f97c7a06bff8740732a1ec78b467f5b30fc9e8b93b2ea,c7477dff0207ea4b9f85d3d8896a531d71c253bc3616e0bc8daa8bd7370add0b,b7f3d1fc39ef41f0c7e5fde19c9fdb33643f418220b5beae2b4a25b68357b149,0.8836099706408336,0.8836099706408337,fraction,2158,1877,1,original_probabilities_verified,0.9101065794218729,963,1195,0.8658242876526459,550,1608,0.901877996475459,521,1637,0.8683632720003105,496,1662,0.8718777176538796,262,1896
tcn,43,E__snr_10__noise_101,E,,10.0,101.0,0feaaa21582100f4ac05b188f232ed1067b84684e2512226df09b39d6543f64f,methodology_supplement/results/predictions/full/tcn/seed_43/standard__n101__electrode__snr10.npz,0feaaa21582100f4ac05b188f232ed1067b84684e2512226df09b39d6543f64f,c7477dff0207ea4b9f85d3d8896a531d71c253bc3616e0bc8daa8bd7370add0b,e1c5a093c971f8dd322ef87c4a61793f2d978a2d00dc936ce1086c33dc58d528,0.915767391964963,0.915767391964963,fraction,2158,1877,1,original_probabilities_verified,0.9392475571023258,963,1195,0.9044312528267752,550,1608,0.9284984821961432,521,1637,0.9079798435619735,496,1662,0.8986798241375978,262,1896
tcn,43,E__snr_10__noise_202,E,,10.0,202.0,515139ab9147910c6ed3b0805b67ec4b7dec1b950eb53641d407a7d5b8d8fd79,methodology_supplement/results/predictions/full/tcn/seed_43/standard__n202__electrode__snr10.npz,515139ab9147910c6ed3b0805b67ec4b7dec1b950eb53641d407a7d5b8d8fd79,c7477dff0207ea4b9f85d3d8896a531d71c253bc3616e0bc8daa8bd7370add0b,3d70887ac00be71d38641e553b5714375d65d43e8ab541234506fbea4dc34e40,0.915098004754331,0.9150980047543308,fraction,2158,1877,1,original_probabilities_verified,0.938140486711245,963,1195,0.9036521935775668,550,1608,0.9277351833851775,521,1637,0.9079385990450681,496,1662,0.8980235610525977,262,1896
tcn,43,E__snr_10__noise_303,E,,10.0,303.0,ab63ccb5b29668ce216d73747754a3223b17a72cd09dbc627b1c1f9cb1ae3b29,methodology_supplement/results/predictions/full/tcn/seed_43/standard__n303__electrode__snr10.npz,ab63ccb5b29668ce216d73747754a3223b17a72cd09dbc627b1c1f9cb1ae3b29,c7477dff0207ea4b9f85d3d8896a531d71c253bc3616e0bc8daa8bd7370add0b,d27221228a6175077197c5969fe2e636abdf77f352110f583ed6244c3f94b2e2,0.9147977248798472,0.9147977248798472,fraction,2158,1877,1,original_probabilities_verified,0.9381465695155915,963,1195,0.9014156490275893,550,1608,0.9282757068135264,521,1637,0.9080586933737045,496,1662,0.8980920056688246,262,1896
tcn,43,E__snr_10__noise_404,E,,10.0,404.0,d4ca8c0a23e376c0ad9af9c81587a930f1cb078d60587dd2d60d3e5f9a88e784,methodology_supplement/results/predictions/full/tcn/seed_43/standard__n404__electrode__snr10.npz,d4ca8c0a23e376c0ad9af9c81587a930f1cb078d60587dd2d60d3e5f9a88e784,c7477dff0207ea4b9f85d3d8896a531d71c253bc3616e0bc8daa8bd7370add0b,fc7501548d880b83095d2309ef6e16796d4f009b3847b4e6d2f1d864bc9dfca1,0.9147750749375103,0.9147750749375104,fraction,2158,1877,1,original_probabilities_verified,0.9376408277827744,963,1195,0.902876526458616,550,1608,0.927289632619944,521,1637,0.9079240421567486,496,1662,0.8981443456694689,262,1896
tcn,43,E__snr_10__noise_505,E,,10.0,505.0,d88706c1fe2d57787f075610b25138dc076fb475c0f5c1fbe9a514c4b844fb4b,methodology_supplement/results/predictions/full/tcn/seed_43/standard__n505__electrode__snr10.npz,d88706c1fe2d57787f075610b25138dc076fb475c0f5c1fbe9a514c4b844fb4b,c7477dff0207ea4b9f85d3d8896a531d71c253bc3616e0bc8daa8bd7370add0b,c22add93be122130704cd51011c6203d71a117fed08f0ca09cfe5b2231db026f,0.915275993510501,0.915275993510501,fraction,2158,1877,1,original_probabilities_verified,0.9381726386770769,963,1195,0.9025520126639529,550,1608,0.9284926196860743,521,1637,0.9078306354566981,496,1662,0.8993320610687023,262,1896
tcn,43,E__snr_10__noise_8128,E,,10.0,8128.0,a9876633774888143dc668b0e2119f9e02b21718aa0b64fed6d34d82ff21d6b8,methodology_supplement/results/predictions/full/tcn/seed_43/standard__n8128__electrode__snr10.npz,a9876633774888143dc668b0e2119f9e02b21718aa0b64fed6d34d82ff21d6b8,c7477dff0207ea4b9f85d3d8896a531d71c253bc3616e0bc8daa8bd7370add0b,f3748f9ddb4fcc1a68c5173fc418ec9284195cab1bb36f491b124eebf0a7d449,0.9149851468766492,0.914985146876649,fraction,2158,1877,1,original_probabilities_verified,0.937772042562251,963,1195,0.9027103120759837,550,1608,0.9281303165638187,521,1637,0.9076171344280113,496,1662,0.8986959287531806,262,1896
tcn,43,E__snr_5__noise_101,E,,5.0,101.0,8b4e11ef04d429db92f802876163062247249136d05054a06b2c99564825a2ae,methodology_supplement/results/predictions/full/tcn/seed_43/standard__n101__electrode__snr5.npz,8b4e11ef04d429db92f802876163062247249136d05054a06b2c99564825a2ae,c7477dff0207ea4b9f85d3d8896a531d71c253bc3616e0bc8daa8bd7370add0b,a9b52831e24c7768419b845bb3083af3c8a16ec5e32b5fdb5b13c78d41daae5a,0.9091068349196393,0.9091068349196392,fraction,2158,1877,1,original_probabilities_verified,0.9325277962434338,963,1195,0.8975090456806875,550,1608,0.9230463478321024,521,1637,0.8994822600054345,496,1662,0.8929687248365381,262,1896
tcn,43,E__snr_5__noise_202,E,,5.0,202.0,e587597cea0447f4386078c23932a36a01fe31141706fa0f8f4762a2fff43164,methodology_supplement/results/predictions/full/tcn/seed_43/standard__n202__electrode__snr5.npz,e587597cea0447f4386078c23932a36a01fe31141706fa0f8f4762a2fff43164,c7477dff0207ea4b9f85d3d8896a531d71c253bc3616e0bc8daa8bd7370add0b,6c3f29be5575354876cd0d27a39ced457ab439a24964f15c6afe323c5cda1cd5,0.9084956860890683,0.9084956860890684,fraction,2158,1877,1,original_probabilities_verified,0.9317535421473169,963,1195,0.896283355947535,550,1608,0.9225327919500702,521,1637,0.8994070494157835,496,1662,0.8925016909846362,262,1896
tcn,43,E__snr_5__noise_303,E,,5.0,303.0,03596e540a60b118032d3de08c891dfbf714ee749c13c588231e3946b02f23fe,methodology_supplement/results/predictions/full/tcn/seed_43/standard__n303__electrode__snr5.npz,03596e540a60b118032d3de08c891dfbf714ee749c13c588231e3946b02f23fe,c7477dff0207ea4b9f85d3d8896a531d71c253bc3616e0bc8daa8bd7370add0b,11085aab3b59af30ed304293a4d6b71096b369fe6a48bc66e37a8d7f0b8ef749,0.907320620621951,0.9073206206219512,fraction,2158,1877,1,original_probabilities_verified,0.9305430640823438,963,1195,0.8922003618272275,550,1608,0.9227297722883839,521,1637,0.8988053646985754,496,1662,0.8923245402132252,262,1896
tcn,43,E__snr_5__noise_404,E,,5.0,404.0,d7b54ee9c7fb30818bf880680a5296f0519e2bbbe5ddf8638063265d874139d7,methodology_supplement/results/predictions/full/tcn/seed_43/standard__n404__electrode__snr5.npz,d7b54ee9c7fb30818bf880680a5296f0519e2bbbe5ddf8638063265d874139d7,c7477dff0207ea4b9f85d3d8896a531d71c253bc3616e0bc8daa8bd7370add0b,b87c690599f9e43fd18ff01ff673d41836632423c4e2b1a4f7594389236e9e02,0.907045152233669,0.907045152233669,fraction,2158,1877,1,original_probabilities_verified,0.9296992922222657,963,1195,0.8931625961103573,550,1608,0.9213942924946974,521,1637,0.8987859555141493,496,1662,0.8921836248268754,262,1896
tcn,43,E__snr_5__noise_505,E,,5.0,505.0,9f1defd07edadc82d2cbfad2cad76d52f7313a56488aa29d3a9ab3205f462246,methodology_supplement/results/predictions/full/tcn/seed_43/standard__n505__electrode__snr5.npz,9f1defd07edadc82d2cbfad2cad76d52f7313a56488aa29d3a9ab3205f462246,c7477dff0207ea4b9f85d3d8896a531d71c253bc3616e0bc8daa8bd7370add0b,55993a149666eee52bca0be88f2fce8d7c3203c66b73c39bf19371aee26ad4a6,0.9079541115417828,0.9079541115417828,fraction,2158,1877,1,original_probabilities_verified,0.930680361666167,963,1195,0.8937087290818634,550,1608,0.9235997687826029,521,1637,0.8977681864058072,496,1662,0.894013511772474,262,1896
tcn,43,E__snr_5__noise_8128,E,,5.0,8128.0,fd48e1971ac1f8328f7cd4e5eafb7009083c3eb9ddcee7510c5b6057eb38094b,methodology_supplement/results/predictions/full/tcn/seed_43/standard__n8128__electrode__snr5.npz,fd48e1971ac1f8328f7cd4e5eafb7009083c3eb9ddcee7510c5b6057eb38094b,c7477dff0207ea4b9f85d3d8896a531d71c253bc3616e0bc8daa8bd7370add0b,a114022f00f77977526a8a7b16dd997e3a58abcbd77c090af1d926369049c636,0.9073387596581357,0.9073387596581356,fraction,2158,1877,1,original_probabilities_verified,0.9298674383138467,963,1195,0.8933197648123021,550,1608,0.9225304469460426,521,1637,0.8980678156903847,496,1662,0.8929083325281025,262,1896
tcn,43,I__snr_0__noise_101,I,,0.0,101.0,bb357f1a54b1906720b2555ba0f5f2f0b723104a58f233410a020366776dc7e0,methodology_supplement/results/predictions/full/tcn/seed_43/standard__n101__independent_rms__snr0.npz,bb357f1a54b1906720b2555ba0f5f2f0b723104a58f233410a020366776dc7e0,c7477dff0207ea4b9f85d3d8896a531d71c253bc3616e0bc8daa8bd7370add0b,645e88fea28f6de2c9c8bec7fe9f5dc382fd647d827b1a0a1dea643a9dcb6653,0.8972230226268806,0.8972230226268806,fraction,2158,1877,1,original_probabilities_verified,0.9229256550963039,963,1195,0.8754025327905925,550,1608,0.9178463014010226,521,1637,0.883755968324211,496,1662,0.8861846555222727,262,1896
tcn,43,I__snr_0__noise_202,I,,0.0,202.0,5b5e09ac5ef907f855a9d235665dd77d75914fafd1f901e436af8cb2605f34bd,methodology_supplement/results/predictions/full/tcn/seed_43/standard__n202__independent_rms__snr0.npz,5b5e09ac5ef907f855a9d235665dd77d75914fafd1f901e436af8cb2605f34bd,c7477dff0207ea4b9f85d3d8896a531d71c253bc3616e0bc8daa8bd7370add0b,9a7b17eb56d13c02a6119fbf3ac49a8f4c072a45c83d59c83a6ebf5003739c85,0.8973236803848714,0.8973236803848714,fraction,2158,1877,1,original_probabilities_verified,0.9240257737109886,963,1195,0.8775554047942108,550,1608,0.9171181776504701,521,1637,0.8826241702573658,496,1662,0.8852948755113216,262,1896
tcn,43,I__snr_0__noise_303,I,,0.0,303.0,0697b43530f7cc85f877bd826fd90d757c092e9ffc25f3fe913d689836435ae7,methodology_supplement/results/predictions/full/tcn/seed_43/standard__n303__independent_rms__snr0.npz,0697b43530f7cc85f877bd826fd90d757c092e9ffc25f3fe913d689836435ae7,c7477dff0207ea4b9f85d3d8896a531d71c253bc3616e0bc8daa8bd7370add0b,e7d0b59426ed89bc126f168ab5470e76731871a876717d4759ed05591d438457,0.8972126990044995,0.8972126990044995,fraction,2158,1877,1,original_probabilities_verified,0.9224120926150411,963,1195,0.8808175033921303,550,1608,0.9169786499108312,521,1637,0.8834672567058732,496,1662,0.8823879923986214,262,1896
tcn,43,I__snr_0__noise_404,I,,0.0,404.0,8204696e420bed118686c5b9829604516caf78634fd4a68e3daf8b2a92fd5334,methodology_supplement/results/predictions/full/tcn/seed_43/standard__n404__independent_rms__snr0.npz,8204696e420bed118686c5b9829604516caf78634fd4a68e3daf8b2a92fd5334,c7477dff0207ea4b9f85d3d8896a531d71c253bc3616e0bc8daa8bd7370add0b,b9685535e0d715ed9954ee60e7ab5fe88109a982718286ff18519e20e4dca459,0.8979449580791993,0.8979449580791995,fraction,2158,1877,1,original_probabilities_verified,0.9235313286148151,963,1195,0.8793718905472637,550,1608,0.9148071761813251,521,1637,0.8855076472186638,496,1662,0.8865067478339292,262,1896
tcn,43,I__snr_0__noise_505,I,,0.0,505.0,f5a9585dc29b0b69fa8043b85dd339acc9146ba813630ff9c31d574c4e0421db,methodology_supplement/results/predictions/full/tcn/seed_43/standard__n505__independent_rms__snr0.npz,f5a9585dc29b0b69fa8043b85dd339acc9146ba813630ff9c31d574c4e0421db,c7477dff0207ea4b9f85d3d8896a531d71c253bc3616e0bc8daa8bd7370add0b,ce3dcc966a294de3f65ce5c8391a420750abbaa2fd697122f8d6836e7100a9aa,0.8975487962720253,0.8975487962720254,fraction,2158,1877,1,original_probabilities_verified,0.9237346680744014,963,1195,0.8759000452284035,550,1608,0.9156232375829105,521,1637,0.8851740518613408,496,1662,0.8873119786130705,262,1896
tcn,43,I__snr_0__noise_8128,I,,0.0,8128.0,2384eb9c7c0004abf5be9cab3a39ec00ebf6eb0df3680b6cc883496a094cc850,methodology_supplement/results/predictions/full/tcn/seed_43/standard__n8128__independent_rms__snr0.npz,2384eb9c7c0004abf5be9cab3a39ec00ebf6eb0df3680b6cc883496a094cc850,c7477dff0207ea4b9f85d3d8896a531d71c253bc3616e0bc8daa8bd7370add0b,25906cf56405bdae430b0cb33fc5c894b641d005d5e0638db02626962cf86f9b,0.897083412267164,0.897083412267164,fraction,2158,1877,1,original_probabilities_verified,0.9229326068727,963,1195,0.8792706919945726,550,1608,0.9163478438274217,521,1637,0.8830244846861535,496,1662,0.8838414339549715,262,1896
tcn,43,I__snr_10__noise_101,I,,10.0,101.0,8b5ec46b3762e29c9999fac86cbad9e5a5e436efa2fa68315c7e5dc506a71dfd,methodology_supplement/results/predictions/full/tcn/seed_43/standard__n101__independent_rms__snr10.npz,8b5ec46b3762e29c9999fac86cbad9e5a5e436efa2fa68315c7e5dc506a71dfd,c7477dff0207ea4b9f85d3d8896a531d71c253bc3616e0bc8daa8bd7370add0b,2e11974ad9bf84a2a653ea36780b96e915ea2f3150c9ce8d696e750a95c83949,0.915832505202701,0.915832505202701,fraction,2158,1877,1,original_probabilities_verified,0.9392797090681578,963,1195,0.9016768430574401,550,1608,0.9296053240971441,521,1637,0.9087210317922441,496,1662,0.8998796179985183,262,1896
tcn,43,I__snr_10__noise_202,I,,10.0,202.0,1f1fd178f6b67516bfe373ee94b4eb2ea4bdb9990912232bee20a20c64ad2ba8,methodology_supplement/results/predictions/full/tcn/seed_43/standard__n202__independent_rms__snr10.npz,1f1fd178f6b67516bfe373ee94b4eb2ea4bdb9990912232bee20a20c64ad2ba8,c7477dff0207ea4b9f85d3d8896a531d71c253bc3616e0bc8daa8bd7370add0b,fa03e8ff81a47d8c5aba08b3ed4465ae3a01e93831fe18abff00db5f891a5c45,0.915613992373369,0.915613992373369,fraction,2158,1877,1,original_probabilities_verified,0.9399818384841652,963,1195,0.9021008593396653,550,1608,0.9295255939602076,521,1637,0.9076268390202243,496,1662,0.8988348310625826,262,1896
tcn,43,I__snr_10__noise_303,I,,10.0,303.0,1e84e705e660b04d205d7ed9ac4fd0d68ef4cee0a95db5de1478e1a177c21827,methodology_supplement/results/predictions/full/tcn/seed_43/standard__n303__independent_rms__snr10.npz,1e84e705e660b04d205d7ed9ac4fd0d68ef4cee0a95db5de1478e1a177c21827,c7477dff0207ea4b9f85d3d8896a531d71c253bc3616e0bc8daa8bd7370add0b,4cca537f5eea5b5d6ca82ef45d0358b7471452611b18e7bbe977f9002fd8514c,0.9159672521663247,0.9159672521663248,fraction,2158,1877,1,original_probabilities_verified,0.9396377255525576,963,1195,0.9038749434644957,550,1608,0.9292266059466957,521,1637,0.9087452932727766,496,1662,0.8983516925950977,262,1896
tcn,43,I__snr_10__noise_404,I,,10.0,404.0,ed3be2fc9baece2ae85c855a30dd77e1f3825a3bd6683930ca1282c1bd99fb5b,methodology_supplement/results/predictions/full/tcn/seed_43/standard__n404__independent_rms__snr10.npz,ed3be2fc9baece2ae85c855a30dd77e1f3825a3bd6683930ca1282c1bd99fb5b,c7477dff0207ea4b9f85d3d8896a531d71c253bc3616e0bc8daa8bd7370add0b,dc05ef41e573ddcb91f35d3658be71e2bf841c76403c1d5b67bfc07df3cf6cf9,0.916010086299153,0.916010086299153,fraction,2158,1877,1,original_probabilities_verified,0.9395304075044426,963,1195,0.90322026232474,550,1608,0.928237014247072,521,1637,0.9090703971119134,496,1662,0.8999923503075982,262,1896
tcn,43,I__snr_10__noise_505,I,,10.0,505.0,9f83c560b44a67900289d9b0f9f8c97b3db2ec347121081dcc880eba257d6cae,methodology_supplement/results/predictions/full/tcn/seed_43/standard__n505__independent_rms__snr10.npz,9f83c560b44a67900289d9b0f9f8c97b3db2ec347121081dcc880eba257d6cae,c7477dff0207ea4b9f85d3d8896a531d71c253bc3616e0bc8daa8bd7370add0b,40f2f74bd5618065dc046256d7aaf6013feb004c515e5cce69c08aa92797d386,0.9155898147149844,0.9155898147149844,fraction,2158,1877,1,original_probabilities_verified,0.9394035375852136,963,1195,0.9014179104477612,550,1608,0.9283003293558156,521,1637,0.9086215597220605,496,1662,0.9002057364640706,262,1896
tcn,43,I__snr_10__noise_8128,I,,10.0,8128.0,ddab4e763e27f7e433c66594b8945bb3c8d9e011ad1843caa988104c8da26624,methodology_supplement/results/predictions/full/tcn/seed_43/standard__n8128__independent_rms__snr10.npz,ddab4e763e27f7e433c66594b8945bb3c8d9e011ad1843caa988104c8da26624,c7477dff0207ea4b9f85d3d8896a531d71c253bc3616e0bc8daa8bd7370add0b,52a737fdeb584852a0d45c42729c1a3c8a4457e5b51ab403ca1fd00fd4b40bb9,0.915759644689477,0.915759644689477,fraction,2158,1877,1,original_probabilities_verified,0.9397984853817177,963,1195,0.9033898688376301,550,1608,0.9289768630177623,521,1637,0.9079592213035208,496,1662,0.8986737849067543,262,1896
tcn,43,I__snr_5__noise_101,I,,5.0,101.0,0e2ebc76bb8f3330a0388a427dda4a573fe121f141753592022c2ef485051053,methodology_supplement/results/predictions/full/tcn/seed_43/standard__n101__independent_rms__snr5.npz,0e2ebc76bb8f3330a0388a427dda4a573fe121f141753592022c2ef485051053,c7477dff0207ea4b9f85d3d8896a531d71c253bc3616e0bc8daa8bd7370add0b,d49ac1d77ee75afd3789bb2ceff039ce8d719c2ca6f6a349c9c17f7098b08599,0.9114368858810286,0.9114368858810286,fraction,2158,1877,1,original_probabilities_verified,0.934328306330027,963,1195,0.8948699683401176,550,1608,0.927881746136899,521,1637,0.9021231221614068,496,1662,0.8979812864366927,262,1896
tcn,43,I__snr_5__noise_202,I,,5.0,202.0,f9144765583fc943e3ed2fa58793854c56c2fa2b5e57cb2829374d0f1dc74e59,methodology_supplement/results/predictions/full/tcn/seed_43/standard__n202__independent_rms__snr5.npz,f9144765583fc943e3ed2fa58793854c56c2fa2b5e57cb2829374d0f1dc74e59,c7477dff0207ea4b9f85d3d8896a531d71c253bc3616e0bc8daa8bd7370add0b,0360ee49bce1989641f1db50607d38189be93cd3e3f0c15d2967aeceb8879683,0.910977004505864,0.9109770045058638,fraction,2158,1877,1,original_probabilities_verified,0.9350347806062818,963,1195,0.8950949796472184,550,1608,0.9278876086469678,521,1637,0.9009719149101355,496,1662,0.8958957387187167,262,1896
tcn,43,I__snr_5__noise_303,I,,5.0,303.0,e70d130ac4c927328cca12b5d7e972bd0c65269b084d0203552c907562518f10,methodology_supplement/results/predictions/full/tcn/seed_43/standard__n303__independent_rms__snr5.npz,e70d130ac4c927328cca12b5d7e972bd0c65269b084d0203552c907562518f10,c7477dff0207ea4b9f85d3d8896a531d71c253bc3616e0bc8daa8bd7370add0b,c20aab6721faa0e8591c24d76190edbb47049c50f9ed46c7a86ae50545ff5794,0.911285317972428,0.911285317972428,fraction,2158,1877,1,original_probabilities_verified,0.9343630652120074,963,1195,0.8981456354590683,550,1608,0.9269953346144872,521,1637,0.9025003881836885,496,1662,0.8944221663928882,262,1896
tcn,43,I__snr_5__noise_404,I,,5.0,404.0,c476884003bc345e8558f30cf17c033cddd9a012e2747f4f23186822febb2362,methodology_supplement/results/predictions/full/tcn/seed_43/standard__n404__independent_rms__snr5.npz,c476884003bc345e8558f30cf17c033cddd9a012e2747f4f23186822febb2362,c7477dff0207ea4b9f85d3d8896a531d71c253bc3616e0bc8daa8bd7370add0b,39d832fbf0ea92025813b71fe99c3a23638662e68df3c98584f1e9933048a487,0.9116240247155133,0.9116240247155132,fraction,2158,1877,1,original_probabilities_verified,0.9344656039138501,963,1195,0.8970511080958842,550,1608,0.9257372399537096,521,1637,0.9034344551841932,496,1662,0.8974317164299288,262,1896
tcn,43,I__snr_5__noise_505,I,,5.0,505.0,aae1c3cb2cc4bc89f6c0512ce03d6d53b4a4010efc4eb24afd68a9c31bb2ad05,methodology_supplement/results/predictions/full/tcn/seed_43/standard__n505__independent_rms__snr5.npz,aae1c3cb2cc4bc89f6c0512ce03d6d53b4a4010efc4eb24afd68a9c31bb2ad05,c7477dff0207ea4b9f85d3d8896a531d71c253bc3616e0bc8daa8bd7370add0b,2e1ebb8fee3c5cfc3af7c2a5eede4bb35c6eed8e806f604d6181ebc212b9c620,0.911046519754256,0.911046519754256,fraction,2158,1877,1,original_probabilities_verified,0.9345203491529694,963,1195,0.8939970601537766,550,1608,0.9263047309283754,521,1637,0.9027915259500796,496,1662,0.8976189325860792,262,1896
tcn,43,I__snr_5__noise_8128,I,,5.0,8128.0,f2186236c42f713b894ed036cc59b09becf4984d63a00295f4e10a010acabf63,methodology_supplement/results/predictions/full/tcn/seed_43/standard__n8128__independent_rms__snr5.npz,f2186236c42f713b894ed036cc59b09becf4984d63a00295f4e10a010acabf63,c7477dff0207ea4b9f85d3d8896a531d71c253bc3616e0bc8daa8bd7370add0b,9ac7f1df732224f4a0a2fc01ed414b32fdc10d4ec73eead7d7e5fff91a464581,0.9110881619408817,0.9110881619408816,fraction,2158,1877,1,original_probabilities_verified,0.9345429424262569,963,1195,0.8975961103573044,550,1608,0.9268335293365866,521,1637,0.9012448565661271,496,1662,0.8952233710181338,262,1896
tcn,43,S_00__snr_0__noise_101,S_00,S_00,0.0,101.0,21121f24362de9df73c4d6215542d72e9eff63ff0ba1c0e82b648bdde91058f7,signed_control_mechanism/predictions/full/worker_tcn_0/seed_43/S_00__snr_0__noise_101.npz,21121f24362de9df73c4d6215542d72e9eff63ff0ba1c0e82b648bdde91058f7,c7477dff0207ea4b9f85d3d8896a531d71c253bc3616e0bc8daa8bd7370add0b,90d43cf6d4d340502be9500dc2ad9e31ae28d1b5f7ab521277522775383393d1,0.9013560322558606,0.9013560322558606,fraction,2158,1877,1,original_probabilities_verified,0.9278814026946823,963,1195,0.8808853459972863,550,1608,0.921102339493268,521,1637,0.8901949652575599,496,1662,0.8867161078365059,262,1896
tcn,43,S_00__snr_0__noise_202,S_00,S_00,0.0,202.0,a508491839c1fd86e5e9d3c09959eb9f0e8e9559933d9a6088a58f9a163640f8,signed_control_mechanism/predictions/full/worker_tcn_0/seed_43/S_00__snr_0__noise_202.npz,a508491839c1fd86e5e9d3c09959eb9f0e8e9559933d9a6088a58f9a163640f8,c7477dff0207ea4b9f85d3d8896a531d71c253bc3616e0bc8daa8bd7370add0b,81b02d3e282ab4b3f42d5d0c575a4d09e2d59536d14c51a69cc095976009c5cf,0.8988244661764059,0.8988244661764059,fraction,2158,1877,1,original_probabilities_verified,0.9242430167233671,963,1195,0.8740015829941203,550,1608,0.9201514403600988,521,1637,0.8905018729862971,496,1662,0.8852244178181466,262,1896
tcn,43,S_00__snr_0__noise_303,S_00,S_00,0.0,303.0,e32ffcaec2994d78495a7ebebf4c30cf984598cdf7d7cd521dc63f9ff4c81539,signed_control_mechanism/predictions/full/worker_tcn_0/seed_43/S_00__snr_0__noise_303.npz,e32ffcaec2994d78495a7ebebf4c30cf984598cdf7d7cd521dc63f9ff4c81539,c7477dff0207ea4b9f85d3d8896a531d71c253bc3616e0bc8daa8bd7370add0b,fd433d20cb8bb5b1561e3cc2690233c19cb634445bd5684d427ed37b5f8dbf77,0.9012162171238323,0.9012162171238324,fraction,2158,1877,1,original_probabilities_verified,0.9274486546140244,963,1195,0.8812392582541836,550,1608,0.9204035282930598,521,1637,0.8920309527968635,496,1662,0.88495869166103,262,1896
tcn,43,S_00__snr_0__noise_404,S_00,S_00,0.0,404.0,df9a7d81d19b3cea1e34456a429459223766ce50d0147794cb23b6f791a7be39,signed_control_mechanism/predictions/full/worker_tcn_0/seed_43/S_00__snr_0__noise_404.npz,df9a7d81d19b3cea1e34456a429459223766ce50d0147794cb23b6f791a7be39,c7477dff0207ea4b9f85d3d8896a531d71c253bc3616e0bc8daa8bd7370add0b,4e528fa2a3e4d36f95fec6f366ca9be4a3dd927b1662cd5897a3fca3612237d3,0.9005573880238866,0.9005573880238866,fraction,2158,1877,1,original_probabilities_verified,0.9274069439556477,963,1195,0.8784712799638172,550,1608,0.9207529338931639,521,1637,0.8901986044796397,496,1662,0.8859571778271653,262,1896
tcn,43,S_00__snr_0__noise_505,S_00,S_00,0.0,505.0,2534c6865ac94da99b024293180400c43a201ea80bcfb30155dc101a1986be73,signed_control_mechanism/predictions/full/worker_tcn_0/seed_43/S_00__snr_0__noise_505.npz,2534c6865ac94da99b024293180400c43a201ea80bcfb30155dc101a1986be73,c7477dff0207ea4b9f85d3d8896a531d71c253bc3616e0bc8daa8bd7370add0b,ae3e295190787e1bd5a143a7eaa8fdce8f11cd42d11a9a3791f5299eeff3701c,0.9006534413793108,0.9006534413793108,fraction,2158,1877,1,original_probabilities_verified,0.926219059163962,963,1195,0.8787822252374491,550,1608,0.9214458825833033,521,1637,0.8905588874655487,496,1662,0.8862611524462911,262,1896
tcn,43,S_00__snr_0__noise_8128,S_00,S_00,0.0,8128.0,ef5f0360b7003dbca70c6a82f0ea94a6433baeb71cfd91994323861e53ab424f,signed_control_mechanism/predictions/full/worker_tcn_0/seed_43/S_00__snr_0__noise_8128.npz,ef5f0360b7003dbca70c6a82f0ea94a6433baeb71cfd91994323861e53ab424f,c7477dff0207ea4b9f85d3d8896a531d71c253bc3616e0bc8daa8bd7370add0b,d8002ce68750b6263e1550035c8d1e4ba6bdddad4553ab5abfdabf86d33d5832,0.9020107738569468,0.9020107738569468,fraction,2158,1877,1,original_probabilities_verified,0.9279039959679697,963,1195,0.8795952057892357,550,1608,0.9215783753108596,521,1637,0.8957095997826171,496,1662,0.8852666924340516,262,1896
tcn,43,S_00__snr_10__noise_101,S_00,S_00,10.0,101.0,b53bd99d34be3aee05824c5672c5c0b2c2c567ac14a80afdb8831da5934b13fb,signed_control_mechanism/predictions/full/worker_tcn_0/seed_43/S_00__snr_10__noise_101.npz,b53bd99d34be3aee05824c5672c5c0b2c2c567ac14a80afdb8831da5934b13fb,c7477dff0207ea4b9f85d3d8896a531d71c253bc3616e0bc8daa8bd7370add0b,1e0ab9e2e03660c142635dabcd943b8accb16370cd1304748436cd25b62a2d97,0.9165709214428487,0.9165709214428488,fraction,2158,1877,1,original_probabilities_verified,0.9408916522200064,963,1195,0.9032451379466305,550,1608,0.9294048262527891,521,1637,0.9095883797212841,496,1662,0.8997246110735336,262,1896
tcn,43,S_00__snr_10__noise_202,S_00,S_00,10.0,202.0,b945ceaf43a9a6b28a1205090efd3868913c9b4b8e9d79509686e2d290c99591,signed_control_mechanism/predictions/full/worker_tcn_0/seed_43/S_00__snr_10__noise_202.npz,b945ceaf43a9a6b28a1205090efd3868913c9b4b8e9d79509686e2d290c99591,c7477dff0207ea4b9f85d3d8896a531d71c253bc3616e0bc8daa8bd7370add0b,1c508f1f829a555e7dad3ef6924e632d193e7edd2c7b2b0ef24af52bf0a623d7,0.9158104125747727,0.9158104125747728,fraction,2158,1877,1,original_probabilities_verified,0.9399922661487593,963,1195,0.901592039800995,550,1608,0.929636981651516,521,1637,0.9096381157563759,496,1662,0.8981926595162173,262,1896
tcn,43,S_00__snr_10__noise_303,S_00,S_00,10.0,303.0,3a1529a727f80a8c09a96c3cba817f4304c81afa810c1619b72e3767e49c01ab,signed_control_mechanism/predictions/full/worker_tcn_0/seed_43/S_00__snr_10__noise_303.npz,3a1529a727f80a8c09a96c3cba817f4304c81afa810c1619b72e3767e49c01ab,c7477dff0207ea4b9f85d3d8896a531d71c253bc3616e0bc8daa8bd7370add0b,32d2cb77e337cc06372802b06e82502191740ff0fe52846ac83b76663f759d6f,0.9162061502587537,0.9162061502587536,fraction,2158,1877,1,original_probabilities_verified,0.9406170570523599,963,1195,0.9042356399819086,550,1608,0.9292606085050951,521,1637,0.9084711385427584,496,1662,0.8984463072116469,262,1896
tcn,43,S_00__snr_10__noise_404,S_00,S_00,10.0,404.0,57095ab6618f87401b0d674f6fa92d97f8fe6058b1b9d533cac0ee4e5d6d6f30,signed_control_mechanism/predictions/full/worker_tcn_0/seed_43/S_00__snr_10__noise_404.npz,57095ab6618f87401b0d674f6fa92d97f8fe6058b1b9d533cac0ee4e5d6d6f30,c7477dff0207ea4b9f85d3d8896a531d71c253bc3616e0bc8daa8bd7370add0b,f54cf2b8ac4a90a307c2babe36bc41ebbd493435128ba08bec19126e2416f4eb,0.9163714895450248,0.9163714895450246,fraction,2158,1877,1,original_probabilities_verified,0.9407682581889754,963,1195,0.9027340569877883,550,1608,0.9300227348140471,521,1637,0.9092559974379877,496,1662,0.899076400296325,262,1896
tcn,43,S_00__snr_10__noise_505,S_00,S_00,10.0,505.0,832d99f999f244754d943b8ecc9dc9e8800f3f5faed56463e460499cd47d72c3,signed_control_mechanism/predictions/full/worker_tcn_0/seed_43/S_00__snr_10__noise_505.npz,832d99f999f244754d943b8ecc9dc9e8800f3f5faed56463e460499cd47d72c3,c7477dff0207ea4b9f85d3d8896a531d71c253bc3616e0bc8daa8bd7370add0b,468ceab8b827fd18033d999ca7f1ddd04548469ccc7fc2bd33f352d264901b17,0.9161310945622836,0.9161310945622836,fraction,2158,1877,1,original_probabilities_verified,0.9403189996393766,963,1195,0.90308118498417,550,1608,0.9296487066716537,521,1637,0.9092790458444936,496,1662,0.8983275356717235,262,1896
tcn,43,S_00__snr_10__noise_8128,S_00,S_00,10.0,8128.0,be2a5ca81a5822682ea12f15c41599fc91b3f5c5acca833c5ca9e4e57e8af553,signed_control_mechanism/predictions/full/worker_tcn_0/seed_43/S_00__snr_10__noise_8128.npz,be2a5ca81a5822682ea12f15c41599fc91b3f5c5acca833c5ca9e4e57e8af553,c7477dff0207ea4b9f85d3d8896a531d71c253bc3616e0bc8daa8bd7370add0b,0514b15f68c6d2343a1108522528aa747a7fe7b86ff953eb2caf2a94e7db56e1,0.9167228848553405,0.9167228848553404,fraction,2158,1877,1,original_probabilities_verified,0.9409802873690568,963,1195,0.9027351876978743,550,1608,0.9303615878960272,521,1637,0.9112963879507783,496,1662,0.8982409733629658,262,1896
tcn,43,S_00__snr_5__noise_101,S_00,S_00,5.0,101.0,9cba4197f3be1f93367e5b5c34f408fd5bbd1914fdbd745902b4b9565289a65c,signed_control_mechanism/predictions/full/worker_tcn_0/seed_43/S_00__snr_5__noise_101.npz,9cba4197f3be1f93367e5b5c34f408fd5bbd1914fdbd745902b4b9565289a65c,c7477dff0207ea4b9f85d3d8896a531d71c253bc3616e0bc8daa8bd7370add0b,220e36ea2d5ba55aec5527fcad1de662c00e615ace2c96f2dfaa1568f2e29239,0.9132419218592307,0.9132419218592308,fraction,2158,1877,1,original_probabilities_verified,0.9374687713169706,963,1195,0.8985758706467661,550,1608,0.9281267990577774,521,1637,0.9048319164628702,496,1662,0.8972062518117693,262,1896
tcn,43,S_00__snr_5__noise_202,S_00,S_00,5.0,202.0,68a2845a5fb54d79c127f9921788bf82cdb35dbe17b2227f9269c214f52fbab7,signed_control_mechanism/predictions/full/worker_tcn_0/seed_43/S_00__snr_5__noise_202.npz,68a2845a5fb54d79c127f9921788bf82cdb35dbe17b2227f9269c214f52fbab7,c7477dff0207ea4b9f85d3d8896a531d71c253bc3616e0bc8daa8bd7370add0b,300a38d999658a54359a89a95def721048f44ce9a071c41982a765edaf761244,0.9113352560341609,0.9113352560341608,fraction,2158,1877,1,original_probabilities_verified,0.9350008906963507,963,1195,0.8943193125282678,550,1608,0.928278051817554,521,1637,0.904525008734133,496,1662,0.8945530163944987,262,1896
tcn,43,S_00__snr_5__noise_303,S_00,S_00,5.0,303.0,af51c353197a219ec0daede80bd985105ece07e1a7765f05882ee596966eaa38,signed_control_mechanism/predictions/full/worker_tcn_0/seed_43/S_00__snr_5__noise_303.npz,af51c353197a219ec0daede80bd985105ece07e1a7765f05882ee596966eaa38,c7477dff0207ea4b9f85d3d8896a531d71c253bc3616e0bc8daa8bd7370add0b,e147144e3e36f1d2fe4bed6ecd3453f2e12e6d773039628d91467954594c7f71,0.9123759457635419,0.912375945763542,fraction,2158,1877,1,original_probabilities_verified,0.9364242669134547,963,1195,0.8985594753505202,550,1608,0.927711733344902,521,1637,0.9040434183455611,496,1662,0.8951408348632718,262,1896
tcn,43,S_00__snr_5__noise_404,S_00,S_00,5.0,404.0,78e4cbefc1f3663199291efc0a0e6b1fc253d375194022f3033bc5f292214a82,signed_control_mechanism/predictions/full/worker_tcn_0/seed_43/S_00__snr_5__noise_404.npz,78e4cbefc1f3663199291efc0a0e6b1fc253d375194022f3033bc5f292214a82,c7477dff0207ea4b9f85d3d8896a531d71c253bc3616e0bc8daa8bd7370add0b,78a0e2024de79f2beb09d640b89f830d106d9956efbd4da8ed41f768e4d13595,0.9127244836767414,0.9127244836767416,fraction,2158,1877,1,original_probabilities_verified,0.9371698449319378,963,1195,0.8968566259611036,550,1608,0.929126943275525,521,1637,0.9039512247195373,496,1662,0.8965177794956034,262,1896
tcn,43,S_00__snr_5__noise_505,S_00,S_00,5.0,505.0,df9e45587847eddb0bb9c8baf0382809c4f3f8a47d211d666bbdc2ad831249e4,signed_control_mechanism/predictions/full/worker_tcn_0/seed_43/S_00__snr_5__noise_505.npz,df9e45587847eddb0bb9c8baf0382809c4f3f8a47d211d666bbdc2ad831249e4,c7477dff0207ea4b9f85d3d8896a531d71c253bc3616e0bc8daa8bd7370add0b,303de8547e643e7b4aedd29e9198bfcef464370d9f3ec4890f797f4dfc6c629e,0.9122488185241643,0.912248818524164,fraction,2158,1877,1,original_probabilities_verified,0.9360471330439657,963,1195,0.8969470827679783,550,1608,0.9286767025022366,521,1637,0.9042290186716354,496,1662,0.895344155635005,262,1896
tcn,43,S_00__snr_5__noise_8128,S_00,S_00,5.0,8128.0,3ac588a15b639c891c62b98aa391891fb62bd606963e5174f7415ad8070221ca,signed_control_mechanism/predictions/full/worker_tcn_0/seed_43/S_00__snr_5__noise_8128.npz,3ac588a15b639c891c62b98aa391891fb62bd606963e5174f7415ad8070221ca,c7477dff0207ea4b9f85d3d8896a531d71c253bc3616e0bc8daa8bd7370add0b,ee82eeee14bc94ae2d245352f6a09c5cd4f491fd0d22f6a36c057227de67b495,0.9133527111501284,0.9133527111501284,fraction,2158,1877,1,original_probabilities_verified,0.9372080797021164,963,1195,0.8972071460877431,550,1608,0.9294165512729268,521,1637,0.9078694538255503,496,1662,0.8950623248623055,262,1896
tcn,43,S_01__snr_0__noise_101,S_01,S_01,0.0,101.0,6517ee9c0a8245b9489de8dfc2f3a23a9d9da51cf7e2a5813c654091a1f13751,signed_control_mechanism/predictions/full/worker_tcn_0/seed_43/S_01__snr_0__noise_101.npz,6517ee9c0a8245b9489de8dfc2f3a23a9d9da51cf7e2a5813c654091a1f13751,c7477dff0207ea4b9f85d3d8896a531d71c253bc3616e0bc8daa8bd7370add0b,4ad0282d0762b557311cf9f985d2c81a54b7c9fafba60fbe893e56e380fd3455,0.8959975871802198,0.89599758718022,fraction,2158,1877,1,original_probabilities_verified,0.9246496956425396,963,1195,0.8755122116689281,550,1608,0.9179612065983723,521,1637,0.8783978203485889,496,1662,0.8834670016426708,262,1896
tcn,43,S_01__snr_0__noise_202,S_01,S_01,0.0,202.0,602f759ab325753fa7a2707c37e2428a8bf24bcadc1c47b36308df5c3ff8f1ea,signed_control_mechanism/predictions/full/worker_tcn_0/seed_43/S_01__snr_0__noise_202.npz,602f759ab325753fa7a2707c37e2428a8bf24bcadc1c47b36308df5c3ff8f1ea,c7477dff0207ea4b9f85d3d8896a531d71c253bc3616e0bc8daa8bd7370add0b,d1627539fea69ee46eed5057e4180b83b2c1e03f2ce562dfa1d490115aa55b1b,0.8926427421518224,0.8926427421518224,fraction,2158,1877,1,original_probabilities_verified,0.9182323370568786,963,1195,0.8666169154228855,550,1608,0.9136452266856768,521,1637,0.8821037614999417,496,1662,0.8826154700937289,262,1896
tcn,43,S_01__snr_0__noise_303,S_01,S_01,0.0,303.0,6e2fdd5ecbcd8701bcc3173d69f1f580a09a316dae1542bdd62d66aa75fde52f,signed_control_mechanism/predictions/full/worker_tcn_0/seed_43/S_01__snr_0__noise_303.npz,6e2fdd5ecbcd8701bcc3173d69f1f580a09a316dae1542bdd62d66aa75fde52f,c7477dff0207ea4b9f85d3d8896a531d71c253bc3616e0bc8daa8bd7370add0b,2256b4467948b0a0b9b63b5dd0f3c021dcd8f62f254d5f2cda5b979325a9d4c5,0.8952654265116065,0.8952654265116067,fraction,2158,1877,1,original_probabilities_verified,0.919654844301933,963,1195,0.8747987336047037,550,1608,0.915147201765319,521,1637,0.8822165773844183,496,1662,0.8845097755016588,262,1896
tcn,43,S_01__snr_0__noise_404,S_01,S_01,0.0,404.0,5d6cfa274127594d2aacf77bc033ba785ccc956e7624e934e89bae2efbc42c1f,signed_control_mechanism/predictions/full/worker_tcn_0/seed_43/S_01__snr_0__noise_404.npz,5d6cfa274127594d2aacf77bc033ba785ccc956e7624e934e89bae2efbc42c1f,c7477dff0207ea4b9f85d3d8896a531d71c253bc3616e0bc8daa8bd7370add0b,2d5b4a43a7cfe3291eec467be6e7752537981af714ac9e44c49310918e3495d4,0.8946038539543328,0.8946038539543328,fraction,2158,1877,1,original_probabilities_verified,0.9211129794010176,963,1195,0.8695929443690638,550,1608,0.9168391221711923,521,1637,0.8827782306587477,496,1662,0.882695993171643,262,1896
tcn,43,S_01__snr_0__noise_505,S_01,S_01,0.0,505.0,08ef3b2029ff1716577ba2bf630a6deb4ddb0875cb7172c89a975b80624ee1e7,signed_control_mechanism/predictions/full/worker_tcn_0/seed_43/S_01__snr_0__noise_505.npz,08ef3b2029ff1716577ba2bf630a6deb4ddb0875cb7172c89a975b80624ee1e7,c7477dff0207ea4b9f85d3d8896a531d71c253bc3616e0bc8daa8bd7370add0b,9e9bdcb7613e1993e72746811d7aa1b1523c3c62f5413b995d7fe4a09c4607b9,0.8949713145731778,0.8949713145731778,fraction,2158,1877,1,original_probabilities_verified,0.9220114965002151,963,1195,0.871353459972863,550,1608,0.9164850265630331,521,1637,0.8812376266449283,496,1662,0.8837689631848488,262,1896
tcn,43,S_01__snr_0__noise_8128,S_01,S_01,0.0,8128.0,e56d41c65e7ca9ed7f557a4f6acf58fcc2946bdabc559dff9d47454b5b62c73f,signed_control_mechanism/predictions/full/worker_tcn_0/seed_43/S_01__snr_0__noise_8128.npz,e56d41c65e7ca9ed7f557a4f6acf58fcc2946bdabc559dff9d47454b5b62c73f,c7477dff0207ea4b9f85d3d8896a531d71c253bc3616e0bc8daa8bd7370add0b,c9f7302b910ac1c991a30860748f9e5442d831a3241db514a8c540df070993c3,0.8941335787287915,0.8941335787287914,fraction,2158,1877,1,original_probabilities_verified,0.9220358277176015,963,1195,0.8711759384893714,550,1608,0.9172541878840677,521,1637,0.8816488587399558,496,1662,0.878553080812961,262,1896
tcn,43,S_01__snr_10__noise_101,S_01,S_01,10.0,101.0,77241510fcc4ae7e3fbf75c3e28214f236a27ce38275a4e9edfa0aaeb28d49ff,signed_control_mechanism/predictions/full/worker_tcn_0/seed_43/S_01__snr_10__noise_101.npz,77241510fcc4ae7e3fbf75c3e28214f236a27ce38275a4e9edfa0aaeb28d49ff,c7477dff0207ea4b9f85d3d8896a531d71c253bc3616e0bc8daa8bd7370add0b,4926751af214d4c594111dbc9b3ca31106410c9e87a8860c952ce89c1284c727,0.9158500978895215,0.9158500978895217,fraction,2158,1877,1,original_probabilities_verified,0.9402147229934349,963,1195,0.9028821800090456,550,1608,0.9295455264944418,521,1637,0.9076826404254493,496,1662,0.898925419525236,262,1896
tcn,43,S_01__snr_10__noise_202,S_01,S_01,10.0,202.0,d63df270437a0d1c879c6926b0285820d0658b96f50492bbecc24eaaa495a5c6,signed_control_mechanism/predictions/full/worker_tcn_0/seed_43/S_01__snr_10__noise_202.npz,d63df270437a0d1c879c6926b0285820d0658b96f50492bbecc24eaaa495a5c6,c7477dff0207ea4b9f85d3d8896a531d71c253bc3616e0bc8daa8bd7370add0b,9b191fd1cbe456a82e5ec5a8d2bd63ec53f53b01808440e198afe027638c2276,0.9146261251351202,0.9146261251351202,fraction,2158,1877,1,original_probabilities_verified,0.9383055914006526,963,1195,0.8995070104025328,550,1608,0.9281807341504109,521,1637,0.9081011509646365,496,1662,0.8990361387573679,262,1896
tcn,43,S_01__snr_10__noise_303,S_01,S_01,10.0,303.0,42b68689085ad40bebd97290aa45e634c2c261d4bdb8e7f6a6782a854d1d819e,signed_control_mechanism/predictions/full/worker_tcn_0/seed_43/S_01__snr_10__noise_303.npz,42b68689085ad40bebd97290aa45e634c2c261d4bdb8e7f6a6782a854d1d819e,c7477dff0207ea4b9f85d3d8896a531d71c253bc3616e0bc8daa8bd7370add0b,edaadb28b498808962a53be9623f8e5c2795aea0e86472072f57cd892a52d7d7,0.9157268497274466,0.9157268497274468,fraction,2158,1877,1,original_probabilities_verified,0.9389938172638677,963,1195,0.9037019448213478,550,1608,0.9288009877156964,521,1637,0.9081496739257017,496,1662,0.8989878249106193,262,1896
tcn,43,S_01__snr_10__noise_404,S_01,S_01,10.0,404.0,147b4192fc59f74dfc3e041077707587f002625e89af2a03c174f6713d0292c5,signed_control_mechanism/predictions/full/worker_tcn_0/seed_43/S_01__snr_10__noise_404.npz,147b4192fc59f74dfc3e041077707587f002625e89af2a03c174f6713d0292c5,c7477dff0207ea4b9f85d3d8896a531d71c253bc3616e0bc8daa8bd7370add0b,4eae76946baf0502be04955e4c5aedfb3e37285a5ed019bea2953adb5dbe910a,0.9154103365403108,0.9154103365403108,fraction,2158,1877,1,original_probabilities_verified,0.9392180120526423,963,1195,0.9009848484848485,550,1608,0.9295631140246483,521,1637,0.9084408116920927,496,1662,0.8988448964473218,262,1896
tcn,43,S_01__snr_10__noise_505,S_01,S_01,10.0,505.0,c85a7c6f4a97b971e39a6074acc18d42033667f56fd20e6220fa07ebe243cfb8,signed_control_mechanism/predictions/full/worker_tcn_0/seed_43/S_01__snr_10__noise_505.npz,c85a7c6f4a97b971e39a6074acc18d42033667f56fd20e6220fa07ebe243cfb8,c7477dff0207ea4b9f85d3d8896a531d71c253bc3616e0bc8daa8bd7370add0b,2d7b7ba68cae4eb9381eed213e99f6bc440fb88ec2e0858473e20608d82942e2,0.9153453122918679,0.915345312291868,fraction,2158,1877,1,original_probabilities_verified,0.9393761649656539,963,1195,0.9004240162822252,550,1608,0.9291926033882963,521,1637,0.9089915473001825,496,1662,0.8987422295229813,262,1896
tcn,43,S_01__snr_10__noise_8128,S_01,S_01,10.0,8128.0,64030d6c9f0f18cfc141d1c8b055e9e503f6893fffd0bcfd7e5ed239bbe9550a,signed_control_mechanism/predictions/full/worker_tcn_0/seed_43/S_01__snr_10__noise_8128.npz,64030d6c9f0f18cfc141d1c8b055e9e503f6893fffd0bcfd7e5ed239bbe9550a,c7477dff0207ea4b9f85d3d8896a531d71c253bc3616e0bc8daa8bd7370add0b,402be9df9cfd80331295032ec9882faa5a4d9c573d9dc0d626c6635b03e3aa77,0.9153621881662186,0.9153621881662184,fraction,2158,1877,1,original_probabilities_verified,0.9400348457791855,963,1195,0.9015490728177296,550,1608,0.9296827092300531,521,1637,0.9083279958076161,496,1662,0.8972163171965085,262,1896
tcn,43,S_01__snr_5__noise_101,S_01,S_01,5.0,101.0,b76bcb44736251002797d39fca9bc687eb6c484685a3ab0b3789ee2bdbddbc7d,signed_control_mechanism/predictions/full/worker_tcn_0/seed_43/S_01__snr_5__noise_101.npz,b76bcb44736251002797d39fca9bc687eb6c484685a3ab0b3789ee2bdbddbc7d,c7477dff0207ea4b9f85d3d8896a531d71c253bc3616e0bc8daa8bd7370add0b,1c617233abf5903b44e133e3f2b7a1b85de584c237de5867e6895bd3d9a3b9e4,0.9108131052525377,0.9108131052525376,fraction,2158,1877,1,original_probabilities_verified,0.9354397215813554,963,1195,0.8958265490728178,550,1608,0.9273588102387565,521,1637,0.9002392181980513,496,1662,0.8952012271717074,262,1896
tcn,43,S_01__snr_5__noise_202,S_01,S_01,5.0,202.0,d206d7702f7c1e54dbeaf6ef75e680855294fd8c6d9b822b1fe7c5ff445b8844,signed_control_mechanism/predictions/full/worker_tcn_0/seed_43/S_01__snr_5__noise_202.npz,d206d7702f7c1e54dbeaf6ef75e680855294fd8c6d9b822b1fe7c5ff445b8844,c7477dff0207ea4b9f85d3d8896a531d71c253bc3616e0bc8daa8bd7370add0b,509d4e518a0012a3599f0a8cbd666ee1194f5301d8354d17322bac2e678bf9b4,0.9085673331706079,0.908567333170608,fraction,2158,1877,1,original_probabilities_verified,0.9322123593894602,963,1195,0.8895137946630484,550,1608,0.9250360837494739,521,1637,0.9010483385738132,496,1662,0.8950260894772442,262,1896
tcn,43,S_01__snr_5__noise_303,S_01,S_01,5.0,303.0,0b07b25ce8baffd4070bce717b1be23a71a464acfe885014b8f6dae9c875650a,signed_control_mechanism/predictions/full/worker_tcn_0/seed_43/S_01__snr_5__noise_303.npz,0b07b25ce8baffd4070bce717b1be23a71a464acfe885014b8f6dae9c875650a,c7477dff0207ea4b9f85d3d8896a531d71c253bc3616e0bc8daa8bd7370add0b,1f461dbce7e4c31e81a00c82c25f68f351cf5f6dacf7801ac90d55c962967b88,0.9103712304152625,0.9103712304152624,fraction,2158,1877,1,original_probabilities_verified,0.9327111493458813,963,1195,0.8958921302578019,550,1608,0.9261405806464472,521,1637,0.9014037692636155,496,1662,0.8957085225625664,262,1896
tcn,43,S_01__snr_5__noise_404,S_01,S_01,5.0,404.0,c5cfc0f01d8fa9b85f851639f854ca3e34624ea8946d7099edc636d4bf365ef4,signed_control_mechanism/predictions/full/worker_tcn_0/seed_43/S_01__snr_5__noise_404.npz,c5cfc0f01d8fa9b85f851639f854ca3e34624ea8946d7099edc636d4bf365ef4,c7477dff0207ea4b9f85d3d8896a531d71c253bc3616e0bc8daa8bd7370add0b,0f955d1c29033c13bab02979d821278e726d5ed1824e71c3fc721227ab2cde9c,0.9100288753632538,0.9100288753632538,fraction,2158,1877,1,original_probabilities_verified,0.9334245753985323,963,1195,0.8917311171415649,550,1608,0.9277949809878798,521,1637,0.9020770253483948,496,1662,0.8951166779398976,262,1896
tcn,43,S_01__snr_5__noise_505,S_01,S_01,5.0,505.0,2e974d3d2a4040b66f2da3dffa2cf6a10f515ea8f234916a5726bb5d44f15d9a,signed_control_mechanism/predictions/full/worker_tcn_0/seed_43/S_01__snr_5__noise_505.npz,2e974d3d2a4040b66f2da3dffa2cf6a10f515ea8f234916a5726bb5d44f15d9a,c7477dff0207ea4b9f85d3d8896a531d71c253bc3616e0bc8daa8bd7370add0b,d51966812cfc3558a6b4d64d10ddd6926599f88406de66a8154101a8aa4a61cf,0.9100935875983845,0.9100935875983844,fraction,2158,1877,1,original_probabilities_verified,0.9337156810351195,963,1195,0.8918532338308458,550,1608,0.9268558068748483,521,1637,0.9024494390745701,496,1662,0.8955937771765388,262,1896
tcn,43,S_01__snr_5__noise_8128,S_01,S_01,5.0,8128.0,69008266ed898cf4a3a80c976d061ffeb0e57ee0cd0a1a16038aaaad9a1127ba,signed_control_mechanism/predictions/full/worker_tcn_0/seed_43/S_01__snr_5__noise_8128.npz,69008266ed898cf4a3a80c976d061ffeb0e57ee0cd0a1a16038aaaad9a1127ba,c7477dff0207ea4b9f85d3d8896a531d71c253bc3616e0bc8daa8bd7370add0b,c8272954b33e2dff3b78c62ffddebcaf5084cec56ceb3573f8807c84573c59f8,0.9101754090439244,0.9101754090439244,fraction,2158,1877,1,original_probabilities_verified,0.935139926224273,963,1195,0.8934531886024424,550,1608,0.9279708562899457,521,1637,0.901722807732619,496,1662,0.8925902663703418,262,1896
tcn,43,S_02__snr_0__noise_101,S_02,S_02,0.0,101.0,f2f0e491cc0ef4fe338a582b2f8699c07b3710db1264352e47cffd3c392fd746,signed_control_mechanism/predictions/full/worker_tcn_0/seed_43/S_02__snr_0__noise_101.npz,f2f0e491cc0ef4fe338a582b2f8699c07b3710db1264352e47cffd3c392fd746,c7477dff0207ea4b9f85d3d8896a531d71c253bc3616e0bc8daa8bd7370add0b,43fe10a8d4abf5de6f97fb7e442444f1db4ec8dd1407c90028db84ef687c59ac,0.8910211855638568,0.8910211855638568,fraction,2158,1877,1,original_probabilities_verified,0.9202796352055336,963,1195,0.8626255088195387,550,1608,0.9121690466503376,521,1637,0.8756004716431816,496,1662,0.8844312655006925,262,1896
tcn,43,S_02__snr_0__noise_202,S_02,S_02,0.0,202.0,b2f07e4329e2d5d5e06c58f59ae67161c5599638ccfa3f30d681bd9c8b8970be,signed_control_mechanism/predictions/full/worker_tcn_0/seed_43/S_02__snr_0__noise_202.npz,b2f07e4329e2d5d5e06c58f59ae67161c5599638ccfa3f30d681bd9c8b8970be,c7477dff0207ea4b9f85d3d8896a531d71c253bc3616e0bc8daa8bd7370add0b,76117846ba6cc9a42740cd9c8c39cd3963a887d4f40cde7507fed6ea27b99d6a,0.8918686646080403,0.89186866460804,fraction,2158,1877,1,original_probabilities_verified,0.9178499893550924,963,1195,0.8625022614201718,550,1608,0.9144190780147665,521,1637,0.8825986957028066,496,1662,0.8819732985473637,262,1896
tcn,43,S_02__snr_0__noise_303,S_02,S_02,0.0,303.0,32480491cacdcf85e2b95b5d0b4e664429dcd2c02fc63eafff1b9a4b0c2d4ee9,signed_control_mechanism/predictions/full/worker_tcn_0/seed_43/S_02__snr_0__noise_303.npz,32480491cacdcf85e2b95b5d0b4e664429dcd2c02fc63eafff1b9a4b0c2d4ee9,c7477dff0207ea4b9f85d3d8896a531d71c253bc3616e0bc8daa8bd7370add0b,0c1475cb9bdf7baa725feb40b8e11bbbced799a3087f760fb161e6eeaac10d2f,0.8916029562470869,0.8916029562470869,fraction,2158,1877,1,original_probabilities_verified,0.9177709128985866,963,1195,0.8606772953414744,550,1608,0.9129053779149866,521,1637,0.8849878449982532,496,1662,0.8816733500821335,262,1896
tcn,43,S_02__snr_0__noise_404,S_02,S_02,0.0,404.0,803ec59691c8b28fcbd6c0c8235238fe44fef80c86c45b4b8e1e365cb467181c,signed_control_mechanism/predictions/full/worker_tcn_0/seed_43/S_02__snr_0__noise_404.npz,803ec59691c8b28fcbd6c0c8235238fe44fef80c86c45b4b8e1e365cb467181c,c7477dff0207ea4b9f85d3d8896a531d71c253bc3616e0bc8daa8bd7370add0b,ec7a37a084c48127dd766ab0f2a5514c03bac4e7add5633ae53fb080ee3df161,0.8918820109084177,0.8918820109084177,fraction,2158,1877,1,original_probabilities_verified,0.9181150258301942,963,1195,0.8620680687471732,550,1608,0.9120271739066712,521,1637,0.8831409397927099,496,1662,0.8840588462653396,262,1896
tcn,43,S_02__snr_0__noise_505,S_02,S_02,0.0,505.0,f75e6e0033684014dae55532090f38b980b3a3a199ad7c32e643f22f7cc583d2,signed_control_mechanism/predictions/full/worker_tcn_0/seed_43/S_02__snr_0__noise_505.npz,f75e6e0033684014dae55532090f38b980b3a3a199ad7c32e643f22f7cc583d2,c7477dff0207ea4b9f85d3d8896a531d71c253bc3616e0bc8daa8bd7370add0b,e893cadcb9ef1d532d7ad12fb1f73c51d8d4d761210526a198057c5f8f1537b2,0.891111716156497,0.891111716156497,fraction,2158,1877,1,original_probabilities_verified,0.9183574690320085,963,1195,0.8620284938941656,550,1608,0.9178369213849125,521,1637,0.8720206901905981,496,1662,0.8853150062808001,262,1896
tcn,43,S_02__snr_0__noise_8128,S_02,S_02,0.0,8128.0,23418413ecad1537ece15392e639aeba544c589c06d145f8b50ec4e571e19b7d,signed_control_mechanism/predictions/full/worker_tcn_0/seed_43/S_02__snr_0__noise_8128.npz,23418413ecad1537ece15392e639aeba544c589c06d145f8b50ec4e571e19b7d,c7477dff0207ea4b9f85d3d8896a531d71c253bc3616e0bc8daa8bd7370add0b,52a6eda45b5f7e5522b1c14e8947c74c778cc70bfe9dbe5e13fac08a229dbb73,0.8926994523183225,0.8926994523183227,fraction,2158,1877,1,original_probabilities_verified,0.9199094531124407,963,1195,0.8653030303030304,550,1608,0.9125102447363453,521,1637,0.8823014925662823,496,1662,0.8834730408735143,262,1896
tcn,43,S_02__snr_10__noise_101,S_02,S_02,10.0,101.0,d419275badd04ac2f7d59540fb4bc6b688c920ad9b32f41f38bb415338486b1e,signed_control_mechanism/predictions/full/worker_tcn_0/seed_43/S_02__snr_10__noise_101.npz,d419275badd04ac2f7d59540fb4bc6b688c920ad9b32f41f38bb415338486b1e,c7477dff0207ea4b9f85d3d8896a531d71c253bc3616e0bc8daa8bd7370add0b,36c34a1ba1934e75fa8357ec990de058c96a068537c7fa2f85da633d5a30bb2d,0.9152952825740194,0.9152952825740194,fraction,2158,1877,1,original_probabilities_verified,0.9392675434594646,963,1195,0.9017062415196744,550,1608,0.9288795453506191,521,1637,0.9072447207018361,496,1662,0.899378361838503,262,1896
tcn,43,S_02__snr_10__noise_202,S_02,S_02,10.0,202.0,09761dcc08b2d203a94eaca74808500d3facadf7c52d962dca0c0f0631e34afa,signed_control_mechanism/predictions/full/worker_tcn_0/seed_43/S_02__snr_10__noise_202.npz,09761dcc08b2d203a94eaca74808500d3facadf7c52d962dca0c0f0631e34afa,c7477dff0207ea4b9f85d3d8896a531d71c253bc3616e0bc8daa8bd7370add0b,b26ee9f20081294900731a98eca14a4ec79545ff231170e7acdc02e288f267ff,0.9154058969641911,0.9154058969641912,fraction,2158,1877,1,original_probabilities_verified,0.9388938854781735,963,1195,0.9019414292175486,550,1608,0.9296616041938052,521,1637,0.9090364310391678,496,1662,0.8974961348922601,262,1896
tcn,43,S_02__snr_10__noise_303,S_02,S_02,10.0,303.0,e5b4e3c59870827eb6e91863b2a3475f1cee15322b2fdf013654f6f11bce4903,signed_control_mechanism/predictions/full/worker_tcn_0/seed_43/S_02__snr_10__noise_303.npz,e5b4e3c59870827eb6e91863b2a3475f1cee15322b2fdf013654f6f11bce4903,c7477dff0207ea4b9f85d3d8896a531d71c253bc3616e0bc8daa8bd7370add0b,69d8ae0b5c6616b73e46010978a46507e46453b77bfc0a3175a19b9d697a4718,0.9149886285032904,0.9149886285032908,fraction,2158,1877,1,original_probabilities_verified,0.9382960327081079,963,1195,0.9002159656264134,550,1608,0.929019073090258,521,1637,0.9094549415783548,496,1662,0.8979571295133185,262,1896
tcn,43,S_02__snr_10__noise_404,S_02,S_02,10.0,404.0,545a45873dcaac215863aacf6558fd72fa7fbaedc5331f32b12e0252c809fb0c,signed_control_mechanism/predictions/full/worker_tcn_0/seed_43/S_02__snr_10__noise_404.npz,545a45873dcaac215863aacf6558fd72fa7fbaedc5331f32b12e0252c809fb0c,c7477dff0207ea4b9f85d3d8896a531d71c253bc3616e0bc8daa8bd7370add0b,814784add824dc063c5ae725fa8b1f0f6121c13f435c2b7d7b621d4688c1b4dc,0.9157897288574566,0.9157897288574566,fraction,2158,1877,1,original_probabilities_verified,0.9390963559657104,963,1195,0.9024853007688829,550,1608,0.9291046657372634,521,1637,0.9091577384418307,496,1662,0.8991045833735949,262,1896
tcn,43,S_02__snr_10__noise_505,S_02,S_02,10.0,505.0,39f2a7d0f730f8f084e8f8a3ca9e6629b6f087ea2dd2f834a90bbd2730d997c8,signed_control_mechanism/predictions/full/worker_tcn_0/seed_43/S_02__snr_10__noise_505.npz,39f2a7d0f730f8f084e8f8a3ca9e6629b6f087ea2dd2f834a90bbd2730d997c8,c7477dff0207ea4b9f85d3d8896a531d71c253bc3616e0bc8daa8bd7370add0b,be8363f604ea449b6309f62210e4ccce7ec50b09759217cb92656c1da2f7fa67,0.9158073209441036,0.9158073209441036,fraction,2158,1877,1,original_probabilities_verified,0.9396507601333003,963,1195,0.9028324287652646,550,1608,0.9303205503255452,521,1637,0.906011024416754,496,1662,0.9002218410796534,262,1896
tcn,43,S_02__snr_10__noise_8128,S_02,S_02,10.0,8128.0,cda69fb588971c8b899934d02c7d0da69c30b5711105f6787564070c6304bec9,signed_control_mechanism/predictions/full/worker_tcn_0/seed_43/S_02__snr_10__noise_8128.npz,cda69fb588971c8b899934d02c7d0da69c30b5711105f6787564070c6304bec9,c7477dff0207ea4b9f85d3d8896a531d71c253bc3616e0bc8daa8bd7370add0b,077d82d74a2250790753afbb110d0d88cd42dfb2963cd8740a8e833ba9a83058,0.9159489243577852,0.915948924357785,fraction,2158,1877,1,original_probabilities_verified,0.939724622757509,963,1195,0.9027057892356399,550,1608,0.929173843356076,521,1637,0.9085123830596639,496,1662,0.8996279833800367,262,1896
tcn,43,S_02__snr_5__noise_101,S_02,S_02,5.0,101.0,3dc53913b5caf36c8d41e0c66627177c9e70322ea4f56ed6627fcaf1238af5dd,signed_control_mechanism/predictions/full/worker_tcn_0/seed_43/S_02__snr_5__noise_101.npz,3dc53913b5caf36c8d41e0c66627177c9e70322ea4f56ed6627fcaf1238af5dd,c7477dff0207ea4b9f85d3d8896a531d71c253bc3616e0bc8daa8bd7370add0b,7266ec7b8bf2df1245bc226e6bbb923f158c90a0444d4c318ec7d156ed85c9fe,0.9093390580347748,0.9093390580347748,fraction,2158,1877,1,original_probabilities_verified,0.9334280512867303,963,1195,0.8918046132971507,550,1608,0.9257302049416269,521,1637,0.8993233473079462,496,1662,0.8964090733404194,262,1896
tcn,43,S_02__snr_5__noise_202,S_02,S_02,5.0,202.0,270f08685b48f56ae07fd59e3b7d5b03ea0b613cf24609a01e4aa693ca7c7c59,signed_control_mechanism/predictions/full/worker_tcn_0/seed_43/S_02__snr_5__noise_202.npz,270f08685b48f56ae07fd59e3b7d5b03ea0b613cf24609a01e4aa693ca7c7c59,c7477dff0207ea4b9f85d3d8896a531d71c253bc3616e0bc8daa8bd7370add0b,1f9b02f54ce7e10b5a3c237f148e53cb639ec168b934291cf5ce5cad7d3e210d,0.9094167957103185,0.9094167957103184,fraction,2158,1877,1,original_probabilities_verified,0.9321593520944399,963,1195,0.8917786069651741,550,1608,0.9267432466815262,521,1637,0.9025925818097124,496,1662,0.8938101910007408,262,1896
tcn,43,S_02__snr_5__noise_303,S_02,S_02,5.0,303.0,5e46ddd306c5b352e11516bc33d8bfb5983b6477517352eabcc9f047ce468cca,signed_control_mechanism/predictions/full/worker_tcn_0/seed_43/S_02__snr_5__noise_303.npz,5e46ddd306c5b352e11516bc33d8bfb5983b6477517352eabcc9f047ce468cca,c7477dff0207ea4b9f85d3d8896a531d71c253bc3616e0bc8daa8bd7370add0b,a3a0c777961f499829583e321fcd72f385f4cf92d7a88475e07ef9404d909853,0.908907673301915,0.9089076733019148,fraction,2158,1877,1,original_probabilities_verified,0.9313816221101249,963,1195,0.8899604251469924,550,1608,0.9256750973469797,521,1637,0.9036164162881876,496,1662,0.8939048056172899,262,1896
tcn,43,S_02__snr_5__noise_404,S_02,S_02,5.0,404.0,0816cd65ac11edf40872551c7956142a2b522a222c25a90e0c60b677dd0ca79d,signed_control_mechanism/predictions/full/worker_tcn_0/seed_43/S_02__snr_5__noise_404.npz,0816cd65ac11edf40872551c7956142a2b522a222c25a90e0c60b677dd0ca79d,c7477dff0207ea4b9f85d3d8896a531d71c253bc3616e0bc8daa8bd7370add0b,c9d6e1825384c46170a23b413439af7007cda46306d9ab8f56864ec287a75338,0.9099638428359853,0.9099638428359852,fraction,2158,1877,1,original_probabilities_verified,0.9329718409607355,963,1195,0.8926322930800543,550,1608,0.9258474551430043,521,1637,0.9023329839680136,496,1662,0.8960346410281187,262,1896
tcn,43,S_02__snr_5__noise_505,S_02,S_02,5.0,505.0,65c8aed11020c4ea5b2467994e4660b95cd2cffc3b326ab21129f5db783c80b3,signed_control_mechanism/predictions/full/worker_tcn_0/seed_43/S_02__snr_5__noise_505.npz,65c8aed11020c4ea5b2467994e4660b95cd2cffc3b326ab21129f5db783c80b3,c7477dff0207ea4b9f85d3d8896a531d71c253bc3616e0bc8daa8bd7370add0b,66b905ae9e4c2de3541fb71fb51dee965cc64dd0b03ce6fc99d582b391d5bbc8,0.9093574949891078,0.9093574949891078,fraction,2158,1877,1,original_probabilities_verified,0.9329605443240918,963,1195,0.8920624151967436,550,1608,0.9286063523814102,521,1637,0.8960686696944994,496,1662,0.8970894933487937,262,1896
tcn,43,S_02__snr_5__noise_8128,S_02,S_02,5.0,8128.0,5101ac0e27162dede1f52860a8d9c2a9493d74f3894276f26d3a4c609c59e4e0,signed_control_mechanism/predictions/full/worker_tcn_0/seed_43/S_02__snr_5__noise_8128.npz,5101ac0e27162dede1f52860a8d9c2a9493d74f3894276f26d3a4c609c59e4e0,c7477dff0207ea4b9f85d3d8896a531d71c253bc3616e0bc8daa8bd7370add0b,5f102e6e1a44893b0d2a5d9839af5c7ce56803cb4ba830c7d5e171a2f7db9afe,0.9105745389627625,0.9105745389627624,fraction,2158,1877,1,original_probabilities_verified,0.9338199576810612,963,1195,0.893870420624152,550,1608,0.9262742458760173,521,1637,0.902551337292807,496,1662,0.8963567333397752,262,1896
tcn,43,S_03__snr_0__noise_101,S_03,S_03,0.0,101.0,7f3a73caabcd039a584ac1867f6922cd017fcb8764dc6752447a75c1762b0cfd,signed_control_mechanism/predictions/full/worker_tcn_0/seed_43/S_03__snr_0__noise_101.npz,7f3a73caabcd039a584ac1867f6922cd017fcb8764dc6752447a75c1762b0cfd,c7477dff0207ea4b9f85d3d8896a531d71c253bc3616e0bc8daa8bd7370add0b,cc5bf2a4548b36caac0a0e1aa910f877099e531dd330be45be556718f7849475,0.9047142734767657,0.9047142734767656,fraction,2158,1877,1,original_probabilities_verified,0.9300486189861703,963,1195,0.8876266395296246,550,1608,0.9234790010751843,521,1637,0.8937140930088118,496,1662,0.8887030147840371,262,1896
tcn,43,S_03__snr_0__noise_202,S_03,S_03,0.0,202.0,a202bb86f442ecca196887c02a2edee68bd5830796370c9d8d2555f02cd27213,signed_control_mechanism/predictions/full/worker_tcn_0/seed_43/S_03__snr_0__noise_202.npz,a202bb86f442ecca196887c02a2edee68bd5830796370c9d8d2555f02cd27213,c7477dff0207ea4b9f85d3d8896a531d71c253bc3616e0bc8daa8bd7370add0b,36d8235f153150a3a4457843d3a947717c5f737165cb76e9f0f89100d22a9a3b,0.9051393033976483,0.9051393033976484,fraction,2158,1877,1,original_probabilities_verified,0.9293351929335193,963,1195,0.8876628222523745,550,1608,0.9227555673326869,521,1637,0.8960783742867124,496,1662,0.8898645601829485,262,1896
tcn,43,S_03__snr_0__noise_303,S_03,S_03,0.0,303.0,7fba4392f91a9afd07d48bfd90427911a81bd5d7095bd47ae72b9d2070a62ef7,signed_control_mechanism/predictions/full/worker_tcn_0/seed_43/S_03__snr_0__noise_303.npz,7fba4392f91a9afd07d48bfd90427911a81bd5d7095bd47ae72b9d2070a62ef7,c7477dff0207ea4b9f85d3d8896a531d71c253bc3616e0bc8daa8bd7370add0b,0a5dbfefdf89023f828bb9da523bf17c1024f6ca36de0def26e421b527531de8,0.9039326738674631,0.9039326738674632,fraction,2158,1877,1,original_probabilities_verified,0.9286304566013635,963,1195,0.8856919945725916,550,1608,0.921715558046471,521,1637,0.8959570668840495,496,1662,0.8876682932328406,262,1896
tcn,43,S_03__snr_0__noise_404,S_03,S_03,0.0,404.0,3277f20279a0f0050e83ffd1f809b8cdc529b6ac8d985593457b0939f1ca984f,signed_control_mechanism/predictions/full/worker_tcn_0/seed_43/S_03__snr_0__noise_404.npz,3277f20279a0f0050e83ffd1f809b8cdc529b6ac8d985593457b0939f1ca984f,c7477dff0207ea4b9f85d3d8896a531d71c253bc3616e0bc8daa8bd7370add0b,a7ed9afb43036ca8426e27f9c415d6e83ffe692f9be2f39d14f5630ec85ea304,0.9041682455547866,0.9041682455547864,fraction,2158,1877,1,original_probabilities_verified,0.9286235048249672,963,1195,0.8879274084124831,550,1608,0.9214282950530968,521,1637,0.8926914716043631,496,1662,0.8901705478790222,262,1896
tcn,43,S_03__snr_0__noise_505,S_03,S_03,0.0,505.0,510ce3ba98e578fada3b82116c7f3c48e2bae7b304aa49c8214fecea5b9cd46e,signed_control_mechanism/predictions/full/worker_tcn_0/seed_43/S_03__snr_0__noise_505.npz,510ce3ba98e578fada3b82116c7f3c48e2bae7b304aa49c8214fecea5b9cd46e,c7477dff0207ea4b9f85d3d8896a531d71c253bc3616e0bc8daa8bd7370add0b,0af5d79b14d7f78bafb7ed96dc03db3a6256b9ab9182abe14ff92f9c44d0576e,0.9043463879608427,0.9043463879608428,fraction,2158,1877,1,original_probabilities_verified,0.9295776361353337,963,1195,0.8901752600633198,550,1608,0.9214294675551106,521,1637,0.8905843620201079,496,1662,0.8899652140303411,262,1896
tcn,43,S_03__snr_0__noise_8128,S_03,S_03,0.0,8128.0,49019abce56be231fbaf6b109873cf6937117fb835a09ed46ae819d040b6be06,signed_control_mechanism/predictions/full/worker_tcn_0/seed_43/S_03__snr_0__noise_8128.npz,49019abce56be231fbaf6b109873cf6937117fb835a09ed46ae819d040b6be06,c7477dff0207ea4b9f85d3d8896a531d71c253bc3616e0bc8daa8bd7370add0b,986bf33a5449edbf1ab9173efd61e23024b77dee4fc5bd019f53b33069bf9e88,0.9058724711443553,0.9058724711443552,fraction,2158,1877,1,original_probabilities_verified,0.930063391511012,963,1195,0.890394617819991,550,1608,0.9235094861275425,521,1637,0.8955846531578743,496,1662,0.8898102071053564,262,1896
tcn,43,S_03__snr_10__noise_101,S_03,S_03,10.0,101.0,d108cf24924ca9340efc12b1524d4fb20503c5573a2c11309e8d85175a7f0c04,signed_control_mechanism/predictions/full/worker_tcn_0/seed_43/S_03__snr_10__noise_101.npz,d108cf24924ca9340efc12b1524d4fb20503c5573a2c11309e8d85175a7f0c04,c7477dff0207ea4b9f85d3d8896a531d71c253bc3616e0bc8daa8bd7370add0b,35d2be8a01ff9d622d919566365374ba68064d8aa01ebf8310e086b44bbabca3,0.9166713561663886,0.9166713561663886,fraction,2158,1877,1,original_probabilities_verified,0.9415685814465777,963,1195,0.904093170511081,550,1608,0.9292840585453706,521,1637,0.9094573677264082,496,1662,0.8989536026025059,262,1896
tcn,43,S_03__snr_10__noise_202,S_03,S_03,10.0,202.0,a304047e9acbc509a5d6e316fb3a9adc1f035cf423ca1eab51522bec74a30f2d,signed_control_mechanism/predictions/full/worker_tcn_0/seed_43/S_03__snr_10__noise_202.npz,a304047e9acbc509a5d6e316fb3a9adc1f035cf423ca1eab51522bec74a30f2d,c7477dff0207ea4b9f85d3d8896a531d71c253bc3616e0bc8daa8bd7370add0b,2bb8df4ad6faf8da9eb1538fd8277c4fcac85dfc10dbb6f03b4f384f5410cc8f,0.9171576817400972,0.9171576817400972,fraction,2158,1877,1,original_probabilities_verified,0.9414677806888342,963,1195,0.9044934418815016,550,1608,0.9293098535896736,521,1637,0.911110787624704,496,1662,0.8994065449157729,262,1896
tcn,43,S_03__snr_10__noise_303,S_03,S_03,10.0,303.0,b469d8f66cdf4d99ed2eac66cf5264e404079941635647b4f5db8be61909f935,signed_control_mechanism/predictions/full/worker_tcn_0/seed_43/S_03__snr_10__noise_303.npz,b469d8f66cdf4d99ed2eac66cf5264e404079941635647b4f5db8be61909f935,c7477dff0207ea4b9f85d3d8896a531d71c253bc3616e0bc8daa8bd7370add0b,6af5d78fc93e5d2a2027d2bc9b9f346367535bc3cc9bbf4a580876114d64c282,0.9163605139491,0.9163605139491,fraction,2158,1877,1,original_probabilities_verified,0.9408125757635005,963,1195,0.9034972862957937,550,1608,0.9287587776432006,521,1637,0.9102191782151314,496,1662,0.8985147518278739,262,1896
tcn,43,S_03__snr_10__noise_404,S_03,S_03,10.0,404.0,2af8e3ccbc5319954ac67f5b6c2869fd8da8fb7ab136de01ba370f0b3e29e38b,signed_control_mechanism/predictions/full/worker_tcn_0/seed_43/S_03__snr_10__noise_404.npz,2af8e3ccbc5319954ac67f5b6c2869fd8da8fb7ab136de01ba370f0b3e29e38b,c7477dff0207ea4b9f85d3d8896a531d71c253bc3616e0bc8daa8bd7370add0b,2a10a8b3fd0cb04652a69d668e449ccfb61555726c17c9d8d0beb1a790d80db5,0.9164865273746858,0.9164865273746858,fraction,2158,1877,1,original_probabilities_verified,0.9407969342666093,963,1195,0.9043464495703302,550,1608,0.9293157160997424,521,1637,0.9089454504871706,496,1662,0.8990280864495764,262,1896
tcn,43,S_03__snr_10__noise_505,S_03,S_03,10.0,505.0,42ee8ff1c2c62744a929169fbb9dec7dac56a3b152368eb1f81713883803e7f5,signed_control_mechanism/predictions/full/worker_tcn_0/seed_43/S_03__snr_10__noise_505.npz,42ee8ff1c2c62744a929169fbb9dec7dac56a3b152368eb1f81713883803e7f5,c7477dff0207ea4b9f85d3d8896a531d71c253bc3616e0bc8daa8bd7370add0b,21602520e47236660b1619ee76d57bfec85f6811d666e9fbf3251cb4a37a2082,0.9165638951158737,0.9165638951158736,fraction,2158,1877,1,original_probabilities_verified,0.9410897778472955,963,1195,0.9042130257801899,550,1608,0.9289100304029773,521,1637,0.9092705543263072,496,1662,0.899336087222598,262,1896
tcn,43,S_03__snr_10__noise_8128,S_03,S_03,10.0,8128.0,acf8520f185171149615bcafcf15c4da516d1203fece18fb79ce2ea46875e0ec,signed_control_mechanism/predictions/full/worker_tcn_0/seed_43/S_03__snr_10__noise_8128.npz,acf8520f185171149615bcafcf15c4da516d1203fece18fb79ce2ea46875e0ec,c7477dff0207ea4b9f85d3d8896a531d71c253bc3616e0bc8daa8bd7370add0b,e69517ade13d7fb272d272bb3f2f1940f719cc0afd8baf7df72424f4162a49c6,0.9168346454464537,0.9168346454464537,fraction,2158,1877,1,original_probabilities_verified,0.9408716658628675,963,1195,0.9045171867933062,550,1608,0.9294153787709131,521,1637,0.9100651178137494,496,1662,0.8993038779914323,262,1896
tcn,43,S_03__snr_5__noise_101,S_03,S_03,5.0,101.0,674f061072b549d0c25ee78fd684d6997c9fc4915a0488c0849d78740f4f9274,signed_control_mechanism/predictions/full/worker_tcn_0/seed_43/S_03__snr_5__noise_101.npz,674f061072b549d0c25ee78fd684d6997c9fc4915a0488c0849d78740f4f9274,c7477dff0207ea4b9f85d3d8896a531d71c253bc3616e0bc8daa8bd7370add0b,6dfa7072dcf03f17a856da75de3574de9a060b552492c0f5111be0d18e76565a,0.9137357089932902,0.9137357089932902,fraction,2158,1877,1,original_probabilities_verified,0.9385367379658234,963,1195,0.8999932157394844,550,1608,0.9290636281667813,521,1637,0.9050624005279299,496,1662,0.8960225625664315,262,1896
tcn,43,S_03__snr_5__noise_202,S_03,S_03,5.0,202.0,a6aa0937f87daea25f81cbc3df4fcd5b7307b26726a9d97f4e977188c7075eaf,signed_control_mechanism/predictions/full/worker_tcn_0/seed_43/S_03__snr_5__noise_202.npz,a6aa0937f87daea25f81cbc3df4fcd5b7307b26726a9d97f4e977188c7075eaf,c7477dff0207ea4b9f85d3d8896a531d71c253bc3616e0bc8daa8bd7370add0b,2066be0efc36ca9d5023e88c16b1e893fa6599620639669726b26958563314bb,0.9142711729841123,0.9142711729841124,fraction,2158,1877,1,original_probabilities_verified,0.9381352728789478,963,1195,0.9002691090004523,550,1608,0.9284152345531653,521,1637,0.9073199312914871,496,1662,0.8972163171965085,262,1896
tcn,43,S_03__snr_5__noise_303,S_03,S_03,5.0,303.0,936ffdabe8ced7fbf9382cf57ef143c6b7845e299a41c0b6a5e50caf816864db,signed_control_mechanism/predictions/full/worker_tcn_0/seed_43/S_03__snr_5__noise_303.npz,936ffdabe8ced7fbf9382cf57ef143c6b7845e299a41c0b6a5e50caf816864db,c7477dff0207ea4b9f85d3d8896a531d71c253bc3616e0bc8daa8bd7370add0b,11ba54702b0db9a17f123c30745d415955eff8554a83378886ab561c97276f0c,0.9132143284364007,0.9132143284364008,fraction,2158,1877,1,original_probabilities_verified,0.9370872925872339,963,1195,0.8989337403889642,550,1608,0.9277187683569846,521,1637,0.9066454621326812,496,1662,0.8956863787161401,262,1896
tcn,43,S_03__snr_5__noise_404,S_03,S_03,5.0,404.0,0fef67ef1b1fb6ab5c9473ace2047f8b11e41ec88576a14c0d152f8876dda148,signed_control_mechanism/predictions/full/worker_tcn_0/seed_43/S_03__snr_5__noise_404.npz,0fef67ef1b1fb6ab5c9473ace2047f8b11e41ec88576a14c0d152f8876dda148,c7477dff0207ea4b9f85d3d8896a531d71c253bc3616e0bc8daa8bd7370add0b,0ffeab4cffc5e3381efd4158acdb2de1a4700d74414027dfdfc2989d34176af0,0.9134027094507674,0.9134027094507672,fraction,2158,1877,1,original_probabilities_verified,0.9371663690437397,963,1195,0.9004183627317955,550,1608,0.9279134036912708,521,1637,0.9043272776677924,496,1662,0.8971881341192386,262,1896
tcn,43,S_03__snr_5__noise_505,S_03,S_03,5.0,505.0,3e40afb199e34815a4c46829d71a706c738e430aca1f64cc16b67b93808bbf2b,signed_control_mechanism/predictions/full/worker_tcn_0/seed_43/S_03__snr_5__noise_505.npz,3e40afb199e34815a4c46829d71a706c738e430aca1f64cc16b67b93808bbf2b,c7477dff0207ea4b9f85d3d8896a531d71c253bc3616e0bc8daa8bd7370add0b,367973609e9953e198b36eed8e924920f639bfdeb1d99e827bde0ad4cc0e67d3,0.9134989165608589,0.9134989165608588,fraction,2158,1877,1,original_probabilities_verified,0.937768566674053,963,1195,0.9008333333333334,550,1608,0.9277515984133703,521,1637,0.9038845056480727,496,1662,0.8972565787354656,262,1896
tcn,43,S_03__snr_5__noise_8128,S_03,S_03,5.0,8128.0,6e662a4ede60f40c10d579e715a996dc558429ef8cc76f6b3cfe6672270c9d42,signed_control_mechanism/predictions/full/worker_tcn_0/seed_43/S_03__snr_5__noise_8128.npz,6e662a4ede60f40c10d579e715a996dc558429ef8cc76f6b3cfe6672270c9d42,c7477dff0207ea4b9f85d3d8896a531d71c253bc3616e0bc8daa8bd7370add0b,d61624ecf68da033a71fecaa57ab4a3c3d7f02426b68b05c0097ce83b7921f4e,0.9143293155334377,0.9143293155334375,fraction,2158,1877,1,original_probabilities_verified,0.9377581390094588,963,1195,0.9016186114880145,550,1608,0.9287834001854898,521,1637,0.906338554403944,496,1662,0.8971478725802815,262,1896
tcn,43,S_04__snr_0__noise_101,S_04,S_04,0.0,101.0,377a4cf406e0bf5642b7c6c20b6801d4ef830bb21332b4f56fbee88802897ac2,signed_control_mechanism/predictions/full/worker_tcn_0/seed_43/S_04__snr_0__noise_101.npz,377a4cf406e0bf5642b7c6c20b6801d4ef830bb21332b4f56fbee88802897ac2,c7477dff0207ea4b9f85d3d8896a531d71c253bc3616e0bc8daa8bd7370add0b,a7ff5fef66b4be39830a4586ec7981ab1076a5edb5b5afc3f1aee6a9793ccd33,0.9001617996227974,0.9001617996227973,fraction,2158,1877,1,original_probabilities_verified,0.9247374618195405,963,1195,0.879433514246947,550,1608,0.9187221604053105,521,1637,0.8879204514576298,496,1662,0.8899954101845589,262,1896
tcn,43,S_04__snr_0__noise_202,S_04,S_04,0.0,202.0,1c66e928d60c34216460348b8fa680dbff589a518ca7a017324de814d3cef085,signed_control_mechanism/predictions/full/worker_tcn_0/seed_43/S_04__snr_0__noise_202.npz,1c66e928d60c34216460348b8fa680dbff589a518ca7a017324de814d3cef085,c7477dff0207ea4b9f85d3d8896a531d71c253bc3616e0bc8daa8bd7370add0b,acb3e1dc020f2b6379ef63cdc75972488193be9f6335d6963c01d54100be8893,0.9027380499405826,0.9027380499405826,fraction,2158,1877,1,original_probabilities_verified,0.927618973135729,963,1195,0.881061736770692,550,1608,0.9221470387875391,521,1637,0.8920558208144094,496,1662,0.8908066801945438,262,1896
tcn,43,S_04__snr_0__noise_303,S_04,S_04,0.0,303.0,212aa057aeeab36b1ed0783646c428f53df44585f815ab4c71d4e0815d1ef527,signed_control_mechanism/predictions/full/worker_tcn_0/seed_43/S_04__snr_0__noise_303.npz,212aa057aeeab36b1ed0783646c428f53df44585f815ab4c71d4e0815d1ef527,c7477dff0207ea4b9f85d3d8896a531d71c253bc3616e0bc8daa8bd7370add0b,996b22338e6af6297773acb333db26f96bb80d2ed5404a31fe706eb5c9740477,0.9012812275379121,0.901281227537912,fraction,2158,1877,1,original_probabilities_verified,0.9266544141607685,963,1195,0.8810651289009498,550,1608,0.9203343506742473,521,1637,0.8885621676177167,496,1662,0.8897900763358778,262,1896
tcn,43,S_04__snr_0__noise_404,S_04,S_04,0.0,404.0,0341301c751eca20c18cf6053cb25536b9b80eaa4bb8deed042438653b3bf44d,signed_control_mechanism/predictions/full/worker_tcn_0/seed_43/S_04__snr_0__noise_404.npz,0341301c751eca20c18cf6053cb25536b9b80eaa4bb8deed042438653b3bf44d,c7477dff0207ea4b9f85d3d8896a531d71c253bc3616e0bc8daa8bd7370add0b,cadb66b021dabaa8bcd58f7061a6088a40fc7a521723b466cc360f63b9af3cb6,0.9015813702236455,0.9015813702236456,fraction,2158,1877,1,original_probabilities_verified,0.9269159747476723,963,1195,0.880837856173677,550,1608,0.9205852661051945,521,1637,0.8904339408408058,496,1662,0.8891338132508777,262,1896
tcn,43,S_04__snr_0__noise_505,S_04,S_04,0.0,505.0,76814073fc852678cb8b4b7abb6f3648e0aff93743b4163c03fb35bc8fd5231e,signed_control_mechanism/predictions/full/worker_tcn_0/seed_43/S_04__snr_0__noise_505.npz,76814073fc852678cb8b4b7abb6f3648e0aff93743b4163c03fb35bc8fd5231e,c7477dff0207ea4b9f85d3d8896a531d71c253bc3616e0bc8daa8bd7370add0b,f8a31c608de4d430c74ced1cdd75f1d6c4e31d19e21e1988440832134d12edc0,0.9014207952137842,0.9014207952137842,fraction,2158,1877,1,original_probabilities_verified,0.9251788996206937,963,1195,0.8824547715965626,550,1608,0.9207494163871226,521,1637,0.8879665482706417,496,1662,0.8907543401938995,262,1896
tcn,43,S_04__snr_0__noise_8128,S_04,S_04,0.0,8128.0,e6ec74994cdc36a451d1c908b5b095e218562e254f334dc87f4202bcfb53d446,signed_control_mechanism/predictions/full/worker_tcn_0/seed_43/S_04__snr_0__noise_8128.npz,e6ec74994cdc36a451d1c908b5b095e218562e254f334dc87f4202bcfb53d446,c7477dff0207ea4b9f85d3d8896a531d71c253bc3616e0bc8daa8bd7370add0b,b8f21b8e699c0484d5d41c0f65f5e04a317c893ba24bc896773f541e7baec595,0.9025537681990488,0.9025537681990488,fraction,2158,1877,1,original_probabilities_verified,0.928420165365381,963,1195,0.8844233378561737,550,1608,0.919980255066088,521,1637,0.8910125771515081,496,1662,0.8889325055560924,262,1896
tcn,43,S_04__snr_10__noise_101,S_04,S_04,10.0,101.0,897f7fe05be4e3cda7b04d143a645f3dda3324e6cb2726fb8c9f3c3fbbc55ccf,signed_control_mechanism/predictions/full/worker_tcn_0/seed_43/S_04__snr_10__noise_101.npz,897f7fe05be4e3cda7b04d143a645f3dda3324e6cb2726fb8c9f3c3fbbc55ccf,c7477dff0207ea4b9f85d3d8896a531d71c253bc3616e0bc8daa8bd7370add0b,7a4fd6223c18b9f6352ebfb5bd7221ae802df6eb76be7fa0654e213a74875225,0.9162169361736673,0.9162169361736672,fraction,2158,1877,1,original_probabilities_verified,0.9403537585213572,963,1195,0.9031354590682948,550,1608,0.928499654698157,521,1637,0.9095483482784054,496,1662,0.8995474603021226,262,1896
tcn,43,S_04__snr_10__noise_202,S_04,S_04,10.0,202.0,62a9e9de8f4cc1227b8631f77af1a7c87835fa1f24354996d2a0f0dd20859cf2,signed_control_mechanism/predictions/full/worker_tcn_0/seed_43/S_04__snr_10__noise_202.npz,62a9e9de8f4cc1227b8631f77af1a7c87835fa1f24354996d2a0f0dd20859cf2,c7477dff0207ea4b9f85d3d8896a531d71c253bc3616e0bc8daa8bd7370add0b,010e1b648155915b9c961876d96944383b684b0f66188e379c00c86749c5db4b,0.9169049964927062,0.9169049964927062,fraction,2158,1877,1,original_probabilities_verified,0.941149736918712,963,1195,0.9034045680687471,550,1608,0.929955902199262,521,1637,0.9099680718916191,496,1662,0.9000467033851902,262,1896
tcn,43,S_04__snr_10__noise_303,S_04,S_04,10.0,303.0,5c050e090ccd0accf171cfffab1a6cd7292b52b800308fc37125be63ee0e490f,signed_control_mechanism/predictions/full/worker_tcn_0/seed_43/S_04__snr_10__noise_303.npz,5c050e090ccd0accf171cfffab1a6cd7292b52b800308fc37125be63ee0e490f,c7477dff0207ea4b9f85d3d8896a531d71c253bc3616e0bc8daa8bd7370add0b,5ce15d0a8232c8fef08a852321ceb25c0af43b98d9f1a43463afa31884d11270,0.9162492922342397,0.9162492922342396,fraction,2158,1877,1,original_probabilities_verified,0.9406214019126075,963,1195,0.9026854364540932,550,1608,0.9291351507896215,521,1637,0.9093979270991033,496,1662,0.8994065449157729,262,1896
tcn,43,S_04__snr_10__noise_404,S_04,S_04,10.0,404.0,f3eb7c1380ea41381d57bf2d52c93153c86108f5592c2f5989736e8fe473d0ea,signed_control_mechanism/predictions/full/worker_tcn_0/seed_43/S_04__snr_10__noise_404.npz,f3eb7c1380ea41381d57bf2d52c93153c86108f5592c2f5989736e8fe473d0ea,c7477dff0207ea4b9f85d3d8896a531d71c253bc3616e0bc8daa8bd7370add0b,dab1aa5d5f63bed3b7ea580224629522d2ae589f4538c6f4df54dbdb31b803a0,0.9164282744935676,0.9164282744935678,fraction,2158,1877,1,original_probabilities_verified,0.9405423254561017,963,1195,0.903766395296246,550,1608,0.9289053403949221,521,1637,0.9096878517914677,496,1662,0.899239459529101,262,1896
tcn,43,S_04__snr_10__noise_505,S_04,S_04,10.0,505.0,db90969285fe56a777b2dd3e186de96e39e176e18e6c29d104e97a847eea5e29,signed_control_mechanism/predictions/full/worker_tcn_0/seed_43/S_04__snr_10__noise_505.npz,db90969285fe56a777b2dd3e186de96e39e176e18e6c29d104e97a847eea5e29,c7477dff0207ea4b9f85d3d8896a531d71c253bc3616e0bc8daa8bd7370add0b,8a8f492cbe9005e973b70fc019b68f3372c88f48fe496fba223cff1d44fe6b0c,0.9164449121933655,0.9164449121933655,fraction,2158,1877,1,original_probabilities_verified,0.9403554964654562,963,1195,0.9038116236996834,550,1608,0.9292160534285717,521,1637,0.9090885932223128,496,1662,0.8997527941508037,262,1896
tcn,43,S_04__snr_10__noise_8128,S_04,S_04,10.0,8128.0,55c38fe34c2622278c70af6de32208397bfccb47241e2905433f3d72270f479d,signed_control_mechanism/predictions/full/worker_tcn_0/seed_43/S_04__snr_10__noise_8128.npz,55c38fe34c2622278c70af6de32208397bfccb47241e2905433f3d72270f479d,c7477dff0207ea4b9f85d3d8896a531d71c253bc3616e0bc8daa8bd7370add0b,84f049765639f413aa23e8ed6601f85f225c07f4215c98bb43e573a69770acc9,0.9166901315363216,0.9166901315363216,fraction,2158,1877,1,original_probabilities_verified,0.940901210912551,963,1195,0.904743328810493,550,1608,0.9289170654150598,521,1637,0.9094986122433135,496,1662,0.89939044030019,262,1896
tcn,43,S_04__snr_5__noise_101,S_04,S_04,5.0,101.0,46d87268f6f1046f57f795536cda033bce725eca474b8e423c5c59f936504a7a,signed_control_mechanism/predictions/full/worker_tcn_0/seed_43/S_04__snr_5__noise_101.npz,46d87268f6f1046f57f795536cda033bce725eca474b8e423c5c59f936504a7a,c7477dff0207ea4b9f85d3d8896a531d71c253bc3616e0bc8daa8bd7370add0b,1610c4ab26f0f163c30ecca0d33f3bf35c8cf37ff7e3328ed27a5165a8960607,0.9122219796161607,0.9122219796161608,fraction,2158,1877,1,original_probabilities_verified,0.9357021511403085,963,1195,0.8969787426503845,550,1608,0.9269847820963633,521,1637,0.9041574473040643,496,1662,0.8972867748896833,262,1896
tcn,43,S_04__snr_5__noise_202,S_04,S_04,5.0,202.0,b8a18c09bf3e34716428a84b5913490927edec77854a5ab5b24ba7c207e5bf67,signed_control_mechanism/predictions/full/worker_tcn_0/seed_43/S_04__snr_5__noise_202.npz,b8a18c09bf3e34716428a84b5913490927edec77854a5ab5b24ba7c207e5bf67,c7477dff0207ea4b9f85d3d8896a531d71c253bc3616e0bc8daa8bd7370add0b,815d5b1636c51116dcf6a59e9dfe03a32ebe86fdde6e875d419f492985a353c8,0.9136320517938892,0.9136320517938892,fraction,2158,1877,1,original_probabilities_verified,0.937525254500189,963,1195,0.8976978742650384,550,1608,0.9291457033077455,521,1637,0.9057356566127092,496,1662,0.8980557702837634,262,1896
tcn,43,S_04__snr_5__noise_303,S_04,S_04,5.0,303.0,020b5b4a5487908aae19eae863a7718de7b06e800ddbe3c9f3bc530d265515f3,signed_control_mechanism/predictions/full/worker_tcn_0/seed_43/S_04__snr_5__noise_303.npz,020b5b4a5487908aae19eae863a7718de7b06e800ddbe3c9f3bc530d265515f3,c7477dff0207ea4b9f85d3d8896a531d71c253bc3616e0bc8daa8bd7370add0b,fb8ae73482281929d71bea99baa1d20671f2893a852f83d4adbc8148363b1f0c,0.9127360389698087,0.9127360389698088,fraction,2158,1877,1,original_probabilities_verified,0.9367192829242648,963,1195,0.8972071460877431,550,1608,0.9277164233529571,521,1637,0.9043600306665114,496,1662,0.8976773118175669,262,1896
tcn,43,S_04__snr_5__noise_404,S_04,S_04,5.0,404.0,0c52e757a9db9a57a87439618f2bc40b81e066173de72775ca0d0ecdb864cf89,signed_control_mechanism/predictions/full/worker_tcn_0/seed_43/S_04__snr_5__noise_404.npz,0c52e757a9db9a57a87439618f2bc40b81e066173de72775ca0d0ecdb864cf89,c7477dff0207ea4b9f85d3d8896a531d71c253bc3616e0bc8daa8bd7370add0b,1e1f37742247adccfb20236cf6611c03e8d506d201bd120903bad416b2adca70,0.912950993467595,0.912950993467595,fraction,2158,1877,1,original_probabilities_verified,0.9369708503325991,963,1195,0.8983095884215287,550,1608,0.9275170980106159,521,1637,0.9051558072279803,496,1662,0.8968016233452507,262,1896
tcn,43,S_04__snr_5__noise_505,S_04,S_04,5.0,505.0,b17d9c113db1ad61fe3822d704dfbd67b780e7292ea4b7e854d0844851e48d78,signed_control_mechanism/predictions/full/worker_tcn_0/seed_43/S_04__snr_5__noise_505.npz,b17d9c113db1ad61fe3822d704dfbd67b780e7292ea4b7e854d0844851e48d78,c7477dff0207ea4b9f85d3d8896a531d71c253bc3616e0bc8daa8bd7370add0b,3f5c662a59745cfe875f34da30b01bc2e981b5f835c897eff69d8e7835319eae,0.912872809785601,0.912872809785601,fraction,2158,1877,1,original_probabilities_verified,0.935948070230321,963,1195,0.8986555857078246,550,1608,0.9280107213584139,521,1637,0.90375228057917,496,1662,0.8979973910522756,262,1896
tcn,43,S_04__snr_5__noise_8128,S_04,S_04,5.0,8128.0,1a7c27bfd152fc18d01df2aa7b9641b36d410feb0c6bd8fef55feaf98d3849e9,signed_control_mechanism/predictions/full/worker_tcn_0/seed_43/S_04__snr_5__noise_8128.npz,1a7c27bfd152fc18d01df2aa7b9641b36d410feb0c6bd8fef55feaf98d3849e9,c7477dff0207ea4b9f85d3d8896a531d71c253bc3616e0bc8daa8bd7370add0b,fea77e37ae16ec43e446648650fd66da27ca5f8f74fd608084a41662d4eeca3c,0.9135160088099056,0.9135160088099056,fraction,2158,1877,1,original_probabilities_verified,0.9375226475840405,963,1195,0.900222749886929,550,1608,0.9277773934576733,521,1637,0.9050563351577967,496,1662,0.8970009179630882,262,1896
tcn,43,clean,clean,,,,85be4a1e5f09ff8517f69d2770a380ed0af8c891acc3451546762f2b616c4715,methodology_supplement/results/predictions/full/tcn/seed_43/clean.npz,85be4a1e5f09ff8517f69d2770a380ed0af8c891acc3451546762f2b616c4715,c7477dff0207ea4b9f85d3d8896a531d71c253bc3616e0bc8daa8bd7370add0b,a8d302b6d0b6e62b539ce05c00e740ac2d1450844afe3f861adb2ac5780bd70c,0.9176941537037129,0.9176941537037128,fraction,2158,1877,1,original_probabilities_verified,0.9425548647227762,963,1195,0.9057100859339665,550,1608,0.9282334967410306,521,1637,0.9120302977368892,496,1662,0.8999420233839018,262,1896
