condition,mode,snr_db,noise_seed,metric,n_rows,n_records,n_patients,n_noise_bases,n_finite,n_null,n_positive_inf,n_negative_inf,n_anomalous,unit,min,p05,p25,median,p75,p95,max,mean,sd,class_name,true_label,stratum
E,,0,101,snr_p_db,1195,1195,1039,1,1195,0,0,0,0,dB,-2.8145232170751177e-05,-1.3893036879269125e-05,-7.3189388417777915e-06,-4.687069167519237e-06,-2.7831730014634216e-06,-1.0105892480894891e-06,-2.0488118038362557e-07,-5.618852970722665e-06,3.995583475985969e-06,NORM,0,negative
E,,0,101,delta_p_db,1195,1195,1039,1,1195,0,0,0,0,dB,-2.815556499013749e-05,-1.3890057761131884e-05,-7.320366891430323e-06,-4.6882929664516665e-06,-2.781787525755403e-06,-1.016969937015453e-06,-2.070217314319409e-07,-5.618894634753687e-06,3.995402106894146e-06,NORM,0,negative
E,,0,101,q_noise,1195,1195,1039,1,1195,0,0,0,0,fraction,4.613959091857506e-16,5.183666409363905e-16,5.668259763005558e-16,6.091591387765715e-16,6.61763215863873e-16,7.649279436380523e-16,9.080648344970835e-16,6.198356792162969e-16,7.487863730267435e-17,NORM,0,negative
E,,0,202,snr_p_db,1195,1195,1039,1,1195,0,0,0,0,dB,-2.8154619148964783e-05,-1.3888330118205436e-05,-7.321647941145412e-06,-4.68374168402094e-06,-2.780364513086611e-06,-1.0149674366473147e-06,-2.1080281235813494e-07,-5.6188970929336655e-06,3.995268631023926e-06,NORM,0,negative
E,,0,202,delta_p_db,1195,1195,1039,1,1195,0,0,0,0,dB,-2.815556499013749e-05,-1.38900577614694e-05,-7.320366891430323e-06,-4.6882929664516665e-06,-2.781787525755403e-06,-1.0169699374976167e-06,-2.070217314319409e-07,-5.618894634762564e-06,3.995402106895637e-06,NORM,0,negative
E,,0,202,q_noise,1195,1195,1039,1,1195,0,0,0,0,fraction,4.611720196231616e-16,5.161008058393499e-16,5.651488088132327e-16,6.080796862565923e-16,6.668390964639258e-16,7.596956916803277e-16,9.359276680999297e-16,6.201870629861609e-16,7.440765990474424e-17,NORM,0,negative
E,,0,303,snr_p_db,1195,1195,1039,1,1195,0,0,0,0,dB,-2.815736261764077e-05,-1.3891905293972341e-05,-7.320754248918914e-06,-4.687817776221677e-06,-2.7816320353287513e-06,-1.010779139109051e-06,-1.9935178573921554e-07,-5.61877421681944e-06,3.995360582235296e-06,NORM,0,negative
E,,0,303,delta_p_db,1195,1195,1039,1,1195,0,0,0,0,dB,-2.815556499013749e-05,-1.38900577614694e-05,-7.320366891189241e-06,-4.6882929664516665e-06,-2.781787525755403e-06,-1.016969937015453e-06,-2.070217314319409e-07,-5.6188946347589325e-06,3.995402106895138e-06,NORM,0,negative
E,,0,303,q_noise,1195,1195,1039,1,1195,0,0,0,0,fraction,4.510720781465344e-16,5.203164955214842e-16,5.677956422850461e-16,6.100401722958303e-16,6.661616882585513e-16,7.644405317049575e-16,9.149671039389114e-16,6.213974386428417e-16,7.493316583090845e-17,NORM,0,negative
E,,0,404,snr_p_db,1195,1195,1039,1,1195,0,0,0,0,dB,-2.81643771218102e-05,-1.3896050917696441e-05,-7.324979760363721e-06,-4.68584560629413e-06,-2.782274988540676e-06,-1.0192104967195082e-06,-2.0109307915830552e-07,-5.618899769655646e-06,3.99557114148451e-06,NORM,0,negative
E,,0,404,delta_p_db,1195,1195,1039,1,1195,0,0,0,0,dB,-2.815556499013749e-05,-1.38900577614694e-05,-7.320366891430323e-06,-4.6882929664516665e-06,-2.781787525755403e-06,-1.0169699373529676e-06,-2.070217314319409e-07,-5.618894634752073e-06,3.99540210689575e-06,NORM,0,negative
E,,0,404,q_noise,1195,1195,1039,1,1195,0,0,0,0,fraction,4.627893466790326e-16,5.209797333750956e-16,5.678687832028667e-16,6.117727366234974e-16,6.625494393159844e-16,7.660379284853441e-16,8.94204828755989e-16,6.212039367779694e-16,7.45639401197097e-17,NORM,0,negative
E,,0,505,snr_p_db,1195,1195,1039,1,1195,0,0,0,0,dB,-2.815956169341477e-05,-1.3886552310806831e-05,-7.318847353233964e-06,-4.678899423665239e-06,-2.7863456495420835e-06,-1.0187202952979253e-06,-2.1493984585967718e-07,-5.618940692842913e-06,3.995377441504661e-06,NORM,0,negative
E,,0,505,delta_p_db,1195,1195,1039,1,1195,0,0,0,0,dB,-2.815556499013749e-05,-1.38900577614694e-05,-7.320366891430323e-06,-4.6882929664516665e-06,-2.781787525755403e-06,-1.016969937015453e-06,-2.070217314319409e-07,-5.618894634759336e-06,3.995402106893774e-06,NORM,0,negative
E,,0,505,q_noise,1195,1195,1039,1,1195,0,0,0,0,fraction,4.6585870718519675e-16,5.17079670075893e-16,5.659771764085545e-16,6.085642031814135e-16,6.651498140349831e-16,7.610676362061489e-16,9.672573704302628e-16,6.21043078205561e-16,7.553854251719052e-17,NORM,0,negative
E,,0,8128,snr_p_db,1195,1195,1039,1,1195,0,0,0,0,dB,-2.8154047419129497e-05,-1.389027703933951e-05,-7.323484967071731e-06,-4.676526876600573e-06,-2.7823684726679666e-06,-1.0229849918517658e-06,-2.0960535240045527e-07,-5.6193090197071145e-06,3.9955151994798356e-06,NORM,0,negative
E,,0,8128,delta_p_db,1195,1195,1039,1,1195,0,0,0,0,dB,-2.815556499013749e-05,-1.3890057761131884e-05,-7.320366891430323e-06,-4.6882929664516665e-06,-2.781787525755403e-06,-1.0169699373529676e-06,-2.070217314319409e-07,-5.618894634759336e-06,3.99540210688914e-06,NORM,0,negative
E,,0,8128,q_noise,1195,1195,1039,1,1195,0,0,0,0,fraction,4.524859606422407e-16,5.169772195911953e-16,5.653425114305499e-16,6.074371942600223e-16,6.630772069183115e-16,7.616725445312074e-16,9.221570854893175e-16,6.207300270195657e-16,7.522895560808311e-17,NORM,0,negative
E,,5,101,snr_p_db,1195,1195,1039,1,1195,0,0,0,0,dB,4.999971745821633,4.999986003832232,4.999992568893164,4.999995199288799,4.999997100219135,4.999998868693736,4.999999683222,4.999994269426158,3.9953130927748735e-06,NORM,0,negative
E,,5,101,delta_p_db,1195,1195,1039,1,1195,0,0,0,0,dB,-2.8155564987726658e-05,-1.3890057758769273e-05,-7.320366888537335e-06,-4.688292965005174e-06,-2.781787523344583e-06,-1.0169699345564174e-06,-2.070217299854496e-07,-5.6188946325998845e-06,3.995402106737311e-06,NORM,0,negative
E,,5,101,q_noise,1195,1195,1039,1,1195,0,0,0,0,fraction,7.095115806225834e-16,8.404197679174978e-16,9.561749378764289e-16,1.0830096399352963e-15,1.2459480457161747e-15,1.5187450160664017e-15,1.9608586040068627e-15,1.1179600756538928e-15,2.1459570420716256e-16,NORM,0,negative
E,,5,202,snr_p_db,1195,1195,1039,1,1195,0,0,0,0,dB,4.999971733344047,4.99998599689734,4.999992568491484,4.9999952096428055,4.999997102294778,4.9999988768256545,4.99999967372695,4.999994269206106,3.995764317675489e-06,NORM,0,negative
E,,5,202,delta_p_db,1195,1195,1039,1,1195,0,0,0,0,dB,-2.8155564987726658e-05,-1.389005775896214e-05,-7.320366888296253e-06,-4.688292965005174e-06,-2.781787523103501e-06,-1.016969934893932e-06,-2.070217304676134e-07,-5.618894632598271e-06,3.995402106735012e-06,NORM,0,negative
E,,5,202,q_noise,1195,1195,1039,1,1195,0,0,0,0,fraction,7.221115599086647e-16,8.432429271663586e-16,9.603476121297737e-16,1.0787148219713416e-15,1.250997383611728e-15,1.530413952775176e-15,1.978496884136974e-15,1.1175082693414073e-15,2.1068614870414377e-16,NORM,0,negative
E,,5,303,snr_p_db,1195,1195,1039,1,1195,0,0,0,0,dB,4.9999717441516145,4.999985992153916,4.999992572266377,4.999995200652037,4.999997102520357,4.999998873467805,4.999999689555642,4.999994269338565,3.9951398420909175e-06,NORM,0,negative
E,,5,303,delta_p_db,1195,1195,1039,1,1195,0,0,0,0,dB,-2.8155564987726658e-05,-1.3890057758769273e-05,-7.320366888296253e-06,-4.688292965487338e-06,-2.781787523344583e-06,-1.0169699353760958e-06,-2.070217304676134e-07,-5.618894632599481e-06,3.9954021067411036e-06,NORM,0,negative
E,,5,303,q_noise,1195,1195,1039,1,1195,0,0,0,0,fraction,7.087521760605618e-16,8.402291543628178e-16,9.669735117787265e-16,1.0781456136098663e-15,1.2311338518236607e-15,1.5181606144060166e-15,1.911629486429608e-15,1.1177341430467332e-15,2.0785603884189338e-16,NORM,0,negative
E,,5,404,snr_p_db,1195,1195,1039,1,1195,0,0,0,0,dB,4.999971723956502,4.9999859930095765,4.999992560686671,4.999995202554067,4.999997110279661,4.99999886359599,4.999999693654581,4.999994268967864,3.995553128401667e-06,NORM,0,negative
E,,5,404,delta_p_db,1195,1195,1039,1,1195,0,0,0,0,dB,-2.8155564987726658e-05,-1.3890057758479974e-05,-7.320366888296253e-06,-4.688292965005174e-06,-2.781787522621337e-06,-1.0169699350385811e-06,-2.070217299854496e-07,-5.618894632583343e-06,3.99540210673897e-06,NORM,0,negative
E,,5,404,q_noise,1195,1195,1039,1,1195,0,0,0,0,fraction,7.156619248491984e-16,8.438281683698349e-16,9.584187449233378e-16,1.0910838992223838e-15,1.2395378013676032e-15,1.5432256461668105e-15,2.005464358358936e-15,1.120939901711467e-15,2.1446981879729936e-16,NORM,0,negative
E,,5,505,snr_p_db,1195,1195,1039,1,1195,0,0,0,0,dB,4.999971732408707,4.999986001300128,4.999992570062906,4.9999952124024,4.999997103752563,4.999998867733263,4.999999678158299,4.999994269230234,3.995293409115068e-06,NORM,0,negative
E,,5,505,delta_p_db,1195,1195,1039,1,1195,0,0,0,0,dB,-2.8155564987244493e-05,-1.3890057759106789e-05,-7.320366888296253e-06,-4.688292965005174e-06,-2.781787522862419e-06,-1.0169699353760958e-06,-2.070217299854496e-07,-5.61889463258778e-06,3.995402106739038e-06,NORM,0,negative
E,,5,505,q_noise,1195,1195,1039,1,1195,0,0,0,0,fraction,7.095739718770753e-16,8.355893010684565e-16,9.63951046597352e-16,1.0794151533015497e-15,1.2438191134695676e-15,1.5340149822153488e-15,2.0352312620960148e-15,1.1194973721394985e-15,2.1397808531348083e-16,NORM,0,negative
E,,5,8128,snr_p_db,1195,1195,1039,1,1195,0,0,0,0,dB,4.999971734765057,4.999986001787722,4.999992566956491,4.999995209964841,4.999997104372401,4.9999988667857815,4.999999668911056,4.999994269081983,3.995558903301953e-06,NORM,0,negative
E,,5,8128,delta_p_db,1195,1195,1039,1,1195,0,0,0,0,dB,-2.8155564987726658e-05,-1.3890057758769273e-05,-7.320366888778418e-06,-4.688292965005174e-06,-2.7817875231035006e-06,-1.0169699353760958e-06,-2.070217299854496e-07,-5.618894632597867e-06,3.995402106735034e-06,NORM,0,negative
E,,5,8128,q_noise,1195,1195,1039,1,1195,0,0,0,0,fraction,6.750835955539508e-16,8.412402480257149e-16,9.613160554934802e-16,1.081669442014809e-15,1.2398831688107371e-15,1.5353452252670589e-15,1.994594718199696e-15,1.1174398332912765e-15,2.1104168522977456e-16,NORM,0,negative
E,,10,101,snr_p_db,1195,1195,1039,1,1195,0,0,0,0,dB,9.999971912320364,9.999986167687297,9.999992735235516,9.99999537786115,9.999997276062807,9.999999041538521,9.999999856091291,9.999994439616136,3.995615898474745e-06,NORM,0,negative
E,,10,101,delta_p_db,1195,1195,1039,1,1195,0,0,0,0,dB,-2.8155564983869324e-05,-1.389005775423692e-05,-7.320366882510279e-06,-4.688292963558681e-06,-2.7817875182818604e-06,-1.0169699312294867e-06,-2.0702172902112213e-07,-5.618894629271538e-06,3.995402106305507e-06,NORM,0,negative
E,,10,101,q_noise,1195,1195,1039,1,1195,0,0,0,0,fraction,7.880766881569696e-16,1.0877906084707341e-15,1.4235640804514724e-15,1.7698903722432682e-15,2.254261817188095e-15,3.1480135750521123e-15,4.437124563684778e-15,1.883525725851448e-15,6.326624764756394e-16,NORM,0,negative
E,,10,202,snr_p_db,1195,1195,1039,1,1195,0,0,0,0,dB,9.999971907459738,9.999986173533888,9.99999274472809,9.999995375038262,9.999997276228719,9.999999042469351,9.999999839775246,9.999994439604858,3.9957658520637555e-06,NORM,0,negative
E,,10,202,delta_p_db,1195,1195,1039,1,1195,0,0,0,0,dB,-2.815556498435149e-05,-1.389005775365832e-05,-7.320366882028114e-06,-4.688292964040846e-06,-2.7817875185229425e-06,-1.0169699305544573e-06,-2.0702172902112213e-07,-5.618894629288485e-06,3.995402106291153e-06,NORM,0,negative
E,,10,202,q_noise,1195,1195,1039,1,1195,0,0,0,0,fraction,7.898890215638966e-16,1.0608710144432745e-15,1.3941444370017527e-15,1.777402216246927e-15,2.237008160922225e-15,3.158157280425868e-15,4.574487933548124e-15,1.880284156766874e-15,6.336043430593388e-16,NORM,0,negative
E,,10,303,snr_p_db,1195,1195,1039,1,1195,0,0,0,0,dB,9.999971929842687,9.999986169972434,9.999992741169137,9.999995373038107,9.999997275272925,9.999999036675918,9.999999845574193,9.999994439309095,3.99489302360162e-06,NORM,0,negative
E,,10,303,delta_p_db,1195,1195,1039,1,1195,0,0,0,0,dB,-2.8155564983869324e-05,-1.3890057754429786e-05,-7.3203668822691966e-06,-4.688292964040846e-06,-2.7817875187640246e-06,-1.016969931036621e-06,-2.0702172902112213e-07,-5.618894629283643e-06,3.995402106269926e-06,NORM,0,negative
E,,10,303,q_noise,1195,1195,1039,1,1195,0,0,0,0,fraction,7.799057626525441e-16,1.0740927965879833e-15,1.4107466537766942e-15,1.7697365339930209e-15,2.2350447772778225e-15,3.1101271218420676e-15,4.316964001297717e-15,1.8819959018185573e-15,6.277226395374577e-16,NORM,0,negative
E,,10,404,snr_p_db,1195,1195,1039,1,1195,0,0,0,0,dB,9.999971895691983,9.999986166061147,9.999992738835036,9.999995375174757,9.99999727333201,9.999999035669918,9.999999859790128,9.999994439240181,3.995325179495048e-06,NORM,0,negative
E,,10,404,delta_p_db,1195,1195,1039,1,1195,0,0,0,0,dB,-2.8155564983869324e-05,-1.389005775394762e-05,-7.320366881787032e-06,-4.688292964040846e-06,-2.7817875185229425e-06,-1.0169699315670016e-06,-2.0702172902112213e-07,-5.6188946292432945e-06,3.995402106294504e-06,NORM,0,negative
E,,10,404,q_noise,1195,1195,1039,1,1195,0,0,0,0,fraction,7.698426956492469e-16,1.0554585861770129e-15,1.4202375542767767e-15,1.7804791352468743e-15,2.2324483682501536e-15,3.1413021825723547e-15,4.335404787784521e-15,1.8879942457597777e-15,6.375508558071421e-16,NORM,0,negative
E,,10,505,snr_p_db,1195,1195,1039,1,1195,0,0,0,0,dB,9.999971916298021,9.999986166657694,9.999992742358337,9.999995382784482,9.999997277814293,9.999999036406475,9.99999985923887,9.999994439640194,3.995654337739647e-06,NORM,0,negative
E,,10,505,delta_p_db,1195,1195,1039,1,1195,0,0,0,0,dB,-2.8155564983869324e-05,-1.3890057754574437e-05,-7.3203668822691966e-06,-4.688292963558681e-06,-2.7817875180407787e-06,-1.0169699312294867e-06,-2.0702172902112213e-07,-5.618894629273959e-06,3.995402106284016e-06,NORM,0,negative
E,,10,505,q_noise,1195,1195,1039,1,1195,0,0,0,0,fraction,7.824955068405828e-16,1.0502910251963762e-15,1.4086128459720988e-15,1.771186365399652e-15,2.2385798710021557e-15,3.1479136485802606e-15,4.354927125470823e-15,1.883709666704474e-15,6.317567704902461e-16,NORM,0,negative
E,,10,8128,snr_p_db,1195,1195,1039,1,1195,0,0,0,0,dB,9.999971896581165,9.99998616692009,9.999992737512478,9.999995380301854,9.999997276500904,9.999999046466886,9.999999855421516,9.999994439991246,3.9952894512793935e-06,NORM,0,negative
E,,10,8128,delta_p_db,1195,1195,1039,1,1195,0,0,0,0,dB,-2.8155564983869324e-05,-1.3890057755056603e-05,-7.320366882028114e-06,-4.688292964040846e-06,-2.7817875187640246e-06,-1.0169699313741358e-06,-2.0702172902112213e-07,-5.618894629282836e-06,3.995402106285376e-06,NORM,0,negative
E,,10,8128,q_noise,1195,1195,1039,1,1195,0,0,0,0,fraction,7.996992252016474e-16,1.0897026175890798e-15,1.414209359703017e-15,1.7746933319666344e-15,2.2341330972912032e-15,3.105646877767824e-15,5.052729370014466e-15,1.8820521502344817e-15,6.278030754283729e-16,NORM,0,negative
I,,0,101,snr_p_db,1195,1195,1039,1,1195,0,0,0,0,dB,1.8815138624645211,1.938847262751757,1.999841205806355,2.040159506781264,2.0778455589085336,2.1340426603737797,2.256579287891636,2.039033573622433,0.05812095720992957,NORM,0,negative
I,,0,101,delta_p_db,1195,1195,1039,1,1195,0,0,0,0,dB,1.8815138619332186,1.9388472571932913,1.9998412075838141,2.04015950347401,2.0778455532592854,2.1340426501556724,2.256579287393202,2.039033573359252,0.05812095748588399,NORM,0,negative
I,,0,101,q_noise,1195,1195,1039,1,1195,0,0,0,0,fraction,0.35159181630761,0.360095669418587,0.36902028706389794,0.37485037835023693,0.38025234341259206,0.38822046668681875,0.4052409348791606,0.37463302159941975,0.008371354554577975,NORM,0,negative
I,,0,202,snr_p_db,1195,1195,1039,1,1195,0,0,0,0,dB,1.8476995093155675,1.9367697670895005,1.9964636513613923,2.0356478161588063,2.078886804654965,2.1341819094715007,2.2317094392154524,2.0366136424242756,0.060484330899800605,NORM,0,negative
I,,0,202,delta_p_db,1195,1195,1039,1,1195,0,0,0,0,dB,1.8476995055450254,1.9367697705732563,1.9964636489387262,2.035647815954739,2.0788868047829627,2.1341819142792087,2.2317094292384274,2.0366136424445624,0.06048433072189902,NORM,0,negative
I,,0,202,q_noise,1195,1195,1039,1,1195,0,0,0,0,fraction,0.34652439165746346,0.359789400172801,0.3685288684226995,0.37420141521179856,0.38040129520963023,0.388240673890141,0.4018245292619858,0.3742798334790271,0.008713312467398145,NORM,0,negative
I,,0,303,snr_p_db,1195,1195,1039,1,1195,0,0,0,0,dB,1.858450085683099,1.9338926046120395,1.995452628217432,2.037149500425461,2.0764286080755605,2.138691413195055,2.2327501263976597,2.036247032938613,0.061725528342343225,NORM,0,negative
I,,0,303,delta_p_db,1195,1195,1039,1,1195,0,0,0,0,dB,1.8584500920212825,1.9338926070452063,1.995452627245945,2.0371495016881584,2.0764286095706748,2.1386914173161404,2.2327501300679553,2.0362470329779994,0.0617255284039211,NORM,0,negative
I,,0,303,q_noise,1195,1195,1039,1,1195,0,0,0,0,fraction,0.3481394357243511,0.35936586551075733,0.36838219700806907,0.3744175443932607,0.38005044391372944,0.38887465089807405,0.4019684023859139,0.37422449272225716,0.008893834938772016,NORM,0,negative
I,,0,404,snr_p_db,1195,1195,1039,1,1195,0,0,0,0,dB,1.85383732535283,1.935031782107463,1.9977916989640199,2.0376751541209748,2.0788853711420896,2.142402582370068,2.248789048652861,2.0389957765744997,0.06232790796469311,NORM,0,negative
I,,0,404,delta_p_db,1195,1195,1039,1,1195,0,0,0,0,dB,1.8538373304753375,1.9350317826997085,1.997791696377497,2.0376751505910025,2.078885368773161,2.1424025768383355,2.2487890459540836,2.0389957765981794,0.06232790792115436,NORM,0,negative
I,,0,404,q_noise,1195,1195,1039,1,1195,0,0,0,0,fraction,0.34744648155694624,0.359533738039142,0.3687220264038209,0.3744932277737746,0.38040038855959457,0.3893972977123625,0.40417248432754826,0.3746192222692408,0.008969687019233192,NORM,0,negative
I,,0,505,snr_p_db,1195,1195,1039,1,1195,0,0,0,0,dB,1.8656496323439222,1.9363781957865887,1.9921847362282215,2.0354738591867787,2.0765586014917625,2.1333140830180817,2.2394034295946987,2.035312363458832,0.06122312617681084,NORM,0,negative
I,,0,505,delta_p_db,1195,1195,1039,1,1195,0,0,0,0,dB,1.8656496335189663,1.9363781955904484,1.9921847430424346,2.0354738645615122,2.0765585974052856,2.133314082804764,2.239403424619515,2.035312363363262,0.06122312618341371,NORM,0,negative
I,,0,505,q_noise,1195,1195,1039,1,1195,0,0,0,0,fraction,0.3492201448069822,0.3597322230612952,0.36790691613217485,0.37417631856436384,0.38006867379011666,0.3881173863580981,0.40288335630186456,0.37409084386711916,0.008819455839937063,NORM,0,negative
I,,0,8128,snr_p_db,1195,1195,1039,1,1195,0,0,0,0,dB,1.8493673357158849,1.935575955612577,1.9941111661758835,2.035333578372199,2.0763308182664466,2.1368440354511677,2.230612938276909,2.035626937130465,0.06073884092020764,NORM,0,negative
I,,0,8128,delta_p_db,1195,1195,1039,1,1195,0,0,0,0,dB,1.8493673362739738,1.9355759503020689,1.9941111633010902,2.035333581781429,2.076330823029369,2.1368440410759773,2.2306129427897163,2.035626937165131,0.06073884111754018,NORM,0,negative
I,,0,8128,q_noise,1195,1195,1039,1,1195,0,0,0,0,fraction,0.3467751386954534,0.35961428878446206,0.3681871023859964,0.374157081746573,0.38003652421976664,0.3886156624304341,0.40167365975082503,0.37413716313701884,0.008747921739724251,NORM,0,negative
I,,5,101,snr_p_db,1195,1195,1039,1,1195,0,0,0,0,dB,6.881513748013493,6.938847137478809,6.999841095302768,7.04015939260705,7.077845443812741,7.1340425549729805,7.256579170398243,7.039033461594184,0.05812095687991278,NORM,0,negative
I,,5,101,delta_p_db,1195,1195,1039,1,1195,0,0,0,0,dB,1.8815138654033234,1.9388472555522906,1.9998412114748567,2.0401595057654056,2.0778455556950735,2.1340426584101637,2.2565792875689574,2.039033573525349,0.05812095737520189,NORM,0,negative
I,,5,101,q_noise,1195,1195,1039,1,1195,0,0,0,0,fraction,0.3515918168257018,0.36009566917682706,0.3690202876292211,0.3748503786800742,0.38025234376018674,0.3882204678496097,0.40524093490322993,0.37463302162355216,0.008371354537863454,NORM,0,negative
I,,5,202,snr_p_db,1195,1195,1039,1,1195,0,0,0,0,dB,6.847699382743649,6.936769670656663,6.9964635411563645,7.035647709956798,7.078886686601503,7.134181806032153,7.231709325024358,7.036613530583156,0.060484331207339204,NORM,0,negative
I,,5,202,delta_p_db,1195,1195,1039,1,1195,0,0,0,0,dB,1.84769950858969,1.9367697767884586,1.9964636530012392,2.0356478150656874,2.078886807663284,2.1341819162554803,2.231709438192672,2.036613642409385,0.0604843308083681,NORM,0,negative
I,,5,202,q_noise,1195,1195,1039,1,1195,0,0,0,0,fraction,0.34652439211558894,0.35978940108904056,0.36852886901337767,0.3742014150836902,0.3804012956205868,0.38824067416848346,0.4018245304952986,0.3742798334737824,0.00871331248059695,NORM,0,negative
I,,5,303,snr_p_db,1195,1195,1039,1,1195,0,0,0,0,dB,6.858449978832242,6.933892488001635,6.995452516162331,7.0371494056387345,7.076428502012753,7.138691296968884,7.232750030499766,7.0362469213419265,0.061725528577042575,NORM,0,negative
I,,5,303,delta_p_db,1195,1195,1039,1,1195,0,0,0,0,dB,1.858450093521384,1.933892604005697,1.9954526292115586,2.0371495037379024,2.0764286078829137,2.1386914162135198,2.232750139362565,2.036247033117214,0.06172552849665428,NORM,0,negative
I,,5,303,q_noise,1195,1195,1039,1,1195,0,0,0,0,fraction,0.3481394359495109,0.3593658650624164,0.3683821972939251,0.3744175446885175,0.38005044367281,0.38887465074291766,0.401968403665799,0.37422449274212805,0.008893834951624447,NORM,0,negative
I,,5,404,snr_p_db,1195,1195,1039,1,1195,0,0,0,0,dB,6.853837225920172,6.9350316804830126,6.997791588062865,7.037675033351183,7.0788852706781915,7.142402466574985,7.248788937969707,7.0389956646206855,0.062327907405702695,NORM,0,negative
I,,5,404,delta_p_db,1195,1195,1039,1,1195,0,0,0,0,dB,1.8538373385105487,1.9350317868514215,1.9977916994709595,2.037675151857484,2.0788853677209564,2.14240257695658,2.248789052961486,2.0389957765911864,0.06232790773027454,NORM,0,negative
I,,5,404,q_noise,1195,1195,1039,1,1195,0,0,0,0,fraction,0.34744648276428497,0.3595337386514073,0.36872202685348104,0.3744932279561836,0.38040038850418934,0.38939729772899345,0.40417248528892424,0.3746192222686307,0.008969686991148805,NORM,0,negative
I,,5,505,snr_p_db,1195,1195,1039,1,1195,0,0,0,0,dB,6.865649527441815,6.936378076104558,6.992184632001811,7.0354737404431145,7.076558486658666,7.133313972218007,7.2394032956955,7.035312251656403,0.061223126958167666,NORM,0,negative
I,,5,505,delta_p_db,1195,1195,1039,1,1195,0,0,0,0,dB,1.865649636332869,1.9363781891554463,1.9921847434202573,2.0354738608021736,2.0765585982826535,2.1333140840838807,2.2394034198344634,2.035312363445487,0.06122312645847781,NORM,0,negative
I,,5,505,q_noise,1195,1195,1039,1,1195,0,0,0,0,fraction,0.34922014522863887,0.35973222211256994,0.367906916187165,0.37417631802263845,0.38006867391534926,0.3881173865383172,0.4028833556439622,0.37409084387841096,0.008819455879482178,NORM,0,negative
I,,5,8128,snr_p_db,1195,1195,1039,1,1195,0,0,0,0,dB,6.849367218868614,6.935575833038385,6.9941110516032685,7.035333468338024,7.0763306968616675,7.136843923272477,7.230612840362847,7.035626824968263,0.06073884105984086,NORM,0,negative
I,,5,8128,delta_p_db,1195,1195,1039,1,1195,0,0,0,0,dB,1.8493673327207405,1.935575948271689,1.9941111640328875,2.035333581876081,2.0763308204439133,2.1368440382631073,2.2306129439045366,2.035626936922855,0.06073884106580768,NORM,0,negative
I,,5,8128,q_noise,1195,1195,1039,1,1195,0,0,0,0,fraction,0.34677513816100947,0.3596142884850989,0.36818710249245845,0.3741570817602129,0.38003652385068887,0.3886156620344442,0.40167365990441345,0.37413716310221246,0.008747921731917775,NORM,0,negative
I,,10,101,snr_p_db,1195,1195,1039,1,1195,0,0,0,0,dB,11.881513925218902,11.93884730477288,11.999841274479294,12.040159572764278,12.077845624677106,12.134042713231608,12.256579334140598,12.039033632101074,0.0581209573862738,NORM,0,negative
I,,10,101,delta_p_db,1195,1195,1039,1,1195,0,0,0,0,dB,1.8815138674527432,1.9388472526432294,1.999841211597356,2.0401595012556166,2.07784556244642,2.1340426539998663,2.2565792828213085,2.039033573808507,0.058120957631615885,NORM,0,negative
I,,10,101,q_noise,1195,1195,1039,1,1195,0,0,0,0,fraction,0.35159181713168325,0.36009566874823323,0.3690202876470209,0.374850378030908,0.38025234472360914,0.38822046722834014,0.40524093425304736,0.37463302166383,0.008371354574715925,NORM,0,negative
I,,10,202,snr_p_db,1195,1195,1039,1,1195,0,0,0,0,dB,11.847699566733365,11.93676980619849,11.99646371465628,12.035647861305684,12.07888685969671,12.134181988375694,12.231709509038577,12.036613701312458,0.060484330473884594,NORM,0,negative
I,,10,202,delta_p_db,1195,1195,1039,1,1195,0,0,0,0,dB,1.8476995086163717,1.9367697639347,1.9964636541058565,2.0356478100218443,2.078886804896651,2.134181917263919,2.231709446173147,2.0366136425978825,0.060484330352094585,NORM,0,negative
I,,10,202,q_noise,1195,1195,1039,1,1195,0,0,0,0,fraction,0.3465243921196037,0.3597893991943327,0.3685288691740322,0.37420141435689536,0.38040129522583027,0.3882406743105451,0.40182453159448916,0.3742798335018539,0.008713312414747883,NORM,0,negative
I,,10,303,snr_p_db,1195,1195,1039,1,1195,0,0,0,0,dB,11.858450158775423,11.933892668313314,11.995452680167725,12.037149585466278,12.076428662836825,12.138691476375408,12.232750191077823,12.036247091760146,0.061725528408278364,NORM,0,negative
I,,10,303,delta_p_db,1195,1195,1039,1,1195,0,0,0,0,dB,1.8584500988348618,1.9338926124008848,1.9954526268558277,2.0371495078693513,2.0764286076520477,2.138691416164092,2.232750132452211,2.036247033448348,0.06172552846152646,NORM,0,negative
I,,10,303,q_noise,1195,1195,1039,1,1195,0,0,0,0,fraction,0.34813943674704506,0.35936586630076006,0.36838219695136865,0.3744175452836349,0.38005044363985174,0.388874650735966,0.4019684027142304,0.3742244927899132,0.008893834945866324,NORM,0,negative
I,,10,404,snr_p_db,1195,1195,1039,1,1195,0,0,0,0,dB,11.853837403956348,11.93503185577022,11.99779174553979,12.037675205598674,12.078885416240192,12.142402643382972,12.248789119781119,12.038995834945613,0.06232790755123663,NORM,0,negative
I,,10,404,delta_p_db,1195,1195,1039,1,1195,0,0,0,0,dB,1.8538373311291543,1.9350317906963557,1.9977916926507011,2.0376751568727314,2.0788853643076677,2.142402576909713,2.248789058090515,2.0389957767951743,0.06232790767487738,NORM,0,negative
I,,10,404,q_noise,1195,1195,1039,1,1195,0,0,0,0,fraction,0.3474464816551861,0.35953373921841675,0.36872202586210784,0.3744932286785209,0.3804003876817327,0.38939729772241133,0.4041724859925982,0.374619222298115,0.00896968698363266,NORM,0,negative
I,,10,505,snr_p_db,1195,1195,1039,1,1195,0,0,0,0,dB,11.865649688652411,11.936378268035986,11.992184810559912,12.03547391400247,12.076558655314184,12.133314143762465,12.23940346664562,12.035312422287532,0.06122312630921946,NORM,0,negative
I,,10,505,delta_p_db,1195,1195,1039,1,1195,0,0,0,0,dB,1.8656496385605026,1.9363781991732112,1.9921847480706318,2.0354738620286263,2.076558599477649,2.133314087491707,2.2394034205702633,2.0353123636035564,0.06122312581906693,NORM,0,negative
I,,10,505,q_noise,1195,1195,1039,1,1195,0,0,0,0,fraction,0.34922014556244446,0.35973222358946816,0.36790691686400323,0.3741763181993719,0.38006867408592804,0.38811738701844806,0.40288335574512807,0.37409084390249076,0.00881945578678536,NORM,0,negative
I,,10,8128,snr_p_db,1195,1195,1039,1,1195,0,0,0,0,dB,11.849367398942048,11.935576013400787,11.994111225932537,12.035333637717486,12.07633087106042,12.136844100595587,12.230613005132302,12.03562699588278,0.060738841162908105,NORM,0,negative
I,,10,8128,delta_p_db,1195,1195,1039,1,1195,0,0,0,0,dB,1.8493673443632188,1.9355759471578038,1.994111165795354,2.0353335898038964,2.0763308192973433,2.136844045081885,2.23061294048807,2.035626937230744,0.06073884107588923,NORM,0,negative
I,,10,8128,q_noise,1195,1195,1039,1,1195,0,0,0,0,fraction,0.34677513991216147,0.3596142883208526,0.368187102748862,0.374157082902656,0.3800365236870119,0.38861566299437444,0.40167365943372785,0.37413716314656437,0.008747921732280109,NORM,0,negative
S_00,S_00,0,101,snr_p_db,1195,1195,1039,1,1195,0,0,0,0,dB,2.3913961571525064,2.5071723274694184,2.5746221359639847,2.619366425948751,2.669110102914577,2.7423369594874623,2.833321667191273,2.6211957215530415,0.0703855472413443,NORM,0,negative
S_00,S_00,0,101,delta_p_db,1195,1195,1039,1,1195,0,0,0,0,dB,2.3913961525174043,2.5071723268528094,2.5746221327654375,2.619366432461044,2.6691101003370683,2.7423369657749626,2.8333216657536293,2.621195721206115,0.07038554708669827,NORM,0,negative
S_00,S_00,0,101,q_noise,1195,1195,1039,1,1195,0,0,0,0,fraction,0.4234193339144542,0.43858700642638787,0.4472389415722685,0.45290488553951197,0.45913526995688125,0.46817864851298396,0.4792049685213886,0.45306357104795514,0.008863679510198456,NORM,0,negative
S_00,S_00,0,202,snr_p_db,1195,1195,1039,1,1195,0,0,0,0,dB,2.339936419194562,2.498969694097128,2.566394369420584,2.61821953264462,2.6681936534836557,2.7362544123169354,2.888618794346241,2.616851622066681,0.07380068857219084,NORM,0,negative
S_00,S_00,0,202,delta_p_db,1195,1195,1039,1,1195,0,0,0,0,dB,2.3399364234353666,2.498969691905299,2.5663943694648474,2.618219534524254,2.668193651670504,2.736254406322572,2.888618788254194,2.6168516220972515,0.073800688417022,NORM,0,negative
S_00,S_00,0,202,q_noise,1195,1195,1039,1,1195,0,0,0,0,fraction,0.41654725163361866,0.4375254704173326,0.44619114466935206,0.45275987215204694,0.4590209641382067,0.46743310781412867,0.48579334395979823,0.4525091032414121,0.009298413454894936,NORM,0,negative
S_00,S_00,0,303,snr_p_db,1195,1195,1039,1,1195,0,0,0,0,dB,2.4001996562520596,2.5025214351124188,2.572219787010366,2.6179862633675235,2.668278472764564,2.7430196000050175,2.8651699541030213,2.6198915904289013,0.07238954405114482,NORM,0,negative
S_00,S_00,0,303,delta_p_db,1195,1195,1039,1,1195,0,0,0,0,dB,2.400199654889476,2.5025214363592396,2.5722197851975217,2.6179862681832846,2.668278476608054,2.7430195981836505,2.8651699508473,2.619891590180782,0.0723895440955097,NORM,0,negative
S_00,S_00,0,303,q_noise,1195,1195,1039,1,1195,0,0,0,0,fraction,0.42458722859290204,0.4379852085755385,0.4469336454039092,0.452731210561753,0.45903199149429386,0.46826248438822476,0.4830099490540349,0.45289520736450695,0.009110868877138401,NORM,0,negative
S_00,S_00,0,404,snr_p_db,1195,1195,1039,1,1195,0,0,0,0,dB,2.380377892387395,2.50055663353291,2.5737207288063173,2.6232352112718322,2.671275941622084,2.7426126291996127,2.868237624082704,2.623000475171077,0.07363891221646267,NORM,0,negative
S_00,S_00,0,404,delta_p_db,1195,1195,1039,1,1195,0,0,0,0,dB,2.3803778969475298,2.500556637464473,2.573720733748732,2.623235216021347,2.6712759370181693,2.7426126257500734,2.8682376200138098,2.623000475024396,0.07363891233568953,NORM,0,negative
S_00,S_00,0,404,q_noise,1195,1195,1039,1,1195,0,0,0,0,fraction,0.42195533727331247,0.43773165404938397,0.4471244251183028,0.45339202762520553,0.4594056004604528,0.46821241766404176,0.48337463997279373,0.45328402246781857,0.009270136115872556,NORM,0,negative
S_00,S_00,0,505,snr_p_db,1195,1195,1039,1,1195,0,0,0,0,dB,2.376473840539365,2.5029932435753848,2.5672111928612686,2.619616387803685,2.666170662429993,2.7338317263855663,2.8942117193418184,2.6182124398272633,0.07135609268403516,NORM,0,negative
S_00,S_00,0,505,delta_p_db,1195,1195,1039,1,1195,0,0,0,0,dB,2.3764738494275472,2.502993244681963,2.5672111884126165,2.619616390356994,2.6661706609537075,2.733831726012723,2.8942117206811444,2.6182124397381377,0.07135609285673834,NORM,0,negative
S_00,S_00,0,505,q_noise,1195,1195,1039,1,1195,0,0,0,0,fraction,0.42143480106446074,0.4380467393703448,0.4462946825163955,0.45293596841932876,0.4587692700408886,0.46713599585175325,0.4864550079828823,0.4526857477942527,0.00899129910796794,NORM,0,negative
S_00,S_00,0,8128,snr_p_db,1195,1195,1039,1,1195,0,0,0,0,dB,2.40195323203557,2.5084390788745043,2.5709258545594347,2.617692254686397,2.665252244991932,2.731417960330598,2.8585390004343236,2.6184695745916504,0.06865159002662276,NORM,0,negative
S_00,S_00,0,8128,delta_p_db,1195,1195,1039,1,1195,0,0,0,0,dB,2.4019532326922195,2.508439086594184,2.57092586233288,2.617692263839795,2.6652522442134496,2.7314179624176083,2.8585389966658505,2.6184695749493314,0.06865158980797656,NORM,0,negative
S_00,S_00,0,8128,q_noise,1195,1195,1039,1,1195,0,0,0,0,fraction,0.42481906828120314,0.43875095953936133,0.4467689421584859,0.45269348301689843,0.4586548299562173,0.46683971739889274,0.4822194758583077,0.4527236574014054,0.008646581784264586,NORM,0,negative
S_00,S_00,5,101,snr_p_db,1195,1195,1039,1,1195,0,0,0,0,dB,7.391396044298482,7.507172212601136,7.57462201997552,7.619366324896837,7.669109981068001,7.742336844800308,7.833321566775657,7.621195609319854,0.07038554742490152,NORM,0,negative
S_00,S_00,5,101,delta_p_db,1195,1195,1039,1,1195,0,0,0,0,dB,2.391396155906212,2.507172325273247,2.5746221352250007,2.6193664291793546,2.669110098516043,2.7423369591565825,2.8333216669589563,2.6211957210360457,0.07038554719890373,NORM,0,negative
S_00,S_00,5,101,q_noise,1195,1195,1039,1,1195,0,0,0,0,fraction,0.423419334364361,0.438587006222173,0.4472389418853534,0.45290488512610655,0.45913526973008245,0.46817864770253176,0.47920496866592843,0.45306357102630307,0.008863679525659847,NORM,0,negative
S_00,S_00,5,202,snr_p_db,1195,1195,1039,1,1195,0,0,0,0,dB,7.339936308673808,7.498969581210319,7.5663942531679655,7.618219434648039,7.66819354011173,7.736254302828965,7.888618673502136,7.616851510179595,0.07380068830634574,NORM,0,negative
S_00,S_00,5,202,delta_p_db,1195,1195,1039,1,1195,0,0,0,0,dB,2.3399364203991775,2.4989696909199806,2.566394363680817,2.6182195431583737,2.668193647177416,2.736254410848501,2.8886187815912083,2.6168516218540954,0.07380068806467306,NORM,0,negative
S_00,S_00,5,202,q_noise,1195,1195,1039,1,1195,0,0,0,0,fraction,0.41654725122572195,0.43752547028971234,0.44619114393173126,0.45275987324000383,0.45902096357852884,0.46743310836913377,0.4857933431708976,0.4525091032115105,0.009298413411337846,NORM,0,negative
S_00,S_00,5,303,snr_p_db,1195,1195,1039,1,1195,0,0,0,0,dB,7.40019955438373,7.50252131594947,7.572219670553981,7.617986161580009,7.66827837334187,7.743019492387754,7.8651698286662395,7.6198914782737655,0.07238954452740705,NORM,0,negative
S_00,S_00,5,303,delta_p_db,1195,1195,1039,1,1195,0,0,0,0,dB,2.400199668451565,2.502521432779841,2.5722197798514754,2.6179862726859344,2.668278484127456,2.743019596286368,2.8651699394520462,2.619891590066853,0.07238954427946036,NORM,0,negative
S_00,S_00,5,303,q_noise,1195,1195,1039,1,1195,0,0,0,0,fraction,0.424587230389793,0.4379852081123245,0.4469336447231002,0.4527312111291467,0.4590319924309322,0.46826248415592464,0.4830099476975285,0.4528952073497687,0.009110868900594241,NORM,0,negative
S_00,S_00,5,404,snr_p_db,1195,1195,1039,1,1195,0,0,0,0,dB,7.380377781679518,7.500556505174473,7.573720627448298,7.62323509845705,7.671275830856045,7.7426125117199325,7.86823751435398,7.623000363143998,0.07363891262706725,NORM,0,negative
S_00,S_00,5,404,delta_p_db,1195,1195,1039,1,1195,0,0,0,0,dB,2.380377902067689,2.500556626522143,2.5737207364929118,2.623235211668165,2.6712759363532728,2.742612622576571,2.8682376162733227,2.623000475182242,0.07363891231639327,NORM,0,negative
S_00,S_00,5,404,q_noise,1195,1195,1039,1,1195,0,0,0,0,fraction,0.4219553379548042,0.4377316526327119,0.4471244254676219,0.453392027077309,0.4594056003776919,0.468212417275472,0.48337463952783516,0.45328402248772404,0.009270136114186167,NORM,0,negative
S_00,S_00,5,505,snr_p_db,1195,1195,1039,1,1195,0,0,0,0,dB,7.37647375502797,7.50299313879093,7.567211075800145,7.619616266789241,7.666170534317515,7.733831629201114,7.8942116096184245,7.6182123277635725,0.07135609276298369,NORM,0,negative
S_00,S_00,5,505,delta_p_db,1195,1195,1039,1,1195,0,0,0,0,dB,2.3764738581200446,2.502993245580872,2.567211191138093,2.6196163853532894,2.6661706537112444,2.733831734357461,2.89421172391663,2.618212439788539,0.07135609286598191,NORM,0,negative
S_00,S_00,5,505,q_noise,1195,1195,1039,1,1195,0,0,0,0,fraction,0.4214348022224715,0.43804673948665823,0.4462946828638792,0.45293596778903145,0.45876926913830574,0.46713599687562346,0.4864550083654724,0.4526857478005871,0.00899129910871081,NORM,0,negative
S_00,S_00,5,8128,snr_p_db,1195,1195,1039,1,1195,0,0,0,0,dB,7.401953114274961,7.508438967139995,7.5709257569581325,7.617692140150857,7.665252137387469,7.731417853974662,7.858538872625066,7.618469462343421,0.0686515893007469,NORM,0,negative
S_00,S_00,5,8128,delta_p_db,1195,1195,1039,1,1195,0,0,0,0,dB,2.401953228662283,2.508439090546103,2.5709258635064756,2.6176922670697422,2.665252246806139,2.731417967348803,2.8585389956668887,2.618469574473349,0.06865158941916147,NORM,0,negative
S_00,S_00,5,8128,q_noise,1195,1195,1039,1,1195,0,0,0,0,fraction,0.42481906774747713,0.43875096005009845,0.44676894230798575,0.45269348342394294,0.45865483027938436,0.46683971800428575,0.4822194757392081,0.4527236573422021,0.008646581735480182,NORM,0,negative
S_00,S_00,10,101,snr_p_db,1195,1195,1039,1,1195,0,0,0,0,dB,12.391396223549728,12.507172392455557,12.574622211807355,12.619366489994526,12.669110150909189,12.742337030784654,12.833321722941406,12.621195779944236,0.07038554688400882,NORM,0,negative
S_00,S_00,10,101,delta_p_db,1195,1195,1039,1,1195,0,0,0,0,dB,2.3913961550016536,2.507172332498352,2.5746221368326907,2.619366420758559,2.669110097853152,2.742336968382853,2.8333216815159057,2.6211957213745083,0.07038554664439339,NORM,0,negative
S_00,S_00,10,101,q_noise,1195,1195,1039,1,1195,0,0,0,0,fraction,0.4234193342442696,0.4385870071561682,0.44723894208990694,0.4529048840653111,0.4591352696475308,0.4681786488323445,0.4792049704115612,0.453063571070058,0.00886367945524187,NORM,0,negative
S_00,S_00,10,202,snr_p_db,1195,1195,1039,1,1195,0,0,0,0,dB,12.339936499716625,12.49896975593349,12.566394444156089,12.618219624079288,12.668193700913829,12.736254467614945,12.888618840707167,12.616851680685702,0.07380068850442677,NORM,0,negative
S_00,S_00,10,202,delta_p_db,1195,1195,1039,1,1195,0,0,0,0,dB,2.3399364401326035,2.498969693477415,2.566394375883195,2.618219548385903,2.6681936460343634,2.7362544132799957,2.888618774174266,2.6168516221205347,0.07380068843237746,NORM,0,negative
S_00,S_00,10,202,q_noise,1195,1195,1039,1,1195,0,0,0,0,fraction,0.4165472538768083,0.4375254706208681,0.44619114548780314,0.45275987389870753,0.45902096343614907,0.4674331086672976,0.48579334229272825,0.45250910324431587,0.009298413456483374,NORM,0,negative
S_00,S_00,10,303,snr_p_db,1195,1195,1039,1,1195,0,0,0,0,dB,12.400199699326961,12.502521484616553,12.572219850000609,12.617986309250412,12.668278525927263,12.743019649407739,12.865170007207068,12.619891648549022,0.07238954446191738,NORM,0,negative
S_00,S_00,10,303,delta_p_db,1195,1195,1039,1,1195,0,0,0,0,dB,2.4001996517798507,2.5025214357979855,2.572219783599259,2.617986265229451,2.668278471106397,2.7430195943864115,2.8651699407340745,2.619891590104455,0.07238954436426479,NORM,0,negative
S_00,S_00,10,303,q_noise,1195,1195,1039,1,1195,0,0,0,0,fraction,0.4245872281808963,0.43798520850288614,0.44693364520037643,0.4527312101895307,0.4590319908089928,0.46826248392326947,0.48300994785014284,0.45289520735433064,0.009110868910687783,NORM,0,negative
S_00,S_00,10,404,snr_p_db,1195,1195,1039,1,1195,0,0,0,0,dB,12.38037798652162,12.500556664741405,12.573720801755197,12.623235277046907,12.67127600032102,12.742612676139247,12.868237685223562,12.623000533657049,0.0736389121582044,NORM,0,negative
S_00,S_00,10,404,delta_p_db,1195,1195,1039,1,1195,0,0,0,0,dB,2.380377912376336,2.5005566187104655,2.573720745337177,2.623235220091194,2.671275941065862,2.742612611897674,2.8682376335362596,2.6230004754126197,0.07363891256593466,NORM,0,negative
S_00,S_00,10,404,q_noise,1195,1195,1039,1,1195,0,0,0,0,fraction,0.42195533932688195,0.4377316516213616,0.4471244265935639,0.4533920281374411,0.4594056009643013,0.46821241596781865,0.483374641581389,0.4532840225161995,0.009270136144018882,NORM,0,negative
S_00,S_00,10,505,snr_p_db,1195,1195,1039,1,1195,0,0,0,0,dB,12.376473908175162,12.502993322866567,12.567211246909896,12.619616442506839,12.66617071770798,12.733831781998413,12.894211771743453,12.618212498300036,0.07135609247647214,NORM,0,negative
S_00,S_00,10,505,delta_p_db,1195,1195,1039,1,1195,0,0,0,0,dB,2.3764738519374005,2.5029932573935816,2.5672111922836804,2.6196163870175986,2.6661706578623745,2.733831725527317,2.8942117264994947,2.6182124399259274,0.07135609240081889,NORM,0,negative
S_00,S_00,10,505,q_noise,1195,1195,1039,1,1195,0,0,0,0,fraction,0.4214348013988223,0.43804674101515123,0.4462946830099399,0.4529359679986781,0.45876926965562886,0.4671359957921959,0.48645500867089114,0.4526857478188673,0.008991299049124895,NORM,0,negative
S_00,S_00,10,8128,snr_p_db,1195,1195,1039,1,1195,0,0,0,0,dB,12.401953299183885,12.50843913456503,12.57092591925575,12.61769232874985,12.665252297652257,12.731418027681578,12.858539053277799,12.618469633186745,0.06865158980907558,NORM,0,negative
S_00,S_00,10,8128,delta_p_db,1195,1195,1039,1,1195,0,0,0,0,dB,2.401953239953275,2.5084390820763254,2.570925862630737,2.617692273281232,2.6652522377672527,2.731417968013051,2.8585389937486188,2.6184695748584548,0.06865158966880616,NORM,0,negative
S_00,S_00,10,8128,q_noise,1195,1195,1039,1,1195,0,0,0,0,fraction,0.4248190692428595,0.4387509589556336,0.44676894219642926,0.4526934842067272,0.4586548291527166,0.4668397180858465,0.4822194755105055,0.45272365739022674,0.00864658176761564,NORM,0,negative
S_01,S_01,0,101,snr_p_db,1195,1195,1039,1,1195,0,0,0,0,dB,1.4507087329545287,1.5347441752688142,1.5975344420334074,1.6377514553371733,1.6776253271900987,1.738325815099741,1.8147495495274082,1.6376665020294925,0.060549188205452145,NORM,0,negative
S_01,S_01,0,101,delta_p_db,1195,1195,1039,1,1195,0,0,0,0,dB,1.4507087208619929,1.5347441772819643,1.59753444725283,1.6377514539536602,1.6776253272620825,1.7383258135057438,1.8147495542832068,1.637666501750809,0.060549188099974074,NORM,0,negative
S_01,S_01,0,101,q_noise,1195,1195,1039,1,1195,0,0,0,0,fraction,0.28397427326899605,0.2976957690571582,0.30777665313784464,0.31415746591740284,0.3204254948131451,0.32985871711362613,0.3415478352211058,0.31407763200368816,0.009564912802466673,NORM,0,negative
S_01,S_01,0,202,snr_p_db,1195,1195,1039,1,1195,0,0,0,0,dB,1.4160371399878693,1.5415102663653137,1.594840663216806,1.6321357843289408,1.6772406129342903,1.7392654855659788,1.8721535259625819,1.6351607119582448,0.06157648333661705,NORM,0,negative
S_01,S_01,0,202,delta_p_db,1195,1195,1039,1,1195,0,0,0,0,dB,1.4160371346992606,1.5415102607020388,1.594840666974298,1.6321357793463909,1.677240615965061,1.7392654799935325,1.8721535234857611,1.6351607119646905,0.06157648324249831,NORM,0,negative
S_01,S_01,0,202,q_noise,1195,1195,1039,1,1195,0,0,0,0,fraction,0.2782348550539887,0.29878907001378036,0.3073471305041578,0.31326989073108813,0.3203654116088907,0.3300028587253863,0.3501927385761022,0.31367953088021927,0.009720863722082671,NORM,0,negative
S_01,S_01,0,303,snr_p_db,1195,1195,1039,1,1195,0,0,0,0,dB,1.434071963193615,1.5434989191410906,1.5948371878045846,1.6357093928570319,1.6768800873307872,1.7436317467015199,1.8372876446711048,1.637166038950701,0.06110794388952993,NORM,0,negative
S_01,S_01,0,303,delta_p_db,1195,1195,1039,1,1195,0,0,0,0,dB,1.4340719653498992,1.5434989265511456,1.5948371885958266,1.635709390415202,1.676880091683555,1.743631748856106,1.837287640172657,1.6371660388201128,0.061107943812077854,NORM,0,negative
S_01,S_01,0,303,q_noise,1195,1195,1039,1,1195,0,0,0,0,fraction,0.2812257746531999,0.29911070312279814,0.3073463192725518,0.31383461131391116,0.32030886743191617,0.33067651282504984,0.3449556879134451,0.31399742828016103,0.009637570410211828,NORM,0,negative
S_01,S_01,0,404,snr_p_db,1195,1195,1039,1,1195,0,0,0,0,dB,1.4499622380845318,1.538118413758921,1.5997013923249628,1.6401367769340727,1.6808683291598765,1.7404694303294195,1.8478578544144857,1.6398378821832735,0.061214831367680106,NORM,0,negative
S_01,S_01,0,404,delta_p_db,1195,1195,1039,1,1195,0,0,0,0,dB,1.4499622352751549,1.5381184144162363,1.5997013947461483,1.6401367716738955,1.6808683321226925,1.7404694301368355,1.847857856764672,1.6398378822523287,0.06121483131031593,NORM,0,negative
S_01,S_01,0,404,q_noise,1195,1195,1039,1,1195,0,0,0,0,fraction,0.2838514301667691,0.2982410567954821,0.30812267350550226,0.3145341504271544,0.32093239820060104,0.33018927144226634,0.3465480616815555,0.3144190349547944,0.009662417302710414,NORM,0,negative
S_01,S_01,0,505,snr_p_db,1195,1195,1039,1,1195,0,0,0,0,dB,1.4406412157850075,1.5303588728741306,1.592067200022051,1.6321718585509493,1.6716990046531404,1.7373108290950927,1.8448194610227875,1.6319501148497424,0.0618342009713173,NORM,0,negative
S_01,S_01,0,505,delta_p_db,1195,1195,1039,1,1195,0,0,0,0,dB,1.4406412077539008,1.5303588748042392,1.5920671998039446,1.6321718601060606,1.671699001658208,1.737310832152204,1.8448194625554757,1.6319501147740698,0.061834200896684205,NORM,0,negative
S_01,S_01,0,505,q_noise,1195,1195,1039,1,1195,0,0,0,0,fraction,0.2823121024288963,0.29698650219161354,0.3069046161641341,0.31327524769086856,0.31949779345370594,0.32970086846314395,0.3460903155868952,0.3131713670285249,0.009773743300220917,NORM,0,negative
S_01,S_01,0,8128,snr_p_db,1195,1195,1039,1,1195,0,0,0,0,dB,1.4732144052046934,1.5413147342978026,1.5932416272508751,1.6343967910985744,1.6762895984823363,1.7301981445479906,1.8187938577192888,1.635481503479066,0.05825885980121709,NORM,0,negative
S_01,S_01,0,8128,delta_p_db,1195,1195,1039,1,1195,0,0,0,0,dB,1.4732144066958577,1.541314730942891,1.593241622177829,1.6343967912084254,1.676289602832643,1.7301981463030645,1.8187938604775007,1.6354815037185515,0.058258859942107215,NORM,0,negative
S_01,S_01,0,8128,q_noise,1195,1195,1039,1,1195,0,0,0,0,fraction,0.2876755379019254,0.2987575230606151,0.30709254298836863,0.31362783314914694,0.3202167153547023,0.3286024745497797,0.3421610650118928,0.3137374306830453,0.009199497370981512,NORM,0,negative
S_01,S_01,5,101,snr_p_db,1195,1195,1039,1,1195,0,0,0,0,dB,6.450708610719159,6.534744072703014,6.59753433009028,6.6377513304177995,6.677625214125634,6.738325701236106,6.814749434496682,6.63766639002068,0.06054918809033283,NORM,0,negative
S_01,S_01,5,101,delta_p_db,1195,1195,1039,1,1195,0,0,0,0,dB,1.4507087226792081,1.5347441759401466,1.5975344466335533,1.6377514485634235,1.677625328420131,1.7383258084650368,1.8147495538878358,1.6376665017897352,0.06054918822055036,NORM,0,negative
S_01,S_01,5,101,q_noise,1195,1195,1039,1,1195,0,0,0,0,fraction,0.28397427356860216,0.2976957688401412,0.30777665303913815,0.3141574650661709,0.3204254949943474,0.3298587163358139,0.34154783516116205,0.314077632009571,0.009564912821384015,NORM,0,negative
S_01,S_01,5,202,snr_p_db,1195,1195,1039,1,1195,0,0,0,0,dB,6.416037014719001,6.541510145864416,6.594840555223197,6.632135669861067,6.677240514858242,6.739265368178725,6.872153421582935,6.6351606001027434,0.06157648383031515,NORM,0,negative
S_01,S_01,5,202,delta_p_db,1195,1195,1039,1,1195,0,0,0,0,dB,1.4160371301726218,1.5415102620414776,1.5948406618842528,1.6321357770898213,1.6772406218126017,1.73926547786135,1.8721535285110902,1.6351607120256793,0.061576483391748406,NORM,0,negative
S_01,S_01,5,202,q_noise,1195,1195,1039,1,1195,0,0,0,0,fraction,0.2782348543016949,0.2987890702300657,0.30734712969235245,0.31326989037426706,0.32036541252398165,0.3300028583964455,0.3501927393280103,0.3136795308895262,0.009720863744945548,NORM,0,negative
S_01,S_01,5,303,snr_p_db,1195,1195,1039,1,1195,0,0,0,0,dB,6.434071856877513,6.543498813801352,6.594837071065154,6.635709280094123,6.676879982403865,6.743631644079291,6.837287523674424,6.637165926922256,0.06110794379436088,NORM,0,negative
S_01,S_01,5,303,delta_p_db,1195,1195,1039,1,1195,0,0,0,0,dB,1.4340719599679221,1.5434989258599547,1.5948371864054156,1.63570938482851,1.676880091076197,1.743631752832993,1.8372876360586485,1.6371660387354574,0.06110794373319804,NORM,0,negative
S_01,S_01,5,303,q_noise,1195,1195,1039,1,1195,0,0,0,0,fraction,0.28122577376246166,0.2991107030112654,0.3073463189231972,0.31383461043123945,0.3203088673368685,0.33067651343803245,0.34495568729293113,0.3139974282669633,0.009637570398121452,NORM,0,negative
S_01,S_01,5,404,snr_p_db,1195,1195,1039,1,1195,0,0,0,0,dB,6.449962108494837,6.538118303441245,6.599701282190332,6.640136668255172,6.6808682105574535,6.740469315452548,6.847857744169586,6.639837770311468,0.061214831268457455,NORM,0,negative
S_01,S_01,5,404,delta_p_db,1195,1195,1039,1,1195,0,0,0,0,dB,1.4499622330753825,1.5381184202006533,1.5997013925755335,1.6401367743054351,1.6808683286419694,1.7404694279700075,1.847857853819193,1.639837882421335,0.06121483110174521,NORM,0,negative
S_01,S_01,5,404,q_noise,1195,1195,1039,1,1195,0,0,0,0,fraction,0.2838514298040282,0.2982410577301593,0.3081226731596985,0.31453415084250164,0.32093239765634507,0.33018927110806784,0.34654806123837034,0.31441903498193857,0.009662417269174637,NORM,0,negative
S_01,S_01,5,505,snr_p_db,1195,1195,1039,1,1195,0,0,0,0,dB,6.440641093820406,6.530358759141683,6.5920670818144975,6.632171740196695,6.671698885731257,6.737310723988123,6.844819329087436,6.631950002769424,0.0618342008091406,NORM,0,negative
S_01,S_01,5,505,delta_p_db,1195,1195,1039,1,1195,0,0,0,0,dB,1.4406412116591154,1.530358869527528,1.5920671991453637,1.6321718581898694,1.6716990021006037,1.737310829954033,1.8448194602985555,1.631950114814315,0.06183420096587116,NORM,0,negative
S_01,S_01,5,505,q_noise,1195,1195,1039,1,1195,0,0,0,0,fraction,0.28231210307424764,0.2969865013374722,0.3069046160590572,0.31327524738787244,0.3194977935230223,0.3297008681238709,0.3460903152470747,0.31317136703473236,0.00977374331139764,NORM,0,negative
S_01,S_01,5,8128,snr_p_db,1195,1195,1039,1,1195,0,0,0,0,dB,6.473214285903429,6.541314627958715,6.5932415139774765,6.634396658167544,6.676289490612295,6.730198040270788,6.818793749461152,6.635481391647982,0.05825885977464395,NORM,0,negative
S_01,S_01,5,8128,delta_p_db,1195,1195,1039,1,1195,0,0,0,0,dB,1.4732144057330347,1.5413147328623005,1.5932416221483596,1.6343967859394994,1.6762896057609975,1.7301981491149332,1.8187938583352479,1.6354815037079038,0.05825885998462215,NORM,0,negative
S_01,S_01,5,8128,q_noise,1195,1195,1039,1,1195,0,0,0,0,fraction,0.2876755377440044,0.2987575233705497,0.30709254298366917,0.31362783231642993,0.3202167158130686,0.32860247498449,0.3421610646873994,0.31373743068127535,0.009199497377142303,NORM,0,negative
S_01,S_01,10,101,snr_p_db,1195,1195,1039,1,1195,0,0,0,0,dB,11.450708803735846,11.534744219594307,11.597534498840687,11.637751499837517,11.677625381474284,11.73832587450312,11.81474960651483,11.637666560510707,0.060549188363975256,NORM,0,negative
S_01,S_01,10,101,delta_p_db,1195,1195,1039,1,1195,0,0,0,0,dB,1.4507087234783722,1.5347441721770607,1.5975344477857714,1.6377514493293097,1.6776253263920973,1.7383258116192457,1.8147495451383608,1.637666501767207,0.06054918828064362,NORM,0,negative
S_01,S_01,10,101,q_noise,1195,1195,1039,1,1195,0,0,0,0,fraction,0.28397427370036116,0.2976957682316276,0.3077766532227925,0.3141574651871205,0.32042549467697073,0.32985871682253093,0.3415478338346173,0.31407763200588035,0.009564912831005246,NORM,0,negative
S_01,S_01,10,202,snr_p_db,1195,1195,1039,1,1195,0,0,0,0,dB,11.41603718544946,11.541510310905016,11.594840717807834,11.63213584076355,11.677240686816848,11.739265543611486,11.872153568365107,11.635160770650081,0.06157648319052121,NORM,0,negative
S_01,S_01,10,202,delta_p_db,1195,1195,1039,1,1195,0,0,0,0,dB,1.4160371349159466,1.5415102639532487,1.5948406663927024,1.6321357824887397,1.6772406168781235,1.7392654790762359,1.8721535170843464,1.635160712215171,0.06157648321849213,NORM,0,negative
S_01,S_01,10,202,q_noise,1195,1195,1039,1,1195,0,0,0,0,fraction,0.2782348550900002,0.29878907053866727,0.3073471304113869,0.3132698912279735,0.3203654117517774,0.33000285858387196,0.3501927376182993,0.3136795309198602,0.00972086371698154,NORM,0,negative
S_01,S_01,10,303,snr_p_db,1195,1195,1039,1,1195,0,0,0,0,dB,11.434072019002738,11.543498983646387,11.594837241501967,11.635709441289189,11.676880155773821,11.743631801018417,11.83728769086562,11.637166096806629,0.06110794411028556,NORM,0,negative
S_01,S_01,10,303,delta_p_db,1195,1195,1039,1,1195,0,0,0,0,dB,1.4340719584588981,1.5434989275293054,1.5948371903277625,1.6357093871725283,1.6768800938354953,1.743631747576075,1.8372876323089262,1.6371660385806495,0.061107944126285625,NORM,0,negative
S_01,S_01,10,303,q_noise,1195,1195,1039,1,1195,0,0,0,0,fraction,0.28122577351271244,0.29911070328065525,0.30734631954878466,0.3138346108015837,0.32030886776869183,0.3306765126276943,0.3449556867273623,0.31399742824164006,0.009637570460073545,NORM,0,negative
S_01,S_01,10,404,snr_p_db,1195,1195,1039,1,1195,0,0,0,0,dB,11.449962304253603,11.538118473696155,11.599701458188367,11.640136831406005,11.68086837921257,11.740469485634682,11.847857911459387,11.639837940611947,0.0612148310284421,NORM,0,negative
S_01,S_01,10,404,delta_p_db,1195,1195,1039,1,1195,0,0,0,0,dB,1.449962241273863,1.5381184163297386,1.5997013949061696,1.6401367777003615,1.6808683281940002,1.7404694243974672,1.8478578592332953,1.639837882252584,0.06121483119764608,NORM,0,negative
S_01,S_01,10,404,q_noise,1195,1195,1039,1,1195,0,0,0,0,fraction,0.28385143115595185,0.29824105710467785,0.3081226735309839,0.31453415137833773,0.3209323975863072,0.330189270557095,0.3465480620529917,0.3144190349550847,0.009662417284997876,NORM,0,negative
S_01,S_01,10,505,snr_p_db,1195,1195,1039,1,1195,0,0,0,0,dB,11.440641286681752,11.530358939428906,11.592067255105107,11.632171925703078,11.671699052265865,11.737310883933123,11.84481951158638,11.631950173128436,0.06183420078362474,NORM,0,negative
S_01,S_01,10,505,delta_p_db,1195,1195,1039,1,1195,0,0,0,0,dB,1.4406412162349744,1.5303588787340534,1.5920671905820705,1.6321718650240564,1.6716989982480683,1.737310829079557,1.8448194607916188,1.631950114867369,0.061834200919825597,NORM,0,negative
S_01,S_01,10,505,q_noise,1195,1195,1039,1,1195,0,0,0,0,fraction,0.28231210383042554,0.29698650282775263,0.3069046146924198,0.3132752484685228,0.3194977929193642,0.3297008679888989,0.34609031532131435,0.31317136704322895,0.009773743303427652,NORM,0,negative
S_01,S_01,10,8128,snr_p_db,1195,1195,1039,1,1195,0,0,0,0,dB,11.473214478832954,11.541314787337507,11.593241670866693,11.634396855784612,11.676289663213652,11.730198204801244,11.818793926132262,11.635481562382937,0.058258860270873396,NORM,0,negative
S_01,S_01,10,8128,delta_p_db,1195,1195,1039,1,1195,0,0,0,0,dB,1.4732144082889613,1.541314732236843,1.593241620320328,1.6343967898487464,1.6762896069443165,1.730198144943405,1.8187938574129503,1.6354815039143231,0.05825886007643957,NORM,0,negative
S_01,S_01,10,8128,q_noise,1195,1195,1039,1,1195,0,0,0,0,fraction,0.28767553816322433,0.2987575232695571,0.30709254269201103,0.3136278329342591,0.3202167159982874,0.32860247433960804,0.34216106454769624,0.31373743071369226,0.009199497392691255,NORM,0,negative
S_02,S_02,0,101,snr_p_db,1195,1195,1039,1,1195,0,0,0,0,dB,1.0000286790247348,1.0599281019319269,1.1112148699497513,1.1450650128979099,1.181433652401368,1.2290181468411125,1.3025977734749898,1.14586928389414,0.05096640292326346,NORM,0,negative
S_02,S_02,0,101,delta_p_db,1195,1195,1039,1,1195,0,0,0,0,dB,1.0000286702253762,1.05992809933411,1.111214866289361,1.1450650221065148,1.1814336534532401,1.2290181481594264,1.3025977740541572,1.1458692836534496,0.050966403109840075,NORM,0,negative
S_02,S_02,0,101,q_noise,1195,1195,1039,1,1195,0,0,0,0,fraction,0.20567792570296003,0.21655823452811193,0.22575580918285854,0.23176800831795213,0.23817397210585545,0.2464749220447826,0.2591344378112952,0.23185644134466019,0.009015963317046918,NORM,0,negative
S_02,S_02,0,202,snr_p_db,1195,1195,1039,1,1195,0,0,0,0,dB,0.9755866573349083,1.057953041306911,1.1088061100427802,1.1424930370174717,1.179903976612014,1.2306370573078989,1.350140460677269,1.1437790874668152,0.053235116423305175,NORM,0,negative
S_02,S_02,0,202,delta_p_db,1195,1195,1039,1,1195,0,0,0,0,dB,0.9755866561819292,1.0579530433400213,1.1088061093695512,1.1424930405637763,1.1799039799220568,1.2306370564371327,1.3501404616254933,1.1437790874417513,0.053235116464571144,NORM,0,negative
S_02,S_02,0,202,q_noise,1195,1195,1039,1,1195,0,0,0,0,fraction,0.2011946711633312,0.2162030106449046,0.22532645881126512,0.2313114684777794,0.23790530772340363,0.24675552862608557,0.26719931546833414,0.23148187823791372,0.00941346739581531,NORM,0,negative
S_02,S_02,0,303,snr_p_db,1195,1195,1039,1,1195,0,0,0,0,dB,0.9924023035433884,1.0657297706298094,1.107757040980747,1.1414995737914522,1.178213668370238,1.232986658298935,1.3208125732865714,1.1441919850793152,0.05114256855161193,NORM,0,negative
S_02,S_02,0,303,delta_p_db,1195,1195,1039,1,1195,0,0,0,0,dB,0.9924023015876465,1.0657297784733069,1.1077570335175277,1.141499578280873,1.1782136704065946,1.2329866521407573,1.3208125606298513,1.1441919848805293,0.051142568699116576,NORM,0,negative
S_02,S_02,0,303,q_noise,1195,1195,1039,1,1195,0,0,0,0,fraction,0.20428133855177516,0.21760408358453512,0.225139312812226,0.23113531989003122,0.23760848513413596,0.24716265604888957,0.2622347627449602,0.23155940124710722,0.00903797927179095,NORM,0,negative
S_02,S_02,0,404,snr_p_db,1195,1195,1039,1,1195,0,0,0,0,dB,0.9653666625566957,1.0633012687666066,1.1111061971803342,1.1482100801904125,1.1831504313498944,1.232383582896925,1.3473350728504072,1.1474853454957241,0.05277374091087416,NORM,0,negative
S_02,S_02,0,404,delta_p_db,1195,1195,1039,1,1195,0,0,0,0,dB,0.9653666630459197,1.0633012681150402,1.1111061981660681,1.1482100719398358,1.1831504355366897,1.2323835812813493,1.347335072789875,1.1474853454564142,0.0527737408860948,NORM,0,negative
S_02,S_02,0,404,q_noise,1195,1195,1039,1,1195,0,0,0,0,fraction,0.19931316804487223,0.21716687039039734,0.2257363753485282,0.23232338478097658,0.23847414105130743,0.24705810213801263,0.26672646093917685,0.2321384269092851,0.009328186029090395,NORM,0,negative
S_02,S_02,0,505,snr_p_db,1195,1195,1039,1,1195,0,0,0,0,dB,0.9738472278784607,1.051952294627919,1.1071338138215423,1.1408678225829778,1.174276419462283,1.2316150733621434,1.3189917934435789,1.1414057640431123,0.05329388791556648,NORM,0,negative
S_02,S_02,0,505,delta_p_db,1195,1195,1039,1,1195,0,0,0,0,dB,0.973847219921628,1.051952290916467,1.107133808412078,1.1408678196093445,1.1742764150393814,1.2316150719417949,1.318991797528638,1.1414057640771342,0.053293888028808446,NORM,0,negative
S_02,S_02,0,505,q_noise,1195,1195,1039,1,1195,0,0,0,0,fraction,0.20087444045339678,0.21511852324938976,0.22502805388346292,0.2310260906472041,0.2369180535898464,0.24692523687878085,0.26192540027472655,0.23106164099568816,0.009433207544238537,NORM,0,negative
S_02,S_02,0,8128,snr_p_db,1195,1195,1039,1,1195,0,0,0,0,dB,1.0030376344746117,1.0646432332000615,1.108405693017946,1.141239148760017,1.1779227291596246,1.2288542443436576,1.2998739709342342,1.1431293196078516,0.0499353995624048,NORM,0,negative
S_02,S_02,0,8128,delta_p_db,1195,1195,1039,1,1195,0,0,0,0,dB,1.0030376297943897,1.0646432347618249,1.1084056955990418,1.1412391620559175,1.1779227279112563,1.2288542507136206,1.2998739681502656,1.143129319967265,0.04993539958691912,NORM,0,negative
S_02,S_02,0,8128,q_noise,1195,1195,1039,1,1195,0,0,0,0,fraction,0.20622796531944315,0.2174079342666888,0.225254763941035,0.23108963963335463,0.23755693531135225,0.24644656538421286,0.2586700205554087,0.23137380654436668,0.008833424092014402,NORM,0,negative
S_02,S_02,5,101,snr_p_db,1195,1195,1039,1,1195,0,0,0,0,dB,6.000028566694128,6.059927989727648,6.111214762974264,6.14506491269114,6.181433538707404,6.229018024696712,6.30259766843716,6.145869171849215,0.05096640292048355,NORM,0,negative
S_02,S_02,5,101,delta_p_db,1195,1195,1039,1,1195,0,0,0,0,dB,1.0000286741068103,1.059928103639292,1.1112148664994903,1.1450650231968493,1.181433654987242,1.2290181485361986,1.302597781095924,1.1458692836640452,0.05096640314558974,NORM,0,negative
S_02,S_02,5,101,q_noise,1195,1195,1039,1,1195,0,0,0,0,fraction,0.20567792641287197,0.21655823530474505,0.225755809220319,0.2317680085108235,0.23817397237494836,0.24647492211018887,0.2591344390125544,0.2318564413464631,0.009015963322591657,NORM,0,negative
S_02,S_02,5,202,snr_p_db,1195,1195,1039,1,1195,0,0,0,0,dB,5.97558654384049,6.057952933003344,6.108805996087017,6.142492927274404,6.179903861271576,6.230636949531337,6.350140349084863,6.14377897547368,0.05323511692316411,NORM,0,negative
S_02,S_02,5,202,delta_p_db,1195,1195,1039,1,1195,0,0,0,0,dB,0.9755866504646877,1.0579530459985695,1.108806108404546,1.1424930413045327,1.1799039750349685,1.2306370592157632,1.3501404607682541,1.1437790874976677,0.053235116495753645,NORM,0,negative
S_02,S_02,5,202,q_noise,1195,1195,1039,1,1195,0,0,0,0,fraction,0.20119467011174916,0.21620301112468376,0.22532645863913023,0.23131146860889115,0.23790530686582276,0.24675552910801457,0.2671993153236891,0.23148187824774177,0.009413467401019435,NORM,0,negative
S_02,S_02,5,303,snr_p_db,1195,1195,1039,1,1195,0,0,0,0,dB,5.992402186870694,6.065729665022488,6.107756926123361,6.141499447770427,6.178213554460191,6.232986536824736,6.320812463815696,6.1441918732227565,0.05114256910759026,NORM,0,negative
S_02,S_02,5,303,delta_p_db,1195,1195,1039,1,1195,0,0,0,0,dB,0.9924022965106603,1.0657297809471178,1.1077570374580183,1.141499569901003,1.178213669091666,1.2329866518875474,1.3208125614447823,1.144191984856617,0.051142568776633805,NORM,0,negative
S_02,S_02,5,303,q_noise,1195,1195,1039,1,1195,0,0,0,0,fraction,0.20428133762156472,0.21760408403016185,0.22513931351528232,0.23113531840647888,0.23760848490330388,0.24716265600500242,0.262234762883398,0.23155940124271554,0.00903797928540674,NORM,0,negative
S_02,S_02,5,404,snr_p_db,1195,1195,1039,1,1195,0,0,0,0,dB,5.965366541296183,6.063301155339485,6.111106079205992,6.148209954077757,6.1831503146358955,6.232383457434604,6.347334964109007,6.14748523339406,0.05277374083361646,NORM,0,negative
S_02,S_02,5,404,delta_p_db,1195,1195,1039,1,1195,0,0,0,0,dB,0.9653666613938306,1.0633012700739433,1.1111061968294118,1.1482100677982146,1.1831504328530977,1.2323835823174443,1.3473350744381336,1.1474853453902083,0.0527737407801271,NORM,0,negative
S_02,S_02,5,404,q_noise,1195,1195,1039,1,1195,0,0,0,0,fraction,0.19931316774028487,0.21716687074349908,0.22573637527908075,0.2323233840488868,0.23847414058074418,0.2470581023176431,0.26672646121747284,0.23213842689781025,0.009328186009665325,NORM,0,negative
S_02,S_02,5,505,snr_p_db,1195,1195,1039,1,1195,0,0,0,0,dB,5.973847111895071,6.051952173382502,6.107133700000169,6.140867716712087,6.17427629856471,6.231614950657603,6.3189916796278025,6.141405652280835,0.05329388794674537,NORM,0,negative
S_02,S_02,5,505,delta_p_db,1195,1195,1039,1,1195,0,0,0,0,dB,0.9738472194808971,1.0519522889109705,1.1071338093561907,1.1408678203841118,1.1742764130551424,1.23161506845849,1.3189917999060339,1.1414057641884785,0.05329388803537585,NORM,0,negative
S_02,S_02,5,505,q_noise,1195,1195,1039,1,1195,0,0,0,0,fraction,0.20087444037229998,0.21511852288694552,0.22502805405193477,0.23102609078438657,0.2369180532412245,0.24692523627482574,0.26192540067876013,0.23106164101538923,0.009433207544847874,NORM,0,negative
S_02,S_02,5,8128,snr_p_db,1195,1195,1039,1,1195,0,0,0,0,dB,6.003037518254365,6.06464311963883,6.108405581261159,6.1412390507345975,6.177922617061539,6.228854133720704,6.29987385693242,6.143129207827899,0.049935399538602404,NORM,0,negative
S_02,S_02,5,8128,delta_p_db,1195,1195,1039,1,1195,0,0,0,0,dB,1.0030376263933962,1.0646432325990254,1.108405696822818,1.1412391671266466,1.1779227257353697,1.2288542500284951,1.2998739663589551,1.1431293200127017,0.04993539957490299,NORM,0,negative
S_02,S_02,5,8128,q_noise,1195,1195,1039,1,1195,0,0,0,0,fraction,0.20622796469783422,0.21740793387696125,0.2252547641593468,0.23108964053111786,0.23755693492935342,0.24644656526533606,0.25867002024963626,0.23137380655243556,0.008833424089048669,NORM,0,negative
S_02,S_02,10,101,snr_p_db,1195,1195,1039,1,1195,0,0,0,0,dB,11.000028736135103,11.05992815850118,11.111214920076552,11.145065080624024,11.18143371497917,11.229018208000136,11.30259781518089,11.145869341966865,0.05096640290498314,NORM,0,negative
S_02,S_02,10,101,delta_p_db,1195,1195,1039,1,1195,0,0,0,0,dB,1.000028670496581,1.0599280947970064,1.1112148634414516,1.1450650187572902,1.1814336495184659,1.229018144300825,1.3025977633929287,1.1458692834742545,0.05096640294742734,NORM,0,negative
S_02,S_02,10,101,q_noise,1195,1195,1039,1,1195,0,0,0,0,fraction,0.20567792575256322,0.21655823370965732,0.22575580867514566,0.23176800772550119,0.238173971415632,0.24647492137525853,0.25913443599258984,0.23185644131330335,0.009015963288479032,NORM,0,negative
S_02,S_02,10,202,snr_p_db,1195,1195,1039,1,1195,0,0,0,0,dB,10.975586718048365,11.057953101627396,11.108806179673932,11.142493094949348,11.179904034437776,11.230637120010194,11.350140503911996,11.143779145943514,0.05323511622408387,NORM,0,negative
S_02,S_02,10,202,delta_p_db,1195,1195,1039,1,1195,0,0,0,0,dB,0.9755866564477518,1.0579530435548965,1.10880611254872,1.1424930373301347,1.1799039735740966,1.2306370625129166,1.3501404602749403,1.143779087547338,0.053235116510767275,NORM,0,negative
S_02,S_02,10,202,q_noise,1195,1195,1039,1,1195,0,0,0,0,fraction,0.20119467121222445,0.2162030106836854,0.2253264593783511,0.23131146790543433,0.23790530660947,0.2467555296798763,0.2671993152404505,0.23148187825649574,0.009413467404319559,NORM,0,negative
S_02,S_02,10,303,snr_p_db,1195,1195,1039,1,1195,0,0,0,0,dB,10.992402347729096,11.065729851782688,11.107757094522677,11.141499637573586,11.178213728429963,11.23298670880517,11.320812629302717,11.144192043095343,0.05114256906149138,NORM,0,negative
S_02,S_02,10,303,delta_p_db,1195,1195,1039,1,1195,0,0,0,0,dB,0.9924022985733271,1.0657297801637637,1.1077570312840341,1.1414995785802913,1.1782136705125912,1.232986649930309,1.3208125683876923,1.1441919848223905,0.05114256886318926,NORM,0,negative
S_02,S_02,10,303,q_noise,1195,1195,1039,1,1195,0,0,0,0,fraction,0.20428133799948867,0.21760408388901006,0.2251393124137352,0.23113531994303943,0.2376084851527417,0.24716265566574833,0.26223476406283674,0.2315594012364781,0.009037979301089358,NORM,0,negative
S_02,S_02,10,404,snr_p_db,1195,1195,1039,1,1195,0,0,0,0,dB,10.965366732923446,11.063301331435039,11.111106256907798,11.14821013342667,11.183150479988447,11.232383648959939,11.347335142786063,11.147485403592176,0.05277374120346996,NORM,0,negative
S_02,S_02,10,404,delta_p_db,1195,1195,1039,1,1195,0,0,0,0,dB,0.9653666620742856,1.063301271714932,1.1111062020081923,1.1482100758820541,1.1831504306623775,1.2323835807276082,1.3473350741960874,1.147485345465718,0.052773740962461485,NORM,0,negative
S_02,S_02,10,404,q_noise,1195,1195,1039,1,1195,0,0,0,0,fraction,0.19931316786573697,0.2171668710392916,0.22573637640638095,0.23232338547781917,0.2384741401966057,0.24705810204201034,0.2667264611766051,0.2321384269107682,0.00932818604207834,NORM,0,negative
S_02,S_02,10,505,snr_p_db,1195,1195,1039,1,1195,0,0,0,0,dB,10.973847285835983,11.051952349295714,11.107133869546573,11.140867891989895,11.174276470503749,11.231615120999878,11.318991847822716,11.141405822334347,0.05329388800307742,NORM,0,negative
S_02,S_02,10,505,delta_p_db,1195,1195,1039,1,1195,0,0,0,0,dB,0.9738472237460839,1.0519522903540575,1.1071338110971902,1.1408678247174948,1.1742764118900073,1.2316150702220097,1.3189917973480545,1.1414057640115967,0.05329388804349335,NORM,0,negative
S_02,S_02,10,505,q_noise,1195,1195,1039,1,1195,0,0,0,0,fraction,0.20087444115711747,0.21511852314774277,0.22502805436261858,0.23102609155166753,0.2369180530364849,0.24692523658059637,0.2619254002440368,0.23106164098405485,0.00943320754643074,NORM,0,negative
S_02,S_02,10,8128,snr_p_db,1195,1195,1039,1,1195,0,0,0,0,dB,11.003037687207817,11.064643282678059,11.108405750581746,11.141239209792179,11.177922791690962,11.228854308473835,11.29987403369727,11.143129378688446,0.04993539989046048,NORM,0,negative
S_02,S_02,10,8128,delta_p_db,1195,1195,1039,1,1195,0,0,0,0,dB,1.0030376333033784,1.0646432317641383,1.1084056976016323,1.1412391660449097,1.1779227259608254,1.228854248747862,1.2998739688974443,1.1431293200319468,0.04993539961628012,NORM,0,negative
S_02,S_02,10,8128,q_noise,1195,1195,1039,1,1195,0,0,0,0,fraction,0.20622796596079074,0.21740793372651138,0.22525476429828167,0.2310896403395982,0.23755693496892327,0.24644656504312928,0.25867002068295025,0.2313738065557535,0.008833424097370077,NORM,0,negative
S_03,S_03,0,101,snr_p_db,1195,1195,1039,1,1195,0,0,0,0,dB,3.2219618629574773,3.3691163720627704,3.465692065327361,3.528393759965242,3.595447885843904,3.689264946945478,3.8152245675040874,3.5291490671879346,0.0957079005304365,NORM,0,negative
S_03,S_03,0,101,delta_p_db,1195,1195,1039,1,1195,0,0,0,0,dB,3.2219618621041852,3.3691163718441692,3.465692066043178,3.528393760811435,3.5954478902239293,3.6892649427438258,3.81522457492048,3.529149067115708,0.09570790032197403,NORM,0,negative
S_03,S_03,0,101,q_noise,1195,1195,1039,1,1195,0,0,0,0,fraction,0.5237843238187866,0.5396503217743154,0.5497745427294918,0.556227338038243,0.5630271210719515,0.5723652678401911,0.5845895109019933,0.556197348779304,0.00978001042769972,NORM,0,negative
S_03,S_03,0,202,snr_p_db,1195,1195,1039,1,1195,0,0,0,0,dB,3.2247891542272606,3.3541575680626776,3.4499762294408365,3.5253478875896733,3.592748855914973,3.683690676667616,3.840609385854542,3.5218030739697017,0.10092252193242963,NORM,0,negative
S_03,S_03,0,202,delta_p_db,1195,1195,1039,1,1195,0,0,0,0,dB,3.224789162065569,3.354157570233696,3.4499762284111,3.525347881525901,3.5927488522092648,3.6836906810859578,3.840609384340018,3.5218030739577664,0.10092252182791908,NORM,0,negative
S_03,S_03,0,202,q_noise,1195,1195,1039,1,1195,0,0,0,0,fraction,0.524094837356169,0.5380628124449727,0.5481421207674473,0.5559166588335063,0.562755040542019,0.5718160021640506,0.5870107363092778,0.5554339564258562,0.010331132149061258,NORM,0,negative
S_03,S_03,0,303,snr_p_db,1195,1195,1039,1,1195,0,0,0,0,dB,3.219147740352885,3.3634098968692574,3.456242832805638,3.5215974067680476,3.592765930729432,3.6983729230499267,3.8549559795920105,3.5247112250392556,0.10069404754750391,NORM,0,negative
S_03,S_03,0,303,delta_p_db,1195,1195,1039,1,1195,0,0,0,0,dB,3.2191477335644847,3.3634098940838744,3.456242831333485,3.521597405983205,3.592765928553736,3.6983729285197353,3.8549559739375145,3.524711224840352,0.10069404759011048,NORM,0,negative
S_03,S_03,0,303,q_noise,1195,1195,1039,1,1195,0,0,0,0,fraction,0.5234760983083449,0.5390447575166036,0.5487937741189458,0.555532936915829,0.5627570511291853,0.5732614736600861,0.5883728696548591,0.5557321824273046,0.010289176479760853,NORM,0,negative
S_03,S_03,0,404,snr_p_db,1195,1195,1039,1,1195,0,0,0,0,dB,3.216035377913664,3.3641727044103367,3.464319512896228,3.5311807757336533,3.5997234853573374,3.699853250578027,3.862500363422956,3.5318779533932814,0.10108999189403037,NORM,0,negative
S_03,S_03,0,404,delta_p_db,1195,1195,1039,1,1195,0,0,0,0,dB,3.2160353818419396,3.3641727044156426,3.464319509863797,3.531180783509726,3.5997234903143323,3.699853250672322,3.8625003534834654,3.5318779532864824,0.10108999193233542,NORM,0,negative
S_03,S_03,0,404,q_noise,1195,1195,1039,1,1195,0,0,0,0,fraction,0.5231341968996266,0.5391257801748609,0.5496318029135401,0.5565128018182014,0.5634566523726023,0.5734070602216861,0.58908743204286,0.5564637358290773,0.010317379092142927,NORM,0,negative
S_03,S_03,0,505,snr_p_db,1195,1195,1039,1,1195,0,0,0,0,dB,3.217608453278608,3.3536675150476776,3.456638528686063,3.523778749099451,3.592942533892246,3.6841730102740846,3.828168806267807,3.524620424015136,0.10049779934128185,NORM,0,negative
S_03,S_03,0,505,delta_p_db,1195,1195,1039,1,1195,0,0,0,0,dB,3.217608454690552,3.353667507663119,3.45663853128947,3.5237787522135733,3.59294252769224,3.684173012617828,3.828168806048589,3.524620424104179,0.10049779962184313,NORM,0,negative
S_03,S_03,0,505,q_noise,1195,1195,1039,1,1195,0,0,0,0,fraction,0.523306921072865,0.5380096661167739,0.5488347539277398,0.5557562373201703,0.5627745675555746,0.5718636445506502,0.5858260404814638,0.5557232590414579,0.01028203098115419,NORM,0,negative
S_03,S_03,0,8128,snr_p_db,1195,1195,1039,1,1195,0,0,0,0,dB,3.2468565880460676,3.369056665787006,3.4546997469425436,3.522632822805339,3.5846725987076495,3.6813854532264636,3.846412937201454,3.522857110658747,0.09519009712355338,NORM,0,negative
S_03,S_03,0,8128,delta_p_db,1195,1195,1039,1,1195,0,0,0,0,dB,3.246856588630739,3.36905666588354,3.4546997420470165,3.5226328199227765,3.584672603304737,3.6813854566240973,3.8464129366281083,3.5228571111293214,0.09519009710238949,NORM,0,negative
S_03,S_03,0,8128,q_noise,1195,1195,1039,1,1195,0,0,0,0,fraction,0.5265063660258571,0.5396438322318088,0.5486335616879929,0.5556393015520806,0.561941441033148,0.5715888722900054,0.5875621716769039,0.5555551630731269,0.009729302482426363,NORM,0,negative
S_03,S_03,5,101,snr_p_db,1195,1195,1039,1,1195,0,0,0,0,dB,8.221961754247948,8.369116259379306,8.465691962063817,8.528393659478184,8.595447795440617,8.689264839956605,8.815224461322863,8.52914895564557,0.0957079002090303,NORM,0,negative
S_03,S_03,5,101,delta_p_db,1195,1195,1039,1,1195,0,0,0,0,dB,3.2219618730656165,3.369116370884744,3.465692065575271,3.5283937621998493,3.5954478995125205,3.6892649510808204,3.815224579968684,3.5291490673274306,0.09570790014837935,NORM,0,negative
S_03,S_03,5,101,q_noise,1195,1195,1039,1,1195,0,0,0,0,fraction,0.5237843250207372,0.5396503216726288,0.549774542680961,0.5562273381801145,0.5630271220065467,0.5723652686610999,0.584589511384863,0.5561973488013306,0.00978001040944134,NORM,0,negative
S_03,S_03,5,202,snr_p_db,1195,1195,1039,1,1195,0,0,0,0,dB,8.224789041384602,8.354157453765898,8.449976129145515,8.525347755753712,8.59274875056132,8.683690551604851,8.840609286395944,8.521802962051927,0.10092252153140638,NORM,0,negative
S_03,S_03,5,202,delta_p_db,1195,1195,1039,1,1195,0,0,0,0,dB,3.224789159217843,3.3541575648848094,3.449976238959989,3.52534787640965,3.592748860062853,3.683690670014718,3.840609391452448,3.5218030738697426,0.10092252127886345,NORM,0,negative
S_03,S_03,5,202,q_noise,1195,1195,1039,1,1195,0,0,0,0,fraction,0.5240948370441117,0.5380628118760925,0.548142120816169,0.5559166583103493,0.5627550413327128,0.5718160010724966,0.5870107369856293,0.555433956418153,0.010331132092728696,NORM,0,negative
S_03,S_03,5,303,snr_p_db,1195,1195,1039,1,1195,0,0,0,0,dB,8.219147635941157,8.363409788786752,8.456242715580672,8.521597300741233,8.592765815305878,8.698372811123116,8.854955868627211,8.524711113212764,0.1006940477680773,NORM,0,negative
S_03,S_03,5,303,delta_p_db,1195,1195,1039,1,1195,0,0,0,0,dB,3.2191477500894066,3.3634098916212403,3.4562428245344377,3.521597406957616,3.592765928116386,3.6983729263428424,3.8549559753914586,3.524711224913103,0.10069404760602935,NORM,0,negative
S_03,S_03,5,303,q_noise,1195,1195,1039,1,1195,0,0,0,0,fraction,0.5234761001215201,0.5390447572553834,0.5487937734125647,0.5555329370155524,0.5627570510851556,0.5732614734462061,0.5883728697926649,0.5557321824347107,0.010289176480993046,NORM,0,negative
S_03,S_03,5,404,snr_p_db,1195,1195,1039,1,1195,0,0,0,0,dB,8.216035264907372,8.364172581508313,8.464319391669687,8.531180662572115,8.599723364689996,8.69985314058306,8.862500259967806,8.531877841565805,0.10108999215512082,NORM,0,negative
S_03,S_03,5,404,delta_p_db,1195,1195,1039,1,1195,0,0,0,0,dB,3.2160353838373905,3.364172697966924,3.4643195052360003,3.5311807805565016,3.5997234840829817,3.699853254132042,3.862500369551899,3.5318779535200373,0.10108999182809364,NORM,0,negative
S_03,S_03,5,404,q_noise,1195,1195,1039,1,1195,0,0,0,0,fraction,0.5231341971187319,0.5391257794904015,0.549631802433594,0.5565128015166279,0.5634566517462525,0.5734070605614994,0.5890874335631927,0.5564637358531702,0.010317379081861243,NORM,0,negative
S_03,S_03,5,505,snr_p_db,1195,1195,1039,1,1195,0,0,0,0,dB,8.21760835773399,8.35366740182088,8.456638411037968,8.523778641867551,8.592942420033818,8.684172893352669,8.828168706521245,8.524620312446638,0.10049779960278261,NORM,0,negative
S_03,S_03,5,505,delta_p_db,1195,1195,1039,1,1195,0,0,0,0,dB,3.2176084638200364,3.3536675110233674,3.4566385307345264,3.523778754577042,3.592942528855799,3.6841730134948043,3.828168819254571,3.524620424440421,0.10049779979630961,NORM,0,negative
S_03,S_03,5,505,q_noise,1195,1195,1039,1,1195,0,0,0,0,fraction,0.5233069220749413,0.5380096664742738,0.5488347539552565,0.5557562375619317,0.5627745676727045,0.5718636446370665,0.5858260417408797,0.5557232590754515,0.010282030997026192,NORM,0,negative
S_03,S_03,5,8128,snr_p_db,1195,1195,1039,1,1195,0,0,0,0,dB,8.24685646600219,8.36905653839702,8.454699613739649,8.522632699468783,8.584672496086974,8.681385340895043,8.846412816770044,8.522856998977552,0.09519009742914064,NORM,0,negative
S_03,S_03,5,8128,delta_p_db,1195,1195,1039,1,1195,0,0,0,0,dB,3.2468565813285983,3.369056659058258,3.4546997307224028,3.522632818423383,3.58467260718726,3.681385458311781,3.8464129333525343,3.5228571110126934,0.09519009714192292,NORM,0,negative
S_03,S_03,5,8128,q_noise,1195,1195,1039,1,1195,0,0,0,0,fraction,0.5265063652297344,0.5396438315083478,0.5486335605110175,0.5556393013986659,0.5619414414248418,0.5715888724564698,0.5875621713658314,0.5555551630610949,0.009729302487830313,NORM,0,negative
S_03,S_03,10,101,snr_p_db,1195,1195,1039,1,1195,0,0,0,0,dB,13.22196193605,13.369116435488031,13.465692121695188,13.528393808728865,13.595447946008822,13.689265011224004,13.81522463394698,13.529149125467626,0.09570790029606498,NORM,0,negative
S_03,S_03,10,101,delta_p_db,1195,1195,1039,1,1195,0,0,0,0,dB,3.221961871871831,3.3691163744329935,3.465692062823792,3.5283937549218853,3.595447887056989,3.689264946907152,3.8152245806372282,3.5291490670656795,0.09570789983508173,NORM,0,negative
S_03,S_03,10,101,q_noise,1195,1195,1039,1,1195,0,0,0,0,fraction,0.5237843248898355,0.5396503220487145,0.5497745423957499,0.5562273374364344,0.5630271207533063,0.5723652682500566,0.5845895114488106,0.5561973487752739,0.00978001037981117,NORM,0,negative
S_03,S_03,10,202,snr_p_db,1195,1195,1039,1,1195,0,0,0,0,dB,13.224789235064598,13.354157637490598,13.449976277181053,13.525347936339491,13.592748905166687,13.683690735678166,13.840609466823604,13.52180313204922,0.10092252157967824,NORM,0,negative
S_03,S_03,10,202,delta_p_db,1195,1195,1039,1,1195,0,0,0,0,dB,3.2247891761879743,3.3541575722791293,3.449976222624845,3.5253478743222,3.5927488485582177,3.683690681809215,3.8406093921829063,3.5218030737222006,0.10092252174993842,NORM,0,negative
S_03,S_03,10,202,q_noise,1195,1195,1039,1,1195,0,0,0,0,fraction,0.5240948389037193,0.5380628126624527,0.5481421207735022,0.5559166580968993,0.5627550401744339,0.5718160022353621,0.5870107370550918,0.5554339564019396,0.010331132140098695,NORM,0,negative
S_03,S_03,10,303,snr_p_db,1195,1195,1039,1,1195,0,0,0,0,dB,13.219147781181293,13.363409954395253,13.456242897920285,13.52159747113551,13.592765999437763,13.69837299237527,13.854956020338275,13.52471128257965,0.1006940480475611,NORM,0,negative
S_03,S_03,10,303,delta_p_db,1195,1195,1039,1,1195,0,0,0,0,dB,3.2191477282894443,3.3634098961405843,3.456242833690661,3.521597410388764,3.5927659314725493,3.6983729295257457,3.854955961032218,3.524711224475756,0.10069404784253609,NORM,0,negative
S_03,S_03,10,303,q_noise,1195,1195,1039,1,1195,0,0,0,0,fraction,0.523476097729548,0.5390447577349124,0.548793774363842,0.5555329373667041,0.5627570514230524,0.5732614737590037,0.5883728684316868,0.5557321823894142,0.010289176505899908,NORM,0,negative
S_03,S_03,10,404,snr_p_db,1195,1195,1039,1,1195,0,0,0,0,dB,13.216035429689743,13.364172754215883,13.464319568107577,13.53118086943838,13.599723553623441,13.69985330481205,13.862500414646323,13.531878011872454,0.10108999192137262,NORM,0,negative
S_03,S_03,10,404,delta_p_db,1195,1195,1039,1,1195,0,0,0,0,dB,3.2160353794927876,3.364172697278762,3.4643195064865138,3.5311808031740495,3.5997234916682923,3.6998532530380013,3.862500359547382,3.5318779537499045,0.10108999222569874,NORM,0,negative
S_03,S_03,10,404,q_noise,1195,1195,1039,1,1195,0,0,0,0,fraction,0.5231341966416839,0.5391257794175638,0.5496318025632507,0.5565128038262572,0.563456652508731,0.573407060454099,0.5890874326166041,0.5564637358756996,0.010317379122236311,NORM,0,negative
S_03,S_03,10,505,snr_p_db,1195,1195,1039,1,1195,0,0,0,0,dB,13.217608508955996,13.353667593442566,13.456638590037363,13.523778807616884,13.592942583336484,13.684173054103526,13.828168853989954,13.524620483006943,0.1004977998357182,NORM,0,negative
S_03,S_03,10,505,delta_p_db,1195,1195,1039,1,1195,0,0,0,0,dB,3.2176084559346796,3.3536675250624657,3.456638533398719,3.5237787568423173,3.592942525036108,3.6841730008621507,3.8281688068675517,3.524620424456878,0.10049779950472927,NORM,0,negative
S_03,S_03,10,505,q_noise,1195,1195,1039,1,1195,0,0,0,0,fraction,0.5233069212094238,0.538009667967516,0.5488347548899133,0.5557562377936488,0.5627745672881774,0.5718636433917068,0.5858260405595659,0.5557232590778214,0.010282030967568467,NORM,0,negative
S_03,S_03,10,8128,snr_p_db,1195,1195,1039,1,1195,0,0,0,0,dB,13.246856655821023,13.369056713319063,13.454699798555428,13.522632881725364,13.5846726519646,13.681385523285032,13.846412970573551,13.522857169872179,0.09519009764418901,NORM,0,negative
S_03,S_03,10,8128,delta_p_db,1195,1195,1039,1,1195,0,0,0,0,dB,3.246856599604773,3.369056657863817,3.4546997452400507,3.522632828498089,3.5846725966894466,3.681385466741105,3.8464129186076463,3.5228571113703633,0.0951900973802401,NORM,0,negative
S_03,S_03,10,8128,q_noise,1195,1195,1039,1,1195,0,0,0,0,fraction,0.5265063672223115,0.5396438313817381,0.5486335620198481,0.555639302429488,0.5619414403659149,0.5715888732880808,0.5875621699655489,0.5555551630971584,0.009729302512205414,NORM,0,negative
S_04,S_04,0,101,snr_p_db,1195,1195,1039,1,1195,0,0,0,0,dB,2.7632630665873315,2.878557801772085,2.955125847752349,3.003706208822323,3.060363474136153,3.1380113848801887,3.236122794694563,3.0069117626659714,0.07746273324058071,NORM,0,negative
S_04,S_04,0,101,delta_p_db,1195,1195,1039,1,1195,0,0,0,0,dB,2.763263069470117,2.8785577928790307,2.9551258464647043,3.003706211197603,3.0603634776319346,3.1380113893839803,3.2361228003686424,3.006911762384556,0.07746273297405028,NORM,0,negative
S_04,S_04,0,101,q_noise,1195,1195,1039,1,1195,0,0,0,0,fraction,0.4707345229014099,0.4846007058392458,0.4936084041424307,0.4992413814599837,0.5057313899359275,0.5144894589526059,0.5253345343536411,0.49953088942708185,0.00892529827000546,NORM,0,negative
S_04,S_04,0,202,snr_p_db,1195,1195,1039,1,1195,0,0,0,0,dB,2.7646492616198843,2.864952399262926,2.945818742279248,3.001734438542591,3.0586827852686467,3.128494338947835,3.2616072599062704,3.0011140307736586,0.08139025817962925,NORM,0,negative
S_04,S_04,0,202,delta_p_db,1195,1195,1039,1,1195,0,0,0,0,dB,2.764649257193722,2.864952394098253,2.945818739209442,3.0017344442107468,3.058682787160265,3.1284943386721804,3.2616072536593075,3.001114030563799,0.08139025802412979,NORM,0,negative
S_04,S_04,0,202,q_noise,1195,1195,1039,1,1195,0,0,0,0,fraction,0.47090408733857614,0.48298346461997815,0.49252156122310164,0.4990136757122082,0.5055398911714448,0.5134245601623246,0.5281119552103081,0.4988540362437128,0.009392574844704418,NORM,0,negative
S_04,S_04,0,303,snr_p_db,1195,1195,1039,1,1195,0,0,0,0,dB,2.7512261450228315,2.870621437505084,2.947645553448401,3.0023899727338463,3.0588937313184243,3.1372925583934697,3.2735430027346686,3.003488531946746,0.08085223165773112,NORM,0,negative
S_04,S_04,0,303,delta_p_db,1195,1195,1039,1,1195,0,0,0,0,dB,2.751226142166814,2.8706214418524216,2.9476455513697433,3.0023899673275127,3.058893733598054,3.1372925629272888,3.2735429999951053,3.003488531725134,0.08085223161346715,NORM,0,negative
S_04,S_04,0,303,q_noise,1195,1195,1039,1,1195,0,0,0,0,fraction,0.4692660760121695,0.4836577738363611,0.4927355336792568,0.49908890431081393,0.5055635410198658,0.5144096100623837,0.5294076308691695,0.499129157710001,0.009319383535822427,NORM,0,negative
S_04,S_04,0,404,snr_p_db,1195,1195,1039,1,1195,0,0,0,0,dB,2.7469868099555055,2.8726831495812752,2.9517710432968522,3.0102104304922594,3.062911837392172,3.1447177742153194,3.2832129261469527,3.0088374502007333,0.08183507525947044,NORM,0,negative
S_04,S_04,0,404,delta_p_db,1195,1195,1039,1,1195,0,0,0,0,dB,2.746986801402784,2.872683150477166,2.95177104466938,3.010210435231147,3.062911836128885,3.1447177708828065,3.2832129222823174,3.008837450321371,0.08183507546391375,NORM,0,negative
S_04,S_04,0,404,q_noise,1195,1195,1039,1,1195,0,0,0,0,fraction,0.46874775805942215,0.48390307807837907,0.49321638305504756,0.49999102883776064,0.5060211494655857,0.5152387547420162,0.5304539756872768,0.499743545915939,0.009421889118884261,NORM,0,negative
S_04,S_04,0,505,snr_p_db,1195,1195,1039,1,1195,0,0,0,0,dB,2.7481735624535557,2.868597981812075,2.9489089971209506,3.0022406003297712,3.0593614602972865,3.1325500082608047,3.2650372449123677,3.0040767702107667,0.08036605423255568,NORM,0,negative
S_04,S_04,0,505,delta_p_db,1195,1195,1039,1,1195,0,0,0,0,dB,2.7481735683256163,2.86859798710516,2.9489089915138464,3.0022405904469163,3.0593614546601797,3.132550014884457,3.2650372495913227,3.0040767702551365,0.0803660544058507,NORM,0,negative
S_04,S_04,0,505,q_noise,1195,1195,1039,1,1195,0,0,0,0,fraction,0.4688926213198465,0.4834175131372737,0.4928823309237985,0.4990715476139942,0.5056172110281582,0.5138787601041237,0.5284845306333094,0.4991979942016299,0.009268434530256013,NORM,0,negative
S_04,S_04,0,8128,snr_p_db,1195,1195,1039,1,1195,0,0,0,0,dB,2.7676014568463203,2.8811358090788324,2.9476865993378416,3.0002308261242923,3.052782357144073,3.1334915389701474,3.2698771156193516,3.0021866765331287,0.07676318572774696,NORM,0,negative
S_04,S_04,0,8128,delta_p_db,1195,1195,1039,1,1195,0,0,0,0,dB,2.76760146393227,2.8811358154576583,2.9476866039165106,3.00023081894659,3.05278235181054,3.1334915315037826,3.269877111424489,3.0021866768794725,0.07676318560841984,NORM,0,negative
S_04,S_04,0,8128,q_noise,1195,1195,1039,1,1195,0,0,0,0,fraction,0.4712630556565898,0.48490626967337347,0.4927400893420276,0.49883982560568435,0.5048682798697373,0.5139842202091807,0.5290095796415759,0.4989875648723866,0.008846553551257182,NORM,0,negative
S_04,S_04,5,101,snr_p_db,1195,1195,1039,1,1195,0,0,0,0,dB,7.7632629607345836,7.878557684274056,7.955125740689903,8.003706109410214,8.060363364810534,8.138011278535668,8.236122700088824,8.006911650929572,0.07746273303127166,NORM,0,negative
S_04,S_04,5,101,delta_p_db,1195,1195,1039,1,1195,0,0,0,0,dB,2.763263081400556,2.8785577879601645,2.9551258544593155,3.003706222747981,3.060363481316136,3.1380113883294043,3.236122815532788,3.006911762693756,0.07746273269571069,NORM,0,negative
S_04,S_04,5,101,q_noise,1195,1195,1039,1,1195,0,0,0,0,fraction,0.4707345243553471,0.4846007052555051,0.4936084050746169,0.49924138279178765,0.5057313903552194,0.5144894588347075,0.5253345360110179,0.49953088946328883,0.008925298236601922,NORM,0,negative
S_04,S_04,5,202,snr_p_db,1195,1195,1039,1,1195,0,0,0,0,dB,7.764649138345988,7.8649522800197715,7.945818619549238,8.001734326872828,8.058682675405407,8.12849422580791,8.26160713198435,8.001113918565395,0.0813902577493521,NORM,0,negative
S_04,S_04,5,202,delta_p_db,1195,1195,1039,1,1195,0,0,0,0,dB,2.764649251412342,2.8649523978732545,2.9458187316316904,3.001734443186658,3.0586827855423024,3.1284943410262755,3.261607242615944,3.0011140305360575,0.08139025752412224,NORM,0,negative
S_04,S_04,5,202,q_noise,1195,1195,1039,1,1195,0,0,0,0,fraction,0.47090408663423733,0.48298346506930045,0.49252156033762645,0.49901367559407306,0.5055398909872488,0.5134245604261147,0.5281119540103777,0.4988540362415821,0.009392574788632603,NORM,0,negative
S_04,S_04,5,303,snr_p_db,1195,1195,1039,1,1195,0,0,0,0,dB,7.751226024712814,7.870621316833383,7.947645428967667,8.002389858870778,8.05889362810965,8.137292456392645,8.273542862179436,8.00348841982616,0.08085223187511899,NORM,0,negative
S_04,S_04,5,303,delta_p_db,1195,1195,1039,1,1195,0,0,0,0,dB,2.7512261415542887,2.8706214274607795,2.9476455435277265,3.0023899637980294,3.058893732392993,3.1372925668592537,3.2735429824764988,3.0034885315576547,0.08085223174493275,NORM,0,negative
S_04,S_04,5,303,q_noise,1195,1195,1039,1,1195,0,0,0,0,fraction,0.4692660759373153,0.4836577721253542,0.492735532919737,0.4990889039037267,0.5055635408826709,0.514409610502117,0.5294076289708902,0.4991291576904073,0.009319383550770777,NORM,0,negative
S_04,S_04,5,404,snr_p_db,1195,1195,1039,1,1195,0,0,0,0,dB,7.7469866961673475,7.87268304214789,7.9517709328286195,8.010210331360087,8.062911714092916,8.144717658147394,8.283212822019527,8.008837337813766,0.08183507572127566,NORM,0,negative
S_04,S_04,5,404,delta_p_db,1195,1195,1039,1,1195,0,0,0,0,dB,2.7469868074261825,2.872683145175949,2.951771038851434,3.0102104406293213,3.062911829823012,3.144717766069043,3.283212926524526,3.008837449828157,0.08183507519485722,NORM,0,negative
S_04,S_04,5,404,q_noise,1195,1195,1039,1,1195,0,0,0,0,fraction,0.4687477587962366,0.48390307744840816,0.49321638237614535,0.49999102945925955,0.5060211487483379,0.5152387555372306,0.5304539761459315,0.49974354585970865,0.009421889089133325,NORM,0,negative
S_04,S_04,5,505,snr_p_db,1195,1195,1039,1,1195,0,0,0,0,dB,7.748173458483887,7.868597866253451,7.948908889043482,8.002240478813057,8.059361338692694,8.132549883813686,8.265037135098922,8.004076658698596,0.08036605469583533,NORM,0,negative
S_04,S_04,5,505,delta_p_db,1195,1195,1039,1,1195,0,0,0,0,dB,2.748173569316857,2.868597985312877,2.9489089977165763,3.0022405817715248,3.0593614491729975,3.1325500046353723,3.26503724884813,3.004076770580913,0.08036605459071897,NORM,0,negative
S_04,S_04,5,505,q_noise,1195,1195,1039,1,1195,0,0,0,0,fraction,0.4688926214410673,0.48341751292408147,0.4928823316480784,0.4990715466133481,0.5056172104035168,0.5138787589568793,0.5284845305526206,0.4991979942388007,0.00926843455114142,NORM,0,negative
S_04,S_04,5,8128,snr_p_db,1195,1195,1039,1,1195,0,0,0,0,dB,7.7676013553655645,7.881135705584589,7.947686486105052,8.000230719455152,8.052782250565663,8.133491414083052,8.269876993806351,8.002186565208252,0.07676318494335801,NORM,0,negative
S_04,S_04,5,8128,delta_p_db,1195,1195,1039,1,1195,0,0,0,0,dB,2.7676014688518986,2.881135814702456,2.9476865962206613,3.0002308253734893,3.0527823580563673,3.133491525246987,3.2698771082558844,3.0021866772354433,0.07676318516590142,NORM,0,negative
S_04,S_04,5,8128,q_noise,1195,1195,1039,1,1195,0,0,0,0,fraction,0.4712630562555358,0.4849062695838015,0.49274008844315187,0.4988398263473253,0.5048682805818033,0.5139842195089517,0.5290095792979421,0.4989875649143516,0.00884655349977048,NORM,0,negative
S_04,S_04,10,101,snr_p_db,1195,1195,1039,1,1195,0,0,0,0,dB,12.76326315126896,12.878557836688193,12.955125913471747,13.003706285647947,13.060363538969359,13.138011452365685,13.236122855773772,13.00691182088835,0.07746273269801204,NORM,0,negative
S_04,S_04,10,101,delta_p_db,1195,1195,1039,1,1195,0,0,0,0,dB,2.7632630873430664,2.8785577909629554,2.955125847913197,3.00370621531112,3.060363480909987,3.138011393164003,3.236122796701721,3.006911762373725,0.07746273245574185,NORM,0,negative
S_04,S_04,10,101,q_noise,1195,1195,1039,1,1195,0,0,0,0,fraction,0.4707345250795483,0.48460070561186813,0.4936084043113388,0.49924138193428835,0.5057313903090068,0.5144894593751785,0.525334533952862,0.4995308894268929,0.00892529821113434,NORM,0,negative
S_04,S_04,10,202,snr_p_db,1195,1195,1039,1,1195,0,0,0,0,dB,12.764649325854343,12.864952469421977,12.94581878404811,13.001734512310087,13.05868284124674,13.128494395879281,13.261607317309629,13.00111408886646,0.08139025798931343,NORM,0,negative
S_04,S_04,10,202,delta_p_db,1195,1195,1039,1,1195,0,0,0,0,dB,2.7646492646172898,2.8649523998719757,2.945818723829415,3.0017344505350216,3.0586827827542766,3.1284943408546613,3.26160724517148,3.0011140305944752,0.08139025804854919,NORM,0,negative
S_04,S_04,10,202,q_noise,1195,1195,1039,1,1195,0,0,0,0,fraction,0.47090408824298063,0.48298346530719355,0.4925215594259333,0.4990136764417537,0.5055398906698272,0.513424560406822,0.5281119542880527,0.4988540362472023,0.009392574847068846,NORM,0,negative
S_04,S_04,10,303,snr_p_db,1195,1195,1039,1,1195,0,0,0,0,dB,12.751226177079582,12.870621485599937,12.9476455955209,13.002390031449726,13.05889378922794,13.137292627536084,13.273543070055362,13.003488589920948,0.08085223233937704,NORM,0,negative
S_04,S_04,10,303,delta_p_db,1195,1195,1039,1,1195,0,0,0,0,dB,2.7512261333278456,2.8706214266684555,2.9476455446516656,3.002389969621655,3.058893733519721,3.137292562908988,3.2735430100898695,3.00348853168214,0.08085223218251769,NORM,0,negative
S_04,S_04,10,303,q_noise,1195,1195,1039,1,1195,0,0,0,0,fraction,0.4692660749319946,0.48365777203118737,0.49273553330423636,0.4990889045754181,0.5055635410109554,0.51440961006041,0.5294076319630169,0.49912915770383004,0.009319383600289511,NORM,0,negative
S_04,S_04,10,404,snr_p_db,1195,1195,1039,1,1195,0,0,0,0,dB,12.746986854473342,12.872683210409136,12.95177111313426,13.01021050505205,13.0629118931509,13.144717823062578,13.283212969801086,13.00883750866924,0.08183507511537969,NORM,0,negative
S_04,S_04,10,404,delta_p_db,1195,1195,1039,1,1195,0,0,0,0,dB,2.7469867990697256,2.8726831569081153,2.9517710405205193,3.0102104429029657,3.0629118306473195,3.144717759712747,3.283212913228317,3.0088374504821043,0.08183507559387336,NORM,0,negative
S_04,S_04,10,404,q_noise,1195,1195,1039,1,1195,0,0,0,0,fraction,0.46874775777402994,0.48390307884251244,0.49321638257091244,0.4999910297210272,0.5060211488420963,0.515238755266065,0.5304539747083857,0.49974354593416087,0.009421889135252081,NORM,0,negative
S_04,S_04,10,505,snr_p_db,1195,1195,1039,1,1195,0,0,0,0,dB,12.74817361174377,12.868598040636899,12.948909051326524,13.002240656503668,13.059361517847119,13.13255008409743,13.26503730174424,13.004076829164884,0.08036605428199835,NORM,0,negative
S_04,S_04,10,505,delta_p_db,1195,1195,1039,1,1195,0,0,0,0,dB,2.7481735659935964,2.8685979849250187,2.9489090014399,3.002240589157234,3.0593614584791684,3.1325500243713638,3.265037246144452,3.0040767706322016,0.08036605435150325,NORM,0,negative
S_04,S_04,10,505,q_noise,1195,1195,1039,1,1195,0,0,0,0,fraction,0.46889262103465906,0.4834175128779468,0.4928823320828439,0.49907154746523835,0.5056172114628887,0.5138787611660739,0.5284845302590812,0.49919799424523204,0.00926843452231486,NORM,0,negative
S_04,S_04,10,8128,snr_p_db,1195,1195,1039,1,1195,0,0,0,0,dB,12.767601517006383,12.881135856572483,12.947686660168667,13.000230877343844,13.052782421825132,13.133491593413213,13.269877164497776,13.002186735711506,0.07676318571692246,NORM,0,negative
S_04,S_04,10,8128,delta_p_db,1195,1195,1039,1,1195,0,0,0,0,dB,2.7676014643393416,2.881135803572113,2.947686597842753,3.0002308105043736,3.0527823542911054,3.1334915297444463,3.2698771039082697,3.0021866771617436,0.07676318525081101,NORM,0,negative
S_04,S_04,10,8128,q_noise,1195,1195,1039,1,1195,0,0,0,0,fraction,0.47126305570614924,0.4849062682637332,0.4927400886326031,0.49883982463148285,0.5048682801525264,0.5139842200122267,0.5290095788264453,0.4989875649056778,0.008846553509503379,NORM,0,negative
E,,0,101,snr_p_db,963,963,882,1,963,0,0,0,0,dB,-5.1705377664814644e-05,-1.2507338064075688e-05,-7.713634709400044e-06,-5.668809691659124e-06,-4.115539044799753e-06,-2.1517664544443077e-06,-1.1723075358121818e-07,-6.3236020760126405e-06,3.6579366433833165e-06,NORM,1,positive
E,,0,101,delta_p_db,963,963,882,1,963,0,0,0,0,dB,-5.170726790994568e-05,-1.2510486483998077e-05,-7.710938684648581e-06,-5.67132794113955e-06,-4.11589991359613e-06,-2.145346442513417e-06,-1.0837244799367052e-07,-6.323648858502576e-06,3.6581906444968707e-06,NORM,1,positive
E,,0,101,q_noise,963,963,882,1,963,0,0,0,0,fraction,4.612627863965421e-16,5.296208890670273e-16,5.723284078390385e-16,6.127076036622722e-16,6.517703388809449e-16,7.306162235826229e-16,9.22829228890115e-16,6.173345076379166e-16,6.088883421850367e-17,NORM,1,positive
E,,0,202,snr_p_db,963,963,882,1,963,0,0,0,0,dB,-5.1718712414097856e-05,-1.2512928762396799e-05,-7.71347927592174e-06,-5.6685930865516784e-06,-4.116548260737335e-06,-2.1443628027487163e-06,-1.1263817186571368e-07,-6.3235967780884e-06,3.658082360022749e-06,NORM,1,positive
E,,0,202,delta_p_db,963,963,882,1,963,0,0,0,0,dB,-5.170726790994568e-05,-1.2510486483998077e-05,-7.710938684889664e-06,-5.671327940657385e-06,-4.11589991359613e-06,-2.145346442513417e-06,-1.0837244799367052e-07,-6.323648858515594e-06,3.658190644497908e-06,NORM,1,positive
E,,0,202,q_noise,963,963,882,1,963,0,0,0,0,fraction,4.75723925692947e-16,5.288711719217137e-16,5.718925877030628e-16,6.105596171415585e-16,6.516286967278441e-16,7.209364995345969e-16,9.244429332682318e-16,6.157832313219702e-16,6.057221231778055e-17,NORM,1,positive
E,,0,303,snr_p_db,963,963,882,1,963,0,0,0,0,dB,-5.170857596195683e-05,-1.2511012331349445e-05,-7.715117246416938e-06,-5.666906092290902e-06,-4.117844123527786e-06,-2.1400984394286825e-06,-1.1554115489962713e-07,-6.323612405221822e-06,3.6582112683763907e-06,NORM,1,positive
E,,0,303,delta_p_db,963,963,882,1,963,0,0,0,0,dB,-5.170726790994568e-05,-1.2510486483564128e-05,-7.710938684648581e-06,-5.671327940657385e-06,-4.11589991359613e-06,-2.1453464420794696e-06,-1.0837244751150677e-07,-6.32364885851159e-06,3.6581906444927673e-06,NORM,1,positive
E,,0,303,q_noise,963,963,882,1,963,0,0,0,0,fraction,4.734066731762516e-16,5.2799462283673e-16,5.722981093422259e-16,6.116842748899275e-16,6.552904105496063e-16,7.218989577770817e-16,8.89489824954135e-16,6.170511036913468e-16,6.185932558421913e-17,NORM,1,positive
E,,0,404,snr_p_db,963,963,882,1,963,0,0,0,0,dB,-5.168863612402317e-05,-1.2513372650122574e-05,-7.71021475405853e-06,-5.667260458024756e-06,-4.113207513099502e-06,-2.1468791879688512e-06,-1.0746476702860238e-07,-6.323570778492928e-06,3.6579177158969877e-06,NORM,1,positive
E,,0,404,delta_p_db,963,963,882,1,963,0,0,0,0,dB,-5.170726790994568e-05,-1.2510486483564128e-05,-7.710938684889664e-06,-5.67132794113955e-06,-4.11589991359613e-06,-2.145346442513417e-06,-1.0837244799367052e-07,-6.323648858520601e-06,3.65819064449712e-06,NORM,1,positive
E,,0,404,q_noise,963,963,882,1,963,0,0,0,0,fraction,4.77048721921172e-16,5.312604947747657e-16,5.740064229752249e-16,6.085905583968312e-16,6.522333995848287e-16,7.192756904244689e-16,8.940537381728795e-16,6.164258572303302e-16,6.063960303929613e-17,NORM,1,positive
E,,0,505,snr_p_db,963,963,882,1,963,0,0,0,0,dB,-5.1708685787626624e-05,-1.2506010728100722e-05,-7.713303651579642e-06,-5.6675033420542194e-06,-4.118744556956799e-06,-2.149173536729781e-06,-9.924787328236077e-08,-6.3236451024091705e-06,3.6581490997014162e-06,NORM,1,positive
E,,0,505,delta_p_db,963,963,882,1,963,0,0,0,0,dB,-5.170726790994568e-05,-1.2510486483564128e-05,-7.710938684648581e-06,-5.67132794113955e-06,-4.115899913355048e-06,-2.145346442465201e-06,-1.0837244799367052e-07,-6.3236488585040785e-06,3.6581906444884237e-06,NORM,1,positive
E,,0,505,q_noise,963,963,882,1,963,0,0,0,0,fraction,4.676826622365725e-16,5.24839927911835e-16,5.740918904613912e-16,6.131870057721033e-16,6.522277212805644e-16,7.205030063101188e-16,9.145481071903865e-16,6.164562916277681e-16,6.097196785367034e-17,NORM,1,positive
E,,0,8128,snr_p_db,963,963,882,1,963,0,0,0,0,dB,-5.170426427571086e-05,-1.2513900663412603e-05,-7.714197166690202e-06,-5.674739305600142e-06,-4.1144681750088155e-06,-2.1420017911515903e-06,-1.1653370440033611e-07,-6.323590376967387e-06,3.6584892310467734e-06,NORM,1,positive
E,,0,8128,delta_p_db,963,963,882,1,963,0,0,0,0,dB,-5.170726790994568e-05,-1.2510486483998077e-05,-7.710938684648581e-06,-5.67132794113955e-06,-4.11589991359613e-06,-2.145346442513417e-06,-1.0837244799367052e-07,-6.323648858521604e-06,3.6581906444893368e-06,NORM,1,positive
E,,0,8128,q_noise,963,963,882,1,963,0,0,0,0,fraction,4.6072180013844e-16,5.256510406177485e-16,5.728079754572574e-16,6.094037699144087e-16,6.522035283340163e-16,7.207182173241055e-16,8.905669084106105e-16,6.156022163576246e-16,6.158423871842761e-17,NORM,1,positive
E,,5,101,snr_p_db,963,963,882,1,963,0,0,0,0,dB,4.999948186528066,4.999987371661699,4.999992171873854,4.999994223030172,4.999995773844832,4.999997750139171,4.999999780596444,4.99999356414181,3.6583046232142825e-06,NORM,1,positive
E,,5,101,delta_p_db,963,963,882,1,963,0,0,0,0,dB,-5.170726790753483e-05,-1.2510486482069417e-05,-7.710938682237756e-06,-5.671327938246563e-06,-4.1158999114263905e-06,-2.145346440536545e-06,-1.0837244702934303e-07,-6.323648856391167e-06,3.6581906443714226e-06,NORM,1,positive
E,,5,101,q_noise,963,963,882,1,963,0,0,0,0,fraction,7.0308350170569195e-16,8.669855466297072e-16,9.853778673569263e-16,1.0815599969370245e-15,1.2014509363945125e-15,1.4091742193252869e-15,1.954867280120877e-15,1.1038050438619735e-15,1.6752858119111488e-16,NORM,1,positive
E,,5,202,snr_p_db,963,963,882,1,963,0,0,0,0,dB,4.999948185882589,4.999987387591412,4.999992175183378,4.999994227720323,4.999995769579125,4.999997737288586,4.999999783532535,4.999993563984525,3.6576870286180517e-06,NORM,1,positive
E,,5,202,delta_p_db,963,963,882,1,963,0,0,0,0,dB,-5.170726790753483e-05,-1.2510486481635468e-05,-7.710938682719921e-06,-5.671327938246563e-06,-4.115899911185309e-06,-2.145346440584761e-06,-1.0837244654717928e-07,-6.3236488563961735e-06,3.6581906443909158e-06,NORM,1,positive
E,,5,202,q_noise,963,963,882,1,963,0,0,0,0,fraction,7.333548154287436e-16,8.724370715556428e-16,9.88449313404001e-16,1.0883811556987674e-15,1.195562255464735e-15,1.3909392979062987e-15,1.9343658002743416e-15,1.1037105811068697e-15,1.650921016740162e-16,NORM,1,positive
E,,5,303,snr_p_db,963,963,882,1,963,0,0,0,0,dB,4.999948177486246,4.999987371854333,4.999992177942209,4.999994225790455,4.999995762345309,4.999997742461327,4.999999788948878,4.999993564504639,3.658461807350137e-06,NORM,1,positive
E,,5,303,delta_p_db,963,963,882,1,963,0,0,0,0,dB,-5.170726790753483e-05,-1.2510486482069417e-05,-7.710938682719921e-06,-5.671327938246563e-06,-4.1158999114263905e-06,-2.145346440584761e-06,-1.0837244654717928e-07,-6.3236488563961735e-06,3.658190644384511e-06,NORM,1,positive
E,,5,303,q_noise,963,963,882,1,963,0,0,0,0,fraction,7.23222174306807e-16,8.605980058025213e-16,9.88182999507291e-16,1.079109839836028e-15,1.2028929240591903e-15,1.3797519165418525e-15,1.834395839865724e-15,1.1034362896153143e-15,1.6585691600090098e-16,NORM,1,positive
E,,5,404,snr_p_db,963,963,882,1,963,0,0,0,0,dB,4.99994819388941,4.999987368546998,4.999992183587883,4.999994225528395,4.999995770305753,4.9999977382765115,4.999999787525023,4.999993564720796,3.658437234706957e-06,NORM,1,positive
E,,5,404,delta_p_db,963,963,882,1,963,0,0,0,0,dB,-5.170726790753483e-05,-1.2510486481635468e-05,-7.710938682478838e-06,-5.671327938246563e-06,-4.1158999114263905e-06,-2.145346440584761e-06,-1.0837244654717928e-07,-6.323648856389664e-06,3.6581906443890985e-06,NORM,1,positive
E,,5,404,q_noise,963,963,882,1,963,0,0,0,0,fraction,7.287692102655514e-16,8.671490816226186e-16,9.877693461959277e-16,1.0811917239051388e-15,1.2038626188313256e-15,1.4012044216725857e-15,1.9643073344828846e-15,1.1041428590734796e-15,1.666004084005168e-16,NORM,1,positive
E,,5,505,snr_p_db,963,963,882,1,963,0,0,0,0,dB,4.9999481845199165,4.999987381672294,4.999992180086624,4.999994222689435,4.999995770474566,4.999997746068901,4.99999978458257,4.999993564282424,3.6580294080366786e-06,NORM,1,positive
E,,5,505,delta_p_db,963,963,882,1,963,0,0,0,0,dB,-5.170726790753483e-05,-1.2510486481683685e-05,-7.710938682719921e-06,-5.671327938246563e-06,-4.115899911185309e-06,-2.145346440536545e-06,-1.0837244654717928e-07,-6.32364885639317e-06,3.6581906443820346e-06,NORM,1,positive
E,,5,505,q_noise,963,963,882,1,963,0,0,0,0,fraction,7.414403526570053e-16,8.760349631003718e-16,9.877261040148698e-16,1.084857988635284e-15,1.1947341276597901e-15,1.4084529983935002e-15,1.9998673651839438e-15,1.1030587650862507e-15,1.6581745481912804e-16,NORM,1,positive
E,,5,8128,snr_p_db,963,963,882,1,963,0,0,0,0,dB,4.999948174945751,4.999987383350239,4.999992187700652,4.999994212514812,4.99999577551004,4.9999977481508155,4.999999774941231,4.999993564506164,3.6586459050812143e-06,NORM,1,positive
E,,5,8128,delta_p_db,963,963,882,1,963,0,0,0,0,dB,-5.170726790753483e-05,-1.2510486482117633e-05,-7.710938682478838e-06,-5.671327937764399e-06,-4.115899911185309e-06,-2.1453464401508137e-06,-1.0837244654717928e-07,-6.323648856387161e-06,3.658190644381083e-06,NORM,1,positive
E,,5,8128,q_noise,963,963,882,1,963,0,0,0,0,fraction,7.339893636884042e-16,8.671383877927363e-16,9.877552943299811e-16,1.086830162087086e-15,1.2090027896695454e-15,1.3908981770945244e-15,1.8607253249716564e-15,1.1055634183519833e-15,1.6637031161395986e-16,NORM,1,positive
E,,10,101,snr_p_db,963,963,882,1,963,0,0,0,0,dB,9.999948360489467,9.999987549207733,9.99999234804104,9.99999439009728,9.999995947402054,9.999997909526819,9.999999955334966,9.999993734525482,3.6579249260273064e-06,NORM,1,positive
E,,10,101,delta_p_db,963,963,882,1,963,0,0,0,0,dB,-5.170726790415964e-05,-1.2510486479224641e-05,-7.710938678862606e-06,-5.671327934389249e-06,-4.1158999082923246e-06,-2.1453464381739413e-06,-1.0837244654717928e-07,-6.3236488532248025e-06,3.6581906440336064e-06,NORM,1,positive
E,,10,101,q_noise,963,963,882,1,963,0,0,0,0,fraction,7.901035826747795e-16,1.154537756922775e-15,1.4899054544960745e-15,1.7693127365138527e-15,2.1142351843339126e-15,2.7203613112569884e-15,4.219117136664643e-15,1.8323262613712957e-15,4.845081039554361e-16,NORM,1,positive
E,,10,202,snr_p_db,963,963,882,1,963,0,0,0,0,dB,9.99994834482213,9.999987551089777,9.999992345698281,9.999994394158932,9.999995935927945,9.999997900904686,9.99999994104625,9.99999373509869,3.6580150711383553e-06,NORM,1,positive
E,,10,202,delta_p_db,963,963,882,1,963,0,0,0,0,dB,-5.170726790415964e-05,-1.2510486478790693e-05,-7.71093867838044e-06,-5.671327932942756e-06,-4.115899908051242e-06,-2.1453464377399936e-06,-1.0837244654717928e-07,-6.3236488532197966e-06,3.6581906440552307e-06,NORM,1,positive
E,,10,202,q_noise,963,963,882,1,963,0,0,0,0,fraction,8.165426893788364e-16,1.1570460575158765e-15,1.482586452617062e-15,1.7777063893119466e-15,2.088340358808567e-15,2.723850050944541e-15,4.4266177987763234e-15,1.8352640961332707e-15,4.879558910816028e-16,NORM,1,positive
E,,10,303,snr_p_db,963,963,882,1,963,0,0,0,0,dB,9.999948351665672,9.999987556115345,9.999992347595077,9.9999943876313,9.999995941584231,9.999997926567074,9.999999961097613,9.999993734982613,3.6582995629300715e-06,NORM,1,positive
E,,10,303,delta_p_db,963,963,882,1,963,0,0,0,0,dB,-5.1707267903677485e-05,-1.2510486479224641e-05,-7.710938679103687e-06,-5.6713279324605914e-06,-4.115899908533405e-06,-2.1453464381257252e-06,-1.0837244654717928e-07,-6.323648853239825e-06,3.6581906440461996e-06,NORM,1,positive
E,,10,303,q_noise,963,963,882,1,963,0,0,0,0,fraction,8.068429230015793e-16,1.1530831900860419e-15,1.4825773985054728e-15,1.77792969848044e-15,2.1103645811654645e-15,2.6640800133612623e-15,4.179583851870808e-15,1.830941754471709e-15,4.815530727697755e-16,NORM,1,positive
E,,10,404,snr_p_db,963,963,882,1,963,0,0,0,0,dB,9.999948353258526,9.999987545528413,9.99999234361439,9.99999439925239,9.999995938939957,9.999997914472972,9.999999942682775,9.999993734458723,3.6582081336112987e-06,NORM,1,positive
E,,10,404,delta_p_db,963,963,882,1,963,0,0,0,0,dB,-5.1707267905123987e-05,-1.2510486479272858e-05,-7.710938678862606e-06,-5.671327932942756e-06,-4.115899908774488e-06,-2.1453464380775087e-06,-1.0837244654717928e-07,-6.323648853246333e-06,3.658190644072689e-06,NORM,1,positive
E,,10,404,q_noise,963,963,882,1,963,0,0,0,0,fraction,7.961382487702067e-16,1.1547821774066927e-15,1.4877067243590561e-15,1.7789900069314377e-15,2.099245110057956e-15,2.6940384146808267e-15,4.456342087473424e-15,1.828525381608377e-15,4.807962431022384e-16,NORM,1,positive
E,,10,505,snr_p_db,963,963,882,1,963,0,0,0,0,dB,9.999948367830715,9.999987556912926,9.999992352803973,9.99999439753283,9.99999594239036,9.999997909425678,9.999999948083143,9.999993735066708,3.658197909331455e-06,NORM,1,positive
E,,10,505,delta_p_db,963,963,882,1,963,0,0,0,0,dB,-5.1707267903677485e-05,-1.2510486479224641e-05,-7.710938679585852e-06,-5.6713279324605914e-06,-4.115899908051242e-06,-2.1453464385596725e-06,-1.0837244654717928e-07,-6.323648853230312e-06,3.6581906440496094e-06,NORM,1,positive
E,,10,505,q_noise,963,963,882,1,963,0,0,0,0,fraction,8.196271219335145e-16,1.1568335258686556e-15,1.4980548433870235e-15,1.778164250529094e-15,2.1052881551697813e-15,2.6871957612225557e-15,4.457447578844301e-15,1.833341710939476e-15,4.84693615900253e-16,NORM,1,positive
E,,10,8128,snr_p_db,963,963,882,1,963,0,0,0,0,dB,9.999948370871296,9.999987556653158,9.999992348960795,9.999994396487878,9.999995938978591,9.999997907542607,9.999999956664002,9.999993734720555,3.658079589603741e-06,NORM,1,positive
E,,10,8128,delta_p_db,963,963,882,1,963,0,0,0,0,dB,-5.170726790415964e-05,-1.2510486479706806e-05,-7.710938679344769e-06,-5.6713279324605914e-06,-4.1158999082923246e-06,-2.1453464385596725e-06,-1.0837244654717928e-07,-6.323648853237821e-06,3.6581906440396127e-06,NORM,1,positive
E,,10,8128,q_noise,963,963,882,1,963,0,0,0,0,fraction,7.807578057038725e-16,1.1630121192189951e-15,1.484206866007752e-15,1.7757688820338255e-15,2.105459903472681e-15,2.6764310660278256e-15,4.1843380734444476e-15,1.830276662503343e-15,4.843869202347639e-16,NORM,1,positive
I,,0,101,snr_p_db,963,963,882,1,963,0,0,0,0,dB,1.8458936479861587,1.9394089823438732,1.996369177873088,2.038813930299655,2.080409649033363,2.135590626940209,2.237438436044164,2.039002844278971,0.06030400699617447,NORM,1,positive
I,,0,101,delta_p_db,963,963,882,1,963,0,0,0,0,dB,1.8458936461691042,1.9394089783952584,1.9963691815012365,2.0388139242237058,2.080409650231979,2.135590627603201,2.2374384381083554,2.039002844230397,0.06030400705280106,NORM,1,positive
I,,0,101,q_noise,963,963,882,1,963,0,0,0,0,fraction,0.3462521400766386,0.3601794817290157,0.3685155274381009,0.3746572246784474,0.3806183951893492,0.388438111831256,0.40261281217959577,0.3746244293917152,0.008685598612435026,NORM,1,positive
I,,0,202,snr_p_db,963,963,882,1,963,0,0,0,0,dB,1.8578516272521186,1.9456607204709688,1.9997439962923975,2.037848966718137,2.0827100999704413,2.1383295826603432,2.247085975276546,2.0403592669659405,0.059425579582176716,NORM,1,positive
I,,0,202,delta_p_db,963,963,882,1,963,0,0,0,0,dB,1.8578516265804292,1.94566071830987,1.9997439940267046,2.037848965108426,2.0827100980314883,2.1383295716302526,2.247085982341357,2.0403592672154636,0.05942557950702192,NORM,1,positive
I,,0,202,q_noise,963,963,882,1,963,0,0,0,0,fraction,0.3480501187904413,0.36109904678811483,0.3690062532565356,0.37452027744732364,0.3809461655148736,0.38882323900422566,0.40393914806251635,0.3748214875121996,0.008550842724543557,NORM,1,positive
I,,0,303,snr_p_db,963,963,882,1,963,0,0,0,0,dB,1.8616244434843865,1.9365366610056802,1.9945074858404879,2.0375063081313742,2.0795430754970408,2.1331245782674104,2.2294050100774205,2.036919312655886,0.061545847614086324,NORM,1,positive
I,,0,303,delta_p_db,963,963,882,1,963,0,0,0,0,dB,1.861624436582946,1.9365366654469085,1.994507488058325,2.037506305991047,2.0795430812842524,2.1331245784602673,2.2294050097062543,2.036919312979111,0.06154584777669485,NORM,1,positive
I,,0,303,q_noise,963,963,882,1,963,0,0,0,0,fraction,0.3486161573180701,0.3597555479463313,0.36824545424015487,0.37446934213909305,0.3804943782170144,0.3880911805962945,0.40150693795210446,0.37432182205044084,0.008869390552645831,NORM,1,positive
I,,0,404,snr_p_db,963,963,882,1,963,0,0,0,0,dB,1.7865219894229811,1.9387842069313481,1.9970260308181262,2.0360187611287706,2.0791687493940216,2.139567550434889,2.2178029314500423,2.0374052115778363,0.059784500148707176,NORM,1,positive
I,,0,404,delta_p_db,963,963,882,1,963,0,0,0,0,dB,1.7865219917075572,1.938784210930555,1.997026031138702,2.0360187696982064,2.0791687371393475,2.1395675416424975,2.2178029311057044,2.037405211638699,0.059784500070512066,NORM,1,positive
I,,0,404,q_noise,963,963,882,1,963,0,0,0,0,fraction,0.3372542414396308,0.3600868698606243,0.36861116881909134,0.37425451491918843,0.380441191171715,0.38899789802727425,0.3999071328923979,0.374395387191548,0.008609101156337194,NORM,1,positive
I,,0,505,snr_p_db,963,963,882,1,963,0,0,0,0,dB,1.8622128163821738,1.9369502424781344,1.9946973407439261,2.035496461582433,2.080972659367407,2.141550726428283,2.2196147979025547,2.037196007035718,0.06241655741818105,NORM,1,positive
I,,0,505,delta_p_db,963,963,882,1,963,0,0,0,0,dB,1.8622128086278165,1.936950241819779,1.994697332149657,2.0354964581377253,2.080972667392299,2.1415507334883266,2.219614797180902,2.037196007237332,0.06241655753060203,NORM,1,positive
I,,0,505,q_noise,963,963,882,1,963,0,0,0,0,fraction,0.3487043823142079,0.359816307339844,0.3682726794165847,0.3741794624478508,0.3806983214703012,0.3892769484125346,0.40015658369991675,0.3743599253954949,0.008987961915217191,NORM,1,positive
I,,0,8128,snr_p_db,963,963,882,1,963,0,0,0,0,dB,1.8456754348229896,1.94018899417806,1.9979536381951348,2.0363683831739072,2.0787205012077177,2.139816744561266,2.2087785941742317,2.0381653680586713,0.06032845483406954,NORM,1,positive
I,,0,8128,delta_p_db,963,963,882,1,963,0,0,0,0,dB,1.8456754317580417,1.9401889899809721,1.997953630199,2.036368380481201,2.078720505577513,2.139816739147122,2.208778591171196,2.038165367845505,0.060328455141341795,NORM,1,positive
I,,0,8128,q_noise,963,963,882,1,963,0,0,0,0,fraction,0.34622078714689597,0.36029335300459564,0.3687462683299207,0.37430452573375794,0.3803772631263447,0.3890329971034789,0.39865935319257234,0.37450379971384523,0.008685181675677096,NORM,1,positive
I,,5,101,snr_p_db,963,963,882,1,963,0,0,0,0,dB,6.845893540904918,6.9394088693275915,6.996369075932821,7.038813817091102,7.08040954185072,7.135590505311564,7.237438323449137,7.039002732405008,0.06030400697916497,NORM,1,positive
I,,5,101,delta_p_db,963,963,882,1,963,0,0,0,0,dB,1.8458936487579438,1.9394089784638078,1.9963691848386986,2.0388139307167634,2.08040965012643,2.1355906209087046,2.2374384349091745,2.0390028441246297,0.06030400693675353,NORM,1,positive
I,,5,101,q_noise,963,963,882,1,963,0,0,0,0,fraction,0.34625214046633934,0.3601794817391161,0.36851552792338205,0.37465722561338605,0.38061839517428453,0.3884381108885606,0.40261281173953734,0.3746244293767107,0.008685598597214062,NORM,1,positive
I,,5,202,snr_p_db,963,963,882,1,963,0,0,0,0,dB,6.857851509417221,6.945660623227044,6.999743886049261,7.037848840400905,7.082709999087829,7.1383294870689005,7.247085868743128,7.0403591557969785,0.05942557915626317,NORM,1,positive
I,,5,202,delta_p_db,963,963,882,1,963,0,0,0,0,dB,1.8578516191346381,1.9456607274897235,1.9997439945644815,2.037848965383478,2.0827101009788658,2.1383295866051206,2.2470859849140545,2.0403592673369024,0.05942557934791517,NORM,1,positive
I,,5,202,q_noise,963,963,882,1,963,0,0,0,0,fraction,0.3480501176727014,0.36109904813859706,0.3690062533346766,0.37452027748693717,0.3809461659350043,0.38882324111160815,0.4039391484156141,0.37482148752999733,0.008550842700696035,NORM,1,positive
I,,5,303,snr_p_db,963,963,882,1,963,0,0,0,0,dB,6.8616243202764196,6.936536554174661,6.9945073711725465,7.03750620677578,7.079542970530777,7.133124470240356,7.229404915730656,7.036919200750168,0.06154584786058329,NORM,1,positive
I,,5,303,delta_p_db,963,963,882,1,963,0,0,0,0,dB,1.8616244407502687,1.936536666190549,1.994507486393761,2.037506309551068,2.079543081698132,2.1331245834078567,2.2294050207893368,2.0369193126318503,0.06154584780411536,NORM,1,positive
I,,5,303,q_noise,963,963,882,1,963,0,0,0,0,fraction,0.3486161579431131,0.35975554805596255,0.368245453998043,0.3744693426518561,0.38049437827605026,0.38809118129339376,0.40150693947944316,0.3743218220003566,0.008869390557151068,NORM,1,positive
I,,5,404,snr_p_db,963,963,882,1,963,0,0,0,0,dB,6.78652187941712,6.938784096749955,6.997025927746377,7.036018643751652,7.079168631631616,7.139567423922124,7.217802816719338,7.0374050994379305,0.0597845001130876,NORM,1,positive
I,,5,404,delta_p_db,963,963,882,1,963,0,0,0,0,dB,1.786521991176149,1.9387842046293429,1.9970260335097558,2.0360187648882095,2.0791687397545875,2.139567538046652,2.217802929861301,2.0374052112647707,0.05978450012885255,NORM,1,positive
I,,5,404,q_noise,963,963,882,1,963,0,0,0,0,fraction,0.3372542413585363,0.3600868689321529,0.3686111691638074,0.3742545142261487,0.3804411915448027,0.38899789752138486,0.39990713272045064,0.37439538713756726,0.008609101165584557,NORM,1,positive
I,,5,505,snr_p_db,963,963,882,1,963,0,0,0,0,dB,6.8622126800390335,6.936950119074213,6.994697233146016,7.035496354482717,7.08097255517225,7.141550623062922,7.21961469379972,7.03719589536778,0.062416557757170636,NORM,1,positive
I,,5,505,delta_p_db,963,963,882,1,963,0,0,0,0,dB,1.8622128024504645,1.9369502366396265,1.9946973357901803,2.0354964627875285,2.080972671098394,2.1415507372723233,2.219614799797611,2.0371960072858877,0.06241655761366837,NORM,1,positive
I,,5,505,q_noise,963,963,882,1,963,0,0,0,0,fraction,0.34870438138781307,0.35981630657622493,0.3682726799461864,0.3741794631178896,0.38069832199878817,0.38927694894464765,0.40015658406133414,0.37435992540231644,0.008987961927412387,NORM,1,positive
I,,5,8128,snr_p_db,963,963,882,1,963,0,0,0,0,dB,6.845675320106662,6.940188886292127,6.997953518478291,7.036368265755078,7.078720403818095,7.139816628616092,7.208778491103378,7.038165255731228,0.0603284552466734,NORM,1,positive
I,,5,8128,delta_p_db,963,963,882,1,963,0,0,0,0,dB,1.8456754331713208,1.940188989568232,1.9979536305545411,2.0363683806573927,2.0787205080976863,2.139816738388279,2.2087785937928452,2.038165367815911,0.06032845532779593,NORM,1,positive
I,,5,8128,q_noise,963,963,882,1,963,0,0,0,0,fraction,0.34622078735964845,0.3602933529438565,0.3687462683815985,0.37430452575914214,0.38037726348591394,0.3890329969967171,0.3986593535555759,0.3745037997092149,0.008685181701609042,NORM,1,positive
I,,10,101,snr_p_db,963,963,882,1,963,0,0,0,0,dB,11.845893700625027,11.939409052683857,11.99636923329927,12.038813979918766,12.080409711343156,12.135590666427904,12.237438498018431,12.039002903100851,0.060304007460022784,NORM,1,positive
I,,10,101,delta_p_db,963,963,882,1,963,0,0,0,0,dB,1.8458936464615594,1.9394089806999932,1.9963691808307669,2.0388139314384315,2.0804096453393504,2.1355906167967253,2.2374384346734293,2.039002844300093,0.06030400731337702,NORM,1,positive
I,,10,101,q_noise,963,963,882,1,963,0,0,0,0,fraction,0.34625214012066224,0.36017948206855843,0.3685155273406109,0.3746572257172993,0.38061839449156454,0.38843811030952435,0.40261281170710966,0.3746244294012296,0.00868559865007229,NORM,1,positive
I,,10,202,snr_p_db,963,963,882,1,963,0,0,0,0,dB,11.857851680145652,11.945660777402622,11.999744054424294,12.037849016633789,12.082710166924585,12.138329639958414,12.247086030863974,12.040359325610586,0.0594255796198569,NORM,1,positive
I,,10,202,delta_p_db,963,963,882,1,963,0,0,0,0,dB,1.8578516236875386,1.9456607256338043,1.9997439975892424,2.037848963673865,2.08271010090178,2.1383295855180995,2.24708597823567,2.040359267147406,0.05942557950166939,NORM,1,positive
I,,10,202,q_noise,963,963,882,1,963,0,0,0,0,fraction,0.34805011835616917,0.3610990478655675,0.3690062537741263,0.3745202772407152,0.380946165924017,0.38882324095864057,0.4039391474990186,0.3748214875024151,0.008550842723457467,NORM,1,positive
I,,10,303,snr_p_db,963,963,882,1,963,0,0,0,0,dB,11.861624495524332,11.936536721141229,11.994507551572148,12.037506357624368,12.079543139706711,12.13312461415475,12.229405043823432,12.03691937086328,0.0615458473864115,NORM,1,positive
I,,10,303,delta_p_db,963,963,882,1,963,0,0,0,0,dB,1.8616244406677243,1.9365366671057305,1.9945074894746377,2.0375063044566075,2.0795430852796355,2.1331245686950937,2.2294050031131887,2.0369193127645087,0.061545847420328044,NORM,1,positive
I,,10,303,q_noise,963,963,882,1,963,0,0,0,0,fraction,0.34861615793073253,0.35975554819089356,0.36824545444619405,0.3744693419180819,0.38049437878694214,0.38809117922041697,0.4015069370435264,0.3743218220202535,0.00886939050107052,NORM,1,positive
I,,10,404,snr_p_db,963,963,882,1,963,0,0,0,0,dB,11.78652205466484,11.938784278683391,11.99702608478543,12.036018821415793,12.079168797836447,12.139567607732129,12.217802983689065,12.037405269761726,0.05978450023198679,NORM,1,positive
I,,10,404,delta_p_db,963,963,882,1,963,0,0,0,0,dB,1.7865219931184533,1.9387842094825578,1.997026029012924,2.036018769309697,2.0791687312710154,2.139567550571046,2.2178029357245084,2.037405211603386,0.059784500292087636,NORM,1,positive
I,,10,404,q_noise,963,963,882,1,963,0,0,0,0,fraction,0.33725424165493756,0.36008686964726266,0.3686111685100435,0.3742545148632108,0.3804411903345467,0.3889978992832012,0.399907133530608,0.3743953871860346,0.008609101185660927,NORM,1,positive
I,,10,505,snr_p_db,963,963,882,1,963,0,0,0,0,dB,11.862212846573637,11.936950300829135,11.994697404422217,12.035496513021545,12.080972727469792,12.141550767626807,12.21961485415651,12.03719606548424,0.062416557446113186,NORM,1,positive
I,,10,505,delta_p_db,963,963,882,1,963,0,0,0,0,dB,1.8622127994813817,1.9369502417508029,1.994697331372948,2.0354964631831556,2.080972668750751,2.1415507289220903,2.2196148030825444,2.0371960069340442,0.06241655722389246,NORM,1,positive
I,,10,505,q_noise,963,963,882,1,963,0,0,0,0,fraction,0.3487043809425505,0.35981630732965697,0.3682726793036336,0.3741794631748997,0.38069832166401574,0.3892769477704076,0.400156584515046,0.37435992535243534,0.008987961872171324,NORM,1,positive
I,,10,8128,snr_p_db,963,963,882,1,963,0,0,0,0,dB,11.845675485533437,11.940189039492008,11.99795368553275,12.036368434274147,12.07872056904652,12.139816799166777,12.208778635712648,12.038165426241944,0.060328455268559254,NORM,1,positive
I,,10,8128,delta_p_db,963,963,882,1,963,0,0,0,0,dB,1.8456754322898095,1.9401889806667583,1.9979536293689832,2.0363683833833486,2.0787205071006003,2.1398167403690205,2.208778585723717,2.0381653676322395,0.0603284554926199,NORM,1,positive
I,,10,8128,q_noise,963,963,882,1,963,0,0,0,0,fraction,0.3462207872269474,0.36029335163255627,0.3687462682092765,0.37430452615187526,0.38037726334364574,0.38903299727538,0.39865935243829376,0.3745037996824254,0.008685181727171674,NORM,1,positive
S_00,S_00,0,101,snr_p_db,963,963,882,1,963,0,0,0,0,dB,2.383690739705137,2.502512393788614,2.5750124008539785,2.621456421621695,2.6699182070072385,2.738863645599405,2.8664509418264723,2.621154899640835,0.07279932306784101,NORM,1,positive
S_00,S_00,0,101,delta_p_db,963,963,882,1,963,0,0,0,0,dB,2.383690738846382,2.50251238742922,2.5750124048339162,2.6214564182405864,2.6699182042426584,2.738863644306013,2.866450947307162,2.621154899751687,0.0727993232192856,NORM,1,positive
S_00,S_00,0,101,q_noise,963,963,882,1,963,0,0,0,0,fraction,0.42239642598180493,0.4379861799326846,0.44728870101550133,0.4531679554480546,0.4592364459312336,0.46775321568840833,0.4831615974717542,0.4530535143165846,0.009170443808501695,NORM,1,positive
S_00,S_00,0,202,snr_p_db,963,963,882,1,963,0,0,0,0,dB,2.412302831837157,2.5086923506374386,2.5704566056888756,2.6197518199776333,2.6669230702400726,2.7513656471663266,2.8662845471407135,2.6225510362900097,0.07356464614454424,NORM,1,positive
S_00,S_00,0,202,delta_p_db,963,963,882,1,963,0,0,0,0,dB,2.412302836335141,2.5086923466110864,2.570456600247694,2.6197518290412063,2.66692306932094,2.7513656501404444,2.8662845501133254,2.6225510363022866,0.0735646462783896,NORM,1,positive
S_00,S_00,0,202,q_noise,963,963,882,1,963,0,0,0,0,fraction,0.4261887091821741,0.4387836878742242,0.4467092239151762,0.452954688075108,0.45886319976047263,0.4692825850817668,0.48314176660543096,0.453227797288551,0.009245143406565145,NORM,1,positive
S_00,S_00,0,303,snr_p_db,963,963,882,1,963,0,0,0,0,dB,2.385507332419943,2.501515132282564,2.575838413190884,2.620351844801612,2.6692984849457195,2.7460562419859547,2.823588166460323,2.6218008288453363,0.07317268145673353,NORM,1,positive
S_00,S_00,0,303,delta_p_db,963,963,882,1,963,0,0,0,0,dB,2.385507331669055,2.501515134183042,2.5758384202759332,2.6203518377767434,2.6692984761734735,2.7460562380338636,2.82358816840056,2.621800828586116,0.0731726817273926,NORM,1,positive
S_00,S_00,0,303,q_noise,963,963,882,1,963,0,0,0,0,fraction,0.42263734107090245,0.4378554818422068,0.44739389650518596,0.45302885869368936,0.4591589979687501,0.4686337791075267,0.47803551549886025,0.45313406180911076,0.009216878642865332,NORM,1,positive
S_00,S_00,0,404,snr_p_db,963,963,882,1,963,0,0,0,0,dB,2.4016804521417585,2.504531494076454,2.5651817311756924,2.6166834582869605,2.664253705682885,2.7374338199700143,2.822112278488167,2.617071564769172,0.07276817104781715,NORM,1,positive
S_00,S_00,0,404,delta_p_db,963,963,882,1,963,0,0,0,0,dB,2.4016804541438184,2.504531490619994,2.5651817324371433,2.6166834622550263,2.6642537082911177,2.737433815901803,2.822112277322004,2.617071564704831,0.07276817077463464,NORM,1,positive
S_00,S_00,0,404,q_noise,963,963,882,1,963,0,0,0,0,fraction,0.42478353659249324,0.43824735930878,0.4460360240661799,0.45256749025436244,0.45853027234949634,0.4675779100079534,0.4778582651726187,0.45253914326200156,0.00916489269162297,NORM,1,positive
S_00,S_00,0,505,snr_p_db,963,963,882,1,963,0,0,0,0,dB,2.4192068046211617,2.4978382664159096,2.572284372261838,2.62043063878632,2.6689943333331767,2.7419693926355264,2.8213894628886016,2.6203381238066568,0.07376464346820516,NORM,1,positive
S_00,S_00,0,505,delta_p_db,963,963,882,1,963,0,0,0,0,dB,2.419206795838987,2.4978382680189357,2.572284371950439,2.6204306367621895,2.6689943327561307,2.7419693889899692,2.8213894621565156,2.620338123707763,0.07376464372034057,NORM,1,positive
S_00,S_00,0,505,q_noise,963,963,882,1,963,0,0,0,0,fraction,0.4271029849833637,0.43737918932117326,0.4469420935590276,0.45303882844999915,0.4591209019071145,0.4681340726573202,0.47777215173702914,0.4529486181335511,0.009288805252302555,NORM,1,positive
S_00,S_00,0,8128,snr_p_db,963,963,882,1,963,0,0,0,0,dB,2.404460852022039,2.5028435585564592,2.572936874712873,2.6199549317320114,2.668429691327816,2.735943504183312,2.878875892922585,2.6202139641878994,0.0707386159533972,NORM,1,positive
S_00,S_00,0,8128,delta_p_db,963,963,882,1,963,0,0,0,0,dB,2.4044608523598288,2.502843563770468,2.572936872043753,2.6199549266690214,2.6684296859202785,2.735943502424579,2.8788758915154355,2.620213964176936,0.07073861603881225,NORM,1,positive
S_00,S_00,0,8128,q_noise,963,963,882,1,963,0,0,0,0,fraction,0.4251517234908166,0.4380286061773839,0.4470244198505441,0.45297929228055467,0.459050636054896,0.4673951134742497,0.4846383642654077,0.4529392964886013,0.008910726320754486,NORM,1,positive
S_00,S_00,5,101,snr_p_db,963,963,882,1,963,0,0,0,0,dB,7.383690628387466,7.50251227790471,7.575012281927842,7.62145630496032,7.669918094200407,7.738863524657984,7.866450823335597,7.621154787679351,0.07279932349760446,NORM,1,positive
S_00,S_00,5,101,delta_p_db,963,963,882,1,963,0,0,0,0,dB,2.3836907367928526,2.5025123858938456,2.5750124054201997,2.6214564061719843,2.6699182045695284,2.738863643002011,2.866450941955811,2.6211548997727823,0.07279932331522106,NORM,1,positive
S_00,S_00,5,101,q_noise,963,963,882,1,963,0,0,0,0,fraction,0.42239642570868946,0.4379861797339935,0.44728870109018015,0.4531679539284638,0.459236445971934,0.4677532155285893,0.48316159683490906,0.45305351431904123,0.00917044382014166,NORM,1,positive
S_00,S_00,5,202,snr_p_db,963,963,882,1,963,0,0,0,0,dB,7.412302713750208,7.508692240266243,7.570456493692855,7.619751713020975,7.6669229608682885,7.751365522112725,7.86628444227587,7.62255092412766,0.07356464593155396,NORM,1,positive
S_00,S_00,5,202,delta_p_db,963,963,882,1,963,0,0,0,0,dB,2.4123028315828052,2.5086923496748335,2.570456598455932,2.6197518292420763,2.6669230690939094,2.751365642648826,2.866284553926464,2.6225510364041735,0.073564646041489,NORM,1,positive
S_00,S_00,5,202,q_noise,963,963,882,1,963,0,0,0,0,fraction,0.42618870855427204,0.43878368827014674,0.4467092236869745,0.45295468810040995,0.45886319973218337,0.46928258416629065,0.4831417670592364,0.45322779730187907,0.009245143377200548,NORM,1,positive
S_00,S_00,5,303,snr_p_db,963,963,882,1,963,0,0,0,0,dB,7.385507221051605,7.501515015956707,7.575838291972998,7.620351740243199,7.669298374594206,7.746056123175855,7.823588063230743,7.6218007169237305,0.07317268148248961,NORM,1,positive
S_00,S_00,5,303,delta_p_db,963,963,882,1,963,0,0,0,0,dB,2.385507324530535,2.5015151274238976,2.5758384135992713,2.6203518461607644,2.669298478986428,2.746056244597936,2.8235881671955254,2.6218008286207737,0.07317268158207432,NORM,1,positive
S_00,S_00,5,303,q_noise,963,963,882,1,963,0,0,0,0,fraction,0.4226373401218886,0.4378554809673109,0.4473938956556296,0.45302885974961293,0.4591589983190471,0.4686337799106435,0.478035515354031,0.45313406181378163,0.009216878624730921,NORM,1,positive
S_00,S_00,5,404,snr_p_db,963,963,882,1,963,0,0,0,0,dB,7.401680349398868,7.504531389505339,7.565181620525776,7.6166833709797,7.664253589797985,7.73743371649958,7.8221121543500525,7.61707145313304,0.072768170626365,NORM,1,positive
S_00,S_00,5,404,delta_p_db,963,963,882,1,963,0,0,0,0,dB,2.401680457386599,2.504531484820398,2.5651817339040743,2.616683471067968,2.664253700357013,2.7374338238377964,2.822112273346466,2.617071564722866,0.07276817057191892,NORM,1,positive
S_00,S_00,5,404,q_noise,963,963,882,1,963,0,0,0,0,fraction,0.4247835370219947,0.43824735855860475,0.44603602425324806,0.4525674913652425,0.4585302713602868,0.46757791098085577,0.4778582646946493,0.45253914326469935,0.009164892666597561,NORM,1,positive
S_00,S_00,5,505,snr_p_db,963,963,882,1,963,0,0,0,0,dB,7.419206668936092,7.497838156513651,7.572284263199016,7.6204305147642595,7.66899422410609,7.741969275456946,7.82138934884731,7.62033801153325,0.07376464317407098,NORM,1,positive
S_00,S_00,5,505,delta_p_db,963,963,882,1,963,0,0,0,0,dB,2.419206794681182,2.497838269859245,2.5722843763136733,2.6204306364294654,2.66899433500553,2.7419693813474195,2.8213894575579963,2.6203381237159173,0.07376464339443664,NORM,1,positive
S_00,S_00,5,505,q_noise,963,963,882,1,963,0,0,0,0,fraction,0.42710298483063247,0.4373791895595883,0.44694209411468033,0.45303882840809506,0.4591209021872792,0.4681340717214007,0.4777721511840692,0.4529486181352721,0.009288805211694468,NORM,1,positive
S_00,S_00,5,8128,snr_p_db,963,963,882,1,963,0,0,0,0,dB,7.404460741057962,7.502843436037595,7.572936761569546,7.619954815926065,7.668429574919983,7.735943384302338,7.878875771652637,7.620213852210141,0.07073861614261492,NORM,1,positive
S_00,S_00,5,8128,delta_p_db,963,963,882,1,963,0,0,0,0,dB,2.4044608589005545,2.502843557918334,2.5729368681880582,2.6199549335065546,2.6684296826717926,2.735943492006458,2.8788758944336665,2.6202139640987308,0.07073861587537493,NORM,1,positive
S_00,S_00,5,8128,q_noise,963,963,882,1,963,0,0,0,0,fraction,0.42515172435657134,0.4380286054201253,0.44702441935964066,0.4529792931417842,0.45905063565027615,0.4673951121966206,0.48463836461170373,0.4529392964790858,0.008910726300184104,NORM,1,positive
S_00,S_00,10,101,snr_p_db,963,963,882,1,963,0,0,0,0,dB,12.383690795173148,12.50251243739443,12.575012454396115,12.62145646105364,12.669918257246831,12.738863672253952,12.866450981313047,12.621154958228768,0.07279932296683618,NORM,1,positive
S_00,S_00,10,101,delta_p_db,963,963,882,1,963,0,0,0,0,dB,2.383690737447518,2.5025123874146447,2.5750123980936213,2.6214564079738008,2.6699182030282973,2.738863624901739,2.8664509408888152,2.6211548998824608,0.07279932301793135,NORM,1,positive
S_00,S_00,10,101,q_noise,963,963,882,1,963,0,0,0,0,fraction,0.4223964257957586,0.43798617993079675,0.4472887001578207,0.4531679541553355,0.459236445780027,0.46775321331034464,0.48316159670792974,0.45305351433348934,0.009170443780982269,NORM,1,positive
S_00,S_00,10,202,snr_p_db,963,963,882,1,963,0,0,0,0,dB,12.412302910019664,12.508692413857712,12.570456667268505,12.619751871487747,12.66692313699694,12.751365701455772,12.866284612405073,12.622551095136556,0.07356464628682531,NORM,1,positive
S_00,S_00,10,202,delta_p_db,963,963,882,1,963,0,0,0,0,dB,2.4123028407228637,2.5086923485995873,2.5704565998956674,2.619751830230235,2.6669230728315707,2.7513656465712995,2.866284556753989,2.622551036299453,0.07356464661141346,NORM,1,positive
S_00,S_00,10,202,q_noise,963,963,882,1,963,0,0,0,0,fraction,0.4261887097619017,0.43878368813117813,0.44670922387036893,0.45295468822488033,0.4588632001979298,0.4692825846456021,0.483141767395743,0.45322779728747964,0.00924514344949536,NORM,1,positive
S_00,S_00,10,303,snr_p_db,963,963,882,1,963,0,0,0,0,dB,12.38550738877599,12.50151517481356,12.575838480757117,12.620351901273148,12.669298514162435,12.74605630199933,12.823588237236777,12.62180088632883,0.0731726818394419,NORM,1,positive
S_00,S_00,10,303,delta_p_db,963,963,882,1,963,0,0,0,0,dB,2.3855073245290352,2.50151512055752,2.5758384218197823,2.6203518387178133,2.6692984581754327,2.7460562440310627,2.8235881690468623,2.621800827995375,0.07317268202849683,NORM,1,positive
S_00,S_00,10,303,q_noise,963,963,882,1,963,0,0,0,0,fraction,0.42263734012168924,0.4378554800785355,0.44739389670162655,0.45302885881221217,0.4591589957273893,0.4686337798413101,0.4780355155765373,0.45313406173408294,0.009216878682650004,NORM,1,positive
S_00,S_00,10,404,snr_p_db,963,963,882,1,963,0,0,0,0,dB,12.401680508883642,12.50453156053513,12.565181785580375,12.616683517074714,12.664253782198422,12.737433889552802,12.822112330513436,12.617071622070313,0.07276817005282925,NORM,1,positive
S_00,S_00,10,404,delta_p_db,963,963,882,1,963,0,0,0,0,dB,2.401680446642085,2.5045314930340616,2.5651817364222147,2.6166834583026226,2.6642537117454186,2.7374338197329573,2.822112272794621,2.6170715641765514,0.0727681706003242,NORM,1,positive
S_00,S_00,10,404,q_noise,963,963,882,1,963,0,0,0,0,fraction,0.42478353559890003,0.4382473596210291,0.4460360245744416,0.452567489756158,0.4585302727801673,0.4675779104776219,0.47785826462830233,0.4525391431957803,0.009164892669922528,NORM,1,positive
S_00,S_00,10,505,snr_p_db,963,963,882,1,963,0,0,0,0,dB,12.419206876190092,12.497838335646122,12.572284425253699,12.620430710679205,12.66899439330502,12.741969424982022,12.821389513235946,12.620338181746623,0.07376464365031428,NORM,1,positive
S_00,S_00,10,505,delta_p_db,963,963,882,1,963,0,0,0,0,dB,2.4192068082160665,2.4978382656790354,2.5722843708908654,2.620430642023332,2.6689943314464357,2.7419693786823496,2.8213894559035686,2.6203381233509018,0.07376464374749757,NORM,1,positive
S_00,S_00,10,505,q_noise,963,963,882,1,963,0,0,0,0,fraction,0.4271029866160788,0.4373791890180576,0.4469420934240975,0.45303882911260035,0.45912090174399034,0.4681340713950048,0.47777215098512854,0.45294861808855436,0.009288805254249825,NORM,1,positive
S_00,S_00,10,8128,snr_p_db,963,963,882,1,963,0,0,0,0,dB,12.40446090733656,12.502843625770355,12.572936917981359,12.619954979289773,12.668429751483899,12.735943559520924,12.878875934712589,12.62021402281666,0.07073861545848407,NORM,1,positive
S_00,S_00,10,8128,delta_p_db,963,963,882,1,963,0,0,0,0,dB,2.4044608487437538,2.5028435682305465,2.572936867630532,2.6199549250020793,2.668429682273625,2.7359434929699726,2.8788758880748997,2.620213964113062,0.07073861605009214,NORM,1,positive
S_00,S_00,10,8128,q_noise,963,963,882,1,963,0,0,0,0,fraction,0.42515172301217957,0.43802860675451216,0.4470244192886612,0.452979292070593,0.4590506356006723,0.46739511231478437,0.48463836385713177,0.4529392964805309,0.008910726322549146,NORM,1,positive
S_01,S_01,0,101,snr_p_db,963,963,882,1,963,0,0,0,0,dB,1.3995966566558906,1.540352960174995,1.5959214610762626,1.6329008104812934,1.6771432298116111,1.7409286583158112,1.8297572145064989,1.6365182164581715,0.06156094219280052,NORM,1,positive
S_01,S_01,0,101,delta_p_db,963,963,882,1,963,0,0,0,0,dB,1.3995966442729415,1.5403529555180109,1.5959214593804254,1.6329008080211347,1.67714322538106,1.7409286594996811,1.8297572163036637,1.6365182164858278,0.06156094235454561,NORM,1,positive
S_01,S_01,0,101,q_noise,963,963,882,1,963,0,0,0,0,fraction,0.27549756522865865,0.29860278583979233,0.3075201843382703,0.31339109816050215,0.3203504842719525,0.33025926066835565,0.34381879074686283,0.3138941717033733,0.00971832794014124,NORM,1,positive
S_01,S_01,0,202,snr_p_db,963,963,882,1,963,0,0,0,0,dB,1.4639115104128317,1.5313756944903634,1.598300806782766,1.6351335295328369,1.6783508607199351,1.7360290000641507,1.8108020288493272,1.6362829177477258,0.060818186195925925,NORM,1,positive
S_01,S_01,0,202,delta_p_db,963,963,882,1,963,0,0,0,0,dB,1.4639115196624095,1.5313756818615656,1.5983008117378448,1.6351335186124225,1.6783508583415545,1.7360290066316317,1.810802028962378,1.6362829176382097,0.06081818651692371,NORM,1,positive
S_01,S_01,0,202,q_noise,963,963,882,1,963,0,0,0,0,fraction,0.28614914202829317,0.29715202409336555,0.30789974113642055,0.3137441517539447,0.32053923467999923,0.3295042356097043,0.3409480857196731,0.31385860868838755,0.00960995713403433,NORM,1,positive
S_01,S_01,0,303,snr_p_db,963,963,882,1,963,0,0,0,0,dB,1.4649559671178145,1.537791107939736,1.5979470978979555,1.6373374008237829,1.6831029637961186,1.7414042429265795,1.826206208782928,1.638748094263337,0.06132669776800151,NORM,1,positive
S_01,S_01,0,303,delta_p_db,963,963,882,1,963,0,0,0,0,dB,1.4649559653015907,1.537791112123824,1.5979470999562437,1.6373373921499146,1.6831029678788225,1.741404232418685,1.8262062109173949,1.6387480940623709,0.06132669794314157,NORM,1,positive
S_01,S_01,0,303,q_noise,963,963,882,1,963,0,0,0,0,fraction,0.28631950269057505,0.2981887902835319,0.30784287574285446,0.31409218890850216,0.32128248718945496,0.33033242414078656,0.3432819364990285,0.31424687741463997,0.00967752879740877,NORM,1,positive
S_01,S_01,0,404,snr_p_db,963,963,882,1,963,0,0,0,0,dB,1.4623358871219176,1.5340934811644968,1.5958011996103765,1.6381320843077174,1.6809620559840908,1.7402346534531858,1.8318125501674736,1.6383390449243147,0.06267007711621503,NORM,1,positive
S_01,S_01,0,404,delta_p_db,963,963,882,1,963,0,0,0,0,dB,1.4623358892705873,1.5340934847048606,1.5958011965836425,1.6381320799003483,1.680962055636043,1.7402346519701197,1.8318125506254102,1.6383390448045603,0.06267007698673316,NORM,1,positive
S_01,S_01,0,404,q_noise,963,963,882,1,963,0,0,0,0,fraction,0.28588860728552457,0.2975909424548347,0.3075006443802373,0.31421790629113805,0.32094786598256725,0.3301521737090522,0.3441298020364237,0.3141792438473409,0.009894231653994947,NORM,1,positive
S_01,S_01,0,505,snr_p_db,963,963,882,1,963,0,0,0,0,dB,1.460607743691398,1.5417930027527256,1.59710121971133,1.635507197724033,1.6804088816381746,1.7407820380152361,1.8581101077373694,1.6392606634206186,0.061583172925804355,NORM,1,positive
S_01,S_01,0,505,delta_p_db,963,963,882,1,963,0,0,0,0,dB,1.4606077447923593,1.5417930079831548,1.5971012228700732,1.635507196872923,1.6804088797705732,1.7407820370908307,1.8581101062815162,1.639260663438008,0.06158317300681327,NORM,1,positive
S_01,S_01,0,505,q_noise,963,963,882,1,963,0,0,0,0,fraction,0.2856048856839339,0.29883499782767653,0.3077074402102616,0.3138028474728813,0.32086204221364745,0.3302372501191401,0.3480893324389617,0.3143272617276752,0.009711360128793952,NORM,1,positive
S_01,S_01,0,8128,snr_p_db,963,963,882,1,963,0,0,0,0,dB,1.4556046265518316,1.5383161282994826,1.5932748897581193,1.63657978950241,1.6770629317742602,1.7386016255709345,1.8841113945172134,1.6364935268310483,0.06217033088518128,NORM,1,positive
S_01,S_01,0,8128,delta_p_db,963,963,882,1,963,0,0,0,0,dB,1.455604628105347,1.538316121072673,1.5932748957949858,1.636579788569814,1.6770629335576346,1.7386016255841574,1.8841113963970881,1.6364935270107688,0.062170330790625464,NORM,1,positive
S_01,S_01,0,8128,q_noise,963,963,882,1,963,0,0,0,0,fraction,0.2847844091671715,0.2982732502351282,0.30709743057658956,0.3139724908097391,0.32033762807975596,0.3299011226606629,0.3519805601247275,0.31388891236325156,0.009812330626503947,NORM,1,positive
S_01,S_01,5,101,snr_p_db,963,963,882,1,963,0,0,0,0,dB,6.39959653242549,6.540352844179298,6.595921341201501,6.632900709961479,6.6771431058657775,6.740928549944258,6.829757104950133,6.636518104309752,0.06156094304126547,NORM,1,positive
S_01,S_01,5,101,delta_p_db,963,963,882,1,963,0,0,0,0,dB,1.399596641345051,1.540352952701739,1.5959214582411554,1.632900804561395,1.6771432225180427,1.7409286576381855,1.8297572189372127,1.636518216526269,0.06156094234205842,NORM,1,positive
S_01,S_01,5,101,q_noise,963,963,882,1,963,0,0,0,0,fraction,0.27549756474021964,0.2986027853849528,0.3075201841566053,0.31339109761352596,0.3203504838239292,0.33025926038128495,0.34381879114476926,0.3138941717097939,0.009718327937314315,NORM,1,positive
S_01,S_01,5,202,snr_p_db,963,963,882,1,963,0,0,0,0,dB,6.463911417401313,6.531375571411228,6.598300692060853,6.635133414253371,6.678350749540563,6.7360289024498,6.810801900461406,6.636282805655679,0.06081818638521394,NORM,1,positive
S_01,S_01,5,202,delta_p_db,963,963,882,1,963,0,0,0,0,dB,1.4639115230670696,1.5313756794933693,1.5983008041595115,1.6351335222939363,1.6783508605205817,1.736029006475771,1.810802026154722,1.6362829178125948,0.06081818657980152,NORM,1,positive
S_01,S_01,5,202,q_noise,963,963,882,1,963,0,0,0,0,fraction,0.2861491425879179,0.29715202371010685,0.3078997399287238,0.31374415233568365,0.3205392350208995,0.3295042355856465,0.34094808529360493,0.3138586087157953,0.009609957144525389,NORM,1,positive
S_01,S_01,5,303,snr_p_db,963,963,882,1,963,0,0,0,0,dB,6.464955853600765,6.537791001372171,6.5979469821531875,6.637337286785931,6.683102861416941,6.741404120434881,6.826206092320625,6.638747982410828,0.06132669779607575,NORM,1,positive
S_01,S_01,5,303,delta_p_db,963,963,882,1,963,0,0,0,0,dB,1.464955957752274,1.537791115351959,1.597947091145234,1.6373373914208047,1.683102973742045,1.7414042282378732,1.826206212679034,1.638748094052174,0.061326697896037195,NORM,1,positive
S_01,S_01,5,303,q_noise,963,963,882,1,963,0,0,0,0,fraction,0.2863195014499882,0.2981887908051935,0.3078428743386029,0.3140921887933495,0.3212824881057627,0.3303324234961199,0.34328193676541474,0.3142468774131342,0.009677528790126228,NORM,1,positive
S_01,S_01,5,404,snr_p_db,963,963,882,1,963,0,0,0,0,dB,6.4623357780902735,6.534093363788565,6.595801081240904,6.63813198106464,6.680961941395504,6.740234538531774,6.831812422576942,6.63833893314666,0.06267007702433894,NORM,1,positive
S_01,S_01,5,404,delta_p_db,963,963,882,1,963,0,0,0,0,dB,1.4623358852827897,1.5340934812246523,1.595801194720822,1.6381320754315247,1.6809620614608936,1.74023465334599,1.8318125427882204,1.6383390447706379,0.0626700773133913,NORM,1,positive
S_01,S_01,5,404,q_noise,963,963,882,1,963,0,0,0,0,fraction,0.28588860662981014,0.29759094189196605,0.30750064408324296,0.3142179055854789,0.3209478659766658,0.33015217392128576,0.3441298008528536,0.31417924384123974,0.00989423170582638,NORM,1,positive
S_01,S_01,5,505,snr_p_db,963,963,882,1,963,0,0,0,0,dB,6.4606076255323615,6.541792899727369,6.597101109769893,6.635507065537397,6.680408766332491,6.740781908989495,6.858110003168952,6.6392605515196035,0.06158317241848232,NORM,1,positive
S_01,S_01,5,505,delta_p_db,963,963,882,1,963,0,0,0,0,dB,1.4606077461037839,1.5417930110044,1.597101221450029,1.635507194628425,1.680408880421916,1.7407820301983719,1.8581101097233454,1.6392606634634461,0.06158317282371816,NORM,1,positive
S_01,S_01,5,505,q_noise,963,963,882,1,963,0,0,0,0,fraction,0.2856048858996573,0.2988349983154563,0.3077074399838893,0.31380284711824463,0.3208620423155042,0.3302372490561926,0.34808933295560773,0.314327261732104,0.009711360099145836,NORM,1,positive
S_01,S_01,5,8128,snr_p_db,963,963,882,1,963,0,0,0,0,dB,6.455604510887766,6.538316020023193,6.593274788564338,6.636579668381213,6.67706282777127,6.738601516653042,6.884111276797308,6.636493414847796,0.062170330654740806,NORM,1,positive
S_01,S_01,5,8128,delta_p_db,963,963,882,1,963,0,0,0,0,dB,1.455604621406679,1.5383161248081727,1.5932748999654345,1.636579792682533,1.6770629390744167,1.7386016226620125,1.8841113935708287,1.63649352684738,0.062170330606605956,NORM,1,positive
S_01,S_01,5,8128,q_noise,963,963,882,1,963,0,0,0,0,fraction,0.28478440806400496,0.2982732508387051,0.30709743124197053,0.3139724914593993,0.3203376289431141,0.3299011222097918,0.35198055970301567,0.3138889123378516,0.00981233059840376,NORM,1,positive
S_01,S_01,10,101,snr_p_db,963,963,882,1,963,0,0,0,0,dB,11.39959671607029,11.540353014089423,11.595921516055185,11.632900878522412,11.6771432901247,11.740928709806777,11.829757277001917,11.636518274752719,0.06156094182569632,NORM,1,positive
S_01,S_01,10,101,delta_p_db,963,963,882,1,963,0,0,0,0,dB,1.3995966429487072,1.5403529495670016,1.5959214574504617,1.6329008084391954,1.67714322245517,1.740928655968024,1.8297572194460119,1.6365182163101752,0.0615609420301566,NORM,1,positive
S_01,S_01,10,101,q_noise,963,963,882,1,963,0,0,0,0,fraction,0.27549756500774614,0.2986027848786802,0.3075201840305368,0.31339109822659655,0.3203504838140859,0.3302592601237228,0.3438187912216444,0.3138941716763485,0.009718327889366012,NORM,1,positive
S_01,S_01,10,202,snr_p_db,963,963,882,1,963,0,0,0,0,dB,11.463911579497807,11.531375743281988,11.59830086520341,11.635133583324587,11.678350925982844,11.736029056924098,11.810802089132554,11.636282976588465,0.060818186534700155,NORM,1,positive
S_01,S_01,10,202,delta_p_db,963,963,882,1,963,0,0,0,0,dB,1.463911521779965,1.5313756811673653,1.5983008073098006,1.6351335140780674,1.6783508621324108,1.7360290042393784,1.8108020275365582,1.63628291762258,0.06081818673745951,NORM,1,positive
S_01,S_01,10,202,q_noise,963,963,882,1,963,0,0,0,0,fraction,0.2861491423763562,0.2971520239810118,0.3078997404307612,0.3137441510374429,0.32053923527307904,0.32950423524038464,0.3409480855033017,0.3138586086854291,0.009609957169289057,NORM,1,positive
S_01,S_01,10,303,snr_p_db,963,963,882,1,963,0,0,0,0,dB,11.464956024268782,11.53779116601263,11.597947156207773,11.637337455826145,11.683103020775086,11.741404293430207,11.826206251150083,11.638748152587748,0.06132669796119751,NORM,1,positive
S_01,S_01,10,303,delta_p_db,963,963,882,1,963,0,0,0,0,dB,1.4649559674893273,1.537791114991792,1.5979471006855395,1.6373373935274578,1.6831029716866515,1.7414042329007602,1.8262062055595112,1.6387480941524764,0.061326698002891394,NORM,1,positive
S_01,S_01,10,303,q_noise,963,963,882,1,963,0,0,0,0,fraction,0.286319503050088,0.29818879074699123,0.3078428758590802,0.31409218912606607,0.3212824877845697,0.3303324242151211,0.3432819356888366,0.31424687742872814,0.009677528808045264,NORM,1,positive
S_01,S_01,10,404,snr_p_db,963,963,882,1,963,0,0,0,0,dB,11.462335949295673,11.534093534267587,11.59580126197559,11.638132141261554,11.680962101301567,11.74023469437733,11.831812608932214,11.638339102668922,0.0626700766239478,NORM,1,positive
S_01,S_01,10,404,delta_p_db,963,963,882,1,963,0,0,0,0,dB,1.462335893596109,1.5340934816331087,1.595801198020415,1.6381320787002478,1.6809620611175573,1.7402346492649805,1.8318125431853571,1.6383390446942683,0.06267007697220911,NORM,1,positive
S_01,S_01,10,404,q_noise,963,963,882,1,963,0,0,0,0,fraction,0.2858886079967711,0.29759094195801544,0.3075006446094516,0.31421790610163375,0.3209478654929727,0.33015217329183816,0.3441298009128291,0.31417924382995843,0.009894231651686966,NORM,1,positive
S_01,S_01,10,505,snr_p_db,963,963,882,1,963,0,0,0,0,dB,11.460607814827204,11.541793073755434,11.597101271280973,11.635507260413462,11.680408938317251,11.74078209749141,11.858110175527267,11.639260721836223,0.061583173374585375,NORM,1,positive
S_01,S_01,10,505,delta_p_db,963,963,882,1,963,0,0,0,0,dB,1.4606077474713088,1.5417930054506974,1.5971012206695736,1.6355071908879752,1.680408878578224,1.7407820425665892,1.8581101191843854,1.6392606633308822,0.06158317328959257,NORM,1,positive
S_01,S_01,10,505,q_noise,963,963,882,1,963,0,0,0,0,fraction,0.28560488612460927,0.29883499741881525,0.30770743985948523,0.31380284652724333,0.3208620420271563,0.3302372509635909,0.3480893343757854,0.31432726171013026,0.009711360173599096,NORM,1,positive
S_01,S_01,10,8128,snr_p_db,963,963,882,1,963,0,0,0,0,dB,11.455604680596128,11.538316190022543,11.593274951587059,11.636579846068944,11.677063006748131,11.73860168116865,11.884111431189798,11.636493585442048,0.06217033055634986,NORM,1,positive
S_01,S_01,10,8128,delta_p_db,963,963,882,1,963,0,0,0,0,dB,1.4556046179420177,1.5383161210607093,1.593274899661075,1.6365797992342181,1.6770629433810753,1.7386016210856168,1.8841113928065003,1.6364935267599172,0.06217033055378591,NORM,1,positive
S_01,S_01,10,8128,q_noise,963,963,882,1,963,0,0,0,0,fraction,0.28478440749342887,0.29827325023319573,0.30709743119340716,0.31397249249432757,0.3203376296171143,0.3299011219666202,0.3519805595889687,0.3138889123241551,0.009812330589851672,NORM,1,positive
S_02,S_02,0,101,snr_p_db,963,963,882,1,963,0,0,0,0,dB,0.9260757256731538,1.0599698458580964,1.1088311355409268,1.1432882757800162,1.1807603666617719,1.232060557684478,1.2963573148359417,1.1444786586078803,0.052665718598933146,NORM,1,positive
S_02,S_02,0,101,delta_p_db,963,963,882,1,963,0,0,0,0,dB,0.9260757158570514,1.0599698489978515,1.1088311357869494,1.1432882771209312,1.180760369013826,1.232060560397964,1.2963573099442054,1.1444786585867341,0.05266571872482998,NORM,1,positive
S_02,S_02,0,101,q_noise,963,963,882,1,963,0,0,0,0,fraction,0.19203612733180223,0.2165662927016841,0.22533062771701504,0.23145292071101403,0.23805569004719507,0.24700335495704107,0.2580691639714282,0.2316070099227509,0.009315156069993885,NORM,1,positive
S_02,S_02,0,202,snr_p_db,963,963,882,1,963,0,0,0,0,dB,0.9943028786200604,1.0619548693154648,1.108519464911779,1.1431687642621189,1.178327110192959,1.2241746267365767,1.308676028201402,1.1436293776152415,0.05026576101249545,NORM,1,positive
S_02,S_02,0,202,delta_p_db,963,963,882,1,963,0,0,0,0,dB,0.994302876165333,1.0619548779808472,1.1085194674273375,1.1431687636267753,1.1783271135641513,1.224174623008045,1.3086760351199753,1.1436293776369268,0.050265761170295395,NORM,1,positive
S_02,S_02,0,202,q_noise,963,963,882,1,963,0,0,0,0,fraction,0.20463103055996348,0.21692385737682127,0.2252757276888367,0.23143197364606646,0.2376281552048793,0.24563543109490368,0.26016951059790583,0.23146175456136603,0.00889349677004611,NORM,1,positive
S_02,S_02,0,303,snr_p_db,963,963,882,1,963,0,0,0,0,dB,1.0028364199163249,1.057880259536656,1.1069472294389646,1.1433629368270184,1.1792153579432623,1.2328733573478736,1.3103480640473726,1.144030639224297,0.052950918796262805,NORM,1,positive
S_02,S_02,0,303,delta_p_db,963,963,882,1,963,0,0,0,0,dB,1.0028364188798276,1.057880256541558,1.1069472267622695,1.1433629263651435,1.179215359489827,1.2328733606078286,1.3103480575528934,1.1440306390767927,0.05295091872895275,NORM,1,positive
S_02,S_02,0,303,q_noise,963,963,882,1,963,0,0,0,0,fraction,0.20619195350206912,0.21618926165618277,0.22499492010900696,0.2314654562366986,0.23778484064321814,0.2471438173084947,0.2604548485296503,0.2315271470155953,0.00936121667797553,NORM,1,positive
S_02,S_02,0,404,snr_p_db,963,963,882,1,963,0,0,0,0,dB,0.9860864736744652,1.056976380365428,1.1118651725956252,1.1448917480228844,1.1804316940802462,1.2319181790164153,1.3163343797001728,1.146391926575919,0.052439120839739735,NORM,1,positive
S_02,S_02,0,404,delta_p_db,963,963,882,1,963,0,0,0,0,dB,0.9860864720562984,1.056976383074055,1.1118651743743546,1.1448917372345242,1.1804316985381558,1.2319181818108027,1.3163343781424133,1.14639192649309,0.05243912096802369,NORM,1,positive
S_02,S_02,0,404,q_noise,963,963,882,1,963,0,0,0,0,fraction,0.20312435620659489,0.21602571468072407,0.22587155151530613,0.23173659703977365,0.2379978505010904,0.2469778812364265,0.26147394465412144,0.23194593793893545,0.009269622264177366,NORM,1,positive
S_02,S_02,0,505,snr_p_db,963,963,882,1,963,0,0,0,0,dB,0.9552463859460556,1.0618001976362217,1.1104358363119857,1.1434911145011446,1.1819278649909675,1.2334892911664577,1.3301566768133726,1.1465189927881703,0.05283435562015736,NORM,1,positive
S_02,S_02,0,505,delta_p_db,963,963,882,1,963,0,0,0,0,dB,0.9552463777974172,1.0618001939543658,1.1104358327915027,1.1434911049656629,1.1819278678528504,1.2334892848406322,1.3301566779558882,1.1465189926058106,0.05283435543865441,NORM,1,positive
S_02,S_02,0,505,q_noise,963,963,882,1,963,0,0,0,0,fraction,0.19744665171309755,0.21689665185249155,0.22561722585209973,0.23148851298189138,0.23825952418101615,0.24725017761608997,0.26382047248396573,0.23196758760248895,0.009333210757238935,NORM,1,positive
S_02,S_02,0,8128,snr_p_db,963,963,882,1,963,0,0,0,0,dB,0.9349997975791168,1.0538125040572084,1.1103140397953828,1.1444350793860796,1.1804519520437262,1.2315597561451503,1.3220735612122203,1.144771763404985,0.05409892246155804,NORM,1,positive
S_02,S_02,0,8128,delta_p_db,963,963,882,1,963,0,0,0,0,dB,0.9349997987743462,1.053812503585857,1.1103140416330923,1.144435077764683,1.1804519523203143,1.231559750002482,1.322073564463695,1.1447717632738452,0.054098922573467864,NORM,1,positive
S_02,S_02,0,8128,q_noise,963,963,882,1,963,0,0,0,0,fraction,0.19369852194636314,0.21545449774361225,0.22559501572993113,0.2316558027332252,0.2380010130580612,0.24691575812353414,0.2624489635459034,0.23165573440407014,0.009572839131065753,NORM,1,positive
S_02,S_02,5,101,snr_p_db,963,963,882,1,963,0,0,0,0,dB,5.926075600651135,6.059969740242963,6.1088310158690415,6.1432881694810915,6.18076025302419,6.232060455303948,6.296357215772189,6.144478546487606,0.052665719149573485,NORM,1,positive
S_02,S_02,5,101,delta_p_db,963,963,882,1,963,0,0,0,0,dB,0.9260757126524782,1.0599698531094934,1.108831135691545,1.1432882728245823,1.1807603649203102,1.2320605604501031,1.2963573153863681,1.1444786586372537,0.05266571863508683,NORM,1,positive
S_02,S_02,5,101,q_noise,963,963,882,1,963,0,0,0,0,fraction,0.1920361267356217,0.21656629344339592,0.2253306276999984,0.23145291995071296,0.2380556893290126,0.24700335496607276,0.2580691649011448,0.2316070099318798,0.00931515605446865,NORM,1,positive
S_02,S_02,5,202,snr_p_db,963,963,882,1,963,0,0,0,0,dB,5.9943027482153886,6.061954763276976,6.108519351070612,6.143168671696678,6.178326994837652,6.224174504144687,6.30867591268053,6.143629265559178,0.05026576065867908,NORM,1,positive
S_02,S_02,5,202,delta_p_db,963,963,882,1,963,0,0,0,0,dB,0.9943028705741452,1.061954876634677,1.1085194632298154,1.1431687691178078,1.178327116521272,1.224174618811271,1.3086760345596073,1.1436293777325686,0.050265761043344806,NORM,1,positive
S_02,S_02,5,202,q_noise,963,963,882,1,963,0,0,0,0,fraction,0.20463102953599072,0.21692385713409368,0.2252757269400612,0.23143197327889423,0.23762815572395796,0.2456354303659344,0.26016951050244597,0.23146175457855198,0.008893496747062756,NORM,1,positive
S_02,S_02,5,303,snr_p_db,963,963,882,1,963,0,0,0,0,dB,6.002836312418499,6.057880146406773,6.10694711329928,6.143362804251215,6.1792152485464715,6.232873244925993,6.310347954680068,6.1440305274488916,0.05295091872918424,NORM,1,positive
S_02,S_02,5,303,delta_p_db,963,963,882,1,963,0,0,0,0,dB,1.0028364218134769,1.0578802601833555,1.106947223556992,1.1433629222701573,1.1792153570382942,1.232873358600566,1.3103480624902197,1.1440306390595383,0.052950918811462286,NORM,1,positive
S_02,S_02,5,303,q_noise,963,963,882,1,963,0,0,0,0,fraction,0.20619195403828475,0.21618926231345,0.22499491953702372,0.23146545551204312,0.23778484021295584,0.24714381696054386,0.2604548493704107,0.2315271470123661,0.009361216692222474,NORM,1,positive
S_02,S_02,5,404,snr_p_db,963,963,882,1,963,0,0,0,0,dB,5.986086374921706,6.056976272678534,6.111865058590214,6.14489161327538,6.18043158616274,6.231918070100322,6.3163342547481625,6.146391814660558,0.05243912038451052,NORM,1,positive
S_02,S_02,5,404,delta_p_db,963,963,882,1,963,0,0,0,0,dB,0.9860864786892625,1.0569763828460281,1.1118651770491463,1.1448917320767624,1.1804316928781415,1.2319181874883693,1.3163343818864768,1.146391926411492,0.05243912088899346,NORM,1,positive
S_02,S_02,5,404,q_noise,963,963,882,1,963,0,0,0,0,fraction,0.2031243574236601,0.2160257146395533,0.22587155199207679,0.23173659612736974,0.23799784950799874,0.24697788222086345,0.2614739452908066,0.23194593792467535,0.00926962224985262,NORM,1,positive
S_02,S_02,5,505,snr_p_db,963,963,882,1,963,0,0,0,0,dB,5.955246273075861,6.061800079571514,6.11043571983809,6.143491003128677,6.1819277567631055,6.233489176376267,6.330156565250013,6.146518880506944,0.05283435497465937,NORM,1,positive
S_02,S_02,5,505,delta_p_db,963,963,882,1,963,0,0,0,0,dB,0.955246379830721,1.0618001882700676,1.1104358292844496,1.1434911050626682,1.1819278673443225,1.2334892868924816,1.3301566783857726,1.1465189925554617,0.05283435516376068,NORM,1,positive
S_02,S_02,5,505,q_noise,963,963,882,1,963,0,0,0,0,fraction,0.19744665208884132,0.2168966508275101,0.22561722522678013,0.231488512999057,0.23825952409181547,0.24725017797172777,0.2638204725568361,0.23196758759417652,0.009333210708472262,NORM,1,positive
S_02,S_02,5,8128,snr_p_db,963,963,882,1,963,0,0,0,0,dB,5.934999683158983,6.0538123983275565,6.110313917776309,6.144434971775359,6.180451831659369,6.231559642894027,6.322073444246957,6.14477165134981,0.054098922782753064,NORM,1,positive
S_02,S_02,5,8128,delta_p_db,963,963,882,1,963,0,0,0,0,dB,0.9349997971787101,1.0538125047596254,1.1103140397825797,1.1444350825999055,1.18045194779895,1.2315597462144827,1.322073568276342,1.14477176323942,0.054098922720547386,NORM,1,positive
S_02,S_02,5,8128,q_noise,963,963,882,1,963,0,0,0,0,fraction,0.19369852165012097,0.21545449795565022,0.2255950153999597,0.23165580358866206,0.23800101226475814,0.24691575746668867,0.2624489641933954,0.23165573439765505,0.009572839157376199,NORM,1,positive
S_02,S_02,10,101,snr_p_db,963,963,882,1,963,0,0,0,0,dB,10.926075789049367,11.059969916429642,11.108831191309651,11.14328835703562,11.180760424581017,11.232060606441397,11.296357379269786,11.144478716727852,0.0526657183571196,NORM,1,positive
S_02,S_02,10,101,delta_p_db,963,963,882,1,963,0,0,0,0,dB,0.9260757161753365,1.0599698490552523,1.1088311385462553,1.1432882828682842,1.1807603656488121,1.2320605608333681,1.296357308700867,1.1444786585034519,0.05266571834121716,NORM,1,positive
S_02,S_02,10,101,q_noise,963,963,882,1,963,0,0,0,0,fraction,0.1920361273910162,0.2165662927120464,0.22533062820920763,0.23145292172809168,0.2380556894568262,0.24700335503250614,0.25806916375902134,0.23160700990883373,0.009315156003329848,NORM,1,positive
S_02,S_02,10,202,snr_p_db,963,963,882,1,963,0,0,0,0,dB,10.994302916913528,11.061954936208911,11.10851952436874,11.143168824645915,11.17832718704765,11.224174674015066,11.308676091593512,11.143629436626123,0.05026576046503417,NORM,1,positive
S_02,S_02,10,202,delta_p_db,963,963,882,1,963,0,0,0,0,dB,0.9943028717387626,1.061954880282866,1.1085194631775224,1.1431687711700453,1.1783271114250127,1.2241746187008689,1.3086760359162168,1.1436293777739361,0.05026576086842139,NORM,1,positive
S_02,S_02,10,202,q_noise,963,963,882,1,963,0,0,0,0,fraction,0.20463102974927938,0.2169238577918999,0.22527572693072195,0.23143197271889138,0.23762815482934735,0.24563543034674865,0.26016951073354744,0.23146175458623067,0.008893496715934795,NORM,1,positive
S_02,S_02,10,303,snr_p_db,963,963,882,1,963,0,0,0,0,dB,11.002836498209653,11.057880313687175,11.106947283707768,11.143362979245229,11.17921542697573,11.232873433381373,11.310348109475717,11.144030697863816,0.052950918476249734,NORM,1,positive
S_02,S_02,10,303,delta_p_db,963,963,882,1,963,0,0,0,0,dB,1.0028364207661356,1.0578802554719826,1.106947226952901,1.1433629235001808,1.1792153555565457,1.232873366142054,1.3103480543749475,1.1440306389292174,0.05295091882144686,NORM,1,positive
S_02,S_02,10,303,q_noise,963,963,882,1,963,0,0,0,0,fraction,0.2061919538468505,0.2161892614631436,0.2249949201430175,0.2314654557297101,0.237784839952902,0.24714381826784704,0.26045484798848884,0.23152714698928348,0.009361216694538628,NORM,1,positive
S_02,S_02,10,404,snr_p_db,963,963,882,1,963,0,0,0,0,dB,10.986086542985591,11.056976450849286,11.111865226641065,11.144891785430886,11.18043175801256,11.231918227210805,11.316334427074965,11.146391984373436,0.052439120609714694,NORM,1,positive
S_02,S_02,10,404,delta_p_db,963,963,882,1,963,0,0,0,0,dB,0.9860864728022724,1.0569763800249445,1.1118651722738662,1.1448917354403765,1.1804316961628798,1.231918179830378,1.3163343739341224,1.146391926385577,0.05243912080329918,NORM,1,positive
S_02,S_02,10,404,q_noise,963,963,882,1,963,0,0,0,0,fraction,0.20312435634347176,0.21602571413031385,0.2258715511408989,0.2317365967223903,0.23799785008433194,0.24697788089306685,0.2614739439384937,0.23194593792027482,0.00926962223482404,NORM,1,positive
S_02,S_02,10,505,snr_p_db,963,963,882,1,963,0,0,0,0,dB,10.955246446019235,11.061800260559753,11.110435880317056,11.14349118405438,11.181927929789765,11.23348934004183,11.330156729944692,11.146519051561363,0.052834355386859995,NORM,1,positive
S_02,S_02,10,505,delta_p_db,963,963,882,1,963,0,0,0,0,dB,0.9552463850192263,1.0618001915043278,1.1104358272968988,1.1434911117837219,1.1819278650749143,1.2334892819137395,1.330156677606179,1.1465189927662143,0.052834355415803204,NORM,1,positive
S_02,S_02,10,505,q_noise,963,963,882,1,963,0,0,0,0,fraction,0.19744665304764977,0.21689665141070358,0.22561722487237656,0.23148851418838987,0.2382595236937876,0.2472501771087812,0.26382047242468587,0.23196758763090666,0.009333210752389985,NORM,1,positive
S_02,S_02,10,8128,snr_p_db,963,963,882,1,963,0,0,0,0,dB,10.934999866352433,11.053812581602646,11.110314089193889,11.144435133823634,11.18045199603532,11.231559821350146,11.322073641310466,11.144771821276834,0.054098922267413654,NORM,1,positive
S_02,S_02,10,8128,delta_p_db,963,963,882,1,963,0,0,0,0,dB,0.934999800595333,1.0538125064595476,1.1103140378737562,1.144435073507083,1.1804519447236406,1.2315597617090845,1.3220735703462025,1.1447717631005658,0.05409892240992495,NORM,1,positive
S_02,S_02,10,8128,q_noise,963,963,882,1,963,0,0,0,0,fraction,0.1936985222844436,0.21545449826274093,0.22559501505959173,0.23165580197997995,0.2380010117251733,0.2469157601535054,0.2624489645449144,0.23165573437377096,0.009572839103229402,NORM,1,positive
S_03,S_03,0,101,snr_p_db,963,963,882,1,963,0,0,0,0,dB,3.1990175637597607,3.3590388583926303,3.459237492321205,3.528483848805069,3.5962251206527185,3.684465304579388,3.8903980039012436,3.5282473418161593,0.09886521764695098,NORM,1,positive
S_03,S_03,0,101,delta_p_db,963,963,882,1,963,0,0,0,0,dB,3.199017563232837,3.3590388639581548,3.459237491548351,3.528483848509129,3.5962251258259705,3.6844652977672765,3.890398001174704,3.5282473417964617,0.09886521774504942,NORM,1,positive
S_03,S_03,0,101,q_noise,963,963,882,1,963,0,0,0,0,fraction,0.5212621369525144,0.5385808139003707,0.5491049990892136,0.5562374712920609,0.5631050822387507,0.5718921905606719,0.5917185571122506,0.556098068263733,0.010104953216219934,NORM,1,positive
S_03,S_03,0,202,snr_p_db,963,963,882,1,963,0,0,0,0,dB,3.223201372181675,3.372995315592298,3.4602627285146643,3.5283653429932937,3.5954412556258974,3.6970132475100512,3.853092201281676,3.529392209117525,0.09851110761497867,NORM,1,positive
S_03,S_03,0,202,delta_p_db,963,963,882,1,963,0,0,0,0,dB,3.2232013703780127,3.3729953133453283,3.4602627317259165,3.5283653349082207,3.5954412501814863,3.6970132481812445,3.85309220365626,3.529392209110455,0.0985111077362581,NORM,1,positive
S_03,S_03,0,202,q_noise,963,963,882,1,963,0,0,0,0,fraction,0.5239206316720714,0.5400612168784196,0.549211642551964,0.556224936708211,0.5630264090469371,0.5731277286407356,0.5881958931089457,0.5562159671453255,0.010056040035505693,NORM,1,positive
S_03,S_03,0,303,snr_p_db,963,963,882,1,963,0,0,0,0,dB,3.1896000602152337,3.3577225138027473,3.4550149962091794,3.5294070684463774,3.593440122430289,3.698622321282793,3.8577440111740273,3.5252055217731755,0.10159754936449218,NORM,1,positive
S_03,S_03,0,303,delta_p_db,963,963,882,1,963,0,0,0,0,dB,3.1896000567885636,3.3577225120851697,3.455014992542715,3.5294070711006293,3.593440125067456,3.6986223227923825,3.85774400697378,3.5252055216672313,0.10159754955770392,NORM,1,positive
S_03,S_03,0,303,q_noise,963,963,882,1,963,0,0,0,0,fraction,0.5202230051646839,0.5384411813829053,0.5486662215666962,0.5563312467347917,0.5628250160623836,0.5732857570602582,0.5886370056855699,0.5557805743634344,0.010395613538554832,NORM,1,positive
S_03,S_03,0,404,snr_p_db,963,963,882,1,963,0,0,0,0,dB,3.2240088497779085,3.3618856557503904,3.449940295990774,3.5205027270447427,3.59197924460068,3.6862739751768427,3.823181570933523,3.5222531672817414,0.10090750043861613,NORM,1,positive
S_03,S_03,0,404,delta_p_db,963,963,882,1,963,0,0,0,0,dB,3.224008853848446,3.3618856526947742,3.449940294798369,3.520502724884696,3.5919792450512116,3.686273974548185,3.823181563258242,3.522253167330829,0.10090750032418151,NORM,1,positive
S_03,S_03,0,404,q_noise,963,963,882,1,963,0,0,0,0,fraction,0.5240095155517858,0.5388837796007087,0.5481385561078604,0.5554207674788332,0.5626776643588765,0.5720708843114028,0.5853506575599138,0.5554802376260563,0.010318589732402765,NORM,1,positive
S_03,S_03,0,505,snr_p_db,963,963,882,1,963,0,0,0,0,dB,3.2439445978389747,3.365522180332917,3.4574220494766426,3.5255715568948602,3.59374270300622,3.70047511442213,3.8155753756756745,3.526528235735205,0.10150986714415615,NORM,1,positive
S_03,S_03,0,505,delta_p_db,963,963,882,1,963,0,0,0,0,dB,3.243944587873651,3.3655221857162183,3.457422051187252,3.5255715496387237,3.5937427022284125,3.7004751128750857,3.815575379369354,3.5265282357211736,0.10150986727095528,NORM,1,positive
S_03,S_03,0,505,q_noise,963,963,882,1,963,0,0,0,0,fraction,0.5261892923919277,0.5392689128348591,0.5489162043527218,0.5559392398916269,0.5628556824188581,0.5734674449346698,0.5846235554016207,0.5559161429498444,0.01037230243564699,NORM,1,positive
S_03,S_03,0,8128,snr_p_db,963,963,882,1,963,0,0,0,0,dB,3.221067081473323,3.3648745644154143,3.460002220994114,3.529007746422847,3.59458696295422,3.6884353786746296,3.895006817433954,3.527281654167969,0.09884544344215525,NORM,1,positive
S_03,S_03,0,8128,delta_p_db,963,963,882,1,963,0,0,0,0,dB,3.2210670813163627,3.3648745632317647,3.4600022323226978,3.5290077557144017,3.594586963340844,3.6884353778408254,3.8950068217482334,3.5272816541604604,0.09884544336208877,NORM,1,positive
S_03,S_03,0,8128,q_noise,963,963,882,1,963,0,0,0,0,fraction,0.5236868071327957,0.5392004669398716,0.549183931003272,0.5562910304916103,0.5629402169143105,0.5722838175512664,0.5921514621116537,0.5559994016254686,0.010104513698870091,NORM,1,positive
S_03,S_03,5,101,snr_p_db,963,963,882,1,963,0,0,0,0,dB,8.199017425027291,8.359038759631872,8.459237391028958,8.528483730338877,8.596225009270544,8.68446518285281,8.890397902106816,8.528247230017525,0.09886521810765943,NORM,1,positive
S_03,S_03,5,101,delta_p_db,963,963,882,1,963,0,0,0,0,dB,3.199017546245556,3.3590388684751007,3.4592374978898626,3.5284838461361496,3.596225126824463,3.6844652894355794,3.8903980134005716,3.5282473420478606,0.0988652178206911,NORM,1,positive
S_03,S_03,5,101,q_noise,963,963,882,1,963,0,0,0,0,fraction,0.5212621350799476,0.5385808143803013,0.5491049997476047,0.5562374714897672,0.5631050823392676,0.5718921897393668,0.5917185582616078,0.5560980682892545,0.010104953223234368,NORM,1,positive
S_03,S_03,5,202,snr_p_db,963,963,882,1,963,0,0,0,0,dB,8.223201248723372,8.372995188322259,8.46026260471795,8.528365223872855,8.595441144511675,8.69701314297029,8.85309208709027,8.529392096792089,0.09851110776795109,NORM,1,positive
S_03,S_03,5,202,delta_p_db,963,963,882,1,963,0,0,0,0,dB,3.2232013654058833,3.372995304007847,3.4602627244986026,3.5283653273479225,3.595441252320761,3.6970132523215216,3.8530922001492507,3.529392209244118,0.09851110771659327,NORM,1,positive
S_03,S_03,5,202,q_noise,963,963,882,1,963,0,0,0,0,fraction,0.52392063112702,0.5400612158895203,0.5492116418017834,0.5562249359356772,0.5630264092621584,0.5731277290476539,0.5881958927764062,0.5562159671590201,0.01005604003443157,NORM,1,positive
S_03,S_03,5,303,snr_p_db,963,963,882,1,963,0,0,0,0,dB,8.189599939827119,8.357722404978206,8.455014875767842,8.529406947083515,8.59344001787095,8.698622209161348,8.857743906596813,8.525205409696298,0.10159754953067017,NORM,1,positive
S_03,S_03,5,303,delta_p_db,963,963,882,1,963,0,0,0,0,dB,3.189600048490969,3.3577225148821594,3.45501498806872,3.5294070608398576,3.59344013120141,3.698622325329335,3.8577440037250987,3.525205521559654,0.10159754953764828,NORM,1,positive
S_03,S_03,5,303,q_noise,963,963,882,1,963,0,0,0,0,fraction,0.5202230042480259,0.5384411816801962,0.5486662211017418,0.5563312456865667,0.5628250166798372,0.5732857573095342,0.5886370053778553,0.5557805743524785,0.010395613536803482,NORM,1,positive
S_03,S_03,5,404,snr_p_db,963,963,882,1,963,0,0,0,0,dB,8.22400872967531,8.361885537064781,8.44994019026625,8.520502637661618,8.591979139051071,8.686273873682707,8.823181448019884,8.522253055822166,0.10090750013311674,NORM,1,positive
S_03,S_03,5,404,delta_p_db,963,963,882,1,963,0,0,0,0,dB,3.2240088460974996,3.3618856485199835,3.4499402932455316,3.520502733381363,3.5919792458905944,3.686273985992159,3.8231815594181358,3.5222531673912947,0.10090750016205502,NORM,1,positive
S_03,S_03,5,404,q_noise,963,963,882,1,963,0,0,0,0,fraction,0.5240095147022754,0.5388837791574441,0.5481385559462884,0.5554207683486212,0.5626776644433974,0.5720708854390186,0.5853506571932737,0.5554802376326308,0.010318589715597374,NORM,1,positive
S_03,S_03,5,505,snr_p_db,963,963,882,1,963,0,0,0,0,dB,8.243944488887818,8.365522067978972,8.457421940754841,8.525571461964926,8.593742584921735,8.700475009697888,8.815575266055362,8.526528123756977,0.1015098666669544,NORM,1,positive
S_03,S_03,5,505,delta_p_db,963,963,882,1,963,0,0,0,0,dB,3.2439445933382656,3.365522183767279,3.4574220551182275,3.5255715596835575,3.593742697030258,3.7004751111492244,3.81557538647845,3.5265282357896086,0.10150986684216505,NORM,1,positive
S_03,S_03,5,505,q_noise,963,963,882,1,963,0,0,0,0,fraction,0.5261892929881113,0.5392689126281095,0.5489162047610152,0.5559392409186987,0.5628556818955814,0.5734674447651632,0.5846235560815628,0.5559161429578637,0.010372302391861418,NORM,1,positive
S_03,S_03,5,8128,snr_p_db,963,963,882,1,963,0,0,0,0,dB,8.2210669753813,8.364874468154929,8.46000210060743,8.52900763244647,8.594586836640698,8.688435267767685,8.895006701325363,8.527281542348389,0.09884544301383866,NORM,1,positive
S_03,S_03,5,8128,delta_p_db,963,963,882,1,963,0,0,0,0,dB,3.2210670896592792,3.3648745714259265,3.460002221683073,3.529007752084183,3.5945869595003526,3.688435388500577,3.895006823479665,3.5272816541471976,0.09884544321092832,NORM,1,positive
S_03,S_03,5,8128,q_noise,963,963,882,1,963,0,0,0,0,fraction,0.5236868080478064,0.5392004678093073,0.5491839298988028,0.5562910301207189,0.5629402160862671,0.5722838186010921,0.5921514622742534,0.5559994016244717,0.010104513682383411,NORM,1,positive
S_03,S_03,10,101,snr_p_db,963,963,882,1,963,0,0,0,0,dB,13.199017604169141,13.359038930685971,13.459237539219426,13.528483920312887,13.596225180046957,13.684465352430777,13.890398057854874,13.528247400738058,0.0988652167958246,NORM,1,positive
S_03,S_03,10,101,delta_p_db,963,963,882,1,963,0,0,0,0,dB,3.1990175495849287,3.359038868482537,3.4592374825062424,3.528483856414377,3.5962251255296116,3.684465291472442,3.890397998107696,3.52824734223534,0.09886521701381036,NORM,1,positive
S_03,S_03,10,101,q_noise,963,963,882,1,963,0,0,0,0,fraction,0.5212621354480582,0.5385808143810392,0.5491049981504368,0.5562374720079435,0.5631050822089891,0.5718921899401862,0.5917185568239203,0.5560980683102873,0.010104953140933723,NORM,1,positive
S_03,S_03,10,202,snr_p_db,963,963,882,1,963,0,0,0,0,dB,13.223201431663954,13.372995370180623,13.4602627905623,13.528365380952447,13.595441313170863,13.697013314620591,13.853092234987942,13.529392267962832,0.09851110741799922,NORM,1,positive
S_03,S_03,10,202,delta_p_db,963,963,882,1,963,0,0,0,0,dB,3.2232013734855274,3.372995310982056,3.4602627315052796,3.5283653325255004,3.5954412533006073,3.6970132531108475,3.853092182722448,3.529392209250096,0.09851110770887521,NORM,1,positive
S_03,S_03,10,202,q_noise,963,963,882,1,963,0,0,0,0,fraction,0.5239206320127213,0.5400612166281684,0.5492116425290683,0.5562249364647376,0.5630264093608017,0.573127729125267,0.5881958911239723,0.5562159671596396,0.010056040034746578,NORM,1,positive
S_03,S_03,10,303,snr_p_db,963,963,882,1,963,0,0,0,0,dB,13.189600109479082,13.35772256947838,13.455015070893847,13.529407118966839,13.593440175922499,13.69862238711697,13.857744054492384,13.525205579849226,0.10159755014352347,NORM,1,positive
S_03,S_03,10,303,delta_p_db,963,963,882,1,963,0,0,0,0,dB,3.1896000471329744,3.357722510228583,3.4550150024536785,3.529407062029482,3.5934401296636205,3.698622318074207,3.857743999773356,3.525205521196174,0.10159755040082454,NORM,1,positive
S_03,S_03,10,303,q_noise,963,963,882,1,963,0,0,0,0,fraction,0.5202230040980045,0.5384411811856102,0.5486662225966552,0.5563312458080969,0.5628250165250376,0.5732857565966818,0.588637005003547,0.5557805743132415,0.010395613625411294,NORM,1,positive
S_03,S_03,10,404,snr_p_db,963,963,882,1,963,0,0,0,0,dB,13.224008917689257,13.361885709631519,13.449940358941792,13.520502794911868,13.59197929241395,13.686274037097265,13.823181626400771,13.522253225517819,0.10090749934853212,NORM,1,positive
S_03,S_03,10,404,delta_p_db,963,963,882,1,963,0,0,0,0,dB,3.2240088604674435,3.361885653082748,3.4499402939238273,3.5205027314154735,3.5919792356047666,3.6862739784546106,3.823181561221704,3.5222531673164386,0.10090749979135982,NORM,1,positive
S_03,S_03,10,404,q_noise,963,963,882,1,963,0,0,0,0,fraction,0.5240095162772336,0.5388837796418917,0.5481385560168668,0.5554207681473767,0.5626776634076631,0.5720708846963224,0.5853506573654722,0.5554802376258424,0.010318589678634915,NORM,1,positive
S_03,S_03,10,505,snr_p_db,963,963,882,1,963,0,0,0,0,dB,13.243944660216545,13.365522251387992,13.45742211237085,13.525571614478483,13.59374277205579,13.700475191990463,13.81557545580365,13.526528293968319,0.10150986757148535,NORM,1,positive
S_03,S_03,10,505,delta_p_db,963,963,882,1,963,0,0,0,0,dB,3.2439445845618557,3.3655221976324734,3.4574220550426293,3.5255715519474555,3.5937427090257126,3.7004751187949276,3.8155753883335985,3.526528235457122,0.10150986748447922,NORM,1,positive
S_03,S_03,10,505,q_noise,963,963,882,1,963,0,0,0,0,fraction,0.5261892920306143,0.5392689140990267,0.5489162047531619,0.5559392401276919,0.5628556831033349,0.5734674455160769,0.5846235562589965,0.5559161429223602,0.010372302454792417,NORM,1,positive
S_03,S_03,10,8128,snr_p_db,963,963,882,1,963,0,0,0,0,dB,13.221067133197767,13.364874613446673,13.460002290978766,13.529007792080545,13.594587003306009,13.688435443885275,13.89500688423038,13.527281712338546,0.09884544266569291,NORM,1,positive
S_03,S_03,10,8128,delta_p_db,963,963,882,1,963,0,0,0,0,dB,3.221067075041883,3.3648745548738477,3.4600022282781975,3.5290077498854955,3.5945869530340815,3.688435393752002,3.8950068167970713,3.527281653988659,0.09884544316863379,NORM,1,positive
S_03,S_03,10,8128,q_noise,963,963,882,1,963,0,0,0,0,fraction,0.523686806444641,0.5392004660530586,0.5491839305835038,0.5562910298960839,0.5629402167672879,0.5722838191182805,0.5921514616466871,0.5559994016083492,0.010104513680116401,NORM,1,positive
S_04,S_04,0,101,snr_p_db,963,963,882,1,963,0,0,0,0,dB,2.748571935172395,2.8740338284440674,2.9513404917518917,3.0054327910214536,3.062421080893211,3.134955424594352,3.278500487380443,3.0064586698505016,0.07969839621541519,NORM,1,positive
S_04,S_04,0,101,delta_p_db,963,963,882,1,963,0,0,0,0,dB,2.7485719271049613,2.8740338407735075,2.9513404905047658,3.0054327865265495,3.0624210737902207,3.134955430726452,3.278500475639442,3.00645866996976,0.07969839602257375,NORM,1,positive
S_04,S_04,0,101,q_noise,963,963,882,1,963,0,0,0,0,fraction,0.4689415292790411,0.48406401005589483,0.49316636225560895,0.49943980889580053,0.5059654483871068,0.5141481964025904,0.5299442241581663,0.49947408639907753,0.00918877503498522,NORM,1,positive
S_04,S_04,0,202,snr_p_db,963,963,882,1,963,0,0,0,0,dB,2.765090243025497,2.8786909851035976,2.9541126470895396,3.0058381528416414,3.0594686338977093,3.1477087110115622,3.275631620818003,3.0076345942537386,0.07944426109088334,NORM,1,positive
S_04,S_04,0,202,delta_p_db,963,963,882,1,963,0,0,0,0,dB,2.7650902404733646,2.878690984755117,2.954112650009496,3.005838150542873,3.0594686318815643,3.1477087137328525,3.275631620209858,3.007634594356704,0.07944426112107768,NORM,1,positive
S_04,S_04,0,202,q_noise,963,963,882,1,963,0,0,0,0,fraction,0.4709576071384961,0.48461702777399235,0.4934899823198817,0.499486469245419,0.5056296222203811,0.5155726735833027,0.5296331224701057,0.4996102139544774,0.009143024776681035,NORM,1,positive
S_04,S_04,0,303,snr_p_db,963,963,882,1,963,0,0,0,0,dB,2.741372617065119,2.8690423600763233,2.9505130417197645,3.0057002163102187,3.058508477392566,3.1432660046829755,3.2512881408002032,3.0039434315307223,0.08126359963869535,NORM,1,positive
S_04,S_04,0,303,delta_p_db,963,963,882,1,963,0,0,0,0,dB,2.7413726190850882,2.869042370101125,2.9505130407045357,3.0057002142496696,3.0585084781146845,3.143265995426082,3.2512881351590583,3.00394343145136,0.08126359952675848,NORM,1,positive
S_04,S_04,0,303,q_noise,963,963,882,1,963,0,0,0,0,fraction,0.4680605944650282,0.48347055659690413,0.49306953870043013,0.4994712198682208,0.505519904865408,0.5150773509647391,0.5269894713475206,0.4991807746838621,0.009375276359226109,NORM,1,positive
S_04,S_04,0,404,snr_p_db,963,963,882,1,963,0,0,0,0,dB,2.7576141539709194,2.873148556884711,2.943422053011171,2.999357285358629,3.0569607246741883,3.138087572135188,3.246979167965329,3.0008583646227827,0.0805796336402703,NORM,1,positive
S_04,S_04,0,404,delta_p_db,963,963,882,1,963,0,0,0,0,dB,2.7576141566293852,2.8731485576950844,2.943422052762399,2.9993572797629007,3.0569607201811575,3.1380875738110903,3.246979156304693,3.000858364531032,0.08057963353305662,NORM,1,positive
S_04,S_04,0,404,q_noise,963,963,882,1,963,0,0,0,0,fraction,0.4700458095824101,0.48395889438464035,0.4922415685481907,0.49873944996131037,0.5053439050514608,0.5144985020394864,0.5265204548857684,0.4988264162610098,0.009292910719972578,NORM,1,positive
S_04,S_04,0,505,snr_p_db,963,963,882,1,963,0,0,0,0,dB,2.7785761499061086,2.8750253862404747,2.9497378429360026,3.002824723706401,3.062764986850458,3.144118033520424,3.244151835268274,3.0044819109092336,0.08131790682966494,NORM,1,positive
S_04,S_04,0,505,delta_p_db,963,963,882,1,963,0,0,0,0,dB,2.7785761387497088,2.8750253763935394,2.9497378407135004,3.002824721709121,3.062764985102837,3.144118033384709,3.244151841169864,3.004481910832463,0.08131790676150212,NORM,1,positive
S_04,S_04,0,505,q_noise,963,963,882,1,963,0,0,0,0,fraction,0.47259806847493946,0.48418147249677246,0.4929789840819138,0.49913958146951815,0.5060048112835249,0.5151721622668394,0.5262117932128398,0.4992428092140265,0.009370775784476459,NORM,1,positive
S_04,S_04,0,8128,snr_p_db,963,963,882,1,963,0,0,0,0,dB,2.7566623951006504,2.872780508663332,2.950628128277511,3.0069943808249238,3.0602015747101823,3.1281363008458696,3.292079431657232,3.0055551301291676,0.07896545096511189,NORM,1,positive
S_04,S_04,0,8128,delta_p_db,963,963,882,1,963,0,0,0,0,dB,2.7566623947284974,2.872780506420405,2.9506281185513616,3.0069943767889846,3.0602015769216555,3.1281362949039364,3.2920794409667407,3.005555130206736,0.07896545077018574,NORM,1,positive
S_04,S_04,0,8128,q_noise,963,963,882,1,963,0,0,0,0,fraction,0.4699301783036634,0.48391558993398454,0.4930831408630626,0.49961976039970224,0.5057127800108693,0.5133846905484033,0.5314114765032473,0.49937149472381026,0.00910427481301178,NORM,1,positive
S_04,S_04,5,101,snr_p_db,963,963,882,1,963,0,0,0,0,dB,7.748571794940078,7.8740337086674295,7.951340370791051,8.005432664487909,8.062420962640125,8.134955309511477,8.278500370933953,8.006458558018238,0.07969839623750571,NORM,1,positive
S_04,S_04,5,101,delta_p_db,963,963,882,1,963,0,0,0,0,dB,2.7485719136419813,2.8740338391023488,2.9513404865469886,3.0054327753832215,3.062421073128927,3.1349554257500607,3.2785004838609026,3.006458670181566,0.07969839596396824,NORM,1,positive
S_04,S_04,5,101,q_noise,963,963,882,1,963,0,0,0,0,fraction,0.46894152763277797,0.48406400985739095,0.49316636179379636,0.4994398076114401,0.5059654483118463,0.5141481958458711,0.5299442250480108,0.4994740864236041,0.009188775029095495,NORM,1,positive
S_04,S_04,5,202,snr_p_db,963,963,882,1,963,0,0,0,0,dB,7.765090109712478,7.878690871642577,7.954112534516221,8.005838029514555,8.059468540077475,8.147708585415812,8.275631498382836,8.007634482132225,0.07944426092838396,NORM,1,positive
S_04,S_04,5,202,delta_p_db,963,963,882,1,963,0,0,0,0,dB,2.7650902279865583,2.878690982070238,2.9541126506319277,3.005838154123661,3.0594686397878323,3.1477087081396173,3.2756316161784085,3.0076345944505527,0.07944426095648029,NORM,1,positive
S_04,S_04,5,202,q_noise,963,963,882,1,963,0,0,0,0,fraction,0.4709576056173969,0.48461702745539004,0.4934899823924833,0.49948646965809596,0.5056296231203612,0.5155726729594086,0.5296331220334757,0.4996102139656252,0.00914302475943767,NORM,1,positive
S_04,S_04,5,303,snr_p_db,963,963,882,1,963,0,0,0,0,dB,7.741372515999679,7.869042256478345,7.950512919322679,8.00570008783923,8.058508370209328,8.143265869941041,8.251288038702087,8.003943319693887,0.08126359941946402,NORM,1,positive
S_04,S_04,5,303,delta_p_db,963,963,882,1,963,0,0,0,0,dB,2.7413726167918178,2.869042375839628,2.9505130327714797,3.0057002016541667,3.058508475154528,3.143265980818661,3.251288135119907,3.0039434312853706,0.0812635994996761,NORM,1,positive
S_04,S_04,5,303,q_noise,963,963,882,1,963,0,0,0,0,fraction,0.4680605941841402,0.48347055727941296,0.49306953777444484,0.49947121841657627,0.5055199045284089,0.5150773493337402,0.5269894713432565,0.4991807746647868,0.009375276355199802,NORM,1,positive
S_04,S_04,5,404,snr_p_db,963,963,882,1,963,0,0,0,0,dB,7.757614029869714,7.873148446737673,7.943421936648894,7.9993571796967045,8.056960605191373,8.138087452820761,8.246979039763264,8.000858252996409,0.0805796335461447,NORM,1,positive
S_04,S_04,5,404,delta_p_db,963,963,882,1,963,0,0,0,0,dB,2.757614146976299,2.8731485548768583,2.9434220549362413,2.999357278092971,3.056960716223891,3.138087567526617,3.2469791630641813,3.0008583646305733,0.0805796336990627,NORM,1,positive
S_04,S_04,5,404,q_noise,963,963,882,1,963,0,0,0,0,fraction,0.470045808404478,0.48395889404977094,0.49224156880234693,0.4987394497685679,0.5053439046007246,0.5144985013369219,0.5265204556227061,0.49882641627215024,0.009292910737568296,NORM,1,positive
S_04,S_04,5,505,snr_p_db,963,963,882,1,963,0,0,0,0,dB,7.778576038593355,7.875025258705805,7.94973773114467,8.002824603413268,8.06276487916465,8.144117917455297,8.244151730423084,8.004481798660345,0.0813179062089372,NORM,1,positive
S_04,S_04,5,505,delta_p_db,963,963,882,1,963,0,0,0,0,dB,2.7785761407065235,2.8750253702359094,2.9497378381768904,3.002824717070295,3.062764982389293,3.144118038075678,3.2441518506004896,3.0044819106125336,0.08131790662720047,NORM,1,positive
S_04,S_04,5,505,q_noise,963,963,882,1,963,0,0,0,0,fraction,0.47259806871257254,0.4841814717653658,0.492978983785794,0.4991395809345345,0.50600481097487,0.5151721627905365,0.5262117942416623,0.49924280918895364,0.009370775770060985,NORM,1,positive
S_04,S_04,5,8128,snr_p_db,963,963,882,1,963,0,0,0,0,dB,7.756662269287134,7.8727803919862405,7.950628014075509,8.006994267559937,8.060201462582143,8.128136188219028,8.292079325017248,8.005555018513075,0.07896545072400878,NORM,1,positive
S_04,S_04,5,8128,delta_p_db,963,963,882,1,963,0,0,0,0,dB,2.7566623900969773,2.872780500672107,2.9506281224147832,3.0069943700829564,3.0602015759419476,3.1281362890461057,3.2920794400133913,3.0055551304031947,0.07896545086120303,NORM,1,positive
S_04,S_04,5,8128,q_noise,963,963,882,1,963,0,0,0,0,fraction,0.46993017773837203,0.48391558925089345,0.4930831413140032,0.499619759627055,0.505712779899374,0.5133846898920658,0.5314114764003842,0.49937149474626563,0.009104274823191729,NORM,1,positive
S_04,S_04,10,101,snr_p_db,963,963,882,1,963,0,0,0,0,dB,12.748571964860924,12.874033882383523,12.951340545654201,13.005432868505451,13.062421132530147,13.13495548385341,13.27850052880413,13.006458728438547,0.07969839563373896,NORM,1,positive
S_04,S_04,10,101,delta_p_db,963,963,882,1,963,0,0,0,0,dB,2.7485719149386147,2.874033829104934,2.9513404913754178,3.0054328066034195,3.062421071659835,3.134955423739541,3.2785004659009447,3.0064586700341067,0.07969839576220256,NORM,1,positive
S_04,S_04,10,101,q_noise,963,963,882,1,963,0,0,0,0,fraction,0.46894152779133125,0.4840640086695854,0.49316636235724554,0.49943981120982534,0.5059654481447584,0.5141481956209647,0.5299442231041266,0.49947408640704083,0.009188775005302376,NORM,1,positive
S_04,S_04,10,202,snr_p_db,963,963,882,1,963,0,0,0,0,dB,12.765090298388133,12.878691033038605,12.954112699757125,13.005838211055764,13.059468711211977,13.147708755866082,13.275631665138803,13.007634653063452,0.0794442604832425,NORM,1,positive
S_04,S_04,10,202,delta_p_db,963,963,882,1,963,0,0,0,0,dB,2.7650902388626104,2.8786909817766513,2.954112642783838,3.0058381514255297,3.059468646598943,3.1477087023594046,3.2756316129165794,3.0076345943752623,0.07944426090830127,NORM,1,positive
S_04,S_04,10,202,q_noise,963,963,882,1,963,0,0,0,0,fraction,0.47095760694227967,0.4846170274205826,0.49348998147716927,0.499486469347143,0.5056296238957254,0.515572672314676,0.5296331216802,0.49961021395705324,0.00914302475377136,NORM,1,positive
S_04,S_04,10,303,snr_p_db,963,963,882,1,963,0,0,0,0,dB,12.741372674883939,12.869042392580523,12.950513099697133,13.005700251234549,13.05850852980836,13.143266048932475,13.251288197643625,13.003943489435562,0.08126359965108645,NORM,1,positive
S_04,S_04,10,303,delta_p_db,963,963,882,1,963,0,0,0,0,dB,2.74137261475268,2.8690423595528656,2.950513040720522,3.005700203076787,3.058508475148149,3.1432659910221292,3.2512881338428077,3.003943430727802,0.08126360000704667,NORM,1,positive
S_04,S_04,10,303,q_noise,963,963,882,1,963,0,0,0,0,fraction,0.46806059393437943,0.48347055534232997,0.4930695387022963,0.49947121858053467,0.5055199045276986,0.5150773504729514,0.5269894712041616,0.4991807745993976,0.009375276414592989,NORM,1,positive
S_04,S_04,10,404,snr_p_db,963,963,882,1,963,0,0,0,0,dB,12.757614205304684,12.873148605775588,12.943422117255466,12.999357336073633,13.056960784797703,13.138087618597373,13.246979230823726,13.000858422899586,0.08057963287035805,NORM,1,positive
S_04,S_04,10,404,delta_p_db,963,963,882,1,963,0,0,0,0,dB,2.757614149781858,2.8731485551032296,2.9434220525986525,2.9993572831936097,3.056960719268988,3.1380875646218547,3.246979161544373,3.000858364814366,0.08057963327653687,NORM,1,positive
S_04,S_04,10,404,q_noise,963,963,882,1,963,0,0,0,0,fraction,0.47004580874683055,0.48395889407666903,0.4922415685290359,0.498739450357281,0.5053439049475186,0.514498501012323,0.5265204554570125,0.49882641629424895,0.00929291069073111,NORM,1,positive
S_04,S_04,10,505,snr_p_db,963,963,882,1,963,0,0,0,0,dB,12.778576213765145,12.875025425430886,12.94973789718562,13.00282477074115,13.06276503456803,13.144118103407619,13.244151919330335,13.004481969473982,0.08131790649882768,NORM,1,positive
S_04,S_04,10,505,delta_p_db,963,963,882,1,963,0,0,0,0,dB,2.7785761355023757,2.8750253680852014,2.9497378408925625,3.0028247102833356,3.0627649791112956,3.144118039600225,3.244151853109332,3.0044819107738263,0.08131790655573103,NORM,1,positive
S_04,S_04,10,505,q_noise,963,963,882,1,963,0,0,0,0,fraction,0.47259806808058735,0.4841814715099191,0.4929789841028198,0.49913958015181226,0.5060048106020114,0.5151721629607005,0.5262117945153614,0.4992428092077183,0.009370775759416592,NORM,1,positive
S_04,S_04,10,8128,snr_p_db,963,963,882,1,963,0,0,0,0,dB,12.756662438900936,12.872780576589715,12.950628168291772,13.006994431225497,13.06020161960607,13.128136340223554,13.292079497175289,13.005555188271673,0.07896545014221305,NORM,1,positive
S_04,S_04,10,8128,delta_p_db,963,963,882,1,963,0,0,0,0,dB,2.7566623869904596,2.8727805099485684,2.9506281109420005,3.0069943648442568,3.0602015737732224,3.128136283727154,3.292079433569749,3.0055551296970955,0.07896545054230551,NORM,1,positive
S_04,S_04,10,8128,q_noise,963,963,882,1,963,0,0,0,0,fraction,0.4699301773592119,0.48391559035323817,0.4930831399748844,0.4996197590234687,0.5057127796525045,0.5133846892960894,0.5314114757051378,0.49937149466553554,0.009104274788390763,NORM,1,positive
E,,0,101,snr_p_db,1608,1608,1444,1,1608,0,0,0,0,dB,-5.1705377664814644e-05,-1.274321237184837e-05,-7.547808166996717e-06,-5.232637838054697e-06,-3.5275446829353867e-06,-1.3767322006048576e-06,-1.1723075358121818e-07,-5.906986696383061e-06,3.7633414476428782e-06,MI,0,negative
E,,0,101,delta_p_db,1608,1608,1444,1,1608,0,0,0,0,dB,-5.170726790994568e-05,-1.2743509069320794e-05,-7.545913616914525e-06,-5.229222285621435e-06,-3.5233589239544513e-06,-1.3785874407943943e-06,-1.0837244799367052e-07,-5.906936363452114e-06,3.76337056806659e-06,MI,0,negative
E,,0,101,q_noise,1608,1608,1444,1,1608,0,0,0,0,fraction,4.612627863965421e-16,5.248832649834419e-16,5.703164308623094e-16,6.109066205885464e-16,6.561902217765514e-16,7.43547295207413e-16,9.22829228890115e-16,6.179193380375884e-16,6.694363051348662e-17,MI,0,negative
E,,0,202,snr_p_db,1608,1608,1444,1,1608,0,0,0,0,dB,-5.1718712414097856e-05,-1.2749191154012738e-05,-7.545202695631521e-06,-5.229756198943355e-06,-3.5261942665838433e-06,-1.3776534237913533e-06,-1.1263817186571368e-07,-5.9068934452309876e-06,3.763248998657773e-06,MI,0,negative
E,,0,202,delta_p_db,1608,1608,1444,1,1608,0,0,0,0,dB,-5.170726790994568e-05,-1.2743509069634201e-05,-7.545913616914525e-06,-5.229222285621435e-06,-3.5233589243160742e-06,-1.3785874407943943e-06,-1.0837244799367052e-07,-5.9069363634608105e-06,3.76337056806562e-06,MI,0,negative
E,,0,202,q_noise,1608,1608,1444,1,1608,0,0,0,0,fraction,4.611720196231616e-16,5.223088217091425e-16,5.701275770988586e-16,6.0918180270727985e-16,6.563707553461302e-16,7.359264829815574e-16,9.244429332682318e-16,6.171646290357588e-16,6.6016982682129e-17,MI,0,negative
E,,0,303,snr_p_db,1608,1608,1444,1,1608,0,0,0,0,dB,-5.170857596195683e-05,-1.2739286932225714e-05,-7.549536172013852e-06,-5.222109936487765e-06,-3.523907545243619e-06,-1.3840324415031664e-06,-1.1554115489962713e-07,-5.90685449016373e-06,3.763415941555714e-06,MI,0,negative
E,,0,303,delta_p_db,1608,1608,1444,1,1608,0,0,0,0,dB,-5.170726790994568e-05,-1.2743509069320794e-05,-7.545913616914525e-06,-5.229222285621435e-06,-3.523358924677697e-06,-1.3785874411078007e-06,-1.0837244751150677e-07,-5.9069363634590106e-06,3.763370568067248e-06,MI,0,negative
E,,0,303,q_noise,1608,1608,1444,1,1608,0,0,0,0,fraction,4.734066731762516e-16,5.233187087191556e-16,5.710055603741893e-16,6.103780442334477e-16,6.567697759371568e-16,7.376296728192649e-16,8.89489824954135e-16,6.178795721739608e-16,6.602745347885494e-17,MI,0,negative
E,,0,404,snr_p_db,1608,1608,1444,1,1608,0,0,0,0,dB,-5.168863612402317e-05,-1.2739741300661393e-05,-7.5418000630266335e-06,-5.231560781339416e-06,-3.521172972746701e-06,-1.3745456078983522e-06,-1.0746476702860238e-07,-5.906955918380428e-06,3.7632120783481295e-06,MI,0,negative
E,,0,404,delta_p_db,1608,1608,1444,1,1608,0,0,0,0,dB,-5.170726790994568e-05,-1.2743509069320794e-05,-7.545913616914525e-06,-5.229222285621435e-06,-3.5233589243160742e-06,-1.3785874407943943e-06,-1.0837244799367052e-07,-5.906936363461109e-06,3.7633705680683448e-06,MI,0,negative
E,,0,404,q_noise,1608,1608,1444,1,1608,0,0,0,0,fraction,4.627893466790326e-16,5.266861906799414e-16,5.707363852549219e-16,6.099851845222764e-16,6.542762432672185e-16,7.411704081739488e-16,8.940537381728795e-16,6.176252419644555e-16,6.555453123072313e-17,MI,0,negative
E,,0,505,snr_p_db,1608,1608,1444,1,1608,0,0,0,0,dB,-5.1708685787626624e-05,-1.274204012773751e-05,-7.549538153227785e-06,-5.229074760940008e-06,-3.521712404468538e-06,-1.376526790546854e-06,-9.924787328236077e-08,-5.90692873834621e-06,3.763394536678685e-06,MI,0,negative
E,,0,505,delta_p_db,1608,1608,1444,1,1608,0,0,0,0,dB,-5.170726790994568e-05,-1.2743509069320794e-05,-7.545913616914525e-06,-5.229222285621435e-06,-3.5233589243160742e-06,-1.3785874411078007e-06,-1.0837244799367052e-07,-5.906936363456612e-06,3.763370568059853e-06,MI,0,negative
E,,0,505,q_noise,1608,1608,1444,1,1608,0,0,0,0,fraction,4.676826622365725e-16,5.217654395000929e-16,5.700976261909762e-16,6.108917624455405e-16,6.55907641289436e-16,7.349760319484754e-16,9.20701196006064e-16,6.171798903203341e-16,6.67242562099939e-17,MI,0,negative
E,,0,8128,snr_p_db,1608,1608,1444,1,1608,0,0,0,0,dB,-5.170426427571086e-05,-1.2744220530239261e-05,-7.5488280675348055e-06,-5.227156787723146e-06,-3.528942788090907e-06,-1.3804716470947499e-06,-1.1653370440033611e-07,-5.907065678194947e-06,3.7635970395174023e-06,MI,0,negative
E,,0,8128,delta_p_db,1608,1608,1444,1,1608,0,0,0,0,dB,-5.170726790994568e-05,-1.2743509069320794e-05,-7.545913616914525e-06,-5.229222285621435e-06,-3.523358924677697e-06,-1.3785874407943943e-06,-1.0837244799367052e-07,-5.906936363465606e-06,3.7633705680624943e-06,MI,0,negative
E,,0,8128,q_noise,1608,1608,1444,1,1608,0,0,0,0,fraction,4.6072180013844e-16,5.23167201930341e-16,5.699022211475785e-16,6.084590497827605e-16,6.551463877439362e-16,7.359883247727481e-16,8.905669084106105e-16,6.168181990835077e-16,6.651005388884642e-17,MI,0,negative
E,,5,101,snr_p_db,1608,1608,1444,1,1608,0,0,0,0,dB,4.999948186528066,4.999987148477383,4.999992343594167,4.999994658549745,4.999996359291746,4.999998512653494,4.999999780596444,4.999993980915107,3.7634599673189267e-06,MI,0,negative
E,,5,101,delta_p_db,1608,1608,1444,1,1608,0,0,0,0,dB,-5.170726790753483e-05,-1.274350906739213e-05,-7.545913614744784e-06,-5.229222283692778e-06,-3.523358920458761e-06,-1.378587437901411e-06,-1.0837244702934303e-07,-5.906936361326452e-06,3.763370567922473e-06,MI,0,negative
E,,5,101,q_noise,1608,1608,1444,1,1608,0,0,0,0,fraction,7.0308350170569195e-16,8.577013256094901e-16,9.713699467990344e-16,1.0806449379537175e-15,1.2116939666644033e-15,1.4515574852265807e-15,1.954867280120877e-15,1.1080265098311473e-15,1.860874459215591e-16,MI,0,negative
E,,5,202,snr_p_db,1608,1608,1444,1,1608,0,0,0,0,dB,4.999948185882589,4.999987128094128,4.999992344866491,4.99999465771041,4.999996366784326,4.9999985118400545,4.999999783532535,4.999993980875129,3.7631483832226446e-06,MI,0,negative
E,,5,202,delta_p_db,1608,1608,1444,1,1608,0,0,0,0,dB,-5.170726790753483e-05,-1.2743509067078723e-05,-7.545913614383161e-06,-5.22922228393386e-06,-3.5233589209409254e-06,-1.3785874377326537e-06,-1.0837244654717928e-07,-5.906936361327053e-06,3.763370567933595e-06,MI,0,negative
E,,5,202,q_noise,1608,1608,1444,1,1608,0,0,0,0,fraction,7.221115599086647e-16,8.60223768079543e-16,9.791448221281808e-16,1.0871939238470063e-15,1.2107001858692639e-15,1.4452146810498319e-15,1.978496884136974e-15,1.1079292355927327e-15,1.824179330075121e-16,MI,0,negative
E,,5,303,snr_p_db,1608,1608,1444,1,1608,0,0,0,0,dB,4.999948177486246,4.999987148305391,4.999992340192174,4.9999946627522895,4.999996363556988,4.999998509259733,4.999999788948878,4.999993981254222,3.7635170586589377e-06,MI,0,negative
E,,5,303,delta_p_db,1608,1608,1444,1,1608,0,0,0,0,dB,-5.170726790753483e-05,-1.274350906739213e-05,-7.545913614383161e-06,-5.22922228393386e-06,-3.5233589211820074e-06,-1.3785874377326537e-06,-1.0837244654717928e-07,-5.906936361329451e-06,3.763370567932184e-06,MI,0,negative
E,,5,303,q_noise,1608,1608,1444,1,1608,0,0,0,0,fraction,7.137728606112623e-16,8.524605897476028e-16,9.807010377745149e-16,1.0775114342827335e-15,1.2102035585705592e-15,1.4391363758281507e-15,1.9025970139917986e-15,1.1072559776492415e-15,1.8182555867345784e-16,MI,0,negative
E,,5,404,snr_p_db,1608,1608,1444,1,1608,0,0,0,0,dB,4.99994819388941,4.999987144595913,4.9999923361566,4.999994656047143,4.999996365182547,4.999998510519022,4.999999787525023,4.99999398114293,3.763524182932742e-06,MI,0,negative
E,,5,404,delta_p_db,1608,1608,1444,1,1608,0,0,0,0,dB,-5.170726790753483e-05,-1.2743509067078723e-05,-7.545913614383161e-06,-5.229222283692778e-06,-3.5233589208203845e-06,-1.3785874380460602e-06,-1.0837244654717928e-07,-5.906936361320155e-06,3.7633705679368704e-06,MI,0,negative
E,,5,404,q_noise,1608,1608,1444,1,1608,0,0,0,0,fraction,7.156619248491984e-16,8.616813840839911e-16,9.769692000734932e-16,1.0867137876046838e-15,1.2116449852737921e-15,1.440248960110384e-15,1.9643073344828846e-15,1.1088283773701993e-15,1.8328592454357858e-16,MI,0,negative
E,,5,505,snr_p_db,1608,1608,1444,1,1608,0,0,0,0,dB,4.9999481845199165,4.999987139076936,4.9999923400219455,4.999994655460901,4.9999963592430845,4.999998510070461,4.99999978458257,4.999993981161073,3.7633069098798e-06,MI,0,negative
E,,5,505,delta_p_db,1608,1608,1444,1,1608,0,0,0,0,dB,-5.170726790753483e-05,-1.2743509067078723e-05,-7.545913614503702e-06,-5.229222283692778e-06,-3.523358921664171e-06,-1.378587437419247e-06,-1.0837244654717928e-07,-5.9069363613228545e-06,3.763370567931514e-06,MI,0,negative
E,,5,505,q_noise,1608,1608,1444,1,1608,0,0,0,0,fraction,7.095739718770753e-16,8.565668661941293e-16,9.790878955262875e-16,1.0807504274333472e-15,1.206240306580473e-15,1.4587302486853875e-15,1.9998673651839438e-15,1.108145624793944e-15,1.8505991504480122e-16,MI,0,negative
E,,5,8128,snr_p_db,1608,1608,1444,1,1608,0,0,0,0,dB,4.999948174945751,4.999987148580133,4.999992340996149,4.999994660766189,4.999996361516558,4.999998503912054,4.999999774941231,4.999993981147024,3.7638039367874604e-06,MI,0,negative
E,,5,8128,delta_p_db,1608,1608,1444,1,1608,0,0,0,0,dB,-5.170726790753483e-05,-1.274350906739213e-05,-7.545913614383161e-06,-5.229222283692778e-06,-3.523358921664171e-06,-1.378587437419247e-06,-1.0837244654717928e-07,-5.906936361323754e-06,3.7633705679265455e-06,MI,0,negative
E,,5,8128,q_noise,1608,1608,1444,1,1608,0,0,0,0,fraction,6.750835955539508e-16,8.543591974927653e-16,9.763770899524917e-16,1.0832916469382498e-15,1.2162457803771924e-15,1.4435944614389437e-15,1.8607253249716564e-15,1.1084066693623413e-15,1.8360324522505997e-16,MI,0,negative
E,,10,101,snr_p_db,1608,1608,1444,1,1608,0,0,0,0,dB,9.999948360489467,9.999987319935727,9.999992525849768,9.999994828043992,9.999996533512995,9.999998685029258,9.999999955334966,9.999994151429412,3.763372640699768e-06,MI,0,negative
E,,10,101,delta_p_db,1608,1608,1444,1,1608,0,0,0,0,dB,-5.170726790415964e-05,-1.2743509063583027e-05,-7.54591361016422e-06,-5.2292222815230374e-06,-3.523358915154956e-06,-1.3785874317538213e-06,-1.0837244654717928e-07,-5.906936358106025e-06,3.7633705675329242e-06,MI,0,negative
E,,10,101,q_noise,1608,1608,1444,1,1608,0,0,0,0,fraction,7.880766881569696e-16,1.1230171977490635e-15,1.4604290442788996e-15,1.7687061385332256e-15,2.1598616226516905e-15,2.846520710778053e-15,4.219117136664643e-15,1.8485882334329833e-15,5.428638228144296e-16,MI,0,negative
E,,10,202,snr_p_db,1608,1608,1444,1,1608,0,0,0,0,dB,9.99994834482213,9.999987309853822,9.99999251667068,9.999994835818363,9.999996535586453,9.999998682312118,9.99999994104625,9.999994151801802,3.763433420379912e-06,MI,0,negative
E,,10,202,delta_p_db,1608,1608,1444,1,1608,0,0,0,0,dB,-5.170726790415964e-05,-1.2743509064523249e-05,-7.545913609923139e-06,-5.2292222820052025e-06,-3.5233589158782022e-06,-1.3785874307894935e-06,-1.0837244654717928e-07,-5.906936358112024e-06,3.76337056753272e-06,MI,0,negative
E,,10,202,q_noise,1608,1608,1444,1,1608,0,0,0,0,fraction,8.165426893788364e-16,1.1302552916152097e-15,1.4583573351128002e-15,1.7759357925799528e-15,2.1420637536588284e-15,2.8377835703241318e-15,4.4266177987763234e-15,1.848545498516888e-15,5.428731851409589e-16,MI,0,negative
E,,10,303,snr_p_db,1608,1608,1444,1,1608,0,0,0,0,dB,9.999948351665672,9.999987317955373,9.999992508144125,9.999994828254868,9.999996536348226,9.999998671123427,9.999999961097613,9.999994151493649,3.7633860573333096e-06,MI,0,negative
E,,10,303,delta_p_db,1608,1608,1444,1,1608,0,0,0,0,dB,-5.1707267903677485e-05,-1.2743509063414269e-05,-7.545913610043679e-06,-5.22922228176412e-06,-3.5233589155165793e-06,-1.378587431464523e-06,-1.0837244654717928e-07,-5.906936358135111e-06,3.7633705675165934e-06,MI,0,negative
E,,10,303,q_noise,1608,1608,1444,1,1608,0,0,0,0,fraction,7.910002065404546e-16,1.1331834216369508e-15,1.4601661906325364e-15,1.7735346521537824e-15,2.130620000019489e-15,2.8441904670648317e-15,4.179583851870808e-15,1.844664674521022e-15,5.348961361724281e-16,MI,0,negative
E,,10,404,snr_p_db,1608,1608,1444,1,1608,0,0,0,0,dB,9.999948353258526,9.999987316605068,9.999992512406632,9.999994825594696,9.999996538300696,9.99999866995832,9.999999942682775,9.999994151292777,3.763301745589537e-06,MI,0,negative
E,,10,404,delta_p_db,1608,1608,1444,1,1608,0,0,0,0,dB,-5.1707267905123987e-05,-1.2743509064209841e-05,-7.545913610646385e-06,-5.2292222815230374e-06,-3.5233589138290042e-06,-1.378587430476087e-06,-1.0837244654717928e-07,-5.906936358111724e-06,3.7633705675498475e-06,MI,0,negative
E,,10,404,q_noise,1608,1608,1444,1,1608,0,0,0,0,fraction,7.698426956492469e-16,1.1234759958812485e-15,1.4603363300835874e-15,1.778018491881613e-15,2.138677115926916e-15,2.872165176571531e-15,4.456342087473424e-15,1.847267126819911e-15,5.43429921178189e-16,MI,0,negative
E,,10,505,snr_p_db,1608,1608,1444,1,1608,0,0,0,0,dB,9.999948367830715,9.999987303632146,9.99999250419416,9.999994832039699,9.999996537023106,9.999998672665804,9.999999948083143,9.999994151670798,3.7636143198928716e-06,MI,0,negative
E,,10,505,delta_p_db,1608,1608,1444,1,1608,0,0,0,0,dB,-5.1707267903677485e-05,-1.2743509064378599e-05,-7.54591361016422e-06,-5.229222281523038e-06,-3.523358914552251e-06,-1.378587431440415e-06,-1.0837244654717928e-07,-5.906936358110224e-06,3.7633705675272275e-06,MI,0,negative
E,,10,505,q_noise,1608,1608,1444,1,1608,0,0,0,0,fraction,7.824955068405828e-16,1.1173183907807596e-15,1.46177271138326e-15,1.7771203057289287e-15,2.1265682464321636e-15,2.8217849388645193e-15,4.457447578844301e-15,1.848783879185079e-15,5.409013229215283e-16,MI,0,negative
E,,10,8128,snr_p_db,1608,1608,1444,1,1608,0,0,0,0,dB,9.999948370871296,9.99998730858384,9.99999251078357,9.999994830754815,9.999996532984461,9.999998673519894,9.999999956664002,9.99999415175605,3.763322514153441e-06,MI,0,negative
E,,10,8128,delta_p_db,1608,1608,1444,1,1608,0,0,0,0,dB,-5.170726790415964e-05,-1.2743509064209841e-05,-7.545913609802597e-06,-5.229222281281956e-06,-3.523358915757661e-06,-1.3785874311029002e-06,-1.0837244654717928e-07,-5.9069363581324125e-06,3.7633705675255262e-06,MI,0,negative
E,,10,8128,q_noise,1608,1608,1444,1,1608,0,0,0,0,fraction,7.807578057038725e-16,1.1263685937576727e-15,1.4578118944573564e-15,1.7756146133894867e-15,2.141083063356789e-15,2.7996814333975075e-15,4.1843380734444476e-15,1.844119078457082e-15,5.370234076543691e-16,MI,0,negative
I,,0,101,snr_p_db,1608,1608,1444,1,1608,0,0,0,0,dB,1.8458936479861587,1.9391360191513782,1.9974015503503066,2.0401982815008495,2.07997431690099,2.1356936116419316,2.256579287891636,2.0395063957504718,0.05951359047822431,MI,0,negative
I,,0,101,delta_p_db,1608,1608,1444,1,1608,0,0,0,0,dB,1.8458936461691042,1.9391360119801968,1.9974015456854302,2.0401982815724375,2.079974314287153,2.135693613298104,2.256579287393202,2.039506395585582,0.059513590580652274,MI,0,negative
I,,0,101,q_noise,1608,1608,1444,1,1608,0,0,0,0,fraction,0.3462521400766386,0.3601384182217041,0.3686654824598659,0.3748563503037311,0.38055558380876064,0.3884524517703468,0.4052409348791606,0.37469841973253637,0.008570661610901609,MI,0,negative
I,,0,202,snr_p_db,1608,1608,1444,1,1608,0,0,0,0,dB,1.8476995093155675,1.9413457287288718,1.9982447258145164,2.036462782708085,2.0812917186623108,2.1374474247878377,2.247085975276546,2.0382592594373072,0.060073396252563464,MI,0,negative
I,,0,202,delta_p_db,1608,1608,1444,1,1608,0,0,0,0,dB,1.8476995055450254,1.941345721030159,1.9982447294489425,2.0364627860439946,2.0812917164130242,2.1374474284246507,2.247085982341357,2.038259259586084,0.0600733962014125,MI,0,negative
I,,0,202,q_noise,1608,1608,1444,1,1608,0,0,0,0,fraction,0.34652439165746346,0.36046412272651246,0.36878932814331455,0.37431837173981586,0.3807442883871632,0.388699555193488,0.40393914806251635,0.3745177374960881,0.008650073930344363,MI,0,negative
I,,0,303,snr_p_db,1608,1608,1444,1,1608,0,0,0,0,dB,1.858450085683099,1.9337928833239948,1.9947444134999166,2.037154560901006,2.077467094654786,2.1383360902569737,2.2294050100774205,2.0360760447880657,0.06210441510624958,MI,0,negative
I,,0,303,delta_p_db,1608,1608,1444,1,1608,0,0,0,0,dB,1.8584500920212825,1.9337928803698938,1.9947444110048007,2.037154553454362,2.077467103404022,2.1383360975323855,2.2294050097062543,2.036076044940113,0.06210441526791729,MI,0,negative
I,,0,303,q_noise,1608,1608,1444,1,1608,0,0,0,0,fraction,0.3481394357243511,0.3593508718969779,0.36827910199561004,0.37441846075452834,0.3801980911026968,0.3888240722259101,0.40150693795210446,0.37419909930836126,0.008949921877555885,MI,0,negative
I,,0,404,snr_p_db,1608,1608,1444,1,1608,0,0,0,0,dB,1.7865219894229811,1.9368914128103298,1.9976688335514436,2.0377407973216926,2.07950912523186,2.1425060797673496,2.2178029314500423,2.0386339312072406,0.061352929967875176,MI,0,negative
I,,0,404,delta_p_db,1608,1608,1444,1,1608,0,0,0,0,dB,1.7865219917075572,1.9368914089210167,1.99766882654295,2.0377407958686797,2.079509122352643,2.1425060753895897,2.2178029311057044,2.038633931221143,0.061352929891737525,MI,0,negative
I,,0,404,q_noise,1608,1608,1444,1,1608,0,0,0,0,fraction,0.3372542414396308,0.35980849425513867,0.36870436424110814,0.3745030093581593,0.3804894874983955,0.38941108494397475,0.3999071328923979,0.37456913566525524,0.0088308818747369,MI,0,negative
I,,0,505,snr_p_db,1608,1608,1444,1,1608,0,0,0,0,dB,1.8622128163821738,1.9351249460068798,1.9917386706915132,2.0343309781904306,2.0799243043537645,2.13960538365971,2.2394034295946987,2.035761853495721,0.06277346062162684,MI,0,negative
I,,0,505,delta_p_db,1608,1608,1444,1,1608,0,0,0,0,dB,1.8622128086278165,1.9351249442758727,1.9917386781374706,2.034330979037806,2.07992430478648,2.1396053872075647,2.239403424619515,2.0357618534517434,0.06277346064031851,MI,0,negative
I,,0,505,q_noise,1608,1608,1444,1,1608,0,0,0,0,fraction,0.3487043823142079,0.35954737272592724,0.36784253928869093,0.37401177696192534,0.38054915940036477,0.38900335329005037,0.40288335630186456,0.37415247279293395,0.009039906335536904,MI,0,negative
I,,0,8128,snr_p_db,1608,1608,1444,1,1608,0,0,0,0,dB,1.8456754348229896,1.9378626906777603,1.9954234796037618,2.0353765288580856,2.077602727264197,2.1388899673368713,2.2224564654587313,2.0366512101348664,0.06060978361047814,MI,0,negative
I,,0,8128,delta_p_db,1608,1608,1444,1,1608,0,0,0,0,dB,1.8456754317580417,1.9378626965307486,1.9954234817096683,2.035376526355083,2.0776027259902157,2.1388899636527614,2.2224564679013383,2.036651210122116,0.0606097838107589,MI,0,negative
I,,0,8128,q_noise,1608,1608,1444,1,1608,0,0,0,0,fraction,0.34622078714689597,0.3599507297447407,0.3683782959660913,0.3741618944868129,0.3802177217441244,0.3889023915021682,0.4005483798635733,0.3742850350204615,0.008728709129339004,MI,0,negative
I,,5,101,snr_p_db,1608,1608,1444,1,1608,0,0,0,0,dB,6.845893540904918,6.939135893413662,6.997401433771158,7.040198170788311,7.079974208786534,7.135693495055522,7.256579170398243,7.039506283719512,0.05951359015542171,MI,0,negative
I,,5,101,delta_p_db,1608,1608,1444,1,1608,0,0,0,0,dB,1.8458936487579438,1.9391360133439852,1.9974015436798376,2.0401982822716045,2.0799743192262437,2.1356936069682346,2.2565792875689574,2.0395063955583206,0.059513590424966324,MI,0,negative
I,,5,101,q_noise,1608,1608,1444,1,1608,0,0,0,0,fraction,0.34625214046633934,0.3601384184226313,0.3686654821683147,0.37485635040437465,0.3805555845132381,0.38845245087901253,0.40524093490322993,0.37469841972891565,0.008570661589117838,MI,0,negative
I,,5,202,snr_p_db,1608,1608,1444,1,1608,0,0,0,0,dB,6.847699382743649,6.941345613297452,6.9982446214453535,7.036462673144493,7.081291600601793,7.137447324111015,7.247085868743128,7.038259148085526,0.060073396182968475,MI,0,negative
I,,5,202,delta_p_db,1608,1608,1444,1,1608,0,0,0,0,dB,1.84769950858969,1.9413457244974208,1.9982447340509548,2.036462788693396,2.0812917179234374,2.137447428180033,2.2470859849140545,2.038259259686925,0.060073396201439214,MI,0,negative
I,,5,202,q_noise,1608,1608,1444,1,1608,0,0,0,0,fraction,0.34652439211558894,0.3604641232370677,0.3687893288121811,0.37431837212150876,0.38074428860252707,0.3886995551590231,0.4039391484156141,0.3745177375106136,0.00865007392969543,MI,0,negative
I,,5,303,snr_p_db,1608,1608,1444,1,1608,0,0,0,0,dB,6.858449978832242,6.933792766661131,6.994744295113394,7.037154445798979,7.077466982531435,7.138335992479176,7.229404915730656,7.036075932991772,0.06210441534062548,MI,0,negative
I,,5,303,delta_p_db,1608,1608,1444,1,1608,0,0,0,0,dB,1.858450093521384,1.9337928825849182,1.9947444076997702,2.037154555986461,2.077467100115877,2.13833609306098,2.2294050207893368,2.036076044768274,0.06210441532053737,MI,0,negative
I,,5,303,q_noise,1608,1608,1444,1,1608,0,0,0,0,fraction,0.3481394359495109,0.35935087222373613,0.3682791015148588,0.3744184611192659,0.3801980906334302,0.38882407159667515,0.40150693947944316,0.3741990992834923,0.008949921885346155,MI,0,negative
I,,5,404,snr_p_db,1608,1608,1444,1,1608,0,0,0,0,dB,6.78652187941712,6.936891297563182,6.997668717710626,7.03774069796199,7.0795090084504775,7.142505964196514,7.217802816719338,7.03863381911772,0.06135292981790257,MI,0,negative
I,,5,404,delta_p_db,1608,1608,1444,1,1608,0,0,0,0,dB,1.786521991176149,1.9368914093672807,1.9976688270845389,2.0377408024971864,2.0795091268365518,2.142506072891242,2.217802929861301,2.0386339309667023,0.061352929893309496,MI,0,negative
I,,5,404,q_noise,1608,1608,1444,1,1608,0,0,0,0,fraction,0.3372542413585363,0.359808494320922,0.3687043643198347,0.37450301031282507,0.38048948813801475,0.38941108459272383,0.39990713272045064,0.37456913562861,0.008830881875429722,MI,0,negative
I,,5,505,snr_p_db,1608,1608,1444,1,1608,0,0,0,0,dB,6.8622126800390335,6.935124840772856,6.991738571701326,7.034330857460427,7.079924185832141,7.139605279560288,7.2394032956955,7.035761741735789,0.06277346092288895,MI,0,negative
I,,5,505,delta_p_db,1608,1608,1444,1,1608,0,0,0,0,dB,1.8622128024504645,1.935124945799371,1.9917386851580376,2.034330973698176,2.079924306524019,2.139605392680643,2.2394034198344634,2.035761853575851,0.06277346074709057,MI,0,negative
I,,5,505,q_noise,1608,1608,1444,1,1608,0,0,0,0,fraction,0.34870438138781307,0.3595473729506213,0.36784254031059666,0.37401177619227716,0.3805491596481916,0.38900335398064384,0.4028833556439622,0.3741524728105974,0.009039906350456995,MI,0,negative
I,,5,8128,snr_p_db,1608,1608,1444,1,1608,0,0,0,0,dB,6.845675320106662,6.937862591804243,6.995423353904957,7.035376416998584,7.077602608494445,7.138889868325006,7.222456346749368,7.0366510978561925,0.0606097839214154,MI,0,negative
I,,5,8128,delta_p_db,1608,1608,1444,1,1608,0,0,0,0,dB,1.8456754331713208,1.9378626992182129,1.995423477578814,2.0353765314055163,2.077602721441442,2.138889974548379,2.2224564750592886,2.036651210034562,0.06060978395014258,MI,0,negative
I,,5,8128,q_noise,1608,1608,1444,1,1608,0,0,0,0,fraction,0.34622078735964845,0.3599507301408245,0.36837829536531386,0.3741618952146021,0.38021772109496854,0.38890239303528074,0.40054838085157685,0.3742850350075713,0.008728709148658679,MI,0,negative
I,,10,101,snr_p_db,1608,1608,1444,1,1608,0,0,0,0,dB,11.845893700625027,11.939136067339033,11.99740161298817,12.04019835025904,12.079974384246693,12.135693669568187,12.256579334140598,12.039506454222034,0.05951359073369735,MI,0,negative
I,,10,101,delta_p_db,1608,1608,1444,1,1608,0,0,0,0,dB,1.8458936464615594,1.9391360080531161,1.9974015470066626,2.040198286471788,2.079974322823317,2.1356936136684235,2.2565792828213085,2.0395063957864505,0.05951359075807091,MI,0,negative
I,,10,101,q_noise,1608,1608,1444,1,1608,0,0,0,0,fraction,0.34625214012066224,0.36013841764310933,0.36866548265193255,0.37485635100895665,0.38055558502629405,0.38845245182249344,0.40524093425304736,0.37469841976110774,0.008570661636072533,MI,0,negative
I,,10,202,snr_p_db,1608,1608,1444,1,1608,0,0,0,0,dB,11.847699566733365,11.941345793415788,11.998244791287938,12.036462844983271,12.081291761975102,12.1374474857768,12.247086030863974,12.038259318147144,0.06007339615749858,MI,0,negative
I,,10,202,delta_p_db,1608,1608,1444,1,1608,0,0,0,0,dB,1.8476995086163717,1.9413457261668297,1.9982447283754077,2.0364627859351776,2.081291716531272,2.137447424749666,2.24708597823567,2.038259259575848,0.06007339605471117,MI,0,negative
I,,10,202,q_noise,1608,1608,1444,1,1608,0,0,0,0,fraction,0.3465243921196037,0.3604641234829631,0.3687893279872861,0.37431837172413807,0.3807442884040294,0.3886995546762486,0.4039391474990186,0.374517737494907,0.008650073909007338,MI,0,negative
I,,10,303,snr_p_db,1608,1608,1444,1,1608,0,0,0,0,dB,11.858450158775423,11.933792943678974,11.994744461113877,12.037154605875251,12.077467145304873,12.138336147584798,12.229405043823432,12.03607610313673,0.06210441486785911,MI,0,negative
I,,10,303,delta_p_db,1608,1608,1444,1,1608,0,0,0,0,dB,1.8584500988348618,1.9337928783386553,1.9947444053150472,2.037154547751616,2.0774671018690354,2.138336093766075,2.2294050031131887,2.036076044992899,0.06210441502993775,MI,0,negative
I,,10,303,q_noise,1608,1608,1444,1,1608,0,0,0,0,fraction,0.34813943674704506,0.3593508715973496,0.36827910116798823,0.3744184599330736,0.3801980908836318,0.388824071695887,0.4015069370435264,0.3741990993164608,0.008949921842491966,MI,0,negative
I,,10,404,snr_p_db,1608,1608,1444,1,1608,0,0,0,0,dB,11.78652205466484,11.936891470679816,11.997668880878539,12.037740847957402,12.079509190635486,12.142506127573313,12.217802983689065,12.038633989677809,0.06135292996256637,MI,0,negative
I,,10,404,delta_p_db,1608,1608,1444,1,1608,0,0,0,0,dB,1.7865219931184533,1.9368914100346235,1.997668821937326,2.037740791436985,2.0795091296304324,2.142506069063413,2.2178029357245084,2.038633931357022,0.06135292991162367,MI,0,negative
I,,10,404,q_noise,1608,1608,1444,1,1608,0,0,0,0,fraction,0.33725424165493756,0.3598084944192954,0.36870436357162945,0.3745030087198873,0.38048948853655623,0.38941108405455327,0.399907133530608,0.3745691356847886,0.008830881876108407,MI,0,negative
I,,10,505,snr_p_db,1608,1608,1444,1,1608,0,0,0,0,dB,11.862212846573637,11.935125020836926,11.991738742223962,12.034331024370932,12.07992435411703,12.13960543166104,12.23940346664562,12.035761912040316,0.0627734606987849,MI,0,negative
I,,10,505,delta_p_db,1608,1608,1444,1,1608,0,0,0,0,dB,1.8622127994813817,1.9351249445246974,1.9917386793168428,2.034330971610818,2.0799243020066234,2.1396053816587095,2.2394034205702633,2.0357618533788036,0.06277346028394352,MI,0,negative
I,,10,505,q_noise,1608,1608,1444,1,1608,0,0,0,0,fraction,0.3487043809425505,0.3595473727625856,0.3678425394603629,0.3740117758914038,0.3805491590038543,0.3890033534743537,0.40288335574512807,0.3741524727831629,0.009039906284637685,MI,0,negative
I,,10,8128,snr_p_db,1608,1608,1444,1,1608,0,0,0,0,dB,11.845675485533437,11.937862749627104,11.995423531028539,12.035376580262772,12.077602795005829,12.138890024562762,12.222456557597706,12.036651268406127,0.060609784082690195,MI,0,negative
I,,10,8128,delta_p_db,1608,1608,1444,1,1608,0,0,0,0,dB,1.8456754322898095,1.9378626981846192,1.995423479748243,2.03537652117771,2.0776027279526668,2.1388899621075974,2.22245648131663,2.0366512100105676,0.06060978405299971,MI,0,negative
I,,10,8128,q_noise,1608,1608,1444,1,1608,0,0,0,0,fraction,0.3462207872269474,0.3599507299884838,0.3683782956808208,0.3741618937407298,0.3802177220241887,0.38890239128475845,0.40054838171527035,0.37428503500390237,0.008728709164645479,MI,0,negative
S_00,S_00,0,101,snr_p_db,1608,1608,1444,1,1608,0,0,0,0,dB,2.383690739705137,2.5037099878628934,2.574048831501743,2.6214771640857815,2.6704499604007816,2.7412869791740393,2.8664509418264723,2.621446830841303,0.07231153353897594,MI,0,negative
S_00,S_00,0,101,delta_p_db,1608,1608,1444,1,1608,0,0,0,0,dB,2.383690738846382,2.5037099829518623,2.574048831335525,2.621477163350036,2.6704499592434114,2.741286980228472,2.866450947307162,2.6214468308880026,0.07231153351911739,MI,0,negative
S_00,S_00,0,101,q_noise,1608,1608,1444,1,1608,0,0,0,0,fraction,0.42239642598180493,0.43813922238461356,0.44716640902389126,0.45317175869402126,0.4593023574770584,0.46805016287977386,0.4831615974717542,0.4530912181283421,0.00910858136981449,MI,0,negative
S_00,S_00,0,202,snr_p_db,1608,1608,1444,1,1608,0,0,0,0,dB,2.339936419194562,2.504710815261748,2.5686649962220156,2.619617544372813,2.6679822276732876,2.7479125049675623,2.867512441567301,2.6203989156867316,0.07378686372595265,MI,0,negative
S_00,S_00,0,202,delta_p_db,1608,1608,1444,1,1608,0,0,0,0,dB,2.3399364234353666,2.504710812466649,2.568665000159208,2.619617546369008,2.6679822271847544,2.7479125061942584,2.867512437111303,2.62039891569267,0.07378686372550439,MI,0,negative
S_00,S_00,0,202,q_noise,1608,1608,1444,1,1608,0,0,0,0,fraction,0.41654725163361866,0.43826982662631925,0.4464803951192792,0.4529368752581255,0.4589948373714486,0.46886128007233363,0.483288108582877,0.4529561930717274,0.00928269668457124,MI,0,negative
S_00,S_00,0,303,snr_p_db,1608,1608,1444,1,1608,0,0,0,0,dB,2.385507332419943,2.501000607001736,2.5738361801583176,2.6196582925810237,2.668038058113712,2.7432801753737213,2.8651699541030213,2.6204864643043417,0.07267901390578908,MI,0,negative
S_00,S_00,0,303,delta_p_db,1608,1608,1444,1,1608,0,0,0,0,dB,2.385507331669055,2.5010006018598245,2.573836182553725,2.619658292418152,2.668038053633446,2.743280178602739,2.8651699508473,2.6204864639716803,0.07267901407950143,MI,0,negative
S_00,S_00,0,303,q_noise,1608,1608,1444,1,1608,0,0,0,0,fraction,0.42263734107090245,0.4377890364922302,0.44713911244346644,0.4529418187168761,0.45900177804936243,0.4682945155828559,0.4830099490540349,0.452969516028489,0.009152799241959561,MI,0,negative
S_00,S_00,0,404,snr_p_db,1608,1608,1444,1,1608,0,0,0,0,dB,2.380377892387395,2.504674861525257,2.5693630013102773,2.6214947455744633,2.668549779830232,2.7408852982889496,2.836505803369551,2.62078696504717,0.07310315417025937,MI,0,negative
S_00,S_00,0,404,delta_p_db,1608,1608,1444,1,1608,0,0,0,0,dB,2.3803778969475298,2.5046748588477725,2.5693630050406964,2.6214947535459787,2.668549777169069,2.740885295819072,2.8365057998887453,2.6207869651011344,0.07310315411064622,MI,0,negative
S_00,S_00,0,404,q_noise,1608,1608,1444,1,1608,0,0,0,0,fraction,0.42195533727331247,0.43826544316761396,0.44656993944422985,0.45317323608223187,0.4590663552759597,0.46800050069857774,0.47958658468206633,0.45300648360152146,0.009203103527156739,MI,0,negative
S_00,S_00,0,505,snr_p_db,1608,1608,1444,1,1608,0,0,0,0,dB,2.4192068046211617,2.4980816560442047,2.5666625189216536,2.618211317118954,2.667906134553376,2.742019086362347,2.8942117193418184,2.618530111150591,0.07394645621747961,MI,0,negative
S_00,S_00,0,505,delta_p_db,1608,1608,1444,1,1608,0,0,0,0,dB,2.419206795838987,2.4980816559429875,2.5666625103481273,2.6182113203754804,2.6679061351443325,2.742019083721148,2.8942117206811444,2.618530111092656,0.07394645645162606,MI,0,negative
S_00,S_00,0,505,q_noise,1608,1608,1444,1,1608,0,0,0,0,fraction,0.4271029849833637,0.43741060854234326,0.44622580099021997,0.4527591034420647,0.4589857703137,0.46814028739189917,0.4864550079828823,0.452720368743233,0.009312782414331568,MI,0,negative
S_00,S_00,0,8128,snr_p_db,1608,1608,1444,1,1608,0,0,0,0,dB,2.40195323203557,2.505866893399083,2.5706403784051988,2.6200548961255112,2.6670356054264106,2.732977561355098,2.878875892922585,2.6198598089902654,0.069986370843068,MI,0,negative
S_00,S_00,0,8128,delta_p_db,1608,1608,1444,1,1608,0,0,0,0,dB,2.4019532326922195,2.505866894992099,2.570640374296114,2.620054894988127,2.667035600472023,2.732977559115425,2.8788758915154355,2.619859809061888,0.0699863707729352,MI,0,negative
S_00,S_00,0,8128,q_noise,1608,1608,1444,1,1608,0,0,0,0,fraction,0.42481906828120314,0.4384181979187611,0.44673202178350374,0.45299179285949304,0.4588774188857654,0.467030995538637,0.4846383642654077,0.45289615050689813,0.00881377145933536,MI,0,negative
S_00,S_00,5,101,snr_p_db,1608,1608,1444,1,1608,0,0,0,0,dB,7.383690628387466,7.503709864499313,7.574048715090698,7.62147704116293,7.670449849838422,7.741286873462749,7.866450823335597,7.621446718531711,0.0723115338326668,MI,0,negative
S_00,S_00,5,101,delta_p_db,1608,1608,1444,1,1608,0,0,0,0,dB,2.3836907367928526,2.503709976876675,2.574048822999423,2.621477159609005,2.670449959321575,2.7412869859151243,2.866450941955811,2.621446830655835,0.0723115336090293,MI,0,negative
S_00,S_00,5,101,q_noise,1608,1608,1444,1,1608,0,0,0,0,fraction,0.42239642570868946,0.43813922159866386,0.4471664079627542,0.45317175822298283,0.45930235748679654,0.4680501635763055,0.48316159683490906,0.4530912180989163,0.009108581381725774,MI,0,negative
S_00,S_00,5,202,snr_p_db,1608,1608,1444,1,1608,0,0,0,0,dB,7.339936308673808,7.504710716227672,7.568664878788861,7.619617439775414,7.6679821117015585,7.747912388465934,7.867512316165781,7.62039880353583,0.07378686348607234,MI,0,negative
S_00,S_00,5,202,delta_p_db,1608,1608,1444,1,1608,0,0,0,0,dB,2.3399364203991775,2.504710822975872,2.568664995061055,2.619617553004238,2.6679822276785163,2.7479125064476975,2.867512431727621,2.620398915609591,0.07378686344121647,MI,0,negative
S_00,S_00,5,202,q_noise,1608,1608,1444,1,1608,0,0,0,0,fraction,0.41654725122572195,0.4382698279856261,0.4464803944695045,0.45293687609396477,0.4589948374329571,0.46886128010333133,0.483288107942341,0.4529561930618686,0.009282696649273165,MI,0,negative
S_00,S_00,5,303,snr_p_db,1608,1608,1444,1,1608,0,0,0,0,dB,7.385507221051605,7.501000489099088,7.573836062494825,7.619658186051458,7.668037942895074,7.743280061265091,7.8651698286662395,7.620486352168063,0.0726790141375422,MI,0,negative
S_00,S_00,5,303,delta_p_db,1608,1608,1444,1,1608,0,0,0,0,dB,2.385507324530535,2.5010006016839172,2.5738361845295543,2.61965829435623,2.6680380538083734,2.7432801761731818,2.8651699394520462,2.6204864639138252,0.07267901397067889,MI,0,negative
S_00,S_00,5,303,q_noise,1608,1608,1444,1,1608,0,0,0,0,fraction,0.4226373401218886,0.437789036469415,0.44713911269500045,0.45294181896100955,0.4590017780711355,0.468294515285402,0.4830099476975285,0.45296951602143176,0.009152799228185427,MI,0,negative
S_00,S_00,5,404,snr_p_db,1608,1608,1444,1,1608,0,0,0,0,dB,7.380377781679518,7.504674755195723,7.5693628982104455,7.621494626919112,7.66854965404934,7.740885183323833,7.836505695575042,7.620786853321513,0.07310315388270827,MI,0,negative
S_00,S_00,5,404,delta_p_db,1608,1608,1444,1,1608,0,0,0,0,dB,2.380377902067689,2.504674854244304,2.5693630098214473,2.621494750813944,2.668549766296892,2.740885296719247,2.836505798347785,2.6207869651167712,0.07310315383477885,MI,0,negative
S_00,S_00,5,404,q_noise,1608,1608,1444,1,1608,0,0,0,0,fraction,0.4219553379548042,0.43826544257216393,0.4465699400534446,0.45317323573823326,0.459066353921722,0.4680005008088511,0.4795865844974137,0.4530064836040711,0.009203103493111724,MI,0,negative
S_00,S_00,5,505,snr_p_db,1608,1608,1444,1,1608,0,0,0,0,dB,7.419206668936092,7.498081544171065,7.566662411046964,7.618211214580279,7.667906027983979,7.742018967513873,7.8942116096184245,7.618529999116138,0.07394645619681817,MI,0,negative
S_00,S_00,5,505,delta_p_db,1608,1608,1444,1,1608,0,0,0,0,dB,2.419206794681182,2.498081656486183,2.5666625144129225,2.6182113310258535,2.667906142602164,2.7420190748804627,2.89421172391663,2.618530111163366,0.0739464562604872,MI,0,negative
S_00,S_00,5,505,q_noise,1608,1608,1444,1,1608,0,0,0,0,fraction,0.42710298483063247,0.4374106086127181,0.44622580150852953,0.4527591047840865,0.45898577124270457,0.46814028630922366,0.4864550083654724,0.4527203687525521,0.009312782390348509,MI,0,negative
S_00,S_00,5,8128,snr_p_db,1608,1608,1444,1,1608,0,0,0,0,dB,7.401953114274961,7.505866790323557,7.5706402494177585,7.6200547811950194,7.6670354850014,7.732977452622966,7.878875771652637,7.619859696969121,0.06998637065069221,MI,0,negative
S_00,S_00,5,8128,delta_p_db,1608,1608,1444,1,1608,0,0,0,0,dB,2.401953228662283,2.5058669045385735,2.5706403658482166,2.620054896713432,2.6670356002375404,2.7329775582762488,2.8788758944336665,2.6198598088935263,0.06998637057774795,MI,0,negative
S_00,S_00,5,8128,q_noise,1608,1608,1444,1,1608,0,0,0,0,fraction,0.42481906774747713,0.4384181991533008,0.4467320207072877,0.4529917930768157,0.45887741885654937,0.4670309954356553,0.48463836461170373,0.4528961504860847,0.008813771435077845,MI,0,negative
S_00,S_00,10,101,snr_p_db,1608,1608,1444,1,1608,0,0,0,0,dB,12.383690795173148,12.503710027061516,12.574048882194013,12.621477237072023,12.6704500194883,12.741287028793073,12.866450981313047,12.621446889442051,0.07231153320077682,MI,0,negative
S_00,S_00,10,101,delta_p_db,1608,1608,1444,1,1608,0,0,0,0,dB,2.383690737447518,2.503709973768512,2.5740488247026194,2.621477172069047,2.670449949825911,2.7412869757399383,2.8664509408888152,2.6214468310165193,0.07231153317202473,MI,0,negative
S_00,S_00,10,101,q_noise,1608,1608,1444,1,1608,0,0,0,0,fraction,0.4223964257957586,0.4381392211965292,0.44716640817955633,0.453171759791849,0.4593023563045863,0.4680501623299772,0.48316159670792974,0.4530912181452578,0.009108581325095908,MI,0,negative
S_00,S_00,10,202,snr_p_db,1608,1608,1444,1,1608,0,0,0,0,dB,12.339936499716625,12.50471087832141,12.568665059116832,12.61961759634191,12.66798228735781,12.747912581912031,12.867512518937023,12.620398974402523,0.07378686370781884,MI,0,negative
S_00,S_00,10,202,delta_p_db,1608,1608,1444,1,1608,0,0,0,0,dB,2.3399364401326035,2.504710809627904,2.5686649941363435,2.6196175516810065,2.667982229386049,2.7479125128870705,2.8675124455707324,2.6203989157802074,0.07378686390102912,MI,0,negative
S_00,S_00,10,202,q_noise,1608,1608,1444,1,1608,0,0,0,0,fraction,0.4165472538768083,0.4382698262591343,0.4464803943516476,0.45293687592727333,0.4589948376456661,0.4688612808908423,0.4832881095893572,0.45295619308237894,0.009282696706442398,MI,0,negative
S_00,S_00,10,303,snr_p_db,1608,1608,1444,1,1608,0,0,0,0,dB,12.38550738877599,12.501000667537381,12.573836246308222,12.61965835202401,12.668038114596882,12.743280241500226,12.865170007207068,12.620486522050625,0.07267901418184079,MI,0,negative
S_00,S_00,10,303,delta_p_db,1608,1608,1444,1,1608,0,0,0,0,dB,2.3855073245290352,2.501000609054949,2.5738361855176324,2.6196582894701304,2.668038052149398,2.743280178643017,2.8651699407340745,2.6204864636567926,0.07267901416033815,MI,0,negative
S_00,S_00,10,303,q_noise,1608,1608,1444,1,1608,0,0,0,0,fraction,0.42263734012168924,0.4377890374236501,0.4471391128207903,0.45294181834552727,0.45900177786447854,0.46829451558777224,0.48300994785014284,0.45296951598865376,0.009152799253199433,MI,0,negative
S_00,S_00,10,404,snr_p_db,1608,1608,1444,1,1608,0,0,0,0,dB,12.38037798652162,12.504674925405148,12.569363072729397,12.621494809410546,12.668549830316616,12.740885359587478,12.836505843281085,12.620787023007338,0.07310315334284957,MI,0,negative
S_00,S_00,10,404,delta_p_db,1608,1608,1444,1,1608,0,0,0,0,dB,2.380377912376336,2.5046748623490216,2.5693630072632927,2.621494751780271,2.668549771873547,2.7408853059166227,2.8365057951311705,2.6207869648675945,0.07310315398448411,MI,0,negative
S_00,S_00,10,404,q_noise,1608,1608,1444,1,1608,0,0,0,0,fraction,0.42195533932688195,0.43826544362046366,0.44656993972744863,0.45317323585989266,0.45906635461634915,0.4680005019354878,0.479586584111968,0.4530064835723775,0.009203103511181959,MI,0,negative
S_00,S_00,10,505,snr_p_db,1608,1608,1444,1,1608,0,0,0,0,dB,12.419206876190092,12.49808171462156,12.566662559501154,12.618211376223202,12.667906193150968,12.742019125274172,12.894211771743453,12.618530169128919,0.07394645640755163,MI,0,negative
S_00,S_00,10,505,delta_p_db,1608,1608,1444,1,1608,0,0,0,0,dB,2.4192068082160665,2.4980816609914513,2.566662499276883,2.6182113216404153,2.6679061362624914,2.742019077542655,2.8942117264994947,2.6185301107961343,0.07394645639305376,MI,0,negative
S_00,S_00,10,505,q_noise,1608,1608,1444,1,1608,0,0,0,0,fraction,0.4271029866160788,0.43741060919637087,0.4462257995785182,0.4527591036014589,0.458985770452982,0.46814028663525636,0.48645500867089114,0.4527203687060034,0.009312782405608662,MI,0,negative
S_00,S_00,10,8128,snr_p_db,1608,1608,1444,1,1608,0,0,0,0,dB,12.401953299183885,12.505866944859363,12.570640424754117,12.620054940307405,12.667035647210376,12.732977605785615,12.878875934712589,12.619859867600718,0.0699863702702117,MI,0,negative
S_00,S_00,10,8128,delta_p_db,1608,1608,1444,1,1608,0,0,0,0,dB,2.401953239953275,2.5058668949631766,2.5706403694431073,2.6200548932824352,2.6670356010136187,2.732977555827008,2.8788758880748997,2.619859808969182,0.06998637070588049,MI,0,negative
S_00,S_00,10,8128,q_noise,1608,1608,1444,1,1608,0,0,0,0,fraction,0.4248190692428595,0.4384181979150654,0.4467320211652619,0.4529917926446557,0.45887741895324746,0.46703099513522417,0.48463836385713177,0.45289615049535353,0.008813771451455772,MI,0,negative
S_01,S_01,0,101,snr_p_db,1608,1608,1444,1,1608,0,0,0,0,dB,1.3995966566558906,1.5386299011021507,1.5958151129972302,1.6334338157488808,1.6773665674890725,1.7394550184647586,1.8297572145064989,1.6364132640748,0.061573310176307176,MI,0,negative
S_01,S_01,0,101,delta_p_db,1608,1608,1444,1,1608,0,0,0,0,dB,1.3995966442729415,1.538629907663356,1.595815109264221,1.633433810885134,1.6773665704307463,1.7394550192910498,1.8297572163036637,1.6364132641318418,0.061573310284161936,MI,0,negative
S_01,S_01,0,101,q_noise,1608,1608,1444,1,1608,0,0,0,0,fraction,0.27549756522865865,0.2983245511713072,0.3075033031182523,0.3134754967394598,0.3203855094665975,0.3300316879554853,0.34381879074686283,0.3138774508027449,0.009724247202018834,MI,0,negative
S_01,S_01,0,202,snr_p_db,1608,1608,1444,1,1608,0,0,0,0,dB,1.4160371399878693,1.5331289861048556,1.5951482725507218,1.6330276250506226,1.6777216258054435,1.7358628010241262,1.815323393491983,1.634628438348659,0.06124506564211393,MI,0,negative
S_01,S_01,0,202,delta_p_db,1608,1608,1444,1,1608,0,0,0,0,dB,1.4160371346992606,1.5331289782619388,1.5951482741704095,1.6330276247308109,1.6777216194742115,1.7358628078797667,1.8153233826964499,1.6346284383147898,0.061245065810185725,MI,0,negative
S_01,S_01,0,202,q_noise,1608,1608,1444,1,1608,0,0,0,0,fraction,0.2782348550539887,0.2974349499928963,0.3073966392302764,0.31341087345408225,0.3204409572494734,0.3294783967992913,0.3416342300080574,0.3135961256070005,0.009681286939782418,MI,0,negative
S_01,S_01,0,303,snr_p_db,1608,1608,1444,1,1608,0,0,0,0,dB,1.4643835913327634,1.541682610136147,1.5971939381073454,1.6351462622876212,1.6780355733185157,1.7419902716437294,1.8372876446711048,1.6373605115435232,0.06114497497134661,MI,0,negative
S_01,S_01,0,303,delta_p_db,1608,1608,1444,1,1608,0,0,0,0,dB,1.4643835870166662,1.5416826127005074,1.5971939345519437,1.6351462621708324,1.6780355720451077,1.7419902708198387,1.837287640172657,1.6373605113456504,0.06114497504134886,MI,0,negative
S_01,S_01,0,303,q_noise,1608,1608,1444,1,1608,0,0,0,0,fraction,0.28622486498851124,0.29881702951104655,0.3077225652922513,0.31374659511748704,0.3204900540553589,0.33042302743282526,0.3449556879134451,0.31402807564296537,0.009647026099452036,MI,0,negative
S_01,S_01,0,404,snr_p_db,1608,1608,1444,1,1608,0,0,0,0,dB,1.4611791597510115,1.5365048270267547,1.5975932393411134,1.6379938752528902,1.6811855880203987,1.739014821857659,1.8367504720504957,1.638737204859983,0.061618245016206184,MI,0,negative
S_01,S_01,0,404,delta_p_db,1608,1608,1444,1,1608,0,0,0,0,dB,1.4611791570170531,1.5365048265509789,1.5975932398258152,1.6379938784428205,1.681185584962829,1.739014818251088,1.8367504807982735,1.638737204981082,0.06161824487526174,MI,0,negative
S_01,S_01,0,404,q_noise,1608,1608,1444,1,1608,0,0,0,0,fraction,0.285698634122113,0.29798045552922925,0.3077864732934461,0.3141966165439892,0.32098259701207177,0.32996418381027315,0.3448741495837753,0.31424438427247087,0.009729710881779478,MI,0,negative
S_01,S_01,0,505,snr_p_db,1608,1608,1444,1,1608,0,0,0,0,dB,1.4406412157850075,1.5340688374112568,1.5929151727825939,1.6321460548513032,1.6766977136616257,1.740204194366275,1.8581101077373694,1.6353872261015132,0.06303465780213574,MI,0,negative
S_01,S_01,0,505,delta_p_db,1608,1608,1444,1,1608,0,0,0,0,dB,1.4406412077539008,1.5340688382622427,1.592915170568455,1.6321460548444358,1.6766977111775778,1.7402042015797288,1.8581101062815162,1.6353872260866658,0.06303465782393522,MI,0,negative
S_01,S_01,0,505,q_noise,1608,1608,1444,1,1608,0,0,0,0,fraction,0.2823121024288963,0.29758733757823874,0.30704010137279564,0.3132721819541627,0.3202801101806385,0.3301483428366871,0.3480893324389617,0.3137120532237175,0.009951026904746267,MI,0,negative
S_01,S_01,0,8128,snr_p_db,1608,1608,1444,1,1608,0,0,0,0,dB,1.4556046265518316,1.5411812471372344,1.5915199105499958,1.6354079518893623,1.6769450966595698,1.737043367313461,1.8841113945172134,1.63611087745429,0.06076025834938264,MI,0,negative
S_01,S_01,0,8128,delta_p_db,1608,1608,1444,1,1608,0,0,0,0,dB,1.455604628105347,1.5411812403930225,1.5915199099639856,1.6354079526046963,1.6769451046778805,1.7370433624876116,1.8841113963970881,1.6361108775972453,0.06076025832222032,MI,0,negative
S_01,S_01,0,8128,q_noise,1608,1608,1444,1,1608,0,0,0,0,fraction,0.2847844091671715,0.2987361689239955,0.3068171705993117,0.31378784296911405,0.3203193487965722,0.3296602222416972,0.3519805601247275,0.3138315170375216,0.009589296034392129,MI,0,negative
S_01,S_01,5,101,snr_p_db,1608,1608,1444,1,1608,0,0,0,0,dB,6.39959653242549,6.538629783224581,6.595814992130382,6.6334337090799025,6.6773664555996115,6.739454906365797,6.829757104950133,6.636413152029083,0.061573310587158404,MI,0,negative
S_01,S_01,5,101,delta_p_db,1608,1608,1444,1,1608,0,0,0,0,dB,1.399596641345051,1.5386299053717167,1.595815112435155,1.6334338118071954,1.6773665698750648,1.7394550189018512,1.8297572189372127,1.6364132641106792,0.061573310266140505,MI,0,negative
S_01,S_01,5,101,q_noise,1608,1608,1444,1,1608,0,0,0,0,fraction,0.27549756474021964,0.2983245508010987,0.30750330362386574,0.31347549688521753,0.3203855093796475,0.33003168789545717,0.34381879114476926,0.31387745079944335,0.009724247198902301,MI,0,negative
S_01,S_01,5,202,snr_p_db,1608,1608,1444,1,1608,0,0,0,0,dB,6.416037014719001,6.5331288748561525,6.595148153751724,6.633027511220126,6.677721503093906,6.7358626979068825,6.815323254221102,6.634628326401733,0.06124506597877639,MI,0,negative
S_01,S_01,5,202,delta_p_db,1608,1608,1444,1,1608,0,0,0,0,dB,1.4160371301726218,1.5331289813358246,1.5951482748360601,1.6330276278975622,1.677721615347481,1.735862808316734,1.8153233741601174,1.6346284384739536,0.06124506587348702,MI,0,negative
S_01,S_01,5,202,q_noise,1608,1608,1444,1,1608,0,0,0,0,fraction,0.2782348543016949,0.29743495049015023,0.30739663933643474,0.31341087395472655,0.3204409566037459,0.329478396866769,0.34163422871399796,0.3135961256320129,0.009681286949966806,MI,0,negative
S_01,S_01,5,303,snr_p_db,1608,1608,1444,1,1608,0,0,0,0,dB,6.464383471320799,6.541682503195738,6.597193828915502,6.635146154050556,6.678035468541246,6.741990160924647,6.837287523674424,6.637360399508226,0.061144975047317154,MI,0,negative
S_01,S_01,5,303,delta_p_db,1608,1608,1444,1,1608,0,0,0,0,dB,1.4643835896670772,1.5416826138729387,1.5971939357329297,1.6351462620438382,1.6780355723354519,1.7419902671292815,1.8372876360586485,1.6373605112572287,0.06114497498238624,MI,0,negative
S_01,S_01,5,303,q_noise,1608,1608,1444,1,1608,0,0,0,0,fraction,0.28622486542411374,0.2988170297003334,0.3077225654804983,0.3137465950974215,0.320490054100795,0.3304230268638208,0.34495568729293113,0.314028075629128,0.009647026090764193,MI,0,negative
S_01,S_01,5,404,snr_p_db,1608,1608,1444,1,1608,0,0,0,0,dB,6.46117904526991,6.536504714009328,6.597593121344118,6.637993757841933,6.68118547630686,6.739014713023918,6.836750354511069,6.638737093065957,0.06161824483417882,MI,0,negative
S_01,S_01,5,404,delta_p_db,1608,1608,1444,1,1608,0,0,0,0,dB,1.4611791575696051,1.5365048285914034,1.5975932397435444,1.6379938743485694,1.6811855925902262,1.7390148236190528,1.8367504758530235,1.6387372049390645,0.06161824492894841,MI,0,negative
S_01,S_01,5,404,q_noise,1608,1608,1444,1,1608,0,0,0,0,fraction,0.2856986342129934,0.29798045585903454,0.30778647328031594,0.31419661581616876,0.32098259728798895,0.3299641846384438,0.34487414883779266,0.3142443842657151,0.00972971089056509,MI,0,negative
S_01,S_01,5,505,snr_p_db,1608,1608,1444,1,1608,0,0,0,0,dB,6.440641093820406,6.534068727016725,6.5929150636850915,6.6321459335776485,6.6766975958990935,6.74020407864386,6.858110003168952,6.635387114204141,0.06303465735771512,MI,0,negative
S_01,S_01,5,505,delta_p_db,1608,1608,1444,1,1608,0,0,0,0,dB,1.4406412116591154,1.534068838601376,1.5929151783909516,1.6321460471046378,1.676697712750601,1.7402041957108327,1.8581101097233454,1.6353872261135796,0.06303465770415612,MI,0,negative
S_01,S_01,5,505,q_noise,1608,1608,1444,1,1608,0,0,0,0,fraction,0.28231210307424764,0.2975873376330849,0.30704010262095144,0.3132721807303077,0.32028011042683674,0.3301483419314664,0.34808933295560773,0.3137120532282456,0.009951026885642792,MI,0,negative
S_01,S_01,5,8128,snr_p_db,1608,1608,1444,1,1608,0,0,0,0,dB,6.455604510887766,6.5411811351791815,6.591519802384295,6.635407836948087,6.676944992259766,6.737043256420397,6.884111276797308,6.636110765559723,0.060760258121066224,MI,0,negative
S_01,S_01,5,8128,delta_p_db,1608,1608,1444,1,1608,0,0,0,0,dB,1.455604621406679,1.5411812438842274,1.5915199083944327,1.6354079553292362,1.6769451036391692,1.737043360112365,1.8841113935708287,1.6361108774528001,0.06076025822201774,MI,0,negative
S_01,S_01,5,8128,q_noise,1608,1608,1444,1,1608,0,0,0,0,fraction,0.28478440806400496,0.29873616948774157,0.3068171703487935,0.3137878433996051,0.3203193486340098,0.32966022187506383,0.35198055970301567,0.31383151701491874,0.009589296019380193,MI,0,negative
S_01,S_01,10,101,snr_p_db,1608,1608,1444,1,1608,0,0,0,0,dB,11.39959671607029,11.538629947169387,11.595815155080187,11.633433863097522,11.677366628721055,11.739455087134479,11.829757277001917,11.63641332260485,0.061573310105092205,MI,0,negative
S_01,S_01,10,101,delta_p_db,1608,1608,1444,1,1608,0,0,0,0,dB,1.3995966429487072,1.5386298992263256,1.5958151021644826,1.6334338087291345,1.6773665721168451,1.739455023607216,1.8297572194460119,1.6364132639665223,0.061573310103894816,MI,0,negative
S_01,S_01,10,101,q_noise,1608,1608,1444,1,1608,0,0,0,0,fraction,0.27549756500774614,0.2983245498081122,0.3075033019861863,0.31347549639864414,0.3203855097304561,0.33003168862131665,0.3438187912216444,0.31387745077703105,0.009724247173721709,MI,0,negative
S_01,S_01,10,202,snr_p_db,1608,1608,1444,1,1608,0,0,0,0,dB,11.41603718544946,11.533129051911427,11.595148355384989,11.633027682982402,11.677721677942834,11.735862859954224,11.815323441043637,11.634628497073923,0.061245065633481637,MI,0,negative
S_01,S_01,10,202,delta_p_db,1608,1608,1444,1,1608,0,0,0,0,dB,1.4160371349159466,1.5331289827656909,1.595148284341601,1.6330276260482146,1.6777216203660574,1.7358628071216204,1.815323376832077,1.634628438503273,0.06124506586380343,MI,0,negative
S_01,S_01,10,202,q_noise,1608,1608,1444,1,1608,0,0,0,0,fraction,0.2782348550900002,0.29743495072144865,0.3073966408523471,0.31341087366236403,0.3204409573890259,0.32947839668227397,0.34163422911905184,0.31359612563667083,0.009681286947857972,MI,0,negative
S_01,S_01,10,303,snr_p_db,1608,1608,1444,1,1608,0,0,0,0,dB,11.464383640404488,11.541682678848591,11.597193997401847,11.63514632723021,11.6780356390507,11.741990326896182,11.83728769086562,11.637360569722908,0.06114497528779811,MI,0,negative
S_01,S_01,10,303,delta_p_db,1608,1608,1444,1,1608,0,0,0,0,dB,1.4643835784833317,1.5416826103856662,1.5971939377217255,1.6351462691302836,1.678035574750065,1.741990270613383,1.8372876323089262,1.6373605113675798,0.061144975223154936,MI,0,negative
S_01,S_01,10,303,q_noise,1608,1608,1444,1,1608,0,0,0,0,fraction,0.28622486358603394,0.2988170291372891,0.30772256579749613,0.3137465962172007,0.320490054478593,0.33042302740100243,0.3449556867273623,0.31402807564602303,0.00964702612857714,MI,0,negative
S_01,S_01,10,404,snr_p_db,1608,1608,1444,1,1608,0,0,0,0,dB,11.461179212813477,11.536504872427047,11.597593288021368,11.637993925415312,11.681185640930416,11.739014875517807,11.836750529056312,11.638737263037768,0.06161824462777583,MI,0,negative
S_01,S_01,10,404,delta_p_db,1608,1608,1444,1,1608,0,0,0,0,dB,1.4611791535663687,1.5365048235967895,1.5975932397766157,1.6379938726193526,1.6811855914990947,1.7390148186880372,1.8367504732515514,1.6387372047872768,0.06161824484556952,MI,0,negative
S_01,S_01,10,404,q_noise,1608,1608,1444,1,1608,0,0,0,0,fraction,0.28569863355456526,0.2979804550516995,0.30778647328559866,0.31419661566220436,0.3209825966873861,0.32996418387767407,0.344874148445365,0.3142443842419346,0.00972971087768077,MI,0,negative
S_01,S_01,10,505,snr_p_db,1608,1608,1444,1,1608,0,0,0,0,dB,11.440641286681752,11.534068889924656,11.592915222862414,11.632146109473066,11.676697787847528,11.740204279576,11.858110175527267,11.635387284417467,0.06303465812244888,MI,0,negative
S_01,S_01,10,505,delta_p_db,1608,1608,1444,1,1608,0,0,0,0,dB,1.4406412162349744,1.5340688354944916,1.5929151656004574,1.6321460480061887,1.6766977202111772,1.7402042085331515,1.8581101191843854,1.635387226022562,0.06303465803702617,MI,0,negative
S_01,S_01,10,505,q_noise,1608,1608,1444,1,1608,0,0,0,0,fraction,0.28231210383042554,0.29758733713055147,0.3070401005801032,0.3132721808728651,0.32028011159450703,0.330148343909168,0.3480893343757854,0.3137120532131012,0.00995102693818479,MI,0,negative
S_01,S_01,10,8128,snr_p_db,1608,1608,1444,1,1608,0,0,0,0,dB,11.455604680596128,11.541181304999457,11.591519956034352,11.635408024326779,11.676945166688487,11.737043419856866,11.884111431189798,11.636110936236435,0.06076025817715607,MI,0,negative
S_01,S_01,10,8128,delta_p_db,1608,1608,1444,1,1608,0,0,0,0,dB,1.4556046179420177,1.5411812430489025,1.5915199028829374,1.6354079579177716,1.6769451025916564,1.7370433596490547,1.8841113928065003,1.6361108775439037,0.06076025821535457,MI,0,negative
S_01,S_01,10,8128,q_noise,1608,1608,1444,1,1608,0,0,0,0,fraction,0.28478440749342887,0.29873616935285807,0.30681716946910087,0.31378784380862945,0.32031934847006677,0.32966022180355836,0.3519805595889687,0.31383151702932666,0.009589296018309235,MI,0,negative
S_02,S_02,0,101,snr_p_db,1608,1608,1444,1,1608,0,0,0,0,dB,0.9260757256731538,1.05994985642694,1.1096417601773723,1.1438117915102022,1.180641119075291,1.2321994768489402,1.3025977734749898,1.1447581864689858,0.05209050554890419,MI,0,negative
S_02,S_02,0,101,delta_p_db,1608,1608,1444,1,1608,0,0,0,0,dB,0.9260757158570514,1.0599498566381822,1.1096417591148824,1.1438117862211201,1.1806411146433349,1.232199479408895,1.3025977740541572,1.1447581864671827,0.05209050574077492,MI,0,negative
S_02,S_02,0,101,q_noise,1608,1608,1444,1,1608,0,0,0,0,fraction,0.19203612733180223,0.21656266522803602,0.225475453898895,0.2315450142991734,0.23803492864749243,0.24702712559769474,0.2591344378112952,0.23165758558437413,0.009214859324722269,MI,0,negative
S_02,S_02,0,202,snr_p_db,1608,1608,1444,1,1608,0,0,0,0,dB,0.9755866573349083,1.059166321745651,1.1070490974433738,1.1419259090602916,1.1782770548870323,1.2260285989852813,1.3208884645677852,1.1422920534424361,0.05163372246963905,MI,0,negative
S_02,S_02,0,202,delta_p_db,1608,1608,1444,1,1608,0,0,0,0,dB,0.9755866561819292,1.0591663152015667,1.1070490915958482,1.1419259165352995,1.1782770594662275,1.226028607030631,1.3208884591007044,1.1422920534657766,0.05163372260856638,MI,0,negative
S_02,S_02,0,202,q_noise,1608,1608,1444,1,1608,0,0,0,0,fraction,0.2011946711633312,0.2164211159452193,0.22501294245794196,0.23121218100895266,0.23761962444438364,0.2459561402221413,0.2622474230665816,0.23122212313367652,0.0091396021145869,MI,0,negative
S_02,S_02,0,303,snr_p_db,1608,1608,1444,1,1608,0,0,0,0,dB,0.9924023035433884,1.0597165899707004,1.1070685446879256,1.1415469088786745,1.177891981335419,1.2327444170514614,1.3208125732865714,1.1434053126195152,0.052171111763882894,MI,0,negative
S_02,S_02,0,303,delta_p_db,1608,1608,1444,1,1608,0,0,0,0,dB,0.9924023015876465,1.059716600637694,1.107068536074377,1.1415469112018217,1.1778919862490682,1.232744419887648,1.3208125606298513,1.14340531230546,0.052171111734102715,MI,0,negative
S_02,S_02,0,303,q_noise,1608,1608,1444,1,1608,0,0,0,0,fraction,0.20428133855177516,0.21652083760748692,0.22501609038393805,0.2311442085645898,0.2375522929044449,0.24712138989738028,0.2622347627449602,0.231418066444558,0.00922298087770476,MI,0,negative
S_02,S_02,0,404,snr_p_db,1608,1608,1444,1,1608,0,0,0,0,dB,0.977949843495498,1.056447903896016,1.1122707455826324,1.1453224187941995,1.1817309957677575,1.2296816303113818,1.3163343797001728,1.1463508188991511,0.05218088071051873,MI,0,negative
S_02,S_02,0,404,delta_p_db,1608,1608,1444,1,1608,0,0,0,0,dB,0.9779498424501577,1.0564479096721149,1.1122707456635241,1.1453224220418048,1.181730995467629,1.229681631496596,1.3163343781424133,1.1463508189162308,0.0521808806985267,MI,0,negative
S_02,S_02,0,404,q_noise,1608,1608,1444,1,1608,0,0,0,0,fraction,0.20162925545722396,0.2159304866810663,0.22594383022867737,0.23181292464674425,0.23822616058683194,0.24658977716847594,0.26147394465412144,0.23193910461302433,0.009227998650806576,MI,0,negative
S_02,S_02,0,505,snr_p_db,1608,1608,1444,1,1608,0,0,0,0,dB,0.9552463859460556,1.0577311525620527,1.1077824579431523,1.1423961646929288,1.1778875371307982,1.2333087997892733,1.3301566768133726,1.1438258517997995,0.05374523711875075,MI,0,negative
S_02,S_02,0,505,delta_p_db,1608,1608,1444,1,1608,0,0,0,0,dB,0.9552463777974172,1.0577311551329156,1.1077824521405042,1.1423961665752054,1.177887530110666,1.2333087963378686,1.3301566779558882,1.1438258517164697,0.05374523703467947,MI,0,negative
S_02,S_02,0,505,q_noise,1608,1608,1444,1,1608,0,0,0,0,fraction,0.19744665171309755,0.21616176488147423,0.22514320998995166,0.23129439486087872,0.2375510010678403,0.24721873008795647,0.26382047248396573,0.23148907401017613,0.009505434069515387,MI,0,negative
S_02,S_02,0,8128,snr_p_db,1608,1608,1444,1,1608,0,0,0,0,dB,0.9349997975791168,1.0567091074476889,1.1090529362843244,1.1423887657175618,1.1796388296414926,1.2312847430893001,1.3220735612122203,1.1439157084638136,0.05237841603551344,MI,0,negative
S_02,S_02,0,8128,delta_p_db,1608,1608,1444,1,1608,0,0,0,0,dB,0.9349997987743462,1.0567091062126104,1.1090529374947935,1.1423887690653105,1.1796388261960407,1.2312847427363238,1.322073564463695,1.1439157085087583,0.05237841610035221,MI,0,negative
S_02,S_02,0,8128,q_noise,1608,1608,1444,1,1608,0,0,0,0,fraction,0.19369852194636314,0.21597740889616265,0.2253706238223238,0.23129308016274608,0.23785893529590135,0.24686848260507838,0.2624489635459034,0.2315079118562133,0.009267066355830283,MI,0,negative
S_02,S_02,5,101,snr_p_db,1608,1608,1444,1,1608,0,0,0,0,dB,5.926075600651135,6.059949746764514,6.109641641326401,6.143811677751126,6.180641007762035,6.232199373009178,6.30259766843716,6.144758074321659,0.05209050591380906,MI,0,negative
S_02,S_02,5,101,delta_p_db,1608,1608,1444,1,1608,0,0,0,0,dB,0.9260757126524782,1.0599498607673388,1.1096417606145461,1.143811792135899,1.1806411106985149,1.232199483592074,1.302597781095924,1.1447581865473475,0.0520905057285342,MI,0,negative
S_02,S_02,5,101,q_noise,1608,1608,1444,1,1608,0,0,0,0,fraction,0.1920361267356217,0.2165626659729078,0.22547545416634898,0.23154501534576427,0.23803492795537773,0.24702712632296556,0.2591344390125544,0.2316575855985831,0.009214859322270482,MI,0,negative
S_02,S_02,5,202,snr_p_db,1608,1608,1444,1,1608,0,0,0,0,dB,5.97558654384049,6.0591662068647825,6.107048982551305,6.1419258031734785,6.178276937693573,6.2260284994798925,6.320888346222395,6.142291941390691,0.05163372261563294,MI,0,negative
S_02,S_02,5,202,delta_p_db,1608,1608,1444,1,1608,0,0,0,0,dB,0.9755866504646877,1.0591663187434497,1.10704909493581,1.1419259167052065,1.1782770596321184,1.2260286079104186,1.3208884585815897,1.1422920534929386,0.05163372258151932,MI,0,negative
S_02,S_02,5,202,q_noise,1608,1608,1444,1,1608,0,0,0,0,fraction,0.20119467011174916,0.216421116584275,0.22501294305394148,0.2312121810390303,0.23761962447348836,0.24595614037488928,0.26224742297839765,0.2312221231385421,0.009139602109598594,MI,0,negative
S_02,S_02,5,303,snr_p_db,1608,1608,1444,1,1608,0,0,0,0,dB,5.992402186870694,6.0597164839707505,6.107068426682031,6.141546806726488,6.177891877646614,6.232744305836775,6.320812463815696,6.143405200563232,0.05217111195860173,MI,0,negative
S_02,S_02,5,303,delta_p_db,1608,1608,1444,1,1608,0,0,0,0,dB,0.9924022965106603,1.059716599762874,1.1070685334912573,1.1415469124536974,1.1778919890338364,1.2327444193848511,1.3208125614447823,1.143405312238445,0.052171111815288614,MI,0,negative
S_02,S_02,5,303,q_noise,1608,1608,1444,1,1608,0,0,0,0,fraction,0.20428133762156472,0.2165208374496481,0.2250160899229854,0.23114420878621672,0.23755229339334075,0.24712138981024542,0.262234762883398,0.23141806643252727,0.009222980891845999,MI,0,negative
S_02,S_02,5,404,snr_p_db,1608,1608,1444,1,1608,0,0,0,0,dB,5.977949731643974,6.056447785064621,6.11227063665258,6.145322305200457,6.181730882403246,6.229681519697906,6.3163342547481625,6.146350706932916,0.05218088025210261,MI,0,negative
S_02,S_02,5,404,delta_p_db,1608,1608,1444,1,1608,0,0,0,0,dB,0.9779498418177126,1.0564479090960124,1.1122707463115575,1.1453224189508153,1.1817309937542,1.229681634332097,1.3163343818864768,1.1463508187728773,0.05218088052886896,MI,0,negative
S_02,S_02,5,404,q_noise,1608,1608,1444,1,1608,0,0,0,0,fraction,0.20162925534096057,0.2159304865770612,0.22594383034417304,0.23181292409997395,0.2382261602862894,0.2465897776603682,0.2614739452908066,0.23193910458803446,0.009227998620514008,MI,0,negative
S_02,S_02,5,505,snr_p_db,1608,1608,1444,1,1608,0,0,0,0,dB,5.955246273075861,6.057731030238437,6.107782344471318,6.142396050572192,6.1778874233507075,6.233308679784502,6.330156565250013,6.143825739784755,0.05374523673742979,MI,0,negative
S_02,S_02,5,505,delta_p_db,1608,1608,1444,1,1608,0,0,0,0,dB,0.955246379830721,1.05773115564543,1.1077824572086425,1.1423961656392878,1.177887531108087,1.2333087956983233,1.3301566783857726,1.1438258517252546,0.05374523681397479,MI,0,negative
S_02,S_02,5,505,q_noise,1608,1608,1444,1,1608,0,0,0,0,fraction,0.19744665208884132,0.2161617649738757,0.22514321089419578,0.23129439469521995,0.23755100124294756,0.24721872997710412,0.2638204725568361,0.23148907401221402,0.009505434030333755,MI,0,negative
S_02,S_02,5,8128,snr_p_db,1608,1608,1444,1,1608,0,0,0,0,dB,5.934999683158983,6.0567089994133205,6.1090528153508545,6.142388655525709,6.179638706143662,6.231284637065324,6.322073444246957,6.143915596585466,0.052378416154742105,MI,0,negative
S_02,S_02,5,8128,delta_p_db,1608,1608,1444,1,1608,0,0,0,0,dB,0.9349997971787101,1.0567091073293695,1.1090529394051152,1.1423887675054796,1.1796388211366917,1.2312847470505202,1.322073568276342,1.1439157085480331,0.052378416216649654,MI,0,negative
S_02,S_02,5,8128,q_noise,1608,1608,1444,1,1608,0,0,0,0,fraction,0.19369852165012097,0.2159774090977787,0.22537062416306064,0.23129307988665643,0.23785893440802539,0.24686848335322484,0.2624489641933954,0.23150791186291594,0.009267066376105366,MI,0,negative
S_02,S_02,10,101,snr_p_db,1608,1608,1444,1,1608,0,0,0,0,dB,10.926075789049367,11.059949919747856,11.109641837432207,11.143811850408387,11.180641163273652,11.232199547583587,11.30259781518089,11.144758244612838,0.052090505502636025,MI,0,negative
S_02,S_02,10,101,delta_p_db,1608,1608,1444,1,1608,0,0,0,0,dB,0.9260757161753365,1.0599498547655262,1.1096417663910363,1.1438117920420436,1.1806411052648176,1.2321994859367074,1.3025977633929287,1.144758186360255,0.052090505433202,MI,0,negative
S_02,S_02,10,101,q_noise,1608,1608,1444,1,1608,0,0,0,0,fraction,0.1920361273910162,0.21656266489022657,0.22547545519653242,0.23154501532914312,0.2380349270020362,0.24702712672947358,0.25913443599258984,0.23165758556610713,0.009214859270979375,MI,0,negative
S_02,S_02,10,202,snr_p_db,1608,1608,1444,1,1608,0,0,0,0,dB,10.975586718048365,11.059166373362505,11.107049166127384,11.141925974354049,11.178277128910468,11.226028656564862,11.320888525840672,11.142292112263664,0.05163372184730423,MI,0,negative
S_02,S_02,10,202,delta_p_db,1608,1608,1444,1,1608,0,0,0,0,dB,0.9755866564477518,1.0591663143114396,1.1070490968410303,1.1419259243204873,1.1782770545368049,1.2260286072547453,1.3208884578459195,1.1422920535689511,0.05163372243961302,MI,0,negative
S_02,S_02,10,202,q_noise,1608,1608,1444,1,1608,0,0,0,0,fraction,0.20119467121222445,0.21642111578459797,0.22501294339392508,0.23121218238708866,0.23761962357903382,0.24595614026105292,0.26224742285342667,0.2312221231522949,0.009139602084623444,MI,0,negative
S_02,S_02,10,303,snr_p_db,1608,1608,1444,1,1608,0,0,0,0,dB,10.992402347729096,11.059716679860998,11.107068604749246,11.1415469585775,11.177892029281038,11.232744489330894,11.320812629302717,11.1434053708399,0.05217111173203239,MI,0,negative
S_02,S_02,10,303,delta_p_db,1608,1608,1444,1,1608,0,0,0,0,dB,0.9924022985733271,1.0597166079751805,1.1070685415787351,1.1415469112272334,1.1778919825958474,1.232744423511532,1.3208125683876923,1.1434053121774344,0.05217111178819199,MI,0,negative
S_02,S_02,10,303,q_noise,1608,1608,1444,1,1608,0,0,0,0,fraction,0.20428133799948867,0.21652083893116625,0.22501609136616774,0.23114420856908968,0.23755229226308586,0.24712139052556895,0.26223476406283674,0.23141806642178722,0.009222980887269264,MI,0,negative
S_02,S_02,10,404,snr_p_db,1608,1608,1444,1,1608,0,0,0,0,dB,10.977949912048617,11.056447960421249,11.11227079440951,11.145322475339352,11.181731044239909,11.229681696147766,11.316334427074965,11.146350876983133,0.05218088074331352,MI,0,negative
S_02,S_02,10,404,delta_p_db,1608,1608,1444,1,1608,0,0,0,0,dB,0.9779498469982073,1.0564479096858608,1.1122707433277148,1.145322420862792,1.181730990089965,1.2296816355906242,1.3163343739341224,1.146350818827999,0.05218088060036208,MI,0,negative
S_02,S_02,10,404,q_noise,1608,1608,1444,1,1608,0,0,0,0,fraction,0.20162925629329959,0.21593048668356454,0.22594382981236522,0.23181292443818227,0.23822615964356225,0.24658977787869615,0.2614739439384937,0.23193910459763056,0.009227998633169593,MI,0,negative
S_02,S_02,10,505,snr_p_db,1608,1608,1444,1,1608,0,0,0,0,dB,10.955246446019235,11.05773119918083,11.107782505318145,11.14239622477172,11.177887592704238,11.233308856648433,11.330156729944692,11.14382591035414,0.053745236866620076,MI,0,negative
S_02,S_02,10,505,delta_p_db,1608,1608,1444,1,1608,0,0,0,0,dB,0.9552463850192263,1.0577311558554743,1.1077824492530786,1.1423961637343154,1.1778875301069036,1.2333087961925207,1.330156677606179,1.1438258517781257,0.05374523701304423,MI,0,negative
S_02,S_02,10,505,q_noise,1608,1608,1444,1,1608,0,0,0,0,fraction,0.19744665304764977,0.21616176501193263,0.22514320947478497,0.2312943943580396,0.23755100106717775,0.24721873006276512,0.26382047242468587,0.23148907402113583,0.009505434065081432,MI,0,negative
S_02,S_02,10,8128,snr_p_db,1608,1608,1444,1,1608,0,0,0,0,dB,10.934999866352433,11.056709174973475,11.109052992273124,11.142388827971482,11.179638889723625,11.231284804910262,11.322073641310466,11.143915767002017,0.05237841604385505,MI,0,negative
S_02,S_02,10,8128,delta_p_db,1608,1608,1444,1,1608,0,0,0,0,dB,0.934999800595333,1.056709106470267,1.1090529407028626,1.1423887667398414,1.1796388280540464,1.2312847531476476,1.3220735703462025,1.1439157084909146,0.05237841602190291,MI,0,negative
S_02,S_02,10,8128,q_noise,1608,1608,1444,1,1608,0,0,0,0,fraction,0.1936985222844436,0.21597740894265885,0.22537062439452482,0.2312930797511353,0.23785893562196173,0.24686848441055723,0.2624489645449144,0.23150791185322192,0.009267066342280465,MI,0,negative
S_03,S_03,0,101,snr_p_db,1608,1608,1444,1,1608,0,0,0,0,dB,3.1990175637597607,3.3656664644145375,3.4618860091704633,3.530446854300603,3.5963025326791387,3.6860939739752228,3.8903980039012436,3.52941284535137,0.09800915389749197,MI,0,negative
S_03,S_03,0,101,delta_p_db,1608,1608,1444,1,1608,0,0,0,0,dB,3.199017563232837,3.3656664627039334,3.461886006768328,3.530446854498482,3.5963025267322712,3.6860939689829864,3.890398001174704,3.5294128454247846,0.0980091538732813,MI,0,negative
S_03,S_03,0,101,q_noise,1608,1608,1444,1,1608,0,0,0,0,fraction,0.5212621369525144,0.5392844112995113,0.5493796752820302,0.556437644731463,0.5631125772492336,0.5720526858243076,0.5917185571122506,0.5562190607939705,0.010016015519474916,MI,0,negative
S_03,S_03,0,202,snr_p_db,1608,1608,1444,1,1608,0,0,0,0,dB,3.223201372181675,3.365448080255098,3.4553680126722,3.5255312797065264,3.5939265680490777,3.691880443037385,3.853092201281676,3.525822281737294,0.09968745428997791,MI,0,negative
S_03,S_03,0,202,delta_p_db,1608,1608,1444,1,1608,0,0,0,0,dB,3.2232013703780127,3.3654480856622526,3.4553680099276765,3.525531282472057,3.5939265754645753,3.6918804444786075,3.85309220365626,3.525822281738533,0.09968745430984835,MI,0,negative
S_03,S_03,0,202,q_noise,1608,1608,1444,1,1608,0,0,0,0,fraction,0.5239206316720714,0.5392612582616538,0.548702571596519,0.5559349391672981,0.5628744569217071,0.572622819442994,0.5881958931089457,0.555848170007625,0.010187499898925648,MI,0,negative
S_03,S_03,0,303,snr_p_db,1608,1608,1444,1,1608,0,0,0,0,dB,3.1896000602152337,3.357537566907444,3.453836544533696,3.523177682760676,3.5913092841073304,3.698515960439823,3.8577440111740273,3.5239632659549374,0.10138384804595307,MI,0,negative
S_03,S_03,0,303,delta_p_db,1608,1608,1444,1,1608,0,0,0,0,dB,3.1896000567885636,3.3575375612177476,3.4538365514402396,3.5231776813723896,3.5913092870517214,3.698515964477939,3.85774400697378,3.5239632657614672,0.10138384822519869,MI,0,negative
S_03,S_03,0,303,q_noise,1608,1608,1444,1,1608,0,0,0,0,fraction,0.5202230051646839,0.5384211895974924,0.5485435704188355,0.5556943351116008,0.5626102809765403,0.5732754639928201,0.5886370056855699,0.55565398620599,0.010366798340256177,MI,0,negative
S_03,S_03,0,404,snr_p_db,1608,1608,1444,1,1608,0,0,0,0,dB,3.22356811667994,3.3673509137289717,3.4560188810079864,3.526097864413483,3.597939136994767,3.70054239794034,3.8623271370143,3.5277940674699217,0.10163430906602626,MI,0,negative
S_03,S_03,0,404,delta_p_db,1608,1608,1444,1,1608,0,0,0,0,dB,3.22356811015103,3.3673509157865,3.456018884459525,3.5260978656745117,3.5979391339704163,3.70054239952833,3.8623271403759167,3.5277940675444,0.10163430908946057,MI,0,negative
S_03,S_03,0,404,q_noise,1608,1608,1444,1,1608,0,0,0,0,fraction,0.5239608786135579,0.5394631264540545,0.548770672083454,0.5559935230220877,0.5632777644843598,0.5734742279057783,0.5890714840505006,0.556045193511859,0.010379198292546635,MI,0,negative
S_03,S_03,0,505,snr_p_db,1608,1608,1444,1,1608,0,0,0,0,dB,3.2439445978389747,3.356971118019175,3.453174787393151,3.521651110940926,3.5928226742689953,3.699972615971997,3.828168806267807,3.5244062165929413,0.10224944918690379,MI,0,negative
S_03,S_03,0,505,delta_p_db,1608,1608,1444,1,1608,0,0,0,0,dB,3.243944587873651,3.356971116275168,3.453174781096001,3.521651107094134,3.5928226783028148,3.6999726178508157,3.828168806048589,3.5244062166252514,0.1022494493503549,MI,0,negative
S_03,S_03,0,505,q_noise,1608,1608,1444,1,1608,0,0,0,0,fraction,0.5261892923919277,0.5383610203398603,0.5484747066073039,0.5555380328744328,0.5627643632208849,0.573418639334226,0.5858260404814638,0.5556972401765284,0.01045279654597108,MI,0,negative
S_03,S_03,0,8128,snr_p_db,1608,1608,1444,1,1608,0,0,0,0,dB,3.221067081473323,3.3645734548993613,3.4574863179693605,3.528731701714256,3.5925591472672807,3.6858221065922403,3.895006817433954,3.525706716027375,0.09805149032891446,MI,0,negative
S_03,S_03,0,8128,delta_p_db,1608,1608,1444,1,1608,0,0,0,0,dB,3.2210670813163627,3.3645734541647596,3.457486317915518,3.528731702622644,3.5925591479484664,3.685822105448479,3.8950068217482334,3.5257067161260482,0.09805149029352281,MI,0,negative
S_03,S_03,0,8128,q_noise,1608,1608,1444,1,1608,0,0,0,0,fraction,0.5236868071327957,0.5391693215412947,0.5489227132219481,0.5562621845025046,0.5627364182677761,0.5720261507408955,0.5921514621116537,0.5558401488536963,0.010021406528276272,MI,0,negative
S_03,S_03,5,101,snr_p_db,1608,1608,1444,1,1608,0,0,0,0,dB,8.199017425027291,8.36566635423839,8.461885892496126,8.530446749827947,8.59630240860881,8.686093856579161,8.890397902106816,8.529412733575255,0.09800915409812995,MI,0,negative
S_03,S_03,5,101,delta_p_db,1608,1608,1444,1,1608,0,0,0,0,dB,3.199017546245556,3.3656664739720767,3.4618860016980966,3.530446858337423,3.5963025206509966,3.686093971469768,3.8903980134005716,3.5294128455985025,0.09800915389905059,MI,0,negative
S_03,S_03,5,101,q_noise,1608,1608,1444,1,1608,0,0,0,0,fraction,0.5212621350799476,0.5392844124949061,0.5493796747559342,0.5564376451235504,0.5631125766374805,0.572052686069343,0.5917185582616078,0.5562190608116618,0.010016015521791453,MI,0,negative
S_03,S_03,5,202,snr_p_db,1608,1608,1444,1,1608,0,0,0,0,dB,8.223201248723372,8.365447960964968,8.45536790535804,8.525531165628536,8.593926458650127,8.691880335178428,8.85309208709027,8.525822169748453,0.09968745417920559,MI,0,negative
S_03,S_03,5,202,delta_p_db,1608,1608,1444,1,1608,0,0,0,0,dB,3.2232013654058833,3.365448081232618,3.4553680220048797,3.525531276023764,3.5939265624462946,3.6918804452344833,3.8530922001492507,3.5258222818975216,0.09968745398910125,MI,0,negative
S_03,S_03,5,202,q_noise,1608,1608,1444,1,1608,0,0,0,0,fraction,0.52392063112702,0.5392612577917185,0.5487025728515191,0.5559349385079058,0.5628744556113806,0.5726228195173705,0.5881958927764062,0.5558481700246362,0.010187499865846952,MI,0,negative
S_03,S_03,5,303,snr_p_db,1608,1608,1444,1,1608,0,0,0,0,dB,8.189599939827119,8.357537447559055,8.453836434291915,8.5231775583573,8.59130917470327,8.698515849607594,8.857743906596813,8.52396315382275,0.10138384833444561,MI,0,negative
S_03,S_03,5,303,delta_p_db,1608,1608,1444,1,1608,0,0,0,0,dB,3.189600048490969,3.357537555418053,3.4538365501779342,3.5231776728804878,3.591309282699483,3.6985159657737188,3.8577440037250987,3.5239632656506665,0.10138384811293594,MI,0,negative
S_03,S_03,5,303,q_noise,1608,1608,1444,1,1608,0,0,0,0,fraction,0.5202230042480259,0.5384211889810775,0.5485435702876253,0.5556943342428371,0.562610280538228,0.5732754641201354,0.5886370053778553,0.5556539861949203,0.010366798329166534,MI,0,negative
S_03,S_03,5,404,snr_p_db,1608,1608,1444,1,1608,0,0,0,0,dB,8.223568005048023,8.367350798465942,8.45601877181754,8.526097757605566,8.597939021122016,8.700542287687425,8.8623270452898,8.527793955884242,0.10163430883933784,MI,0,negative
S_03,S_03,5,404,delta_p_db,1608,1608,1444,1,1608,0,0,0,0,dB,3.223568119297231,3.3673509122442415,3.4560188863700168,3.526097865655388,3.597939132003453,3.700542400530389,3.8623271543623776,3.527794067611588,0.10163430878910402,MI,0,negative
S_03,S_03,5,404,q_noise,1608,1608,1444,1,1608,0,0,0,0,fraction,0.5239608796160917,0.5394631260783872,0.5487706722819508,0.5559935230201367,0.5632777642865892,0.573474228004218,0.5890714853738965,0.5560451935194366,0.01037919826276275,MI,0,negative
S_03,S_03,5,505,snr_p_db,1608,1608,1444,1,1608,0,0,0,0,dB,8.243944488887818,8.356971009009632,8.45317467023914,8.521650990382515,8.59282255476648,8.699972494676587,8.828168706521245,8.524406104926262,0.10224944892087622,MI,0,negative
S_03,S_03,5,505,delta_p_db,1608,1608,1444,1,1608,0,0,0,0,dB,3.2439445933382656,3.356971114863926,3.4531747834326048,3.521651106044494,3.592822673506385,3.699972615979113,3.828168819254571,3.5244062168510686,0.10224944906904483,MI,0,negative
S_03,S_03,5,505,q_noise,1608,1608,1444,1,1608,0,0,0,0,fraction,0.5261892929881113,0.5383610201898348,0.5484747068502351,0.5555380327670207,0.562764362737994,0.5734186391503947,0.5858260417408797,0.5556972402003141,0.010452796515813123,MI,0,negative
S_03,S_03,5,8128,snr_p_db,1608,1608,1444,1,1608,0,0,0,0,dB,8.2210669753813,8.36457333307303,8.457486197214394,8.528731591354953,8.59255903763982,8.685821993331333,8.895006701325363,8.525706604374527,0.098051490063588,MI,0,negative
S_03,S_03,5,8128,delta_p_db,1608,1608,1444,1,1608,0,0,0,0,dB,3.2210670896592792,3.3645734498532027,3.4574863213222047,3.5287317025360267,3.5925591533009014,3.6858221058041134,3.895006823479665,3.5257067161723765,0.0980514901226827,MI,0,negative
S_03,S_03,5,8128,q_noise,1608,1608,1444,1,1608,0,0,0,0,fraction,0.5236868080478064,0.5391693210837546,0.5489227135757706,0.5562621844936546,0.5627364188066724,0.5720261507759545,0.5921514622742534,0.5558401488588274,0.010021406510813562,MI,0,negative
S_03,S_03,10,101,snr_p_db,1608,1608,1444,1,1608,0,0,0,0,dB,13.199017604169141,13.365666521475111,13.461886060218738,13.530446909302581,13.596302603018724,13.686094032651267,13.890398057854874,13.529412904220905,0.09800915316552705,MI,0,negative
S_03,S_03,10,101,delta_p_db,1608,1608,1444,1,1608,0,0,0,0,dB,3.1990175495849287,3.3656664642813308,3.461886001206831,3.5304468593294014,3.5963025291269526,3.6860939694862007,3.890397998107696,3.529412845740287,0.098009153065789,MI,0,negative
S_03,S_03,10,101,q_noise,1608,1608,1444,1,1608,0,0,0,0,fraction,0.5212621354480582,0.5392844114668256,0.5493796747050639,0.5564376452248496,0.5631125774901493,0.5720526858739127,0.5917185568239203,0.5562190608280595,0.010016015437682473,MI,0,negative
S_03,S_03,10,202,snr_p_db,1608,1608,1444,1,1608,0,0,0,0,dB,13.223201431663954,13.365448145149786,13.455368059310556,13.52553134032761,13.593926639261518,13.6918804924813,13.853092234987942,13.525822340646169,0.09968745378518702,MI,0,negative
S_03,S_03,10,202,delta_p_db,1608,1608,1444,1,1608,0,0,0,0,dB,3.2232013734855274,3.36544808582273,3.4553680102779545,3.525531286911077,3.593926582801701,3.691880444995117,3.853092182722448,3.5258222820085625,0.09968745413152856,MI,0,negative
S_03,S_03,10,202,q_noise,1608,1608,1444,1,1608,0,0,0,0,fraction,0.5239206320127213,0.539261258278679,0.5487025716329238,0.555934939621195,0.5628744576601918,0.5726228194938054,0.5881958911239723,0.5558481700356567,0.010187499880310806,MI,0,negative
S_03,S_03,10,303,snr_p_db,1608,1608,1444,1,1608,0,0,0,0,dB,13.189600109479082,13.357537620157876,13.45383659639663,13.523177759739468,13.591309337206743,13.698516033476851,13.857744054492384,13.523963323780075,0.10138384862569604,MI,0,negative
S_03,S_03,10,303,delta_p_db,1608,1608,1444,1,1608,0,0,0,0,dB,3.1896000471329744,3.357537560983076,3.4538365520273926,3.5231776860303334,3.5913092791207033,3.6985159640306624,3.857743999773356,3.523963265375143,0.10138384864458082,MI,0,negative
S_03,S_03,10,303,q_noise,1608,1608,1444,1,1608,0,0,0,0,fraction,0.5202230040980045,0.5384211895725518,0.5485435704798705,0.5556943355881312,0.5626102801777946,0.5732754639489059,0.588637005003547,0.5556539861654619,0.010366798384243026,MI,0,negative
S_03,S_03,10,404,snr_p_db,1608,1608,1444,1,1608,0,0,0,0,dB,13.223568163595145,13.367350982493987,13.456018940638682,13.526097913117376,13.597939197723791,13.700542466174813,13.862327230783333,13.527794125873152,0.10163430820249136,MI,0,negative
S_03,S_03,10,404,delta_p_db,1608,1608,1444,1,1608,0,0,0,0,dB,3.223568097874438,3.3673509193301068,3.4560188837155676,3.5260978648265517,3.597939130610818,3.7005424036836754,3.862327156655092,3.5277940676086126,0.10163430872400206,MI,0,negative
S_03,S_03,10,404,q_noise,1608,1608,1444,1,1608,0,0,0,0,fraction,0.5239608772678953,0.5394631268298627,0.5487706720061576,0.555993522935393,0.5632777641465159,0.5734742283138721,0.5890714855908327,0.5560451935192869,0.010379198256200173,MI,0,negative
S_03,S_03,10,505,snr_p_db,1608,1608,1444,1,1608,0,0,0,0,dB,13.243944660216545,13.356971170130192,13.453174840378994,13.52165116181625,13.59282276625078,13.699972673186089,13.828168853989954,13.524406274910149,0.10224944981725634,MI,0,negative
S_03,S_03,10,505,delta_p_db,1608,1608,1444,1,1608,0,0,0,0,dB,3.2439445845618557,3.3569711153229433,3.4531747761447815,3.521651102976282,3.5928226914134562,3.699972622389104,3.8281688068675517,3.5244062163918417,0.1022494496132813,MI,0,negative
S_03,S_03,10,505,q_noise,1608,1608,1444,1,1608,0,0,0,0,fraction,0.5261892920306143,0.5383610202387973,0.5484747060925378,0.5555380324530698,0.5627643645408267,0.5734186397800288,0.5858260405595659,0.5556972401520411,0.010452796570361031,MI,0,negative
S_03,S_03,10,8128,snr_p_db,1608,1608,1444,1,1608,0,0,0,0,dB,13.221067133197767,13.364573510773655,13.457486367008768,13.528731766922302,13.592559197611248,13.685822169435124,13.89500688423038,13.525706774772383,0.09805148999325805,MI,0,negative
S_03,S_03,10,8128,delta_p_db,1608,1608,1444,1,1608,0,0,0,0,dB,3.221067075041883,3.36457344923003,3.4574863102696005,3.5287317008077626,3.592559141285523,3.685822104865669,3.8950068167970713,3.5257067162127855,0.09805149026923142,MI,0,negative
S_03,S_03,10,8128,q_noise,1608,1608,1444,1,1608,0,0,0,0,fraction,0.523686806444641,0.5391693210176431,0.548922712427798,0.556262184317071,0.5627364175969184,0.5720261506834743,0.5921514616466871,0.5558401488626171,0.010021406526387435,MI,0,negative
S_04,S_04,0,101,snr_p_db,1608,1608,1444,1,1608,0,0,0,0,dB,2.748571935172395,2.877526381610721,2.9533178551014734,3.0080309529343165,3.0618487731026613,3.136964623702897,3.278500487380443,3.0073918032842344,0.07913372910958669,MI,0,negative
S_04,S_04,0,101,delta_p_db,1608,1608,1444,1,1608,0,0,0,0,dB,2.7485719271049613,2.877526378190911,2.953317856720015,3.0080309468716164,3.061848768454523,3.1369646225463845,3.278500475639442,3.007391803323691,0.07913372885830622,MI,0,negative
S_04,S_04,0,101,q_noise,1608,1608,1444,1,1608,0,0,0,0,fraction,0.4689415292790411,0.4844786286461071,0.4933971437045102,0.4997395278530979,0.5059007665282067,0.5143729924379231,0.5299442241581663,0.49958273040139245,0.009120684350984384,MI,0,negative
S_04,S_04,0,202,snr_p_db,1608,1608,1444,1,1608,0,0,0,0,dB,2.7646492616198843,2.87610656217218,2.950566158853329,3.0027257444515367,3.058577395679947,3.139171153008415,3.275631620818003,3.004902759394312,0.0803588652048526,MI,0,negative
S_04,S_04,0,202,delta_p_db,1608,1608,1444,1,1608,0,0,0,0,dB,2.764649257193722,2.87610656923474,2.9505661556503275,3.002725743456566,3.058577398293684,3.139171158794462,3.275631620209858,3.004902759309647,0.08035886524872905,MI,0,negative
S_04,S_04,0,202,q_noise,1608,1608,1444,1,1608,0,0,0,0,fraction,0.47090408733857614,0.4843095771698622,0.49307722968312934,0.4991280218566144,0.5055277005821969,0.5146197475037658,0.5296331224701057,0.49929331494268614,0.009257476814533679,MI,0,negative
S_04,S_04,0,303,snr_p_db,1608,1608,1444,1,1608,0,0,0,0,dB,2.741372617065119,2.868870653599296,2.948818466888379,3.0037100724131327,3.0579875749963263,3.1388255608181193,3.2735430027346686,3.003032722514327,0.08119487332452048,MI,0,negative
S_04,S_04,0,303,delta_p_db,1608,1608,1444,1,1608,0,0,0,0,dB,2.7413726190850882,2.868870654775286,2.9488184605737513,3.003710073294423,3.0579875726409362,3.1388255649605967,3.2735429999951053,3.0030327223366817,0.08119487319685202,MI,0,negative
S_04,S_04,0,303,q_noise,1608,1608,1444,1,1608,0,0,0,0,fraction,0.4680605944650282,0.4834496095940239,0.4928718842187306,0.4992410798411255,0.505460588393569,0.5145811641907847,0.5294076308691695,0.4990758430638865,0.00936339267733677,MI,0,negative
S_04,S_04,0,404,snr_p_db,1608,1608,1444,1,1608,0,0,0,0,dB,2.7469868099555055,2.8743873481842526,2.9474713720340184,3.0051804075728494,3.059993721422228,3.1439461301831635,3.252417574929134,3.0056068732429897,0.08174264067286119,MI,0,negative
S_04,S_04,0,404,delta_p_db,1608,1608,1444,1,1608,0,0,0,0,dB,2.746986801402784,2.874387347075204,2.9474713770116616,3.0051804104431485,3.0599937279655847,3.143946130676372,3.2524175715249655,3.0056068733367973,0.08174264077402575,MI,0,negative
S_04,S_04,0,404,q_noise,1608,1608,1444,1,1608,0,0,0,0,fraction,0.46874775805942215,0.4841060787178744,0.49271489900438686,0.4994108000879589,0.5056889782800199,0.5151526128066851,0.5271126295330483,0.49937151084008935,0.009416025040802477,MI,0,negative
S_04,S_04,0,505,snr_p_db,1608,1608,1444,1,1608,0,0,0,0,dB,2.7785761499061086,2.8700201508438767,2.9451910850701504,3.001620153949397,3.0608363416866213,3.1413598061626837,3.2650372449123677,3.003309595301903,0.08181930335784315,MI,0,negative
S_04,S_04,0,505,delta_p_db,1608,1608,1444,1,1608,0,0,0,0,dB,2.7785761387497088,2.870020139825898,2.9451910882154584,3.0016201519229586,3.0608363409703765,3.1413598030651304,3.2650372495913227,3.0033095952439117,0.08181930343474976,MI,0,negative
S_04,S_04,0,505,q_noise,1608,1608,1444,1,1608,0,0,0,0,fraction,0.47259806847493946,0.4835867758555553,0.4924487132019002,0.4990007755908118,0.505784961253946,0.5148642913917513,0.5284845306333094,0.4991064494013595,0.009431053958633832,MI,0,negative
S_04,S_04,0,8128,snr_p_db,1608,1608,1444,1,1608,0,0,0,0,dB,2.7566623951006504,2.875794413691804,2.948574829095987,3.00636797207698,3.0571062533708,3.13077483463315,3.292079431657232,3.004417505575173,0.07855942925860632,MI,0,negative
S_04,S_04,0,8128,delta_p_db,1608,1608,1444,1,1608,0,0,0,0,dB,2.7566623947284974,2.8757944145129986,2.9485748262447324,3.006367972813016,3.057106261043217,3.1307748333384664,3.2920794409667407,3.0044175057928317,0.07855942913284572,MI,0,negative
S_04,S_04,0,8128,q_noise,1608,1608,1444,1,1608,0,0,0,0,fraction,0.4699301783036634,0.4842730280552128,0.4928442692319642,0.4995476935371308,0.5053602595475204,0.5136801119839901,0.5314114765032473,0.49924113481338145,0.009054886471861217,MI,0,negative
S_04,S_04,5,101,snr_p_db,1608,1608,1444,1,1608,0,0,0,0,dB,7.748571794940078,7.877526276887007,7.953317746765957,8.008030835599506,8.061848649171786,8.136964524926064,8.278500370933953,8.007391691366552,0.07913372902015216,MI,0,negative
S_04,S_04,5,101,delta_p_db,1608,1608,1444,1,1608,0,0,0,0,dB,2.7485719136419813,2.877526382286522,2.9533178577070265,3.0080309473301723,3.061848761952019,3.1369646267772024,3.2785004838609026,3.0073918035029443,0.07913372874176042,MI,0,negative
S_04,S_04,5,101,q_noise,1608,1608,1444,1,1608,0,0,0,0,fraction,0.46894152763277797,0.48447862913228484,0.49339714381964117,0.4997395279059186,0.5059007657998357,0.5143729929110329,0.5299442250480108,0.4995827304222886,0.009120684337677449,MI,0,negative
S_04,S_04,5,202,snr_p_db,1608,1608,1444,1,1608,0,0,0,0,dB,7.764649138345988,7.8761064593421874,7.950566056444352,8.002725641638943,8.05857729253643,8.139171044471412,8.275631498382836,8.004902647224164,0.08035886502819742,MI,0,negative
S_04,S_04,5,202,delta_p_db,1608,1608,1444,1,1608,0,0,0,0,dB,2.764649251412342,2.876106572197359,2.950566159800556,3.0027257544566135,3.058577401083624,3.139171157618618,3.2756316161784085,3.004902759355362,0.08035886502222939,MI,0,negative
S_04,S_04,5,202,q_noise,1608,1608,1444,1,1608,0,0,0,0,fraction,0.47090408663423733,0.48430957752165166,0.49307723016754235,0.49912802312526305,0.50552770089985,0.5146197473723361,0.5296331220334757,0.4992933149484222,0.009257476791123802,MI,0,negative
S_04,S_04,5,303,snr_p_db,1608,1608,1444,1,1608,0,0,0,0,dB,7.741372515999679,7.868870530104017,7.948818361743818,8.003709956805912,8.057987468262514,8.13882545182868,8.273542862179436,8.003032610359881,0.08119487327598629,MI,0,negative
S_04,S_04,5,303,delta_p_db,1608,1608,1444,1,1608,0,0,0,0,dB,2.7413726167918178,2.8688706454379354,2.948818468749135,3.0037100726535675,3.057987580571371,3.138825565121905,3.2735429824764988,3.0030327220877933,0.08119487320800117,MI,0,negative
S_04,S_04,5,303,q_noise,1608,1608,1444,1,1608,0,0,0,0,fraction,0.4680605941841402,0.48344960848343654,0.4928718851733689,0.49924107976723175,0.5054605892966242,0.5145811642088229,0.5294076289708902,0.49907584303516106,0.00936339267822153,MI,0,negative
S_04,S_04,5,404,snr_p_db,1608,1608,1444,1,1608,0,0,0,0,dB,7.7469866961673475,7.874387235714056,7.94747126252274,8.005180307877211,8.059993614021245,8.143946032858072,8.252417460150701,8.005606761356486,0.08174264068600352,MI,0,negative
S_04,S_04,5,404,delta_p_db,1608,1608,1444,1,1608,0,0,0,0,dB,2.7469868074261825,2.8743873428265307,2.947471371951396,3.005180419098264,3.0599937235249612,3.143946137602048,3.2524175669381106,3.0056068731362964,0.0817426406646703,MI,0,negative
S_04,S_04,5,404,q_noise,1608,1608,1444,1,1608,0,0,0,0,fraction,0.4687477587962366,0.4841060782130365,0.49271489841332156,0.4994108010855891,0.5056889777745909,0.5151526123424199,0.5271126290336025,0.4993715108172152,0.009416025028408184,MI,0,negative
S_04,S_04,5,505,snr_p_db,1608,1608,1444,1,1608,0,0,0,0,dB,7.778576038593355,7.870020041785932,7.945190974987795,8.001620047976209,8.060836224248927,8.14135969283296,8.265037135098922,8.00330948346246,0.08181930319476009,MI,0,negative
S_04,S_04,5,505,delta_p_db,1608,1608,1444,1,1608,0,0,0,0,dB,2.7785761407065235,2.8700201444797395,2.945191095819208,3.001620152933848,3.0608363337230253,3.1413598035812664,3.26503724884813,3.0033095953080218,0.08181930342842066,MI,0,negative
S_04,S_04,5,505,q_noise,1608,1608,1444,1,1608,0,0,0,0,fraction,0.47259806871257254,0.4835867764088833,0.4924487140905337,0.49900077570742907,0.505784960429215,0.5148642914493604,0.5284845305526206,0.49910644940876453,0.009431053958241349,MI,0,negative
S_04,S_04,5,8128,snr_p_db,1608,1608,1444,1,1608,0,0,0,0,dB,7.756662269287134,7.875794303839986,7.948574703552751,8.006367860662687,8.05710615013428,8.130774703843674,8.292079325017248,8.004417394108257,0.07855942864495387,MI,0,negative
S_04,S_04,5,8128,delta_p_db,1608,1608,1444,1,1608,0,0,0,0,dB,2.7566623900969773,2.8757944101621185,2.948574821803664,3.0063679785587123,3.057106262780884,3.130774823945097,3.2920794400133913,3.004417506058702,0.07855942887293625,MI,0,negative
S_04,S_04,5,8128,q_noise,1608,1608,1444,1,1608,0,0,0,0,fraction,0.46993017773837203,0.4842730275385803,0.49284426871334874,0.4995476941992395,0.5053602597454302,0.5136801109321244,0.5314114764003842,0.4992411348445762,0.009054886441760676,MI,0,negative
S_04,S_04,10,101,snr_p_db,1608,1608,1444,1,1608,0,0,0,0,dB,12.748571964860924,12.877526428599285,12.953317933822753,13.008030984750917,13.06184882496878,13.136964681237034,13.27850052880413,13.007391861868363,0.07913372835296571,MI,0,negative
S_04,S_04,10,101,delta_p_db,1608,1608,1444,1,1608,0,0,0,0,dB,2.7485719149386147,2.8775263735760404,2.9533178643200073,3.008030945310608,3.061848764751672,3.1369646243988543,3.2785004659009447,3.0073918033772804,0.07913372834522792,MI,0,negative
S_04,S_04,10,101,q_noise,1608,1608,1444,1,1608,0,0,0,0,fraction,0.46894152779133125,0.48447862809830317,0.4933971445910349,0.499739527673287,0.5059007659557543,0.5143729926450602,0.5299442231041266,0.4995827304086346,0.009120684293261074,MI,0,negative
S_04,S_04,10,202,snr_p_db,1608,1608,1444,1,1608,0,0,0,0,dB,12.764649325854343,12.87610663147659,12.950566235171815,13.002725803750572,13.058577460772248,13.139171202753579,13.275631665138803,13.00490281802425,0.08035886486121999,MI,0,negative
S_04,S_04,10,202,delta_p_db,1608,1608,1444,1,1608,0,0,0,0,dB,2.7646492646172898,2.876106570818508,2.9505661652111357,3.002725749035939,3.058577400301964,3.139171150834965,3.2756316129165794,3.0049027594562907,0.08035886517628993,MI,0,negative
S_04,S_04,10,202,q_noise,1608,1608,1444,1,1608,0,0,0,0,fraction,0.47090408824298063,0.4843095773579312,0.4930772307991029,0.4991280225000905,0.5055277008108527,0.5146197466143853,0.5296331216802,0.49929331495974133,0.009257476806821487,MI,0,negative
S_04,S_04,10,303,snr_p_db,1608,1608,1444,1,1608,0,0,0,0,dB,12.741372674883939,12.868870700122502,12.94881853343088,13.00371014420093,13.057987645941482,13.138825630392441,13.273543070055362,13.003032780434909,0.08119487335254502,MI,0,negative
S_04,S_04,10,303,delta_p_db,1608,1608,1444,1,1608,0,0,0,0,dB,2.74137261475268,2.868870650803582,2.9488184608615944,3.003710084775519,3.057987576600779,3.138825564224353,3.2735430100898695,3.0030327219242388,0.08119487346017792,MI,0,negative
S_04,S_04,10,303,q_noise,1608,1608,1444,1,1608,0,0,0,0,fraction,0.46806059393437943,0.48344960912162416,0.49287188425233525,0.49924108116494215,0.5054605888444834,0.5145811641085128,0.5294076319630169,0.4990758430157567,0.009363392707097734,MI,0,negative
S_04,S_04,10,404,snr_p_db,1608,1608,1444,1,1608,0,0,0,0,dB,12.746986854473342,12.87438739480606,12.947471427809969,13.00518045705303,13.059993787353495,13.143946204623841,13.252417604481062,13.005606931732688,0.08174264000134308,MI,0,negative
S_04,S_04,10,404,delta_p_db,1608,1608,1444,1,1608,0,0,0,0,dB,2.7469867990697256,2.874387338084721,2.947471373595196,3.0051804117735275,3.059993725741608,3.1439461415957104,3.2524175632022696,3.0056068735523795,0.08174264057164934,MI,0,negative
S_04,S_04,10,404,q_noise,1608,1608,1444,1,1608,0,0,0,0,fraction,0.46874775777402994,0.4841060776497771,0.49271489860533585,0.4994108002412758,0.5056889780268875,0.5151526123813576,0.5271126286268204,0.49937151086537207,0.009416025018103801,MI,0,negative
S_04,S_04,10,505,snr_p_db,1608,1608,1444,1,1608,0,0,0,0,dB,12.778576213765145,12.8700202165444,12.945191145966337,13.001620231372051,13.060836386391006,13.141359868157801,13.26503730174424,13.003309653914824,0.08181930327856633,MI,0,negative
S_04,S_04,10,505,delta_p_db,1608,1608,1444,1,1608,0,0,0,0,dB,2.7785761355023757,2.8700201494174005,2.945191088440188,3.0016201649842387,3.0608363319074967,3.1413598021366664,3.265037246144452,3.003309595267997,0.08181930339491757,MI,0,negative
S_04,S_04,10,505,q_noise,1608,1608,1444,1,1608,0,0,0,0,fraction,0.47259806808058735,0.48358677699596264,0.49244871322816186,0.49900077709754903,0.5057849602226082,0.5148642912880307,0.5284845302590812,0.49910644940423265,0.009431053952578289,MI,0,negative
S_04,S_04,10,8128,snr_p_db,1608,1608,1444,1,1608,0,0,0,0,dB,12.756662438900936,12.875794486504578,12.948574871452518,13.006368031193723,13.057106319744884,13.130774879099032,13.292079497175289,13.004417564319597,0.07855942880277682,MI,0,negative
S_04,S_04,10,8128,delta_p_db,1608,1608,1444,1,1608,0,0,0,0,dB,2.7566623869904596,2.875794426447324,2.9485748197235253,3.0063679711449183,3.057106265066726,3.1307748295613966,3.292079433569749,3.0044175056633957,0.07855942887183705,MI,0,negative
S_04,S_04,10,8128,q_noise,1608,1608,1444,1,1608,0,0,0,0,fraction,0.4699301773592119,0.48427302947250606,0.4928442684704347,0.49954769334492466,0.505360260005761,0.5136801115611294,0.5314114757051378,0.49924113479900073,0.009054886442053293,MI,0,negative
E,,0,101,snr_p_db,550,550,476,1,550,0,0,0,0,dB,-2.8145232170751177e-05,-1.4389173460356338e-05,-7.69941962304605e-06,-5.160035501769642e-06,-3.0879509486169715e-06,-1.2326386814157321e-06,-3.80603144261188e-07,-6.010406348054172e-06,4.1455378352944825e-06,MI,1,positive
E,,0,101,delta_p_db,550,550,476,1,550,0,0,0,0,dB,-2.815556499013749e-05,-1.4388750805264301e-05,-7.702506005945859e-06,-5.160159264186266e-06,-3.0808463055614083e-06,-1.2336193627425183e-06,-3.781792360841896e-07,-6.0107259397047976e-06,4.145466964495293e-06,MI,1,positive
E,,0,101,q_noise,550,550,476,1,550,0,0,0,0,fraction,4.613959091857506e-16,5.152527894901859e-16,5.686816641522051e-16,6.123616690734298e-16,6.603024753122194e-16,7.599832239358227e-16,8.951020637730157e-16,6.210590399169933e-16,7.464188987526017e-17,MI,1,positive
E,,0,202,snr_p_db,550,550,476,1,550,0,0,0,0,dB,-2.8154619148964783e-05,-1.4385334909698698e-05,-7.70956547473666e-06,-5.1621841568263535e-06,-3.0848289113937437e-06,-1.2276148745825199e-06,-3.7094483441260105e-07,-6.010765569860783e-06,4.145332241936781e-06,MI,1,positive
E,,0,202,delta_p_db,550,550,476,1,550,0,0,0,0,dB,-2.815556499013749e-05,-1.438875080499911e-05,-7.702506005945859e-06,-5.160159264427348e-06,-3.0808463055614083e-06,-1.2336193627425183e-06,-3.781792360841896e-07,-6.0107259397214545e-06,4.145466964503135e-06,MI,1,positive
E,,0,202,q_noise,550,550,476,1,550,0,0,0,0,fraction,4.852598089318729e-16,5.160567299245984e-16,5.62043180416597e-16,6.091144339621362e-16,6.704416987579493e-16,7.637995006246276e-16,9.359276680999297e-16,6.213128518945814e-16,7.562426224984303e-17,MI,1,positive
E,,0,303,snr_p_db,550,550,476,1,550,0,0,0,0,dB,-2.815736261764077e-05,-1.438427650329138e-05,-7.70785411300084e-06,-5.162829476615119e-06,-3.075133785561197e-06,-1.229910081448264e-06,-3.702656040354436e-07,-6.010639845717395e-06,4.145305183049085e-06,MI,1,positive
E,,0,303,delta_p_db,550,550,476,1,550,0,0,0,0,dB,-2.815556499013749e-05,-1.438875080499911e-05,-7.702506005945859e-06,-5.160159264427348e-06,-3.0808463055614083e-06,-1.2336193627425183e-06,-3.781792360841896e-07,-6.01072593971181e-06,4.145466964489899e-06,MI,1,positive
E,,0,303,q_noise,550,550,476,1,550,0,0,0,0,fraction,4.510720781465344e-16,5.224198793486715e-16,5.679985636808308e-16,6.113171016555879e-16,6.733324309580232e-16,7.742721629271602e-16,9.149671039389114e-16,6.24072363594971e-16,7.839337928161692e-17,MI,1,positive
E,,0,404,snr_p_db,550,550,476,1,550,0,0,0,0,dB,-2.81643771218102e-05,-1.4386990817660901e-05,-7.701640169002769e-06,-5.1623302540573835e-06,-3.0793439314837398e-06,-1.2359400811640018e-06,-3.787111567502734e-07,-6.010543213948107e-06,4.145810449646689e-06,MI,1,positive
E,,0,404,delta_p_db,550,550,476,1,550,0,0,0,0,dB,-2.815556499013749e-05,-1.438875080499911e-05,-7.702506005945859e-06,-5.160159264427348e-06,-3.0808463055614083e-06,-1.2336193625255444e-06,-3.781792360841896e-07,-6.01072593970655e-06,4.145466964497757e-06,MI,1,positive
E,,0,404,q_noise,550,550,476,1,550,0,0,0,0,fraction,4.747060270239666e-16,5.159417152548208e-16,5.694820610972471e-16,6.120076388994789e-16,6.680045294752886e-16,7.697923696405115e-16,8.94204828755989e-16,6.233007561520672e-16,7.716357358230815e-17,MI,1,positive
E,,0,505,snr_p_db,550,550,476,1,550,0,0,0,0,dB,-2.815956169341477e-05,-1.4387356403665498e-05,-7.698475341556416e-06,-5.158998761241919e-06,-3.0896210557682973e-06,-1.233114524271846e-06,-3.8753976401142963e-07,-6.010841727830198e-06,4.145276791131517e-06,MI,1,positive
E,,0,505,delta_p_db,550,550,476,1,550,0,0,0,0,dB,-2.815556499013749e-05,-1.438875080499911e-05,-7.702506005945859e-06,-5.160159264427348e-06,-3.0808463055614083e-06,-1.2336193625255444e-06,-3.781792360841896e-07,-6.010725939706551e-06,4.14546696449872e-06,MI,1,positive
E,,0,505,q_noise,550,550,476,1,550,0,0,0,0,fraction,4.6585870718519675e-16,5.207172165137012e-16,5.701292081471804e-16,6.113655557760398e-16,6.664165972384165e-16,7.679039695478275e-16,9.672573704302628e-16,6.243065884692527e-16,7.664646014486391e-17,MI,1,positive
E,,0,8128,snr_p_db,550,550,476,1,550,0,0,0,0,dB,-2.8154047419129497e-05,-1.439028834668523e-05,-7.698890882318447e-06,-5.158834803678349e-06,-3.078069007460259e-06,-1.226744306748246e-06,-3.7146644930928224e-07,-6.011145820058397e-06,4.145480422533227e-06,MI,1,positive
E,,0,8128,delta_p_db,550,550,476,1,550,0,0,0,0,dB,-2.815556499013749e-05,-1.4388750805264301e-05,-7.702506005945859e-06,-5.160159264427348e-06,-3.0808463055614083e-06,-1.2336193625255444e-06,-3.781792360841896e-07,-6.010725939710934e-06,4.145466964486384e-06,MI,1,positive
E,,0,8128,q_noise,550,550,476,1,550,0,0,0,0,fraction,4.524859606422407e-16,5.161085567104282e-16,5.682989960786814e-16,6.077837424899253e-16,6.6726020744816975e-16,7.614227477813679e-16,9.221570854893175e-16,6.231884591172602e-16,7.746559151776951e-17,MI,1,positive
E,,5,101,snr_p_db,550,550,476,1,550,0,0,0,0,dB,4.999971745821633,4.999985493906645,4.99999218412114,4.999994727515251,4.999996803407354,4.999998652065984,4.999999508827603,4.99999387803878,4.145323627946171e-06,MI,1,positive
E,,5,101,delta_p_db,550,550,476,1,550,0,0,0,0,dB,-2.8155564987726658e-05,-1.4388750803070448e-05,-7.702506003776118e-06,-5.1601592624986915e-06,-3.0808463029095057e-06,-1.2336193615130004e-06,-3.7817923511986204e-07,-6.0107259375429476e-06,4.145466964363209e-06,MI,1,positive
E,,5,101,q_noise,550,550,476,1,550,0,0,0,0,fraction,7.095115806225834e-16,8.347126887451046e-16,9.58353899001977e-16,1.086213994215597e-15,1.258965126111617e-15,1.5146375953382943e-15,1.9608586040068627e-15,1.122218036067268e-15,2.1912578907736852e-16,MI,1,positive
E,,5,202,snr_p_db,550,550,476,1,550,0,0,0,0,dB,4.999971733344047,4.999985496857897,4.999992182200021,4.9999947343864415,4.999996816924204,4.999998662834473,4.99999951486633,4.999993877402158,4.146121012173124e-06,MI,1,positive
E,,5,202,delta_p_db,550,550,476,1,550,0,0,0,0,dB,-2.8155564987726658e-05,-1.4388750802588283e-05,-7.7025060040172e-06,-5.160159262257609e-06,-3.0808463029095057e-06,-1.2336193612960265e-06,-3.7817923511986204e-07,-6.010725937546454e-06,4.145466964360016e-06,MI,1,positive
E,,5,202,q_noise,550,550,476,1,550,0,0,0,0,fraction,7.471973474363707e-16,8.327633462682276e-16,9.621142031014333e-16,1.081212239509639e-15,1.2565991106129338e-15,1.5299463553364744e-15,1.920091910427434e-15,1.1213553829741511e-15,2.1666614720007936e-16,MI,1,positive
E,,5,303,snr_p_db,550,550,476,1,550,0,0,0,0,dB,4.9999717441516145,4.999985508772073,4.999992175354488,4.999994731070902,4.999996806066948,4.999998656458787,4.999999506324061,4.9999938774923,4.144960922056927e-06,MI,1,positive
E,,5,303,delta_p_db,550,550,476,1,550,0,0,0,0,dB,-2.8155564987726658e-05,-1.4388750802853474e-05,-7.702506003776118e-06,-5.1601592624986915e-06,-3.080846303030047e-06,-1.2336193615612167e-06,-3.7817923560202585e-07,-6.010725937542071e-06,4.145466964366559e-06,MI,1,positive
E,,5,303,q_noise,550,550,476,1,550,0,0,0,0,fraction,7.087521760605618e-16,8.264790339627478e-16,9.671070784372559e-16,1.0824762202329998e-15,1.2463124867894417e-15,1.504923189667943e-15,1.911629486429608e-15,1.123334246873479e-15,2.1306899812275348e-16,MI,1,positive
E,,5,404,snr_p_db,550,550,476,1,550,0,0,0,0,dB,4.999971723956502,4.999985500638907,4.999992188709276,4.999994724983793,4.9999968070988325,4.9999986522475615,4.999999521465989,4.999993877390712,4.145673608219949e-06,MI,1,positive
E,,5,404,delta_p_db,550,550,476,1,550,0,0,0,0,dB,-2.8155564987726658e-05,-1.4388750802853474e-05,-7.702506003293955e-06,-5.1601592624986915e-06,-3.08084630339167e-06,-1.2336193612960265e-06,-3.7817923511986204e-07,-6.010725937522785e-06,4.145466964358503e-06,MI,1,positive
E,,5,404,q_noise,550,550,476,1,550,0,0,0,0,fraction,7.382834421993389e-16,8.27877521269569e-16,9.591124664752991e-16,1.0903949192463886e-15,1.2666418633761543e-15,1.5505368361241906e-15,2.005464358358936e-15,1.1269395000394243e-15,2.244307246121151e-16,MI,1,positive
E,,5,505,snr_p_db,550,550,476,1,550,0,0,0,0,dB,4.999971732408707,4.999985500901979,4.9999921852446025,4.999994727028483,4.999996804232517,4.999998651800055,4.99999950221099,4.99999387714018,4.145186601250831e-06,MI,1,positive
E,,5,505,delta_p_db,550,550,476,1,550,0,0,0,0,dB,-2.8155564987244493e-05,-1.4388750803070448e-05,-7.702506003655577e-06,-5.160159262739773e-06,-3.0808463032711286e-06,-1.2336193612960265e-06,-3.7817923511986204e-07,-6.010725937530674e-06,4.1454669643617055e-06,MI,1,positive
E,,5,505,q_noise,550,550,476,1,550,0,0,0,0,fraction,7.320503909147474e-16,8.415097485096297e-16,9.634428967345474e-16,1.0844152343514323e-15,1.25415814661914e-15,1.5291971988698067e-15,2.0352312620960148e-15,1.1239032469383594e-15,2.1815155079116137e-16,MI,1,positive
E,,5,8128,snr_p_db,550,550,476,1,550,0,0,0,0,dB,4.999971734765057,4.999985499295332,4.999992180846804,4.9999947320719365,4.999996810830304,4.999998659009683,4.9999995106700235,4.999993877250894,4.145316527320635e-06,MI,1,positive
E,,5,8128,delta_p_db,550,550,476,1,550,0,0,0,0,dB,-2.8155564987726658e-05,-1.4388750802805258e-05,-7.702506003776118e-06,-5.160159262257609e-06,-3.08084630339167e-06,-1.2336193612960265e-06,-3.7817923511986204e-07,-6.010725937539441e-06,4.145466964362237e-06,MI,1,positive
E,,5,8128,q_noise,550,550,476,1,550,0,0,0,0,fraction,7.251452590231742e-16,8.318194853093844e-16,9.633055980455528e-16,1.0877560316880906e-15,1.2479458527366285e-15,1.5287506105847843e-15,1.994594718199696e-15,1.1230549969479826e-15,2.1603068050007461e-16,MI,1,positive
E,,10,101,snr_p_db,550,550,476,1,550,0,0,0,0,dB,9.999971912320364,9.999985659876263,9.999992350381696,9.99999490931334,9.999996973034778,9.999998829335938,9.999999668605831,9.999994047619694,4.145553929121439e-06,MI,1,positive
E,,10,101,delta_p_db,550,550,476,1,550,0,0,0,0,dB,-2.8155564983869324e-05,-1.4388750799430099e-05,-7.702506000039344e-06,-5.160159259364623e-06,-3.0808462986905697e-06,-1.2336193605486724e-06,-3.7817923463769827e-07,-6.010725934182699e-06,4.145466964000248e-06,MI,1,positive
E,,10,101,q_noise,550,550,476,1,550,0,0,0,0,fraction,8.119409445945387e-16,1.0735855273474648e-15,1.4265315530663795e-15,1.7866526472179888e-15,2.2751650326204977e-15,3.0835920603013533e-15,4.437124563684778e-15,1.896024641332365e-15,6.481461018869709e-16,MI,1,positive
E,,10,202,snr_p_db,550,550,476,1,550,0,0,0,0,dB,9.999971907459738,9.999985670982598,9.999992345517212,9.9999948938713,9.999996975129879,9.999998833180932,9.999999679111419,9.999994047510084,4.145740581202422e-06,MI,1,positive
E,,10,202,delta_p_db,550,550,476,1,550,0,0,0,0,dB,-2.815556498435149e-05,-1.4388750799261341e-05,-7.702505999918803e-06,-5.160159259123541e-06,-3.080846298570029e-06,-1.2336193605486724e-06,-3.7817923511986204e-07,-6.010725934193219e-06,4.1454669640004315e-06,MI,1,positive
E,,10,202,q_noise,550,550,476,1,550,0,0,0,0,fraction,7.898890215638966e-16,1.026009418674637e-15,1.391437455793382e-15,1.781438499806535e-15,2.2627774317454965e-15,3.1651644258870914e-15,4.574487933548124e-15,1.8942504187229047e-15,6.542747483173894e-16,MI,1,positive
E,,10,303,snr_p_db,550,550,476,1,550,0,0,0,0,dB,9.999971929842687,9.99998567480567,9.999992368222893,9.999994892262634,9.999996975051335,9.999998823093943,9.999999677015754,9.999994047565163,4.14445385431254e-06,MI,1,positive
E,,10,303,delta_p_db,550,550,476,1,550,0,0,0,0,dB,-2.8155564983869324e-05,-1.4388750799213125e-05,-7.70250599967772e-06,-5.160159258882459e-06,-3.0808462994138164e-06,-1.2336193605486724e-06,-3.7817923511986204e-07,-6.010725934150263e-06,4.145466963990168e-06,MI,1,positive
E,,10,303,q_noise,550,550,476,1,550,0,0,0,0,fraction,7.799057626525441e-16,1.0513094209374776e-15,1.4178310182647017e-15,1.7850967510090473e-15,2.2769926699011197e-15,3.1314760563395928e-15,4.316964001297717e-15,1.9017476647265964e-15,6.526248318803017e-16,MI,1,positive
E,,10,404,snr_p_db,550,550,476,1,550,0,0,0,0,dB,9.999971895691983,9.999985668678187,9.999992362426447,9.999994898494167,9.999996974355815,9.999998825393709,9.99999967357817,9.999994047085414,4.145512315770629e-06,MI,1,positive
E,,10,404,delta_p_db,550,550,476,1,550,0,0,0,0,dB,-2.8155564983869324e-05,-1.4388750799213125e-05,-7.70250599967772e-06,-5.160159259605705e-06,-3.080846299293275e-06,-1.2336193605486724e-06,-3.7817923463769827e-07,-6.010725934142373e-06,4.145466964001726e-06,MI,1,positive
E,,10,404,q_noise,550,550,476,1,550,0,0,0,0,fraction,7.942273425430152e-16,1.0350038873380314e-15,1.4264310731870761e-15,1.7906395137254015e-15,2.2711125972346405e-15,3.1308968230962746e-15,4.335404787784521e-15,1.902940956809791e-15,6.525136174737779e-16,MI,1,positive
E,,10,505,snr_p_db,550,550,476,1,550,0,0,0,0,dB,9.999971916298021,9.999985666486836,9.999992354126832,9.999994896624404,9.99999697091981,9.999998830536184,9.999999658447724,9.999994047913871,4.145329938066524e-06,MI,1,positive
E,,10,505,delta_p_db,550,550,476,1,550,0,0,0,0,dB,-2.8155564983869324e-05,-1.4388750799478315e-05,-7.702506000039344e-06,-5.160159259364624e-06,-3.0808463000165214e-06,-1.2336193608138628e-06,-3.7817923463769827e-07,-6.01072593418533e-06,4.145466963995621e-06,MI,1,positive
E,,10,505,q_noise,550,550,476,1,550,0,0,0,0,fraction,8.212007186360157e-16,1.0395532097198847e-15,1.4325995074662e-15,1.7649180702635123e-15,2.266115746065234e-15,3.148852081430834e-15,4.354927125470823e-15,1.8976302574853745e-15,6.511221989495344e-16,MI,1,positive
E,,10,8128,snr_p_db,550,550,476,1,550,0,0,0,0,dB,9.999971896581165,9.999985664527058,9.999992357349466,9.99999490145016,9.999996987387965,9.999998823964841,9.999999683469765,9.999994047821277,4.1452693959283015e-06,MI,1,positive
E,,10,8128,delta_p_db,550,550,476,1,550,0,0,0,0,dB,-2.8155564983869324e-05,-1.4388750799213125e-05,-7.702506000039344e-06,-5.160159259605705e-06,-3.080846298931652e-06,-1.2336193603316988e-06,-3.7817923511986204e-07,-6.010725934152893e-06,4.145466963988333e-06,MI,1,positive
E,,10,8128,q_noise,550,550,476,1,550,0,0,0,0,fraction,8.099186945848978e-16,1.0504990764926633e-15,1.4138101668601087e-15,1.7753727831313832e-15,2.2722762088899234e-15,3.1041611741554717e-15,5.052729370014466e-15,1.9023004861126123e-15,6.513357414647123e-16,MI,1,positive
I,,0,101,snr_p_db,550,550,476,1,550,0,0,0,0,dB,1.8815138624645211,1.9402559799614147,1.9997991526555587,2.0386821005424878,2.0762863050784954,2.1297434446059493,2.199824483336468,2.0375974093685425,0.0578688930056255,MI,1,positive
I,,0,101,delta_p_db,550,550,476,1,550,0,0,0,0,dB,1.8815138619332186,1.9402559819285312,1.9997991538071407,2.0386820966067054,2.076286299401585,2.1297434463360125,2.1998244837718857,2.037597409193751,0.057868893403106914,MI,1,positive
I,,0,101,q_noise,550,550,476,1,550,0,0,0,0,fraction,0.35159181630761,0.3603034620174049,0.3690138221657733,0.37463967432871026,0.3800294726435318,0.3876144993831368,0.39741661956619406,0.3744267770647451,0.00833863795895598,MI,1,positive
I,,0,202,snr_p_db,550,550,476,1,550,0,0,0,0,dB,1.8729247274374414,1.9419865740085813,1.9969196830543177,2.037192394911729,2.0797610421394577,2.1350366452450107,2.218776412829812,2.038360704745491,0.05995438884313777,MI,1,positive
I,,0,202,delta_p_db,550,550,476,1,550,0,0,0,0,dB,1.8729247330180823,1.9419865739617084,1.9969196946145633,2.0371923932134877,2.0797610468069996,2.1350366442650146,2.2187764121939897,2.0383607047914936,0.059954388486339716,MI,1,positive
I,,0,202,q_noise,550,550,476,1,550,0,0,0,0,fraction,0.3503082919608445,0.36055858941039826,0.36859562846578886,0.3744246117232393,0.38052535712812324,0.38836052805112825,0.4000400385656352,0.37453267561450193,0.008631672148749787,MI,1,positive
I,,0,303,snr_p_db,550,550,476,1,550,0,0,0,0,dB,1.879475849850677,1.938837570690227,1.9962724800134373,2.038040233311534,2.080381095821329,2.1354967062611463,2.2327501263976597,2.0379240407819115,0.06026428709398115,MI,1,positive
I,,0,303,delta_p_db,550,550,476,1,550,0,0,0,0,dB,1.8794758527472255,1.9388375731652159,1.9962724745604032,2.038040234745931,2.0803810922059447,2.1354967064680825,2.2327501300679553,2.0379240409888935,0.060264287036290824,MI,1,positive
I,,0,303,q_noise,550,550,476,1,550,0,0,0,0,fraction,0.3512876761689841,0.3600944561982502,0.36850181218732325,0.37454599795996424,0.3806151002657423,0.388425664538445,0.4019684023859139,0.3744691486360489,0.00868128545791859,MI,1,positive
I,,0,404,snr_p_db,550,550,476,1,550,0,0,0,0,dB,1.85383732535283,1.941074336615185,1.996639158258207,2.036231845682657,2.0754896819588984,2.1399225409599163,2.248789048652861,2.0372687461358923,0.060783070059294744,MI,1,positive
I,,0,404,delta_p_db,550,550,476,1,550,0,0,0,0,dB,1.8538373304753375,1.9410743361332048,1.9966391534823347,2.0362318472137533,2.0754896814319177,2.13992254518086,2.2487890459540836,2.037268746253262,0.06078307005317347,MI,1,positive
I,,0,404,q_noise,550,550,476,1,550,0,0,0,0,fraction,0.34744648155694624,0.3604243294048455,0.3685546969267578,0.3742854544845753,0.3799154705928593,0.3890477581549769,0.40417248432754826,0.3743737424135874,0.008752186510081889,MI,1,positive
I,,0,505,snr_p_db,550,550,476,1,550,0,0,0,0,dB,1.8792073468433146,1.9424622866365628,1.9960704600054187,2.0366826999607888,2.0775711845989413,2.129988095851751,2.2059095112531257,2.0372963067046945,0.05870107075860604,MI,1,positive
I,,0,505,delta_p_db,550,550,476,1,550,0,0,0,0,dB,1.8792073453789138,1.9424622881915596,1.996070463281649,2.0366827038087862,2.077571182484339,2.129988095693359,2.2059095111879587,2.037296306978627,0.05870107092759528,MI,1,positive
I,,0,505,q_noise,550,550,476,1,550,0,0,0,0,fraction,0.3512481071668724,0.3606297998452528,0.36847229840964674,0.3743500443983554,0.3802130702512825,0.38764890768706645,0.39826097451267206,0.37438180059278403,0.00845856941135062,MI,1,positive
I,,0,8128,snr_p_db,550,550,476,1,550,0,0,0,0,dB,1.869707152829426,1.9354880727829082,1.9975744109670595,2.0359332017833935,2.076895437321152,2.1369777243995416,2.230612938276909,2.037076897117348,0.060449247232883974,MI,1,positive
I,,0,8128,delta_p_db,550,550,476,1,550,0,0,0,0,dB,1.8697071463171713,1.9354880648479027,1.9975744124104562,2.0359331955084916,2.0768954438597205,2.136977721107836,2.2306129427897163,2.0370768968567075,0.06044924760484893,MI,1,positive
I,,0,8128,q_noise,550,550,476,1,550,0,0,0,0,fraction,0.34982755636899754,0.3596010971170696,0.36869112916591634,0.3742425031931367,0.38011653066859585,0.3886337910607822,0.40167365975082503,0.37434678683685174,0.008701732513368966,MI,1,positive
I,,5,101,snr_p_db,550,550,476,1,550,0,0,0,0,dB,6.881513748013493,6.940255867863626,6.999799054051849,7.0386819818386765,7.076286199662242,7.129743344803323,7.19982437086928,7.03759729761836,0.05786889323227613,MI,1,positive
I,,5,101,delta_p_db,550,550,476,1,550,0,0,0,0,dB,1.8815138654033234,1.9402559840627467,1.9997991584003967,2.0386820922722366,2.0762862983521684,2.1297434477045396,2.199824484246963,2.037597409449147,0.057868893425202995,MI,1,positive
I,,5,101,q_noise,550,550,476,1,550,0,0,0,0,fraction,0.3515918168257018,0.3603034623317914,0.36901382283311884,0.3746396741589185,0.38002947249371966,0.38761449957612015,0.3974166196321109,0.3744267771014926,0.008338637961239691,MI,1,positive
I,,5,202,snr_p_db,550,550,476,1,550,0,0,0,0,dB,6.872924622901148,6.941986463248254,6.996919581158567,7.037192276116835,7.079760932638053,7.13503653382841,7.218776299900108,7.038360592650612,0.05995438902401484,MI,1,positive
I,,5,202,delta_p_db,550,550,476,1,550,0,0,0,0,dB,1.8729247285211033,1.9419865735482502,1.996919696198713,2.0371923962459455,2.079761041208844,2.135036644747897,2.2187764078653185,2.038360704632866,0.05995438840947386,MI,1,positive
I,,5,202,q_noise,550,550,476,1,550,0,0,0,0,fraction,0.3503082912881097,0.3605585893494635,0.368595628696106,0.37442461186955794,0.3805253563296332,0.38836052811916866,0.400040037967647,0.37453267559180126,0.008631672139686915,MI,1,positive
I,,5,303,snr_p_db,550,550,476,1,550,0,0,0,0,dB,6.879475741810378,6.938837461187181,6.996272357932078,7.038040118495967,7.080380970806355,7.135496592661766,7.232750030499766,7.037923929227716,0.060264287342023416,MI,1,positive
I,,5,303,delta_p_db,550,550,476,1,550,0,0,0,0,dB,1.8794758529876172,1.9388375742700907,1.996272475858936,2.038040230098241,2.080381087839135,2.1354967065389103,2.232750139362565,2.0379240411857413,0.06026428711949275,MI,1,positive
I,,5,303,q_noise,550,550,476,1,550,0,0,0,0,fraction,0.3512876762048918,0.36009445636103077,0.368501812376148,0.3745459972906133,0.3806150996429261,0.38842566454852784,0.401968403665799,0.37446914866423764,0.008681285469118007,MI,1,positive
I,,5,404,snr_p_db,550,550,476,1,550,0,0,0,0,dB,6.853837225920172,6.941074227870691,6.9966390387245205,7.036231732146152,7.075489577485947,7.13992242618179,7.248788937969707,7.037268634253003,0.060783069202579504,MI,1,positive
I,,5,404,delta_p_db,550,550,476,1,550,0,0,0,0,dB,1.8538373385105487,1.9410743358781266,1.9966391503248722,2.0362318404516264,2.0754896837511767,2.1399225425825743,2.248789052961486,2.037268746327245,0.06078306973822278,MI,1,positive
I,,5,404,q_noise,550,550,476,1,550,0,0,0,0,fraction,0.34744648276428497,0.3604243293673273,0.36855469646767397,0.3742854535103127,0.37991547092400707,0.3890477577894657,0.40417248528892424,0.37437374242488375,0.008752186463501883,MI,1,positive
I,,5,505,snr_p_db,550,550,476,1,550,0,0,0,0,dB,6.8792072230015595,6.942462172831361,6.996070348451089,7.036682595116654,7.077571071676869,7.129987980258831,7.205909395579431,7.0372961950135,0.05870107222239951,MI,1,positive
I,,5,505,delta_p_db,550,550,476,1,550,0,0,0,0,dB,1.8792073445422477,1.9424622828738753,1.9960704617410343,2.0366827039432702,2.07757117969554,2.129988096688801,2.2059095045988117,2.0372963068794525,0.05870107137538118,MI,1,positive
I,,5,505,q_noise,550,550,476,1,550,0,0,0,0,fraction,0.35124810704189063,0.3606297990623868,0.36847229818563026,0.37435004441773334,0.3802130698532894,0.3876489078274422,0.3982609735997093,0.3743818005776203,0.00845856947758356,MI,1,positive
I,,5,8128,snr_p_db,550,550,476,1,550,0,0,0,0,dB,6.869707041677588,6.935487954393888,6.997574300129829,7.035933090585345,7.076895326988918,7.136977609036359,7.230612840362847,7.037076785006349,0.06044924733937785,MI,1,positive
I,,5,8128,delta_p_db,550,550,476,1,550,0,0,0,0,dB,1.8697071571823518,1.935488065269296,1.9975744182215718,2.035933197228964,2.0768954462002016,2.136977719258376,2.2306129439045366,2.0370768965344683,0.06044924741869491,MI,1,positive
I,,5,8128,q_noise,550,550,476,1,550,0,0,0,0,fraction,0.34982755799559917,0.3596010971792366,0.36869113001064313,0.37424250344104104,0.38011653100265697,0.3886337908004433,0.40167365990441345,0.37434678679080574,0.00870173248633826,MI,1,positive
I,,10,101,snr_p_db,550,550,476,1,550,0,0,0,0,dB,11.881513925218902,11.940256037288346,11.999799211642928,12.038682152074607,12.07628633279894,12.129743503051111,12.199824534113233,12.037597468468862,0.05786889348406091,MI,1,positive
I,,10,101,delta_p_db,550,550,476,1,550,0,0,0,0,dB,1.8815138674527432,1.940255981997636,1.9997991525456709,2.038682090261342,2.076286289963574,2.1297434492780565,2.199824485903414,2.037597409704622,0.05786889367098996,MI,1,positive
I,,10,101,q_noise,550,550,476,1,550,0,0,0,0,fraction,0.35159181713168325,0.36030346202748204,0.36901382198250227,0.37463967314651364,0.38002947129623493,0.3876144997979649,0.3974166198619435,0.37442677713781747,0.008338637997028326,MI,1,positive
I,,10,202,snr_p_db,550,550,476,1,550,0,0,0,0,dB,11.872924783975769,11.941986634138827,11.996919748811433,12.037192460781963,12.079761096736625,12.135036696671245,12.21877648272126,12.038360763728681,0.059954388237781216,MI,1,positive
I,,10,202,delta_p_db,550,550,476,1,550,0,0,0,0,dB,1.872924730145726,1.9419865777392509,1.9969196932198099,2.0371924002984407,2.0797610410978584,2.1350366412486537,2.218776417295972,2.0383607050353767,0.0599543880821729,MI,1,positive
I,,10,202,q_noise,550,550,476,1,550,0,0,0,0,fraction,0.3503082915311484,0.36055858996670487,0.368595628263017,0.3744246128716566,0.38052535631379586,0.3883605276263707,0.4000400392704531,0.37453267565041953,0.008631672091828238,MI,1,positive
I,,10,303,snr_p_db,550,550,476,1,550,0,0,0,0,dB,11.879475905351455,11.93883761202723,11.996272526276908,12.03804028763983,12.080381163681764,12.1354967597178,12.232750191077823,12.037924099910638,0.06026428752802298,MI,1,positive
I,,10,303,delta_p_db,550,550,476,1,550,0,0,0,0,dB,1.8794758543174743,1.93883756975584,1.996272469758038,2.0380402338670542,2.0803810963303024,2.1354967098148845,2.232750132452211,2.0379240414807565,0.0602642872272764,MI,1,positive
I,,10,303,q_noise,550,550,476,1,550,0,0,0,0,fraction,0.35128767640353453,0.3600944556959583,0.3685018114890146,0.3745459978333903,0.3806151008539282,0.38842566500975795,0.4019684027142304,0.37446914870651166,0.008681285484692427,MI,1,positive
I,,10,404,snr_p_db,550,550,476,1,550,0,0,0,0,dB,11.853837403956348,11.941074398713065,11.99663918807641,12.03623190319642,12.07548974683435,12.139922598486224,12.248789119781119,12.03726880388842,0.06078306928916634,MI,1,positive
I,,10,404,delta_p_db,550,550,476,1,550,0,0,0,0,dB,1.8538373311291543,1.9410743362057186,1.9966391410498832,2.036231841986917,2.0754896887193652,2.1399225433639284,2.248789058090515,2.0372687462221855,0.06078306983017513,MI,1,positive
I,,10,404,q_noise,550,550,476,1,550,0,0,0,0,fraction,0.3474464816551861,0.3604243294153235,0.3685546951191272,0.37428545373154914,0.37991547163329176,0.389047757899352,0.4041724859925982,0.37437374240956106,0.00875218647768566,MI,1,positive
I,,10,505,snr_p_db,550,550,476,1,550,0,0,0,0,dB,11.879207402819656,11.94246235598022,11.996070514456779,12.036682754006407,12.077571244590645,12.12998816001717,12.205909562926664,12.037296365698356,0.05870107084885838,MI,1,positive
I,,10,505,delta_p_db,550,550,476,1,550,0,0,0,0,dB,1.8792073500981208,1.9424622958941775,1.9960704635994877,2.0366827042883777,2.0775711823572824,2.1299880934765096,2.205909504502158,2.0372963071829435,0.05870107062286392,MI,1,positive
I,,10,505,q_noise,550,550,476,1,550,0,0,0,0,fraction,0.35124810787183053,0.36062980097924024,0.36847229845587093,0.3743500444674417,0.3802130702331563,0.3876489073744888,0.39826097358631746,0.3743818006228105,0.008458569366671696,MI,1,positive
I,,10,8128,snr_p_db,550,550,476,1,550,0,0,0,0,dB,11.869707225560832,11.935488130689807,11.997574474571978,12.035933248281069,12.07689550251661,12.136977779294588,12.230613005132302,12.037076956279746,0.06044924710928089,MI,1,positive
I,,10,8128,delta_p_db,550,550,476,1,550,0,0,0,0,dB,1.8697071552313957,1.9354880642305319,1.9975744119282104,2.0359331903537257,2.0768954402821684,2.1369777191635153,2.23061294048807,2.037076896951987,0.06044924740471793,MI,1,positive
I,,10,8128,q_noise,550,550,476,1,550,0,0,0,0,fraction,0.34982755770352586,0.35960109702606424,0.3686911290958239,0.3742425024504019,0.3801165301579575,0.38863379078714116,0.40167365943372785,0.37434678685099076,0.008701732481647599,MI,1,positive
S_00,S_00,0,101,snr_p_db,550,550,476,1,550,0,0,0,0,dB,2.4244768875957416,2.5101048817811966,2.5766455200821676,2.616543479279313,2.665882895181682,2.7413667914177813,2.8254945533379825,2.6203900938494424,0.06895241025327874,MI,1,positive
S_00,S_00,0,101,delta_p_db,550,550,476,1,550,0,0,0,0,dB,2.4244768877588947,2.5101048852480496,2.576645515787309,2.6165434754351553,2.665882894133673,2.7413667947469933,2.825494551801677,2.6203900931532265,0.06895241024233056,MI,1,positive
S_00,S_00,0,101,q_noise,550,550,476,1,550,0,0,0,0,fraction,0.42779429307847583,0.438966304595537,0.4474963041821965,0.452548915897248,0.45873440828414724,0.4680601165586897,0.4782650101768831,0.4529651326160058,0.008681209765472125,MI,1,positive
S_00,S_00,0,202,snr_p_db,550,550,476,1,550,0,0,0,0,dB,2.409304283264813,2.4996491915298535,2.5667537325993424,2.616874597421083,2.666479460675618,2.732084216128772,2.888618794346241,2.6164597816230892,0.07356311043434899,MI,1,positive
S_00,S_00,0,202,delta_p_db,550,550,476,1,550,0,0,0,0,dB,2.4093042829012887,2.4996491910089405,2.5667537310228816,2.6168745943463723,2.666479458972287,2.732084212944394,2.888618788254194,2.616459781693645,0.0735631103328494,MI,1,positive
S_00,S_00,0,202,q_noise,550,550,476,1,550,0,0,0,0,fraction,0.4257924538677809,0.43761461431826576,0.4462372778118101,0.45259071832322717,0.4588076143131018,0.46692160736085336,0.48579334395979823,0.45246034309640765,0.009268364025338696,MI,1,positive
S_00,S_00,0,303,snr_p_db,550,550,476,1,550,0,0,0,0,dB,2.423574232834052,2.5060799717162006,2.5748484725859186,2.619312570021739,2.6707212234166127,2.7442575058116896,2.857489586583473,2.6214952984349345,0.07293736305551135,MI,1,positive
S_00,S_00,0,303,delta_p_db,550,550,476,1,550,0,0,0,0,dB,2.4235742292669658,2.506079967868123,2.574848472100406,2.619312567705255,2.6707212300289256,2.7442575046683335,2.85748958493211,2.6214952984145494,0.07293736311688807,MI,1,positive
S_00,S_00,0,303,q_noise,550,550,476,1,550,0,0,0,0,fraction,0.42767607529946683,0.43844626241158563,0.4472679532895502,0.4528982621729454,0.45933612248445654,0.4684139452628752,0.4820942065910485,0.45309616827081695,0.009176834810272715,MI,1,positive
S_00,S_00,0,404,snr_p_db,550,550,476,1,550,0,0,0,0,dB,2.3973334042948995,2.498025174154457,2.569788902789188,2.6172746035651206,2.6693020131189016,2.7389562230097284,2.868237624082704,2.6190909907387283,0.07390147747520023,MI,1,positive
S_00,S_00,0,404,delta_p_db,550,550,476,1,550,0,0,0,0,dB,2.3973334027014976,2.498025167061926,2.5697889008929264,2.617274600887283,2.66930201263777,2.7389562160258047,2.8682376200138098,2.619090990149601,0.0739014774174081,MI,1,positive
S_00,S_00,0,404,q_noise,550,550,476,1,550,0,0,0,0,fraction,0.42420816029096264,0.4374039444989064,0.4466232443388641,0.45264267470882313,0.4591598187041973,0.4677645941719307,0.48337463997279373,0.4527912294165528,0.009309391742027193,MI,1,positive
S_00,S_00,0,505,snr_p_db,550,550,476,1,550,0,0,0,0,dB,2.376473840539365,2.510103895942678,2.5769878637093617,2.624117360536305,2.6673504469348948,2.7286332589899964,2.850102749114961,2.6210055637986196,0.06783984984328484,MI,1,positive
S_00,S_00,0,505,delta_p_db,550,550,476,1,550,0,0,0,0,dB,2.3764738494275472,2.51010389556985,2.576987862620226,2.624117357653301,2.6673504502954413,2.7286332597742624,2.8501027511811876,2.621005563601199,0.06783984997518375,MI,1,positive
S_00,S_00,0,505,q_noise,550,550,476,1,550,0,0,0,0,fraction,0.42143480106446074,0.4389665876475539,0.4475407082011962,0.45350332599617005,0.45891593155667043,0.4664977533568061,0.4812135075929688,0.4530447907956779,0.008552019672244785,MI,1,positive
S_00,S_00,0,8128,snr_p_db,550,550,476,1,550,0,0,0,0,dB,2.424872235483591,2.506471362948976,2.573117388895493,2.615719635113555,2.662217807842103,2.7332405160698774,2.8270443761654294,2.617459302352042,0.06840892027654409,MI,1,positive
S_00,S_00,0,8128,delta_p_db,550,550,476,1,550,0,0,0,0,dB,2.424872238484575,2.5064713653782698,2.573117386010459,2.615719630797919,2.662217803025117,2.733240522769555,2.8270443764092934,2.6174593029005906,0.06840892016748411,MI,1,positive
S_00,S_00,0,8128,q_noise,550,550,476,1,550,0,0,0,0,fraction,0.42784745890969533,0.43849651802112516,0.4470477080190152,0.45244523191360897,0.45827813848144194,0.4670635052241374,0.4784512858752118,0.45259691472383695,0.0086210960641879,MI,1,positive
S_00,S_00,5,101,snr_p_db,550,550,476,1,550,0,0,0,0,dB,7.424476775447487,7.510104770754069,7.576645412513992,7.616543359991889,7.665882782988355,7.741366676359458,7.82549441582403,7.620389982315367,0.06895241056302799,MI,1,positive
S_00,S_00,5,101,delta_p_db,550,550,476,1,550,0,0,0,0,dB,2.4244768955509235,2.510104882749724,2.5766455225640126,2.6165434699101016,2.665882893399279,2.7413667943218987,2.825494534495924,2.6203900934994215,0.06895241039941899,MI,1,positive
S_00,S_00,5,101,q_noise,550,550,476,1,550,0,0,0,0,fraction,0.4277942941051164,0.43896630427271893,0.4474963050443202,0.452548915200781,0.4587344081926086,0.46806011650675317,0.4782650080978749,0.4529651326592937,0.008681209785530027,MI,1,positive
S_00,S_00,5,202,snr_p_db,550,550,476,1,550,0,0,0,0,dB,7.4093041655426095,7.499649080227939,7.566753626382958,7.616874480545073,7.666479359555966,7.732084109841527,7.888618673502136,7.616459670025341,0.07356311018677424,MI,1,positive
S_00,S_00,5,202,delta_p_db,550,550,476,1,550,0,0,0,0,dB,2.4093042886321787,2.499649196202959,2.5667537319885616,2.616874595280126,2.666479461769297,2.7320842130242515,2.8886187815912083,2.616459781586617,0.07356311000863064,MI,1,positive
S_00,S_00,5,202,q_noise,550,550,476,1,550,0,0,0,0,fraction,0.4257924546254972,0.43761461499087706,0.4462372779349413,0.45259071844092313,0.45880761466164993,0.4669216073705277,0.4857933431708976,0.4524603430835997,0.009268363985595319,MI,1,positive
S_00,S_00,5,303,snr_p_db,550,550,476,1,550,0,0,0,0,dB,7.423574117174702,7.506079867591659,7.574848368127511,7.619312440398351,7.670721119346206,7.744257397613628,7.857489444082963,7.621495186633557,0.07293736345532315,MI,1,positive
S_00,S_00,5,303,delta_p_db,550,550,476,1,550,0,0,0,0,dB,2.423574225361798,2.5060799696763607,2.574848477804772,2.6193125611921992,2.670721234371729,2.7442575026449028,2.8574895715851256,2.621495298396844,0.07293736357926542,MI,1,positive
S_00,S_00,5,303,q_noise,550,550,476,1,550,0,0,0,0,fraction,0.4276760747848342,0.43844626264540026,0.4472679540155524,0.45289826135246236,0.4593361230251013,0.4684139450151446,0.4820942049993911,0.4530961682676052,0.009176834869668402,MI,1,positive
S_00,S_00,5,404,snr_p_db,550,550,476,1,550,0,0,0,0,dB,7.397333290864825,7.498025058194265,7.56978877554633,7.617274497696127,7.669301900460602,7.738956111961258,7.86823751435398,7.619090878514914,0.07390147843147077,MI,1,positive
S_00,S_00,5,404,delta_p_db,550,550,476,1,550,0,0,0,0,dB,2.397333401345958,2.498025167816742,2.5697888894219685,2.617274602890978,2.6693020085342707,2.7389562204820237,2.8682376162733227,2.619090990478419,0.07390147784086357,MI,1,positive
S_00,S_00,5,404,q_noise,550,550,476,1,550,0,0,0,0,fraction,0.424208160111244,0.43740394459642357,0.4466232428772134,0.45264267496136823,0.4591598181931705,0.4677645947180538,0.48337463952783516,0.45279122945707173,0.009309391795713724,MI,1,positive
S_00,S_00,5,505,snr_p_db,550,550,476,1,550,0,0,0,0,dB,7.37647375502797,7.510103784143385,7.576987751132029,7.62411724543273,7.6673503218314245,7.728633145603067,7.850102622988776,7.621005451282255,0.0678398495361363,MI,1,positive
S_00,S_00,5,505,delta_p_db,550,550,476,1,550,0,0,0,0,dB,2.3764738581200446,2.5101038947646663,2.5769878639534016,2.6241173582592356,2.667350446492804,2.7286332619789344,2.850102743928114,2.6210055635182528,0.06783984998813303,MI,1,positive
S_00,S_00,5,505,q_noise,550,550,476,1,550,0,0,0,0,fraction,0.4214348022224715,0.43896658754351414,0.44754070837074805,0.4535033260724086,0.45891593108290246,0.4664977536276332,0.48121350672655294,0.4530447907852087,0.008552019673525773,MI,1,positive
S_00,S_00,5,8128,snr_p_db,550,550,476,1,550,0,0,0,0,dB,7.424872127701132,7.506471249951698,7.57311727440003,7.615719533105766,7.662217685431729,7.73324039982233,7.827044284502291,7.617459189913467,0.06840891960697686,MI,1,positive
S_00,S_00,5,8128,delta_p_db,550,550,476,1,550,0,0,0,0,dB,2.4248722359061454,2.506471365406468,2.573117384288124,2.6157196348625904,2.662217783673573,2.7332405231089587,2.8270443928153384,2.617459302221708,0.06840891960371862,MI,1,positive
S_00,S_00,5,8128,q_noise,550,550,476,1,550,0,0,0,0,fraction,0.4278474585700053,0.4384965180247389,0.4470477077997625,0.4524452324260795,0.45827813606761203,0.4670635052657425,0.4784512878454306,0.45259691463939433,0.008621095992669492,MI,1,positive
S_00,S_00,10,101,snr_p_db,550,550,476,1,550,0,0,0,0,dB,12.424476964625882,12.510104948421793,12.576645589684471,12.61654352384982,12.665882957610652,12.741366853850105,12.825494594037746,12.620390151972456,0.0689524103057123,MI,1,positive
S_00,S_00,10,101,delta_p_db,550,550,476,1,550,0,0,0,0,dB,2.424476899221207,2.5101048927408405,2.576645526047142,2.61654347002985,2.665882896583897,2.7413667938682442,2.8254945475616005,2.6203900933723356,0.06895240995441368,MI,1,positive
S_00,S_00,10,101,q_noise,550,550,476,1,550,0,0,0,0,fraction,0.4277942945886955,0.4389663055634779,0.44749630548751307,0.4525489152158747,0.45873440858952447,0.4680601164509101,0.47826500966750596,0.4529651326441729,0.008681209729967023,MI,1,positive
S_00,S_00,10,202,snr_p_db,550,550,476,1,550,0,0,0,0,dB,12.409304358689187,12.49964925394919,12.566753801323232,12.61687465228281,12.666479534081855,12.732084273373404,12.888618840707167,12.616459840357571,0.07356311060692787,MI,1,positive
S_00,S_00,10,202,delta_p_db,550,550,476,1,550,0,0,0,0,dB,2.409304290911804,2.499649197521995,2.5667537372053966,2.616874594275278,2.6664794640898624,2.732084212774192,2.888618774174266,2.616459781483343,0.07356311042069633,MI,1,positive
S_00,S_00,10,202,q_noise,550,550,476,1,550,0,0,0,0,fraction,0.4257924549269005,0.4376146151617405,0.44623727860015494,0.45259071831426295,0.4588076149508102,0.4669216073396817,0.48579334229272825,0.45246034306970023,0.009268364037931338,MI,1,positive
S_00,S_00,10,303,snr_p_db,550,550,476,1,550,0,0,0,0,dB,12.423574286359838,12.506080020860098,12.57484853921825,12.61931263828573,12.670721283474755,12.744257580029982,12.857489621281248,12.621495356533341,0.0729373637899476,MI,1,positive
S_00,S_00,10,303,delta_p_db,550,550,476,1,550,0,0,0,0,dB,2.4235742298285397,2.5060799629499835,2.574848479462079,2.6193125776110575,2.670721232522791,2.7442575113533785,2.857489582774862,2.6214952981349966,0.07293736397709713,MI,1,positive
S_00,S_00,10,303,q_noise,550,550,476,1,550,0,0,0,0,fraction,0.4276760753734724,0.4384462617756513,0.4472679542264848,0.4528982634208241,0.4593361227949229,0.46841394608116654,0.4820942063337919,0.45309616823380294,0.009176834918248354,MI,1,positive
S_00,S_00,10,404,snr_p_db,550,550,476,1,550,0,0,0,0,dB,12.397333467406815,12.498025246755244,12.569788953428006,12.617274670002246,12.66930206739253,12.738956280528672,12.868237685223562,12.619091048687427,0.07390147812010575,MI,1,positive
S_00,S_00,10,404,delta_p_db,550,550,476,1,550,0,0,0,0,dB,2.3973334116993805,2.4980251791528785,2.56978889730928,2.6172746038342227,2.669302008315272,2.738956220089335,2.8682376335362596,2.6190909907509234,0.07390147806665283,MI,1,positive
S_00,S_00,10,404,q_noise,550,550,476,1,550,0,0,0,0,fraction,0.4242081614839107,0.43740394606509175,0.44662324388223945,0.4526426750802664,0.45915981816590334,0.46776459466992354,0.483374641581389,0.4527912294909305,0.00930939182246884,MI,1,positive
S_00,S_00,10,505,snr_p_db,550,550,476,1,550,0,0,0,0,dB,12.376473908175162,12.51010394864953,12.576987941892979,12.624117416233487,12.667350510419928,12.728633321507438,12.850102798343793,12.621005622784065,0.06783984906534223,MI,1,positive
S_00,S_00,10,505,delta_p_db,550,550,476,1,550,0,0,0,0,dB,2.3764738519374005,2.5101038954810875,2.5769878730135565,2.624117358541002,2.6673504509045896,2.7286332674768707,2.8501027431236925,2.6210055642513064,0.0678398491284896,MI,1,positive
S_00,S_00,10,505,q_noise,550,550,476,1,550,0,0,0,0,fraction,0.4214348013988223,0.4389665876360698,0.44754070952331804,0.45350332610786326,0.45891593163256317,0.46649775430303025,0.48121350663046075,0.45304479087921934,0.008552019563707915,MI,1,positive
S_00,S_00,10,8128,snr_p_db,550,550,476,1,550,0,0,0,0,dB,12.424872293434689,12.506471417383725,12.573117442278932,12.615719681457923,12.662217867132014,12.733240585756462,12.827044432169776,12.617459360961185,0.06840892062126834,MI,1,positive
S_00,S_00,10,8128,delta_p_db,550,550,476,1,550,0,0,0,0,dB,2.4248722288896785,2.506471367765663,2.5731173822941824,2.6157196234470907,2.662217797891302,2.7332405302596112,2.827044379334014,2.6174593028623394,0.06840892008707217,MI,1,positive
S_00,S_00,10,8128,q_noise,550,550,476,1,550,0,0,0,0,fraction,0.4278474576456349,0.4384965183296174,0.44704770754587075,0.45244523098682293,0.4582781378409368,0.4670635061432626,0.47845128622644456,0.4525969147191706,0.008621096054955944,MI,1,positive
S_01,S_01,0,101,snr_p_db,550,550,476,1,550,0,0,0,0,dB,1.4770331592817152,1.5341966529154425,1.6008048120275202,1.640728340807442,1.677862975612714,1.7383833356621616,1.8105675507514905,1.6393199704403345,0.059258510841275,MI,1,positive
S_01,S_01,0,101,delta_p_db,550,550,476,1,550,0,0,0,0,dB,1.4770331536227825,1.5341966541002559,1.6008048082216153,1.6407283432595756,1.67786296739158,1.7383833364121473,1.8105675413468756,1.6393199697164857,0.05925851059610151,MI,1,positive
S_01,S_01,0,101,q_noise,550,550,476,1,550,0,0,0,0,fraction,0.2883007310458958,0.2976074094582711,0.3082974149923635,0.31462761552700014,0.32046305427521493,0.32986728296576484,0.3409125342649747,0.3143416667344402,0.009356648175771533,MI,1,positive
S_01,S_01,0,202,snr_p_db,550,550,476,1,550,0,0,0,0,dB,1.478668597307152,1.5489648187486824,1.5979599738431616,1.6329203065412132,1.6774368649340523,1.7409467850258762,1.8721535259625819,1.6386817667573073,0.061132156228209646,MI,1,positive
S_01,S_01,0,202,delta_p_db,550,550,476,1,550,0,0,0,0,dB,1.4786686026772395,1.5489648199202157,1.5979599713860118,1.6329203138533244,1.677436864074685,1.7409467755966404,1.8721535234857611,1.6386817666785798,0.06113215608888885,MI,1,positive
S_01,S_01,0,202,q_noise,550,550,476,1,550,0,0,0,0,fraction,0.28856872762151975,0.2999920485628057,0.30784500471748877,0.3133941122567132,0.3203962833761984,0.33026198541524593,0.3501927385761022,0.31423692653222246,0.009628642482314239,MI,1,positive
S_01,S_01,0,303,snr_p_db,550,550,476,1,550,0,0,0,0,dB,1.434071963193615,1.544439395108307,1.5924068232026558,1.6397530704764385,1.6803812406263812,1.7431410664267797,1.8245035840691823,1.6393675068358111,0.06137821090940745,MI,1,positive
S_01,S_01,0,303,delta_p_db,550,550,476,1,550,0,0,0,0,dB,1.4340719653498992,1.5444393886198062,1.5924068185502993,1.639753071739373,1.6803812401743365,1.7431410657683324,1.8245035886744634,1.6393675067787117,0.06137821083901183,MI,1,positive
S_01,S_01,0,303,q_noise,550,550,476,1,550,0,0,0,0,fraction,0.2812257746531999,0.29926218178247654,0.30695873429491943,0.3144731362820719,0.32085707452310946,0.33060078641465274,0.3430244943479682,0.31434458929309544,0.009679207959136193,MI,1,positive
S_01,S_01,0,404,snr_p_db,550,550,476,1,550,0,0,0,0,dB,1.4499622380845318,1.5385114524873529,1.599468958674187,1.6421008864521691,1.6805491675902091,1.7462161729373564,1.8478578544144857,1.6404315346477716,0.06259515303182807,MI,1,positive
S_01,S_01,0,404,delta_p_db,550,550,476,1,550,0,0,0,0,dB,1.4499622352751549,1.53851145013482,1.5994689565954898,1.642100887948484,1.6805491612336108,1.746216171692397,1.847857856764672,1.6404315342340814,0.06259515310398314,MI,1,positive
S_01,S_01,0,404,q_noise,550,550,476,1,550,0,0,0,0,fraction,0.2838514301667691,0.2983052192692811,0.30808526178584394,0.3148441031232546,0.32088293162463843,0.3310748433255974,0.3465480616815555,0.3145097976106097,0.00987368847817511,MI,1,positive
S_01,S_01,0,505,snr_p_db,550,550,476,1,550,0,0,0,0,dB,1.453775752308979,1.5378312524865736,1.596522756638437,1.6357354983851335,1.672602647652359,1.7280230248887385,1.8448194610227875,1.63470135736048,0.05815466022922188,MI,1,positive
S_01,S_01,0,505,delta_p_db,550,550,476,1,550,0,0,0,0,dB,1.4537757535312905,1.537831246661167,1.5965227461964187,1.6357355012122425,1.6726026439409376,1.7280230258682032,1.8448194625554757,1.6347013572699218,0.05815466014848596,MI,1,positive
S_01,S_01,0,505,q_noise,550,550,476,1,550,0,0,0,0,fraction,0.2844795203227235,0.29819521565223367,0.3076154995144905,0.3138391403033528,0.3196388159396705,0.32826653888059126,0.3460903155868952,0.3136144637438194,0.00918971848232584,MI,1,positive
S_01,S_01,0,8128,snr_p_db,550,550,476,1,550,0,0,0,0,dB,1.4732144052046934,1.5354522282670404,1.59766282619333,1.6357918813810757,1.6760355150242219,1.7282384886192712,1.8187938577192888,1.6354134037259727,0.05786790450796792,MI,1,positive
S_01,S_01,0,8128,delta_p_db,550,550,476,1,550,0,0,0,0,dB,1.4732144066958577,1.535452227577761,1.5976628318966473,1.6357918780184613,1.6760355135061453,1.728238486706311,1.8187938604775007,1.6354134041430346,0.05786790472338101,MI,1,positive
S_01,S_01,0,8128,q_noise,550,550,476,1,550,0,0,0,0,fraction,0.2876755379019254,0.29781041455251867,0.3077976017809436,0.3138485997514514,0.32017637128680704,0.32829959602727155,0.3421610650118928,0.31372758704675563,0.009144559604334995,MI,1,positive
S_01,S_01,5,101,snr_p_db,550,550,476,1,550,0,0,0,0,dB,6.477033034477318,6.534196548962512,6.6008047049216225,6.640728245979735,6.6778628595863605,6.73838322160462,6.810567439776015,6.639319858294976,0.05925851088664414,MI,1,positive
S_01,S_01,5,101,delta_p_db,550,550,476,1,550,0,0,0,0,dB,1.4770331472369713,1.534196653891743,1.6008048087498694,1.6407283448172185,1.6778629702229777,1.7383833317308635,1.8105675457900334,1.6393199699337426,0.059258510887372204,MI,1,positive
S_01,S_01,5,101,q_noise,550,550,476,1,550,0,0,0,0,fraction,0.2883007299994223,0.2976074094246257,0.3082974150765026,0.3146276157727938,0.3204630547182535,0.32986728224342243,0.3409125349392705,0.31434166676811637,0.00935664822078609,MI,1,positive
S_01,S_01,5,202,snr_p_db,550,550,476,1,550,0,0,0,0,dB,6.478668488449149,6.548964709575138,6.597959869337805,6.6329201970420435,6.677436755971076,6.740946662831468,6.872153421582935,6.638681654754923,0.061132156650970174,MI,1,positive
S_01,S_01,5,202,delta_p_db,550,550,476,1,550,0,0,0,0,dB,1.4786686034706826,1.5489648208929092,1.5979599746057656,1.6329203135690207,1.6774368563745532,1.740946777294508,1.8721535285110902,1.6386817666510876,0.06113215635108681,MI,1,positive
S_01,S_01,5,202,q_noise,550,550,476,1,550,0,0,0,0,fraction,0.28856872775149606,0.29999204871961077,0.3078450052306149,0.31339411221176566,0.320396282171251,0.3302619856771491,0.3501927393280103,0.3142369265273053,0.009628642522701451,MI,1,positive
S_01,S_01,5,303,snr_p_db,550,550,476,1,550,0,0,0,0,dB,6.434071856877513,6.544439283800672,6.592406716942865,6.63975296644129,6.68038113074311,6.743140956461058,6.8245034622653735,6.639367395135445,0.06137821052718969,MI,1,positive
S_01,S_01,5,303,delta_p_db,550,550,476,1,550,0,0,0,0,dB,1.4340719599679221,1.5444393858278058,1.5924068244624343,1.6397530766960815,1.6803812407625855,1.7431410694985037,1.824503591218036,1.639367506835439,0.06137821075600096,MI,1,positive
S_01,S_01,5,303,q_noise,550,550,476,1,550,0,0,0,0,fraction,0.28122577376246166,0.29926218133198174,0.3069587352383706,0.314473137064486,0.3208570746150977,0.33060078698957474,0.34302449473274527,0.3143445893022393,0.00967920794527326,MI,1,positive
S_01,S_01,5,404,snr_p_db,550,550,476,1,550,0,0,0,0,dB,6.449962108494837,6.538511337805481,6.599468838226344,6.642100785053206,6.6805490411519965,6.746216060513592,6.847857744169586,6.640431422713413,0.06259515318475575,MI,1,positive
S_01,S_01,5,404,delta_p_db,550,550,476,1,550,0,0,0,0,dB,1.4499622330753825,1.5385114548423233,1.5994689550559404,1.6421008876187904,1.6805491556503038,1.7462161737142348,1.847857853819193,1.6404315346647338,0.06259515307392702,MI,1,positive
S_01,S_01,5,404,q_noise,550,550,476,1,550,0,0,0,0,fraction,0.2838514298040282,0.2983052200299298,0.3080852615405659,0.31484410307124266,0.32088293075157215,0.3310748436372437,0.34654806123837034,0.31450979767865545,0.009873688471753543,MI,1,positive
S_01,S_01,5,505,snr_p_db,550,550,476,1,550,0,0,0,0,dB,6.453775636881966,6.53783113387969,6.5965226272114865,6.6357353872515645,6.672602540331729,6.728022906552399,6.844819329087436,6.63470124505924,0.05815466034119752,MI,1,positive
S_01,S_01,5,505,delta_p_db,550,550,476,1,550,0,0,0,0,dB,1.4537757493847603,1.5378312474483107,1.596522741239396,1.6357355014526787,1.6726026479180112,1.7280230228988793,1.8448194602985555,1.634701357323216,0.058154660347186284,MI,1,positive
S_01,S_01,5,505,q_noise,550,550,476,1,550,0,0,0,0,fraction,0.2844795196395632,0.2981952157794273,0.3076154987242006,0.3138391403413391,0.3196388165627126,0.32826653842134423,0.3460903152470747,0.31361446375182256,0.00918971851363909,MI,1,positive
S_01,S_01,5,8128,snr_p_db,550,550,476,1,550,0,0,0,0,dB,6.473214285903429,6.535452121038293,6.59766270934054,6.6357917678801694,6.676035400986796,6.7282383769787435,6.818793749461152,6.635413291814062,0.057867904714944095,MI,1,positive
S_01,S_01,5,8128,delta_p_db,550,550,476,1,550,0,0,0,0,dB,1.4732144057330347,1.535452233004427,1.5976628308035843,1.6357918702611138,1.676035510214906,1.7282384928321173,1.8187938583352479,1.6354134042561261,0.0578679047777322,MI,1,positive
S_01,S_01,5,8128,q_noise,550,550,476,1,550,0,0,0,0,fraction,0.2876755377440044,0.2978104154299124,0.3077976016067233,0.31384859852585434,0.32017637077160377,0.3282995969747175,0.3421610646873994,0.31372758706451953,0.00914455961102079,MI,1,positive
S_01,S_01,10,101,snr_p_db,550,550,476,1,550,0,0,0,0,dB,11.477033215599642,11.534196704017802,11.600804881502231,11.640728398479267,11.677863010288142,11.738383394894619,11.810567600171012,11.639320028451928,0.05925851076438518,MI,1,positive
S_01,S_01,10,101,delta_p_db,550,550,476,1,550,0,0,0,0,dB,1.4770331573908484,1.534196649602936,1.6008048092233826,1.6407283410106344,1.6778629671103953,1.7383833341980302,1.8105675350390813,1.6393199699278975,0.05925851094518612,MI,1,positive
S_01,S_01,10,101,q_noise,550,550,476,1,550,0,0,0,0,fraction,0.28830073166338704,0.29760740873093683,0.30829741515192033,0.31462761517205384,0.3204630542312818,0.32986728262412085,0.34091253330770077,0.31434166676706304,0.009356648231288815,MI,1,positive
S_01,S_01,10,202,snr_p_db,550,550,476,1,550,0,0,0,0,dB,11.478668637461835,11.54896487988203,11.597960026826298,11.632920384213996,11.67743690402551,11.740946847504702,11.872153568365107,11.638681825612128,0.06113215652029621,MI,1,positive
S_01,S_01,10,202,delta_p_db,550,550,476,1,550,0,0,0,0,dB,1.4786685997733906,1.5489648204946398,1.5979599734461247,1.6329203160460262,1.677436854490753,1.7409467759868542,1.8721535170843464,1.6386817666443834,0.06113215626979453,MI,1,positive
S_01,S_01,10,202,q_noise,550,550,476,1,550,0,0,0,0,fraction,0.28856872714583126,0.2999920486554143,0.3078450050458043,0.313394112603371,0.32039628187646557,0.3302619854755282,0.3501927376182993,0.3142369265264263,0.009628642509994761,MI,1,positive
S_01,S_01,10,303,snr_p_db,550,550,476,1,550,0,0,0,0,dB,11.434072019002738,11.54443945425176,11.592406878040732,11.639753125475796,11.680381288940936,11.743141125094583,11.824503650770573,11.639367564566342,0.06137821082556297,MI,1,positive
S_01,S_01,10,303,delta_p_db,550,550,476,1,550,0,0,0,0,dB,1.4340719584588981,1.544439390812123,1.592406823550883,1.6397530716747717,1.6803812353016392,1.7431410712520257,1.8245035974461608,1.6393675063520776,0.06137821111302295,MI,1,positive
S_01,S_01,10,303,q_noise,550,550,476,1,550,0,0,0,0,fraction,0.28122577351271244,0.2992621821362086,0.3069587350928843,0.31447313627188,0.32085707376112726,0.33060078725996495,0.3430244956748998,0.31434458922512715,0.009679208003827907,MI,1,positive
S_01,S_01,10,404,snr_p_db,550,550,476,1,550,0,0,0,0,dB,11.449962304253603,11.538511500834328,11.59946901923813,11.64210094349769,11.680549226437948,11.746216243484985,11.847857911459387,11.64043159261222,0.06259515258614687,MI,1,positive
S_01,S_01,10,404,delta_p_db,550,550,476,1,550,0,0,0,0,dB,1.449962241273863,1.5385114521982175,1.5994689590675866,1.6421008891389723,1.6805491565646147,1.7462161730232766,1.8478578592332953,1.6404315346081404,0.06259515291551825,MI,1,positive
S_01,S_01,10,404,q_noise,550,550,476,1,550,0,0,0,0,fraction,0.28385143115595185,0.2983052196026581,0.3080852621796994,0.31484410331106916,0.32088293089455233,0.3310748435305594,0.3465480620529917,0.31450979767008247,0.009873688446857693,MI,1,positive
S_01,S_01,10,505,snr_p_db,550,550,476,1,550,0,0,0,0,dB,11.453775806651956,11.537831305234613,11.596522804217026,11.635735558021388,11.672602714005105,11.728023090998473,11.84481951158638,11.634701415769953,0.05815465962920016,MI,1,positive
S_01,S_01,10,505,delta_p_db,550,550,476,1,550,0,0,0,0,dB,1.453775747020909,1.5378312403270773,1.5965227444384853,1.6357354992285087,1.6726026510145509,1.728023026651746,1.8448194607916188,1.6347013574724838,0.058154660028506514,MI,1,positive
S_01,S_01,10,505,q_noise,550,550,476,1,550,0,0,0,0,fraction,0.2844795192501076,0.29819521462865745,0.30761549923422427,0.3138391399899366,0.31963881704781444,0.3282665390017497,0.34609031532131435,0.3136144637760861,0.009189718463122843,MI,1,positive
S_01,S_01,10,8128,snr_p_db,550,550,476,1,550,0,0,0,0,dB,11.473214478832954,11.535452283955589,11.597662882361856,11.63579192395024,11.676035568092395,11.728238544358259,11.818793926132262,11.635413462472938,0.05786790544130039,MI,1,positive
S_01,S_01,10,8128,delta_p_db,550,550,476,1,550,0,0,0,0,dB,1.4732144082889613,1.535452225541622,1.5976628264938277,1.635791873963653,1.676035511511076,1.7282384922947047,1.8187938574129503,1.6354134042851254,0.05786790489426278,MI,1,positive
S_01,S_01,10,8128,q_noise,550,550,476,1,550,0,0,0,0,fraction,0.28767553816322433,0.29781041422338017,0.3077976009198117,0.3138485991108173,0.32017637097451734,0.3282995968915907,0.34216106454769624,0.31372758706884807,0.009144559631420671,MI,1,positive
S_02,S_02,0,101,snr_p_db,550,550,476,1,550,0,0,0,0,dB,1.0168924315369055,1.0601994033418614,1.1112910740924145,1.146681206143195,1.1821651854894477,1.224728014103573,1.290860053285463,1.1466828702741036,0.0506573851835637,MI,1,positive
S_02,S_02,0,101,delta_p_db,550,550,476,1,550,0,0,0,0,dB,1.0168924301873576,1.0601994033279634,1.1112910719580993,1.1466812047152843,1.18216518504294,1.2247280108185157,1.2908600526271508,1.1466828697193956,0.05065738525347596,MI,1,positive
S_02,S_02,0,101,q_noise,550,550,476,1,550,0,0,0,0,fraction,0.20875594634710307,0.21660654341102842,0.22576979469649044,0.23205312312598209,0.23830157767861557,0.2457302665570284,0.25712893799506414,0.23200109153237186,0.008958596537590752,MI,1,positive
S_02,S_02,0,202,snr_p_db,550,550,476,1,550,0,0,0,0,dB,1.0118233788025786,1.0606861585178644,1.1135473392386337,1.1452188683358526,1.1822315733060333,1.2335114920137284,1.350140460677269,1.1478645058743357,0.05257245980537589,MI,1,positive
S_02,S_02,0,202,delta_p_db,550,550,476,1,550,0,0,0,0,dB,1.0118233724296815,1.0606861572613278,1.1135473407282652,1.1452188706995918,1.1822315705470923,1.233511495637829,1.3501404616254933,1.1478645057896077,0.05257245976965507,MI,1,positive
S_02,S_02,0,202,q_noise,550,550,476,1,550,0,0,0,0,fraction,0.20783152508199876,0.21669459118053908,0.2261729062949718,0.2317949895943372,0.23831374003731687,0.24725480274132972,0.26719931546833414,0.23220607297809187,0.009278140537286816,MI,1,positive
S_02,S_02,0,303,snr_p_db,550,550,476,1,550,0,0,0,0,dB,1.0213730173761002,1.0668089234633482,1.108638248456749,1.1448137754165155,1.182304182693695,1.2332027568328257,1.2908497408054682,1.146209427364726,0.05126906079371244,MI,1,positive
S_02,S_02,0,303,delta_p_db,550,550,476,1,550,0,0,0,0,dB,1.0213730144424196,1.0668089239951817,1.1086382483181634,1.1448137737519812,1.18230418536473,1.2332027494105748,1.2908497402537222,1.1462094275927344,0.051269061058324406,MI,1,positive
S_02,S_02,0,303,q_noise,550,550,476,1,550,0,0,0,0,fraction,0.20957146631250545,0.21779805884373113,0.2252959366909878,0.23172348872597057,0.2383264031048295,0.24720032382792545,0.2571265534073426,0.231916138588113,0.009057231690110553,MI,1,positive
S_02,S_02,0,404,snr_p_db,550,550,476,1,550,0,0,0,0,dB,0.9653666625566957,1.0670173974738004,1.1086488404862618,1.149850264003675,1.1831032720849848,1.237070960623434,1.3473350728504072,1.148887811582119,0.05386900578498305,MI,1,positive
S_02,S_02,0,404,delta_p_db,550,550,476,1,550,0,0,0,0,dB,0.9653666630459197,1.0670173928885336,1.1086488452858836,1.1498502646946034,1.1831032709305815,1.237070963923395,1.347335072789875,1.1488878113017482,0.053869005996327,MI,1,positive
S_02,S_02,0,404,q_noise,550,550,476,1,550,0,0,0,0,fraction,0.19931316804487223,0.2178363596967828,0.2252975946881202,0.2326128213436197,0.23846666628765303,0.24787057071131016,0.26672646093917685,0.2323841421346317,0.009509811940408577,MI,1,positive
S_02,S_02,0,505,snr_p_db,550,550,476,1,550,0,0,0,0,dB,0.992371096262737,1.063533744951784,1.1093892661605387,1.141746120562921,1.1774897112907978,1.2310053859502936,1.3080155456340865,1.1432831061680901,0.05136672900732227,MI,1,positive
S_02,S_02,0,505,delta_p_db,550,550,476,1,550,0,0,0,0,dB,0.9923710924253938,1.0635337434006233,1.1093892654239643,1.1417461166115606,1.1774897118586234,1.2310053892581168,1.3080155401239937,1.1432831061663413,0.051366729172922586,MI,1,positive
S_02,S_02,0,505,q_noise,550,550,476,1,550,0,0,0,0,fraction,0.2042759537525069,0.21720815837789986,0.22543073346092646,0.2311796034432857,0.23748066578229368,0.24682102984672757,0.2600568726141712,0.23139821244123818,0.009082081949070746,MI,1,positive
S_02,S_02,0,8128,snr_p_db,550,550,476,1,550,0,0,0,0,dB,1.0205207231730369,1.0656155829756362,1.1094388857252389,1.1434837165315603,1.1790233599304578,1.2269290386219578,1.2998739709342342,1.1437059743283107,0.05023422797649602,MI,1,positive
S_02,S_02,0,8128,delta_p_db,550,550,476,1,550,0,0,0,0,dB,1.0205207317651481,1.0656155831544987,1.109438885530714,1.1434837195502037,1.1790233547463802,1.226929039797773,1.2998739681502656,1.1437059747482023,0.05023422802837371,MI,1,positive
S_02,S_02,0,8128,q_noise,550,550,476,1,550,0,0,0,0,fraction,0.2094172264817654,0.21758325096925882,0.22543872182905753,0.23148662927093439,0.23774988707748404,0.24611254790037954,0.2586700205554087,0.23147536143063063,0.008886986284241599,MI,1,positive
S_02,S_02,5,101,snr_p_db,550,550,476,1,550,0,0,0,0,dB,6.01689232166977,6.060199289631167,6.111290969822452,6.146681100296725,6.182165073450311,6.224727895303883,6.290859943102899,6.146682758396635,0.05065738507661792,MI,1,positive
S_02,S_02,5,101,delta_p_db,550,550,476,1,550,0,0,0,0,dB,1.016892428999248,1.0601994036883187,1.111291074193934,1.1466812048757171,1.1821651876673736,1.2247280099962978,1.2908600546283808,1.1466828695965,0.05065738520975029,MI,1,positive
S_02,S_02,5,101,q_noise,550,550,476,1,550,0,0,0,0,fraction,0.20875594613064047,0.2166065434761442,0.2257697950950736,0.2320531231543297,0.23830157813890973,0.24573026641422366,0.25712893833737915,0.23200109151073103,0.008958596529649773,MI,1,positive
S_02,S_02,5,202,snr_p_db,550,550,476,1,550,0,0,0,0,dB,6.011823276645005,6.060686047796281,6.113547226214437,6.145218759990051,6.182231460867205,6.233511382465152,6.350140349084863,6.147864393942371,0.05257245988440472,MI,1,positive
S_02,S_02,5,202,delta_p_db,550,550,476,1,550,0,0,0,0,dB,1.0118233780290977,1.0606861583008764,1.1135473432313479,1.1452188738382316,1.1822315714126277,1.2335114957700961,1.3501404607682541,1.1478645059991472,0.05257245968885182,MI,1,positive
S_02,S_02,5,202,q_noise,550,550,476,1,550,0,0,0,0,fraction,0.2078315261033521,0.21669459136801125,0.22617290674097293,0.23179499014951815,0.2383137401891574,0.24725480276440256,0.2671993153236891,0.23220607301531132,0.009278140521973193,MI,1,positive
S_02,S_02,5,303,snr_p_db,550,550,476,1,550,0,0,0,0,dB,6.021372900786197,6.066808805565822,6.108638132411362,6.144813671226089,6.182304080681706,6.233202636099603,6.2908496306169495,6.146209316234181,0.05126906126046763,MI,1,positive
S_02,S_02,5,303,delta_p_db,550,550,476,1,550,0,0,0,0,dB,1.0213730081911987,1.06680892337267,1.10863824944246,1.1448137728922898,1.1823041883405385,1.233202748950425,1.2908497434899084,1.1462094277064971,0.051269061126595274,MI,1,positive
S_02,S_02,5,303,q_noise,550,550,476,1,550,0,0,0,0,fraction,0.20957146517476516,0.2177980587315579,0.2252959368915392,0.23172348857388791,0.2383264036267252,0.2472003237481709,0.2571265539609018,0.23191613860809046,0.009057231701993669,MI,1,positive
S_02,S_02,5,404,snr_p_db,550,550,476,1,550,0,0,0,0,dB,5.965366541296183,6.06701727363887,6.108648727605878,6.149850150164712,6.183103150061298,6.237070848110087,6.347334964109007,6.14888769941071,0.053869006147198424,MI,1,positive
S_02,S_02,5,404,delta_p_db,550,550,476,1,550,0,0,0,0,dB,0.9653666613938306,1.0670173923739446,1.1086488429958274,1.149850265511673,1.183103270023168,1.2370709620029523,1.3473350744381336,1.1488878114341443,0.05386900610739902,MI,1,positive
S_02,S_02,5,404,q_noise,550,550,476,1,550,0,0,0,0,fraction,0.19931316774028487,0.21783635960410247,0.22529759427962073,0.23261282148799298,0.2384666661285397,0.24787057037870758,0.26672646121747284,0.2323841421577932,0.009509811958917189,MI,1,positive
S_02,S_02,5,505,snr_p_db,550,550,476,1,550,0,0,0,0,dB,5.992370981211302,6.063533637599285,6.109389142930105,6.141745998658419,6.177489583496237,6.23100528598569,6.308015437095831,6.143282994236179,0.05136672903261015,MI,1,positive
S_02,S_02,5,505,delta_p_db,550,550,476,1,550,0,0,0,0,dB,0.9923710988139828,1.063533745100951,1.1093892641236844,1.1417461119338093,1.17748970892134,1.2310053951425204,1.3080155384683698,1.1432831062944222,0.051366729353543604,MI,1,positive
S_02,S_02,5,505,q_noise,550,550,476,1,550,0,0,0,0,fraction,0.20427595492303846,0.21720815868426877,0.22543073322902055,0.23117960261519796,0.23748066526658457,0.24682103086721435,0.260056872332089,0.23139821246353087,0.009082081980104923,MI,1,positive
S_02,S_02,5,8128,snr_p_db,550,550,476,1,550,0,0,0,0,dB,6.020520623737329,6.065615465825743,6.109438770741877,6.143483602176218,6.179023235867497,6.226928935060686,6.29987385693242,6.14370586235414,0.050234228158224675,MI,1,positive
S_02,S_02,5,8128,delta_p_db,550,550,476,1,550,0,0,0,0,dB,1.020520735077371,1.0656155796471662,1.1094388859184197,1.1434837186859963,1.1790233517673008,1.2269290406857878,1.2998739663589551,1.1437059746718232,0.05023422792210137,MI,1,positive
S_02,S_02,5,8128,q_noise,550,550,476,1,550,0,0,0,0,fraction,0.20941722708471716,0.21758325033737722,0.22543872189820027,0.2314866291179586,0.23774988655459356,0.2461125480544926,0.25867002024963626,0.2314753614173336,0.008886986265104388,MI,1,positive
S_02,S_02,10,101,snr_p_db,550,550,476,1,550,0,0,0,0,dB,11.016892481522405,11.060199469548815,11.111291128228823,11.146681272202393,11.18216524365203,11.224728077029418,11.2908601053815,11.1466829282216,0.05065738484661514,MI,1,positive
S_02,S_02,10,101,delta_p_db,550,550,476,1,550,0,0,0,0,dB,1.0168924236930423,1.0601994023384653,1.1112910665054438,1.1466812063002614,1.182165185691971,1.224728010068616,1.2908600538861192,1.1466828694968514,0.050657385125751256,MI,1,positive
S_02,S_02,10,101,q_noise,550,550,476,1,550,0,0,0,0,fraction,0.2087559451638993,0.21660654323255116,0.22576979372441477,0.232053123406243,0.23830157779245822,0.2457302664267767,0.25712893821041355,0.2320010914932803,0.008958596515535893,MI,1,positive
S_02,S_02,10,202,snr_p_db,550,550,476,1,550,0,0,0,0,dB,11.011823438625463,11.06068620604451,11.113547399056344,11.145218924341705,11.182231635114828,11.233511561859379,11.350140503911996,11.147864564279066,0.05257246027003396,MI,1,positive
S_02,S_02,10,202,delta_p_db,550,550,476,1,550,0,0,0,0,dB,1.0118233759759305,1.0606861541094041,1.1135473450361515,1.1452188692183283,1.182231576242017,1.2335114990513711,1.3501404602749403,1.147864505957265,0.05257245984616449,MI,1,positive
S_02,S_02,10,202,q_noise,550,550,476,1,550,0,0,0,0,fraction,0.20783152572884722,0.21669459061198695,0.22617290706255413,0.2317949893323153,0.23831374103609923,0.24725480333300764,0.2671993152404505,0.2322060730075679,0.009278140550689864,MI,1,positive
S_02,S_02,10,303,snr_p_db,550,550,476,1,550,0,0,0,0,dB,11.021373055473784,11.066808983176069,11.108638313317648,11.144813837729348,11.182304242416057,11.233202808434815,11.29084982779091,11.146209485874964,0.05126906140187888,MI,1,positive
S_02,S_02,10,303,delta_p_db,550,550,476,1,550,0,0,0,0,dB,1.0213730057202444,1.0668089254103839,1.1086382491915616,1.1448137774591278,1.182304186551618,1.2332027460379331,1.2908497458585175,1.1462094275823245,0.0512690614160305,MI,1,positive
S_02,S_02,10,303,q_noise,550,550,476,1,550,0,0,0,0,fraction,0.2095714647250443,0.21779805909861025,0.2252959368467867,0.23172348938177423,0.23832640331298613,0.24720032324335658,0.2571265543660592,0.2319161385855228,0.009057231754409195,MI,1,positive
S_02,S_02,10,404,snr_p_db,550,550,476,1,550,0,0,0,0,dB,10.965366732923446,11.067017452146409,11.10864889429619,11.1498503175249,11.183103307387945,11.237071025393979,11.347335142786063,11.14888786919162,0.053869005945620094,MI,1,positive
S_02,S_02,10,404,delta_p_db,550,550,476,1,550,0,0,0,0,dB,0.9653666620742856,1.0670173929699942,1.108648841847105,1.1498502648804911,1.1831032669320543,1.2370709662441524,1.3473350741960874,1.1488878113916754,0.05386900615243267,MI,1,positive
S_02,S_02,10,404,q_noise,550,550,476,1,550,0,0,0,0,fraction,0.19931316786573697,0.21783635971148058,0.22529759407469901,0.23261282137646397,0.2384666655865161,0.24787057111323924,0.2667264611766051,0.23238414215018657,0.009509811967390971,MI,1,positive
S_02,S_02,10,505,snr_p_db,550,550,476,1,550,0,0,0,0,dB,10.992371153400066,11.063533794530704,11.109389321730818,11.141746180805068,11.177489778034259,11.231005470637234,11.308015607627805,11.143283164533962,0.051366729601615084,MI,1,positive
S_02,S_02,10,505,delta_p_db,550,550,476,1,550,0,0,0,0,dB,0.9923710961119709,1.0635337414702957,1.1093892705831236,1.141746120205613,1.1774897145490544,1.23100539926232,1.30801554128497,1.1432831061245394,0.051366729252164935,MI,1,positive
S_02,S_02,10,505,q_noise,550,550,476,1,550,0,0,0,0,fraction,0.20427595442796984,0.2172081580299163,0.2254307343810799,0.2311796040795302,0.23748066625467038,0.24682103158170313,0.26005687281197637,0.23139821243367695,0.009082081962617268,MI,1,positive
S_02,S_02,10,8128,snr_p_db,550,550,476,1,550,0,0,0,0,dB,11.020520788669547,11.06561563085626,11.109438942646301,11.143483777663722,11.179023404246022,11.226929102797328,11.29987403369727,11.143706032878256,0.0502342282555502,MI,1,positive
S_02,S_02,10,8128,delta_p_db,550,550,476,1,550,0,0,0,0,dB,1.0205207351541155,1.065615579066937,1.1094388837954905,1.143483720249538,1.1790233510349328,1.2269290460208366,1.2998739688974443,1.1437059746375102,0.05023422801481754,MI,1,positive
S_02,S_02,10,8128,q_noise,550,550,476,1,550,0,0,0,0,fraction,0.20941722709868768,0.21758325023284683,0.22543872151955413,0.23148662939465411,0.23774988642607997,0.24611254898066787,0.25867002068295025,0.2314753614110656,0.008886986283306557,MI,1,positive
S_03,S_03,0,101,snr_p_db,550,550,476,1,550,0,0,0,0,dB,3.2219618629574773,3.3695484097731225,3.4621965692289898,3.5221943428401583,3.5919908312197792,3.6885348774114477,3.7804010871509197,3.5267990366064383,0.09448423561888301,MI,1,positive
S_03,S_03,0,101,delta_p_db,550,550,476,1,550,0,0,0,0,dB,3.2219618621041852,3.369548414241635,3.4621965695872183,3.5221943328458947,3.5919908307065245,3.6885348741147403,3.7804010832156045,3.5267990362003823,0.09448423540262331,MI,1,positive
S_03,S_03,0,101,q_noise,550,550,476,1,550,0,0,0,0,fraction,0.5237843238187866,0.5396958248477247,0.5494117223483077,0.5555937780734879,0.5626787534083404,0.5722932286502604,0.5812456704986618,0.5559600395864337,0.009656857555361734,MI,1,positive
S_03,S_03,0,202,snr_p_db,550,550,476,1,550,0,0,0,0,dB,3.247236324483274,3.3545117588310642,3.4546306078898326,3.5293295787485963,3.592643538765908,3.683331722920363,3.8218685786964235,3.5233402577098216,0.10059448004295386,MI,1,positive
S_03,S_03,0,202,delta_p_db,550,550,476,1,550,0,0,0,0,dB,3.2472363346556774,3.354511763698068,3.454630602075783,3.5293295811356575,3.5926435306800535,3.6833317265403376,3.821868575296624,3.523340257667884,0.1005944799649525,MI,1,positive
S_03,S_03,0,202,q_noise,550,550,476,1,550,0,0,0,0,fraction,0.5265482889331448,0.5380993142081466,0.5486259477804719,0.5563236649099641,0.5627445573319259,0.5717804264401715,0.5852245387225092,0.5555921762137924,0.010299353685205069,MI,1,positive
S_03,S_03,0,303,snr_p_db,550,550,476,1,550,0,0,0,0,dB,3.236003042715919,3.370342516775107,3.4618027172352814,3.5244008454673263,3.5979593040073614,3.6982167457333137,3.817419284307282,3.527763454061706,0.10020473587226325,MI,1,positive
S_03,S_03,0,303,delta_p_db,550,550,476,1,550,0,0,0,0,dB,3.2360030374423143,3.370342520367011,3.4618027233041673,3.5244008389719914,3.5979592944721936,3.6982167448394936,3.817419290285165,3.5277634540096825,0.10020473577423565,MI,1,positive
S_03,S_03,0,303,q_noise,550,550,476,1,550,0,0,0,0,fraction,0.5253225688852496,0.5397807313731808,0.549371044053484,0.5558195415925571,0.5632792791543699,0.5732456879748763,0.5848001241621287,0.5560455296243351,0.010243026999172443,MI,1,positive
S_03,S_03,0,404,snr_p_db,550,550,476,1,550,0,0,0,0,dB,3.216035377913664,3.357055873530794,3.4646873027812575,3.52591882155272,3.595287868123531,3.6858976522985967,3.862500363422956,3.5269656252830077,0.09960453045559206,MI,1,positive
S_03,S_03,0,404,delta_p_db,550,550,476,1,550,0,0,0,0,dB,3.2160353818419396,3.3570558725410953,3.464687298618763,3.525918822450474,3.5952878619623547,3.6858976541513164,3.8625003534834654,3.526965624919162,0.09960453024965206,MI,1,positive
S_03,S_03,0,404,q_noise,550,550,476,1,550,0,0,0,0,fraction,0.5231341968996266,0.5383701787300554,0.5496696431731066,0.5559749135158532,0.5630108042700288,0.5720333181375189,0.58908743204286,0.5559653854228548,0.010182424110782204,MI,1,positive
S_03,S_03,0,505,snr_p_db,550,550,476,1,550,0,0,0,0,dB,3.217608453278608,3.3557931372043313,3.4657199182721685,3.528074422100691,3.5942887689611305,3.681621671156278,3.7895450912399915,3.528587093508438,0.09699994161473115,MI,1,positive
S_03,S_03,0,505,delta_p_db,550,550,476,1,550,0,0,0,0,dB,3.217608454690552,3.3557931395162632,3.4657199184156204,3.528074422408169,3.5942887690537626,3.6816216763682816,3.7895450967609934,3.528587093582873,0.09699994197177292,MI,1,positive
S_03,S_03,0,505,q_noise,550,550,476,1,550,0,0,0,0,fraction,0.523306921072865,0.5382360034593512,0.54977730848416,0.5561955114189278,0.5629105757546408,0.5716122097977855,0.5821260440841792,0.5561370509297903,0.00992545287225592,MI,1,positive
S_03,S_03,0,8128,snr_p_db,550,550,476,1,550,0,0,0,0,dB,3.260198188620719,3.3784211255685306,3.454957220184351,3.5210114313559115,3.5819431520232925,3.682402934047108,3.7971187064007026,3.52227287423443,0.0932505597950807,MI,1,positive
S_03,S_03,0,8128,delta_p_db,550,550,476,1,550,0,0,0,0,dB,3.2601981878714845,3.378421128037585,3.4549572166773217,3.5210114314910954,3.581943147839536,3.682402935206964,3.797118711048478,3.5222728749552314,0.09325055970337598,MI,1,positive
S_03,S_03,0,8128,q_noise,550,550,476,1,550,0,0,0,0,fraction,0.5279592378060969,0.5406358856059726,0.5486601712558916,0.5554726755299897,0.5616667985664421,0.5716899502551528,0.5828545167823598,0.5554997896017622,0.00953505739450949,MI,1,positive
S_03,S_03,5,101,snr_p_db,550,550,476,1,550,0,0,0,0,dB,8.221961754247948,8.3695482881348,8.46219646711122,8.522194230953339,8.591990714464215,8.688534750546092,8.78040096788885,8.526798925298777,0.09448423515838006,MI,1,positive
S_03,S_03,5,101,delta_p_db,550,550,476,1,550,0,0,0,0,dB,3.2219618730656165,3.369548404282185,3.4621965731299174,3.5221943363523547,3.5919908254796793,3.688534861988106,3.7804010833765394,3.5267990365926885,0.09448423508478179,MI,1,positive
S_03,S_03,5,101,q_noise,550,550,476,1,550,0,0,0,0,fraction,0.5237843250207372,0.5396958237921333,0.5494117227157189,0.5555937784323074,0.5626787528820099,0.5722932274559964,0.5812456705141795,0.5559600396272543,0.009656857521402601,MI,1,positive
S_03,S_03,5,202,snr_p_db,550,550,476,1,550,0,0,0,0,dB,8.247236222479907,8.354511652059038,8.454630508066527,8.529329484820519,8.592643422609195,8.683331596916267,8.821868467106091,8.523340145286042,0.10059447971387514,MI,1,positive
S_03,S_03,5,202,delta_p_db,550,550,476,1,550,0,0,0,0,dB,3.247236343323314,3.354511761499784,3.4546306188220504,3.5293295885768474,3.5926435369378673,3.6833317168525923,3.8218685786385316,3.523340257245841,0.1005944796691427,MI,1,positive
S_03,S_03,5,202,q_noise,550,550,476,1,550,0,0,0,0,fraction,0.5265482898780582,0.5380993139744504,0.5486259495209727,0.5563236656701762,0.5627445579619414,0.5717804254850047,0.58522453904168,0.5555921761712986,0.010299353656722215,MI,1,positive
S_03,S_03,5,303,snr_p_db,550,550,476,1,550,0,0,0,0,dB,8.236002918487554,8.370342407794277,8.461802612288388,8.524400727586489,8.59795918499004,8.698216633320417,8.817419214266309,8.527763342690559,0.10020473577242038,MI,1,positive
S_03,S_03,5,303,delta_p_db,550,550,476,1,550,0,0,0,0,dB,3.23600303063163,3.3703425183810993,3.4618027273540095,3.524400842278204,3.5979592944594483,3.6982167478443317,3.8174193158515726,3.5277634543033325,0.10020473609355603,MI,1,positive
S_03,S_03,5,303,q_noise,550,550,476,1,550,0,0,0,0,fraction,0.525322568140852,0.5397807311627156,0.549371044473744,0.5558195419306701,0.5632792791530435,0.573245688270061,0.5848001266063617,0.5560455296536075,0.010243027030367563,MI,1,positive
S_03,S_03,5,404,snr_p_db,550,550,476,1,550,0,0,0,0,dB,8.216035264907372,8.357055757110707,8.464687174237383,8.525918721016456,8.595287773073817,8.685897561620944,8.862500259967806,8.526965513392762,0.09960453113022308,MI,1,positive
S_03,S_03,5,404,delta_p_db,550,550,476,1,550,0,0,0,0,dB,3.2160353838373905,3.3570558692896872,3.4646872941537463,3.5259188263931414,3.595287874800839,3.685897670327135,3.862500369551899,3.526965625336052,0.09960453064727219,MI,1,positive
S_03,S_03,5,404,q_noise,550,550,476,1,550,0,0,0,0,fraction,0.5231341971187319,0.5383701783844848,0.5496696427101184,0.5559749139189534,0.5630108055618412,0.5720333197314686,0.5890874335631927,0.5559653854645596,0.010182424148992708,MI,1,positive
S_03,S_03,5,505,snr_p_db,550,550,476,1,550,0,0,0,0,dB,8.21760835773399,8.355793030873583,8.465719819689113,8.528074312216152,8.594288666282791,8.681621558985382,8.789544975481702,8.528586981509596,0.0969999421526027,MI,1,positive
S_03,S_03,5,505,delta_p_db,550,550,476,1,550,0,0,0,0,dB,3.2176084638200364,3.3557931417939675,3.465719928747432,3.528074422400755,3.594288777801059,3.6816216750993354,3.789545095345213,3.528587093773052,0.09699994244263108,MI,1,positive
S_03,S_03,5,505,q_noise,550,550,476,1,550,0,0,0,0,fraction,0.5233069220749413,0.538236003701523,0.5497773095552294,0.5561955114181701,0.562910576634954,0.5716122096725854,0.5821260439479542,0.5561370509481499,0.009925452920492787,MI,1,positive
S_03,S_03,5,8128,snr_p_db,550,550,476,1,550,0,0,0,0,dB,8.26019808836272,8.378421017772322,8.454957088085365,8.52101131408406,8.581943039170618,8.682402831989146,8.797118613299528,8.522272762228065,0.0932505604784921,MI,1,positive
S_03,S_03,5,8128,delta_p_db,550,550,476,1,550,0,0,0,0,dB,3.2601981868774503,3.378421126811935,3.454957206409148,3.5210114249848354,3.5819431486641338,3.6824029381611276,3.7971187140831124,3.52227287454316,0.09325056002835898,MI,1,positive
S_03,S_03,5,8128,q_noise,550,550,476,1,550,0,0,0,0,fraction,0.527959237698054,0.540635885476231,0.5486601701887364,0.5554726748639882,0.5616667986498671,0.5716899505460867,0.5828545170738404,0.555499789558873,0.009535057428830061,MI,1,positive
S_03,S_03,10,101,snr_p_db,550,550,476,1,550,0,0,0,0,dB,13.22196193605,13.369548454893609,13.462196624511346,13.522194412070927,13.591990871367951,13.68853492787421,13.780401144957974,13.526799094286082,0.09448423573396462,MI,1,positive
S_03,S_03,10,101,delta_p_db,550,550,476,1,550,0,0,0,0,dB,3.221961871871831,3.3695483993131314,3.4621965635447056,3.5221943407663607,3.591990810765176,3.6885348621824607,3.7804010934798242,3.5267990359377066,0.094484235424591,MI,1,positive
S_03,S_03,10,101,q_noise,550,550,476,1,550,0,0,0,0,fraction,0.5237843248898355,0.5396958232654684,0.5494117217214389,0.555593778883966,0.562678751400295,0.572293227475123,0.5812456714883559,0.5559600395595263,0.009656857558434664,MI,1,positive
S_03,S_03,10,202,snr_p_db,550,550,476,1,550,0,0,0,0,dB,13.247236392629722,13.354511821361449,13.45463065560459,13.529329642676892,13.592643589853708,13.683331778071524,13.821868620812289,13.523340314705427,0.10059448042040059,MI,1,positive
S_03,S_03,10,202,delta_p_db,550,550,476,1,550,0,0,0,0,dB,3.2472363334461916,3.354511763389676,3.4546306060146494,3.529329588037183,3.5926435337007634,3.6833317254838156,3.821868572434015,3.5233402566110956,0.10059448026813132,MI,1,positive
S_03,S_03,10,202,q_noise,550,550,476,1,550,0,0,0,0,fraction,0.526548288801291,0.5380993141750628,0.5486259481898494,0.5563236656150303,0.5627445576361074,0.5717804263359605,0.585224538449114,0.5555921761049365,0.010299353718530057,MI,1,positive
S_03,S_03,10,303,snr_p_db,550,550,476,1,550,0,0,0,0,dB,13.236003099496374,13.370342577534926,13.461802766550448,13.524400894213347,13.597959347050349,13.698216817366065,13.817419339863072,13.527763511707496,0.10020473663986913,MI,1,positive
S_03,S_03,10,303,delta_p_db,550,550,476,1,550,0,0,0,0,dB,3.236003031092541,3.3703425252122146,3.4618027266435325,3.524400838346031,3.5979592836896104,3.6982167542866913,3.8174192879287845,3.52776345352221,0.10020473658414156,MI,1,positive
S_03,S_03,10,303,q_noise,550,550,476,1,550,0,0,0,0,fraction,0.5253225681912289,0.5397807318866231,0.5493710444000076,0.5558195415284957,0.5632792780701362,0.5732456889031972,0.5848001239368509,0.5560455295726158,0.010243027080692626,MI,1,positive
S_03,S_03,10,404,snr_p_db,550,550,476,1,550,0,0,0,0,dB,13.216035429689743,13.357055922963285,13.464687351258997,13.525918867078245,13.59528792642547,13.685897693504605,13.862500414646323,13.52696568355857,0.09960453118205045,MI,1,positive
S_03,S_03,10,404,delta_p_db,550,550,476,1,550,0,0,0,0,dB,3.2160353794927876,3.357055865220968,3.464687306132119,3.5259188181261,3.595287868476696,3.6858976494741573,3.862500359547382,3.5269656257131214,0.09960453109225452,MI,1,positive
S_03,S_03,10,404,q_noise,550,550,476,1,550,0,0,0,0,fraction,0.5231341966416839,0.5383701779519305,0.5496696439521847,0.5559749130737267,0.5630108049255028,0.5720333176766484,0.5890874326166041,0.5559653855020614,0.010182424194883867,MI,1,positive
S_03,S_03,10,505,snr_p_db,550,550,476,1,550,0,0,0,0,dB,13.217608508955996,13.355793206787359,13.465719999772466,13.528074484056205,13.594288828741577,13.681621734471403,13.78954517625412,13.528587153144127,0.09699994151055029,MI,1,positive
S_03,S_03,10,505,delta_p_db,550,550,476,1,550,0,0,0,0,dB,3.2176084559346796,3.3557931447257006,3.4657199326802584,3.5280744220100866,3.5942887686371776,3.681621673428887,3.789545106985094,3.5285870945692652,0.09699994123712703,MI,1,positive
S_03,S_03,10,505,q_noise,550,550,476,1,550,0,0,0,0,fraction,0.5233069212094238,0.5382360040132452,0.5497773099629715,0.5561955113782391,0.562910575712678,0.5716122095077649,0.5821260450679323,0.556137051032268,0.009925452796114877,MI,1,positive
S_03,S_03,10,8128,snr_p_db,550,550,476,1,550,0,0,0,0,dB,13.26019823461629,13.378421184232987,13.454957276025876,13.521011488812967,13.581943219445535,13.682402987448699,13.797118767757334,13.522272932991424,0.09325056049409765,MI,1,positive
S_03,S_03,10,8128,delta_p_db,550,550,476,1,550,0,0,0,0,dB,3.260198181804796,3.378421128039146,3.4549572196338043,3.5210114283581317,3.581943163284803,3.682402923314904,3.797118713740786,3.522272874924551,0.09325056001341671,MI,1,positive
S_03,S_03,10,8128,q_noise,550,550,476,1,550,0,0,0,0,fraction,0.5279592371467,0.5406358856061361,0.5486601715631455,0.5554726752092518,0.561666800125356,0.5716899490823403,0.5828545170409594,0.5554997895979205,0.00953505742937855,MI,1,positive
S_04,S_04,0,101,snr_p_db,550,550,476,1,550,0,0,0,0,dB,2.7632630665873315,2.8774399832782027,2.952704357961082,2.9988418199096882,3.059240930414901,3.1364725179237243,3.204135771653347,3.004714974128765,0.07645295001945684,MI,1,positive
S_04,S_04,0,101,delta_p_db,550,550,476,1,550,0,0,0,0,dB,2.763263069470117,2.87743997887698,2.95270435553782,2.9988418187492516,3.059240927546493,3.1364725124676993,3.204135775058231,3.004714973610779,0.07645294982432528,MI,1,positive
S_04,S_04,0,101,q_noise,550,550,476,1,550,0,0,0,0,fraction,0.4707345229014099,0.48446889953107714,0.4933254714973538,0.49867997164803257,0.5056035855580274,0.5143174421686297,0.5218261290969494,0.49927986833133703,0.00881122524902373,MI,1,positive
S_04,S_04,0,202,snr_p_db,550,550,476,1,550,0,0,0,0,dB,2.7834520006154966,2.866636456024684,2.9480186385783873,3.0040653065561536,3.05976370166878,3.124692177172547,3.242979424459382,3.0014540798814884,0.08121999090039649,MI,1,positive
S_04,S_04,0,202,delta_p_db,550,550,476,1,550,0,0,0,0,dB,2.783452005768564,2.866636455592127,2.9480186313980847,3.004065310196183,3.0597636984236707,3.12469217457346,3.242979419912767,3.001454079853331,0.08121999051236443,MI,1,positive
S_04,S_04,0,202,q_noise,550,550,476,1,550,0,0,0,0,fraction,0.47318986279594477,0.4831839015023198,0.49277899345800025,0.49928238721691864,0.5056629338825165,0.5129988537829956,0.5260837167853546,0.498893743493744,0.009376919130843398,MI,1,positive
S_04,S_04,0,303,snr_p_db,550,550,476,1,550,0,0,0,0,dB,2.7682997114426797,2.877859791710447,2.9485994328698255,3.004851903637073,3.0611545788717383,3.1394795603181995,3.229833523306991,3.005617640795289,0.08053960335671681,MI,1,positive
S_04,S_04,0,303,delta_p_db,550,550,476,1,550,0,0,0,0,dB,2.7682997085379406,2.877859792027408,2.9485994346914053,3.0048519006524375,3.061154580527595,3.139479561627811,3.2298335301752705,3.005617640694202,0.08053960343785757,MI,1,positive
S_04,S_04,0,303,q_noise,550,550,476,1,550,0,0,0,0,fraction,0.47134864091185,0.4845183975161647,0.4928464775524598,0.49937323037419107,0.5058215129553911,0.5146540583172405,0.5246474905193239,0.4993754069768742,0.009284973084233372,MI,1,positive
S_04,S_04,0,404,snr_p_db,550,550,476,1,550,0,0,0,0,dB,2.7512968191150176,2.864456231836886,2.9507562073699427,3.0031748657361357,3.0578298396143397,3.128672460409771,3.2832129261469527,3.0043118289943442,0.08027785853008435,MI,1,positive
S_04,S_04,0,404,delta_p_db,550,550,476,1,550,0,0,0,0,dB,2.751296824374274,2.8644562371023823,2.9507562130456435,3.0031748635771405,3.0578298339051884,3.128672456994147,3.2832129222823174,3.0043118288215505,0.08027785851053967,MI,1,positive
S_04,S_04,0,404,q_noise,550,550,476,1,550,0,0,0,0,fraction,0.4692744017530599,0.4829244646422664,0.4930980878896737,0.49917938314682453,0.5054427313254244,0.5134447729018098,0.5304539756872768,0.49922543054188345,0.009255635105466549,MI,1,positive
S_04,S_04,0,505,snr_p_db,550,550,476,1,550,0,0,0,0,dB,2.7481735624535557,2.8721713374107924,2.9574329798988575,3.0052826340916923,3.0582159020239232,3.1312850530028817,3.2192812157980817,3.007029075203632,0.07764209212486328,MI,1,positive
S_04,S_04,0,505,delta_p_db,550,550,476,1,550,0,0,0,0,dB,2.7481735683256163,2.872171335067164,2.9574329769717504,3.0052826335676825,3.0582159026991778,3.131285053670676,3.21928121216434,3.0070290753351623,0.0776420921452649,MI,1,positive
S_04,S_04,0,505,q_noise,550,550,476,1,550,0,0,0,0,fraction,0.4688926213198465,0.4838424082054274,0.49387686223111715,0.4994228731271939,0.5054871209245282,0.513737144760915,0.5234913225254235,0.49954410492121665,0.008955684064352381,MI,1,positive
S_04,S_04,0,8128,snr_p_db,550,550,476,1,550,0,0,0,0,dB,2.786173408224192,2.8833964952793307,2.9507338478950165,2.998204789610525,3.049386734301736,3.132513689701235,3.218186745185323,3.0015623996483622,0.07537779658440114,MI,1,positive
S_04,S_04,0,8128,delta_p_db,550,550,476,1,550,0,0,0,0,dB,2.786173411583872,2.8833964978623565,2.9507338509950354,2.9982047927969897,3.049386739059977,3.1325136838589227,3.218186741385028,3.0015623999003314,0.07537779633524994,MI,1,positive
S_04,S_04,0,8128,q_noise,550,550,476,1,550,0,0,0,0,fraction,0.4735197233480656,0.48517451786342614,0.4930955426673291,0.49860615144270676,0.5044803648066449,0.5138751479435274,0.5233706933330249,0.49891844483929826,0.008690044969721743,MI,1,positive
S_04,S_04,5,101,snr_p_db,550,550,476,1,550,0,0,0,0,dB,7.7632629607345836,7.877439869559324,7.952704242601189,7.998841716472805,8.05924081029705,8.136472408012704,8.204135654008907,8.004714862754522,0.07645294988430008,MI,1,positive
S_04,S_04,5,101,delta_p_db,550,550,476,1,550,0,0,0,0,dB,2.763263081400556,2.8774399808090623,2.952704348659074,2.9988418251800293,3.0592409244517875,3.136472515865232,3.2041357707777616,3.0047149741293677,0.07645294946646466,MI,1,positive
S_04,S_04,5,101,q_noise,550,550,476,1,550,0,0,0,0,fraction,0.4707345243553471,0.4844688997605155,0.49332547069482435,0.49867997239036366,0.5056035852057896,0.5143174425485705,0.5218261286256544,0.4992798683918562,0.00881122520608152,MI,1,positive
S_04,S_04,5,202,snr_p_db,550,550,476,1,550,0,0,0,0,dB,7.783451899172443,7.866636352294709,7.94801852440561,8.00406520540609,8.0597635835932,8.12469206006247,8.242979300248864,8.00145396771368,0.08121999020257328,MI,1,positive
S_04,S_04,5,202,delta_p_db,550,550,476,1,550,0,0,0,0,dB,2.7834520114079697,2.8666364644524807,2.9480186322739423,3.0040653143709575,3.059763692017552,3.1246921679588096,3.242979409526437,3.0014540798237235,0.08121998980358347,MI,1,positive
S_04,S_04,5,202,q_noise,550,550,476,1,550,0,0,0,0,fraction,0.4731898634800189,0.48318390255663246,0.4927789935602741,0.4992823876982451,0.5056629331533042,0.5129988530412071,0.5260837156519644,0.49889374349186316,0.009376919047678752,MI,1,positive
S_04,S_04,5,303,snr_p_db,550,550,476,1,550,0,0,0,0,dB,7.768299609400879,7.877859680734565,7.948599319217566,8.004851798373572,8.061154468132171,8.139479460411595,8.229833429513782,8.005617529270523,0.08053960357342634,MI,1,positive
S_04,S_04,5,303,delta_p_db,550,550,476,1,550,0,0,0,0,dB,2.768299717055924,2.877859792363638,2.948599436341454,3.004851905955321,3.061154578050852,3.1394795677374776,3.2298335395490825,3.0056176407673427,0.08053960363639688,MI,1,positive
S_04,S_04,5,303,q_noise,550,550,476,1,550,0,0,0,0,fraction,0.471348641948714,0.4845183975563927,0.49284647774514656,0.4993732309854785,0.5058215126735959,0.5146540590000181,0.5246474915453248,0.49937540698488614,0.009284973106246971,MI,1,positive
S_04,S_04,5,404,snr_p_db,550,550,476,1,550,0,0,0,0,dB,7.751296705015705,7.864456135786568,7.950756107297347,8.003174755754948,8.057829736363695,8.128672345629424,8.283212822019527,8.004311716475932,0.08027785926816354,MI,1,positive
S_04,S_04,5,404,delta_p_db,550,550,476,1,550,0,0,0,0,dB,2.751296824983682,2.8644562384472567,2.9507562119502753,3.003174866021176,3.0578298429915365,3.1286724553520773,3.283212926524526,3.004311828510409,0.08027785847338949,MI,1,positive
S_04,S_04,5,404,q_noise,550,550,476,1,550,0,0,0,0,fraction,0.46927440182753205,0.48292446480235035,0.49309808776182373,0.49917938342866464,0.5054427323601514,0.5134447727179813,0.5304539761459315,0.4992254305060917,0.009255635100828812,MI,1,positive
S_04,S_04,5,505,snr_p_db,550,550,476,1,550,0,0,0,0,dB,7.748173458483887,7.872171204330595,7.957432877826923,8.005282517637692,8.058215803294777,8.131284942305877,8.219281080340442,8.00702896335836,0.07764209252812522,MI,1,positive
S_04,S_04,5,505,delta_p_db,550,550,476,1,550,0,0,0,0,dB,2.748173569316857,2.8721713237596505,2.957432986642706,3.005282624142035,3.0582159101900297,3.131285052270437,3.2192811928959957,3.0070290754704745,0.07764209232916952,MI,1,positive
S_04,S_04,5,505,q_noise,550,550,476,1,550,0,0,0,0,fraction,0.4688926214410673,0.4838424068616762,0.493876863358168,0.4994228720407775,0.5054871217775292,0.5137371446041561,0.5234913204112974,0.49954410493642915,0.00895568408555333,MI,1,positive
S_04,S_04,5,8128,snr_p_db,550,550,476,1,550,0,0,0,0,dB,7.786173324468031,7.883396391852684,7.950733731944095,7.998204674715016,8.049386634759813,8.132513567846523,8.218186643878457,8.001562288228865,0.07537779626528583,MI,1,positive
S_04,S_04,5,8128,delta_p_db,550,550,476,1,550,0,0,0,0,dB,2.7861734275998886,2.8833965029616144,2.95073384507394,2.9982047925383473,3.0493867464705087,3.132513679234897,3.2181867499831855,3.001562400240432,0.07537779631030155,MI,1,positive
S_04,S_04,5,8128,q_noise,550,550,476,1,550,0,0,0,0,fraction,0.47351972528963215,0.485174518467901,0.4930955419761073,0.49860615141284825,0.5044803656521633,0.5138751474259953,0.5233706942766551,0.4989184448785915,0.008690044965611763,MI,1,positive
S_04,S_04,10,101,snr_p_db,550,550,476,1,550,0,0,0,0,dB,12.76326315126896,12.877440033086893,12.952704408271082,12.998841880443216,13.05924097733932,13.136472566823189,13.204135830707342,13.004715031933765,0.07645295003125827,MI,1,positive
S_04,S_04,10,101,delta_p_db,550,550,476,1,550,0,0,0,0,dB,2.7632630873430664,2.8774399725699236,2.952704352049018,2.9988418242069175,3.0592409221859,3.1364725063375234,3.204135783048332,3.0047149735432357,0.07645294975749165,MI,1,positive
S_04,S_04,10,101,q_noise,550,550,476,1,550,0,0,0,0,fraction,0.4707345250795483,0.48446889878221266,0.4933254710903169,0.49867997227800476,0.5056035849476925,0.5143174414831303,0.5218261299766883,0.49927986832369614,0.008811225239553749,MI,1,positive
S_04,S_04,10,202,snr_p_db,550,550,476,1,550,0,0,0,0,dB,12.783452071481856,12.86663652129012,12.948018701179201,13.004065363183798,13.059763739340225,13.124692221898849,13.242979494274907,13.001454137659149,0.0812199904682297,MI,1,positive
S_04,S_04,10,202,delta_p_db,550,550,476,1,550,0,0,0,0,dB,2.7834520094531428,2.866636463723758,2.948018634478843,3.0040653099013976,3.059763688946619,3.1246921785160438,3.2429794254401005,3.001454079523747,0.08121999039464443,MI,1,positive
S_04,S_04,10,202,q_noise,550,550,476,1,550,0,0,0,0,fraction,0.4731898632428934,0.4831839024698768,0.4927789938176776,0.49928238718293294,0.5056629328037542,0.5129988542249593,0.5260837173885152,0.4988937434559724,0.009376919117323062,MI,1,positive
S_04,S_04,10,303,snr_p_db,550,550,476,1,550,0,0,0,0,dB,12.768299768333486,12.877859848643203,12.948599478792142,13.004851960210768,13.061154639549898,13.139479614987417,13.229833576245529,13.005617698804807,0.08053960478165541,MI,1,positive
S_04,S_04,10,303,delta_p_db,550,550,476,1,550,0,0,0,0,dB,2.768299710642235,2.8778597897495133,2.94859942828879,3.0048518976058958,3.061154577863247,3.1394795596910443,3.2298335237795066,3.005617640539734,0.08053960474245458,MI,1,positive
S_04,S_04,10,303,q_noise,550,550,476,1,550,0,0,0,0,fraction,0.4713486411679983,0.4845183972456456,0.4928464768047854,0.499373230022994,0.5058215126522136,0.5146540581006892,0.5246474898192822,0.4993754069562909,0.009284973233985276,MI,1,positive
S_04,S_04,10,404,snr_p_db,550,550,476,1,550,0,0,0,0,dB,12.751296870148085,12.864456295243539,12.950756266461008,13.003174909357439,13.057829909800136,13.128672518023297,13.283212969801086,13.00431188706525,0.08027785887141471,MI,1,positive
S_04,S_04,10,404,delta_p_db,550,550,476,1,550,0,0,0,0,dB,2.751296814055739,2.864456237647442,2.9507562137519434,3.003174859031442,3.0578298480015844,3.1286724577181872,3.283212913228317,3.0043118290365864,0.0802778589388335,MI,1,positive
S_04,S_04,10,404,q_noise,550,550,476,1,550,0,0,0,0,fraction,0.46927440049209285,0.4829244647071624,0.49309808797212323,0.4991793826226555,0.5054427329306399,0.5134447729829182,0.5304539747083857,0.4992254305657555,0.00925563515638981,MI,1,positive
S_04,S_04,10,505,snr_p_db,550,550,476,1,550,0,0,0,0,dB,12.74817361174377,12.872171393368298,12.957433029223836,13.005282685741179,13.058215972738802,13.13128511366677,13.219281276858013,13.007029134473543,0.07764209184807366,MI,1,positive
S_04,S_04,10,505,delta_p_db,550,550,476,1,550,0,0,0,0,dB,2.7481735659935964,2.872171335650662,2.9574329799635453,3.005282631282305,3.0582159032850957,3.131285057679926,3.2192812132909037,3.007029075981341,0.0776420917436937,MI,1,positive
S_04,S_04,10,505,q_noise,550,550,476,1,550,0,0,0,0,fraction,0.46889262103465906,0.48384240827500874,0.4938768625797794,0.4994228728637987,0.5054871209912514,0.513737145209896,0.5234913226490303,0.49954410499650675,0.008955684016313106,MI,1,positive
S_04,S_04,10,8128,snr_p_db,550,550,476,1,550,0,0,0,0,dB,12.786173471276516,12.883396557935098,12.950733909785917,12.998204861077948,13.049386790781437,13.132513741317993,13.218186800025201,13.001562458281736,0.07537779639234138,MI,1,positive
S_04,S_04,10,8128,delta_p_db,550,550,476,1,550,0,0,0,0,dB,2.786173421062868,2.8833965035418747,2.9507338525007607,2.9982047959351457,3.0493867382000635,3.1325136760965546,3.218186743240354,3.0015623999997207,0.07537779589324335,MI,1,positive
S_04,S_04,10,8128,q_noise,550,550,476,1,550,0,0,0,0,fraction,0.47351972449717167,0.48517451853667143,0.4930955428431062,0.49860615180503925,0.5044803647085307,0.5138751470745938,0.5233706935366431,0.4989184448516411,0.00869004491980457,MI,1,positive
E,,0,101,snr_p_db,1637,1637,1459,1,1637,0,0,0,0,dB,-5.1705377664814644e-05,-1.332979466849303e-05,-7.658202860927346e-06,-5.390060712465331e-06,-3.6651218170503825e-06,-1.4993973803764943e-06,-1.1723075358121818e-07,-6.113095528762958e-06,3.880187287541752e-06,STTC,0,negative
E,,0,101,delta_p_db,1637,1637,1459,1,1637,0,0,0,0,dB,-5.170726790994568e-05,-1.3330165442282569e-05,-7.659213791301478e-06,-5.393685708773443e-06,-3.66413714337206e-06,-1.5016409888102685e-06,-1.0837244799367052e-07,-6.113247722101823e-06,3.8802468784644685e-06,STTC,0,negative
E,,0,101,q_noise,1637,1637,1459,1,1637,0,0,0,0,fraction,4.612627863965421e-16,5.2522791380265315e-16,5.717508127831468e-16,6.131820588381864e-16,6.579582808898766e-16,7.465351575127689e-16,9.22829228890115e-16,6.2051983105967745e-16,6.754268884504298e-17,STTC,0,negative
E,,0,202,snr_p_db,1637,1637,1459,1,1637,0,0,0,0,dB,-5.1718712414097856e-05,-1.3332417939357258e-05,-7.663083813008948e-06,-5.388085565336307e-06,-3.6629554689983145e-06,-1.5032366760039238e-06,-1.1263817186571368e-07,-6.11330891200874e-06,3.880136854281354e-06,STTC,0,negative
E,,0,202,delta_p_db,1637,1637,1459,1,1637,0,0,0,0,dB,-5.170726790994568e-05,-1.3330165442282569e-05,-7.659213790819313e-06,-5.393685708773443e-06,-3.66413714337206e-06,-1.5016409888102685e-06,-1.0837244799367052e-07,-6.113247722114192e-06,3.880246878461807e-06,STTC,0,negative
E,,0,202,q_noise,1637,1637,1459,1,1637,0,0,0,0,fraction,4.611720196231616e-16,5.231060295387527e-16,5.705908070403449e-16,6.121202341885603e-16,6.586086088997605e-16,7.428929831827417e-16,9.359276680999297e-16,6.193932660164323e-16,6.740178961561576e-17,STTC,0,negative
E,,0,303,snr_p_db,1637,1637,1459,1,1637,0,0,0,0,dB,-5.170857596195683e-05,-1.3326095230103436e-05,-7.66029404488887e-06,-5.3910298111805616e-06,-3.6630413000011954e-06,-1.497699083305526e-06,-1.1554115489962713e-07,-6.113195191892229e-06,3.880240831845102e-06,STTC,0,negative
E,,0,303,delta_p_db,1637,1637,1459,1,1637,0,0,0,0,dB,-5.170726790994568e-05,-1.3330165442282569e-05,-7.659213791301478e-06,-5.3936857082912785e-06,-3.66413714337206e-06,-1.5016409888102685e-06,-1.0837244751150677e-07,-6.113247722108892e-06,3.880246878461173e-06,STTC,0,negative
E,,0,303,q_noise,1637,1637,1459,1,1637,0,0,0,0,fraction,4.510720781465344e-16,5.261991295961191e-16,5.723356748038996e-16,6.135980614864534e-16,6.621097157044902e-16,7.450326860219026e-16,9.149671039389114e-16,6.21234569078208e-16,6.85192334139237e-17,STTC,0,negative
E,,0,404,snr_p_db,1637,1637,1459,1,1637,0,0,0,0,dB,-5.168863612402317e-05,-1.333173853575586e-05,-7.663791173526366e-06,-5.395724442290667e-06,-3.6639065459612538e-06,-1.5020230301248968e-06,-1.0746476702860238e-07,-6.113161999231239e-06,3.880104101705513e-06,STTC,0,negative
E,,0,404,delta_p_db,1637,1637,1459,1,1637,0,0,0,0,dB,-5.170726790994568e-05,-1.3330165442282569e-05,-7.659213791301478e-06,-5.393685708773443e-06,-3.66413714337206e-06,-1.5016409888102685e-06,-1.0837244799367052e-07,-6.113247722111837e-06,3.880246878463918e-06,STTC,0,negative
E,,0,404,q_noise,1637,1637,1459,1,1637,0,0,0,0,fraction,4.77048721921172e-16,5.259971824223958e-16,5.734410179440478e-16,6.115372196693378e-16,6.584384994341751e-16,7.466045351522395e-16,8.94204828755989e-16,6.205359921629193e-16,6.734719083671852e-17,STTC,0,negative
E,,0,505,snr_p_db,1637,1637,1459,1,1637,0,0,0,0,dB,-5.1708685787626624e-05,-1.33311805769962e-05,-7.654707881784062e-06,-5.391214198535675e-06,-3.6580921411365247e-06,-1.49906138320873e-06,-9.924787328236077e-08,-6.113292668628822e-06,3.880177227247579e-06,STTC,0,negative
E,,0,505,delta_p_db,1637,1637,1459,1,1637,0,0,0,0,dB,-5.170726790994568e-05,-1.3330165442282569e-05,-7.659213790819313e-06,-5.393685708773443e-06,-3.66413714337206e-06,-1.5016409884245375e-06,-1.0837244799367052e-07,-6.1132477221071245e-06,3.880246878459885e-06,STTC,0,negative
E,,0,505,q_noise,1637,1637,1459,1,1637,0,0,0,0,fraction,4.6585870718519675e-16,5.240320302971271e-16,5.725003126423825e-16,6.135371522615351e-16,6.586950642699326e-16,7.445057339750705e-16,9.672573704302628e-16,6.203649591409923e-16,6.798737865871123e-17,STTC,0,negative
E,,0,8128,snr_p_db,1637,1637,1459,1,1637,0,0,0,0,dB,-5.170426427571086e-05,-1.3330186051883853e-05,-7.663056922690095e-06,-5.398741263997615e-06,-3.664960762173459e-06,-1.5063279403428593e-06,-1.1653370440033611e-07,-6.1133887011995925e-06,3.8803939470070764e-06,STTC,0,negative
E,,0,8128,delta_p_db,1637,1637,1459,1,1637,0,0,0,0,dB,-5.170726790994568e-05,-1.3330165442282569e-05,-7.659213791301478e-06,-5.393685708773443e-06,-3.66413714337206e-06,-1.5016409888102685e-06,-1.0837244799367052e-07,-6.113247722113309e-06,3.880246878457187e-06,STTC,0,negative
E,,0,8128,q_noise,1637,1637,1459,1,1637,0,0,0,0,fraction,4.524859606422407e-16,5.249623999452371e-16,5.710377981544481e-16,6.104231532207817e-16,6.577521128632986e-16,7.482725419301882e-16,9.221570854893175e-16,6.198650148746491e-16,6.803330821657631e-17,STTC,0,negative
E,,5,101,snr_p_db,1637,1637,1459,1,1637,0,0,0,0,dB,4.999948186528066,4.999986554801668,4.999992240562163,4.999994494358141,4.999996221156267,4.999998393344496,4.999999780596444,4.9999937748853185,3.880405002323335e-06,STTC,0,negative
E,,5,101,delta_p_db,1637,1637,1459,1,1637,0,0,0,0,dB,-5.170726790753483e-05,-1.3330165439871744e-05,-7.65921378937282e-06,-5.3936857053982925e-06,-3.6641371399969115e-06,-1.5016409873637768e-06,-1.0837244702934303e-07,-6.113247719956086e-06,3.880246878327326e-06,STTC,0,negative
E,,5,101,q_noise,1637,1637,1459,1,1637,0,0,0,0,fraction,7.0308350170569195e-16,8.610983486680309e-16,9.767895598101998e-16,1.0860154013213575e-15,1.2196110369341766e-15,1.4705684597658006e-15,1.9608586040068627e-15,1.1154285944320516e-15,1.9058543693849121e-16,STTC,0,negative
E,,5,202,snr_p_db,1637,1637,1459,1,1637,0,0,0,0,dB,4.999948185882589,4.999986549659027,4.999992228576588,4.999994499211177,4.999996225023184,4.999998394665639,4.999999783532535,4.999993774568863,3.8802779902153055e-06,STTC,0,negative
E,,5,202,delta_p_db,1637,1637,1459,1,1637,0,0,0,0,dB,-5.170726790753483e-05,-1.3330165439582443e-05,-7.659213788890654e-06,-5.393685705880456e-06,-3.6641371404790753e-06,-1.5016409869780456e-06,-1.0837244654717928e-07,-6.1132477199655135e-06,3.8802468783406535e-06,STTC,0,negative
E,,5,202,q_noise,1637,1637,1459,1,1637,0,0,0,0,fraction,7.333548154287436e-16,8.577150421927911e-16,9.83089852380558e-16,1.0906528413335411e-15,1.220009099402935e-15,1.4699942861547502e-15,1.9343658002743416e-15,1.1144253828654336e-15,1.8781673589171285e-16,STTC,0,negative
E,,5,303,snr_p_db,1637,1637,1459,1,1637,0,0,0,0,dB,4.999948177486246,4.999986555812865,4.99999222304252,4.999994494685692,4.999996228800589,4.999998382181206,4.999999788948878,4.999993774949179,3.8802409399548985e-06,STTC,0,negative
E,,5,303,delta_p_db,1637,1637,1459,1,1637,0,0,0,0,dB,-5.170726790753483e-05,-1.3330165439871744e-05,-7.65921378937282e-06,-5.3936857053982925e-06,-3.6641371399969115e-06,-1.5016409869780456e-06,-1.0837244654717928e-07,-6.113247719960505e-06,3.880246878338335e-06,STTC,0,negative
E,,5,303,q_noise,1637,1637,1459,1,1637,0,0,0,0,fraction,7.087521760605618e-16,8.515781181604262e-16,9.827824885523786e-16,1.0830381727198053e-15,1.2208034583117637e-15,1.453045702983255e-15,1.911629486429608e-15,1.1149262668345976e-15,1.8656897437743985e-16,STTC,0,negative
E,,5,404,snr_p_db,1637,1637,1459,1,1637,0,0,0,0,dB,4.99994819388941,4.9999865583766185,4.999992227518184,4.999994502472033,4.9999962228963275,4.9999983873268885,4.999999787525023,4.999993775092522,3.880453586295904e-06,STTC,0,negative
E,,5,404,delta_p_db,1637,1637,1459,1,1637,0,0,0,0,dB,-5.170726790753483e-05,-1.3330165439871744e-05,-7.65921378937282e-06,-5.393685705880456e-06,-3.6641371399969115e-06,-1.5016409869780456e-06,-1.0837244654717928e-07,-6.113247719950786e-06,3.880246878341146e-06,STTC,0,negative
E,,5,404,q_noise,1637,1637,1459,1,1637,0,0,0,0,fraction,7.156619248491984e-16,8.61953690482293e-16,9.80213915670606e-16,1.0911713482100035e-15,1.220800132274447e-15,1.4731637298924575e-15,2.005464358358936e-15,1.1167107467751483e-15,1.9099387414407617e-16,STTC,0,negative
E,,5,505,snr_p_db,1637,1637,1459,1,1637,0,0,0,0,dB,4.9999481845199165,4.99998655843809,4.999992227883828,4.999994497390976,4.9999962169966405,4.999998391324566,4.99999978458257,4.999993774693329,3.880143869158291e-06,STTC,0,negative
E,,5,505,delta_p_db,1637,1637,1459,1,1637,0,0,0,0,dB,-5.170726790753483e-05,-1.333016543948601e-05,-7.65921378937282e-06,-5.3936857053982925e-06,-3.6641371390325827e-06,-1.5016409873637768e-06,-1.0837244654717928e-07,-6.113247719957855e-06,3.880246878335619e-06,STTC,0,negative
E,,5,505,q_noise,1637,1637,1459,1,1637,0,0,0,0,fraction,7.095739718770753e-16,8.600538178824111e-16,9.80915383486052e-16,1.0866896099961793e-15,1.2146814933296472e-15,1.4762828970758284e-15,2.0352312620960148e-15,1.1148971785617614e-15,1.8865579642373972e-16,STTC,0,negative
E,,5,8128,snr_p_db,1637,1637,1459,1,1637,0,0,0,0,dB,4.999948174945751,4.999986557347841,4.999992216841735,4.9999945033652295,4.999996226560627,4.999998378182167,4.999999774941231,4.999993774754138,3.880532406124443e-06,STTC,0,negative
E,,5,8128,delta_p_db,1637,1637,1459,1,1637,0,0,0,0,dB,-5.170726790753483e-05,-1.3330165439871744e-05,-7.659213788890654e-06,-5.393685705880456e-06,-3.6641371399969115e-06,-1.5016409873637768e-06,-1.0837244654717928e-07,-6.113247719958445e-06,3.880246878337141e-06,STTC,0,negative
E,,5,8128,q_noise,1637,1637,1459,1,1637,0,0,0,0,fraction,6.750835955539508e-16,8.563510622835948e-16,9.812549669279494e-16,1.0894407732586655e-15,1.2258491587888224e-15,1.4603035986149993e-15,1.994594718199696e-15,1.1156891159850632e-15,1.881069790295038e-16,STTC,0,negative
E,,10,101,snr_p_db,1637,1637,1459,1,1637,0,0,0,0,dB,9.999948360489467,9.9999867368077,9.999992409061631,9.999994675601569,9.999996390143433,9.999998557165924,9.999999955334966,9.99999394507456,3.8802358308884e-06,STTC,0,negative
E,,10,101,delta_p_db,1637,1637,1459,1,1637,0,0,0,0,dB,-5.170726790415964e-05,-1.3330165435532257e-05,-7.659213785997667e-06,-5.393685698647991e-06,-3.664137131800121e-06,-1.5016409850493901e-06,-1.0837244654717928e-07,-6.113247716689622e-06,3.880246877963058e-06,STTC,0,negative
E,,10,101,q_noise,1637,1637,1459,1,1637,0,0,0,0,fraction,7.901035826747795e-16,1.1148142933717429e-15,1.468483016601921e-15,1.780852431574137e-15,2.1714017995154428e-15,2.903007876176827e-15,4.437124563684778e-15,1.867360554663962e-15,5.585802409767927e-16,STTC,0,negative
E,,10,202,snr_p_db,1637,1637,1459,1,1637,0,0,0,0,dB,9.99994834482213,9.999986730354763,9.999992395149457,9.99999467572367,9.999996396331674,9.999998560528693,9.99999994104625,9.999993945246048,3.880353855004204e-06,STTC,0,negative
E,,10,202,delta_p_db,1637,1637,1459,1,1637,0,0,0,0,dB,-5.170726790415964e-05,-1.333016543533939e-05,-7.659213785997667e-06,-5.3936856991301555e-06,-3.664137131317957e-06,-1.5016409856279867e-06,-1.0837244654717928e-07,-6.113247716691685e-06,3.880246877980064e-06,STTC,0,negative
E,,10,202,q_noise,1637,1637,1459,1,1637,0,0,0,0,fraction,8.010878660842862e-16,1.1216108435303866e-15,1.4661656067817243e-15,1.782724146953167e-15,2.1696756768502624e-15,2.910039683267639e-15,4.574487933548124e-15,1.8682893713259158e-15,5.609269939711377e-16,STTC,0,negative
E,,10,303,snr_p_db,1637,1637,1459,1,1637,0,0,0,0,dB,9.999948351665672,9.999986723030396,9.999992392604582,9.999994667469679,9.999996400108056,9.999998562798588,9.999999961097613,9.999993945171095,3.879895858851711e-06,STTC,0,negative
E,,10,303,delta_p_db,1637,1637,1459,1,1637,0,0,0,0,dB,-5.1707267903677485e-05,-1.3330165435242958e-05,-7.65921378647983e-06,-5.3936856991301555e-06,-3.664137131800121e-06,-1.501640985145823e-06,-1.0837244654717928e-07,-6.113247716691095e-06,3.8802468779586425e-06,STTC,0,negative
E,,10,303,q_noise,1637,1637,1459,1,1637,0,0,0,0,fraction,7.799057626525441e-16,1.1261310916574838e-15,1.4680616284907621e-15,1.7904061061539624e-15,2.162108443054611e-15,2.9162372947382137e-15,4.316964001297717e-15,1.8685440227801023e-15,5.566477309123481e-16,STTC,0,negative
E,,10,404,snr_p_db,1637,1637,1459,1,1637,0,0,0,0,dB,9.999948353258526,9.999986732413724,9.999992389077606,9.99999466513303,9.9999963859143,9.99999855840092,9.999999942682775,9.999993944861146,3.880302165610949e-06,STTC,0,negative
E,,10,404,delta_p_db,1637,1637,1459,1,1637,0,0,0,0,dB,-5.1707267905123987e-05,-1.3330165435821556e-05,-7.659213785515502e-06,-5.3936856991301555e-06,-3.6641371303536286e-06,-1.501640985145823e-06,-1.0837244654717928e-07,-6.11324771668491e-06,3.8802468779842364e-06,STTC,0,negative
E,,10,404,q_noise,1637,1637,1459,1,1637,0,0,0,0,fraction,7.698426956492469e-16,1.1189937045215921e-15,1.4734280030850813e-15,1.7898762685783998e-15,2.1554655845269145e-15,2.945305366263248e-15,4.456342087473424e-15,1.868708572299013e-15,5.576155023353239e-16,STTC,0,negative
E,,10,505,snr_p_db,1637,1637,1459,1,1637,0,0,0,0,dB,9.999948367830715,9.999986718062097,9.99999238651718,9.99999467645323,9.999996399539695,9.999998556581447,9.999999948083143,9.999993945319858,3.880261159714095e-06,STTC,0,negative
E,,10,505,delta_p_db,1637,1637,1459,1,1637,0,0,0,0,dB,-5.1707267903677485e-05,-1.3330165436110855e-05,-7.659213785997667e-06,-5.3936856991301555e-06,-3.664137131317957e-06,-1.501640984663659e-06,-1.0837244654717928e-07,-6.113247716688739e-06,3.88024687797125e-06,STTC,0,negative
E,,10,505,q_noise,1637,1637,1459,1,1637,0,0,0,0,fraction,8.196271219335145e-16,1.1193545735287846e-15,1.4819543509908065e-15,1.7891498531530525e-15,2.1611608914725706e-15,2.9285387521171207e-15,4.457447578844301e-15,1.8692966810604515e-15,5.56722861314633e-16,STTC,0,negative
E,,10,8128,snr_p_db,1637,1637,1459,1,1637,0,0,0,0,dB,9.999948370871296,9.999986718515252,9.999992380917444,9.99999466821682,9.999996397581016,9.99999854634147,9.999999956664002,9.99999394525626,3.880139564349099e-06,STTC,0,negative
E,,10,8128,delta_p_db,1637,1637,1459,1,1637,0,0,0,0,dB,-5.170726790415964e-05,-1.3330165435821556e-05,-7.659213785997667e-06,-5.3936856991301555e-06,-3.664137130835793e-06,-1.501640985531554e-06,-1.0837244654717928e-07,-6.1132477166952184e-06,3.880246877963666e-06,STTC,0,negative
E,,10,8128,q_noise,1637,1637,1459,1,1637,0,0,0,0,fraction,7.807578057038725e-16,1.1324409357327009e-15,1.4663144950222774e-15,1.7823310563157187e-15,2.164077739289188e-15,2.9157130723128854e-15,5.052729370014466e-15,1.8667384548652293e-15,5.566609884962088e-16,STTC,0,negative
I,,0,101,snr_p_db,1637,1637,1459,1,1637,0,0,0,0,dB,1.8458936479861587,1.9382003899759899,1.9972617458333555,2.039653753517409,2.0803289442156085,2.1361087191027592,2.237438436044164,2.039033535485722,0.06000717779880697,STTC,0,negative
I,,0,101,delta_p_db,1637,1637,1459,1,1637,0,0,0,0,dB,1.8458936461691042,1.9382003890813313,1.9972617395124659,2.0396537512457233,2.0803289418296513,2.1361087248200126,2.2374384381083554,2.039033535349142,0.06000717804714357,STTC,0,negative
I,,0,101,q_noise,1637,1637,1459,1,1637,0,0,0,0,fraction,0.3462521400766386,0.3600006970355639,0.3686452901709376,0.3747780309632658,0.3806071272703879,0.38851098224340436,0.40261281217959577,0.3746293825443597,0.008643139730063698,STTC,0,negative
I,,0,202,snr_p_db,1637,1637,1459,1,1637,0,0,0,0,dB,1.8578516272521186,1.942553870750876,1.9989899655509948,2.0380109542539646,2.082061530117096,2.1368726599245162,2.247085975276546,2.0392804540181224,0.0596746270998813,STTC,0,negative
I,,0,202,delta_p_db,1637,1637,1459,1,1637,0,0,0,0,dB,1.8578516265804292,1.942553872025582,1.9989899595457352,2.038010957970638,2.082061541418723,2.1368726661103756,2.247085982341357,2.03928045416843,0.059674627020741625,STTC,0,negative
I,,0,202,q_noise,1637,1637,1459,1,1637,0,0,0,0,fraction,0.3480501187904413,0.3606429216788531,0.3688983311268564,0.37454139083050203,0.380853863026333,0.3886185501249352,0.40393914806251635,0.3746656116192884,0.008591414991149338,STTC,0,negative
I,,0,303,snr_p_db,1637,1637,1459,1,1637,0,0,0,0,dB,1.8616244434843865,1.935967804619516,1.9958867161450164,2.038367580822133,2.0777038631255236,2.135138299403972,2.2327501263976597,2.037280959153327,0.06083828050101166,STTC,0,negative
I,,0,303,delta_p_db,1637,1637,1459,1,1637,0,0,0,0,dB,1.861624436582946,1.935967808442285,1.995886714903118,2.0383675813854962,2.077703856019624,2.135138302976658,2.2327501300679553,2.037280959461491,0.06083828060747514,STTC,0,negative
I,,0,303,q_noise,1637,1637,1459,1,1637,0,0,0,0,fraction,0.3486161573180701,0.3596719002966958,0.36844530450560903,0.37459388278898875,0.3802319822473193,0.3883753236408895,0.4019684023859139,0.37437530247114914,0.008766120604405032,STTC,0,negative
I,,0,404,snr_p_db,1637,1637,1459,1,1637,0,0,0,0,dB,1.7865219894229811,1.9344966641833043,1.99558875976905,2.0353524275654187,2.0769868297873177,2.1405207619383475,2.248789048652861,2.036519699981028,0.061051232819580206,STTC,0,negative
I,,0,404,delta_p_db,1637,1637,1459,1,1637,0,0,0,0,dB,1.7865219917075572,1.9344966558686942,1.9955887565855286,2.0353524331483515,2.0769868233616617,2.1405207630013967,2.2487890459540836,2.036519700057596,0.061051232811308004,STTC,0,negative
I,,0,404,q_noise,1637,1637,1459,1,1637,0,0,0,0,fraction,0.3372542414396308,0.3594549896401345,0.36840191474215805,0.37415837488113285,0.38012985270366684,0.3891321285721679,0.40417248432754826,0.3742652297702222,0.008791929608687106,STTC,0,negative
I,,0,505,snr_p_db,1637,1637,1459,1,1637,0,0,0,0,dB,1.8622128163821738,1.9377894115719039,1.9939452872654546,2.0354738591867787,2.081092467659646,2.1383352130893623,2.2196147979025547,2.0368274191021634,0.061981711589755635,STTC,0,negative
I,,0,505,delta_p_db,1637,1637,1459,1,1637,0,0,0,0,dB,1.8622128086278165,1.9377894063503598,1.9939452950956007,2.0354738645615122,2.0810924733292837,2.1383352150922286,2.219614797180902,2.036827419254413,0.06198171159736108,STTC,0,negative
I,,0,505,q_noise,1637,1637,1459,1,1637,0,0,0,0,fraction,0.3487043823142079,0.35994041797267884,0.3681624103279915,0.37417631856436384,0.38071549665578686,0.38882469905513195,0.40015658369991675,0.3743076605235712,0.008926658894108395,STTC,0,negative
I,,0,8128,snr_p_db,1637,1637,1459,1,1637,0,0,0,0,dB,1.8456754348229896,1.9361618674692662,1.9966855889120776,2.0359725948418443,2.0762200349528266,2.1378871797058174,2.230612938276909,2.036569980935579,0.060345024332016224,STTC,0,negative
I,,0,8128,delta_p_db,1637,1637,1459,1,1637,0,0,0,0,dB,1.8456754317580417,1.9361618669174527,1.9966855820741747,2.035972593805707,2.0762200327969547,2.1378871816507177,2.2306129427897163,2.0365699808026227,0.06034502458883166,STTC,0,negative
I,,0,8128,q_noise,1637,1637,1459,1,1637,0,0,0,0,fraction,0.34622078714689597,0.3597003026829922,0.3685612208246558,0.374247891622066,0.38002132092525187,0.3887616665357023,0.40167365975082503,0.3742738892194805,0.008691231484418535,STTC,0,negative
I,,5,101,snr_p_db,1637,1637,1459,1,1637,0,0,0,0,dB,6.845893540904918,6.938200277376431,6.9972616325169055,7.039653634421165,7.08032883087558,7.136108612776049,7.237438323449137,7.0390334236306975,0.06000717788291969,STTC,0,negative
I,,5,101,delta_p_db,1637,1637,1459,1,1637,0,0,0,0,dB,1.8458936487579438,1.9382003914931072,1.9972617436847764,2.039653742179513,2.080328937281704,2.1361087208028544,2.2374384349091745,2.039033535370584,0.06000717803796475,STTC,0,negative
I,,5,101,q_noise,1637,1637,1459,1,1637,0,0,0,0,fraction,0.34625214046633934,0.3600006973909766,0.3686452907774865,0.3747780296580699,0.3806071266217575,0.38851098167781883,0.40261281173953734,0.3746293825474624,0.008643139729390032,STTC,0,negative
I,,5,202,snr_p_db,1637,1637,1459,1,1637,0,0,0,0,dB,6.857851509417221,6.942553767214399,6.998989853007652,7.038010849778353,7.082061435072594,7.136872550884696,7.247085868743128,7.039280342596668,0.059674626821503846,STTC,0,negative
I,,5,202,delta_p_db,1637,1637,1459,1,1637,0,0,0,0,dB,1.8578516191346381,1.942553876262539,1.998989966609586,2.038010957759337,2.082061543821026,2.1368726625109757,2.2470859849140545,2.0392804542094045,0.05967462689090488,STTC,0,negative
I,,5,202,q_noise,1637,1637,1459,1,1637,0,0,0,0,fraction,0.3480501176727014,0.3606429223026008,0.36889833197688554,0.37454139080007104,0.3808538633688141,0.38861854961823467,0.4039391484156141,0.3746656116254479,0.008591414971751116,STTC,0,negative
I,,5,303,snr_p_db,1637,1637,1459,1,1637,0,0,0,0,dB,6.8616243202764196,6.93596769512419,6.995886603489026,7.038367478199992,7.07770374438714,7.135138188202426,7.232750030499766,7.037280847479808,0.06083828064374394,STTC,0,negative
I,,5,303,delta_p_db,1637,1637,1459,1,1637,0,0,0,0,dB,1.8616244407502687,1.9359678074879187,1.9958867142724765,2.0383675848244263,2.0777038580543654,2.1351383076955894,2.232750139362565,2.0372809593770773,0.06083828067377244,STTC,0,negative
I,,5,303,q_noise,1637,1637,1459,1,1637,0,0,0,0,fraction,0.3486161579431131,0.3596719001559766,0.36844530441390066,0.3745938832842121,0.38023198253769075,0.38837532430553523,0.401968403665799,0.37437530245885653,0.008766120613839464,STTC,0,negative
I,,5,404,snr_p_db,1637,1637,1459,1,1637,0,0,0,0,dB,6.78652187941712,6.9344965541285175,6.9955886472342605,7.0353522999284435,7.076986725683408,7.140520660571664,7.248788937969707,7.036519587917516,0.061051232509904456,STTC,0,negative
I,,5,404,delta_p_db,1637,1637,1459,1,1637,0,0,0,0,dB,1.786521991176149,1.9344966555507788,1.9955887552522067,2.0353524240446936,2.076986829292,2.140520765333528,2.248789052961486,2.0365196997779216,0.06105123269711939,STTC,0,negative
I,,5,404,q_noise,1637,1637,1459,1,1637,0,0,0,0,fraction,0.3372542413585363,0.3594549895932375,0.3684019145482519,0.37415837356924697,0.3801298535501062,0.389132128900203,0.40417248528892424,0.37426522973015897,0.008791929592495123,STTC,0,negative
I,,5,505,snr_p_db,1637,1637,1459,1,1637,0,0,0,0,dB,6.8622126800390335,6.9377892986562015,6.993945176249231,7.0354737404431145,7.081092360880659,7.138335102857604,7.21961469379972,7.036827307399794,0.061981712066573554,STTC,0,negative
I,,5,505,delta_p_db,1637,1637,1459,1,1637,0,0,0,0,dB,1.8622128024504645,1.9377894058350484,1.9939452855715363,2.0354738608021736,2.0810924786641163,2.138335212901512,2.219614799797611,2.036827419275317,0.06198171176911784,STTC,0,negative
I,,5,505,q_noise,1637,1637,1459,1,1637,0,0,0,0,fraction,0.34870438138781307,0.3599404178966891,0.36816240894237356,0.37417631802263845,0.3807154974165101,0.38882469874677017,0.40015658406133414,0.3743076605262293,0.008926658918950458,STTC,0,negative
I,,5,8128,snr_p_db,1637,1637,1459,1,1637,0,0,0,0,dB,6.845675320106662,6.936161751056061,6.996685463335501,7.035972472975383,7.076219929730061,7.137887061500283,7.230612840362847,7.036569868744772,0.0603450246507654,STTC,0,negative
I,,5,8128,delta_p_db,1637,1637,1459,1,1637,0,0,0,0,dB,1.8456754331713208,1.9361618651673616,1.996685578781892,2.035972584566544,2.076220036143045,2.1378871850385264,2.2306129439045366,2.036569980706632,0.06034502469335469,STTC,0,negative
I,,5,8128,q_noise,1637,1637,1459,1,1637,0,0,0,0,fraction,0.34622078735964845,0.35970030242498124,0.3685612203459772,0.37424789029084343,0.38002132140292416,0.3887616670125265,0.40167365990441345,0.3742738892054461,0.008691231498628152,STTC,0,negative
I,,10,101,snr_p_db,1637,1637,1459,1,1637,0,0,0,0,dB,11.845893700625027,11.938200445225622,11.997261822450131,12.039653812913208,12.080329001384193,12.136108794090097,12.237438498018431,12.03903359443513,0.06000717849341932,STTC,0,negative
I,,10,101,delta_p_db,1637,1637,1459,1,1637,0,0,0,0,dB,1.8458936464615594,1.9382003919339852,1.9972617439936813,2.039653745321601,2.0803289337469377,2.136108730090143,2.2374384346734293,2.039033535695852,0.06000717840203833,STTC,0,negative
I,,10,101,q_noise,1637,1637,1459,1,1637,0,0,0,0,fraction,0.34625214012066224,0.36000069745594615,0.36864529082239333,0.3747780301104132,0.3806071261176273,0.3885109829854816,0.40261281170710966,0.3746293825935793,0.00864313978046869,STTC,0,negative
I,,10,202,snr_p_db,1637,1637,1459,1,1637,0,0,0,0,dB,11.857851680145652,11.942553908051659,11.998990038316858,12.038011025770924,12.082061585722093,12.136872724081151,12.247086030863974,12.039280512779165,0.059674626582370514,STTC,0,negative
I,,10,202,delta_p_db,1637,1637,1459,1,1637,0,0,0,0,dB,1.8578516236875386,1.9425538588430535,1.99898996246284,2.0380109630688943,2.082061534803443,2.13687266594115,2.24708597823567,2.0392804541548015,0.05967462672402485,STTC,0,negative
I,,10,202,q_noise,1637,1637,1459,1,1637,0,0,0,0,fraction,0.34805011835616917,0.3606429197381658,0.36889833221952867,0.37454139156473837,0.3808538620832344,0.3886185501011116,0.4039391474990186,0.37466561161791273,0.008591414948453745,STTC,0,negative
I,,10,303,snr_p_db,1637,1637,1459,1,1637,0,0,0,0,dB,11.861624495524332,11.93596785931824,11.995886768770452,12.03836766022307,12.077703933175565,12.135138360078251,12.232750191077823,12.037281017650498,0.06083828032160421,STTC,0,negative
I,,10,303,delta_p_db,1637,1637,1459,1,1637,0,0,0,0,dB,1.8616244406677243,1.9359678086487335,1.9958867158550488,2.038367581351807,2.077703859315343,2.1351383065397878,2.232750132452211,2.0372809595494688,0.060838280368059876,STTC,0,negative
I,,10,303,q_noise,1637,1637,1459,1,1637,0,0,0,0,fraction,0.34861615793073253,0.35967190032714585,0.36844530464403974,0.37459388278413724,0.3802319827176409,0.388375324142714,0.4019684027142304,0.3743753024843074,0.008766120569378748,STTC,0,negative
I,,10,404,snr_p_db,1637,1637,1459,1,1637,0,0,0,0,dB,11.78652205466484,11.934496732407426,11.995588818534058,12.035352471538953,12.076986881902162,12.140520810916023,12.248789119781119,12.036519758036706,0.061051232586762906,STTC,0,negative
I,,10,404,delta_p_db,1637,1637,1459,1,1637,0,0,0,0,dB,1.7865219931184533,1.9344966556663075,1.9955887489069246,2.035352420982559,2.076986818019348,2.1405207592536133,2.248789058090515,2.036519700030429,0.061051232805710634,STTC,0,negative
I,,10,404,q_noise,1637,1637,1459,1,1637,0,0,0,0,fraction,0.33725424165493756,0.3594549896102744,0.3684019136254522,0.374158373127977,0.3801298519411565,0.38913212804501285,0.4041724859925982,0.37426522976632737,0.008791929606221788,STTC,0,negative
I,,10,505,snr_p_db,1637,1637,1459,1,1637,0,0,0,0,dB,11.862212846573637,11.937789466123256,11.993945347250063,12.03547391400247,12.081092528659394,12.138335272928188,12.21961485415651,12.036827477572757,0.06198171146125413,STTC,0,negative
I,,10,505,delta_p_db,1637,1637,1459,1,1637,0,0,0,0,dB,1.8622127994813817,1.9377894099776924,1.9939452919162868,2.0354738620286263,2.0810924780798095,2.1383352206214856,2.2196148030825444,2.0368274190791715,0.06198171116387409,STTC,0,negative
I,,10,505,q_noise,1637,1637,1459,1,1637,0,0,0,0,fraction,0.3487043809425505,0.35994041850723757,0.3681624098654458,0.3741763181993719,0.38071549733319054,0.38882469983330314,0.400156584515046,0.3743076604992129,0.008926658832351398,STTC,0,negative
I,,10,8128,snr_p_db,1637,1637,1459,1,1637,0,0,0,0,dB,11.845675485533437,11.9361619308219,11.996685630378252,12.035972629518291,12.07622011305032,12.137887248196646,12.230613005132302,12.036570039460669,0.060345024577752406,STTC,0,negative
I,,10,8128,delta_p_db,1637,1637,1459,1,1637,0,0,0,0,dB,1.8456754322898095,1.9361618763960406,1.9966855743650258,2.03597258330844,2.0762200408212097,2.137887180176444,2.23061294048807,2.03656998078157,0.06034502468704734,STTC,0,negative
I,,10,8128,q_noise,1637,1637,1459,1,1637,0,0,0,0,fraction,0.3462207872269474,0.35970030408045917,0.36856121970379063,0.3742478901095698,0.3800213220707574,0.3887616663281929,0.40167365943372785,0.37427388921625354,0.008691231498000364,STTC,0,negative
S_00,S_00,0,101,snr_p_db,1637,1637,1459,1,1637,0,0,0,0,dB,2.383690739705137,2.5040361762230154,2.5738466885042643,2.619421001019189,2.668046679540619,2.7411902191093565,2.8664509418264723,2.6205459128681423,0.07186573558000782,STTC,0,negative
S_00,S_00,0,101,delta_p_db,1637,1637,1459,1,1637,0,0,0,0,dB,2.383690738846382,2.5040361730033704,2.5738466881114292,2.6194210124317934,2.668046681294023,2.741190217619195,2.866450947307162,2.6205459127672652,0.07186573568138048,STTC,0,negative
S_00,S_00,0,101,q_noise,1637,1637,1459,1,1637,0,0,0,0,fraction,0.42239642598180493,0.43818150769305025,0.44713999976608,0.452911405135155,0.4590030383374141,0.4680378952141372,0.4831615974717542,0.45297872830136005,0.009051001778177307,STTC,0,negative
S_00,S_00,0,202,snr_p_db,1637,1637,1459,1,1637,0,0,0,0,dB,2.412302831837157,2.503860999518227,2.5698989486448607,2.618874498191413,2.6679857245689598,2.746759725556865,2.888618794346241,2.620904597050847,0.07356099665838514,STTC,0,negative
S_00,S_00,0,202,delta_p_db,1637,1637,1459,1,1637,0,0,0,0,dB,2.412302836335141,2.503861001125717,2.569898945571608,2.6188744855530075,2.6679857263906985,2.746759723443957,2.888618788254194,2.620904597114932,0.07356099671227724,STTC,0,negative
S_00,S_00,0,202,q_noise,1637,1637,1459,1,1637,0,0,0,0,fraction,0.4261887091821741,0.43815862052291704,0.4466373564500204,0.4528433806661289,0.4589952189854539,0.46871983968266384,0.48579334395979823,0.45302039876394107,0.009252082027965075,STTC,0,negative
S_00,S_00,0,303,snr_p_db,1637,1637,1459,1,1637,0,0,0,0,dB,2.385507332419943,2.5018812565438533,2.575378617398423,2.6207836274111544,2.669068124462674,2.744046535783826,2.825317060712686,2.6217271898648744,0.07270702868950055,STTC,0,negative
S_00,S_00,0,303,delta_p_db,1637,1637,1459,1,1637,0,0,0,0,dB,2.385507331669055,2.501881259834448,2.5753786149877733,2.6207836204093344,2.66906812403614,2.7440465374598935,2.825317063015396,2.6217271896446754,0.0727070289349531,STTC,0,negative
S_00,S_00,0,303,q_noise,1637,1637,1459,1,1637,0,0,0,0,fraction,0.42263734107090245,0.43790288018998474,0.44733531379256736,0.45308352455901135,0.45912998524368726,0.4683882046548649,0.4782440171751405,0.4531257264181419,0.009156076195259134,STTC,0,negative
S_00,S_00,0,404,snr_p_db,1637,1637,1459,1,1637,0,0,0,0,dB,2.380377892387395,2.5004988223300524,2.5670523173919486,2.618706778135986,2.6664307841758284,2.739298365432342,2.823954496951105,2.618516071705711,0.07330013433360175,STTC,0,negative
S_00,S_00,0,404,delta_p_db,1637,1637,1459,1,1637,0,0,0,0,dB,2.3803778969475298,2.500498829142762,2.567052321248469,2.618706778811186,2.666430788288502,2.739298365902782,2.823954482553786,2.6185160716248688,0.07330013419760506,STTC,0,negative
S_00,S_00,0,404,q_noise,1637,1637,1459,1,1637,0,0,0,0,fraction,0.42195533727331247,0.437725122539626,0.44627449196950725,0.4528214173875931,0.4588019217833906,0.46780730413256494,0.47807991311003434,0.4527199800953165,0.009235774410364706,STTC,0,negative
S_00,S_00,0,505,snr_p_db,1637,1637,1459,1,1637,0,0,0,0,dB,2.4192068046211617,2.500501852573234,2.5713489477381133,2.6203862776959443,2.669142001278501,2.7362252359372574,2.8942117193418184,2.6198588321542924,0.0721835941135858,STTC,0,negative
S_00,S_00,0,505,delta_p_db,1637,1637,1459,1,1637,0,0,0,0,dB,2.419206795838987,2.5005018580287617,2.5713489492446695,2.6203862725798333,2.669142005053715,2.736225234755015,2.8942117206811444,2.6198588320793372,0.07218359432430371,STTC,0,negative
S_00,S_00,0,505,q_noise,1637,1637,1459,1,1637,0,0,0,0,fraction,0.4271029849833637,0.437724650132647,0.4468224103748836,0.45303325096955505,0.45913957310454556,0.4674294662692762,0.4864550079828823,0.4528915259884272,0.009090559574636775,STTC,0,negative
S_00,S_00,0,8128,snr_p_db,1637,1637,1459,1,1637,0,0,0,0,dB,2.40195323203557,2.502597822393208,2.571311000581323,2.6185442918675395,2.6657452913319784,2.7325789643729337,2.878875892922585,2.6189174159210293,0.0698047815118296,STTC,0,negative
S_00,S_00,0,8128,delta_p_db,1637,1637,1459,1,1637,0,0,0,0,dB,2.4019532326922195,2.5025978226511034,2.5713110046375927,2.618544295841922,2.665745291345849,2.7325789633642406,2.8788758915154355,2.618917416145077,0.06980478145463613,STTC,0,negative
S_00,S_00,0,8128,q_noise,1637,1637,1459,1,1637,0,0,0,0,fraction,0.42481906828120314,0.4379958586268541,0.44681733065183316,0.4528011716235704,0.458716119471115,0.46698235145417966,0.4846383642654077,0.4527777947476993,0.008796088281943856,STTC,0,negative
S_00,S_00,5,101,snr_p_db,1637,1637,1459,1,1637,0,0,0,0,dB,7.383690628387466,7.504036053030526,7.573846584031834,7.619420906685109,7.668046581929681,7.741190110410203,7.866450823335597,7.620545801110568,0.07186573596591884,STTC,0,negative
S_00,S_00,5,101,delta_p_db,1637,1637,1459,1,1637,0,0,0,0,dB,2.3836907367928526,2.5040361677598852,2.5738466949305963,2.619421016160526,2.6680466924018162,2.741190220237686,2.866450941955811,2.6205459128552175,0.07186573577008487,STTC,0,negative
S_00,S_00,5,101,q_noise,1637,1637,1459,1,1637,0,0,0,0,fraction,0.42239642570868946,0.4381815070148379,0.44714000063416487,0.45291140560487014,0.45900303972110273,0.4680378955348842,0.48316159683490906,0.45297872831224983,0.009051001789829406,STTC,0,negative
S_00,S_00,5,202,snr_p_db,1637,1637,1459,1,1637,0,0,0,0,dB,7.412302713750208,7.503860889151657,7.569898843108078,7.618874378782731,7.667985607440485,7.746759612953175,7.888618673502136,7.620904484800012,0.07356099641085026,STTC,0,negative
S_00,S_00,5,202,delta_p_db,1637,1637,1459,1,1637,0,0,0,0,dB,2.4123028315828052,2.5038609980597384,2.5698989541350614,2.618874487426808,2.667985726093676,2.7467597225800158,2.8886187815912083,2.620904596933369,0.07356099634725935,STTC,0,negative
S_00,S_00,5,202,q_noise,1637,1637,1459,1,1637,0,0,0,0,fraction,0.42618870855427204,0.43815862012633877,0.4466373575411452,0.4528433809022043,0.4589952189484535,0.46871983957697766,0.4857933431708976,0.45302039874184835,0.00925208198295424,STTC,0,negative
S_00,S_00,5,303,snr_p_db,1637,1637,1459,1,1637,0,0,0,0,dB,7.385507221051605,7.501881138864292,7.57537850442631,7.620783505463601,7.669068011916455,7.7440464233412865,7.825316952918789,7.621727077719026,0.07270702901553672,STTC,0,negative
S_00,S_00,5,303,delta_p_db,1637,1637,1459,1,1637,0,0,0,0,dB,2.385507324530535,2.5018812542666136,2.5753786153144143,2.6207836186507665,2.6690681259105995,2.7440465301733474,2.825317066044091,2.6217271895896475,0.0727070290376214,STTC,0,negative
S_00,S_00,5,303,q_noise,1637,1637,1459,1,1637,0,0,0,0,fraction,0.4226373401218886,0.43790287946935563,0.44733531383413433,0.453083524337551,0.45912998547713235,0.46838820376289997,0.47824401753900425,0.45312572641099724,0.009156076208144716,STTC,0,negative
S_00,S_00,5,404,snr_p_db,1637,1637,1459,1,1637,0,0,0,0,dB,7.380377781679518,7.500498703513105,7.567052195479301,7.618706674026871,7.666430681380109,7.739298245517163,7.823954378048514,7.61851595998566,0.07330013433524715,STTC,0,negative
S_00,S_00,5,404,delta_p_db,1637,1637,1459,1,1637,0,0,0,0,dB,2.380377902067689,2.500498819285564,2.567052315787204,2.6187067801219444,2.6664307952442536,2.7392983579818355,2.823954484740937,2.6185160716588474,0.07330013408641221,STTC,0,negative
S_00,S_00,5,404,q_noise,1637,1637,1459,1,1637,0,0,0,0,fraction,0.4219553379548042,0.4377251212634431,0.44627449127319585,0.45282141755273875,0.45880192265018466,0.4678073031619197,0.47807991337287853,0.45271998009983305,0.009235774396567146,STTC,0,negative
S_00,S_00,5,505,snr_p_db,1637,1637,1459,1,1637,0,0,0,0,dB,7.419206668936092,7.5005017458511265,7.571348830591349,7.620386172903194,7.669141856343817,7.736225132186108,7.8942116096184245,7.619858719834129,0.07218359379113219,STTC,0,negative
S_00,S_00,5,505,delta_p_db,1637,1637,1459,1,1637,0,0,0,0,dB,2.419206794681182,2.5005018659438267,2.571348945548639,2.620386274282425,2.669141990927871,2.7362252437021763,2.89421172391663,2.6198588320210128,0.07218359401752861,STTC,0,negative
S_00,S_00,5,505,q_noise,1637,1637,1459,1,1637,0,0,0,0,fraction,0.42710298483063247,0.4377246511574027,0.44682240990410604,0.45303325118398585,0.45913957134534533,0.46742946736650587,0.4864550083654724,0.45289152598171933,0.009090559536504558,STTC,0,negative
S_00,S_00,5,8128,snr_p_db,1637,1637,1459,1,1637,0,0,0,0,dB,7.401953114274961,7.502597719834312,7.57131088489386,7.618544191529296,7.665745199062634,7.732578854543568,7.878875771652637,7.618917303817474,0.06980478125562631,STTC,0,negative
S_00,S_00,5,8128,delta_p_db,1637,1637,1459,1,1637,0,0,0,0,dB,2.401953228662283,2.5025978263430506,2.5713109977514086,2.6185442967283685,2.66574529762347,2.7325789641064966,2.8788758944336665,2.6189174159307815,0.06980478119459484,STTC,0,negative
S_00,S_00,5,8128,q_noise,1637,1637,1459,1,1637,0,0,0,0,fraction,0.42481906774747713,0.437995859104616,0.4468173297747053,0.4528011717352603,0.4587161202535277,0.4669823515452871,0.48463836461170373,0.45277779472122426,0.008796088249535419,STTC,0,negative
S_00,S_00,10,101,snr_p_db,1637,1637,1459,1,1637,0,0,0,0,dB,12.383690795173148,12.50403621972299,12.573846753520932,12.619421078149138,12.668046734954018,12.741190261165311,12.866450981313047,12.620545971372099,0.07186573531960203,STTC,0,negative
S_00,S_00,10,101,delta_p_db,1637,1637,1459,1,1637,0,0,0,0,dB,2.383690737447518,2.504036168873276,2.573846696550633,2.619421016790173,2.6680466788923236,2.741190210043123,2.8664509408888152,2.6205459129353605,0.07186573532460283,STTC,0,negative
S_00,S_00,10,101,q_noise,1637,1637,1459,1,1637,0,0,0,0,fraction,0.4223964257957586,0.4381815071589704,0.44714000084039673,0.4529114056841878,0.4590030380382366,0.46803789428613435,0.48316159670792974,0.4529787283232768,0.00905100173270901,STTC,0,negative
S_00,S_00,10,202,snr_p_db,1637,1637,1459,1,1637,0,0,0,0,dB,12.412302910019664,12.503861061747507,12.569899004485997,12.618874548632055,12.667985783798144,12.746759764294868,12.888618840707167,12.620904655753705,0.07356099668534777,STTC,0,negative
S_00,S_00,10,202,delta_p_db,1637,1637,1459,1,1637,0,0,0,0,dB,2.4123028407228637,2.5038610048108327,2.569898942101333,2.6188744775953583,2.6679857315432223,2.746759712957599,2.888618774174266,2.6209045971379723,0.07356099691562533,STTC,0,negative
S_00,S_00,10,202,q_noise,1637,1637,1459,1,1637,0,0,0,0,fraction,0.4261887097619017,0.4381586209996327,0.44663735600785015,0.4528433796635648,0.45899521962730855,0.46871983839983944,0.48579334229272825,0.45302039876640593,0.009252082054189249,STTC,0,negative
S_00,S_00,10,303,snr_p_db,1637,1637,1459,1,1637,0,0,0,0,dB,12.38550738877599,12.501881305251718,12.575378670048957,12.620783670932681,12.669068184387214,12.744046625395193,12.82531710403661,12.621727247567412,0.07270702925035755,STTC,0,negative
S_00,S_00,10,303,delta_p_db,1637,1637,1459,1,1637,0,0,0,0,dB,2.3855073245290352,2.5018812596294975,2.575378609991586,2.6207836097773347,2.669068114205642,2.7440465487024577,2.825317052340553,2.62172718919205,0.07270702937729209,STTC,0,negative
S_00,S_00,10,303,q_noise,1637,1637,1459,1,1637,0,0,0,0,fraction,0.42263734012168924,0.43790288016345946,0.4473353131567738,0.45308352322010054,0.4591299840193979,0.4683882060310382,0.4782440158926781,0.4531257263602143,0.009156076251925912,STTC,0,negative
S_00,S_00,10,404,snr_p_db,1637,1637,1459,1,1637,0,0,0,0,dB,12.38037798652162,12.500498889470636,12.567052358075273,12.61870683338123,12.66643083586149,12.73929839413862,12.823954542065596,12.618516129377296,0.07330013367382139,STTC,0,negative
S_00,S_00,10,404,delta_p_db,1637,1637,1459,1,1637,0,0,0,0,dB,2.380377912376336,2.500498830259942,2.5670523103937275,2.6187067710283114,2.6664307908276816,2.739298360309901,2.823954485822237,2.6185160713476767,0.07330013419202176,STTC,0,negative
S_00,S_00,10,404,q_noise,1637,1637,1459,1,1637,0,0,0,0,fraction,0.42195533932688195,0.43772512268427793,0.4462744905855275,0.45282141640700896,0.4588019220998117,0.46780730344719995,0.4780799135028256,0.4527199800604039,0.009235774409150715,STTC,0,negative
S_00,S_00,10,505,snr_p_db,1637,1637,1459,1,1637,0,0,0,0,dB,12.419206876190092,12.500501916257036,12.571349015805296,12.620386336564879,12.669142040051025,12.736225285821645,12.894211771743453,12.619858890207839,0.07218359389973855,STTC,0,negative
S_00,S_00,10,505,delta_p_db,1637,1637,1459,1,1637,0,0,0,0,dB,2.4192068082160665,2.5005018587894,2.5713489501038094,2.62038627794933,2.669141997617631,2.736225233663454,2.8942117264994947,2.6198588319440086,0.07218359394212268,STTC,0,negative
S_00,S_00,10,505,q_noise,1637,1637,1459,1,1637,0,0,0,0,fraction,0.4271029866160788,0.4377246502311631,0.4468224104843157,0.45303325164580965,0.4591395721784727,0.4674294661354157,0.48645500867089114,0.4528915259721886,0.009090559524951396,STTC,0,negative
S_00,S_00,10,8128,snr_p_db,1637,1637,1459,1,1637,0,0,0,0,dB,12.401953299183885,12.50259788031801,12.571311049588786,12.618544337177113,12.665745370766032,12.732579031678899,12.878875934712589,12.618917474534198,0.06980478103165554,STTC,0,negative
S_00,S_00,10,8128,delta_p_db,1637,1637,1459,1,1637,0,0,0,0,dB,2.401953239953275,2.502597825090062,2.571310992997046,2.6185442775090957,2.6657453064493426,2.732578967376812,2.8788758880748997,2.618917416030059,0.06980478132716085,STTC,0,negative
S_00,S_00,10,8128,q_noise,1637,1637,1459,1,1637,0,0,0,0,fraction,0.4248190692428595,0.43799585894244314,0.4468173291691183,0.45280116931368597,0.4587161213535423,0.46698235194672977,0.48463836385713177,0.45277779473346164,0.008796088266679441,STTC,0,negative
S_01,S_01,0,101,snr_p_db,1637,1637,1459,1,1637,0,0,0,0,dB,1.3995966566558906,1.537431430378611,1.5959846396235573,1.6338740936949405,1.6763838466842105,1.7392662136412789,1.8297572145064989,1.6361566319550531,0.06107939020283529,STTC,0,negative
S_01,S_01,0,101,delta_p_db,1637,1637,1459,1,1637,0,0,0,0,dB,1.3995966442729415,1.53743143159014,1.595984639831523,1.6338740942020022,1.6763838432390519,1.7392662152209377,1.8297572163036637,1.6361566318615153,0.06107939020405835,STTC,0,negative
S_01,S_01,0,101,q_noise,1637,1637,1459,1,1637,0,0,0,0,fraction,0.27549756522865865,0.29813034103674574,0.3075298098888517,0.3135444258402052,0.3202320123045874,0.33000337730262286,0.34381879074686283,0.31383804293792666,0.009645789499999642,STTC,0,negative
S_01,S_01,0,202,snr_p_db,1637,1637,1459,1,1637,0,0,0,0,dB,1.4160371399878693,1.5356826910586336,1.597113483695006,1.6333832864967266,1.6771876186445167,1.735406120589486,1.8292513563831188,1.6357092234795862,0.0606340623428768,STTC,0,negative
S_01,S_01,0,202,delta_p_db,1637,1637,1459,1,1637,0,0,0,0,dB,1.4160371346992606,1.5356826970763846,1.597113470356283,1.6333832944279738,1.6771876212819818,1.7354061303017048,1.82925135801494,1.6357092234862538,0.06063406248572195,STTC,0,negative
S_01,S_01,0,202,q_noise,1637,1637,1459,1,1637,0,0,0,0,fraction,0.2782348550539887,0.29784827149020054,0.30770999725774895,0.313466946493349,0.32035715315774527,0.3294070393231808,0.3437432413269339,0.3137683280813378,0.009578116039164749,STTC,0,negative
S_01,S_01,0,303,snr_p_db,1637,1637,1459,1,1637,0,0,0,0,dB,1.434071963193615,1.5396041879518791,1.596296922118107,1.6368215492099263,1.6810358606176143,1.742118498121992,1.8319433186047986,1.6382358325567903,0.061427746034716,STTC,0,negative
S_01,S_01,0,303,delta_p_db,1637,1637,1459,1,1637,0,0,0,0,dB,1.4340719653498992,1.5396041878228865,1.5962969282525181,1.636821547660743,1.6810358736517552,1.7421184971509955,1.8319433246797734,1.6382358324045179,0.06142774612661045,STTC,0,negative
S_01,S_01,0,303,q_noise,1637,1637,1459,1,1637,0,0,0,0,fraction,0.2812257746531999,0.2984838393164475,0.30757971044612326,0.3140103662871206,0.32095957042376755,0.330442960215991,0.34414856690459744,0.31416571411945665,0.009691349350440682,STTC,0,negative
S_01,S_01,0,404,snr_p_db,1637,1637,1459,1,1637,0,0,0,0,dB,1.4499622380845318,1.5363239711857197,1.5965791370327254,1.6379324032984925,1.6804354683273233,1.7404327096410848,1.8340537209340697,1.6382268944154994,0.06212568360024754,STTC,0,negative
S_01,S_01,0,404,delta_p_db,1637,1637,1459,1,1637,0,0,0,0,dB,1.4499622352751549,1.5363239693946962,1.5965791356356518,1.637932405784952,1.6804354608245982,1.740432708311667,1.8340537245685762,1.6382268943724616,0.062125683482160035,STTC,0,negative
S_01,S_01,0,404,q_noise,1637,1637,1459,1,1637,0,0,0,0,fraction,0.2838514301667691,0.29795195160451504,0.3076239853624024,0.3141865845051699,0.3208651269331681,0.33018284604899495,0.34446767457057265,0.31416270030675925,0.00980922707935507,STTC,0,negative
S_01,S_01,0,505,snr_p_db,1637,1637,1459,1,1637,0,0,0,0,dB,1.4406412157850075,1.5390771446085,1.595003612523975,1.634924271665382,1.677831521641489,1.7378866928736894,1.8581101077373694,1.6366232691846652,0.06129589869621149,STTC,0,negative
S_01,S_01,0,505,delta_p_db,1637,1637,1459,1,1637,0,0,0,0,dB,1.4406412077539008,1.5390771348394119,1.595003614180992,1.6349242696606836,1.6778315197181304,1.7378866920613851,1.8581101062815162,1.6366232691884992,0.061295898621064715,STTC,0,negative
S_01,S_01,0,505,q_noise,1637,1637,1459,1,1637,0,0,0,0,fraction,0.2823121024288963,0.2983969768111908,0.3073732608653909,0.31371063112519443,0.3204578175599116,0.3297905562432173,0.3480893324389617,0.3139112973072984,0.00967605414172381,STTC,0,negative
S_01,S_01,0,8128,snr_p_db,1637,1637,1459,1,1637,0,0,0,0,dB,1.4556046265518316,1.5374980618128704,1.592310580498685,1.63478653196039,1.6760190332916598,1.7376115972215376,1.8841113945172134,1.635204574662232,0.060915888641661316,STTC,0,negative
S_01,S_01,0,8128,delta_p_db,1637,1637,1459,1,1637,0,0,0,0,dB,1.455604628105347,1.5374980527629343,1.592310580016597,1.6347865347290096,1.6760190369520136,1.73761159208563,1.8841113963970881,1.6352045748581903,0.06091588862757896,STTC,0,negative
S_01,S_01,0,8128,q_noise,1637,1637,1459,1,1637,0,0,0,0,fraction,0.2847844091671715,0.2981413842709757,0.30694408741409956,0.3136894172137089,0.32017455049657473,0.3297477658453462,0.3519805601247275,0.3136879878613523,0.009617973048504985,STTC,0,negative
S_01,S_01,5,101,snr_p_db,1637,1637,1459,1,1637,0,0,0,0,dB,6.39959653242549,6.537431318831406,6.595984516841227,6.633873970923365,6.676383725630192,6.739266100338057,6.829757104950133,6.636156520037565,0.06107939064113649,STTC,0,negative
S_01,S_01,5,101,delta_p_db,1637,1637,1459,1,1637,0,0,0,0,dB,1.399596641345051,1.5374314307748647,1.5959846427647872,1.6338740912439191,1.6763838398357853,1.7392662156973355,1.8297572189372127,1.6361566319565828,0.06107939027605829,STTC,0,negative
S_01,S_01,5,101,q_noise,1637,1637,1459,1,1637,0,0,0,0,fraction,0.27549756474021964,0.2981303409049852,0.30752981035655236,0.31354442537264393,0.3202320117719001,0.3300033773761204,0.34381879114476926,0.3138380429527878,0.009645789510987128,STTC,0,negative
S_01,S_01,5,202,snr_p_db,1637,1637,1459,1,1637,0,0,0,0,dB,6.416037014719001,6.535682572586729,6.597113365166516,6.633383180347373,6.677187508939647,6.735406015036675,6.829251248958319,6.6357091114501925,0.06063406259870753,STTC,0,negative
S_01,S_01,5,202,delta_p_db,1637,1637,1459,1,1637,0,0,0,0,dB,1.4160371301726218,1.5356826918656805,1.597113462003895,1.633383288864443,1.6771876187529506,1.7354061272567547,1.8292513542036781,1.635709223532349,0.06063406258439164,STTC,0,negative
S_01,S_01,5,202,q_noise,1637,1637,1459,1,1637,0,0,0,0,fraction,0.2782348543016949,0.2978482706477538,0.307709995926331,0.31346694561386573,0.3203571527619681,0.3294070388530096,0.3437432407510191,0.31376832808840216,0.00957811605500849,STTC,0,negative
S_01,S_01,5,303,snr_p_db,1637,1637,1459,1,1637,0,0,0,0,dB,6.434071856877513,6.53960408297313,6.596296816256921,6.636821438372329,6.6810357655626875,6.742118385860496,6.831943223378222,6.638235720617066,0.06142774591787688,STTC,0,negative
S_01,S_01,5,303,delta_p_db,1637,1637,1459,1,1637,0,0,0,0,dB,1.4340719599679221,1.5396041935758045,1.5962969333830188,1.6368215436015965,1.6810358732268056,1.7421184965055656,1.8319433350562744,1.6382358324267856,0.061427746108638014,STTC,0,negative
S_01,S_01,5,303,q_noise,1637,1637,1459,1,1637,0,0,0,0,fraction,0.28122577376246166,0.2984838402456357,0.30757971126410805,0.3140103656459582,0.3209595703573247,0.330442960116476,0.3441485684716086,0.3141657141230139,0.009691349347437584,STTC,0,negative
S_01,S_01,5,404,snr_p_db,1637,1637,1459,1,1637,0,0,0,0,dB,6.449962108494837,6.536323854526018,6.596579025306336,6.6379323000420865,6.680435351592787,6.7404325945872525,6.8340536084534165,6.638226782714831,0.06212568346586071,STTC,0,negative
S_01,S_01,5,404,delta_p_db,1637,1637,1459,1,1637,0,0,0,0,dB,1.4499622330753825,1.536323970112336,1.5965791372311602,1.6379323995952821,1.6804354632705105,1.7404327090173777,1.834053725559592,1.6382268944095675,0.062125683568615524,STTC,0,negative
S_01,S_01,5,404,q_noise,1637,1637,1459,1,1637,0,0,0,0,fraction,0.2838514298040282,0.297951951720545,0.30762398561676707,0.31418658336516436,0.32086512731565153,0.3301828461578387,0.34446767472015827,0.3141627003124248,0.009809227092706036,STTC,0,negative
S_01,S_01,5,505,snr_p_db,1637,1637,1459,1,1637,0,0,0,0,dB,6.440641093820406,6.539077023579504,6.595003517838761,6.634924155721417,6.677831409038771,6.737886569808774,6.858110003168952,6.636623157156602,0.06129589827943649,STTC,0,negative
S_01,S_01,5,505,delta_p_db,1637,1637,1459,1,1637,0,0,0,0,dB,1.4406412116591154,1.5390771332126871,1.5950036135599464,1.6349242717346637,1.6778315137805873,1.7378866883045145,1.8581101097233454,1.6366232691989195,0.061295898596747965,STTC,0,negative
S_01,S_01,5,505,q_noise,1637,1637,1459,1,1637,0,0,0,0,fraction,0.28231210307424764,0.2983969765483925,0.3073732607663446,0.31371063145293304,0.3204578166308619,0.3297905556634462,0.34808933295560773,0.3139112973089994,0.009676054137739455,STTC,0,negative
S_01,S_01,5,8128,snr_p_db,1637,1637,1459,1,1637,0,0,0,0,dB,6.455604510887766,6.53749795074561,6.5923104612876795,6.63478641598077,6.6760189213837515,6.737611481156558,6.884111276797308,6.635204462619007,0.060915888335278376,STTC,0,negative
S_01,S_01,5,8128,delta_p_db,1637,1637,1459,1,1637,0,0,0,0,dB,1.455604621406679,1.5374980539248446,1.5923105770330364,1.6347865242835553,1.676019040883328,1.737611592291986,1.8841113935708287,1.6352045747631703,0.06091588850251852,STTC,0,negative
S_01,S_01,5,8128,q_noise,1637,1637,1459,1,1637,0,0,0,0,fraction,0.28478440806400496,0.29814138445875243,0.30694408693797687,0.31368941556302565,0.32017455111196536,0.32974776587712035,0.35198055970301567,0.3136879878466124,0.009617973029170184,STTC,0,negative
S_01,S_01,10,101,snr_p_db,1637,1637,1459,1,1637,0,0,0,0,dB,11.39959671607029,11.537431490777017,11.595984693642489,11.633874153680043,11.676383900045606,11.739266278691586,11.829757277001917,11.636156690255746,0.06107938984124755,STTC,0,negative
S_01,S_01,10,101,delta_p_db,1637,1637,1459,1,1637,0,0,0,0,dB,1.3995966429487072,1.5374314338551087,1.5959846387649255,1.6338740905776825,1.6763838458987275,1.7392662156198553,1.8297572194460119,1.6361566317926675,0.061079390026271045,STTC,0,negative
S_01,S_01,10,101,q_noise,1637,1637,1459,1,1637,0,0,0,0,fraction,0.27549756500774614,0.2981303414027897,0.3075298097187858,0.31354442526733706,0.3202320127208861,0.3300033773641656,0.3438187912216444,0.3138380429274413,0.009645789472604669,STTC,0,negative
S_01,S_01,10,202,snr_p_db,1637,1637,1459,1,1637,0,0,0,0,dB,11.41603718544946,11.53568275388779,11.597113539468232,11.633383326473261,11.677187666054254,11.735406180494863,11.829251430128814,11.635709282194597,0.060634062497250875,STTC,0,negative
S_01,S_01,10,202,delta_p_db,1637,1637,1459,1,1637,0,0,0,0,dB,1.4160371349159466,1.535682700222616,1.5971134719693179,1.6333832842666542,1.677187619961963,1.7354061302106423,1.829251359585708,1.635709223535252,0.060634062621770866,STTC,0,negative
S_01,S_01,10,202,q_noise,1637,1637,1459,1,1637,0,0,0,0,fraction,0.2782348550900002,0.29784827199886993,0.30770999751487577,0.31346694488704685,0.3203571529511708,0.3294070393091189,0.3437432415642906,0.31376832808878125,0.00957811606033455,STTC,0,negative
S_01,S_01,10,303,snr_p_db,1637,1637,1459,1,1637,0,0,0,0,dB,11.434072019002738,11.539604238037956,11.596296991252416,11.636821587652298,11.681035936599418,11.742118556034717,11.831943370127602,11.638235890687936,0.06142774617718484,STTC,0,negative
S_01,S_01,10,303,delta_p_db,1637,1637,1459,1,1637,0,0,0,0,dB,1.4340719584588981,1.5396041788610588,1.596296926333355,1.636821535761859,1.6810358731630446,1.7421184958247962,1.8319433317397862,1.6382358324028663,0.06142774627921939,STTC,0,negative
S_01,S_01,10,303,q_noise,1637,1637,1459,1,1637,0,0,0,0,fraction,0.28122577351271244,0.29848383786890004,0.3075797101401403,0.3140103644076328,0.3209595703473554,0.33044296001152734,0.3441485679707678,0.31416571411885275,0.009691349375120556,STTC,0,negative
S_01,S_01,10,404,snr_p_db,1637,1637,1459,1,1637,0,0,0,0,dB,11.449962304253603,11.536324013876222,11.596579188203988,11.63793245291596,11.680435526119082,11.740432751000336,11.834053786284723,11.638226952433333,0.062125683110403125,STTC,0,negative
S_01,S_01,10,404,delta_p_db,1637,1637,1459,1,1637,0,0,0,0,dB,1.449962241273863,1.5363239657289,1.596579136829919,1.637932404509852,1.6804354647415018,1.7404327040930883,1.8340537252498117,1.6382268943253129,0.06212568340136119,STTC,0,negative
S_01,S_01,10,404,q_noise,1637,1637,1459,1,1637,0,0,0,0,fraction,0.28385143115595185,0.2979519510119157,0.30762398555279885,0.3141865843794144,0.32086512754568025,0.33018284539836923,0.34446767467339956,0.31416270029949855,0.00980922706615195,STTC,0,negative
S_01,S_01,10,505,snr_p_db,1637,1637,1459,1,1637,0,0,0,0,dB,11.440641286681752,11.539077188395808,11.595003679924616,11.63492432243421,11.677831575073967,11.737886759091843,11.858110175527267,11.636623327408964,0.061295898761609215,STTC,0,negative
S_01,S_01,10,505,delta_p_db,1637,1637,1459,1,1637,0,0,0,0,dB,1.4406412162349744,1.539077119531242,1.595003614611778,1.6349242652663878,1.6778315122919276,1.7378866896096927,1.8581101191843854,1.6366232691369769,0.06129589881918222,STTC,0,negative
S_01,S_01,10,505,q_noise,1637,1637,1459,1,1637,0,0,0,0,fraction,0.28231210383042554,0.29839697433817486,0.3073732609340941,0.3137106304307904,0.3204578163979308,0.3297905558648714,0.3480893343757854,0.31391129729872086,0.009676054172492718,STTC,0,negative
S_01,S_01,10,8128,snr_p_db,1637,1637,1459,1,1637,0,0,0,0,dB,11.455604680596128,11.53749809357947,11.592310624604503,11.634786581930312,11.67601908584764,11.737611660284717,11.884111431189798,11.63520463319404,0.06091588855253546,STTC,0,negative
S_01,S_01,10,8128,delta_p_db,1637,1637,1459,1,1637,0,0,0,0,dB,1.4556046179420177,1.5374980486670078,1.5923105722924245,1.6347865202163212,1.6760190360111615,1.7376116014546745,1.8841113928065003,1.635204574685563,0.060915888423036094,STTC,0,negative
S_01,S_01,10,8128,q_noise,1637,1637,1459,1,1637,0,0,0,0,fraction,0.28478440749342887,0.29814138360903875,0.3069440861814606,0.3136894149202854,0.3201745503492979,0.3297477672912639,0.3519805595889687,0.31368798783452323,0.009617973016980945,STTC,0,negative
S_02,S_02,0,101,snr_p_db,1637,1637,1459,1,1637,0,0,0,0,dB,0.9260757256731538,1.0582242640657211,1.1090177031430035,1.143997322505236,1.1808054000084751,1.2311436575918437,1.3025977734749898,1.1444716949206086,0.05220798769527217,STTC,0,negative
S_02,S_02,0,101,delta_p_db,1637,1637,1459,1,1637,0,0,0,0,dB,0.9260757158570514,1.0582242643051805,1.1090177018543712,1.1439973181740488,1.1808054061657431,1.2311436612567264,1.3025977740541572,1.1444716947085412,0.05220798790036204,STTC,0,negative
S_02,S_02,0,101,q_noise,1637,1637,1459,1,1637,0,0,0,0,fraction,0.19203612733180223,0.21625052606632456,0.22536313459359994,0.231578332652931,0.23806456407545826,0.24684409863635162,0.2591344378112952,0.23160668789060168,0.009235527165120608,STTC,0,negative
S_02,S_02,0,202,snr_p_db,1637,1637,1459,1,1637,0,0,0,0,dB,0.9755866573349083,1.0581118626699717,1.1093279882281408,1.1435597902272987,1.1791503760450837,1.2266619727078931,1.3205563343895441,1.1437836304026778,0.05170307690074716,STTC,0,negative
S_02,S_02,0,202,delta_p_db,1637,1637,1459,1,1637,0,0,0,0,dB,0.9755866561819292,1.0581118684235036,1.1093279852949436,1.1435597870520005,1.179150381256035,1.2266619769763802,1.3205563324760274,1.1437836304052051,0.05170307688134182,STTC,0,negative
S_02,S_02,0,202,q_noise,1637,1637,1459,1,1637,0,0,0,0,fraction,0.2011946711633312,0.21623070815327414,0.22542059951296375,0.231501267656649,0.2377726417929833,0.24606613385560405,0.26219081721622545,0.2314860100476421,0.009147056601808852,STTC,0,negative
S_02,S_02,0,303,snr_p_db,1637,1637,1459,1,1637,0,0,0,0,dB,1.0024695574096418,1.0608974911896982,1.1068534341903533,1.142064416636469,1.1783169682448082,1.2336191326410515,1.3103480640473726,1.1438502608438794,0.05192243308588411,STTC,0,negative
S_02,S_02,0,303,delta_p_db,1637,1637,1459,1,1637,0,0,0,0,dB,1.0024695492759186,1.0608974919882945,1.1068534246391712,1.142064417657883,1.1783169664447566,1.2336191253727193,1.3103480575528934,1.1438502607523076,0.0519224331339828,STTC,0,negative
S_02,S_02,0,303,q_noise,1637,1637,1459,1,1637,0,0,0,0,fraction,0.20612400883462467,0.2167333561045944,0.22497789429788828,0.231236216895947,0.23762638692355698,0.24727298809107448,0.2604548485296503,0.2314973692668794,0.009177873950703507,STTC,0,negative
S_02,S_02,0,404,snr_p_db,1637,1637,1459,1,1637,0,0,0,0,dB,0.9653666625566957,1.0598138537835355,1.1107486323577713,1.1457267524493406,1.1812241424164043,1.2333138113044486,1.3473350728504072,1.1467130035159852,0.05280727130153942,STTC,0,negative
S_02,S_02,0,404,delta_p_db,1637,1637,1459,1,1637,0,0,0,0,dB,0.9653666630459197,1.0598138562539992,1.110748633816979,1.1457267513045748,1.1812241422583454,1.233313813456512,1.347335072789875,1.146713003437312,0.0528072713118533,STTC,0,negative
S_02,S_02,0,404,q_noise,1637,1637,1459,1,1637,0,0,0,0,fraction,0.19931316804487223,0.21653821310696675,0.22567302348849372,0.23188551232522736,0.23813681148971214,0.247220051375409,0.26672646093917685,0.2320018723382587,0.00933328885256373,STTC,0,negative
S_02,S_02,0,505,snr_p_db,1637,1637,1459,1,1637,0,0,0,0,dB,0.9552463859460556,1.061098936914442,1.1093062330848231,1.1427810067951416,1.179473737148555,1.2333644391068939,1.3301566768133726,1.144890854115291,0.05312987362356371,STTC,0,negative
S_02,S_02,0,505,delta_p_db,1637,1637,1459,1,1637,0,0,0,0,dB,0.9552463777974172,1.0610989390845063,1.1093062375114815,1.1427810095779232,1.1794737358637457,1.23336443406704,1.3301566779558882,1.14489085405011,0.053129873608467465,STTC,0,negative
S_02,S_02,0,505,q_noise,1637,1637,1459,1,1637,0,0,0,0,fraction,0.19744665171309755,0.2167698503079881,0.2254150635250676,0.23136244432081876,0.23782879444084015,0.24722852828467642,0.26382047248396573,0.23167889178698803,0.009392347197160702,STTC,0,negative
S_02,S_02,0,8128,snr_p_db,1637,1637,1459,1,1637,0,0,0,0,dB,0.9349997975791168,1.0568756257913194,1.108536077018394,1.1427280307550878,1.1796826781786165,1.231118691762037,1.3220735612122203,1.143685106677401,0.052609603061674025,STTC,0,negative
S_02,S_02,0,8128,delta_p_db,1637,1637,1459,1,1637,0,0,0,0,dB,0.9349997987743462,1.0568756303491993,1.108536080809638,1.1427280251591065,1.1796826716721556,1.2311186855032925,1.322073564463695,1.1436851068014555,0.052609603138072544,STTC,0,negative
S_02,S_02,0,8128,q_noise,1637,1637,1459,1,1637,0,0,0,0,fraction,0.19369852194636314,0.2160077140548924,0.22527763563871733,0.23135298622649605,0.2378676266256981,0.24684014909179217,0.2624489635459034,0.23146664944012468,0.009307914986674996,STTC,0,negative
S_02,S_02,5,101,snr_p_db,1637,1637,1459,1,1637,0,0,0,0,dB,5.926075600651135,6.058224162217537,6.10901759106607,6.143997207259381,6.180805299726996,6.231143543358765,6.30259766843716,6.1444715829226535,0.05220798805542299,STTC,0,negative
S_02,S_02,5,101,delta_p_db,1637,1637,1459,1,1637,0,0,0,0,dB,0.9260757126524782,1.058224268980118,1.1090177040200448,1.1439973198901174,1.1808053998249386,1.2311436591566842,1.302597781095924,1.1444716947336049,0.05220798787055951,STTC,0,negative
S_02,S_02,5,101,q_noise,1637,1637,1459,1,1637,0,0,0,0,fraction,0.1920361267356217,0.21625052690998509,0.2253631349798842,0.23157833295656488,0.23806456296301412,0.24684409827216486,0.2591344390125544,0.23160668789509953,0.009235527159790967,STTC,0,negative
S_02,S_02,5,202,snr_p_db,1637,1637,1459,1,1637,0,0,0,0,dB,5.97558654384049,6.0581117598000205,6.109327884026935,6.143559663669146,6.179150258259934,6.226661866281089,6.320556236164903,6.1437835183252485,0.05170307673509164,STTC,0,negative
S_02,S_02,5,202,delta_p_db,1637,1637,1459,1,1637,0,0,0,0,dB,0.9755866504646877,1.0581118715563103,1.1093279883890548,1.1435597870137324,1.1791503794146376,1.2266619810298525,1.3205563384780292,1.1437836305520073,0.05170307683733066,STTC,0,negative
S_02,S_02,5,202,q_noise,1637,1637,1459,1,1637,0,0,0,0,fraction,0.20119467011174916,0.21623070871865052,0.22542060006480932,0.2315012677800321,0.23777264146980098,0.2460661345592781,0.2621908182358865,0.23148601007371444,0.009147056593187515,STTC,0,negative
S_02,S_02,5,303,snr_p_db,1637,1637,1459,1,1637,0,0,0,0,dB,6.002469440008219,6.0608973849937575,6.10685331111884,6.142064298272178,6.178316858913808,6.233619017218572,6.310347954680068,6.1438501491188955,0.05192243323425234,STTC,0,negative
S_02,S_02,5,303,delta_p_db,1637,1637,1459,1,1637,0,0,0,0,dB,1.0024695548351958,1.0608974928072126,1.1068534274912,1.1420644173515453,1.1783169776315536,1.23361912475588,1.3103480624902197,1.143850260768158,0.05192243321424739,STTC,0,negative
S_02,S_02,5,303,q_noise,1637,1637,1459,1,1637,0,0,0,0,fraction,0.2061240098508422,0.2167333562522894,0.2249778948068483,0.23123621854070103,0.23762638888732096,0.24727298798416195,0.2604548493704107,0.23149736926951558,0.009177873964622798,STTC,0,negative
S_02,S_02,5,404,snr_p_db,1637,1637,1459,1,1637,0,0,0,0,dB,5.965366541296183,6.059813744751438,6.110748509102604,6.145726647275077,6.181224018110756,6.233313699694751,6.347334964109007,6.146712891581661,0.05280727103015053,STTC,0,negative
S_02,S_02,5,404,delta_p_db,1637,1637,1459,1,1637,0,0,0,0,dB,0.9653666613938306,1.0598138582130014,1.1107486308329826,1.1457267519523275,1.1812241407922788,1.2333138113852076,1.3473350744381336,1.146713003303866,0.052807271226629586,STTC,0,negative
S_02,S_02,5,404,q_noise,1637,1637,1459,1,1637,0,0,0,0,fraction,0.19931316774028487,0.21653821346032406,0.22567302295646086,0.23188551243979216,0.23813681123252675,0.24722005101638594,0.26672646121747284,0.23200187231484648,0.009333288837037249,STTC,0,negative
S_02,S_02,5,505,snr_p_db,1637,1637,1459,1,1637,0,0,0,0,dB,5.955246273075861,6.06109881316386,6.10930612564254,6.142780908736122,6.179473622644139,6.233364314930143,6.330156565250013,6.144890742038761,0.053129873235773374,STTC,0,negative
S_02,S_02,5,505,delta_p_db,1637,1637,1459,1,1637,0,0,0,0,dB,0.955246379830721,1.0610989383867426,1.1093062321179987,1.1427810114332384,1.1794737357557223,1.2333644326189663,1.3301566783857726,1.1448908540746234,0.053129873425168776,STTC,0,negative
S_02,S_02,5,505,q_noise,1637,1637,1459,1,1637,0,0,0,0,fraction,0.19744665208884132,0.21676985018219938,0.2254150625631141,0.23136244464918235,0.23782879442188243,0.24722852803367318,0.2638204725568361,0.23167889179172205,0.009392347164444747,STTC,0,negative
S_02,S_02,5,8128,snr_p_db,1637,1637,1459,1,1637,0,0,0,0,dB,5.934999683158983,6.056875519073446,6.108535960699907,6.142727929491506,6.179682555103251,6.231118594372665,6.322073444246957,6.143684994681174,0.05260960320714981,STTC,0,negative
S_02,S_02,5,8128,delta_p_db,1637,1637,1459,1,1637,0,0,0,0,dB,0.9349997971787101,1.0568756296228998,1.1085360784114908,1.1427280317128838,1.17968267036556,1.2311186924678588,1.322073568276342,1.1436851068088336,0.05260960316525939,STTC,0,negative
S_02,S_02,5,8128,q_noise,1637,1637,1459,1,1637,0,0,0,0,fraction,0.19369852165012097,0.2160077139237822,0.2252776352109205,0.23135298738643278,0.23786762639640688,0.24684015029959994,0.2624489641933954,0.23146664944137163,0.009307914991596796,STTC,0,negative
S_02,S_02,10,101,snr_p_db,1637,1637,1459,1,1637,0,0,0,0,dB,10.926075789049367,11.058224323219939,11.109017762411034,11.143997371963003,11.180805475695884,11.231143712569445,11.30259781518089,11.144471752933407,0.05220798743913849,STTC,0,negative
S_02,S_02,10,101,delta_p_db,1637,1637,1459,1,1637,0,0,0,0,dB,0.9260757161753365,1.0582242653081486,1.1090177059732624,1.1439973230843548,1.180805407561008,1.2311436560431188,1.3025977633929287,1.144471694555923,0.052207987542300334,STTC,0,negative
S_02,S_02,10,101,q_noise,1637,1637,1459,1,1637,0,0,0,0,fraction,0.1920361273910162,0.21625052624732366,0.2253631353282731,0.23157833352173915,0.23806456432024645,0.24684409773219926,0.25913443599258984,0.23160668786435698,0.00923552710287208,STTC,0,negative
S_02,S_02,10,202,snr_p_db,1637,1637,1459,1,1637,0,0,0,0,dB,10.975586718048365,11.058111937560257,11.10932805288198,11.14355984950706,11.179150441424774,11.226662038940603,11.320556405222149,11.14378368921878,0.05170307641546658,STTC,0,negative
S_02,S_02,10,202,delta_p_db,1637,1637,1459,1,1637,0,0,0,0,dB,0.9755866564477518,1.0581118737882136,1.1093279910426437,1.1435597895812104,1.1791503829880923,1.2266619746938174,1.320556332363878,1.1437836305872016,0.05170307674754815,STTC,0,negative
S_02,S_02,10,202,q_noise,1637,1637,1459,1,1637,0,0,0,0,fraction,0.20119467121222445,0.21623070912144018,0.2254206005380862,0.23150126796717557,0.23777264209697557,0.24606613345933503,0.2621908171971727,0.23148601008013023,0.009147056577506743,STTC,0,negative
S_02,S_02,10,303,snr_p_db,1637,1637,1459,1,1637,0,0,0,0,dB,11.002469629084468,11.060897546003357,11.106853476292123,11.142064466655643,11.178317013358651,11.233619185525734,11.310348109475717,11.143850319307978,0.05192243322990821,STTC,0,negative
S_02,S_02,10,303,delta_p_db,1637,1637,1459,1,1637,0,0,0,0,dB,1.002469552909988,1.0608974900688273,1.1068534270897366,1.1420644205994555,1.178316968925571,1.233619119448089,1.3103480543749475,1.1438502606744185,0.05192243330865869,STTC,0,negative
S_02,S_02,10,303,q_noise,1637,1637,1459,1,1637,0,0,0,0,fraction,0.20612400949892065,0.2167333557584197,0.22497789473520505,0.23123621706877778,0.23762638735904662,0.24727298706420894,0.26045484798848884,0.23149736925272701,0.009177873981886143,STTC,0,negative
S_02,S_02,10,404,snr_p_db,1637,1637,1459,1,1637,0,0,0,0,dB,10.965366732923446,11.059813915505657,11.110748712977394,11.145726822429737,11.181224180440324,11.233313869923021,11.347335142786063,11.146713061392303,0.052807271399872485,STTC,0,negative
S_02,S_02,10,404,delta_p_db,1637,1637,1459,1,1637,0,0,0,0,dB,0.9653666620742856,1.0598138565346906,1.1107486411426912,1.145726755124307,1.1812241366370162,1.233313811385108,1.3473350741960874,1.1467130033371027,0.05280727127184342,STTC,0,negative
S_02,S_02,10,404,q_noise,1637,1637,1459,1,1637,0,0,0,0,fraction,0.19931316786573697,0.21653821315761662,0.22567302479463427,0.23188551300080393,0.23813681050358781,0.24722005101636113,0.2667264611766051,0.23200187232062686,0.009333288844963794,STTC,0,negative
S_02,S_02,10,505,snr_p_db,1637,1637,1459,1,1637,0,0,0,0,dB,10.955246446019235,11.061099007653688,11.109306302378075,11.142781080235846,11.179473805953254,11.233364491166945,11.330156729944692,11.144890912687414,0.0531298735793803,STTC,0,negative
S_02,S_02,10,505,delta_p_db,1637,1637,1459,1,1637,0,0,0,0,dB,0.9552463850192263,1.0610989391805559,1.1093062363572685,1.1427810131015648,1.1794737404273883,1.2333644320833637,1.330156677606179,1.1448908541379663,0.05312987357694516,STTC,0,negative
S_02,S_02,10,505,q_noise,1637,1637,1459,1,1637,0,0,0,0,fraction,0.19744665304764977,0.2167698503253092,0.2254150633192083,0.23136244494445168,0.2378287952417429,0.24722852794084332,0.26382047242468587,0.2316788918026004,0.009392347191067765,STTC,0,negative
S_02,S_02,10,8128,snr_p_db,1637,1637,1459,1,1637,0,0,0,0,dB,10.934999866352433,11.056875693250644,11.108536134223154,11.142728103312887,11.179682741326207,11.231118739509354,11.322073641310466,11.143685164949728,0.05260960306232335,STTC,0,negative
S_02,S_02,10,8128,delta_p_db,1637,1637,1459,1,1637,0,0,0,0,dB,0.934999800595333,1.0568756334113785,1.1085360801638788,1.1427280291208004,1.1796826759110919,1.2311186860192191,1.3220735703462025,1.1436851066489448,0.052609603047494805,STTC,0,negative
S_02,S_02,10,8128,q_noise,1637,1637,1459,1,1637,0,0,0,0,fraction,0.1936985222844436,0.21600771460767298,0.22527763552352267,0.23135298692766643,0.2378676273695782,0.24684014918126593,0.2624489645449144,0.2314666494133269,0.00930791497180096,STTC,0,negative
S_03,S_03,0,101,snr_p_db,1637,1637,1459,1,1637,0,0,0,0,dB,3.1990175637597607,3.3658259331462905,3.4603488192606946,3.5250933815545427,3.595754982883832,3.6862396843989123,3.8903980039012436,3.5277509020669404,0.09744846055952086,STTC,0,negative
S_03,S_03,0,101,delta_p_db,1637,1637,1459,1,1637,0,0,0,0,dB,3.199017563232837,3.365825933862266,3.4603488200534422,3.52509338318331,3.5957549852265434,3.6862396744717403,3.890398001174704,3.527750901941007,0.09744846052208513,STTC,0,negative
S_03,S_03,0,101,q_noise,1637,1637,1459,1,1637,0,0,0,0,fraction,0.5212621369525144,0.5393013089415551,0.5492203165886886,0.5558900166861315,0.5630576755585156,0.5720671718945876,0.5917185571122506,0.5560505537602309,0.009956962370348007,STTC,0,negative
S_03,S_03,0,202,snr_p_db,1637,1637,1459,1,1637,0,0,0,0,dB,3.223201372181675,3.366177992851531,3.458327770588702,3.528298077662173,3.5974121108175874,3.6916958034376304,3.853092201281676,3.5277662326480357,0.09953289617253334,STTC,0,negative
S_03,S_03,0,202,delta_p_db,1637,1637,1459,1,1637,0,0,0,0,dB,3.2232013703780127,3.3661779917967802,3.4583277640689274,3.528298081303209,3.5974121026375543,3.6916958088275056,3.85309220365626,3.527766232688325,0.09953289617013712,STTC,0,negative
S_03,S_03,0,202,q_noise,1637,1637,1459,1,1637,0,0,0,0,fraction,0.5239206316720714,0.5393384393472788,0.5490102356158558,0.5562185187181539,0.563224465308454,0.5726043693464342,0.5881958931089457,0.5560472989349754,0.01016917646086814,STTC,0,negative
S_03,S_03,0,303,snr_p_db,1637,1637,1459,1,1637,0,0,0,0,dB,3.1896000602152337,3.360935533091628,3.4553311819114922,3.5265474200552935,3.5939515221221834,3.7009190650259387,3.8577440111740273,3.525545566846397,0.10106058897170739,STTC,0,negative
S_03,S_03,0,303,delta_p_db,1637,1637,1459,1,1637,0,0,0,0,dB,3.1896000567885636,3.360935532884509,3.4553311777795646,3.5265474107646804,3.5939515309805548,3.700919066074332,3.85774400697378,3.5255455667267444,0.10106058910364411,STTC,0,negative
S_03,S_03,0,303,q_noise,1637,1637,1459,1,1637,0,0,0,0,fraction,0.5202230051646839,0.5387820392112023,0.5486991960948655,0.5560388479794888,0.5628765812583159,0.5735112479163764,0.5886370056855699,0.5558165767154115,0.010337799617119022,STTC,0,negative
S_03,S_03,0,404,snr_p_db,1637,1637,1459,1,1637,0,0,0,0,dB,3.216035377913664,3.3586929164055968,3.4567940539109756,3.524665816076425,3.5945698689289096,3.6978735956336397,3.862500363422956,3.5254142583915007,0.10184338806270679,STTC,0,negative
S_03,S_03,0,404,delta_p_db,1637,1637,1459,1,1637,0,0,0,0,dB,3.2160353818419396,3.3586929178109877,3.456794059409423,3.524665818854056,3.59456985835899,3.69787359441481,3.8625003534834654,3.5254142584233374,0.10184338798323314,STTC,0,negative
S_03,S_03,0,404,q_noise,1637,1637,1459,1,1637,0,0,0,0,fraction,0.5231341968996266,0.5385441437243591,0.5488507325830296,0.5558472207837649,0.5629386927352629,0.5732122490759386,0.58908743204286,0.5558013447840411,0.0104098508354295,STTC,0,negative
S_03,S_03,0,505,snr_p_db,1637,1637,1459,1,1637,0,0,0,0,dB,3.253822777530318,3.35969947215776,3.4583337461656156,3.525686480785895,3.5965415973443156,3.6943275527291988,3.828168806267807,3.5267098832641564,0.10042288558560868,STTC,0,negative
S_03,S_03,0,505,delta_p_db,1637,1637,1459,1,1637,0,0,0,0,dB,3.2538227742039827,3.359699474702451,3.458333742959879,3.525686485367101,3.596541595229435,3.6943275499466366,3.828168806048589,3.526709883316398,0.10042288580752111,STTC,0,negative
S_03,S_03,0,505,q_noise,1637,1637,1459,1,1637,0,0,0,0,fraction,0.527266341462051,0.5386509758363902,0.5490108412081198,0.5559511903981944,0.5631368496754642,0.5728637815969133,0.5858260404814638,0.5559371968793582,0.010264243159362156,STTC,0,negative
S_03,S_03,0,8128,snr_p_db,1637,1637,1459,1,1637,0,0,0,0,dB,3.221067081473323,3.3637057399446806,3.460796619444826,3.5265876829252236,3.589129449745752,3.6867701190768556,3.895006817433954,3.5250448666015832,0.09694689664775834,STTC,0,negative
S_03,S_03,0,8128,delta_p_db,1637,1637,1459,1,1637,0,0,0,0,dB,3.2210670813163627,3.363705738292987,3.460796618363313,3.5265876834662713,3.589129453029959,3.6867701158771404,3.8950068217482334,3.525044866855421,0.09694689656861782,STTC,0,negative
S_03,S_03,0,8128,q_noise,1637,1637,1459,1,1637,0,0,0,0,fraction,0.5236868071327957,0.5390769719867365,0.5492673044415597,0.5560430437389183,0.562390567383171,0.5721193973702953,0.5921514621116537,0.5557749806801899,0.00991376753259111,STTC,0,negative
S_03,S_03,5,101,snr_p_db,1637,1637,1459,1,1637,0,0,0,0,dB,8.199017425027291,8.365825817607794,8.460348707809022,8.52509327036974,8.595754878435892,8.686239565787867,8.890397902106816,8.52775079053311,0.0974484604864311,STTC,0,negative
S_03,S_03,5,101,delta_p_db,1637,1637,1459,1,1637,0,0,0,0,dB,3.199017546245556,3.3658259385871494,3.460348815466177,3.525093380654308,3.595754996018123,3.686239674231476,3.8903980134005716,3.5277509022707108,0.09744846038470871,STTC,0,negative
S_03,S_03,5,101,q_noise,1637,1637,1459,1,1637,0,0,0,0,fraction,0.5212621350799476,0.53930130944279,0.5492203161125496,0.5558900164275156,0.563057676644253,0.5720671718709122,0.5917185582616078,0.5560505537942465,0.00995696235591104,STTC,0,negative
S_03,S_03,5,202,snr_p_db,1637,1637,1459,1,1637,0,0,0,0,dB,8.223201248723372,8.366177881275338,8.458327649494343,8.528297964386521,8.597411987997361,8.69169569002769,8.85309208709027,8.527766120405959,0.09953289592364846,STTC,0,negative
S_03,S_03,5,202,delta_p_db,1637,1637,1459,1,1637,0,0,0,0,dB,3.2232013654058833,3.3661779934234346,3.4583277608127134,3.528298074444103,3.5974120965276715,3.691695808152978,3.8530922001492507,3.5277662327045793,0.09953289584194425,STTC,0,negative
S_03,S_03,5,202,q_noise,1637,1637,1459,1,1637,0,0,0,0,fraction,0.52392063112702,0.5393384395198262,0.5490102352777168,0.5562185180172599,0.5632244646939752,0.5726043692800477,0.5881958927764062,0.5560472989374016,0.010169176427737237,STTC,0,negative
S_03,S_03,5,303,snr_p_db,1637,1637,1459,1,1637,0,0,0,0,dB,8.189599939827119,8.36093541627869,8.455331065840774,8.526547307645302,8.593951450153568,8.700918957872274,8.857743906596813,8.525545454879492,0.10106058917109342,STTC,0,negative
S_03,S_03,5,303,delta_p_db,1637,1637,1459,1,1637,0,0,0,0,dB,3.189600048490969,3.3609355274954718,3.4553311735081205,3.5265474181527567,3.5939515527618573,3.700919068726465,3.8577440037250987,3.525545566773144,0.10106058919388344,STTC,0,negative
S_03,S_03,5,303,q_noise,1637,1637,1459,1,1637,0,0,0,0,fraction,0.5202230042480259,0.5387820386388936,0.548699195340306,0.556038848734741,0.5628765834506342,0.5735112481768215,0.5886370053778553,0.5558165767199437,0.010337799626119026,STTC,0,negative
S_03,S_03,5,404,snr_p_db,1637,1637,1459,1,1637,0,0,0,0,dB,8.216035264907372,8.358692820240481,8.456793965392084,8.524665688430147,8.594569731842494,8.697873482506457,8.862500259967806,8.525414146876999,0.10184338805592551,STTC,0,negative
S_03,S_03,5,404,delta_p_db,1637,1637,1459,1,1637,0,0,0,0,dB,3.2160353838373905,3.3586929250012334,3.4567940687462393,3.5246658046054224,3.594569842747544,3.697873594381547,3.862500369551899,3.525414258522349,0.1018433878920402,STTC,0,negative
S_03,S_03,5,404,q_noise,1637,1637,1459,1,1637,0,0,0,0,fraction,0.5231341971187319,0.5385441444883502,0.548850733552947,0.5558472193265578,0.5629386911641725,0.5732122490726281,0.5890874335631927,0.5558013447943867,0.01040985082586576,STTC,0,negative
S_03,S_03,5,505,snr_p_db,1637,1637,1459,1,1637,0,0,0,0,dB,8.25382266904071,8.359699353330983,8.458333636813478,8.525686372036589,8.596541487050951,8.694327453532248,8.828168706521245,8.526709771250614,0.10042288529035483,STTC,0,negative
S_03,S_03,5,505,delta_p_db,1637,1637,1459,1,1637,0,0,0,0,dB,3.2538227772273838,3.359699464214199,3.458333753850426,3.525686488182804,3.596541597679611,3.694327560902739,3.828168819254571,3.5267098833614314,0.10042288552498807,STTC,0,negative
S_03,S_03,5,505,q_noise,1637,1637,1459,1,1637,0,0,0,0,fraction,0.5272663417911511,0.5386509747222271,0.5490108423390387,0.5559511906860888,0.563136849921931,0.572863782674532,0.5858260417408797,0.5559371968846334,0.01026424312993506,STTC,0,negative
S_03,S_03,5,8128,snr_p_db,1637,1637,1459,1,1637,0,0,0,0,dB,8.2210669753813,8.363705606058502,8.460796490287695,8.526587571146647,8.589129339255255,8.686770008832351,8.895006701325363,8.525044754734035,0.09694689654081151,STTC,0,negative
S_03,S_03,5,8128,delta_p_db,1637,1637,1459,1,1637,0,0,0,0,dB,3.2210670896592792,3.3637057287505003,3.460796608321056,3.5265876784794865,3.5891294554231212,3.686770113721068,3.895006823479665,3.525044866764779,0.09694689652687546,STTC,0,negative
S_03,S_03,5,8128,q_noise,1637,1637,1459,1,1637,0,0,0,0,fraction,0.5236868080478064,0.5390769709739807,0.5492673032529736,0.5560430432291449,0.5623905676243138,0.5721193971579115,0.5921514622742534,0.5557749806710112,0.009913767528856041,STTC,0,negative
S_03,S_03,10,101,snr_p_db,1637,1637,1459,1,1637,0,0,0,0,dB,13.199017604169141,13.36582599108651,13.460348869856256,13.52509343890997,13.595755029127867,13.686239730705784,13.890398057854874,13.527750960484488,0.09744845984397167,STTC,0,negative
S_03,S_03,10,101,delta_p_db,1637,1637,1459,1,1637,0,0,0,0,dB,3.1990175495849287,3.36582594045351,3.460348816045201,3.52509338929049,3.5957549808734828,3.686239675272348,3.890397998107696,3.5277509020325444,0.09744845984796516,STTC,0,negative
S_03,S_03,10,101,q_noise,1637,1637,1459,1,1637,0,0,0,0,fraction,0.5212621354480582,0.5393013096407375,0.5492203161726499,0.5558900173106524,0.5630576751205555,0.5720671719734762,0.5917185568239203,0.5560505537711197,0.009956962302982751,STTC,0,negative
S_03,S_03,10,202,snr_p_db,1637,1637,1459,1,1637,0,0,0,0,dB,13.223201431663954,13.366178053105813,13.458327799349073,13.528298119617217,13.597412151847255,13.691695852082145,13.853092234987942,13.527766291247595,0.09953289578940268,STTC,0,negative
S_03,S_03,10,202,delta_p_db,1637,1637,1459,1,1637,0,0,0,0,dB,3.2232013734855274,3.3661779953479596,3.458327752224011,3.52829807449591,3.5974120936719927,3.691695803148272,3.853092182722448,3.527766232780132,0.09953289606898527,STTC,0,negative
S_03,S_03,10,202,q_noise,1637,1637,1459,1,1637,0,0,0,0,fraction,0.5239206320127213,0.5393384397239223,0.5490102343858296,0.5562185180225537,0.563224464406776,0.5726043687875522,0.5881958911239723,0.5560472989445931,0.010169176450779902,STTC,0,negative
S_03,S_03,10,303,snr_p_db,1637,1637,1459,1,1637,0,0,0,0,dB,13.189600109479082,13.360935575441637,13.455331258801866,13.526547458374838,13.593951575348617,13.70091912713402,13.857744054492384,13.525545624717513,0.10106058987074763,STTC,0,negative
S_03,S_03,10,303,delta_p_db,1637,1637,1459,1,1637,0,0,0,0,dB,3.1896000471329744,3.3609355188763126,3.4553311906696544,3.5265474112990165,3.593951536641176,3.70091906830729,3.857743999773356,3.5255455662980575,0.10106058994741565,STTC,0,negative
S_03,S_03,10,303,q_noise,1637,1637,1459,1,1637,0,0,0,0,fraction,0.5202230040980045,0.5387820377236223,0.5486991955038508,0.5560388480341116,0.5628765818280653,0.5735112481356366,0.588637005003547,0.5558165766695679,0.010337799703492336,STTC,0,negative
S_03,S_03,10,404,snr_p_db,1637,1637,1459,1,1637,0,0,0,0,dB,13.216035429689743,13.35869297733356,13.456794121595916,13.524665881824326,13.594569911738132,13.697873671131868,13.862500414646323,13.52541431667602,0.1018433874410701,STTC,0,negative
S_03,S_03,10,404,delta_p_db,1637,1637,1459,1,1637,0,0,0,0,dB,3.2160353794927876,3.3586929077707994,3.4567940605021787,3.5246658257928924,3.5945698576085032,3.697873615813163,3.862500359547382,3.525414258469279,0.10184338782728801,STTC,0,negative
S_03,S_03,10,404,q_noise,1637,1637,1459,1,1637,0,0,0,0,fraction,0.5231341966416839,0.538544142657593,0.548850732696546,0.5558472214933995,0.5629386926597361,0.5732122511787756,0.5890874326166041,0.555801344789113,0.01040985081941884,STTC,0,negative
S_03,S_03,10,505,snr_p_db,1637,1637,1459,1,1637,0,0,0,0,dB,13.253822840894927,13.359699524799774,13.458333826521127,13.525686559622445,13.596541653431824,13.694327606042119,13.828168853989954,13.526709941763592,0.10042288581755102,STTC,0,negative
S_03,S_03,10,505,delta_p_db,1637,1637,1459,1,1637,0,0,0,0,dB,3.25382278850388,3.3596994694734366,3.458333757280902,3.525686491449273,3.5965415946309687,3.6943275473603516,3.8281688068675517,3.5267098833194104,0.10042288567625961,STTC,0,negative
S_03,S_03,10,505,q_noise,1637,1637,1459,1,1637,0,0,0,0,fraction,0.5272663430186083,0.5386509752809413,0.5490108426952733,0.5559511910200723,0.5631368496152636,0.5728637813425091,0.5858260405595659,0.5559371968799891,0.01026424314425181,STTC,0,negative
S_03,S_03,10,8128,snr_p_db,1637,1637,1459,1,1637,0,0,0,0,dB,13.221067133197767,13.36370580165983,13.4607966570995,13.526587730551498,13.589129497749713,13.686770176284634,13.89500688423038,13.525044924983796,0.09694689612579258,STTC,0,negative
S_03,S_03,10,8128,delta_p_db,1637,1637,1459,1,1637,0,0,0,0,dB,3.221067075041883,3.3637057445948004,3.4607966102579137,3.526587669157381,3.5891294537168155,3.686770119017106,3.8950068167970713,3.525044866652091,0.09694689634138695,STTC,0,negative
S_03,S_03,10,8128,q_noise,1637,1637,1459,1,1637,0,0,0,0,fraction,0.523686806444641,0.5390769726555538,0.5492673037943271,0.5560430422761939,0.5623905674523809,0.5721193976796806,0.5921514616466871,0.5557749806598984,0.00991376751143874,STTC,0,negative
S_04,S_04,0,101,snr_p_db,1637,1637,1459,1,1637,0,0,0,0,dB,2.748571935172395,2.876835878876686,2.9515646809860776,3.003145179939552,3.0618582558430925,3.136307319818775,3.278500487380443,3.006046234073414,0.0788118338378651,STTC,0,negative
S_04,S_04,0,101,delta_p_db,1637,1637,1459,1,1637,0,0,0,0,dB,2.7485719271049613,2.876835871472214,2.951564679517688,3.003145178359063,3.061858252403058,3.1363073198401463,3.278500475639442,3.00604623392235,0.07881183365731786,STTC,0,negative
S_04,S_04,0,101,q_noise,1637,1637,1459,1,1637,0,0,0,0,fraction,0.4689415292790411,0.48439659994840883,0.49319282087572847,0.4991760289254084,0.505901943283793,0.5142989557141621,0.5299442241581663,0.4994283817958774,0.009082756685501112,STTC,0,negative
S_04,S_04,0,202,snr_p_db,1637,1637,1459,1,1637,0,0,0,0,dB,2.765090243025497,2.8765764978068566,2.9516834965589274,3.004649604691708,3.0607299504259893,3.1424185302170518,3.275631620818003,3.0062105374279815,0.08038820674343872,STTC,0,negative
S_04,S_04,0,202,delta_p_db,1637,1637,1459,1,1637,0,0,0,0,dB,2.7650902404733646,2.8765765031234087,2.9516835018696868,3.0046496065664465,3.0607299548368294,3.1424185327960097,3.275631620209858,3.006210537447342,0.08038820660236623,STTC,0,negative
S_04,S_04,0,202,q_noise,1637,1637,1459,1,1637,0,0,0,0,fraction,0.4709576071384961,0.4843657337668743,0.4932065192685932,0.499350288364443,0.5057732697453228,0.5149820998151988,0.5296331224701057,0.4994440196307873,0.009259555008969573,STTC,0,negative
S_04,S_04,0,303,snr_p_db,1637,1637,1459,1,1637,0,0,0,0,dB,2.741372617065119,2.8695049580943475,2.9488585934902116,3.0057002163102187,3.05892221206501,3.140218676537676,3.2512881408002032,3.004278728304877,0.08094241790828735,STTC,0,negative
S_04,S_04,0,303,delta_p_db,1637,1637,1459,1,1637,0,0,0,0,dB,2.7413726190850882,2.8695049595612963,2.94885858754865,3.0057002142496696,3.0589222161344236,3.140218676186252,3.2512881351590583,3.0042787281415544,0.0809424178952517,STTC,0,negative
S_04,S_04,0,303,q_noise,1637,1637,1459,1,1637,0,0,0,0,fraction,0.4680605944650282,0.4835263726916775,0.49287661260071913,0.4994712198682208,0.5055667266770585,0.5147362911208928,0.5269894713475206,0.4992200757148892,0.009336265289207923,STTC,0,negative
S_04,S_04,0,404,snr_p_db,1637,1637,1459,1,1637,0,0,0,0,dB,2.7469868099555055,2.870470563159424,2.946644121544465,3.0031797757211685,3.058034720225934,3.140615180418415,3.2832129261469527,3.00348663293793,0.08179667289085961,STTC,0,negative
S_04,S_04,0,404,delta_p_db,1637,1637,1459,1,1637,0,0,0,0,dB,2.746986801402784,2.870470561720466,2.94664411660703,3.003179774053523,3.0580347136819004,3.1406151795417956,3.2832129222823174,3.0034866328648455,0.08179667291417358,STTC,0,negative
S_04,S_04,0,404,q_noise,1637,1637,1459,1,1637,0,0,0,0,fraction,0.46874775805942215,0.4836408954983164,0.492618681014081,0.4991817412174129,0.5054659757578048,0.5147806746096493,0.5304539756872768,0.49912692967341155,0.009429869157560488,STTC,0,negative
S_04,S_04,0,505,snr_p_db,1637,1637,1459,1,1637,0,0,0,0,dB,2.7899816224244893,2.873801797331524,2.950730406679133,3.0035709083641713,3.0629195585929554,3.1403723626732036,3.2650372449123677,3.0050326861409786,0.08049976503147108,STTC,0,negative
S_04,S_04,0,505,delta_p_db,1637,1637,1459,1,1637,0,0,0,0,dB,2.789981622566885,2.87380179596545,2.9507304080537744,3.003570911839435,3.062919566733039,3.1403723664541987,3.2650372495913227,3.0050326860937058,0.08049976503475229,STTC,0,negative
S_04,S_04,0,505,q_noise,1637,1637,1459,1,1637,0,0,0,0,fraction,0.47398195814541494,0.4840365739652651,0.4930951008695578,0.499225114765151,0.506021624247633,0.5147535521404683,0.5284845306333094,0.4993079916137728,0.009277468694730026,STTC,0,negative
S_04,S_04,0,8128,snr_p_db,1637,1637,1459,1,1637,0,0,0,0,dB,2.7566623951006504,2.8730185976328686,2.950916950522669,3.005325587350545,3.055551040190518,3.1309917922129107,3.292079431657232,3.0039139964629324,0.07773043058267767,STTC,0,negative
S_04,S_04,0,8128,delta_p_db,1637,1637,1459,1,1637,0,0,0,0,dB,2.7566623947284974,2.8730186062325775,2.950916949829843,3.0053255892203854,3.0555510444345653,3.1309917920321206,3.2920794409667407,3.0039139966439268,0.07773043038183382,STTC,0,negative
S_04,S_04,0,8128,q_noise,1637,1637,1459,1,1637,0,0,0,0,fraction,0.4699301783036634,0.4839430072921243,0.493117066950312,0.49942758230314244,0.5051835420343213,0.5137045938018913,0.5314114765032473,0.4991847988669683,0.008963259517761812,STTC,0,negative
S_04,S_04,5,101,snr_p_db,1637,1637,1459,1,1637,0,0,0,0,dB,7.748571794940078,7.876835750638573,7.951564541464169,8.003145065403794,8.061858126192693,8.136307208166624,8.278500370933953,8.006046122292963,0.0788118337487746,STTC,0,negative
S_04,S_04,5,101,delta_p_db,1637,1637,1459,1,1637,0,0,0,0,dB,2.7485719136419813,2.8768358741697293,2.9515646639199526,3.003145181999194,3.061858245935996,3.1363073197071456,3.2785004838609026,3.0060462341593257,0.07881183353305023,STTC,0,negative
S_04,S_04,5,101,q_noise,1637,1637,1459,1,1637,0,0,0,0,fraction,0.46894152763277797,0.48439660026866577,0.4931928190555247,0.4991760293451845,0.5059019425480336,0.5142989556992968,0.5299442250480108,0.49942838182344446,0.009082756671798461,STTC,0,negative
S_04,S_04,5,202,snr_p_db,1637,1637,1459,1,1637,0,0,0,0,dB,7.765090109712478,7.8765764020623354,7.951683404859655,8.004649501807382,8.06072983744514,8.142418421722502,8.275631498382836,8.00621042523546,0.0803882064433272,STTC,0,negative
S_04,S_04,5,202,delta_p_db,1637,1637,1459,1,1637,0,0,0,0,dB,2.7650902279865583,2.876576515158506,2.9516835116810114,3.004649614791872,3.0607299510659502,3.1424185335024286,3.2756316161784085,3.006210537493289,0.08038820634016781,STTC,0,negative
S_04,S_04,5,202,q_noise,1637,1637,1459,1,1637,0,0,0,0,fraction,0.4709576056173969,0.48436573519578896,0.49320652041351126,0.4993502893126607,0.505773269316197,0.5149820998940765,0.5296331220334757,0.49944401963663304,0.009259554980072195,STTC,0,negative
S_04,S_04,5,303,snr_p_db,1637,1637,1459,1,1637,0,0,0,0,dB,7.741372515999679,7.869504831346834,7.948858488265662,8.00570008783923,8.058922112637664,8.140218546301718,8.251288038702087,8.00427861639039,0.08094241802872458,STTC,0,negative
S_04,S_04,5,303,delta_p_db,1637,1637,1459,1,1637,0,0,0,0,dB,2.7413726167918178,2.8695049537845616,2.948858597533512,3.0057002016541667,3.05892221610341,3.1402186690057676,3.251288135119907,3.004278728063304,0.08094241803954087,STTC,0,negative
S_04,S_04,5,303,q_noise,1637,1637,1459,1,1637,0,0,0,0,fraction,0.4680605941841402,0.48352637200471993,0.4928766137666463,0.49947121841657627,0.5055667266735276,0.5147362903185488,0.5269894713432565,0.4992200757055616,0.009336265305201983,STTC,0,negative
S_04,S_04,5,404,snr_p_db,1637,1637,1459,1,1637,0,0,0,0,dB,7.7469866961673475,7.870470438435353,7.9466439799785835,8.003179661793048,8.058034584282419,8.140615071292919,8.283212822019527,8.003486520950796,0.08179667318696325,STTC,0,negative
S_04,S_04,5,404,delta_p_db,1637,1637,1459,1,1637,0,0,0,0,dB,2.7469868074261825,2.8704705520737726,2.9466441020441927,3.003179785431315,3.058034698602329,3.140615177795133,3.283212926524526,3.00348663265538,0.08179667298670806,STTC,0,negative
S_04,S_04,5,404,q_noise,1637,1637,1459,1,1637,0,0,0,0,fraction,0.4687477587962366,0.48364089435136787,0.49261867931272113,0.49918174252947334,0.5054659740406839,0.5147806744145055,0.5304539761459315,0.499126929649102,0.009429869165505146,STTC,0,negative
S_04,S_04,5,505,snr_p_db,1637,1637,1459,1,1637,0,0,0,0,dB,7.789981505146544,7.873801667084644,7.950730297586168,8.00357081322404,8.062919436188587,8.140372227045479,8.265037135098922,8.005032573948808,0.0804997648012212,STTC,0,negative
S_04,S_04,5,505,delta_p_db,1637,1637,1459,1,1637,0,0,0,0,dB,2.789981616018961,2.873801786316132,2.950730405905042,3.003570920999295,3.0629195638555062,3.1403723557544385,3.26503724884813,3.0050326859482506,0.08049976497178328,STTC,0,negative
S_04,S_04,5,505,q_noise,1637,1637,1459,1,1637,0,0,0,0,fraction,0.4739819573523297,0.484036572818946,0.49309510061875966,0.49922511582135326,0.5060216239203346,0.5147535509449604,0.5284845305526206,0.49930799159713507,0.009277468688232858,STTC,0,negative
S_04,S_04,5,8128,snr_p_db,1637,1637,1459,1,1637,0,0,0,0,dB,7.756662269287134,7.873018499485942,7.950916851200855,8.005325486763747,8.055550932078043,8.130991669854756,8.292079325017248,8.003913884890139,0.07773043023031853,STTC,0,negative
S_04,S_04,5,8128,delta_p_db,1637,1637,1459,1,1637,0,0,0,0,dB,2.7566623900969773,2.873018612587971,2.9509169563844164,3.005325596114672,3.0555510533096752,3.1309917862649117,3.2920794400133913,3.003913996942279,0.07773043030637829,STTC,0,negative
S_04,S_04,5,8128,q_noise,1637,1637,1459,1,1637,0,0,0,0,fraction,0.46993017773837203,0.4839430080473121,0.4931170677153231,0.4994275830977851,0.505183543045513,0.5137045931561086,0.5314114764003842,0.49918479890152745,0.00896325950868576,STTC,0,negative
S_04,S_04,10,101,snr_p_db,1637,1637,1459,1,1637,0,0,0,0,dB,12.748571964860924,12.876835929483004,12.95156472348696,13.003145223514831,13.061858301612732,13.136307384856877,13.27850052880413,13.006046292410423,0.07881183328832964,STTC,0,negative
S_04,S_04,10,101,delta_p_db,1637,1637,1459,1,1637,0,0,0,0,dB,2.7485719149386147,2.8768358647391956,2.9515646755994145,3.003145170668124,3.0618582507622945,3.1363073253075258,3.2785004659009447,3.0060462339267082,0.07881183330602273,STTC,0,negative
S_04,S_04,10,101,q_noise,1637,1637,1459,1,1637,0,0,0,0,fraction,0.46894152779133125,0.4843965991490453,0.49319282041847895,0.49917602803849714,0.5059019430971228,0.5142989563256002,0.5299442231041266,0.49942838179710536,0.009082756646416352,STTC,0,negative
S_04,S_04,10,202,snr_p_db,1637,1637,1459,1,1637,0,0,0,0,dB,12.765090298388133,12.876576540713211,12.95168352944719,13.004649663478546,13.060729996488718,13.142418607096863,13.275631665138803,13.006210596174668,0.08038820619259335,STTC,0,negative
S_04,S_04,10,202,delta_p_db,1637,1637,1459,1,1637,0,0,0,0,dB,2.7650902388626104,2.876576492410468,2.9516834815860484,3.004649612687007,3.0607299552858986,3.142418546611062,3.2756316129165794,3.0062105376447392,0.08038820644810848,STTC,0,negative
S_04,S_04,10,202,q_noise,1637,1637,1459,1,1637,0,0,0,0,fraction,0.47095760694227967,0.48436573249493586,0.49320651690162415,0.4993502890700142,0.5057732697964268,0.5149821013580553,0.5296331216802,0.49944401965386337,0.009259554991415989,STTC,0,negative
S_04,S_04,10,303,snr_p_db,1637,1637,1459,1,1637,0,0,0,0,dB,12.741372674883939,12.86950504216137,12.94885866722242,13.005700251234549,13.058922254075942,13.140218732222229,13.251288197643625,13.004278786149568,0.08094241853777842,STTC,0,negative
S_04,S_04,10,303,delta_p_db,1637,1637,1459,1,1637,0,0,0,0,dB,2.74137261475268,2.8695049769975545,2.94885858999202,3.005700203076787,3.058922205563985,3.1402186818526507,3.2512881338428077,3.0042787276843246,0.08094241866887492,STTC,0,negative
S_04,S_04,10,303,q_noise,1637,1637,1459,1,1637,0,0,0,0,fraction,0.46806059393437943,0.483526374765229,0.49287661288603024,0.49947121858053467,0.5055667254736407,0.5147362917540027,0.5269894712041616,0.49922007566051096,0.00933626537846358,STTC,0,negative
S_04,S_04,10,404,snr_p_db,1637,1637,1459,1,1637,0,0,0,0,dB,12.746986854473342,12.870470604055079,12.946644151999685,13.003179835628814,13.058034763497691,13.140615228136733,13.283212969801086,13.00348669097919,0.08179667235881947,STTC,0,negative
S_04,S_04,10,404,delta_p_db,1637,1637,1459,1,1637,0,0,0,0,dB,2.7469867990697256,2.8704705515929123,2.946644096377379,3.0031797810198695,3.0580347075090595,3.1406151730884972,3.283212913228317,3.0034866328728866,0.08179667279311353,STTC,0,negative
S_04,S_04,10,404,q_noise,1637,1637,1459,1,1637,0,0,0,0,fraction,0.46874775777402994,0.4836408942941898,0.49261867865067377,0.4991817420207558,0.5054659750548993,0.5147806738886678,0.5304539747083857,0.4991269296745945,0.009429869144746842,STTC,0,negative
S_04,S_04,10,505,snr_p_db,1637,1637,1459,1,1637,0,0,0,0,dB,12.789981687009295,12.873801842993581,12.950730472886477,13.003570995121354,13.062919608508867,13.140372411831972,13.26503730174424,13.005032744837145,0.08049976478591571,STTC,0,negative
S_04,S_04,10,505,delta_p_db,1637,1637,1459,1,1637,0,0,0,0,dB,2.789981624648312,2.873801789658618,2.9507304189224595,3.0035709287045353,3.0629195611110815,3.1403723539226123,3.265037246144452,3.005032686279275,0.080499764804925,STTC,0,negative
S_04,S_04,10,505,q_noise,1637,1637,1459,1,1637,0,0,0,0,fraction,0.47398195839751767,0.48403657321597,0.49309510213814167,0.49922511670982644,0.5060216236081763,0.5147535507402854,0.5284845302590812,0.4993079916356615,0.009277468667179187,STTC,0,negative
S_04,S_04,10,8128,snr_p_db,1637,1637,1459,1,1637,0,0,0,0,dB,12.756662438900936,12.873018665061995,12.950917018292445,13.00532566219556,13.055551097364777,13.130991830756516,13.292079497175289,13.00391405489791,0.07773042996411084,STTC,0,negative
S_04,S_04,10,8128,delta_p_db,1637,1637,1459,1,1637,0,0,0,0,dB,2.7566623869904596,2.8730186159306945,2.9509169583314487,3.0053255945339092,3.0555510430503667,3.130991780799413,3.292079433569749,3.0039139963641572,0.07773043005402858,STTC,0,negative
S_04,S_04,10,8128,q_noise,1637,1637,1459,1,1637,0,0,0,0,fraction,0.4699301773592119,0.4839430084445182,0.49311706794256926,0.49942758291558476,0.5051835418766116,0.5137045925441187,0.5314114757051378,0.4991847988353779,0.008963259481259058,STTC,0,negative
E,,0,101,snr_p_db,521,521,475,1,521,0,0,0,0,dB,-2.5867689567338493e-05,-1.2985075361697445e-05,-6.876967682721273e-06,-4.567675910290917e-06,-2.5879393682639608e-06,-1.0435020500406763e-06,-2.762172667248593e-07,-5.3685618399784915e-06,3.759162838799498e-06,STTC,1,positive
E,,0,101,delta_p_db,521,521,475,1,521,0,0,0,0,dB,-2.5854946345164843e-05,-1.29950015230674e-05,-6.879503153889425e-06,-4.570427494802505e-06,-2.591680659230718e-06,-1.0439901454695044e-06,-2.7998493536186354e-07,-5.368265677903942e-06,3.758917415520092e-06,STTC,1,positive
E,,0,101,q_noise,521,521,475,1,521,0,0,0,0,fraction,4.613959091857506e-16,5.170783927522305e-16,5.615500734918951e-16,5.990794110616273e-16,6.535427896899069e-16,7.590921631491699e-16,9.080648344970835e-16,6.130629636738896e-16,7.310427728770984e-17,STTC,1,positive
E,,0,202,snr_p_db,521,521,475,1,521,0,0,0,0,dB,-2.5853821733510207e-05,-1.2992340741314403e-05,-6.871240333216265e-06,-4.5717035096785265e-06,-2.5942793111525764e-06,-1.038113553694849e-06,-2.7940840973803626e-07,-5.367982791548079e-06,3.758691690748311e-06,STTC,1,positive
E,,0,202,delta_p_db,521,521,475,1,521,0,0,0,0,dB,-2.5854946345164843e-05,-1.29950015230674e-05,-6.879503153889425e-06,-4.570427494802505e-06,-2.591680659230718e-06,-1.0439901454695044e-06,-2.7998493536186354e-07,-5.368265677909495e-06,3.75891741553401e-06,STTC,1,positive
E,,0,202,q_noise,521,521,475,1,521,0,0,0,0,fraction,4.680076150733185e-16,5.134524187756428e-16,5.624883800468233e-16,6.02940728839199e-16,6.590817969639031e-16,7.471768845431919e-16,8.81503629232531e-16,6.145412966652976e-16,7.21755329130052e-17,STTC,1,positive
E,,0,303,snr_p_db,521,521,475,1,521,0,0,0,0,dB,-2.5858334728061263e-05,-1.2999639352731814e-05,-6.8728816954147625e-06,-4.563440204963775e-06,-2.592947782420808e-06,-1.0386373856610373e-06,-2.7273133746792685e-07,-5.368087152015865e-06,3.7588700041479302e-06,STTC,1,positive
E,,0,303,delta_p_db,521,521,475,1,521,0,0,0,0,dB,-2.5854946345164843e-05,-1.29950015230674e-05,-6.879503153889425e-06,-4.570427494802505e-06,-2.591680659230718e-06,-1.0439901454695044e-06,-2.7998493536186354e-07,-5.3682656779104205e-06,3.7589174155264635e-06,STTC,1,positive
E,,0,303,q_noise,521,521,475,1,521,0,0,0,0,fraction,4.755963192160444e-16,5.178442027648772e-16,5.605663408636988e-16,6.044310018086895e-16,6.509300219352519e-16,7.419701694506944e-16,8.886658009444072e-16,6.138755517311644e-16,7.19680735461709e-17,STTC,1,positive
E,,0,404,snr_p_db,521,521,475,1,521,0,0,0,0,dB,-2.5854297766954675e-05,-1.3000807110019502e-05,-6.889699923361663e-06,-4.5690986429228856e-06,-2.5869217890641262e-06,-1.0423809978763877e-06,-2.7412561186971654e-07,-5.36840247924309e-06,3.759319784480828e-06,STTC,1,positive
E,,0,404,delta_p_db,521,521,475,1,521,0,0,0,0,dB,-2.5854946345164843e-05,-1.29950015230674e-05,-6.879503153889425e-06,-4.570427494802505e-06,-2.591680659230718e-06,-1.0439901454695044e-06,-2.7998493536186354e-07,-5.368265677902091e-06,3.758917415528233e-06,STTC,1,positive
E,,0,404,q_noise,521,521,475,1,521,0,0,0,0,fraction,4.627893466790326e-16,5.14541826778447e-16,5.61508913800779e-16,6.048490807542322e-16,6.544294541884369e-16,7.58610756550003e-16,8.906860341767915e-16,6.144709900034211e-16,7.276319572088026e-17,STTC,1,positive
E,,0,505,snr_p_db,521,521,475,1,521,0,0,0,0,dB,-2.5853606024225914e-05,-1.3002455449536042e-05,-6.890834524411241e-06,-4.56503030017724e-06,-2.5905159905916303e-06,-1.0465112775367135e-06,-2.762834793815795e-07,-5.368223153592963e-06,3.7589858689925963e-06,STTC,1,positive
E,,0,505,delta_p_db,521,521,475,1,521,0,0,0,0,dB,-2.5854946345164843e-05,-1.29950015230674e-05,-6.879503153889425e-06,-4.570427495284669e-06,-2.591680659230718e-06,-1.0439901454695044e-06,-2.7998493536186354e-07,-5.3682656779030166e-06,3.758917415517123e-06,STTC,1,positive
E,,0,505,q_noise,521,521,475,1,521,0,0,0,0,fraction,4.680410409570758e-16,5.136888884000552e-16,5.60779931439645e-16,6.023268042489996e-16,6.535970918781678e-16,7.452261337096123e-16,9.20701196006064e-16,6.146956798068746e-16,7.371752988253917e-17,STTC,1,positive
E,,0,8128,snr_p_db,521,521,475,1,521,0,0,0,0,dB,-2.5858392875907227e-05,-1.2999171062822595e-05,-6.87644733561803e-06,-4.570716171837226e-06,-2.5880081103883778e-06,-1.0463445134547585e-06,-2.815913140881615e-07,-5.368665081969025e-06,3.759201416438293e-06,STTC,1,positive
E,,0,8128,delta_p_db,521,521,475,1,521,0,0,0,0,dB,-2.5854946345164843e-05,-1.29950015230674e-05,-6.879503153889425e-06,-4.570427494802505e-06,-2.591680659230718e-06,-1.0439901454695044e-06,-2.7998493536186354e-07,-5.368265677915973e-06,3.758917415520618e-06,STTC,1,positive
E,,0,8128,q_noise,521,521,475,1,521,0,0,0,0,fraction,4.827032002252963e-16,5.103785328169997e-16,5.597360394919445e-16,5.992304308318817e-16,6.588825281188484e-16,7.383486860679922e-16,9.21832882520098e-16,6.139698412494683e-16,7.382187042695948e-17,STTC,1,positive
E,,5,101,snr_p_db,521,521,475,1,521,0,0,0,0,dB,4.999974032105489,4.999986898636093,4.9999930041633105,4.999995319306288,4.999997302808551,4.999998848367131,4.999999614156463,4.999994519665177,3.75852422928584e-06,STTC,1,positive
E,,5,101,delta_p_db,521,521,475,1,521,0,0,0,0,dB,-2.585494634275401e-05,-1.2995001519210078e-05,-6.879503152442931e-06,-4.570427492873848e-06,-2.591680657784226e-06,-1.0439901440230127e-06,-2.799849334332085e-07,-5.368265675803149e-06,3.7589174153717745e-06,STTC,1,positive
E,,5,101,q_noise,521,521,475,1,521,0,0,0,0,fraction,7.095115806225834e-16,8.303762207509073e-16,9.400917081272142e-16,1.0706836890972968e-15,1.2153951826519934e-15,1.4718469564687734e-15,1.838292626138035e-15,1.0997503619197955e-15,2.0833673364827715e-16,STTC,1,positive
E,,5,202,snr_p_db,521,521,475,1,521,0,0,0,0,dB,4.999974033568718,4.999986894590238,4.999993005916457,4.9999953175633305,4.999997304557489,4.999998851923486,4.9999996015853965,4.999994519864041,3.7588364795512408e-06,STTC,1,positive
E,,5,202,delta_p_db,521,521,475,1,521,0,0,0,0,dB,-2.585494634275401e-05,-1.2995001519210078e-05,-6.879503152442931e-06,-4.570427492391683e-06,-2.591680657784226e-06,-1.0439901440230127e-06,-2.799849334332085e-07,-5.368265675779088e-06,3.7589174153542053e-06,STTC,1,positive
E,,5,202,q_noise,521,521,475,1,521,0,0,0,0,fraction,7.221115599086647e-16,8.352494194289779e-16,9.538261490405263e-16,1.0635680918957217e-15,1.2178438282255964e-15,1.4659682105454801e-15,1.978496884136974e-15,1.1016915925492944e-15,2.035600408890013e-16,STTC,1,positive
E,,5,303,snr_p_db,521,521,475,1,521,0,0,0,0,dB,4.999974030845882,4.999986884864544,4.999993017071897,4.999995316578037,4.999997301099004,4.999998851257452,4.999999615284167,4.999994519934255,3.7587997300165366e-06,STTC,1,positive
E,,5,303,delta_p_db,521,521,475,1,521,0,0,0,0,dB,-2.585494634275401e-05,-1.2995001519692243e-05,-6.879503151960767e-06,-4.570427492873848e-06,-2.5916806573020623e-06,-1.0439901440230127e-06,-2.799849334332085e-07,-5.368265675797597e-06,3.7589174153683834e-06,STTC,1,positive
E,,5,303,q_noise,521,521,475,1,521,0,0,0,0,fraction,7.137728606112623e-16,8.261437356851851e-16,9.57185450023321e-16,1.0653813008484966e-15,1.1993791194746773e-15,1.481991298559729e-15,1.9025970139917986e-15,1.100128884898575e-15,2.015590470027823e-16,STTC,1,positive
E,,5,404,snr_p_db,521,521,475,1,521,0,0,0,0,dB,4.9999740248027065,4.999986891298061,4.999993009765159,4.999995324349268,4.999997299441701,4.99999885434159,4.999999611124421,4.999994519033139,3.7591179255591187e-06,STTC,1,positive
E,,5,404,delta_p_db,521,521,475,1,521,0,0,0,0,dB,-2.5854946342271843e-05,-1.2995001518727913e-05,-6.879503152442931e-06,-4.570427492391683e-06,-2.591680657784226e-06,-1.0439901440230127e-06,-2.799849334332085e-07,-5.368265675779087e-06,3.758917415362835e-06,STTC,1,positive
E,,5,404,q_noise,521,521,475,1,521,0,0,0,0,fraction,7.330187834041051e-16,8.277907440095386e-16,9.46161448570629e-16,1.0765348202398534e-15,1.2186294444243784e-15,1.4805107108251918e-15,1.8731081349957194e-15,1.1031809277582462e-15,2.0578545962262972e-16,STTC,1,positive
E,,5,505,snr_p_db,521,521,475,1,521,0,0,0,0,dB,4.99997403303777,4.999986890446376,4.999993014768115,4.999995328543808,4.999997296969519,4.999998847715407,4.999999609564356,4.999994520078933,3.7586727945098955e-06,STTC,1,positive
E,,5,505,delta_p_db,521,521,475,1,521,0,0,0,0,dB,-2.585494634275401e-05,-1.2995001518727913e-05,-6.879503152925096e-06,-4.570427492391683e-06,-2.591680657784226e-06,-1.0439901440230127e-06,-2.799849334332085e-07,-5.368265675773534e-06,3.7589174153661485e-06,STTC,1,positive
E,,5,505,q_noise,521,521,475,1,521,0,0,0,0,fraction,7.286150894135913e-16,8.302630698344928e-16,9.596158490367955e-16,1.0617768663092445e-15,1.2138245284619865e-15,1.4884335447543244e-15,1.906294662889704e-15,1.1035667354686302e-15,2.1024848571928775e-16,STTC,1,positive
E,,5,8128,snr_p_db,521,521,475,1,521,0,0,0,0,dB,4.9999740251031035,4.999986894765761,4.999992997092432,4.999995316395923,4.999997306853394,4.999998839250471,4.999999616720538,4.999994519961386,3.7591242412905775e-06,STTC,1,positive
E,,5,8128,delta_p_db,521,521,475,1,521,0,0,0,0,dB,-2.585494634275401e-05,-1.2995001519210078e-05,-6.879503151960767e-06,-4.570427491909519e-06,-2.591680657784226e-06,-1.0439901440230127e-06,-2.799849334332085e-07,-5.368265675783715e-06,3.7589174153480707e-06,STTC,1,positive
E,,5,8128,q_noise,521,521,475,1,521,0,0,0,0,fraction,7.286903821394796e-16,8.290040779146933e-16,9.505296871802535e-16,1.06625026193213e-15,1.213884897760914e-15,1.5137986795574906e-15,1.7688893866477564e-15,1.1009886560239667e-15,2.0525572690072928e-16,STTC,1,positive
E,,10,101,snr_p_db,521,521,475,1,521,0,0,0,0,dB,9.999974206278313,9.9999870743284,9.999993182296814,9.999995478635878,9.999997465875232,9.999999026463675,9.999999784807255,9.99999469021548,3.759037467333159e-06,STTC,1,positive
E,,10,101,delta_p_db,521,521,475,1,521,0,0,0,0,dB,-2.5854946337932344e-05,-1.2995001511013269e-05,-6.879503150514272e-06,-4.570427488052205e-06,-2.5916806553734063e-06,-1.0439901430586852e-06,-2.799849305402259e-07,-5.368265672579774e-06,3.758917414930368e-06,STTC,1,positive
E,,10,101,q_noise,521,521,475,1,521,0,0,0,0,fraction,7.880766881569696e-16,1.0744966442706748e-15,1.3984715230901955e-15,1.7222967520266207e-15,2.2168832589468696e-15,3.0009420580577142e-15,4.097508394473335e-15,1.8396817737200235e-15,6.114043432143683e-16,STTC,1,positive
E,,10,202,snr_p_db,521,521,475,1,521,0,0,0,0,dB,9.999974207044334,9.999987067065124,9.999993188263021,9.99999548221109,9.999997465206574,9.999999013634609,9.999999784320453,9.999994690710292,3.7590213400185244e-06,STTC,1,positive
E,,10,202,delta_p_db,521,521,475,1,521,0,0,0,0,dB,-2.585494633841451e-05,-1.2995001511495434e-05,-6.879503150514272e-06,-4.570427488052205e-06,-2.59168065585557e-06,-1.0439901430586852e-06,-2.7998493102238966e-07,-5.36826567260291e-06,3.7589174148779916e-06,STTC,1,positive
E,,10,202,q_noise,521,521,475,1,521,0,0,0,0,fraction,7.898890215638966e-16,1.0413145440303364e-15,1.3771936762481236e-15,1.7400549546440143e-15,2.159710273148576e-15,2.9785709154989806e-15,4.0876067269693194e-15,1.834758524092571e-15,6.11235609422465e-16,STTC,1,positive
E,,10,303,snr_p_db,521,521,475,1,521,0,0,0,0,dB,9.999974204998377,9.999987058598466,9.999993184078296,9.999995492660933,9.999997467617769,9.999999022008383,9.999999797776775,9.999994690052871,3.758943963617096e-06,STTC,1,positive
E,,10,303,delta_p_db,521,521,475,1,521,0,0,0,0,dB,-2.5854946338896677e-05,-1.2995001511495434e-05,-6.879503150514272e-06,-4.570427487570041e-06,-2.5916806563377343e-06,-1.0439901430586852e-06,-2.7998493102238966e-07,-5.368265672630674e-06,3.7589174148885486e-06,STTC,1,positive
E,,10,303,q_noise,521,521,475,1,521,0,0,0,0,fraction,7.910002065404546e-16,1.0671015492875551e-15,1.3890339594313617e-15,1.7221651735873805e-15,2.147785626749739e-15,3.016379259663291e-15,4.125029760582618e-15,1.829895291628415e-15,6.003750797511513e-16,STTC,1,positive
E,,10,404,snr_p_db,521,521,475,1,521,0,0,0,0,dB,9.999974192071113,9.999987068129668,9.999993185281715,9.999995491547097,9.99999747701812,9.99999900918841,9.999999774568977,9.999994689900317,3.758578213769757e-06,STTC,1,positive
E,,10,404,delta_p_db,521,521,475,1,521,0,0,0,0,dB,-2.585494633841451e-05,-1.2995001511495434e-05,-6.879503150514272e-06,-4.570427488052205e-06,-2.5916806563377343e-06,-1.0439901430586852e-06,-2.7998493150455343e-07,-5.368265672569593e-06,3.758917414913844e-06,STTC,1,positive
E,,10,404,q_noise,521,521,475,1,521,0,0,0,0,fraction,7.80305607726662e-16,1.0480545907731828e-15,1.3806218092597558e-15,1.7450506689296105e-15,2.1618678328636362e-15,3.022125422096652e-15,4.216601949547168e-15,1.838670121532278e-15,6.210208880313097e-16,STTC,1,positive
E,,10,505,snr_p_db,521,521,475,1,521,0,0,0,0,dB,9.999974191315818,9.999987058775421,9.999993177187282,9.999995488099625,9.99999747664056,9.999999016831397,9.999999782041158,9.99999469050032,3.75943505749627e-06,STTC,1,positive
E,,10,505,delta_p_db,521,521,475,1,521,0,0,0,0,dB,-2.5854946337932344e-05,-1.2995001511013269e-05,-6.879503150514272e-06,-4.570427488052205e-06,-2.59168065585557e-06,-1.0439901430586852e-06,-2.799849305402259e-07,-5.368265672598283e-06,3.758917414883639e-06,STTC,1,positive
E,,10,505,q_noise,521,521,475,1,521,0,0,0,0,fraction,7.824955068405828e-16,1.0378755404551783e-15,1.3967656769597281e-15,1.7170408312764304e-15,2.1634354712359205e-15,2.9664176375536964e-15,4.113613680793422e-15,1.835897221594249e-15,6.145596620155053e-16,STTC,1,positive
E,,10,8128,snr_p_db,521,521,475,1,521,0,0,0,0,dB,9.999974205861884,9.999987042629098,9.999993171954431,9.999995487549143,9.9999974661986,9.999999010247896,9.999999774015427,9.999994690865506,3.758795867999337e-06,STTC,1,positive
E,,10,8128,delta_p_db,521,521,475,1,521,0,0,0,0,dB,-2.5854946337932344e-05,-1.2995001509566774e-05,-6.879503150514272e-06,-4.5704274885343695e-06,-2.5916806553734063e-06,-1.0439901425765212e-06,-2.7998493102238966e-07,-5.368265672612165e-06,3.7589174148944405e-06,STTC,1,positive
E,,10,8128,q_noise,521,521,475,1,521,0,0,0,0,fraction,8.175026777260301e-16,1.0547358870601446e-15,1.3855751086027173e-15,1.719142608877391e-15,2.1565547688546768e-15,2.9535618228039886e-15,4.036834487130516e-15,1.8344681284194718e-15,6.050781841940879e-16,STTC,1,positive
I,,0,101,snr_p_db,521,521,475,1,521,0,0,0,0,dB,1.8815138624645211,1.9422351352521614,2.0007338534589207,2.039125809190119,2.0764813675014873,2.1282193054400267,2.256579287891636,2.0389768942981403,0.05617212572126658,STTC,1,positive
I,,0,101,delta_p_db,521,521,475,1,521,0,0,0,0,dB,1.8815138619332186,1.9422351397430346,2.000733857847201,2.0391258118803575,2.076481367876806,2.1282192992650337,2.256579287393202,2.0389768940338455,0.05617212565448297,STTC,1,positive
I,,0,101,q_noise,521,521,475,1,521,0,0,0,0,fraction,0.35159181630761,0.3605959710885004,0.36914979005025733,0.3747019813137532,0.380056918227426,0.38739902943098475,0.4052409348791606,0.37462857406988764,0.008089933151660988,STTC,1,positive
I,,0,202,snr_p_db,521,521,475,1,521,0,0,0,0,dB,1.8476995093155675,1.9359765120558792,1.9960303786308107,2.0317968696896407,2.0767513778630007,2.1352055460922763,2.2317094392154524,2.0351577227592004,0.06108237559883339,STTC,1,positive
I,,0,202,delta_p_db,521,521,475,1,521,0,0,0,0,dB,1.8476995055450254,1.9359765242197913,1.9960303892185627,2.031796868801435,2.0767513741664985,2.135205546037187,2.2317094292384274,2.0351577227946707,0.06108237531085017,STTC,1,positive
I,,0,202,q_noise,521,521,475,1,521,0,0,0,0,fraction,0.34652439165746346,0.35967273908923486,0.36846693711528766,0.3736456180840512,0.3800955249955276,0.38838463682539065,0.4018245292619858,0.37406888149886836,0.008797697702711176,STTC,1,positive
I,,0,303,snr_p_db,521,521,475,1,521,0,0,0,0,dB,1.858450085683099,1.9329221534577932,1.9888509073029728,2.0344128655491795,2.07711647919602,2.1409691317139714,2.2063308789933975,2.0342410217183593,0.06406739427973795,STTC,1,positive
I,,0,303,delta_p_db,521,521,475,1,521,0,0,0,0,dB,1.8584500920212825,1.9329221634676266,1.988850903924651,2.034412860880711,2.0771164808157234,2.140969126344954,2.206330884753192,2.0342410214378734,0.06406739436870548,STTC,1,positive
I,,0,303,q_noise,521,521,475,1,521,0,0,0,0,fraction,0.3481394357243511,0.35922193049181916,0.36742223445958383,0.3740233087863932,0.3801490704899994,0.38919518134841075,0.3983189940714675,0.37393054374741014,0.00923321774653709,STTC,1,positive
I,,0,404,snr_p_db,521,521,475,1,521,0,0,0,0,dB,1.8785203667021364,1.942881755060348,2.0017248694914653,2.042060297461656,2.0848412952094892,2.147013166751713,2.2059702546637308,2.043835744504877,0.061381372197751895,STTC,1,positive
I,,0,404,delta_p_db,521,521,475,1,521,0,0,0,0,dB,1.8785203596211206,1.9428817611749492,2.001724869273693,2.0420603035565583,2.0848412993370804,2.1470131696544885,2.205970260032054,2.0438357444311075,0.06138137199385744,STTC,1,positive
I,,0,404,q_noise,521,521,475,1,521,0,0,0,0,fraction,0.3511447177097266,0.3606901906812975,0.36929396383829527,0.3751243687711562,0.38124939802465424,0.39004417001930225,0.3982692089459698,0.3753177492194813,0.008824477403772662,STTC,1,positive
I,,0,505,snr_p_db,521,521,475,1,521,0,0,0,0,dB,1.87315820678974,1.9347450212666977,1.9908052955376787,2.0357877922127154,2.0723243064225088,2.1332019556505757,2.2394034295946987,2.034033673778233,0.061032052455734696,STTC,1,positive
I,,0,505,delta_p_db,521,521,475,1,521,0,0,0,0,dB,1.8731582076254605,1.9347450177946492,1.9908052911247163,2.0357877873886103,2.0723243058159517,2.133201948621825,2.239403424619515,2.034033673453309,0.061032052652144904,STTC,1,positive
I,,0,505,q_noise,521,521,475,1,521,0,0,0,0,fraction,0.35034316159051615,0.35949130370446947,0.36770620607912596,0.37422080477513336,0.37946375145039296,0.3881012614653086,0.40288335630186456,0.37390696026868114,0.008792091771061708,STTC,1,positive
I,,0,8128,snr_p_db,521,521,475,1,521,0,0,0,0,dB,1.8760676114059405,1.9432951814145665,1.9935081532494756,2.0349265282667366,2.0812887431124683,2.138974506648644,2.2224564654587313,2.037355816736781,0.06126543281490225,STTC,1,positive
I,,0,8128,delta_p_db,521,521,475,1,521,0,0,0,0,dB,1.876067615798274,1.9432951868443158,1.9935081430291652,2.034926518695758,2.0812887386456573,2.138974506824974,2.2224564679013383,2.0373558168400376,0.06126543301519786,STTC,1,positive
I,,0,8128,q_noise,521,521,475,1,521,0,0,0,0,fraction,0.35077970756794347,0.36075212776366383,0.3680997467873977,0.37409726835510426,0.38074283723119673,0.3889145433202023,0.4005483798635733,0.37438524456982897,0.008817113982750566,STTC,1,positive
I,,5,101,snr_p_db,521,521,475,1,521,0,0,0,0,dB,6.881513748013493,6.942235040203922,7.000733762808224,7.039125702706917,7.076481251989463,7.128219176350086,7.256579170398243,7.038976782010788,0.056172124620308295,STTC,1,positive
I,,5,101,delta_p_db,521,521,475,1,521,0,0,0,0,dB,1.8815138654033234,1.9422351390736252,2.0007338643377666,2.039125807515374,2.076481370341371,2.128219300716948,2.2565792875689574,2.038976894151946,0.056172125192118956,STTC,1,positive
I,,5,101,q_noise,521,521,475,1,521,0,0,0,0,fraction,0.3515918168257018,0.3605959709899444,0.369149790993068,0.374701980685282,0.38005691857923574,0.3873990296357869,0.40524093490322993,0.37462857408775685,0.008089933084022814,STTC,1,positive
I,,5,202,snr_p_db,521,521,475,1,521,0,0,0,0,dB,6.847699382743649,6.935976397209911,6.99603028439371,7.031796751189826,7.076751258785965,7.1352054233730735,7.231709325024358,7.035157610841873,0.06108237640397231,STTC,1,positive
I,,5,202,delta_p_db,521,521,475,1,521,0,0,0,0,dB,1.84769950858969,1.935976523916991,1.9960303896079648,2.0317968649566267,2.076751371245738,2.13520554157026,2.231709438192672,2.0351577228097053,0.061082375628679186,STTC,1,positive
I,,5,202,q_noise,521,521,475,1,521,0,0,0,0,fraction,0.34652439211558894,0.35967273904458974,0.3684669372793583,0.37364561752953984,0.3800955245786233,0.388384636196315,0.4018245304952986,0.3740688815003822,0.008797697750661143,STTC,1,positive
I,,5,303,snr_p_db,521,521,475,1,521,0,0,0,0,dB,6.858449978832242,6.932922052883306,6.988850788429702,7.034412738637833,7.077116364898819,7.14096901865979,7.206330760605944,7.034240909791875,0.06406739479814406,STTC,1,positive
I,,5,303,delta_p_db,521,521,475,1,521,0,0,0,0,dB,1.858450093521384,1.9329221636417937,1.9888509004656498,2.0344128630429403,2.077116477046341,2.1409691303114187,2.206330881960559,2.0342410213805504,0.06406739442025675,STTC,1,positive
I,,5,303,q_noise,521,521,475,1,521,0,0,0,0,fraction,0.3481394359495109,0.3592219305175165,0.3674222339557582,0.3740233090980493,0.3801490699520107,0.38919518190626623,0.3983189936845701,0.3739305437390368,0.009233217754176454,STTC,1,positive
I,,5,404,snr_p_db,521,521,475,1,521,0,0,0,0,dB,6.87852026090661,6.942881652757428,7.00172475916527,7.042060187037756,7.084841185340576,7.147013055920292,7.205970140693852,7.04383563255177,0.06138137179424032,STTC,1,positive
I,,5,404,delta_p_db,521,521,475,1,521,0,0,0,0,dB,1.8785203599010365,1.9428817622697054,2.0017248704025663,2.0420603013973224,2.084841291534648,2.14701316966915,2.2059702607873954,2.043835744602657,0.061381371980129426,STTC,1,positive
I,,5,404,q_noise,521,521,475,1,521,0,0,0,0,fraction,0.3511447177515475,0.3606901908424527,0.36929396400223646,0.3751243684604789,0.3812493969130216,0.39004417002136155,0.3982692090506253,0.37531774924418576,0.008824477401187148,STTC,1,positive
I,,5,505,snr_p_db,521,521,475,1,521,0,0,0,0,dB,6.873158077383531,6.934744909015258,6.990805181183716,7.035787685218272,7.072324190317028,7.13320185966184,7.2394032956955,7.034033561910002,0.061032053371825754,STTC,1,positive
I,,5,505,delta_p_db,521,521,475,1,521,0,0,0,0,dB,1.8731582061233085,1.9347450151177252,1.9908052954512252,2.035787793265474,2.0723243061944308,2.1332019531651865,2.2394034198344634,2.0340336736659745,0.061032052899694884,STTC,1,positive
I,,5,505,q_noise,521,521,475,1,521,0,0,0,0,fraction,0.3503431613658107,0.3594913033096698,0.3677062067090269,0.37422080562193655,0.3794637515044714,0.38810126210544493,0.4028833556439622,0.37390696029883774,0.00879209180666873,STTC,1,positive
I,,5,8128,snr_p_db,521,521,475,1,521,0,0,0,0,dB,6.876067495026682,6.943295058800918,6.993508028408603,7.034926415640634,7.081288630645329,7.13897441202989,7.222456346749368,7.037355704359031,0.06126543289144218,STTC,1,positive
I,,5,8128,delta_p_db,521,521,475,1,521,0,0,0,0,dB,1.8760676118705621,1.9432951861391177,1.9935081426414156,2.03492652258164,2.0812887395179724,2.1389745205036617,2.2224564750592886,2.0373558165312415,0.061265432924304114,STTC,1,positive
I,,5,8128,q_noise,521,521,475,1,521,0,0,0,0,fraction,0.35077970698079575,0.36075212765986414,0.3680997467309799,0.37409726891513534,0.3807428373555794,0.388914545244898,0.40054838085157685,0.37438524452553285,0.008817113969732511,STTC,1,positive
I,,10,101,snr_p_db,521,521,475,1,521,0,0,0,0,dB,11.881513925218902,11.942235202254734,12.000733911480184,12.039125870125012,12.076481434275067,12.128219339958072,12.256579334140598,12.038976951932044,0.056172124725709094,STTC,1,positive
I,,10,101,delta_p_db,521,521,475,1,521,0,0,0,0,dB,1.8815138674527432,1.9422351429743845,2.0007338558384635,2.0391258155226897,2.076481374017112,2.1282192947711254,2.2565792828213085,2.0389768941037336,0.05617212532545685,STTC,1,positive
I,,10,101,q_noise,521,521,475,1,521,0,0,0,0,fraction,0.35159181713168325,0.3605959715642463,0.3691497897584709,0.3747019818381768,0.3800569191039374,0.3873990287970894,0.40524093425304736,0.37462857408055966,0.008089933104895938,STTC,1,positive
I,,10,202,snr_p_db,521,521,475,1,521,0,0,0,0,dB,11.847699566733365,11.93597657395669,11.996030451129513,12.031796910312845,12.07675143250876,12.135205587049127,12.231709509038577,12.035157781596714,0.06108237627750987,STTC,1,positive
I,,10,202,delta_p_db,521,521,475,1,521,0,0,0,0,dB,1.8476995086163717,1.9359765342206896,1.9960303908293944,2.0317968709765073,2.0767513678908545,2.1352055353063877,2.231709446173147,2.0351577230633597,0.061082375372965424,STTC,1,positive
I,,10,202,q_noise,521,521,475,1,521,0,0,0,0,fraction,0.3465243921196037,0.3596727405637754,0.3684669370395094,0.3736456183977476,0.38009552409975306,0.38838463531417594,0.40182453159448916,0.3740688815374627,0.008797697712203553,STTC,1,positive
I,,10,303,snr_p_db,521,521,475,1,521,0,0,0,0,dB,11.858450158775423,11.932922206702113,11.988850960355633,12.034412911785326,12.077116526831768,12.14096920363013,12.206330948323368,12.034241080423893,0.06406739455788008,STTC,1,positive
I,,10,303,delta_p_db,521,521,475,1,521,0,0,0,0,dB,1.8584500988348618,1.9329221645236336,1.9888509044236748,2.03441285844255,2.077116480288405,2.1409691360288647,2.206330893072083,2.0342410218436036,0.06406739458217146,STTC,1,positive
I,,10,303,q_noise,521,521,475,1,521,0,0,0,0,fraction,0.34813943674704506,0.3592219306476272,0.3674222345322699,0.37402330843496534,0.3801490704147374,0.389195182710385,0.3983189952239847,0.37393054380544954,0.009233217775782059,STTC,1,positive
I,,10,404,snr_p_db,521,521,475,1,521,0,0,0,0,dB,11.878520423322446,11.942881829587755,12.001724914222248,12.042060349922703,12.08484135964617,12.147013218258584,12.205970310702822,12.043835803521041,0.06138137203031751,STTC,1,positive
I,,10,404,delta_p_db,521,521,475,1,521,0,0,0,0,dB,1.8785203555071186,1.9428817663810571,2.0017248636246436,2.042060306935972,2.084841302146291,2.1470131639954118,2.2059702555523883,2.0438357449030358,0.06138137179737477,STTC,1,positive
I,,10,404,q_noise,521,521,475,1,521,0,0,0,0,fraction,0.35114471709507655,0.3606901914476706,0.3692939630179098,0.3751243692573961,0.38124939842489,0.390044169224499,0.39826920832529594,0.37531774928775596,0.00882447737568803,STTC,1,positive
I,,10,505,snr_p_db,521,521,475,1,521,0,0,0,0,dB,11.873158268957372,11.934745077643129,11.990805365374433,12.035787853046987,12.07232437308041,12.133201987610997,12.23940346664562,12.034033733029403,0.06103205323926365,STTC,1,positive
I,,10,505,delta_p_db,521,521,475,1,521,0,0,0,0,dB,1.8731582073504955,1.9347450168592366,1.990805295339266,2.035787791818086,2.0723243088568206,2.133201938600862,2.2394034205702633,2.034033673994493,0.06103205262540299,STTC,1,positive
I,,10,505,q_noise,521,521,475,1,521,0,0,0,0,fraction,0.3503431615493844,0.3594913035665124,0.36770620669272663,0.37422080541338093,0.3794637518848837,0.38810126005340606,0.40288335574512807,0.3739069603467564,0.008792091765585765,STTC,1,positive
I,,10,8128,snr_p_db,521,521,475,1,521,0,0,0,0,dB,11.876067661465878,11.943295243342831,11.9935081937145,12.034926573863615,12.081288790852474,12.138974569261439,12.222456557597706,12.037355875151249,0.061265433374293375,STTC,1,positive
I,,10,8128,delta_p_db,521,521,475,1,521,0,0,0,0,dB,1.8760676120440527,1.943295187840083,1.9935081354831619,2.0349265197369606,2.081288735443228,2.138974503187801,2.22245648131663,2.0373558166624877,0.06126543324562513,STTC,1,positive
I,,10,8128,q_noise,521,521,475,1,521,0,0,0,0,fraction,0.35077970700673056,0.36075212791023314,0.36809974568945103,0.3740972685051618,0.3807428367745648,0.38891454280842436,0.40054838171527035,0.3743852445437867,0.00881711401598296,STTC,1,positive
S_00,S_00,0,101,snr_p_db,521,521,475,1,521,0,0,0,0,dB,2.4091729534614146,2.5068455640729876,2.577519947075176,2.624286982633251,2.6727031408583377,2.741371418569991,2.833321667191273,2.6231619889536657,0.07018450913543357,STTC,1,positive
S_00,S_00,0,101,delta_p_db,521,521,475,1,521,0,0,0,0,dB,2.4091729600377385,2.5068455619980377,2.577519945922799,2.6242869859501217,2.672703142193879,2.7413714217659946,2.8333216657536293,2.6231619886797866,0.07018450874799025,STTC,1,positive
S_00,S_00,0,101,q_noise,521,521,475,1,521,0,0,0,0,fraction,0.4257747946897687,0.43854558619166434,0.44760754743087544,0.453523900426049,0.45958262583636134,0.46806074600362735,0.4792049685213886,0.45331156134328393,0.008840668420457654,STTC,1,positive
S_00,S_00,0,202,snr_p_db,521,521,475,1,521,0,0,0,0,dB,2.339936419194562,2.495177006442103,2.561814985538083,2.6172342707185097,2.665220580755703,2.734858529652995,2.867512441567301,2.6146516524850814,0.07414116370036779,STTC,1,positive
S_00,S_00,0,202,delta_p_db,521,521,475,1,521,0,0,0,0,dB,2.3399364234353666,2.495177014508224,2.561814983710995,2.617234273637476,2.665220580972049,2.734858526065047,2.867512437111303,2.614651652376536,0.07414116341066715,STTC,1,positive
S_00,S_00,0,202,q_noise,521,521,475,1,521,0,0,0,0,fraction,0.41654725163361866,0.43703446348666497,0.44560650188375156,0.4526362867624579,0.4586506999080654,0.4672619968488051,0.483288108582877,0.4522310064986379,0.00934843042657091,STTC,1,positive
S_00,S_00,0,303,snr_p_db,521,521,475,1,521,0,0,0,0,dB,2.4001996562520596,2.5045177290189753,2.5708167992199007,2.613282034222693,2.66825766558118,2.742277628057588,2.8651699541030213,2.6176530497731236,0.07278275511846448,STTC,1,positive
S_00,S_00,0,303,delta_p_db,521,521,475,1,521,0,0,0,0,dB,2.400199654889476,2.5045177255732156,2.5708167985044628,2.613282039620635,2.6682576691087116,2.7422776286348665,2.8651699508473,2.617653049416757,0.07278275494566479,STTC,1,positive
S_00,S_00,0,303,q_noise,521,521,475,1,521,0,0,0,0,fraction,0.42458722859290204,0.43824475762863047,0.44675480588904853,0.4521382010971964,0.45902992753929417,0.46817126744010057,0.4830099490540349,0.452612399570559,0.009157645799676541,STTC,1,positive
S_00,S_00,0,404,snr_p_db,521,521,475,1,521,0,0,0,0,dB,2.3938372397768655,2.5124804748722678,2.5744403898242747,2.6236908480975902,2.674384437317916,2.744494733693389,2.868237624082704,2.6261318144335917,0.07304401565222096,STTC,1,positive
S_00,S_00,0,404,delta_p_db,521,521,475,1,521,0,0,0,0,dB,2.393837243880079,2.512480468585524,2.5744403934450983,2.623690845461512,2.6743844401668833,2.7444947310525,2.8682376200138098,2.626131814232235,0.07304401585679748,STTC,1,positive
S_00,S_00,0,404,q_noise,521,521,475,1,521,0,0,0,0,fraction,0.4237434125098899,0.4392728422185493,0.4472159751383188,0.4534488101470988,0.4597923812617818,0.46844242113344253,0.48337463997279373,0.4536794518125095,0.009176931067508201,STTC,1,positive
S_00,S_00,0,505,snr_p_db,521,521,475,1,521,0,0,0,0,dB,2.376473840539365,2.4979342754121103,2.565123093803623,2.618506735110579,2.664404099036587,2.738786327997592,2.8291559722226096,2.6169684656100083,0.07323189247517162,STTC,1,positive
S_00,S_00,0,505,delta_p_db,521,521,475,1,521,0,0,0,0,dB,2.3764738494275472,2.4979342694039035,2.5651231034873243,2.618506738675568,2.6644041013830044,2.7387863260822245,2.829155971176604,2.6169684654583025,0.07323189267535694,STTC,1,positive
S_00,S_00,0,505,q_noise,521,521,475,1,521,0,0,0,0,fraction,0.42143480106446074,0.4373917244612353,0.44602872675599203,0.45279641787144453,0.458548844726312,0.4677432506521847,0.47870475406138174,0.4525250668592827,0.009231826302034847,STTC,1,positive
S_00,S_00,0,8128,snr_p_db,521,521,475,1,521,0,0,0,0,dB,2.433055714440539,2.5137239078162232,2.5709166878623475,2.619485298161883,2.6673988368639105,2.733357044943881,2.8585390004343236,2.6202867164822337,0.06892449168292729,STTC,1,positive
S_00,S_00,0,8128,delta_p_db,521,521,475,1,521,0,0,0,0,dB,2.433055715393217,2.5137239075333566,2.57091669071467,2.6194852975556553,2.6673988394380665,2.7333570497952326,2.8585389966658505,2.6202867165784065,0.06892449151964725,STTC,1,positive
S_00,S_00,0,8128,q_noise,521,521,475,1,521,0,0,0,0,fraction,0.4289240437840125,0.43943376865416495,0.44676815612472254,0.4529211701091309,0.4589229162246452,0.4670780445208616,0.4822194758583077,0.45295213648986327,0.008669667195061119,STTC,1,positive
S_00,S_00,5,101,snr_p_db,521,521,475,1,521,0,0,0,0,dB,7.409172835479227,7.506845436140997,7.577519828309201,7.6242868611229575,7.672703039611129,7.741371314091615,7.833321566775657,7.623161875728291,0.0701845091810008,STTC,1,positive
S_00,S_00,5,101,delta_p_db,521,521,475,1,521,0,0,0,0,dB,2.4091729536955,2.506845554377276,2.577519943755746,2.6242869811810103,2.6727031496242253,2.7413714282046966,2.8333216669589563,2.6231619880523462,0.07018450892485209,STTC,1,positive
S_00,S_00,5,101,q_noise,521,521,475,1,521,0,0,0,0,fraction,0.4257747938511965,0.43854558520645487,0.4476075471552413,0.453523899825948,0.4595826267609618,0.4680607467922623,0.47920496866592843,0.453311561263946,0.008840668443411139,STTC,1,positive
S_00,S_00,5,202,snr_p_db,521,521,475,1,521,0,0,0,0,dB,7.339936308673808,7.49517689266345,7.561814885704809,7.617234147269403,7.66522047094025,7.7348584018159015,7.867512316165781,7.6146515412321145,0.07414116351673361,STTC,1,positive
S_00,S_00,5,202,delta_p_db,521,521,475,1,521,0,0,0,0,dB,2.3399364203991775,2.4951770091240046,2.561814987249562,2.6172342729755593,2.6652205856548234,2.734858529519663,2.867512431727621,2.6146516525776167,0.0741411633616213,STTC,1,positive
S_00,S_00,5,202,q_noise,521,521,475,1,521,0,0,0,0,fraction,0.41654725122572195,0.4370344627887215,0.4456065023354632,0.4526362866790331,0.45865070049177453,0.46726199727257395,0.483288107942341,0.4522310065241051,0.009348430419979946,STTC,1,positive
S_00,S_00,5,303,snr_p_db,521,521,475,1,521,0,0,0,0,dB,7.40019955438373,7.504517610464346,7.570816693936763,7.6132819222011445,7.668257566106515,7.742277520228322,7.8651698286662395,7.617652938020455,0.07278275525234874,STTC,1,positive
S_00,S_00,5,303,delta_p_db,521,521,475,1,521,0,0,0,0,dB,2.400199668451565,2.504517722761351,2.5708168089321957,2.613282042843028,2.668257682897811,2.74227762702774,2.8651699394520462,2.6176530493924024,0.07278275477811066,STTC,1,positive
S_00,S_00,5,303,q_noise,521,521,475,1,521,0,0,0,0,fraction,0.424587230389793,0.43824475726491896,0.4467548072174313,0.4521382015037008,0.4590299292569052,0.468171267243295,0.4830099476975285,0.4526123995678361,0.00915764577966845,STTC,1,positive
S_00,S_00,5,404,snr_p_db,521,521,475,1,521,0,0,0,0,dB,7.393837127755899,7.512480358322677,7.5744402862824645,7.623690744292473,7.674384327405103,7.744494622250112,7.86823751435398,7.626131702164434,0.07304401583174425,STTC,1,positive
S_00,S_00,5,404,delta_p_db,521,521,475,1,521,0,0,0,0,dB,2.393837239768791,2.512480467328299,2.574440395581396,2.623690852988054,2.6743844386654163,2.7444947404265423,2.8682376162733227,2.626131814520856,0.0730440157810374,STTC,1,positive
S_00,S_00,5,404,q_noise,521,521,475,1,521,0,0,0,0,fraction,0.42374341196437154,0.43927284205622613,0.44721597541023367,0.45344881109429946,0.45979238107501813,0.4684424222807847,0.48337463952783516,0.4536794518489618,0.00917693105994262,STTC,1,positive
S_00,S_00,5,505,snr_p_db,521,521,475,1,521,0,0,0,0,dB,7.37647375502797,7.497934158278512,7.565122980366685,7.618506617945063,7.664403993690377,7.738786230815142,7.829155864562699,7.616968353964528,0.07323189311766198,STTC,1,positive
S_00,S_00,5,505,delta_p_db,521,521,475,1,521,0,0,0,0,dB,2.3764738581200446,2.497934265380741,2.565123104774144,2.618506730043392,2.664404101177489,2.7387863318728547,2.829155980929645,2.6169684657722363,0.07323189304998431,STTC,1,positive
S_00,S_00,5,505,q_noise,521,521,475,1,521,0,0,0,0,fraction,0.4214348022224715,0.43739172394005327,0.44602872692013434,0.45279641678380517,0.45854884470068963,0.46774325136186484,0.4787047552320653,0.4525250668980689,0.009231826347479374,STTC,1,positive
S_00,S_00,5,8128,snr_p_db,521,521,475,1,521,0,0,0,0,dB,7.433055620239269,7.513723788187533,7.570916597569095,7.619485200118622,7.6673987238659835,7.733356936474392,7.858538872625066,7.620286604279368,0.06892449120693929,STTC,1,positive
S_00,S_00,5,8128,delta_p_db,521,521,475,1,521,0,0,0,0,dB,2.4330557251613456,2.5137239023130435,2.5709166921152438,2.6194853022004616,2.6673988331760285,2.733357060932315,2.8585389956668887,2.620286716015433,0.06892449116425337,STTC,1,positive
S_00,S_00,5,8128,q_noise,521,521,475,1,521,0,0,0,0,fraction,0.4289240450684735,0.4394337679803523,0.4467681563031365,0.4529211706942351,0.45892291544447295,0.4670780458874909,0.4822194757392081,0.4529521364196679,0.00866966714961392,STTC,1,positive
S_00,S_00,10,101,snr_p_db,521,521,475,1,521,0,0,0,0,dB,12.409173038726394,12.506845617999957,12.577520019890605,12.62428703128078,12.672703185479982,12.741371477608192,12.833321722941406,12.623162047354196,0.07018450896048012,STTC,1,positive
S_00,S_00,10,101,delta_p_db,521,521,475,1,521,0,0,0,0,dB,2.4091729670042787,2.5068455628556685,2.5775199508927327,2.6242869796849115,2.672703135472357,2.741371420422665,2.8333216815159057,2.6231619887795836,0.0701845084944205,STTC,1,positive
S_00,S_00,10,101,q_noise,521,521,475,1,521,0,0,0,0,fraction,0.4257747956108863,0.4385455863025385,0.4476075480630165,0.45352389963769263,0.4595826249999642,0.46806074583909163,0.4792049704115612,0.4533115613563638,0.008840668387842972,STTC,1,positive
S_00,S_00,10,202,snr_p_db,521,521,475,1,521,0,0,0,0,dB,12.339936499716625,12.495177060827432,12.561815034846028,12.617234335159289,12.665220626387999,12.734858587712768,12.867512518937023,12.614651711261232,0.07414116374512837,STTC,1,positive
S_00,S_00,10,202,delta_p_db,521,521,475,1,521,0,0,0,0,dB,2.3399364401326035,2.4951770165933085,2.561814981683468,2.617234280354301,2.6652205654537022,2.734858526082575,2.8675124455707324,2.614651652352307,0.07414116341722025,STTC,1,positive
S_00,S_00,10,202,q_noise,521,521,475,1,521,0,0,0,0,fraction,0.4165472538768083,0.4370344637569495,0.44560650162493004,0.45263628760901387,0.4586506979736991,0.46726199685095515,0.4832881095893572,0.4522310064955734,0.00934843042641888,STTC,1,positive
S_00,S_00,10,303,snr_p_db,521,521,475,1,521,0,0,0,0,dB,12.400199699326961,12.50451776753708,12.570816861754746,12.613282097089177,12.668257719698733,12.742277689522899,12.865170007207068,12.617653108028579,0.0727827550120602,STTC,1,positive
S_00,S_00,10,303,delta_p_db,521,521,475,1,521,0,0,0,0,dB,2.4001996517798507,2.5045177184826355,2.570816799212767,2.6132820397190955,2.668257661742728,2.7422776228180674,2.8651699407340745,2.617653049571947,0.07278275474126301,STTC,1,positive
S_00,S_00,10,303,q_noise,521,521,475,1,521,0,0,0,0,fraction,0.4245872281808963,0.4382447567114717,0.44675480597927897,0.45213820110961717,0.45902992662176534,0.46817126672778653,0.48300994785014284,0.45261239959054905,0.009157645773728346,STTC,1,positive
S_00,S_00,10,404,snr_p_db,521,521,475,1,521,0,0,0,0,dB,12.393837299056553,12.512480520705811,12.574440447328117,12.623690912595272,12.674384481924658,12.744494785120374,12.868237685223562,12.626131873288388,0.0730440157714983,STTC,1,positive
S_00,S_00,10,404,delta_p_db,521,521,475,1,521,0,0,0,0,dB,2.3938372461674287,2.5124804681594037,2.574440394216895,2.6236908525085645,2.6743844253889626,2.744494732895477,2.8682376335362596,2.626131815017184,0.0730440160782749,STTC,1,positive
S_00,S_00,10,404,q_noise,521,521,475,1,521,0,0,0,0,fraction,0.4237434128133938,0.43927284216353196,0.4472159752365556,0.45344881103395673,0.45979237942359463,0.4684424213590151,0.483374641581389,0.4536794519107746,0.009176931095500286,STTC,1,positive
S_00,S_00,10,505,snr_p_db,521,521,475,1,521,0,0,0,0,dB,12.376473908175162,12.497934336838608,12.56512315692735,12.618506813619835,12.664404174243785,12.738786397754172,12.829156032528173,12.616968524415181,0.07323189301998788,STTC,1,positive
S_00,S_00,10,505,delta_p_db,521,521,475,1,521,0,0,0,0,dB,2.3764738519374005,2.4979342674406437,2.565123104179778,2.6185067391308268,2.664404103536956,2.738786339045079,2.8291559719652026,2.6169684656546273,0.07323189288484083,STTC,1,positive
S_00,S_00,10,505,q_noise,521,521,475,1,521,0,0,0,0,fraction,0.4214348013988223,0.43739172420690414,0.446028726844319,0.45279641792880637,0.4585488449948531,0.4677432522408687,0.47870475415603936,0.4525250668835919,0.009231826327183551,STTC,1,positive
S_00,S_00,10,8128,snr_p_db,521,521,475,1,521,0,0,0,0,dB,12.433055758237902,12.51372395657336,12.570916756495368,12.61948536415921,12.66739887807783,12.733357112010983,12.858539053277799,12.620286775082763,0.0689244917767558,STTC,1,positive
S_00,S_00,10,8128,delta_p_db,521,521,475,1,521,0,0,0,0,dB,2.433055716612316,2.5137239056099507,2.5709166939257813,2.619485307037218,2.667398827545267,2.7333570580781643,2.8585389937486188,2.620286716613293,0.06892449162738933,STTC,1,positive
S_00,S_00,10,8128,q_noise,521,521,475,1,521,0,0,0,0,fraction,0.42892404394431805,0.43943376840590104,0.44676815653377416,0.45292117130351917,0.4589229147429499,0.4670780455372586,0.4822194755105055,0.4529521364940412,0.00866966720886912,STTC,1,positive
S_01,S_01,0,101,snr_p_db,521,521,475,1,521,0,0,0,0,dB,1.4507087329545287,1.5418463588711986,1.600150275803178,1.6390886582709385,1.6822852279780995,1.7394044305765632,1.8102694358351643,1.6402881110634178,0.06066509750551873,STTC,1,positive
S_01,S_01,0,101,delta_p_db,521,521,475,1,521,0,0,0,0,dB,1.4507087208619929,1.541846359574587,1.6001502846953652,1.6390886654802281,1.6822852324950346,1.7394044289986863,1.8102694301090883,1.6402881107692284,0.06066509756799994,STTC,1,positive
S_01,S_01,0,101,q_noise,521,521,475,1,521,0,0,0,0,fraction,0.28397427326899605,0.29884291228274473,0.3081934028482333,0.31436978659580517,0.3211546225418175,0.33002382447185746,0.3408673265257007,0.314491326881708,0.00958031651066537,STTC,1,positive
S_01,S_01,0,202,snr_p_db,521,521,475,1,521,0,0,0,0,dB,1.4266767719572773,1.5430645478071428,1.5931648638740283,1.6324728282768899,1.678988636790947,1.7440629418336349,1.8721535259625819,1.6355115196642602,0.06311559379190672,STTC,1,positive
S_01,S_01,0,202,delta_p_db,521,521,475,1,521,0,0,0,0,dB,1.4266767799023252,1.5430645441627457,1.5931648695557104,1.6324728141429707,1.6789886302267272,1.7440629447109688,1.8721535234857611,1.6355115194556684,0.06311559371892547,STTC,1,positive
S_01,S_01,0,202,q_noise,521,521,475,1,521,0,0,0,0,fraction,0.28000139615261843,0.2990416381642757,0.3070796806577116,0.3133234102739854,0.3206396018761521,0.330742804218997,0.3501927385761022,0.31373152879007543,0.009961330063449134,STTC,1,positive
S_01,S_01,0,303,snr_p_db,521,521,475,1,521,0,0,0,0,dB,1.4643835913327634,1.544201612347139,1.5956773467867964,1.6349489738345693,1.6745053339688198,1.7443284360677356,1.8372876446711048,1.6367289317201827,0.0605085239549476,STTC,1,positive
S_01,S_01,0,303,delta_p_db,521,521,475,1,521,0,0,0,0,dB,1.4643835870166662,1.5442016194013062,1.5956773403089928,1.634948970773514,1.674505328335671,1.7443284376711934,1.837287640172657,1.6367289315276432,0.06050852380757884,STTC,1,positive
S_01,S_01,0,303,q_noise,521,521,475,1,521,0,0,0,0,fraction,0.28622486498851124,0.2992245435965069,0.3074820178197035,0.3137147030606919,0.3199371985866334,0.33078384325356147,0.3449556879134451,0.31392974228702525,0.009542625089410263,STTC,1,positive
S_01,S_01,0,404,snr_p_db,521,521,475,1,521,0,0,0,0,dB,1.4611791597510115,1.538343017902288,1.6022572918573506,1.6426052471161174,1.684102164362279,1.7403584054617784,1.8478578544144857,1.6421292577983773,0.06097584953709443,STTC,1,positive
S_01,S_01,0,404,delta_p_db,521,521,475,1,521,0,0,0,0,dB,1.4611791570170531,1.5383430157051707,1.6022572943416458,1.6426052514491416,1.6841021571924313,1.7403584056650032,1.847857856764672,1.6421292578706432,0.06097584953634235,STTC,1,positive
S_01,S_01,0,404,q_noise,521,521,475,1,521,0,0,0,0,fraction,0.285698634122113,0.29827757149032963,0.3085296854351804,0.3149234507787785,0.32143821554726226,0.33017218107136914,0.3465480616815555,0.31478122494012256,0.009618930376634829,STTC,1,positive
S_01,S_01,0,505,snr_p_db,521,521,475,1,521,0,0,0,0,dB,1.453775752308979,1.5305712597949253,1.591682764329003,1.6295629472622526,1.6701875220629776,1.7386732549894504,1.8037442417362177,1.6307794903343584,0.06327350607474745,STTC,1,positive
S_01,S_01,0,505,delta_p_db,521,521,475,1,521,0,0,0,0,dB,1.4537757535312905,1.5305712635075772,1.5916827534702653,1.6295629489468901,1.6701875246477034,1.738673254622596,1.803744244981188,1.6307794901808874,0.06327350628215798,STTC,1,positive
S_01,S_01,0,505,q_noise,521,521,475,1,521,0,0,0,0,fraction,0.2844795203227235,0.29702109206653315,0.3068429282941271,0.31286399553558214,0.3192605353620897,0.32991170529793423,0.3398770744666747,0.31298299990554873,0.009998516533981507,STTC,1,positive
S_01,S_01,0,8128,snr_p_db,521,521,475,1,521,0,0,0,0,dB,1.4734823061362659,1.5489502758537914,1.5961909560551388,1.6387781774144345,1.6772915411392129,1.72769366560797,1.7991316747420707,1.638222215496565,0.05712656510763684,STTC,1,positive
S_01,S_01,0,8128,delta_p_db,521,521,475,1,521,0,0,0,0,dB,1.4734823025301167,1.54895027480043,1.5961909512156343,1.638778170107769,1.6772915459954163,1.7276936556694686,1.7991316810702358,1.6382222157623454,0.05712656529053671,STTC,1,positive
S_01,S_01,0,8128,q_noise,521,521,475,1,521,0,0,0,0,fraction,0.2877186687642654,0.299990351184726,0.3075620785991403,0.31431911659372536,0.32037314440467834,0.328214942190494,0.3391748837846667,0.3141727757063657,0.009014171549601546,STTC,1,positive
S_01,S_01,5,101,snr_p_db,521,521,475,1,521,0,0,0,0,dB,6.450708610719159,6.541846249854796,6.600150170987326,6.639088552908063,6.682285123086453,6.739404323288251,6.810269317497317,6.640287998509614,0.06066509748179732,STTC,1,positive
S_01,S_01,5,101,delta_p_db,521,521,475,1,521,0,0,0,0,dB,1.4507087226792081,1.5418463650106984,1.600150286929885,1.6390886656593395,1.6822852335272798,1.7394044402642006,1.8102694309439484,1.640288110634558,0.060665097604682305,STTC,1,positive
S_01,S_01,5,101,q_noise,521,521,475,1,521,0,0,0,0,fraction,0.28397427356860216,0.29884291316039063,0.3081934032041797,0.31436978662408177,0.32115462270316764,0.3300238262097625,0.3408673266524082,0.31449132686037473,0.009580316515788221,STTC,1,positive
S_01,S_01,5,202,snr_p_db,521,521,475,1,521,0,0,0,0,dB,6.426676667746771,6.543064435644258,6.593164764723833,6.6324727132148436,6.678988531099216,6.744062832549008,6.872153421582935,6.63551140791791,0.06311559445842976,STTC,1,positive
S_01,S_01,5,202,delta_p_db,521,521,475,1,521,0,0,0,0,dB,1.4266767791646053,1.543064544762689,1.593164867601674,1.6324728194959532,1.678988634186359,1.7440629471526576,1.8721535285110902,1.6355115197730525,0.06311559386984822,STTC,1,positive
S_01,S_01,5,202,q_noise,521,521,475,1,521,0,0,0,0,fraction,0.2800013960303149,0.2990416382611075,0.3070796803459436,0.31332341112036216,0.32063960249555146,0.33074280459526645,0.3501927393280103,0.31373152883988553,0.009961330085926885,STTC,1,positive
S_01,S_01,5,303,snr_p_db,521,521,475,1,521,0,0,0,0,dB,6.464383471320799,6.544201509022614,6.595677238409481,6.634948841715521,6.674505228730859,6.744328327410156,6.837287523674424,6.636728819738167,0.06050852416399473,STTC,1,positive
S_01,S_01,5,303,delta_p_db,521,521,475,1,521,0,0,0,0,dB,1.4643835896670772,1.5442016116405601,1.5956773420182022,1.6349489626848013,1.674505338267306,1.7443284345633694,1.8372876360586485,1.6367289312446576,0.06050852358996468,STTC,1,positive
S_01,S_01,5,303,q_noise,521,521,475,1,521,0,0,0,0,fraction,0.28622486542411374,0.2992245423442367,0.3074820180922509,0.3137147017824891,0.3199372001418307,0.3307838427746683,0.34495568729293113,0.31392974224279374,0.009542625056720256,STTC,1,positive
S_01,S_01,5,404,snr_p_db,521,521,475,1,521,0,0,0,0,dB,6.46117904526991,6.538342891872056,6.602257167223264,6.642605149739889,6.684102035716959,6.740358289154801,6.847857744169586,6.642129145562876,0.06097584958809353,STTC,1,positive
S_01,S_01,5,404,delta_p_db,521,521,475,1,521,0,0,0,0,dB,1.4611791575696051,1.538343016156263,1.6022572844298417,1.6426052599523258,1.6841021551055926,1.7403584024702514,1.847857853819193,1.6421292580789975,0.06097584939631783,STTC,1,positive
S_01,S_01,5,404,q_noise,521,521,475,1,521,0,0,0,0,fraction,0.2856986342129934,0.298277571563216,0.3085296838570535,0.3149234521201108,0.3214382152212049,0.3301721805786313,0.34654806123837034,0.31478122497330324,0.009618930354585949,STTC,1,positive
S_01,S_01,5,505,snr_p_db,521,521,475,1,521,0,0,0,0,dB,6.453775636881966,6.530571147748247,6.5916826463362,6.629562848755829,6.670187428936921,6.738673142525001,6.803744138102051,6.630779378421276,0.06327350609693459,STTC,1,positive
S_01,S_01,5,505,delta_p_db,521,521,475,1,521,0,0,0,0,dB,1.4537757493847603,1.530571256873712,1.5916827484330667,1.6295629469281334,1.6701875292099808,1.7386732496280197,1.8037442483964927,1.6307794902874735,0.06327350618684013,STTC,1,positive
S_01,S_01,5,505,q_noise,521,521,475,1,521,0,0,0,0,fraction,0.2844795196395632,0.2970210909927303,0.3068429274901635,0.3128639954359773,0.3192605360772086,0.32991170452730334,0.3398770749857973,0.3129829999226282,0.009998516518799705,STTC,1,positive
S_01,S_01,5,8128,snr_p_db,521,521,475,1,521,0,0,0,0,dB,6.473482201124438,6.548950167216198,6.596190843208236,6.638778052791988,6.677291446705514,6.7276935499801285,6.799131587662359,6.638222104050771,0.05712656558257397,STTC,1,positive
S_01,S_01,5,8128,delta_p_db,521,521,475,1,521,0,0,0,0,dB,1.4734823036930993,1.548950279195733,1.596190951310249,1.6387781690638472,1.677291552491823,1.7276936533609986,1.799131688806007,1.6382222157344777,0.05712656543368631,STTC,1,positive
S_01,S_01,5,8128,q_noise,521,521,475,1,521,0,0,0,0,fraction,0.2877186689550048,0.29999035189317474,0.30756207861422563,0.31431911642890703,0.3203731454213001,0.3282149418334101,0.3391748849617463,0.31417277570167135,0.009014171571537152,STTC,1,positive
S_01,S_01,10,101,snr_p_db,521,521,475,1,521,0,0,0,0,dB,11.450708803735846,11.541846424213801,11.600150338222765,11.639088709786169,11.68228527909058,11.739404505551033,11.810269503942603,11.640288169766814,0.060665098307803964,STTC,1,positive
S_01,S_01,10,101,delta_p_db,521,521,475,1,521,0,0,0,0,dB,1.4507087234783722,1.541846363066512,1.6001502841106705,1.6390886674068073,1.6822852358267912,1.7394044373310376,1.8102694421496337,1.6402881106984921,0.06066509794006249,STTC,1,positive
S_01,S_01,10,101,q_noise,521,521,475,1,521,0,0,0,0,fraction,0.28397427370036116,0.29884291284650694,0.30819340275509477,0.3143697868999585,0.32115462306260417,0.3300238257572702,0.3408673283531053,0.3144913268697299,0.009580316568230558,STTC,1,positive
S_01,S_01,10,202,snr_p_db,521,521,475,1,521,0,0,0,0,dB,11.426676835685504,11.54306459704505,11.593164908512204,11.632472879330408,11.678988698559813,11.744063009717689,11.872153568365107,11.635511578558507,0.06311559360510069,STTC,1,positive
S_01,S_01,10,202,delta_p_db,521,521,475,1,521,0,0,0,0,dB,1.4266767846533688,1.5430645449315241,1.5931648642152254,1.6324728201899243,1.6789886339483662,1.7440629559845067,1.8721535170843464,1.635511519847344,0.06311559364304997,STTC,1,positive
S_01,S_01,10,202,q_noise,521,521,475,1,521,0,0,0,0,fraction,0.28000139694027404,0.2990416382883579,0.30707967980563305,0.3133234112300882,0.3206396024583227,0.33074280595627353,0.3501927376182993,0.31373152885214267,0.009961330050266367,STTC,1,positive
S_01,S_01,10,303,snr_p_db,521,521,475,1,521,0,0,0,0,dB,11.464383640404488,11.544201676687225,11.59567738505543,11.634949026590702,11.674505374593316,11.744328514594905,11.83728769086562,11.636728989577309,0.06050852438143992,STTC,1,positive
S_01,S_01,10,303,delta_p_db,521,521,475,1,521,0,0,0,0,dB,1.4643835784833317,1.5442016174329813,1.5956773439084326,1.6349489677709248,1.674505317272611,1.744328443986869,1.8372876323089262,1.6367289311501314,0.06050852416252448,STTC,1,positive
S_01,S_01,10,303,q_noise,521,521,475,1,521,0,0,0,0,fraction,0.28622486358603394,0.29922454327889886,0.3074820183936635,0.3137147025862137,0.3199371968542661,0.33078384422676094,0.3449556867273623,0.31392974222660874,0.009542625146424616,STTC,1,positive
S_01,S_01,10,404,snr_p_db,521,521,475,1,521,0,0,0,0,dB,11.461179212813477,11.53834307542346,11.602257364121531,11.642605305088411,11.684102233630483,11.740358462856978,11.847857911459387,11.642129316253516,0.06097584938526088,STTC,1,positive
S_01,S_01,10,404,delta_p_db,521,521,475,1,521,0,0,0,0,dB,1.4611791535663687,1.538343018684517,1.602257289622545,1.642605248525911,1.684102156604915,1.7403584009320663,1.8478578592332953,1.6421292578155098,0.06097584951117931,STTC,1,positive
S_01,S_01,10,404,q_noise,521,521,475,1,521,0,0,0,0,fraction,0.28569863355456526,0.2982775719717251,0.3085296846838197,0.3149234503176544,0.321438215455466,0.3301721803413915,0.3465480620529917,0.3147812249314724,0.009618930374268824,STTC,1,positive
S_01,S_01,10,505,snr_p_db,521,521,475,1,521,0,0,0,0,dB,11.453775806651956,11.53057132338989,11.591682823556585,11.629563017525353,11.670187588000733,11.738673303103102,11.803744292828465,11.630779549037015,0.0632735063121247,STTC,1,positive
S_01,S_01,10,505,delta_p_db,521,521,475,1,521,0,0,0,0,dB,1.453775747020909,1.5305712673846457,1.5916827591939504,1.6295629484884155,1.6701875272724331,1.7386732504019742,1.8037442416241056,1.6307794903587611,0.0632735062317797,STTC,1,positive
S_01,S_01,10,505,q_noise,521,521,475,1,521,0,0,0,0,fraction,0.2844795192501076,0.29702109269410215,0.3068429292076577,0.3128639945504434,0.3192605357735056,0.3299117046467196,0.3398770739564018,0.31298299993379686,0.009998516526781647,STTC,1,positive
S_01,S_01,10,8128,snr_p_db,521,521,475,1,521,0,0,0,0,dB,11.473482353390843,11.548950339614866,11.596191011841949,11.638778239270646,11.677291591094212,11.727693732810714,11.799131736696571,11.638222275028134,0.057126565798910456,STTC,1,positive
S_01,S_01,10,8128,delta_p_db,521,521,475,1,521,0,0,0,0,dB,1.4734823000431159,1.5489502747090464,1.5961909512582684,1.638778174508455,1.6772915428418889,1.7276936527323274,1.799131676487251,1.638222216290115,0.057126565778236174,STTC,1,positive
S_01,S_01,10,8128,q_noise,521,521,475,1,521,0,0,0,0,fraction,0.2877186683563753,0.29999035116999645,0.3075620786059378,0.3143191172885227,0.3203731439111833,0.32821494173616456,0.33917488308731697,0.31417277578869324,0.009014171626823842,STTC,1,positive
S_02,S_02,0,101,snr_p_db,521,521,475,1,521,0,0,0,0,dB,1.0000286790247348,1.0638166115316805,1.1143659240186743,1.1454861967976677,1.183711202178782,1.2273009392238747,1.2749099299128006,1.147690168729078,0.050144340144520023,STTC,1,positive
S_02,S_02,0,101,delta_p_db,521,521,475,1,521,0,0,0,0,dB,1.0000286702253762,1.063816616227623,1.114365932117844,1.145486196955797,1.1837112019055425,1.2273009394488656,1.2749099289514958,1.1476901688042518,0.05014434013251752,STTC,1,positive
S_02,S_02,0,101,q_noise,521,521,475,1,521,0,0,0,0,fraction,0.20567792570296003,0.21725892763889526,0.22631756155211888,0.23184112882110983,0.2385725157186803,0.24617624695542473,0.254395397622814,0.2321801341373573,0.008867923613538534,STTC,1,positive
S_02,S_02,0,202,snr_p_db,521,521,475,1,521,0,0,0,0,dB,0.9896102549519048,1.0646279431164833,1.1067008367635298,1.1401734699171504,1.179920944026735,1.2298746956932858,1.350140460677269,1.1434880944282886,0.05264197497642318,STTC,1,positive
S_02,S_02,0,202,delta_p_db,521,521,475,1,521,0,0,0,0,dB,0.9896102517532595,1.0646279417813282,1.1067008468131152,1.1401734695715047,1.1799209511803619,1.229874699011603,1.3501404616254933,1.1434880944029415,0.05264197541070424,STTC,1,positive
S_02,S_02,0,202,q_noise,521,521,475,1,521,0,0,0,0,fraction,0.2037704135751203,0.2174049413324234,0.22495243806886941,0.23090072831595423,0.23790756249145173,0.24662336454930434,0.26719931546833414,0.23143169997871832,0.009303660541471269,STTC,1,positive
S_02,S_02,0,303,snr_p_db,521,521,475,1,521,0,0,0,0,dB,0.9924023035433884,1.0624192456961377,1.1105309344341432,1.142184340766609,1.1802430379451672,1.23150568783453,1.3208125732865714,1.1449674678336839,0.052057680856138516,STTC,1,positive
S_02,S_02,0,303,delta_p_db,521,521,475,1,521,0,0,0,0,dB,0.9924023015876465,1.0624192414467741,1.1105309403158952,1.142184333036207,1.1802430368921542,1.2315056934892792,1.3208125606298513,1.144967467392814,0.052057680916819504,STTC,1,positive
S_02,S_02,0,303,q_noise,521,521,475,1,521,0,0,0,0,fraction,0.20428133855177516,0.2170069054587013,0.2256348267492885,0.23125886197484236,0.23796509629914794,0.24690628662673883,0.2622347627449602,0.2316946901658922,0.009200093350119816,STTC,1,positive
S_02,S_02,0,404,snr_p_db,521,521,475,1,521,0,0,0,0,dB,0.9988190737832313,1.0634577690202436,1.113363933003276,1.1497154947989743,1.184470133031192,1.2287757312163547,1.3002894785386205,1.1478910295668574,0.052047760893242034,STTC,1,positive
S_02,S_02,0,404,delta_p_db,521,521,475,1,521,0,0,0,0,dB,0.9988190760229675,1.0634577758020587,1.1133639435348683,1.1497155035010818,1.184470127756339,1.2287757315102361,1.3002894815356751,1.1478910295707894,0.05204776104125501,STTC,1,positive
S_02,S_02,0,404,q_noise,521,521,475,1,521,0,0,0,0,fraction,0.2054569825836624,0.21719432919425405,0.2261393788419545,0.23258889002967123,0.2387061680399219,0.24643291422718785,0.2587401317985657,0.2322116955356258,0.009203534797317513,STTC,1,positive
S_02,S_02,0,505,snr_p_db,521,521,475,1,521,0,0,0,0,dB,0.9842328371520853,1.0536183954680363,1.1049571703395649,1.1395501645982753,1.172657747622275,1.2323019459766287,1.290142656926749,1.1399066216886682,0.05303642384199028,STTC,1,positive
S_02,S_02,0,505,delta_p_db,521,521,475,1,521,0,0,0,0,dB,0.9842328363201863,1.0536183964869605,1.1049571745211793,1.1395501608742435,1.1726577482411014,1.232301941934284,1.2901426588629104,1.1399066216344356,0.05303642379573976,STTC,1,positive
S_02,S_02,0,505,q_noise,521,521,475,1,521,0,0,0,0,fraction,0.2027837318371882,0.21541882359033288,0.22463931377153015,0.230790273486551,0.23663236120424042,0.24704443383514713,0.2570068381344823,0.23079674087475013,0.009390635513347281,STTC,1,positive
S_02,S_02,0,8128,snr_p_db,521,521,475,1,521,0,0,0,0,dB,1.0030376344746117,1.0611968378691188,1.1103963204448812,1.1422128338404791,1.178347315072559,1.228377683652039,1.291817765806254,1.1444188588473665,0.049340345680472186,STTC,1,positive
S_02,S_02,0,8128,delta_p_db,521,521,475,1,521,0,0,0,0,dB,1.0030376297943897,1.0611968466210047,1.110396309723708,1.1422128354234116,1.1783473217875404,1.2283776834301707,1.2918177568911482,1.1444188590395625,0.049340345690636014,STTC,1,positive
S_02,S_02,0,8128,q_noise,521,521,475,1,521,0,0,0,0,fraction,0.20622796531944315,0.2167870203721454,0.22561091842965286,0.23126280083506542,0.23763400082257616,0.24636442484318896,0.2572922135128601,0.23160319753964229,0.008728871525375928,STTC,1,positive
S_02,S_02,5,101,snr_p_db,521,521,475,1,521,0,0,0,0,dB,6.000028566694128,6.06381649314086,6.114365812609579,6.1454860793131,6.183711081787044,6.227300826523457,6.274909821621102,6.147690056397298,0.050144340046645156,STTC,1,positive
S_02,S_02,5,101,delta_p_db,521,521,475,1,521,0,0,0,0,dB,1.0000286741068103,1.0638166170225447,1.1143659350062394,1.145486194939641,1.183711201805796,1.2273009373399935,1.2749099277547091,1.1476901688431829,0.050144340137387194,STTC,1,positive
S_02,S_02,5,101,q_noise,521,521,475,1,521,0,0,0,0,fraction,0.20567792641287197,0.21725892778216624,0.22631756206667786,0.23184112846450206,0.23857251570119234,0.2461762465893787,0.2543953974173474,0.23218013414423372,0.008867923613447178,STTC,1,positive
S_02,S_02,5,202,snr_p_db,521,521,475,1,521,0,0,0,0,dB,5.989610123284295,6.064627836546252,6.106700720708302,6.140173367221906,6.1799208376184955,6.229874577451783,6.350140349084863,6.143487982583691,0.052641976025153664,STTC,1,positive
S_02,S_02,5,202,delta_p_db,521,521,475,1,521,0,0,0,0,dB,0.9896102489555741,1.06462794004733,1.106700840350788,1.1401734757829183,1.1799209472799683,1.2298747015647338,1.3501404607682541,1.1434880942467187,0.05264197539344096,STTC,1,positive
S_02,S_02,5,202,q_noise,521,521,475,1,521,0,0,0,0,fraction,0.2037704130621966,0.21740494101995833,0.22495243691559424,0.2309007294159438,0.23790756180701736,0.2466233649921995,0.2671993153236891,0.23143169995110624,0.00930366053933008,STTC,1,positive
S_02,S_02,5,303,snr_p_db,521,521,475,1,521,0,0,0,0,dB,5.992402186870694,6.062419132066531,6.110530826838033,6.142184226032098,6.180242930784551,6.231505574942639,6.320812463815696,6.144967355713715,0.052057681524692485,STTC,1,positive
S_02,S_02,5,303,delta_p_db,521,521,475,1,521,0,0,0,0,dB,0.9924022965106603,1.062419249352514,1.1105309385054671,1.1421843370541747,1.18024303368305,1.231505686462264,1.3208125614447823,1.1449674672562733,0.05205768099753968,STTC,1,positive
S_02,S_02,5,303,q_noise,521,521,475,1,521,0,0,0,0,fraction,0.20428133762156472,0.2170069068840337,0.2256348264264816,0.23125886268605947,0.23796509573606242,0.2469062854082106,0.262234762883398,0.2316946901415673,0.009200093364400143,STTC,1,positive
S_02,S_02,5,404,snr_p_db,521,521,475,1,521,0,0,0,0,dB,5.9988189548142765,6.063457666762387,6.113363824735364,6.149715375125019,6.184470017527357,6.22877562038695,6.300289366955073,6.147890917283763,0.052047760733142275,STTC,1,positive
S_02,S_02,5,404,delta_p_db,521,521,475,1,521,0,0,0,0,dB,0.998819076411606,1.0634577744795402,1.113363945901673,1.1497154961289,1.184470126021779,1.2287757284314256,1.3002894842622035,1.1478910296874032,0.052047760915307294,STTC,1,positive
S_02,S_02,5,404,q_noise,521,521,475,1,521,0,0,0,0,fraction,0.20545698265476398,0.21719432895587318,0.22613937926369074,0.232588888726985,0.23870616773586317,0.24643291369296733,0.2587401322639334,0.2322116955565105,0.009203534774248963,STTC,1,positive
S_02,S_02,5,505,snr_p_db,521,521,475,1,521,0,0,0,0,dB,5.984232717044883,6.053618278247946,6.104957079139569,6.139550055492176,6.172657636632937,6.23230181949147,6.290142548132151,6.139906509954574,0.05303642391965635,STTC,1,positive
S_02,S_02,5,505,delta_p_db,521,521,475,1,521,0,0,0,0,dB,0.9842328331349776,1.0536183939950958,1.1049571778769127,1.1395501584555645,1.172657749070243,1.2323019336434977,1.2901426550176498,1.1399066217197373,0.053036423870334255,STTC,1,positive
S_02,S_02,5,505,q_noise,521,521,475,1,521,0,0,0,0,fraction,0.2027837312524928,0.21541882314016134,0.22463931437064052,0.2307902730581616,0.23663236134998028,0.24704443239773685,0.25700683747663333,0.23079674088969893,0.009390635525992107,STTC,1,positive
S_02,S_02,5,8128,snr_p_db,521,521,475,1,521,0,0,0,0,dB,6.003037518254365,6.061196742492322,6.110396217741785,6.142212711608397,6.178347204986212,6.228377581824666,6.291817644828458,6.144418747238248,0.04934034577489197,STTC,1,positive
S_02,S_02,5,8128,delta_p_db,521,521,475,1,521,0,0,0,0,dB,1.0030376263933962,1.0611968488367958,1.1103963121337526,1.142212833413322,1.1783473172445869,1.2283776818696492,1.2918177583317285,1.1444188590569666,0.04934034586701063,STTC,1,positive
S_02,S_02,5,8128,q_noise,521,521,475,1,521,0,0,0,0,fraction,0.20622796469783422,0.21678702077174442,0.22561091885938706,0.23126280047926298,0.2376340000251004,0.24636442457239016,0.25729221375922073,0.2316031975423742,0.008728871554855728,STTC,1,positive
S_02,S_02,10,101,snr_p_db,521,521,475,1,521,0,0,0,0,dB,11.000028736135103,11.063816686353071,11.114365973110704,11.14548626323427,11.183711271099138,11.227300998767118,11.274909992934061,11.147690227077419,0.05014434045329568,STTC,1,positive
S_02,S_02,10,101,delta_p_db,521,521,475,1,521,0,0,0,0,dB,1.000028670496581,1.063816619903527,1.1143659375022006,1.1454861945179138,1.1837112055179821,1.227300937731814,1.274909930781054,1.147690168718833,0.05014434017498306,STTC,1,positive
S_02,S_02,10,101,q_noise,521,521,475,1,521,0,0,0,0,fraction,0.20567792575256322,0.21725892830141375,0.22631756251132573,0.231841128389909,0.23857251635203194,0.2461762466573887,0.25439539793691585,0.23218013412217292,0.008867923620214123,STTC,1,positive
S_02,S_02,10,202,snr_p_db,521,521,475,1,521,0,0,0,0,dB,10.989610324706325,11.06462798846415,11.10670091216826,11.140173537979424,11.179920996647395,11.229874765458682,11.350140503911996,11.143488152825944,0.05264197504293314,STTC,1,positive
S_02,S_02,10,202,delta_p_db,521,521,475,1,521,0,0,0,0,dB,0.9896102515966909,1.0646279396198501,1.1067008505478741,1.1401734729319515,1.179920947274663,1.2298747011733895,1.3501404602749403,1.1434880943265273,0.05264197539694825,STTC,1,positive
S_02,S_02,10,202,q_noise,521,521,475,1,521,0,0,0,0,fraction,0.20377041354641526,0.2174049409429268,0.22495243873537946,0.23090072891106125,0.23790756180608644,0.24662336492431244,0.2671993152404505,0.23143169996521956,0.0093036605404894,STTC,1,positive
S_02,S_02,10,303,snr_p_db,521,521,475,1,521,0,0,0,0,dB,10.992402347729096,11.06241930984799,11.110531006998812,11.14218438107796,11.18024311330429,11.23150574992799,11.320812629302717,11.144967525594296,0.05205768096168518,STTC,1,positive
S_02,S_02,10,303,delta_p_db,521,521,475,1,521,0,0,0,0,dB,0.9924022985733271,1.0624192432966155,1.1105309431908323,1.142184337191975,1.1802430431890114,1.2315056866669045,1.3208125683876923,1.1449674672314198,0.052057680914500075,STTC,1,positive
S_02,S_02,10,303,q_noise,521,521,475,1,521,0,0,0,0,fraction,0.20428133799948867,0.2170069057922107,0.22563482726190173,0.23125886271045143,0.23796509740402602,0.24690628544369647,0.26223476406283674,0.231694690137346,0.009200093349808992,STTC,1,positive
S_02,S_02,10,404,snr_p_db,521,521,475,1,521,0,0,0,0,dB,10.998819141747578,11.063457838772779,11.113363984349451,11.149715565199749,11.184470184108207,11.228775806970202,11.300289538231345,11.147891087802433,0.0520477608320868,STTC,1,positive
S_02,S_02,10,404,delta_p_db,521,521,475,1,521,0,0,0,0,dB,0.9988190763909232,1.0634577769550932,1.1133639416124377,1.1497155020359011,1.184470131359522,1.22877573624786,1.3002894882382865,1.147891029708266,0.05204776103816083,STTC,1,positive
S_02,S_02,10,404,q_noise,521,521,475,1,521,0,0,0,0,fraction,0.20545698265098,0.21719432940208586,0.2261393784994006,0.23258888977076944,0.23870616867153963,0.24643291504923773,0.25874013294257664,0.2322116955599355,0.009203534796803131,STTC,1,positive
S_02,S_02,10,505,snr_p_db,521,521,475,1,521,0,0,0,0,dB,10.9842328987536,11.053618455439118,11.104957237187076,11.139550221282601,11.172657797092086,11.232301998599253,11.29014271238696,11.13990667998817,0.05303642378137986,STTC,1,positive
S_02,S_02,10,505,delta_p_db,521,521,475,1,521,0,0,0,0,dB,0.9842328383534849,1.053618383312588,1.1049571754341254,1.1395501567496304,1.1726577456468759,1.2323019377032283,1.2901426591132614,1.1399066215045521,0.05303642389364368,STTC,1,positive
S_02,S_02,10,505,q_noise,521,521,475,1,521,0,0,0,0,fraction,0.20278373221043236,0.215418821210297,0.22463931393452138,0.23079027275601166,0.23663236074824856,0.24704443310159027,0.2570068381773125,0.23079674085153903,0.009390635529851392,STTC,1,positive
S_02,S_02,10,8128,snr_p_db,521,521,475,1,521,0,0,0,0,dB,11.003037687207817,11.061196896440071,11.11039638629836,11.142212890554283,11.178347389482823,11.228377740764696,11.291817818241336,11.144418918233358,0.049340345992987596,STTC,1,positive
S_02,S_02,10,8128,delta_p_db,521,521,475,1,521,0,0,0,0,dB,1.0030376333033784,1.0611968427182141,1.1103963105120054,1.142212833406421,1.178347319608398,1.2283776818051484,1.291817755782141,1.1444188593468303,0.04934034571766602,STTC,1,positive
S_02,S_02,10,8128,q_noise,521,521,475,1,521,0,0,0,0,fraction,0.20622796596079074,0.21678701966831035,0.2256109185702139,0.23126280047804146,0.23763400044004684,0.24636442456119723,0.2572922133232035,0.2316031975939554,0.008728871528899524,STTC,1,positive
S_03,S_03,0,101,snr_p_db,521,521,475,1,521,0,0,0,0,dB,3.2219618629574773,3.368840293821175,3.4713617550639158,3.5344918011810424,3.5960294933132757,3.6889009294809876,3.8152245675040874,3.5318754295104853,0.09605559671230067,STTC,1,positive
S_03,S_03,0,101,delta_p_db,521,521,475,1,521,0,0,0,0,dB,3.2219618621041852,3.3688402937692272,3.471361753827294,3.5344917992105582,3.596029495329547,3.6889009251198708,3.81522457492048,3.5318754297040993,0.09605559653071413,STTC,1,positive
S_03,S_03,0,101,q_noise,521,521,475,1,521,0,0,0,0,fraction,0.5237843238187866,0.5396211706868487,0.5503617470826805,0.556850480510685,0.5630864786219882,0.5723292922978871,0.5845895109019933,0.5564750768210077,0.00982280714928521,STTC,1,positive
S_03,S_03,0,202,snr_p_db,521,521,475,1,521,0,0,0,0,dB,3.2247891542272606,3.342695205354404,3.448153299212068,3.5242743919388375,3.5879275749222543,3.679310773811359,3.840609385854542,3.517094141898534,0.10072014012971048,STTC,1,positive
S_03,S_03,0,202,delta_p_db,521,521,475,1,521,0,0,0,0,dB,3.224789162065569,3.342695213532964,3.44815330128231,3.5242743948375184,3.587927572550209,3.679310763625598,3.840609384340018,3.5170941417314983,0.10072014009983192,STTC,1,positive
S_03,S_03,0,202,q_noise,521,521,475,1,521,0,0,0,0,fraction,0.524094837356169,0.5368408782210076,0.5479521852743792,0.5558066799554132,0.5622692866661848,0.5713835870918291,0.5870107363092778,0.5549522570696582,0.010320770011702797,STTC,1,positive
S_03,S_03,0,303,snr_p_db,521,521,475,1,521,0,0,0,0,dB,3.219147740352885,3.3591532771526467,3.4570867159842926,3.5154781217723907,3.591116395393617,3.691884665929463,3.8549559795920105,3.5230033367791274,0.10119334555756428,STTC,1,positive
S_03,S_03,0,303,delta_p_db,521,521,475,1,521,0,0,0,0,dB,3.2191477335644847,3.359153271701957,3.457086718324773,3.515478117058553,3.591116398568918,3.6918846629714253,3.8549559739375145,3.5230033365030398,0.10119334559671231,STTC,1,positive
S_03,S_03,0,303,q_noise,521,521,475,1,521,0,0,0,0,fraction,0.5234760983083449,0.5385931313129353,0.5488811266820975,0.5549058004949873,0.5625909974673419,0.5726228015246168,0.5883728696548591,0.5555564587898034,0.010331297690146735,STTC,1,positive
S_03,S_03,0,404,snr_p_db,521,521,475,1,521,0,0,0,0,dB,3.2492712178610255,3.3802134755927504,3.4641456023679567,3.532598423114704,3.601440419881421,3.6955389909295877,3.822021276610483,3.53439695472246,0.0985071099342907,STTC,1,positive
S_03,S_03,0,404,delta_p_db,521,521,475,1,521,0,0,0,0,dB,3.2492712151416803,3.3802134794534022,3.464145595969526,3.5325984179857537,3.6014404146403045,3.695538998012161,3.822021272997653,3.5343969544681975,0.09850711007040176,STTC,1,positive
S_03,S_03,0,404,q_noise,521,521,475,1,521,0,0,0,0,fraction,0.5267697413149515,0.5408252646718589,0.5496138136247009,0.5566570803347449,0.563629043523694,0.572983533187759,0.5852394703426284,0.5567271242575129,0.010040164028054287,STTC,1,positive
S_03,S_03,0,505,snr_p_db,521,521,475,1,521,0,0,0,0,dB,3.217608453278608,3.3527731039756636,3.450541348639098,3.5176634935076505,3.589086524336304,3.685741811122187,3.7895450912399915,3.521581609995521,0.10251405357682741,STTC,1,positive
S_03,S_03,0,505,delta_p_db,521,521,475,1,521,0,0,0,0,dB,3.217608454690552,3.3527730987012476,3.4505413536855665,3.5176634918287126,3.589086525879977,3.6857418053731505,3.7895450967609934,3.5215816100096737,0.10251405375330529,STTC,1,positive
S_03,S_03,0,505,q_noise,521,521,475,1,521,0,0,0,0,fraction,0.523306921072865,0.5379142554512204,0.5482012937929451,0.5551309508719187,0.5623859807704914,0.5720186502516735,0.5821260440841792,0.5554075795081249,0.010494964711365552,STTC,1,positive
S_03,S_03,0,8128,snr_p_db,521,521,475,1,521,0,0,0,0,dB,3.2659427766124183,3.383519183320764,3.449560560222367,3.523460764074045,3.590898492611543,3.679549512981521,3.846412937201454,3.524161292848686,0.0965961133582537,STTC,1,positive
S_03,S_03,0,8128,delta_p_db,521,521,475,1,521,0,0,0,0,dB,3.2659427747000684,3.3835191806792526,3.4495605553706934,3.5234607734734116,3.5908984894917344,3.679549516009433,3.8464129366281083,3.52416129311658,0.09659611338632645,STTC,1,positive
S_03,S_03,0,8128,q_noise,521,521,475,1,521,0,0,0,0,fraction,0.5285830760771163,0.5411744172328606,0.5480985825874943,0.5557235937607908,0.5625692036885246,0.5714075169458904,0.5875621716769039,0.5556856051137078,0.009860179280136785,STTC,1,positive
S_03,S_03,5,101,snr_p_db,521,521,475,1,521,0,0,0,0,dB,8.221961754247948,8.368840182932265,8.471361643812266,8.534491663144651,8.596029380923248,8.688900820134748,8.815224461322863,8.531875317467627,0.09605559710657993,STTC,1,positive
S_03,S_03,5,101,delta_p_db,521,521,475,1,521,0,0,0,0,dB,3.2219618730656165,3.3688402969711118,3.4713617549193816,3.5344917839757706,3.5960295001651743,3.6889009331326195,3.815224579968684,3.5318754296184576,0.09605559672923457,STTC,1,positive
S_03,S_03,5,101,q_noise,521,521,475,1,521,0,0,0,0,fraction,0.5237843250207372,0.539621171026268,0.5503617471957477,0.5568504789561433,0.5630864791084672,0.5723292930869411,0.584589511384863,0.5564750768118245,0.00982280716831725,STTC,1,positive
S_03,S_03,5,202,snr_p_db,521,521,475,1,521,0,0,0,0,dB,8.224789041384602,8.342695080197986,8.448153204286603,8.524274262402026,8.587927455035464,8.679310659288532,8.840609286395944,8.517094030246227,0.10072014027363595,STTC,1,positive
S_03,S_03,5,202,delta_p_db,521,521,475,1,521,0,0,0,0,dB,3.224789159217843,3.3426952046337766,3.448153306267031,3.52427438279298,3.587927571036609,3.679310769008937,3.840609391452448,3.517094141725589,0.1007201398367197,STTC,1,positive
S_03,S_03,5,202,q_noise,521,521,475,1,521,0,0,0,0,fraction,0.5240948370441117,0.5368408772719419,0.5479521857932281,0.5558066787235064,0.5622692865136273,0.5713835876231248,0.5870107369856293,0.5549522570696793,0.010320769984461183,STTC,1,positive
S_03,S_03,5,303,snr_p_db,521,521,475,1,521,0,0,0,0,dB,8.219147635941157,8.359153148791957,8.457086612773487,8.51547802105002,8.591116279291507,8.691884549949426,8.854955868627211,8.523003224931024,0.10119334574473098,STTC,1,positive
S_03,S_03,5,303,delta_p_db,521,521,475,1,521,0,0,0,0,dB,3.2191477500894066,3.3591532704382048,3.4570867214941896,3.5154781173392196,3.5911164003447533,3.6918846646352432,3.8549559753914586,3.5230033363252726,0.10119334530711506,STTC,1,positive
S_03,S_03,5,303,q_noise,521,521,475,1,521,0,0,0,0,fraction,0.5234761001215201,0.5385931311786707,0.5488811270113174,0.5549058005237519,0.562590997646199,0.5726228016883484,0.5883728697926649,0.5555564587723,0.010331297660861254,STTC,1,positive
S_03,S_03,5,404,snr_p_db,521,521,475,1,521,0,0,0,0,dB,8.249271104979245,8.380213370090436,8.464145467308837,8.532598313822636,8.601440307501383,8.695538899726953,8.82202116633868,8.534396842591615,0.09850710999847873,STTC,1,positive
S_03,S_03,5,404,delta_p_db,521,521,475,1,521,0,0,0,0,dB,3.249271213911849,3.380213480398364,3.464145582057672,3.532598419682084,3.60144042033377,3.695539009535186,3.8220212728008884,3.5343969548045613,0.09850710981504553,STTC,1,positive
S_03,S_03,5,404,q_noise,521,521,475,1,521,0,0,0,0,fraction,0.5267697411809426,0.5408252647717686,0.5496138121819685,0.5566570805079122,0.5636290440957628,0.5729835343207509,0.5852394703238369,0.55672712429242,0.010040164003077412,STTC,1,positive
S_03,S_03,5,505,snr_p_db,521,521,475,1,521,0,0,0,0,dB,8.21760835773399,8.352772995605273,8.450541226493147,8.51766338171165,8.589086426353493,8.68574170421405,8.789544975481702,8.521581499068038,0.10251405423472651,STTC,1,positive
S_03,S_03,5,505,delta_p_db,521,521,475,1,521,0,0,0,0,dB,3.2176084638200364,3.3527731069629936,3.450541339287235,3.517663495489704,3.5890865343960514,3.685741814098917,3.789545095345213,3.5215816107658995,0.10251405425322566,STTC,1,positive
S_03,S_03,5,505,q_noise,521,521,475,1,521,0,0,0,0,fraction,0.5233069220749413,0.5379142563302632,0.5482012922950796,0.5551309512469319,0.5623859816286082,0.5720186511115659,0.5821260439479542,0.5554075795843424,0.010494964759792344,STTC,1,positive
S_03,S_03,5,8128,snr_p_db,521,521,475,1,521,0,0,0,0,dB,8.265942686694656,8.383519061665487,8.449560448704569,8.523460662499357,8.590898384282434,8.679549403621667,8.846412816770044,8.524161181497234,0.09659611357365928,STTC,1,positive
S_03,S_03,5,8128,delta_p_db,521,521,475,1,521,0,0,0,0,dB,3.265942785156068,3.3835191816220296,3.4495605567472647,3.523460779457049,3.5908984931354846,3.6795495196960175,3.8464129333525343,3.524161293109361,0.09659611332686154,STTC,1,positive
S_03,S_03,5,8128,q_noise,521,521,475,1,521,0,0,0,0,fraction,0.5285830772120915,0.5411744173324635,0.5480985827307323,0.5557235943729075,0.562569204055531,0.5714075173097086,0.5875621713658314,0.5556856051131084,0.00986017927350816,STTC,1,positive
S_03,S_03,10,101,snr_p_db,521,521,475,1,521,0,0,0,0,dB,13.22196193605,13.36884035140351,13.471361802146841,13.53449184058813,13.596029565036435,13.688900988339281,13.81522463394698,13.53187548854406,0.09605559681304077,STTC,1,positive
S_03,S_03,10,101,delta_p_db,521,521,475,1,521,0,0,0,0,dB,3.221961871871831,3.3688402912332336,3.471361751087435,3.5344917832451532,3.5960295010996624,3.688900924999058,3.8152245806372282,3.531875430112946,0.09605559616099708,STTC,1,positive
S_03,S_03,10,101,q_noise,521,521,475,1,521,0,0,0,0,fraction,0.5237843248898355,0.5396211704180177,0.5503617467990146,0.5568504788815918,0.5630864792024796,0.57232929228599,0.5845895114488106,0.5564750768636012,0.009822807109795056,STTC,1,positive
S_03,S_03,10,202,snr_p_db,521,521,475,1,521,0,0,0,0,dB,13.224789235064598,13.342695278827037,13.448153380799013,13.524274412688381,13.587927644586422,13.679310834620082,13.840609466823604,13.517094199759523,0.10072014015256661,STTC,1,positive
S_03,S_03,10,202,delta_p_db,521,521,475,1,521,0,0,0,0,dB,3.2247891761879743,3.342695201038595,3.4481533113713354,3.524274377348328,3.5879275850044747,3.6793107647150647,3.8406093921829063,3.5170941411608356,0.10072014016100023,STTC,1,positive
S_03,S_03,10,202,q_noise,521,521,475,1,521,0,0,0,0,fraction,0.5240948389037193,0.536840876888529,0.5479521863245242,0.5558066781666312,0.5622692879214655,0.5713835871993515,0.5870107370550918,0.5549522570110402,0.010320770018475471,STTC,1,positive
S_03,S_03,10,303,snr_p_db,521,521,475,1,521,0,0,0,0,dB,13.219147781181293,13.35915332245998,13.457086786085132,13.515478157565026,13.591116432168295,13.691884713892568,13.854956020338275,13.523003394270477,0.10119334531769555,STTC,1,positive
S_03,S_03,10,303,delta_p_db,521,521,475,1,521,0,0,0,0,dB,3.2191477282894443,3.35915326948057,3.457086730118137,3.515478105372895,3.591116394399097,3.691884650225999,3.854955961032218,3.523003336143042,0.1011933450890898,STTC,1,positive
S_03,S_03,10,303,q_noise,521,521,475,1,521,0,0,0,0,fraction,0.523476097729548,0.5385931310769289,0.5488811279071208,0.5549057992973625,0.5625909970473695,0.5726228002703746,0.5883728684316868,0.5555564587541634,0.010331297639827505,STTC,1,positive
S_03,S_03,10,404,snr_p_db,521,521,475,1,521,0,0,0,0,dB,13.249271266893043,13.380213548598421,13.46414563988315,13.5325984930373,13.601440468912493,13.69553907428662,13.822021339885639,13.534397013363906,0.09850710995454622,STTC,1,positive
S_03,S_03,10,404,delta_p_db,521,521,475,1,521,0,0,0,0,dB,3.2492712169053037,3.3802134804733974,3.4641455777791803,3.532598427599789,3.6014404127501387,3.695539014157563,3.822021269856984,3.534396955360187,0.09850711024841573,STTC,1,positive
S_03,S_03,10,404,q_noise,521,521,475,1,521,0,0,0,0,fraction,0.5267697415071253,0.5408252647797018,0.5496138117382664,0.5566570813161791,0.5636290433337737,0.5729835347752422,0.5852394700426878,0.5567271243481173,0.010040164047769739,STTC,1,positive
S_03,S_03,10,505,snr_p_db,521,521,475,1,521,0,0,0,0,dB,13.217608508955996,13.352773157998543,13.450541397882827,13.517663542910137,13.589086626347562,13.685741868353684,13.78954517625412,13.521581669132035,0.102514054767517,STTC,1,positive
S_03,S_03,10,505,delta_p_db,521,521,475,1,521,0,0,0,0,dB,3.2176084559346796,3.3527730999836174,3.4505413650733265,3.517663488871931,3.589086553806207,3.685741813315529,3.789545106985094,3.521581610321118,0.10251405428533363,STTC,1,positive
S_03,S_03,10,505,q_noise,521,521,475,1,521,0,0,0,0,fraction,0.5233069212094238,0.5379142555876635,0.5482012949776195,0.5551309505690412,0.5623859835844599,0.5720186510343659,0.5821260450679323,0.5554075795387472,0.010494964762249924,STTC,1,positive
S_03,S_03,10,8128,snr_p_db,521,521,475,1,521,0,0,0,0,dB,13.265942836979463,13.383519218060265,13.449560646478698,13.52346083862179,13.590898544555186,13.679549602904004,13.846412970573551,13.524161352746253,0.09659611467610503,STTC,1,positive
S_03,S_03,10,8128,delta_p_db,521,521,475,1,521,0,0,0,0,dB,3.2659427815107773,3.383519168033307,3.4495605751593006,3.523460774485077,3.5908984884032225,3.679549533105341,3.8464129186076463,3.5241612939907667,0.09659611435440027,STTC,1,positive
S_03,S_03,10,8128,q_noise,521,521,475,1,521,0,0,0,0,fraction,0.5285830768164034,0.5411744158968355,0.548098584646581,0.5557235938642826,0.5625692035788873,0.5714075186330353,0.5875621699655489,0.5556856052009423,0.009860179377802186,STTC,1,positive
S_04,S_04,0,101,snr_p_db,521,521,475,1,521,0,0,0,0,dB,2.7632630665873315,2.8778582968607447,2.9593834889477186,3.0109449565510484,3.058014583660778,3.1380719602431184,3.236122794694563,3.0087938009091943,0.07734118418135442,STTC,1,positive
S_04,S_04,0,101,delta_p_db,521,521,475,1,521,0,0,0,0,dB,2.763263069470117,2.877858302591014,2.9593834822485214,3.010944953967187,3.0580145860659513,3.1380719607871006,3.2361228003686424,3.0087938009588036,0.07734118377177289,STTC,1,positive
S_04,S_04,0,101,q_noise,521,521,475,1,521,0,0,0,0,fraction,0.4707345229014099,0.4845189036730363,0.4941046394212087,0.5000744887967323,0.5054636364513045,0.5144963238577278,0.5253345343536411,0.4997479790169352,0.008915998227736558,STTC,1,positive
S_04,S_04,0,202,snr_p_db,521,521,475,1,521,0,0,0,0,dB,2.7646492616198843,2.8596852799255554,2.943872532703375,2.997896604509647,3.05247825759317,3.123447350263268,3.2616072599062704,2.9971530350696085,0.08084942370089931,STTC,1,positive
S_04,S_04,0,202,delta_p_db,521,521,475,1,521,0,0,0,0,dB,2.764649257193722,2.859685278543245,2.943872537460028,2.99789660148335,3.052478258319144,3.1234473482847043,3.2616072536593075,2.9971530347177486,0.08084942383191797,STTC,1,positive
S_04,S_04,0,202,q_noise,521,521,475,1,521,0,0,0,0,fraction,0.47090408733857614,0.48235776251609375,0.49229406885308363,0.49857044708906884,0.5048327050160892,0.5128584889735961,0.5281119552103081,0.4983979831358919,0.009339372493689158,STTC,1,positive
S_04,S_04,0,303,snr_p_db,521,521,475,1,521,0,0,0,0,dB,2.7512261450228315,2.8724835934094353,2.9477744455762815,2.9965583231066257,3.058086454970226,3.1317820472607143,3.2735430027346686,3.001846529760774,0.08130354907355232,STTC,1,positive
S_04,S_04,0,303,delta_p_db,521,521,475,1,521,0,0,0,0,dB,2.751226142166814,2.872483595168373,2.9477744401004995,2.996558320013241,3.058086459883146,3.131782052350343,3.2735429999951053,3.0018465296189474,0.08130354880763314,STTC,1,positive
S_04,S_04,0,303,q_noise,521,521,475,1,521,0,0,0,0,fraction,0.4692660760121695,0.4838803475444709,0.4927513187035484,0.4984160269265333,0.5054719205038702,0.5137926713162058,0.5294076308691695,0.4989388973872106,0.009366737045400132,STTC,1,positive
S_04,S_04,0,404,snr_p_db,521,521,475,1,521,0,0,0,0,dB,2.76692964004079,2.8860720470529637,2.9518080366361295,3.011543432025807,3.066569893945478,3.137701422284345,3.2491190044856575,3.01090161228834,0.07976861728487009,STTC,1,positive
S_04,S_04,0,404,delta_p_db,521,521,475,1,521,0,0,0,0,dB,2.7669296420158442,2.886072046278053,2.951808043773667,3.011543427171505,3.066569906893513,3.1377014275111677,3.249119004780487,3.0109016126250867,0.07976861748372052,STTC,1,positive
S_04,S_04,0,404,q_noise,521,521,475,1,521,0,0,0,0,fraction,0.4711814716151223,0.4854916432120826,0.4932206790394615,0.5001443047463806,0.5064366657319276,0.5144554537566173,0.5267537377722488,0.49998578186856957,0.00917251973250847,STTC,1,positive
S_04,S_04,0,505,snr_p_db,521,521,475,1,521,0,0,0,0,dB,2.7481735624535557,2.8630012064635313,2.9440200733004684,3.0007871546141764,3.0537793096105164,3.129884440795834,3.2169815300821365,3.0018220986462114,0.08165830150894164,STTC,1,positive
S_04,S_04,0,505,delta_p_db,521,521,475,1,521,0,0,0,0,dB,2.7481735683256163,2.863001207507349,2.944020077764548,3.000787163610796,3.0537793165467013,3.12988445184513,3.2169815344817216,3.0018220987546127,0.08165830176884001,STTC,1,positive
S_04,S_04,0,505,q_noise,521,521,475,1,521,0,0,0,0,fraction,0.4688926213198465,0.48275105927029527,0.4923115927233481,0.4989039907395269,0.5049826841761961,0.5135813082814776,0.5232382934480376,0.4989352131906128,0.009423490855325905,STTC,1,positive
S_04,S_04,0,8128,snr_p_db,521,521,475,1,521,0,0,0,0,dB,2.786173408224192,2.889162552198985,2.942561381501578,3.000185065435293,3.0547671693222886,3.136525262703771,3.2698771156193516,3.002985521231585,0.07789669996491899,STTC,1,positive
S_04,S_04,0,8128,delta_p_db,521,521,475,1,521,0,0,0,0,dB,2.786173411583872,2.8891625551500115,2.9425613903357304,3.000185067214887,3.0547671698186454,3.1365252603572475,3.269877111424489,3.002985521600667,0.07789669994967334,STTC,1,positive
S_04,S_04,0,8128,q_noise,521,521,475,1,521,0,0,0,0,fraction,0.4735197233480656,0.48585775751142657,0.49214117569910665,0.4988348083588777,0.5050934450949679,0.5143238148284467,0.5290095796415759,0.4990774926992401,0.008967902621008599,STTC,1,positive
S_04,S_04,5,101,snr_p_db,521,521,475,1,521,0,0,0,0,dB,7.7632629607345836,7.87785818897519,7.959383385516779,8.010944839602466,8.058014472258021,8.138071854806824,8.236122700088824,8.008793689134015,0.0773411840281621,STTC,1,positive
S_04,S_04,5,101,delta_p_db,521,521,475,1,521,0,0,0,0,dB,2.763263081400556,2.87785830076091,2.9593834938236374,3.010944955662645,3.05801458315571,3.138071965903679,3.236122815532788,3.0087938013149143,0.07734118341570104,STTC,1,positive
S_04,S_04,5,101,q_noise,521,521,475,1,521,0,0,0,0,fraction,0.4707345243553471,0.4845189034558142,0.494104640769556,0.5000744889919001,0.5054636361199119,0.514496324429717,0.5253345360110179,0.4997479790586994,0.008915998183334037,STTC,1,positive
S_04,S_04,5,202,snr_p_db,521,521,475,1,521,0,0,0,0,dB,7.764649138345988,7.859685163222227,7.94387241041644,7.997896484789585,8.05247814058227,8.123447257800938,8.26160713198435,7.9971529229722265,0.0808494233649948,STTC,1,positive
S_04,S_04,5,202,delta_p_db,521,521,475,1,521,0,0,0,0,dB,2.764649251412342,2.8596852778318436,2.943872534251981,2.997896599681153,3.052478255274023,3.123447354445896,3.261607242615944,2.99715303468322,0.08084942320034579,STTC,1,positive
S_04,S_04,5,202,q_noise,521,521,475,1,521,0,0,0,0,fraction,0.47090408663423733,0.4823577624313007,0.4922940684780514,0.4985704468809899,0.5048327046688952,0.5128584896646876,0.5281119540103777,0.4983979831332424,0.00933937242349462,STTC,1,positive
S_04,S_04,5,303,snr_p_db,521,521,475,1,521,0,0,0,0,dB,7.751226024712814,7.872483495199725,7.9477743154615075,7.996558204259077,8.058086343523915,8.131781927963232,8.273542862179436,8.001846417517095,0.08130354878147138,STTC,1,positive
S_04,S_04,5,303,delta_p_db,521,521,475,1,521,0,0,0,0,dB,2.7512261415542887,2.8724835996372193,2.9477744299486686,2.996558316088711,3.058086458537338,3.131782047599066,3.2735429824764988,3.0018465291738576,0.08130354859747328,STTC,1,positive
S_04,S_04,5,303,q_noise,521,521,475,1,521,0,0,0,0,fraction,0.4692660759373153,0.4838803480755528,0.49275131751783147,0.49841602647327377,0.505471920350624,0.5137926707842843,0.5294076289708902,0.49893889733631885,0.009366737020993424,STTC,1,positive
S_04,S_04,5,404,snr_p_db,521,521,475,1,521,0,0,0,0,dB,7.766929519794189,7.886071936124921,7.951807933239531,8.011543322792795,8.066569805788868,8.137701312190426,8.249118878051151,8.010901500050945,0.07976861718119978,STTC,1,positive
S_04,S_04,5,404,delta_p_db,521,521,475,1,521,0,0,0,0,dB,2.766929633509492,2.886072037867278,2.95180803676869,3.011543430940384,3.0665699156184716,3.1377014280474076,3.249118986305402,3.0109016123359553,0.07976861687097195,STTC,1,positive
S_04,S_04,5,404,q_noise,521,521,475,1,521,0,0,0,0,fraction,0.4711814705793468,0.48549164221565866,0.493220678222049,0.5001443051801636,0.5064366667234943,0.5144554538165693,0.5267537357590376,0.4999857818365692,0.009172519663260784,STTC,1,positive
S_04,S_04,5,505,snr_p_db,521,521,475,1,521,0,0,0,0,dB,7.748173458483887,7.863001103023533,7.944019946679904,8.000787054170557,8.053779209047256,8.129884350257726,8.216981442701824,8.001821987908896,0.08165830216615963,STTC,1,positive
S_04,S_04,5,505,delta_p_db,521,521,475,1,521,0,0,0,0,dB,2.748173569316857,2.863001206917679,2.9440200743317813,3.0007871603394283,3.0537793275386593,3.12988446615774,3.216981555313385,3.00182209955235,0.08165830215989384,STTC,1,positive
S_04,S_04,5,505,q_noise,521,521,475,1,521,0,0,0,0,fraction,0.4688926214410673,0.48275105920006506,0.49231159232205907,0.49890399036207134,0.5049826854290809,0.5135813098845193,0.5232382957349052,0.4989352132818026,0.009423490899036177,STTC,1,positive
S_04,S_04,5,8128,snr_p_db,521,521,475,1,521,0,0,0,0,dB,7.786173324468031,7.889162439748555,7.942561267729409,8.000184934120641,8.054767054947941,8.136525133266566,8.269876993806351,8.002985410147401,0.07789669883561132,STTC,1,positive
S_04,S_04,5,8128,delta_p_db,521,521,475,1,521,0,0,0,0,dB,2.7861734275998886,2.889162562237929,2.9425613932604517,3.0001850662514684,3.0547671627791018,3.136525261737902,3.2698771082558844,3.002985521842841,0.07789669934836628,STTC,1,positive
S_04,S_04,5,8128,q_noise,521,521,475,1,521,0,0,0,0,fraction,0.47351972528963215,0.4858577583505341,0.49214117604112,0.49883480824770154,0.5050934442927666,0.5143238149828468,0.5290095792979421,0.49907749272841356,0.00896790255114056,STTC,1,positive
S_04,S_04,10,101,snr_p_db,521,521,475,1,521,0,0,0,0,dB,12.76326315126896,12.877858355381989,12.959383533805305,13.010945013239827,13.058014659142344,13.13807203809942,13.236122855773772,13.008793859447284,0.07734118357884946,STTC,1,positive
S_04,S_04,10,101,delta_p_db,521,521,475,1,521,0,0,0,0,dB,2.7632630873430664,2.8778583037985177,2.95938347481386,3.010944957405078,3.0580145895936184,3.1380719751009902,3.236122796701721,3.0087938010392037,0.07734118320715877,STTC,1,positive
S_04,S_04,10,101,q_noise,521,521,475,1,521,0,0,0,0,fraction,0.4707345250795483,0.48451890381635965,0.4941046385551695,0.5000744891924753,0.5054636368530042,0.5144963254578969,0.525334533952862,0.4997479790273624,0.008915998160787794,STTC,1,positive
S_04,S_04,10,202,snr_p_db,521,521,475,1,521,0,0,0,0,dB,12.764649325854343,12.859685334655811,12.943872592654223,12.997896639656048,13.052478295927024,13.123447417239827,13.261607317309629,12.997153092433006,0.08084942382105449,STTC,1,positive
S_04,S_04,10,202,delta_p_db,521,521,475,1,521,0,0,0,0,dB,2.7646492646172898,2.8596852907736157,2.9438725370646295,2.997896590774594,3.052478247494866,3.123447354005435,3.26160724517148,2.997153034202184,0.08084942392241085,STTC,1,positive
S_04,S_04,10,202,q_noise,521,521,475,1,521,0,0,0,0,fraction,0.47090408824298063,0.4823577639738503,0.4922940688068603,0.4985704458526527,0.5048327037819431,0.5128584896152817,0.5281119542880527,0.4983979830761507,0.00933937250528586,STTC,1,positive
S_04,S_04,10,303,snr_p_db,521,521,475,1,521,0,0,0,0,dB,12.751226177079582,12.872483680896408,12.94777449200329,12.996558391986682,13.058086513307419,13.131782103105778,13.273543070055362,13.001846588013695,0.08130354869014503,STTC,1,positive
S_04,S_04,10,303,delta_p_db,521,521,475,1,521,0,0,0,0,dB,2.7512261333278456,2.8724836108582013,2.9477744414138622,2.996558321652032,3.0580864571530357,3.1317820519371073,3.2735430100898695,3.0018465296195616,0.08130354857848231,STTC,1,positive
S_04,S_04,10,303,q_noise,521,521,475,1,521,0,0,0,0,fraction,0.4692660749319946,0.4838803494090649,0.492751318856947,0.49841602711580385,0.5054719201929945,0.5137926712699427,0.5294076319630169,0.49893889738779323,0.009366737016113237,STTC,1,positive
S_04,S_04,10,404,snr_p_db,521,521,475,1,521,0,0,0,0,dB,12.766929721397904,12.886072079886084,12.951808101931388,13.011543490558557,13.066569987326922,13.137701485497937,13.249119054495825,13.01090167174493,0.0797686171427351,STTC,1,positive
S_04,S_04,10,404,delta_p_db,521,521,475,1,521,0,0,0,0,dB,2.766929653739054,2.8860720327436646,2.951808038914211,3.0115434404721553,3.0665699266053466,3.1377014346400163,3.2491189919051857,3.010901613492194,0.07976861762775986,STTC,1,positive
S_04,S_04,10,404,q_noise,521,521,475,1,521,0,0,0,0,fraction,0.4711814730425988,0.48549164160866454,0.49322067847241036,0.5001443062772327,0.5064366679721214,0.5144554545536281,0.5267537363692403,0.4999857819680859,0.009172519749213631,STTC,1,positive
S_04,S_04,10,505,snr_p_db,521,521,475,1,521,0,0,0,0,dB,12.74817361174377,12.863001300336812,12.944020132761791,13.000787201059412,13.053779385202322,13.129884514040459,13.216981588039395,13.001822157691125,0.08165830178120999,STTC,1,positive
S_04,S_04,10,505,delta_p_db,521,521,475,1,521,0,0,0,0,dB,2.7481735659935964,2.8630012213965514,2.9440200718581337,3.0007871491526656,3.0537793194111944,3.1298844645518624,3.2169815462720583,3.001822098928029,0.08165830197716832,STTC,1,positive
S_04,S_04,10,505,q_noise,521,521,475,1,521,0,0,0,0,fraction,0.46889262103465906,0.48275106092451264,0.4923115920328908,0.49890398907132444,0.5049826845026966,0.5135813097046578,0.5232382947423624,0.49893521321018636,0.009423490876313428,STTC,1,positive
S_04,S_04,10,8128,snr_p_db,521,521,475,1,521,0,0,0,0,dB,12.786173471276516,12.889162615152179,12.942561438163464,13.00018512035469,13.05476721794119,13.136525322220042,13.269877164497776,13.002985580831085,0.07789670030374167,STTC,1,positive
S_04,S_04,10,8128,delta_p_db,521,521,475,1,521,0,0,0,0,dB,2.786173421062868,2.889162561060017,2.94256138404216,3.000185063455634,3.054767164907608,3.1365252615350703,3.2698771039082697,3.0029855221851456,0.07789669971497039,STTC,1,positive
S_04,S_04,10,8128,q_noise,521,521,475,1,521,0,0,0,0,fraction,0.47351972449717167,0.48585775821108623,0.49214117496314397,0.4988348079250692,0.5050934445353236,0.5143238149601639,0.5290095788264453,0.49907749276714425,0.00896790259185979,STTC,1,positive
E,,0,101,snr_p_db,1662,1662,1477,1,1662,0,0,0,0,dB,-5.1705377664814644e-05,-1.287516868480021e-05,-7.635844648889516e-06,-5.453808253742023e-06,-3.747935926247023e-06,-1.8190195609872926e-06,-1.1723075358121818e-07,-6.132564488149847e-06,3.7519693739988424e-06,CD,0,negative
E,,0,101,delta_p_db,1662,1662,1477,1,1662,0,0,0,0,dB,-5.170726790994568e-05,-1.2869922822725475e-05,-7.637649504109877e-06,-5.453479936236176e-06,-3.7467320949613144e-06,-1.8146798384641392e-06,-1.0837244799367052e-07,-6.132628576733955e-06,3.752103197927957e-06,CD,0,negative
E,,0,101,q_noise,1662,1662,1477,1,1662,0,0,0,0,fraction,4.612627863965421e-16,5.246307350681166e-16,5.700980954052289e-16,6.107028865448459e-16,6.535706972073768e-16,7.384142426517459e-16,9.22829228890115e-16,6.163659019917883e-16,6.502332712749495e-17,CD,0,negative
E,,0,202,snr_p_db,1662,1662,1477,1,1662,0,0,0,0,dB,-5.1718712414097856e-05,-1.2869832323122052e-05,-7.634974025417449e-06,-5.451106201659638e-06,-3.7495658445454924e-06,-1.8159476811059275e-06,-1.1263817186571368e-07,-6.132558616961914e-06,3.752014291606787e-06,CD,0,negative
E,,0,202,delta_p_db,1662,1662,1477,1,1662,0,0,0,0,dB,-5.170726790994568e-05,-1.2869922822749584e-05,-7.637649503989334e-06,-5.453479936236176e-06,-3.7467320948407736e-06,-1.8146798384641392e-06,-1.0837244799367052e-07,-6.132628576745269e-06,3.752103197932464e-06,CD,0,negative
E,,0,202,q_noise,1662,1662,1477,1,1662,0,0,0,0,fraction,4.680076150733185e-16,5.251605712139189e-16,5.695909612901807e-16,6.079829922233996e-16,6.556280202091841e-16,7.32248823553338e-16,9.244429332682318e-16,6.160209591221447e-16,6.469761412647161e-17,CD,0,negative
E,,0,303,snr_p_db,1662,1662,1477,1,1662,0,0,0,0,dB,-5.170857596195683e-05,-1.286086730975104e-05,-7.633095705059603e-06,-5.455478677384037e-06,-3.742185852373924e-06,-1.8180080264234698e-06,-1.1554115489962713e-07,-6.132601677124547e-06,3.751997758729894e-06,CD,0,negative
E,,0,303,delta_p_db,1662,1662,1477,1,1662,0,0,0,0,dB,-5.170726790994568e-05,-1.2869922822725475e-05,-7.637649503989334e-06,-5.453479936236176e-06,-3.7467320949613144e-06,-1.8146798384641392e-06,-1.0837244751150677e-07,-6.132628576741787e-06,3.7521031979252053e-06,CD,0,negative
E,,0,303,q_noise,1662,1662,1477,1,1662,0,0,0,0,fraction,4.510720781465344e-16,5.260349588447648e-16,5.697844925154642e-16,6.093883087837143e-16,6.556464458963943e-16,7.333697843256322e-16,9.149671039389114e-16,6.168111624525876e-16,6.615900623711139e-17,CD,0,negative
E,,0,404,snr_p_db,1662,1662,1477,1,1662,0,0,0,0,dB,-5.168863612402317e-05,-1.2866551244016957e-05,-7.640612269253895e-06,-5.452003541307977e-06,-3.743542425304898e-06,-1.8125174432717486e-06,-1.0746476702860238e-07,-6.132659277516714e-06,3.751982868416475e-06,CD,0,negative
E,,0,404,delta_p_db,1662,1662,1477,1,1662,0,0,0,0,dB,-5.170726790994568e-05,-1.2869922822749584e-05,-7.637649504109877e-06,-5.453479935995094e-06,-3.7467320949613144e-06,-1.814679838922195e-06,-1.0837244799367052e-07,-6.132628576743238e-06,3.7521031979305158e-06,CD,0,negative
E,,0,404,q_noise,1662,1662,1477,1,1662,0,0,0,0,fraction,4.747060270239666e-16,5.260718877613357e-16,5.708494584665949e-16,6.082764916225206e-16,6.534745362399467e-16,7.369968469273734e-16,8.940537381728795e-16,6.170672985184598e-16,6.533837948995879e-17,CD,0,negative
E,,0,505,snr_p_db,1662,1662,1477,1,1662,0,0,0,0,dB,-5.1708685787626624e-05,-1.286407275809362e-05,-7.636347998216252e-06,-5.452902904852726e-06,-3.7478502906395933e-06,-1.8136725967520183e-06,-9.924787328236077e-08,-6.132583279658745e-06,3.752111516315056e-06,CD,0,negative
E,,0,505,delta_p_db,1662,1662,1477,1,1662,0,0,0,0,dB,-5.170726790994568e-05,-1.2869922822749584e-05,-7.637649504109877e-06,-5.453479936236176e-06,-3.7467320949613144e-06,-1.814679838922195e-06,-1.0837244799367052e-07,-6.132628576733374e-06,3.7521031979244527e-06,CD,0,negative
E,,0,505,q_noise,1662,1662,1477,1,1662,0,0,0,0,fraction,4.676826622365725e-16,5.231484625102843e-16,5.706430083219648e-16,6.104289182752487e-16,6.53558996119897e-16,7.347462654189479e-16,9.20701196006064e-16,6.16867686851373e-16,6.616785729041191e-17,CD,0,negative
E,,0,8128,snr_p_db,1662,1662,1477,1,1662,0,0,0,0,dB,-5.170426427571086e-05,-1.2875131011620587e-05,-7.641051812409533e-06,-5.451807082727698e-06,-3.745046188124585e-06,-1.8198605965985005e-06,-1.1653370440033611e-07,-6.1327477891881465e-06,3.7523628643377927e-06,CD,0,negative
E,,0,8128,delta_p_db,1662,1662,1477,1,1662,0,0,0,0,dB,-5.170726790994568e-05,-1.2869922822749584e-05,-7.637649504109877e-06,-5.453479936236176e-06,-3.7467320948407736e-06,-1.8146798384641392e-06,-1.0837244799367052e-07,-6.13262857674875e-06,3.7521031979244476e-06,CD,0,negative
E,,0,8128,q_noise,1662,1662,1477,1,1662,0,0,0,0,fraction,4.6072180013844e-16,5.238124690866737e-16,5.702554032885017e-16,6.063695072680473e-16,6.552591019891775e-16,7.31479751038868e-16,8.905669084106105e-16,6.158600351899037e-16,6.563486819083915e-17,CD,0,negative
E,,5,101,snr_p_db,1662,1662,1477,1,1662,0,0,0,0,dB,4.999948186528066,4.999987027003681,4.999992251399691,4.999994433030826,4.999996137870638,4.99999807629517,4.999999780596444,4.999993755419183,3.751995564370825e-06,CD,0,negative
E,,5,101,delta_p_db,1662,1662,1477,1,1662,0,0,0,0,dB,-5.170726790753483e-05,-1.28699228198807e-05,-7.63764950254284e-06,-5.4534799343075185e-06,-3.746732093394281e-06,-1.8146798370176473e-06,-1.0837244702934303e-07,-6.132628574614113e-06,3.752103197795372e-06,CD,0,negative
E,,5,101,q_noise,1662,1662,1477,1,1662,0,0,0,0,fraction,7.0308350170569195e-16,8.581550167077798e-16,9.687324930003972e-16,1.0781541650504749e-15,1.2081791448721164e-15,1.4378815990043563e-15,1.954867280120877e-15,1.1055308677538697e-15,1.840380902657922e-16,CD,0,negative
E,,5,202,snr_p_db,1662,1662,1477,1,1662,0,0,0,0,dB,4.999948185882589,4.999987020230296,4.999992255319575,4.999994435052654,4.999996138864536,4.999998067910074,4.999999783532535,4.999993755176227,3.752001006114206e-06,CD,0,negative
E,,5,202,delta_p_db,1662,1662,1477,1,1662,0,0,0,0,dB,-5.170726790753483e-05,-1.2869922819856592e-05,-7.63764950254284e-06,-5.4534799343075185e-06,-3.746732093394281e-06,-1.814679836993539e-06,-1.0837244654717928e-07,-6.132628574611211e-06,3.7521031978015715e-06,CD,0,negative
E,,5,202,q_noise,1662,1662,1477,1,1662,0,0,0,0,fraction,7.333548154287436e-16,8.600060320121838e-16,9.79797959344823e-16,1.0819846078114287e-15,1.2059266820987428e-15,1.4349919345101264e-15,1.978496884136974e-15,1.1058958422701826e-15,1.8120121921204093e-16,CD,0,negative
E,,5,303,snr_p_db,1662,1662,1477,1,1662,0,0,0,0,dB,4.999948177486246,4.999987012286988,4.999992256423257,4.999994429686389,4.999996143276261,4.999998076338126,4.999999788948878,4.99999375554838,3.752192324514812e-06,CD,0,negative
E,,5,303,delta_p_db,1662,1662,1477,1,1662,0,0,0,0,dB,-5.170726790753483e-05,-1.2869922820314649e-05,-7.637649502422299e-06,-5.4534799345486e-06,-3.7467320929121164e-06,-1.814679836993539e-06,-1.0837244654717928e-07,-6.1326285746199155e-06,3.7521031977998406e-06,CD,0,negative
E,,5,303,q_noise,1662,1662,1477,1,1662,0,0,0,0,fraction,7.123328989549823e-16,8.528000601985757e-16,9.789593823590565e-16,1.0735310191148102e-15,1.2042961666627525e-15,1.4330142904076938e-15,1.9025970139917986e-15,1.1044185119740078e-15,1.8046346242691876e-16,CD,0,negative
E,,5,404,snr_p_db,1662,1662,1477,1,1662,0,0,0,0,dB,4.99994819388941,4.999987016038135,4.999992237746218,4.999994439266216,4.999996140873457,4.9999980724750595,4.999999787525023,4.999993755344106,3.7522542439087056e-06,CD,0,negative
E,,5,404,delta_p_db,1662,1662,1477,1,1662,0,0,0,0,dB,-5.170726790753483e-05,-1.2869922819856592e-05,-7.637649502422299e-06,-5.453479934307518e-06,-3.7467320932737398e-06,-1.814679836993539e-06,-1.0837244654717928e-07,-6.132628574608602e-06,3.752103197800377e-06,CD,0,negative
E,,5,404,q_noise,1662,1662,1477,1,1662,0,0,0,0,fraction,7.287692102655514e-16,8.600192442150521e-16,9.770467363490241e-16,1.0790500420789418e-15,1.208423420230218e-15,1.438104261038919e-15,1.9643073344828846e-15,1.1063556317715975e-15,1.819435453686189e-16,CD,0,negative
E,,5,505,snr_p_db,1662,1662,1477,1,1662,0,0,0,0,dB,4.9999481845199165,4.999987013443142,4.999992253577361,4.9999944304635235,4.99999614445494,4.99999807598168,4.99999978458257,4.999993755477002,3.7519192022128907e-06,CD,0,negative
E,,5,505,delta_p_db,1662,1662,1477,1,1662,0,0,0,0,dB,-5.170726790753483e-05,-1.28699228198807e-05,-7.637649502422299e-06,-5.4534799343075185e-06,-3.7467320929121164e-06,-1.814679836993539e-06,-1.0837244654717928e-07,-6.132628574609472e-06,3.7521031977999046e-06,CD,0,negative
E,,5,505,q_noise,1662,1662,1477,1,1662,0,0,0,0,fraction,7.286150894135913e-16,8.579999402852517e-16,9.792609577712389e-16,1.0784395460230622e-15,1.1996333527060403e-15,1.4531186525554109e-15,1.9998673651839438e-15,1.1058025733343167e-15,1.8308240467052166e-16,CD,0,negative
E,,5,8128,snr_p_db,1662,1662,1477,1,1662,0,0,0,0,dB,4.999948174945751,4.999987023484392,4.999992250795191,4.99999443251026,4.999996144234632,4.999998072354829,4.999999774941231,4.999993755472689,3.7522786098030904e-06,CD,0,negative
E,,5,8128,delta_p_db,1662,1662,1477,1,1662,0,0,0,0,dB,-5.170726790753483e-05,-1.28699228198807e-05,-7.63764950254284e-06,-5.4534799345486e-06,-3.7467320932737398e-06,-1.814679836993539e-06,-1.0837244654717928e-07,-6.13262857460512e-06,3.7521031977949668e-06,CD,0,negative
E,,5,8128,q_noise,1662,1662,1477,1,1662,0,0,0,0,fraction,7.251452590231742e-16,8.587057464519311e-16,9.738456619266545e-16,1.0805263703873428e-15,1.2136448502515382e-15,1.4362233254694112e-15,1.8607253249716564e-15,1.1070786510642648e-15,1.8179021919638153e-16,CD,0,negative
E,,10,101,snr_p_db,1662,1662,1477,1,1662,0,0,0,0,dB,9.999948360489467,9.999987203984382,9.999992417235138,9.999994608630491,9.999996310459924,9.999998242619352,9.999999955334966,9.99999392579541,3.7518125154118973e-06,CD,0,negative
E,,10,101,delta_p_db,1662,1662,1477,1,1662,0,0,0,0,dB,-5.170726790415964e-05,-1.2869922814576885e-05,-7.63764950049364e-06,-5.453479932137778e-06,-3.7467320914656243e-06,-1.8146798355229393e-06,-1.0837244654717928e-07,-6.132628571410997e-06,3.752103197417799e-06,CD,0,negative
E,,10,101,q_noise,1662,1662,1477,1,1662,0,0,0,0,fraction,7.880766881569696e-16,1.1315618083461388e-15,1.4572775751833614e-15,1.76291059059876e-15,2.1493589711416912e-15,2.8322018404840255e-15,4.219117136664643e-15,1.842720679823689e-15,5.376838069475777e-16,CD,0,negative
E,,10,202,snr_p_db,1662,1662,1477,1,1662,0,0,0,0,dB,9.99994834482213,9.999987189386118,9.999992427230367,9.999994608709791,9.999996303771741,9.999998251935622,9.99999994104625,9.999993926160514,3.7522422599571404e-06,CD,0,negative
E,,10,202,delta_p_db,1662,1662,1477,1,1662,0,0,0,0,dB,-5.170726790415964e-05,-1.2869922814600993e-05,-7.637649500614182e-06,-5.453479931896697e-06,-3.746732091586165e-06,-1.8146798354747228e-06,-1.0837244654717928e-07,-6.132628571420573e-06,3.7521031974154384e-06,CD,0,negative
E,,10,202,q_noise,1662,1662,1477,1,1662,0,0,0,0,fraction,7.898890215638966e-16,1.1362032374383456e-15,1.4516140945919384e-15,1.766644316070281e-15,2.130953675388736e-15,2.8055009309825694e-15,4.4266177987763234e-15,1.841635257107956e-15,5.383115957400059e-16,CD,0,negative
E,,10,303,snr_p_db,1662,1662,1477,1,1662,0,0,0,0,dB,9.999948351665672,9.99998719550905,9.99999243376029,9.999994601223968,9.999996310632365,9.999998248446808,9.999999961097613,9.999993925836458,3.7516899011420403e-06,CD,0,negative
E,,10,303,delta_p_db,1662,1662,1477,1,1662,0,0,0,0,dB,-5.1707267903677485e-05,-1.286992281505905e-05,-7.63764950049364e-06,-5.453479932137778e-06,-3.746732091586165e-06,-1.814679835498831e-06,-1.0837244654717928e-07,-6.132628571429276e-06,3.7521031974201797e-06,CD,0,negative
E,,10,303,q_noise,1662,1662,1477,1,1662,0,0,0,0,fraction,7.799057626525441e-16,1.1331582625944004e-15,1.4576843210646907e-15,1.7637972345537955e-15,2.1221484898424955e-15,2.823291668225515e-15,4.179583851870808e-15,1.839601964257717e-15,5.320086672061077e-16,CD,0,negative
E,,10,404,snr_p_db,1662,1662,1477,1,1662,0,0,0,0,dB,9.999948353258526,9.999987194503671,9.999992422627171,9.999994606434582,9.999996310037151,9.999998243312845,9.999999942682775,9.99999392540254,3.752035168078593e-06,CD,0,negative
E,,10,404,delta_p_db,1662,1662,1477,1,1662,0,0,0,0,dB,-5.1707267905123987e-05,-1.2869922815517106e-05,-7.637649500614182e-06,-5.453479931896697e-06,-3.746732091224542e-06,-1.814679835498831e-06,-1.0837244654717928e-07,-6.1326285714217326e-06,3.752103197434901e-06,CD,0,negative
E,,10,404,q_noise,1662,1662,1477,1,1662,0,0,0,0,fraction,7.80305607726662e-16,1.1244085135429206e-15,1.4550375263918545e-15,1.7649724261499434e-15,2.121472438397971e-15,2.849415123556369e-15,4.456342087473424e-15,1.8399021777632024e-15,5.361928404871289e-16,CD,0,negative
E,,10,505,snr_p_db,1662,1662,1477,1,1662,0,0,0,0,dB,9.999948367830715,9.9999872100545,9.99999241854374,9.999994607169967,9.999996310800935,9.999998243940604,9.999999948083143,9.999993925924194,3.752200321875655e-06,CD,0,negative
E,,10,505,delta_p_db,1662,1662,1477,1,1662,0,0,0,0,dB,-5.1707267903677485e-05,-1.2869922815107266e-05,-7.637649500132017e-06,-5.453479932378861e-06,-3.746732091104001e-06,-1.8146798359568867e-06,-1.0837244654717928e-07,-6.132628571426374e-06,3.7521031974263817e-06,CD,0,negative
E,,10,505,q_noise,1662,1662,1477,1,1662,0,0,0,0,fraction,7.824955068405828e-16,1.1343708811909224e-15,1.4655768573772146e-15,1.7576874285033846e-15,2.119375613973778e-15,2.798764223223991e-15,4.457447578844301e-15,1.8408649189503393e-15,5.341355904626527e-16,CD,0,negative
E,,10,8128,snr_p_db,1662,1662,1477,1,1662,0,0,0,0,dB,9.999948370871296,9.999987187872826,9.999992419647866,9.999994608853779,9.999996316065673,9.999998233156983,9.999999956664002,9.999993926023762,3.752123716471253e-06,CD,0,negative
E,,10,8128,delta_p_db,1662,1662,1477,1,1662,0,0,0,0,dB,-5.170726790415964e-05,-1.286992281464921e-05,-7.637649500734723e-06,-5.453479931896697e-06,-3.746732091345083e-06,-1.814679835980995e-06,-1.0837244654717928e-07,-6.132628571420861e-06,3.7521031974031475e-06,CD,0,negative
E,,10,8128,q_noise,1662,1662,1477,1,1662,0,0,0,0,fraction,7.807578057038725e-16,1.1314220235678222e-15,1.4513326859883675e-15,1.7692567030682892e-15,2.1312892225988274e-15,2.7999144573910762e-15,4.1843380734444476e-15,1.8413899095373245e-15,5.342046065415758e-16,CD,0,negative
I,,0,101,snr_p_db,1662,1662,1477,1,1662,0,0,0,0,dB,1.8458936479861587,1.939407276892791,1.9971602274176257,2.0387013946788057,2.079040107054529,2.1349066179732055,2.256579287891636,2.0386449789800563,0.059332501994023214,CD,0,negative
I,,0,101,delta_p_db,1662,1662,1477,1,1662,0,0,0,0,dB,1.8458936461691042,1.9394072729021445,1.9971602277609006,2.0387014000836565,2.079040105094401,2.1349066173570646,2.256579287393202,2.0386449788691876,0.05933250219727635,CD,0,negative
I,,0,101,q_noise,1662,1662,1477,1,1662,0,0,0,0,fraction,0.3462521400766386,0.36017924755405684,0.3686307246197853,0.37464182332089224,0.3804225594734177,0.3883421117229568,0.4052409348791606,0.37457476951397833,0.008545850078659926,CD,0,negative
I,,0,202,snr_p_db,1662,1662,1477,1,1662,0,0,0,0,dB,1.8476995093155675,1.9426341469118267,1.9979530898932556,2.0360881505689923,2.0808523508310675,2.1357488720489695,2.247085975276546,2.0382416794363247,0.05966697023695133,CD,0,negative
I,,0,202,delta_p_db,1662,1662,1477,1,1662,0,0,0,0,dB,1.8476995055450254,1.9426341481943727,1.997953091862769,2.036088148068356,2.0808523621747774,2.135748876614578,2.247085982341357,2.038241679554399,0.0596669700442113,CD,0,negative
I,,0,202,q_noise,1662,1662,1477,1,1662,0,0,0,0,fraction,0.34652439165746346,0.36065498231248977,0.3687460974495143,0.3742645763810615,0.3806812939856451,0.3884603219763126,0.40393914806251635,0.3745160490679878,0.008590307634277337,CD,0,negative
I,,0,303,snr_p_db,1662,1662,1477,1,1662,0,0,0,0,dB,1.858450085683099,1.9340397203187467,1.993254106805081,2.036328706538617,2.076727229947695,2.1373136037152665,2.2294050100774205,2.035166128221899,0.062130042680593044,CD,0,negative
I,,0,303,delta_p_db,1662,1662,1477,1,1662,0,0,0,0,dB,1.8584500920212825,1.9340397154602427,1.9932541043051484,2.0363287016660925,2.076727227997277,2.137313604628436,2.2294050097062543,2.035166128373389,0.062130042902693104,CD,0,negative
I,,0,303,q_noise,1662,1662,1477,1,1662,0,0,0,0,fraction,0.3481394357243511,0.35938713386293325,0.3680623223692099,0.37429936435731337,0.3800932212508842,0.38868050093854495,0.40150693795210446,0.37406796024933714,0.00895304478859028,CD,0,negative
I,,0,404,snr_p_db,1662,1662,1477,1,1662,0,0,0,0,dB,1.7865219894229811,1.9406190386171989,1.9983666788349685,2.0377407973216926,2.079518480874933,2.1417781507456195,2.248789048652861,2.0390482303363284,0.060426419777730604,CD,0,negative
I,,0,404,delta_p_db,1662,1662,1477,1,1662,0,0,0,0,dB,1.7865219917075572,1.9406190371766598,1.9983666747170201,2.0377407958686797,2.079518477563063,2.1417781607388,2.2487890459540836,2.039048230379248,0.06042641971386306,CD,0,negative
I,,0,404,q_noise,1662,1662,1477,1,1662,0,0,0,0,fraction,0.3372542414396308,0.36035698676227823,0.36880699834382424,0.3745030093581593,0.38049068361797955,0.38930971998367453,0.40417248432754826,0.37463069678440475,0.008696585360373148,CD,0,negative
I,,0,505,snr_p_db,1662,1662,1477,1,1662,0,0,0,0,dB,1.8622128163821738,1.9347796212437132,1.9925122480871202,2.0357652633860934,2.079029087470027,2.1395405235428133,2.220421995314729,2.0362781710125724,0.06254873222975364,CD,0,negative
I,,0,505,delta_p_db,1662,1662,1477,1,1662,0,0,0,0,dB,1.8622128086278165,1.93477962991037,1.992512243750916,2.035765263186786,2.07902908110681,2.1395405143836155,2.2204219897604682,2.0362781710167113,0.06254873220110177,CD,0,negative
I,,0,505,q_noise,1662,1662,1477,1,1662,0,0,0,0,fraction,0.3487043823142079,0.35949693978152614,0.3679552808548364,0.3742178482090976,0.380422367148159,0.3889946113248686,0.4002680824857121,0.3742273592588011,0.009008947988179255,CD,0,negative
I,,0,8128,snr_p_db,1662,1662,1477,1,1662,0,0,0,0,dB,1.8456754348229896,1.9362202833234345,1.9944498376634763,2.0354159848756135,2.077715453967395,2.1392736012850775,2.230612938276909,2.036526451883341,0.06110010114208028,CD,0,negative
I,,0,8128,delta_p_db,1662,1662,1477,1,1662,0,0,0,0,dB,1.8456754317580417,1.936220283924272,1.994449839140076,2.0354159920036525,2.0777154597010656,2.1392736073481826,2.2306129427897163,2.0365264517901354,0.06110010145287173,CD,0,negative
I,,0,8128,q_noise,1662,1662,1477,1,1662,0,0,0,0,fraction,0.34622078714689597,0.35970897825733744,0.3682366545599314,0.374167711148516,0.3802351932133803,0.38895675927566475,0.40167365975082503,0.37426610362376955,0.008799310262916596,CD,0,negative
I,,5,101,snr_p_db,1662,1662,1477,1,1662,0,0,0,0,dB,6.845893540904918,6.939407164577359,6.997160107683445,7.038701288259206,7.079039986791179,7.1349064966035485,7.256579170398243,7.038644867096668,0.05933250203718711,CD,0,negative
I,,5,101,delta_p_db,1662,1662,1477,1,1662,0,0,0,0,dB,1.8458936487579438,1.9394072737287376,1.997160220194076,2.0387014015394813,2.079040100845814,2.134906609735257,2.2565792875689574,2.038644978908542,0.059332502154168694,CD,0,negative
I,,5,101,q_noise,1662,1662,1477,1,1662,0,0,0,0,fraction,0.34625214046633934,0.3601792476758347,0.36863072351971515,0.37464182353052095,0.3804225588673018,0.388342110649506,0.40524093490322993,0.3745747695197275,0.008545850073027678,CD,0,negative
I,,5,202,snr_p_db,1662,1662,1477,1,1662,0,0,0,0,dB,6.847699382743649,6.942634043670167,6.997952978910291,7.036088029383961,7.080852239993542,7.135748766753688,7.247085868743128,7.038241567951827,0.05966697015627438,CD,0,negative
I,,5,202,delta_p_db,1662,1662,1477,1,1662,0,0,0,0,dB,1.84769950858969,1.9426341529215752,1.9979530928975047,2.0360881463401173,2.0808523629619953,2.135748880814633,2.2470859849140545,2.038241679609966,0.0596669700196301,CD,0,negative
I,,5,202,q_noise,1662,1662,1477,1,1662,0,0,0,0,fraction,0.34652439211558894,0.360654983008404,0.3687460975999146,0.3742645761320677,0.38068129409792123,0.3884603225677315,0.4039391484156141,0.374516049076038,0.008590307630900754,CD,0,negative
I,,5,303,snr_p_db,1662,1662,1477,1,1662,0,0,0,0,dB,6.858449978832242,6.93403958673178,6.993253990453077,7.036328592249088,7.076727110318512,7.137313498087427,7.229404915730656,7.035166016230733,0.06213004299969058,CD,0,negative
I,,5,303,delta_p_db,1662,1662,1477,1,1662,0,0,0,0,dB,1.858450093521384,1.9340397153367392,1.993254105068217,2.036328696366091,2.07672722053755,2.1373136116431004,2.2294050207893368,2.035166128210389,0.06213004287139527,CD,0,negative
I,,5,303,q_noise,1662,1662,1477,1,1662,0,0,0,0,fraction,0.3481394359495109,0.35938713384471593,0.3680623224802453,0.3742993635937259,0.3800932201860926,0.3886805019259376,0.40150693947944316,0.37406796022591016,0.00895304478416521,CD,0,negative
I,,5,404,snr_p_db,1662,1662,1477,1,1662,0,0,0,0,dB,6.78652187941712,6.94061893428791,6.998366565761727,7.03774069796199,7.079518371862096,7.141778052873766,7.248788937969707,7.039048118376327,0.060426419505780406,CD,0,negative
I,,5,404,delta_p_db,1662,1662,1477,1,1662,0,0,0,0,dB,1.786521991176149,1.9406190459554336,1.9983666736444206,2.0377408024971864,2.0795184789973424,2.1417781612523124,2.248789052961486,2.0390482301821407,0.06042641963604476,CD,0,negative
I,,5,404,q_noise,1662,1662,1477,1,1662,0,0,0,0,fraction,0.3372542413585363,0.36035698805525057,0.3688069981879352,0.37450301031282507,0.3804906838225764,0.3893097200558853,0.40417248528892424,0.37463069675617794,0.008696585349529771,CD,0,negative
I,,5,505,snr_p_db,1662,1662,1477,1,1662,0,0,0,0,dB,6.8622126800390335,6.934779504612984,6.992512128998343,7.035765149976109,7.079028966737342,7.139540412310215,7.220421883037914,7.03627805929219,0.06254873288805642,CD,0,negative
I,,5,505,delta_p_db,1662,1662,1477,1,1662,0,0,0,0,dB,1.8622128024504645,1.9347796310885816,1.992512242094145,2.035765261326998,2.079029079223202,2.139540521468883,2.220421994190157,2.0362781710396005,0.06254873242506946,CD,0,negative
I,,5,505,q_noise,1662,1662,1477,1,1662,0,0,0,0,fraction,0.34870438138781307,0.35949693995528975,0.36795528061371874,0.37421784794111235,0.38042236687943665,0.388994612117517,0.40026808309742273,0.374227359261635,0.009008948020353662,CD,0,negative
I,,5,8128,snr_p_db,1662,1662,1477,1,1662,0,0,0,0,dB,6.845675320106662,6.936220165246307,6.994449722862484,7.035415872663619,7.077715344083508,7.139273507687349,7.230612840362847,7.0365263396375894,0.0611001014260479,CD,0,negative
I,,5,8128,delta_p_db,1662,1662,1477,1,1662,0,0,0,0,dB,1.8456754331713208,1.9362202797350532,1.9944498361119796,2.0354159967277416,2.077715454178915,2.139273612454206,2.2306129439045366,2.0365264517078816,0.06110010145249679,CD,0,negative
I,,5,8128,q_noise,1662,1662,1477,1,1662,0,0,0,0,fraction,0.34622078735964845,0.35970897763971066,0.3682366541194373,0.3741677118292751,0.3802351924253389,0.3889567599940759,0.40167365990441345,0.3742661036119231,0.008799310262157488,CD,0,negative
I,,10,101,snr_p_db,1662,1662,1477,1,1662,0,0,0,0,dB,11.845893700625027,11.939407346346181,11.997160280186279,12.038701456489752,12.079040160639842,12.13490668515568,12.256579334140598,12.03864503771022,0.05933250229353752,CD,0,negative
I,,10,101,delta_p_db,1662,1662,1477,1,1662,0,0,0,0,dB,1.8458936464615594,1.939407275037949,1.9971602226410208,2.038701402730707,2.0790401003012815,2.134906617974689,2.2565792828213085,2.038644979068229,0.05933250236447789,CD,0,negative
I,,10,101,q_noise,1662,1662,1477,1,1662,0,0,0,0,fraction,0.34625214012066224,0.3601792478687123,0.36863072387545365,0.3746418237020568,0.3804225587896324,0.38834211180994205,0.40524093425304736,0.37457476954231117,0.008545850102844407,CD,0,negative
I,,10,202,snr_p_db,1662,1662,1477,1,1662,0,0,0,0,dB,11.847699566733365,11.94263418585896,11.997953148764028,12.036088210441246,12.080852402319632,12.135748915813323,12.247086030863974,12.038241738047047,0.059666970445034634,CD,0,negative
I,,10,202,delta_p_db,1662,1662,1477,1,1662,0,0,0,0,dB,1.8476995086163717,1.942634134626204,1.9979530976522608,2.0360881493402143,2.080852358506502,2.135748865606661,2.24708597823567,2.0382416796557403,0.05966696997389158,CD,0,negative
I,,10,202,q_noise,1662,1662,1477,1,1662,0,0,0,0,fraction,0.3465243921196037,0.3606549803150535,0.3687460982910263,0.3742645765643221,0.38068129346254176,0.3884603204262639,0.4039391474990186,0.3745160490827232,0.008590307623752121,CD,0,negative
I,,10,303,snr_p_db,1662,1662,1477,1,1662,0,0,0,0,dB,11.858450158775423,11.93403977433257,11.993254162187654,12.036328756096172,12.07672729674028,12.137313668193602,12.229405043823432,12.035166186633008,0.06213004288759745,CD,0,negative
I,,10,303,delta_p_db,1662,1662,1477,1,1662,0,0,0,0,dB,1.8584500988348618,1.9340397114228367,1.9932541071301464,2.036328698976714,2.076727230758329,2.1373136100388037,2.2294050031131887,2.035166128392564,0.06213004279116616,CD,0,negative
I,,10,303,q_noise,1662,1662,1477,1,1662,0,0,0,0,fraction,0.34813943674704506,0.35938713326738936,0.3680623227802781,0.37429936396984687,0.38009322164499143,0.38868050170011326,0.4015069370435264,0.37406796025233396,0.008953044771757642,CD,0,negative
I,,10,404,snr_p_db,1662,1662,1477,1,1662,0,0,0,0,dB,11.78652205466484,11.94061909395076,11.998366739968109,12.037740847957402,12.079518534820842,12.141778225645714,12.248789119781119,12.03904828878887,0.06042641976396386,CD,0,negative
I,,10,404,delta_p_db,1662,1662,1477,1,1662,0,0,0,0,dB,1.7865219931184533,1.9406190353521038,1.9983666685941817,2.037740791436985,2.0795184759983782,2.141778166730706,2.248789058090515,2.039048230518867,0.06042641968061356,CD,0,negative
I,,10,404,q_noise,1662,1662,1477,1,1662,0,0,0,0,fraction,0.33725424165493756,0.36035698649355175,0.36880699745394585,0.3745030087198873,0.38049068339478337,0.38930972082623566,0.4041724859925982,0.3746306968045799,0.008696585354461717,CD,0,negative
I,,10,505,snr_p_db,1662,1662,1477,1,1662,0,0,0,0,dB,11.862212846573637,11.934779679607983,11.992512295210771,12.035765330249363,12.079029139824595,12.139540565660065,12.22042204694186,12.036278229630701,0.06254873228943214,CD,0,negative
I,,10,505,delta_p_db,1662,1662,1477,1,1662,0,0,0,0,dB,1.8622127994813817,1.934779633190286,1.9925122401174225,2.035765263939062,2.0790290780037743,2.139540515122493,2.2204219831049237,2.0362781709602724,0.0625487319315417,CD,0,negative
I,,10,505,q_noise,1662,1662,1477,1,1662,0,0,0,0,fraction,0.3487043809425505,0.35949694026525386,0.36795528032604014,0.37421784831749183,0.38042236670545737,0.3889946139101217,0.4002680815666256,0.37422735925122774,0.009008947949471633,CD,0,negative
I,,10,8128,snr_p_db,1662,1662,1477,1,1662,0,0,0,0,dB,11.845675485533437,11.936220347962983,11.994449895313258,12.035416040080712,12.077715515490791,12.139273685325495,12.230613005132302,12.036526510266892,0.0611001014182247,CD,0,negative
I,,10,8128,delta_p_db,1662,1662,1477,1,1662,0,0,0,0,dB,1.8456754322898095,1.9362202931524104,1.9944498386466072,2.035415995315806,2.077715452827829,2.1392736112413226,2.23061294048807,2.0365264516553787,0.06110010149293726,CD,0,negative
I,,10,8128,q_noise,1662,1662,1477,1,1662,0,0,0,0,fraction,0.3462207872269474,0.35970897961787657,0.368236654488136,0.3741677116258009,0.38023519223253277,0.3889567598234176,0.40167365943372785,0.3742661036042741,0.008799310268602322,CD,0,negative
S_00,S_00,0,101,snr_p_db,1662,1662,1477,1,1662,0,0,0,0,dB,2.383690739705137,2.5060291447338154,2.5737715328294475,2.6207646353042797,2.669439683293257,2.741427491716596,2.8664509418264723,2.620318501778492,0.07234969588437183,CD,0,negative
S_00,S_00,0,101,delta_p_db,1662,1662,1477,1,1662,0,0,0,0,dB,2.383690738846382,2.506029145044018,2.5737715351472445,2.620764633207508,2.6694396809504233,2.741427495904661,2.866450947307162,2.6203185016548587,0.07234969589201233,CD,0,negative
S_00,S_00,0,101,q_noise,1662,1662,1477,1,1662,0,0,0,0,fraction,0.42239642598180493,0.4384396135172926,0.4471307708037357,0.45308088425893644,0.4591761848638015,0.46806710724110145,0.4831615974717542,0.45294905904794214,0.009115140189193707,CD,0,negative
S_00,S_00,0,202,snr_p_db,1662,1662,1477,1,1662,0,0,0,0,dB,2.339936419194562,2.5053412861938997,2.568622099594487,2.6174257850189795,2.665447714735689,2.7452829533617327,2.888618794346241,2.6189684918672818,0.07303576531705945,CD,0,negative
S_00,S_00,0,202,delta_p_db,1662,1662,1477,1,1662,0,0,0,0,dB,2.3399364234353666,2.5053412905670536,2.5686221039980817,2.6174257904620655,2.665447715968829,2.74528296273114,2.888618788254194,2.6189684918101075,0.07303576530621678,CD,0,negative
S_00,S_00,0,202,q_noise,1662,1662,1477,1,1662,0,0,0,0,fraction,0.41654725163361866,0.4383501660285064,0.4464753124909694,0.4526601954768767,0.45867940580041683,0.4685392457067729,0.48579334395979823,0.4527776217003345,0.009189021821170564,CD,0,negative
S_00,S_00,0,303,snr_p_db,1662,1662,1477,1,1662,0,0,0,0,dB,2.385507332419943,2.5014568892772213,2.570441441029245,2.617432054147044,2.6691624012168234,2.74422781432009,2.8651699541030213,2.619130201792256,0.07394267508946539,CD,0,negative
S_00,S_00,0,303,delta_p_db,1662,1662,1477,1,1662,0,0,0,0,dB,2.385507331669055,2.5014568842057225,2.5704414350383846,2.6174320564862557,2.669162393486806,2.7442278119779626,2.8651699508473,2.6191302015869944,0.07394267527510806,CD,0,negative
S_00,S_00,0,303,q_noise,1662,1662,1477,1,1662,0,0,0,0,fraction,0.42263734107090245,0.4378484632655041,0.44670690249327427,0.4526620197633866,0.4591419404581132,0.4684111137701777,0.4830099490540349,0.45279601923754076,0.009311122758975167,CD,0,negative
S_00,S_00,0,404,snr_p_db,1662,1662,1477,1,1662,0,0,0,0,dB,2.3938372397768655,2.5069428326388703,2.569313325768939,2.6185523679390394,2.6683936820416965,2.73916651441844,2.868237624082704,2.620385206265422,0.07252882479465361,CD,0,negative
S_00,S_00,0,404,delta_p_db,1662,1662,1477,1,1662,0,0,0,0,dB,2.393837243880079,2.506942838796514,2.5693133226354106,2.618552368726041,2.668393683035217,2.73916651282127,2.8682376200138098,2.6203852061460644,0.07252882465843133,CD,0,negative
S_00,S_00,0,404,q_noise,1662,1662,1477,1,1662,0,0,0,0,fraction,0.4237434125098899,0.4385578428559769,0.4465629546780317,0.4528020703294044,0.45904673042487,0.4677913612798836,0.48337463997279373,0.4529571416399982,0.009127447824774822,CD,0,negative
S_00,S_00,0,505,snr_p_db,1662,1662,1477,1,1662,0,0,0,0,dB,2.376473840539365,2.4982444490150972,2.569522905221553,2.619708860868456,2.6677259591350078,2.742043663859103,2.850102749114961,2.6195564827349096,0.07324264504712442,CD,0,negative
S_00,S_00,0,505,delta_p_db,1662,1662,1477,1,1662,0,0,0,0,dB,2.3764738494275472,2.4982444492845537,2.5695229094501295,2.6197088711116283,2.667725956285285,2.7420436596765203,2.8501027511811876,2.6195564825762525,0.07324264529749344,CD,0,negative
S_00,S_00,0,505,q_noise,1662,1662,1477,1,1662,0,0,0,0,fraction,0.42143480106446074,0.4374318077240916,0.4465895913458988,0.45294794084309514,0.45896293046180225,0.4681431974327564,0.4812135075929688,0.45285120458711764,0.009224757525206727,CD,0,negative
S_00,S_00,0,8128,snr_p_db,1662,1662,1477,1,1662,0,0,0,0,dB,2.404460852022039,2.505581899498038,2.572312746111523,2.618647537713321,2.6662749226647553,2.734456857202503,2.878875892922585,2.619364609152224,0.06946820221175572,CD,0,negative
S_00,S_00,0,8128,delta_p_db,1662,1662,1477,1,1662,0,0,0,0,dB,2.4044608523598288,2.5055818981506697,2.5723127498965095,2.6186475429997556,2.6662749242218244,2.7344568575066406,2.8788758915154355,2.619364609249156,0.0694682021533218,CD,0,negative
S_00,S_00,0,8128,q_noise,1662,1662,1477,1,1662,0,0,0,0,fraction,0.4251517234908166,0.4383813053726473,0.4469452326388765,0.45281430703223796,0.45878191999257856,0.4672121957652232,0.4846383642654077,0.4528348366915502,0.008749743046432256,CD,0,negative
S_00,S_00,5,101,snr_p_db,1662,1662,1477,1,1662,0,0,0,0,dB,7.383690628387466,7.506029025652993,7.5737714218443015,7.620764524037292,7.669439562049146,7.741427380575457,7.866450823335597,7.620318389611987,0.07234969623082418,CD,0,negative
S_00,S_00,5,101,delta_p_db,1662,1662,1477,1,1662,0,0,0,0,dB,2.3836907367928526,2.5060291362226947,2.573771533425359,2.6207646308270744,2.6694396846578003,2.741427492362465,2.866450941955811,2.6203185015044212,0.07234969596535402,CD,0,negative
S_00,S_00,5,101,q_noise,1662,1662,1477,1,1662,0,0,0,0,fraction,0.42239642570868946,0.43843961237665896,0.44713077058453254,0.45308088395916185,0.45917618532548204,0.46806710680724656,0.48316159683490906,0.45294905902883725,0.009115140199025283,CD,0,negative
S_00,S_00,5,202,snr_p_db,1662,1662,1477,1,1662,0,0,0,0,dB,7.339936308673808,7.505341175066446,7.568621999484896,7.617425674362159,7.665447626135711,7.745282835520061,7.888618673502136,7.618968379835474,0.07303576496119875,CD,0,negative
S_00,S_00,5,202,delta_p_db,1662,1662,1477,1,1662,0,0,0,0,dB,2.3399364203991775,2.5053412869256872,2.5686220997688873,2.6174257921481816,2.6654477195062016,2.745282963947745,2.8886187815912083,2.618968491848503,0.07303576498337576,CD,0,negative
S_00,S_00,5,202,q_noise,1662,1662,1477,1,1662,0,0,0,0,fraction,0.41654725122572195,0.43835016555758627,0.4464753119519435,0.4526601956893773,0.4586794062413005,0.4685392458556532,0.4857933431708976,0.4527776217058531,0.009189021780836476,CD,0,negative
S_00,S_00,5,303,snr_p_db,1662,1662,1477,1,1662,0,0,0,0,dB,7.385507221051605,7.501456759227861,7.570441323589254,7.617431943602904,7.669162290408086,7.7442276928779865,7.8651698286662395,7.619130089873347,0.07394267524834965,CD,0,negative
S_00,S_00,5,303,delta_p_db,1662,1662,1477,1,1662,0,0,0,0,dB,2.385507324530535,2.5014568892699516,2.5704414403324556,2.6174320529239297,2.669162400232887,2.7442278115979666,2.8651699394520462,2.619130201543753,0.07394267522116028,CD,0,negative
S_00,S_00,5,303,q_noise,1662,1662,1477,1,1662,0,0,0,0,fraction,0.4226373401218886,0.43784846392101934,0.44670690316774214,0.45266201931442984,0.4591419412982482,0.46841111372366095,0.4830099476975285,0.45279601923220686,0.00931112275247963,CD,0,negative
S_00,S_00,5,404,snr_p_db,1662,1662,1477,1,1662,0,0,0,0,dB,7.393837127755899,7.506942721766357,7.569313217915963,7.618552256120243,7.668393561916645,7.739166396064063,7.86823751435398,7.620385094392132,0.07252882479607915,CD,0,negative
S_00,S_00,5,404,delta_p_db,1662,1662,1477,1,1662,0,0,0,0,dB,2.393837239768791,2.5069428323689182,2.569313322611505,2.618552367913245,2.668393674274923,2.7391665055347008,2.8682376162733227,2.6203852062732165,0.07252882453968681,CD,0,negative
S_00,S_00,5,404,q_noise,1662,1662,1477,1,1662,0,0,0,0,fraction,0.42374341196437154,0.4385578420250372,0.44656295467497953,0.45280207022699737,0.4590467289554534,0.4677913603869489,0.48337463952783516,0.45295714165625744,0.0091274478106762,CD,0,negative
S_00,S_00,5,505,snr_p_db,1662,1662,1477,1,1662,0,0,0,0,dB,7.37647375502797,7.498244335015865,7.56952278741035,7.619708757341222,7.667725846909685,7.742043542954933,7.850102622988776,7.619556370584773,0.07324264497987878,CD,0,negative
S_00,S_00,5,505,delta_p_db,1662,1662,1477,1,1662,0,0,0,0,dB,2.3764738581200446,2.4982444465813543,2.5695229034181732,2.619708869449057,2.6677259610494124,2.7420436502243946,2.850102743928114,2.61955648257766,0.07324264517968872,CD,0,negative
S_00,S_00,5,505,q_noise,1662,1662,1477,1,1662,0,0,0,0,fraction,0.4214348022224715,0.4374318073739271,0.4465895905773441,0.4529479406336655,0.45896293105531955,0.46814319627520623,0.48121350672655294,0.45285120458754347,0.009224757510625663,CD,0,negative
S_00,S_00,5,8128,snr_p_db,1662,1662,1477,1,1662,0,0,0,0,dB,7.404460741057962,7.505581799352576,7.572312632259744,7.618647429904264,7.666274796223052,7.734456728806266,7.878875771652637,7.6193644969258765,0.06946820196018207,CD,0,negative
S_00,S_00,5,8128,delta_p_db,1662,1662,1477,1,1662,0,0,0,0,dB,2.4044608589005545,2.50558191180559,2.5723127428845274,2.618647543181196,2.666274919925401,2.734456846761298,2.8788758944336665,2.6193646089799616,0.0694682018540343,CD,0,negative
S_00,S_00,5,8128,q_noise,1662,1662,1477,1,1662,0,0,0,0,fraction,0.42515172435657134,0.43838130713849593,0.4469452317459227,0.4528143070551007,0.4587819194571845,0.4672121944470016,0.48463836461170373,0.4528348366582381,0.008749743009089754,CD,0,negative
S_00,S_00,10,101,snr_p_db,1662,1662,1477,1,1662,0,0,0,0,dB,12.383690795173148,12.506029192800554,12.573771600324946,12.620764663322685,12.669439734674668,12.74142757235438,12.866450981313047,12.620318560283623,0.07234969585214493,CD,0,negative
S_00,S_00,10,101,delta_p_db,1662,1662,1477,1,1662,0,0,0,0,dB,2.383690737447518,2.506029138500092,2.573771539385927,2.620764618706207,2.6694396724536813,2.741427499103733,2.8664509408888152,2.6203185017571164,0.0723496957024054,CD,0,negative
S_00,S_00,10,101,q_noise,1662,1662,1477,1,1662,0,0,0,0,fraction,0.4223964257957586,0.43843961267113474,0.447130771343363,0.453080882432742,0.45917618380571923,0.46806710763292997,0.48316159670792974,0.4529490590612242,0.009115140164446325,CD,0,negative
S_00,S_00,10,202,snr_p_db,1662,1662,1477,1,1662,0,0,0,0,dB,12.339936499716625,12.505341322203018,12.568622176846565,12.617425855912282,12.665447768749818,12.745283021371158,12.888618840707167,12.618968550709713,0.07303576521231263,CD,0,negative
S_00,S_00,10,202,delta_p_db,1662,1662,1477,1,1662,0,0,0,0,dB,2.3399364401326035,2.5053412767661407,2.5686221094771904,2.617425793959428,2.6654477103294765,2.745282967817575,2.888618774174266,2.6189684918613656,0.07303576532775637,CD,0,negative
S_00,S_00,10,202,q_noise,1662,1662,1477,1,1662,0,0,0,0,fraction,0.4165472538768083,0.43835016424370465,0.4464753131893047,0.4526601959176182,0.4586794050975097,0.4685392463292022,0.48579334229272825,0.4527776217067494,0.009189021823396863,CD,0,negative
S_00,S_00,10,303,snr_p_db,1662,1662,1477,1,1662,0,0,0,0,dB,12.38550738877599,12.501456941220448,12.570441491822672,12.617432111856512,12.669162469685753,12.74422787941782,12.865170007207068,12.619130259713003,0.07394267555266623,CD,0,negative
S_00,S_00,10,303,delta_p_db,1662,1662,1477,1,1662,0,0,0,0,dB,2.3855073245290352,2.5014568924823637,2.57044143420927,2.617432055099145,2.6691624046609763,2.74422781147987,2.8651699407340745,2.6191302012625384,0.07394267553493435,CD,0,negative
S_00,S_00,10,303,q_noise,1662,1662,1477,1,1662,0,0,0,0,fraction,0.42263734012168924,0.43784846433683533,0.4467069023876485,0.452662019588571,0.45914194184971113,0.46841111370921446,0.48300994785014284,0.4527960191961025,0.00931112279250393,CD,0,negative
S_00,S_00,10,404,snr_p_db,1662,1662,1477,1,1662,0,0,0,0,dB,12.393837299056553,12.506942884551682,12.569313384128463,12.618552430644044,12.668393733381498,12.739166541977307,12.868237685223562,12.620385264004042,0.07252882436067341,CD,0,negative
S_00,S_00,10,404,delta_p_db,1662,1662,1477,1,1662,0,0,0,0,dB,2.3938372461674287,2.5069428292641516,2.5693133156701506,2.6185523654993155,2.668393677072128,2.739166507519071,2.8682376335362596,2.620385206029785,0.07252882471107637,CD,0,negative
S_00,S_00,10,404,q_noise,1662,1662,1477,1,1662,0,0,0,0,fraction,0.4237434128133938,0.43855784162366335,0.44656295379041255,0.45280206992284744,0.4590467298793531,0.46779136063012494,0.483374641581389,0.4529571416252426,0.009127447831321876,CD,0,negative
S_00,S_00,10,505,snr_p_db,1662,1662,1477,1,1662,0,0,0,0,dB,12.376473908175162,12.498244491548549,12.569522971511681,12.61970891850553,12.66772601060541,12.742043693138172,12.850102798343793,12.619556540980971,0.0732426452706949,CD,0,negative
S_00,S_00,10,505,delta_p_db,1662,1662,1477,1,1662,0,0,0,0,dB,2.3764738519374005,2.498244436201459,2.569522913895662,2.619708867261731,2.6677259560256044,2.742043648913268,2.8501027431236925,2.6195564824855486,0.07324264524928231,CD,0,negative
S_00,S_00,10,505,q_noise,1662,1662,1477,1,1662,0,0,0,0,fraction,0.4214348013988223,0.4374318060293567,0.4465895919125115,0.45294794035810854,0.4589629304294499,0.4681431961146411,0.48121350663046075,0.452851204575799,0.009224757518155845,CD,0,negative
S_00,S_00,10,8128,snr_p_db,1662,1662,1477,1,1662,0,0,0,0,dB,12.40446090733656,12.50558195800017,12.572312804434546,12.618647584810818,12.666274973678986,12.734456903648708,12.878875934712589,12.619364667683756,0.06946820192178015,CD,0,negative
S_00,S_00,10,8128,delta_p_db,1662,1662,1477,1,1662,0,0,0,0,dB,2.4044608487437538,2.5055819005072006,2.5723127473075245,2.6186475273816825,2.6662749292419914,2.7344568586898546,2.8788758880748997,2.6193646091715146,0.06946820214078937,CD,0,negative
S_00,S_00,10,8128,q_noise,1662,1662,1477,1,1662,0,0,0,0,fraction,0.42515172301217957,0.4383813056773875,0.44694523230916483,0.45281430506444376,0.45878192061819145,0.467212195910377,0.48463836385713177,0.4528348366817901,0.008749743045615948,CD,0,negative
S_01,S_01,0,101,snr_p_db,1662,1662,1477,1,1662,0,0,0,0,dB,1.3995966566558906,1.538493516808861,1.596542849446516,1.635127140025407,1.676750658579918,1.739230590816556,1.8297572145064989,1.6372077670844936,0.060470816210085085,CD,0,negative
S_01,S_01,0,101,delta_p_db,1662,1662,1477,1,1662,0,0,0,0,dB,1.3995966442729415,1.5384935270564666,1.5965428529866195,1.635127141536322,1.6767506607056393,1.7392305931529082,1.8297572163036637,1.6372077669382072,0.060470816223764524,CD,0,negative
S_01,S_01,0,101,q_noise,1662,1662,1477,1,1662,0,0,0,0,fraction,0.27549756522865865,0.2983023704407146,0.3076192163671915,0.31374264069902214,0.3202882599373216,0.32999787594080654,0.34381879074686283,0.31400544203242114,0.009547543641382883,CD,0,negative
S_01,S_01,0,202,snr_p_db,1662,1662,1477,1,1662,0,0,0,0,dB,1.4266767719572773,1.539313610496843,1.5978081846636805,1.6348666660006148,1.6782815784291443,1.7370229642009927,1.8721535259625819,1.6366287005120663,0.060323950810199464,CD,0,negative
S_01,S_01,0,202,delta_p_db,1662,1662,1477,1,1662,0,0,0,0,dB,1.4266767799023252,1.539313606680545,1.5978081806150715,1.6348666652717474,1.6782815791569257,1.7370229689532046,1.8721535234857611,1.6366287003736064,0.06032395098955078,CD,0,negative
S_01,S_01,0,202,q_noise,1662,1662,1477,1,1662,0,0,0,0,fraction,0.28000139615261843,0.2984348774328527,0.30782081973649694,0.31370198669922633,0.32052845201874636,0.3296570490660786,0.3501927385761022,0.3139142906017397,0.009525711463624232,CD,0,negative
S_01,S_01,0,303,snr_p_db,1662,1662,1477,1,1662,0,0,0,0,dB,1.434071963193615,1.538092346199393,1.595591138212667,1.6358444331255901,1.6783841742405792,1.7425363142183912,1.8372876446711048,1.6373394079670243,0.061714598208948396,CD,0,negative
S_01,S_01,0,303,delta_p_db,1662,1662,1477,1,1662,0,0,0,0,dB,1.4340719653498992,1.5380923450600137,1.5955911307405988,1.6358444364550135,1.6783841729170383,1.7425363184024274,1.837287640172657,1.6373394078551722,0.06171459828768131,CD,0,negative
S_01,S_01,0,303,q_noise,1662,1662,1477,1,1662,0,0,0,0,fraction,0.2812257746531999,0.2982375108764485,0.30746730146430234,0.31385600392950164,0.3205447074611976,0.3305073919452951,0.3449556879134451,0.3140235066091377,0.009736775069098503,CD,0,negative
S_01,S_01,0,404,snr_p_db,1662,1662,1477,1,1662,0,0,0,0,dB,1.4499622380845318,1.5379008542386767,1.5983127053327524,1.6393107536902447,1.6816937060936126,1.743750552684763,1.8478578544144857,1.6401861676003466,0.06252875330912544,CD,0,negative
S_01,S_01,0,404,delta_p_db,1662,1662,1477,1,1662,0,0,0,0,dB,1.4499622352751549,1.5379008612889933,1.5983127127635566,1.639310752342296,1.6816937001991765,1.7437505468447023,1.847857856764672,1.64018616752595,0.06252875323121405,CD,0,negative
S_01,S_01,0,404,q_noise,1662,1662,1477,1,1662,0,0,0,0,fraction,0.2838514301667691,0.2982068336362767,0.3079011990509145,0.3144045839241426,0.3210623861382695,0.33069430511804454,0.3465480616815555,0.31447113893370343,0.009866328189767608,CD,0,negative
S_01,S_01,0,505,snr_p_db,1662,1662,1477,1,1662,0,0,0,0,dB,1.4406412157850075,1.5364777319795682,1.5937704264634318,1.6334612263720627,1.6762074494656996,1.7393803620341486,1.8581101077373694,1.6358804679351755,0.06214261913708654,CD,0,negative
S_01,S_01,0,505,delta_p_db,1662,1662,1477,1,1662,0,0,0,0,dB,1.4406412077539008,1.536477732098737,1.5937704224126847,1.6334612192086237,1.676207450881759,1.7393803652004731,1.8581101062815162,1.6358804678830796,0.06214261926553687,CD,0,negative
S_01,S_01,0,505,q_noise,1662,1662,1477,1,1662,0,0,0,0,fraction,0.2823121024288963,0.2979762019555927,0.30717709204347277,0.3134798237687048,0.32020356955138324,0.33002028781017506,0.3480893324389617,0.31379205048958025,0.009810119944331048,CD,0,negative
S_01,S_01,0,8128,snr_p_db,1662,1662,1477,1,1662,0,0,0,0,dB,1.4556046265518316,1.5381124042179988,1.592667626580437,1.6356341386633966,1.6763948799765869,1.735307449879004,1.8841113945172134,1.6355283761609163,0.06058764301562511,CD,0,negative
S_01,S_01,0,8128,delta_p_db,1662,1662,1477,1,1662,0,0,0,0,dB,1.455604628105347,1.5381124061741611,1.5926676292227926,1.6356341441539497,1.6763948830234348,1.7353074530738095,1.8841113963970881,1.6355283763805806,0.06058764305952057,CD,0,negative
S_01,S_01,0,8128,q_noise,1662,1662,1477,1,1662,0,0,0,0,fraction,0.2847844091671715,0.29824083229987597,0.307000991914793,0.3138230385387746,0.32023847106770315,0.329392772446736,0.3519805601247275,0.3137398723281342,0.00956774388579812,CD,0,negative
S_01,S_01,5,101,snr_p_db,1662,1662,1477,1,1662,0,0,0,0,dB,6.39959653242549,6.53849340282965,6.596542731818738,6.635127035892118,6.676750552448995,6.739230477564738,6.829757104950133,6.637207654917349,0.06047081672803664,CD,0,negative
S_01,S_01,5,101,delta_p_db,1662,1662,1477,1,1662,0,0,0,0,dB,1.399596641345051,1.538493528301402,1.5965428484183213,1.6351271416916653,1.6767506639387433,1.7392305941634345,1.8297572189372127,1.6372077669271987,0.06047081626149029,CD,0,negative
S_01,S_01,5,101,q_noise,1662,1662,1477,1,1662,0,0,0,0,fraction,0.27549756474021964,0.29830237064186377,0.3076192156388804,0.3137426407235744,0.3202882604433349,0.3299978760967031,0.34381879114476926,0.31400544203060177,0.009547543646861383,CD,0,negative
S_01,S_01,5,202,snr_p_db,1662,1662,1477,1,1662,0,0,0,0,dB,6.426676667746771,6.539313501088649,6.597808074694257,6.63486655579759,6.678281465232069,6.737022863688621,6.872153421582935,6.63662858843006,0.06032395123540549,CD,0,negative
S_01,S_01,5,202,delta_p_db,1662,1662,1477,1,1662,0,0,0,0,dB,1.4266767791646053,1.5393136080542889,1.5978081837462632,1.6348666640049876,1.6782815758442822,1.7370229718936265,1.8721535285110902,1.6366287005783149,0.060323951087670316,CD,0,negative
S_01,S_01,5,202,q_noise,1662,1662,1477,1,1662,0,0,0,0,fraction,0.2800013960303149,0.2984348776547661,0.30782082023554674,0.31370198649904546,0.3205284515004754,0.3296570495199255,0.3501927393280103,0.3139142906338639,0.009525711478659885,CD,0,negative
S_01,S_01,5,303,snr_p_db,1662,1662,1477,1,1662,0,0,0,0,dB,6.434071856877513,6.538092234345639,6.5955910269361935,6.635844324958317,6.678384070784026,6.742536202735413,6.837287523674424,6.6373392960954245,0.061714598239760256,CD,0,negative
S_01,S_01,5,303,delta_p_db,1662,1662,1477,1,1662,0,0,0,0,dB,1.4340719599679221,1.5380923473033785,1.595591133963686,1.6358444373429595,1.67838417616092,1.7425363156663267,1.8372876360586485,1.6373394078325645,0.0617145981601946,CD,0,negative
S_01,S_01,5,303,q_noise,1662,1662,1477,1,1662,0,0,0,0,fraction,0.28122577376246166,0.29823751123894676,0.30746730197826255,0.31385600406980046,0.32054470796869644,0.33050739152350844,0.34495568729293113,0.31402350660585054,0.00973677504944231,CD,0,negative
S_01,S_01,5,404,snr_p_db,1662,1662,1477,1,1662,0,0,0,0,dB,6.449962108494837,6.537900745813406,6.598312613123841,6.639310645142883,6.6816935977982705,6.74375043643799,6.847857744169586,6.640186055679903,0.06252875339166096,CD,0,negative
S_01,S_01,5,404,delta_p_db,1662,1662,1477,1,1662,0,0,0,0,dB,1.4499622330753825,1.5379008610172804,1.598312717984141,1.6393107535896303,1.6816937041280928,1.7437505441162118,1.847857853819193,1.6401861676392169,0.06252875338028281,CD,0,negative
S_01,S_01,5,404,q_noise,1662,1662,1477,1,1662,0,0,0,0,fraction,0.2838514298040282,0.2982068335923691,0.3079011998828762,0.31440458412102706,0.32106238660324765,0.3306943046975532,0.34654806123837034,0.3144711389512432,0.009866328213195212,CD,0,negative
S_01,S_01,5,505,snr_p_db,1662,1662,1477,1,1662,0,0,0,0,dB,6.440641093820406,6.536477618113942,6.593770308854213,6.633461107802656,6.676207346710008,6.739380254589752,6.858110003168952,6.635880356011573,0.06214261894164952,CD,0,negative
S_01,S_01,5,505,delta_p_db,1662,1662,1477,1,1662,0,0,0,0,dB,1.4406412116591154,1.5364777333373916,1.5937704219145412,1.6334612155722281,1.6762074515515175,1.73938036437826,1.8581101097233454,1.6358804679451766,0.06214261923852563,CD,0,negative
S_01,S_01,5,505,q_noise,1662,1662,1477,1,1662,0,0,0,0,fraction,0.28231210307424764,0.2979762021558182,0.3071770919640032,0.313479823193874,0.32020356965621943,0.3300202876833335,0.34808933295560773,0.31379205049945436,0.009810119939629009,CD,0,negative
S_01,S_01,5,8128,snr_p_db,1662,1662,1477,1,1662,0,0,0,0,dB,6.455604510887766,6.538112291749674,6.592667525069519,6.635634029647516,6.6763947599560645,6.735307336448579,6.884111276797308,6.635528264310726,0.060587642880856954,CD,0,negative
S_01,S_01,5,8128,delta_p_db,1662,1662,1477,1,1662,0,0,0,0,dB,1.455604621406679,1.538112403684729,1.5926676242438313,1.635634142688398,1.676394882083454,1.7353074515782647,1.8841113935708287,1.6355283762977721,0.06058764294236128,CD,0,negative
S_01,S_01,5,8128,q_noise,1662,1662,1477,1,1662,0,0,0,0,fraction,0.28478440806400496,0.2982408318976181,0.307000991343175,0.31382303830722,0.3202384716108006,0.3293927722158094,0.35198055970301567,0.31373987231530626,0.00956774386764473,CD,0,negative
S_01,S_01,10,101,snr_p_db,1662,1662,1477,1,1662,0,0,0,0,dB,11.39959671607029,11.538493560210126,11.596542914278551,11.635127186405613,11.676750720564433,11.739230657388223,11.829757277001917,11.637207825548666,0.06047081609776772,CD,0,negative
S_01,S_01,10,101,delta_p_db,1662,1662,1477,1,1662,0,0,0,0,dB,1.3995966429487072,1.538493514740247,1.596542850800787,1.6351271349185166,1.6767506622379793,1.7392305939067987,1.8297572194460119,1.6372077668446081,0.06047081616035697,CD,0,negative
S_01,S_01,10,101,q_noise,1662,1662,1477,1,1662,0,0,0,0,fraction,0.27549756500774614,0.29830236845075075,0.3076192160187105,0.31374263965330595,0.3202882601771493,0.32999787605711306,0.3438187912216444,0.31400544201777836,0.0095475436310525,CD,0,negative
S_01,S_01,10,202,snr_p_db,1662,1662,1477,1,1662,0,0,0,0,dB,11.426676835685504,11.539313689395046,11.597808252721512,11.634866710449192,11.67828164744622,11.73702303412773,11.872153568365107,11.6366287593574,0.060323950989416744,CD,0,negative
S_01,S_01,10,202,delta_p_db,1662,1662,1477,1,1662,0,0,0,0,dB,1.4266767846533688,1.5393136062857204,1.5978081890954074,1.6348666634219073,1.6782815803243447,1.7370229713269165,1.8721535170843464,1.6366287004656386,0.06032395111442391,CD,0,negative
S_01,S_01,10,202,q_noise,1662,1662,1477,1,1662,0,0,0,0,fraction,0.28000139694027404,0.2984348773690792,0.3078208210880941,0.31370198640690217,0.3205284522013966,0.32965704943245855,0.3501927376182993,0.3139142906160051,0.00952571148307733,CD,0,negative
S_01,S_01,10,303,snr_p_db,1662,1662,1477,1,1662,0,0,0,0,dB,11.434072019002738,11.538092396978627,11.595591184959098,11.635844494056434,11.678384231371911,11.74253637565085,11.83728769086562,11.637339466233378,0.06171459857180064,CD,0,negative
S_01,S_01,10,303,delta_p_db,1662,1662,1477,1,1662,0,0,0,0,dB,1.4340719584588981,1.5380923451782094,1.5955911348537246,1.6358444322773715,1.6783841793143088,1.7425363163334833,1.8372876323089262,1.6373394078504442,0.06171459854844764,CD,0,negative
S_01,S_01,10,303,q_noise,1662,1662,1477,1,1662,0,0,0,0,fraction,0.28122577351271244,0.29823751089554884,0.3074673021201884,0.3138560032694794,0.32054470846205196,0.33050739162635456,0.3449556867273623,0.3140235066078021,0.009736775111169183,CD,0,negative
S_01,S_01,10,404,snr_p_db,1662,1662,1477,1,1662,0,0,0,0,dB,11.449962304253603,11.537900906984762,11.598312755164734,11.63931081942357,11.68169374746875,11.743750611864272,11.847857911459387,11.640186225606726,0.06252875290991379,CD,0,negative
S_01,S_01,10,404,delta_p_db,1662,1662,1477,1,1662,0,0,0,0,dB,1.449962241273863,1.537900862247806,1.5983127102652606,1.6393107551476176,1.6816936955298394,1.7437505550986323,1.8478578592332953,1.6401861675071134,0.06252875308662656,CD,0,negative
S_01,S_01,10,404,q_noise,1662,1662,1477,1,1662,0,0,0,0,fraction,0.28385143115595185,0.2982068337912144,0.3079011986527847,0.31440458436695096,0.3210623857087717,0.33069430639008013,0.3465480620529917,0.31447113893105927,0.009866328166801113,CD,0,negative
S_01,S_01,10,505,snr_p_db,1662,1662,1477,1,1662,0,0,0,0,dB,11.440641286681752,11.536477777252541,11.593770484861205,11.633461270130663,11.676207508006566,11.739380411377388,11.858110175527267,11.635880526312262,0.06214261928846864,CD,0,negative
S_01,S_01,10,505,delta_p_db,1662,1662,1477,1,1662,0,0,0,0,dB,1.4406412162349744,1.5364777306214619,1.5937704237278223,1.6334612123592054,1.6762074495114625,1.7393803608441138,1.8581101191843854,1.6358804678525183,0.062142619450972054,CD,0,negative
S_01,S_01,10,505,q_noise,1662,1662,1477,1,1662,0,0,0,0,fraction,0.28231210383042554,0.2979762017167906,0.30717709225327217,0.31347982268596764,0.32020356933689176,0.3300202871381276,0.3480893343757854,0.31379205048433245,0.009810119973726938,CD,0,negative
S_01,S_01,10,8128,snr_p_db,1662,1662,1477,1,1662,0,0,0,0,dB,11.455604680596128,11.538112458976238,11.592667697005002,11.63563419175322,11.676394942717451,11.735307526433603,11.884111431189798,11.635528434923746,0.06058764331145905,CD,0,negative
S_01,S_01,10,8128,delta_p_db,1662,1662,1477,1,1662,0,0,0,0,dB,1.4556046179420177,1.5381124001641184,1.592667634275936,1.6356341396969838,1.6763948808076425,1.7353074574742413,1.8841113928065003,1.6355283763105475,0.060587643052481925,CD,0,negative
S_01,S_01,10,8128,q_noise,1662,1662,1477,1,1662,0,0,0,0,fraction,0.28478440749342887,0.2982408313287374,0.3070009924924193,0.31382303783458126,0.3202384706678612,0.3293927731262193,0.3519805595889687,0.31373987231708195,0.009567743885133876,CD,0,negative
S_02,S_02,0,101,snr_p_db,1662,1662,1477,1,1662,0,0,0,0,dB,0.9260757256731538,1.0600184690833683,1.1109530952731896,1.144260927660596,1.1810986436499167,1.2286776276689881,1.2963573148359417,1.1453154774935654,0.05132525260785503,CD,0,negative
S_02,S_02,0,101,delta_p_db,1662,1662,1477,1,1662,0,0,0,0,dB,0.9260757158570514,1.0600184651463198,1.1109530926592157,1.1442609201668277,1.181098642762049,1.2286776223831717,1.2963573099442054,1.1453154773807195,0.05132525274657341,CD,0,negative
S_02,S_02,0,101,q_noise,1662,1662,1477,1,1662,0,0,0,0,fraction,0.19203612733180223,0.21657478568705663,0.22570971401688578,0.23162536275770462,0.23811515691949278,0.24641610779052003,0.2580691639714282,0.2317578196090121,0.009079200362286493,CD,0,negative
S_02,S_02,0,202,snr_p_db,1662,1662,1477,1,1662,0,0,0,0,dB,0.9896102549519048,1.0637742077441261,1.109636349427202,1.1434235390542855,1.1792795448691042,1.2273354738014741,1.350140460677269,1.1447254681372776,0.050772122948387705,CD,0,negative
S_02,S_02,0,202,delta_p_db,1662,1662,1477,1,1662,0,0,0,0,dB,0.9896102517532595,1.0637741954006852,1.1096363422568254,1.1434235371420827,1.179279541809226,1.2273354830422403,1.3501404616254933,1.1447254681352568,0.05077212304884272,CD,0,negative
S_02,S_02,0,202,q_noise,1662,1662,1477,1,1662,0,0,0,0,fraction,0.2037704135751203,0.2172516091001461,0.22547476549870604,0.23147623991571709,0.23779550422805867,0.24618411643311935,0.26719931546833414,0.23165461315520755,0.008977361200424215,CD,0,negative
S_02,S_02,0,303,snr_p_db,1662,1662,1477,1,1662,0,0,0,0,dB,0.9924023035433884,1.0602815162140475,1.1069365426507645,1.1421121353681518,1.1787503647365003,1.2329150537960298,1.3208125732865714,1.1439657978909972,0.05245036267924213,CD,0,negative
S_02,S_02,0,303,delta_p_db,1662,1662,1477,1,1662,0,0,0,0,dB,0.9924023015876465,1.0602815214294004,1.1069365413054872,1.1421121331705,1.1787503687944538,1.2329150568219545,1.3208125606298513,1.1439657977102198,0.052450362625968396,CD,0,negative
S_02,S_02,0,303,q_noise,1662,1662,1477,1,1662,0,0,0,0,fraction,0.20428133855177516,0.21662241630940895,0.22499255053717304,0.23124465927445803,0.23770217501581686,0.24715102159499575,0.2622347627449602,0.23151669541647316,0.009271052656269716,CD,0,negative
S_02,S_02,0,404,snr_p_db,1662,1662,1477,1,1662,0,0,0,0,dB,0.9653666625566957,1.0619931328897265,1.1112768275410068,1.1460076672903297,1.1820558440589615,1.2332932609695784,1.3473350728504072,1.1473225411003893,0.052801374667411645,CD,0,negative
S_02,S_02,0,404,delta_p_db,1662,1662,1477,1,1662,0,0,0,0,dB,0.9653666630459197,1.061993130280127,1.1112768274783935,1.1460076733497333,1.1820558439001734,1.233293260368163,1.347335072789875,1.1473225411124388,0.05280137472054497,CD,0,negative
S_02,S_02,0,404,q_noise,1662,1662,1477,1,1662,0,0,0,0,fraction,0.19931316804487223,0.21693055155387633,0.22576758688968407,0.23193334915265962,0.2382831774507107,0.2472163207745527,0.26672646093917685,0.23210967537802532,0.009329572808136944,CD,0,negative
S_02,S_02,0,505,snr_p_db,1662,1662,1477,1,1662,0,0,0,0,dB,0.9552463859460556,1.0597351529151917,1.1081779040082687,1.1417924641033799,1.1791909113816084,1.2331672803775264,1.3301566768133726,1.1438356794217268,0.05316145007946522,CD,0,negative
S_02,S_02,0,505,delta_p_db,1662,1662,1477,1,1662,0,0,0,0,dB,0.9552463777974172,1.059735153776836,1.1081779066197377,1.1417924599694307,1.1791909076901352,1.233167281362808,1.3301566779558882,1.143835679281178,0.05316145001819505,CD,0,negative
S_02,S_02,0,505,q_noise,1662,1662,1477,1,1662,0,0,0,0,fraction,0.19744665171309755,0.21652317802105533,0.22521435765873896,0.2311875107906993,0.23778031916389497,0.2471946339013406,0.26382047248396573,0.23149213025828663,0.009400112618993619,CD,0,negative
S_02,S_02,0,8128,snr_p_db,1662,1662,1477,1,1662,0,0,0,0,dB,0.9349997975791168,1.0569597799412378,1.1078191702483002,1.1419398234350042,1.1790776213189167,1.2305167739893503,1.3220735612122203,1.1431665443420471,0.0525131262529758,CD,0,negative
S_02,S_02,0,8128,delta_p_db,1662,1662,1477,1,1662,0,0,0,0,dB,0.9349997987743462,1.0569597856677992,1.1078191657502185,1.1419398293198988,1.1790776163495174,1.2305167779274941,1.322073564463695,1.1431665443762042,0.052513126320333545,CD,0,negative
S_02,S_02,0,8128,q_noise,1662,1662,1477,1,1662,0,0,0,0,fraction,0.19369852194636314,0.21602277007073242,0.2251503911878298,0.2312138147714401,0.2377598980787584,0.2467347507230453,0.2624489635459034,0.23137508930256642,0.009291599811893302,CD,0,negative
S_02,S_02,5,101,snr_p_db,1662,1662,1477,1,1662,0,0,0,0,dB,5.926075600651135,6.060018353643733,6.1109529847531485,6.144260821509267,6.1810985228838256,6.228677514534733,6.296357215772189,6.14531536546135,0.05132525303872507,CD,0,negative
S_02,S_02,5,101,delta_p_db,1662,1662,1477,1,1662,0,0,0,0,dB,0.9260757126524782,1.0600184688676149,1.1109530930098865,1.1442609215149595,1.1810986372100067,1.2286776202831151,1.2963573153863681,1.1453154773996157,0.051325252738738995,CD,0,negative
S_02,S_02,5,101,q_noise,1662,1662,1477,1,1662,0,0,0,0,fraction,0.1920361267356217,0.21657478635834343,0.22570971407940632,0.23162536299621683,0.23811515594549565,0.24641610742612355,0.2580691649011448,0.23175781961237119,0.009079200360851681,CD,0,negative
S_02,S_02,5,202,snr_p_db,1662,1662,1477,1,1662,0,0,0,0,dB,5.989610123284295,6.063774084671548,6.10963623978642,6.143423432586671,6.17927943654391,6.227335371102471,6.350140349084863,6.144725356017232,0.050772122983202654,CD,0,negative
S_02,S_02,5,202,delta_p_db,1662,1662,1477,1,1662,0,0,0,0,dB,0.9896102489555741,1.063774199972359,1.1096363455459868,1.1434235372478296,1.1792795405221739,1.2273354817310564,1.3501404607682541,1.1447254681084058,0.05077212296674954,CD,0,negative
S_02,S_02,5,202,q_noise,1662,1662,1477,1,1662,0,0,0,0,fraction,0.2037704130621966,0.21725160992412038,0.22547476608529363,0.231476239934431,0.23779550400217486,0.24618411620553396,0.2671993153236891,0.23165461315062832,0.008977361185551676,CD,0,negative
S_02,S_02,5,303,snr_p_db,1662,1662,1477,1,1662,0,0,0,0,dB,5.992402186870694,6.060281401033296,6.10693642469607,6.142112016964733,6.1787502610041205,6.232914940418341,6.320812463815696,6.143965686081005,0.05245036297286546,CD,0,negative
S_02,S_02,5,303,delta_p_db,1662,1662,1477,1,1662,0,0,0,0,dB,0.9924022965106603,1.0602815212553958,1.1069365397110686,1.142112130493228,1.1787503653387514,1.232915054343114,1.3208125614447823,1.1439657976435413,0.052450362751426775,CD,0,negative
S_02,S_02,5,303,q_noise,1662,1662,1477,1,1662,0,0,0,0,fraction,0.20428133762156472,0.21662241627802115,0.22499255025264847,0.23124465880054712,0.23770217440925623,0.24715102116529009,0.262234762883398,0.23151669540440906,0.009271052677995896,CD,0,negative
S_02,S_02,5,404,snr_p_db,1662,1662,1477,1,1662,0,0,0,0,dB,5.965366541296183,6.061993024723341,6.111276718282522,6.146007562406804,6.182055730216388,6.233293150002928,6.347334964109007,6.147322429068249,0.05280137435066888,CD,0,negative
S_02,S_02,5,404,delta_p_db,1662,1662,1477,1,1662,0,0,0,0,dB,0.9653666613938306,1.061993132775424,1.1112768254413603,1.1460076717439487,1.1820558459063286,1.2332932597592055,1.3473350744381336,1.14732254106636,0.05280137468733646,CD,0,negative
S_02,S_02,5,404,q_noise,1662,1662,1477,1,1662,0,0,0,0,fraction,0.19931316774028487,0.21693055200380057,0.2257675865265364,0.2319333488686703,0.23828317780257607,0.24721632066899907,0.26672646121747284,0.2321096753699517,0.00932957280176289,CD,0,negative
S_02,S_02,5,505,snr_p_db,1662,1662,1477,1,1662,0,0,0,0,dB,5.955246273075861,6.059735045494371,6.108177788563273,6.141792342341854,6.179190793031284,6.233167160299801,6.330156565250013,6.14383556734028,0.0531614496226748,CD,0,negative
S_02,S_02,5,505,delta_p_db,1662,1662,1477,1,1662,0,0,0,0,dB,0.955246379830721,1.059735155781016,1.1081779095686235,1.1417924571158307,1.1791909071716817,1.2331672816059365,1.3301566783857726,1.1438356792528435,0.05316144990135205,CD,0,negative
S_02,S_02,5,505,q_noise,1662,1662,1477,1,1662,0,0,0,0,fraction,0.19744665208884132,0.2165231783826139,0.22521435818482316,0.23118751028553797,0.23778031907290348,0.2471946339434831,0.2638204725568361,0.23149213025352602,0.009400112598263078,CD,0,negative
S_02,S_02,5,8128,snr_p_db,1662,1662,1477,1,1662,0,0,0,0,dB,5.934999683158983,6.056959674605834,6.107819055643507,6.141939715407406,6.17907749789879,6.230516663039462,6.322073444246957,6.143166432343199,0.05251312639430724,CD,0,negative
S_02,S_02,5,8128,delta_p_db,1662,1662,1477,1,1662,0,0,0,0,dB,0.9349997971787101,1.0569597848312737,1.1078191646129865,1.1419398309149562,1.1790776112112096,1.2305167779469588,1.322073568276342,1.1431665443721364,0.05251312639576531,CD,0,negative
S_02,S_02,5,8128,q_noise,1662,1662,1477,1,1662,0,0,0,0,fraction,0.19369852165012097,0.21602276991971595,0.2251503909849319,0.2312138150537662,0.23775989667398545,0.24673475072642206,0.2624489641933954,0.23137508930168674,0.009291599824875745,CD,0,negative
S_02,S_02,10,101,snr_p_db,1662,1662,1477,1,1662,0,0,0,0,dB,10.926075789049367,11.06001851865233,11.110953148556167,11.144260981829918,11.181098696319241,11.22867768797696,11.296357379269786,11.145315535664118,0.05132525253548639,CD,0,negative
S_02,S_02,10,101,delta_p_db,1662,1662,1477,1,1662,0,0,0,0,dB,0.9260757161753365,1.0600184589852348,1.1109530925101656,1.1442609132171553,1.181098637056444,1.228677619030629,1.296357308700867,1.1453154772438467,0.051325252521888624,CD,0,negative
S_02,S_02,10,101,q_noise,1662,1662,1477,1,1662,0,0,0,0,fraction,0.1920361273910162,0.21657478457565482,0.2257097139903142,0.23162536152813762,0.23811515591855636,0.24641610720879492,0.25806916375902134,0.23175781958526925,0.009079200322885794,CD,0,negative
S_02,S_02,10,202,snr_p_db,1662,1662,1477,1,1662,0,0,0,0,dB,10.989610324706325,11.063774245882566,11.109636387636362,11.143423593392974,11.179279603950393,11.227335542662988,11.350140503911996,11.14472552689024,0.05077212270920682,CD,0,negative
S_02,S_02,10,202,delta_p_db,1662,1662,1477,1,1662,0,0,0,0,dB,0.9896102515966909,1.0637741916057233,1.109636337316568,1.1434235346752613,1.1792795431580487,1.2273354799064478,1.3501404602749403,1.1447254682245132,0.05077212287501136,CD,0,negative
S_02,S_02,10,202,q_noise,1662,1662,1477,1,1662,0,0,0,0,fraction,0.20377041354641526,0.21725160841616256,0.2254747646176502,0.23147623947918922,0.2377955044647832,0.246184115888832,0.2671993152404505,0.23165461317135744,0.008977361169599202,CD,0,negative
S_02,S_02,10,303,snr_p_db,1662,1662,1477,1,1662,0,0,0,0,dB,10.992402347729096,11.060281583349392,11.106936593842548,11.142112196746154,11.178750426868849,11.232915129913966,11.320812629302717,11.143965856286988,0.05245036269361146,CD,0,negative
S_02,S_02,10,303,delta_p_db,1662,1662,1477,1,1662,0,0,0,0,dB,0.9924022985733271,1.0602815231784863,1.1069365398529134,1.1421121336041153,1.1787503679294868,1.2329150627646075,1.3208125683876923,1.1439657975841815,0.05245036281504019,CD,0,negative
S_02,S_02,10,303,q_noise,1662,1662,1477,1,1662,0,0,0,0,fraction,0.20428133799948867,0.2166224166249062,0.22499255027795367,0.23124465935121358,0.2377021748640015,0.24715102262515126,0.26223476406283674,0.23151669539376693,0.009271052690007936,CD,0,negative
S_02,S_02,10,404,snr_p_db,1662,1662,1477,1,1662,0,0,0,0,dB,10.965366732923446,11.061993191813412,11.111276893627979,11.14600773570476,11.182055891964938,11.233293318670043,11.347335142786063,11.147322599058471,0.052801374521710895,CD,0,negative
S_02,S_02,10,404,delta_p_db,1662,1662,1477,1,1662,0,0,0,0,dB,0.9653666620742856,1.0619931335645725,1.1112768313943509,1.146007677359466,1.182055841141606,1.2332932575290854,1.3473350741960874,1.1473225409990224,0.05280137464999834,CD,0,negative
S_02,S_02,10,404,q_noise,1662,1662,1477,1,1662,0,0,0,0,fraction,0.19931316786573697,0.21693055214609436,0.2257675875877985,0.23193334986179898,0.2382831769668837,0.2472163202824415,0.2667264611766051,0.23210967535812513,0.009329572795460027,CD,0,negative
S_02,S_02,10,505,snr_p_db,1662,1662,1477,1,1662,0,0,0,0,dB,10.955246446019235,11.059735212083726,11.108177969778861,11.14179252478992,11.17919096140091,11.233167342413491,11.330156729944692,11.143835737906633,0.0531614498232943,CD,0,negative
S_02,S_02,10,505,delta_p_db,1662,1662,1477,1,1662,0,0,0,0,dB,0.9552463850192263,1.059735156086779,1.10817790633281,1.1417924624536113,1.179190905412816,1.2331672807021643,1.330156677606179,1.143835679336018,0.05316144989874017,CD,0,negative
S_02,S_02,10,505,q_noise,1662,1662,1477,1,1662,0,0,0,0,fraction,0.19744665304764977,0.21652317843777405,0.225214357607552,0.2311875112304635,0.2377803187642096,0.24719463378682485,0.26382047242468587,0.23149213026825177,0.00940011259715834,CD,0,negative
S_02,S_02,10,8128,snr_p_db,1662,1662,1477,1,1662,0,0,0,0,dB,10.934999866352433,11.056959848920211,11.107819221052,11.141939898921319,11.179077665109432,11.230516842189488,11.322073641310466,11.14316660272948,0.05251312630107388,CD,0,negative
S_02,S_02,10,8128,delta_p_db,1662,1662,1477,1,1662,0,0,0,0,dB,0.934999800595333,1.0569597899043437,1.1078191639364943,1.1419398329600794,1.1790776161545446,1.2305167765165803,1.3220735703462025,1.1431665442866403,0.05251312625408986,CD,0,negative
S_02,S_02,10,8128,q_noise,1662,1662,1477,1,1662,0,0,0,0,fraction,0.1936985222844436,0.2160227708355022,0.22515039086423516,0.2312138154158128,0.2377598977269242,0.2467347504783297,0.2624489645449144,0.2313750892868552,0.009291599800776564,CD,0,negative
S_03,S_03,0,101,snr_p_db,1662,1662,1477,1,1662,0,0,0,0,dB,3.1990175637597607,3.358833902079586,3.4601462353779917,3.527665607924639,3.59455301857127,3.688170502116135,3.8903980039012436,3.527342397252183,0.09801113311833964,CD,0,negative
S_03,S_03,0,101,delta_p_db,1662,1662,1477,1,1662,0,0,0,0,dB,3.199017563232837,3.358833907080888,3.4601462316734537,3.5276656053690267,3.594553027704524,3.688170488713139,3.890398001174704,3.5273423971812754,0.09801113307398988,CD,0,negative
S_03,S_03,0,101,q_noise,1662,1662,1477,1,1662,0,0,0,0,fraction,0.5212621369525144,0.5385589430343815,0.5491990777126838,0.5561534008573692,0.5629369722419502,0.572257453902742,0.5917185571122506,0.5560074602059641,0.010020845936292629,CD,0,negative
S_03,S_03,0,202,snr_p_db,1662,1662,1477,1,1662,0,0,0,0,dB,3.223201372181675,3.3653699347030575,3.4582234563627523,3.526107298783425,3.589670650018394,3.6881850449694715,3.853092201281676,3.5248710511112793,0.0984679392954649,CD,0,negative
S_03,S_03,0,202,delta_p_db,1662,1662,1477,1,1662,0,0,0,0,dB,3.2232013703780127,3.3653699321152923,3.458223454069438,3.526107304674666,3.589670651677533,3.6881850485921435,3.85309220365626,3.5248710510562575,0.0984679393536263,CD,0,negative
S_03,S_03,0,202,q_noise,1662,1662,1477,1,1662,0,0,0,0,fraction,0.5239206316720714,0.5392537468825732,0.5489991508456784,0.5559939546677584,0.5624449069756553,0.5722586581288526,0.5881958931089457,0.5557537367084767,0.010065612649678616,CD,0,negative
S_03,S_03,0,303,snr_p_db,1662,1662,1477,1,1662,0,0,0,0,dB,3.1896000602152337,3.356715609224856,3.4527623475399953,3.520070337524162,3.590352168577877,3.6971635163335055,3.8577440111740273,3.5227429825196865,0.10235012509281546,CD,0,negative
S_03,S_03,0,303,delta_p_db,1662,1662,1477,1,1662,0,0,0,0,dB,3.1896000567885636,3.356715604126899,3.4527623517708057,3.520070337190515,3.590352167324606,3.697163514699365,3.85774400697378,3.5227429823735106,0.10235012522770953,CD,0,negative
S_03,S_03,0,303,q_noise,1662,1662,1477,1,1662,0,0,0,0,fraction,0.5202230051646839,0.538333916812451,0.5484320346878493,0.5553766558627775,0.5625137030742853,0.5731423393709404,0.5886370056855699,0.5555268235033702,0.010468079718586239,CD,0,negative
S_03,S_03,0,404,snr_p_db,1662,1662,1477,1,1662,0,0,0,0,dB,3.216035377913664,3.3625981211507803,3.4574942424292043,3.524993236715779,3.595333538145995,3.6931515025636346,3.862500363422956,3.526720529667687,0.10045392274116907,CD,0,negative
S_03,S_03,0,404,delta_p_db,1662,1662,1477,1,1662,0,0,0,0,dB,3.2160353818419396,3.362598112555457,3.4574942445852517,3.524993237492491,3.5953335380515723,3.6931514950370574,3.8625003534834654,3.526720529685748,0.10045392263901622,CD,0,negative
S_03,S_03,0,404,q_noise,1662,1662,1477,1,1662,0,0,0,0,fraction,0.5231341968996266,0.5389595379618728,0.5489233266391401,0.5558802650138455,0.5630154944658663,0.572747531811228,0.58908743204286,0.5559382610793583,0.010261446981235047,CD,0,negative
S_03,S_03,0,505,snr_p_db,1662,1662,1477,1,1662,0,0,0,0,dB,3.217608453278608,3.3563484763401568,3.4564977338971756,3.5229750717802073,3.5927953920086946,3.69870284126109,3.8155753756756745,3.5254107843175304,0.1019747049781522,CD,0,negative
S_03,S_03,0,505,delta_p_db,1662,1662,1477,1,1662,0,0,0,0,dB,3.217608454690552,3.3563484794421785,3.4564977346666903,3.5229750709567296,3.592795394179639,3.698702843410783,3.815575379369354,3.525410784325042,0.10197470514982142,CD,0,negative
S_03,S_03,0,505,q_noise,1662,1662,1477,1,1662,0,0,0,0,fraction,0.523306921072865,0.5382946808406589,0.5488201376338143,0.5556736264461235,0.5627613970545243,0.5732937431818765,0.5846235554016207,0.5558006762217969,0.010422884293932445,CD,0,negative
S_03,S_03,0,8128,snr_p_db,1662,1662,1477,1,1662,0,0,0,0,dB,3.221067081473323,3.3686059047648453,3.4541981586947506,3.525674417822742,3.589055282399725,3.6863492432511573,3.895006817433954,3.5243705686807068,0.09726664797412939,CD,0,negative
S_03,S_03,0,8128,delta_p_db,1662,1662,1477,1,1662,0,0,0,0,dB,3.2210670813163627,3.3686059057102873,3.4541981596200264,3.5256744210896174,3.589055285152367,3.6863492372918145,3.8950068217482334,3.524370568793825,0.09726664795200918,CD,0,negative
S_03,S_03,0,8128,q_noise,1662,1662,1477,1,1662,0,0,0,0,fraction,0.5236868071327957,0.5395967246602251,0.5485811257840545,0.5559498358524699,0.5623831239441848,0.572077813872685,0.5921514621116537,0.5557053201258658,0.009941779659492564,CD,0,negative
S_03,S_03,5,101,snr_p_db,1662,1662,1477,1,1662,0,0,0,0,dB,8.199017425027291,8.358833804136863,8.460146123952168,8.52766549181326,8.594552897556472,8.688170363397308,8.890397902106816,8.527342285368151,0.09801113319084538,CD,0,negative
S_03,S_03,5,101,delta_p_db,1662,1662,1477,1,1662,0,0,0,0,dB,3.199017546245556,3.3588339122199713,3.4601462291865235,3.527665612437241,3.594553010330914,3.6881704781840994,3.8903980134005716,3.5273423972391442,0.09801113300270482,CD,0,negative
S_03,S_03,5,101,q_noise,1662,1662,1477,1,1662,0,0,0,0,fraction,0.5212621350799476,0.5385589435804005,0.5491990774545265,0.5561534015797325,0.5629369704935189,0.5722574528657343,0.5917185582616078,0.5560074602120463,0.01002084592865957,CD,0,negative
S_03,S_03,5,202,snr_p_db,1662,1662,1477,1,1662,0,0,0,0,dB,8.223201248723372,8.365369829826427,8.458223339794955,8.526107195472179,8.58967052876716,8.688184926716593,8.85309208709027,8.52487093889769,0.0984679392942545,CD,0,negative
S_03,S_03,5,202,delta_p_db,1662,1662,1477,1,1662,0,0,0,0,dB,3.2232013654058833,3.3653699397678456,3.458223452295403,3.5261073031927768,3.5896706426066656,3.6881850356869608,3.8530922001492507,3.5248710510222665,0.09846793913171645,CD,0,negative
S_03,S_03,5,202,q_noise,1662,1662,1477,1,1662,0,0,0,0,fraction,0.52392063112702,0.5392537476944401,0.5489991506614527,0.5559939545162673,0.5624449060617607,0.5722586568578073,0.5881958927764062,0.5557537367055099,0.01006561262759215,CD,0,negative
S_03,S_03,5,303,snr_p_db,1662,1662,1477,1,1662,0,0,0,0,dB,8.189599939827119,8.35671547553987,8.452762236385048,8.520070204153338,8.590352043870736,8.697163399245303,8.857743906596813,8.522742870414023,0.1023501251490969,CD,0,negative
S_03,S_03,5,303,delta_p_db,1662,1662,1477,1,1662,0,0,0,0,dB,3.189600048490969,3.3567155901973567,3.452762359751189,3.5200703236678663,3.590352158622049,3.6971635127625904,3.8577440037250987,3.522742982193575,0.10235012515013628,CD,0,negative
S_03,S_03,5,303,q_noise,1662,1662,1477,1,1662,0,0,0,0,fraction,0.5202230042480259,0.5383339153317082,0.5484320355176293,0.555376654478349,0.5625137021976416,0.5731423391805713,0.5886370053778553,0.5555268234851353,0.01046807971190643,CD,0,negative
S_03,S_03,5,404,snr_p_db,1662,1662,1477,1,1662,0,0,0,0,dB,8.216035264907372,8.362597998331848,8.457494123446939,8.524993119345073,8.595333450886379,8.693151401476577,8.862500259967806,8.526720418062448,0.10045392266867553,CD,0,negative
S_03,S_03,5,404,delta_p_db,1662,1662,1477,1,1662,0,0,0,0,dB,3.2160353838373905,3.3625981100191256,3.4574942311259154,3.524993232484211,3.5953335545239846,3.6931515089730844,3.862500369551899,3.526720529904928,0.1004539225418594,CD,0,negative
S_03,S_03,5,404,q_noise,1662,1662,1477,1,1662,0,0,0,0,fraction,0.5231341971187319,0.5389595376926158,0.5489233252411944,0.5558802645016768,0.5630154961233107,0.5727475331822208,0.5890874335631927,0.5559382611019956,0.010261446971205561,CD,0,negative
S_03,S_03,5,505,snr_p_db,1662,1662,1477,1,1662,0,0,0,0,dB,8.21760835773399,8.356348381152648,8.456497615356296,8.522974951215492,8.592795274530847,8.698702726651064,8.815575266055362,8.52541067254102,0.10197470478110618,CD,0,negative
S_03,S_03,5,505,delta_p_db,1662,1662,1477,1,1662,0,0,0,0,dB,3.2176084638200364,3.3563484869457314,3.4564977364959573,3.52297506278984,3.5927953909729706,3.6987028407782074,3.81557538647845,3.525410784457859,0.1019747050389504,CD,0,negative
S_03,S_03,5,505,q_noise,1662,1662,1477,1,1662,0,0,0,0,fraction,0.5233069220749413,0.5382946816383738,0.5488201378238601,0.555673625610569,0.5627613967316847,0.5732937429232169,0.5846235560815628,0.5558006762356513,0.010422884281773322,CD,0,negative
S_03,S_03,5,8128,snr_p_db,1662,1662,1477,1,1662,0,0,0,0,dB,8.2210669753813,8.368605780337715,8.454198061298126,8.525674306373185,8.589055169075445,8.686349133659702,8.895006701325363,8.524370456742862,0.09726664787239893,CD,0,negative
S_03,S_03,5,8128,delta_p_db,1662,1662,1477,1,1662,0,0,0,0,dB,3.2210670896592792,3.368605899923766,3.4541981603016803,3.525674425961748,3.589055285757398,3.6863492361329278,3.895006823479665,3.5243705686968942,0.09726664790046063,CD,0,negative
S_03,S_03,5,8128,q_noise,1662,1662,1477,1,1662,0,0,0,0,fraction,0.5236868080478064,0.5395967240467848,0.5485811258548815,0.5559498363506659,0.5623831240051415,0.5720778137584959,0.5921514622742534,0.555705320116066,0.009941779654619353,CD,0,negative
S_03,S_03,10,101,snr_p_db,1662,1662,1477,1,1662,0,0,0,0,dB,13.199017604169141,13.358833972472215,13.460146307263326,13.527665678079137,13.59455307670224,13.68817055467611,13.890398057854874,13.527342456007828,0.09801113270937253,CD,0,negative
S_03,S_03,10,101,delta_p_db,1662,1662,1477,1,1662,0,0,0,0,dB,3.1990175495849287,3.3588339106937437,3.4601462455174365,3.5276656199041447,3.5945530152576883,3.688170475716975,3.890397998107696,3.527342397426787,0.09801113259485685,CD,0,negative
S_03,S_03,10,101,q_noise,1662,1662,1477,1,1662,0,0,0,0,fraction,0.5212621354480582,0.5385589434182739,0.5491990791497025,0.5561534023428456,0.5629369709893242,0.572257452622739,0.5917185568239203,0.5560074602321651,0.010020845887139411,CD,0,negative
S_03,S_03,10,202,snr_p_db,1662,1662,1477,1,1662,0,0,0,0,dB,13.223201431663954,13.365369977096899,13.458223515747893,13.52610738403381,13.589670718367621,13.688185074595104,13.853092234987942,13.52487110971093,0.09846793913408083,CD,0,negative
S_03,S_03,10,202,delta_p_db,1662,1662,1477,1,1662,0,0,0,0,dB,3.2232013734855274,3.365369927628071,3.458223464312944,3.5261073159713234,3.589670652997944,3.6881850210789464,3.853092182722448,3.5248710510428465,0.09846793921530841,CD,0,negative
S_03,S_03,10,202,q_noise,1662,1662,1477,1,1662,0,0,0,0,fraction,0.5239206320127213,0.5392537464065219,0.5489991519094456,0.5559939558226761,0.5624449071086882,0.5722586554190531,0.5881958911239723,0.5557537367074189,0.010065612636363191,CD,0,negative
S_03,S_03,10,303,snr_p_db,1662,1662,1477,1,1662,0,0,0,0,dB,13.189600109479082,13.356715667586952,13.452762414413893,13.520070394277584,13.59035221588448,13.697163592887541,13.857744054492384,13.522743040411187,0.10235012566771079,CD,0,negative
S_03,S_03,10,303,delta_p_db,1662,1662,1477,1,1662,0,0,0,0,dB,3.1896000471329744,3.3567156008147085,3.4527623549644515,3.5200703371056044,3.5903521571432755,3.697163523436464,3.857743999773356,3.5227429819175873,0.10235012566981881,CD,0,negative
S_03,S_03,10,303,q_noise,1662,1662,1477,1,1662,0,0,0,0,fraction,0.5202230040980045,0.5383339164603511,0.5484320350199162,0.5553766558540811,0.562513702048686,0.5731423402296768,0.588637005003547,0.5555268234556449,0.010468079764886482,CD,0,negative
S_03,S_03,10,404,snr_p_db,1662,1662,1477,1,1662,0,0,0,0,dB,13.216035429689743,13.362598186709633,13.45749429638999,13.524993280582308,13.595333589483394,13.69315157328362,13.862500414646323,13.52672058815783,0.10045392210170684,CD,0,negative
S_03,S_03,10,404,delta_p_db,1662,1662,1477,1,1662,0,0,0,0,dB,3.2160353794927876,3.3625981185213503,3.457494243883003,3.52499322380661,3.595333537425965,3.6931515110487747,3.862500359547382,3.526720529996696,0.10045392244482801,CD,0,negative
S_03,S_03,10,404,q_noise,1662,1662,1477,1,1662,0,0,0,0,fraction,0.5231341966416839,0.5389595385952022,0.5489233265662034,0.555880263614288,0.5630154944029218,0.5727475333864166,0.5890874326166041,0.5559382611116058,0.010261446961313581,CD,0,negative
S_03,S_03,10,505,snr_p_db,1662,1662,1477,1,1662,0,0,0,0,dB,13.217608508955996,13.356348557564036,13.456497792538935,13.52297513869336,13.592795474500146,13.698702909067714,13.81557545580365,13.52541084303758,0.10197470536709798,CD,0,negative
S_03,S_03,10,505,delta_p_db,1662,1662,1477,1,1662,0,0,0,0,dB,3.2176084559346796,3.356348482410786,3.456497733696994,3.522975069506847,3.592795401906915,3.698702855141668,3.8155753883335985,3.5254107844603033,0.10197470513763042,CD,0,negative
S_03,S_03,10,505,q_noise,1662,1662,1477,1,1662,0,0,0,0,fraction,0.5233069212094238,0.5382946811562545,0.5488201375330751,0.5556736262977802,0.5627613978324858,0.5732937443344582,0.5846235562589965,0.5558006762356751,0.010422884290512465,CD,0,negative
S_03,S_03,10,8128,snr_p_db,1662,1662,1477,1,1662,0,0,0,0,dB,13.221067133197767,13.368605963008235,13.45419820655366,13.525674472755211,13.58905533185429,13.686349297479813,13.89500688423038,13.524370627059273,0.09726664789643379,CD,0,negative
S_03,S_03,10,8128,delta_p_db,1662,1662,1477,1,1662,0,0,0,0,dB,3.221067075041883,3.3686059093988607,3.4541981539539206,3.5256744141440075,3.5890552853432953,3.6863492407875906,3.8950068167970713,3.5243705686557245,0.09726664803358176,CD,0,negative
S_03,S_03,10,8128,q_noise,1662,1662,1477,1,1662,0,0,0,0,fraction,0.523686806444641,0.5395967250512583,0.5485811251951151,0.5559498351422933,0.5623831239634212,0.5720778142171299,0.5921514616466871,0.5557053201115397,0.009941779669662839,CD,0,negative
S_04,S_04,0,101,snr_p_db,1662,1662,1477,1,1662,0,0,0,0,dB,2.748571935172395,2.8705926649714493,2.9515800163492543,3.0045631186279724,3.0603645909994364,3.137087828221496,3.278500487380443,3.0054882392587596,0.0791299123864903,CD,0,negative
S_04,S_04,0,101,delta_p_db,1662,1662,1477,1,1662,0,0,0,0,dB,2.7485719271049613,2.87059267132991,2.951580013949999,3.0045631153353085,3.060364596639481,3.1370878236225823,3.278500475639442,3.005488239202351,0.07912991221252383,CD,0,negative
S_04,S_04,0,101,q_noise,1662,1662,1477,1,1662,0,0,0,0,fraction,0.4689415292790411,0.4836549482959672,0.4931945467194926,0.499339652837012,0.505731448842015,0.5143868996419301,0.5299442241581663,0.49936337491816046,0.009124374392464687,CD,0,negative
S_04,S_04,0,202,snr_p_db,1662,1662,1477,1,1662,0,0,0,0,dB,2.7646492616198843,2.874694348313463,2.9513837954633217,3.00135731357321,3.0563313878566944,3.1374770068585476,3.275631620818003,3.0035137535684813,0.07944643224626859,CD,0,negative
S_04,S_04,0,202,delta_p_db,1662,1662,1477,1,1662,0,0,0,0,dB,2.764649257193722,2.874694345963602,2.9513837980021087,3.001357311386809,3.056331391792547,3.1374770079355847,3.275631620209858,3.003513753467075,0.07944643219167313,CD,0,negative
S_04,S_04,0,202,q_noise,1662,1662,1477,1,1662,0,0,0,0,fraction,0.47090408733857614,0.48414210554600384,0.49317120678098136,0.4989696203812617,0.5052727324282464,0.5144301894318565,0.5296331224701057,0.49913510294243935,0.00915583692434477,CD,0,negative
S_04,S_04,0,303,snr_p_db,1662,1662,1477,1,1662,0,0,0,0,dB,2.741372617065119,2.868822339185354,2.9461344201456487,3.002226224607356,3.057999282386083,3.1385373416450864,3.2735430027346686,3.0018546120723233,0.0820823734642658,CD,0,negative
S_04,S_04,0,303,delta_p_db,1662,1662,1477,1,1662,0,0,0,0,dB,2.7413726190850882,2.868822340065308,2.9461344203930113,3.002226221097429,3.057999283693403,3.1385373476477922,3.2735429999951053,3.001854611938908,0.08208237339298749,CD,0,negative
S_04,S_04,0,303,q_noise,1662,1662,1477,1,1662,0,0,0,0,fraction,0.4680605944650282,0.48344429585107246,0.4925586896843516,0.49907000617636893,0.5054622177746821,0.5145484596208244,0.5294076308691695,0.498938047804232,0.009467087588662737,CD,0,negative
S_04,S_04,0,404,snr_p_db,1662,1662,1477,1,1662,0,0,0,0,dB,2.7512968191150176,2.873757282923509,2.9483066606794672,3.0030247796103042,3.058123918433385,3.138505120299019,3.2832129261469527,3.0044602950569073,0.08050857410457089,CD,0,negative
S_04,S_04,0,404,delta_p_db,1662,1662,1477,1,1662,0,0,0,0,dB,2.751296824374274,2.8737572823958555,2.948306657176231,3.003024772729571,3.0581239140347467,3.138505124000759,3.2832129222823174,3.00446029514029,0.08050857404172382,CD,0,negative
S_04,S_04,0,404,q_noise,1662,1662,1477,1,1662,0,0,0,0,fraction,0.4692744017530599,0.4840306468946104,0.49281217156151114,0.4991619156425883,0.505476594335926,0.514545121526113,0.5304539756872768,0.499242005629918,0.009275704484006943,CD,0,negative
S_04,S_04,0,505,snr_p_db,1662,1662,1477,1,1662,0,0,0,0,dB,2.7481735624535557,2.869216850119443,2.9489974109004393,3.0013493218325937,3.0592448284845664,3.1415021202575937,3.244151835268274,3.004163565651656,0.08152824427967356,CD,0,negative
S_04,S_04,0,505,delta_p_db,1662,1662,1477,1,1662,0,0,0,0,dB,2.7481735683256163,2.869216846680603,2.9489974058142816,3.0013493233870427,3.0592448243394017,3.1415021141425874,3.244151841169864,3.0041635656157437,0.08152824431910571,CD,0,negative
S_04,S_04,0,505,q_noise,1662,1662,1477,1,1662,0,0,0,0,fraction,0.4688926213198465,0.48349120913101307,0.4928929091154863,0.4989695151579096,0.5056040671248129,0.5148803114729101,0.5262117932128398,0.49920557907278174,0.009396966119788627,CD,0,negative
S_04,S_04,0,8128,snr_p_db,1662,1662,1477,1,1662,0,0,0,0,dB,2.7566623951006504,2.8769835195114166,2.948373061998324,3.0037789683299057,3.054803863386198,3.1313584941983716,3.292079431657232,3.003458232467781,0.07787797446310807,CD,0,negative
S_04,S_04,0,8128,delta_p_db,1662,1662,1477,1,1662,0,0,0,0,dB,2.7566623947284974,2.8769835127077,2.9483730514454765,3.003778969143731,3.0548038658527212,3.1313585081223896,3.2920794409667407,3.0034582325931836,0.07787797442036694,CD,0,negative
S_04,S_04,0,8128,q_noise,1662,1662,1477,1,1662,0,0,0,0,fraction,0.4699301783036634,0.4844139097847765,0.4928205737564285,0.49924960207393965,0.5050976516834874,0.5137453498180655,0.5314114765032473,0.499131961028987,0.008976956938093035,CD,0,negative
S_04,S_04,5,101,snr_p_db,1662,1662,1477,1,1662,0,0,0,0,dB,7.748571794940078,7.8705925601668705,7.9515798835331015,8.004563003851718,8.060364474467857,8.137087727836693,8.278500370933953,8.005488127325608,0.07912991217773556,CD,0,negative
S_04,S_04,5,101,delta_p_db,1662,1662,1477,1,1662,0,0,0,0,dB,2.7485719136419813,2.870592669119242,2.9515800012115054,3.0045631170778284,3.0603645976276788,3.1370878246375034,3.2785004838609026,3.005488239285066,0.07912991190424673,CD,0,negative
S_04,S_04,5,101,q_noise,1662,1662,1477,1,1662,0,0,0,0,fraction,0.46894152763277797,0.48365494803311027,0.49319454523295453,0.4993396530378843,0.5057314489544811,0.5143868997554124,0.5299442250480108,0.4993633749283415,0.009124374356954165,CD,0,negative
S_04,S_04,5,202,snr_p_db,1662,1662,1477,1,1662,0,0,0,0,dB,7.764649138345988,7.8746942342840835,7.951383695119684,8.001357205275532,8.056331278302707,8.137476897528742,8.275631498382836,8.003513641390567,0.07944643180985826,CD,0,negative
S_04,S_04,5,202,delta_p_db,1662,1662,1477,1,1662,0,0,0,0,dB,2.764649251412342,2.874694350394684,2.951383801772926,3.0013573097126827,3.0563313979740485,3.1374770061043664,3.2756316161784085,3.003513753435682,0.07944643173844669,CD,0,negative
S_04,S_04,5,202,q_noise,1662,1662,1477,1,1662,0,0,0,0,fraction,0.47090408663423733,0.48414210607233094,0.4931712072210397,0.49896962018810814,0.5052727331324132,0.5144301892271128,0.5296331220334757,0.4991351029397616,0.009155836874168074,CD,0,negative
S_04,S_04,5,303,snr_p_db,1662,1662,1477,1,1662,0,0,0,0,dB,7.741372515999679,7.868822216560167,7.946134301932837,8.00222611254987,8.057999176152784,8.138537231126227,8.273542862179436,8.001854500018887,0.08208237338596545,CD,0,negative
S_04,S_04,5,303,delta_p_db,1662,1662,1477,1,1662,0,0,0,0,dB,2.7413726167918178,2.868822338875553,2.9461344172394965,3.002226217785383,3.05799928689493,3.1385373503235505,3.2735429824764988,3.0018546116725826,0.08208237338916922,CD,0,negative
S_04,S_04,5,303,q_noise,1662,1662,1477,1,1662,0,0,0,0,fraction,0.4680605941841402,0.48344429570956193,0.4925586893158755,0.4990700057943471,0.5054622181392461,0.5145484599199152,0.5294076289708902,0.4989380477735184,0.009467087587995535,CD,0,negative
S_04,S_04,5,404,snr_p_db,1662,1662,1477,1,1662,0,0,0,0,dB,7.751296705015705,7.873757177269541,7.94830653979448,8.00302466426201,8.058123813282416,8.138505025686369,8.283212822019527,8.004460183213915,0.08050857412828945,CD,0,negative
S_04,S_04,5,404,delta_p_db,1662,1662,1477,1,1662,0,0,0,0,dB,2.751296824983682,2.873757288472377,2.9483066548333268,3.003024772171041,3.0581239221987726,3.138505137511104,3.283212926524526,3.0044602951217203,0.08050857398618513,CD,0,negative
S_04,S_04,5,404,q_noise,1662,1662,1477,1,1662,0,0,0,0,fraction,0.46927440182753205,0.48403064761653963,0.49281217128789323,0.4991619155781765,0.5054765933526639,0.5145451230362991,0.5304539761459315,0.49924200562789783,0.00927570447725169,CD,0,negative
S_04,S_04,5,505,snr_p_db,1662,1662,1477,1,1662,0,0,0,0,dB,7.748173458483887,7.8692167338997665,7.948997305219093,8.001349215873269,8.059244706606854,8.141502009325375,8.244151730423084,8.0041634538512,0.08152824411130982,CD,0,negative
S_04,S_04,5,505,delta_p_db,1662,1662,1477,1,1662,0,0,0,0,dB,2.748173569316857,2.869216842739492,2.9489974125688834,3.001349325468746,3.0592448162070647,3.141502119661388,3.2441518506004896,3.00416356563795,0.08152824425746696,CD,0,negative
S_04,S_04,5,505,q_noise,1662,1662,1477,1,1662,0,0,0,0,fraction,0.4688926214410673,0.48349120866229184,0.4928929099041891,0.4989695153980669,0.5056040661990538,0.5148803120893667,0.5262117942416623,0.49920557907547286,0.009396966113070334,CD,0,negative
S_04,S_04,5,8128,snr_p_db,1662,1662,1477,1,1662,0,0,0,0,dB,7.756662269287134,7.876983399408887,7.948372944069357,8.003778843572569,8.054803752518517,8.13135838748377,8.292079325017248,8.003458120786766,0.07787797410101531,CD,0,negative
S_04,S_04,5,8128,delta_p_db,1662,1662,1477,1,1662,0,0,0,0,dB,2.7566623900969773,2.876983508430941,2.94837305029925,3.0037789583807797,3.0548038654362175,3.131358512823428,3.2920794400133913,3.0034582326907118,0.07787797439026382,CD,0,negative
S_04,S_04,5,8128,q_noise,1662,1662,1477,1,1662,0,0,0,0,fraction,0.46993017773837203,0.48441390927704303,0.4928205736225786,0.4992496008329421,0.5050976516360225,0.5137453503444148,0.5314114764003842,0.49913196104029495,0.008976956934759653,CD,0,negative
S_04,S_04,10,101,snr_p_db,1662,1662,1477,1,1662,0,0,0,0,dB,12.748571964860924,12.870592723473145,12.95158005581047,13.00456319315873,13.060364638667954,13.137087889400588,13.27850052880413,13.005488297672917,0.07912991198890608,CD,0,negative
S_04,S_04,10,101,delta_p_db,1662,1662,1477,1,1662,0,0,0,0,dB,2.7485719149386147,2.8705926690407795,2.951580010141078,3.004563124771418,3.0603645899385112,3.1370878267670887,3.2785004659009447,3.0054882392024425,0.07912991196770806,CD,0,negative
S_04,S_04,10,101,q_noise,1662,1662,1477,1,1662,0,0,0,0,fraction,0.46894152779133125,0.4836549480238071,0.4931945462750056,0.49933965392480806,0.505731448079381,0.5143868999935431,0.5299442231041266,0.4993633749186872,0.009124374363874012,CD,0,negative
S_04,S_04,10,202,snr_p_db,1662,1662,1477,1,1662,0,0,0,0,dB,12.764649325854343,12.874694400353704,12.951383855286881,13.001357388628385,13.056331452030268,13.137477069699134,13.275631665138803,13.003513811989551,0.07944643163835544,CD,0,negative
S_04,S_04,10,202,delta_p_db,1662,1662,1477,1,1662,0,0,0,0,dB,2.7646492646172898,2.8746943484838514,2.9513838007685744,3.001357315428438,3.0563313944106083,3.1374770065057187,3.2756316129165794,3.0035137533732814,0.07944643186089921,CD,0,negative
S_04,S_04,10,202,q_noise,1662,1662,1477,1,1662,0,0,0,0,fraction,0.47090408824298063,0.48414210584536027,0.4931712071038368,0.4989696208475017,0.5052727327264848,0.5144301892719928,0.5296331216802,0.4991351029323151,0.009155836887065694,CD,0,negative
S_04,S_04,10,303,snr_p_db,1662,1662,1477,1,1662,0,0,0,0,dB,12.741372674883939,12.868822399673345,12.946134492922035,13.00222627534345,13.057999346880308,13.138537412634518,13.273543070055362,13.001854669994621,0.0820823737375232,CD,0,negative
S_04,S_04,10,303,delta_p_db,1662,1662,1477,1,1662,0,0,0,0,dB,2.74137261475268,2.8688223457632214,2.9461344274194134,3.0022262198274885,3.0579992893778574,3.138537353300921,3.2735430100898695,3.001854611456602,0.0820823738433235,CD,0,negative
S_04,S_04,10,303,q_noise,1662,1662,1477,1,1662,0,0,0,0,fraction,0.46806059393437943,0.48344429652878984,0.49255869050533696,0.4990700060298797,0.505462218421979,0.5145484602527386,0.5294076319630169,0.49893804774761585,0.009467087640029525,CD,0,negative
S_04,S_04,10,404,snr_p_db,1662,1662,1477,1,1662,0,0,0,0,dB,12.751296870148085,12.873757347516177,12.948306729216052,13.003024828389265,13.058123986241315,13.138505177813457,13.283212969801086,13.004460353506055,0.08050857357637833,CD,0,negative
S_04,S_04,10,404,delta_p_db,1662,1662,1477,1,1662,0,0,0,0,dB,2.751296814055739,2.8737572879579165,2.948306664218978,3.0030247739246554,3.058123916955939,3.138505129057518,3.283212913228317,3.004460295363447,0.08050857397325054,CD,0,negative
S_04,S_04,10,404,q_noise,1662,1662,1477,1,1662,0,0,0,0,fraction,0.46927440049209285,0.484030647555419,0.49281217238398933,0.49916191578040703,0.5054765940999572,0.5145451220913555,0.5304539747083857,0.4992420056557888,0.009275704476659733,CD,0,negative
S_04,S_04,10,505,snr_p_db,1662,1662,1477,1,1662,0,0,0,0,dB,12.74817361174377,12.86921691412417,12.948997451043324,13.001349407609364,13.05924488286351,13.141502179030596,13.244151919330335,13.00416362463823,0.08152824412190351,CD,0,negative
S_04,S_04,10,505,delta_p_db,1662,1662,1477,1,1662,0,0,0,0,dB,2.7481735659935964,2.869216849960748,2.948997403234902,3.0013493366485244,3.059244822073838,3.1415021137483508,3.244151853109332,3.004163565959947,0.08152824414492361,CD,0,negative
S_04,S_04,10,505,q_noise,1662,1662,1477,1,1662,0,0,0,0,fraction,0.46889262103465906,0.483491209521122,0.4928929088143036,0.49896951668785694,0.5056040668669372,0.5148803114288717,0.5262117945153614,0.49920557911285357,0.009396966098278264,CD,0,negative
S_04,S_04,10,8128,snr_p_db,1662,1662,1477,1,1662,0,0,0,0,dB,12.756662438900936,12.876983561688702,12.948373122345174,13.003779016574724,13.054803904531868,13.131358570688134,13.292079497175289,13.003458290819253,0.07787797417022281,CD,0,negative
S_04,S_04,10,8128,delta_p_db,1662,1662,1477,1,1662,0,0,0,0,dB,2.7566623869904596,2.8769835073421803,2.9483730557210324,3.003778961143791,3.0548038611320907,3.13135851883377,3.292079433569749,3.003458232263492,0.07787797418309221,CD,0,negative
S_04,S_04,10,8128,q_noise,1662,1662,1477,1,1662,0,0,0,0,fraction,0.4699301773592119,0.4844139091477938,0.49282057425575393,0.49924960115152506,0.5050976511455457,0.5137453510173526,0.5314114757051378,0.49913196099145196,0.008976956911784401,CD,0,negative
E,,0,101,snr_p_db,496,496,439,1,496,0,0,0,0,dB,-2.1467889839678938e-05,-1.4150284502718783e-05,-6.997479630402673e-06,-4.149044731678869e-06,-2.0990796174861258e-06,-8.219142092615262e-07,-2.0488118038362557e-07,-5.2657982256224e-06,4.151035874644491e-06,CD,1,positive
E,,0,101,delta_p_db,496,496,439,1,496,0,0,0,0,dB,-2.146578762144762e-05,-1.4146843861146941e-05,-6.995410094505915e-06,-4.150485925997302e-06,-2.0947405587211007e-06,-8.21007016819154e-07,-2.070217314319409e-07,-5.265774686969365e-06,4.150630699483001e-06,CD,1,positive
E,,0,101,q_noise,496,496,439,1,496,0,0,0,0,fraction,4.737292941850703e-16,5.187680909219522e-16,5.695568538439785e-16,6.144254867970809e-16,6.745352281223255e-16,7.82368789560867e-16,8.951020637730157e-16,6.266061258234603e-16,8.042330548820444e-17,CD,1,positive
E,,0,202,snr_p_db,496,496,439,1,496,0,0,0,0,dB,-2.1456558865555087e-05,-1.4149082863994578e-05,-6.989839185293383e-06,-4.149292952217481e-06,-2.0920940025449216e-06,-8.203733486849029e-07,-2.1080281235813494e-07,-5.265913915250321e-06,4.150428724823731e-06,CD,1,positive
E,,0,202,delta_p_db,496,496,439,1,496,0,0,0,0,dB,-2.146578762144762e-05,-1.4146843860785319e-05,-6.995410094505915e-06,-4.150485926238384e-06,-2.0947405582389365e-06,-8.210070171807767e-07,-2.070217314319409e-07,-5.265774686978114e-06,4.15063069947491e-06,CD,1,positive
E,,0,202,q_noise,496,496,439,1,496,0,0,0,0,fraction,4.611720196231616e-16,5.124578243571271e-16,5.652637592544253e-16,6.198242790871821e-16,6.762564645394205e-16,7.726512246331784e-16,9.359276680999297e-16,6.25596689456684e-16,7.993537949200844e-17,CD,1,positive
E,,0,303,snr_p_db,496,496,439,1,496,0,0,0,0,dB,-2.145340787334721e-05,-1.4149978904984355e-05,-6.9994719764688315e-06,-4.151120185261194e-06,-2.0933204877349203e-06,-8.18169035867066e-07,-1.9935178573921554e-07,-5.265503927312192e-06,4.15086548507798e-06,CD,1,positive
E,,0,303,delta_p_db,496,496,439,1,496,0,0,0,0,dB,-2.146578762144762e-05,-1.4146843861146941e-05,-6.995410094505915e-06,-4.150485925997302e-06,-2.0947405582389365e-06,-8.21007016819154e-07,-2.070217314319409e-07,-5.265774686973254e-06,4.150630699486675e-06,CD,1,positive
E,,0,303,q_noise,496,496,439,1,496,0,0,0,0,fraction,4.583461611161843e-16,5.193828284481176e-16,5.722820072509994e-16,6.174930453494288e-16,6.76292766692639e-16,7.697007368502724e-16,9.118809045638258e-16,6.283266129773432e-16,7.881252246154812e-17,CD,1,positive
E,,0,404,snr_p_db,496,496,439,1,496,0,0,0,0,dB,-2.1465945154761194e-05,-1.4143281799929017e-05,-6.997376831370049e-06,-4.154764634428299e-06,-2.0990794273916693e-06,-8.261413190209267e-07,-2.0109307915830552e-07,-5.265532591117761e-06,4.150861516452229e-06,CD,1,positive
E,,0,404,delta_p_db,496,496,439,1,496,0,0,0,0,dB,-2.146578762144762e-05,-1.4146843860785319e-05,-6.995410094505915e-06,-4.150485925997302e-06,-2.094740558359478e-06,-8.21007016819154e-07,-2.070217314319409e-07,-5.265774686969365e-06,4.150630699481486e-06,CD,1,positive
E,,0,404,q_noise,496,496,439,1,496,0,0,0,0,fraction,4.627893466790326e-16,5.209331478046792e-16,5.684149869328268e-16,6.192613321772412e-16,6.667714045835218e-16,7.777991830418804e-16,8.94204828755989e-16,6.257882153725831e-16,7.872658712941453e-17,CD,1,positive
E,,0,505,snr_p_db,496,496,439,1,496,0,0,0,0,dB,-2.1467167113172028e-05,-1.4149104028418859e-05,-6.9990024751722315e-06,-4.148442336722818e-06,-2.0976351206597827e-06,-8.244884890331406e-07,-2.1493984585967718e-07,-5.266030142690482e-06,4.150516387079779e-06,CD,1,positive
E,,0,505,delta_p_db,496,496,439,1,496,0,0,0,0,dB,-2.146578762144762e-05,-1.4146843860905859e-05,-6.995410094505915e-06,-4.150485925997302e-06,-2.0947405587211007e-06,-8.21007016819154e-07,-2.070217314319409e-07,-5.265774686987835e-06,4.150630699480608e-06,CD,1,positive
E,,0,505,q_noise,496,496,439,1,496,0,0,0,0,fraction,4.6585870718519675e-16,5.150131683772537e-16,5.660191846414008e-16,6.148935231050563e-16,6.80036339132604e-16,7.682666232374992e-16,9.672573704302628e-16,6.261286123915406e-16,7.90812569755631e-17,CD,1,positive
E,,0,8128,snr_p_db,496,496,439,1,496,0,0,0,0,dB,-2.1465046705224312e-05,-1.4146399580454273e-05,-6.991990079704206e-06,-4.1550244206372535e-06,-2.0920059637345184e-06,-8.258937206627069e-07,-2.0960535240045527e-07,-5.26626005229616e-06,4.150589594133786e-06,CD,1,positive
E,,0,8128,delta_p_db,496,496,439,1,496,0,0,0,0,dB,-2.146578762144762e-05,-1.4146843861146941e-05,-6.995410094505915e-06,-4.150485925997302e-06,-2.0947405587211007e-06,-8.21007016819154e-07,-2.070217314319409e-07,-5.2657746869703376e-06,4.1506306994693395e-06,CD,1,positive
E,,0,8128,q_noise,496,496,439,1,496,0,0,0,0,fraction,4.524859606422407e-16,5.136172102658573e-16,5.657894914096958e-16,6.153818335270508e-16,6.715668345606766e-16,7.701091496386194e-16,9.221570854893175e-16,6.270926172482936e-16,8.060579690574046e-17,CD,1,positive
E,,5,101,snr_p_db,496,496,439,1,496,0,0,0,0,dB,4.9999784203619155,4.999985742001443,4.999992892239689,4.99999573618746,4.9999977962626545,4.999999074490399,4.999999683222,4.999994622431733,4.151017154311317e-06,CD,1,positive
E,,5,101,delta_p_db,496,496,439,1,496,0,0,0,0,dB,-2.146578761903679e-05,-1.4146843857892327e-05,-6.995410092697798e-06,-4.1504859243097274e-06,-2.094740556430822e-06,-8.210070154932035e-07,-2.070217299854496e-07,-5.265774684784072e-06,4.150630699303351e-06,CD,1,positive
E,,5,101,q_noise,496,496,439,1,496,0,0,0,0,fraction,7.27734463784709e-16,8.343013992758865e-16,9.598337771696578e-16,1.1005055003565902e-15,1.2676456529628957e-15,1.5568961498782697e-15,1.9608586040068627e-15,1.132125494835787e-15,2.2725042853602914e-16,CD,1,positive
E,,5,202,snr_p_db,496,496,439,1,496,0,0,0,0,dB,4.999978437606854,4.999985737295997,4.999992893467279,4.999995739405429,4.999997789554209,4.999999063796095,4.99999967372695,4.999994622410291,4.150943394632881e-06,CD,1,positive
E,,5,202,delta_p_db,496,496,439,1,496,0,0,0,0,dB,-2.1465787618554624e-05,-1.4146843857892327e-05,-6.995410092577257e-06,-4.150485924550809e-06,-2.094740556069199e-06,-8.210070152521216e-07,-2.070217304676134e-07,-5.265774684799626e-06,4.150630699316783e-06,CD,1,positive
E,,5,202,q_noise,496,496,439,1,496,0,0,0,0,fraction,7.221115599086647e-16,8.329496477582147e-16,9.55633509906004e-16,1.1028119275879291e-15,1.2672759375889205e-15,1.5547494203881284e-15,1.858762185041724e-15,1.1296306080964793e-15,2.2278765264615374e-16,CD,1,positive
E,,5,303,snr_p_db,496,496,439,1,496,0,0,0,0,dB,4.999978431029931,4.999985744945265,4.99999289362672,4.999995730819126,4.999997794783722,4.999999065667267,4.999999689555642,4.999994622492226,4.1502159487367e-06,CD,1,positive
E,,5,303,delta_p_db,496,496,439,1,496,0,0,0,0,dB,-2.146578761903679e-05,-1.4146843858253951e-05,-6.995410092577257e-06,-4.1504859243097274e-06,-2.094740556069199e-06,-8.210070152521216e-07,-2.070217304676134e-07,-5.265774684773378e-06,4.150630699319352e-06,CD,1,positive
E,,5,303,q_noise,496,496,439,1,496,0,0,0,0,fraction,7.087521760605618e-16,8.345057041904093e-16,9.707470200656794e-16,1.1118981631815519e-15,1.2613166146113647e-15,1.559062160592736e-15,1.911629486429608e-15,1.134592501894341e-15,2.1888724860274454e-16,CD,1,positive
E,,5,404,snr_p_db,496,496,439,1,496,0,0,0,0,dB,4.999978432293624,4.999985737014703,4.9999928911355225,4.999995744564943,4.999997790579031,4.999999067414115,4.999999693654581,4.999994622703266,4.1507713694513465e-06,CD,1,positive
E,,5,404,delta_p_db,496,496,439,1,496,0,0,0,0,dB,-2.146578761903679e-05,-1.4146843857771786e-05,-6.995410092697798e-06,-4.15048592455081e-06,-2.094740556069199e-06,-8.210070150110396e-07,-2.070217299854496e-07,-5.265774684759769e-06,4.15063069932202e-06,CD,1,positive
E,,5,404,q_noise,496,496,439,1,496,0,0,0,0,fraction,7.156619248491984e-16,8.329142919719945e-16,9.572810317193392e-16,1.1096015189974223e-15,1.2672991923406046e-15,1.5966862026942724e-15,2.005464358358936e-15,1.1371969673963078e-15,2.3104517285435904e-16,CD,1,positive
E,,5,505,snr_p_db,496,496,439,1,496,0,0,0,0,dB,4.9999784216738075,4.9999857364936515,4.999992888515758,4.999995735523268,4.999997800411468,4.999999072205054,4.999999678158299,4.999994622038965,4.150742716184129e-06,CD,1,positive
E,,5,505,delta_p_db,496,496,439,1,496,0,0,0,0,dB,-2.146578761903679e-05,-1.4146843857892327e-05,-6.99541009293888e-06,-4.1504859243097274e-06,-2.094740556069199e-06,-8.210070152521216e-07,-2.070217299854496e-07,-5.2657746847743504e-06,4.15063069931355e-06,CD,1,positive
E,,5,505,q_noise,496,496,439,1,496,0,0,0,0,fraction,7.095739718770753e-16,8.299013238647732e-16,9.590818395811484e-16,1.106934091140652e-15,1.2667165981033656e-15,1.5455931205975546e-15,2.0352312620960148e-15,1.133469906457914e-15,2.260606058300561e-16,CD,1,positive
E,,5,8128,snr_p_db,496,496,439,1,496,0,0,0,0,dB,4.99997842297314,4.999985733658251,4.999992893025698,4.999995730166205,4.999997795206317,4.999999073529382,4.999999668911056,4.99999462213064,4.15124142072883e-06,CD,1,positive
E,,5,8128,delta_p_db,496,496,439,1,496,0,0,0,0,dB,-2.146578761903679e-05,-1.4146843858133408e-05,-6.995410092577257e-06,-4.15048592455081e-06,-2.0947405561897402e-06,-8.210070153726625e-07,-2.070217299854496e-07,-5.26577468480157e-06,4.150630699319745e-06,CD,1,positive
E,,5,8128,q_noise,496,496,439,1,496,0,0,0,0,fraction,6.750835955539508e-16,8.279119274776273e-16,9.603760592792174e-16,1.1090016592869054e-15,1.2580306282647045e-15,1.5488237422957437e-15,1.994594718199696e-15,1.129099706829087e-15,2.2385117735689803e-16,CD,1,positive
E,,10,101,snr_p_db,496,496,439,1,496,0,0,0,0,dB,9.999978571602462,9.999985903879615,9.9999930658683,9.999995907388072,9.999997958785913,9.99999923746086,9.999999856091291,9.999994792373686,4.1516595499848665e-06,CD,1,positive
E,,10,101,delta_p_db,496,496,439,1,496,0,0,0,0,dB,-2.1465787614215125e-05,-1.4146843852829591e-05,-6.995410090286975e-06,-4.150485922863234e-06,-2.094740552935133e-06,-8.210070133234662e-07,-2.0702172902112213e-07,-5.265774681350595e-06,4.150630698859928e-06,CD,1,positive
E,,10,101,q_noise,496,496,439,1,496,0,0,0,0,fraction,8.025103210797719e-16,1.0727655231257106e-15,1.4155836363158933e-15,1.824294922752301e-15,2.309375565274276e-15,3.2066393663829845e-15,4.437124563684778e-15,1.9208501254557794e-15,6.706017672076849e-16,CD,1,positive
E,,10,202,snr_p_db,496,496,439,1,496,0,0,0,0,dB,9.999978589107432,9.999985908915116,9.99999307163652,9.99999590404264,9.999997977971532,9.999999235840873,9.999999839775246,9.999994792236025,4.150832786689556e-06,CD,1,positive
E,,10,202,delta_p_db,496,496,439,1,496,0,0,0,0,dB,-2.1465787614697297e-05,-1.4146843852106343e-05,-6.99541009076914e-06,-4.1504859231043165e-06,-2.094740552211887e-06,-8.210070134440071e-07,-2.0702172902112213e-07,-5.2657746813496234e-06,4.150630698865085e-06,CD,1,positive
E,,10,202,q_noise,496,496,439,1,496,0,0,0,0,fraction,8.243225660112674e-16,1.0391363605131647e-15,1.397788461602293e-15,1.8367949274111773e-15,2.2787248171759687e-15,3.1847273086470385e-15,4.574487933548124e-15,1.9223812391115545e-15,6.75182629168936e-16,CD,1,positive
E,,10,303,snr_p_db,496,496,439,1,496,0,0,0,0,dB,9.999978581887257,9.999985915865505,9.999993060439175,9.999995902284073,9.999997954918083,9.999999248690033,9.999999845574193,9.999994792383939,4.150860056260523e-06,CD,1,positive
E,,10,303,delta_p_db,496,496,439,1,496,0,0,0,0,dB,-2.146578761373296e-05,-1.4146843851985802e-05,-6.99541009076914e-06,-4.150485922863234e-06,-2.094740552211887e-06,-8.210070129618434e-07,-2.0702172902112213e-07,-5.265774681347678e-06,4.150630698788781e-06,CD,1,positive
E,,10,303,q_noise,496,496,439,1,496,0,0,0,0,fraction,7.910002065404546e-16,1.0445331101197669e-15,1.4383094276940633e-15,1.8221305215050758e-15,2.2895480001471106e-15,3.2153565950329413e-15,4.316964001297717e-15,1.9249265073248107e-15,6.697667138409998e-16,CD,1,positive
E,,10,404,snr_p_db,496,496,439,1,496,0,0,0,0,dB,9.999978590957493,9.999985910755337,9.999993070731303,9.999995905829492,9.999997955297863,9.999999232488609,9.999999859790128,9.999994792654723,4.150629170696693e-06,CD,1,positive
E,,10,404,delta_p_db,496,496,439,1,496,0,0,0,0,dB,-2.1465787614697297e-05,-1.4146843851624178e-05,-6.99541009076914e-06,-4.150485922622152e-06,-2.094740552091346e-06,-8.210070128413024e-07,-2.0702172902112213e-07,-5.2657746812883796e-06,4.150630698846795e-06,CD,1,positive
E,,10,404,q_noise,496,496,439,1,496,0,0,0,0,fraction,7.698426956492469e-16,1.0426942315828329e-15,1.4214769159209089e-15,1.8507492021832937e-15,2.3150240808055508e-15,3.2206108224778093e-15,4.335404787784521e-15,1.933680739373708e-15,6.797082222066421e-16,CD,1,positive
E,,10,505,snr_p_db,496,496,439,1,496,0,0,0,0,dB,9.999978596574069,9.999985903156293,9.99999306784159,9.999995906328792,9.999997955208366,9.9999992387644,9.99999985923887,9.999994793050933,4.150857157825281e-06,CD,1,positive
E,,10,505,delta_p_db,496,496,439,1,496,0,0,0,0,dB,-2.1465787614697297e-05,-1.4146843852106343e-05,-6.99541009076914e-06,-4.150485922622152e-06,-2.0947405517297234e-06,-8.210070130823843e-07,-2.0702172902112213e-07,-5.2657746813156e-06,4.150630698803852e-06,CD,1,positive
E,,10,505,q_noise,496,496,439,1,496,0,0,0,0,fraction,8.256442483501346e-16,1.0414217920899516e-15,1.3963222809403845e-15,1.855736492822488e-15,2.2818769361265917e-15,3.1971823239677574e-15,4.354927125470823e-15,1.9294831130062465e-15,6.772107955026996e-16,CD,1,positive
E,,10,8128,snr_p_db,496,496,439,1,496,0,0,0,0,dB,9.999978595852944,9.999985897051138,9.999993060902161,9.99999590676057,9.99999796482886,9.99999923636562,9.999999855421516,9.999994792891,4.150209002257287e-06,CD,1,positive
E,,10,8128,delta_p_db,496,496,439,1,496,0,0,0,0,dB,-2.1465787614697297e-05,-1.4146843852467967e-05,-6.9954100901664334e-06,-4.150485922863234e-06,-2.094740552211887e-06,-8.210070129618434e-07,-2.0702172902112213e-07,-5.265774681370036e-06,4.1506306988697765e-06,CD,1,positive
E,,10,8128,q_noise,496,496,439,1,496,0,0,0,0,fraction,7.996992252016474e-16,1.0561302931206162e-15,1.4146085525459253e-15,1.8124633236145343e-15,2.287959723820341e-15,3.2048533984514126e-15,5.052729370014466e-15,1.9177796690925246e-15,6.689464199777637e-16,CD,1,positive
I,,0,101,snr_p_db,496,496,439,1,496,0,0,0,0,dB,1.8851117699931395,1.9369272719673023,2.001285044956785,2.042710179911651,2.079967790472674,2.1332475565032367,2.23084081680066,2.04027601704557,0.058317485638003985,CD,1,positive
I,,0,101,delta_p_db,496,496,439,1,496,0,0,0,0,dB,1.8851117609646064,1.9369272713210517,2.001285044247461,2.042710179544018,2.0799677877547382,2.133247566578651,2.230840819174319,2.040276016688688,0.05831748572648522,CD,1,positive
I,,0,101,q_noise,496,496,439,1,496,0,0,0,0,fraction,0.35212889117947893,0.3598141486824842,0.36923034678276034,0.37521771482571165,0.3805548543363859,0.3881078519837996,0.40170526058529243,0.37481153101471043,0.008399272239657618,CD,1,positive
I,,0,202,snr_p_db,496,496,439,1,496,0,0,0,0,dB,1.8770079998205271,1.9374146993803347,1.9979613352081715,2.040284892170045,2.0811934744990936,2.1390884778119936,2.218776412829812,2.038430656375078,0.06128826601375789,CD,1,positive
I,,0,202,delta_p_db,496,496,439,1,496,0,0,0,0,dB,1.8770080082445912,1.937414703255508,1.9979613382009946,2.04028489231622,2.0811934708176385,2.139088481987511,2.2187764121939897,2.0384306565127663,0.06128826609333429,CD,1,positive
I,,0,202,q_noise,496,496,439,1,496,0,0,0,0,fraction,0.3509192024515307,0.35988612385404095,0.3687466930908889,0.3748690895186086,0.3807299776139366,0.3889311508331575,0.4000400385656352,0.3745399595376814,0.008827704037216484,CD,1,positive
I,,0,303,snr_p_db,496,496,439,1,496,0,0,0,0,dB,1.868107097188339,1.9367722301688008,2.003570328311895,2.0424229757816086,2.0841873199790673,2.137434385905279,2.2327501263976597,2.0411741881944856,0.05976209011260778,CD,1,positive
I,,0,303,delta_p_db,496,496,439,1,496,0,0,0,0,dB,1.8681070951551917,1.9367722360189883,2.003570332576043,2.042422979187692,2.0841873096862855,2.137434386777801,2.2327501300679553,2.0411741884093146,0.05976208981519933,CD,1,positive
I,,0,303,q_noise,496,496,439,1,496,0,0,0,0,fraction,0.3495873174710531,0.35978963600528724,0.3695618701348382,0.37517633495044267,0.3811563219184647,0.3886974759594052,0.4019684023859139,0.37493797077272895,0.008610265247542003,CD,1,positive
I,,0,404,snr_p_db,496,496,439,1,496,0,0,0,0,dB,1.85383732535283,1.9291384590181075,1.9939261588127475,2.0348324317371516,2.0753018771491893,2.1427181350728413,2.2233135454120405,2.0357318809213836,0.06370754366032762,CD,1,positive
I,,0,404,delta_p_db,496,496,439,1,496,0,0,0,0,dB,1.8538373304753375,1.9291384524181352,1.993926161534468,2.034832432933406,2.075301873060557,2.142718134790076,2.223313552285654,2.035731880952787,0.06370754361678282,CD,1,positive
I,,0,404,q_noise,496,496,439,1,496,0,0,0,0,fraction,0.34744648155694624,0.35866373159934983,0.3681602594955134,0.3740836160315262,0.37988870052156587,0.3894411131258155,0.4006669911546358,0.3741461903659734,0.009175992511656489,CD,1,positive
I,,0,505,snr_p_db,496,496,439,1,496,0,0,0,0,dB,1.8656496323439222,1.9438297514662006,1.9935147774186213,2.0335041219491083,2.0775558896216535,2.129877631220781,2.2394034295946987,2.035733284043965,0.0590599157945139,CD,1,positive
I,,0,505,delta_p_db,496,496,439,1,496,0,0,0,0,dB,1.8656496335189663,1.943829746801132,1.9935147697954447,2.033504128561131,2.0775558908465666,2.1298776316506083,2.239403424619515,2.0357332841912785,0.059059916154977084,CD,1,positive
I,,0,505,q_noise,496,496,439,1,496,0,0,0,0,fraction,0.3492201448069822,0.36082986570115666,0.3681015074361474,0.37389208826589626,0.3802108083798998,0.3876329926387458,0.40288335630186456,0.3741558376793176,0.008506010906500876,CD,1,positive
I,,0,8128,snr_p_db,496,496,439,1,496,0,0,0,0,dB,1.8493673357158849,1.9412504809185962,2.0011941858772606,2.0358163468409503,2.0743555420233677,2.1349898622917354,2.2222698877353277,2.0375412828251895,0.058746053936589895,CD,1,positive
I,,0,8128,delta_p_db,496,496,439,1,496,0,0,0,0,dB,1.8493673362739738,1.9412504876021313,2.0011941919528935,2.0358163437850774,2.074355548092784,2.134989861484278,2.2222698782030186,2.037541282807152,0.058746053944768756,CD,1,positive
I,,0,8128,q_noise,496,496,439,1,496,0,0,0,0,fraction,0.3467751386954534,0.3604501935190141,0.36921647823500015,0.37422546576805926,0.3797541678019853,0.3883530952266205,0.40052296067025017,0.37441694526303554,0.008455883004211996,CD,1,positive
I,,5,101,snr_p_db,496,496,439,1,496,0,0,0,0,dB,6.88511165259825,6.936927160227955,7.00128493455067,7.042710074616222,7.079967687655279,7.133247447843042,7.2308406985653315,7.0402759048314705,0.058317484670153796,CD,1,positive
I,,5,101,delta_p_db,496,496,439,1,496,0,0,0,0,dB,1.8851117585785593,1.9369272719324337,2.001285042654809,2.0427101861345225,2.079967793025487,2.1332475687994354,2.2308408183712256,2.04027601675164,0.058317485374005884,CD,1,positive
I,,5,101,q_noise,496,496,439,1,496,0,0,0,0,fraction,0.3521288908235335,0.35981414877261275,0.3692303465515029,0.37521771577383756,0.38055485508816805,0.38810785229690775,0.4017052604746563,0.37481153102445597,0.008399272188070173,CD,1,positive
I,,5,202,snr_p_db,496,496,439,1,496,0,0,0,0,dB,6.877007896994675,6.937414583927216,6.997961227465905,7.040284791051452,7.081193376591264,7.139088370972113,7.218776299900108,7.038430544644004,0.06128826625166485,CD,1,positive
I,,5,202,delta_p_db,496,496,439,1,496,0,0,0,0,dB,1.8770080032732581,1.9374147002325732,1.9979613429500787,2.0402848876658366,2.0811934760007382,2.139088483888,2.2187764078653185,2.0384306564775985,0.06128826609018541,CD,1,positive
I,,5,202,q_noise,496,496,439,1,496,0,0,0,0,fraction,0.3509192017085332,0.35988612340852133,0.36874669378118397,0.3748690888491474,0.38072997835300765,0.3889311511004911,0.400040037967647,0.3745399595326254,0.008827704036324652,CD,1,positive
I,,5,303,snr_p_db,496,496,439,1,496,0,0,0,0,dB,6.868106990104739,6.9367721210560696,7.00357022320791,7.042422874814642,7.084187206789506,7.137434274598554,7.232750030499766,7.04117407731963,0.05976208998715246,CD,1,positive
I,,5,303,delta_p_db,496,496,439,1,496,0,0,0,0,dB,1.8681070958713766,1.9367722313205884,2.0035703357726056,2.0424229855233293,2.084187308565064,2.137434393267653,2.232750139362565,2.0411741886166856,0.05976209017566544,CD,1,positive
I,,5,303,q_noise,496,496,439,1,496,0,0,0,0,fraction,0.34958731757831113,0.35978963531272856,0.369561870598835,0.3751763358620279,0.38115632175868897,0.3886974768729071,0.401968403665799,0.3749379708018622,0.008610265299073097,CD,1,positive
I,,5,404,snr_p_db,496,496,439,1,496,0,0,0,0,dB,6.853837225920172,6.929138333895174,6.993926053125815,7.034832306663667,7.075301767462106,7.142718027668417,7.22331344079671,7.035731768626996,0.06370754313333055,CD,1,positive
I,,5,404,delta_p_db,496,496,439,1,496,0,0,0,0,dB,1.8538373385105487,1.9291384492859682,1.9939261619727144,2.0348324274493845,2.075301879833601,2.142718137838572,2.223313555492318,2.0357318808704106,0.06370754353488076,CD,1,positive
I,,5,404,q_noise,496,496,439,1,496,0,0,0,0,fraction,0.34744648276428497,0.3586637311368486,0.3681602595592613,0.3740836152411552,0.3798887014886644,0.3894411135544009,0.40066699159716024,0.3741461903542807,0.009175992498858804,CD,1,positive
I,,5,505,snr_p_db,496,496,439,1,496,0,0,0,0,dB,6.865649527441815,6.943829638287725,6.993514657041729,7.033504012765331,7.0775557790048484,7.129877522609992,7.2394032956955,7.03573317222773,0.059059916108998356,CD,1,positive
I,,5,505,delta_p_db,496,496,439,1,496,0,0,0,0,dB,1.865649636332869,1.94382974994359,1.9935147689768398,2.033504124626747,2.077555888789389,2.129877634863106,2.2394034198344634,2.035733284406957,0.05905991621766048,CD,1,positive
I,,5,505,q_noise,496,496,439,1,496,0,0,0,0,fraction,0.34922014522863887,0.36082986616362844,0.36810150731698194,0.37389208769868626,0.38021080808633323,0.38763299309171595,0.4028833556439622,0.374155837710271,0.008506010916130489,CD,1,positive
I,,5,8128,snr_p_db,496,496,439,1,496,0,0,0,0,dB,6.849367218868614,6.941250369695625,7.001194077776883,7.035816232142997,7.074355442727504,7.13498975689272,7.222269757145461,7.03754117062213,0.05874605410898203,CD,1,positive
I,,5,8128,delta_p_db,496,496,439,1,496,0,0,0,0,dB,1.8493673327207405,1.9412504795216055,2.001194191218185,2.0358163475650155,2.074355555521098,2.1349898694072285,2.22226987137225,2.037541282441602,0.058746054202858465,CD,1,positive
I,,5,8128,q_noise,496,496,439,1,496,0,0,0,0,fraction,0.34677513816100947,0.3604501923291119,0.3692164781283122,0.3742254663127018,0.37975416886288044,0.3883530963424943,0.40052295972736723,0.3744169452098823,0.008455883041124011,CD,1,positive
I,,10,101,snr_p_db,496,496,439,1,496,0,0,0,0,dB,11.885111807983744,11.936927335621005,12.00128509111769,12.042710249490693,12.079967857972733,12.133247633553298,12.23084089883087,12.040276075347824,0.058317485980611435,CD,1,positive
I,,10,101,delta_p_db,496,496,439,1,496,0,0,0,0,dB,1.885111759403788,1.9369272699116817,2.001285050486737,2.0427101847162685,2.0799677966658474,2.133247577932149,2.230840835622638,2.040276017239432,0.05831748602229158,CD,1,positive
I,,10,101,q_noise,496,496,439,1,496,0,0,0,0,fraction,0.3521288909466393,0.3598141484746902,0.3692303476889526,0.3752177155697993,0.38055485560739943,0.38810785358369876,0.40170526285125324,0.37481153109342685,0.008399272280106292,CD,1,positive
I,,10,202,snr_p_db,496,496,439,1,496,0,0,0,0,dB,11.8770080558438,11.937414761519507,11.997961397459857,12.040284963589999,12.081193526237659,12.139088537535908,12.21877648272126,12.038430715720141,0.06128826437333051,CD,1,positive
I,,10,202,delta_p_db,496,496,439,1,496,0,0,0,0,dB,1.877008008969228,1.9374146982909757,1.9979613376282206,2.040284891949944,2.081193470631189,2.1390884804367865,2.218776417295972,2.0384306564104455,0.06128826541856483,CD,1,positive
I,,10,202,q_noise,496,496,439,1,496,0,0,0,0,fraction,0.3509192025598323,0.3598861231222651,0.36874669300764074,0.3748690894658219,0.38072997758735927,0.38893115061494843,0.4000400392704531,0.3745399595243052,0.008827703942090077,CD,1,positive
I,,10,303,snr_p_db,496,496,439,1,496,0,0,0,0,dB,11.868107172560869,11.93677228946688,12.003570387918137,12.04242304770859,12.084187379660825,12.137434429895265,12.232750191077823,12.041174247198906,0.05976208904558794,CD,1,positive
I,,10,303,delta_p_db,496,496,439,1,496,0,0,0,0,dB,1.8681071054861265,1.9367722373087755,2.0035703299213754,2.0424229846451505,2.08418730809628,2.137434377602162,2.232750132452211,2.0411741890616057,0.05976208957711188,CD,1,positive
I,,10,303,q_noise,496,496,439,1,496,0,0,0,0,fraction,0.34958731901824547,0.35978963619548204,0.36956186974946525,0.3751763357356078,0.3811563216919124,0.38869747466782384,0.4019684027142304,0.3749379708670794,0.008610265212384675,CD,1,positive
I,,10,404,snr_p_db,496,496,439,1,496,0,0,0,0,dB,11.853837403956348,11.929138513115843,11.993926235254166,12.034832496288587,12.075301932891417,12.14271818329097,12.22331359691222,12.035731938656143,0.06370754285651661,CD,1,positive
I,,10,404,delta_p_db,496,496,439,1,496,0,0,0,0,dB,1.8538373311291543,1.9291384466858417,1.9939261651911466,2.0348324365466586,2.0753018733864512,2.142718132240485,2.223313553978308,2.035731880891004,0.06370754354367998,CD,1,positive
I,,10,404,q_noise,496,496,439,1,496,0,0,0,0,fraction,0.3474464816551861,0.35866373075289615,0.36816026002749425,0.3740836165522732,0.37988870056809954,0.38944111276738247,0.40066699138822454,0.3741461903572317,0.009175992499707547,CD,1,positive
I,,10,505,snr_p_db,496,496,439,1,496,0,0,0,0,dB,11.865649688652411,11.943829786387747,11.993514849163121,12.03350418497438,12.077555940668924,12.129877697066437,12.23940346664562,12.035733342840118,0.059059915959088057,CD,1,positive
I,,10,505,delta_p_db,496,496,439,1,496,0,0,0,0,dB,1.8656496385605026,1.943829744428064,1.9935147793529941,2.033504130208069,2.0775558905100957,2.1298776319630974,2.2394034205702633,2.0357332843704876,0.059059915554948265,CD,1,positive
I,,10,505,q_noise,496,496,439,1,496,0,0,0,0,fraction,0.34922014556244446,0.3608298653518898,0.3681015088267049,0.37389208850332945,0.380210808331822,0.38763299268280826,0.40288335574512807,0.374155837706313,0.008506010820288016,CD,1,positive
I,,10,8128,snr_p_db,496,496,439,1,496,0,0,0,0,dB,11.849367398942048,11.941250539421047,12.00119424942871,12.035816404521618,12.074355611424352,12.134989927880369,12.222269947789622,12.037541341708348,0.058746054412120295,CD,1,positive
I,,10,8128,delta_p_db,496,496,439,1,496,0,0,0,0,dB,1.8493673443632188,1.9412504896004106,2.0011941930937267,2.03581633729804,2.074355554456909,2.1349898704481487,2.2222698842049704,2.0375412830027146,0.05874605438475359,CD,1,positive
I,,10,8128,q_noise,496,496,439,1,496,0,0,0,0,fraction,0.34677513991216147,0.36045019381324667,0.36921647840062116,0.3742254648333473,0.379754168710889,0.3883530964890619,0.4005229614987278,0.37441694529035563,0.008455883066014148,CD,1,positive
S_00,S_00,0,101,snr_p_db,496,496,439,1,496,0,0,0,0,dB,2.4484226832729137,2.510549940744804,2.5773280450353107,2.621079687608267,2.669425549216687,2.740498238103365,2.81234666727204,2.6240558581737012,0.06836877496822721,CD,1,positive
S_00,S_00,0,101,delta_p_db,496,496,439,1,496,0,0,0,0,dB,2.448422680007346,2.5105499382386043,2.577328047050644,2.6210796867287165,2.6694255475745554,2.740498240572317,2.8123466670204786,2.624055857967354,0.06836877487365836,CD,1,positive
S_00,S_00,0,101,q_noise,496,496,439,1,496,0,0,0,0,fraction,0.43094070494308323,0.4390238447795957,0.447583689820581,0.45312108279957763,0.4591744939276871,0.46795374913009263,0.476682645709718,0.45342775312801925,0.0086005377710484,CD,1,positive
S_00,S_00,0,202,snr_p_db,496,496,439,1,496,0,0,0,0,dB,2.4195384880492874,2.498240079774669,2.566722387357997,2.622637244557705,2.6734118348310103,2.743602894530421,2.8510949496989206,2.6208239976482686,0.07608001763185349,CD,1,positive
S_00,S_00,0,202,delta_p_db,496,496,439,1,496,0,0,0,0,dB,2.4195384907898205,2.498240081365923,2.5667223886153883,2.622637245525483,2.673411838938632,2.743602898250563,2.851094941289583,2.6208239979373364,0.07608001754723472,CD,1,positive
S_00,S_00,0,202,q_noise,496,496,439,1,496,0,0,0,0,fraction,0.42714534651168856,0.43743128496168293,0.44623248575305297,0.45331654908055297,0.4596709632933458,0.4683337064039569,0.4813315190319459,0.4530047175330768,0.009583504811136307,CD,1,positive
S_00,S_00,0,303,snr_p_db,496,496,439,1,496,0,0,0,0,dB,2.4066419443123084,2.509927129868008,2.5832306983319304,2.6256445809065445,2.6680287300317764,2.7378795867293375,2.825317060712686,2.6261497043585997,0.06830126488230148,CD,1,positive
S_00,S_00,0,303,delta_p_db,496,496,439,1,496,0,0,0,0,dB,2.4066419397913315,2.5099271345172767,2.5832306971832013,2.625644579141105,2.668028726784086,2.7378795928084276,2.825317063015396,2.6261497039453214,0.06830126490102238,CD,1,positive
S_00,S_00,0,303,q_noise,496,496,439,1,496,0,0,0,0,fraction,0.4254407629581458,0.43894338318988046,0.4483336564044609,0.4536956765081581,0.4590006469593667,0.46763242396980265,0.4782440171751405,0.45369131118944894,0.008593478276173816,CD,1,positive
S_00,S_00,0,404,snr_p_db,496,496,439,1,496,0,0,0,0,dB,2.380377892387395,2.495858079909249,2.5704602884148064,2.6221452686273494,2.670107024799097,2.742996502504075,2.836505803369551,2.620252564292376,0.07587660961664834,CD,1,positive
S_00,S_00,0,404,delta_p_db,496,496,439,1,496,0,0,0,0,dB,2.3803778969475298,2.4958580732940807,2.570460291863007,2.622145266477184,2.670107015569084,2.7429964980572277,2.8365057998887453,2.6202525642140038,0.07587660981665166,CD,1,positive
S_00,S_00,0,404,q_noise,496,496,439,1,496,0,0,0,0,fraction,0.42195533727331247,0.4371232776966709,0.4467088799306512,0.4532555928549636,0.45925948718479725,0.4682591805170907,0.47958658468206633,0.45293312984813255,0.009569266713779204,CD,1,positive
S_00,S_00,0,505,snr_p_db,496,496,439,1,496,0,0,0,0,dB,2.4327389620237385,2.506244393732288,2.5671680906877183,2.6207517507858524,2.667717150431146,2.725687829655015,2.8942117193418184,2.6178358961975214,0.06970073685492459,CD,1,positive
S_00,S_00,0,505,delta_p_db,496,496,439,1,496,0,0,0,0,dB,2.432738964583211,2.506244401138023,2.567168089438453,2.6207517516113654,2.667717154141087,2.725687827371684,2.8942117206811444,2.617835896322415,0.06970073692223948,CD,1,positive
S_00,S_00,0,505,q_noise,496,496,439,1,496,0,0,0,0,fraction,0.4288821271553978,0.43846705259879626,0.4462891090155199,0.45307907572953465,0.45896167028960566,0.4661356365953394,0.4864550079828823,0.45264170534869386,0.00878539389251833,CD,1,positive
S_00,S_00,0,8128,snr_p_db,496,496,439,1,496,0,0,0,0,dB,2.40195323203557,2.506224787918788,2.5688440588026826,2.619614434485345,2.66627350510725,2.730974943101787,2.8585390004343236,2.618857275683415,0.07002151485974822,CD,1,positive
S_00,S_00,0,8128,delta_p_db,496,496,439,1,496,0,0,0,0,dB,2.4019532326922195,2.5062247940531077,2.568844057492691,2.6196144396957735,2.6662735056867346,2.7309749412978563,2.8585389966658505,2.6188572761990794,0.07002151469734028,CD,1,positive
S_00,S_00,0,8128,q_noise,496,496,439,1,496,0,0,0,0,fraction,0.42481906828120314,0.4384646030902357,0.44650336614460745,0.45293601637378095,0.458781753653719,0.46678567895188133,0.4822194758583077,0.452769787362593,0.008820500962128164,CD,1,positive
S_00,S_00,5,101,snr_p_db,496,496,439,1,496,0,0,0,0,dB,7.448422567580662,7.510549836517437,7.5773279414267565,7.621079567106412,7.6694254412981495,7.740498130370293,7.812346556036926,7.62405574624459,0.06836877507297162,CD,1,positive
S_00,S_00,5,101,delta_p_db,496,496,439,1,496,0,0,0,0,dB,2.44842267313423,2.51054993924254,2.577328053603058,2.6210796831091256,2.6694255526642165,2.740498245268102,2.8123466716093266,2.6240558581026523,0.06836877507821305,CD,1,positive
S_00,S_00,5,101,q_noise,496,496,439,1,496,0,0,0,0,fraction,0.43094070404249374,0.4390238449092668,0.4475836906540105,0.45312108234377746,0.4591744945614509,0.467953749705367,0.4766826462626662,0.45342775314463973,0.008600537797075517,CD,1,positive
S_00,S_00,5,202,snr_p_db,496,496,439,1,496,0,0,0,0,dB,7.419538377980438,7.498239972378937,7.566722273073044,7.622637137901108,7.673411707292455,7.743602799084275,7.851094839926144,7.620823885711683,0.07608001773188962,CD,1,positive
S_00,S_00,5,202,delta_p_db,496,496,439,1,496,0,0,0,0,dB,2.4195384829288513,2.498240079746253,2.5667223918617648,2.622637241497464,2.6734118274697694,2.7436029025733957,2.8510949377699006,2.6208239974206684,0.07608001735586745,CD,1,positive
S_00,S_00,5,202,q_noise,496,496,439,1,496,0,0,0,0,fraction,0.4271453454747901,0.43743128475191223,0.44623248616698297,0.4533165485735165,0.45967096186643813,0.4683337069331664,0.4813315186115978,0.45300471746842064,0.009583504788691494,CD,1,positive
S_00,S_00,5,303,snr_p_db,496,496,439,1,496,0,0,0,0,dB,7.406641821858029,7.509927012625373,7.583230585658048,7.625644480391532,7.668028617087623,7.737879474692913,7.825316952918789,7.626149591865322,0.06830126562889823,CD,1,positive
S_00,S_00,5,303,delta_p_db,496,496,439,1,496,0,0,0,0,dB,2.4066419397462253,2.509927128270846,2.583230698776868,2.6256445812408042,2.6680287286225544,2.7378795935874427,2.825317066044091,2.6261497038830175,0.06830126527069653,CD,1,positive
S_00,S_00,5,303,q_noise,496,496,439,1,496,0,0,0,0,fraction,0.4254407629521784,0.43894338238292163,0.4483336566068971,0.4536956767722604,0.45900064718835726,0.4676324240653946,0.47824401753900425,0.45369131118088174,0.008593478322816355,CD,1,positive
S_00,S_00,5,404,snr_p_db,496,496,439,1,496,0,0,0,0,dB,7.380377781679518,7.495857960518418,7.570460169146843,7.62214515710868,7.670106897440037,7.742996389506074,7.836505695575042,7.620252452509016,0.07587660975499669,CD,1,positive
S_00,S_00,5,404,delta_p_db,496,496,439,1,496,0,0,0,0,dB,2.380377902067689,2.4958580733523283,2.570460280558347,2.622145266347171,2.6701070059870506,2.742996500083889,2.836505798347785,2.6202525642032546,0.07587660978611095,CD,1,positive
S_00,S_00,5,404,q_noise,496,496,439,1,496,0,0,0,0,fraction,0.4219553379548042,0.4371232777042865,0.4467088784904704,0.45325559283863603,0.4592594859917142,0.46825918076512757,0.4795865844974137,0.45293312984684625,0.009569266709792032,CD,1,positive
S_00,S_00,5,505,snr_p_db,496,496,439,1,496,0,0,0,0,dB,7.432738849676213,7.506244288818694,7.5671679817857616,7.6207516349311515,7.6677170325602955,7.725687706165481,7.8942116096184245,7.617835784016324,0.0697007366745523,CD,1,positive
S_00,S_00,5,505,delta_p_db,496,496,439,1,496,0,0,0,0,dB,2.4327389717993726,2.5062443968722268,2.5671680951240767,2.6207517554151156,2.6677171540024855,2.7256878159027442,2.89421172391663,2.6178358964549635,0.06970073669126196,CD,1,positive
S_00,S_00,5,505,q_noise,496,496,439,1,496,0,0,0,0,fraction,0.4288821281043572,0.43846705204724,0.4462891097404121,0.45307907620854326,0.45896167027231477,0.4661356351853557,0.4864550083654724,0.4526417053658695,0.008785393862444936,CD,1,positive
S_00,S_00,5,8128,snr_p_db,496,496,439,1,496,0,0,0,0,dB,7.401953114274961,7.506224676684827,7.5688439429410685,7.619614331515267,7.6662734037308145,7.730974831716778,7.858538872625066,7.618857163886991,0.07002151436176243,CD,1,positive
S_00,S_00,5,8128,delta_p_db,496,496,439,1,496,0,0,0,0,dB,2.401953228662283,2.5062247939400515,2.5688440560683774,2.6196144403002997,2.6662735028212663,2.7309749385513933,2.8585389956668887,2.618857275802488,0.07002151446324063,CD,1,positive
S_00,S_00,5,8128,q_noise,496,496,439,1,496,0,0,0,0,fraction,0.42481906774747713,0.4384646030756122,0.4465033659630895,0.4529360164499526,0.45878175329662146,0.46678567861466186,0.4822194757392081,0.4527697873131037,0.008820500931904627,CD,1,positive
S_00,S_00,10,101,snr_p_db,496,496,439,1,496,0,0,0,0,dB,12.448422741307304,12.51054999900516,12.577328110105631,12.621079755364907,12.669425604259263,12.740498286447837,12.812346714997844,12.624055916565082,0.06836877399095587,CD,1,positive
S_00,S_00,10,101,delta_p_db,496,496,439,1,496,0,0,0,0,dB,2.4484226795458546,2.51054993969826,2.5773280528032076,2.621079688749751,2.669425546176883,2.7404982328926195,2.8123466611536663,2.6240558582843154,0.0683687740228657,CD,1,positive
S_00,S_00,10,101,q_noise,496,496,439,1,496,0,0,0,0,fraction,0.4309407048826137,0.4390238449681371,0.4475836905522873,0.45312108305407944,0.45917449375363656,0.4679537481892825,0.47668264500277713,0.453427753169587,0.008600537664205939,CD,1,positive
S_00,S_00,10,202,snr_p_db,496,496,439,1,496,0,0,0,0,dB,12.419538550661906,12.49824013761637,12.566722440242078,12.622637283968096,12.67341188315453,12.743602950896143,12.851095005140474,12.620824055960439,0.07608001810642905,CD,1,positive
S_00,S_00,10,202,delta_p_db,496,496,439,1,496,0,0,0,0,dB,2.4195384845516523,2.498240070548817,2.5667223921089244,2.6226372357300938,2.6734118399141433,2.7436029016131,2.8510949335147364,2.620823997816176,0.07608001814072829,CD,1,positive
S_00,S_00,10,202,q_noise,496,496,439,1,496,0,0,0,0,fraction,0.4271453456888451,0.4374312835606604,0.4462324861984796,0.45331654784752706,0.4596709634147056,0.46833370681559994,0.4813315181034128,0.4530047175164977,0.009583504888276554,CD,1,positive
S_00,S_00,10,303,snr_p_db,496,496,439,1,496,0,0,0,0,dB,12.406642005297524,12.50992718881197,12.583230754056663,12.625644648384199,12.668028786189286,12.737879651637881,12.82531710403661,12.626149761910755,0.06830126505664584,CD,1,positive
S_00,S_00,10,303,delta_p_db,496,496,439,1,496,0,0,0,0,dB,2.4066419457611192,2.5099271352663215,2.58323069941366,2.6256445856121102,2.668028722145289,2.7378796005868704,2.825317052340553,2.6261497037016763,0.06830126524923383,CD,1,positive
S_00,S_00,10,303,q_noise,496,496,439,1,496,0,0,0,0,fraction,0.4254407637479317,0.43894338328664384,0.4483336566877834,0.4536956773222091,0.4590006463815192,0.46763242492386314,0.4782440158926781,0.45369131115811395,0.00859347832024181,CD,1,positive
S_00,S_00,10,404,snr_p_db,496,496,439,1,496,0,0,0,0,dB,12.38037798652162,12.495858145724906,12.570460346819088,12.622145311871039,12.670107092116588,12.74299654066729,12.836505843281085,12.620252622982186,0.07587660911880507,CD,1,positive
S_00,S_00,10,404,delta_p_db,496,496,439,1,496,0,0,0,0,dB,2.380377912376336,2.4958580797035514,2.57046028529558,2.6221452655216475,2.670107019597428,2.742996486574512,2.8365057951311705,2.6202525645133012,0.07587660993962103,CD,1,positive
S_00,S_00,10,404,q_noise,496,496,439,1,496,0,0,0,0,fraction,0.42195533932688195,0.43712327852729427,0.4467088790939688,0.4532555927346811,0.4592594876863906,0.46825917911098425,0.479586584111968,0.4529331298855676,0.009569266727914735,CD,1,positive
S_00,S_00,10,505,snr_p_db,496,496,439,1,496,0,0,0,0,dB,12.432739017958665,12.506244450292389,12.567168139811763,12.620751817567719,12.667717215279694,12.72568787007685,12.894211771743453,12.6178359543955,0.06970073591017256,CD,1,positive
S_00,S_00,10,505,delta_p_db,496,496,439,1,496,0,0,0,0,dB,2.432738957511758,2.5062444000955924,2.5671680914761636,2.620751750982331,2.667717155779473,2.725687815345888,2.8942117264994947,2.617835896385927,0.06970073600728278,CD,1,positive
S_00,S_00,10,505,q_noise,496,496,439,1,496,0,0,0,0,fraction,0.428882126225468,0.43846705246401385,0.4462891092753318,0.45307907565031313,0.4589616704938273,0.4661356351168988,0.48645500867089114,0.4526417053585607,0.008785393774245273,CD,1,positive
S_00,S_00,10,8128,snr_p_db,496,496,439,1,496,0,0,0,0,dB,12.401953299183885,12.506224831389542,12.568844120725002,12.619614492500846,12.66627355979848,12.730975004221877,12.858539053277799,12.61885733455686,0.07002151434173849,CD,1,positive
S_00,S_00,10,8128,delta_p_db,496,496,439,1,496,0,0,0,0,dB,2.401953239953275,2.5062247901753523,2.56884407122849,2.619614438408058,2.6662735062350897,2.730974945025268,2.8585389937486188,2.6188572761162816,0.07002151443277514,CD,1,positive
S_00,S_00,10,8128,q_noise,496,496,439,1,496,0,0,0,0,fraction,0.4248190692428595,0.4384646025888618,0.44650336789519146,0.4529360162115271,0.45878175372205837,0.466785679409515,0.4822194755105055,0.45276978735269574,0.0088205009290825,CD,1,positive
S_01,S_01,0,101,snr_p_db,496,496,439,1,496,0,0,0,0,dB,1.4430012329588546,1.5333645035058723,1.5972876535491585,1.6358887983670924,1.683331250507006,1.7393871074954839,1.8147495495274082,1.636974200564585,0.06276552403996088,CD,1,positive
S_01,S_01,0,101,delta_p_db,496,496,439,1,496,0,0,0,0,dB,1.443001231974389,1.5333645030058216,1.597287655433248,1.635888799141406,1.683331249841143,1.7393871033215245,1.8147495542832068,1.6369742004370333,0.06276552405261952,CD,1,positive
S_01,S_01,0,101,q_noise,496,496,439,1,496,0,0,0,0,fraction,0.2827025210899797,0.2974726348363915,0.3077386768319372,0.3138638208133899,0.3213176067168574,0.33002098849651457,0.3415478352211058,0.31396333253401576,0.009918957828423386,CD,1,positive
S_01,S_01,0,202,snr_p_db,496,496,439,1,496,0,0,0,0,dB,1.4160371399878693,1.5343681571596597,1.5915052683595692,1.627799492996394,1.6756577858240442,1.73842938422127,1.8292513563831188,1.6324205651816697,0.0641195881588563,CD,1,positive
S_01,S_01,0,202,delta_p_db,496,496,439,1,496,0,0,0,0,dB,1.4160371346992606,1.5343681600217185,1.5915052709864224,1.627799484338989,1.6756577891937117,1.7384293850543482,1.82925135801494,1.6324205654485222,0.06411958798469643,CD,1,positive
S_01,S_01,0,202,q_noise,496,496,439,1,496,0,0,0,0,fraction,0.2782348550539887,0.29763486838659065,0.3068150469157933,0.31258418796061405,0.3201174104965001,0.3298735912772117,0.3437432413269339,0.31324058183203213,0.010129976385486229,CD,1,positive
S_01,S_01,0,303,snr_p_db,496,496,439,1,496,0,0,0,0,dB,1.481385545175837,1.5457652554138883,1.5975499864066915,1.6377273711173732,1.6820455374078152,1.7416756122856896,1.8319433186047986,1.6396567243558198,0.059453839303224176,CD,1,positive
S_01,S_01,0,303,delta_p_db,496,496,439,1,496,0,0,0,0,dB,1.4813855444851143,1.5457652523394612,1.5975499877785375,1.637727376045055,1.6820455336614877,1.7416756039850543,1.8319433246797734,1.639656724025809,0.05945383919260374,CD,1,positive
S_01,S_01,0,303,q_noise,496,496,439,1,496,0,0,0,0,fraction,0.28901445768924816,0.2994766888137089,0.30777997739828983,0.31415372203543024,0.3211168831269192,0.33037428788288,0.34414856690459744,0.3143943583885158,0.009375187683563322,CD,1,positive
S_01,S_01,0,404,snr_p_db,496,496,439,1,496,0,0,0,0,dB,1.467081461500078,1.5365819813741897,1.5975854985014761,1.6373738168646703,1.6750514949940896,1.7303893542911628,1.7931452701826274,1.6357608042728857,0.05949246159016861,CD,1,positive
S_01,S_01,0,404,delta_p_db,496,496,439,1,496,0,0,0,0,dB,1.4670814615766712,1.536581977029503,1.5975854883896947,1.6373738180195048,1.6750514984896365,1.7303893499858236,1.7931452678424666,1.635760804456039,0.05949246147740094,CD,1,positive
S_01,S_01,0,404,q_noise,496,496,439,1,496,0,0,0,0,fraction,0.28666841581600533,0.29799263636852996,0.30778470642206174,0.31409841840310393,0.32002269757061996,0.3286315994684706,0.3382633911755255,0.3137788824357934,0.009407591508727404,CD,1,positive
S_01,S_01,0,505,snr_p_db,496,496,439,1,496,0,0,0,0,dB,1.4780238862730153,1.5289483525611667,1.5929249084394517,1.6330498033186722,1.6718228766133307,1.7350902020126702,1.8448194610227875,1.6329739282484592,0.06071251198150299,CD,1,positive
S_01,S_01,0,505,delta_p_db,496,496,439,1,496,0,0,0,0,dB,1.4780238844085767,1.5289483477669195,1.5929249092819942,1.6330498035591008,1.6718228715443746,1.7350901976158142,1.8448194625554757,1.6329739282744702,0.060712511531628786,CD,1,positive
S_01,S_01,0,505,q_noise,496,496,439,1,496,0,0,0,0,fraction,0.288463722117088,0.29675833739488217,0.3070413013601733,0.31341452564526007,0.31951668358381663,0.32935802988654034,0.3460903155868952,0.3133357837281372,0.009594371781463424,CD,1,positive
S_01,S_01,0,8128,snr_p_db,496,496,439,1,496,0,0,0,0,dB,1.475450057379689,1.546904694716183,1.594358610041107,1.63512184495863,1.6766960871170022,1.7389522372884891,1.8372949012816169,1.6372893181781065,0.0581339883479451,CD,1,positive
S_01,S_01,0,8128,delta_p_db,496,496,439,1,496,0,0,0,0,dB,1.4754500630811604,1.5469046907657353,1.594358611400484,1.6351218467704551,1.6766960860320865,1.73895223117465,1.8372949009058397,1.6372893183679726,0.058133988338062416,CD,1,positive
S_01,S_01,0,8128,q_noise,496,496,439,1,496,0,0,0,0,fraction,0.2880412976166515,0.2996596272268795,0.3072706356297843,0.3137425440581403,0.32027995951624294,0.32995410908382994,0.34495678725472445,0.314023355771555,0.009167683318480934,CD,1,positive
S_01,S_01,5,101,snr_p_db,496,496,439,1,496,0,0,0,0,dB,6.443001112035532,6.533364411102184,6.597287536031951,6.635888686303957,6.683331140367143,6.739386993036605,6.814749434496682,6.636974088815262,0.06276552371885243,CD,1,positive
S_01,S_01,5,101,delta_p_db,496,496,439,1,496,0,0,0,0,dB,1.443001228360068,1.533364509743493,1.5972876505692728,1.6358888008507835,1.6833312511707752,1.7393871120441782,1.8147495538878358,1.636974200646222,0.06276552418803147,CD,1,positive
S_01,S_01,5,101,q_noise,496,496,439,1,496,0,0,0,0,fraction,0.28270252049302447,0.29747263592629136,0.3077386760566412,0.313863821083452,0.3213176069246443,0.33002098984214345,0.34154783516116205,0.31396333256675135,0.009918957849450198,CD,1,positive
S_01,S_01,5,202,snr_p_db,496,496,439,1,496,0,0,0,0,dB,6.416037014719001,6.5343680419391665,6.591505149097737,6.627799379391169,6.675657671379649,6.738429279226338,6.829251248958319,6.632420453625879,0.06411958833126236,CD,1,positive
S_01,S_01,5,202,delta_p_db,496,496,439,1,496,0,0,0,0,dB,1.4160371301726218,1.534368159353805,1.5915052623529728,1.6277994829001123,1.6756577912984625,1.738429389884009,1.8292513542036781,1.632420565248097,0.06411958811819793,CD,1,positive
S_01,S_01,5,202,q_noise,496,496,439,1,496,0,0,0,0,fraction,0.2782348543016949,0.2976348682786809,0.30681504553781247,0.3125841877328637,0.3201174108259047,0.32987359202243444,0.3437432407510191,0.31324058180002595,0.01012997640735898,CD,1,positive
S_01,S_01,5,303,snr_p_db,496,496,439,1,496,0,0,0,0,dB,6.481385442661262,6.545765145916863,6.597549878320567,6.63772726393238,6.682045425880663,6.741675482794389,6.831943223378222,6.639656612143404,0.05945383903152979,CD,1,positive
S_01,S_01,5,303,delta_p_db,496,496,439,1,496,0,0,0,0,dB,1.4813855408823322,1.5457652506125774,1.5975499877277868,1.6377273768756577,1.682045535351699,1.7416756030210396,1.8319433350562744,1.639656723877808,0.05945383935257624,CD,1,positive
S_01,S_01,5,303,q_noise,496,496,439,1,496,0,0,0,0,fraction,0.2890144570994351,0.29947668853516113,0.3077799773901878,0.3141537221666767,0.3211168833911107,0.33037428773420247,0.3441485684716086,0.31439435836480983,0.009375187708433886,CD,1,positive
S_01,S_01,5,404,snr_p_db,496,496,439,1,496,0,0,0,0,dB,6.4670813593246415,6.536581856751145,6.597585381773011,6.637373698517658,6.67505138443714,6.730389233788896,6.793145161209319,6.63576069274685,0.05949246088480838,CD,1,positive
S_01,S_01,5,404,delta_p_db,496,496,439,1,496,0,0,0,0,dB,1.4670814690912748,1.5365819716247353,1.5975854874366735,1.6373738193274452,1.6750514950716768,1.7303893463413933,1.793145267119076,1.6357608044178247,0.059492461099559225,CD,1,positive
S_01,S_01,5,404,q_noise,496,496,439,1,496,0,0,0,0,fraction,0.286668417050284,0.29799263549492927,0.30778470627014615,0.3140984186096857,0.3200226970355547,0.32863159890508425,0.3382633910653021,0.31377888243057306,0.009407591448760013,CD,1,positive
S_01,S_01,5,505,snr_p_db,496,496,439,1,496,0,0,0,0,dB,6.478023766788061,6.528948229273084,6.592924806363178,6.633049688647908,6.671822754016628,6.735090087908475,6.844819329087436,6.632973815991141,0.060712511265177405,CD,1,positive
S_01,S_01,5,505,delta_p_db,496,496,439,1,496,0,0,0,0,dB,1.4780238845881413,1.5289483390199752,1.5929249166492672,1.6330498014158323,1.6718228720045731,1.7350901921717343,1.8448194602985555,1.6329739282127453,0.06071251142694053,CD,1,positive
S_01,S_01,5,505,q_noise,496,496,439,1,496,0,0,0,0,fraction,0.28846372214650745,0.2967583359786393,0.3070413025356915,0.31341452530642266,0.31951668365589675,0.3293580290458647,0.3460903152470747,0.3133357837186052,0.009594371765795012,CD,1,positive
S_01,S_01,5,8128,snr_p_db,496,496,439,1,496,0,0,0,0,dB,6.475449949095219,6.546904598082035,6.594358503160191,6.635121733792805,6.676695972876102,6.738952128845756,6.837294782656813,6.637289206115602,0.05813398827818736,CD,1,positive
S_01,S_01,5,8128,delta_p_db,496,496,439,1,496,0,0,0,0,dB,1.475450057677621,1.546904700482723,1.5943586142789616,1.6351218480100913,1.6766960832646252,1.7389522363930667,1.8372949041262243,1.6372893183025699,0.05813398846482923,CD,1,positive
S_01,S_01,5,8128,q_noise,496,496,439,1,496,0,0,0,0,fraction,0.28804129673082485,0.29965962879381575,0.30727063608891186,0.3137425442540235,0.320279959083107,0.3299541098891349,0.3449567877404527,0.3140233557609598,0.009167683338041115,CD,1,positive
S_01,S_01,10,101,snr_p_db,496,496,439,1,496,0,0,0,0,dB,11.443001296272232,11.53336455292405,11.597287720741345,11.635888844994255,11.683331311437966,11.73938716399332,11.81474960651483,11.636974258740489,0.06276552407504431,CD,1,positive
S_01,S_01,10,101,delta_p_db,496,496,439,1,496,0,0,0,0,dB,1.4430012288198006,1.5333645018212732,1.5972876588628997,1.6358888008244026,1.6833312525429602,1.7393871055896282,1.8147495451383608,1.6369742004491383,0.0627655240637756,CD,1,positive
S_01,S_01,10,101,q_noise,496,496,439,1,496,0,0,0,0,fraction,0.2827025205689558,0.29747263464484064,0.3077386773786397,0.3138638210792841,0.32131760713910174,0.3300209888464098,0.3415478338346173,0.31396333253589304,0.009918957832124878,CD,1,positive
S_01,S_01,10,202,snr_p_db,496,496,439,1,496,0,0,0,0,dB,11.41603718544946,11.534368232338695,11.591505304758257,11.627799539353939,11.675657844067468,11.738429433818046,11.829251430128814,11.632420623648269,0.06411958786276985,CD,1,positive
S_01,S_01,10,202,delta_p_db,496,496,439,1,496,0,0,0,0,dB,1.4160371349159466,1.5343681658467403,1.5915052649344612,1.6277994773597797,1.6756577870235794,1.7384293858475068,1.829251359585708,1.6324205657132709,0.06411958794513224,CD,1,positive
S_01,S_01,10,202,q_noise,496,496,439,1,496,0,0,0,0,fraction,0.2782348550900002,0.29763486932874444,0.3068150459498409,0.31258418685592215,0.32011741015670975,0.3298735913995638,0.3437432415642906,0.31324058187399306,0.010129976377904646,CD,1,positive
S_01,S_01,10,303,snr_p_db,496,496,439,1,496,0,0,0,0,dB,11.481385580385046,11.5457653086882,11.597550044600226,11.637727433807957,11.682045588076015,11.741675665641072,11.831943370127602,11.639656781746073,0.05945383901373189,CD,1,positive
S_01,S_01,10,303,delta_p_db,496,496,439,1,496,0,0,0,0,dB,1.481385542525607,1.5457652483378754,1.597549988919888,1.637727375144238,1.6820455290555212,1.7416756024099478,1.8319433317397862,1.6396567236396633,0.059453839204006445,CD,1,positive
S_01,S_01,10,303,q_noise,496,496,439,1,496,0,0,0,0,fraction,0.2890144573684563,0.2994766881682591,0.30777997758011877,0.31415372189322044,0.3211168824068792,0.3303742876400082,0.3441485679707678,0.31439435832753626,0.009375187685253316,CD,1,positive
S_01,S_01,10,404,snr_p_db,496,496,439,1,496,0,0,0,0,dB,11.467081509965862,11.536582045141873,11.597585555546043,11.637373888528536,11.675051547693613,11.730389399204746,11.793145318904973,11.635760862788446,0.05949246119614722,CD,1,positive
S_01,S_01,10,404,delta_p_db,496,496,439,1,496,0,0,0,0,dB,1.4670814631832592,1.5365819760340864,1.5975854866063872,1.6373738210124402,1.675051489696914,1.7303893477746073,1.793145263995555,1.6357608043056369,0.05949246167340616,CD,1,positive
S_01,S_01,10,404,q_noise,496,496,439,1,496,0,0,0,0,fraction,0.2866684160798884,0.2979926362076594,0.30778470613784853,0.31409841887580514,0.32002269619389706,0.3286315991266429,0.33826339058936966,0.3137788824116043,0.00940759154021296,CD,1,positive
S_01,S_01,10,505,snr_p_db,496,496,439,1,496,0,0,0,0,dB,11.478023961616087,11.528948392338396,11.592924975551396,11.633049844944818,11.6718229253328,11.735090254691787,11.84481951158638,11.632973986463272,0.06071251189691395,CD,1,positive
S_01,S_01,10,505,delta_p_db,496,496,439,1,496,0,0,0,0,dB,1.47802389442652,1.5289483421951666,1.592924911850758,1.633049800702763,1.6718228689278114,1.735090199819544,1.8448194607916188,1.6329739283936697,0.06071251148856259,CD,1,positive
S_01,S_01,10,505,q_noise,496,496,439,1,496,0,0,0,0,fraction,0.2884637237584006,0.2967583364927619,0.30704130177004246,0.3134145251936922,0.31951668317380133,0.32935803022685,0.34609031532131435,0.31333578374708376,0.009594371773325363,CD,1,positive
S_01,S_01,10,8128,snr_p_db,496,496,439,1,496,0,0,0,0,dB,11.475450113488094,11.546904760035094,11.59435868549322,11.635121904335822,11.676696135086495,11.738952308029669,11.83729496256256,11.63728937698596,0.05813398775868252,CD,1,positive
S_01,S_01,10,8128,delta_p_db,496,496,439,1,496,0,0,0,0,dB,1.475450064340953,1.5469046934056914,1.5943586196748327,1.635121844021573,1.6766960850824533,1.7389522392185568,1.8372949089605752,1.6372893185872706,0.058133988180019996,CD,1,positive
S_01,S_01,10,8128,q_noise,496,496,439,1,496,0,0,0,0,fraction,0.2880412978231751,0.2996596276525853,0.3072706369495941,0.3137425436237715,0.32027995936760817,0.32995411032504324,0.3449567884696143,0.3140233558065191,0.00916768329477571,CD,1,positive
S_02,S_02,0,101,snr_p_db,496,496,439,1,496,0,0,0,0,dB,1.0001246338202041,1.0593916324625765,1.1070151189091972,1.144405435208388,1.180879560029754,1.2334505464567638,1.3025977734749898,1.1450250381019762,0.05309110033402058,CD,1,positive
S_02,S_02,0,101,delta_p_db,496,496,439,1,496,0,0,0,0,dB,1.0001246270693402,1.0593916338517924,1.1070151165802902,1.1444054396805088,1.1808795545121993,1.2334505469487949,1.3025977740541572,1.1450250378591562,0.053091100552028106,CD,1,positive
S_02,S_02,0,101,q_noise,496,496,439,1,496,0,0,0,0,fraction,0.20569534894064534,0.21646083426147403,0.22500662523917067,0.23164989515652654,0.2380765012504605,0.24724361132064454,0.2591344378112952,0.23170262454092738,0.009389962609405651,CD,1,positive
S_02,S_02,0,202,snr_p_db,496,496,439,1,496,0,0,0,0,dB,0.9755866573349083,1.046445696023306,1.1028137771558797,1.1401044537079152,1.1788623293065956,1.229509960129734,1.3208884645677852,1.1403172825043675,0.05550962229101282,CD,1,positive
S_02,S_02,0,202,delta_p_db,496,496,439,1,496,0,0,0,0,dB,0.9755866561819292,1.0464456896464236,1.1028137726386047,1.1401044508921485,1.1788623334143602,1.2295099643124237,1.3208884591007044,1.1403172824928567,0.055509622355144526,CD,1,positive
S_02,S_02,0,202,q_noise,496,496,439,1,496,0,0,0,0,fraction,0.2011946711633312,0.21412285055195607,0.22425647511483326,0.23088911427542808,0.2377215980342042,0.246560631586941,0.2622474230665816,0.2308640061954585,0.009825704471179409,CD,1,positive
S_02,S_02,0,303,snr_p_db,496,496,439,1,496,0,0,0,0,dB,1.0213730173761002,1.0642236234077052,1.108610277329076,1.141558669497529,1.1783403327945314,1.2315064240641242,1.2908497408054682,1.1446366363869809,0.050263958710191535,CD,1,positive
S_02,S_02,0,303,delta_p_db,496,496,439,1,496,0,0,0,0,dB,1.0213730144424196,1.0642236275514392,1.108610270828665,1.1415586780598195,1.1783403359791165,1.2315064190932552,1.2908497402537222,1.1446366362274158,0.05026395912054753,CD,1,positive
S_02,S_02,0,303,q_noise,496,496,439,1,496,0,0,0,0,fraction,0.20957146631250545,0.2173331358706665,0.22529054224795006,0.23114610007150954,0.2376303929705576,0.2469087577182167,0.2571265534073426,0.2316398775889779,0.008883319207424866,CD,1,positive
S_02,S_02,0,404,snr_p_db,496,496,439,1,496,0,0,0,0,dB,0.977949843495498,1.0571136063107889,1.1111425345219705,1.1487019885563645,1.1819545229607278,1.229209595039373,1.3029682456535805,1.1459079634095835,0.0520250004282924,CD,1,positive
S_02,S_02,0,404,delta_p_db,496,496,439,1,496,0,0,0,0,dB,0.9779498424501577,1.0571136094453955,1.1111425284937748,1.1487019874809294,1.181954530595697,1.2292095978725863,1.3029682396953537,1.1459079631136846,0.052025000432528445,CD,1,positive
S_02,S_02,0,404,q_noise,496,496,439,1,496,0,0,0,0,fraction,0.20162925545722396,0.21605077782977766,0.2257431867609585,0.23240998128353774,0.23826522028092106,0.24650790127688582,0.2591979597303634,0.2318610441804687,0.009208894435280742,CD,1,positive
S_02,S_02,0,505,snr_p_db,496,496,439,1,496,0,0,0,0,dB,0.975749170267891,1.0582977366687958,1.1101596501128497,1.1432664587122066,1.1745740718668427,1.233524514397151,1.3189917934435789,1.1431910864669703,0.053109443653390404,CD,1,positive
S_02,S_02,0,505,delta_p_db,496,496,439,1,496,0,0,0,0,dB,0.9757491657462045,1.0582977430725493,1.1101596531146984,1.1432664637078598,1.1745740705942491,1.2335245136637056,1.318991797528638,1.1431910866658328,0.053109443763113204,CD,1,positive
S_02,S_02,0,505,q_noise,496,496,439,1,496,0,0,0,0,fraction,0.20122534690192406,0.2162635252595308,0.22556741797950872,0.23144988035399483,0.236968732487025,0.24725578795908665,0.26192540027472655,0.23137807935841095,0.00939702148996591,CD,1,positive
S_02,S_02,0,8128,snr_p_db,496,496,439,1,496,0,0,0,0,dB,1.0139007061981096,1.0668902439832564,1.1125323525439998,1.1446974915330481,1.1798817342089924,1.2315274112253825,1.2805623144821823,1.1461934443425417,0.04944721834400174,CD,1,positive
S_02,S_02,0,8128,delta_p_db,496,496,439,1,496,0,0,0,0,dB,1.0139007033675913,1.0668902428576943,1.1125323457370015,1.1446974999267874,1.1798817306419283,1.231527409226735,1.2805623050862358,1.1461934448394018,0.04944721836221767,CD,1,positive
S_02,S_02,0,8128,q_noise,496,496,439,1,496,0,0,0,0,fraction,0.208211309270232,0.21781302554352414,0.2259904086913565,0.23170202605239165,0.2379016644225881,0.2469098392525258,0.2553650339502438,0.2319168803039765,0.008744846310842725,CD,1,positive
S_02,S_02,5,101,snr_p_db,496,496,439,1,496,0,0,0,0,dB,6.0001245034316595,6.059391530469241,6.107015003022708,6.144405322567479,6.180879444284465,6.233450430061122,6.30259766843716,6.14502492586817,0.05309109999269794,CD,1,positive
S_02,S_02,5,101,delta_p_db,496,496,439,1,496,0,0,0,0,dB,1.0001246267342796,1.0593916392001632,1.107015115065078,1.1444054392800513,1.1808795499451716,1.233450544281005,1.302597781095924,1.1450250379194515,0.05309110048625978,CD,1,positive
S_02,S_02,5,101,q_noise,496,496,439,1,496,0,0,0,0,fraction,0.20569534887936422,0.21646083522640172,0.22500662496875484,0.2316498950856742,0.23807650044924092,0.2472436108582403,0.2591344390125544,0.23170262455173946,0.009389962596795032,CD,1,positive
S_02,S_02,5,202,snr_p_db,496,496,439,1,496,0,0,0,0,dB,5.97558654384049,6.04644558842096,6.102813664636137,6.140104343231986,6.178862215540713,6.229509845927069,6.320888346222395,6.140317170814308,0.05550962274434863,CD,1,positive
S_02,S_02,5,202,delta_p_db,496,496,439,1,496,0,0,0,0,dB,0.9755866504646877,1.046445695440379,1.1028137725482523,1.1401044506641458,1.1788623319368778,1.2295099651275554,1.3208884585815897,1.1403172829032384,0.055509622482503684,CD,1,positive
S_02,S_02,5,202,q_noise,496,496,439,1,496,0,0,0,0,fraction,0.20119467011174916,0.21412285160033845,0.22425647509869434,0.23088911423504424,0.23772159777487645,0.2465606317283233,0.26224742297839765,0.23086400626784812,0.009825704493136736,CD,1,positive
S_02,S_02,5,303,snr_p_db,496,496,439,1,496,0,0,0,0,dB,6.021372900786197,6.064223524070044,6.1086101523439975,6.141558567679635,6.178340226101547,6.231506308970959,6.2908496306169495,6.144636524531948,0.050263958909445336,CD,1,positive
S_02,S_02,5,303,delta_p_db,496,496,439,1,496,0,0,0,0,dB,1.0213730081911987,1.0642236319734806,1.1086102680547893,1.14155867765015,1.178340335328357,1.2315064203806025,1.2908497434899084,1.1446366363597325,0.05026395903835342,CD,1,positive
S_02,S_02,5,303,q_noise,496,496,439,1,496,0,0,0,0,fraction,0.20957146517476516,0.21733313666754198,0.22529054175313948,0.23114609999898375,0.23763039285632004,0.24690875794152542,0.2571265539609018,0.23163987761255184,0.008883319193545776,CD,1,positive
S_02,S_02,5,404,snr_p_db,496,496,439,1,496,0,0,0,0,dB,5.977949731643974,6.057113505669937,6.111142412006316,6.148701876451332,6.181954409982917,6.22920947936758,6.302968127099393,6.14590785143667,0.05202500042323853,CD,1,positive
S_02,S_02,5,404,delta_p_db,496,496,439,1,496,0,0,0,0,dB,0.9779498418177126,1.0571136099318157,1.1111425292079624,1.1487019856162957,1.1819545349844194,1.2292095963014185,1.3029682426761326,1.145907962950152,0.05202500012941013,CD,1,positive
S_02,S_02,5,404,q_noise,496,496,439,1,496,0,0,0,0,fraction,0.20162925534096057,0.21605077791757193,0.22574318671942986,0.2324099809539782,0.238265221050734,0.24650790100428233,0.2591979602388127,0.2318610441521894,0.009208894381105857,CD,1,positive
S_02,S_02,5,505,snr_p_db,496,496,439,1,496,0,0,0,0,dB,5.975749073072977,6.058297635500137,6.110159529124011,6.1432663450869285,6.174573948786887,6.233524407962852,6.3189916796278025,6.143190974766612,0.05310944396490434,CD,1,positive
S_02,S_02,5,505,delta_p_db,496,496,439,1,496,0,0,0,0,dB,0.9757491720147629,1.058297743696181,1.1101596512175136,1.143266463788846,1.1745740709470984,1.2335245164719968,1.3189917999060339,1.143191086931282,0.05310944362597684,CD,1,positive
S_02,S_02,5,505,q_noise,496,496,439,1,496,0,0,0,0,fraction,0.20122534805486658,0.2162635253720703,0.2255674176412227,0.23144988036832675,0.2369687325489742,0.24725578844583315,0.26192540067876013,0.2313780794056893,0.009397021464473385,CD,1,positive
S_02,S_02,5,8128,snr_p_db,496,496,439,1,496,0,0,0,0,dB,6.013900587208612,6.066890126227537,6.1125322274554605,6.14469738203532,6.179881624575728,6.231527297807672,6.280562193499524,6.146193332761716,0.04944721843571879,CD,1,positive
S_02,S_02,5,8128,delta_p_db,496,496,439,1,496,0,0,0,0,dB,1.0139007026711753,1.0668902418839956,1.1125323447598419,1.1446974976183213,1.1798817294401815,1.23152741208757,1.2805623011055167,1.1461934448956643,0.04944721837115931,CD,1,positive
S_02,S_02,5,8128,q_noise,496,496,439,1,496,0,0,0,0,fraction,0.20821130914326424,0.2178130253681711,0.22599040851721972,0.23170202564404008,0.23790166421172415,0.24690983974860387,0.2553650332677156,0.2319168803139091,0.008744846312283573,CD,1,positive
S_02,S_02,10,101,snr_p_db,496,496,439,1,496,0,0,0,0,dB,11.00012467452305,11.059391703703369,11.107015173969797,11.144405497545073,11.180879602012348,11.23345060010309,11.30259781518089,11.145025095938625,0.05309110005752471,CD,1,positive
S_02,S_02,10,101,delta_p_db,496,496,439,1,496,0,0,0,0,dB,1.0001246276902473,1.0593916337911384,1.107015115405164,1.1444054418717116,1.1808795438931896,1.2334505428853308,1.3025977633929287,1.145025037724365,0.05309110016256206,CD,1,positive
S_02,S_02,10,101,q_noise,496,496,439,1,496,0,0,0,0,fraction,0.20569534905420644,0.21646083425055,0.2250066250294555,0.23164989554418036,0.2380764993874321,0.24724361061633005,0.25913443599258984,0.23170262451791712,0.009389962542055973,CD,1,positive
S_02,S_02,10,202,snr_p_db,496,496,439,1,496,0,0,0,0,dB,10.975586718048365,11.046445744868572,11.102813835270577,11.140104498792015,11.178862386124543,11.229510020808336,11.320888525840672,11.140317341092492,0.05550962158914523,CD,1,positive
S_02,S_02,10,202,delta_p_db,496,496,439,1,496,0,0,0,0,dB,0.9755866564477518,1.0464456874119974,1.1028137700408176,1.1401044509752971,1.1788623301904733,1.2295099645834182,1.3208884578459195,1.1403172827141703,0.055509622472278905,CD,1,positive
S_02,S_02,10,202,q_noise,496,496,439,1,496,0,0,0,0,fraction,0.20119467121222445,0.21412285014755775,0.22425647465080936,0.2308891142901488,0.23772159746834928,0.24656063163386568,0.26224742285342667,0.2308640062343881,0.009825704491552609,CD,1,positive
S_02,S_02,10,303,snr_p_db,496,496,439,1,496,0,0,0,0,dB,11.021373055473784,11.064223682738605,11.108610338388496,11.141558720582527,11.17834040100282,11.23150648505268,11.29084982779091,11.144636694340358,0.05026395925849851,CD,1,positive
S_02,S_02,10,303,delta_p_db,496,496,439,1,496,0,0,0,0,dB,1.0213730057202444,1.0642236275476065,1.1086102706879495,1.1415586730884257,1.1783403397260683,1.2315064243786014,1.2908497458585175,1.144636636223152,0.050263959049611055,CD,1,positive
S_02,S_02,10,303,q_noise,496,496,439,1,496,0,0,0,0,fraction,0.2095714647250443,0.21733313587000846,0.2252905422228532,0.23114609919139828,0.2376303936283283,0.24690875863498457,0.2571265543660592,0.23163987758836826,0.00888331919492063,CD,1,positive
S_02,S_02,10,404,snr_p_db,496,496,439,1,496,0,0,0,0,dB,10.977949912048617,11.057113668270176,11.11114259939223,11.148702050221598,11.181954578017276,11.229209650669976,11.302968313392538,11.14590802138929,0.05202500119705466,CD,1,positive
S_02,S_02,10,404,delta_p_db,496,496,439,1,496,0,0,0,0,dB,0.9779498469982073,1.057113608047134,1.1111425329183342,1.1487019903163995,1.1819545301198324,1.229209602460734,1.3029682374156137,1.1459079633073959,0.05202500054605098,CD,1,positive
S_02,S_02,10,404,q_noise,496,496,439,1,496,0,0,0,0,fraction,0.20162925629329959,0.21605077757736724,0.22574318717689376,0.23240998178469408,0.23826522019741248,0.2465079020729278,0.25919795934149453,0.23186104421449324,0.009208894454265308,CD,1,positive
S_02,S_02,10,505,snr_p_db,496,496,439,1,496,0,0,0,0,dB,10.975749223482163,11.058297787283463,11.110159715341442,11.143266511978872,11.174574129522542,11.233524580587648,11.318991847822716,11.143191145044982,0.05310944432545875,CD,1,positive
S_02,S_02,10,505,delta_p_db,496,496,439,1,496,0,0,0,0,dB,0.9757491633234272,1.0582977384152086,1.1101596585835494,1.1432664621582425,1.1745740741902513,1.2335245160862907,1.3189917973480545,1.1431910866356054,0.05310944417834594,CD,1,positive
S_02,S_02,10,505,q_noise,496,496,439,1,496,0,0,0,0,fraction,0.20122534645631562,0.21626352441932942,0.2255674189546548,0.23144988007976566,0.23696873311880573,0.24725578837899345,0.2619254002440368,0.23137807935216578,0.00939702156321598,CD,1,positive
S_02,S_02,10,8128,snr_p_db,496,496,439,1,496,0,0,0,0,dB,11.01390076417157,11.066890294302471,11.112532398814114,11.144697544372843,11.179881792536088,11.231527467370878,11.28056235188033,11.14619350339897,0.04944721848406255,CD,1,positive
S_02,S_02,10,8128,delta_p_db,496,496,439,1,496,0,0,0,0,dB,1.0139007070319463,1.0668902380601022,1.1125323456139022,1.1446974959423324,1.1798817282521428,1.231527407780433,1.2805622951267084,1.1461934449589206,0.049447218303678736,CD,1,positive
S_02,S_02,10,8128,q_noise,496,496,439,1,496,0,0,0,0,fraction,0.20821130993830297,0.21781302467948335,0.22599040866941467,0.2317020253475292,0.23790166400326776,0.24690983900170602,0.25536503224259777,0.2319168803252288,0.008744846301091794,CD,1,positive
S_03,S_03,0,101,snr_p_db,496,496,439,1,496,0,0,0,0,dB,3.2835982132099044,3.3844420545987695,3.4705337827179914,3.530538579404472,3.597809558110383,3.6836573002953594,3.8152245675040874,3.5334521395673706,0.09396168013716401,CD,1,positive
S_03,S_03,0,101,delta_p_db,496,496,439,1,496,0,0,0,0,dB,3.283598218725911,3.384442052270435,3.4705337839344086,3.5305385805669207,3.5978095540936197,3.6836572976434887,3.81522457492048,3.5334521395927108,0.09396167997543838,CD,1,positive
S_03,S_03,0,101,q_noise,496,496,439,1,496,0,0,0,0,fraction,0.5304952745813472,0.5412719103691277,0.5502764780577458,0.5564469429261871,0.5632642561418966,0.5718125808846649,0.5845895109019933,0.5566408723123607,0.009586722740600403,CD,1,positive
S_03,S_03,0,202,snr_p_db,496,496,439,1,496,0,0,0,0,dB,3.2365902837369642,3.3570122978183217,3.446570341663672,3.5290769737241954,3.60507211668974,3.6885098894472454,3.8215281145176965,3.526257427070613,0.10465928413766132,CD,1,positive
S_03,S_03,0,202,delta_p_db,496,496,439,1,496,0,0,0,0,dB,3.2365902866308,3.3570123006263577,3.4465703506475815,3.529076973526532,3.6050721117219195,3.6885098898831017,3.821528112389776,3.526257427212497,0.10465928393117124,CD,1,positive
S_03,S_03,0,202,q_noise,496,496,439,1,496,0,0,0,0,fraction,0.5253859095508325,0.5383656018816809,0.5477877189557296,0.5562974226231839,0.5639941204825949,0.572290656450518,0.5851922397864011,0.555880733629755,0.010707567105152362,CD,1,positive
S_03,S_03,0,303,snr_p_db,496,496,439,1,496,0,0,0,0,dB,3.251450066513005,3.370107977510823,3.472894306901284,3.531245315589657,3.5958371504104165,3.7019968405551307,3.817419284307282,3.532266117826127,0.0964180587972754,CD,1,positive
S_03,S_03,0,303,delta_p_db,496,496,439,1,496,0,0,0,0,dB,3.2514500635653003,3.3701079776818377,3.4728943074285175,3.5312453185836166,3.595837134508254,3.701996841113705,3.817419290285165,3.532266117631027,0.0964180588240202,CD,1,positive
S_03,S_03,0,303,q_noise,496,496,439,1,496,0,0,0,0,fraction,0.5270077784868477,0.5397555206288237,0.5505205153325227,0.5565188692377314,0.5630662859328779,0.5736166499640173,0.5848001241621287,0.5565142549395462,0.009845555730506342,CD,1,positive
S_03,S_03,0,404,snr_p_db,496,496,439,1,496,0,0,0,0,dB,3.22356811667994,3.364007419699744,3.4650253019648614,3.5286467665203354,3.603204898148379,3.702929177191591,3.8623271370143,3.530472649374177,0.10327946250153663,CD,1,positive
S_03,S_03,0,404,delta_p_db,496,496,439,1,496,0,0,0,0,dB,3.22356811015103,3.3640074161599527,3.4650252989705757,3.5286467685368583,3.6032048965291392,3.702929180763884,3.8623271403759167,3.5304726491516565,0.10327946269918213,CD,1,positive
S_03,S_03,0,404,q_noise,496,496,439,1,496,0,0,0,0,fraction,0.5239608786135579,0.5391082361114121,0.5497048764536611,0.5562534948236486,0.5638064220392631,0.5737084857299127,0.5890714840505006,0.5563150065236814,0.010549486796881313,CD,1,positive
S_03,S_03,0,505,snr_p_db,496,496,439,1,496,0,0,0,0,dB,3.2688445894645985,3.360779191254111,3.459512061796479,3.527349279172949,3.595707447664195,3.6807783849818163,3.828168806267807,3.5256761576116027,0.09745552644620407,CD,1,positive
S_03,S_03,0,505,delta_p_db,496,496,439,1,496,0,0,0,0,dB,3.268844583544435,3.3607791908427544,3.459512059462912,3.527349279856445,3.5957074480348523,3.680778381515463,3.828168806048589,3.5256761577737175,0.09745552679549897,CD,1,positive
S_03,S_03,0,505,q_noise,496,496,439,1,496,0,0,0,0,fraction,0.5288985499453992,0.5387664240214542,0.5491331834163186,0.5561211259822469,0.5630527725819398,0.5715285458830472,0.5858260404814638,0.5558383393843066,0.009979813588995702,CD,1,positive
S_03,S_03,0,8128,snr_p_db,496,496,439,1,496,0,0,0,0,dB,3.2468565880460676,3.362528501142283,3.4622880725211362,3.5273754739252703,3.590340692287225,3.6792520416905212,3.8456000340293253,3.5263761997048806,0.09548046491939922,CD,1,positive
S_03,S_03,0,8128,delta_p_db,496,496,439,1,496,0,0,0,0,dB,3.246856588630739,3.362528502696744,3.462288067673095,3.527375475810472,3.5903406905418827,3.679252052471116,3.845600038111245,3.526376200445011,0.09548046474899995,CD,1,positive
S_03,S_03,0,8128,q_noise,496,496,439,1,496,0,0,0,0,fraction,0.5265063660258571,0.5389515837595985,0.5494212901967463,0.5561236686039589,0.56251259759938,0.5713783987395262,0.5874851315241874,0.5559145193317013,0.00976093617445633,CD,1,positive
S_03,S_03,5,101,snr_p_db,496,496,439,1,496,0,0,0,0,dB,8.283598124214812,8.38444194380418,8.4705336757541,8.530538480113556,8.597809467949709,8.683657181473983,8.815224461322863,8.53345202867231,0.09396167998880844,CD,1,positive
S_03,S_03,5,101,delta_p_db,496,496,439,1,496,0,0,0,0,dB,3.2835982288171035,3.3844420476554253,3.470533786166529,3.5305385912200133,3.5978095672674755,3.6836572928241758,3.815224579968684,3.533452140397001,0.09396167991524577,CD,1,positive
S_03,S_03,5,101,q_noise,496,496,439,1,496,0,0,0,0,fraction,0.5304952756722803,0.5412719098817297,0.5502764782889332,0.5564469440142069,0.563264257466721,0.5718125804094397,0.584589511384863,0.5566408723945994,0.009586722732890931,CD,1,positive
S_03,S_03,5,202,snr_p_db,496,496,439,1,496,0,0,0,0,dB,8.236590195895863,8.357012187183937,8.446570248264413,8.529076862361574,8.605071997566887,8.68850979421478,8.821527992985267,8.526257315352575,0.10465928345161883,CD,1,positive
S_03,S_03,5,202,delta_p_db,496,496,439,1,496,0,0,0,0,dB,3.236590310646341,3.3570122977104697,3.4465703630039224,3.529076972240043,3.605072107849726,3.6885099042550507,3.821528107252533,3.526257427373832,0.10465928333399802,CD,1,positive
S_03,S_03,5,202,q_noise,496,496,439,1,496,0,0,0,0,fraction,0.5253859121753454,0.5383656015717513,0.5477877202423264,0.5562974224917479,0.5639941200938469,0.5722906578659293,0.5851922392957276,0.5558807336477254,0.010707567043248963,CD,1,positive
S_03,S_03,5,303,snr_p_db,496,496,439,1,496,0,0,0,0,dB,8.251449941513085,8.370107871134303,8.472894182684954,8.531245215449651,8.59583702608025,8.701996725741868,8.817419214266309,8.53226600644896,0.09641805943584081,CD,1,positive
S_03,S_03,5,303,delta_p_db,496,496,439,1,496,0,0,0,0,dB,3.251450057243066,3.3701079837503034,3.47289430314763,3.5312453217902884,3.5958371334784935,3.7019968401607697,3.8174193158515726,3.5322661182003685,0.09641805904126008,CD,1,positive
S_03,S_03,5,303,q_noise,496,496,439,1,496,0,0,0,0,fraction,0.52700777779829,0.5397555212718964,0.5505205148893553,0.5565188695651822,0.5630662858292956,0.5736166498704319,0.5848001266063617,0.5565142549972203,0.009845555747878041,CD,1,positive
S_03,S_03,5,404,snr_p_db,496,496,439,1,496,0,0,0,0,dB,8.223568005048023,8.364007299158187,8.465025181848148,8.528646660338515,8.603204781171044,8.702929061758407,8.8623270452898,8.530472537516314,0.10327946274463322,CD,1,positive
S_03,S_03,5,404,delta_p_db,496,496,439,1,496,0,0,0,0,dB,3.223568119297231,3.3640074161844784,3.465025303173192,3.52864676641554,3.6032048981221036,3.702929178158464,3.8623271543623776,3.530472649097323,0.10327946248736461,CD,1,positive
S_03,S_03,5,404,q_noise,496,496,439,1,496,0,0,0,0,fraction,0.5239608796160917,0.5391082361140087,0.5497048768893967,0.556253494606934,0.5638064221991832,0.5737084854738852,0.5890714853738965,0.5563150065186396,0.010549486775938834,CD,1,positive
S_03,S_03,5,505,snr_p_db,496,496,439,1,496,0,0,0,0,dB,8.268844479881857,8.360779078021128,8.459511942389309,8.527349158166206,8.595707337751847,8.6807782685671,8.828168706521245,8.52567604594462,0.09745552681366267,CD,1,positive
S_03,S_03,5,505,delta_p_db,496,496,439,1,496,0,0,0,0,dB,3.268844583576185,3.3607791890076113,3.4595120554724232,3.5273492717530512,3.5957074478486732,3.6807783793028053,3.828168819254571,3.5256761582716423,0.0974555267443474,CD,1,positive
S_03,S_03,5,505,q_noise,496,496,439,1,496,0,0,0,0,fraction,0.5288985499488433,0.5387664238265346,0.5491331830020392,0.5561211251539877,0.5630527725631831,0.5715285456646824,0.5858260417408797,0.5558383394353524,0.009979813581962168,CD,1,positive
S_03,S_03,5,8128,snr_p_db,496,496,439,1,496,0,0,0,0,dB,8.24685646600219,8.362528412180264,8.462287955946643,8.52737535131547,8.590340586826366,8.67925193469339,8.845599918639305,8.526376088614994,0.09548046511962384,CD,1,positive
S_03,S_03,5,8128,delta_p_db,496,496,439,1,496,0,0,0,0,dB,3.2468565813285983,3.362528515886729,3.4622880712921567,3.5273754733233487,3.5903406967239007,3.6792520455149558,3.845600036177742,3.5263762004630674,0.09548046471945189,CD,1,positive
S_03,S_03,5,8128,q_noise,496,496,439,1,496,0,0,0,0,fraction,0.5265063652297344,0.5389515851597758,0.5494212905722202,0.5561236683497595,0.5625125982221275,0.5713783980530868,0.5874851313405335,0.5559145193336148,0.009760936171283095,CD,1,positive
S_03,S_03,10,101,snr_p_db,496,496,439,1,496,0,0,0,0,dB,13.283598270589902,13.384442123948075,13.470533855913203,13.530538645973932,13.597809594882147,13.683657364301174,13.81522463394698,13.5334521974991,0.09396167928705329,CD,1,positive
S_03,S_03,10,101,delta_p_db,496,496,439,1,496,0,0,0,0,dB,3.28359821379295,3.3844420625675773,3.470533793124209,3.530538583186817,3.5978095452627974,3.683657294932657,3.8152245806372282,3.5334521395016143,0.09396167897277373,CD,1,positive
S_03,S_03,10,101,q_noise,496,496,439,1,496,0,0,0,0,fraction,0.5304952740480572,0.5412719114566472,0.550276479009378,0.5564469431937714,0.5632642552538158,0.5718125806173121,0.5845895114488106,0.5566408723052436,0.009586722642075112,CD,1,positive
S_03,S_03,10,202,snr_p_db,496,496,439,1,496,0,0,0,0,dB,13.23659037202116,13.3570123507868,13.446570426259175,13.529077023634429,13.605072150650225,13.688509960229757,13.821528179195381,13.526257484894076,0.10465928353408836,CD,1,positive
S_03,S_03,10,202,delta_p_db,496,496,439,1,496,0,0,0,0,dB,3.236590304434965,3.357012296242397,3.4465703627628166,3.5290769625961236,3.605072097469392,3.688509905385689,3.821528125695786,3.5262574269610085,0.10465928416811841,CD,1,positive
S_03,S_03,10,202,q_noise,496,496,439,1,496,0,0,0,0,fraction,0.5253859114965417,0.5383656014156993,0.5477877202172291,0.5562974215064624,0.5639941190517235,0.5722906579772792,0.5851922410572984,0.5558807336034692,0.010707567128148852,CD,1,positive
S_03,S_03,10,303,snr_p_db,496,496,439,1,496,0,0,0,0,dB,13.251450133091593,13.370108030080399,13.472894365641578,13.531245372423651,13.595837211635832,13.701996896125104,13.817419339863072,13.532266175230017,0.09641805964463893,CD,1,positive
S_03,S_03,10,303,delta_p_db,496,496,439,1,496,0,0,0,0,dB,3.251450071856304,3.3701079799338336,3.472894306646438,3.53124531473177,3.5958371446961426,3.7019968420471043,3.8174192879287845,3.5322661173657557,0.09641805959656038,CD,1,positive
S_03,S_03,10,303,q_noise,496,496,439,1,496,0,0,0,0,fraction,0.5270077793898249,0.5397555208674021,0.5505205152513388,0.5565188688444012,0.5630662869578917,0.5736166500556286,0.5848001239368509,0.5565142549107257,0.009845555807913482,CD,1,positive
S_03,S_03,10,404,snr_p_db,496,496,439,1,496,0,0,0,0,dB,13.223568163595145,13.364007463740755,13.465025356819705,13.52864682411272,13.603204943381739,13.702929223952442,13.862327230783333,13.53047270734461,0.1032794626222625,CD,1,positive
S_03,S_03,10,404,delta_p_db,496,496,439,1,496,0,0,0,0,dB,3.223568097874438,3.364007407452813,3.465025302285208,3.5286467666425456,3.603204891776314,3.7029291677485134,3.862327156655092,3.5304726491983023,0.10327946306924943,CD,1,positive
S_03,S_03,10,404,q_noise,496,496,439,1,496,0,0,0,0,fraction,0.5239608772678953,0.5391082351874557,0.5497048767973258,0.5562534946301186,0.563806421561896,0.57370848445174,0.5890714855908327,0.5563150065275373,0.010549486836174692,CD,1,positive
S_03,S_03,10,505,snr_p_db,496,496,439,1,496,0,0,0,0,dB,13.2688446507205,13.36077923518052,13.459512115178917,13.527349323526881,13.595707513354931,13.680778446310608,13.828168853989954,13.52567621604099,0.09745552716007133,CD,1,positive
S_03,S_03,10,505,delta_p_db,496,496,439,1,496,0,0,0,0,dB,3.2688445750984947,3.3607791897808945,3.4595120623920574,3.5273492702670888,3.5957074551338484,3.6807783843432205,3.8281688068675517,3.525676157657568,0.09745552696674681,CD,1,positive
S_03,S_03,10,505,q_noise,496,496,439,1,496,0,0,0,0,fraction,0.5288985490292248,0.5387664239090414,0.5491331837204083,0.5561211250021091,0.5630527732961524,0.5715285461620726,0.5858260405595659,0.5558383393720514,0.009979813604636255,CD,1,positive
S_03,S_03,10,8128,snr_p_db,496,496,439,1,496,0,0,0,0,dB,13.246856655821023,13.362528558172903,13.462288126099612,13.527375530887348,13.590340740098945,13.679252124615044,13.845600111000667,13.526376259691057,0.09548046479669943,CD,1,positive
S_03,S_03,10,8128,delta_p_db,496,496,439,1,496,0,0,0,0,dB,3.246856599604773,3.3625285018219717,3.4622880713985817,3.5273754735986405,3.590340680826261,3.679252056249541,3.8456000472226064,3.526376201154936,0.09548046471475537,CD,1,positive
S_03,S_03,10,8128,q_noise,496,496,439,1,496,0,0,0,0,fraction,0.5265063672223115,0.5389515836667069,0.5494212905832598,0.5561236683778776,0.5625125966206737,0.5713783991123722,0.5874851323896306,0.5559145194043656,0.009760936170109147,CD,1,positive
S_04,S_04,0,101,snr_p_db,496,496,439,1,496,0,0,0,0,dB,2.816698860298035,2.8891323819266765,2.9575578885706895,3.006821677906485,3.0645268517458932,3.1366858655625864,3.236122794694563,3.010802019765747,0.07606393042215663,CD,1,positive
S_04,S_04,0,101,delta_p_db,496,496,439,1,496,0,0,0,0,dB,2.816698861323136,2.8891323869561663,2.9575578936010927,3.006821675458651,3.0645268488045563,3.136685858481158,3.2361228003686424,3.0108020195082994,0.07606392999029916,CD,1,positive
S_04,S_04,0,101,q_noise,496,496,439,1,496,0,0,0,0,fraction,0.4772068320806466,0.48585458819624255,0.49389144088988474,0.4995997646781435,0.5062043936826435,0.5143413919635066,0.5253345343536411,0.49998191321308794,0.00875140580050338,CD,1,positive
S_04,S_04,0,202,snr_p_db,496,496,439,1,496,0,0,0,0,dB,2.7849810775190735,2.8675582393193606,2.9456034156719735,3.0091234123273383,3.0684246143002034,3.13699089028495,3.2440077175274307,3.0057329084880178,0.08430415905633074,CD,1,positive
S_04,S_04,0,202,delta_p_db,496,496,439,1,496,0,0,0,0,dB,2.7849810796129453,2.867558235836626,2.9456034144767784,3.009123414469507,3.0684246119388776,3.1369908948092817,3.244007713590118,3.005732908522111,0.08430415894546507,CD,1,positive
S_04,S_04,0,202,q_noise,496,496,439,1,496,0,0,0,0,fraction,0.47337490775612046,0.48329336226269765,0.49249785773956706,0.49986498855795825,0.5066477319619156,0.5143756938804862,0.5261957931588674,0.499380379554565,0.009722920920082645,CD,1,positive
S_04,S_04,0,303,snr_p_db,496,496,439,1,496,0,0,0,0,dB,2.7829373409612397,2.880120467870977,2.9595860759703703,3.0093040773850444,3.060186790859748,3.14137853339087,3.229833523306991,3.0098466834198505,0.07710420046587711,CD,1,positive
S_04,S_04,0,303,delta_p_db,496,496,439,1,496,0,0,0,0,dB,2.782937336522196,2.8801204666141422,2.9595860719766156,3.0093040814435636,3.0601867892704933,3.1413785404703107,3.2298335301752705,3.009846683178891,0.07710420038876703,CD,1,positive
S_04,S_04,0,303,q_noise,496,496,439,1,496,0,0,0,0,fraction,0.47312781523659014,0.48478668268120895,0.49412802133480327,0.499886023419846,0.5057109313005285,0.5148661101356885,0.5246474905193239,0.49986974603503387,0.008882761479652718,CD,1,positive
S_04,S_04,0,404,snr_p_db,496,496,439,1,496,0,0,0,0,dB,2.7469868099555055,2.87147175846385,2.95009593242529,3.0101468199828147,3.067746433490359,3.1458641858465253,3.252417574929134,3.0080127978569267,0.08415564611825727,CD,1,positive
S_04,S_04,0,404,delta_p_db,496,496,439,1,496,0,0,0,0,dB,2.746986801402784,2.8714717619435457,2.9500959303495433,3.01014682197675,3.067746435069219,3.145864175327143,3.2524175715249655,3.0080127976900415,0.08415564662988673,CD,1,positive
S_04,S_04,0,404,q_noise,496,496,439,1,496,0,0,0,0,fraction,0.46874775805942215,0.48375927278554853,0.4930207523287085,0.499983125101339,0.5065718659835121,0.515366617802978,0.5271126295330483,0.4996434735322092,0.009697135242353818,CD,1,positive
S_04,S_04,0,505,snr_p_db,496,496,439,1,496,0,0,0,0,dB,2.7900168058697403,2.8733161235232725,2.949614331881114,3.006050800229888,3.063156032090865,3.12992384395564,3.2650372449123677,3.004572529222594,0.07827189352626662,CD,1,positive
S_04,S_04,0,505,delta_p_db,496,496,439,1,496,0,0,0,0,dB,2.7900168155194045,2.8733161240273435,2.949614331760993,3.0060508003529613,3.0631560378132887,3.129923835152645,3.2650372495913227,3.004572529300774,0.07827189367887684,CD,1,positive
S_04,S_04,0,505,q_noise,496,496,439,1,496,0,0,0,0,fraction,0.47398590362035126,0.483979140374457,0.4929646063648332,0.4995113122854926,0.506049231848924,0.5135843850402678,0.5284845306333094,0.4992595885586532,0.009031097230941644,CD,1,positive
S_04,S_04,0,8128,snr_p_db,496,496,439,1,496,0,0,0,0,dB,2.7676014568463203,2.875620805387819,2.952627188711382,3.004114557868522,3.056248867456449,3.1317175144178604,3.2633022409331374,3.004465900020212,0.07740844271027147,CD,1,positive
S_04,S_04,0,8128,delta_p_db,496,496,439,1,496,0,0,0,0,dB,2.76760146393227,2.87562080245353,2.9526271931248926,3.0041145584338347,3.056248860762418,3.1317175087874283,3.26330223129705,3.0044659005850485,0.07740844216566908,CD,1,positive
S_04,S_04,0,8128,q_noise,496,496,439,1,496,0,0,0,0,fraction,0.4712630556565898,0.4842520545036867,0.49331650882783035,0.4992888720426487,0.5052625217259701,0.5137855327257411,0.5282959753963643,0.49924913349063477,0.008921967507364863,CD,1,positive
S_04,S_04,5,101,snr_p_db,496,496,439,1,496,0,0,0,0,dB,7.81669875232537,7.889132266085415,7.9575577785964455,8.006821577769525,8.064526741222469,8.136685758351907,8.236122700088824,8.010801908502508,0.07606393064619854,CD,1,positive
S_04,S_04,5,101,delta_p_db,496,496,439,1,496,0,0,0,0,dB,2.816698863789674,2.8891323804912097,2.957557888306489,3.0068216789337487,3.064526849602125,3.136685865029057,3.236122815532788,3.0108020203873114,0.07606393022105806,CD,1,positive
S_04,S_04,5,101,q_noise,496,496,439,1,496,0,0,0,0,fraction,0.4772068323775624,0.4858545874309257,0.4938914402729135,0.4995997650785136,0.5062043937733356,0.5143413926957383,0.5253345360110179,0.49998191331382535,0.008751405825688821,CD,1,positive
S_04,S_04,5,202,snr_p_db,496,496,439,1,496,0,0,0,0,dB,7.784980965049201,7.867558119282522,7.945603304879807,8.009123304763971,8.068424497392764,8.136990772326797,8.244007596254932,8.005732796346484,0.08430415914322961,CD,1,positive
S_04,S_04,5,202,delta_p_db,496,496,439,1,496,0,0,0,0,dB,2.7849810763965155,2.867558230816253,2.945603414956754,3.0091234229632366,3.06842461000897,3.1369908942879436,3.2440077155670375,3.0057329087426763,0.08430415891783699,CD,1,positive
S_04,S_04,5,202,q_noise,496,496,439,1,496,0,0,0,0,fraction,0.4733749073660964,0.48329336166551096,0.4924978577956578,0.49986498953610076,0.5066477317426803,0.5143756938222208,0.5261957933745443,0.4993803795800477,0.009722920917028182,CD,1,positive
S_04,S_04,5,303,snr_p_db,496,496,439,1,496,0,0,0,0,dB,7.7829372086034345,7.8801203668713224,7.959585973251405,8.009303960616007,8.060186668044647,8.141378433146727,8.229833429513782,8.009846571625172,0.07710420082749711,CD,1,positive
S_04,S_04,5,303,delta_p_db,496,496,439,1,496,0,0,0,0,dB,2.7829373203408245,2.8801204744013393,2.9595860736502457,3.009304073086974,3.0601867858605543,3.1413785459388426,3.2298335395490825,3.009846683345518,0.07710420064483772,CD,1,positive
S_04,S_04,5,303,q_noise,496,496,439,1,496,0,0,0,0,fraction,0.4731278132735178,0.4847866836049845,0.49412802152974333,0.4998860224575365,0.5057109309124221,0.5148661107466511,0.5246474915453248,0.49986974605370726,0.008882761507615362,CD,1,positive
S_04,S_04,5,404,snr_p_db,496,496,439,1,496,0,0,0,0,dB,7.7469866961673475,7.8714716548675945,7.950095819718458,8.010146709000466,8.06774630988588,8.145864078587572,8.252417460150701,8.008012685123925,0.08415564690148192,CD,1,positive
S_04,S_04,5,404,delta_p_db,496,496,439,1,496,0,0,0,0,dB,2.7469868074261825,2.8714717609680562,2.950095931529279,3.0101468199486887,3.0677464320387196,3.1458641778723138,3.2524175669381106,3.0080127967572396,0.08415564645522224,CD,1,positive
S_04,S_04,5,404,q_noise,496,496,439,1,496,0,0,0,0,fraction,0.4687477587962366,0.4837592726694807,0.4930207524664655,0.4999831248678284,0.5065718656391862,0.5153666180870072,0.5271126290336025,0.49964347342513366,0.009697135223573215,CD,1,positive
S_04,S_04,5,505,snr_p_db,496,496,439,1,496,0,0,0,0,dB,7.790016697391554,7.873316015240279,7.94961422649184,8.006050689332284,8.063155938389128,8.129923730087818,8.265037135098922,8.004572417246047,0.07827189400542181,CD,1,positive
S_04,S_04,5,505,delta_p_db,496,496,439,1,496,0,0,0,0,dB,2.790016818500804,2.8733161327212544,2.94961434134965,3.006050802317393,3.0631560459989347,3.129923840604363,3.26503724884813,3.0045725295842503,0.07827189407690908,CD,1,positive
S_04,S_04,5,505,q_noise,496,496,439,1,496,0,0,0,0,fraction,0.4739859039814561,0.4839791414074478,0.49296460748430415,0.49951131251190656,0.5060492327799425,0.5135843856509997,0.5284845305526206,0.4992595885905107,0.009031097276564001,CD,1,positive
S_04,S_04,5,8128,snr_p_db,496,496,439,1,496,0,0,0,0,dB,7.7676013553655645,7.875620684717246,7.952627083977355,8.004114441802715,8.056248758276398,8.131717402323376,8.263302119929273,8.004465789323278,0.0774084415548634,CD,1,positive
S_04,S_04,5,8128,delta_p_db,496,496,439,1,496,0,0,0,0,dB,2.7676014688518986,2.8756207904010065,2.9526271986588926,3.004114557491448,3.0562488708475373,3.131717507535126,3.2633022260248055,3.0044659014973143,0.0774084413735656,CD,1,positive
S_04,S_04,5,8128,q_noise,496,496,439,1,496,0,0,0,0,fraction,0.4712630562555358,0.4842520530725569,0.49331650947348643,0.499288871933943,0.5052625228748502,0.5137855325855394,0.5282959748237255,0.4992491335974471,0.008921967413792687,CD,1,positive
S_04,S_04,10,101,snr_p_db,496,496,439,1,496,0,0,0,0,dB,12.816698926528439,12.889132423993932,12.95755795194209,13.00682174719956,13.064526909515672,13.136685906883821,13.236122855773772,13.010802078055473,0.07606392929713618,CD,1,positive
S_04,S_04,10,101,delta_p_db,496,496,439,1,496,0,0,0,0,dB,2.8166988618661497,2.8891323763042847,2.957557887024032,3.0068216821228266,3.0645268512626638,3.136685847884954,3.236122796701721,3.0108020196068277,0.07606392903570873,CD,1,positive
S_04,S_04,10,101,q_noise,496,496,439,1,496,0,0,0,0,fraction,0.47720683214601334,0.48585458693512046,0.49389144012344843,0.49959976544581086,0.5062043939621546,0.5143413907785637,0.525334533952862,0.499981913226329,0.008751405694383567,CD,1,positive
S_04,S_04,10,202,snr_p_db,496,496,439,1,496,0,0,0,0,dB,12.784981166771301,12.867558307648409,12.945603456813723,13.009123465241524,13.068424660803732,13.13699094715104,13.244007792321483,13.005732966872765,0.08430415948311853,CD,1,positive
S_04,S_04,10,202,delta_p_db,496,496,439,1,496,0,0,0,0,dB,2.7849810959992967,2.8675582456192004,2.9456034081668605,3.009123412461249,3.068424606064932,3.136990897149036,3.2440077328459243,3.005732908946337,0.08430415964709448,CD,1,positive
S_04,S_04,10,202,q_noise,496,496,439,1,496,0,0,0,0,fraction,0.47337490974312796,0.48329336342647783,0.4924978570022247,0.49986498832677373,0.5066477312946343,0.514375694141949,0.5261957952596268,0.49938037960189735,0.009722921000325175,CD,1,positive
S_04,S_04,10,303,snr_p_db,496,496,439,1,496,0,0,0,0,dB,12.782937404334525,12.88012053143514,12.95958613792741,13.00930414750245,13.060186852160603,13.141378587868093,13.229833576245529,13.0098467414333,0.07710420123153182,CD,1,positive
S_04,S_04,10,303,delta_p_db,496,496,439,1,496,0,0,0,0,dB,2.782937335698037,2.8801204741141158,2.9595860748923437,3.009304086227668,3.0601867929473636,3.1413785475017924,3.2298335237795066,3.00984668328661,0.07710420115165613,CD,1,positive
S_04,S_04,10,303,q_noise,496,496,439,1,496,0,0,0,0,fraction,0.47312781513660573,0.4847866835709336,0.4941280216744328,0.4998860239707603,0.5057109317190109,0.5148661109211694,0.5246474898192822,0.4998697460458855,0.008882761566712893,CD,1,positive
S_04,S_04,10,404,snr_p_db,496,496,439,1,496,0,0,0,0,dB,12.746986854473342,12.87147182999254,12.950095984627048,13.010146892363233,13.067746494477552,13.145864231566343,13.252417604481062,13.008012856018109,0.08415564607211548,CD,1,positive
S_04,S_04,10,404,delta_p_db,496,496,439,1,496,0,0,0,0,dB,2.7469867990697256,2.8714717668501275,2.950095918771334,3.0101468275550634,3.0677464423496366,3.1458641699630054,3.2524175632022696,3.0080127978796365,0.0841556466657547,CD,1,positive
S_04,S_04,10,404,q_noise,496,496,439,1,496,0,0,0,0,fraction,0.46874775777402994,0.48375927336865443,0.4930207509771788,0.49998312574358394,0.5065718668106938,0.5153666172044057,0.5271126286268204,0.4996434735539575,0.009697135248438524,CD,1,positive
S_04,S_04,10,505,snr_p_db,496,496,439,1,496,0,0,0,0,dB,12.790016865106505,12.873316164491262,12.949614369503433,13.006050852352605,13.063156108116473,13.129923911412353,13.26503730174424,13.004572587311992,0.0782718935336148,CD,1,positive
S_04,S_04,10,505,delta_p_db,496,496,439,1,496,0,0,0,0,dB,2.7900168097478573,2.8733161174534674,2.949614320880306,3.00605080276336,3.063156039879363,3.1299238425255287,3.265037246144452,3.004572528942024,0.07827189373801027,CD,1,positive
S_04,S_04,10,505,q_noise,496,496,439,1,496,0,0,0,0,fraction,0.473985902921306,0.4839791395933657,0.49296460509454376,0.4995113125632709,0.5060492320839063,0.5135843858662381,0.5284845302590812,0.49925958851718216,0.009031097235962094,CD,1,positive
S_04,S_04,10,8128,snr_p_db,496,496,439,1,496,0,0,0,0,dB,12.767601517006383,12.875620875323571,12.95262726099627,13.004114614957107,13.056248940851427,13.131717553553628,13.263302307010171,13.004465959958209,0.07740844197721689,CD,1,positive
S_04,S_04,10,8128,delta_p_db,496,496,439,1,496,0,0,0,0,dB,2.7676014643393416,2.8756208113545823,2.9526271972344045,3.0041145586148112,3.0562488793998837,3.1317174911996206,3.2633022396480516,3.0044659013803674,0.07740844161107753,CD,1,positive
S_04,S_04,10,8128,q_noise,496,496,439,1,496,0,0,0,0,fraction,0.47126305570614924,0.4842520555607748,0.4933165093072748,0.49928887206345196,0.5052625238491433,0.5137855307566925,0.5282959763033989,0.49924913358347306,0.008921967441931881,CD,1,positive
E,,0,101,snr_p_db,1896,1896,1664,1,1896,0,0,0,0,dB,-5.1705377664814644e-05,-1.3753976738268482e-05,-7.893073949583931e-06,-5.559342055428425e-06,-3.812338711372613e-06,-1.5492926174325562e-06,-1.1723075358121818e-07,-6.286087409383018e-06,3.916176467949579e-06,HYP,0,negative
E,,0,101,delta_p_db,1896,1896,1664,1,1896,0,0,0,0,dB,-5.170726790994568e-05,-1.37467141333376e-05,-7.89510890530923e-06,-5.558534994032724e-06,-3.809002282591457e-06,-1.5430830968249556e-06,-1.0837244799367052e-07,-6.2861593531233495e-06,3.916169751229672e-06,HYP,0,negative
E,,0,101,q_noise,1896,1896,1664,1,1896,0,0,0,0,fraction,4.612627863965421e-16,5.2484350554249e-16,5.71541344805368e-16,6.129092144852713e-16,6.574286974600032e-16,7.46586925548533e-16,9.22829228890115e-16,6.199617636595783e-16,6.787947923057909e-17,HYP,0,negative
E,,0,202,snr_p_db,1896,1896,1664,1,1896,0,0,0,0,dB,-5.1718712414097856e-05,-1.3752139059396912e-05,-7.897074918247044e-06,-5.558547309233411e-06,-3.810582086337495e-06,-1.5419346120573325e-06,-1.1263817186571368e-07,-6.286139987949297e-06,3.916036640016116e-06,HYP,0,negative
E,,0,202,delta_p_db,1896,1896,1664,1,1896,0,0,0,0,dB,-5.170726790994568e-05,-1.374671413321706e-05,-7.895108905670853e-06,-5.558534993791642e-06,-3.809002282591457e-06,-1.5430830968249556e-06,-1.0837244799367052e-07,-6.286159353133521e-06,3.916169751231434e-06,HYP,0,negative
E,,0,202,q_noise,1896,1896,1664,1,1896,0,0,0,0,fraction,4.611720196231616e-16,5.222142735473707e-16,5.701275770988586e-16,6.121798983336906e-16,6.606623483410426e-16,7.426090731774942e-16,9.359276680999297e-16,6.194819946208695e-16,6.788287895585771e-17,HYP,0,negative
E,,0,303,snr_p_db,1896,1896,1664,1,1896,0,0,0,0,dB,-5.170857596195683e-05,-1.3749705007079017e-05,-7.89991442288354e-06,-5.557796135025595e-06,-3.813678638090778e-06,-1.5464473678666076e-06,-1.1554115489962713e-07,-6.286068679100893e-06,3.916101631352712e-06,HYP,0,negative
E,,0,303,delta_p_db,1896,1896,1664,1,1896,0,0,0,0,dB,-5.170726790994568e-05,-1.374671413321706e-05,-7.895108905670853e-06,-5.558534994032724e-06,-3.809002282591457e-06,-1.5430830968249556e-06,-1.0837244751150677e-07,-6.286159353126908e-06,3.916169751231025e-06,HYP,0,negative
E,,0,303,q_noise,1896,1896,1664,1,1896,0,0,0,0,fraction,4.583461611161843e-16,5.251532341800227e-16,5.72675172648716e-16,6.138092234167989e-16,6.619861642839202e-16,7.427966118945088e-16,9.149671039389114e-16,6.210488159080645e-16,6.846747482918724e-17,HYP,0,negative
E,,0,404,snr_p_db,1896,1896,1664,1,1896,0,0,0,0,dB,-5.168863612402317e-05,-1.374628529917525e-05,-7.897984130266475e-06,-5.549590293746053e-06,-3.8134830328912856e-06,-1.5400337318532685e-06,-1.0746476702860238e-07,-6.286196738631789e-06,3.916128509960657e-06,HYP,0,negative
E,,0,404,delta_p_db,1896,1896,1664,1,1896,0,0,0,0,dB,-5.170726790994568e-05,-1.37467141333376e-05,-7.89510890530923e-06,-5.558534993791642e-06,-3.809002282591457e-06,-1.5430830968249556e-06,-1.0837244799367052e-07,-6.286159353132249e-06,3.916169751233451e-06,HYP,0,negative
E,,0,404,q_noise,1896,1896,1664,1,1896,0,0,0,0,fraction,4.627893466790326e-16,5.244040271764063e-16,5.721147591514189e-16,6.118677218370717e-16,6.578230868008471e-16,7.453690366928926e-16,8.94204828755989e-16,6.19791408389755e-16,6.744513721485939e-17,HYP,0,negative
E,,0,505,snr_p_db,1896,1896,1664,1,1896,0,0,0,0,dB,-5.1708685787626624e-05,-1.3742874915099455e-05,-7.896230643313566e-06,-5.556904119164924e-06,-3.8137671536655e-06,-1.5415164914529813e-06,-9.924787328236077e-08,-6.2861573804243415e-06,3.91613161817937e-06,HYP,0,negative
E,,0,505,delta_p_db,1896,1896,1664,1,1896,0,0,0,0,dB,-5.170726790994568e-05,-1.374671413321706e-05,-7.895108905670853e-06,-5.558534994032724e-06,-3.809002282591457e-06,-1.5430830968249556e-06,-1.0837244799367052e-07,-6.286159353125383e-06,3.916169751228239e-06,HYP,0,negative
E,,0,505,q_noise,1896,1896,1664,1,1896,0,0,0,0,fraction,4.6585870718519675e-16,5.228271112282125e-16,5.721987578069469e-16,6.131321960711419e-16,6.586335390554526e-16,7.4452902355005775e-16,9.20701196006064e-16,6.204602690718932e-16,6.835452720644959e-17,HYP,0,negative
E,,0,8128,snr_p_db,1896,1896,1664,1,1896,0,0,0,0,dB,-5.170426427571086e-05,-1.3750908132470186e-05,-7.89711682799477e-06,-5.558083604304146e-06,-3.807666716085843e-06,-1.543657153334863e-06,-1.1653370440033611e-07,-6.286343274612463e-06,3.916387683361238e-06,HYP,0,negative
E,,0,8128,delta_p_db,1896,1896,1664,1,1896,0,0,0,0,dB,-5.170726790994568e-05,-1.37467141333376e-05,-7.895108905670853e-06,-5.558534993791642e-06,-3.809002282591457e-06,-1.5430830968249556e-06,-1.0837244799367052e-07,-6.286159353131741e-06,3.916169751226481e-06,HYP,0,negative
E,,0,8128,q_noise,1896,1896,1664,1,1896,0,0,0,0,fraction,4.524859606422407e-16,5.234293930139691e-16,5.71107987987279e-16,6.10728438229907e-16,6.590210025645564e-16,7.445599579885814e-16,9.21832882520098e-16,6.199536996124599e-16,6.870221807573213e-17,HYP,0,negative
E,,5,101,snr_p_db,1896,1896,1664,1,1896,0,0,0,0,dB,4.999948186528066,4.999986130761241,4.999991989705249,4.999994326926764,4.9999960780707,4.999998342890013,4.999999780596444,4.999993601932358,3.916230318509346e-06,HYP,0,negative
E,,5,101,delta_p_db,1896,1896,1664,1,1896,0,0,0,0,dB,-5.170726790753483e-05,-1.3746714130685693e-05,-7.895108903742195e-06,-5.5585349916219015e-06,-3.8090022810244238e-06,-1.543083094775759e-06,-1.0837244702934303e-07,-6.286159350978276e-06,3.916169751092338e-06,HYP,0,negative
E,,5,101,q_noise,1896,1896,1664,1,1896,0,0,0,0,fraction,7.0308350170569195e-16,8.572833438381457e-16,9.741231407595718e-16,1.0861572845411184e-15,1.2222008425530133e-15,1.4664696624736818e-15,1.9608586040068627e-15,1.1148573054460644e-15,1.919179072398675e-16,HYP,0,negative
E,,5,202,snr_p_db,1896,1896,1664,1,1896,0,0,0,0,dB,4.999948185882589,4.999986140131099,4.999991991240674,4.9999943274227405,4.999996074181012,4.999998345727941,4.999999783532535,4.999993601704658,3.916108692200229e-06,HYP,0,negative
E,,5,202,delta_p_db,1896,1896,1664,1,1896,0,0,0,0,dB,-5.170726790753483e-05,-1.3746714130806234e-05,-7.895108903742195e-06,-5.55853499138082e-06,-3.8090022807833417e-06,-1.5430830948963e-06,-1.0837244654717928e-07,-6.286159350982344e-06,3.9161697510962026e-06,HYP,0,negative
E,,5,202,q_noise,1896,1896,1664,1,1896,0,0,0,0,fraction,7.221115599086647e-16,8.520731110454646e-16,9.827061238689268e-16,1.0926919858486773e-15,1.222104231388218e-15,1.4641200204933871e-15,1.978496884136974e-15,1.1145653474345543e-15,1.8825142475251527e-16,HYP,0,negative
E,,5,303,snr_p_db,1896,1896,1664,1,1896,0,0,0,0,dB,4.999948177486246,4.999986141450581,4.999991986073243,4.999994328340921,4.999996077074917,4.999998339176921,4.999999788948878,4.999993602003377,3.916081355912064e-06,HYP,0,negative
E,,5,303,delta_p_db,1896,1896,1664,1,1896,0,0,0,0,dB,-5.170726790753483e-05,-1.3746714130806234e-05,-7.895108903742195e-06,-5.5585349916219015e-06,-3.8090022810244238e-06,-1.543083094775759e-06,-1.0837244654717928e-07,-6.286159350982091e-06,3.916169751098527e-06,HYP,0,negative
E,,5,303,q_noise,1896,1896,1664,1,1896,0,0,0,0,fraction,7.087521760605618e-16,8.504309135145823e-16,9.82006071693633e-16,1.0831884896358084e-15,1.2179462634874816e-15,1.4515726630076095e-15,1.911629486429608e-15,1.1144511056966795e-15,1.8734984097268732e-16,HYP,0,negative
E,,5,404,snr_p_db,1896,1896,1664,1,1896,0,0,0,0,dB,4.99994819388941,4.99998614997763,4.999991994563733,4.9999943404412655,4.9999960800646415,4.999998340769955,4.999999787525023,4.999993601981889,3.916438565427506e-06,HYP,0,negative
E,,5,404,delta_p_db,1896,1896,1664,1,1896,0,0,0,0,dB,-5.170726790753483e-05,-1.374671413044461e-05,-7.89510890326003e-06,-5.5585349916219015e-06,-3.8090022810244238e-06,-1.5430830952579229e-06,-1.0837244654717928e-07,-6.2861593509703925e-06,3.916169751100966e-06,HYP,0,negative
E,,5,404,q_noise,1896,1896,1664,1,1896,0,0,0,0,fraction,7.156619248491984e-16,8.549657947908689e-16,9.795065914729083e-16,1.0920507817355211e-15,1.222803928484641e-15,1.463189557236999e-15,2.005464358358936e-15,1.1163487779094515e-15,1.9135182120451693e-16,HYP,0,negative
E,,5,505,snr_p_db,1896,1896,1664,1,1896,0,0,0,0,dB,4.9999481845199165,4.999986143801707,4.999991989803736,4.999994329996675,4.999996080115036,4.999998342072921,4.99999978458257,4.99999360183458,3.9159698332368e-06,HYP,0,negative
E,,5,505,delta_p_db,1896,1896,1664,1,1896,0,0,0,0,dB,-5.170726790753483e-05,-1.374671413044461e-05,-7.895108903380571e-06,-5.5585349916219015e-06,-3.8090022810244238e-06,-1.5430830948963e-06,-1.0837244654717928e-07,-6.286159350974969e-06,3.916169751096643e-06,HYP,0,negative
E,,5,505,q_noise,1896,1896,1664,1,1896,0,0,0,0,fraction,7.095739718770753e-16,8.513296596611839e-16,9.808241930609356e-16,1.0876744357331077e-15,1.2216629057773347e-15,1.470725084899757e-15,1.9998673651839438e-15,1.1152744516838394e-15,1.907617419144754e-16,HYP,0,negative
E,,5,8128,snr_p_db,1896,1896,1664,1,1896,0,0,0,0,dB,4.999948174945751,4.999986148644469,4.999991994896897,4.99999433060502,4.99999607321895,4.9999983460142765,4.999999774941231,4.999993601845037,3.916450561756314e-06,HYP,0,negative
E,,5,8128,delta_p_db,1896,1896,1664,1,1896,0,0,0,0,dB,-5.170726790753483e-05,-1.3746714130926775e-05,-7.895108903380571e-06,-5.55853499138082e-06,-3.8090022806628004e-06,-1.543083094775759e-06,-1.0837244654717928e-07,-6.286159350976496e-06,3.916169751094214e-06,HYP,0,negative
E,,5,8128,q_noise,1896,1896,1664,1,1896,0,0,0,0,fraction,6.750835955539508e-16,8.514474854965981e-16,9.777021771449231e-16,1.0902520749574969e-15,1.227487149563047e-15,1.4514736909304001e-15,1.9246945241502155e-15,1.1153479806798494e-15,1.8918520743029144e-16,HYP,0,negative
E,,10,101,snr_p_db,1896,1896,1664,1,1896,0,0,0,0,dB,9.999948360489467,9.999986297213312,9.999992163136461,9.999994495417985,9.999996253405776,9.999998510156672,9.999999955334966,9.999993772208377,3.916206145471378e-06,HYP,0,negative
E,,10,101,delta_p_db,1896,1896,1664,1,1896,0,0,0,0,dB,-5.170726790415964e-05,-1.374671412670783e-05,-7.895108901090289e-06,-5.558534987523505e-06,-3.8090022794573904e-06,-1.5430830924854805e-06,-1.0837244654717928e-07,-6.286159347705865e-06,3.916169750708451e-06,HYP,0,negative
E,,10,101,q_noise,1896,1896,1664,1,1896,0,0,0,0,fraction,7.880766881569696e-16,1.1072692910169534e-15,1.4664147761521162e-15,1.7812278956212074e-15,2.1882413677440266e-15,2.8879530560179656e-15,4.437124563684778e-15,1.868225785687317e-15,5.605413858263591e-16,HYP,0,negative
E,,10,202,snr_p_db,1896,1896,1664,1,1896,0,0,0,0,dB,9.99994834482213,9.99998630887972,9.999992165027198,9.999994498390004,9.999996246647232,9.999998511569856,9.99999994104625,9.999993772380153,3.916237341060055e-06,HYP,0,negative
E,,10,202,delta_p_db,1896,1896,1664,1,1896,0,0,0,0,dB,-5.170726790415964e-05,-1.37467141257435e-05,-7.895108900728665e-06,-5.558534987282422e-06,-3.8090022794573904e-06,-1.5430830920033163e-06,-1.0837244654717928e-07,-6.286159347708916e-06,3.916169750711762e-06,HYP,0,negative
E,,10,202,q_noise,1896,1896,1664,1,1896,0,0,0,0,fraction,8.010878660842862e-16,1.1154206750673182e-15,1.4642322994208058e-15,1.787828893607188e-15,2.1793579998800544e-15,2.9025687637091746e-15,4.4266177987763234e-15,1.8682166220796125e-15,5.613466043793307e-16,HYP,0,negative
E,,10,303,snr_p_db,1896,1896,1664,1,1896,0,0,0,0,dB,9.999948351665672,9.999986307253337,9.99999215026778,9.999994500288405,9.999996250272488,9.999998512555756,9.999999961097613,9.99999377244484,3.916031532710465e-06,HYP,0,negative
E,,10,303,delta_p_db,1896,1896,1664,1,1896,0,0,0,0,dB,-5.1707267903677485e-05,-1.37467141257435e-05,-7.895108901090289e-06,-5.558534987523505e-06,-3.809002279216308e-06,-1.5430830926060213e-06,-1.0837244654717928e-07,-6.2861593477086626e-06,3.916169750697797e-06,HYP,0,negative
E,,10,303,q_noise,1896,1896,1664,1,1896,0,0,0,0,fraction,7.910002065404546e-16,1.1181057362803926e-15,1.468414193272161e-15,1.7910443771123707e-15,2.1721469521946854e-15,2.888173688448997e-15,4.316964001297717e-15,1.8689504371283203e-15,5.57036768179771e-16,HYP,0,negative
E,,10,404,snr_p_db,1896,1896,1664,1,1896,0,0,0,0,dB,9.999948353258526,9.999986303982137,9.999992150834226,9.99999450406024,9.999996245929747,9.999998517266285,9.999999942682775,9.999993772002766,3.916215541914636e-06,HYP,0,negative
E,,10,404,delta_p_db,1896,1896,1664,1,1896,0,0,0,0,dB,-5.1707267905123987e-05,-1.3746714126105123e-05,-7.895108900608124e-06,-5.558534987282423e-06,-3.809002279095767e-06,-1.5430830927265622e-06,-1.0837244654717928e-07,-6.286159347704084e-06,3.91616975071923e-06,HYP,0,negative
E,,10,404,q_noise,1896,1896,1664,1,1896,0,0,0,0,fraction,7.698426956492469e-16,1.1062588924000268e-15,1.4655382925375664e-15,1.7916104677709353e-15,2.1691947776757807e-15,2.9238000858940507e-15,4.456342087473424e-15,1.868201312521892e-15,5.593871050317179e-16,HYP,0,negative
E,,10,505,snr_p_db,1896,1896,1664,1,1896,0,0,0,0,dB,9.999948367830715,9.99998631510215,9.999992155987032,9.999994500838032,9.999996249600564,9.99999851585968,9.999999948083143,9.999993772390761,3.916250829089282e-06,HYP,0,negative
E,,10,505,delta_p_db,1896,1896,1664,1,1896,0,0,0,0,dB,-5.1707267903677485e-05,-1.3746714125984582e-05,-7.895108900608124e-06,-5.558534987764587e-06,-3.809002279577931e-06,-1.5430830928471034e-06,-1.0837244654717928e-07,-6.286159347707644e-06,3.916169750704258e-06,HYP,0,negative
E,,10,505,q_noise,1896,1896,1664,1,1896,0,0,0,0,fraction,7.824955068405828e-16,1.1102412640903501e-15,1.4761253580925312e-15,1.7900100560069818e-15,2.177595543029753e-15,2.8759957815220434e-15,4.457447578844301e-15,1.8693083095093564e-15,5.588549259501372e-16,HYP,0,negative
E,,10,8128,snr_p_db,1896,1896,1664,1,1896,0,0,0,0,dB,9.999948370871296,9.999986309240715,9.99999215761992,9.999994502498023,9.999996247072612,9.999998514344579,9.999999956664002,9.999993772495106,3.916032966432972e-06,HYP,0,negative
E,,10,8128,delta_p_db,1896,1896,1664,1,1896,0,0,0,0,dB,-5.170726790415964e-05,-1.374671412670783e-05,-7.895108900608124e-06,-5.558534986800258e-06,-3.8090022798190133e-06,-1.5430830929676443e-06,-1.0837244654717928e-07,-6.286159347710443e-06,3.916169750703517e-06,HYP,0,negative
E,,10,8128,q_noise,1896,1896,1664,1,1896,0,0,0,0,fraction,7.807578057038725e-16,1.1159156483512342e-15,1.4626227939915987e-15,1.788170146262706e-15,2.176069824011302e-15,2.88395945591267e-15,4.295185636775967e-15,1.8678325706744017e-15,5.58120655266738e-16,HYP,0,negative
I,,0,101,snr_p_db,1896,1896,1664,1,1896,0,0,0,0,dB,1.8458936479861587,1.9411543601890209,1.9972949012959602,2.0388509354562476,2.0791092459157565,2.134819735899091,2.237438436044164,2.03866124009498,0.0587902912053723,HYP,0,negative
I,,0,101,delta_p_db,1896,1896,1664,1,1896,0,0,0,0,dB,1.8458936461691042,1.9411543613159419,1.9972949045460457,2.0388509359050895,2.0791092420094834,2.1348197374134257,2.2374384381083554,2.0386612399222726,0.058790291341712764,HYP,0,negative
I,,0,101,q_noise,1896,1896,1664,1,1896,0,0,0,0,fraction,0.3462521400766386,0.3604362007990629,0.3686506222077005,0.3746630610538876,0.3804322407803532,0.38833016865960013,0.40261281217959577,0.37457818789472597,0.00846827658160178,HYP,0,negative
I,,0,202,snr_p_db,1896,1896,1664,1,1896,0,0,0,0,dB,1.8476995093155675,1.9395667789998916,1.9974882827703944,2.036817070368051,2.0816873685341686,2.1368990629439275,2.247085975276546,2.0382475470907164,0.06045655930459904,HYP,0,negative
I,,0,202,delta_p_db,1896,1896,1664,1,1896,0,0,0,0,dB,1.8476995055450254,1.9395667751907752,1.9974882823746714,2.0368170746090932,2.081687368130776,2.1368990692238565,2.247085982341357,2.0382475472487833,0.060456559191019006,HYP,0,negative
I,,0,202,q_noise,1896,1896,1664,1,1896,0,0,0,0,fraction,0.34652439165746346,0.3602026714656305,0.3686782049962427,0.3743697348696522,0.3808000464868617,0.3886222843478716,0.40393914806251635,0.3745153293089107,0.00870637250776475,HYP,0,negative
I,,0,303,snr_p_db,1896,1896,1664,1,1896,0,0,0,0,dB,1.8600435043021977,1.9368468445762455,1.99587662728376,2.038423467188486,2.078834039859292,2.137754373819838,2.2294050100774205,2.0374109705364223,0.06133110407213801,HYP,0,negative
I,,0,303,delta_p_db,1896,1896,1664,1,1896,0,0,0,0,dB,1.8600435059442129,1.9368468509588401,1.9958766263743066,2.038423460501642,2.0788340387044117,2.1377543780022212,2.2294050097062543,2.0374109705989016,0.06133110413279371,HYP,0,negative
I,,0,303,q_noise,1896,1896,1664,1,1896,0,0,0,0,fraction,0.3483784588660145,0.3598007637516788,0.36844407287519104,0.3746009182172775,0.38039313850092177,0.3887429706683242,0.40150693795210446,0.37439304769097814,0.008837928367211626,HYP,0,negative
I,,0,404,snr_p_db,1896,1896,1664,1,1896,0,0,0,0,dB,1.7865219894229811,1.9355563128131605,1.996696444221017,2.0359254316544266,2.078023190715799,2.140204676795141,2.248789048652861,2.0368379965565224,0.06080534682121126,HYP,0,negative
I,,0,404,delta_p_db,1896,1896,1664,1,1896,0,0,0,0,dB,1.7865219917075572,1.9355563179820354,1.996696447978298,2.035925438171529,2.0780231862222203,2.140204669997134,2.2487890459540836,2.036837996614789,0.060805346731621815,HYP,0,negative
I,,0,404,q_noise,1896,1896,1664,1,1896,0,0,0,0,fraction,0.3372542414396308,0.3596112469639968,0.36856321712605195,0.3742416204941628,0.38027723312925854,0.38908763562050463,0.40417248432754826,0.3743116006235428,0.008756739366079305,HYP,0,negative
I,,0,505,snr_p_db,1896,1896,1664,1,1896,0,0,0,0,dB,1.8622128163821738,1.9368255061405557,1.992965950629749,2.0355631803158185,2.077780891669834,2.1374919278826994,2.2394034295946987,2.0362182627194043,0.06154989828095679,HYP,0,negative
I,,0,505,delta_p_db,1896,1896,1664,1,1896,0,0,0,0,dB,1.8622128086278165,1.9368255041853406,1.9929659564707387,2.0355631834928047,2.077780888972085,2.1374919219902804,2.239403424619515,2.0362182627030063,0.06154989830981341,HYP,0,negative
I,,0,505,q_noise,1896,1896,1664,1,1896,0,0,0,0,fraction,0.3487043823142079,0.35979839102233213,0.36802057495940094,0.3741891197555194,0.38024285674132163,0.3887059219038269,0.40288335630186456,0.3742207996229429,0.008865026091598607,HYP,0,negative
I,,0,8128,snr_p_db,1896,1896,1664,1,1896,0,0,0,0,dB,1.8456754348229896,1.9379844293934723,1.9969823021114572,2.036117389910757,2.078466923282436,2.1379097164114906,2.230612938276909,2.0376285087905552,0.060233048149992995,HYP,0,negative
I,,0,8128,delta_p_db,1896,1896,1664,1,1896,0,0,0,0,dB,1.8456754317580417,1.9379844379923454,1.9969823082430251,2.03611739082764,2.0784669212746527,2.137909718241411,2.2306129427897163,2.037628508755098,0.060233048307940386,HYP,0,negative
I,,0,8128,q_noise,1896,1896,1664,1,1896,0,0,0,0,fraction,0.34622078714689597,0.3599692164038293,0.3686051499885315,0.37426950298092454,0.3803409149956269,0.38876487577671304,0.40167365975082503,0.37442662579644514,0.008672947014421846,HYP,0,negative
I,,5,101,snr_p_db,1896,1896,1664,1,1896,0,0,0,0,dB,6.845893540904918,6.941154252875599,6.997294797811608,7.038850825188788,7.0791091491505,7.134819605659869,7.237438323449137,7.038661128259818,0.0587902910980828,HYP,0,negative
I,,5,101,delta_p_db,1896,1896,1664,1,1896,0,0,0,0,dB,1.8458936487579438,1.9411543633329629,1.9972949085672718,2.038850937638261,2.07910924456281,2.134819731283855,2.2374384349091745,2.0386612399847124,0.05879029123009808,HYP,0,negative
I,,5,101,q_noise,1896,1896,1664,1,1896,0,0,0,0,fraction,0.34625214046633934,0.36043620109610436,0.36865062279228056,0.3746630613034456,0.38043224114461305,0.3883301677962995,0.40261281173953734,0.37457818790393216,0.008468276566106082,HYP,0,negative
I,,5,202,snr_p_db,1896,1896,1664,1,1896,0,0,0,0,dB,6.847699382743649,6.939566659454073,6.997488173388081,7.036816954105103,7.081687260253521,7.136898953747538,7.247085868743128,7.0382474355531075,0.0604565592899431,HYP,0,negative
I,,5,202,delta_p_db,1896,1896,1664,1,1896,0,0,0,0,dB,1.84769950858969,1.939566775653085,1.9974882849959485,2.0368170710712383,2.0816873735824997,2.1368990654829694,2.2470859849140545,2.038247547303568,0.06045655917769022,HYP,0,negative
I,,5,202,q_noise,1896,1896,1664,1,1896,0,0,0,0,fraction,0.34652439211558894,0.36020267153373686,0.3686782053772895,0.3743697343600121,0.38080004726414796,0.38862228382125763,0.4039391484156141,0.3745153293168277,0.008706372505720802,HYP,0,negative
I,,5,303,snr_p_db,1896,1896,1664,1,1896,0,0,0,0,dB,6.860043386668075,6.936846737790181,6.995876514062532,7.03842334629729,7.078833936955406,7.137754258032974,7.229404915730656,7.037410858678496,0.06133110432856297,HYP,0,negative
I,,5,303,delta_p_db,1896,1896,1664,1,1896,0,0,0,0,dB,1.8600435093034584,1.9368468458747143,1.995876626817327,2.0384234591090973,2.0788340379218595,2.137754374247487,2.2294050207893368,2.0374109705002916,0.06133110418131413,HYP,0,negative
I,,5,303,q_noise,1896,1896,1664,1,1896,0,0,0,0,fraction,0.3483784593700404,0.35980076300224834,0.3684440729396165,0.37460091801674594,0.3803931383892768,0.38874297013985626,0.40150693947944316,0.37439304767667575,0.008837928374171812,HYP,0,negative
I,,5,404,snr_p_db,1896,1896,1664,1,1896,0,0,0,0,dB,6.78652187941712,6.935556202268792,6.996696333853428,7.0359253144605844,7.078023078790958,7.140204556528261,7.248788937969707,7.036837884496413,0.06080534644061894,HYP,0,negative
I,,5,404,delta_p_db,1896,1896,1664,1,1896,0,0,0,0,dB,1.786521991176149,1.9355563200702666,1.9966964470494817,2.0359254404924307,2.078023187974843,2.140204668351729,2.248789052961486,2.0368379964486105,0.06080534662550566,HYP,0,negative
I,,5,404,q_noise,1896,1896,1664,1,1896,0,0,0,0,fraction,0.3372542413585363,0.3596112472719236,0.36856321699100686,0.3742416208285723,0.38027723337935176,0.3890876353890298,0.40417248528892424,0.37431160059981644,0.008756739350883147,HYP,0,negative
I,,5,505,snr_p_db,1896,1896,1664,1,1896,0,0,0,0,dB,6.8622126800390335,6.936825383635513,6.992965843105784,7.035563074583259,7.077780773816022,7.137491806791962,7.2394032956955,7.036218150917635,0.06154989882322664,HYP,0,negative
I,,5,505,delta_p_db,1896,1896,1664,1,1896,0,0,0,0,dB,1.8622128024504645,1.9368254990933584,1.9929659480943325,2.0355631826507548,2.077780886805972,2.137491919130982,2.2394034198344634,2.0362182627769476,0.06154989846876296,HYP,0,negative
I,,5,505,q_noise,1896,1896,1664,1,1896,0,0,0,0,fraction,0.34870438138781307,0.3597983902717136,0.36802057374047803,0.374189119634178,0.38024285643220646,0.38870592150136396,0.4028833556439622,0.37422079963327176,0.00886502611456632,HYP,0,negative
I,,5,8128,snr_p_db,1896,1896,1664,1,1896,0,0,0,0,dB,6.845675320106662,6.937984329799363,6.996982198514065,7.036117272205017,7.078466812469489,7.137909599324106,7.230612840362847,7.037628396476822,0.06023304841666692,HYP,0,negative
I,,5,8128,delta_p_db,1896,1896,1664,1,1896,0,0,0,0,dB,1.8456754331713208,1.9379844376907176,1.9969823083589588,2.0361173905687,2.0784669210452957,2.1379097213239615,2.2306129439045366,2.0376285086059163,0.06023304844313343,HYP,0,negative
I,,5,8128,q_noise,1896,1896,1664,1,1896,0,0,0,0,fraction,0.34622078735964845,0.3599692163593688,0.36860515000538685,0.37426950294361605,0.3803409149629025,0.38876487621057454,0.40167365990441345,0.37442662577468994,0.008672947033465175,HYP,0,negative
I,,10,101,snr_p_db,1896,1896,1664,1,1896,0,0,0,0,dB,11.845893700625027,11.941154433355463,11.997294975292506,12.038850988854977,12.079109315192628,12.134819809152154,12.237438498018431,12.038661298760468,0.05879029156779514,HYP,0,negative
I,,10,101,delta_p_db,1896,1896,1664,1,1896,0,0,0,0,dB,1.8458936464615594,1.9411543650097975,1.9972949076872268,2.0388509333874882,2.0791092428808504,2.1348197360459062,2.2374384346734293,2.0386612401767734,0.05879029156326601,HYP,0,negative
I,,10,101,q_noise,1896,1896,1664,1,1896,0,0,0,0,fraction,0.34625214012066224,0.36043620134303755,0.36865062266434573,0.37466306069138056,0.3804322409046629,0.3883301684669936,0.40261281170710966,0.37457818793094466,0.008468276612992168,HYP,0,negative
I,,10,202,snr_p_db,1896,1896,1664,1,1896,0,0,0,0,dB,11.847699566733365,11.939566821054708,11.997488337778698,12.036817126846307,12.08168743526332,12.136899126741831,12.247086030863974,12.038247605900745,0.06045655912733788,HYP,0,negative
I,,10,202,delta_p_db,1896,1896,1664,1,1896,0,0,0,0,dB,1.8476995086163717,1.9395667732476747,1.9974882853485485,2.036817070044176,2.081687374762538,2.1368990690694694,2.24708597823567,2.0382475473431483,0.0604565590173326,HYP,0,negative
I,,10,202,q_noise,1896,1896,1664,1,1896,0,0,0,0,fraction,0.3465243921196037,0.36020267117937765,0.36867820542854673,0.37436973421204023,0.3808000474323824,0.3886222843261369,0.4039391474990186,0.37451532932284914,0.008706372482598113,HYP,0,negative
I,,10,303,snr_p_db,1896,1896,1664,1,1896,0,0,0,0,dB,11.860043570019794,11.936846898975809,11.995876678148658,12.038423511163632,12.078834097382448,12.137754427559623,12.229405043823432,12.037411028914903,0.06133110397622331,HYP,0,negative
I,,10,303,delta_p_db,1896,1896,1664,1,1896,0,0,0,0,dB,1.8600435097066703,1.9368468502999403,1.9958766271910922,2.0384234530970233,2.078834035868205,2.1377543664753724,2.2294050031131887,2.0374109707334513,0.061331103931751625,HYP,0,negative
I,,10,303,q_noise,1896,1896,1664,1,1896,0,0,0,0,fraction,0.3483784594305389,0.35980076365456254,0.3684440729939689,0.37460091715099164,0.38039313809628056,0.38874296904594596,0.4015069370435264,0.37439304771077103,0.008837928337555798,HYP,0,negative
I,,10,404,snr_p_db,1896,1896,1664,1,1896,0,0,0,0,dB,11.78652205466484,11.935556384652898,11.996696499452824,12.035925491641873,12.07802325063762,12.140204731918194,12.248789119781119,12.036838054657107,0.0608053465464677,HYP,0,negative
I,,10,404,delta_p_db,1896,1896,1664,1,1896,0,0,0,0,dB,1.7865219931184533,1.9355563242349987,1.9966964436106736,2.0359254427807514,2.0780231874945643,2.1402046766249416,2.248789058090515,2.03683799663217,0.06080534670327923,HYP,0,negative
I,,10,404,q_noise,1896,1896,1664,1,1896,0,0,0,0,fraction,0.33725424165493756,0.35961124788601306,0.36856321649102797,0.3742416211582875,0.38027723331081636,0.3890876365528597,0.4041724859925982,0.3743116006261108,0.00875673936051776,HYP,0,negative
I,,10,505,snr_p_db,1896,1896,1664,1,1896,0,0,0,0,dB,11.862212846573637,11.936825566663222,11.992966018414357,12.035563242751806,12.077780956895571,12.137491991323612,12.23940346664562,12.036218321307642,0.06154989833844942,HYP,0,negative
I,,10,505,delta_p_db,1896,1896,1664,1,1896,0,0,0,0,dB,1.8622127994813817,1.9368255039212658,1.9929659540616451,2.0355631856843868,2.0777808922451078,2.137491922339074,2.2394034205702633,2.036218262654517,0.061549897967176914,HYP,0,negative
I,,10,505,q_noise,1896,1896,1664,1,1896,0,0,0,0,fraction,0.3487043809425505,0.3597983909834044,0.3680205746088363,0.3741891200713209,0.3802428572083872,0.38870592195292264,0.40288335574512807,0.3742207996166552,0.008865026042300106,HYP,0,negative
I,,10,8128,snr_p_db,1896,1896,1664,1,1896,0,0,0,0,dB,11.845675485533437,11.937984493103716,11.996982376421103,12.036117456103408,12.078466982562544,12.13790978462513,12.230613005132302,12.037628567366562,0.06023304836829691,HYP,0,negative
I,,10,8128,delta_p_db,1896,1896,1664,1,1896,0,0,0,0,dB,1.8456754322898095,1.937984437310944,1.9969823145582095,2.0361173991971775,2.0784669211456825,2.137909717103726,2.23061294048807,2.037628508747218,0.060233048449722715,HYP,0,negative
I,,10,8128,q_noise,1896,1896,1664,1,1896,0,0,0,0,fraction,0.3462207872269474,0.3599692163033695,0.3686051509066585,0.37426950418680305,0.38034091497722516,0.3887648756165742,0.40167365943372785,0.37442662579502817,0.008672947034609128,HYP,0,negative
S_00,S_00,0,101,snr_p_db,1896,1896,1664,1,1896,0,0,0,0,dB,2.383690739705137,2.5046611381624584,2.574609855138986,2.6212102886478617,2.669650239694226,2.741703889060051,2.8664509418264723,2.6214221086466285,0.0717008998123618,HYP,0,negative
S_00,S_00,0,101,delta_p_db,1896,1896,1664,1,1896,0,0,0,0,dB,2.383690738846382,2.504661139301329,2.5746098542527216,2.6212102897775846,2.669650243036527,2.7417038927089106,2.866450947307162,2.6214221085196376,0.07170089980699018,HYP,0,negative
S_00,S_00,0,101,q_noise,1896,1896,1664,1,1896,0,0,0,0,fraction,0.42239642598180493,0.43826266321656954,0.4472374282262414,0.45313710160352094,0.45920284187918115,0.46810076926663435,0.4831615974717542,0.45308942565890925,0.009030624418496721,HYP,0,negative
S_00,S_00,0,202,snr_p_db,1896,1896,1664,1,1896,0,0,0,0,dB,2.339936419194562,2.502696776736115,2.568571780509804,2.6186763068836263,2.667506145492796,2.745496427581605,2.888618794346241,2.6195874853053,0.07349629877543,HYP,0,negative
S_00,S_00,0,202,delta_p_db,1896,1896,1664,1,1896,0,0,0,0,dB,2.3399364234353666,2.502696780766015,2.568571784955447,2.618676315781981,2.667506139349575,2.7454964338787247,2.888618788254194,2.6195874853687284,0.07349629878789515,HYP,0,negative
S_00,S_00,0,202,q_noise,1896,1896,1664,1,1896,0,0,0,0,fraction,0.41654725163361866,0.43800856449132924,0.446468939879801,0.4528182910377079,0.4589358418205326,0.46856545085209667,0.48579334395979823,0.45285462106657787,0.009250271195976625,HYP,0,negative
S_00,S_00,0,303,snr_p_db,1896,1896,1664,1,1896,0,0,0,0,dB,2.385507332419943,2.501788262721986,2.575646838840421,2.620763277769849,2.669916793883316,2.7434957691243076,2.8651699541030213,2.6219645388241735,0.07277963833773984,HYP,0,negative
S_00,S_00,0,303,delta_p_db,1896,1896,1664,1,1896,0,0,0,0,dB,2.385507331669055,2.501788271906799,2.575646835956668,2.6207632755473025,2.669916806975018,2.7434957637594244,2.8651699508473,2.6219645384816803,0.07277963843200551,HYP,0,negative
S_00,S_00,0,303,q_noise,1896,1896,1664,1,1896,0,0,0,0,fraction,0.42263734107090245,0.43789100419120397,0.44736951168064687,0.4530808694965388,0.45923614119866596,0.468320400925618,0.4830099490540349,0.4531554774549178,0.009164388588498044,HYP,0,negative
S_00,S_00,0,404,snr_p_db,1896,1896,1664,1,1896,0,0,0,0,dB,2.380377892387395,2.501894184671187,2.5673108872647106,2.6185523679390394,2.6667191245118653,2.7398097754048587,2.836505803369551,2.618902722607087,0.07310016558122326,HYP,0,negative
S_00,S_00,0,404,delta_p_db,1896,1896,1664,1,1896,0,0,0,0,dB,2.3803778969475298,2.501894178172682,2.5673108907214637,2.618552368726041,2.6667191282245017,2.7398097827062857,2.8365057998887453,2.6189027224942723,0.07310016550653585,HYP,0,negative
S_00,S_00,0,404,q_noise,1896,1896,1664,1,1896,0,0,0,0,fraction,0.42195533727331247,0.43790439137264847,0.446308114381418,0.4528020703294044,0.4588377965530959,0.4678689710297019,0.47958658468206633,0.452769151849165,0.009207968184483791,HYP,0,negative
S_00,S_00,0,505,snr_p_db,1896,1896,1664,1,1896,0,0,0,0,dB,2.4192068046211617,2.4992583794639067,2.5691583570681242,2.61886605897811,2.6685385824898358,2.7360638042042384,2.8942117193418184,2.618959167844635,0.07245311637620844,HYP,0,negative
S_00,S_00,0,505,delta_p_db,1896,1896,1664,1,1896,0,0,0,0,dB,2.419206795838987,2.4992583759360447,2.5691583627193215,2.618866060510089,2.6685385879700223,2.736063806174097,2.8942117206811444,2.6189591677483883,0.07245311659869005,HYP,0,negative
S_00,S_00,0,505,q_noise,1896,1896,1664,1,1896,0,0,0,0,fraction,0.4271029849833637,0.43756324489295506,0.44654422493055534,0.4528417389039724,0.4590644764556337,0.467410400567667,0.4864550079828823,0.4527776319213706,0.009125715892849743,HYP,0,negative
S_00,S_00,0,8128,snr_p_db,1896,1896,1664,1,1896,0,0,0,0,dB,2.40195323203557,2.5055020311121465,2.5710817556829717,2.617969074645907,2.667034678866166,2.7346380418187493,2.878875892922585,2.619426158414765,0.06967500581026807,HYP,0,negative
S_00,S_00,0,8128,delta_p_db,1896,1896,1664,1,1896,0,0,0,0,dB,2.4019532326922195,2.505502030670148,2.571081755398838,2.617969069728633,2.6670346753370278,2.734638044184396,2.8788758915154355,2.61942615865806,0.06967500573486612,HYP,0,negative
S_00,S_00,0,8128,q_noise,1896,1896,1664,1,1896,0,0,0,0,fraction,0.42481906828120314,0.43837101010819957,0.4467884093511326,0.45272923091765416,0.4588771009856293,0.4672347947452388,0.4846383642654077,0.45284218937774334,0.008775471665702523,HYP,0,negative
S_00,S_00,5,101,snr_p_db,1896,1896,1664,1,1896,0,0,0,0,dB,7.383690628387466,7.504661025066161,7.574609732869107,7.621210186834555,7.669650118672243,7.7417037733509915,7.866450823335597,7.621421996591877,0.07170090010055494,HYP,0,negative
S_00,S_00,5,101,delta_p_db,1896,1896,1664,1,1896,0,0,0,0,dB,2.3836907367928526,2.504661136584373,2.574609861917433,2.621210295098474,2.669650241375985,2.7417038824709254,2.866450941955811,2.6214221084599103,0.07170089991308842,HYP,0,negative
S_00,S_00,5,101,q_noise,1896,1896,1664,1,1896,0,0,0,0,fraction,0.42239642570868946,0.43826266286528864,0.4472374292017963,0.4531371022735214,0.45920284167238024,0.46810076801271544,0.48316159683490906,0.4530894256511649,0.009030624432425336,HYP,0,negative
S_00,S_00,5,202,snr_p_db,1896,1896,1664,1,1896,0,0,0,0,dB,7.339936308673808,7.502696681549782,7.568571687285225,7.618676198160292,7.667506036271024,7.745496308573286,7.888618673502136,7.61958737329497,0.073496298510045,HYP,0,negative
S_00,S_00,5,202,delta_p_db,1896,1896,1664,1,1896,0,0,0,0,dB,2.3399364203991775,2.502696788511103,2.5685717834344257,2.618676308400181,2.6675061497660093,2.7454964350185573,2.8886187815912083,2.6195874852666523,0.07349629847619789,HYP,0,negative
S_00,S_00,5,202,q_noise,1896,1896,1664,1,1896,0,0,0,0,fraction,0.41654725122572195,0.438008565493568,0.4464689396859395,0.45281829010765384,0.4589358431182647,0.46856545099157576,0.4857933431708976,0.4528546210543792,0.009250271157346637,HYP,0,negative
S_00,S_00,5,303,snr_p_db,1896,1896,1664,1,1896,0,0,0,0,dB,7.385507221051605,7.50178816184027,7.5756467153987455,7.620763161543877,7.669916687498245,7.7434956423233725,7.8651698286662395,7.6219644266373905,0.07277963864750493,HYP,0,negative
S_00,S_00,5,303,delta_p_db,1896,1896,1664,1,1896,0,0,0,0,dB,2.385507324530535,2.501788273560387,2.575646832967724,2.6207632672717875,2.6699168083934604,2.7434957614291275,2.8651699394520462,2.6219645384599137,0.07277963847683776,HYP,0,negative
S_00,S_00,5,303,q_noise,1896,1896,1664,1,1896,0,0,0,0,fraction,0.4226373401218886,0.43789100440522327,0.44736951130031877,0.4530808684543762,0.45923614137528285,0.46832040064033453,0.4830099476975285,0.45315547745208185,0.009164388594299862,HYP,0,negative
S_00,S_00,5,404,snr_p_db,1896,1896,1664,1,1896,0,0,0,0,dB,7.380377781679518,7.501894063675188,7.56731076000018,7.618552256120243,7.666719008278811,7.739809657732711,7.836505695575042,7.618902610809446,0.07310016560078061,HYP,0,negative
S_00,S_00,5,404,delta_p_db,1896,1896,1664,1,1896,0,0,0,0,dB,2.380377902067689,2.5018941803102814,2.5673108842519006,2.618552367913245,2.6667191213298325,2.7398097787619937,2.836505798347785,2.6189027225766073,0.07310016540095178,HYP,0,negative
S_00,S_00,5,404,q_noise,1896,1896,1664,1,1896,0,0,0,0,fraction,0.4219553379548042,0.4379043916493108,0.4463081135565944,0.45280207022699737,0.458837795693967,0.46786897054640963,0.4795865844974137,0.4527691518597584,0.009207968171858073,HYP,0,negative
S_00,S_00,5,505,snr_p_db,1896,1896,1664,1,1896,0,0,0,0,dB,7.419206668936092,7.4992582667213465,7.569158246948061,7.618865940137569,7.668538465090161,7.736063694187645,7.8942116096184245,7.618959055637787,0.07245311630346216,HYP,0,negative
S_00,S_00,5,505,delta_p_db,1896,1896,1664,1,1896,0,0,0,0,dB,2.419206794681182,2.4992583712582674,2.5691583680672645,2.6188660589422756,2.6685385790464085,2.7360638070510754,2.89421172391663,2.6189591677828106,0.07245311648370036,HYP,0,negative
S_00,S_00,5,505,q_noise,1896,1896,1664,1,1896,0,0,0,0,fraction,0.42710298483063247,0.43756324428718013,0.44654422561208273,0.45284173870645694,0.4590644753441319,0.4674104006752085,0.4864550083654724,0.45277763192594916,0.00912571587834131,HYP,0,negative
S_00,S_00,5,8128,snr_p_db,1896,1896,1664,1,1896,0,0,0,0,dB,7.401953114274961,7.50550192808609,7.571081658317648,7.617968961864334,7.667034556531338,7.734637925727043,7.878875771652637,7.619426046331097,0.06967500558262497,HYP,0,negative
S_00,S_00,5,8128,delta_p_db,1896,1896,1664,1,1896,0,0,0,0,dB,2.401953228662283,2.505502041435008,2.5710817642174355,2.617969065207017,2.6670346760148407,2.7346380448897225,2.8788758944336665,2.619426158363871,0.06967500548575649,HYP,0,negative
S_00,S_00,5,8128,q_noise,1896,1896,1664,1,1896,0,0,0,0,fraction,0.42481906774747713,0.4383710115003004,0.44678841047446066,0.45272923034785717,0.45887710107008345,0.46723479483177116,0.48463836461170373,0.4528421893411853,0.008775471634336953,HYP,0,negative
S_00,S_00,10,101,snr_p_db,1896,1896,1664,1,1896,0,0,0,0,dB,12.383690795173148,12.504661201343488,12.574609920240885,12.621210330736297,12.66965029558817,12.74170395772854,12.866450981313047,12.62142216735853,0.07170089959850233,HYP,0,negative
S_00,S_00,10,101,delta_p_db,1896,1896,1664,1,1896,0,0,0,0,dB,2.383690737447518,2.5046611429266337,2.574609858135762,2.621210284778405,2.669650239155721,2.7417038921122847,2.8664509408888152,2.621422108826236,0.07170089948574467,HYP,0,negative
S_00,S_00,10,101,q_noise,1896,1896,1664,1,1896,0,0,0,0,fraction,0.4223964257957586,0.4382626636857091,0.44723742872045813,0.45313710097402227,0.4592028413959284,0.4681007691935395,0.48316159670792974,0.45308942569818894,0.00903062437705222,HYP,0,negative
S_00,S_00,10,202,snr_p_db,1896,1896,1664,1,1896,0,0,0,0,dB,12.339936499716625,12.502696845365834,12.568571859312517,12.618676369330526,12.66750621673999,12.74549649286557,12.888618840707167,12.61958754409625,0.07349629895076207,HYP,0,negative
S_00,S_00,10,202,delta_p_db,1896,1896,1664,1,1896,0,0,0,0,dB,2.3399364401326035,2.502696784194718,2.568571791506614,2.618676315801642,2.6675061498823087,2.7454964373416377,2.888618774174266,2.619587485419302,0.07349629905738435,HYP,0,negative
S_00,S_00,10,202,q_noise,1896,1896,1664,1,1896,0,0,0,0,fraction,0.4165472538768083,0.43800856493500595,0.4464689407147614,0.4528182910401616,0.4589358431327581,0.46856545127586546,0.48579334229272825,0.4528546210723748,0.009250271229910333,HYP,0,negative
S_00,S_00,10,303,snr_p_db,1896,1896,1664,1,1896,0,0,0,0,dB,12.38550738877599,12.501788325600705,12.57564688749129,12.620763314759786,12.669916849115877,12.743495841849903,12.865170007207068,12.621964596719462,0.07277963875386823,HYP,0,negative
S_00,S_00,10,303,delta_p_db,1896,1896,1664,1,1896,0,0,0,0,dB,2.3855073245290352,2.5017882728788594,2.5756468379235176,2.6207632634971754,2.669916796913334,2.7434957722620217,2.8651699407340745,2.6219645381914076,0.07277963876170745,HYP,0,negative
S_00,S_00,10,303,q_noise,1896,1896,1664,1,1896,0,0,0,0,fraction,0.42263734012168924,0.4378910043170089,0.447369511930906,0.4530808679790319,0.4592361399458297,0.4683204019665391,0.48300994785014284,0.45315547741767226,0.009164388630719226,HYP,0,negative
S_00,S_00,10,404,snr_p_db,1896,1896,1664,1,1896,0,0,0,0,dB,12.38037798652162,12.50189421542862,12.567310945941614,12.618552430644044,12.666719174437336,12.739809821069326,12.836505843281085,12.618902780375668,0.0731001650394153,HYP,0,negative
S_00,S_00,10,404,delta_p_db,1896,1896,1664,1,1896,0,0,0,0,dB,2.380377912376336,2.501894166763354,2.567310887012577,2.6185523654993155,2.6667191295449557,2.7398097791165212,2.8365057951311705,2.6189027223467463,0.07310016552925494,HYP,0,negative
S_00,S_00,10,404,q_noise,1896,1896,1664,1,1896,0,0,0,0,fraction,0.42195533932688195,0.4379043898959726,0.4463081139085653,0.45280206992284744,0.45883779671763586,0.46786897058985444,0.479586584111968,0.4527691518305272,0.00920796818776428,HYP,0,negative
S_00,S_00,10,505,snr_p_db,1896,1896,1664,1,1896,0,0,0,0,dB,12.419206876190092,12.49925844533152,12.56915842033162,12.618866109923712,12.66853864680122,12.736063864639986,12.894211771743453,12.61895922591903,0.07245311637049327,HYP,0,negative
S_00,S_00,10,505,delta_p_db,1896,1896,1664,1,1896,0,0,0,0,dB,2.4192068082160665,2.499258381346607,2.569158365036166,2.6188660524637464,2.6685385881351804,2.7360638034271947,2.8942117264994947,2.618959167633486,0.07245311635727689,HYP,0,negative
S_00,S_00,10,505,q_noise,1896,1896,1664,1,1896,0,0,0,0,fraction,0.4271029866160788,0.4375632455936589,0.4465442252258103,0.45284173789023086,0.45906447647619864,0.4674104002308047,0.48645500867089114,0.4527776319074078,0.00912571586121827,HYP,0,negative
S_00,S_00,10,8128,snr_p_db,1896,1896,1664,1,1896,0,0,0,0,dB,12.401953299183885,12.505502088782308,12.571081818866178,12.617969133093696,12.6670347280952,12.734638111414815,12.878875934712589,12.61942621720803,0.0696750055507137,HYP,0,negative
S_00,S_00,10,8128,delta_p_db,1896,1896,1664,1,1896,0,0,0,0,dB,2.401953239953275,2.505502031874155,2.5710817590398536,2.617969074352077,2.667034681862341,2.7346380399656915,2.8788758880748997,2.619426158609015,0.06967500571109612,HYP,0,negative
S_00,S_00,10,8128,q_noise,1896,1896,1664,1,1896,0,0,0,0,fraction,0.4248190692428595,0.43837101026389885,0.44678840981493123,0.4527292315002489,0.458877101798671,0.4672347942277113,0.48463836385713177,0.4528421893716105,0.008775471663134174,HYP,0,negative
S_01,S_01,0,101,snr_p_db,1896,1896,1664,1,1896,0,0,0,0,dB,1.3995966566558906,1.538147117311691,1.5969695237712482,1.6357886965778374,1.6780344975001429,1.739639697224451,1.8297572145064989,1.6374071850361929,0.06131534103722935,HYP,0,negative
S_01,S_01,0,101,delta_p_db,1896,1896,1664,1,1896,0,0,0,0,dB,1.3995966442729415,1.538147120518753,1.5969695217131146,1.6357887006411196,1.6780344890214005,1.7396396990815919,1.8297572163036637,1.6374071848923408,0.06131534110117814,HYP,0,negative
S_01,S_01,0,101,q_noise,1896,1896,1664,1,1896,0,0,0,0,fraction,0.27549756522865865,0.2982461729188079,0.3076880133146708,0.31384763119240067,0.3204898260892327,0.3300603225889065,0.34381879074686283,0.3140350771052473,0.009683440347554188,HYP,0,negative
S_01,S_01,0,202,snr_p_db,1896,1896,1664,1,1896,0,0,0,0,dB,1.4160371399878693,1.5374741429339713,1.5973428458963035,1.6329203065412132,1.6773935792089647,1.7364976944014487,1.8292513563831188,1.6354450146898316,0.060894156463318264,HYP,0,negative
S_01,S_01,0,202,delta_p_db,1896,1896,1664,1,1896,0,0,0,0,dB,1.4160371346992606,1.5374741435406352,1.5973428397633305,1.6329203138533244,1.6773935805784292,1.7364976999182629,1.82925135801494,1.6354450146944581,0.06089415654352922,HYP,0,negative
S_01,S_01,0,202,q_noise,1896,1896,1664,1,1896,0,0,0,0,fraction,0.2782348550539887,0.29813705928485795,0.30774652343174674,0.3133941122567132,0.32038955562071963,0.32957675392583596,0.3437432413269339,0.31372602297183977,0.009620480241993995,HYP,0,negative
S_01,S_01,0,303,snr_p_db,1896,1896,1664,1,1896,0,0,0,0,dB,1.434071963193615,1.5418274900201459,1.5977487209661034,1.6370617396278084,1.6809509345530058,1.742647207655784,1.8372876446711048,1.6389453991621747,0.061322733439335544,HYP,0,negative
S_01,S_01,0,303,delta_p_db,1896,1896,1664,1,1896,0,0,0,0,dB,1.4340719653498992,1.5418274833489969,1.597748722283717,1.6370617411076915,1.680950930559542,1.742647209857311,1.837287640172657,1.638945398964908,0.06132273350779292,HYP,0,negative
S_01,S_01,0,303,q_noise,1896,1896,1664,1,1896,0,0,0,0,fraction,0.2812257746531999,0.298840848915873,0.3078120124571512,0.31404875995237685,0.3209463423076872,0.33052449180110755,0.3449556879134451,0.31427801334256406,0.009673528144111128,HYP,0,negative
S_01,S_01,0,404,snr_p_db,1896,1896,1664,1,1896,0,0,0,0,dB,1.4499622380845318,1.5358507070358534,1.5968028109451136,1.6382038311020013,1.6801015111838673,1.7379301001252863,1.8367504720504957,1.6379250081363146,0.06196368580177561,HYP,0,negative
S_01,S_01,0,404,delta_p_db,1896,1896,1664,1,1896,0,0,0,0,dB,1.4499622352751549,1.535850705671248,1.5968028181133493,1.6382038262261551,1.6801015043470333,1.7379301002563174,1.8367504807982735,1.6379250081212777,0.061963685772239,HYP,0,negative
S_01,S_01,0,404,q_noise,1896,1896,1664,1,1896,0,0,0,0,fraction,0.2838514301667691,0.29787745489768186,0.30766069988798417,0.3142291074485808,0.32081315605174066,0.32979681472278155,0.3448741495837753,0.3141154055606258,0.00978559218317293,HYP,0,negative
S_01,S_01,0,505,snr_p_db,1896,1896,1664,1,1896,0,0,0,0,dB,1.453775752308979,1.5366336058471932,1.5940714136672767,1.634200981117971,1.6763241668837519,1.7381820851236356,1.8581101077373694,1.6357861974388908,0.06143670312770386,HYP,0,negative
S_01,S_01,0,505,delta_p_db,1896,1896,1664,1,1896,0,0,0,0,dB,1.4537757535312905,1.5366336064146253,1.5940714040234427,1.6342009902010486,1.6763241649446607,1.7381820886562414,1.8581101062815162,1.6357861973710959,0.061436703143679695,HYP,0,negative
S_01,S_01,0,505,q_noise,1896,1896,1664,1,1896,0,0,0,0,fraction,0.2844795203227235,0.29800125971787805,0.3072249052834546,0.3135965917200922,0.32022189970934284,0.3298360421430574,0.3480893324389617,0.31377876262726095,0.00969816653402579,HYP,0,negative
S_01,S_01,0,8128,snr_p_db,1896,1896,1664,1,1896,0,0,0,0,dB,1.4556046265518316,1.539006862011082,1.59391344693553,1.6358147977829098,1.6763125570883088,1.7365257038576798,1.8841113945172134,1.636145327426347,0.06010047547630447,HYP,0,negative
S_01,S_01,0,8128,delta_p_db,1896,1896,1664,1,1896,0,0,0,0,dB,1.455604628105347,1.5390068641062813,1.593913454572725,1.635814792641988,1.676312562018953,1.7365257026221008,1.8841113963970881,1.6361453276932794,0.06010047548476404,HYP,0,negative
S_01,S_01,0,8128,q_noise,1896,1896,1664,1,1896,0,0,0,0,fraction,0.2847844091671715,0.29838505436692275,0.3072002695467569,0.31385286491164915,0.32021988747232216,0.3295799291514929,0.3519805601247275,0.3138384429995083,0.009489253921000047,HYP,0,negative
S_01,S_01,5,101,snr_p_db,1896,1896,1664,1,1896,0,0,0,0,dB,6.39959653242549,6.5381470022228125,6.596969416304563,6.635788597665538,6.67803438205739,6.739639587103715,6.829757104950133,6.637407073032998,0.0613153413372691,HYP,0,negative
S_01,S_01,5,101,delta_p_db,1896,1896,1664,1,1896,0,0,0,0,dB,1.399596641345051,1.5381471207801882,1.5969695241810005,1.6357887011717285,1.6780344913781193,1.7396396947143176,1.8297572189372127,1.6374071849475034,0.06131534113757743,HYP,0,negative
S_01,S_01,5,101,q_noise,1896,1896,1664,1,1896,0,0,0,0,fraction,0.27549756474021964,0.2982461729610518,0.3076880137080672,0.31384763127623283,0.32048982645797,0.3300603219152065,0.34381879114476926,0.3140350771138808,0.009683440352846196,HYP,0,negative
S_01,S_01,5,202,snr_p_db,1896,1896,1664,1,1896,0,0,0,0,dB,6.416037014719001,6.53747403464088,6.597342721434722,6.6329201970420435,6.677393471187242,6.736497582108065,6.829251248958319,6.635444902739222,0.06089415672779604,HYP,0,negative
S_01,S_01,5,202,delta_p_db,1896,1896,1664,1,1896,0,0,0,0,dB,1.4160371301726218,1.5374741430819945,1.5973428414544126,1.6329203135690207,1.6773935764793626,1.7364976952801656,1.8292513542036781,1.6354450148202981,0.060894156615905456,HYP,0,negative
S_01,S_01,5,202,q_noise,1896,1896,1664,1,1896,0,0,0,0,fraction,0.2782348543016949,0.29813705921074696,0.3077465237012985,0.31339411221176566,0.3203895549792769,0.3295767532097962,0.3437432407510191,0.3137260229915635,0.009620480253448659,HYP,0,negative
S_01,S_01,5,303,snr_p_db,1896,1896,1664,1,1896,0,0,0,0,dB,6.434071856877513,6.541827367254573,6.597748613044818,6.63706163485046,6.680950837084935,6.742647093623232,6.837287523674424,6.638945287182718,0.061322733411733985,HYP,0,negative
S_01,S_01,5,303,delta_p_db,1896,1896,1664,1,1896,0,0,0,0,dB,1.4340719599679221,1.5418274834250827,1.5977487278345317,1.637061748790687,1.6809509386703014,1.7426472076999464,1.8372876360586485,1.638945398957277,0.06132273347226421,HYP,0,negative
S_01,S_01,5,303,q_noise,1896,1896,1664,1,1896,0,0,0,0,fraction,0.28122577376246166,0.2988408489281585,0.3078120133418498,0.31404876116587616,0.32094634357586904,0.3305244914685388,0.34495568729293113,0.31427801334143757,0.009673528138681022,HYP,0,negative
S_01,S_01,5,404,snr_p_db,1896,1896,1664,1,1896,0,0,0,0,dB,6.449962108494837,6.535850594409764,6.596802715676714,6.638203725311015,6.680101393923625,6.7379300013847265,6.836750354511069,6.637924896324576,0.06196368576550594,HYP,0,negative
S_01,S_01,5,404,delta_p_db,1896,1896,1664,1,1896,0,0,0,0,dB,1.4499622330753825,1.5358507100066534,1.5968028199725013,1.63820382512456,1.6801015061735434,1.7379301041806992,1.8367504758530235,1.6379250082006638,0.06196368581332985,HYP,0,negative
S_01,S_01,5,404,q_noise,1896,1896,1664,1,1896,0,0,0,0,fraction,0.2838514298040282,0.2978774555985261,0.3076607004986137,0.31422910727462516,0.3208131563373827,0.32979681532842925,0.34487414883779266,0.3141154055730703,0.009785592189576624,HYP,0,negative
S_01,S_01,5,505,snr_p_db,1896,1896,1664,1,1896,0,0,0,0,dB,6.453775636881966,6.53663349584989,6.594071292272728,6.634200874978537,6.676324047620382,6.738181971464769,6.858110003168952,6.635786085277842,0.06143670288303248,HYP,0,negative
S_01,S_01,5,505,delta_p_db,1896,1896,1664,1,1896,0,0,0,0,dB,1.4537757493847603,1.5366336052470393,1.594071400053108,1.6342009915144904,1.6763241648924139,1.7381820895602753,1.8581101097233454,1.6357861973791792,0.06143670315616583,HYP,0,negative
S_01,S_01,5,505,q_noise,1896,1896,1664,1,1896,0,0,0,0,fraction,0.2844795196395632,0.298001259529148,0.307224904650127,0.3135965919276795,0.3202218997011693,0.3298360422825599,0.34808933295560773,0.31377876262850973,0.009698166536115833,HYP,0,negative
S_01,S_01,5,8128,snr_p_db,1896,1896,1664,1,1896,0,0,0,0,dB,6.455604510887766,6.539006755946461,6.593913342610238,6.635814687441141,6.6763124349220195,6.7365256011741526,6.884111276797308,6.636145215544333,0.06010047547973345,HYP,0,negative
S_01,S_01,5,8128,delta_p_db,1896,1896,1664,1,1896,0,0,0,0,dB,1.455604621406679,1.5390068644724957,1.5939134607553727,1.63581479497253,1.6763125609973306,1.7365257056230312,1.8841113935708287,1.63614532763787,0.06010047547681547,HYP,0,negative
S_01,S_01,5,8128,q_noise,1896,1896,1664,1,1896,0,0,0,0,fraction,0.28478440806400496,0.2983850544260853,0.3072002705330282,0.3138528652798543,0.3202198873124124,0.3295799296147521,0.35198055970301567,0.31383844299077074,0.009489253919975007,HYP,0,negative
S_01,S_01,10,101,snr_p_db,1896,1896,1664,1,1896,0,0,0,0,dB,11.39959671607029,11.538147170548658,11.596969583563384,11.635788767984604,11.67803452735665,11.739639768889043,11.829757277001917,11.637407243618949,0.06131534089907192,HYP,0,negative
S_01,S_01,10,101,delta_p_db,1896,1896,1664,1,1896,0,0,0,0,dB,1.3995966429487072,1.5381471198331018,1.5969695268547988,1.635788701439624,1.6780344862436225,1.7396397036288642,1.8297572194460119,1.637407184943634,0.06131534098550016,HYP,0,negative
S_01,S_01,10,101,q_noise,1896,1896,1664,1,1896,0,0,0,0,fraction,0.27549756500774614,0.29824617280801746,0.3076880141343002,0.3138476313185617,0.3204898256546025,0.3300603232903959,0.3438187912216444,0.31403507711360346,0.00968344032989059,HYP,0,negative
S_01,S_01,10,202,snr_p_db,1896,1896,1664,1,1896,0,0,0,0,dB,11.41603718544946,11.537474200374948,11.597342896589105,11.632920384213996,11.677393625397443,11.736497750546585,11.829251430128814,11.635445073403124,0.060894156761982676,HYP,0,negative
S_01,S_01,10,202,delta_p_db,1896,1896,1664,1,1896,0,0,0,0,dB,1.4160371349159466,1.5374741406884156,1.5973428425637182,1.6329203160460262,1.677393574786564,1.7364976980128866,1.829251359585708,1.6354450147967603,0.06089415675777093,HYP,0,negative
S_01,S_01,10,202,q_noise,1896,1896,1664,1,1896,0,0,0,0,fraction,0.2782348550900002,0.298137058823926,0.3077465238781121,0.313394112603371,0.32038955471437763,0.32957675363167144,0.3437432415642906,0.3137260229875336,0.009620480275143086,HYP,0,negative
S_01,S_01,10,303,snr_p_db,1896,1896,1664,1,1896,0,0,0,0,dB,11.434072019002738,11.54182754359391,11.597748795547432,11.637061802579858,11.68095099863999,11.742647273081015,11.83728769086562,11.63894545733337,0.06132273369664828,HYP,0,negative
S_01,S_01,10,303,delta_p_db,1896,1896,1664,1,1896,0,0,0,0,dB,1.4340719584588981,1.541827477966549,1.597748724869188,1.637061743409431,1.6809509322173626,1.74264721272031,1.8372876323089262,1.638945398884267,0.061322733745457374,HYP,0,negative
S_01,S_01,10,303,q_noise,1896,1896,1664,1,1896,0,0,0,0,fraction,0.28122577351271244,0.2988408480468921,0.3078120128692309,0.314048760315928,0.3209463425669018,0.33052449224240027,0.3449556867273623,0.3142780133292997,0.009673528182295912,HYP,0,negative
S_01,S_01,10,404,snr_p_db,1896,1896,1664,1,1896,0,0,0,0,dB,11.449962304253603,11.53585075452147,11.596802889047853,11.638203888973846,11.680101563054965,11.737930158689627,11.836750529056312,11.63792506621118,0.061963685276798956,HYP,0,negative
S_01,S_01,10,404,delta_p_db,1896,1896,1664,1,1896,0,0,0,0,dB,1.449962241273863,1.5358506989611111,1.5968028199104072,1.6382038226875673,1.680101503797271,1.7379301014555217,1.8367504732515514,1.6379250080310608,0.06196368569373871,HYP,0,negative
S_01,S_01,10,404,q_noise,1896,1896,1664,1,1896,0,0,0,0,fraction,0.28385143115595185,0.297877453812883,0.30766070049546346,0.31422910688982764,0.32081315596576426,0.3297968149078771,0.344874148445365,0.31411540554655476,0.009785592170908805,HYP,0,negative
S_01,S_01,10,505,snr_p_db,1896,1896,1664,1,1896,0,0,0,0,dB,11.453775806651956,11.536633661424268,11.594071464767898,11.63420105475988,11.676324215016093,11.738182139496171,11.858110175527267,11.6357862556596,0.06143670316021026,HYP,0,negative
S_01,S_01,10,505,delta_p_db,1896,1896,1664,1,1896,0,0,0,0,dB,1.453775747020909,1.5366336058217298,1.5940714055874787,1.634200991481384,1.676324161740681,1.73818208398526,1.8581101191843854,1.6357861973263546,0.06143670329064259,HYP,0,negative
S_01,S_01,10,505,q_noise,1896,1896,1664,1,1896,0,0,0,0,fraction,0.2844795192501076,0.2980012596220419,0.30722490553294846,0.31359659192246214,0.32022189920783545,0.3298360414222712,0.3480893343757854,0.3137787626198637,0.009698166557254594,HYP,0,negative
S_01,S_01,10,8128,snr_p_db,1896,1896,1664,1,1896,0,0,0,0,dB,11.455604680596128,11.53900692743333,11.59391349716288,11.635814857051932,11.67631262126834,11.736525765553719,11.884111431189798,11.636145386285799,0.06010047561941657,HYP,0,negative
S_01,S_01,10,8128,delta_p_db,1896,1896,1664,1,1896,0,0,0,0,dB,1.4556046179420177,1.5390068680486688,1.5939134537775994,1.6358147960690126,1.6763125624345732,1.7365257016598497,1.8841113928065003,1.6361453276530673,0.060100475461105855,HYP,0,negative
S_01,S_01,10,8128,q_noise,1896,1896,1664,1,1896,0,0,0,0,fraction,0.28478440749342887,0.2983850550038243,0.3072002694199172,0.3138528654530889,0.3202198875373773,0.3295799290029476,0.3519805595889687,0.31383844299320385,0.009489253917967925,HYP,0,negative
S_02,S_02,0,101,snr_p_db,1896,1896,1664,1,1896,0,0,0,0,dB,0.9260757256731538,1.0594801199411585,1.1101067929867918,1.1441614087429155,1.181364413719542,1.2315363043281107,1.3025977734749898,1.1453047635626519,0.05208238181005353,HYP,0,negative
S_02,S_02,0,101,delta_p_db,1896,1896,1664,1,1896,0,0,0,0,dB,0.9260757158570514,1.0594801211525775,1.1101067962934592,1.1441614058049434,1.181364411988487,1.231536303793884,1.3025977740541572,1.1453047633471984,0.052082382002432065,HYP,0,negative
S_02,S_02,0,101,q_noise,1896,1896,1664,1,1896,0,0,0,0,fraction,0.19203612733180223,0.21647676429474608,0.2255578646351039,0.23160732421569577,0.23816089974008053,0.24691370079386443,0.2591344378112952,0.23175435598604957,0.00921263699917252,HYP,0,negative
S_02,S_02,0,202,snr_p_db,1896,1896,1664,1,1896,0,0,0,0,dB,0.9755866573349083,1.0587558008147535,1.1087548411061185,1.1434527369592704,1.178563824988679,1.2265580355589893,1.3208884645677852,1.1435674418222206,0.051651544844267684,HYP,0,negative
S_02,S_02,0,202,delta_p_db,1896,1896,1664,1,1896,0,0,0,0,dB,0.9755866561819292,1.0587558036629447,1.1087548418658417,1.1434527369572505,1.1785638276947077,1.2265580404901675,1.3208884591007044,1.1435674418391244,0.0516515449228569,HYP,0,negative
S_02,S_02,0,202,q_noise,1896,1896,1664,1,1896,0,0,0,0,fraction,0.2011946711633312,0.2163475218422382,0.22531743186799466,0.2314816598539063,0.23767070852407612,0.2460491823653551,0.2622474230665816,0.23144789054024595,0.009137636286223627,HYP,0,negative
S_02,S_02,0,303,snr_p_db,1896,1896,1664,1,1896,0,0,0,0,dB,0.9924023035433884,1.0612850798765496,1.1078141265944934,1.1428994637071885,1.1799943296616116,1.233945343538055,1.3208125732865714,1.1448959147999105,0.05188496496371095,HYP,0,negative
S_02,S_02,0,303,delta_p_db,1896,1896,1664,1,1896,0,0,0,0,dB,0.9924023015876465,1.0612850854345188,1.1078141234709353,1.1428994619264903,1.1799943211798036,1.2339453460247118,1.3208125606298513,1.1448959146159898,0.051884965012102206,HYP,0,negative
S_02,S_02,0,303,q_noise,1896,1896,1664,1,1896,0,0,0,0,fraction,0.20428133855177516,0.21680302058982653,0.22514927824834247,0.23138356809805805,0.23792067297755723,0.24732990732371238,0.2622347627449602,0.2316824828213644,0.00916962173375306,HYP,0,negative
S_02,S_02,0,404,snr_p_db,1896,1896,1664,1,1896,0,0,0,0,dB,0.9653666625566957,1.057442736129159,1.1110256207982785,1.145575738643967,1.181459004420822,1.2319349355862976,1.3473350728504072,1.146287818616686,0.052795419306946784,HYP,0,negative
S_02,S_02,0,404,delta_p_db,1896,1896,1664,1,1896,0,0,0,0,dB,0.9653666630459197,1.057442738261507,1.1110256191307903,1.145575730471097,1.1814590029264394,1.2319349342688701,1.347335072789875,1.1462878185740326,0.052795419401235145,HYP,0,negative
S_02,S_02,0,404,q_noise,1896,1896,1664,1,1896,0,0,0,0,fraction,0.19931316804487223,0.2161098942711423,0.22572192965939877,0.23185706025218988,0.2381780713195351,0.24698209291554019,0.26672646093917685,0.2319267242480924,0.009333786343743284,HYP,0,negative
S_02,S_02,0,505,snr_p_db,1896,1896,1664,1,1896,0,0,0,0,dB,0.9552463859460556,1.0597434035105502,1.1088002812014235,1.1422132647114265,1.1784308900605582,1.2333733571111485,1.3301566768133726,1.1440417771969231,0.053048816911259684,HYP,0,negative
S_02,S_02,0,505,delta_p_db,1896,1896,1664,1,1896,0,0,0,0,dB,0.9552463777974172,1.0597434056022599,1.1088002846542602,1.1422132626722743,1.1784308874474196,1.2333733519794394,1.3301566779558882,1.1440417770903715,0.05304881692815844,HYP,0,negative
S_02,S_02,0,505,q_noise,1896,1896,1664,1,1896,0,0,0,0,fraction,0.19744665171309755,0.21652560052749487,0.2253250073294364,0.23126222324696877,0.23764632132789543,0.24723007466549168,0.26382047248396573,0.2315288664449928,0.009379639091273647,HYP,0,negative
S_02,S_02,0,8128,snr_p_db,1896,1896,1664,1,1896,0,0,0,0,dB,0.9349997975791168,1.0580350714029767,1.1101723287633432,1.1432083177744423,1.1800494776298915,1.2311235741959976,1.3220735612122203,1.1442765741592837,0.05197053090322039,HYP,0,negative
S_02,S_02,0,8128,delta_p_db,1896,1896,1664,1,1896,0,0,0,0,dB,0.9349997987743462,1.0580350647846808,1.1101723313885061,1.1432083135111903,1.1800494771990158,1.2311235683488517,1.322073564463695,1.1442765742563907,0.051970530946367305,HYP,0,negative
S_02,S_02,0,8128,q_noise,1896,1896,1664,1,1896,0,0,0,0,fraction,0.19369852194636314,0.21621652698175003,0.22557016902518034,0.23143887772349542,0.23793244326791324,0.24684098584636255,0.2624489635459034,0.231572690176756,0.009194926286442686,HYP,0,negative
S_02,S_02,5,101,snr_p_db,1896,1896,1664,1,1896,0,0,0,0,dB,5.926075600651135,6.059480013098362,6.110106671134525,6.14416129388392,6.18136430135176,6.2315361825987585,6.30259766843716,6.145304651460638,0.05208238196396641,HYP,0,negative
S_02,S_02,5,101,delta_p_db,1896,1896,1664,1,1896,0,0,0,0,dB,0.9260757126524782,1.0594801262756035,1.1101067963846334,1.1441614067866,1.1813644139814872,1.2315363008398699,1.302597781095924,1.1453047633685929,0.052082381943935774,HYP,0,negative
S_02,S_02,5,101,q_noise,1896,1896,1664,1,1896,0,0,0,0,fraction,0.1920361267356217,0.21647676521899273,0.22555786458489063,0.23160732438937962,0.2381609000896902,0.24691370028162388,0.2591344390125544,0.23175435598995958,0.009212636988443264,HYP,0,negative
S_02,S_02,5,202,snr_p_db,1896,1896,1664,1,1896,0,0,0,0,dB,5.97558654384049,6.0587556935786875,6.108754722131452,6.14345262225657,6.17856372359706,6.22655792817528,6.320888346222395,6.1435673298009625,0.05165154487506514,HYP,0,negative
S_02,S_02,5,202,delta_p_db,1896,1896,1664,1,1896,0,0,0,0,dB,0.9755866504646877,1.0587558044356025,1.1087548371863327,1.1434527354384834,1.1785638295813428,1.2265580462483592,1.3208884585815897,1.1435674419291237,0.05165154489817628,HYP,0,negative
S_02,S_02,5,202,q_noise,1896,1896,1664,1,1896,0,0,0,0,fraction,0.20119467011174916,0.21634752198167667,0.22531743103327523,0.23148165958514877,0.23767070885524458,0.2460491833650009,0.26224742297839765,0.23144789055622617,0.009137636281265136,HYP,0,negative
S_02,S_02,5,303,snr_p_db,1896,1896,1664,1,1896,0,0,0,0,dB,5.992402186870694,6.061284977303566,6.107814004267563,6.142899353900071,6.179994207473729,6.233945237671559,6.320812463815696,6.144895802990644,0.05188496518941207,HYP,0,negative
S_02,S_02,5,303,delta_p_db,1896,1896,1664,1,1896,0,0,0,0,dB,0.9924022965106603,1.061285090086718,1.107814126185159,1.1428994623886108,1.179994321748,1.2339453460537753,1.3208125614447823,1.1448959145970816,0.051884965161734665,HYP,0,negative
S_02,S_02,5,303,q_noise,1896,1896,1664,1,1896,0,0,0,0,fraction,0.20428133762156472,0.21680302142877705,0.22514927873259827,0.231383568179843,0.23792067307726095,0.2473299073287549,0.262234762883398,0.23168248281770384,0.009169621760128265,HYP,0,negative
S_02,S_02,5,404,snr_p_db,1896,1896,1664,1,1896,0,0,0,0,dB,5.965366541296183,6.057442627201143,6.111025497702682,6.1455756166994995,6.1814588954632175,6.2319348230672365,6.347334964109007,6.146287706664914,0.05279541911365307,HYP,0,negative
S_02,S_02,5,404,delta_p_db,1896,1896,1664,1,1896,0,0,0,0,dB,0.9653666613938306,1.0574427408152482,1.1110256169401258,1.1455757287792006,1.1814590059206829,1.2319349369868409,1.3473350744381336,1.1462878184898786,0.05279541931697102,HYP,0,negative
S_02,S_02,5,404,q_noise,1896,1896,1664,1,1896,0,0,0,0,fraction,0.19931316774028487,0.21610989473208198,0.22572192926883677,0.23185705995294398,0.2381780718447689,0.24698209338680466,0.26672646121747284,0.23192672423339264,0.00933378632845385,HYP,0,negative
S_02,S_02,5,505,snr_p_db,1896,1896,1664,1,1896,0,0,0,0,dB,5.955246273075861,6.059743295283855,6.108800170389268,6.142213158884413,6.1784307716235585,6.233373233604866,6.330156565250013,6.14404166514088,0.05304881665219181,HYP,0,negative
S_02,S_02,5,505,delta_p_db,1896,1896,1664,1,1896,0,0,0,0,dB,0.955246379830721,1.0597434061327173,1.1088002805465558,1.1422132637024012,1.1784308904740353,1.2333733507813602,1.3301566783857726,1.1440417771322813,0.05304881677471139,HYP,0,negative
S_02,S_02,5,505,q_noise,1896,1896,1664,1,1896,0,0,0,0,fraction,0.19744665208884132,0.2165256006231905,0.22532500659672228,0.23126222342930985,0.2376463218591929,0.24723007445781991,0.2638204725568361,0.23152886645274087,0.009379639063788617,HYP,0,negative
S_02,S_02,5,8128,snr_p_db,1896,1896,1664,1,1896,0,0,0,0,dB,5.934999683158983,6.058034953756239,6.110172219402407,6.143208203792666,6.1800493545583635,6.23112347582327,6.322073444246957,6.144276462219773,0.051970531117057274,HYP,0,negative
S_02,S_02,5,8128,delta_p_db,1896,1896,1664,1,1896,0,0,0,0,dB,0.9349997971787101,1.0580350666852454,1.110172331932331,1.143208310027837,1.1800494735020255,1.2311235751071756,1.322073568276342,1.144276574239907,0.05197053106170402,HYP,0,negative
S_02,S_02,5,8128,q_noise,1896,1896,1664,1,1896,0,0,0,0,fraction,0.19369852165012097,0.216216527324754,0.22557016912215305,0.2314388771070549,0.23793244261919508,0.24684098701840257,0.2624489641933954,0.23157269017359636,0.009194926306651644,HYP,0,negative
S_02,S_02,10,101,snr_p_db,1896,1896,1664,1,1896,0,0,0,0,dB,10.926075789049367,11.059480191070863,11.110106860250458,11.144161458439008,11.181364476386845,11.231536369920194,11.30259781518089,11.14530482168445,0.05208238164797256,HYP,0,negative
S_02,S_02,10,101,delta_p_db,1896,1896,1664,1,1896,0,0,0,0,dB,0.9260757161753365,1.0594801210689175,1.1101067951452612,1.144161402856093,1.1813644106840324,1.2315363018533005,1.3025977633929287,1.1453047632467999,0.05208238166572401,HYP,0,negative
S_02,S_02,10,101,q_noise,1896,1896,1664,1,1896,0,0,0,0,fraction,0.1920361273910162,0.21647676427966636,0.22555786412174425,0.23160732369395753,0.23816089951125288,0.24691370045734953,0.25913443599258984,0.23175435596900115,0.009212636940383405,HYP,0,negative
S_02,S_02,10,202,snr_p_db,1896,1896,1664,1,1896,0,0,0,0,dB,10.975586718048365,11.058755873622498,11.10875490427859,11.143452793733594,11.178563876167729,11.22655809654275,11.320888525840672,11.143567500519053,0.051651544688318486,HYP,0,negative
S_02,S_02,10,202,delta_p_db,1896,1896,1664,1,1896,0,0,0,0,dB,0.9755866564477518,1.0587558107968267,1.108754844923649,1.1434527372831598,1.1785638253411688,1.2265580414217983,1.3208884578459195,1.1435674419317536,0.05165154484617367,HYP,0,negative
S_02,S_02,10,202,q_noise,1896,1896,1664,1,1896,0,0,0,0,fraction,0.20119467121222445,0.21634752312949068,0.22531743241342794,0.23148165991157804,0.23767070811095584,0.24604918252709093,0.26224742285342667,0.23144789055680026,0.009137636272237676,HYP,0,negative
S_02,S_02,10,303,snr_p_db,1896,1896,1664,1,1896,0,0,0,0,dB,10.992402347729096,11.061285139830458,11.107814179765516,11.14289952836501,11.179994378163173,11.233945398375344,11.320812629302717,11.144895973302852,0.05188496509070487,HYP,0,negative
S_02,S_02,10,303,delta_p_db,1896,1896,1664,1,1896,0,0,0,0,dB,0.9924022985733271,1.0612850866905554,1.1078141204034133,1.142899462998621,1.1799943182638153,1.2339453417018869,1.3208125683876923,1.14489591453994,0.05188496517053998,HYP,0,negative
S_02,S_02,10,303,q_noise,1896,1896,1664,1,1896,0,0,0,0,fraction,0.20428133799948867,0.2168030208163386,0.22514927770104995,0.23138356828780193,0.23792067246586662,0.24732990657444007,0.26223476406283674,0.23168248280757542,0.00916962176202799,HYP,0,negative
S_02,S_02,10,404,snr_p_db,1896,1896,1664,1,1896,0,0,0,0,dB,10.965366732923446,11.0574427989925,11.111025688869953,11.1455757888636,11.181459064610243,11.231934999401318,11.347335142786063,11.146287876514874,0.05279541933647242,HYP,0,negative
S_02,S_02,10,404,delta_p_db,1896,1896,1664,1,1896,0,0,0,0,dB,0.9653666620742856,1.0574427340958388,1.1110256250540274,1.1455757266833595,1.1814590028187282,1.2319349425321262,1.3473350741960874,1.1462878185151848,0.052795419338565436,HYP,0,negative
S_02,S_02,10,404,q_noise,1896,1896,1664,1,1896,0,0,0,0,fraction,0.19931316786573697,0.2161098935192587,0.22572193071541508,0.2318570595822435,0.23817807130064356,0.2469820943483013,0.2667264611766051,0.23192672423782104,0.00933378633240474,HYP,0,negative
S_02,S_02,10,505,snr_p_db,1896,1896,1664,1,1896,0,0,0,0,dB,10.955246446019235,11.059743469142612,11.108800360086441,11.142213322455525,11.178430950431917,11.233373408943724,11.330156729944692,11.14404183563513,0.0530488168385287,HYP,0,negative
S_02,S_02,10,505,delta_p_db,1896,1896,1664,1,1896,0,0,0,0,dB,0.9552463850192263,1.0597434099779524,1.1088002877001166,1.1422132660450837,1.1784308868067725,1.2333733499283905,1.330156677606179,1.1440417771403364,0.053048816917844833,HYP,0,negative
S_02,S_02,10,505,q_noise,1896,1896,1664,1,1896,0,0,0,0,fraction,0.19744665304764977,0.21652560131687648,0.2253250078727413,0.23126222384398432,0.23764632121543905,0.24723007430998173,0.26382047242468587,0.23152886645385856,0.009379639088770996,HYP,0,negative
S_02,S_02,10,8128,snr_p_db,1896,1896,1664,1,1896,0,0,0,0,dB,10.934999866352433,11.058035117201682,11.110172389799484,11.14320837325132,11.180049538554858,11.23112362257313,11.322073641310466,11.144276632630675,0.051970530978963765,HYP,0,negative
S_02,S_02,10,8128,delta_p_db,1896,1896,1664,1,1896,0,0,0,0,dB,0.934999800595333,1.0580350634715818,1.110172335352937,1.1432083126395756,1.1800494666692356,1.2311235687896869,1.3220735703462025,1.144276574135696,0.05197053086620994,HYP,0,negative
S_02,S_02,10,8128,q_noise,1896,1896,1664,1,1896,0,0,0,0,fraction,0.1936985222844436,0.2162165267447836,0.22557016973211375,0.23143887756924456,0.23793244142022882,0.24684098592281384,0.2624489645449144,0.23157269015556858,0.009194926272945405,HYP,0,negative
S_03,S_03,0,101,snr_p_db,1896,1896,1664,1,1896,0,0,0,0,dB,3.1990175637597607,3.366368727100861,3.46124916029943,3.5284623911188056,3.5976165589642934,3.6881913370268045,3.8903980039012436,3.5288854362944098,0.09771788918485097,HYP,0,negative
S_03,S_03,0,101,delta_p_db,1896,1896,1664,1,1896,0,0,0,0,dB,3.199017563232837,3.3663687261232433,3.461249164910206,3.5284623875633514,3.5976165572120222,3.6881913401749964,3.890398001174704,3.5288854362192996,0.09771788910439551,HYP,0,negative
S_03,S_03,0,101,q_noise,1896,1896,1664,1,1896,0,0,0,0,fraction,0.5212621369525144,0.5393586375867981,0.5493135714030253,0.5562349745580045,0.5632449230816999,0.5722592573803089,0.5917185571122506,0.5561658731630893,0.009986048643003584,HYP,0,negative
S_03,S_03,0,202,snr_p_db,1896,1896,1664,1,1896,0,0,0,0,dB,3.223201372181675,3.3643771247991605,3.4561880975422357,3.527635015372973,3.595294962665878,3.6876877435464817,3.853092201281676,3.525572939455764,0.09968515716837027,HYP,0,negative
S_03,S_03,0,202,delta_p_db,1896,1896,1664,1,1896,0,0,0,0,dB,3.2232013703780127,3.364377133600539,3.4561880977819492,3.527635021811885,3.5952949617203824,3.687687750300749,3.85309220365626,3.5255729394336703,0.09968515714229743,HYP,0,negative
S_03,S_03,0,202,q_noise,1896,1896,1664,1,1896,0,0,0,0,fraction,0.5239206316720714,0.5391476764208678,0.5487879690515469,0.5561503876435685,0.5630113385368809,0.572209871600966,0.5881958931089457,0.5558226632334561,0.010192949404747192,HYP,0,negative
S_03,S_03,0,303,snr_p_db,1896,1896,1664,1,1896,0,0,0,0,dB,3.1896000602152337,3.3594482552198905,3.45911151544107,3.5262139726496056,3.595151912428682,3.7013048655815943,3.8577440111740273,3.5267982939968507,0.10147472188879471,HYP,0,negative
S_03,S_03,0,303,delta_p_db,1896,1896,1664,1,1896,0,0,0,0,dB,3.1896000567885636,3.3594482527677934,3.4591115169834845,3.5262139660846197,3.5951519111071217,3.701304866382472,3.85774400697378,3.5267982937877878,0.10147472196106729,HYP,0,negative
S_03,S_03,0,303,q_noise,1896,1896,1664,1,1896,0,0,0,0,fraction,0.5202230051646839,0.5386242901320377,0.5490915919525279,0.5560049520898085,0.5629970095536925,0.5735492444639096,0.5886370056855699,0.5559437295640195,0.010374036033760154,HYP,0,negative
S_03,S_03,0,404,snr_p_db,1896,1896,1664,1,1896,0,0,0,0,dB,3.216035377913664,3.362370885298461,3.458022834729566,3.5245891429875256,3.5933793985066713,3.696041728110453,3.862500363422956,3.525715229669082,0.10078726762294252,HYP,0,negative
S_03,S_03,0,404,delta_p_db,1896,1896,1664,1,1896,0,0,0,0,dB,3.2160353818419396,3.362370882317485,3.4580228282403622,3.5245891486154393,3.5933793938698626,3.696041735950943,3.8625003534834654,3.5257152296649523,0.10078726752865048,HYP,0,negative
S_03,S_03,0,404,q_noise,1896,1896,1664,1,1896,0,0,0,0,fraction,0.5231341968996266,0.5389350590361331,0.548978512057996,0.5558392883168337,0.5628183023577207,0.5730320034137959,0.58908743204286,0.5558346648142302,0.010299440018881533,HYP,0,negative
S_03,S_03,0,505,snr_p_db,1896,1896,1664,1,1896,0,0,0,0,dB,3.2439445978389747,3.3581095400173027,3.4565935201553417,3.522166490599338,3.5928226742689953,3.6940169517554997,3.828168806267807,3.5249171778655186,0.10104882309679629,HYP,0,negative
S_03,S_03,0,505,delta_p_db,1896,1896,1664,1,1896,0,0,0,0,dB,3.243944587873651,3.35810954369473,3.4565935116764273,3.522166496747649,3.5928226783028148,3.694016948651063,3.828168806048589,3.524917177907548,0.10104882327065112,HYP,0,negative
S_03,S_03,0,505,q_noise,1896,1896,1664,1,1896,0,0,0,0,fraction,0.5261892923919277,0.5384823986815672,0.548830138551097,0.5555911155801829,0.5627643632208849,0.5728329357101394,0.5858260404814638,0.555752394558606,0.010330682717185272,HYP,0,negative
S_03,S_03,0,8128,snr_p_db,1896,1896,1664,1,1896,0,0,0,0,dB,3.221067081473323,3.3667935959164024,3.457307930245389,3.5263297350919434,3.590373752041555,3.6868696976825004,3.895006817433954,3.525568219606821,0.096942356155857,HYP,0,negative
S_03,S_03,0,8128,delta_p_db,1896,1896,1664,1,1896,0,0,0,0,dB,3.2210670813163627,3.3667935971522485,3.4573079368531254,3.5263297379924072,3.590373748062188,3.68686969527823,3.8950068217482334,3.525568219842167,0.09694235606517074,HYP,0,negative
S_03,S_03,0,8128,q_noise,1896,1896,1664,1,1896,0,0,0,0,fraction,0.5236868071327957,0.5394039350450507,0.5489044660789564,0.556017383348167,0.5625165959591305,0.5721292425594358,0.5921514621116537,0.5558285571452716,0.009908146425866723,HYP,0,negative
S_03,S_03,5,101,snr_p_db,1896,1896,1664,1,1896,0,0,0,0,dB,8.199017425027291,8.366368613195386,8.461249047768984,8.528462283289278,8.597616463870992,8.68819122602563,8.890397902106816,8.528885324783863,0.0977178892563957,HYP,0,negative
S_03,S_03,5,101,delta_p_db,1896,1896,1664,1,1896,0,0,0,0,dB,3.199017546245556,3.3663687262397253,3.461249161762437,3.5284623900659264,3.597616566643288,3.6881913412414438,3.8903980134005716,3.52888543653247,0.09771788910122116,HYP,0,negative
S_03,S_03,5,101,q_noise,1896,1896,1664,1,1896,0,0,0,0,fraction,0.5212621350799476,0.5393586375991756,0.5493135710763732,0.5562349745936305,0.5632449240301745,0.5722592574853458,0.5917185582616078,0.5561658731951025,0.009986048641846127,HYP,0,negative
S_03,S_03,5,202,snr_p_db,1896,1896,1664,1,1896,0,0,0,0,dB,8.223201248723372,8.364377018188076,8.456187977206262,8.527634895481675,8.595294858094025,8.687687637721888,8.85309208709027,8.525572827242563,0.09968515703360414,HYP,0,negative
S_03,S_03,5,202,delta_p_db,1896,1896,1664,1,1896,0,0,0,0,dB,3.2232013654058833,3.3643771300859835,3.4561880914425744,3.527635015513754,3.595294966092064,3.687687751491216,3.8530922001492507,3.5255729393819606,0.09968515693963115,HYP,0,negative
S_03,S_03,5,202,q_noise,1896,1896,1664,1,1896,0,0,0,0,fraction,0.52392063112702,0.5391476760479172,0.5487879683929148,0.5561503869999143,0.5630113389767638,0.5722098717182662,0.5881958927764062,0.5558226632286385,0.01019294938469611,HYP,0,negative
S_03,S_03,5,303,snr_p_db,1896,1896,1664,1,1896,0,0,0,0,dB,8.189599939827119,8.359448153190781,8.45911139600549,8.526213856949443,8.595151810746435,8.701304757867563,8.857743906596813,8.526798182007598,0.10147472203832011,HYP,0,negative
S_03,S_03,5,303,delta_p_db,1896,1896,1664,1,1896,0,0,0,0,dB,3.189600048490969,3.3594482610189482,3.459111506180847,3.526213965559265,3.5951519142340884,3.7013048684858503,3.8577440037250987,3.526798293834054,0.10147472193598459,HYP,0,negative
S_03,S_03,5,303,q_noise,1896,1896,1664,1,1896,0,0,0,0,fraction,0.5202230042480259,0.5386242910085821,0.5490915908309522,0.5560049520360943,0.5629970098683225,0.5735492446704542,0.5886370053778553,0.5559437295688079,0.01037403603135554,HYP,0,negative
S_03,S_03,5,404,snr_p_db,1896,1896,1664,1,1896,0,0,0,0,dB,8.216035264907372,8.362370773484496,8.45802271603831,8.52458902822249,8.593379278281008,8.696041623748103,8.862500259967806,8.525715118165724,0.10078726760822083,HYP,0,negative
S_03,S_03,5,404,delta_p_db,1896,1896,1664,1,1896,0,0,0,0,dB,3.2160353838373905,3.3623708808656514,3.4580228279080756,3.5245891420845386,3.5933793811660766,3.6960417350984573,3.862500369551899,3.5257152298786356,0.10078726739098696,HYP,0,negative
S_03,S_03,5,404,q_noise,1896,1896,1664,1,1896,0,0,0,0,fraction,0.5231341971187319,0.5389350588819874,0.5489785120235003,0.5558392876489209,0.562818301078893,0.5730320033299914,0.5890874335631927,0.5558346648364081,0.010299440004626584,HYP,0,negative
S_03,S_03,5,505,snr_p_db,1896,1896,1664,1,1896,0,0,0,0,dB,8.243944488887818,8.35810943207196,8.456593399235837,8.522166375047465,8.59282255476648,8.694016858450498,8.828168706521245,8.52491706613012,0.10104882302905896,HYP,0,negative
S_03,S_03,5,505,delta_p_db,1896,1896,1664,1,1896,0,0,0,0,dB,3.2439445933382656,3.3581095463171877,3.45659350952636,3.5221664972840925,3.592822673506385,3.6940169603029505,3.828168819254571,3.5249171781590123,0.10104882317734036,HYP,0,negative
S_03,S_03,5,505,q_noise,1896,1896,1664,1,1896,0,0,0,0,fraction,0.5261892929881113,0.5384823989602425,0.5488301383277425,0.5555911156350688,0.562764362737994,0.5728329368562038,0.5858260417408797,0.5557523945845556,0.01033068270639659,HYP,0,negative
S_03,S_03,5,8128,snr_p_db,1896,1896,1664,1,1896,0,0,0,0,dB,8.2210669753813,8.366793498779032,8.457307823533078,8.526329630434855,8.590373634230605,8.686869587106862,8.895006701325363,8.525568107779023,0.09694235621887355,HYP,0,negative
S_03,S_03,5,8128,delta_p_db,1896,1896,1664,1,1896,0,0,0,0,dB,3.2210670896592792,3.366793596476768,3.457307937254633,3.5263297358897,3.5903737424369173,3.686869692851696,3.895006823479665,3.5255682197285334,0.09694235612054847,HYP,0,negative
S_03,S_03,5,8128,q_noise,1896,1896,1664,1,1896,0,0,0,0,fraction,0.5236868080478064,0.5394039349733898,0.548904466120659,0.5560173831332089,0.562516595392472,0.5721292423204175,0.5921514622742534,0.5558285571335213,0.009908146432093767,HYP,0,negative
S_03,S_03,10,101,snr_p_db,1896,1896,1664,1,1896,0,0,0,0,dB,13.199017604169141,13.366368779499314,13.461249224165627,13.528462450995285,13.59761659314116,13.688191389811873,13.890398057854874,13.528885495090964,0.09771788873806732,HYP,0,negative
S_03,S_03,10,101,delta_p_db,1896,1896,1664,1,1896,0,0,0,0,dB,3.1990175495849287,3.366368723733639,3.4612491715007025,3.528462388002482,3.59761654387389,3.6881913263904083,3.890397998107696,3.528885436558051,0.09771788856235594,HYP,0,negative
S_03,S_03,10,101,q_noise,1896,1896,1664,1,1896,0,0,0,0,fraction,0.5212621354480582,0.5393586373333416,0.5493135720869478,0.5562349746488108,0.5632449217403311,0.5722592560226518,0.5917185568239203,0.5561658731989434,0.00998604858824088,HYP,0,negative
S_03,S_03,10,202,snr_p_db,1896,1896,1664,1,1896,0,0,0,0,dB,13.223201431663954,13.364377206500796,13.456188129816937,13.527635071185522,13.595295017171416,13.687687818728628,13.853092234987942,13.525572997691402,0.09968515700843071,HYP,0,negative
S_03,S_03,10,202,delta_p_db,1896,1896,1664,1,1896,0,0,0,0,dB,3.2232013734855274,3.364377147695662,3.456188076743082,3.527635019506719,3.595294965899439,3.6876877666366745,3.853092182722448,3.525572939228216,0.09968515719735814,HYP,0,negative
S_03,S_03,10,202,q_noise,1896,1896,1664,1,1896,0,0,0,0,fraction,0.5239206320127213,0.5391476779165671,0.5487879668657204,0.5561503874079945,0.5630113389573768,0.5722098732101246,0.5881958911239723,0.5558226632123148,0.01019294941068955,HYP,0,negative
S_03,S_03,10,303,snr_p_db,1896,1896,1664,1,1896,0,0,0,0,dB,13.189600109479082,13.35944831512923,13.459111566976,13.526214021988913,13.595151972664185,13.701304927699566,13.857744054492384,13.52679835207931,0.1014747225027455,HYP,0,negative
S_03,S_03,10,303,delta_p_db,1896,1896,1664,1,1896,0,0,0,0,dB,3.1896000471329744,3.3594482620973434,3.4591115129814636,3.5262139553918317,3.5951519149657423,3.701304877219508,3.857743999773356,3.5267982935340396,0.10147472250171351,HYP,0,negative
S_03,S_03,10,303,q_noise,1896,1896,1664,1,1896,0,0,0,0,fraction,0.5202230040980045,0.5386242911231414,0.5490915915370238,0.5560049509966493,0.5629970099419654,0.5735492455280563,0.588637005003547,0.5559437295367886,0.010374036089066837,HYP,0,negative
S_03,S_03,10,404,snr_p_db,1896,1896,1664,1,1896,0,0,0,0,dB,13.216035429689743,13.362370936183696,13.458022881980057,13.524589195042239,13.593379442347173,13.696041802273351,13.862500414646323,13.525715288043065,0.10078726691159096,HYP,0,negative
S_03,S_03,10,404,delta_p_db,1896,1896,1664,1,1896,0,0,0,0,dB,3.2160353794927876,3.362370880966361,3.4580228225055207,3.524589142266276,3.5933793864491537,3.696041747045607,3.862500359547382,3.525715229896173,0.10078726732132168,HYP,0,negative
S_03,S_03,10,404,q_noise,1896,1896,1664,1,1896,0,0,0,0,fraction,0.5231341966416839,0.5389350588926973,0.548978511462415,0.5558392876674692,0.5628183016107091,0.5730320045045705,0.5890874326166041,0.5558346648383586,0.01029943999849262,HYP,0,negative
S_03,S_03,10,505,snr_p_db,1896,1896,1664,1,1896,0,0,0,0,dB,13.243944660216545,13.35810958236466,13.456593570386515,13.522166560888582,13.59282276625078,13.694017001490177,13.828168853989954,13.524917236373541,0.10104882348709082,HYP,0,negative
S_03,S_03,10,505,delta_p_db,1896,1896,1664,1,1896,0,0,0,0,dB,3.2439445845618557,3.3581095399221508,3.456593510353464,3.5221664974698386,3.5928226914134562,3.6940169407099743,3.8281688068675517,3.5249171779411723,0.10104882325397938,HYP,0,negative
S_03,S_03,10,505,q_noise,1896,1896,1664,1,1896,0,0,0,0,fraction,0.5261892920306143,0.5384823982805873,0.5488301384136606,0.5555911156540589,0.5627643645408267,0.5728329349290607,0.5858260405595659,0.5557523945621037,0.010330682712999655,HYP,0,negative
S_03,S_03,10,8128,snr_p_db,1896,1896,1664,1,1896,0,0,0,0,dB,13.221067133197767,13.366793667621106,13.457308005529109,13.526329812434103,13.590373814985274,13.68686975572747,13.89500688423038,13.525568278295966,0.09694235602818413,HYP,0,negative
S_03,S_03,10,8128,delta_p_db,1896,1896,1664,1,1896,0,0,0,0,dB,3.221067075041883,3.366793599566443,3.4573079383784657,3.5263297511578955,3.5903737533539575,3.686869698239258,3.8950068167970713,3.5255682198304408,0.09694235613479517,HYP,0,negative
S_03,S_03,10,8128,q_noise,1896,1896,1664,1,1896,0,0,0,0,fraction,0.523686806444641,0.5394039353011628,0.5489044662373856,0.5560173846940661,0.5625165964921943,0.5721292428511894,0.5921514616466871,0.5558285571439036,0.00990814643435958,HYP,0,negative
S_04,S_04,0,101,snr_p_db,1896,1896,1664,1,1896,0,0,0,0,dB,2.748571935172395,2.8773325675266066,2.9532313421191216,3.0046180755878513,3.0618362013489904,3.137167095975279,3.278500487380443,3.006811711467478,0.07888116766901836,HYP,0,negative
S_04,S_04,0,101,delta_p_db,1896,1896,1664,1,1896,0,0,0,0,dB,2.7485719271049613,2.877332561857244,2.9532313394001566,3.0046180821983253,3.0618361984139515,3.1371670918504826,3.278500475639442,3.006811711314392,0.07888116747053388,HYP,0,negative
S_04,S_04,0,101,q_noise,1896,1896,1664,1,1896,0,0,0,0,fraction,0.4689415292790411,0.48445566629992964,0.4933873777437755,0.4993461709213693,0.5058988445249083,0.5143957915434237,0.5299442241581663,0.49951645951030543,0.009091135082394002,HYP,0,negative
S_04,S_04,0,202,snr_p_db,1896,1896,1664,1,1896,0,0,0,0,dB,2.7646492616198843,2.873845406235614,2.9505794240919823,3.0030374194230323,3.0597066727328848,3.137557705006782,3.275631620818003,3.004386581560729,0.08044347913629918,HYP,0,negative
S_04,S_04,0,202,delta_p_db,1896,1896,1664,1,1896,0,0,0,0,dB,2.764649257193722,2.873845409111122,2.9505794218351533,3.0030374138334786,3.059706672651909,3.1375577060833018,3.275631620209858,3.0043865815399196,0.08044347909824338,HYP,0,negative
S_04,S_04,0,202,q_noise,1896,1896,1664,1,1896,0,0,0,0,fraction,0.47090408733857614,0.48404120170611176,0.4930787471550425,0.49916420454308563,0.5056570765604025,0.5144391775887865,0.5296331224701057,0.499233633482388,0.009271885871725028,HYP,0,negative
S_04,S_04,0,303,snr_p_db,1896,1896,1664,1,1896,0,0,0,0,dB,2.741372617065119,2.8696087733623328,2.9504988544040853,3.005575274850581,3.0605007135812228,3.1402566843223236,3.2735430027346686,3.005097516767155,0.08130350702696522,HYP,0,negative
S_04,S_04,0,303,delta_p_db,1896,1896,1664,1,1896,0,0,0,0,dB,2.7413726190850882,2.8696087830084704,2.950498852285359,3.0055752714558226,3.0605007131220683,3.140256683781552,3.2735429999951053,3.0050975166063774,0.08130350690152116,HYP,0,negative
S_04,S_04,0,303,q_noise,1896,1896,1664,1,1896,0,0,0,0,fraction,0.4680605944650282,0.48353850311066304,0.49306799599531625,0.4994566446257025,0.5057465279748317,0.5147405209922624,0.5294076308691695,0.4993137237543925,0.009374933031389034,HYP,0,negative
S_04,S_04,0,404,snr_p_db,1896,1896,1664,1,1896,0,0,0,0,dB,2.7469868099555055,2.8727634904258474,2.9483633556053683,3.0030007585608383,3.0573061224485367,3.139262186183641,3.2832129261469527,3.0038507439658853,0.08097996739254028,HYP,0,negative
S_04,S_04,0,404,delta_p_db,1896,1896,1664,1,1896,0,0,0,0,dB,2.746986801402784,2.8727634924043337,2.9483633531672626,3.0030007550335824,3.0573061283208958,3.1392621872671853,3.2832129222823174,3.0038507439676825,0.08097996738052679,HYP,0,negative
S_04,S_04,0,404,q_noise,1896,1896,1664,1,1896,0,0,0,0,fraction,0.46874775805942215,0.48391322864979214,0.4928188534903661,0.4991594850779755,0.505383031135264,0.5146299683670051,0.5304539756872768,0.499170705329424,0.009333555477533492,HYP,0,negative
S_04,S_04,0,505,snr_p_db,1896,1896,1664,1,1896,0,0,0,0,dB,2.7785761499061086,2.8700377512035398,2.9489159797055065,3.000866450192377,3.05934804580926,3.139481226262462,3.2650372449123677,3.0036982646050348,0.08086016036306293,HYP,0,negative
S_04,S_04,0,505,delta_p_db,1896,1896,1664,1,1896,0,0,0,0,dB,2.7785761387497088,2.8700377509308934,2.948915972260204,3.000866449104824,3.059348040633716,3.1394812234470026,3.2650372495913227,3.0036982645831674,0.08086016037226638,HYP,0,negative
S_04,S_04,0,505,q_noise,1896,1896,1664,1,1896,0,0,0,0,fraction,0.47259806847493946,0.4835891509839961,0.49288319039300493,0.49891411528686463,0.505615770735411,0.5146540130998059,0.5284845306333094,0.4991533710963487,0.009321006777641149,HYP,0,negative
S_04,S_04,0,8128,snr_p_db,1896,1896,1664,1,1896,0,0,0,0,dB,2.7566623951006504,2.8774233232403668,2.9489515677802136,3.00354644206228,3.056714892527027,3.130996788342795,3.292079431657232,3.0042164344010547,0.0776387567469483,HYP,0,negative
S_04,S_04,0,8128,delta_p_db,1896,1896,1664,1,1896,0,0,0,0,dB,2.7566623947284974,2.877423325976418,2.948951572982194,3.003546442236944,3.0567148911055746,3.1309967885396666,3.2920794409667407,3.0042164346025797,0.07763875662219617,HYP,0,negative
S_04,S_04,0,8128,q_noise,1896,1896,1664,1,1896,0,0,0,0,fraction,0.4699301783036634,0.48446628126849267,0.49288761504823864,0.4992229071067365,0.5053157747281637,0.5137051927838336,0.5314114765032473,0.4992198957964297,0.00894871490005042,HYP,0,negative
S_04,S_04,5,101,snr_p_db,1896,1896,1664,1,1896,0,0,0,0,dB,7.748571794940078,7.877332463064157,7.953231230744483,8.004617981250362,8.061836082075635,8.13716699587961,8.278500370933953,8.006811599759262,0.07888116760088486,HYP,0,negative
S_04,S_04,5,101,delta_p_db,1896,1896,1664,1,1896,0,0,0,0,dB,2.7485719136419813,2.877332571667397,2.953231337634355,3.0046180880165996,3.061836198524402,3.1371670939910565,3.2785004838609026,3.0068117116781408,0.07888116732523663,HYP,0,negative
S_04,S_04,5,101,q_noise,1896,1896,1664,1,1896,0,0,0,0,fraction,0.46894152763277797,0.48445566746444435,0.49338737753779205,0.4993461715921008,0.5058988445374757,0.5143957917827672,0.5299442250480108,0.4995164595525247,0.00909113506544567,HYP,0,negative
S_04,S_04,5,202,snr_p_db,1896,1896,1664,1,1896,0,0,0,0,dB,7.764649138345988,7.873845298850049,7.950579318270199,8.00303729729917,8.059706558386369,8.13755759154045,8.275631498382836,8.004386469391404,0.08044347885894278,HYP,0,negative
S_04,S_04,5,202,delta_p_db,1896,1896,1664,1,1896,0,0,0,0,dB,2.764649251412342,2.87384541060323,2.9505794244948085,3.003037415279144,3.0597066763649443,3.137557705303283,3.2756316161784085,3.0043865815825885,0.0804434788194324,HYP,0,negative
S_04,S_04,5,202,q_noise,1896,1896,1664,1,1896,0,0,0,0,fraction,0.47090408663423733,0.48404120188338107,0.49307874746546726,0.4991642047097996,0.5056570769830563,0.5144391775015725,0.5296331220334757,0.4992336334878934,0.009271885841024317,HYP,0,negative
S_04,S_04,5,303,snr_p_db,1896,1896,1664,1,1896,0,0,0,0,dB,7.741372515999679,7.86960864849566,7.950498738182439,8.005575163524641,8.06050060490158,8.140256555219825,8.273542862179436,8.00509740472127,0.0813035069501239,HYP,0,negative
S_04,S_04,5,303,delta_p_db,1896,1896,1664,1,1896,0,0,0,0,dB,2.7413726167918178,2.8696087746215517,2.9504988504760377,3.0055752716119963,3.060500717965233,3.140256676996163,3.2735429824764988,3.0050975163757827,0.08130350692157519,HYP,0,negative
S_04,S_04,5,303,q_noise,1896,1896,1664,1,1896,0,0,0,0,fraction,0.4680605941841402,0.48353850211329313,0.49306799578412275,0.49945664464371725,0.5057465290165508,0.5147405202340674,0.5294076289708902,0.49931372372777155,0.009374933033095596,HYP,0,negative
S_04,S_04,5,404,snr_p_db,1896,1896,1664,1,1896,0,0,0,0,dB,7.7469866961673475,7.8727633654475495,7.948363233965403,8.00300064696014,8.057306009958047,8.13926206854264,8.283212822019527,8.003850632098615,0.08097996753189773,HYP,0,negative
S_04,S_04,5,404,delta_p_db,1896,1896,1664,1,1896,0,0,0,0,dB,2.7469868074261825,2.872763481383251,2.9483633538657736,3.0030007540093027,3.0573061261852157,3.1392621817743023,3.283212926524526,3.0038507438498083,0.08097996732514692,HYP,0,negative
S_04,S_04,5,404,q_noise,1896,1896,1664,1,1896,0,0,0,0,fraction,0.4687477587962366,0.4839132273401213,0.4928188535719366,0.49915948495985313,0.5053830308920308,0.5146299677531191,0.5304539761459315,0.4991707053159504,0.009333555471264363,HYP,0,negative
S_04,S_04,5,505,snr_p_db,1896,1896,1664,1,1896,0,0,0,0,dB,7.778576038593355,7.870037643310341,7.948915871661534,8.000866351154123,8.059347921712646,8.13948111445038,8.265037135098922,8.003698152795403,0.08086016022502379,HYP,0,negative
S_04,S_04,5,505,delta_p_db,1896,1896,1664,1,1896,0,0,0,0,dB,2.7785761407065235,2.87003775713829,2.9489159803791933,3.000866456259414,3.05934803262102,3.1394812193503867,3.26503724884813,3.0036982647179724,0.08086016037445584,HYP,0,negative
S_04,S_04,5,505,q_noise,1896,1896,1664,1,1896,0,0,0,0,fraction,0.47259806871257254,0.48358915172209144,0.4928831913410417,0.4989141161123545,0.5056157698232738,0.5146540126419802,0.5284845305526206,0.4991533711118879,0.009321006777982614,HYP,0,negative
S_04,S_04,5,8128,snr_p_db,1896,1896,1664,1,1896,0,0,0,0,dB,7.756662269287134,7.877423212516114,7.948951452482396,8.00354633306203,8.056714782193602,8.130996667403053,8.292079325017248,8.004216322938616,0.07763875634640405,HYP,0,negative
S_04,S_04,5,8128,delta_p_db,1896,1896,1664,1,1896,0,0,0,0,dB,2.7566623900969773,2.877423325750529,2.948951564240212,3.00354644043655,3.05671489211309,3.130996783601298,3.2920794400133913,3.004216434866677,0.07763875645755264,HYP,0,negative
S_04,S_04,5,8128,q_noise,1896,1896,1664,1,1896,0,0,0,0,fraction,0.46993017773837203,0.4844662812416596,0.49288761402747816,0.49922290689913656,0.505315774842928,0.5137051922308586,0.5314114764003842,0.49921989582722054,0.008948714880691353,HYP,0,negative
S_04,S_04,10,101,snr_p_db,1896,1896,1664,1,1896,0,0,0,0,dB,12.748571964860924,12.877332613880979,12.953231397660545,13.004618168202331,13.061836262560757,13.137167156059853,13.27850052880413,13.006811769974027,0.07888116721400704,HYP,0,negative
S_04,S_04,10,101,delta_p_db,1896,1896,1664,1,1896,0,0,0,0,dB,2.7485719149386147,2.877332555543473,2.9532313340594936,3.004618098618428,3.061836210620223,3.137167094509393,3.2785004659009447,3.006811711456437,0.07888116710831306,HYP,0,negative
S_04,S_04,10,101,q_noise,1896,1896,1664,1,1896,0,0,0,0,fraction,0.46894152779133125,0.4844556655504374,0.49338737712077807,0.49934617281427784,0.5058988459136308,0.5143957918407285,0.5299442231041266,0.49951645952742907,0.009091135040915592,HYP,0,negative
S_04,S_04,10,202,snr_p_db,1896,1896,1664,1,1896,0,0,0,0,dB,12.764649325854343,12.873845470073228,12.950579499580098,13.003037472725183,13.059706730749687,13.13755775901025,13.275631665138803,13.004386639902048,0.08044347896079476,HYP,0,negative
S_04,S_04,10,202,delta_p_db,1896,1896,1664,1,1896,0,0,0,0,dB,2.7646492646172898,2.8738454144492063,2.950579429156746,3.003037414229596,3.0597066734754916,3.137557700194459,3.2756316129165794,3.0043865814881894,0.08044347909095041,HYP,0,negative
S_04,S_04,10,202,q_noise,1896,1896,1664,1,1896,0,0,0,0,fraction,0.47090408824298063,0.48404120234029807,0.4930787480096352,0.49916420458876565,0.5056570766541378,0.514439176930406,0.5296331216802,0.499233633476438,0.00927188587107646,HYP,0,negative
S_04,S_04,10,303,snr_p_db,1896,1896,1664,1,1896,0,0,0,0,dB,12.741372674883939,12.869608838820437,12.950498908444727,13.005575328248511,13.060500787458665,13.140256740718652,13.273543070055362,13.005097574890375,0.08130350734163132,HYP,0,negative
S_04,S_04,10,303,delta_p_db,1896,1896,1664,1,1896,0,0,0,0,dB,2.74137261475268,2.869608779670105,2.9504988523366444,3.005575267407981,3.0605007245437816,3.140256689951897,3.2735430100898695,3.005097516281375,0.08130350739758158,HYP,0,negative
S_04,S_04,10,303,q_noise,1896,1896,1664,1,1896,0,0,0,0,fraction,0.46806059393437943,0.4835385027136731,0.4930679960013023,0.4994566441591835,0.5057465288703838,0.5147405216816698,0.5294076319630169,0.49931372371586397,0.00937493308769345,HYP,0,negative
S_04,S_04,10,404,snr_p_db,1896,1896,1664,1,1896,0,0,0,0,dB,12.746986854473342,12.872763554504619,12.948363439001017,13.003000812243977,13.057306195586273,13.139262244206435,13.283212969801086,13.00385080228051,0.08097996675050968,HYP,0,negative
S_04,S_04,10,404,delta_p_db,1896,1896,1664,1,1896,0,0,0,0,dB,2.7469867990697256,2.8727634900066796,2.9483633639097446,3.0030007547307487,3.0573061330925064,3.139262187488436,3.283212913228317,3.0038507441485782,0.08097996724876007,HYP,0,negative
S_04,S_04,10,404,q_noise,1896,1896,1664,1,1896,0,0,0,0,fraction,0.46874775777402994,0.4839132283648776,0.49281885474489867,0.4991594850430522,0.5053830316787041,0.5146299683917854,0.5304539747083857,0.49917070535055774,0.009333555463611578,HYP,0,negative
S_04,S_04,10,505,snr_p_db,1896,1896,1664,1,1896,0,0,0,0,dB,12.778576213765145,12.870037818076508,12.948916036519236,13.000866501903921,13.059348099319749,13.13948129237982,13.26503730174424,13.0036983232586,0.08086016010617095,HYP,0,negative
S_04,S_04,10,505,delta_p_db,1896,1896,1664,1,1896,0,0,0,0,dB,2.7785761355023757,2.8700377550173357,2.94891598440529,3.0008664575722683,3.0593480390457417,3.1394812350566204,3.265037246144452,3.003698264786694,0.08086016018980455,HYP,0,negative
S_04,S_04,10,505,q_noise,1896,1896,1664,1,1896,0,0,0,0,fraction,0.47259806808058735,0.4835891514698972,0.4928831918111607,0.4989141162638302,0.5056157705546367,0.514654014397246,0.5284845302590812,0.4991533711202175,0.009321006755203311,HYP,0,negative
S_04,S_04,10,8128,snr_p_db,1896,1896,1664,1,1896,0,0,0,0,dB,12.756662438900936,12.877423374168899,12.948951648628102,13.003546494109518,13.056714928690646,13.13099682858757,13.292079497175289,13.004216492928302,0.07763875644869037,HYP,0,negative
S_04,S_04,10,8128,delta_p_db,1896,1896,1664,1,1896,0,0,0,0,dB,2.7566623869904596,2.877423319297914,2.9489515807145974,3.003546429493948,3.056714880075687,3.1309967779024594,3.292079433569749,3.0042164343692566,0.0776387563152979,HYP,0,negative
S_04,S_04,10,8128,q_noise,1896,1896,1664,1,1896,0,0,0,0,fraction,0.4699301773592119,0.48446628047572016,0.49288761595108815,0.4992229056373505,0.5053157734718022,0.513705191592742,0.5314114757051378,0.49921989577015535,0.008948714865529318,HYP,0,negative
E,,0,101,snr_p_db,262,262,249,1,262,0,0,0,0,dB,-1.368141118176118e-05,-7.640491467618914e-06,-4.504845091593689e-06,-2.9598823184271713e-06,-1.9522438641812824e-06,-7.012692321769141e-07,-2.762172667248593e-07,-3.38067317184563e-06,2.1380014812488497e-06,HYP,1,positive
E,,0,101,delta_p_db,262,262,249,1,262,0,0,0,0,dB,-1.3683019313293475e-05,-7.644303962575208e-06,-4.507773296922676e-06,-2.9651205029917327e-06,-1.9544926568368136e-06,-7.075833484853329e-07,-2.7998493536186354e-07,-3.3805145257510266e-06,2.1378691276095078e-06,HYP,1,positive
E,,0,101,q_noise,262,262,249,1,262,0,0,0,0,fraction,4.668235878277504e-16,5.133349220735884e-16,5.590430446692782e-16,5.942009508015002e-16,6.475962331048798e-16,7.656114072123283e-16,8.785281562300604e-16,6.097300138176651e-16,7.603410409594562e-17,HYP,1,positive
E,,0,202,snr_p_db,262,262,249,1,262,0,0,0,0,dB,-1.3670421723420314e-05,-7.645767820630087e-06,-4.513451965820827e-06,-2.9612409783950264e-06,-1.954185378923913e-06,-7.178981388794717e-07,-2.7940840973803626e-07,-3.380474451156457e-06,2.137753831998852e-06,HYP,1,positive
E,,0,202,delta_p_db,262,262,249,1,262,0,0,0,0,dB,-1.368301931281131e-05,-7.644303962575208e-06,-4.507773296802136e-06,-2.9651205029917327e-06,-1.9544926568368136e-06,-7.07583348509441e-07,-2.7998493536186354e-07,-3.3805145257657493e-06,2.1378691276136023e-06,HYP,1,positive
E,,0,202,q_noise,262,262,249,1,262,0,0,0,0,fraction,4.852598089318729e-16,5.136248654594813e-16,5.580228792548428e-16,5.921204324746629e-16,6.463238118928543e-16,7.688453955530196e-16,8.351487870634352e-16,6.091027871387446e-16,7.306571953574577e-17,HYP,1,positive
E,,0,303,snr_p_db,262,262,249,1,262,0,0,0,0,dB,-1.3676875448896421e-05,-7.650593415209329e-06,-4.506130874133412e-06,-2.966486291765998e-06,-1.949298345816549e-06,-7.078679171310285e-07,-2.7273133746792685e-07,-3.3804874799715647e-06,2.1386828393597023e-06,HYP,1,positive
E,,0,303,delta_p_db,262,262,249,1,262,0,0,0,0,dB,-1.368301931281131e-05,-7.644303962575208e-06,-4.507773296922676e-06,-2.9651205029917327e-06,-1.9544926568368136e-06,-7.07583348509441e-07,-2.7998493536186354e-07,-3.380514525782312e-06,2.1378691276098936e-06,HYP,1,positive
E,,0,303,q_noise,262,262,249,1,262,0,0,0,0,fraction,4.510720781465344e-16,5.139347084546569e-16,5.574483248950188e-16,5.936737988740722e-16,6.377137059364811e-16,7.560124240729627e-16,8.828621255289274e-16,6.0794502698959e-16,7.511492227239926e-17,HYP,1,positive
E,,0,404,snr_p_db,262,262,249,1,262,0,0,0,0,dB,-1.3681188993744814e-05,-7.649425193482996e-06,-4.5153248151387e-06,-2.969052618665908e-06,-1.9547588603985673e-06,-7.088658931109273e-07,-2.7412561186971654e-07,-3.379980412142426e-06,2.137400328861425e-06,HYP,1,positive
E,,0,404,delta_p_db,262,262,249,1,262,0,0,0,0,dB,-1.368301931281131e-05,-7.644303962575208e-06,-4.507773296802136e-06,-2.9651205032328148e-06,-1.9544926568368136e-06,-7.075833489674968e-07,-2.7998493536186354e-07,-3.3805145257455056e-06,2.137869127570479e-06,HYP,1,positive
E,,0,404,q_noise,262,262,249,1,262,0,0,0,0,fraction,4.747060270239666e-16,5.210050239381014e-16,5.602685845200867e-16,5.962524548155506e-16,6.476428577210204e-16,7.765454750972753e-16,8.696811222463949e-16,6.138637200591826e-16,7.730692116091314e-17,HYP,1,positive
E,,0,505,snr_p_db,262,262,249,1,262,0,0,0,0,dB,-1.3683308759987495e-05,-7.636024461772354e-06,-4.510605979732859e-06,-2.9659462296798703e-06,-1.9536811020983514e-06,-7.074779110009821e-07,-2.762834793815795e-07,-3.380725069781528e-06,2.1381245628330678e-06,HYP,1,positive
E,,0,505,delta_p_db,262,262,249,1,262,0,0,0,0,dB,-1.368301931281131e-05,-7.644303962575208e-06,-4.507773297284299e-06,-2.9651205032328148e-06,-1.9544926568368136e-06,-7.075833489674968e-07,-2.7998493536186354e-07,-3.3805145257675894e-06,2.1378691275867336e-06,HYP,1,positive
E,,0,505,q_noise,262,262,249,1,262,0,0,0,0,fraction,4.680410409570758e-16,5.12574119515019e-16,5.5666961915487655e-16,5.93716970733883e-16,6.504414490053549e-16,7.557703257085583e-16,9.672573704302628e-16,6.084015921102148e-16,7.613815362642303e-17,HYP,1,positive
E,,0,8128,snr_p_db,262,262,249,1,262,0,0,0,0,dB,-1.3677878168915146e-05,-7.642638703001294e-06,-4.507698399582145e-06,-2.966418970098604e-06,-1.9543413087099335e-06,-7.075834033553664e-07,-2.815913140881615e-07,-3.3808586370395555e-06,2.1376943420079764e-06,HYP,1,positive
E,,0,8128,delta_p_db,262,262,249,1,262,0,0,0,0,dB,-1.3683019313293475e-05,-7.644303962575208e-06,-4.507773297163759e-06,-2.9651205029917327e-06,-1.9544926571984366e-06,-7.07583348509441e-07,-2.7998493536186354e-07,-3.380514525785993e-06,2.1378691276025032e-06,HYP,1,positive
E,,0,8128,q_noise,262,262,249,1,262,0,0,0,0,fraction,4.720065274215328e-16,5.122473165372491e-16,5.551570631123054e-16,5.904418772061434e-16,6.437046203893306e-16,7.661322146602467e-16,9.221570854893175e-16,6.075003899830134e-16,7.427169150113165e-17,HYP,1,positive
E,,5,101,snr_p_db,262,262,249,1,262,0,0,0,0,dB,4.999986203179013,4.999992248048006,4.999995377193302,4.99999692526835,4.999997933837637,4.999999185167398,4.999999614156463,4.999996507515536,2.1374524786322297e-06,HYP,1,positive
E,,5,101,delta_p_db,262,262,249,1,262,0,0,0,0,dB,-1.368301931088265e-05,-7.644303961104604e-06,-4.5077732948734775e-06,-2.9651205000987484e-06,-1.9544926535822073e-06,-7.075833470388415e-07,-2.799849334332085e-07,-3.3805145236898668e-06,2.1378691274331123e-06,HYP,1,positive
E,,5,101,q_noise,262,262,249,1,262,0,0,0,0,fraction,7.346826195678254e-16,8.284773288156065e-16,9.291508607491463e-16,1.0457660868917418e-15,1.1744658783060627e-15,1.589405574842996e-15,1.89420262648827e-15,1.088385864579176e-15,2.1560379833725407e-16,HYP,1,positive
E,,5,202,snr_p_db,262,262,249,1,262,0,0,0,0,dB,4.99998619635822,4.999992243849949,4.999995376377726,4.99999692318977,4.999997946908725,4.999999180645278,4.9999996015853965,4.999996507581539,2.1386385908065225e-06,HYP,1,positive
E,,5,202,delta_p_db,262,262,249,1,262,0,0,0,0,dB,-1.3683019311364815e-05,-7.64430396062244e-06,-4.5077732948734775e-06,-2.9651205000987484e-06,-1.954492653461666e-06,-7.07583347496897e-07,-2.799849334332085e-07,-3.3805145236714637e-06,2.137869127462515e-06,HYP,1,positive
E,,5,202,q_noise,262,262,249,1,262,0,0,0,0,fraction,7.471973474363707e-16,8.460673088209268e-16,9.372649116310903e-16,1.0438178971279918e-15,1.1824945500408192e-15,1.569382346923018e-15,1.920091910427434e-15,1.0880907356220706e-15,2.144562999347704e-16,HYP,1,positive
E,,5,303,snr_p_db,262,262,249,1,262,0,0,0,0,dB,4.999986205796817,4.999992244388232,4.999995377535958,4.9999969202419985,4.999997935686676,4.999999183951115,4.999999615284167,4.999996507935691,2.138221896559298e-06,HYP,1,positive
E,,5,303,delta_p_db,262,262,249,1,262,0,0,0,0,dB,-1.368301931088265e-05,-7.644303961104604e-06,-4.5077732945118546e-06,-2.9651205000987484e-06,-1.954492654184912e-06,-7.075833475210052e-07,-2.799849334332085e-07,-3.3805145236788253e-06,2.137869127451618e-06,HYP,1,positive
E,,5,303,q_noise,262,262,249,1,262,0,0,0,0,fraction,7.372623693172749e-16,8.262173319005292e-16,9.457469306281966e-16,1.0443210318945343e-15,1.1799916494233992e-15,1.530689016598616e-15,1.8697916781468975e-15,1.0889395093110284e-15,2.0985028987976911e-16,HYP,1,positive
E,,5,404,snr_p_db,262,262,249,1,262,0,0,0,0,dB,4.999986214235481,4.999992245623676,4.999995374231321,4.999996924752679,4.999997930535885,4.999999183045299,4.999999611124421,4.999996507194895,2.1373163213156685e-06,HYP,1,positive
E,,5,404,delta_p_db,262,262,249,1,262,0,0,0,0,dB,-1.368301931088265e-05,-7.644303960646548e-06,-4.5077732945118546e-06,-2.9651205000987484e-06,-1.9544926535822073e-06,-7.075833470388415e-07,-2.799849334332085e-07,-3.380514523665943e-06,2.1378691274349334e-06,HYP,1,positive
E,,5,404,q_noise,262,262,249,1,262,0,0,0,0,fraction,7.382834421993389e-16,8.301514418497873e-16,9.334492941629714e-16,1.0466635524256464e-15,1.17938425612328e-15,1.5909631810431227e-15,1.8059694510969057e-15,1.092425469147495e-15,2.1668047590677036e-16,HYP,1,positive
E,,5,505,snr_p_db,262,262,249,1,262,0,0,0,0,dB,4.999986198723478,4.999992235319247,4.999995380291603,4.999996914505475,4.999997933734249,4.999999180199232,4.999999609564356,4.999996507846334,2.1382722655814153e-06,HYP,1,positive
E,,5,505,delta_p_db,262,262,249,1,262,0,0,0,0,dB,-1.368301931088265e-05,-7.64430396062244e-06,-4.507773294994019e-06,-2.9651204998576663e-06,-1.9544926538232894e-06,-7.075833475210052e-07,-2.799849334332085e-07,-3.380514523665943e-06,2.1378691274423437e-06,HYP,1,positive
E,,5,505,q_noise,262,262,249,1,262,0,0,0,0,fraction,7.513735702724943e-16,8.307340704503457e-16,9.475087093290891e-16,1.046607052653051e-15,1.170607500901259e-15,1.5650154730292935e-15,2.0352312620960148e-15,1.0896358400465661e-15,2.1578944589839062e-16,HYP,1,positive
E,,5,8128,snr_p_db,262,262,249,1,262,0,0,0,0,dB,4.999986205615675,4.999992231886632,4.999995381629585,4.999996916190831,4.999997938298861,4.999999177282383,4.999999616720538,4.999996507916852,2.1377142705171286e-06,HYP,1,positive
E,,5,8128,delta_p_db,262,262,249,1,262,0,0,0,0,dB,-1.368301931088265e-05,-7.644303961080496e-06,-4.5077732948734775e-06,-2.9651205000987484e-06,-1.9544926538232894e-06,-7.075833470388415e-07,-2.799849334332085e-07,-3.3805145236788253e-06,2.1378691274371794e-06,HYP,1,positive
E,,5,8128,q_noise,262,262,249,1,262,0,0,0,0,fraction,7.366163237381142e-16,8.34487438059808e-16,9.35284076959823e-16,1.0409255053344912e-15,1.200909975550169e-15,1.5420611314091376e-15,1.994594718199696e-15,1.0889251957520627e-15,2.134988148287421e-16,HYP,1,positive
E,,10,101,snr_p_db,262,262,249,1,262,0,0,0,0,dB,9.999986385694864,9.999992405591131,9.999995549851063,9.999997094229865,9.999998097950225,9.999999357778753,9.999999784807255,9.999996677794803,2.1378338004041778e-06,HYP,1,positive
E,,10,101,delta_p_db,262,262,249,1,262,0,0,0,0,dB,-1.3683019307989658e-05,-7.644303959055406e-06,-4.507773291016165e-06,-2.9651204940716977e-06,-1.954492647555158e-06,-7.075833465084612e-07,-2.799849305402259e-07,-3.380514520552119e-06,2.1378691269869818e-06,HYP,1,positive
E,,10,101,q_noise,262,262,249,1,262,0,0,0,0,fraction,8.119409445945387e-16,1.0745903948930134e-15,1.3479529881374552e-15,1.6586185632877344e-15,2.0975088951811034e-15,3.2097559979870367e-15,4.398251861560126e-15,1.806058558892691e-15,6.457255286126146e-16,HYP,1,positive
E,,10,202,snr_p_db,262,262,249,1,262,0,0,0,0,dB,9.999986374117778,9.999992414687265,9.999995547182284,9.999997089742232,9.99999810400691,9.999999350601815,9.999999784320453,9.999996678607157,2.1381078929136383e-06,HYP,1,positive
E,,10,202,delta_p_db,262,262,249,1,262,0,0,0,0,dB,-1.3683019307989658e-05,-7.644303958621458e-06,-4.507773289690213e-06,-2.965120495759272e-06,-1.954492647434617e-06,-7.075833464843531e-07,-2.7998493102238966e-07,-3.3805145205889253e-06,2.1378691269822795e-06,HYP,1,positive
E,,10,202,q_noise,262,262,249,1,262,0,0,0,0,fraction,7.898890215638966e-16,1.0425623079668377e-15,1.3503384101978428e-15,1.6539002710739062e-15,2.0960094445208506e-15,3.1619191026326167e-15,4.574487933548124e-15,1.8021380780527025e-15,6.531151398092529e-16,HYP,1,positive
E,,10,303,snr_p_db,262,262,249,1,262,0,0,0,0,dB,9.999986373840656,9.999992415617424,9.999995538845553,9.999997090321092,9.999998102809656,9.999999347187114,9.999999797776775,9.999996676363393,2.137822841076145e-06,HYP,1,positive
E,,10,303,delta_p_db,262,262,249,1,262,0,0,0,0,dB,-1.3683019307989658e-05,-7.644303959079515e-06,-4.5077732912572465e-06,-2.96512049551819e-06,-1.9544926486400267e-06,-7.075833460504056e-07,-2.7998493102238966e-07,-3.380514520642295e-06,2.1378691270105996e-06,HYP,1,positive
E,,10,303,q_noise,262,262,249,1,262,0,0,0,0,fraction,7.799057626525441e-16,1.0686594794895813e-15,1.3513358033132662e-15,1.6551126773975243e-15,2.0547122113923283e-15,3.0520634630475897e-15,4.237536847979048e-15,1.7887480283745656e-15,6.356878800201036e-16,HYP,1,positive
E,,10,404,snr_p_db,262,262,249,1,262,0,0,0,0,dB,9.99998638078189,9.999992407758231,9.999995541139185,9.999997095674079,9.999998099624692,9.99999935384707,9.999999774568977,9.999996677322597,2.1371204907846086e-06,HYP,1,positive
E,,10,404,delta_p_db,262,262,249,1,262,0,0,0,0,dB,-1.3683019307507493e-05,-7.644303959055406e-06,-4.5077732912572465e-06,-2.965120495759272e-06,-1.954492647193535e-06,-7.075833464602448e-07,-2.7998493150455343e-07,-3.380514520515313e-06,2.1378691269875904e-06,HYP,1,positive
E,,10,404,q_noise,262,262,249,1,262,0,0,0,0,fraction,8.236518828105368e-16,1.0604580902508765e-15,1.3423387251098559e-15,1.6456421914517711e-15,2.0824073169092054e-15,3.333638834351611e-15,4.128904144769493e-15,1.812646479504938e-15,6.664103129724957e-16,HYP,1,positive
E,,10,505,snr_p_db,262,262,249,1,262,0,0,0,0,dB,9.999986388281517,9.999992407698878,9.999995543504868,9.999997086232987,9.999998103955237,9.999999350365151,9.999999782041158,9.99999667857401,2.1382259218806746e-06,HYP,1,positive
E,,10,505,delta_p_db,262,262,249,1,262,0,0,0,0,dB,-1.3683019307507493e-05,-7.644303959079515e-06,-4.5077732912572465e-06,-2.9651204940716977e-06,-1.954492646831912e-06,-7.075833464843531e-07,-2.799849305402259e-07,-3.3805145205705222e-06,2.1378691269819356e-06,HYP,1,positive
E,,10,505,q_noise,262,262,249,1,262,0,0,0,0,fraction,8.212007186360157e-16,1.037724169635181e-15,1.34976550380284e-15,1.6778507639376056e-15,2.066487884442795e-15,3.2148680059666158e-15,4.348520778474513e-15,1.802796047774132e-15,6.522469871531915e-16,HYP,1,positive
E,,10,8128,snr_p_db,262,262,249,1,262,0,0,0,0,dB,9.999986382003716,9.99999241003662,9.99999554900506,9.999997101487917,9.999998098097343,9.999999360460293,9.999999774015427,9.999996678147754,2.1383633271436413e-06,HYP,1,positive
E,,10,8128,delta_p_db,262,262,249,1,262,0,0,0,0,dB,-1.3683019307989658e-05,-7.644303959055406e-06,-4.507773291859952e-06,-2.965120495759272e-06,-1.9544926470729937e-06,-7.075833464843531e-07,-2.7998493102238966e-07,-3.3805145206183707e-06,2.1378691269934573e-06,HYP,1,positive
E,,10,8128,q_noise,262,262,249,1,262,0,0,0,0,fraction,8.54508163289411e-16,1.0432282979682762e-15,1.3372059444521075e-15,1.6741927956649488e-15,2.086066509487824e-15,3.172303112886008e-15,5.052729370014466e-15,1.7946495859628242e-15,6.379464490626266e-16,HYP,1,positive
I,,0,101,snr_p_db,262,262,249,1,262,0,0,0,0,dB,1.9017740201537743,1.9328113088993377,2.003027864351843,2.043995001943996,2.0816669138617963,2.136761607505349,2.256579287891636,2.0416150698449385,0.06127873351932928,HYP,1,positive
I,,0,101,delta_p_db,262,262,249,1,262,0,0,0,0,dB,1.9017740201393645,1.9328113090998849,2.003027870251887,2.0439949940829494,2.081666916651113,2.136761617453076,2.256579287393202,2.04161506971584,0.06127873397030327,HYP,1,positive
I,,0,101,q_noise,262,262,249,1,262,0,0,0,0,fraction,0.35461026847911803,0.3592055784206088,0.36948282945461897,0.3754022551596921,0.3807970489854931,0.3886028599591613,0.4052409348791606,0.37499825216461036,0.008822139233186518,HYP,1,positive
I,,0,202,snr_p_db,262,262,249,1,262,0,0,0,0,dB,1.8872773271398622,1.953238117294424,1.9996649025489561,2.0351280232181788,2.0740786755007767,2.13548977590667,2.218776412829812,2.0385569751954633,0.056950750227948564,HYP,1,positive
I,,0,202,delta_p_db,262,262,249,1,262,0,0,0,0,dB,1.887277322878584,1.9532381129618017,1.9996648981362581,2.035128026965321,2.0740786706583085,2.135489780608543,2.2187764121939897,2.038556975061259,0.05695074998217992,HYP,1,positive
I,,0,202,q_noise,262,262,249,1,262,0,0,0,0,fraction,0.35245201903252266,0.3622126475341052,0.3689945085021832,0.3741260231929088,0.37971474246613196,0.38842379077240363,0.4000400385656352,0.37456652332820994,0.008188913597926893,HYP,1,positive
I,,0,303,snr_p_db,262,262,249,1,262,0,0,0,0,dB,1.858450085683099,1.9287206127519818,1.988937577906348,2.0258063102122312,2.0721001281993923,2.136987048887989,2.2327501263976597,2.030295046993148,0.06353791953067014,HYP,1,positive
I,,0,303,delta_p_db,262,262,249,1,262,0,0,0,0,dB,1.8584500920212825,1.928720610609024,1.9889375750967309,2.02580631434425,2.0721001343291947,2.1369870445837624,2.2327501300679553,2.0302950479086865,0.06353792005019084,HYP,1,positive
I,,0,303,q_noise,262,262,249,1,262,0,0,0,0,fraction,0.3481394357243511,0.3586018281982044,0.36743389665464005,0.37278158803127875,0.3794316748693425,0.3886342484555649,0.4019684023859139,0.3733624618915164,0.009153142947156358,HYP,1,positive
I,,0,404,snr_p_db,262,262,249,1,262,0,0,0,0,dB,1.8785203667021364,1.946211384289627,2.003951587600713,2.0449422946114155,2.0953346497191614,2.1553399562865625,2.207943799456724,2.0487646194077014,0.06309456855420044,HYP,1,positive
I,,0,404,delta_p_db,262,262,249,1,262,0,0,0,0,dB,1.8785203596211206,1.946211384020221,2.0039515913065626,2.044942294814149,2.0953346503830956,2.1553399502595942,2.2079438037775843,2.048764619317754,0.06309456873401138,HYP,1,positive
I,,0,404,q_noise,262,262,249,1,262,0,0,0,0,fraction,0.3511447177097266,0.3611799419242357,0.3696166163649104,0.37553889566211274,0.3827424404125981,0.39121249547409853,0.39854193975963514,0.37602264769071103,0.009056458861095228,HYP,1,positive
I,,0,505,snr_p_db,262,262,249,1,262,0,0,0,0,dB,1.8864698424299773,1.9355273173501044,1.9911541948109803,2.0345046275841407,2.0833178753862063,2.136710798728839,2.2007670479612425,2.0356801640943147,0.0633075397392252,HYP,1,positive
I,,0,505,delta_p_db,262,262,249,1,262,0,0,0,0,dB,1.886469838122604,1.9355273134680953,1.9911541937889128,2.0345046353291547,2.083317876051117,2.1367107972525323,2.2007670578913445,2.035680164518123,0.06330753999463792,HYP,1,positive
I,,0,505,q_noise,262,262,249,1,262,0,0,0,0,fraction,0.3523314719022847,0.3596063058982333,0.36775635800115125,0.3740363677124399,0.3810335392740385,0.38859564765738946,0.39754707638804865,0.37413942935866107,0.009117764337552747,HYP,1,positive
I,,0,8128,snr_p_db,262,262,249,1,262,0,0,0,0,dB,1.8657028168556542,1.9284038135974368,1.9893929446900194,2.0308771473385088,2.0644444485537727,2.140722419318877,2.2224564654587313,2.0304724681088295,0.0625965549079799,HYP,1,positive
I,,0,8128,delta_p_db,262,262,249,1,262,0,0,0,0,dB,1.8657028206503459,1.9284038135512658,1.9893929465282496,2.030877141248574,2.06444444912326,2.1407224257635895,2.2224564679013383,2.030472467740027,0.06259655571781692,HYP,1,positive
I,,0,8128,q_noise,262,262,249,1,262,0,0,0,0,fraction,0.3492273881456944,0.35855522329910516,0.36750019412744594,0.3735130148599377,0.3783377238523086,0.389159938207036,0.4005483798635733,0.3733900250500403,0.0090169209779365,HYP,1,positive
I,,5,101,snr_p_db,262,262,249,1,262,0,0,0,0,dB,6.90177391724524,6.932811189112477,7.003027767007573,7.0439948805355295,7.0816667995288975,7.136761494238792,7.256579170398243,7.041614956986469,0.06127873281639121,HYP,1,positive
I,,5,101,delta_p_db,262,262,249,1,262,0,0,0,0,dB,1.901774033008694,1.9328113062691488,2.003027872408109,2.043994993058206,2.0816669145768385,2.136761610221266,2.2565792875689574,2.0416150696328064,0.06127873385306683,HYP,1,positive
I,,5,101,q_noise,262,262,249,1,262,0,0,0,0,fraction,0.35461027039158377,0.3592055780029206,0.36948282976767743,0.37540225501226926,0.3807970486897614,0.3886028589410715,0.40524093490322993,0.3749982521529079,0.008822139214346228,HYP,1,positive
I,,5,202,snr_p_db,262,262,249,1,262,0,0,0,0,dB,6.887277219180037,6.953237989963709,6.999664794621767,7.035127918750861,7.074078559369736,7.1354896710020785,7.218776299900108,7.038556863628508,0.056950750287505375,HYP,1,positive
I,,5,202,delta_p_db,262,262,249,1,262,0,0,0,0,dB,1.8872773195449355,1.9532381051875845,1.9996648987650487,2.0351280267083576,2.0740786685437684,2.1354897847536263,2.2187764078653185,2.0385569749507133,0.05695074991494072,HYP,1,positive
I,,5,202,q_noise,262,262,249,1,262,0,0,0,0,fraction,0.3524520185354643,0.3622126463924111,0.3689945085935524,0.37412602315589627,0.3797147421641329,0.38842379135610144,0.400040037967647,0.3745665233124123,0.008188913589414369,HYP,1,positive
I,,5,303,snr_p_db,262,262,249,1,262,0,0,0,0,dB,6.858449978832242,6.928720495537446,6.988937448731676,7.025806197926277,7.072100027033388,7.136986929593939,7.232750030499766,7.030294936151086,0.06353791975032728,HYP,1,positive
I,,5,303,delta_p_db,262,262,249,1,262,0,0,0,0,dB,1.858450093521384,1.9287206131640822,1.98893757200767,2.0258063096337473,2.072100136155404,2.1369870441763963,2.232750139362565,2.0302950479808746,0.06353792022652126,HYP,1,positive
I,,5,303,q_noise,262,262,249,1,262,0,0,0,0,fraction,0.3481394359495109,0.35860182857556283,0.36743389620469463,0.3727815873510326,0.3794316751302972,0.38863424839821514,0.401968403665799,0.3733624619015617,0.009153142972481166,HYP,1,positive
I,,5,404,snr_p_db,262,262,249,1,262,0,0,0,0,dB,6.87852026090661,6.946211272228834,7.0039514722884775,7.044942188751058,7.095334534402724,7.155339845583808,7.207943676209677,7.048764507539105,0.06309456854435476,HYP,1,positive
I,,5,404,delta_p_db,262,262,249,1,262,0,0,0,0,dB,1.8785203599010365,1.9462113844673017,2.0039515903178224,2.0449422998033477,2.095334651418441,2.155339956519402,2.2079437937595077,2.04876461911403,0.06309456884281826,HYP,1,positive
I,,5,404,q_noise,262,262,249,1,262,0,0,0,0,fraction,0.3511447177515475,0.3611799419900092,0.3696166162213989,0.3755388963794104,0.3827424405597307,0.3912124963515884,0.39854193837222324,0.37602264766121724,0.0090564588765857,HYP,1,positive
I,,5,505,snr_p_db,262,262,249,1,262,0,0,0,0,dB,6.886469731818966,6.935527211032062,6.991154083014116,7.034504512454697,7.083317767592222,7.1367107006635475,7.20076694424323,7.035680052781438,0.06330754061186959,HYP,1,positive
I,,5,505,delta_p_db,262,262,249,1,262,0,0,0,0,dB,1.8864698415207881,1.9355273109372935,1.9911541982403214,2.0345046307685575,2.0833178759789135,2.1367108049651646,2.2007670591978488,2.0356801645365428,0.06330754038892364,HYP,1,positive
I,,5,505,q_noise,262,262,249,1,262,0,0,0,0,fraction,0.3523314724090601,0.3596063055250598,0.367756358649195,0.37403636705509713,0.38103353926379374,0.38859564874314495,0.39754707656928684,0.37413942936049055,0.009117764394378983,HYP,1,positive
I,,5,8128,snr_p_db,262,262,249,1,262,0,0,0,0,dB,6.865702696053653,6.9284036878085775,6.9893928346470835,7.030877033988336,7.064444336033896,7.140722321110343,7.222456346749368,7.030472356435852,0.06259655518130983,HYP,1,positive
I,,5,8128,delta_p_db,262,262,249,1,262,0,0,0,0,dB,1.8657028128472093,1.928403812789473,1.989392950439437,2.0308771426039325,2.0644444439638505,2.1407224299097076,2.2224564750592886,2.0304724676057884,0.06259655522513143,HYP,1,positive
I,,5,8128,q_noise,262,262,249,1,262,0,0,0,0,fraction,0.3492273869764262,0.3585552231865911,0.3675001946970665,0.37351301505544593,0.3783377231138232,0.3891599387901875,0.40054838085157685,0.37339002503170127,0.009016920905216583,HYP,1,positive
I,,10,101,snr_p_db,262,262,249,1,262,0,0,0,0,dB,11.901774102342022,11.932811349497168,12.003027927199096,12.043995058674845,12.081666957038752,12.136761677955295,12.256579334140598,12.041615128233047,0.06127873345386349,HYP,1,positive
I,,10,101,delta_p_db,262,262,249,1,262,0,0,0,0,dB,1.9017740259103275,1.9328113025643952,2.003027871606096,2.0439949975876166,2.0816669080042107,2.136761623175603,2.2565792828213085,2.041615070179363,0.061278733996019824,HYP,1,positive
I,,10,101,q_noise,262,262,249,1,262,0,0,0,0,fraction,0.3546102693367205,0.35920557745628046,0.3694828296512405,0.37540225566373925,0.3807970477527185,0.38860286076467726,0.40524093425304736,0.37499825223125866,0.008822139237243813,HYP,1,positive
I,,10,202,snr_p_db,262,262,249,1,262,0,0,0,0,dB,11.887277389021973,11.953238173775128,11.999664956283135,12.035128075199072,12.07407873393476,12.135489819964924,12.21877648272126,12.038557033754094,0.056950749638245805,HYP,1,positive
I,,10,202,delta_p_db,262,262,249,1,262,0,0,0,0,dB,1.8872773175291488,1.9532381099860683,1.9996649013025172,2.0351280228181086,2.074078671496369,2.1354897698298996,2.218776417295972,2.038556974827528,0.05695074947538783,HYP,1,positive
I,,10,202,q_noise,262,262,249,1,262,0,0,0,0,fraction,0.35245201823490346,0.36221264709711154,0.3689945089622215,0.37412602259521804,0.3797147425857941,0.38842378925464527,0.4000400392704531,0.37456652329549306,0.008188913527582518,HYP,1,positive
I,,10,303,snr_p_db,262,262,249,1,262,0,0,0,0,dB,11.858450158775423,11.92872067145786,11.988937622347335,12.025806362176969,12.0721001796535,12.136987118986825,12.232750191077823,12.030295106763583,0.06353791980725948,HYP,1,positive
I,,10,303,delta_p_db,262,262,249,1,262,0,0,0,0,dB,1.8584500988348618,1.9287206011014335,1.9889375720116562,2.0258063054682522,2.072100131749506,2.136987056623585,2.232750132452211,2.030295048291504,0.0635379204525691,HYP,1,positive
I,,10,303,q_noise,262,262,249,1,262,0,0,0,0,fraction,0.34813943674704506,0.35860182679404995,0.36743389620531103,0.3727815867495161,0.3794316745007565,0.38863425015042974,0.4019684027142304,0.37336246194591044,0.0091531430036994,HYP,1,positive
I,,10,404,snr_p_db,262,262,249,1,262,0,0,0,0,dB,11.878520423322446,11.946211452273767,12.003951654976863,12.044942357150115,12.095334710434514,12.155340009555557,12.207943840924575,12.048764679048373,0.06309456865188784,HYP,1,positive
I,,10,404,delta_p_db,262,262,249,1,262,0,0,0,0,dB,1.8785203555071186,1.9462113863152322,2.003951593943288,2.0449422952537373,2.095334653405521,2.1553399535541655,2.207943786034269,2.048764619960688,0.06309456850089087,HYP,1,positive
I,,10,404,q_noise,262,262,249,1,262,0,0,0,0,fraction,0.35114471709507655,0.3611799422618324,0.3696166167476263,0.37553889572517807,0.38274244084215714,0.3912124959359287,0.39854193730234855,0.37602264778356,0.009056458828273162,HYP,1,positive
I,,10,505,snr_p_db,262,262,249,1,262,0,0,0,0,dB,11.886469900165908,11.935527387078032,11.991154254092228,12.034504698111125,12.083317947892478,12.136710853950296,12.200767118852978,12.03568022326578,0.06330754000193896,HYP,1,positive
I,,10,505,delta_p_db,262,262,249,1,262,0,0,0,0,dB,1.886469837141596,1.9355273186412643,1.9911541963270736,2.0345046328660623,2.0833178817092226,2.1367108029232735,2.2007670579931613,2.03568016485027,0.06330753965663258,HYP,1,positive
I,,10,505,q_noise,262,262,249,1,262,0,0,0,0,fraction,0.3523314717559859,0.3596063066610538,0.3677563583706502,0.3740363673574236,0.381033540080431,0.3885956484556931,0.39754707640217263,0.37413942940722633,0.009117764289667988,HYP,1,positive
I,,10,8128,snr_p_db,262,262,249,1,262,0,0,0,0,dB,11.865702868310573,11.928403847961603,11.98939301142827,12.030877198066694,12.064444516509553,12.140722473541885,12.222456557597706,12.030472526045457,0.06259655589196934,HYP,1,positive
I,,10,8128,delta_p_db,262,262,249,1,262,0,0,0,0,dB,1.8657028190734235,1.928403804576086,1.9893929482384451,2.030877138772003,2.0644444528043646,2.1407224175680875,2.22245648131663,2.0304724673124444,0.06259655572479582,HYP,1,positive
I,,10,8128,q_noise,262,262,249,1,262,0,0,0,0,fraction,0.34922738790939906,0.35855522197347134,0.36750019437651926,0.37351301450267804,0.3783377243792206,0.38915993705434315,0.40054838171527035,0.3733900249883459,0.00901692097722061,HYP,1,positive
S_00,S_00,0,101,snr_p_db,262,262,249,1,262,0,0,0,0,dB,2.3913961571525064,2.5107441235576697,2.5757003749771057,2.6155163681966673,2.6663563315111682,2.7280964514459303,2.833321667191273,2.6194073954809207,0.06976732770650058,HYP,1,positive
S_00,S_00,0,101,delta_p_db,262,262,249,1,262,0,0,0,0,dB,2.3913961525174043,2.510744120772788,2.575700375390857,2.6155163699031814,2.6663563368499643,2.728096445427915,2.8333216657536293,2.6194073952249957,0.06976732761147783,HYP,1,positive
S_00,S_00,0,101,q_noise,262,262,249,1,262,0,0,0,0,fraction,0.4234193339144542,0.43904845707042306,0.44737626112153417,0.4524191702097373,0.45879208582478687,0.4664318041477288,0.4792049685213886,0.4528395062591045,0.008786972403455835,HYP,1,positive
S_00,S_00,0,202,snr_p_db,262,262,249,1,262,0,0,0,0,dB,2.432537260224234,2.5033502855916225,2.5664671660978575,2.616285403262845,2.668619864983304,2.7360052182601335,2.867512441567301,2.6180017716721937,0.07555140216088518,HYP,1,positive
S_00,S_00,0,202,delta_p_db,262,262,249,1,262,0,0,0,0,dB,2.4325372537493033,2.5033502832108243,2.5664671715485756,2.6162854010364955,2.668619863329797,2.736005212567908,2.867512437111303,2.618001771397745,0.07555140185072279,HYP,1,positive
S_00,S_00,0,202,q_noise,262,262,249,1,262,0,0,0,0,fraction,0.42885517432730114,0.4380927801602306,0.4462000265928145,0.45251646555153424,0.45907391738303344,0.46740236713158245,0.483288108582877,0.4526503267943908,0.009503766813823112,HYP,1,positive
S_00,S_00,0,303,snr_p_db,262,262,249,1,262,0,0,0,0,dB,2.4393186069896666,2.502852610363273,2.5635039742861108,2.6065394100466914,2.6551647637215643,2.745159579929487,2.857489586583473,2.6119079508777205,0.07188533637839668,HYP,1,positive
S_00,S_00,0,303,delta_p_db,262,262,249,1,262,0,0,0,0,dB,2.4393186143149395,2.502852611942256,2.5635039694505886,2.606539415721776,2.655164762344798,2.7451595823945913,2.85748958493211,2.611907951271751,0.07188533699558258,HYP,1,positive
S_00,S_00,0,303,q_noise,262,262,249,1,262,0,0,0,0,fraction,0.4297466358709386,0.4380279987741814,0.44582195235864014,0.45128643724818057,0.45739558888701454,0.46852387649042404,0.4820942065910485,0.45188965293219613,0.009042740448928579,HYP,1,positive
S_00,S_00,0,404,snr_p_db,262,262,249,1,262,0,0,0,0,dB,2.445907650145403,2.507877354242232,2.5799951200084044,2.6329004115633188,2.6808456483483267,2.74605891229233,2.868237624082704,2.63086230014929,0.07397612557222051,HYP,1,positive
S_00,S_00,0,404,delta_p_db,262,262,249,1,262,0,0,0,0,dB,2.4459076492552,2.5078773476586402,2.57999512005016,2.6329004116131145,2.680845656732657,2.746058917894301,2.8682376200138098,2.6308623000601754,0.07397612564368908,HYP,1,positive
S_00,S_00,0,404,q_noise,262,262,249,1,262,0,0,0,0,fraction,0.4306110579547483,0.4386781368518999,0.4479225512229093,0.45460744365346395,0.4605949269157895,0.4686347557375869,0.48337463997279373,0.4542720988715032,0.00928796270604729,HYP,1,positive
S_00,S_00,0,505,snr_p_db,262,262,249,1,262,0,0,0,0,dB,2.376473840539365,2.50296792754203,2.5667568486265933,2.6281164963064465,2.666066656442142,2.7443174135497443,2.81681315155818,2.620621742694515,0.07239721720756113,HYP,1,positive
S_00,S_00,0,505,delta_p_db,262,262,249,1,262,0,0,0,0,dB,2.3764738494275472,2.502967929213491,2.566756848146759,2.628116497495102,2.6660666571745666,2.7443174126351315,2.816813145167213,2.620621742621016,0.07239721731551672,HYP,1,positive
S_00,S_00,0,505,q_noise,262,262,249,1,262,0,0,0,0,fraction,0.42143480106446074,0.43804349450876373,0.44623684225494453,0.4540057708371784,0.45875615485905485,0.4684213943586575,0.4772206313443347,0.45298701432756866,0.009127433310402621,HYP,1,positive
S_00,S_00,0,8128,snr_p_db,262,262,249,1,262,0,0,0,0,dB,2.433055714440539,2.5069793694659332,2.57119141678099,2.6218284522984567,2.6635190870566414,2.7214441708199564,2.8585390004343236,2.617958751128146,0.06900552918351661,HYP,1,positive
S_00,S_00,0,8128,delta_p_db,262,262,249,1,262,0,0,0,0,dB,2.433055715393217,2.5069793748561717,2.571191409918577,2.6218284511499634,2.6635190887647466,2.7214441624328747,2.8585389966658505,2.6179587509586213,0.06900552903712255,HYP,1,positive
S_00,S_00,0,8128,q_noise,262,262,249,1,262,0,0,0,0,fraction,0.4289240437840125,0.43856199513655236,0.44680215671601875,0.4532147976574824,0.4584382028595795,0.46561380601716634,0.4822194758583077,0.45265848111832513,0.008695890754410221,HYP,1,positive
S_00,S_00,5,101,snr_p_db,262,262,249,1,262,0,0,0,0,dB,7.391396044298482,7.51074399615608,7.575700264924392,7.615516264509134,7.66635621710755,7.728096334659,7.833321566775657,7.619407282955126,0.06976732804378576,HYP,1,positive
S_00,S_00,5,101,delta_p_db,262,262,249,1,262,0,0,0,0,dB,2.391396155906212,2.5107441174003697,2.575700372752068,2.615516379626958,2.666356333148792,2.7280964432893047,2.8333216669589563,2.619407394959058,0.06976732770114223,HYP,1,positive
S_00,S_00,5,101,q_noise,262,262,249,1,262,0,0,0,0,fraction,0.423419334364361,0.43904845663480246,0.4473762607857189,0.4524191714357345,0.45879208536355526,0.46643180388495914,0.47920496866592843,0.4528395062254207,0.008786972414939448,HYP,1,positive
S_00,S_00,5,202,snr_p_db,262,262,249,1,262,0,0,0,0,dB,7.432537129425437,7.503350174369526,7.566467044227675,7.61628529515462,7.668619753049793,7.7360051090187065,7.867512316165781,7.618001659665231,0.0755514020405618,HYP,1,positive
S_00,S_00,5,202,delta_p_db,262,262,249,1,262,0,0,0,0,dB,2.43253724231632,2.503350278793282,2.5664671608121177,2.616285403136172,2.6686198569364343,2.736005216301729,2.867512431727621,2.618001771401874,0.07555140168264511,HYP,1,positive
S_00,S_00,5,202,q_noise,262,262,249,1,262,0,0,0,0,fraction,0.42885517282373853,0.4380927795886765,0.44620002522368685,0.45251646581620314,0.4590739165867229,0.4674023675894391,0.483288107942341,0.452650326795273,0.009503766793500634,HYP,1,positive
S_00,S_00,5,303,snr_p_db,262,262,249,1,262,0,0,0,0,dB,7.439318495458592,7.502852496374492,7.563503845770525,7.6065393021806935,7.655164644407732,7.7451594730959386,7.857489444082963,7.611907839809962,0.07188533654277544,HYP,1,positive
S_00,S_00,5,303,delta_p_db,262,262,249,1,262,0,0,0,0,dB,2.4393186135178984,2.5028526092501844,2.5635039687781473,2.606539418168718,2.655164753902074,2.7451595878083856,2.8574895715851256,2.611907951037018,0.07188533695002759,HYP,1,positive
S_00,S_00,5,303,q_noise,262,262,249,1,262,0,0,0,0,fraction,0.4297466357662824,0.43802799842582163,0.4458219522728318,0.4512864375573452,0.45739558783239026,0.4685238771529719,0.4820942049993911,0.45188965290266403,0.009042740443973947,HYP,1,positive
S_00,S_00,5,404,snr_p_db,262,262,249,1,262,0,0,0,0,dB,7.445907544737195,7.507877232941346,7.579995022661357,7.6329003055114475,7.680845541981393,7.746058823142675,7.86823751435398,7.630862187898797,0.07397612577425915,HYP,1,positive
S_00,S_00,5,404,delta_p_db,262,262,249,1,262,0,0,0,0,dB,2.445907652777856,2.5078773483839343,2.579995127434672,2.6329004166047794,2.680845651522325,2.7460589307974854,2.8682376162733227,2.6308623002505844,0.07397612558584714,HYP,1,positive
S_00,S_00,5,404,q_noise,262,262,249,1,262,0,0,0,0,fraction,0.430611058416592,0.43867813694564245,0.447922552161648,0.4546074442802281,0.4605949262686203,0.4686347573162387,0.48337463952783516,0.4542720988955487,0.009287962699110114,HYP,1,positive
S_00,S_00,5,505,snr_p_db,262,262,249,1,262,0,0,0,0,dB,7.37647375502797,7.502967826130697,7.566756741946416,7.628116389278189,7.6660665287216325,7.744317319421111,7.816813032502038,7.620621630895975,0.07239721696666479,HYP,1,positive
S_00,S_00,5,505,delta_p_db,262,262,249,1,262,0,0,0,0,dB,2.3764738581200446,2.5029679283516653,2.5667568542187995,2.628116501832655,2.666066651963141,2.7443174219526902,2.816813148700738,2.6206217426317697,0.07239721696675876,HYP,1,positive
S_00,S_00,5,505,q_noise,262,262,249,1,262,0,0,0,0,fraction,0.4214348022224715,0.43804349439724755,0.44623684302921407,0.45400577138248865,0.45875615420961063,0.4684213954991025,0.47722063176968055,0.4529870143296521,0.00912743326652808,HYP,1,positive
S_00,S_00,5,8128,snr_p_db,262,262,249,1,262,0,0,0,0,dB,7.433055620239269,7.506979258275435,7.5711912964500465,7.621828336985464,7.66351897233625,7.721444060976827,7.858538872625066,7.617958638683185,0.06900552827085402,HYP,1,positive
S_00,S_00,5,8128,delta_p_db,262,262,249,1,262,0,0,0,0,dB,2.4330557251613456,2.506979375494664,2.5711914124921194,2.621828452001423,2.6635190861068967,2.7214441599638053,2.8585389956668887,2.6179587506291284,0.06900552849609765,HYP,1,positive
S_00,S_00,5,8128,q_noise,262,262,249,1,262,0,0,0,0,fraction,0.4289240450684735,0.4385619952190752,0.44680215704382864,0.4532147977646709,0.4584382025280932,0.4656138057133411,0.4822194757392081,0.45265848107787704,0.008695890687069094,HYP,1,positive
S_00,S_00,10,101,snr_p_db,262,262,249,1,262,0,0,0,0,dB,12.391396223549728,12.510744170644559,12.57570043676088,12.615516431722385,12.666356398977005,12.728096512159453,12.833321722941406,12.619407452274412,0.06976732721551593,HYP,1,positive
S_00,S_00,10,101,delta_p_db,262,262,249,1,262,0,0,0,0,dB,2.3913961550016536,2.5107441134630273,2.5757003754020085,2.6155163759953926,2.6663563341116943,2.728096443764683,2.8333216815159057,2.6194073942549783,0.06976732716030849,HYP,1,positive
S_00,S_00,10,101,q_noise,262,262,249,1,262,0,0,0,0,fraction,0.4234193342442696,0.43904845612623655,0.4473762611229155,0.4524191709778739,0.45879208548354994,0.4664318039434185,0.4792049704115612,0.45283950613779966,0.008786972349229304,HYP,1,positive
S_00,S_00,10,202,snr_p_db,262,262,249,1,262,0,0,0,0,dB,12.43253731099025,12.503350331845178,12.566467238725977,12.616285468623783,12.66861991406022,12.73600526809675,12.867512518937023,12.61800182988332,0.0755514011546578,HYP,1,positive
S_00,S_00,10,202,delta_p_db,262,262,249,1,262,0,0,0,0,dB,2.4325372482503522,2.503350281737407,2.566467172689797,2.6162854047063995,2.66861986025126,2.7360052155540453,2.8675124455707324,2.618001771127536,0.07555140120115453,HYP,1,positive
S_00,S_00,10,202,q_noise,262,262,249,1,262,0,0,0,0,fraction,0.42885517360412884,0.4380927799696098,0.44620002673843695,0.452516466014177,0.4590739169995719,0.46740236749771213,0.4832881095893572,0.4526503267617471,0.009503766733711744,HYP,1,positive
S_00,S_00,10,303,snr_p_db,262,262,249,1,262,0,0,0,0,dB,12.439318668453392,12.50285265692941,12.563504029427904,12.606539476825535,12.655164810667518,12.745159640787605,12.857489621281248,12.61190800828491,0.07188533655292778,HYP,1,positive
S_00,S_00,10,303,delta_p_db,262,262,249,1,262,0,0,0,0,dB,2.439318617406777,2.502852613198541,2.563503972783127,2.6065394291881985,2.6551647614112786,2.7451595870794803,2.857489582774862,2.611907950852903,0.07188533689600293,HYP,1,positive
S_00,S_00,10,303,q_noise,262,262,249,1,262,0,0,0,0,fraction,0.42974663627691434,0.43802799893675615,0.4458219527838891,0.4512864389496478,0.4573955887704124,0.4685238770637737,0.4820942063337919,0.4518896528795432,0.009042740436952454,HYP,1,positive
S_00,S_00,10,404,snr_p_db,262,262,249,1,262,0,0,0,0,dB,12.445907706147509,12.507877416745213,12.579995204977841,12.632900478891877,12.68084571516817,12.74605897601375,12.868237685223562,12.630862359471818,0.07397612555913981,HYP,1,positive
S_00,S_00,10,404,delta_p_db,262,262,249,1,262,0,0,0,0,dB,2.4459076509390583,2.507877348559047,2.579995131612587,2.632900415823613,2.6808456491605472,2.7460589198451433,2.8682376335362596,2.63086230095675,0.07397612589841344,HYP,1,positive
S_00,S_00,10,404,q_noise,262,262,249,1,262,0,0,0,0,fraction,0.4306110581755134,0.4386781369682774,0.44792255269285186,0.4546074441823416,0.46059492597536394,0.4686347559761805,0.483374641581389,0.4542720989836453,0.009287962732138564,HYP,1,positive
S_00,S_00,10,505,snr_p_db,262,262,249,1,262,0,0,0,0,dB,12.376473908175162,12.5029679799606,12.566756903147382,12.6281165395479,12.666066710024316,12.744317466971404,12.816813208848634,12.620621802091845,0.07239721693834493,HYP,1,positive
S_00,S_00,10,505,delta_p_db,262,262,249,1,262,0,0,0,0,dB,2.3764738519374005,2.5029679220240313,2.566756849621008,2.6281164929820875,2.6660666506146042,2.744317411642183,2.8168131507607796,2.6206217429973786,0.07239721707331535,HYP,1,positive
S_00,S_00,10,505,q_noise,262,262,249,1,262,0,0,0,0,fraction,0.4214348013988223,0.4380434935784801,0.4462368424428973,0.4540057702697695,0.458756154041532,0.46842139423723483,0.4772206320176569,0.45298701437549255,0.009127433276801728,HYP,1,positive
S_00,S_00,10,8128,snr_p_db,262,262,249,1,262,0,0,0,0,dB,12.433055758237902,12.506979442953293,12.571191453518555,12.621828514849266,12.663519140962945,12.721444231982685,12.858539053277799,12.617958808412904,0.06900552819966264,HYP,1,positive
S_00,S_00,10,8128,delta_p_db,262,262,249,1,262,0,0,0,0,dB,2.433055716612316,2.50697937285768,2.5711913980967798,2.6218284497178037,2.663519085461125,2.7214441642992955,2.8585389937486188,2.6179587506642723,0.0690055286173947,HYP,1,positive
S_00,S_00,10,8128,q_noise,262,262,249,1,262,0,0,0,0,fraction,0.42892404394431805,0.4385619948782105,0.44680215521017697,0.4532147974771529,0.45843820244756006,0.4656138062468113,0.4822194755105055,0.45265848108205603,0.0086958907038704,HYP,1,positive
S_01,S_01,0,101,snr_p_db,262,262,249,1,262,0,0,0,0,dB,1.4911104326989275,1.534404141580806,1.595274630463583,1.63520521763233,1.6713966865076462,1.7375295817748169,1.8120885533871385,1.6353224791825982,0.05867314890694391,HYP,1,positive
S_01,S_01,0,101,delta_p_db,262,262,249,1,262,0,0,0,0,dB,1.491110440539247,1.5344041369302128,1.5952746283584198,1.6352052194413678,1.671396685457969,1.7375295734731437,1.8120885508124551,1.635322479054164,0.05867314853751196,HYP,1,positive
S_01,S_01,0,101,q_noise,262,262,249,1,262,0,0,0,0,fraction,0.29060448729162014,0.29764133841198537,0.30741632192174817,0.3137556001143862,0.3194505425364995,0.32973439459936527,0.34114360171022917,0.31371126489773626,0.009262998855507812,HYP,1,positive
S_01,S_01,0,202,snr_p_db,262,262,249,1,262,0,0,0,0,dB,1.478668597307152,1.5406163611793697,1.5900753033988524,1.634931395005402,1.679671933501957,1.7500345202512455,1.8721535259625819,1.637228063852066,0.06368730031414929,HYP,1,positive
S_01,S_01,0,202,delta_p_db,262,262,249,1,262,0,0,0,0,dB,1.4786686026772395,1.540616360393648,1.5900753025663694,1.6349313944063097,1.6796719319610949,1.7500345249396703,1.8721535234857611,1.6372280634454515,0.06368730047684058,HYP,1,positive
S_01,S_01,0,202,q_noise,262,262,249,1,262,0,0,0,0,fraction,0.28856872762151975,0.2986447198540567,0.3065866350994808,0.31371175214322167,0.3207454749803892,0.3316623214623846,0.3501927385761022,0.3140012977640112,0.010034365569001755,HYP,1,positive
S_01,S_01,0,303,snr_p_db,262,262,249,1,262,0,0,0,0,dB,1.4939795623844667,1.5440271399531083,1.586795196442306,1.6283461081340367,1.6686511149900924,1.7417299052762283,1.827396983071902,1.6301044065274723,0.05981761085195267,HYP,1,positive
S_01,S_01,0,303,delta_p_db,262,262,249,1,262,0,0,0,0,dB,1.4939795562192095,1.544027138091017,1.5867951968135505,1.6283461119766858,1.6686511106100665,1.7417299026083808,1.8273969803350472,1.6301044066207306,0.0598176106763336,HYP,1,positive
S_01,S_01,0,303,q_noise,262,262,249,1,262,0,0,0,0,fraction,0.291072948147528,0.29919511837008866,0.30606318143653916,0.3126704187659652,0.3190195654406681,0.33038243364456904,0.3434617149212213,0.31288380323507353,0.009439208359301515,HYP,1,positive
S_01,S_01,0,404,snr_p_db,262,262,249,1,262,0,0,0,0,dB,1.492999667665544,1.552854609720704,1.6106427280641722,1.6452975060707689,1.6872693827043517,1.759562529725387,1.8478578544144857,1.6481715803231847,0.060448375708876304,HYP,1,positive
S_01,S_01,0,404,delta_p_db,262,262,249,1,262,0,0,0,0,dB,1.4929996741677274,1.5528546255759732,1.6106427292616488,1.6452975119473514,1.6872693721831116,1.7595625239295012,1.847857856764672,1.6481715803068007,0.06044837517793053,HYP,1,positive
S_01,S_01,0,404,q_noise,262,262,249,1,262,0,0,0,0,fraction,0.29091238145745496,0.3006186111871724,0.30986253202321956,0.31534790503756405,0.32193265097969537,0.33312643276725,0.3465480616815555,0.31573492233977907,0.00951228816517254,HYP,1,positive
S_01,S_01,0,505,snr_p_db,262,262,249,1,262,0,0,0,0,dB,1.4406412157850075,1.526956894406768,1.5919097132550772,1.6296481230668327,1.6709688840518548,1.7383542408599182,1.7982265688741443,1.631060212883057,0.0644557148216304,HYP,1,positive
S_01,S_01,0,505,delta_p_db,262,262,249,1,262,0,0,0,0,dB,1.4406412077539008,1.5269568991638776,1.5919097230061448,1.6296481242785328,1.670968882690236,1.7383542408103037,1.798226567784282,1.631060213092433,0.06445571470829868,HYP,1,positive
S_01,S_01,0,505,q_noise,262,262,249,1,262,0,0,0,0,fraction,0.2823121024288963,0.29643537375354434,0.30687974410783436,0.31287631993872533,0.3193828739001209,0.3298616049649381,0.33903721789965463,0.3130244377921819,0.010196007693648897,HYP,1,positive
S_01,S_01,0,8128,snr_p_db,262,262,249,1,262,0,0,0,0,dB,1.5059222714285845,1.545440201606758,1.5866287194472413,1.6307313656708882,1.676843748722658,1.7304009828627924,1.8002118739831667,1.6343974129596526,0.05955772811303481,HYP,1,positive
S_01,S_01,0,8128,delta_p_db,262,262,249,1,262,0,0,0,0,dB,1.5059222711940996,1.5454402018012974,1.5866287205449783,1.6307313753737198,1.6768437552119873,1.73040098089875,1.800211876932401,1.6343974127808467,0.059557728304112864,HYP,1,positive
S_01,S_01,0,8128,q_noise,262,262,249,1,262,0,0,0,0,fraction,0.29301932244521384,0.2994235948830615,0.3060360141783087,0.3130475457945959,0.3203033949374656,0.3286333727867923,0.3393390547703272,0.3135632226907735,0.009393481222331222,HYP,1,positive
S_01,S_01,5,101,snr_p_db,262,262,249,1,262,0,0,0,0,dB,6.491110327301736,6.534404018789556,6.595274513974474,6.635205106241367,6.671396570674366,6.73752947381312,6.812088438603952,6.635322366619992,0.05867314935618148,HYP,1,positive
S_01,S_01,5,101,delta_p_db,262,262,249,1,262,0,0,0,0,dB,1.491110444538081,1.5344041353649542,1.5952746285846726,1.6352052198961904,1.6713966870405992,1.7375295801560022,1.8120885495242058,1.6353224789811598,0.05867314877820369,HYP,1,positive
S_01,S_01,5,101,q_noise,262,262,249,1,262,0,0,0,0,fraction,0.29060448794480703,0.29764133815884913,0.3074163219578321,0.31375560018629756,0.3194505427844422,0.32973439563067414,0.34114360151479245,0.31371126488569084,0.009262998893112067,HYP,1,positive
S_01,S_01,5,202,snr_p_db,262,262,249,1,262,0,0,0,0,dB,6.478668488449149,6.5406162526148925,6.590075187950309,6.634931284474458,6.67967181136674,6.750034425896542,6.872153421582935,6.637227951815396,0.06368730132164782,HYP,1,positive
S_01,S_01,5,202,delta_p_db,262,262,249,1,262,0,0,0,0,dB,1.4786686034706826,1.5406163621958047,1.5900753016375817,1.634931391748581,1.6796719293526223,1.7500345373946327,1.8721535285110902,1.6372280634539325,0.06368730086283976,HYP,1,positive
S_01,S_01,5,202,q_noise,262,262,249,1,262,0,0,0,0,fraction,0.28856872775149606,0.2986447201452135,0.30658663495116706,0.31371175172323623,0.3207454745724275,0.33166232337908275,0.3501927393280103,0.31400129776446695,0.0100343656287474,HYP,1,positive
S_01,S_01,5,303,snr_p_db,262,262,249,1,262,0,0,0,0,dB,6.493979442265761,6.5440270284105955,6.586795086053268,6.628345987900002,6.668651010725377,6.741729800894723,6.827396873069246,6.63010429479119,0.05981761075992763,HYP,1,positive
S_01,S_01,5,303,delta_p_db,262,262,249,1,262,0,0,0,0,dB,1.4939795582038486,1.5440271356943847,1.5867951963583253,1.6283461122617742,1.6686511166289013,1.7417298958054432,1.8273969731955857,1.6301044062523564,0.0598176103511465,HYP,1,positive
S_01,S_01,5,303,q_noise,262,262,249,1,262,0,0,0,0,fraction,0.2910729484714935,0.2991951179833533,0.30606318136379057,0.3126704188110802,0.31901956638442414,0.3303824325956793,0.34346171384192375,0.3128838031774951,0.00943920830899087,HYP,1,positive
S_01,S_01,5,404,snr_p_db,262,262,249,1,262,0,0,0,0,dB,6.49299956654365,6.5528545029678975,6.610642609865173,6.645297401347208,6.687269261242297,6.759562415463931,6.847857744169586,6.648171468362757,0.06044837518551825,HYP,1,positive
S_01,S_01,5,404,delta_p_db,262,262,249,1,262,0,0,0,0,dB,1.492999677581774,1.5528546290793872,1.6106427280862559,1.6452975121392721,1.6872693722509646,1.7595625260955374,1.847857853819193,1.6481715803784769,0.06044837516554984,HYP,1,positive
S_01,S_01,5,404,q_noise,262,262,249,1,262,0,0,0,0,fraction,0.2909123820148783,0.3006186117513572,0.30986253183642554,0.31534790506779103,0.3219326509904984,0.333126433099837,0.34654806123837034,0.3157349223511037,0.009512288162097367,HYP,1,positive
S_01,S_01,5,505,snr_p_db,262,262,249,1,262,0,0,0,0,dB,6.440641093820406,6.526956806138286,6.591909605059197,6.629648012306935,6.670968763481661,6.738354115749411,6.798226457989677,6.631060102045998,0.06445571414373598,HYP,1,positive
S_01,S_01,5,505,delta_p_db,262,262,249,1,262,0,0,0,0,dB,1.4406412116591154,1.5269569101940097,1.591909720398716,1.629648122680036,1.6709688779522867,1.7383542353913652,1.798226570614244,1.6310602133109966,0.06445571429092536,HYP,1,positive
S_01,S_01,5,505,q_noise,262,262,249,1,262,0,0,0,0,fraction,0.28231210307424764,0.2964353755404581,0.30687974369167864,0.31287631968581797,0.31938287315759906,0.3298616041287704,0.33903721833035305,0.31302443782773637,0.01019600762597074,HYP,1,positive
S_01,S_01,5,8128,snr_p_db,262,262,249,1,262,0,0,0,0,dB,6.505922168608958,6.545440081279637,6.586628612498862,6.630731254073346,6.67684364347446,6.730400871618876,6.8002117558449005,6.634397300937834,0.05955772707347501,HYP,1,positive
S_01,S_01,5,8128,delta_p_db,262,262,249,1,262,0,0,0,0,dB,1.5059222735814262,1.5454401937605495,1.586628720756234,1.6307313748644119,1.6768437528145026,1.7304009814292582,1.8002118771464621,1.6343974125327136,0.05955772783429365,HYP,1,positive
S_01,S_01,5,8128,q_noise,262,262,249,1,262,0,0,0,0,fraction,0.29301932283384263,0.2994235935859779,0.3060360142120519,0.31304754571403337,0.3203033945622447,0.32863337286880917,0.3393390548028907,0.31356322265257186,0.009393481147720746,HYP,1,positive
S_01,S_01,10,101,snr_p_db,262,262,249,1,262,0,0,0,0,dB,11.491110501471693,11.53440419006186,11.595274684180897,11.635205280733068,11.671396743054327,11.737529646057721,11.812088633450182,11.635322536242892,0.05867314924367572,HYP,1,positive
S_01,S_01,10,101,delta_p_db,262,262,249,1,262,0,0,0,0,dB,1.4911104374925368,1.5344041345057624,1.5952746281744408,1.6352052201943141,1.6713966799781665,1.7375295785177587,1.8120885593798635,1.6353224781121425,0.058673148990220775,HYP,1,positive
S_01,S_01,10,101,q_noise,262,262,249,1,262,0,0,0,0,fraction,0.29060448679395723,0.29764133801987974,0.30741632189240387,0.3137556002333241,0.31945054167779896,0.32973439537793975,0.34114360300996754,0.31371126474793337,0.009262998924345239,HYP,1,positive
S_01,S_01,10,202,snr_p_db,262,262,249,1,262,0,0,0,0,dB,11.478668637461835,11.540616407959192,11.590075356330892,11.634931464718573,11.679671993373603,11.750034574464014,11.872153568365107,11.637228122935941,0.0636872987832129,HYP,1,positive
S_01,S_01,10,202,delta_p_db,262,262,249,1,262,0,0,0,0,dB,1.4786685997733906,1.5406163605365777,1.5900753003794068,1.6349314002363293,1.6796719282872736,1.7500345213844486,1.8721535170843464,1.6372280637901377,0.06368729964404121,HYP,1,positive
S_01,S_01,10,202,q_noise,262,262,249,1,262,0,0,0,0,fraction,0.28856872714583126,0.29864471987720315,0.30658663475023273,0.3137117530645043,0.32074547440577916,0.3316623209152707,0.3501927376182993,0.3140012978203722,0.01003436543755121,HYP,1,positive
S_01,S_01,10,303,snr_p_db,262,262,249,1,262,0,0,0,0,dB,11.493979600220714,11.544027209935845,11.586795252600792,11.628346172779064,11.66865116897398,11.741729957919624,11.827397043724266,11.630104463823868,0.05981761060972819,HYP,1,positive
S_01,S_01,10,303,delta_p_db,262,262,249,1,262,0,0,0,0,dB,1.4939795547946058,1.5440271433323323,1.5867951966647762,1.6283461082643775,1.6686511202862608,1.7417299047824337,1.827396981324887,1.6301044064432852,0.059817610606734094,HYP,1,positive
S_01,S_01,10,303,q_noise,262,262,249,1,262,0,0,0,0,fraction,0.29107294791498073,0.29919511921586567,0.3060631814127503,0.31267041817842833,0.3190195669579077,0.3303824339797567,0.3434617150708589,0.3128838032071477,0.009439208349198487,HYP,1,positive
S_01,S_01,10,404,snr_p_db,262,262,249,1,262,0,0,0,0,dB,11.492999739194762,11.552854669918842,11.610642801409345,11.645297575311261,11.687269449111536,11.759562588169864,11.847857911459387,11.64817163879792,0.06044837613822125,HYP,1,positive
S_01,S_01,10,404,delta_p_db,262,262,249,1,262,0,0,0,0,dB,1.492999674554971,1.5528546200358,1.6106427383013937,1.6452975177101017,1.6872693748974263,1.7595625196288658,1.8478578592332953,1.6481715805554462,0.060448375139644364,HYP,1,positive
S_01,S_01,10,404,q_noise,262,262,249,1,262,0,0,0,0,fraction,0.2909123815206816,0.300618610294977,0.30986253345973586,0.31534790594601586,0.32193265140349203,0.3331264321068847,0.3465480620529917,0.3157349223790392,0.009512288158520196,HYP,1,positive
S_01,S_01,10,505,snr_p_db,262,262,249,1,262,0,0,0,0,dB,11.440641286681752,11.52695695779565,11.591909779181774,11.629648189910064,11.67096896123028,11.738354310254838,11.798226629467969,11.631060272084579,0.0644557154485163,HYP,1,positive
S_01,S_01,10,505,delta_p_db,262,262,249,1,262,0,0,0,0,dB,1.4406412162349744,1.5269569032123433,1.5919097223735463,1.6296481278187036,1.6709688921472976,1.738354239532647,1.7982265684572054,1.6310602134480037,0.06445571476807276,HYP,1,positive
S_01,S_01,10,505,q_noise,262,262,249,1,262,0,0,0,0,fraction,0.28231210383042554,0.2964353744093983,0.3068797440068815,0.3128763204988395,0.3193828753822118,0.3298616047677894,0.3390372180020684,0.31302443784829187,0.010196007701260622,HYP,1,positive
S_01,S_01,10,8128,snr_p_db,262,262,249,1,262,0,0,0,0,dB,11.505922325850646,11.54544027226434,11.586628773925243,11.630731423937203,11.676843806358438,11.73040103430212,11.800211939353778,11.634397471108503,0.05955772787243849,HYP,1,positive
S_01,S_01,10,8128,delta_p_db,262,262,249,1,262,0,0,0,0,dB,1.5059222697149797,1.545440201903855,1.586628719573367,1.630731379795545,1.6768437495223656,1.7304009734539907,1.8002118801717069,1.6343974130427519,0.05955772815965097,HYP,1,positive
S_01,S_01,10,8128,q_noise,262,262,249,1,262,0,0,0,0,fraction,0.2930193222044304,0.29942359489960463,0.3060360140231059,0.3130475464940333,0.32030339404701985,0.3286333716359332,0.33933905526309954,0.3135632227324781,0.00939348119966044,HYP,1,positive
S_02,S_02,0,101,snr_p_db,262,262,249,1,262,0,0,0,0,dB,1.0233305093515184,1.061207416981166,1.110495405665128,1.1452129194123737,1.1787034100525098,1.218677798594823,1.2786127256483406,1.1448431709087692,0.04914733947474403,HYP,1,positive
S_02,S_02,0,101,delta_p_db,262,262,249,1,262,0,0,0,0,dB,1.0233305099370646,1.0612074074483253,1.110495405738444,1.145212921024811,1.1787034080172811,1.2186777993712201,1.2786127244237337,1.1448431712924012,0.04914733936920751,HYP,1,positive
S_02,S_02,0,101,q_noise,262,262,249,1,262,0,0,0,0,fraction,0.20992843786015616,0.21678864913024398,0.22562686986037356,0.2317927916628747,0.23769453226779597,0.2446783446709203,0.25503017105390646,0.23167839317911507,0.008694539454958291,HYP,1,positive
S_02,S_02,0,202,snr_p_db,262,262,249,1,262,0,0,0,0,dB,1.0051165871455623,1.0654385149941563,1.108230500749817,1.1398352153901938,1.1816548741733905,1.2332411418580569,1.350140460677269,1.1447604216465324,0.05390680289217222,HYP,1,positive
S_02,S_02,0,202,delta_p_db,262,262,249,1,262,0,0,0,0,dB,1.0051165960767074,1.0654385113527687,1.1082305047796042,1.1398352151933029,1.1816548721601356,1.2332411417949432,1.3501404616254933,1.1447604214895923,0.0539068030773377,HYP,1,positive
S_02,S_02,0,202,q_noise,262,262,249,1,262,0,0,0,0,fraction,0.20660786645814994,0.21755254838803453,0.22522298460044662,0.23084102684950117,0.23821139441840727,0.24720812659638208,0.26719931546833414,0.23165386897937437,0.009520665434280496,HYP,1,positive
S_02,S_02,0,303,snr_p_db,262,262,249,1,262,0,0,0,0,dB,1.0024695574096418,1.062275449689321,1.1018224044317546,1.1357271692818305,1.1689391237279803,1.2284666128431432,1.2982781430767245,1.1385048598555332,0.052135045863831726,HYP,1,positive
S_02,S_02,0,303,delta_p_db,262,262,249,1,262,0,0,0,0,dB,1.0024695492759186,1.0622754505218748,1.1018224116922972,1.1357271643356532,1.1689391176002766,1.2284666086728817,1.2982781489121984,1.1385048597376604,0.05213504593095736,HYP,1,positive
S_02,S_02,0,303,q_noise,262,262,249,1,262,0,0,0,0,fraction,0.20612400883462467,0.21698103588832823,0.2240792069236303,0.23011314654003387,0.23597818256825498,0.24637871679142043,0.2583964910691657,0.23055015128627687,0.009223576843425672,HYP,1,positive
S_02,S_02,0,404,snr_p_db,262,262,249,1,262,0,0,0,0,dB,1.0056665381854577,1.0748769905160878,1.1163794322801561,1.1519325990078575,1.184782753599097,1.2345256096994703,1.3002894785386205,1.1521324773387929,0.05109796635244349,HYP,1,positive
S_02,S_02,0,404,delta_p_db,262,262,249,1,262,0,0,0,0,dB,1.0056665361760064,1.0748769938428613,1.1163794349059126,1.1519325970312992,1.1847827540721478,1.234525607046951,1.3002894815356751,1.1521324771637214,0.05109796602854501,HYP,1,positive
S_02,S_02,0,404,q_noise,262,262,249,1,262,0,0,0,0,fraction,0.2067078349878377,0.21925059232293287,0.2266753470306646,0.23298077760071292,0.23876117341305253,0.24743043656371158,0.2587401317985657,0.23296293594430295,0.00902056019789863,HYP,1,positive
S_02,S_02,0,505,snr_p_db,262,262,249,1,262,0,0,0,0,dB,0.9738472278784607,1.0560228987971358,1.1062157449093786,1.1422642704414063,1.1728009074680967,1.2322528836470226,1.2973459000312748,1.1411239256532868,0.05381090567757177,HYP,1,positive
S_02,S_02,0,505,delta_p_db,262,262,249,1,262,0,0,0,0,dB,0.973847219921628,1.0560229020203737,1.1062157472334264,1.1422642774704237,1.172800907447967,1.2322528797919634,1.2973458988806166,1.1411239259092603,0.053810905388167886,HYP,1,positive
S_02,S_02,0,505,q_noise,262,262,249,1,262,0,0,0,0,fraction,0.20087444045339678,0.21585336639988445,0.2248632634493367,0.23127097312763628,0.2366577135395812,0.24703591976683525,0.2582371603384791,0.2310103705012896,0.009530238237541044,HYP,1,positive
S_02,S_02,0,8128,snr_p_db,262,262,249,1,262,0,0,0,0,dB,1.0030376344746117,1.064572661418574,1.104949503843592,1.1381597244345474,1.1750192489372393,1.2283328958053386,1.291817765806254,1.1408639713144326,0.050788972605023366,HYP,1,positive
S_02,S_02,0,8128,delta_p_db,262,262,249,1,262,0,0,0,0,dB,1.0030376297943897,1.0645726667448103,1.1049495116855041,1.1381597233128082,1.175019256309362,1.2283328958722797,1.2918177568911482,1.1408639717690008,0.05078897282285939,HYP,1,positive
S_02,S_02,0,8128,q_noise,262,262,249,1,262,0,0,0,0,fraction,0.20622796531944315,0.21739494134226492,0.22463775236714711,0.23054434423668663,0.2370471544902199,0.24635662410836248,0.2572922135128601,0.2309708033454519,0.008984255078308084,HYP,1,positive
S_02,S_02,5,101,snr_p_db,262,262,249,1,262,0,0,0,0,dB,6.023330403149412,6.061207287688033,6.110495298375628,6.145212805796456,6.1787033050009414,6.2186776955183065,6.278612621566799,6.144843059000029,0.049147340458143694,HYP,1,positive
S_02,S_02,5,101,delta_p_db,262,262,249,1,262,0,0,0,0,dB,1.023330511730892,1.0612074048395617,1.1104954033588048,1.1452129175889003,1.1787034080152035,1.218677798307533,1.2786127276287171,1.144843171371591,0.04914733963259671,HYP,1,positive
S_02,S_02,5,101,q_noise,262,262,249,1,262,0,0,0,0,fraction,0.20992843818649043,0.2167886486597746,0.2256268694360703,0.23179279105511158,0.2376945322674324,0.24467834448592524,0.25503017160367536,0.23167839319259667,0.008694539502140188,HYP,1,positive
S_02,S_02,5,202,snr_p_db,262,262,249,1,262,0,0,0,0,dB,6.0051164885679595,6.065438397125232,6.108230385211502,6.139835105999744,6.181654752218526,6.233241045819388,6.350140349084863,6.144760309625612,0.0539068037204684,HYP,1,positive
S_02,S_02,5,202,delta_p_db,262,262,249,1,262,0,0,0,0,dB,1.0051165961435657,1.065438507375686,1.1082305049477263,1.1398352157340468,1.181654871833537,1.2332411442682933,1.3501404607682541,1.1447604214448783,0.05390680295600013,HYP,1,positive
S_02,S_02,5,202,q_noise,262,262,249,1,262,0,0,0,0,fraction,0.20660786647036392,0.21755254767149154,0.22522298463039903,0.23084102694526995,0.23821139436112476,0.24720812702507006,0.2671993153236891,0.2316538689717258,0.009520665413659642,HYP,1,positive
S_02,S_02,5,303,snr_p_db,262,262,249,1,262,0,0,0,0,dB,6.002469440008219,6.062275336709789,6.10182229973234,6.135727044937509,6.168939013606575,6.228466508919458,6.298278024873001,6.138504747955028,0.052135046466517385,HYP,1,positive
S_02,S_02,5,303,delta_p_db,262,262,249,1,262,0,0,0,0,dB,1.0024695548351958,1.0622754540173964,1.1018224124766507,1.1357271608154358,1.1689391232441344,1.2284666059955123,1.298278142036461,1.1385048597020104,0.05213504550464759,HYP,1,positive
S_02,S_02,5,303,q_noise,262,262,249,1,262,0,0,0,0,fraction,0.2061240098508422,0.2169810365185582,0.22407920706376216,0.2301131459160176,0.2359781835611353,0.24637871632681968,0.25839648989506125,0.2305501512808665,0.009223576767180244,HYP,1,positive
S_02,S_02,5,404,snr_p_db,262,262,249,1,262,0,0,0,0,dB,6.005666416347807,6.074876878168564,6.11637931405564,6.151932482010132,6.184782636933333,6.234525491372197,6.300289366955073,6.152132364837184,0.05109796576284583,HYP,1,positive
S_02,S_02,5,404,delta_p_db,262,262,249,1,262,0,0,0,0,dB,1.0056665381151386,1.0748769925669457,1.1163794347040075,1.1519325923839325,1.1847827533590385,1.2345256101685231,1.3002894842622035,1.1521324771708241,0.05109796585253161,HYP,1,positive
S_02,S_02,5,404,q_noise,262,262,249,1,262,0,0,0,0,fraction,0.20670783534204404,0.21925059209354342,0.22667534699463243,0.2329807767799288,0.2387611732880524,0.24743043710463755,0.2587401322639334,0.23296293594592843,0.009020560165079346,HYP,1,positive
S_02,S_02,5,505,snr_p_db,262,262,249,1,262,0,0,0,0,dB,5.973847111895071,6.056022795616011,6.106215626442329,6.142264157821298,6.1728007880460485,6.232252757431908,6.2973457754663045,6.141123814109453,0.05381090526089771,HYP,1,positive
S_02,S_02,5,505,delta_p_db,262,262,249,1,262,0,0,0,0,dB,0.9738472194808971,1.0560229025798864,1.1062157421025265,1.1422642805506789,1.172800908476258,1.2322528718445687,1.2973458929440964,1.1411239259287658,0.053810905488966894,HYP,1,positive
S_02,S_02,5,505,q_noise,262,262,249,1,262,0,0,0,0,fraction,0.20087444037229998,0.21585336650090747,0.22486326253352462,0.23127097367276694,0.23665771372031946,0.2470359183889575,0.258237159324538,0.23101037050452436,0.009530238255016076,HYP,1,positive
S_02,S_02,5,8128,snr_p_db,262,262,249,1,262,0,0,0,0,dB,6.003037518254365,6.064572551129709,6.104949402107121,6.138159613528764,6.175019143569265,6.228332794345899,6.291817644828458,6.140863859677544,0.050788972170045195,HYP,1,positive
S_02,S_02,5,8128,delta_p_db,262,262,249,1,262,0,0,0,0,dB,1.0030376263933962,1.0645726683674348,1.104949512152941,1.1381597216126873,1.1750192565927127,1.228332894501793,1.2918177583317285,1.1408639719689921,0.05078897249691552,HYP,1,positive
S_02,S_02,5,8128,q_noise,262,262,249,1,262,0,0,0,0,fraction,0.20622796469783422,0.2173949416346656,0.2246377524504535,0.23054434393547088,0.23704715453995115,0.24635662387054466,0.25729221375922073,0.2309708033815402,0.008984255019519143,HYP,1,positive
S_02,S_02,10,101,snr_p_db,262,262,249,1,262,0,0,0,0,dB,11.023330571550822,11.061207483634758,11.11049546373187,11.145212967918022,11.178703464063453,11.218677877734144,11.278612781259573,11.144843228800035,0.0491473396753652,HYP,1,positive
S_02,S_02,10,101,delta_p_db,262,262,249,1,262,0,0,0,0,dB,1.023330509313257,1.0612074137681846,1.1104954063488763,1.1452129203169477,1.178703403983338,1.2186778079338034,1.2786127339296414,1.1448431708955187,0.04914733966624076,HYP,1,positive
S_02,S_02,10,101,q_noise,262,262,249,1,262,0,0,0,0,fraction,0.20992843774667252,0.21678865026997726,0.2256268699692138,0.23179279153766796,0.2376945315597279,0.2446783461601187,0.25503017268450834,0.23167839310831403,0.00869453950702524,HYP,1,positive
S_02,S_02,10,202,snr_p_db,262,262,249,1,262,0,0,0,0,dB,11.005116653046638,11.06543857778624,11.108230548666842,11.139835283284228,11.181654917903716,11.233241190167643,11.350140503911996,11.144760480493648,0.05390680118953433,HYP,1,positive
S_02,S_02,10,202,delta_p_db,262,262,249,1,262,0,0,0,0,dB,1.0051165944223215,1.0654385101518598,1.1082305003041921,1.139835220620439,1.1816548666537416,1.233241141741775,1.3501404602749403,1.144760421804444,0.053906802777489334,HYP,1,positive
S_02,S_02,10,202,q_noise,262,262,249,1,262,0,0,0,0,fraction,0.20660786615591786,0.21755254817167624,0.22522298380191402,0.23084102781067367,0.23821139345255765,0.24720812658714214,0.2671993152404505,0.2316538690357223,0.009520665383114262,HYP,1,positive
S_02,S_02,10,303,snr_p_db,262,262,249,1,262,0,0,0,0,dB,11.002469629084468,11.062275496371745,11.101822465149647,11.135727247529951,11.168939173491607,11.228466664931814,11.298278192103325,11.138504916639613,0.052135045846609225,HYP,1,positive
S_02,S_02,10,303,delta_p_db,262,262,249,1,262,0,0,0,0,dB,1.002469552909988,1.0622754529428171,1.1018224173503335,1.1357271712147046,1.168939119996137,1.22846660785122,1.2982781471365485,1.1385048594804066,0.0521350458496553,HYP,1,positive
S_02,S_02,10,303,q_noise,262,262,249,1,262,0,0,0,0,fraction,0.20612400949892065,0.21698103632481652,0.22407920793450942,0.23011314775952685,0.23597818298974693,0.24637871664885277,0.2583964907659547,0.2305501512408717,0.009223576829318715,HYP,1,positive
S_02,S_02,10,404,snr_p_db,262,262,249,1,262,0,0,0,0,dB,11.00566660048543,11.074877047849222,11.116379492692316,11.151932659466182,11.184782814632936,11.234525656826827,11.300289538231345,11.152132535771257,0.05109796660247725,HYP,1,positive
S_02,S_02,10,404,delta_p_db,262,262,249,1,262,0,0,0,0,dB,1.0056665382650132,1.0748769909137366,1.1163794334049641,1.1519325945028749,1.184782749598907,1.2345256045360158,1.3002894882382865,1.152132477236844,0.05109796622820211,HYP,1,positive
S_02,S_02,10,404,q_noise,262,262,249,1,262,0,0,0,0,fraction,0.20670783536942045,0.2192505917963413,0.22667534676344792,0.23298077715416704,0.23876117262899596,0.24743043612861282,0.25874013294257664,0.23296293595680873,0.009020560231915732,HYP,1,positive
S_02,S_02,10,505,snr_p_db,262,262,249,1,262,0,0,0,0,dB,10.973847285835983,11.056022958461854,11.106215803911319,11.142264330645245,11.172800962130532,11.232252935913584,11.297345946215902,11.1411239846524,0.05381090587075652,HYP,1,positive
S_02,S_02,10,505,delta_p_db,262,262,249,1,262,0,0,0,0,dB,0.9738472237460839,1.056022904875475,1.1062157459103383,1.142264281855398,1.1728009065749305,1.232252875740284,1.297345892017421,1.1411239258383379,0.05381090548391059,HYP,1,positive
S_02,S_02,10,505,q_noise,262,262,249,1,262,0,0,0,0,fraction,0.20087444115711747,0.2158533669154602,0.22486326321323194,0.23127097390387755,0.23665771338612773,0.2470359190643764,0.2582371591662645,0.23101037048852255,0.009530238254589029,HYP,1,positive
S_02,S_02,10,8128,snr_p_db,262,262,249,1,262,0,0,0,0,dB,11.003037687207817,11.064572736255833,11.10494956072628,11.138159783271178,11.17501931597758,11.228332953561805,11.291817818241336,11.140864030360783,0.050788972709820385,HYP,1,positive
S_02,S_02,10,8128,delta_p_db,262,262,249,1,262,0,0,0,0,dB,1.0030376333033784,1.0645726644786064,1.1049495091962191,1.1381597272046666,1.1750192568294848,1.2283328945783896,1.291817755782141,1.1408639723005412,0.050788972931299255,HYP,1,positive
S_02,S_02,10,8128,q_noise,262,262,249,1,262,0,0,0,0,fraction,0.20622796596079074,0.21739494093389194,0.22463775192262425,0.23054434492622,0.23704715458158798,0.24635662388384144,0.2572922133232035,0.23097080343934676,0.00898425509749837,HYP,1,positive
S_03,S_03,0,101,snr_p_db,262,262,249,1,262,0,0,0,0,dB,3.261120043144878,3.3664713311361174,3.4675052476678427,3.5284963331908923,3.585486315952136,3.6781396824819144,3.8152245675040874,3.527742512382989,0.09274719522138287,HYP,1,positive
S_03,S_03,0,101,delta_p_db,262,262,249,1,262,0,0,0,0,dB,3.2611200429082707,3.3664713329022584,3.4675052510867737,3.5284963368948965,3.585486313775154,3.6781396795164207,3.81522457492048,3.527742512524701,0.09274719523947839,HYP,1,positive
S_03,S_03,0,101,q_noise,262,262,249,1,262,0,0,0,0,fraction,0.5280590238469157,0.539369679296626,0.5499621054362134,0.5562379355109183,0.562023159778766,0.5712681044097679,0.5845895109019933,0.5560602137863577,0.009481864836005658,HYP,1,positive
S_03,S_03,0,202,snr_p_db,262,262,249,1,262,0,0,0,0,dB,3.2744179462859018,3.3622757367763114,3.4504313575182666,3.523473032118094,3.5888180054472505,3.6924761690273935,3.840609385854542,3.52241632658718,0.101606659021567,HYP,1,positive
S_03,S_03,0,202,delta_p_db,262,262,249,1,262,0,0,0,0,dB,3.27441794357254,3.3622757315467493,3.4504313592548685,3.5234730278862254,3.588818006491232,3.69247617226779,3.840609384340018,3.522416326666635,0.1016066591693241,HYP,1,positive
S_03,S_03,0,202,q_noise,262,262,249,1,262,0,0,0,0,fraction,0.5295019368391258,0.5389243569809408,0.5481891838118353,0.5557246607964395,0.5623595751399368,0.5726809088102768,0.5870107363092778,0.555495361829061,0.01038303005542869,HYP,1,positive
S_03,S_03,0,303,snr_p_db,262,262,249,1,262,0,0,0,0,dB,3.2742499841723305,3.366276144973359,3.4438488931282536,3.5069284989913587,3.5760859486598378,3.686700891943265,3.817419284307282,3.5114246792803394,0.09725783675991244,HYP,1,positive
S_03,S_03,0,303,delta_p_db,262,262,249,1,262,0,0,0,0,dB,3.27424998086956,3.3662761495405062,3.443848888278962,3.5069285018039826,3.5760859475169777,3.6867009001466853,3.817419290285165,3.5114246794966344,0.09725783721840854,HYP,1,positive
S_03,S_03,0,303,q_noise,262,262,249,1,262,0,0,0,0,fraction,0.5294833742033441,0.5393488152439945,0.5475038254697808,0.5540286725284904,0.5610740122318859,0.5721122237925177,0.5848001241621287,0.5543791597680734,0.00995473182915366,HYP,1,positive
S_03,S_03,0,404,snr_p_db,262,262,249,1,262,0,0,0,0,dB,3.298944652277899,3.371583196657878,3.461953439714414,3.5497602357176836,3.613844727035322,3.7197299582947383,3.810147061135536,3.5410987745981246,0.10250650560075775,HYP,1,positive
S_03,S_03,0,404,delta_p_db,262,262,249,1,262,0,0,0,0,dB,3.298944641620362,3.3715831925187354,3.461953441066281,3.5497602355841384,3.6138447187135037,3.7197299564819573,3.8101470574945333,3.5410987743213136,0.10250650603767908,HYP,1,positive
S_03,S_03,0,404,q_noise,262,262,249,1,262,0,0,0,0,fraction,0.5321514944187545,0.5399115988673205,0.5493865167041914,0.558405593111516,0.5648737942579979,0.5753545803379904,0.5841039676685355,0.5574011780986989,0.010442110438266473,HYP,1,positive
S_03,S_03,0,505,snr_p_db,262,262,249,1,262,0,0,0,0,dB,3.217608453278608,3.3540860999315814,3.460239284339685,3.5352456601828264,3.595274630856225,3.6802795926519933,3.7859672504125994,3.529485223198727,0.10018012329774305,HYP,1,positive
S_03,S_03,0,505,delta_p_db,262,262,249,1,262,0,0,0,0,dB,3.217608454690552,3.354086092119794,3.4602392740010695,3.5352456587638565,3.5952746309587047,3.680279586167095,3.7859672543385328,3.5294852232491323,0.10018012378129053,HYP,1,positive
S_03,S_03,0,505,q_noise,262,262,249,1,262,0,0,0,0,fraction,0.523306921072865,0.5380542980822128,0.5492084903225274,0.5569273112434425,0.563009264596774,0.571479206341835,0.5817817220637466,0.5562213745500976,0.010256374321177365,HYP,1,positive
S_03,S_03,0,8128,snr_p_db,262,262,249,1,262,0,0,0,0,dB,3.2659427766124183,3.3567971464279864,3.4545708671540445,3.523906759402194,3.5745414893789267,3.6763469402036963,3.846412937201454,3.519500518421465,0.09611732767018497,HYP,1,positive
S_03,S_03,0,8128,delta_p_db,262,262,249,1,262,0,0,0,0,dB,3.2659427747000684,3.3567971361460467,3.4545708617244837,3.523906766013879,3.574541487605091,3.67634692371619,3.8464129366281083,3.519500518837077,0.09611732789996753,HYP,1,positive
S_03,S_03,0,8128,q_noise,262,262,249,1,262,0,0,0,0,fraction,0.5285830760771163,0.5383427333124831,0.5486198091022465,0.5557686867999414,0.560917990732819,0.5710909692781669,0.5875621716769039,0.5552095392758695,0.009831313519007352,HYP,1,positive
S_03,S_03,5,101,snr_p_db,262,262,249,1,262,0,0,0,0,dB,8.26111994077276,8.366471213264031,8.46750513543661,8.528496229282055,8.585486174765155,8.678139555322556,8.815224461322863,8.527742399668437,0.09274719495892142,HYP,1,positive
S_03,S_03,5,101,delta_p_db,262,262,249,1,262,0,0,0,0,dB,3.2611200510004195,3.3664713345259374,3.4675052513000906,3.5284963377099774,3.5854862922947586,3.678139673289181,3.815224579968684,3.527742512148114,0.09274719473317258,HYP,1,positive
S_03,S_03,5,101,q_noise,262,262,249,1,262,0,0,0,0,fraction,0.5280590247262767,0.5393696794688915,0.549962105458323,0.5562379355942046,0.5620231576126062,0.5712681037950184,0.584589511384863,0.556060213748961,0.009481864785499037,HYP,1,positive
S_03,S_03,5,202,snr_p_db,262,262,249,1,262,0,0,0,0,dB,8.274417845719466,8.362275628906483,8.450431252034093,8.52347291381697,8.58881788029663,8.692476058655135,8.840609286395944,8.522416215308928,0.1016066586693807,HYP,1,positive
S_03,S_03,5,202,delta_p_db,262,262,249,1,262,0,0,0,0,dB,3.2744179536047344,3.362275741987806,3.450431360270077,3.523473024275556,3.5888180059859534,3.6924761695761856,3.840609391452448,3.5224163271306512,0.10160665809579227,HYP,1,positive
S_03,S_03,5,202,q_noise,262,262,249,1,262,0,0,0,0,fraction,0.5295019379259754,0.5389243580894739,0.54818918391748,0.5557246604269879,0.562359575089045,0.5726809085453991,0.5870107369856293,0.5554953618791244,0.01038302994291217,HYP,1,positive
S_03,S_03,5,303,snr_p_db,262,262,249,1,262,0,0,0,0,dB,8.274249869734312,8.36627605521875,8.443848790689314,8.506928385813474,8.576085833836476,8.686700780841335,8.817419214266309,8.511424567711396,0.09725783736774708,HYP,1,positive
S_03,S_03,5,303,delta_p_db,262,262,249,1,262,0,0,0,0,dB,3.2742499808525545,3.3662761673213426,3.4438488991585507,3.5069285028289565,3.5760859483336636,3.6867008896485,3.8174193158515726,3.511424679098236,0.09725783734273158,HYP,1,positive
S_03,S_03,5,303,q_noise,262,262,249,1,262,0,0,0,0,fraction,0.5294833742015017,0.5393488171300428,0.547503826603336,0.5540286726337356,0.561074012314432,0.5721122227584672,0.5848001266063617,0.5543791597269324,0.009954731839884186,HYP,1,positive
S_03,S_03,5,404,snr_p_db,262,262,249,1,262,0,0,0,0,dB,8.298944536376403,8.371583064831176,8.461953331172676,8.549760116039536,8.613844620540485,8.719729851034247,8.81014695185262,8.54109866177735,0.10250650587910229,HYP,1,positive
S_03,S_03,5,404,delta_p_db,262,262,249,1,262,0,0,0,0,dB,3.2989446467171795,3.3715831824286253,3.4619534361536646,3.5497602311051346,3.6138447196285415,3.7197299537706185,3.8101470535683575,3.541098774062478,0.10250650605763964,HYP,1,positive
S_03,S_03,5,404,q_noise,262,262,249,1,262,0,0,0,0,fraction,0.5321514949678148,0.5399115977983472,0.5493865161944698,0.5584055926560838,0.5648737943497755,0.575354580072907,0.5841039672925507,0.5574011780722602,0.010442110442471734,HYP,1,positive
S_03,S_03,5,505,snr_p_db,262,262,249,1,262,0,0,0,0,dB,8.21760835773399,8.35408598439144,8.46023918104263,8.535245547488692,8.595274526067108,8.680279473122303,8.78596714129933,8.52948511133205,0.10018012320101045,HYP,1,positive
S_03,S_03,5,505,delta_p_db,262,262,249,1,262,0,0,0,0,dB,3.2176084638200364,3.354086092837622,3.460239283108767,3.5352456642188557,3.595274634174042,3.680279580108334,3.785967253767246,3.529485223214536,0.1001801236649771,HYP,1,positive
S_03,S_03,5,505,q_noise,262,262,249,1,262,0,0,0,0,fraction,0.5233069220749413,0.5380542981585748,0.549208491267948,0.5569273117999738,0.5630092649203945,0.5714792057440196,0.5817817220087326,0.5562213745468312,0.010256374309838124,HYP,1,positive
S_03,S_03,5,8128,snr_p_db,262,262,249,1,262,0,0,0,0,dB,8.265942686694656,8.356797030313853,8.454570751562017,8.523906650503637,8.574541390465187,8.67634683103923,8.846412816770044,8.519500407292544,0.09611732699559915,HYP,1,positive
S_03,S_03,5,8128,delta_p_db,262,262,249,1,262,0,0,0,0,dB,3.265942785156068,3.356797142699316,3.454570870255909,3.5239067675349407,3.574541501619182,3.676346936948542,3.8464129333525343,3.5195005190787043,0.0961173271300906,HYP,1,positive
S_03,S_03,5,8128,q_noise,262,262,249,1,262,0,0,0,0,fraction,0.5285830772120915,0.5383427340090887,0.5486198099889728,0.555768686955534,0.5609179921496471,0.5710909705849794,0.5875621713658314,0.5552095393023605,0.009831313438594108,HYP,1,positive
S_03,S_03,10,101,snr_p_db,262,262,249,1,262,0,0,0,0,dB,13.261120121506814,13.366471390007586,13.467505314434078,13.528496388885145,13.585486375866985,13.678139737017773,13.81522463394698,13.527742569282795,0.09274719415530512,HYP,1,positive
S_03,S_03,10,101,delta_p_db,262,262,249,1,262,0,0,0,0,dB,3.261120048563594,3.3664713415143113,3.4675052523418457,3.52849633227795,3.5854863116841,3.6781396784370806,3.8152245806372282,3.5277425114582264,0.09274719418940823,HYP,1,positive
S_03,S_03,10,101,q_noise,262,262,249,1,262,0,0,0,0,fraction,0.5280590244614707,0.5393696802101104,0.5499621055663669,0.5562379350391555,0.5620231595677221,0.5712681043032142,0.5845895114488106,0.556060213679628,0.009481864730579284,HYP,1,positive
S_03,S_03,10,202,snr_p_db,262,262,249,1,262,0,0,0,0,dB,13.274418009763057,13.362275802683856,13.450431420025783,13.523473081920887,13.588818049952941,13.692476241940492,13.840609466823604,13.522416386351628,0.10160665801282431,HYP,1,positive
S_03,S_03,10,202,delta_p_db,262,262,249,1,262,0,0,0,0,dB,3.2744179508927163,3.362275742176202,3.450431356383165,3.5234730299311607,3.5888179979317236,3.6924761876628684,3.8406093921829063,3.5224163275922677,0.10160665841317358,HYP,1,positive
S_03,S_03,10,202,q_noise,262,262,249,1,262,0,0,0,0,fraction,0.5295019376321658,0.5389243581094957,0.5481891835131847,0.5557246610056206,0.5623595742774353,0.5726809103249313,0.5870107370550918,0.55549536192558,0.01038302997872199,HYP,1,positive
S_03,S_03,10,303,snr_p_db,262,262,249,1,262,0,0,0,0,dB,13.274250067915554,13.366276215626764,13.443848955140105,13.506928545105474,13.576085993999818,13.686700942522908,13.817419339863072,13.51142473486687,0.0972578371345656,HYP,1,positive
S_03,S_03,10,303,delta_p_db,262,262,249,1,262,0,0,0,0,dB,3.2742499915491745,3.3662761572268427,3.4438488925724524,3.506928493235941,3.576085940728624,3.6867008915502364,3.8174192879287845,3.5114246779385696,0.0972578373817196,HYP,1,positive
S_03,S_03,10,303,q_noise,262,262,249,1,262,0,0,0,0,fraction,0.5294833753603785,0.5393488160592879,0.5475038259171312,0.5540286716486482,0.5610740115458877,0.5721122229456268,0.5848001239368509,0.554379159607826,0.009954731850035285,HYP,1,positive
S_03,S_03,10,404,snr_p_db,262,262,249,1,262,0,0,0,0,dB,13.298944725571388,13.371583245766912,13.461953492422435,13.549760300000925,13.613844798324841,13.719730017074092,13.810147133208348,13.541098832944991,0.10250650689732389,HYP,1,positive
S_03,S_03,10,404,delta_p_db,262,262,249,1,262,0,0,0,0,dB,3.298944659134947,3.371583190937366,3.461953431411455,3.5497602361848806,3.61384472681469,3.7197299554831567,3.8101470714289496,3.541098774708865,0.10250650697897822,HYP,1,positive
S_03,S_03,10,404,q_noise,262,262,249,1,262,0,0,0,0,fraction,0.5321514963055325,0.5399115986998005,0.5493865157024318,0.5584055931725675,0.5648737950696872,0.5753545802404058,0.5841039690029453,0.5574011781359525,0.010442110531744299,HYP,1,positive
S_03,S_03,10,505,snr_p_db,262,262,249,1,262,0,0,0,0,dB,13.217608508955996,13.354086186748988,13.460239351258673,13.535245721086422,13.595274694894638,13.680279654999472,13.785967313855982,13.52948528290288,0.10018012422684272,HYP,1,positive
S_03,S_03,10,505,delta_p_db,262,262,249,1,262,0,0,0,0,dB,3.2176084559346796,3.354086115088511,3.4602392858694277,3.5352456637710183,3.5952746358687824,3.680279591296227,3.785967251759504,3.5294852236439502,0.10018012412485974,HYP,1,positive
S_03,S_03,10,505,q_noise,262,262,249,1,262,0,0,0,0,fraction,0.5233069212094238,0.5380543005253465,0.5492084915545232,0.5569273117542244,0.5630092650908228,0.5714792068479145,0.5817817218153905,0.5562213745896217,0.010256374356939227,HYP,1,positive
S_03,S_03,10,8128,snr_p_db,262,262,249,1,262,0,0,0,0,dB,13.265942836979463,13.356797187917897,13.45457093094564,13.523906811341739,13.574541566476075,13.676346979006246,13.846412970573551,13.519500577595888,0.09611732794969961,HYP,1,positive
S_03,S_03,10,8128,delta_p_db,262,262,249,1,262,0,0,0,0,dB,3.2659427815107773,3.3567971254236038,3.4545708697834128,3.5239067691843227,3.574541498354881,3.6763469233635298,3.8464129186076463,3.5195005193898767,0.096117327908265,HYP,1,positive
S_03,S_03,10,8128,q_noise,262,262,249,1,262,0,0,0,0,fraction,0.5285830768164034,0.5383427321725565,0.548619809940107,0.5557686871242005,0.5609179918195332,0.5710909692433386,0.5875621699655489,0.5552095393324558,0.009831313520055328,HYP,1,positive
S_04,S_04,0,101,snr_p_db,262,262,249,1,262,0,0,0,0,dB,2.7770819164526506,2.8776555072361227,2.9539983332471365,3.007406994069434,3.050962880308678,3.1269499947690447,3.236122794694563,3.0059704217921,0.07540024073676586,HYP,1,positive
S_04,S_04,0,101,delta_p_db,262,262,249,1,262,0,0,0,0,dB,2.777081917236482,2.877655506124928,2.9539983380554724,3.007406992136864,3.0509628718912634,3.126949999678246,3.2361228003686424,3.0059704220547174,0.07540024023962107,HYP,1,positive
S_04,S_04,0,101,q_noise,262,262,249,1,262,0,0,0,0,fraction,0.47241614238147217,0.48449363373383053,0.49347633589925094,0.4996670074325946,0.5046597984672578,0.5132513891385118,0.5253345343536411,0.49942652990891306,0.008692443082521501,HYP,1,positive
S_04,S_04,0,202,snr_p_db,262,262,249,1,262,0,0,0,0,dB,2.792184968820031,2.869361020404618,2.9452595238653703,3.0028506682248937,3.05309615771824,3.132851110816979,3.2616072599062704,3.0013985587852283,0.08162250538899575,HYP,1,positive
S_04,S_04,0,202,delta_p_db,262,262,249,1,262,0,0,0,0,dB,2.7921849659695126,2.8693610228388033,2.9452595227308427,3.0028506698988164,3.0530961600094733,3.132851110820561,3.2616072536593075,3.0013985583570912,0.0816225050981984,HYP,1,positive
S_04,S_04,0,202,q_noise,262,262,249,1,262,0,0,0,0,fraction,0.4742477527099222,0.48350791466564047,0.49245590476540035,0.4991427570790312,0.5049032296427051,0.5139125324774758,0.5281119552103081,0.4988864132320265,0.009412144575597008,HYP,1,positive
S_04,S_04,0,303,snr_p_db,262,262,249,1,262,0,0,0,0,dB,2.804737461080161,2.8740821172211546,2.9411652168121982,2.990639879151626,3.043354243155429,3.130948432197889,3.229833523306991,2.993516902480612,0.07831811840836624,HYP,1,positive
S_04,S_04,0,303,delta_p_db,262,262,249,1,262,0,0,0,0,dB,2.8047374537340577,2.8740821229386397,2.9411652179544268,2.9906398827237988,3.0433542459052245,3.1309484410008674,3.2298335301752705,2.9935169023416184,0.07831811872126129,HYP,1,positive
S_04,S_04,0,303,q_noise,262,262,249,1,262,0,0,0,0,fraction,0.4757647418819239,0.48406888178868074,0.4919772418573368,0.4977319255699499,0.503791779100506,0.5136995128340239,0.5246474905193239,0.49798324139573347,0.009033640373132359,HYP,1,positive
S_04,S_04,0,404,snr_p_db,262,262,249,1,262,0,0,0,0,dB,2.8198536513341184,2.881429700006687,2.950506072345057,3.0179588837801594,3.0738485472380206,3.1598851741165697,3.23406359594991,3.015596746420986,0.08345461633736324,HYP,1,positive
S_04,S_04,0,404,delta_p_db,262,262,249,1,262,0,0,0,0,dB,2.8198536463619606,2.881429703769225,2.950506068779414,3.0179588841368936,3.073848530194759,3.1598851685430014,3.2340635894004426,3.0155967466209774,0.08345461697445013,HYP,1,positive
S_04,S_04,0,404,q_noise,262,262,249,1,262,0,0,0,0,fraction,0.47758655434001157,0.48494119501301247,0.49306862675933794,0.5008813745598193,0.5072639406104953,0.516929046984887,0.525109891215985,0.5005180111614945,0.009592785308345286,HYP,1,positive
S_04,S_04,0,505,snr_p_db,262,262,249,1,262,0,0,0,0,dB,2.7481735624535557,2.876321361904235,2.9543011976554943,3.011665034126529,3.0619728464576283,3.128992742458217,3.1997582871974535,3.0083050034973766,0.08018211571934125,HYP,1,positive
S_04,S_04,0,505,delta_p_db,262,262,249,1,262,0,0,0,0,dB,2.7481735683256163,2.8763213625364896,2.954301197356002,3.011665033145663,3.0619728501901715,3.1289927317309028,3.199758283780131,3.0083050035758174,0.08018211618541944,HYP,1,positive
S_04,S_04,0,505,q_noise,262,262,249,1,262,0,0,0,0,fraction,0.4688926213198465,0.48433519465509484,0.493511697861656,0.5001574253956462,0.5059141994142555,0.5134800741035527,0.5213435599344226,0.49968563643274083,0.009251670563412723,HYP,1,positive
S_04,S_04,0,8128,snr_p_db,262,262,249,1,262,0,0,0,0,dB,2.786173408224192,2.874293421575335,2.9506839263137463,3.007571270858312,3.0417416205585264,3.1371125361142846,3.2698771156193516,2.9998790425460986,0.07862379197639238,HYP,1,positive
S_04,S_04,0,8128,delta_p_db,262,262,249,1,262,0,0,0,0,dB,2.786173411583872,2.874293421014955,2.950683919004788,3.007571272049022,3.041741626605414,3.1371125381070755,3.269877111424489,2.999879042952536,0.07862379160270008,HYP,1,positive
S_04,S_04,0,8128,q_noise,262,262,249,1,262,0,0,0,0,fraction,0.4735197233480656,0.48409405934032096,0.49308946571145323,0.4996859912387868,0.5036071684106178,0.514389676826146,0.5290095796415759,0.4987174313416049,0.009065991324202778,HYP,1,positive
S_04,S_04,5,101,snr_p_db,262,262,249,1,262,0,0,0,0,dB,7.77708180447671,7.877655383142798,7.953998223158816,8.007406873903257,8.05096275264892,8.126949882350656,8.236122700088824,8.005970309499396,0.07540024035205686,HYP,1,positive
S_04,S_04,5,101,delta_p_db,262,262,249,1,262,0,0,0,0,dB,2.7770819163555176,2.8776554952781623,2.953998348834754,3.0074069882285177,3.050962859211268,3.1269499922228197,3.236122815532788,3.005970421611186,0.07540023980003374,HYP,1,positive
S_04,S_04,5,101,q_noise,262,262,249,1,262,0,0,0,0,fraction,0.472416142274452,0.4844936324463067,0.4934763371567881,0.4996670069823682,0.5046597970210331,0.5132513883030294,0.5253345360110179,0.4994265298586796,0.008692443030678738,HYP,1,positive
S_04,S_04,5,202,snr_p_db,262,262,249,1,262,0,0,0,0,dB,7.792184856839114,7.869360922497471,7.945259431580306,8.002850558652929,8.05309603768049,8.132850995741174,8.26160713198435,8.001398446614033,0.08162250484200878,HYP,1,positive
S_04,S_04,5,202,delta_p_db,262,262,249,1,262,0,0,0,0,dB,2.792184968513545,2.869361034913072,2.9452595327316007,3.0028506757863083,3.0530961593648565,3.1328511123441283,3.261607242615944,3.0013985582667284,0.08162250423745662,HYP,1,positive
S_04,S_04,5,202,q_noise,262,262,249,1,262,0,0,0,0,fraction,0.4742477530179001,0.4835079161016994,0.4924559059341568,0.49914275775824946,0.5049032295692056,0.513912532647969,0.5281119540103777,0.4988864132234416,0.009412144479182311,HYP,1,positive
S_04,S_04,5,303,snr_p_db,262,262,249,1,262,0,0,0,0,dB,7.804737340759981,7.8740819989365765,7.941165112868161,7.990639762767964,8.043354119549647,8.130948316384178,8.229833429513782,7.993516790862384,0.0783181192349084,HYP,1,positive
S_04,S_04,5,303,delta_p_db,262,262,249,1,262,0,0,0,0,dB,2.8047374489453096,2.8740821246954162,2.9411652252715847,2.990639882467936,3.0433542444812565,3.1309484315431577,3.2298335395490825,2.99351690263636,0.07831811915593795,HYP,1,positive
S_04,S_04,5,303,q_noise,262,262,249,1,262,0,0,0,0,fraction,0.475764741303876,0.48406888199737436,0.49197724271331866,0.49773192554038836,0.5037917789377759,0.5136995117750289,0.5246474915453248,0.4979832414288993,0.009033640423191762,HYP,1,positive
S_04,S_04,5,404,snr_p_db,262,262,249,1,262,0,0,0,0,dB,7.8198535314994775,7.881429600410217,7.950505962246805,8.017958775529927,8.073848425058006,8.159885062969638,8.23406349555815,8.015596633068784,0.08345461712795547,HYP,1,positive
S_04,S_04,5,404,delta_p_db,262,262,249,1,262,0,0,0,0,dB,2.81985364653061,2.88142970906358,2.95050607273905,3.017958879325782,3.07384852462853,3.159885168800683,3.23406359817556,3.0155967455902823,0.08345461674595384,HYP,1,positive
S_04,S_04,5,404,q_noise,262,262,249,1,262,0,0,0,0,fraction,0.47758655436029834,0.48494119564091454,0.4930686272215375,0.5008813740067974,0.5072639399790172,0.5169290470135336,0.525109892175522,0.500518011043475,0.009592785281572576,HYP,1,positive
S_04,S_04,5,505,snr_p_db,262,262,249,1,262,0,0,0,0,dB,7.748173458483887,7.876321247732268,7.954301086415796,8.011664917639564,8.061972742436085,8.128992630149973,8.199758184451362,8.008304891429972,0.08018211653944254,HYP,1,positive
S_04,S_04,5,505,delta_p_db,262,262,249,1,262,0,0,0,0,dB,2.748173569316857,2.876321357680921,2.9543011966130495,3.011665028203239,3.0619728526515204,3.1289927402026794,3.1997582932582147,3.0083050032778074,0.08018211653132123,HYP,1,positive
S_04,S_04,5,505,q_noise,262,262,249,1,262,0,0,0,0,fraction,0.4688926214410673,0.48433519407855236,0.493511697775022,0.5001574248268115,0.505914199694278,0.5134800750525689,0.5213435609790469,0.49968563639767105,0.009251670604767767,HYP,1,positive
S_04,S_04,5,8128,snr_p_db,262,262,249,1,262,0,0,0,0,dB,7.786173324468031,7.87429332483565,7.95068379939173,8.00757115315739,8.041741523417258,8.137112425555705,8.269876993806351,7.999878931146317,0.07862379042971884,HYP,1,positive
S_04,S_04,5,8128,delta_p_db,262,262,249,1,262,0,0,0,0,dB,2.7861734275998886,2.874293429215392,2.9506839120192314,3.007571269771787,3.0417416385113043,3.1371125410481886,3.2698771082558844,2.999879043387068,0.0786237911378971,HYP,1,positive
S_04,S_04,5,8128,q_noise,262,262,249,1,262,0,0,0,0,fraction,0.47351972528963215,0.4840940603145112,0.49308946489610983,0.4996859909763297,0.5036071697713723,0.5143896771549773,0.5290095792979421,0.4987174313927244,0.009065991270091509,HYP,1,positive
S_04,S_04,10,101,snr_p_db,262,262,249,1,262,0,0,0,0,dB,12.777081988003644,12.877655559474135,12.953998403927002,13.00740706895039,13.050962908588227,13.12695004385042,13.236122855773772,13.005970479302086,0.0754002393624489,HYP,1,positive
S_04,S_04,10,101,delta_p_db,262,262,249,1,262,0,0,0,0,dB,2.7770819135762483,2.8776555064436558,2.9539983488684682,3.0074070109873787,3.0509628561595554,3.126949995247825,3.236122796701721,3.005970421213898,0.07540023952999642,HYP,1,positive
S_04,S_04,10,101,q_noise,262,262,249,1,262,0,0,0,0,fraction,0.4724161419368244,0.48449363377163557,0.4934763371604216,0.49966700960429966,0.5046597966729627,0.5132513886419521,0.525334533952862,0.4994265298134037,0.008692443004167655,HYP,1,positive
S_04,S_04,10,202,snr_p_db,262,262,249,1,262,0,0,0,0,dB,12.792185030431945,12.869361079898574,12.945259603389173,13.002850733005712,13.053096229533082,13.132851162824341,13.261607317309629,13.001398617714662,0.08162250373279824,HYP,1,positive
S_04,S_04,10,202,delta_p_db,262,262,249,1,262,0,0,0,0,dB,2.7921849663316562,2.869361023424093,2.945259537119873,3.002850670565562,3.0530961732355815,3.1328511023564865,3.26160724517148,3.0013985589395777,0.08162250451694994,HYP,1,positive
S_04,S_04,10,202,q_noise,262,262,249,1,262,0,0,0,0,fraction,0.4742477527537629,0.48350791473517163,0.4924559064469893,0.4991427571561848,0.5049032311503545,0.5139125315301615,0.5281119542880527,0.4988864133004671,0.009412144511273665,HYP,1,positive
S_04,S_04,10,303,snr_p_db,262,262,249,1,262,0,0,0,0,dB,12.804737533435098,12.874082188711691,12.94116528179969,12.99063993742979,13.043354274956387,13.130948480400047,13.229833576245529,12.99351695912147,0.0783181191091151,HYP,1,positive
S_04,S_04,10,303,delta_p_db,262,262,249,1,262,0,0,0,0,dB,2.8047374618628593,2.8740821370755514,2.941165217244193,2.9906398826021596,3.0433542364030215,3.1309484318478042,3.2298335237795066,2.9935169018379506,0.07831811947523966,HYP,1,positive
S_04,S_04,10,303,q_noise,262,262,249,1,262,0,0,0,0,fraction,0.47576474286314857,0.48406888346820465,0.4919772417742321,0.49773192555589607,0.5037917780147967,0.5136995118091474,0.5246474898192822,0.49798324133594907,0.009033640461249643,HYP,1,positive
S_04,S_04,10,404,snr_p_db,262,262,249,1,262,0,0,0,0,dB,12.819853717220987,12.881429752106481,12.950506132236283,13.017958951666152,13.073848611119104,13.159885230414176,13.2340636563801,13.015596805298454,0.08345461744182261,HYP,1,positive
S_04,S_04,10,404,delta_p_db,262,262,249,1,262,0,0,0,0,dB,2.8198536540878227,2.881429698582723,2.950506080072655,3.017958893608194,3.073848534271012,3.1598851712512985,3.234063598246815,3.0155967470864273,0.08345461751358195,HYP,1,positive
S_04,S_04,10,404,q_noise,262,262,249,1,262,0,0,0,0,fraction,0.4775865552693565,0.48494119439791333,0.4930686280775573,0.5008813756482808,0.5072639410729468,0.5169290472861678,0.5251098921833135,0.5005180112138414,0.00959278536902887,HYP,1,positive
S_04,S_04,10,505,snr_p_db,262,262,249,1,262,0,0,0,0,dB,12.74817361174377,12.876321437541606,12.95430124724923,13.011665103535321,13.06197291744052,13.128992813904208,13.19975835858336,13.00830506319534,0.08018211653337026,HYP,1,positive
S_04,S_04,10,505,delta_p_db,262,262,249,1,262,0,0,0,0,dB,2.7481735659935964,2.8763213712426023,2.9543011941112653,3.011665033170975,3.061972858256106,3.128992743836823,3.1997582902190396,3.0083050036072736,0.08018211650724028,HYP,1,positive
S_04,S_04,10,505,q_noise,262,262,249,1,262,0,0,0,0,fraction,0.46889262103465906,0.48433519568885963,0.4935116974832519,0.5001574253985652,0.5059142003318337,0.5134800754597098,0.5213435606440852,0.4996856364356964,0.009251670598161888,HYP,1,positive
S_04,S_04,10,8128,snr_p_db,262,262,249,1,262,0,0,0,0,dB,12.786173471276516,12.874293493270397,12.950683987677102,13.00757133094371,13.04174168075609,13.137112610643666,13.269877164497776,12.999879102629052,0.0786237910052044,HYP,1,positive
S_04,S_04,10,8128,delta_p_db,262,262,249,1,262,0,0,0,0,dB,2.786173421062868,2.8742934351165985,2.950683917406745,3.007571272503521,3.0417416272421125,3.1371125380744913,3.2698771039082697,2.999879044055252,0.07862379135789492,HYP,1,positive
S_04,S_04,10,8128,q_noise,262,262,249,1,262,0,0,0,0,fraction,0.47351972449717167,0.48409406101551755,0.4930894655249377,0.4996859912908642,0.5036071684833034,0.5143896768223586,0.5290095788264453,0.498717431469394,0.009065991293690037,HYP,1,positive
