source_prediction_id,prediction_path,model,train_seed,case_id,prediction_case_id,worker_report,run_fingerprint,source_sha256,n_aligned_records,input_verified,checkpoint_verified,absolute_macro_auroc_error
e4be91965cfcb2a30b9f2971d722bba562597f137f2e74f0c3cb246e6a702530,methodology_supplement/results/predictions/full/resnet/seed_17/standard__n101__electrode__snr0.npz,resnet,17,E__snr_0__noise_101,standard__n101__electrode__snr0,methodology_supplement/results/logs/full/inference_resnet_1.json,8c34291679df86ee9005f5ec8dae8741de853475e1f2870299ee2226b8bb3c51,71d6ecf41388929ce16b6bdc71dda3c8519feac3aa4fb04538d7bf7b1d42fbc2,2158,True,True,1.1102230246251565e-16
5a0ae714ffe945896bf40bbfc75a258c7ed6135325040bd27358acdd94b2b527,methodology_supplement/results/predictions/full/resnet/seed_17/standard__n202__electrode__snr0.npz,resnet,17,E__snr_0__noise_202,standard__n202__electrode__snr0,methodology_supplement/results/logs/full/inference_resnet_1.json,8c34291679df86ee9005f5ec8dae8741de853475e1f2870299ee2226b8bb3c51,71d6ecf41388929ce16b6bdc71dda3c8519feac3aa4fb04538d7bf7b1d42fbc2,2158,True,True,0.0
f01c8de20b42636c3926d928e0e0ac8e282095d4402f46eb6e196a2ec98de86e,methodology_supplement/results/predictions/full/resnet/seed_17/standard__n303__electrode__snr0.npz,resnet,17,E__snr_0__noise_303,standard__n303__electrode__snr0,methodology_supplement/results/logs/full/inference_resnet_1.json,8c34291679df86ee9005f5ec8dae8741de853475e1f2870299ee2226b8bb3c51,71d6ecf41388929ce16b6bdc71dda3c8519feac3aa4fb04538d7bf7b1d42fbc2,2158,True,True,0.0
13ecd8476d3021aefbeb1b4a5447d520b1339b99b4465bb3bc98f42bce49bad5,methodology_supplement/results/predictions/full/resnet/seed_17/standard__n404__electrode__snr0.npz,resnet,17,E__snr_0__noise_404,standard__n404__electrode__snr0,methodology_supplement/results/logs/full/inference_resnet_1.json,8c34291679df86ee9005f5ec8dae8741de853475e1f2870299ee2226b8bb3c51,71d6ecf41388929ce16b6bdc71dda3c8519feac3aa4fb04538d7bf7b1d42fbc2,2158,True,True,0.0
f2ac80c0b1611384c7dc48f287ffcccf0a0b26f41a0c265a852e82c1142e71d3,methodology_supplement/results/predictions/full/resnet/seed_17/standard__n505__electrode__snr0.npz,resnet,17,E__snr_0__noise_505,standard__n505__electrode__snr0,methodology_supplement/results/logs/full/inference_resnet_1.json,8c34291679df86ee9005f5ec8dae8741de853475e1f2870299ee2226b8bb3c51,71d6ecf41388929ce16b6bdc71dda3c8519feac3aa4fb04538d7bf7b1d42fbc2,2158,True,True,0.0
4979fdb0a07d7abeda7d5534c4a9959f6b5743c95ec8f6cac7cfeba04fee92e2,methodology_supplement/results/predictions/full/resnet/seed_17/standard__n8128__electrode__snr0.npz,resnet,17,E__snr_0__noise_8128,standard__n8128__electrode__snr0,methodology_supplement/results/logs/full/inference_resnet_1.json,8c34291679df86ee9005f5ec8dae8741de853475e1f2870299ee2226b8bb3c51,71d6ecf41388929ce16b6bdc71dda3c8519feac3aa4fb04538d7bf7b1d42fbc2,2158,True,True,0.0
c440664ee314ec752ac7229cee85915998bc97bf2ad37a09b645bbf1ee6b7db3,methodology_supplement/results/predictions/full/resnet/seed_17/standard__n101__electrode__snr10.npz,resnet,17,E__snr_10__noise_101,standard__n101__electrode__snr10,methodology_supplement/results/logs/full/inference_resnet_0.json,8c34291679df86ee9005f5ec8dae8741de853475e1f2870299ee2226b8bb3c51,71d6ecf41388929ce16b6bdc71dda3c8519feac3aa4fb04538d7bf7b1d42fbc2,2158,True,True,0.0
bad4ff9052b75e87e847cea908c19b7f70b2296a4a20b2611f9cb6bc77abfe03,methodology_supplement/results/predictions/full/resnet/seed_17/standard__n202__electrode__snr10.npz,resnet,17,E__snr_10__noise_202,standard__n202__electrode__snr10,methodology_supplement/results/logs/full/inference_resnet_0.json,8c34291679df86ee9005f5ec8dae8741de853475e1f2870299ee2226b8bb3c51,71d6ecf41388929ce16b6bdc71dda3c8519feac3aa4fb04538d7bf7b1d42fbc2,2158,True,True,1.1102230246251565e-16
5756f174b7f1e4069d1610e8cfaefccbc7de565a5480cd1810ad0be34ddacbeb,methodology_supplement/results/predictions/full/resnet/seed_17/standard__n303__electrode__snr10.npz,resnet,17,E__snr_10__noise_303,standard__n303__electrode__snr10,methodology_supplement/results/logs/full/inference_resnet_0.json,8c34291679df86ee9005f5ec8dae8741de853475e1f2870299ee2226b8bb3c51,71d6ecf41388929ce16b6bdc71dda3c8519feac3aa4fb04538d7bf7b1d42fbc2,2158,True,True,1.1102230246251565e-16
6ff063ed929aab6be0f30fc52491c232ac7dbd17744989cd5dfc63430f4ad33d,methodology_supplement/results/predictions/full/resnet/seed_17/standard__n404__electrode__snr10.npz,resnet,17,E__snr_10__noise_404,standard__n404__electrode__snr10,methodology_supplement/results/logs/full/inference_resnet_0.json,8c34291679df86ee9005f5ec8dae8741de853475e1f2870299ee2226b8bb3c51,71d6ecf41388929ce16b6bdc71dda3c8519feac3aa4fb04538d7bf7b1d42fbc2,2158,True,True,1.1102230246251565e-16
2a88b1b8946740829575540d1c8a4cf5ac26ee9deaef86086599a4f6b49fdf72,methodology_supplement/results/predictions/full/resnet/seed_17/standard__n505__electrode__snr10.npz,resnet,17,E__snr_10__noise_505,standard__n505__electrode__snr10,methodology_supplement/results/logs/full/inference_resnet_0.json,8c34291679df86ee9005f5ec8dae8741de853475e1f2870299ee2226b8bb3c51,71d6ecf41388929ce16b6bdc71dda3c8519feac3aa4fb04538d7bf7b1d42fbc2,2158,True,True,0.0
bafea07e2c7e79562cdebed2f34953d653853610fc40466c77390d3e26ca3b57,methodology_supplement/results/predictions/full/resnet/seed_17/standard__n8128__electrode__snr10.npz,resnet,17,E__snr_10__noise_8128,standard__n8128__electrode__snr10,methodology_supplement/results/logs/full/inference_resnet_0.json,8c34291679df86ee9005f5ec8dae8741de853475e1f2870299ee2226b8bb3c51,71d6ecf41388929ce16b6bdc71dda3c8519feac3aa4fb04538d7bf7b1d42fbc2,2158,True,True,2.220446049250313e-16
117f76ef961995fc0cd6f38b829bfb1fc1d944f44a2574229070e3893ce2fbd4,methodology_supplement/results/predictions/full/resnet/seed_17/standard__n101__electrode__snr5.npz,resnet,17,E__snr_5__noise_101,standard__n101__electrode__snr5,methodology_supplement/results/logs/full/inference_resnet_1.json,8c34291679df86ee9005f5ec8dae8741de853475e1f2870299ee2226b8bb3c51,71d6ecf41388929ce16b6bdc71dda3c8519feac3aa4fb04538d7bf7b1d42fbc2,2158,True,True,0.0
2e012fdacaf1205ec6f2249d082c40084bf4901147935b514a8c365adeced0d0,methodology_supplement/results/predictions/full/resnet/seed_17/standard__n202__electrode__snr5.npz,resnet,17,E__snr_5__noise_202,standard__n202__electrode__snr5,methodology_supplement/results/logs/full/inference_resnet_1.json,8c34291679df86ee9005f5ec8dae8741de853475e1f2870299ee2226b8bb3c51,71d6ecf41388929ce16b6bdc71dda3c8519feac3aa4fb04538d7bf7b1d42fbc2,2158,True,True,0.0
fdef5a8bcf144726adbb268ed69ff5680d2e83db69bc6bcc8b7a091885d99f4e,methodology_supplement/results/predictions/full/resnet/seed_17/standard__n303__electrode__snr5.npz,resnet,17,E__snr_5__noise_303,standard__n303__electrode__snr5,methodology_supplement/results/logs/full/inference_resnet_1.json,8c34291679df86ee9005f5ec8dae8741de853475e1f2870299ee2226b8bb3c51,71d6ecf41388929ce16b6bdc71dda3c8519feac3aa4fb04538d7bf7b1d42fbc2,2158,True,True,2.220446049250313e-16
172ab8415a64dd03ddf424e6fc3f15cfcbfd2141af1365b5fd9968a999b70dec,methodology_supplement/results/predictions/full/resnet/seed_17/standard__n404__electrode__snr5.npz,resnet,17,E__snr_5__noise_404,standard__n404__electrode__snr5,methodology_supplement/results/logs/full/inference_resnet_1.json,8c34291679df86ee9005f5ec8dae8741de853475e1f2870299ee2226b8bb3c51,71d6ecf41388929ce16b6bdc71dda3c8519feac3aa4fb04538d7bf7b1d42fbc2,2158,True,True,0.0
ab663973e3a8c2cd2474fc1f807e9a8c2fa15bbe89f136ca2c753e33f3c3e566,methodology_supplement/results/predictions/full/resnet/seed_17/standard__n505__electrode__snr5.npz,resnet,17,E__snr_5__noise_505,standard__n505__electrode__snr5,methodology_supplement/results/logs/full/inference_resnet_1.json,8c34291679df86ee9005f5ec8dae8741de853475e1f2870299ee2226b8bb3c51,71d6ecf41388929ce16b6bdc71dda3c8519feac3aa4fb04538d7bf7b1d42fbc2,2158,True,True,1.1102230246251565e-16
05746ccc650273665c33a6bbf32781c6d0f39f765c5be08942d1c57f4f312442,methodology_supplement/results/predictions/full/resnet/seed_17/standard__n8128__electrode__snr5.npz,resnet,17,E__snr_5__noise_8128,standard__n8128__electrode__snr5,methodology_supplement/results/logs/full/inference_resnet_1.json,8c34291679df86ee9005f5ec8dae8741de853475e1f2870299ee2226b8bb3c51,71d6ecf41388929ce16b6bdc71dda3c8519feac3aa4fb04538d7bf7b1d42fbc2,2158,True,True,1.1102230246251565e-16
d7612e4d24ce1bff32d7269c0408801e1b4d2f7fc4d47840bbbd5d8a1aae5479,methodology_supplement/results/predictions/full/resnet/seed_17/standard__n101__independent_rms__snr0.npz,resnet,17,I__snr_0__noise_101,standard__n101__independent_rms__snr0,methodology_supplement/results/logs/full/inference_resnet_0.json,8c34291679df86ee9005f5ec8dae8741de853475e1f2870299ee2226b8bb3c51,71d6ecf41388929ce16b6bdc71dda3c8519feac3aa4fb04538d7bf7b1d42fbc2,2158,True,True,0.0
8d3fcdb6b704bf7548f72c9d4ba1ed17a3d49629ce28eec8e72cc1997ba54321,methodology_supplement/results/predictions/full/resnet/seed_17/standard__n202__independent_rms__snr0.npz,resnet,17,I__snr_0__noise_202,standard__n202__independent_rms__snr0,methodology_supplement/results/logs/full/inference_resnet_0.json,8c34291679df86ee9005f5ec8dae8741de853475e1f2870299ee2226b8bb3c51,71d6ecf41388929ce16b6bdc71dda3c8519feac3aa4fb04538d7bf7b1d42fbc2,2158,True,True,0.0
d1731968871be2af5dfe05fba52ae729172e683270c0a331a27f3c05f01a8ec8,methodology_supplement/results/predictions/full/resnet/seed_17/standard__n303__independent_rms__snr0.npz,resnet,17,I__snr_0__noise_303,standard__n303__independent_rms__snr0,methodology_supplement/results/logs/full/inference_resnet_0.json,8c34291679df86ee9005f5ec8dae8741de853475e1f2870299ee2226b8bb3c51,71d6ecf41388929ce16b6bdc71dda3c8519feac3aa4fb04538d7bf7b1d42fbc2,2158,True,True,0.0
d054e0e0ac4cc8702c9f99e228a0b33bb00e4e5f010bde6966a4abf86c937c74,methodology_supplement/results/predictions/full/resnet/seed_17/standard__n404__independent_rms__snr0.npz,resnet,17,I__snr_0__noise_404,standard__n404__independent_rms__snr0,methodology_supplement/results/logs/full/inference_resnet_0.json,8c34291679df86ee9005f5ec8dae8741de853475e1f2870299ee2226b8bb3c51,71d6ecf41388929ce16b6bdc71dda3c8519feac3aa4fb04538d7bf7b1d42fbc2,2158,True,True,0.0
0114255e06f86143075131ed4b605db06d4722aca6f8f14aa7a0d25a1bb563cc,methodology_supplement/results/predictions/full/resnet/seed_17/standard__n505__independent_rms__snr0.npz,resnet,17,I__snr_0__noise_505,standard__n505__independent_rms__snr0,methodology_supplement/results/logs/full/inference_resnet_0.json,8c34291679df86ee9005f5ec8dae8741de853475e1f2870299ee2226b8bb3c51,71d6ecf41388929ce16b6bdc71dda3c8519feac3aa4fb04538d7bf7b1d42fbc2,2158,True,True,0.0
b1b1f5695c3ce0059445292031a5d1931956476fb5780b17d7658c1ef624d226,methodology_supplement/results/predictions/full/resnet/seed_17/standard__n8128__independent_rms__snr0.npz,resnet,17,I__snr_0__noise_8128,standard__n8128__independent_rms__snr0,methodology_supplement/results/logs/full/inference_resnet_0.json,8c34291679df86ee9005f5ec8dae8741de853475e1f2870299ee2226b8bb3c51,71d6ecf41388929ce16b6bdc71dda3c8519feac3aa4fb04538d7bf7b1d42fbc2,2158,True,True,0.0
b33b58fd1b1c56ecdd4411753e328e5832f948612e90cd2299868aa301eb612b,methodology_supplement/results/predictions/full/resnet/seed_17/standard__n101__independent_rms__snr10.npz,resnet,17,I__snr_10__noise_101,standard__n101__independent_rms__snr10,methodology_supplement/results/logs/full/inference_resnet_1.json,8c34291679df86ee9005f5ec8dae8741de853475e1f2870299ee2226b8bb3c51,71d6ecf41388929ce16b6bdc71dda3c8519feac3aa4fb04538d7bf7b1d42fbc2,2158,True,True,0.0
2c9386c3616805510597b3ae53f6234abeb9aaba3b57ef35bafdec21a71b1554,methodology_supplement/results/predictions/full/resnet/seed_17/standard__n202__independent_rms__snr10.npz,resnet,17,I__snr_10__noise_202,standard__n202__independent_rms__snr10,methodology_supplement/results/logs/full/inference_resnet_1.json,8c34291679df86ee9005f5ec8dae8741de853475e1f2870299ee2226b8bb3c51,71d6ecf41388929ce16b6bdc71dda3c8519feac3aa4fb04538d7bf7b1d42fbc2,2158,True,True,1.1102230246251565e-16
67807627852f51ed31ed259764639358fd6cb79a1fa7f0e2079110f920fc8b64,methodology_supplement/results/predictions/full/resnet/seed_17/standard__n303__independent_rms__snr10.npz,resnet,17,I__snr_10__noise_303,standard__n303__independent_rms__snr10,methodology_supplement/results/logs/full/inference_resnet_1.json,8c34291679df86ee9005f5ec8dae8741de853475e1f2870299ee2226b8bb3c51,71d6ecf41388929ce16b6bdc71dda3c8519feac3aa4fb04538d7bf7b1d42fbc2,2158,True,True,0.0
6454308dd83729d73072d4c59f6b1a6e80d93aee4b54288560fdb4928336c67b,methodology_supplement/results/predictions/full/resnet/seed_17/standard__n404__independent_rms__snr10.npz,resnet,17,I__snr_10__noise_404,standard__n404__independent_rms__snr10,methodology_supplement/results/logs/full/inference_resnet_1.json,8c34291679df86ee9005f5ec8dae8741de853475e1f2870299ee2226b8bb3c51,71d6ecf41388929ce16b6bdc71dda3c8519feac3aa4fb04538d7bf7b1d42fbc2,2158,True,True,0.0
db7380ac884dfe5f8f3be4ab1bcfb16e91a6af4130902d7d97fc794549caecea,methodology_supplement/results/predictions/full/resnet/seed_17/standard__n505__independent_rms__snr10.npz,resnet,17,I__snr_10__noise_505,standard__n505__independent_rms__snr10,methodology_supplement/results/logs/full/inference_resnet_1.json,8c34291679df86ee9005f5ec8dae8741de853475e1f2870299ee2226b8bb3c51,71d6ecf41388929ce16b6bdc71dda3c8519feac3aa4fb04538d7bf7b1d42fbc2,2158,True,True,0.0
1502fec77e02b01ed6eecba48a6b3cd74992cdd7ff2418cb05989488fa56d79e,methodology_supplement/results/predictions/full/resnet/seed_17/standard__n8128__independent_rms__snr10.npz,resnet,17,I__snr_10__noise_8128,standard__n8128__independent_rms__snr10,methodology_supplement/results/logs/full/inference_resnet_1.json,8c34291679df86ee9005f5ec8dae8741de853475e1f2870299ee2226b8bb3c51,71d6ecf41388929ce16b6bdc71dda3c8519feac3aa4fb04538d7bf7b1d42fbc2,2158,True,True,0.0
e7af1b47638d2ab3e001bc9e7e0255c3062f198835a30edecee9f586ebedc213,methodology_supplement/results/predictions/full/resnet/seed_17/standard__n101__independent_rms__snr5.npz,resnet,17,I__snr_5__noise_101,standard__n101__independent_rms__snr5,methodology_supplement/results/logs/full/inference_resnet_0.json,8c34291679df86ee9005f5ec8dae8741de853475e1f2870299ee2226b8bb3c51,71d6ecf41388929ce16b6bdc71dda3c8519feac3aa4fb04538d7bf7b1d42fbc2,2158,True,True,0.0
dc75e2dfcd994d631a33fd117a0ea63f6247e8b202016b2fb27d1d4c9981b775,methodology_supplement/results/predictions/full/resnet/seed_17/standard__n202__independent_rms__snr5.npz,resnet,17,I__snr_5__noise_202,standard__n202__independent_rms__snr5,methodology_supplement/results/logs/full/inference_resnet_0.json,8c34291679df86ee9005f5ec8dae8741de853475e1f2870299ee2226b8bb3c51,71d6ecf41388929ce16b6bdc71dda3c8519feac3aa4fb04538d7bf7b1d42fbc2,2158,True,True,0.0
68a51a70d74a74ad7103b1eca928a2e47fa457b7892ea84a470ec9e2419209a2,methodology_supplement/results/predictions/full/resnet/seed_17/standard__n303__independent_rms__snr5.npz,resnet,17,I__snr_5__noise_303,standard__n303__independent_rms__snr5,methodology_supplement/results/logs/full/inference_resnet_0.json,8c34291679df86ee9005f5ec8dae8741de853475e1f2870299ee2226b8bb3c51,71d6ecf41388929ce16b6bdc71dda3c8519feac3aa4fb04538d7bf7b1d42fbc2,2158,True,True,0.0
0ace9efeee441c210e5183ebb8b230e3e59529e722cc6ab78680eb8f0328341b,methodology_supplement/results/predictions/full/resnet/seed_17/standard__n404__independent_rms__snr5.npz,resnet,17,I__snr_5__noise_404,standard__n404__independent_rms__snr5,methodology_supplement/results/logs/full/inference_resnet_0.json,8c34291679df86ee9005f5ec8dae8741de853475e1f2870299ee2226b8bb3c51,71d6ecf41388929ce16b6bdc71dda3c8519feac3aa4fb04538d7bf7b1d42fbc2,2158,True,True,0.0
c3e209b128293975b380e9099c323ea78820338f13dcd26a4bb1cdd6d8206dcf,methodology_supplement/results/predictions/full/resnet/seed_17/standard__n505__independent_rms__snr5.npz,resnet,17,I__snr_5__noise_505,standard__n505__independent_rms__snr5,methodology_supplement/results/logs/full/inference_resnet_0.json,8c34291679df86ee9005f5ec8dae8741de853475e1f2870299ee2226b8bb3c51,71d6ecf41388929ce16b6bdc71dda3c8519feac3aa4fb04538d7bf7b1d42fbc2,2158,True,True,0.0
88c859630002e3f60c9dd61c69deaa077f4b94cf2ac92bca06ac9a8f3adbd89c,methodology_supplement/results/predictions/full/resnet/seed_17/standard__n8128__independent_rms__snr5.npz,resnet,17,I__snr_5__noise_8128,standard__n8128__independent_rms__snr5,methodology_supplement/results/logs/full/inference_resnet_0.json,8c34291679df86ee9005f5ec8dae8741de853475e1f2870299ee2226b8bb3c51,71d6ecf41388929ce16b6bdc71dda3c8519feac3aa4fb04538d7bf7b1d42fbc2,2158,True,True,0.0
5b20d5c37d78f1821809ac1c39740a992bb29f52d475c986d52f7923a39d933f,signed_control_mechanism/predictions/full/worker_resnet_1/seed_17/S_00__snr_0__noise_101.npz,resnet,17,S_00__snr_0__noise_101,S_00__snr_0__noise_101,signed_control_mechanism/logs/full/inference_resnet_1.json,2746ae398fabc06e8e68c8d364eaa8fd331fdf8a6c82453f8d3f0e51d1b7d4a2,abf399d3e32dab7d6f1f035847ff1d5676bf0915004a2f30f4d46dc024f402cc,2158,True,True,1.1102230246251565e-16
eb651bcda7f1d296e96a6e58ea110223aa583c60b6e5ad5d43da8a2c5edcb57a,signed_control_mechanism/predictions/full/worker_resnet_0/seed_17/S_00__snr_0__noise_202.npz,resnet,17,S_00__snr_0__noise_202,S_00__snr_0__noise_202,signed_control_mechanism/logs/full/inference_resnet_0.json,e7fc21827ebcb86bdf4701a9b0812f98850a2c7667b905856b06ab8e88678d78,abf399d3e32dab7d6f1f035847ff1d5676bf0915004a2f30f4d46dc024f402cc,2158,True,True,0.0
19c6b9d9da40757cd406a9b5f6f2ecb7e8eeacd7665fea0f3c0f022eefc7eb3e,signed_control_mechanism/predictions/full/worker_resnet_1/seed_17/S_00__snr_0__noise_303.npz,resnet,17,S_00__snr_0__noise_303,S_00__snr_0__noise_303,signed_control_mechanism/logs/full/inference_resnet_1.json,2746ae398fabc06e8e68c8d364eaa8fd331fdf8a6c82453f8d3f0e51d1b7d4a2,abf399d3e32dab7d6f1f035847ff1d5676bf0915004a2f30f4d46dc024f402cc,2158,True,True,0.0
bcab7d05f5fa3aec50417790c4c926437fb9a0e31fb304f04b2cd71b4dfd44ee,signed_control_mechanism/predictions/full/worker_resnet_0/seed_17/S_00__snr_0__noise_404.npz,resnet,17,S_00__snr_0__noise_404,S_00__snr_0__noise_404,signed_control_mechanism/logs/full/inference_resnet_0.json,e7fc21827ebcb86bdf4701a9b0812f98850a2c7667b905856b06ab8e88678d78,abf399d3e32dab7d6f1f035847ff1d5676bf0915004a2f30f4d46dc024f402cc,2158,True,True,0.0
3cdc34dfd8007bf48d4cb1dc9a27332a96cb5d6da2e25dc064dcf8002906164c,signed_control_mechanism/predictions/full/worker_resnet_1/seed_17/S_00__snr_0__noise_505.npz,resnet,17,S_00__snr_0__noise_505,S_00__snr_0__noise_505,signed_control_mechanism/logs/full/inference_resnet_1.json,2746ae398fabc06e8e68c8d364eaa8fd331fdf8a6c82453f8d3f0e51d1b7d4a2,abf399d3e32dab7d6f1f035847ff1d5676bf0915004a2f30f4d46dc024f402cc,2158,True,True,0.0
b81e5d7939c144360ee682b1bfdb69456b63108a8a6b41ff0acf3dcc6c2409b9,signed_control_mechanism/predictions/full/worker_resnet_0/seed_17/S_00__snr_0__noise_8128.npz,resnet,17,S_00__snr_0__noise_8128,S_00__snr_0__noise_8128,signed_control_mechanism/logs/full/inference_resnet_0.json,e7fc21827ebcb86bdf4701a9b0812f98850a2c7667b905856b06ab8e88678d78,abf399d3e32dab7d6f1f035847ff1d5676bf0915004a2f30f4d46dc024f402cc,2158,True,True,0.0
376bb5c3b7a5d6d0bc01552eaf65c32e364f0696668be6cc5152bafdf2722e11,signed_control_mechanism/predictions/full/worker_resnet_1/seed_17/S_00__snr_10__noise_101.npz,resnet,17,S_00__snr_10__noise_101,S_00__snr_10__noise_101,signed_control_mechanism/logs/full/inference_resnet_1.json,2746ae398fabc06e8e68c8d364eaa8fd331fdf8a6c82453f8d3f0e51d1b7d4a2,abf399d3e32dab7d6f1f035847ff1d5676bf0915004a2f30f4d46dc024f402cc,2158,True,True,0.0
d3b18d33756d9b577eb55280ab8868e27f57332685f18c31b0d8786f7f0b34e6,signed_control_mechanism/predictions/full/worker_resnet_0/seed_17/S_00__snr_10__noise_202.npz,resnet,17,S_00__snr_10__noise_202,S_00__snr_10__noise_202,signed_control_mechanism/logs/full/inference_resnet_0.json,e7fc21827ebcb86bdf4701a9b0812f98850a2c7667b905856b06ab8e88678d78,abf399d3e32dab7d6f1f035847ff1d5676bf0915004a2f30f4d46dc024f402cc,2158,True,True,0.0
c630ba00e92a77444e08420f692468dca66cff524b93993efdf0d558064d54f3,signed_control_mechanism/predictions/full/worker_resnet_1/seed_17/S_00__snr_10__noise_303.npz,resnet,17,S_00__snr_10__noise_303,S_00__snr_10__noise_303,signed_control_mechanism/logs/full/inference_resnet_1.json,2746ae398fabc06e8e68c8d364eaa8fd331fdf8a6c82453f8d3f0e51d1b7d4a2,abf399d3e32dab7d6f1f035847ff1d5676bf0915004a2f30f4d46dc024f402cc,2158,True,True,0.0
a816723a41506e56f65a7ceaafeb99e2109f2895e607f6fd4cf5fbe1b9441152,signed_control_mechanism/predictions/full/worker_resnet_0/seed_17/S_00__snr_10__noise_404.npz,resnet,17,S_00__snr_10__noise_404,S_00__snr_10__noise_404,signed_control_mechanism/logs/full/inference_resnet_0.json,e7fc21827ebcb86bdf4701a9b0812f98850a2c7667b905856b06ab8e88678d78,abf399d3e32dab7d6f1f035847ff1d5676bf0915004a2f30f4d46dc024f402cc,2158,True,True,0.0
2313f8549c447ddfdb9f19c013acc252d1f52d11fd0c737251968a2c68528120,signed_control_mechanism/predictions/full/worker_resnet_1/seed_17/S_00__snr_10__noise_505.npz,resnet,17,S_00__snr_10__noise_505,S_00__snr_10__noise_505,signed_control_mechanism/logs/full/inference_resnet_1.json,2746ae398fabc06e8e68c8d364eaa8fd331fdf8a6c82453f8d3f0e51d1b7d4a2,abf399d3e32dab7d6f1f035847ff1d5676bf0915004a2f30f4d46dc024f402cc,2158,True,True,0.0
cc60cebc01fd8de17213a5a78eb7cef7b330038e9a85859c3999ff12a6771a37,signed_control_mechanism/predictions/full/worker_resnet_0/seed_17/S_00__snr_10__noise_8128.npz,resnet,17,S_00__snr_10__noise_8128,S_00__snr_10__noise_8128,signed_control_mechanism/logs/full/inference_resnet_0.json,e7fc21827ebcb86bdf4701a9b0812f98850a2c7667b905856b06ab8e88678d78,abf399d3e32dab7d6f1f035847ff1d5676bf0915004a2f30f4d46dc024f402cc,2158,True,True,0.0
efcc371dc403cc063439f3d1f61b686dcc30bfea3199955b13944af9afd8aac3,signed_control_mechanism/predictions/full/worker_resnet_1/seed_17/S_00__snr_5__noise_101.npz,resnet,17,S_00__snr_5__noise_101,S_00__snr_5__noise_101,signed_control_mechanism/logs/full/inference_resnet_1.json,2746ae398fabc06e8e68c8d364eaa8fd331fdf8a6c82453f8d3f0e51d1b7d4a2,abf399d3e32dab7d6f1f035847ff1d5676bf0915004a2f30f4d46dc024f402cc,2158,True,True,1.1102230246251565e-16
92256c0e68036dc5d5839ca755d929ca97a8453073e5efe44e822da160a531e5,signed_control_mechanism/predictions/full/worker_resnet_0/seed_17/S_00__snr_5__noise_202.npz,resnet,17,S_00__snr_5__noise_202,S_00__snr_5__noise_202,signed_control_mechanism/logs/full/inference_resnet_0.json,e7fc21827ebcb86bdf4701a9b0812f98850a2c7667b905856b06ab8e88678d78,abf399d3e32dab7d6f1f035847ff1d5676bf0915004a2f30f4d46dc024f402cc,2158,True,True,1.1102230246251565e-16
453dbac08dbc2536ca4bc312ac150c5082826d5e353b5e4d54b8263f13ddacd6,signed_control_mechanism/predictions/full/worker_resnet_1/seed_17/S_00__snr_5__noise_303.npz,resnet,17,S_00__snr_5__noise_303,S_00__snr_5__noise_303,signed_control_mechanism/logs/full/inference_resnet_1.json,2746ae398fabc06e8e68c8d364eaa8fd331fdf8a6c82453f8d3f0e51d1b7d4a2,abf399d3e32dab7d6f1f035847ff1d5676bf0915004a2f30f4d46dc024f402cc,2158,True,True,1.1102230246251565e-16
f4c3919dfcea3879beb7078c5bc26d50c4065a34467230b45ba6ec616067f17a,signed_control_mechanism/predictions/full/worker_resnet_0/seed_17/S_00__snr_5__noise_404.npz,resnet,17,S_00__snr_5__noise_404,S_00__snr_5__noise_404,signed_control_mechanism/logs/full/inference_resnet_0.json,e7fc21827ebcb86bdf4701a9b0812f98850a2c7667b905856b06ab8e88678d78,abf399d3e32dab7d6f1f035847ff1d5676bf0915004a2f30f4d46dc024f402cc,2158,True,True,2.220446049250313e-16
a470c0d4f26b1eaf8e4fe304502b92cd2b2621773098b600c58d242804de1b5f,signed_control_mechanism/predictions/full/worker_resnet_1/seed_17/S_00__snr_5__noise_505.npz,resnet,17,S_00__snr_5__noise_505,S_00__snr_5__noise_505,signed_control_mechanism/logs/full/inference_resnet_1.json,2746ae398fabc06e8e68c8d364eaa8fd331fdf8a6c82453f8d3f0e51d1b7d4a2,abf399d3e32dab7d6f1f035847ff1d5676bf0915004a2f30f4d46dc024f402cc,2158,True,True,0.0
5d03dd7c00a04b9907609cc1251daad249394516d02c911ccdcfd283b2b93695,signed_control_mechanism/predictions/full/worker_resnet_0/seed_17/S_00__snr_5__noise_8128.npz,resnet,17,S_00__snr_5__noise_8128,S_00__snr_5__noise_8128,signed_control_mechanism/logs/full/inference_resnet_0.json,e7fc21827ebcb86bdf4701a9b0812f98850a2c7667b905856b06ab8e88678d78,abf399d3e32dab7d6f1f035847ff1d5676bf0915004a2f30f4d46dc024f402cc,2158,True,True,0.0
89d97020de0bd4174a9536e4dd80773ffec32eefca20c4d3686e59cb0c04a206,signed_control_mechanism/predictions/full/worker_resnet_0/seed_17/S_01__snr_0__noise_101.npz,resnet,17,S_01__snr_0__noise_101,S_01__snr_0__noise_101,signed_control_mechanism/logs/full/inference_resnet_0.json,e7fc21827ebcb86bdf4701a9b0812f98850a2c7667b905856b06ab8e88678d78,abf399d3e32dab7d6f1f035847ff1d5676bf0915004a2f30f4d46dc024f402cc,2158,True,True,2.220446049250313e-16
1a71f1dc1a55fdec9dce3d68e21e02a73d3dc29c08b0cf737f6a30dd07347e49,signed_control_mechanism/predictions/full/worker_resnet_1/seed_17/S_01__snr_0__noise_202.npz,resnet,17,S_01__snr_0__noise_202,S_01__snr_0__noise_202,signed_control_mechanism/logs/full/inference_resnet_1.json,2746ae398fabc06e8e68c8d364eaa8fd331fdf8a6c82453f8d3f0e51d1b7d4a2,abf399d3e32dab7d6f1f035847ff1d5676bf0915004a2f30f4d46dc024f402cc,2158,True,True,0.0
6ffc43ee4ecb3d0ea147d44f0eeb44f2dbdba5c727c005f30722eb8960405300,signed_control_mechanism/predictions/full/worker_resnet_0/seed_17/S_01__snr_0__noise_303.npz,resnet,17,S_01__snr_0__noise_303,S_01__snr_0__noise_303,signed_control_mechanism/logs/full/inference_resnet_0.json,e7fc21827ebcb86bdf4701a9b0812f98850a2c7667b905856b06ab8e88678d78,abf399d3e32dab7d6f1f035847ff1d5676bf0915004a2f30f4d46dc024f402cc,2158,True,True,1.1102230246251565e-16
5d2521e8d6f58f854b97d18fe513682e7a5652319c3fad27d67938e1053f4696,signed_control_mechanism/predictions/full/worker_resnet_1/seed_17/S_01__snr_0__noise_404.npz,resnet,17,S_01__snr_0__noise_404,S_01__snr_0__noise_404,signed_control_mechanism/logs/full/inference_resnet_1.json,2746ae398fabc06e8e68c8d364eaa8fd331fdf8a6c82453f8d3f0e51d1b7d4a2,abf399d3e32dab7d6f1f035847ff1d5676bf0915004a2f30f4d46dc024f402cc,2158,True,True,0.0
9701f355109bcc4531ae5163d9d47b6ea0d334f5e2125a6814087ab270bd9083,signed_control_mechanism/predictions/full/worker_resnet_0/seed_17/S_01__snr_0__noise_505.npz,resnet,17,S_01__snr_0__noise_505,S_01__snr_0__noise_505,signed_control_mechanism/logs/full/inference_resnet_0.json,e7fc21827ebcb86bdf4701a9b0812f98850a2c7667b905856b06ab8e88678d78,abf399d3e32dab7d6f1f035847ff1d5676bf0915004a2f30f4d46dc024f402cc,2158,True,True,0.0
93a2535610c4efd39cd80cd5d6a017206ed7df19771ed85384753f834cbd4372,signed_control_mechanism/predictions/full/worker_resnet_1/seed_17/S_01__snr_0__noise_8128.npz,resnet,17,S_01__snr_0__noise_8128,S_01__snr_0__noise_8128,signed_control_mechanism/logs/full/inference_resnet_1.json,2746ae398fabc06e8e68c8d364eaa8fd331fdf8a6c82453f8d3f0e51d1b7d4a2,abf399d3e32dab7d6f1f035847ff1d5676bf0915004a2f30f4d46dc024f402cc,2158,True,True,0.0
c5a8cba703420fe1ab2547ff6f7d5bc58b714c42e7081b354e8cd4e3d189ae86,signed_control_mechanism/predictions/full/worker_resnet_0/seed_17/S_01__snr_10__noise_101.npz,resnet,17,S_01__snr_10__noise_101,S_01__snr_10__noise_101,signed_control_mechanism/logs/full/inference_resnet_0.json,e7fc21827ebcb86bdf4701a9b0812f98850a2c7667b905856b06ab8e88678d78,abf399d3e32dab7d6f1f035847ff1d5676bf0915004a2f30f4d46dc024f402cc,2158,True,True,0.0
f365ff98bf651e89e34b3e245f5a8b7ab8faaf1c8cfa4a285edf4f8c8e6f56ba,signed_control_mechanism/predictions/full/worker_resnet_1/seed_17/S_01__snr_10__noise_202.npz,resnet,17,S_01__snr_10__noise_202,S_01__snr_10__noise_202,signed_control_mechanism/logs/full/inference_resnet_1.json,2746ae398fabc06e8e68c8d364eaa8fd331fdf8a6c82453f8d3f0e51d1b7d4a2,abf399d3e32dab7d6f1f035847ff1d5676bf0915004a2f30f4d46dc024f402cc,2158,True,True,0.0
1ab03a1766daf933fa04596f5447df65bac95081f69924bb8a13353a945bf02e,signed_control_mechanism/predictions/full/worker_resnet_0/seed_17/S_01__snr_10__noise_303.npz,resnet,17,S_01__snr_10__noise_303,S_01__snr_10__noise_303,signed_control_mechanism/logs/full/inference_resnet_0.json,e7fc21827ebcb86bdf4701a9b0812f98850a2c7667b905856b06ab8e88678d78,abf399d3e32dab7d6f1f035847ff1d5676bf0915004a2f30f4d46dc024f402cc,2158,True,True,0.0
5d5cd116ae02623a2e4f6bc6932724f5d21e6a35f57033fc9917219aba9bbed0,signed_control_mechanism/predictions/full/worker_resnet_1/seed_17/S_01__snr_10__noise_404.npz,resnet,17,S_01__snr_10__noise_404,S_01__snr_10__noise_404,signed_control_mechanism/logs/full/inference_resnet_1.json,2746ae398fabc06e8e68c8d364eaa8fd331fdf8a6c82453f8d3f0e51d1b7d4a2,abf399d3e32dab7d6f1f035847ff1d5676bf0915004a2f30f4d46dc024f402cc,2158,True,True,1.1102230246251565e-16
b141db8c4a29d11659e7c0790ef6ae5af28b18b2593b01a46dc35a04619cbe12,signed_control_mechanism/predictions/full/worker_resnet_0/seed_17/S_01__snr_10__noise_505.npz,resnet,17,S_01__snr_10__noise_505,S_01__snr_10__noise_505,signed_control_mechanism/logs/full/inference_resnet_0.json,e7fc21827ebcb86bdf4701a9b0812f98850a2c7667b905856b06ab8e88678d78,abf399d3e32dab7d6f1f035847ff1d5676bf0915004a2f30f4d46dc024f402cc,2158,True,True,1.1102230246251565e-16
b2f541932d4b9a20ff4044fceae0f0aa3affa06beaa942f3fbdea5e53146a760,signed_control_mechanism/predictions/full/worker_resnet_1/seed_17/S_01__snr_10__noise_8128.npz,resnet,17,S_01__snr_10__noise_8128,S_01__snr_10__noise_8128,signed_control_mechanism/logs/full/inference_resnet_1.json,2746ae398fabc06e8e68c8d364eaa8fd331fdf8a6c82453f8d3f0e51d1b7d4a2,abf399d3e32dab7d6f1f035847ff1d5676bf0915004a2f30f4d46dc024f402cc,2158,True,True,0.0
dc35413a2b9cf617adfc6ecb25b489d4ecb75aa98b9ffa910b8d35870d9fbf13,signed_control_mechanism/predictions/full/worker_resnet_0/seed_17/S_01__snr_5__noise_101.npz,resnet,17,S_01__snr_5__noise_101,S_01__snr_5__noise_101,signed_control_mechanism/logs/full/inference_resnet_0.json,e7fc21827ebcb86bdf4701a9b0812f98850a2c7667b905856b06ab8e88678d78,abf399d3e32dab7d6f1f035847ff1d5676bf0915004a2f30f4d46dc024f402cc,2158,True,True,0.0
2cf8f176444fe24972a04a291f8c9a27c1a302f8e18c6a9e6e7eeeee0d53afa7,signed_control_mechanism/predictions/full/worker_resnet_1/seed_17/S_01__snr_5__noise_202.npz,resnet,17,S_01__snr_5__noise_202,S_01__snr_5__noise_202,signed_control_mechanism/logs/full/inference_resnet_1.json,2746ae398fabc06e8e68c8d364eaa8fd331fdf8a6c82453f8d3f0e51d1b7d4a2,abf399d3e32dab7d6f1f035847ff1d5676bf0915004a2f30f4d46dc024f402cc,2158,True,True,2.220446049250313e-16
690511c4f7ef77544108bad152bd335e0c7b7a5df720dd70c1b8043547c5bf3c,signed_control_mechanism/predictions/full/worker_resnet_0/seed_17/S_01__snr_5__noise_303.npz,resnet,17,S_01__snr_5__noise_303,S_01__snr_5__noise_303,signed_control_mechanism/logs/full/inference_resnet_0.json,e7fc21827ebcb86bdf4701a9b0812f98850a2c7667b905856b06ab8e88678d78,abf399d3e32dab7d6f1f035847ff1d5676bf0915004a2f30f4d46dc024f402cc,2158,True,True,0.0
11dcf683bdbbe9e754f97f3dad54fbf401af16ffcd05d868a1894ce62ad8e2c3,signed_control_mechanism/predictions/full/worker_resnet_1/seed_17/S_01__snr_5__noise_404.npz,resnet,17,S_01__snr_5__noise_404,S_01__snr_5__noise_404,signed_control_mechanism/logs/full/inference_resnet_1.json,2746ae398fabc06e8e68c8d364eaa8fd331fdf8a6c82453f8d3f0e51d1b7d4a2,abf399d3e32dab7d6f1f035847ff1d5676bf0915004a2f30f4d46dc024f402cc,2158,True,True,0.0
85f09ee8b5674ad15ae95d6485420817a72464cd4646071d4d15d74da93bd3e3,signed_control_mechanism/predictions/full/worker_resnet_0/seed_17/S_01__snr_5__noise_505.npz,resnet,17,S_01__snr_5__noise_505,S_01__snr_5__noise_505,signed_control_mechanism/logs/full/inference_resnet_0.json,e7fc21827ebcb86bdf4701a9b0812f98850a2c7667b905856b06ab8e88678d78,abf399d3e32dab7d6f1f035847ff1d5676bf0915004a2f30f4d46dc024f402cc,2158,True,True,0.0
220f9784f8dcedcf602eae304f5827f2afdbf7f8d1525ec506fa2ce408caf707,signed_control_mechanism/predictions/full/worker_resnet_1/seed_17/S_01__snr_5__noise_8128.npz,resnet,17,S_01__snr_5__noise_8128,S_01__snr_5__noise_8128,signed_control_mechanism/logs/full/inference_resnet_1.json,2746ae398fabc06e8e68c8d364eaa8fd331fdf8a6c82453f8d3f0e51d1b7d4a2,abf399d3e32dab7d6f1f035847ff1d5676bf0915004a2f30f4d46dc024f402cc,2158,True,True,0.0
d431e8ac9f4897f4848dda7d403bcbd1e748ef654b6fd7b95795c25c97ca4479,signed_control_mechanism/predictions/full/worker_resnet_1/seed_17/S_02__snr_0__noise_101.npz,resnet,17,S_02__snr_0__noise_101,S_02__snr_0__noise_101,signed_control_mechanism/logs/full/inference_resnet_1.json,2746ae398fabc06e8e68c8d364eaa8fd331fdf8a6c82453f8d3f0e51d1b7d4a2,abf399d3e32dab7d6f1f035847ff1d5676bf0915004a2f30f4d46dc024f402cc,2158,True,True,0.0
ac88fc9b01d613fcd12c0eae7e102534c07aaca8063fa8dd7f5c4a1f9dc4fedd,signed_control_mechanism/predictions/full/worker_resnet_0/seed_17/S_02__snr_0__noise_202.npz,resnet,17,S_02__snr_0__noise_202,S_02__snr_0__noise_202,signed_control_mechanism/logs/full/inference_resnet_0.json,e7fc21827ebcb86bdf4701a9b0812f98850a2c7667b905856b06ab8e88678d78,abf399d3e32dab7d6f1f035847ff1d5676bf0915004a2f30f4d46dc024f402cc,2158,True,True,0.0
3a3b55572673f0e403c5682369de27835ec47339874ca34e09d60ba31d2316fc,signed_control_mechanism/predictions/full/worker_resnet_1/seed_17/S_02__snr_0__noise_303.npz,resnet,17,S_02__snr_0__noise_303,S_02__snr_0__noise_303,signed_control_mechanism/logs/full/inference_resnet_1.json,2746ae398fabc06e8e68c8d364eaa8fd331fdf8a6c82453f8d3f0e51d1b7d4a2,abf399d3e32dab7d6f1f035847ff1d5676bf0915004a2f30f4d46dc024f402cc,2158,True,True,0.0
3ecf0499e2ef865bca95d90c8bd322b8cbb833f87c9a3458244813df81d370a0,signed_control_mechanism/predictions/full/worker_resnet_0/seed_17/S_02__snr_0__noise_404.npz,resnet,17,S_02__snr_0__noise_404,S_02__snr_0__noise_404,signed_control_mechanism/logs/full/inference_resnet_0.json,e7fc21827ebcb86bdf4701a9b0812f98850a2c7667b905856b06ab8e88678d78,abf399d3e32dab7d6f1f035847ff1d5676bf0915004a2f30f4d46dc024f402cc,2158,True,True,0.0
683cca81471f69fbdc6ae54a0f51d7486d5506a691641cb7a595730a3037fa22,signed_control_mechanism/predictions/full/worker_resnet_1/seed_17/S_02__snr_0__noise_505.npz,resnet,17,S_02__snr_0__noise_505,S_02__snr_0__noise_505,signed_control_mechanism/logs/full/inference_resnet_1.json,2746ae398fabc06e8e68c8d364eaa8fd331fdf8a6c82453f8d3f0e51d1b7d4a2,abf399d3e32dab7d6f1f035847ff1d5676bf0915004a2f30f4d46dc024f402cc,2158,True,True,2.220446049250313e-16
cd6850d7e7d14eae76a2962ba657be1fb425b0eef1f14c9410af8a9cf95f566f,signed_control_mechanism/predictions/full/worker_resnet_0/seed_17/S_02__snr_0__noise_8128.npz,resnet,17,S_02__snr_0__noise_8128,S_02__snr_0__noise_8128,signed_control_mechanism/logs/full/inference_resnet_0.json,e7fc21827ebcb86bdf4701a9b0812f98850a2c7667b905856b06ab8e88678d78,abf399d3e32dab7d6f1f035847ff1d5676bf0915004a2f30f4d46dc024f402cc,2158,True,True,0.0
69935cc1e204adb9688e36e259bf252ba3e9b6ce5dadda7acef6cdf15c65b3fc,signed_control_mechanism/predictions/full/worker_resnet_1/seed_17/S_02__snr_10__noise_101.npz,resnet,17,S_02__snr_10__noise_101,S_02__snr_10__noise_101,signed_control_mechanism/logs/full/inference_resnet_1.json,2746ae398fabc06e8e68c8d364eaa8fd331fdf8a6c82453f8d3f0e51d1b7d4a2,abf399d3e32dab7d6f1f035847ff1d5676bf0915004a2f30f4d46dc024f402cc,2158,True,True,0.0
584c0e7249940c227f50c9f731e9ee60e450c566095948a99aef2c5c812ed425,signed_control_mechanism/predictions/full/worker_resnet_0/seed_17/S_02__snr_10__noise_202.npz,resnet,17,S_02__snr_10__noise_202,S_02__snr_10__noise_202,signed_control_mechanism/logs/full/inference_resnet_0.json,e7fc21827ebcb86bdf4701a9b0812f98850a2c7667b905856b06ab8e88678d78,abf399d3e32dab7d6f1f035847ff1d5676bf0915004a2f30f4d46dc024f402cc,2158,True,True,2.220446049250313e-16
222eba894a40f861bf3e47f659e53844749dcde1ce36ff549149d4faef7dee7f,signed_control_mechanism/predictions/full/worker_resnet_1/seed_17/S_02__snr_10__noise_303.npz,resnet,17,S_02__snr_10__noise_303,S_02__snr_10__noise_303,signed_control_mechanism/logs/full/inference_resnet_1.json,2746ae398fabc06e8e68c8d364eaa8fd331fdf8a6c82453f8d3f0e51d1b7d4a2,abf399d3e32dab7d6f1f035847ff1d5676bf0915004a2f30f4d46dc024f402cc,2158,True,True,2.220446049250313e-16
b4eeeb46393e26c602c742d9b075c6bb213deb474af17e9270e556a40dbc8b8a,signed_control_mechanism/predictions/full/worker_resnet_0/seed_17/S_02__snr_10__noise_404.npz,resnet,17,S_02__snr_10__noise_404,S_02__snr_10__noise_404,signed_control_mechanism/logs/full/inference_resnet_0.json,e7fc21827ebcb86bdf4701a9b0812f98850a2c7667b905856b06ab8e88678d78,abf399d3e32dab7d6f1f035847ff1d5676bf0915004a2f30f4d46dc024f402cc,2158,True,True,0.0
189cf583a78b1875c9b175156076805afb8d1346dc13c541b3d6928c2b715ab5,signed_control_mechanism/predictions/full/worker_resnet_1/seed_17/S_02__snr_10__noise_505.npz,resnet,17,S_02__snr_10__noise_505,S_02__snr_10__noise_505,signed_control_mechanism/logs/full/inference_resnet_1.json,2746ae398fabc06e8e68c8d364eaa8fd331fdf8a6c82453f8d3f0e51d1b7d4a2,abf399d3e32dab7d6f1f035847ff1d5676bf0915004a2f30f4d46dc024f402cc,2158,True,True,0.0
adb424fbce78cb8c570c04dc338e48a82bfab4384d3c08480eb57c7a1c442bbc,signed_control_mechanism/predictions/full/worker_resnet_0/seed_17/S_02__snr_10__noise_8128.npz,resnet,17,S_02__snr_10__noise_8128,S_02__snr_10__noise_8128,signed_control_mechanism/logs/full/inference_resnet_0.json,e7fc21827ebcb86bdf4701a9b0812f98850a2c7667b905856b06ab8e88678d78,abf399d3e32dab7d6f1f035847ff1d5676bf0915004a2f30f4d46dc024f402cc,2158,True,True,0.0
826df8133830ac2bc26bafffa053a577a4acc71c8746826f61f1fa817091d689,signed_control_mechanism/predictions/full/worker_resnet_1/seed_17/S_02__snr_5__noise_101.npz,resnet,17,S_02__snr_5__noise_101,S_02__snr_5__noise_101,signed_control_mechanism/logs/full/inference_resnet_1.json,2746ae398fabc06e8e68c8d364eaa8fd331fdf8a6c82453f8d3f0e51d1b7d4a2,abf399d3e32dab7d6f1f035847ff1d5676bf0915004a2f30f4d46dc024f402cc,2158,True,True,0.0
8d5984b31c0222e225dea43f7ae2d422f728e099e0b27347b1930cfea0727ada,signed_control_mechanism/predictions/full/worker_resnet_0/seed_17/S_02__snr_5__noise_202.npz,resnet,17,S_02__snr_5__noise_202,S_02__snr_5__noise_202,signed_control_mechanism/logs/full/inference_resnet_0.json,e7fc21827ebcb86bdf4701a9b0812f98850a2c7667b905856b06ab8e88678d78,abf399d3e32dab7d6f1f035847ff1d5676bf0915004a2f30f4d46dc024f402cc,2158,True,True,0.0
8941d22cfab43293ff81b721db220f82354a4a1743eaf903025a144e6239d211,signed_control_mechanism/predictions/full/worker_resnet_1/seed_17/S_02__snr_5__noise_303.npz,resnet,17,S_02__snr_5__noise_303,S_02__snr_5__noise_303,signed_control_mechanism/logs/full/inference_resnet_1.json,2746ae398fabc06e8e68c8d364eaa8fd331fdf8a6c82453f8d3f0e51d1b7d4a2,abf399d3e32dab7d6f1f035847ff1d5676bf0915004a2f30f4d46dc024f402cc,2158,True,True,0.0
fb129ce67907dcb668ddd2968d63a8c43c362fae0d74532cdfce8f368c8a0eb8,signed_control_mechanism/predictions/full/worker_resnet_0/seed_17/S_02__snr_5__noise_404.npz,resnet,17,S_02__snr_5__noise_404,S_02__snr_5__noise_404,signed_control_mechanism/logs/full/inference_resnet_0.json,e7fc21827ebcb86bdf4701a9b0812f98850a2c7667b905856b06ab8e88678d78,abf399d3e32dab7d6f1f035847ff1d5676bf0915004a2f30f4d46dc024f402cc,2158,True,True,0.0
6d9042f583e11d3eaebeeff26c70c70304a9463cac0ae58bdd7458f784054f10,signed_control_mechanism/predictions/full/worker_resnet_1/seed_17/S_02__snr_5__noise_505.npz,resnet,17,S_02__snr_5__noise_505,S_02__snr_5__noise_505,signed_control_mechanism/logs/full/inference_resnet_1.json,2746ae398fabc06e8e68c8d364eaa8fd331fdf8a6c82453f8d3f0e51d1b7d4a2,abf399d3e32dab7d6f1f035847ff1d5676bf0915004a2f30f4d46dc024f402cc,2158,True,True,1.1102230246251565e-16
c97fcce87a23949fdfc9259990f7b1bc7764f67d182471852a1faac227fc3fa9,signed_control_mechanism/predictions/full/worker_resnet_0/seed_17/S_02__snr_5__noise_8128.npz,resnet,17,S_02__snr_5__noise_8128,S_02__snr_5__noise_8128,signed_control_mechanism/logs/full/inference_resnet_0.json,e7fc21827ebcb86bdf4701a9b0812f98850a2c7667b905856b06ab8e88678d78,abf399d3e32dab7d6f1f035847ff1d5676bf0915004a2f30f4d46dc024f402cc,2158,True,True,2.220446049250313e-16
5de8fc1fd94d745cf83a04b5f0f69d34a317ff95e39209d7ffd312c8ca57553c,signed_control_mechanism/predictions/full/worker_resnet_0/seed_17/S_03__snr_0__noise_101.npz,resnet,17,S_03__snr_0__noise_101,S_03__snr_0__noise_101,signed_control_mechanism/logs/full/inference_resnet_0.json,e7fc21827ebcb86bdf4701a9b0812f98850a2c7667b905856b06ab8e88678d78,abf399d3e32dab7d6f1f035847ff1d5676bf0915004a2f30f4d46dc024f402cc,2158,True,True,0.0
2708811ae7116e10ca2372cb487f6e4b19aca09d0472d976c1c16872866e95f6,signed_control_mechanism/predictions/full/worker_resnet_1/seed_17/S_03__snr_0__noise_202.npz,resnet,17,S_03__snr_0__noise_202,S_03__snr_0__noise_202,signed_control_mechanism/logs/full/inference_resnet_1.json,2746ae398fabc06e8e68c8d364eaa8fd331fdf8a6c82453f8d3f0e51d1b7d4a2,abf399d3e32dab7d6f1f035847ff1d5676bf0915004a2f30f4d46dc024f402cc,2158,True,True,0.0
7cd92d47b96bd773b2f1acf1ede800140e9026562234146cc127853e688da013,signed_control_mechanism/predictions/full/worker_resnet_0/seed_17/S_03__snr_0__noise_303.npz,resnet,17,S_03__snr_0__noise_303,S_03__snr_0__noise_303,signed_control_mechanism/logs/full/inference_resnet_0.json,e7fc21827ebcb86bdf4701a9b0812f98850a2c7667b905856b06ab8e88678d78,abf399d3e32dab7d6f1f035847ff1d5676bf0915004a2f30f4d46dc024f402cc,2158,True,True,0.0
77df87f82c600f25b33cad79110f71164a132ccd8158eba03e4bd6957138343d,signed_control_mechanism/predictions/full/worker_resnet_1/seed_17/S_03__snr_0__noise_404.npz,resnet,17,S_03__snr_0__noise_404,S_03__snr_0__noise_404,signed_control_mechanism/logs/full/inference_resnet_1.json,2746ae398fabc06e8e68c8d364eaa8fd331fdf8a6c82453f8d3f0e51d1b7d4a2,abf399d3e32dab7d6f1f035847ff1d5676bf0915004a2f30f4d46dc024f402cc,2158,True,True,0.0
70eb4b00a7be99b5359ff4975e29bd742f74489f225fba0f49957ee5238dedfd,signed_control_mechanism/predictions/full/worker_resnet_0/seed_17/S_03__snr_0__noise_505.npz,resnet,17,S_03__snr_0__noise_505,S_03__snr_0__noise_505,signed_control_mechanism/logs/full/inference_resnet_0.json,e7fc21827ebcb86bdf4701a9b0812f98850a2c7667b905856b06ab8e88678d78,abf399d3e32dab7d6f1f035847ff1d5676bf0915004a2f30f4d46dc024f402cc,2158,True,True,2.220446049250313e-16
677d7b1a03c67fc647a0e21270d953f3704ac0cf7d15965792ee7a2c797d045a,signed_control_mechanism/predictions/full/worker_resnet_1/seed_17/S_03__snr_0__noise_8128.npz,resnet,17,S_03__snr_0__noise_8128,S_03__snr_0__noise_8128,signed_control_mechanism/logs/full/inference_resnet_1.json,2746ae398fabc06e8e68c8d364eaa8fd331fdf8a6c82453f8d3f0e51d1b7d4a2,abf399d3e32dab7d6f1f035847ff1d5676bf0915004a2f30f4d46dc024f402cc,2158,True,True,1.1102230246251565e-16
7879f400d3ed15471373af30a966edb337d3ddc81ea4e5528f685891807737ff,signed_control_mechanism/predictions/full/worker_resnet_0/seed_17/S_03__snr_10__noise_101.npz,resnet,17,S_03__snr_10__noise_101,S_03__snr_10__noise_101,signed_control_mechanism/logs/full/inference_resnet_0.json,e7fc21827ebcb86bdf4701a9b0812f98850a2c7667b905856b06ab8e88678d78,abf399d3e32dab7d6f1f035847ff1d5676bf0915004a2f30f4d46dc024f402cc,2158,True,True,0.0
c7fc85c574a7040a5bd89b66c4d8004cac4ab7e75a1b320425c77d0644fda8b7,signed_control_mechanism/predictions/full/worker_resnet_1/seed_17/S_03__snr_10__noise_202.npz,resnet,17,S_03__snr_10__noise_202,S_03__snr_10__noise_202,signed_control_mechanism/logs/full/inference_resnet_1.json,2746ae398fabc06e8e68c8d364eaa8fd331fdf8a6c82453f8d3f0e51d1b7d4a2,abf399d3e32dab7d6f1f035847ff1d5676bf0915004a2f30f4d46dc024f402cc,2158,True,True,0.0
76bd4e6fd28e72a7d597b901dfeef637e9dede856ea68d9a8d95713902865a3f,signed_control_mechanism/predictions/full/worker_resnet_0/seed_17/S_03__snr_10__noise_303.npz,resnet,17,S_03__snr_10__noise_303,S_03__snr_10__noise_303,signed_control_mechanism/logs/full/inference_resnet_0.json,e7fc21827ebcb86bdf4701a9b0812f98850a2c7667b905856b06ab8e88678d78,abf399d3e32dab7d6f1f035847ff1d5676bf0915004a2f30f4d46dc024f402cc,2158,True,True,0.0
6a47cd46da04e2b35e079958b317ca78f0fd2071692aa591e4205410c981a374,signed_control_mechanism/predictions/full/worker_resnet_1/seed_17/S_03__snr_10__noise_404.npz,resnet,17,S_03__snr_10__noise_404,S_03__snr_10__noise_404,signed_control_mechanism/logs/full/inference_resnet_1.json,2746ae398fabc06e8e68c8d364eaa8fd331fdf8a6c82453f8d3f0e51d1b7d4a2,abf399d3e32dab7d6f1f035847ff1d5676bf0915004a2f30f4d46dc024f402cc,2158,True,True,0.0
9c2ae2dcf4536dd1701b68e5cf852bb447d2745147610b320238ac277ed2a4f1,signed_control_mechanism/predictions/full/worker_resnet_0/seed_17/S_03__snr_10__noise_505.npz,resnet,17,S_03__snr_10__noise_505,S_03__snr_10__noise_505,signed_control_mechanism/logs/full/inference_resnet_0.json,e7fc21827ebcb86bdf4701a9b0812f98850a2c7667b905856b06ab8e88678d78,abf399d3e32dab7d6f1f035847ff1d5676bf0915004a2f30f4d46dc024f402cc,2158,True,True,0.0
4c28fa48adda42ca5c86afddbe91dbae5e183547d2c0c8a8089cf7bd580b6642,signed_control_mechanism/predictions/full/worker_resnet_1/seed_17/S_03__snr_10__noise_8128.npz,resnet,17,S_03__snr_10__noise_8128,S_03__snr_10__noise_8128,signed_control_mechanism/logs/full/inference_resnet_1.json,2746ae398fabc06e8e68c8d364eaa8fd331fdf8a6c82453f8d3f0e51d1b7d4a2,abf399d3e32dab7d6f1f035847ff1d5676bf0915004a2f30f4d46dc024f402cc,2158,True,True,2.220446049250313e-16
0dffd15e2ad041f8d5ed824497e2756f57c4f78569e5b721fcf2809416c759f7,signed_control_mechanism/predictions/full/worker_resnet_0/seed_17/S_03__snr_5__noise_101.npz,resnet,17,S_03__snr_5__noise_101,S_03__snr_5__noise_101,signed_control_mechanism/logs/full/inference_resnet_0.json,e7fc21827ebcb86bdf4701a9b0812f98850a2c7667b905856b06ab8e88678d78,abf399d3e32dab7d6f1f035847ff1d5676bf0915004a2f30f4d46dc024f402cc,2158,True,True,0.0
3448d76b68e328b91f2822c4e86880cbcd3bf2cc0dcd051b7e2b4f56bebe28bd,signed_control_mechanism/predictions/full/worker_resnet_1/seed_17/S_03__snr_5__noise_202.npz,resnet,17,S_03__snr_5__noise_202,S_03__snr_5__noise_202,signed_control_mechanism/logs/full/inference_resnet_1.json,2746ae398fabc06e8e68c8d364eaa8fd331fdf8a6c82453f8d3f0e51d1b7d4a2,abf399d3e32dab7d6f1f035847ff1d5676bf0915004a2f30f4d46dc024f402cc,2158,True,True,0.0
1140a3af2c934a0a2189ee23c01f0a4eb1d4e93390740c05d887c2d0f6e7b873,signed_control_mechanism/predictions/full/worker_resnet_0/seed_17/S_03__snr_5__noise_303.npz,resnet,17,S_03__snr_5__noise_303,S_03__snr_5__noise_303,signed_control_mechanism/logs/full/inference_resnet_0.json,e7fc21827ebcb86bdf4701a9b0812f98850a2c7667b905856b06ab8e88678d78,abf399d3e32dab7d6f1f035847ff1d5676bf0915004a2f30f4d46dc024f402cc,2158,True,True,1.1102230246251565e-16
6bc17f3039c8449b1e18449fb633dafe59213ed4e94e259729ab40ed07425a4e,signed_control_mechanism/predictions/full/worker_resnet_1/seed_17/S_03__snr_5__noise_404.npz,resnet,17,S_03__snr_5__noise_404,S_03__snr_5__noise_404,signed_control_mechanism/logs/full/inference_resnet_1.json,2746ae398fabc06e8e68c8d364eaa8fd331fdf8a6c82453f8d3f0e51d1b7d4a2,abf399d3e32dab7d6f1f035847ff1d5676bf0915004a2f30f4d46dc024f402cc,2158,True,True,1.1102230246251565e-16
2f8d69b213dcc45bdb0ebc266db0fa6f546e12923615dd107166900510b55c40,signed_control_mechanism/predictions/full/worker_resnet_0/seed_17/S_03__snr_5__noise_505.npz,resnet,17,S_03__snr_5__noise_505,S_03__snr_5__noise_505,signed_control_mechanism/logs/full/inference_resnet_0.json,e7fc21827ebcb86bdf4701a9b0812f98850a2c7667b905856b06ab8e88678d78,abf399d3e32dab7d6f1f035847ff1d5676bf0915004a2f30f4d46dc024f402cc,2158,True,True,0.0
c90a1cc48055959d32d4964e4cbdcd4571d8303d2a59281fb382263e16d91ab8,signed_control_mechanism/predictions/full/worker_resnet_1/seed_17/S_03__snr_5__noise_8128.npz,resnet,17,S_03__snr_5__noise_8128,S_03__snr_5__noise_8128,signed_control_mechanism/logs/full/inference_resnet_1.json,2746ae398fabc06e8e68c8d364eaa8fd331fdf8a6c82453f8d3f0e51d1b7d4a2,abf399d3e32dab7d6f1f035847ff1d5676bf0915004a2f30f4d46dc024f402cc,2158,True,True,0.0
b5d0aefbe8f442ddbb855401d0377c5d6e093a4e12b2ae1237a96098f7ab5616,signed_control_mechanism/predictions/full/worker_resnet_1/seed_17/S_04__snr_0__noise_101.npz,resnet,17,S_04__snr_0__noise_101,S_04__snr_0__noise_101,signed_control_mechanism/logs/full/inference_resnet_1.json,2746ae398fabc06e8e68c8d364eaa8fd331fdf8a6c82453f8d3f0e51d1b7d4a2,abf399d3e32dab7d6f1f035847ff1d5676bf0915004a2f30f4d46dc024f402cc,2158,True,True,2.220446049250313e-16
fdb9aba868d3e1b9d581f4b224d999b255770e1182bf19d14eaa352357694465,signed_control_mechanism/predictions/full/worker_resnet_0/seed_17/S_04__snr_0__noise_202.npz,resnet,17,S_04__snr_0__noise_202,S_04__snr_0__noise_202,signed_control_mechanism/logs/full/inference_resnet_0.json,e7fc21827ebcb86bdf4701a9b0812f98850a2c7667b905856b06ab8e88678d78,abf399d3e32dab7d6f1f035847ff1d5676bf0915004a2f30f4d46dc024f402cc,2158,True,True,0.0
c7171b62a9dc28a8800fd682d97548662a8fdce32b3f64d5eb7cf5ddef815a19,signed_control_mechanism/predictions/full/worker_resnet_1/seed_17/S_04__snr_0__noise_303.npz,resnet,17,S_04__snr_0__noise_303,S_04__snr_0__noise_303,signed_control_mechanism/logs/full/inference_resnet_1.json,2746ae398fabc06e8e68c8d364eaa8fd331fdf8a6c82453f8d3f0e51d1b7d4a2,abf399d3e32dab7d6f1f035847ff1d5676bf0915004a2f30f4d46dc024f402cc,2158,True,True,0.0
5e91a037794acb071bd60a748ebac1e9f308566f1db2aadccc0fbf69c518b9d1,signed_control_mechanism/predictions/full/worker_resnet_0/seed_17/S_04__snr_0__noise_404.npz,resnet,17,S_04__snr_0__noise_404,S_04__snr_0__noise_404,signed_control_mechanism/logs/full/inference_resnet_0.json,e7fc21827ebcb86bdf4701a9b0812f98850a2c7667b905856b06ab8e88678d78,abf399d3e32dab7d6f1f035847ff1d5676bf0915004a2f30f4d46dc024f402cc,2158,True,True,1.1102230246251565e-16
c59cfa65550b9cc3dc11c88fdee12593a7a6f8223721344670cd736fc62e9a72,signed_control_mechanism/predictions/full/worker_resnet_1/seed_17/S_04__snr_0__noise_505.npz,resnet,17,S_04__snr_0__noise_505,S_04__snr_0__noise_505,signed_control_mechanism/logs/full/inference_resnet_1.json,2746ae398fabc06e8e68c8d364eaa8fd331fdf8a6c82453f8d3f0e51d1b7d4a2,abf399d3e32dab7d6f1f035847ff1d5676bf0915004a2f30f4d46dc024f402cc,2158,True,True,0.0
7ca3ce8a9e2b3b6323466740585d10b20683c68ef7c1a01178a3ab17434dcfa2,signed_control_mechanism/predictions/full/worker_resnet_0/seed_17/S_04__snr_0__noise_8128.npz,resnet,17,S_04__snr_0__noise_8128,S_04__snr_0__noise_8128,signed_control_mechanism/logs/full/inference_resnet_0.json,e7fc21827ebcb86bdf4701a9b0812f98850a2c7667b905856b06ab8e88678d78,abf399d3e32dab7d6f1f035847ff1d5676bf0915004a2f30f4d46dc024f402cc,2158,True,True,0.0
b9ecfa0369b57fe2f0f22c80c000f0cd324c2a4b4de2ad5ef5c03e3499646b70,signed_control_mechanism/predictions/full/worker_resnet_1/seed_17/S_04__snr_10__noise_101.npz,resnet,17,S_04__snr_10__noise_101,S_04__snr_10__noise_101,signed_control_mechanism/logs/full/inference_resnet_1.json,2746ae398fabc06e8e68c8d364eaa8fd331fdf8a6c82453f8d3f0e51d1b7d4a2,abf399d3e32dab7d6f1f035847ff1d5676bf0915004a2f30f4d46dc024f402cc,2158,True,True,1.1102230246251565e-16
37a947b51dabe96d81813683b46ae82adb567b5960681bf770c68bab8867248e,signed_control_mechanism/predictions/full/worker_resnet_0/seed_17/S_04__snr_10__noise_202.npz,resnet,17,S_04__snr_10__noise_202,S_04__snr_10__noise_202,signed_control_mechanism/logs/full/inference_resnet_0.json,e7fc21827ebcb86bdf4701a9b0812f98850a2c7667b905856b06ab8e88678d78,abf399d3e32dab7d6f1f035847ff1d5676bf0915004a2f30f4d46dc024f402cc,2158,True,True,0.0
cfd2d28250d953295b1296e9fe424e0a3d72620731d824999008f49adf3e9e62,signed_control_mechanism/predictions/full/worker_resnet_1/seed_17/S_04__snr_10__noise_303.npz,resnet,17,S_04__snr_10__noise_303,S_04__snr_10__noise_303,signed_control_mechanism/logs/full/inference_resnet_1.json,2746ae398fabc06e8e68c8d364eaa8fd331fdf8a6c82453f8d3f0e51d1b7d4a2,abf399d3e32dab7d6f1f035847ff1d5676bf0915004a2f30f4d46dc024f402cc,2158,True,True,0.0
e26e6bf27d5cca6892b8a5c3ef5451a9dbe68bc1906197e2fead0fe8eab08a01,signed_control_mechanism/predictions/full/worker_resnet_0/seed_17/S_04__snr_10__noise_404.npz,resnet,17,S_04__snr_10__noise_404,S_04__snr_10__noise_404,signed_control_mechanism/logs/full/inference_resnet_0.json,e7fc21827ebcb86bdf4701a9b0812f98850a2c7667b905856b06ab8e88678d78,abf399d3e32dab7d6f1f035847ff1d5676bf0915004a2f30f4d46dc024f402cc,2158,True,True,0.0
371270465339d0f14a5daaadf71979c515f448c1f211f81c9b1c223f0eda14f6,signed_control_mechanism/predictions/full/worker_resnet_1/seed_17/S_04__snr_10__noise_505.npz,resnet,17,S_04__snr_10__noise_505,S_04__snr_10__noise_505,signed_control_mechanism/logs/full/inference_resnet_1.json,2746ae398fabc06e8e68c8d364eaa8fd331fdf8a6c82453f8d3f0e51d1b7d4a2,abf399d3e32dab7d6f1f035847ff1d5676bf0915004a2f30f4d46dc024f402cc,2158,True,True,1.1102230246251565e-16
84f980a994c43800f8aac266c19b70c1b1a0e17dbda0f7ce4c614222b0c3c4be,signed_control_mechanism/predictions/full/worker_resnet_0/seed_17/S_04__snr_10__noise_8128.npz,resnet,17,S_04__snr_10__noise_8128,S_04__snr_10__noise_8128,signed_control_mechanism/logs/full/inference_resnet_0.json,e7fc21827ebcb86bdf4701a9b0812f98850a2c7667b905856b06ab8e88678d78,abf399d3e32dab7d6f1f035847ff1d5676bf0915004a2f30f4d46dc024f402cc,2158,True,True,0.0
f2ea47fae719036c3af4a8fc6ef273d0ecf0f3c37f61f48a9a93ead082b9778e,signed_control_mechanism/predictions/full/worker_resnet_1/seed_17/S_04__snr_5__noise_101.npz,resnet,17,S_04__snr_5__noise_101,S_04__snr_5__noise_101,signed_control_mechanism/logs/full/inference_resnet_1.json,2746ae398fabc06e8e68c8d364eaa8fd331fdf8a6c82453f8d3f0e51d1b7d4a2,abf399d3e32dab7d6f1f035847ff1d5676bf0915004a2f30f4d46dc024f402cc,2158,True,True,2.220446049250313e-16
364de7b154c6faa4fff0fa99e08edc9c6159677c26f800a43e86c4ed81862cb1,signed_control_mechanism/predictions/full/worker_resnet_0/seed_17/S_04__snr_5__noise_202.npz,resnet,17,S_04__snr_5__noise_202,S_04__snr_5__noise_202,signed_control_mechanism/logs/full/inference_resnet_0.json,e7fc21827ebcb86bdf4701a9b0812f98850a2c7667b905856b06ab8e88678d78,abf399d3e32dab7d6f1f035847ff1d5676bf0915004a2f30f4d46dc024f402cc,2158,True,True,0.0
69b9ded3785b83ea367f7ee584284e646c209b42d3bed313cd0c3162c396ef2a,signed_control_mechanism/predictions/full/worker_resnet_1/seed_17/S_04__snr_5__noise_303.npz,resnet,17,S_04__snr_5__noise_303,S_04__snr_5__noise_303,signed_control_mechanism/logs/full/inference_resnet_1.json,2746ae398fabc06e8e68c8d364eaa8fd331fdf8a6c82453f8d3f0e51d1b7d4a2,abf399d3e32dab7d6f1f035847ff1d5676bf0915004a2f30f4d46dc024f402cc,2158,True,True,0.0
a299c97c54b03d2a2f58efa56f2e54874dc1d80392b7b1f8cce593c0200ec0b9,signed_control_mechanism/predictions/full/worker_resnet_0/seed_17/S_04__snr_5__noise_404.npz,resnet,17,S_04__snr_5__noise_404,S_04__snr_5__noise_404,signed_control_mechanism/logs/full/inference_resnet_0.json,e7fc21827ebcb86bdf4701a9b0812f98850a2c7667b905856b06ab8e88678d78,abf399d3e32dab7d6f1f035847ff1d5676bf0915004a2f30f4d46dc024f402cc,2158,True,True,0.0
5ff7d21437a1e37afa1d7f94b0b3aa9dc3ded12819164135b150419d5b8dca40,signed_control_mechanism/predictions/full/worker_resnet_1/seed_17/S_04__snr_5__noise_505.npz,resnet,17,S_04__snr_5__noise_505,S_04__snr_5__noise_505,signed_control_mechanism/logs/full/inference_resnet_1.json,2746ae398fabc06e8e68c8d364eaa8fd331fdf8a6c82453f8d3f0e51d1b7d4a2,abf399d3e32dab7d6f1f035847ff1d5676bf0915004a2f30f4d46dc024f402cc,2158,True,True,0.0
a75931b3559e17e756608d47c5e4c7706f7470f3ec501271aeac04a824ec3e7f,signed_control_mechanism/predictions/full/worker_resnet_0/seed_17/S_04__snr_5__noise_8128.npz,resnet,17,S_04__snr_5__noise_8128,S_04__snr_5__noise_8128,signed_control_mechanism/logs/full/inference_resnet_0.json,e7fc21827ebcb86bdf4701a9b0812f98850a2c7667b905856b06ab8e88678d78,abf399d3e32dab7d6f1f035847ff1d5676bf0915004a2f30f4d46dc024f402cc,2158,True,True,2.220446049250313e-16
c7242964d38e87f392fbc8298ebb835d26600ba1e4b3a83a1406855a96825c7b,methodology_supplement/results/predictions/full/resnet/seed_17/clean.npz,resnet,17,clean,clean,methodology_supplement/results/logs/full/inference_resnet_0.json,8c34291679df86ee9005f5ec8dae8741de853475e1f2870299ee2226b8bb3c51,71d6ecf41388929ce16b6bdc71dda3c8519feac3aa4fb04538d7bf7b1d42fbc2,0,True,True,0.0
b41a63bbc3b7435d49ed3bb40fab8e020c8c2e42fc7289168b87caf0cef1c90c,methodology_supplement/results/predictions/full/resnet/seed_29/standard__n101__electrode__snr0.npz,resnet,29,E__snr_0__noise_101,standard__n101__electrode__snr0,methodology_supplement/results/logs/full/inference_resnet_1.json,8c34291679df86ee9005f5ec8dae8741de853475e1f2870299ee2226b8bb3c51,71d6ecf41388929ce16b6bdc71dda3c8519feac3aa4fb04538d7bf7b1d42fbc2,2158,True,True,0.0
25fe41ab62d284b7b3c6d8b8517f0d7e51e0c72b57781d501a0682876a8da87e,methodology_supplement/results/predictions/full/resnet/seed_29/standard__n202__electrode__snr0.npz,resnet,29,E__snr_0__noise_202,standard__n202__electrode__snr0,methodology_supplement/results/logs/full/inference_resnet_1.json,8c34291679df86ee9005f5ec8dae8741de853475e1f2870299ee2226b8bb3c51,71d6ecf41388929ce16b6bdc71dda3c8519feac3aa4fb04538d7bf7b1d42fbc2,2158,True,True,0.0
54eb9e2273693814d57ee185a5d28f2099676490c2c6bc043510f29a3ecf6f48,methodology_supplement/results/predictions/full/resnet/seed_29/standard__n303__electrode__snr0.npz,resnet,29,E__snr_0__noise_303,standard__n303__electrode__snr0,methodology_supplement/results/logs/full/inference_resnet_1.json,8c34291679df86ee9005f5ec8dae8741de853475e1f2870299ee2226b8bb3c51,71d6ecf41388929ce16b6bdc71dda3c8519feac3aa4fb04538d7bf7b1d42fbc2,2158,True,True,0.0
28710929b92da5e8bd2b7d7ef043a9925ea9ff523bbc7dc61ee93202e21107ca,methodology_supplement/results/predictions/full/resnet/seed_29/standard__n404__electrode__snr0.npz,resnet,29,E__snr_0__noise_404,standard__n404__electrode__snr0,methodology_supplement/results/logs/full/inference_resnet_1.json,8c34291679df86ee9005f5ec8dae8741de853475e1f2870299ee2226b8bb3c51,71d6ecf41388929ce16b6bdc71dda3c8519feac3aa4fb04538d7bf7b1d42fbc2,2158,True,True,0.0
a33a2a867900f7953db6b1739434f9e002d47c0f03064ff6ea40abcf33f383bc,methodology_supplement/results/predictions/full/resnet/seed_29/standard__n505__electrode__snr0.npz,resnet,29,E__snr_0__noise_505,standard__n505__electrode__snr0,methodology_supplement/results/logs/full/inference_resnet_1.json,8c34291679df86ee9005f5ec8dae8741de853475e1f2870299ee2226b8bb3c51,71d6ecf41388929ce16b6bdc71dda3c8519feac3aa4fb04538d7bf7b1d42fbc2,2158,True,True,0.0
b784dfd34d4e07f6eeb4fc141a5b281226f885134fecb2730efa38b77b16fc11,methodology_supplement/results/predictions/full/resnet/seed_29/standard__n8128__electrode__snr0.npz,resnet,29,E__snr_0__noise_8128,standard__n8128__electrode__snr0,methodology_supplement/results/logs/full/inference_resnet_1.json,8c34291679df86ee9005f5ec8dae8741de853475e1f2870299ee2226b8bb3c51,71d6ecf41388929ce16b6bdc71dda3c8519feac3aa4fb04538d7bf7b1d42fbc2,2158,True,True,0.0
979f7034afb70bde1ad9429e23ed9f043aa061310a8f04f9f6293c657f8e618b,methodology_supplement/results/predictions/full/resnet/seed_29/standard__n101__electrode__snr10.npz,resnet,29,E__snr_10__noise_101,standard__n101__electrode__snr10,methodology_supplement/results/logs/full/inference_resnet_0.json,8c34291679df86ee9005f5ec8dae8741de853475e1f2870299ee2226b8bb3c51,71d6ecf41388929ce16b6bdc71dda3c8519feac3aa4fb04538d7bf7b1d42fbc2,2158,True,True,1.1102230246251565e-16
45d6e35e8dacda42ebf16c7a0db822743490b48e2f927f406d60f845b14ba1e5,methodology_supplement/results/predictions/full/resnet/seed_29/standard__n202__electrode__snr10.npz,resnet,29,E__snr_10__noise_202,standard__n202__electrode__snr10,methodology_supplement/results/logs/full/inference_resnet_0.json,8c34291679df86ee9005f5ec8dae8741de853475e1f2870299ee2226b8bb3c51,71d6ecf41388929ce16b6bdc71dda3c8519feac3aa4fb04538d7bf7b1d42fbc2,2158,True,True,0.0
c8a31751153800b1c12b3d4561896c61d37f62d6ae1a7feec5007d4fcd4066b9,methodology_supplement/results/predictions/full/resnet/seed_29/standard__n303__electrode__snr10.npz,resnet,29,E__snr_10__noise_303,standard__n303__electrode__snr10,methodology_supplement/results/logs/full/inference_resnet_0.json,8c34291679df86ee9005f5ec8dae8741de853475e1f2870299ee2226b8bb3c51,71d6ecf41388929ce16b6bdc71dda3c8519feac3aa4fb04538d7bf7b1d42fbc2,2158,True,True,0.0
fa19cd639903a2909952cf2d1450a15b7cd0ce79f2637abf0f564a957fb3ef64,methodology_supplement/results/predictions/full/resnet/seed_29/standard__n404__electrode__snr10.npz,resnet,29,E__snr_10__noise_404,standard__n404__electrode__snr10,methodology_supplement/results/logs/full/inference_resnet_0.json,8c34291679df86ee9005f5ec8dae8741de853475e1f2870299ee2226b8bb3c51,71d6ecf41388929ce16b6bdc71dda3c8519feac3aa4fb04538d7bf7b1d42fbc2,2158,True,True,0.0
0b3ae00cda5a8fd1748c804c3f8e378969344ba0c223c9b20c28b5f2a104a7bf,methodology_supplement/results/predictions/full/resnet/seed_29/standard__n505__electrode__snr10.npz,resnet,29,E__snr_10__noise_505,standard__n505__electrode__snr10,methodology_supplement/results/logs/full/inference_resnet_0.json,8c34291679df86ee9005f5ec8dae8741de853475e1f2870299ee2226b8bb3c51,71d6ecf41388929ce16b6bdc71dda3c8519feac3aa4fb04538d7bf7b1d42fbc2,2158,True,True,0.0
b688a3dee9965a34052e7f9272c6ac76283aebd8204f76d50bf03cfd4cfba5fa,methodology_supplement/results/predictions/full/resnet/seed_29/standard__n8128__electrode__snr10.npz,resnet,29,E__snr_10__noise_8128,standard__n8128__electrode__snr10,methodology_supplement/results/logs/full/inference_resnet_0.json,8c34291679df86ee9005f5ec8dae8741de853475e1f2870299ee2226b8bb3c51,71d6ecf41388929ce16b6bdc71dda3c8519feac3aa4fb04538d7bf7b1d42fbc2,2158,True,True,0.0
de4859fa70b2aa90e2a25f947841e4a4513a768de149885b289cd588477277c5,methodology_supplement/results/predictions/full/resnet/seed_29/standard__n101__electrode__snr5.npz,resnet,29,E__snr_5__noise_101,standard__n101__electrode__snr5,methodology_supplement/results/logs/full/inference_resnet_1.json,8c34291679df86ee9005f5ec8dae8741de853475e1f2870299ee2226b8bb3c51,71d6ecf41388929ce16b6bdc71dda3c8519feac3aa4fb04538d7bf7b1d42fbc2,2158,True,True,2.220446049250313e-16
2c1d864e013d4f16640ada3e87b1bea3a5f080e3facd328109fb8efab64d505b,methodology_supplement/results/predictions/full/resnet/seed_29/standard__n202__electrode__snr5.npz,resnet,29,E__snr_5__noise_202,standard__n202__electrode__snr5,methodology_supplement/results/logs/full/inference_resnet_1.json,8c34291679df86ee9005f5ec8dae8741de853475e1f2870299ee2226b8bb3c51,71d6ecf41388929ce16b6bdc71dda3c8519feac3aa4fb04538d7bf7b1d42fbc2,2158,True,True,0.0
e51400a678cadcdc85308dd38b4f52dd92d4b9271b838304315712114356a4e6,methodology_supplement/results/predictions/full/resnet/seed_29/standard__n303__electrode__snr5.npz,resnet,29,E__snr_5__noise_303,standard__n303__electrode__snr5,methodology_supplement/results/logs/full/inference_resnet_1.json,8c34291679df86ee9005f5ec8dae8741de853475e1f2870299ee2226b8bb3c51,71d6ecf41388929ce16b6bdc71dda3c8519feac3aa4fb04538d7bf7b1d42fbc2,2158,True,True,0.0
0de0d3e1d997900b425d491d062e850b676a785a45b6530926ea1223f7ee64c8,methodology_supplement/results/predictions/full/resnet/seed_29/standard__n404__electrode__snr5.npz,resnet,29,E__snr_5__noise_404,standard__n404__electrode__snr5,methodology_supplement/results/logs/full/inference_resnet_1.json,8c34291679df86ee9005f5ec8dae8741de853475e1f2870299ee2226b8bb3c51,71d6ecf41388929ce16b6bdc71dda3c8519feac3aa4fb04538d7bf7b1d42fbc2,2158,True,True,0.0
53ec8b47eb2661a7b060cc3274a2aaa78dc3bd498c4aa44c46bda6133e06f30b,methodology_supplement/results/predictions/full/resnet/seed_29/standard__n505__electrode__snr5.npz,resnet,29,E__snr_5__noise_505,standard__n505__electrode__snr5,methodology_supplement/results/logs/full/inference_resnet_1.json,8c34291679df86ee9005f5ec8dae8741de853475e1f2870299ee2226b8bb3c51,71d6ecf41388929ce16b6bdc71dda3c8519feac3aa4fb04538d7bf7b1d42fbc2,2158,True,True,2.220446049250313e-16
4e960a23c9213d6a17325df35bcd518a9fec2553ded44ec32361e9776de68904,methodology_supplement/results/predictions/full/resnet/seed_29/standard__n8128__electrode__snr5.npz,resnet,29,E__snr_5__noise_8128,standard__n8128__electrode__snr5,methodology_supplement/results/logs/full/inference_resnet_1.json,8c34291679df86ee9005f5ec8dae8741de853475e1f2870299ee2226b8bb3c51,71d6ecf41388929ce16b6bdc71dda3c8519feac3aa4fb04538d7bf7b1d42fbc2,2158,True,True,0.0
a6e00b6c57793b4b727f5c228ecb5f172f323b5acb53109b1e99b4ea111d4823,methodology_supplement/results/predictions/full/resnet/seed_29/standard__n101__independent_rms__snr0.npz,resnet,29,I__snr_0__noise_101,standard__n101__independent_rms__snr0,methodology_supplement/results/logs/full/inference_resnet_0.json,8c34291679df86ee9005f5ec8dae8741de853475e1f2870299ee2226b8bb3c51,71d6ecf41388929ce16b6bdc71dda3c8519feac3aa4fb04538d7bf7b1d42fbc2,2158,True,True,0.0
ab7ec58e6b5af4b463e1e6796f789db3d984422ae5c482713d737e5ccdd7db9d,methodology_supplement/results/predictions/full/resnet/seed_29/standard__n202__independent_rms__snr0.npz,resnet,29,I__snr_0__noise_202,standard__n202__independent_rms__snr0,methodology_supplement/results/logs/full/inference_resnet_0.json,8c34291679df86ee9005f5ec8dae8741de853475e1f2870299ee2226b8bb3c51,71d6ecf41388929ce16b6bdc71dda3c8519feac3aa4fb04538d7bf7b1d42fbc2,2158,True,True,0.0
a20d5fd4d8684c5ef6737b59ca8f8e253e0ae26a93704848baea647dbf6d246b,methodology_supplement/results/predictions/full/resnet/seed_29/standard__n303__independent_rms__snr0.npz,resnet,29,I__snr_0__noise_303,standard__n303__independent_rms__snr0,methodology_supplement/results/logs/full/inference_resnet_0.json,8c34291679df86ee9005f5ec8dae8741de853475e1f2870299ee2226b8bb3c51,71d6ecf41388929ce16b6bdc71dda3c8519feac3aa4fb04538d7bf7b1d42fbc2,2158,True,True,0.0
d6cc159651e315db484fd2ba4dd4ba024610a7e1556aca058c21b89a03c13163,methodology_supplement/results/predictions/full/resnet/seed_29/standard__n404__independent_rms__snr0.npz,resnet,29,I__snr_0__noise_404,standard__n404__independent_rms__snr0,methodology_supplement/results/logs/full/inference_resnet_0.json,8c34291679df86ee9005f5ec8dae8741de853475e1f2870299ee2226b8bb3c51,71d6ecf41388929ce16b6bdc71dda3c8519feac3aa4fb04538d7bf7b1d42fbc2,2158,True,True,0.0
7cc70a0e0720860f4be5f67ad165e8b9e6b7af8a19bb690fc8617ef647bf8946,methodology_supplement/results/predictions/full/resnet/seed_29/standard__n505__independent_rms__snr0.npz,resnet,29,I__snr_0__noise_505,standard__n505__independent_rms__snr0,methodology_supplement/results/logs/full/inference_resnet_0.json,8c34291679df86ee9005f5ec8dae8741de853475e1f2870299ee2226b8bb3c51,71d6ecf41388929ce16b6bdc71dda3c8519feac3aa4fb04538d7bf7b1d42fbc2,2158,True,True,0.0
269a7a5a1bd6bf232c1aa73d1cc3f4e29ec79ac904619bd306b0be9ab8f7f4b9,methodology_supplement/results/predictions/full/resnet/seed_29/standard__n8128__independent_rms__snr0.npz,resnet,29,I__snr_0__noise_8128,standard__n8128__independent_rms__snr0,methodology_supplement/results/logs/full/inference_resnet_0.json,8c34291679df86ee9005f5ec8dae8741de853475e1f2870299ee2226b8bb3c51,71d6ecf41388929ce16b6bdc71dda3c8519feac3aa4fb04538d7bf7b1d42fbc2,2158,True,True,0.0
649fa1f2e1351763720d50c29a2f2e568677ea2c5e8b2da9c130a8e67c17d33e,methodology_supplement/results/predictions/full/resnet/seed_29/standard__n101__independent_rms__snr10.npz,resnet,29,I__snr_10__noise_101,standard__n101__independent_rms__snr10,methodology_supplement/results/logs/full/inference_resnet_1.json,8c34291679df86ee9005f5ec8dae8741de853475e1f2870299ee2226b8bb3c51,71d6ecf41388929ce16b6bdc71dda3c8519feac3aa4fb04538d7bf7b1d42fbc2,2158,True,True,0.0
67fceac5079541cafc5b836b7f9001ac852bbcad272c6d165c50c674a2ab0dbf,methodology_supplement/results/predictions/full/resnet/seed_29/standard__n202__independent_rms__snr10.npz,resnet,29,I__snr_10__noise_202,standard__n202__independent_rms__snr10,methodology_supplement/results/logs/full/inference_resnet_1.json,8c34291679df86ee9005f5ec8dae8741de853475e1f2870299ee2226b8bb3c51,71d6ecf41388929ce16b6bdc71dda3c8519feac3aa4fb04538d7bf7b1d42fbc2,2158,True,True,0.0
1eb1929d7111414703bdcd95478483c2e3cc911d174ac3575b915c0873cd6580,methodology_supplement/results/predictions/full/resnet/seed_29/standard__n303__independent_rms__snr10.npz,resnet,29,I__snr_10__noise_303,standard__n303__independent_rms__snr10,methodology_supplement/results/logs/full/inference_resnet_1.json,8c34291679df86ee9005f5ec8dae8741de853475e1f2870299ee2226b8bb3c51,71d6ecf41388929ce16b6bdc71dda3c8519feac3aa4fb04538d7bf7b1d42fbc2,2158,True,True,0.0
d102fb88095dae32b9362630e3f9914c7a5aef66fd02ec9bf7b49f9d698ff945,methodology_supplement/results/predictions/full/resnet/seed_29/standard__n404__independent_rms__snr10.npz,resnet,29,I__snr_10__noise_404,standard__n404__independent_rms__snr10,methodology_supplement/results/logs/full/inference_resnet_1.json,8c34291679df86ee9005f5ec8dae8741de853475e1f2870299ee2226b8bb3c51,71d6ecf41388929ce16b6bdc71dda3c8519feac3aa4fb04538d7bf7b1d42fbc2,2158,True,True,0.0
274f657e6d32ee2e6fbca8ca8cf842e3d82096de74f3b75a6eed68d916cc74b1,methodology_supplement/results/predictions/full/resnet/seed_29/standard__n505__independent_rms__snr10.npz,resnet,29,I__snr_10__noise_505,standard__n505__independent_rms__snr10,methodology_supplement/results/logs/full/inference_resnet_1.json,8c34291679df86ee9005f5ec8dae8741de853475e1f2870299ee2226b8bb3c51,71d6ecf41388929ce16b6bdc71dda3c8519feac3aa4fb04538d7bf7b1d42fbc2,2158,True,True,2.220446049250313e-16
4c372fc9f45af2c02cc273be8ad95357cef2577edf4e9eb43bc5b5f35ca4006b,methodology_supplement/results/predictions/full/resnet/seed_29/standard__n8128__independent_rms__snr10.npz,resnet,29,I__snr_10__noise_8128,standard__n8128__independent_rms__snr10,methodology_supplement/results/logs/full/inference_resnet_1.json,8c34291679df86ee9005f5ec8dae8741de853475e1f2870299ee2226b8bb3c51,71d6ecf41388929ce16b6bdc71dda3c8519feac3aa4fb04538d7bf7b1d42fbc2,2158,True,True,0.0
ae638ee23b240963809eb5b29b23d8a0121e1605be3c5c4d35d009b3cfff3f7d,methodology_supplement/results/predictions/full/resnet/seed_29/standard__n101__independent_rms__snr5.npz,resnet,29,I__snr_5__noise_101,standard__n101__independent_rms__snr5,methodology_supplement/results/logs/full/inference_resnet_0.json,8c34291679df86ee9005f5ec8dae8741de853475e1f2870299ee2226b8bb3c51,71d6ecf41388929ce16b6bdc71dda3c8519feac3aa4fb04538d7bf7b1d42fbc2,2158,True,True,0.0
62df0d04c6b2d1f050107de112a08d1896e5386ea46789ad45244212d7011a20,methodology_supplement/results/predictions/full/resnet/seed_29/standard__n202__independent_rms__snr5.npz,resnet,29,I__snr_5__noise_202,standard__n202__independent_rms__snr5,methodology_supplement/results/logs/full/inference_resnet_0.json,8c34291679df86ee9005f5ec8dae8741de853475e1f2870299ee2226b8bb3c51,71d6ecf41388929ce16b6bdc71dda3c8519feac3aa4fb04538d7bf7b1d42fbc2,2158,True,True,1.1102230246251565e-16
17d1438d5c750041f9f8c9ab2507ef0343aeb8e2da1e513f959877406571f47b,methodology_supplement/results/predictions/full/resnet/seed_29/standard__n303__independent_rms__snr5.npz,resnet,29,I__snr_5__noise_303,standard__n303__independent_rms__snr5,methodology_supplement/results/logs/full/inference_resnet_0.json,8c34291679df86ee9005f5ec8dae8741de853475e1f2870299ee2226b8bb3c51,71d6ecf41388929ce16b6bdc71dda3c8519feac3aa4fb04538d7bf7b1d42fbc2,2158,True,True,0.0
1062f0624a8201cd3718d040995f3f367e3b979de9722fd06756aed00b6ea63b,methodology_supplement/results/predictions/full/resnet/seed_29/standard__n404__independent_rms__snr5.npz,resnet,29,I__snr_5__noise_404,standard__n404__independent_rms__snr5,methodology_supplement/results/logs/full/inference_resnet_0.json,8c34291679df86ee9005f5ec8dae8741de853475e1f2870299ee2226b8bb3c51,71d6ecf41388929ce16b6bdc71dda3c8519feac3aa4fb04538d7bf7b1d42fbc2,2158,True,True,2.220446049250313e-16
da8b04a0e3ac5100c8165cba468d42c0988e3f951783dbf5e7434f0bc8038270,methodology_supplement/results/predictions/full/resnet/seed_29/standard__n505__independent_rms__snr5.npz,resnet,29,I__snr_5__noise_505,standard__n505__independent_rms__snr5,methodology_supplement/results/logs/full/inference_resnet_0.json,8c34291679df86ee9005f5ec8dae8741de853475e1f2870299ee2226b8bb3c51,71d6ecf41388929ce16b6bdc71dda3c8519feac3aa4fb04538d7bf7b1d42fbc2,2158,True,True,0.0
04a6fe24d2072404f524e643bf6e6cd5b3bfa33c59ed5ded0e92fc46180e0acb,methodology_supplement/results/predictions/full/resnet/seed_29/standard__n8128__independent_rms__snr5.npz,resnet,29,I__snr_5__noise_8128,standard__n8128__independent_rms__snr5,methodology_supplement/results/logs/full/inference_resnet_0.json,8c34291679df86ee9005f5ec8dae8741de853475e1f2870299ee2226b8bb3c51,71d6ecf41388929ce16b6bdc71dda3c8519feac3aa4fb04538d7bf7b1d42fbc2,2158,True,True,1.1102230246251565e-16
bb358e39b0bd1ad575011d71923cf7ea74cc9fd20ed2c38bd8dabbf0a0514594,signed_control_mechanism/predictions/full/worker_resnet_1/seed_29/S_00__snr_0__noise_101.npz,resnet,29,S_00__snr_0__noise_101,S_00__snr_0__noise_101,signed_control_mechanism/logs/full/inference_resnet_1.json,2746ae398fabc06e8e68c8d364eaa8fd331fdf8a6c82453f8d3f0e51d1b7d4a2,abf399d3e32dab7d6f1f035847ff1d5676bf0915004a2f30f4d46dc024f402cc,2158,True,True,0.0
22e56997b800f6517702357c3d8f504bf909422770835209c416850375bfa717,signed_control_mechanism/predictions/full/worker_resnet_0/seed_29/S_00__snr_0__noise_202.npz,resnet,29,S_00__snr_0__noise_202,S_00__snr_0__noise_202,signed_control_mechanism/logs/full/inference_resnet_0.json,e7fc21827ebcb86bdf4701a9b0812f98850a2c7667b905856b06ab8e88678d78,abf399d3e32dab7d6f1f035847ff1d5676bf0915004a2f30f4d46dc024f402cc,2158,True,True,0.0
5342d2f4c814b68c5fbd971486f806a59b3b5ae1eaad142b2437c86c2a75656c,signed_control_mechanism/predictions/full/worker_resnet_1/seed_29/S_00__snr_0__noise_303.npz,resnet,29,S_00__snr_0__noise_303,S_00__snr_0__noise_303,signed_control_mechanism/logs/full/inference_resnet_1.json,2746ae398fabc06e8e68c8d364eaa8fd331fdf8a6c82453f8d3f0e51d1b7d4a2,abf399d3e32dab7d6f1f035847ff1d5676bf0915004a2f30f4d46dc024f402cc,2158,True,True,2.220446049250313e-16
6e9cfbbde4877b6e2f0fe2f719701b0aa141b53dff7a867964acc6d1dd68e9ed,signed_control_mechanism/predictions/full/worker_resnet_0/seed_29/S_00__snr_0__noise_404.npz,resnet,29,S_00__snr_0__noise_404,S_00__snr_0__noise_404,signed_control_mechanism/logs/full/inference_resnet_0.json,e7fc21827ebcb86bdf4701a9b0812f98850a2c7667b905856b06ab8e88678d78,abf399d3e32dab7d6f1f035847ff1d5676bf0915004a2f30f4d46dc024f402cc,2158,True,True,0.0
1a642635064e77cccaa60d6009edaf3cc4e0d59197306b53a02befbbfd75b177,signed_control_mechanism/predictions/full/worker_resnet_1/seed_29/S_00__snr_0__noise_505.npz,resnet,29,S_00__snr_0__noise_505,S_00__snr_0__noise_505,signed_control_mechanism/logs/full/inference_resnet_1.json,2746ae398fabc06e8e68c8d364eaa8fd331fdf8a6c82453f8d3f0e51d1b7d4a2,abf399d3e32dab7d6f1f035847ff1d5676bf0915004a2f30f4d46dc024f402cc,2158,True,True,2.220446049250313e-16
035547a5eee9faaf6ca653b0f29f097d9050d2c1b15421ba8a628171498cd755,signed_control_mechanism/predictions/full/worker_resnet_0/seed_29/S_00__snr_0__noise_8128.npz,resnet,29,S_00__snr_0__noise_8128,S_00__snr_0__noise_8128,signed_control_mechanism/logs/full/inference_resnet_0.json,e7fc21827ebcb86bdf4701a9b0812f98850a2c7667b905856b06ab8e88678d78,abf399d3e32dab7d6f1f035847ff1d5676bf0915004a2f30f4d46dc024f402cc,2158,True,True,0.0
b5b867d70e0a0cf5baf6c8250628986e99ea874cc10d46fd1cb5d0491e907a71,signed_control_mechanism/predictions/full/worker_resnet_1/seed_29/S_00__snr_10__noise_101.npz,resnet,29,S_00__snr_10__noise_101,S_00__snr_10__noise_101,signed_control_mechanism/logs/full/inference_resnet_1.json,2746ae398fabc06e8e68c8d364eaa8fd331fdf8a6c82453f8d3f0e51d1b7d4a2,abf399d3e32dab7d6f1f035847ff1d5676bf0915004a2f30f4d46dc024f402cc,2158,True,True,0.0
f816ffa8735674ec67be680a0b21069e51945837e547f31ab3fb4d02bb3a0cc6,signed_control_mechanism/predictions/full/worker_resnet_0/seed_29/S_00__snr_10__noise_202.npz,resnet,29,S_00__snr_10__noise_202,S_00__snr_10__noise_202,signed_control_mechanism/logs/full/inference_resnet_0.json,e7fc21827ebcb86bdf4701a9b0812f98850a2c7667b905856b06ab8e88678d78,abf399d3e32dab7d6f1f035847ff1d5676bf0915004a2f30f4d46dc024f402cc,2158,True,True,0.0
eec1a1e068bffc1a35721d8d220719de378f0be59dbc6f9ae071cdc8082de271,signed_control_mechanism/predictions/full/worker_resnet_1/seed_29/S_00__snr_10__noise_303.npz,resnet,29,S_00__snr_10__noise_303,S_00__snr_10__noise_303,signed_control_mechanism/logs/full/inference_resnet_1.json,2746ae398fabc06e8e68c8d364eaa8fd331fdf8a6c82453f8d3f0e51d1b7d4a2,abf399d3e32dab7d6f1f035847ff1d5676bf0915004a2f30f4d46dc024f402cc,2158,True,True,0.0
36ed179fdec568c046f98e717142dfe796ec5dc214fe8cc201d0459f4f9a9dd0,signed_control_mechanism/predictions/full/worker_resnet_0/seed_29/S_00__snr_10__noise_404.npz,resnet,29,S_00__snr_10__noise_404,S_00__snr_10__noise_404,signed_control_mechanism/logs/full/inference_resnet_0.json,e7fc21827ebcb86bdf4701a9b0812f98850a2c7667b905856b06ab8e88678d78,abf399d3e32dab7d6f1f035847ff1d5676bf0915004a2f30f4d46dc024f402cc,2158,True,True,1.1102230246251565e-16
a071e3d3e5a69e7d86cfa9183f4df8a7d00cf8cd6551b3bd3723ce7827006373,signed_control_mechanism/predictions/full/worker_resnet_1/seed_29/S_00__snr_10__noise_505.npz,resnet,29,S_00__snr_10__noise_505,S_00__snr_10__noise_505,signed_control_mechanism/logs/full/inference_resnet_1.json,2746ae398fabc06e8e68c8d364eaa8fd331fdf8a6c82453f8d3f0e51d1b7d4a2,abf399d3e32dab7d6f1f035847ff1d5676bf0915004a2f30f4d46dc024f402cc,2158,True,True,0.0
63fc8c2b815e7b5b4511122a17b60f4310262fb5752218db982dac53cc8db8f0,signed_control_mechanism/predictions/full/worker_resnet_0/seed_29/S_00__snr_10__noise_8128.npz,resnet,29,S_00__snr_10__noise_8128,S_00__snr_10__noise_8128,signed_control_mechanism/logs/full/inference_resnet_0.json,e7fc21827ebcb86bdf4701a9b0812f98850a2c7667b905856b06ab8e88678d78,abf399d3e32dab7d6f1f035847ff1d5676bf0915004a2f30f4d46dc024f402cc,2158,True,True,0.0
a47fa2d0ade20bed08798c516f2d9b6992c9c6921a354a6a46b8c60e5dc4779f,signed_control_mechanism/predictions/full/worker_resnet_1/seed_29/S_00__snr_5__noise_101.npz,resnet,29,S_00__snr_5__noise_101,S_00__snr_5__noise_101,signed_control_mechanism/logs/full/inference_resnet_1.json,2746ae398fabc06e8e68c8d364eaa8fd331fdf8a6c82453f8d3f0e51d1b7d4a2,abf399d3e32dab7d6f1f035847ff1d5676bf0915004a2f30f4d46dc024f402cc,2158,True,True,2.220446049250313e-16
af1605bc8e3f10869053753b56f415978665eff923f4eb310e45732b98dff673,signed_control_mechanism/predictions/full/worker_resnet_0/seed_29/S_00__snr_5__noise_202.npz,resnet,29,S_00__snr_5__noise_202,S_00__snr_5__noise_202,signed_control_mechanism/logs/full/inference_resnet_0.json,e7fc21827ebcb86bdf4701a9b0812f98850a2c7667b905856b06ab8e88678d78,abf399d3e32dab7d6f1f035847ff1d5676bf0915004a2f30f4d46dc024f402cc,2158,True,True,0.0
316e5bfbd7bc80a8cb930e0115e86a2ca8b91bb528a848dfa51878005a57c35d,signed_control_mechanism/predictions/full/worker_resnet_1/seed_29/S_00__snr_5__noise_303.npz,resnet,29,S_00__snr_5__noise_303,S_00__snr_5__noise_303,signed_control_mechanism/logs/full/inference_resnet_1.json,2746ae398fabc06e8e68c8d364eaa8fd331fdf8a6c82453f8d3f0e51d1b7d4a2,abf399d3e32dab7d6f1f035847ff1d5676bf0915004a2f30f4d46dc024f402cc,2158,True,True,0.0
b718618bb84ff96edd93926d05d0c5b2c16fa2d22cfa948dbaf6d6c5377fe5b4,signed_control_mechanism/predictions/full/worker_resnet_0/seed_29/S_00__snr_5__noise_404.npz,resnet,29,S_00__snr_5__noise_404,S_00__snr_5__noise_404,signed_control_mechanism/logs/full/inference_resnet_0.json,e7fc21827ebcb86bdf4701a9b0812f98850a2c7667b905856b06ab8e88678d78,abf399d3e32dab7d6f1f035847ff1d5676bf0915004a2f30f4d46dc024f402cc,2158,True,True,0.0
b44bd9f1e2844515e0c91df40d1d1c21f98d4baa71c311e7d3bcb8b120caa9d3,signed_control_mechanism/predictions/full/worker_resnet_1/seed_29/S_00__snr_5__noise_505.npz,resnet,29,S_00__snr_5__noise_505,S_00__snr_5__noise_505,signed_control_mechanism/logs/full/inference_resnet_1.json,2746ae398fabc06e8e68c8d364eaa8fd331fdf8a6c82453f8d3f0e51d1b7d4a2,abf399d3e32dab7d6f1f035847ff1d5676bf0915004a2f30f4d46dc024f402cc,2158,True,True,0.0
0878e2b6bef4c6b5c00ffd80e15d6a9327e1c4c45010e3d19abc082bdf425114,signed_control_mechanism/predictions/full/worker_resnet_0/seed_29/S_00__snr_5__noise_8128.npz,resnet,29,S_00__snr_5__noise_8128,S_00__snr_5__noise_8128,signed_control_mechanism/logs/full/inference_resnet_0.json,e7fc21827ebcb86bdf4701a9b0812f98850a2c7667b905856b06ab8e88678d78,abf399d3e32dab7d6f1f035847ff1d5676bf0915004a2f30f4d46dc024f402cc,2158,True,True,1.1102230246251565e-16
55c9d0f5c875eb6b6169af010cb9450cf5beabc2023274e129b17e866d1ea222,signed_control_mechanism/predictions/full/worker_resnet_0/seed_29/S_01__snr_0__noise_101.npz,resnet,29,S_01__snr_0__noise_101,S_01__snr_0__noise_101,signed_control_mechanism/logs/full/inference_resnet_0.json,e7fc21827ebcb86bdf4701a9b0812f98850a2c7667b905856b06ab8e88678d78,abf399d3e32dab7d6f1f035847ff1d5676bf0915004a2f30f4d46dc024f402cc,2158,True,True,0.0
fad7df401b55a40ac1cd7c062bd4143a2a3f26fc027f8b2f8edfdb421787726b,signed_control_mechanism/predictions/full/worker_resnet_1/seed_29/S_01__snr_0__noise_202.npz,resnet,29,S_01__snr_0__noise_202,S_01__snr_0__noise_202,signed_control_mechanism/logs/full/inference_resnet_1.json,2746ae398fabc06e8e68c8d364eaa8fd331fdf8a6c82453f8d3f0e51d1b7d4a2,abf399d3e32dab7d6f1f035847ff1d5676bf0915004a2f30f4d46dc024f402cc,2158,True,True,2.220446049250313e-16
e1fde4b235dc0b0434a10278e5d4b8e613478b3d9c2913764445dcd5298a96c7,signed_control_mechanism/predictions/full/worker_resnet_0/seed_29/S_01__snr_0__noise_303.npz,resnet,29,S_01__snr_0__noise_303,S_01__snr_0__noise_303,signed_control_mechanism/logs/full/inference_resnet_0.json,e7fc21827ebcb86bdf4701a9b0812f98850a2c7667b905856b06ab8e88678d78,abf399d3e32dab7d6f1f035847ff1d5676bf0915004a2f30f4d46dc024f402cc,2158,True,True,2.220446049250313e-16
f3d6d2c902ba9555fe13ad0c5d5a7f7b7d5575cea8929d43d88c7258caad43d1,signed_control_mechanism/predictions/full/worker_resnet_1/seed_29/S_01__snr_0__noise_404.npz,resnet,29,S_01__snr_0__noise_404,S_01__snr_0__noise_404,signed_control_mechanism/logs/full/inference_resnet_1.json,2746ae398fabc06e8e68c8d364eaa8fd331fdf8a6c82453f8d3f0e51d1b7d4a2,abf399d3e32dab7d6f1f035847ff1d5676bf0915004a2f30f4d46dc024f402cc,2158,True,True,0.0
07fba150d54131099d4198f4c62b46ddeaa101cc7ac7851c91c264962cf58485,signed_control_mechanism/predictions/full/worker_resnet_0/seed_29/S_01__snr_0__noise_505.npz,resnet,29,S_01__snr_0__noise_505,S_01__snr_0__noise_505,signed_control_mechanism/logs/full/inference_resnet_0.json,e7fc21827ebcb86bdf4701a9b0812f98850a2c7667b905856b06ab8e88678d78,abf399d3e32dab7d6f1f035847ff1d5676bf0915004a2f30f4d46dc024f402cc,2158,True,True,0.0
cab50754a674c6387da79f35ecb158fa1964ffaabc09ee1f1ebfa3885c82c0d3,signed_control_mechanism/predictions/full/worker_resnet_1/seed_29/S_01__snr_0__noise_8128.npz,resnet,29,S_01__snr_0__noise_8128,S_01__snr_0__noise_8128,signed_control_mechanism/logs/full/inference_resnet_1.json,2746ae398fabc06e8e68c8d364eaa8fd331fdf8a6c82453f8d3f0e51d1b7d4a2,abf399d3e32dab7d6f1f035847ff1d5676bf0915004a2f30f4d46dc024f402cc,2158,True,True,0.0
ddfc4440345567802bfeb8923eeb99277d913922af47ec5c51f56f958498f67f,signed_control_mechanism/predictions/full/worker_resnet_0/seed_29/S_01__snr_10__noise_101.npz,resnet,29,S_01__snr_10__noise_101,S_01__snr_10__noise_101,signed_control_mechanism/logs/full/inference_resnet_0.json,e7fc21827ebcb86bdf4701a9b0812f98850a2c7667b905856b06ab8e88678d78,abf399d3e32dab7d6f1f035847ff1d5676bf0915004a2f30f4d46dc024f402cc,2158,True,True,0.0
4ea45af2824e5031e056938303c7a8c7d3b6cc145c948df5731a0bf05104ffcf,signed_control_mechanism/predictions/full/worker_resnet_1/seed_29/S_01__snr_10__noise_202.npz,resnet,29,S_01__snr_10__noise_202,S_01__snr_10__noise_202,signed_control_mechanism/logs/full/inference_resnet_1.json,2746ae398fabc06e8e68c8d364eaa8fd331fdf8a6c82453f8d3f0e51d1b7d4a2,abf399d3e32dab7d6f1f035847ff1d5676bf0915004a2f30f4d46dc024f402cc,2158,True,True,0.0
a4b60b58a2ec3dd54161c5ed9e71898546ee95730f691e2f5009ac8a3b03237b,signed_control_mechanism/predictions/full/worker_resnet_0/seed_29/S_01__snr_10__noise_303.npz,resnet,29,S_01__snr_10__noise_303,S_01__snr_10__noise_303,signed_control_mechanism/logs/full/inference_resnet_0.json,e7fc21827ebcb86bdf4701a9b0812f98850a2c7667b905856b06ab8e88678d78,abf399d3e32dab7d6f1f035847ff1d5676bf0915004a2f30f4d46dc024f402cc,2158,True,True,0.0
9a8e06f203e767f8e4f6c6f7097e2073817646eabbb9abd6f8a8c2ed3742492f,signed_control_mechanism/predictions/full/worker_resnet_1/seed_29/S_01__snr_10__noise_404.npz,resnet,29,S_01__snr_10__noise_404,S_01__snr_10__noise_404,signed_control_mechanism/logs/full/inference_resnet_1.json,2746ae398fabc06e8e68c8d364eaa8fd331fdf8a6c82453f8d3f0e51d1b7d4a2,abf399d3e32dab7d6f1f035847ff1d5676bf0915004a2f30f4d46dc024f402cc,2158,True,True,2.220446049250313e-16
e6a73cb6995a111288f929b132d3c71c270af66f2f3cf7cafabeffbd83a4f306,signed_control_mechanism/predictions/full/worker_resnet_0/seed_29/S_01__snr_10__noise_505.npz,resnet,29,S_01__snr_10__noise_505,S_01__snr_10__noise_505,signed_control_mechanism/logs/full/inference_resnet_0.json,e7fc21827ebcb86bdf4701a9b0812f98850a2c7667b905856b06ab8e88678d78,abf399d3e32dab7d6f1f035847ff1d5676bf0915004a2f30f4d46dc024f402cc,2158,True,True,0.0
76d7eb4f718df3303b5b330fe6019b56eab5354420d66d48145517e5aa173be9,signed_control_mechanism/predictions/full/worker_resnet_1/seed_29/S_01__snr_10__noise_8128.npz,resnet,29,S_01__snr_10__noise_8128,S_01__snr_10__noise_8128,signed_control_mechanism/logs/full/inference_resnet_1.json,2746ae398fabc06e8e68c8d364eaa8fd331fdf8a6c82453f8d3f0e51d1b7d4a2,abf399d3e32dab7d6f1f035847ff1d5676bf0915004a2f30f4d46dc024f402cc,2158,True,True,0.0
41f3c650edc07fcc59824b30eafda52d4e54aca4c860ebfa0ea05f404a6308bb,signed_control_mechanism/predictions/full/worker_resnet_0/seed_29/S_01__snr_5__noise_101.npz,resnet,29,S_01__snr_5__noise_101,S_01__snr_5__noise_101,signed_control_mechanism/logs/full/inference_resnet_0.json,e7fc21827ebcb86bdf4701a9b0812f98850a2c7667b905856b06ab8e88678d78,abf399d3e32dab7d6f1f035847ff1d5676bf0915004a2f30f4d46dc024f402cc,2158,True,True,2.220446049250313e-16
a004ef253024b1ad2dd52ef2883d9136537d675be5b593944aa0fa6b1dd99ef4,signed_control_mechanism/predictions/full/worker_resnet_1/seed_29/S_01__snr_5__noise_202.npz,resnet,29,S_01__snr_5__noise_202,S_01__snr_5__noise_202,signed_control_mechanism/logs/full/inference_resnet_1.json,2746ae398fabc06e8e68c8d364eaa8fd331fdf8a6c82453f8d3f0e51d1b7d4a2,abf399d3e32dab7d6f1f035847ff1d5676bf0915004a2f30f4d46dc024f402cc,2158,True,True,1.1102230246251565e-16
f9c01ba99fa642c89a9924b35d6ffcbe8a2d12c605b132bcc435ba8b4018469b,signed_control_mechanism/predictions/full/worker_resnet_0/seed_29/S_01__snr_5__noise_303.npz,resnet,29,S_01__snr_5__noise_303,S_01__snr_5__noise_303,signed_control_mechanism/logs/full/inference_resnet_0.json,e7fc21827ebcb86bdf4701a9b0812f98850a2c7667b905856b06ab8e88678d78,abf399d3e32dab7d6f1f035847ff1d5676bf0915004a2f30f4d46dc024f402cc,2158,True,True,2.220446049250313e-16
069061a990f47c2135497dafabd1248d821a67addd9b7177224949aa11f0cbd2,signed_control_mechanism/predictions/full/worker_resnet_1/seed_29/S_01__snr_5__noise_404.npz,resnet,29,S_01__snr_5__noise_404,S_01__snr_5__noise_404,signed_control_mechanism/logs/full/inference_resnet_1.json,2746ae398fabc06e8e68c8d364eaa8fd331fdf8a6c82453f8d3f0e51d1b7d4a2,abf399d3e32dab7d6f1f035847ff1d5676bf0915004a2f30f4d46dc024f402cc,2158,True,True,0.0
226ffb8fe0c01ae88600ac872cabb1baa4783555fffeb2dfc14d5855bd9f4f2e,signed_control_mechanism/predictions/full/worker_resnet_0/seed_29/S_01__snr_5__noise_505.npz,resnet,29,S_01__snr_5__noise_505,S_01__snr_5__noise_505,signed_control_mechanism/logs/full/inference_resnet_0.json,e7fc21827ebcb86bdf4701a9b0812f98850a2c7667b905856b06ab8e88678d78,abf399d3e32dab7d6f1f035847ff1d5676bf0915004a2f30f4d46dc024f402cc,2158,True,True,0.0
fd7789aad6d2885ddd11700b6155cf1687a2a1cc086a8a22bb39fef32160a487,signed_control_mechanism/predictions/full/worker_resnet_1/seed_29/S_01__snr_5__noise_8128.npz,resnet,29,S_01__snr_5__noise_8128,S_01__snr_5__noise_8128,signed_control_mechanism/logs/full/inference_resnet_1.json,2746ae398fabc06e8e68c8d364eaa8fd331fdf8a6c82453f8d3f0e51d1b7d4a2,abf399d3e32dab7d6f1f035847ff1d5676bf0915004a2f30f4d46dc024f402cc,2158,True,True,0.0
ca4cfee23763904fd40811140175d1ac3b73d5ac6d1618ee7973de80e58a16fa,signed_control_mechanism/predictions/full/worker_resnet_1/seed_29/S_02__snr_0__noise_101.npz,resnet,29,S_02__snr_0__noise_101,S_02__snr_0__noise_101,signed_control_mechanism/logs/full/inference_resnet_1.json,2746ae398fabc06e8e68c8d364eaa8fd331fdf8a6c82453f8d3f0e51d1b7d4a2,abf399d3e32dab7d6f1f035847ff1d5676bf0915004a2f30f4d46dc024f402cc,2158,True,True,2.220446049250313e-16
17429bcd55d25e4059f7c4c383940e4c6b0b0f0c3737dcc0b8e3deb11f69c48f,signed_control_mechanism/predictions/full/worker_resnet_0/seed_29/S_02__snr_0__noise_202.npz,resnet,29,S_02__snr_0__noise_202,S_02__snr_0__noise_202,signed_control_mechanism/logs/full/inference_resnet_0.json,e7fc21827ebcb86bdf4701a9b0812f98850a2c7667b905856b06ab8e88678d78,abf399d3e32dab7d6f1f035847ff1d5676bf0915004a2f30f4d46dc024f402cc,2158,True,True,0.0
6dcd5727c8b972b40815884ba027a5f55116d093f12a9898104b6ec14bfd6e35,signed_control_mechanism/predictions/full/worker_resnet_1/seed_29/S_02__snr_0__noise_303.npz,resnet,29,S_02__snr_0__noise_303,S_02__snr_0__noise_303,signed_control_mechanism/logs/full/inference_resnet_1.json,2746ae398fabc06e8e68c8d364eaa8fd331fdf8a6c82453f8d3f0e51d1b7d4a2,abf399d3e32dab7d6f1f035847ff1d5676bf0915004a2f30f4d46dc024f402cc,2158,True,True,0.0
b9244215e461ad577ca5e1b64183c7bc39750e14afc1b7ec5f53f8df2ee134ef,signed_control_mechanism/predictions/full/worker_resnet_0/seed_29/S_02__snr_0__noise_404.npz,resnet,29,S_02__snr_0__noise_404,S_02__snr_0__noise_404,signed_control_mechanism/logs/full/inference_resnet_0.json,e7fc21827ebcb86bdf4701a9b0812f98850a2c7667b905856b06ab8e88678d78,abf399d3e32dab7d6f1f035847ff1d5676bf0915004a2f30f4d46dc024f402cc,2158,True,True,0.0
b4687d01fd39e50a26a6ae9bf5668f8055497816a4a67df6612ae94343a8c002,signed_control_mechanism/predictions/full/worker_resnet_1/seed_29/S_02__snr_0__noise_505.npz,resnet,29,S_02__snr_0__noise_505,S_02__snr_0__noise_505,signed_control_mechanism/logs/full/inference_resnet_1.json,2746ae398fabc06e8e68c8d364eaa8fd331fdf8a6c82453f8d3f0e51d1b7d4a2,abf399d3e32dab7d6f1f035847ff1d5676bf0915004a2f30f4d46dc024f402cc,2158,True,True,0.0
7b161f0854a23c097dd226813c253aedbaefa2b1edd77057eef7b52b76c536db,signed_control_mechanism/predictions/full/worker_resnet_0/seed_29/S_02__snr_0__noise_8128.npz,resnet,29,S_02__snr_0__noise_8128,S_02__snr_0__noise_8128,signed_control_mechanism/logs/full/inference_resnet_0.json,e7fc21827ebcb86bdf4701a9b0812f98850a2c7667b905856b06ab8e88678d78,abf399d3e32dab7d6f1f035847ff1d5676bf0915004a2f30f4d46dc024f402cc,2158,True,True,0.0
1b2180f0abf5a95e892a39779033818845881e595a1a1e08eb2dc31920093f9a,signed_control_mechanism/predictions/full/worker_resnet_1/seed_29/S_02__snr_10__noise_101.npz,resnet,29,S_02__snr_10__noise_101,S_02__snr_10__noise_101,signed_control_mechanism/logs/full/inference_resnet_1.json,2746ae398fabc06e8e68c8d364eaa8fd331fdf8a6c82453f8d3f0e51d1b7d4a2,abf399d3e32dab7d6f1f035847ff1d5676bf0915004a2f30f4d46dc024f402cc,2158,True,True,0.0
a049604bf186d5bd0b21c0e6b82274ac31cb040e8b4e06a5b6680fc76f74551c,signed_control_mechanism/predictions/full/worker_resnet_0/seed_29/S_02__snr_10__noise_202.npz,resnet,29,S_02__snr_10__noise_202,S_02__snr_10__noise_202,signed_control_mechanism/logs/full/inference_resnet_0.json,e7fc21827ebcb86bdf4701a9b0812f98850a2c7667b905856b06ab8e88678d78,abf399d3e32dab7d6f1f035847ff1d5676bf0915004a2f30f4d46dc024f402cc,2158,True,True,1.1102230246251565e-16
90a78bf78c9bc608452954f9779815cbd5116780e7c66a81e36f9686bcce132e,signed_control_mechanism/predictions/full/worker_resnet_1/seed_29/S_02__snr_10__noise_303.npz,resnet,29,S_02__snr_10__noise_303,S_02__snr_10__noise_303,signed_control_mechanism/logs/full/inference_resnet_1.json,2746ae398fabc06e8e68c8d364eaa8fd331fdf8a6c82453f8d3f0e51d1b7d4a2,abf399d3e32dab7d6f1f035847ff1d5676bf0915004a2f30f4d46dc024f402cc,2158,True,True,0.0
5123defae038c5605ddd00aa7379e9613c0eb7764d54de0c87242e6ee5bfe3f1,signed_control_mechanism/predictions/full/worker_resnet_0/seed_29/S_02__snr_10__noise_404.npz,resnet,29,S_02__snr_10__noise_404,S_02__snr_10__noise_404,signed_control_mechanism/logs/full/inference_resnet_0.json,e7fc21827ebcb86bdf4701a9b0812f98850a2c7667b905856b06ab8e88678d78,abf399d3e32dab7d6f1f035847ff1d5676bf0915004a2f30f4d46dc024f402cc,2158,True,True,0.0
bda081a0eb357a306f7c32c6b934ba4aa6e3f5eba64686a9707ccf8779fc3d11,signed_control_mechanism/predictions/full/worker_resnet_1/seed_29/S_02__snr_10__noise_505.npz,resnet,29,S_02__snr_10__noise_505,S_02__snr_10__noise_505,signed_control_mechanism/logs/full/inference_resnet_1.json,2746ae398fabc06e8e68c8d364eaa8fd331fdf8a6c82453f8d3f0e51d1b7d4a2,abf399d3e32dab7d6f1f035847ff1d5676bf0915004a2f30f4d46dc024f402cc,2158,True,True,0.0
2351129bff62b4b98d7ac95fde054ecb2808260a6b0da329553d79589f5f82c9,signed_control_mechanism/predictions/full/worker_resnet_0/seed_29/S_02__snr_10__noise_8128.npz,resnet,29,S_02__snr_10__noise_8128,S_02__snr_10__noise_8128,signed_control_mechanism/logs/full/inference_resnet_0.json,e7fc21827ebcb86bdf4701a9b0812f98850a2c7667b905856b06ab8e88678d78,abf399d3e32dab7d6f1f035847ff1d5676bf0915004a2f30f4d46dc024f402cc,2158,True,True,0.0
749056c9f368b50b0a4a52fe47722e7b219ece63043c8e0a2a0ad083148af086,signed_control_mechanism/predictions/full/worker_resnet_1/seed_29/S_02__snr_5__noise_101.npz,resnet,29,S_02__snr_5__noise_101,S_02__snr_5__noise_101,signed_control_mechanism/logs/full/inference_resnet_1.json,2746ae398fabc06e8e68c8d364eaa8fd331fdf8a6c82453f8d3f0e51d1b7d4a2,abf399d3e32dab7d6f1f035847ff1d5676bf0915004a2f30f4d46dc024f402cc,2158,True,True,0.0
dab521a9837bfcfd5e153f7ea259e932a9ea29a92c4bb3f0478bc3f37e72ac1e,signed_control_mechanism/predictions/full/worker_resnet_0/seed_29/S_02__snr_5__noise_202.npz,resnet,29,S_02__snr_5__noise_202,S_02__snr_5__noise_202,signed_control_mechanism/logs/full/inference_resnet_0.json,e7fc21827ebcb86bdf4701a9b0812f98850a2c7667b905856b06ab8e88678d78,abf399d3e32dab7d6f1f035847ff1d5676bf0915004a2f30f4d46dc024f402cc,2158,True,True,0.0
668e1f3eb8ea6f050a717ac88d83fe5435c7fd003f1caab9d9f212a7bd19edd3,signed_control_mechanism/predictions/full/worker_resnet_1/seed_29/S_02__snr_5__noise_303.npz,resnet,29,S_02__snr_5__noise_303,S_02__snr_5__noise_303,signed_control_mechanism/logs/full/inference_resnet_1.json,2746ae398fabc06e8e68c8d364eaa8fd331fdf8a6c82453f8d3f0e51d1b7d4a2,abf399d3e32dab7d6f1f035847ff1d5676bf0915004a2f30f4d46dc024f402cc,2158,True,True,0.0
f681b4504a59c7ce9e9007d01710da799408d3864bde469f03dcb098d6ef0453,signed_control_mechanism/predictions/full/worker_resnet_0/seed_29/S_02__snr_5__noise_404.npz,resnet,29,S_02__snr_5__noise_404,S_02__snr_5__noise_404,signed_control_mechanism/logs/full/inference_resnet_0.json,e7fc21827ebcb86bdf4701a9b0812f98850a2c7667b905856b06ab8e88678d78,abf399d3e32dab7d6f1f035847ff1d5676bf0915004a2f30f4d46dc024f402cc,2158,True,True,0.0
87ad9d6a257e639550855f75a82d79bb4909681f894b9b171593a1cb3528ae3e,signed_control_mechanism/predictions/full/worker_resnet_1/seed_29/S_02__snr_5__noise_505.npz,resnet,29,S_02__snr_5__noise_505,S_02__snr_5__noise_505,signed_control_mechanism/logs/full/inference_resnet_1.json,2746ae398fabc06e8e68c8d364eaa8fd331fdf8a6c82453f8d3f0e51d1b7d4a2,abf399d3e32dab7d6f1f035847ff1d5676bf0915004a2f30f4d46dc024f402cc,2158,True,True,0.0
6390d948c229e175bc15b14633ecb572f5ba268adc2a2a9b578ae79b7306f3b2,signed_control_mechanism/predictions/full/worker_resnet_0/seed_29/S_02__snr_5__noise_8128.npz,resnet,29,S_02__snr_5__noise_8128,S_02__snr_5__noise_8128,signed_control_mechanism/logs/full/inference_resnet_0.json,e7fc21827ebcb86bdf4701a9b0812f98850a2c7667b905856b06ab8e88678d78,abf399d3e32dab7d6f1f035847ff1d5676bf0915004a2f30f4d46dc024f402cc,2158,True,True,2.220446049250313e-16
d4474a0ac709e11adc02e7559aef6d5d679f1252055d786c4dc584689ffa46e7,signed_control_mechanism/predictions/full/worker_resnet_0/seed_29/S_03__snr_0__noise_101.npz,resnet,29,S_03__snr_0__noise_101,S_03__snr_0__noise_101,signed_control_mechanism/logs/full/inference_resnet_0.json,e7fc21827ebcb86bdf4701a9b0812f98850a2c7667b905856b06ab8e88678d78,abf399d3e32dab7d6f1f035847ff1d5676bf0915004a2f30f4d46dc024f402cc,2158,True,True,0.0
89f65875c5bb8d117c9459d4fd5b4a0b5ca478184280f3743324a9870366974b,signed_control_mechanism/predictions/full/worker_resnet_1/seed_29/S_03__snr_0__noise_202.npz,resnet,29,S_03__snr_0__noise_202,S_03__snr_0__noise_202,signed_control_mechanism/logs/full/inference_resnet_1.json,2746ae398fabc06e8e68c8d364eaa8fd331fdf8a6c82453f8d3f0e51d1b7d4a2,abf399d3e32dab7d6f1f035847ff1d5676bf0915004a2f30f4d46dc024f402cc,2158,True,True,2.220446049250313e-16
d7e4a01b07d47e6d91cbd365614ab74cc1ac306a11ca5adeccd1e3bf0e65d09d,signed_control_mechanism/predictions/full/worker_resnet_0/seed_29/S_03__snr_0__noise_303.npz,resnet,29,S_03__snr_0__noise_303,S_03__snr_0__noise_303,signed_control_mechanism/logs/full/inference_resnet_0.json,e7fc21827ebcb86bdf4701a9b0812f98850a2c7667b905856b06ab8e88678d78,abf399d3e32dab7d6f1f035847ff1d5676bf0915004a2f30f4d46dc024f402cc,2158,True,True,0.0
ccb4c9a04f6852ccc224e75b72b55dd2fc78fec93f400eaf1e26f6d2194eb68d,signed_control_mechanism/predictions/full/worker_resnet_1/seed_29/S_03__snr_0__noise_404.npz,resnet,29,S_03__snr_0__noise_404,S_03__snr_0__noise_404,signed_control_mechanism/logs/full/inference_resnet_1.json,2746ae398fabc06e8e68c8d364eaa8fd331fdf8a6c82453f8d3f0e51d1b7d4a2,abf399d3e32dab7d6f1f035847ff1d5676bf0915004a2f30f4d46dc024f402cc,2158,True,True,0.0
afe4816b5ee483aa4f68950abced024b2340d00e24ab1585aff50f3ac0d60754,signed_control_mechanism/predictions/full/worker_resnet_0/seed_29/S_03__snr_0__noise_505.npz,resnet,29,S_03__snr_0__noise_505,S_03__snr_0__noise_505,signed_control_mechanism/logs/full/inference_resnet_0.json,e7fc21827ebcb86bdf4701a9b0812f98850a2c7667b905856b06ab8e88678d78,abf399d3e32dab7d6f1f035847ff1d5676bf0915004a2f30f4d46dc024f402cc,2158,True,True,0.0
afa10c22df32d57b7e97d3126c62eb692b81f77e2b3b071b44dce43f7d157b6d,signed_control_mechanism/predictions/full/worker_resnet_1/seed_29/S_03__snr_0__noise_8128.npz,resnet,29,S_03__snr_0__noise_8128,S_03__snr_0__noise_8128,signed_control_mechanism/logs/full/inference_resnet_1.json,2746ae398fabc06e8e68c8d364eaa8fd331fdf8a6c82453f8d3f0e51d1b7d4a2,abf399d3e32dab7d6f1f035847ff1d5676bf0915004a2f30f4d46dc024f402cc,2158,True,True,2.220446049250313e-16
fa1146010919bfd07ef766cb80a1aed594d7bf1354c77da8677e81d67bb75a9b,signed_control_mechanism/predictions/full/worker_resnet_0/seed_29/S_03__snr_10__noise_101.npz,resnet,29,S_03__snr_10__noise_101,S_03__snr_10__noise_101,signed_control_mechanism/logs/full/inference_resnet_0.json,e7fc21827ebcb86bdf4701a9b0812f98850a2c7667b905856b06ab8e88678d78,abf399d3e32dab7d6f1f035847ff1d5676bf0915004a2f30f4d46dc024f402cc,2158,True,True,1.1102230246251565e-16
9d108dbfe4fc648b9a77f005eeaa9ffaeef9fb0964e46587dfdea2823580a8c1,signed_control_mechanism/predictions/full/worker_resnet_1/seed_29/S_03__snr_10__noise_202.npz,resnet,29,S_03__snr_10__noise_202,S_03__snr_10__noise_202,signed_control_mechanism/logs/full/inference_resnet_1.json,2746ae398fabc06e8e68c8d364eaa8fd331fdf8a6c82453f8d3f0e51d1b7d4a2,abf399d3e32dab7d6f1f035847ff1d5676bf0915004a2f30f4d46dc024f402cc,2158,True,True,0.0
3d0058121c1982d4e4e996ee673905b15ce7433335ff5a87b8d1698efff3a67d,signed_control_mechanism/predictions/full/worker_resnet_0/seed_29/S_03__snr_10__noise_303.npz,resnet,29,S_03__snr_10__noise_303,S_03__snr_10__noise_303,signed_control_mechanism/logs/full/inference_resnet_0.json,e7fc21827ebcb86bdf4701a9b0812f98850a2c7667b905856b06ab8e88678d78,abf399d3e32dab7d6f1f035847ff1d5676bf0915004a2f30f4d46dc024f402cc,2158,True,True,3.3306690738754696e-16
a2410266c81454cc272418f42f31958fae207eab2c8dc5bca8e4cda278009fcd,signed_control_mechanism/predictions/full/worker_resnet_1/seed_29/S_03__snr_10__noise_404.npz,resnet,29,S_03__snr_10__noise_404,S_03__snr_10__noise_404,signed_control_mechanism/logs/full/inference_resnet_1.json,2746ae398fabc06e8e68c8d364eaa8fd331fdf8a6c82453f8d3f0e51d1b7d4a2,abf399d3e32dab7d6f1f035847ff1d5676bf0915004a2f30f4d46dc024f402cc,2158,True,True,2.220446049250313e-16
6d33b574fa621b42d3189236ce54248fdd63c5ac60f0c500dcd7bfc666f80687,signed_control_mechanism/predictions/full/worker_resnet_0/seed_29/S_03__snr_10__noise_505.npz,resnet,29,S_03__snr_10__noise_505,S_03__snr_10__noise_505,signed_control_mechanism/logs/full/inference_resnet_0.json,e7fc21827ebcb86bdf4701a9b0812f98850a2c7667b905856b06ab8e88678d78,abf399d3e32dab7d6f1f035847ff1d5676bf0915004a2f30f4d46dc024f402cc,2158,True,True,0.0
bd84c6d63df26698302ca3ff08ef1db80ac4e1ed6f9c6838f1f9b3e3e93e4da3,signed_control_mechanism/predictions/full/worker_resnet_1/seed_29/S_03__snr_10__noise_8128.npz,resnet,29,S_03__snr_10__noise_8128,S_03__snr_10__noise_8128,signed_control_mechanism/logs/full/inference_resnet_1.json,2746ae398fabc06e8e68c8d364eaa8fd331fdf8a6c82453f8d3f0e51d1b7d4a2,abf399d3e32dab7d6f1f035847ff1d5676bf0915004a2f30f4d46dc024f402cc,2158,True,True,1.1102230246251565e-16
c4a10ad0b9c9be7b288b84179eebfe17406bd084c9edadd30dfa46d86b4fae89,signed_control_mechanism/predictions/full/worker_resnet_0/seed_29/S_03__snr_5__noise_101.npz,resnet,29,S_03__snr_5__noise_101,S_03__snr_5__noise_101,signed_control_mechanism/logs/full/inference_resnet_0.json,e7fc21827ebcb86bdf4701a9b0812f98850a2c7667b905856b06ab8e88678d78,abf399d3e32dab7d6f1f035847ff1d5676bf0915004a2f30f4d46dc024f402cc,2158,True,True,0.0
4edf6a8882567a28cb1f841af1e3a7009c8a5d614271ea93d31635940a449a5c,signed_control_mechanism/predictions/full/worker_resnet_1/seed_29/S_03__snr_5__noise_202.npz,resnet,29,S_03__snr_5__noise_202,S_03__snr_5__noise_202,signed_control_mechanism/logs/full/inference_resnet_1.json,2746ae398fabc06e8e68c8d364eaa8fd331fdf8a6c82453f8d3f0e51d1b7d4a2,abf399d3e32dab7d6f1f035847ff1d5676bf0915004a2f30f4d46dc024f402cc,2158,True,True,0.0
7029e8edf8ba5fae65c2e260211a1e7267bb4b2a28c66487958b17f4c458b87d,signed_control_mechanism/predictions/full/worker_resnet_0/seed_29/S_03__snr_5__noise_303.npz,resnet,29,S_03__snr_5__noise_303,S_03__snr_5__noise_303,signed_control_mechanism/logs/full/inference_resnet_0.json,e7fc21827ebcb86bdf4701a9b0812f98850a2c7667b905856b06ab8e88678d78,abf399d3e32dab7d6f1f035847ff1d5676bf0915004a2f30f4d46dc024f402cc,2158,True,True,1.1102230246251565e-16
13b10332bd548f3cc8dbe6b5f88602025761e83efd75084c0dcbbc48106e6aa5,signed_control_mechanism/predictions/full/worker_resnet_1/seed_29/S_03__snr_5__noise_404.npz,resnet,29,S_03__snr_5__noise_404,S_03__snr_5__noise_404,signed_control_mechanism/logs/full/inference_resnet_1.json,2746ae398fabc06e8e68c8d364eaa8fd331fdf8a6c82453f8d3f0e51d1b7d4a2,abf399d3e32dab7d6f1f035847ff1d5676bf0915004a2f30f4d46dc024f402cc,2158,True,True,1.1102230246251565e-16
1a11d8ca9cf7fa22d04b6b714daec490b82e995c647a9bd370db60b1de71eea7,signed_control_mechanism/predictions/full/worker_resnet_0/seed_29/S_03__snr_5__noise_505.npz,resnet,29,S_03__snr_5__noise_505,S_03__snr_5__noise_505,signed_control_mechanism/logs/full/inference_resnet_0.json,e7fc21827ebcb86bdf4701a9b0812f98850a2c7667b905856b06ab8e88678d78,abf399d3e32dab7d6f1f035847ff1d5676bf0915004a2f30f4d46dc024f402cc,2158,True,True,0.0
25b1acf51c9a15b3fe595912b16f6ff2ac8219cb93577bb353c7f39410c6b3d8,signed_control_mechanism/predictions/full/worker_resnet_1/seed_29/S_03__snr_5__noise_8128.npz,resnet,29,S_03__snr_5__noise_8128,S_03__snr_5__noise_8128,signed_control_mechanism/logs/full/inference_resnet_1.json,2746ae398fabc06e8e68c8d364eaa8fd331fdf8a6c82453f8d3f0e51d1b7d4a2,abf399d3e32dab7d6f1f035847ff1d5676bf0915004a2f30f4d46dc024f402cc,2158,True,True,0.0
14ee1dd9e06128b568f3c9edabfca6939d119db195ab7be0f898dbcf9a168336,signed_control_mechanism/predictions/full/worker_resnet_1/seed_29/S_04__snr_0__noise_101.npz,resnet,29,S_04__snr_0__noise_101,S_04__snr_0__noise_101,signed_control_mechanism/logs/full/inference_resnet_1.json,2746ae398fabc06e8e68c8d364eaa8fd331fdf8a6c82453f8d3f0e51d1b7d4a2,abf399d3e32dab7d6f1f035847ff1d5676bf0915004a2f30f4d46dc024f402cc,2158,True,True,0.0
f74ec299610ae595e5563e0314e48fa06efda3a284759543bf86428e235dbb4a,signed_control_mechanism/predictions/full/worker_resnet_0/seed_29/S_04__snr_0__noise_202.npz,resnet,29,S_04__snr_0__noise_202,S_04__snr_0__noise_202,signed_control_mechanism/logs/full/inference_resnet_0.json,e7fc21827ebcb86bdf4701a9b0812f98850a2c7667b905856b06ab8e88678d78,abf399d3e32dab7d6f1f035847ff1d5676bf0915004a2f30f4d46dc024f402cc,2158,True,True,0.0
5f22745bb9f6d7d9458847a00a0a1e6f53940a221dae5c55c433e7f9e4ab1c5e,signed_control_mechanism/predictions/full/worker_resnet_1/seed_29/S_04__snr_0__noise_303.npz,resnet,29,S_04__snr_0__noise_303,S_04__snr_0__noise_303,signed_control_mechanism/logs/full/inference_resnet_1.json,2746ae398fabc06e8e68c8d364eaa8fd331fdf8a6c82453f8d3f0e51d1b7d4a2,abf399d3e32dab7d6f1f035847ff1d5676bf0915004a2f30f4d46dc024f402cc,2158,True,True,2.220446049250313e-16
ded19a841f51045e388059abcb03e2337171b7f5de2f436de7f0a67922d23bcb,signed_control_mechanism/predictions/full/worker_resnet_0/seed_29/S_04__snr_0__noise_404.npz,resnet,29,S_04__snr_0__noise_404,S_04__snr_0__noise_404,signed_control_mechanism/logs/full/inference_resnet_0.json,e7fc21827ebcb86bdf4701a9b0812f98850a2c7667b905856b06ab8e88678d78,abf399d3e32dab7d6f1f035847ff1d5676bf0915004a2f30f4d46dc024f402cc,2158,True,True,0.0
2bea645b478120e7a2e0e8ae32fb7fb9bd43d999df3b429bd945f8612ad5fe1f,signed_control_mechanism/predictions/full/worker_resnet_1/seed_29/S_04__snr_0__noise_505.npz,resnet,29,S_04__snr_0__noise_505,S_04__snr_0__noise_505,signed_control_mechanism/logs/full/inference_resnet_1.json,2746ae398fabc06e8e68c8d364eaa8fd331fdf8a6c82453f8d3f0e51d1b7d4a2,abf399d3e32dab7d6f1f035847ff1d5676bf0915004a2f30f4d46dc024f402cc,2158,True,True,0.0
bd48148ab3dc55c1bb3d57f455db3d80d33c94f65bed5367f5f60d231e02fad6,signed_control_mechanism/predictions/full/worker_resnet_0/seed_29/S_04__snr_0__noise_8128.npz,resnet,29,S_04__snr_0__noise_8128,S_04__snr_0__noise_8128,signed_control_mechanism/logs/full/inference_resnet_0.json,e7fc21827ebcb86bdf4701a9b0812f98850a2c7667b905856b06ab8e88678d78,abf399d3e32dab7d6f1f035847ff1d5676bf0915004a2f30f4d46dc024f402cc,2158,True,True,1.1102230246251565e-16
8b0b6242bd66e73442452de4a4d218aa2e71cfb3c967b34058c48e30e562471a,signed_control_mechanism/predictions/full/worker_resnet_1/seed_29/S_04__snr_10__noise_101.npz,resnet,29,S_04__snr_10__noise_101,S_04__snr_10__noise_101,signed_control_mechanism/logs/full/inference_resnet_1.json,2746ae398fabc06e8e68c8d364eaa8fd331fdf8a6c82453f8d3f0e51d1b7d4a2,abf399d3e32dab7d6f1f035847ff1d5676bf0915004a2f30f4d46dc024f402cc,2158,True,True,0.0
9a0fc04cfcdc23b44a05180c64632f7f907aaf4cd10f905540b8fd26f18265a4,signed_control_mechanism/predictions/full/worker_resnet_0/seed_29/S_04__snr_10__noise_202.npz,resnet,29,S_04__snr_10__noise_202,S_04__snr_10__noise_202,signed_control_mechanism/logs/full/inference_resnet_0.json,e7fc21827ebcb86bdf4701a9b0812f98850a2c7667b905856b06ab8e88678d78,abf399d3e32dab7d6f1f035847ff1d5676bf0915004a2f30f4d46dc024f402cc,2158,True,True,0.0
993203605f58526daa0f6ab94a5bcee155e302226f311c1c56e50042759c4afe,signed_control_mechanism/predictions/full/worker_resnet_1/seed_29/S_04__snr_10__noise_303.npz,resnet,29,S_04__snr_10__noise_303,S_04__snr_10__noise_303,signed_control_mechanism/logs/full/inference_resnet_1.json,2746ae398fabc06e8e68c8d364eaa8fd331fdf8a6c82453f8d3f0e51d1b7d4a2,abf399d3e32dab7d6f1f035847ff1d5676bf0915004a2f30f4d46dc024f402cc,2158,True,True,1.1102230246251565e-16
bda78638bb51a2f7d6f5bdacf422f4958bf6ac43b4d141ee79b094625de8bfb2,signed_control_mechanism/predictions/full/worker_resnet_0/seed_29/S_04__snr_10__noise_404.npz,resnet,29,S_04__snr_10__noise_404,S_04__snr_10__noise_404,signed_control_mechanism/logs/full/inference_resnet_0.json,e7fc21827ebcb86bdf4701a9b0812f98850a2c7667b905856b06ab8e88678d78,abf399d3e32dab7d6f1f035847ff1d5676bf0915004a2f30f4d46dc024f402cc,2158,True,True,0.0
94fcd10ee3f46f8936b75a61923f54ec3527aa2965b6ce97f88ca26e4b7b9121,signed_control_mechanism/predictions/full/worker_resnet_1/seed_29/S_04__snr_10__noise_505.npz,resnet,29,S_04__snr_10__noise_505,S_04__snr_10__noise_505,signed_control_mechanism/logs/full/inference_resnet_1.json,2746ae398fabc06e8e68c8d364eaa8fd331fdf8a6c82453f8d3f0e51d1b7d4a2,abf399d3e32dab7d6f1f035847ff1d5676bf0915004a2f30f4d46dc024f402cc,2158,True,True,0.0
e8fd4db78985cc7dfa467fff8f9a50b6b3273ea0a6ea435392d4696e12315f56,signed_control_mechanism/predictions/full/worker_resnet_0/seed_29/S_04__snr_10__noise_8128.npz,resnet,29,S_04__snr_10__noise_8128,S_04__snr_10__noise_8128,signed_control_mechanism/logs/full/inference_resnet_0.json,e7fc21827ebcb86bdf4701a9b0812f98850a2c7667b905856b06ab8e88678d78,abf399d3e32dab7d6f1f035847ff1d5676bf0915004a2f30f4d46dc024f402cc,2158,True,True,1.1102230246251565e-16
582e63043fbe57047e8c4d868ff831e5b0a396f0d570f51d087f4261e5faaf4c,signed_control_mechanism/predictions/full/worker_resnet_1/seed_29/S_04__snr_5__noise_101.npz,resnet,29,S_04__snr_5__noise_101,S_04__snr_5__noise_101,signed_control_mechanism/logs/full/inference_resnet_1.json,2746ae398fabc06e8e68c8d364eaa8fd331fdf8a6c82453f8d3f0e51d1b7d4a2,abf399d3e32dab7d6f1f035847ff1d5676bf0915004a2f30f4d46dc024f402cc,2158,True,True,0.0
1900185af72dd98b93cf493fc9b0f320e839fbbe893091d993217a5fcff14b56,signed_control_mechanism/predictions/full/worker_resnet_0/seed_29/S_04__snr_5__noise_202.npz,resnet,29,S_04__snr_5__noise_202,S_04__snr_5__noise_202,signed_control_mechanism/logs/full/inference_resnet_0.json,e7fc21827ebcb86bdf4701a9b0812f98850a2c7667b905856b06ab8e88678d78,abf399d3e32dab7d6f1f035847ff1d5676bf0915004a2f30f4d46dc024f402cc,2158,True,True,0.0
98326e89518dca291c4593dd869c70b72aa8c8ae4f8d878ed7bf6170897728a8,signed_control_mechanism/predictions/full/worker_resnet_1/seed_29/S_04__snr_5__noise_303.npz,resnet,29,S_04__snr_5__noise_303,S_04__snr_5__noise_303,signed_control_mechanism/logs/full/inference_resnet_1.json,2746ae398fabc06e8e68c8d364eaa8fd331fdf8a6c82453f8d3f0e51d1b7d4a2,abf399d3e32dab7d6f1f035847ff1d5676bf0915004a2f30f4d46dc024f402cc,2158,True,True,2.220446049250313e-16
f31763bba1fe339bcc1125f3f91f82f22b3fac852802d0cdb2d138c2ad902078,signed_control_mechanism/predictions/full/worker_resnet_0/seed_29/S_04__snr_5__noise_404.npz,resnet,29,S_04__snr_5__noise_404,S_04__snr_5__noise_404,signed_control_mechanism/logs/full/inference_resnet_0.json,e7fc21827ebcb86bdf4701a9b0812f98850a2c7667b905856b06ab8e88678d78,abf399d3e32dab7d6f1f035847ff1d5676bf0915004a2f30f4d46dc024f402cc,2158,True,True,0.0
9c53110acfd1ecc6c6e88c46e71f415c7234f8bf3672657a94d89a815e19dea0,signed_control_mechanism/predictions/full/worker_resnet_1/seed_29/S_04__snr_5__noise_505.npz,resnet,29,S_04__snr_5__noise_505,S_04__snr_5__noise_505,signed_control_mechanism/logs/full/inference_resnet_1.json,2746ae398fabc06e8e68c8d364eaa8fd331fdf8a6c82453f8d3f0e51d1b7d4a2,abf399d3e32dab7d6f1f035847ff1d5676bf0915004a2f30f4d46dc024f402cc,2158,True,True,0.0
4e381c65fbdb5f7527eaf6f1be8fd66863c624c6033a337a08e4e074a07c41bc,signed_control_mechanism/predictions/full/worker_resnet_0/seed_29/S_04__snr_5__noise_8128.npz,resnet,29,S_04__snr_5__noise_8128,S_04__snr_5__noise_8128,signed_control_mechanism/logs/full/inference_resnet_0.json,e7fc21827ebcb86bdf4701a9b0812f98850a2c7667b905856b06ab8e88678d78,abf399d3e32dab7d6f1f035847ff1d5676bf0915004a2f30f4d46dc024f402cc,2158,True,True,0.0
b9161d92e1713315ef5f4d4f8a046d80f8501ba219fb9e7800103dd605495a9a,methodology_supplement/results/predictions/full/resnet/seed_29/clean.npz,resnet,29,clean,clean,methodology_supplement/results/logs/full/inference_resnet_0.json,8c34291679df86ee9005f5ec8dae8741de853475e1f2870299ee2226b8bb3c51,71d6ecf41388929ce16b6bdc71dda3c8519feac3aa4fb04538d7bf7b1d42fbc2,0,True,True,0.0
3f806fd96bcd9d49111fd0da44b1848f264b364213157ea0697ed047713e5527,methodology_supplement/results/predictions/full/resnet/seed_43/standard__n101__electrode__snr0.npz,resnet,43,E__snr_0__noise_101,standard__n101__electrode__snr0,methodology_supplement/results/logs/full/inference_resnet_1.json,8c34291679df86ee9005f5ec8dae8741de853475e1f2870299ee2226b8bb3c51,71d6ecf41388929ce16b6bdc71dda3c8519feac3aa4fb04538d7bf7b1d42fbc2,2158,True,True,0.0
ef46b17de4eb0602447443b21d4ab740f1bda9715e28412bae5fea4ce78b4842,methodology_supplement/results/predictions/full/resnet/seed_43/standard__n202__electrode__snr0.npz,resnet,43,E__snr_0__noise_202,standard__n202__electrode__snr0,methodology_supplement/results/logs/full/inference_resnet_1.json,8c34291679df86ee9005f5ec8dae8741de853475e1f2870299ee2226b8bb3c51,71d6ecf41388929ce16b6bdc71dda3c8519feac3aa4fb04538d7bf7b1d42fbc2,2158,True,True,2.220446049250313e-16
93faae7b5d33a55704317fd115e70d5f114db78aa04fc52aa1f88af3ba42a1cc,methodology_supplement/results/predictions/full/resnet/seed_43/standard__n303__electrode__snr0.npz,resnet,43,E__snr_0__noise_303,standard__n303__electrode__snr0,methodology_supplement/results/logs/full/inference_resnet_1.json,8c34291679df86ee9005f5ec8dae8741de853475e1f2870299ee2226b8bb3c51,71d6ecf41388929ce16b6bdc71dda3c8519feac3aa4fb04538d7bf7b1d42fbc2,2158,True,True,0.0
a1928ee75deae7637671289e893097e42ed5c394cc800ff756de4f97cb8ea6df,methodology_supplement/results/predictions/full/resnet/seed_43/standard__n404__electrode__snr0.npz,resnet,43,E__snr_0__noise_404,standard__n404__electrode__snr0,methodology_supplement/results/logs/full/inference_resnet_1.json,8c34291679df86ee9005f5ec8dae8741de853475e1f2870299ee2226b8bb3c51,71d6ecf41388929ce16b6bdc71dda3c8519feac3aa4fb04538d7bf7b1d42fbc2,2158,True,True,0.0
7eaa152ed3d44e980198cc28e4f48175328e14325d2051a351a5c02d91606618,methodology_supplement/results/predictions/full/resnet/seed_43/standard__n505__electrode__snr0.npz,resnet,43,E__snr_0__noise_505,standard__n505__electrode__snr0,methodology_supplement/results/logs/full/inference_resnet_1.json,8c34291679df86ee9005f5ec8dae8741de853475e1f2870299ee2226b8bb3c51,71d6ecf41388929ce16b6bdc71dda3c8519feac3aa4fb04538d7bf7b1d42fbc2,2158,True,True,1.1102230246251565e-16
b5a83bec4259bfa96030e00b60a255a96b89c734acb635da98ab7fd91b8bcd27,methodology_supplement/results/predictions/full/resnet/seed_43/standard__n8128__electrode__snr0.npz,resnet,43,E__snr_0__noise_8128,standard__n8128__electrode__snr0,methodology_supplement/results/logs/full/inference_resnet_1.json,8c34291679df86ee9005f5ec8dae8741de853475e1f2870299ee2226b8bb3c51,71d6ecf41388929ce16b6bdc71dda3c8519feac3aa4fb04538d7bf7b1d42fbc2,2158,True,True,0.0
2dace61bff784be83ea6e2e829b25b7d8a0c91918568ac84e08e97c76da6d918,methodology_supplement/results/predictions/full/resnet/seed_43/standard__n101__electrode__snr10.npz,resnet,43,E__snr_10__noise_101,standard__n101__electrode__snr10,methodology_supplement/results/logs/full/inference_resnet_0.json,8c34291679df86ee9005f5ec8dae8741de853475e1f2870299ee2226b8bb3c51,71d6ecf41388929ce16b6bdc71dda3c8519feac3aa4fb04538d7bf7b1d42fbc2,2158,True,True,0.0
e52fae08629791e50ff61dd8e8dd25a20ff9ead7eb58feaa29b313dcb8a81620,methodology_supplement/results/predictions/full/resnet/seed_43/standard__n202__electrode__snr10.npz,resnet,43,E__snr_10__noise_202,standard__n202__electrode__snr10,methodology_supplement/results/logs/full/inference_resnet_0.json,8c34291679df86ee9005f5ec8dae8741de853475e1f2870299ee2226b8bb3c51,71d6ecf41388929ce16b6bdc71dda3c8519feac3aa4fb04538d7bf7b1d42fbc2,2158,True,True,0.0
c8eb5125e7d7e6ed59423be0c726ed44da20c2828fc00e08cf62d40d67905c7a,methodology_supplement/results/predictions/full/resnet/seed_43/standard__n303__electrode__snr10.npz,resnet,43,E__snr_10__noise_303,standard__n303__electrode__snr10,methodology_supplement/results/logs/full/inference_resnet_0.json,8c34291679df86ee9005f5ec8dae8741de853475e1f2870299ee2226b8bb3c51,71d6ecf41388929ce16b6bdc71dda3c8519feac3aa4fb04538d7bf7b1d42fbc2,2158,True,True,0.0
9e4df4e288ef19b024cf44a4c4d49796fb44f0a7ae90fe02957a7137a47e5c0a,methodology_supplement/results/predictions/full/resnet/seed_43/standard__n404__electrode__snr10.npz,resnet,43,E__snr_10__noise_404,standard__n404__electrode__snr10,methodology_supplement/results/logs/full/inference_resnet_0.json,8c34291679df86ee9005f5ec8dae8741de853475e1f2870299ee2226b8bb3c51,71d6ecf41388929ce16b6bdc71dda3c8519feac3aa4fb04538d7bf7b1d42fbc2,2158,True,True,0.0
3b4faffe8359e892904bef4afd80a58b1a1f07cb3d70989b4699027f03d82132,methodology_supplement/results/predictions/full/resnet/seed_43/standard__n505__electrode__snr10.npz,resnet,43,E__snr_10__noise_505,standard__n505__electrode__snr10,methodology_supplement/results/logs/full/inference_resnet_0.json,8c34291679df86ee9005f5ec8dae8741de853475e1f2870299ee2226b8bb3c51,71d6ecf41388929ce16b6bdc71dda3c8519feac3aa4fb04538d7bf7b1d42fbc2,2158,True,True,1.1102230246251565e-16
d52a8ebf06be7006ac16aaf17681dc0293cb5e9ab74de6fae40217502450b33a,methodology_supplement/results/predictions/full/resnet/seed_43/standard__n8128__electrode__snr10.npz,resnet,43,E__snr_10__noise_8128,standard__n8128__electrode__snr10,methodology_supplement/results/logs/full/inference_resnet_0.json,8c34291679df86ee9005f5ec8dae8741de853475e1f2870299ee2226b8bb3c51,71d6ecf41388929ce16b6bdc71dda3c8519feac3aa4fb04538d7bf7b1d42fbc2,2158,True,True,0.0
d922cd71d2dfc7cc3553cc543a4f518fd6fdac8cb3f4397808939a2c8271339e,methodology_supplement/results/predictions/full/resnet/seed_43/standard__n101__electrode__snr5.npz,resnet,43,E__snr_5__noise_101,standard__n101__electrode__snr5,methodology_supplement/results/logs/full/inference_resnet_1.json,8c34291679df86ee9005f5ec8dae8741de853475e1f2870299ee2226b8bb3c51,71d6ecf41388929ce16b6bdc71dda3c8519feac3aa4fb04538d7bf7b1d42fbc2,2158,True,True,0.0
dafa7abc1b1c2bd7a10f70adadf43ff821e5dc8fe4a9ac69588571d9333595ee,methodology_supplement/results/predictions/full/resnet/seed_43/standard__n202__electrode__snr5.npz,resnet,43,E__snr_5__noise_202,standard__n202__electrode__snr5,methodology_supplement/results/logs/full/inference_resnet_1.json,8c34291679df86ee9005f5ec8dae8741de853475e1f2870299ee2226b8bb3c51,71d6ecf41388929ce16b6bdc71dda3c8519feac3aa4fb04538d7bf7b1d42fbc2,2158,True,True,0.0
d4e71ba2653a9af2ca5f93c9dd003f0e3e2ea668725a7505ffa1b9445febd53a,methodology_supplement/results/predictions/full/resnet/seed_43/standard__n303__electrode__snr5.npz,resnet,43,E__snr_5__noise_303,standard__n303__electrode__snr5,methodology_supplement/results/logs/full/inference_resnet_1.json,8c34291679df86ee9005f5ec8dae8741de853475e1f2870299ee2226b8bb3c51,71d6ecf41388929ce16b6bdc71dda3c8519feac3aa4fb04538d7bf7b1d42fbc2,2158,True,True,0.0
b031f9082e9cdd76b4b7d90d3d79ef90efaa48365c5a8c510b14ea693c86301e,methodology_supplement/results/predictions/full/resnet/seed_43/standard__n404__electrode__snr5.npz,resnet,43,E__snr_5__noise_404,standard__n404__electrode__snr5,methodology_supplement/results/logs/full/inference_resnet_1.json,8c34291679df86ee9005f5ec8dae8741de853475e1f2870299ee2226b8bb3c51,71d6ecf41388929ce16b6bdc71dda3c8519feac3aa4fb04538d7bf7b1d42fbc2,2158,True,True,0.0
6706515a748881194a263a6fdcd7f4fda184961b908e9d4030a4dc2e55569372,methodology_supplement/results/predictions/full/resnet/seed_43/standard__n505__electrode__snr5.npz,resnet,43,E__snr_5__noise_505,standard__n505__electrode__snr5,methodology_supplement/results/logs/full/inference_resnet_1.json,8c34291679df86ee9005f5ec8dae8741de853475e1f2870299ee2226b8bb3c51,71d6ecf41388929ce16b6bdc71dda3c8519feac3aa4fb04538d7bf7b1d42fbc2,2158,True,True,0.0
051c73f431e0c136990de5a102479a7db85daea15f6c5dbadfee26d297e16ad7,methodology_supplement/results/predictions/full/resnet/seed_43/standard__n8128__electrode__snr5.npz,resnet,43,E__snr_5__noise_8128,standard__n8128__electrode__snr5,methodology_supplement/results/logs/full/inference_resnet_1.json,8c34291679df86ee9005f5ec8dae8741de853475e1f2870299ee2226b8bb3c51,71d6ecf41388929ce16b6bdc71dda3c8519feac3aa4fb04538d7bf7b1d42fbc2,2158,True,True,0.0
715f177b03ee3c85dd5e077f33d6603d868a149ac3df983f2fb072be59d367a1,methodology_supplement/results/predictions/full/resnet/seed_43/standard__n101__independent_rms__snr0.npz,resnet,43,I__snr_0__noise_101,standard__n101__independent_rms__snr0,methodology_supplement/results/logs/full/inference_resnet_0.json,8c34291679df86ee9005f5ec8dae8741de853475e1f2870299ee2226b8bb3c51,71d6ecf41388929ce16b6bdc71dda3c8519feac3aa4fb04538d7bf7b1d42fbc2,2158,True,True,0.0
5dbc7075d14e955d490b6f0e2ec3cd4ced72100538d1ce92d88cd888af0cde89,methodology_supplement/results/predictions/full/resnet/seed_43/standard__n202__independent_rms__snr0.npz,resnet,43,I__snr_0__noise_202,standard__n202__independent_rms__snr0,methodology_supplement/results/logs/full/inference_resnet_0.json,8c34291679df86ee9005f5ec8dae8741de853475e1f2870299ee2226b8bb3c51,71d6ecf41388929ce16b6bdc71dda3c8519feac3aa4fb04538d7bf7b1d42fbc2,2158,True,True,1.1102230246251565e-16
a267d13c22d3b7355dc07f6e95d7fb5a5d6a9e4313a1ad557d4bb2d23c2e3023,methodology_supplement/results/predictions/full/resnet/seed_43/standard__n303__independent_rms__snr0.npz,resnet,43,I__snr_0__noise_303,standard__n303__independent_rms__snr0,methodology_supplement/results/logs/full/inference_resnet_0.json,8c34291679df86ee9005f5ec8dae8741de853475e1f2870299ee2226b8bb3c51,71d6ecf41388929ce16b6bdc71dda3c8519feac3aa4fb04538d7bf7b1d42fbc2,2158,True,True,0.0
acc8ed370d686ce8c440744254d58c4f9c2812e83aecab56ae329fcb1149d169,methodology_supplement/results/predictions/full/resnet/seed_43/standard__n404__independent_rms__snr0.npz,resnet,43,I__snr_0__noise_404,standard__n404__independent_rms__snr0,methodology_supplement/results/logs/full/inference_resnet_0.json,8c34291679df86ee9005f5ec8dae8741de853475e1f2870299ee2226b8bb3c51,71d6ecf41388929ce16b6bdc71dda3c8519feac3aa4fb04538d7bf7b1d42fbc2,2158,True,True,0.0
cd822e34dccfedb8239a18fa2bcd2a349ef0d5d6f9525490b122dbb2b12ce8bb,methodology_supplement/results/predictions/full/resnet/seed_43/standard__n505__independent_rms__snr0.npz,resnet,43,I__snr_0__noise_505,standard__n505__independent_rms__snr0,methodology_supplement/results/logs/full/inference_resnet_0.json,8c34291679df86ee9005f5ec8dae8741de853475e1f2870299ee2226b8bb3c51,71d6ecf41388929ce16b6bdc71dda3c8519feac3aa4fb04538d7bf7b1d42fbc2,2158,True,True,1.1102230246251565e-16
71536aa76d81831553b0b48c772a33366f4000008d5f22e77eafbaed8ac3988a,methodology_supplement/results/predictions/full/resnet/seed_43/standard__n8128__independent_rms__snr0.npz,resnet,43,I__snr_0__noise_8128,standard__n8128__independent_rms__snr0,methodology_supplement/results/logs/full/inference_resnet_0.json,8c34291679df86ee9005f5ec8dae8741de853475e1f2870299ee2226b8bb3c51,71d6ecf41388929ce16b6bdc71dda3c8519feac3aa4fb04538d7bf7b1d42fbc2,2158,True,True,0.0
0d8e7888fa4b84c75a53521907c327d116451a540e9524c41abd0ff32e62ee18,methodology_supplement/results/predictions/full/resnet/seed_43/standard__n101__independent_rms__snr10.npz,resnet,43,I__snr_10__noise_101,standard__n101__independent_rms__snr10,methodology_supplement/results/logs/full/inference_resnet_1.json,8c34291679df86ee9005f5ec8dae8741de853475e1f2870299ee2226b8bb3c51,71d6ecf41388929ce16b6bdc71dda3c8519feac3aa4fb04538d7bf7b1d42fbc2,2158,True,True,1.1102230246251565e-16
385005bc46869d38c328302bd3f324d4358e79844d977761aa9ee6e7427fe574,methodology_supplement/results/predictions/full/resnet/seed_43/standard__n202__independent_rms__snr10.npz,resnet,43,I__snr_10__noise_202,standard__n202__independent_rms__snr10,methodology_supplement/results/logs/full/inference_resnet_1.json,8c34291679df86ee9005f5ec8dae8741de853475e1f2870299ee2226b8bb3c51,71d6ecf41388929ce16b6bdc71dda3c8519feac3aa4fb04538d7bf7b1d42fbc2,2158,True,True,0.0
e7490b557d86d6933677e0dd7d645a71b51498b5d9805bee09445d2df6b481bd,methodology_supplement/results/predictions/full/resnet/seed_43/standard__n303__independent_rms__snr10.npz,resnet,43,I__snr_10__noise_303,standard__n303__independent_rms__snr10,methodology_supplement/results/logs/full/inference_resnet_1.json,8c34291679df86ee9005f5ec8dae8741de853475e1f2870299ee2226b8bb3c51,71d6ecf41388929ce16b6bdc71dda3c8519feac3aa4fb04538d7bf7b1d42fbc2,2158,True,True,0.0
16e04e5ccfaafcdb120725adcb4c6e057ae0d776a917e24265c172aec185a52d,methodology_supplement/results/predictions/full/resnet/seed_43/standard__n404__independent_rms__snr10.npz,resnet,43,I__snr_10__noise_404,standard__n404__independent_rms__snr10,methodology_supplement/results/logs/full/inference_resnet_1.json,8c34291679df86ee9005f5ec8dae8741de853475e1f2870299ee2226b8bb3c51,71d6ecf41388929ce16b6bdc71dda3c8519feac3aa4fb04538d7bf7b1d42fbc2,2158,True,True,0.0
e479b2cb7e5f51613b4373ceabccbd0ecdeb3dc00438b3cfe268e652f1df1c30,methodology_supplement/results/predictions/full/resnet/seed_43/standard__n505__independent_rms__snr10.npz,resnet,43,I__snr_10__noise_505,standard__n505__independent_rms__snr10,methodology_supplement/results/logs/full/inference_resnet_1.json,8c34291679df86ee9005f5ec8dae8741de853475e1f2870299ee2226b8bb3c51,71d6ecf41388929ce16b6bdc71dda3c8519feac3aa4fb04538d7bf7b1d42fbc2,2158,True,True,0.0
872012ad81e0531cb4c48846e827b0dbf251de264a835f5ef9e05c3cd4b10f30,methodology_supplement/results/predictions/full/resnet/seed_43/standard__n8128__independent_rms__snr10.npz,resnet,43,I__snr_10__noise_8128,standard__n8128__independent_rms__snr10,methodology_supplement/results/logs/full/inference_resnet_1.json,8c34291679df86ee9005f5ec8dae8741de853475e1f2870299ee2226b8bb3c51,71d6ecf41388929ce16b6bdc71dda3c8519feac3aa4fb04538d7bf7b1d42fbc2,2158,True,True,0.0
b7b6f9bd9e74f9b98860b6b58f8e042b887af93154823045ca9fa2cad5809198,methodology_supplement/results/predictions/full/resnet/seed_43/standard__n101__independent_rms__snr5.npz,resnet,43,I__snr_5__noise_101,standard__n101__independent_rms__snr5,methodology_supplement/results/logs/full/inference_resnet_0.json,8c34291679df86ee9005f5ec8dae8741de853475e1f2870299ee2226b8bb3c51,71d6ecf41388929ce16b6bdc71dda3c8519feac3aa4fb04538d7bf7b1d42fbc2,2158,True,True,0.0
3737b06853d1f5659a1e7508079507ae0a3bcef8126ea5f6962959fb200439ff,methodology_supplement/results/predictions/full/resnet/seed_43/standard__n202__independent_rms__snr5.npz,resnet,43,I__snr_5__noise_202,standard__n202__independent_rms__snr5,methodology_supplement/results/logs/full/inference_resnet_0.json,8c34291679df86ee9005f5ec8dae8741de853475e1f2870299ee2226b8bb3c51,71d6ecf41388929ce16b6bdc71dda3c8519feac3aa4fb04538d7bf7b1d42fbc2,2158,True,True,0.0
3b3dc9b20aeccd9c7b5ee6145a8df43531829952ebcdd682fa380658e2e9d0ef,methodology_supplement/results/predictions/full/resnet/seed_43/standard__n303__independent_rms__snr5.npz,resnet,43,I__snr_5__noise_303,standard__n303__independent_rms__snr5,methodology_supplement/results/logs/full/inference_resnet_0.json,8c34291679df86ee9005f5ec8dae8741de853475e1f2870299ee2226b8bb3c51,71d6ecf41388929ce16b6bdc71dda3c8519feac3aa4fb04538d7bf7b1d42fbc2,2158,True,True,0.0
6f3ec3c072bab0c8024484f31fef14d9335be0a2fc6cca831a8dd4f0fc69e53a,methodology_supplement/results/predictions/full/resnet/seed_43/standard__n404__independent_rms__snr5.npz,resnet,43,I__snr_5__noise_404,standard__n404__independent_rms__snr5,methodology_supplement/results/logs/full/inference_resnet_0.json,8c34291679df86ee9005f5ec8dae8741de853475e1f2870299ee2226b8bb3c51,71d6ecf41388929ce16b6bdc71dda3c8519feac3aa4fb04538d7bf7b1d42fbc2,2158,True,True,2.220446049250313e-16
0926173af73c1f006a547d7476c264da0175edbb230bf82f30faa698b229ec82,methodology_supplement/results/predictions/full/resnet/seed_43/standard__n505__independent_rms__snr5.npz,resnet,43,I__snr_5__noise_505,standard__n505__independent_rms__snr5,methodology_supplement/results/logs/full/inference_resnet_0.json,8c34291679df86ee9005f5ec8dae8741de853475e1f2870299ee2226b8bb3c51,71d6ecf41388929ce16b6bdc71dda3c8519feac3aa4fb04538d7bf7b1d42fbc2,2158,True,True,0.0
453ad163af54666c70ad8bbb00ccd989a2600a3f534b086601396f5ca3ab7fec,methodology_supplement/results/predictions/full/resnet/seed_43/standard__n8128__independent_rms__snr5.npz,resnet,43,I__snr_5__noise_8128,standard__n8128__independent_rms__snr5,methodology_supplement/results/logs/full/inference_resnet_0.json,8c34291679df86ee9005f5ec8dae8741de853475e1f2870299ee2226b8bb3c51,71d6ecf41388929ce16b6bdc71dda3c8519feac3aa4fb04538d7bf7b1d42fbc2,2158,True,True,1.1102230246251565e-16
16881a1f308e8c37c697a813df30e5b8d524781bb617bad8c7a54a81b2e64875,signed_control_mechanism/predictions/full/worker_resnet_1/seed_43/S_00__snr_0__noise_101.npz,resnet,43,S_00__snr_0__noise_101,S_00__snr_0__noise_101,signed_control_mechanism/logs/full/inference_resnet_1.json,2746ae398fabc06e8e68c8d364eaa8fd331fdf8a6c82453f8d3f0e51d1b7d4a2,abf399d3e32dab7d6f1f035847ff1d5676bf0915004a2f30f4d46dc024f402cc,2158,True,True,2.220446049250313e-16
f65865ea18b9cd47bd9303697765a01019c9c3269f264e2cd4b686100714fd1e,signed_control_mechanism/predictions/full/worker_resnet_0/seed_43/S_00__snr_0__noise_202.npz,resnet,43,S_00__snr_0__noise_202,S_00__snr_0__noise_202,signed_control_mechanism/logs/full/inference_resnet_0.json,e7fc21827ebcb86bdf4701a9b0812f98850a2c7667b905856b06ab8e88678d78,abf399d3e32dab7d6f1f035847ff1d5676bf0915004a2f30f4d46dc024f402cc,2158,True,True,1.1102230246251565e-16
c1246266a31aace2f3a84a3daed0e80ac4de662f5a55af15d45e388337e002b7,signed_control_mechanism/predictions/full/worker_resnet_1/seed_43/S_00__snr_0__noise_303.npz,resnet,43,S_00__snr_0__noise_303,S_00__snr_0__noise_303,signed_control_mechanism/logs/full/inference_resnet_1.json,2746ae398fabc06e8e68c8d364eaa8fd331fdf8a6c82453f8d3f0e51d1b7d4a2,abf399d3e32dab7d6f1f035847ff1d5676bf0915004a2f30f4d46dc024f402cc,2158,True,True,0.0
cc5e772f3419f30c79194a90755bdbad62dad65450cf8952e03808cd9371861b,signed_control_mechanism/predictions/full/worker_resnet_0/seed_43/S_00__snr_0__noise_404.npz,resnet,43,S_00__snr_0__noise_404,S_00__snr_0__noise_404,signed_control_mechanism/logs/full/inference_resnet_0.json,e7fc21827ebcb86bdf4701a9b0812f98850a2c7667b905856b06ab8e88678d78,abf399d3e32dab7d6f1f035847ff1d5676bf0915004a2f30f4d46dc024f402cc,2158,True,True,2.220446049250313e-16
4e74b9f9169b7ca61c50aef5ec5f8367f71e7e1bd6bcf755ba35168280a67841,signed_control_mechanism/predictions/full/worker_resnet_1/seed_43/S_00__snr_0__noise_505.npz,resnet,43,S_00__snr_0__noise_505,S_00__snr_0__noise_505,signed_control_mechanism/logs/full/inference_resnet_1.json,2746ae398fabc06e8e68c8d364eaa8fd331fdf8a6c82453f8d3f0e51d1b7d4a2,abf399d3e32dab7d6f1f035847ff1d5676bf0915004a2f30f4d46dc024f402cc,2158,True,True,0.0
431f553ecfcc6d0807468889f5086f3780cfb1adf00eba441ce9ad84ea183e89,signed_control_mechanism/predictions/full/worker_resnet_0/seed_43/S_00__snr_0__noise_8128.npz,resnet,43,S_00__snr_0__noise_8128,S_00__snr_0__noise_8128,signed_control_mechanism/logs/full/inference_resnet_0.json,e7fc21827ebcb86bdf4701a9b0812f98850a2c7667b905856b06ab8e88678d78,abf399d3e32dab7d6f1f035847ff1d5676bf0915004a2f30f4d46dc024f402cc,2158,True,True,0.0
d57b956680c237ae4696b677443ee0baedd0452b183acef8648a510bf7c56d27,signed_control_mechanism/predictions/full/worker_resnet_1/seed_43/S_00__snr_10__noise_101.npz,resnet,43,S_00__snr_10__noise_101,S_00__snr_10__noise_101,signed_control_mechanism/logs/full/inference_resnet_1.json,2746ae398fabc06e8e68c8d364eaa8fd331fdf8a6c82453f8d3f0e51d1b7d4a2,abf399d3e32dab7d6f1f035847ff1d5676bf0915004a2f30f4d46dc024f402cc,2158,True,True,3.3306690738754696e-16
8e5eff457ef024ee6eddc6b804272e228e253e7ffb77ab669d364bf127f4feeb,signed_control_mechanism/predictions/full/worker_resnet_0/seed_43/S_00__snr_10__noise_202.npz,resnet,43,S_00__snr_10__noise_202,S_00__snr_10__noise_202,signed_control_mechanism/logs/full/inference_resnet_0.json,e7fc21827ebcb86bdf4701a9b0812f98850a2c7667b905856b06ab8e88678d78,abf399d3e32dab7d6f1f035847ff1d5676bf0915004a2f30f4d46dc024f402cc,2158,True,True,0.0
ac56f7173e866bf4a1627091c95a261ca149e5d517b8d8d69cee59dc3430de05,signed_control_mechanism/predictions/full/worker_resnet_1/seed_43/S_00__snr_10__noise_303.npz,resnet,43,S_00__snr_10__noise_303,S_00__snr_10__noise_303,signed_control_mechanism/logs/full/inference_resnet_1.json,2746ae398fabc06e8e68c8d364eaa8fd331fdf8a6c82453f8d3f0e51d1b7d4a2,abf399d3e32dab7d6f1f035847ff1d5676bf0915004a2f30f4d46dc024f402cc,2158,True,True,2.220446049250313e-16
fbb0178e634a7e691ff1a9796f9c79c5df9b43a550185a3730bd512fc4ebf6b1,signed_control_mechanism/predictions/full/worker_resnet_0/seed_43/S_00__snr_10__noise_404.npz,resnet,43,S_00__snr_10__noise_404,S_00__snr_10__noise_404,signed_control_mechanism/logs/full/inference_resnet_0.json,e7fc21827ebcb86bdf4701a9b0812f98850a2c7667b905856b06ab8e88678d78,abf399d3e32dab7d6f1f035847ff1d5676bf0915004a2f30f4d46dc024f402cc,2158,True,True,2.220446049250313e-16
209498e9e440f84005a11fa2a8f5e29170d882762c82f50ee83c1480cc48c94a,signed_control_mechanism/predictions/full/worker_resnet_1/seed_43/S_00__snr_10__noise_505.npz,resnet,43,S_00__snr_10__noise_505,S_00__snr_10__noise_505,signed_control_mechanism/logs/full/inference_resnet_1.json,2746ae398fabc06e8e68c8d364eaa8fd331fdf8a6c82453f8d3f0e51d1b7d4a2,abf399d3e32dab7d6f1f035847ff1d5676bf0915004a2f30f4d46dc024f402cc,2158,True,True,0.0
5eeeb0b97e78429deb3b9ccf33e060569373aa9b66a514c6cf0b430e46913d81,signed_control_mechanism/predictions/full/worker_resnet_0/seed_43/S_00__snr_10__noise_8128.npz,resnet,43,S_00__snr_10__noise_8128,S_00__snr_10__noise_8128,signed_control_mechanism/logs/full/inference_resnet_0.json,e7fc21827ebcb86bdf4701a9b0812f98850a2c7667b905856b06ab8e88678d78,abf399d3e32dab7d6f1f035847ff1d5676bf0915004a2f30f4d46dc024f402cc,2158,True,True,1.1102230246251565e-16
160e516562b9b152fb419508a206b15edf43e668c55342e5fa6ffefb2b828741,signed_control_mechanism/predictions/full/worker_resnet_1/seed_43/S_00__snr_5__noise_101.npz,resnet,43,S_00__snr_5__noise_101,S_00__snr_5__noise_101,signed_control_mechanism/logs/full/inference_resnet_1.json,2746ae398fabc06e8e68c8d364eaa8fd331fdf8a6c82453f8d3f0e51d1b7d4a2,abf399d3e32dab7d6f1f035847ff1d5676bf0915004a2f30f4d46dc024f402cc,2158,True,True,0.0
d0cea3e3f068e0f48de053418a1a6cd1eb15766f9639f100ef119da353c1e9f1,signed_control_mechanism/predictions/full/worker_resnet_0/seed_43/S_00__snr_5__noise_202.npz,resnet,43,S_00__snr_5__noise_202,S_00__snr_5__noise_202,signed_control_mechanism/logs/full/inference_resnet_0.json,e7fc21827ebcb86bdf4701a9b0812f98850a2c7667b905856b06ab8e88678d78,abf399d3e32dab7d6f1f035847ff1d5676bf0915004a2f30f4d46dc024f402cc,2158,True,True,0.0
0270edad09db6451f5a4816e7754b7610c6126b32e75d522d03ad79ca8b451c4,signed_control_mechanism/predictions/full/worker_resnet_1/seed_43/S_00__snr_5__noise_303.npz,resnet,43,S_00__snr_5__noise_303,S_00__snr_5__noise_303,signed_control_mechanism/logs/full/inference_resnet_1.json,2746ae398fabc06e8e68c8d364eaa8fd331fdf8a6c82453f8d3f0e51d1b7d4a2,abf399d3e32dab7d6f1f035847ff1d5676bf0915004a2f30f4d46dc024f402cc,2158,True,True,1.1102230246251565e-16
ac00e6c9beb6c5eebabd7e82b7aa6b4bb85a4f91f15b21a9fe0e05e9d1d1b9bc,signed_control_mechanism/predictions/full/worker_resnet_0/seed_43/S_00__snr_5__noise_404.npz,resnet,43,S_00__snr_5__noise_404,S_00__snr_5__noise_404,signed_control_mechanism/logs/full/inference_resnet_0.json,e7fc21827ebcb86bdf4701a9b0812f98850a2c7667b905856b06ab8e88678d78,abf399d3e32dab7d6f1f035847ff1d5676bf0915004a2f30f4d46dc024f402cc,2158,True,True,1.1102230246251565e-16
478133125d8164923cd8a238091d40d13916cfb72c96b00f7244de086b8bea31,signed_control_mechanism/predictions/full/worker_resnet_1/seed_43/S_00__snr_5__noise_505.npz,resnet,43,S_00__snr_5__noise_505,S_00__snr_5__noise_505,signed_control_mechanism/logs/full/inference_resnet_1.json,2746ae398fabc06e8e68c8d364eaa8fd331fdf8a6c82453f8d3f0e51d1b7d4a2,abf399d3e32dab7d6f1f035847ff1d5676bf0915004a2f30f4d46dc024f402cc,2158,True,True,2.220446049250313e-16
fcd7616303b04ec710fd4f27a607c79ec57ad3b6c641cd3db0f8cad6769f35b6,signed_control_mechanism/predictions/full/worker_resnet_0/seed_43/S_00__snr_5__noise_8128.npz,resnet,43,S_00__snr_5__noise_8128,S_00__snr_5__noise_8128,signed_control_mechanism/logs/full/inference_resnet_0.json,e7fc21827ebcb86bdf4701a9b0812f98850a2c7667b905856b06ab8e88678d78,abf399d3e32dab7d6f1f035847ff1d5676bf0915004a2f30f4d46dc024f402cc,2158,True,True,0.0
6f3962d16e051de42917ab36f423749600af6d229306565729324cf3f7e19ec0,signed_control_mechanism/predictions/full/worker_resnet_0/seed_43/S_01__snr_0__noise_101.npz,resnet,43,S_01__snr_0__noise_101,S_01__snr_0__noise_101,signed_control_mechanism/logs/full/inference_resnet_0.json,e7fc21827ebcb86bdf4701a9b0812f98850a2c7667b905856b06ab8e88678d78,abf399d3e32dab7d6f1f035847ff1d5676bf0915004a2f30f4d46dc024f402cc,2158,True,True,0.0
a66a23f56b3df41c4acb41767abb5a4ac516f585b345401ad74117907c57b278,signed_control_mechanism/predictions/full/worker_resnet_1/seed_43/S_01__snr_0__noise_202.npz,resnet,43,S_01__snr_0__noise_202,S_01__snr_0__noise_202,signed_control_mechanism/logs/full/inference_resnet_1.json,2746ae398fabc06e8e68c8d364eaa8fd331fdf8a6c82453f8d3f0e51d1b7d4a2,abf399d3e32dab7d6f1f035847ff1d5676bf0915004a2f30f4d46dc024f402cc,2158,True,True,0.0
8bc1c77a26840502d11d747d1bf7c812930a73500d061d553627aa8dc336b802,signed_control_mechanism/predictions/full/worker_resnet_0/seed_43/S_01__snr_0__noise_303.npz,resnet,43,S_01__snr_0__noise_303,S_01__snr_0__noise_303,signed_control_mechanism/logs/full/inference_resnet_0.json,e7fc21827ebcb86bdf4701a9b0812f98850a2c7667b905856b06ab8e88678d78,abf399d3e32dab7d6f1f035847ff1d5676bf0915004a2f30f4d46dc024f402cc,2158,True,True,1.1102230246251565e-16
cfbf5fa5932dc8fc0e0ee29af8fcd48afdf0e60f485e45a140cab98a2ebe157d,signed_control_mechanism/predictions/full/worker_resnet_1/seed_43/S_01__snr_0__noise_404.npz,resnet,43,S_01__snr_0__noise_404,S_01__snr_0__noise_404,signed_control_mechanism/logs/full/inference_resnet_1.json,2746ae398fabc06e8e68c8d364eaa8fd331fdf8a6c82453f8d3f0e51d1b7d4a2,abf399d3e32dab7d6f1f035847ff1d5676bf0915004a2f30f4d46dc024f402cc,2158,True,True,0.0
9cc938385e492f8cdfc31765d33ce35678b23f8a1fedd426fb9c0822ccff795d,signed_control_mechanism/predictions/full/worker_resnet_0/seed_43/S_01__snr_0__noise_505.npz,resnet,43,S_01__snr_0__noise_505,S_01__snr_0__noise_505,signed_control_mechanism/logs/full/inference_resnet_0.json,e7fc21827ebcb86bdf4701a9b0812f98850a2c7667b905856b06ab8e88678d78,abf399d3e32dab7d6f1f035847ff1d5676bf0915004a2f30f4d46dc024f402cc,2158,True,True,0.0
ac84439fce032022c6cfd36e234fb6262287f5d068ce56c487cf27e78991dfc0,signed_control_mechanism/predictions/full/worker_resnet_1/seed_43/S_01__snr_0__noise_8128.npz,resnet,43,S_01__snr_0__noise_8128,S_01__snr_0__noise_8128,signed_control_mechanism/logs/full/inference_resnet_1.json,2746ae398fabc06e8e68c8d364eaa8fd331fdf8a6c82453f8d3f0e51d1b7d4a2,abf399d3e32dab7d6f1f035847ff1d5676bf0915004a2f30f4d46dc024f402cc,2158,True,True,0.0
6b043caf0303602caf1b47ba13002f1ed45d152d2375d93b64446b670184011b,signed_control_mechanism/predictions/full/worker_resnet_0/seed_43/S_01__snr_10__noise_101.npz,resnet,43,S_01__snr_10__noise_101,S_01__snr_10__noise_101,signed_control_mechanism/logs/full/inference_resnet_0.json,e7fc21827ebcb86bdf4701a9b0812f98850a2c7667b905856b06ab8e88678d78,abf399d3e32dab7d6f1f035847ff1d5676bf0915004a2f30f4d46dc024f402cc,2158,True,True,0.0
d89211e90b714fe90c9aa8d1a254a6542f6314d420374ef2ac259c99a9437265,signed_control_mechanism/predictions/full/worker_resnet_1/seed_43/S_01__snr_10__noise_202.npz,resnet,43,S_01__snr_10__noise_202,S_01__snr_10__noise_202,signed_control_mechanism/logs/full/inference_resnet_1.json,2746ae398fabc06e8e68c8d364eaa8fd331fdf8a6c82453f8d3f0e51d1b7d4a2,abf399d3e32dab7d6f1f035847ff1d5676bf0915004a2f30f4d46dc024f402cc,2158,True,True,0.0
036de204264eb79771fcb5560283a5eb6a450d31c7c521a165d14f9aebfb7fae,signed_control_mechanism/predictions/full/worker_resnet_0/seed_43/S_01__snr_10__noise_303.npz,resnet,43,S_01__snr_10__noise_303,S_01__snr_10__noise_303,signed_control_mechanism/logs/full/inference_resnet_0.json,e7fc21827ebcb86bdf4701a9b0812f98850a2c7667b905856b06ab8e88678d78,abf399d3e32dab7d6f1f035847ff1d5676bf0915004a2f30f4d46dc024f402cc,2158,True,True,0.0
064086017c033deceb23982a259100e159744075cbe1038724e087cd7d1f6ec6,signed_control_mechanism/predictions/full/worker_resnet_1/seed_43/S_01__snr_10__noise_404.npz,resnet,43,S_01__snr_10__noise_404,S_01__snr_10__noise_404,signed_control_mechanism/logs/full/inference_resnet_1.json,2746ae398fabc06e8e68c8d364eaa8fd331fdf8a6c82453f8d3f0e51d1b7d4a2,abf399d3e32dab7d6f1f035847ff1d5676bf0915004a2f30f4d46dc024f402cc,2158,True,True,0.0
ed4cabb19eb38c5ecc73fe900153d7f6c3b9226273c5d80946f750fa02b3d455,signed_control_mechanism/predictions/full/worker_resnet_0/seed_43/S_01__snr_10__noise_505.npz,resnet,43,S_01__snr_10__noise_505,S_01__snr_10__noise_505,signed_control_mechanism/logs/full/inference_resnet_0.json,e7fc21827ebcb86bdf4701a9b0812f98850a2c7667b905856b06ab8e88678d78,abf399d3e32dab7d6f1f035847ff1d5676bf0915004a2f30f4d46dc024f402cc,2158,True,True,0.0
32d8bb6b35f6840299a697f964d1d56cd7abbbd19682672c6c6aafcacc093a4b,signed_control_mechanism/predictions/full/worker_resnet_1/seed_43/S_01__snr_10__noise_8128.npz,resnet,43,S_01__snr_10__noise_8128,S_01__snr_10__noise_8128,signed_control_mechanism/logs/full/inference_resnet_1.json,2746ae398fabc06e8e68c8d364eaa8fd331fdf8a6c82453f8d3f0e51d1b7d4a2,abf399d3e32dab7d6f1f035847ff1d5676bf0915004a2f30f4d46dc024f402cc,2158,True,True,1.1102230246251565e-16
c176ac7518594a5cf61dd318cb53ca31ec900beca91f13c1939b8d3e6d5e7dcc,signed_control_mechanism/predictions/full/worker_resnet_0/seed_43/S_01__snr_5__noise_101.npz,resnet,43,S_01__snr_5__noise_101,S_01__snr_5__noise_101,signed_control_mechanism/logs/full/inference_resnet_0.json,e7fc21827ebcb86bdf4701a9b0812f98850a2c7667b905856b06ab8e88678d78,abf399d3e32dab7d6f1f035847ff1d5676bf0915004a2f30f4d46dc024f402cc,2158,True,True,0.0
1baecc725069e9bd9ecff6d7bb252f16c40feca65c27f7246a25bd4b5bb9c65c,signed_control_mechanism/predictions/full/worker_resnet_1/seed_43/S_01__snr_5__noise_202.npz,resnet,43,S_01__snr_5__noise_202,S_01__snr_5__noise_202,signed_control_mechanism/logs/full/inference_resnet_1.json,2746ae398fabc06e8e68c8d364eaa8fd331fdf8a6c82453f8d3f0e51d1b7d4a2,abf399d3e32dab7d6f1f035847ff1d5676bf0915004a2f30f4d46dc024f402cc,2158,True,True,0.0
fcbbfcda8a6049dd3261ee4d615c15b1c5b75d9b5882b273f155120a204b60ef,signed_control_mechanism/predictions/full/worker_resnet_0/seed_43/S_01__snr_5__noise_303.npz,resnet,43,S_01__snr_5__noise_303,S_01__snr_5__noise_303,signed_control_mechanism/logs/full/inference_resnet_0.json,e7fc21827ebcb86bdf4701a9b0812f98850a2c7667b905856b06ab8e88678d78,abf399d3e32dab7d6f1f035847ff1d5676bf0915004a2f30f4d46dc024f402cc,2158,True,True,0.0
d277fb0d38b197312b55cedb1fe975f1e32cbcded623796bea3451be3bd64f72,signed_control_mechanism/predictions/full/worker_resnet_1/seed_43/S_01__snr_5__noise_404.npz,resnet,43,S_01__snr_5__noise_404,S_01__snr_5__noise_404,signed_control_mechanism/logs/full/inference_resnet_1.json,2746ae398fabc06e8e68c8d364eaa8fd331fdf8a6c82453f8d3f0e51d1b7d4a2,abf399d3e32dab7d6f1f035847ff1d5676bf0915004a2f30f4d46dc024f402cc,2158,True,True,0.0
4bff7927e21f0d2162863be0057d621c08557f38f09b1c865d5298c94aca4270,signed_control_mechanism/predictions/full/worker_resnet_0/seed_43/S_01__snr_5__noise_505.npz,resnet,43,S_01__snr_5__noise_505,S_01__snr_5__noise_505,signed_control_mechanism/logs/full/inference_resnet_0.json,e7fc21827ebcb86bdf4701a9b0812f98850a2c7667b905856b06ab8e88678d78,abf399d3e32dab7d6f1f035847ff1d5676bf0915004a2f30f4d46dc024f402cc,2158,True,True,0.0
0af48c60a55c821093f5a63c87e271be400f5f2c26d90361e4f2fa049507a264,signed_control_mechanism/predictions/full/worker_resnet_1/seed_43/S_01__snr_5__noise_8128.npz,resnet,43,S_01__snr_5__noise_8128,S_01__snr_5__noise_8128,signed_control_mechanism/logs/full/inference_resnet_1.json,2746ae398fabc06e8e68c8d364eaa8fd331fdf8a6c82453f8d3f0e51d1b7d4a2,abf399d3e32dab7d6f1f035847ff1d5676bf0915004a2f30f4d46dc024f402cc,2158,True,True,0.0
0ed3710ab52aa8cc9b7bc569f33c932a5e5cc7b308395186f4460980fa2102b1,signed_control_mechanism/predictions/full/worker_resnet_1/seed_43/S_02__snr_0__noise_101.npz,resnet,43,S_02__snr_0__noise_101,S_02__snr_0__noise_101,signed_control_mechanism/logs/full/inference_resnet_1.json,2746ae398fabc06e8e68c8d364eaa8fd331fdf8a6c82453f8d3f0e51d1b7d4a2,abf399d3e32dab7d6f1f035847ff1d5676bf0915004a2f30f4d46dc024f402cc,2158,True,True,1.1102230246251565e-16
8ae8eb0704bdd4e8c35953f4107885001c5f50627986f860484221645e62e6a2,signed_control_mechanism/predictions/full/worker_resnet_0/seed_43/S_02__snr_0__noise_202.npz,resnet,43,S_02__snr_0__noise_202,S_02__snr_0__noise_202,signed_control_mechanism/logs/full/inference_resnet_0.json,e7fc21827ebcb86bdf4701a9b0812f98850a2c7667b905856b06ab8e88678d78,abf399d3e32dab7d6f1f035847ff1d5676bf0915004a2f30f4d46dc024f402cc,2158,True,True,0.0
10331da1d298b686c31dbea91fe6da05faa7fdfa39cf017febd5a42f7e4775b0,signed_control_mechanism/predictions/full/worker_resnet_1/seed_43/S_02__snr_0__noise_303.npz,resnet,43,S_02__snr_0__noise_303,S_02__snr_0__noise_303,signed_control_mechanism/logs/full/inference_resnet_1.json,2746ae398fabc06e8e68c8d364eaa8fd331fdf8a6c82453f8d3f0e51d1b7d4a2,abf399d3e32dab7d6f1f035847ff1d5676bf0915004a2f30f4d46dc024f402cc,2158,True,True,2.220446049250313e-16
1b61a3082bac0f9d18fb7f5105d2ce9844a101320d362228448cd213d04a8a8f,signed_control_mechanism/predictions/full/worker_resnet_0/seed_43/S_02__snr_0__noise_404.npz,resnet,43,S_02__snr_0__noise_404,S_02__snr_0__noise_404,signed_control_mechanism/logs/full/inference_resnet_0.json,e7fc21827ebcb86bdf4701a9b0812f98850a2c7667b905856b06ab8e88678d78,abf399d3e32dab7d6f1f035847ff1d5676bf0915004a2f30f4d46dc024f402cc,2158,True,True,0.0
2ca02f56fe58a9a6028040d415390bf552de86453f3c0c4577b9512cee06b88d,signed_control_mechanism/predictions/full/worker_resnet_1/seed_43/S_02__snr_0__noise_505.npz,resnet,43,S_02__snr_0__noise_505,S_02__snr_0__noise_505,signed_control_mechanism/logs/full/inference_resnet_1.json,2746ae398fabc06e8e68c8d364eaa8fd331fdf8a6c82453f8d3f0e51d1b7d4a2,abf399d3e32dab7d6f1f035847ff1d5676bf0915004a2f30f4d46dc024f402cc,2158,True,True,0.0
0d68a6179813a2253c0df92cac2aec149838b5e29015e17236ef20c0f86eb52d,signed_control_mechanism/predictions/full/worker_resnet_0/seed_43/S_02__snr_0__noise_8128.npz,resnet,43,S_02__snr_0__noise_8128,S_02__snr_0__noise_8128,signed_control_mechanism/logs/full/inference_resnet_0.json,e7fc21827ebcb86bdf4701a9b0812f98850a2c7667b905856b06ab8e88678d78,abf399d3e32dab7d6f1f035847ff1d5676bf0915004a2f30f4d46dc024f402cc,2158,True,True,0.0
2243d3b88a5d3a98b6596c30aaae32d430ebce67f8323fb443c893cbd62594bd,signed_control_mechanism/predictions/full/worker_resnet_1/seed_43/S_02__snr_10__noise_101.npz,resnet,43,S_02__snr_10__noise_101,S_02__snr_10__noise_101,signed_control_mechanism/logs/full/inference_resnet_1.json,2746ae398fabc06e8e68c8d364eaa8fd331fdf8a6c82453f8d3f0e51d1b7d4a2,abf399d3e32dab7d6f1f035847ff1d5676bf0915004a2f30f4d46dc024f402cc,2158,True,True,1.1102230246251565e-16
a310a28489687241fd1778bb58fd391724f73a1160dfad572aacc6f73ac42aae,signed_control_mechanism/predictions/full/worker_resnet_0/seed_43/S_02__snr_10__noise_202.npz,resnet,43,S_02__snr_10__noise_202,S_02__snr_10__noise_202,signed_control_mechanism/logs/full/inference_resnet_0.json,e7fc21827ebcb86bdf4701a9b0812f98850a2c7667b905856b06ab8e88678d78,abf399d3e32dab7d6f1f035847ff1d5676bf0915004a2f30f4d46dc024f402cc,2158,True,True,0.0
09d1495c1c673e081488b639d2709fe30bd5991a903234355400313207c824b5,signed_control_mechanism/predictions/full/worker_resnet_1/seed_43/S_02__snr_10__noise_303.npz,resnet,43,S_02__snr_10__noise_303,S_02__snr_10__noise_303,signed_control_mechanism/logs/full/inference_resnet_1.json,2746ae398fabc06e8e68c8d364eaa8fd331fdf8a6c82453f8d3f0e51d1b7d4a2,abf399d3e32dab7d6f1f035847ff1d5676bf0915004a2f30f4d46dc024f402cc,2158,True,True,0.0
43ac9852e565fa2a065c5e0a08811246464949f73a6c156236293cb9733d8210,signed_control_mechanism/predictions/full/worker_resnet_0/seed_43/S_02__snr_10__noise_404.npz,resnet,43,S_02__snr_10__noise_404,S_02__snr_10__noise_404,signed_control_mechanism/logs/full/inference_resnet_0.json,e7fc21827ebcb86bdf4701a9b0812f98850a2c7667b905856b06ab8e88678d78,abf399d3e32dab7d6f1f035847ff1d5676bf0915004a2f30f4d46dc024f402cc,2158,True,True,1.1102230246251565e-16
e94b53972ec7766fac58421499c08d9574fdfb429892386241df7b5ea9f6c93b,signed_control_mechanism/predictions/full/worker_resnet_1/seed_43/S_02__snr_10__noise_505.npz,resnet,43,S_02__snr_10__noise_505,S_02__snr_10__noise_505,signed_control_mechanism/logs/full/inference_resnet_1.json,2746ae398fabc06e8e68c8d364eaa8fd331fdf8a6c82453f8d3f0e51d1b7d4a2,abf399d3e32dab7d6f1f035847ff1d5676bf0915004a2f30f4d46dc024f402cc,2158,True,True,0.0
a9e909b276026bbeb5fd5cc076e72155a79f0279791c5264c61df0a159efb9d7,signed_control_mechanism/predictions/full/worker_resnet_0/seed_43/S_02__snr_10__noise_8128.npz,resnet,43,S_02__snr_10__noise_8128,S_02__snr_10__noise_8128,signed_control_mechanism/logs/full/inference_resnet_0.json,e7fc21827ebcb86bdf4701a9b0812f98850a2c7667b905856b06ab8e88678d78,abf399d3e32dab7d6f1f035847ff1d5676bf0915004a2f30f4d46dc024f402cc,2158,True,True,1.1102230246251565e-16
f62d64bb8e0ab9a12a11966c59f5444399607dc746de7193d8fa70b0284081b6,signed_control_mechanism/predictions/full/worker_resnet_1/seed_43/S_02__snr_5__noise_101.npz,resnet,43,S_02__snr_5__noise_101,S_02__snr_5__noise_101,signed_control_mechanism/logs/full/inference_resnet_1.json,2746ae398fabc06e8e68c8d364eaa8fd331fdf8a6c82453f8d3f0e51d1b7d4a2,abf399d3e32dab7d6f1f035847ff1d5676bf0915004a2f30f4d46dc024f402cc,2158,True,True,0.0
ba4ed90368d86c808cc86ff0e834563135dc75dc0c9d7ac8a64b21f512317894,signed_control_mechanism/predictions/full/worker_resnet_0/seed_43/S_02__snr_5__noise_202.npz,resnet,43,S_02__snr_5__noise_202,S_02__snr_5__noise_202,signed_control_mechanism/logs/full/inference_resnet_0.json,e7fc21827ebcb86bdf4701a9b0812f98850a2c7667b905856b06ab8e88678d78,abf399d3e32dab7d6f1f035847ff1d5676bf0915004a2f30f4d46dc024f402cc,2158,True,True,0.0
38ca1814fdc1e8b2ccbe6a36a3f840a318923b927b4af33e93d01a8b28815c3a,signed_control_mechanism/predictions/full/worker_resnet_1/seed_43/S_02__snr_5__noise_303.npz,resnet,43,S_02__snr_5__noise_303,S_02__snr_5__noise_303,signed_control_mechanism/logs/full/inference_resnet_1.json,2746ae398fabc06e8e68c8d364eaa8fd331fdf8a6c82453f8d3f0e51d1b7d4a2,abf399d3e32dab7d6f1f035847ff1d5676bf0915004a2f30f4d46dc024f402cc,2158,True,True,0.0
069b3a3643f07ed1ea181a20775685be25d1cc2ef7b93407d4db8da1bec735fd,signed_control_mechanism/predictions/full/worker_resnet_0/seed_43/S_02__snr_5__noise_404.npz,resnet,43,S_02__snr_5__noise_404,S_02__snr_5__noise_404,signed_control_mechanism/logs/full/inference_resnet_0.json,e7fc21827ebcb86bdf4701a9b0812f98850a2c7667b905856b06ab8e88678d78,abf399d3e32dab7d6f1f035847ff1d5676bf0915004a2f30f4d46dc024f402cc,2158,True,True,0.0
c6f7a7630688153b112a6a23515832c9db41ea9bbb6c0e2f9ce7379164865363,signed_control_mechanism/predictions/full/worker_resnet_1/seed_43/S_02__snr_5__noise_505.npz,resnet,43,S_02__snr_5__noise_505,S_02__snr_5__noise_505,signed_control_mechanism/logs/full/inference_resnet_1.json,2746ae398fabc06e8e68c8d364eaa8fd331fdf8a6c82453f8d3f0e51d1b7d4a2,abf399d3e32dab7d6f1f035847ff1d5676bf0915004a2f30f4d46dc024f402cc,2158,True,True,0.0
bf7c612c13dcdc74829eb7a1c92fb0a4353ef9afc472aa7ab58f3a128bbf55e7,signed_control_mechanism/predictions/full/worker_resnet_0/seed_43/S_02__snr_5__noise_8128.npz,resnet,43,S_02__snr_5__noise_8128,S_02__snr_5__noise_8128,signed_control_mechanism/logs/full/inference_resnet_0.json,e7fc21827ebcb86bdf4701a9b0812f98850a2c7667b905856b06ab8e88678d78,abf399d3e32dab7d6f1f035847ff1d5676bf0915004a2f30f4d46dc024f402cc,2158,True,True,2.220446049250313e-16
a138d5dc0e2716df64c10793bfc2338ead3e6fdc6af05fb3308528bbbb22aba5,signed_control_mechanism/predictions/full/worker_resnet_0/seed_43/S_03__snr_0__noise_101.npz,resnet,43,S_03__snr_0__noise_101,S_03__snr_0__noise_101,signed_control_mechanism/logs/full/inference_resnet_0.json,e7fc21827ebcb86bdf4701a9b0812f98850a2c7667b905856b06ab8e88678d78,abf399d3e32dab7d6f1f035847ff1d5676bf0915004a2f30f4d46dc024f402cc,2158,True,True,0.0
df745d3c3178324ae874c3eeafc2a3f0cbece50eec757d578bb282772058ddcd,signed_control_mechanism/predictions/full/worker_resnet_1/seed_43/S_03__snr_0__noise_202.npz,resnet,43,S_03__snr_0__noise_202,S_03__snr_0__noise_202,signed_control_mechanism/logs/full/inference_resnet_1.json,2746ae398fabc06e8e68c8d364eaa8fd331fdf8a6c82453f8d3f0e51d1b7d4a2,abf399d3e32dab7d6f1f035847ff1d5676bf0915004a2f30f4d46dc024f402cc,2158,True,True,1.1102230246251565e-16
3c064727cbe621942d738faa095238ef71c412c5384e529dad7b0fc6cc3fa9af,signed_control_mechanism/predictions/full/worker_resnet_0/seed_43/S_03__snr_0__noise_303.npz,resnet,43,S_03__snr_0__noise_303,S_03__snr_0__noise_303,signed_control_mechanism/logs/full/inference_resnet_0.json,e7fc21827ebcb86bdf4701a9b0812f98850a2c7667b905856b06ab8e88678d78,abf399d3e32dab7d6f1f035847ff1d5676bf0915004a2f30f4d46dc024f402cc,2158,True,True,0.0
51e9c4d8ae55a6261677051203aa3955da8eec828a4fa13dade4015acea30fd4,signed_control_mechanism/predictions/full/worker_resnet_1/seed_43/S_03__snr_0__noise_404.npz,resnet,43,S_03__snr_0__noise_404,S_03__snr_0__noise_404,signed_control_mechanism/logs/full/inference_resnet_1.json,2746ae398fabc06e8e68c8d364eaa8fd331fdf8a6c82453f8d3f0e51d1b7d4a2,abf399d3e32dab7d6f1f035847ff1d5676bf0915004a2f30f4d46dc024f402cc,2158,True,True,0.0
3c08156f56973301a33c17a9f1656c09c9028a45529603fb6f3c5319ebd313bb,signed_control_mechanism/predictions/full/worker_resnet_0/seed_43/S_03__snr_0__noise_505.npz,resnet,43,S_03__snr_0__noise_505,S_03__snr_0__noise_505,signed_control_mechanism/logs/full/inference_resnet_0.json,e7fc21827ebcb86bdf4701a9b0812f98850a2c7667b905856b06ab8e88678d78,abf399d3e32dab7d6f1f035847ff1d5676bf0915004a2f30f4d46dc024f402cc,2158,True,True,0.0
383d5b7ea3737379e8c3909111bbc0671502dad7921ae02e43893e42fc31767a,signed_control_mechanism/predictions/full/worker_resnet_1/seed_43/S_03__snr_0__noise_8128.npz,resnet,43,S_03__snr_0__noise_8128,S_03__snr_0__noise_8128,signed_control_mechanism/logs/full/inference_resnet_1.json,2746ae398fabc06e8e68c8d364eaa8fd331fdf8a6c82453f8d3f0e51d1b7d4a2,abf399d3e32dab7d6f1f035847ff1d5676bf0915004a2f30f4d46dc024f402cc,2158,True,True,0.0
e35bd0fdbec075a758e497f7629017e436400f47ba563cced52fc88a7d37fe02,signed_control_mechanism/predictions/full/worker_resnet_0/seed_43/S_03__snr_10__noise_101.npz,resnet,43,S_03__snr_10__noise_101,S_03__snr_10__noise_101,signed_control_mechanism/logs/full/inference_resnet_0.json,e7fc21827ebcb86bdf4701a9b0812f98850a2c7667b905856b06ab8e88678d78,abf399d3e32dab7d6f1f035847ff1d5676bf0915004a2f30f4d46dc024f402cc,2158,True,True,1.1102230246251565e-16
dbec09f3137ae49d5e437a693325bc7c26d7d2594ce38a2f21dae36b861b109b,signed_control_mechanism/predictions/full/worker_resnet_1/seed_43/S_03__snr_10__noise_202.npz,resnet,43,S_03__snr_10__noise_202,S_03__snr_10__noise_202,signed_control_mechanism/logs/full/inference_resnet_1.json,2746ae398fabc06e8e68c8d364eaa8fd331fdf8a6c82453f8d3f0e51d1b7d4a2,abf399d3e32dab7d6f1f035847ff1d5676bf0915004a2f30f4d46dc024f402cc,2158,True,True,2.220446049250313e-16
bce2150b71c4949fec0b2f6fb7addcf6e7e5c2fad0647076e4b6857a22394d57,signed_control_mechanism/predictions/full/worker_resnet_0/seed_43/S_03__snr_10__noise_303.npz,resnet,43,S_03__snr_10__noise_303,S_03__snr_10__noise_303,signed_control_mechanism/logs/full/inference_resnet_0.json,e7fc21827ebcb86bdf4701a9b0812f98850a2c7667b905856b06ab8e88678d78,abf399d3e32dab7d6f1f035847ff1d5676bf0915004a2f30f4d46dc024f402cc,2158,True,True,1.1102230246251565e-16
1911757e1f8a468959abe9ec1efec1cce7a872a0ddb4dc35dd4184aad3583152,signed_control_mechanism/predictions/full/worker_resnet_1/seed_43/S_03__snr_10__noise_404.npz,resnet,43,S_03__snr_10__noise_404,S_03__snr_10__noise_404,signed_control_mechanism/logs/full/inference_resnet_1.json,2746ae398fabc06e8e68c8d364eaa8fd331fdf8a6c82453f8d3f0e51d1b7d4a2,abf399d3e32dab7d6f1f035847ff1d5676bf0915004a2f30f4d46dc024f402cc,2158,True,True,0.0
192717f2af739a8cd85cfb92828a0ef41176e3da254b3dc1e8ade081957d462b,signed_control_mechanism/predictions/full/worker_resnet_0/seed_43/S_03__snr_10__noise_505.npz,resnet,43,S_03__snr_10__noise_505,S_03__snr_10__noise_505,signed_control_mechanism/logs/full/inference_resnet_0.json,e7fc21827ebcb86bdf4701a9b0812f98850a2c7667b905856b06ab8e88678d78,abf399d3e32dab7d6f1f035847ff1d5676bf0915004a2f30f4d46dc024f402cc,2158,True,True,0.0
593508e654c44f12853b3e35eb2d9b307fc43b82d9db5373470bad46daa76f94,signed_control_mechanism/predictions/full/worker_resnet_1/seed_43/S_03__snr_10__noise_8128.npz,resnet,43,S_03__snr_10__noise_8128,S_03__snr_10__noise_8128,signed_control_mechanism/logs/full/inference_resnet_1.json,2746ae398fabc06e8e68c8d364eaa8fd331fdf8a6c82453f8d3f0e51d1b7d4a2,abf399d3e32dab7d6f1f035847ff1d5676bf0915004a2f30f4d46dc024f402cc,2158,True,True,0.0
d9f7165a5f74cc6a8ba6d4efb6ad4683030ba4791b276d071b7e88882be6cc7e,signed_control_mechanism/predictions/full/worker_resnet_0/seed_43/S_03__snr_5__noise_101.npz,resnet,43,S_03__snr_5__noise_101,S_03__snr_5__noise_101,signed_control_mechanism/logs/full/inference_resnet_0.json,e7fc21827ebcb86bdf4701a9b0812f98850a2c7667b905856b06ab8e88678d78,abf399d3e32dab7d6f1f035847ff1d5676bf0915004a2f30f4d46dc024f402cc,2158,True,True,0.0
9b565ff8d5189d89e36d4f540ffa11c4e084091f277e4628b1751f1c1b2e3403,signed_control_mechanism/predictions/full/worker_resnet_1/seed_43/S_03__snr_5__noise_202.npz,resnet,43,S_03__snr_5__noise_202,S_03__snr_5__noise_202,signed_control_mechanism/logs/full/inference_resnet_1.json,2746ae398fabc06e8e68c8d364eaa8fd331fdf8a6c82453f8d3f0e51d1b7d4a2,abf399d3e32dab7d6f1f035847ff1d5676bf0915004a2f30f4d46dc024f402cc,2158,True,True,1.1102230246251565e-16
d7c70cf5a4919c3d137d15aa46f93d435fbbb58c487a9bf36c5c52c6b8e33859,signed_control_mechanism/predictions/full/worker_resnet_0/seed_43/S_03__snr_5__noise_303.npz,resnet,43,S_03__snr_5__noise_303,S_03__snr_5__noise_303,signed_control_mechanism/logs/full/inference_resnet_0.json,e7fc21827ebcb86bdf4701a9b0812f98850a2c7667b905856b06ab8e88678d78,abf399d3e32dab7d6f1f035847ff1d5676bf0915004a2f30f4d46dc024f402cc,2158,True,True,2.220446049250313e-16
d1d9058b9fbc6bcf2408e4d3bcc956de604bbd2ec5c1dd37fcc953918ea1309e,signed_control_mechanism/predictions/full/worker_resnet_1/seed_43/S_03__snr_5__noise_404.npz,resnet,43,S_03__snr_5__noise_404,S_03__snr_5__noise_404,signed_control_mechanism/logs/full/inference_resnet_1.json,2746ae398fabc06e8e68c8d364eaa8fd331fdf8a6c82453f8d3f0e51d1b7d4a2,abf399d3e32dab7d6f1f035847ff1d5676bf0915004a2f30f4d46dc024f402cc,2158,True,True,0.0
6cc86c95627f2b9d528f00bdf0dbe2cbd248987ed589399d5458ab27c82a42e6,signed_control_mechanism/predictions/full/worker_resnet_0/seed_43/S_03__snr_5__noise_505.npz,resnet,43,S_03__snr_5__noise_505,S_03__snr_5__noise_505,signed_control_mechanism/logs/full/inference_resnet_0.json,e7fc21827ebcb86bdf4701a9b0812f98850a2c7667b905856b06ab8e88678d78,abf399d3e32dab7d6f1f035847ff1d5676bf0915004a2f30f4d46dc024f402cc,2158,True,True,0.0
01086633b255b47556539a50864deb5b2d757ed7d7d73b68d83aeddcf1c12b2e,signed_control_mechanism/predictions/full/worker_resnet_1/seed_43/S_03__snr_5__noise_8128.npz,resnet,43,S_03__snr_5__noise_8128,S_03__snr_5__noise_8128,signed_control_mechanism/logs/full/inference_resnet_1.json,2746ae398fabc06e8e68c8d364eaa8fd331fdf8a6c82453f8d3f0e51d1b7d4a2,abf399d3e32dab7d6f1f035847ff1d5676bf0915004a2f30f4d46dc024f402cc,2158,True,True,0.0
728af991bd7f3faa36454dd450912c760e6445a430ce9a5cf16d9dc10502d95e,signed_control_mechanism/predictions/full/worker_resnet_1/seed_43/S_04__snr_0__noise_101.npz,resnet,43,S_04__snr_0__noise_101,S_04__snr_0__noise_101,signed_control_mechanism/logs/full/inference_resnet_1.json,2746ae398fabc06e8e68c8d364eaa8fd331fdf8a6c82453f8d3f0e51d1b7d4a2,abf399d3e32dab7d6f1f035847ff1d5676bf0915004a2f30f4d46dc024f402cc,2158,True,True,0.0
09eb1b6900d415d6e71ba5f57513796e0e6c6f92712f09bc0aa5158c1ba65dd3,signed_control_mechanism/predictions/full/worker_resnet_0/seed_43/S_04__snr_0__noise_202.npz,resnet,43,S_04__snr_0__noise_202,S_04__snr_0__noise_202,signed_control_mechanism/logs/full/inference_resnet_0.json,e7fc21827ebcb86bdf4701a9b0812f98850a2c7667b905856b06ab8e88678d78,abf399d3e32dab7d6f1f035847ff1d5676bf0915004a2f30f4d46dc024f402cc,2158,True,True,0.0
a843115ebe7d33ae50a2ee4584335d51e9aaad2c55f23587ce7725b271cbacde,signed_control_mechanism/predictions/full/worker_resnet_1/seed_43/S_04__snr_0__noise_303.npz,resnet,43,S_04__snr_0__noise_303,S_04__snr_0__noise_303,signed_control_mechanism/logs/full/inference_resnet_1.json,2746ae398fabc06e8e68c8d364eaa8fd331fdf8a6c82453f8d3f0e51d1b7d4a2,abf399d3e32dab7d6f1f035847ff1d5676bf0915004a2f30f4d46dc024f402cc,2158,True,True,1.1102230246251565e-16
d5867df6faa26e2d09e5f583a8afdf4ddcb72b2c82572de9c7ce1a1cf08a2ccb,signed_control_mechanism/predictions/full/worker_resnet_0/seed_43/S_04__snr_0__noise_404.npz,resnet,43,S_04__snr_0__noise_404,S_04__snr_0__noise_404,signed_control_mechanism/logs/full/inference_resnet_0.json,e7fc21827ebcb86bdf4701a9b0812f98850a2c7667b905856b06ab8e88678d78,abf399d3e32dab7d6f1f035847ff1d5676bf0915004a2f30f4d46dc024f402cc,2158,True,True,0.0
4da3971ab8aeef15ac18db436ffc69d635bcd703f82f6da172e77d4ebbe3c2f4,signed_control_mechanism/predictions/full/worker_resnet_1/seed_43/S_04__snr_0__noise_505.npz,resnet,43,S_04__snr_0__noise_505,S_04__snr_0__noise_505,signed_control_mechanism/logs/full/inference_resnet_1.json,2746ae398fabc06e8e68c8d364eaa8fd331fdf8a6c82453f8d3f0e51d1b7d4a2,abf399d3e32dab7d6f1f035847ff1d5676bf0915004a2f30f4d46dc024f402cc,2158,True,True,0.0
e2e316798c136af5e107a24f8ff495382f34fd29978b3a5b1e1271401be2e1cd,signed_control_mechanism/predictions/full/worker_resnet_0/seed_43/S_04__snr_0__noise_8128.npz,resnet,43,S_04__snr_0__noise_8128,S_04__snr_0__noise_8128,signed_control_mechanism/logs/full/inference_resnet_0.json,e7fc21827ebcb86bdf4701a9b0812f98850a2c7667b905856b06ab8e88678d78,abf399d3e32dab7d6f1f035847ff1d5676bf0915004a2f30f4d46dc024f402cc,2158,True,True,2.220446049250313e-16
b1f16b7cada1300739bc9463cf20fb84316c05c2638e8827d62ed3df8953437a,signed_control_mechanism/predictions/full/worker_resnet_1/seed_43/S_04__snr_10__noise_101.npz,resnet,43,S_04__snr_10__noise_101,S_04__snr_10__noise_101,signed_control_mechanism/logs/full/inference_resnet_1.json,2746ae398fabc06e8e68c8d364eaa8fd331fdf8a6c82453f8d3f0e51d1b7d4a2,abf399d3e32dab7d6f1f035847ff1d5676bf0915004a2f30f4d46dc024f402cc,2158,True,True,0.0
f6a2f2b2f7cf86a9cf3f49c7a595a298bb2710ee5fa75df1df373ea6d727bad1,signed_control_mechanism/predictions/full/worker_resnet_0/seed_43/S_04__snr_10__noise_202.npz,resnet,43,S_04__snr_10__noise_202,S_04__snr_10__noise_202,signed_control_mechanism/logs/full/inference_resnet_0.json,e7fc21827ebcb86bdf4701a9b0812f98850a2c7667b905856b06ab8e88678d78,abf399d3e32dab7d6f1f035847ff1d5676bf0915004a2f30f4d46dc024f402cc,2158,True,True,0.0
cf054e1ffbba4ba0b02c2e0548a17aa4ba3a09b78bc933a4fe004b88bdca3a7a,signed_control_mechanism/predictions/full/worker_resnet_1/seed_43/S_04__snr_10__noise_303.npz,resnet,43,S_04__snr_10__noise_303,S_04__snr_10__noise_303,signed_control_mechanism/logs/full/inference_resnet_1.json,2746ae398fabc06e8e68c8d364eaa8fd331fdf8a6c82453f8d3f0e51d1b7d4a2,abf399d3e32dab7d6f1f035847ff1d5676bf0915004a2f30f4d46dc024f402cc,2158,True,True,1.1102230246251565e-16
de17f663873dc837d974fc5d2a03f2ecfe198bdde3189be2159dbd50d1d1fdd9,signed_control_mechanism/predictions/full/worker_resnet_0/seed_43/S_04__snr_10__noise_404.npz,resnet,43,S_04__snr_10__noise_404,S_04__snr_10__noise_404,signed_control_mechanism/logs/full/inference_resnet_0.json,e7fc21827ebcb86bdf4701a9b0812f98850a2c7667b905856b06ab8e88678d78,abf399d3e32dab7d6f1f035847ff1d5676bf0915004a2f30f4d46dc024f402cc,2158,True,True,1.1102230246251565e-16
622a3f5107c77030cfddb6523efe3c1c0ee62b47f97b586130c44aee8d52450a,signed_control_mechanism/predictions/full/worker_resnet_1/seed_43/S_04__snr_10__noise_505.npz,resnet,43,S_04__snr_10__noise_505,S_04__snr_10__noise_505,signed_control_mechanism/logs/full/inference_resnet_1.json,2746ae398fabc06e8e68c8d364eaa8fd331fdf8a6c82453f8d3f0e51d1b7d4a2,abf399d3e32dab7d6f1f035847ff1d5676bf0915004a2f30f4d46dc024f402cc,2158,True,True,1.1102230246251565e-16
00ea822583148e8f4ddda9c75e7414e7f0621e37cdb87c036800b787a2d624e4,signed_control_mechanism/predictions/full/worker_resnet_0/seed_43/S_04__snr_10__noise_8128.npz,resnet,43,S_04__snr_10__noise_8128,S_04__snr_10__noise_8128,signed_control_mechanism/logs/full/inference_resnet_0.json,e7fc21827ebcb86bdf4701a9b0812f98850a2c7667b905856b06ab8e88678d78,abf399d3e32dab7d6f1f035847ff1d5676bf0915004a2f30f4d46dc024f402cc,2158,True,True,0.0
6d63843dc47adcd97938507501432c6f8e280d5e1309b766b62079a3f347765a,signed_control_mechanism/predictions/full/worker_resnet_1/seed_43/S_04__snr_5__noise_101.npz,resnet,43,S_04__snr_5__noise_101,S_04__snr_5__noise_101,signed_control_mechanism/logs/full/inference_resnet_1.json,2746ae398fabc06e8e68c8d364eaa8fd331fdf8a6c82453f8d3f0e51d1b7d4a2,abf399d3e32dab7d6f1f035847ff1d5676bf0915004a2f30f4d46dc024f402cc,2158,True,True,0.0
28c2d556ff1dfef7c5555d7b0f62a290232438a24ee5172170fcbd3b775e7622,signed_control_mechanism/predictions/full/worker_resnet_0/seed_43/S_04__snr_5__noise_202.npz,resnet,43,S_04__snr_5__noise_202,S_04__snr_5__noise_202,signed_control_mechanism/logs/full/inference_resnet_0.json,e7fc21827ebcb86bdf4701a9b0812f98850a2c7667b905856b06ab8e88678d78,abf399d3e32dab7d6f1f035847ff1d5676bf0915004a2f30f4d46dc024f402cc,2158,True,True,2.220446049250313e-16
6689c5001e01f2b31de0c88d03336aa382921ad82dabeda51a8a9aea9418d760,signed_control_mechanism/predictions/full/worker_resnet_1/seed_43/S_04__snr_5__noise_303.npz,resnet,43,S_04__snr_5__noise_303,S_04__snr_5__noise_303,signed_control_mechanism/logs/full/inference_resnet_1.json,2746ae398fabc06e8e68c8d364eaa8fd331fdf8a6c82453f8d3f0e51d1b7d4a2,abf399d3e32dab7d6f1f035847ff1d5676bf0915004a2f30f4d46dc024f402cc,2158,True,True,0.0
0981f95e7a62c81e921967c369ba50a80644fd766f197c50367ce1baa714f86d,signed_control_mechanism/predictions/full/worker_resnet_0/seed_43/S_04__snr_5__noise_404.npz,resnet,43,S_04__snr_5__noise_404,S_04__snr_5__noise_404,signed_control_mechanism/logs/full/inference_resnet_0.json,e7fc21827ebcb86bdf4701a9b0812f98850a2c7667b905856b06ab8e88678d78,abf399d3e32dab7d6f1f035847ff1d5676bf0915004a2f30f4d46dc024f402cc,2158,True,True,1.1102230246251565e-16
cdf96f9a279a336cdea6d47a50674f9d1cf7d59885a3c1291e7556bf0f71daad,signed_control_mechanism/predictions/full/worker_resnet_1/seed_43/S_04__snr_5__noise_505.npz,resnet,43,S_04__snr_5__noise_505,S_04__snr_5__noise_505,signed_control_mechanism/logs/full/inference_resnet_1.json,2746ae398fabc06e8e68c8d364eaa8fd331fdf8a6c82453f8d3f0e51d1b7d4a2,abf399d3e32dab7d6f1f035847ff1d5676bf0915004a2f30f4d46dc024f402cc,2158,True,True,0.0
7f5fd00212fd32542ea474625ed4ed71be61c4d2473494e4cec8759cdf7f6ba4,signed_control_mechanism/predictions/full/worker_resnet_0/seed_43/S_04__snr_5__noise_8128.npz,resnet,43,S_04__snr_5__noise_8128,S_04__snr_5__noise_8128,signed_control_mechanism/logs/full/inference_resnet_0.json,e7fc21827ebcb86bdf4701a9b0812f98850a2c7667b905856b06ab8e88678d78,abf399d3e32dab7d6f1f035847ff1d5676bf0915004a2f30f4d46dc024f402cc,2158,True,True,1.1102230246251565e-16
55dcce70dc4001fda86025d9dc0b9f525cb95440eed930b6a52dc2f1eb825391,methodology_supplement/results/predictions/full/resnet/seed_43/clean.npz,resnet,43,clean,clean,methodology_supplement/results/logs/full/inference_resnet_0.json,8c34291679df86ee9005f5ec8dae8741de853475e1f2870299ee2226b8bb3c51,71d6ecf41388929ce16b6bdc71dda3c8519feac3aa4fb04538d7bf7b1d42fbc2,0,True,True,0.0
1e815ce82f66440165b53f8d046189ce70c3b6373e020ec0b8eb56bbcedc7f5f,methodology_supplement/results/predictions/full/tcn/seed_17/standard__n101__electrode__snr0.npz,tcn,17,E__snr_0__noise_101,standard__n101__electrode__snr0,methodology_supplement/results/logs/full/inference_tcn_0.json,84cba5ac1aa33634d663eccbbb277738657d998f0664727a56c99c922dbc8583,71d6ecf41388929ce16b6bdc71dda3c8519feac3aa4fb04538d7bf7b1d42fbc2,2158,True,True,1.1102230246251565e-16
3c9ce2e253647defe472c9751fba0aa5c9b1a542264149d0c4158ee5953409bc,methodology_supplement/results/predictions/full/tcn/seed_17/standard__n202__electrode__snr0.npz,tcn,17,E__snr_0__noise_202,standard__n202__electrode__snr0,methodology_supplement/results/logs/full/inference_tcn_0.json,84cba5ac1aa33634d663eccbbb277738657d998f0664727a56c99c922dbc8583,71d6ecf41388929ce16b6bdc71dda3c8519feac3aa4fb04538d7bf7b1d42fbc2,2158,True,True,1.1102230246251565e-16
b18690922b6b0e4195f430addb8584c8dd5589a580159c9f51639e98bffdbe67,methodology_supplement/results/predictions/full/tcn/seed_17/standard__n303__electrode__snr0.npz,tcn,17,E__snr_0__noise_303,standard__n303__electrode__snr0,methodology_supplement/results/logs/full/inference_tcn_0.json,84cba5ac1aa33634d663eccbbb277738657d998f0664727a56c99c922dbc8583,71d6ecf41388929ce16b6bdc71dda3c8519feac3aa4fb04538d7bf7b1d42fbc2,2158,True,True,0.0
aa4de06c3c40c92e852c5533526f82d23cd5e0801254b3ee604cfad6e00b21fa,methodology_supplement/results/predictions/full/tcn/seed_17/standard__n404__electrode__snr0.npz,tcn,17,E__snr_0__noise_404,standard__n404__electrode__snr0,methodology_supplement/results/logs/full/inference_tcn_0.json,84cba5ac1aa33634d663eccbbb277738657d998f0664727a56c99c922dbc8583,71d6ecf41388929ce16b6bdc71dda3c8519feac3aa4fb04538d7bf7b1d42fbc2,2158,True,True,1.1102230246251565e-16
8e5e9f8c2c050e6ad1201901809d9227f52d896ab25939d5bac40fef524bb693,methodology_supplement/results/predictions/full/tcn/seed_17/standard__n505__electrode__snr0.npz,tcn,17,E__snr_0__noise_505,standard__n505__electrode__snr0,methodology_supplement/results/logs/full/inference_tcn_0.json,84cba5ac1aa33634d663eccbbb277738657d998f0664727a56c99c922dbc8583,71d6ecf41388929ce16b6bdc71dda3c8519feac3aa4fb04538d7bf7b1d42fbc2,2158,True,True,0.0
52e453db07f3afe85ab25a854f94f793167754dc0c3117d808f0886ff909a378,methodology_supplement/results/predictions/full/tcn/seed_17/standard__n8128__electrode__snr0.npz,tcn,17,E__snr_0__noise_8128,standard__n8128__electrode__snr0,methodology_supplement/results/logs/full/inference_tcn_0.json,84cba5ac1aa33634d663eccbbb277738657d998f0664727a56c99c922dbc8583,71d6ecf41388929ce16b6bdc71dda3c8519feac3aa4fb04538d7bf7b1d42fbc2,2158,True,True,0.0
2af7420e9704e7972f680ebbe4c9d831e472e500969b48f37f62f2b6e0ca8ea1,methodology_supplement/results/predictions/full/tcn/seed_17/standard__n101__electrode__snr10.npz,tcn,17,E__snr_10__noise_101,standard__n101__electrode__snr10,methodology_supplement/results/logs/full/inference_tcn_0.json,84cba5ac1aa33634d663eccbbb277738657d998f0664727a56c99c922dbc8583,71d6ecf41388929ce16b6bdc71dda3c8519feac3aa4fb04538d7bf7b1d42fbc2,2158,True,True,0.0
bfb6c37b987b1fe901893672bc61d6897e4a0eb6f221a7f464dde478a87f959c,methodology_supplement/results/predictions/full/tcn/seed_17/standard__n202__electrode__snr10.npz,tcn,17,E__snr_10__noise_202,standard__n202__electrode__snr10,methodology_supplement/results/logs/full/inference_tcn_0.json,84cba5ac1aa33634d663eccbbb277738657d998f0664727a56c99c922dbc8583,71d6ecf41388929ce16b6bdc71dda3c8519feac3aa4fb04538d7bf7b1d42fbc2,2158,True,True,1.1102230246251565e-16
86e21486a4bc5470accd3b8b46705de3aa98d2b383b4dfd944c6a794a9581755,methodology_supplement/results/predictions/full/tcn/seed_17/standard__n303__electrode__snr10.npz,tcn,17,E__snr_10__noise_303,standard__n303__electrode__snr10,methodology_supplement/results/logs/full/inference_tcn_0.json,84cba5ac1aa33634d663eccbbb277738657d998f0664727a56c99c922dbc8583,71d6ecf41388929ce16b6bdc71dda3c8519feac3aa4fb04538d7bf7b1d42fbc2,2158,True,True,0.0
059855f05d9522824e5743a4f094eea2a332406b17820ce7675cf150eb4d9a3f,methodology_supplement/results/predictions/full/tcn/seed_17/standard__n404__electrode__snr10.npz,tcn,17,E__snr_10__noise_404,standard__n404__electrode__snr10,methodology_supplement/results/logs/full/inference_tcn_0.json,84cba5ac1aa33634d663eccbbb277738657d998f0664727a56c99c922dbc8583,71d6ecf41388929ce16b6bdc71dda3c8519feac3aa4fb04538d7bf7b1d42fbc2,2158,True,True,1.1102230246251565e-16
f8c94afd28f131b7966e31ffecc4c2b22b3de7c5913e9e38bde7e874b65aaba2,methodology_supplement/results/predictions/full/tcn/seed_17/standard__n505__electrode__snr10.npz,tcn,17,E__snr_10__noise_505,standard__n505__electrode__snr10,methodology_supplement/results/logs/full/inference_tcn_0.json,84cba5ac1aa33634d663eccbbb277738657d998f0664727a56c99c922dbc8583,71d6ecf41388929ce16b6bdc71dda3c8519feac3aa4fb04538d7bf7b1d42fbc2,2158,True,True,1.1102230246251565e-16
226292a6fee62be69d9a020e52282a81b9edc1a09ba5c94ffef8e184f90c0ba6,methodology_supplement/results/predictions/full/tcn/seed_17/standard__n8128__electrode__snr10.npz,tcn,17,E__snr_10__noise_8128,standard__n8128__electrode__snr10,methodology_supplement/results/logs/full/inference_tcn_0.json,84cba5ac1aa33634d663eccbbb277738657d998f0664727a56c99c922dbc8583,71d6ecf41388929ce16b6bdc71dda3c8519feac3aa4fb04538d7bf7b1d42fbc2,2158,True,True,0.0
3df95384e214ef8cfe979c77e08524fc2494b4753bde8187fe24d11968dde935,methodology_supplement/results/predictions/full/tcn/seed_17/standard__n101__electrode__snr5.npz,tcn,17,E__snr_5__noise_101,standard__n101__electrode__snr5,methodology_supplement/results/logs/full/inference_tcn_0.json,84cba5ac1aa33634d663eccbbb277738657d998f0664727a56c99c922dbc8583,71d6ecf41388929ce16b6bdc71dda3c8519feac3aa4fb04538d7bf7b1d42fbc2,2158,True,True,2.220446049250313e-16
7cfec8977c10d648ddac8dc45a03b562c1f9f445ff566e6dbdd80dd5f86246ec,methodology_supplement/results/predictions/full/tcn/seed_17/standard__n202__electrode__snr5.npz,tcn,17,E__snr_5__noise_202,standard__n202__electrode__snr5,methodology_supplement/results/logs/full/inference_tcn_0.json,84cba5ac1aa33634d663eccbbb277738657d998f0664727a56c99c922dbc8583,71d6ecf41388929ce16b6bdc71dda3c8519feac3aa4fb04538d7bf7b1d42fbc2,2158,True,True,0.0
63049d50c99b6ee009fbcdc3b75b778051c45d6d1f506938ab4ff0aa9fdcb677,methodology_supplement/results/predictions/full/tcn/seed_17/standard__n303__electrode__snr5.npz,tcn,17,E__snr_5__noise_303,standard__n303__electrode__snr5,methodology_supplement/results/logs/full/inference_tcn_0.json,84cba5ac1aa33634d663eccbbb277738657d998f0664727a56c99c922dbc8583,71d6ecf41388929ce16b6bdc71dda3c8519feac3aa4fb04538d7bf7b1d42fbc2,2158,True,True,0.0
c16419a574adeb1165700c10c0ad0eb0e720607895e086f34215133ed8eb38ad,methodology_supplement/results/predictions/full/tcn/seed_17/standard__n404__electrode__snr5.npz,tcn,17,E__snr_5__noise_404,standard__n404__electrode__snr5,methodology_supplement/results/logs/full/inference_tcn_0.json,84cba5ac1aa33634d663eccbbb277738657d998f0664727a56c99c922dbc8583,71d6ecf41388929ce16b6bdc71dda3c8519feac3aa4fb04538d7bf7b1d42fbc2,2158,True,True,0.0
9e9bc7fa56ec5e2a5bc3d9c0152537c9f7af33212b41dfd53203235647331a1e,methodology_supplement/results/predictions/full/tcn/seed_17/standard__n505__electrode__snr5.npz,tcn,17,E__snr_5__noise_505,standard__n505__electrode__snr5,methodology_supplement/results/logs/full/inference_tcn_0.json,84cba5ac1aa33634d663eccbbb277738657d998f0664727a56c99c922dbc8583,71d6ecf41388929ce16b6bdc71dda3c8519feac3aa4fb04538d7bf7b1d42fbc2,2158,True,True,1.1102230246251565e-16
5cb13e7b2e564d9323370eb8199316b435d69048bea0e399a29be0dab8ec05c0,methodology_supplement/results/predictions/full/tcn/seed_17/standard__n8128__electrode__snr5.npz,tcn,17,E__snr_5__noise_8128,standard__n8128__electrode__snr5,methodology_supplement/results/logs/full/inference_tcn_0.json,84cba5ac1aa33634d663eccbbb277738657d998f0664727a56c99c922dbc8583,71d6ecf41388929ce16b6bdc71dda3c8519feac3aa4fb04538d7bf7b1d42fbc2,2158,True,True,1.1102230246251565e-16
35306fa0cf80acd8110a8dbf8f76cd9cc34c1ace6fd5ea9b9acac9825c62f4da,methodology_supplement/results/predictions/full/tcn/seed_17/standard__n101__independent_rms__snr0.npz,tcn,17,I__snr_0__noise_101,standard__n101__independent_rms__snr0,methodology_supplement/results/logs/full/inference_tcn_0.json,84cba5ac1aa33634d663eccbbb277738657d998f0664727a56c99c922dbc8583,71d6ecf41388929ce16b6bdc71dda3c8519feac3aa4fb04538d7bf7b1d42fbc2,2158,True,True,2.220446049250313e-16
61e06ae20a14c75ea8a424f8086cef6c0e24b6870bdccbc35cb37501baae26f2,methodology_supplement/results/predictions/full/tcn/seed_17/standard__n202__independent_rms__snr0.npz,tcn,17,I__snr_0__noise_202,standard__n202__independent_rms__snr0,methodology_supplement/results/logs/full/inference_tcn_0.json,84cba5ac1aa33634d663eccbbb277738657d998f0664727a56c99c922dbc8583,71d6ecf41388929ce16b6bdc71dda3c8519feac3aa4fb04538d7bf7b1d42fbc2,2158,True,True,0.0
35ecbe86ff1c7f0d46b21086ac2db33e357b8cdf663606c54f3f6c868a0578a9,methodology_supplement/results/predictions/full/tcn/seed_17/standard__n303__independent_rms__snr0.npz,tcn,17,I__snr_0__noise_303,standard__n303__independent_rms__snr0,methodology_supplement/results/logs/full/inference_tcn_0.json,84cba5ac1aa33634d663eccbbb277738657d998f0664727a56c99c922dbc8583,71d6ecf41388929ce16b6bdc71dda3c8519feac3aa4fb04538d7bf7b1d42fbc2,2158,True,True,0.0
77bf05180dc5c247c18c2b35bc7f61b595c1f30bd5f4667faf0c27d88e0675b7,methodology_supplement/results/predictions/full/tcn/seed_17/standard__n404__independent_rms__snr0.npz,tcn,17,I__snr_0__noise_404,standard__n404__independent_rms__snr0,methodology_supplement/results/logs/full/inference_tcn_0.json,84cba5ac1aa33634d663eccbbb277738657d998f0664727a56c99c922dbc8583,71d6ecf41388929ce16b6bdc71dda3c8519feac3aa4fb04538d7bf7b1d42fbc2,2158,True,True,0.0
defa020a328ce6e8df45aef853e965716ac0367a2929b916f59e34fdb48b6914,methodology_supplement/results/predictions/full/tcn/seed_17/standard__n505__independent_rms__snr0.npz,tcn,17,I__snr_0__noise_505,standard__n505__independent_rms__snr0,methodology_supplement/results/logs/full/inference_tcn_0.json,84cba5ac1aa33634d663eccbbb277738657d998f0664727a56c99c922dbc8583,71d6ecf41388929ce16b6bdc71dda3c8519feac3aa4fb04538d7bf7b1d42fbc2,2158,True,True,0.0
a94ee13eb73bafdd9410d01cfa0ca5be42c07e780b5e54af77028bb35fb95fca,methodology_supplement/results/predictions/full/tcn/seed_17/standard__n8128__independent_rms__snr0.npz,tcn,17,I__snr_0__noise_8128,standard__n8128__independent_rms__snr0,methodology_supplement/results/logs/full/inference_tcn_0.json,84cba5ac1aa33634d663eccbbb277738657d998f0664727a56c99c922dbc8583,71d6ecf41388929ce16b6bdc71dda3c8519feac3aa4fb04538d7bf7b1d42fbc2,2158,True,True,2.220446049250313e-16
f123c0127996bfcbe009e3bf8e8d37b6d1d963ca20908be950eea8afd7cc2cb1,methodology_supplement/results/predictions/full/tcn/seed_17/standard__n101__independent_rms__snr10.npz,tcn,17,I__snr_10__noise_101,standard__n101__independent_rms__snr10,methodology_supplement/results/logs/full/inference_tcn_0.json,84cba5ac1aa33634d663eccbbb277738657d998f0664727a56c99c922dbc8583,71d6ecf41388929ce16b6bdc71dda3c8519feac3aa4fb04538d7bf7b1d42fbc2,2158,True,True,1.1102230246251565e-16
3774b8a880637f7cfa691dc2927dc0f8d185123f30a4d435b37c7624b1b56757,methodology_supplement/results/predictions/full/tcn/seed_17/standard__n202__independent_rms__snr10.npz,tcn,17,I__snr_10__noise_202,standard__n202__independent_rms__snr10,methodology_supplement/results/logs/full/inference_tcn_0.json,84cba5ac1aa33634d663eccbbb277738657d998f0664727a56c99c922dbc8583,71d6ecf41388929ce16b6bdc71dda3c8519feac3aa4fb04538d7bf7b1d42fbc2,2158,True,True,1.1102230246251565e-16
911c782e813f715d8d003721bdc5f4756330e0bb7c5df82d8358d8eae6cc7bf4,methodology_supplement/results/predictions/full/tcn/seed_17/standard__n303__independent_rms__snr10.npz,tcn,17,I__snr_10__noise_303,standard__n303__independent_rms__snr10,methodology_supplement/results/logs/full/inference_tcn_0.json,84cba5ac1aa33634d663eccbbb277738657d998f0664727a56c99c922dbc8583,71d6ecf41388929ce16b6bdc71dda3c8519feac3aa4fb04538d7bf7b1d42fbc2,2158,True,True,1.1102230246251565e-16
a28d963d00365e431171fcdb192ad102643b799751b65ab1635a96f95cac6f0b,methodology_supplement/results/predictions/full/tcn/seed_17/standard__n404__independent_rms__snr10.npz,tcn,17,I__snr_10__noise_404,standard__n404__independent_rms__snr10,methodology_supplement/results/logs/full/inference_tcn_0.json,84cba5ac1aa33634d663eccbbb277738657d998f0664727a56c99c922dbc8583,71d6ecf41388929ce16b6bdc71dda3c8519feac3aa4fb04538d7bf7b1d42fbc2,2158,True,True,0.0
0acb334fc1a03fddc00a8334b9c61b47c1dfdda295b13e7f20c33ec270824689,methodology_supplement/results/predictions/full/tcn/seed_17/standard__n505__independent_rms__snr10.npz,tcn,17,I__snr_10__noise_505,standard__n505__independent_rms__snr10,methodology_supplement/results/logs/full/inference_tcn_0.json,84cba5ac1aa33634d663eccbbb277738657d998f0664727a56c99c922dbc8583,71d6ecf41388929ce16b6bdc71dda3c8519feac3aa4fb04538d7bf7b1d42fbc2,2158,True,True,2.220446049250313e-16
50b9505ad1a93a6a56be1c635f11734618d34fb216ccdab14fdae9f3bc8e24c7,methodology_supplement/results/predictions/full/tcn/seed_17/standard__n8128__independent_rms__snr10.npz,tcn,17,I__snr_10__noise_8128,standard__n8128__independent_rms__snr10,methodology_supplement/results/logs/full/inference_tcn_0.json,84cba5ac1aa33634d663eccbbb277738657d998f0664727a56c99c922dbc8583,71d6ecf41388929ce16b6bdc71dda3c8519feac3aa4fb04538d7bf7b1d42fbc2,2158,True,True,0.0
3acac2209afcc2ec9a478ab23ea3adc6d6ca1f38eefa1ccc3d2cdfdbdf160ccf,methodology_supplement/results/predictions/full/tcn/seed_17/standard__n101__independent_rms__snr5.npz,tcn,17,I__snr_5__noise_101,standard__n101__independent_rms__snr5,methodology_supplement/results/logs/full/inference_tcn_0.json,84cba5ac1aa33634d663eccbbb277738657d998f0664727a56c99c922dbc8583,71d6ecf41388929ce16b6bdc71dda3c8519feac3aa4fb04538d7bf7b1d42fbc2,2158,True,True,0.0
0341567967ae121859b25fb38d23c2d5d86502e62a47ec92e0fbfb2105edc207,methodology_supplement/results/predictions/full/tcn/seed_17/standard__n202__independent_rms__snr5.npz,tcn,17,I__snr_5__noise_202,standard__n202__independent_rms__snr5,methodology_supplement/results/logs/full/inference_tcn_0.json,84cba5ac1aa33634d663eccbbb277738657d998f0664727a56c99c922dbc8583,71d6ecf41388929ce16b6bdc71dda3c8519feac3aa4fb04538d7bf7b1d42fbc2,2158,True,True,0.0
4ddd9f668ca8762e6f78dedc309f303493dfc0c8d2be609ef0ea3823b97212dc,methodology_supplement/results/predictions/full/tcn/seed_17/standard__n303__independent_rms__snr5.npz,tcn,17,I__snr_5__noise_303,standard__n303__independent_rms__snr5,methodology_supplement/results/logs/full/inference_tcn_0.json,84cba5ac1aa33634d663eccbbb277738657d998f0664727a56c99c922dbc8583,71d6ecf41388929ce16b6bdc71dda3c8519feac3aa4fb04538d7bf7b1d42fbc2,2158,True,True,0.0
f0f89c4e72eca623f33d7fa086ab17059f02c454fcf9a19cc5ef80952134e57b,methodology_supplement/results/predictions/full/tcn/seed_17/standard__n404__independent_rms__snr5.npz,tcn,17,I__snr_5__noise_404,standard__n404__independent_rms__snr5,methodology_supplement/results/logs/full/inference_tcn_0.json,84cba5ac1aa33634d663eccbbb277738657d998f0664727a56c99c922dbc8583,71d6ecf41388929ce16b6bdc71dda3c8519feac3aa4fb04538d7bf7b1d42fbc2,2158,True,True,0.0
067f64c76af455257b5bf46f7bebce5bbf1982d2a1ba7e1fd05abee2f38c62ea,methodology_supplement/results/predictions/full/tcn/seed_17/standard__n505__independent_rms__snr5.npz,tcn,17,I__snr_5__noise_505,standard__n505__independent_rms__snr5,methodology_supplement/results/logs/full/inference_tcn_0.json,84cba5ac1aa33634d663eccbbb277738657d998f0664727a56c99c922dbc8583,71d6ecf41388929ce16b6bdc71dda3c8519feac3aa4fb04538d7bf7b1d42fbc2,2158,True,True,0.0
7ae1d76b9450cada011480a043c3f50c223a351e76ac895282c4983635a9de82,methodology_supplement/results/predictions/full/tcn/seed_17/standard__n8128__independent_rms__snr5.npz,tcn,17,I__snr_5__noise_8128,standard__n8128__independent_rms__snr5,methodology_supplement/results/logs/full/inference_tcn_0.json,84cba5ac1aa33634d663eccbbb277738657d998f0664727a56c99c922dbc8583,71d6ecf41388929ce16b6bdc71dda3c8519feac3aa4fb04538d7bf7b1d42fbc2,2158,True,True,1.1102230246251565e-16
3c760a7efb6163ab799a3d5a9c0707176c704bddae7e0f7151e267b8ec944c31,signed_control_mechanism/predictions/full/worker_tcn_0/seed_17/S_00__snr_0__noise_101.npz,tcn,17,S_00__snr_0__noise_101,S_00__snr_0__noise_101,signed_control_mechanism/logs/full/inference_tcn_0.json,061dd5402805603bbfb9354eba460b06605d72c060b8cb073d01a8185d2da105,abf399d3e32dab7d6f1f035847ff1d5676bf0915004a2f30f4d46dc024f402cc,2158,True,True,2.220446049250313e-16
2eaada03c0b6efd2face72945471453b2c6996c5c7513bd07d2c789c796fbeec,signed_control_mechanism/predictions/full/worker_tcn_0/seed_17/S_00__snr_0__noise_202.npz,tcn,17,S_00__snr_0__noise_202,S_00__snr_0__noise_202,signed_control_mechanism/logs/full/inference_tcn_0.json,061dd5402805603bbfb9354eba460b06605d72c060b8cb073d01a8185d2da105,abf399d3e32dab7d6f1f035847ff1d5676bf0915004a2f30f4d46dc024f402cc,2158,True,True,0.0
5f83e020ed20f232515b02d1e3840fa6850b7ca384f2b17230f9d153931a0e0d,signed_control_mechanism/predictions/full/worker_tcn_0/seed_17/S_00__snr_0__noise_303.npz,tcn,17,S_00__snr_0__noise_303,S_00__snr_0__noise_303,signed_control_mechanism/logs/full/inference_tcn_0.json,061dd5402805603bbfb9354eba460b06605d72c060b8cb073d01a8185d2da105,abf399d3e32dab7d6f1f035847ff1d5676bf0915004a2f30f4d46dc024f402cc,2158,True,True,0.0
8cf62581073117aaa9bfa354c91a14b5d70d47c8260af0f04cb898e7ba05198b,signed_control_mechanism/predictions/full/worker_tcn_0/seed_17/S_00__snr_0__noise_404.npz,tcn,17,S_00__snr_0__noise_404,S_00__snr_0__noise_404,signed_control_mechanism/logs/full/inference_tcn_0.json,061dd5402805603bbfb9354eba460b06605d72c060b8cb073d01a8185d2da105,abf399d3e32dab7d6f1f035847ff1d5676bf0915004a2f30f4d46dc024f402cc,2158,True,True,0.0
660b37fec40aa1d1cafd2c4e37a7b01962a4d44bab005a09c4ef7e27decfeafb,signed_control_mechanism/predictions/full/worker_tcn_0/seed_17/S_00__snr_0__noise_505.npz,tcn,17,S_00__snr_0__noise_505,S_00__snr_0__noise_505,signed_control_mechanism/logs/full/inference_tcn_0.json,061dd5402805603bbfb9354eba460b06605d72c060b8cb073d01a8185d2da105,abf399d3e32dab7d6f1f035847ff1d5676bf0915004a2f30f4d46dc024f402cc,2158,True,True,0.0
f1eea05c99e4c86d5e904d6ca498f27155f50f458a50dab7782ab909d084a60b,signed_control_mechanism/predictions/full/worker_tcn_0/seed_17/S_00__snr_0__noise_8128.npz,tcn,17,S_00__snr_0__noise_8128,S_00__snr_0__noise_8128,signed_control_mechanism/logs/full/inference_tcn_0.json,061dd5402805603bbfb9354eba460b06605d72c060b8cb073d01a8185d2da105,abf399d3e32dab7d6f1f035847ff1d5676bf0915004a2f30f4d46dc024f402cc,2158,True,True,0.0
3a713ba91dbdd80cfe5d9634aaa4d04ea15f0e50f9e1c8ce2c7d0aeffbaec1e2,signed_control_mechanism/predictions/full/worker_tcn_0/seed_17/S_00__snr_10__noise_101.npz,tcn,17,S_00__snr_10__noise_101,S_00__snr_10__noise_101,signed_control_mechanism/logs/full/inference_tcn_0.json,061dd5402805603bbfb9354eba460b06605d72c060b8cb073d01a8185d2da105,abf399d3e32dab7d6f1f035847ff1d5676bf0915004a2f30f4d46dc024f402cc,2158,True,True,1.1102230246251565e-16
f3152353f4ec9e4402dedfe7258fb64a7fb132656cdb79c5736bdb33b4e312c8,signed_control_mechanism/predictions/full/worker_tcn_0/seed_17/S_00__snr_10__noise_202.npz,tcn,17,S_00__snr_10__noise_202,S_00__snr_10__noise_202,signed_control_mechanism/logs/full/inference_tcn_0.json,061dd5402805603bbfb9354eba460b06605d72c060b8cb073d01a8185d2da105,abf399d3e32dab7d6f1f035847ff1d5676bf0915004a2f30f4d46dc024f402cc,2158,True,True,1.1102230246251565e-16
1a5cb1d0a65bce834723593ed15cbf54c652193d5ea886bdcf853243e61ff07d,signed_control_mechanism/predictions/full/worker_tcn_0/seed_17/S_00__snr_10__noise_303.npz,tcn,17,S_00__snr_10__noise_303,S_00__snr_10__noise_303,signed_control_mechanism/logs/full/inference_tcn_0.json,061dd5402805603bbfb9354eba460b06605d72c060b8cb073d01a8185d2da105,abf399d3e32dab7d6f1f035847ff1d5676bf0915004a2f30f4d46dc024f402cc,2158,True,True,0.0
2f4243f8c5d5b3a72d50e54fba3542228d8ffb6dffbba5f2d0b9da9a2af23ea6,signed_control_mechanism/predictions/full/worker_tcn_0/seed_17/S_00__snr_10__noise_404.npz,tcn,17,S_00__snr_10__noise_404,S_00__snr_10__noise_404,signed_control_mechanism/logs/full/inference_tcn_0.json,061dd5402805603bbfb9354eba460b06605d72c060b8cb073d01a8185d2da105,abf399d3e32dab7d6f1f035847ff1d5676bf0915004a2f30f4d46dc024f402cc,2158,True,True,3.3306690738754696e-16
0c1be65bbc50f3fb8e25f785a4e096efae05f44ca0d02d55b5499e5eb26bc33e,signed_control_mechanism/predictions/full/worker_tcn_0/seed_17/S_00__snr_10__noise_505.npz,tcn,17,S_00__snr_10__noise_505,S_00__snr_10__noise_505,signed_control_mechanism/logs/full/inference_tcn_0.json,061dd5402805603bbfb9354eba460b06605d72c060b8cb073d01a8185d2da105,abf399d3e32dab7d6f1f035847ff1d5676bf0915004a2f30f4d46dc024f402cc,2158,True,True,0.0
838c5305125cd710d86cddd2ef4471f0b3cbe3c1a8a2fb5c6cae1bde9b5fced0,signed_control_mechanism/predictions/full/worker_tcn_0/seed_17/S_00__snr_10__noise_8128.npz,tcn,17,S_00__snr_10__noise_8128,S_00__snr_10__noise_8128,signed_control_mechanism/logs/full/inference_tcn_0.json,061dd5402805603bbfb9354eba460b06605d72c060b8cb073d01a8185d2da105,abf399d3e32dab7d6f1f035847ff1d5676bf0915004a2f30f4d46dc024f402cc,2158,True,True,0.0
ad03f57495457fb2f4ffe11f55b59c03d1f17fbcee92822fe28d9d9141d6c302,signed_control_mechanism/predictions/full/worker_tcn_0/seed_17/S_00__snr_5__noise_101.npz,tcn,17,S_00__snr_5__noise_101,S_00__snr_5__noise_101,signed_control_mechanism/logs/full/inference_tcn_0.json,061dd5402805603bbfb9354eba460b06605d72c060b8cb073d01a8185d2da105,abf399d3e32dab7d6f1f035847ff1d5676bf0915004a2f30f4d46dc024f402cc,2158,True,True,0.0
51840be97f911ac123c5d91d11507920d26ca67df534437e4f55c00678a380ac,signed_control_mechanism/predictions/full/worker_tcn_0/seed_17/S_00__snr_5__noise_202.npz,tcn,17,S_00__snr_5__noise_202,S_00__snr_5__noise_202,signed_control_mechanism/logs/full/inference_tcn_0.json,061dd5402805603bbfb9354eba460b06605d72c060b8cb073d01a8185d2da105,abf399d3e32dab7d6f1f035847ff1d5676bf0915004a2f30f4d46dc024f402cc,2158,True,True,0.0
36ffb554b88cb90a4df911895913d584df92d7f3b7c1ecddf8a0db69d8132ddb,signed_control_mechanism/predictions/full/worker_tcn_0/seed_17/S_00__snr_5__noise_303.npz,tcn,17,S_00__snr_5__noise_303,S_00__snr_5__noise_303,signed_control_mechanism/logs/full/inference_tcn_0.json,061dd5402805603bbfb9354eba460b06605d72c060b8cb073d01a8185d2da105,abf399d3e32dab7d6f1f035847ff1d5676bf0915004a2f30f4d46dc024f402cc,2158,True,True,0.0
9cb4ff954c6e00d7448146cb2137e80e1a3568eb8f2894794f3d8fb4a8f149d5,signed_control_mechanism/predictions/full/worker_tcn_0/seed_17/S_00__snr_5__noise_404.npz,tcn,17,S_00__snr_5__noise_404,S_00__snr_5__noise_404,signed_control_mechanism/logs/full/inference_tcn_0.json,061dd5402805603bbfb9354eba460b06605d72c060b8cb073d01a8185d2da105,abf399d3e32dab7d6f1f035847ff1d5676bf0915004a2f30f4d46dc024f402cc,2158,True,True,0.0
abeb87e4c346bb71d55143e49a171c4e4c6f35e77a8408a373d2c467ea151e80,signed_control_mechanism/predictions/full/worker_tcn_0/seed_17/S_00__snr_5__noise_505.npz,tcn,17,S_00__snr_5__noise_505,S_00__snr_5__noise_505,signed_control_mechanism/logs/full/inference_tcn_0.json,061dd5402805603bbfb9354eba460b06605d72c060b8cb073d01a8185d2da105,abf399d3e32dab7d6f1f035847ff1d5676bf0915004a2f30f4d46dc024f402cc,2158,True,True,0.0
4df8be97b11b7ab110b292c843568a76225ca73dd21aff7ec73ef3e9d8be6f47,signed_control_mechanism/predictions/full/worker_tcn_0/seed_17/S_00__snr_5__noise_8128.npz,tcn,17,S_00__snr_5__noise_8128,S_00__snr_5__noise_8128,signed_control_mechanism/logs/full/inference_tcn_0.json,061dd5402805603bbfb9354eba460b06605d72c060b8cb073d01a8185d2da105,abf399d3e32dab7d6f1f035847ff1d5676bf0915004a2f30f4d46dc024f402cc,2158,True,True,0.0
ba2715e25294cb0b7e7be8eb66774430551039bbaca7f3e962d9bfb4cb75e46b,signed_control_mechanism/predictions/full/worker_tcn_0/seed_17/S_01__snr_0__noise_101.npz,tcn,17,S_01__snr_0__noise_101,S_01__snr_0__noise_101,signed_control_mechanism/logs/full/inference_tcn_0.json,061dd5402805603bbfb9354eba460b06605d72c060b8cb073d01a8185d2da105,abf399d3e32dab7d6f1f035847ff1d5676bf0915004a2f30f4d46dc024f402cc,2158,True,True,0.0
b73ae009b7d9d1f3ab4569b8d19177e544b5cb1bf336314d0a080f63e5c08c2c,signed_control_mechanism/predictions/full/worker_tcn_0/seed_17/S_01__snr_0__noise_202.npz,tcn,17,S_01__snr_0__noise_202,S_01__snr_0__noise_202,signed_control_mechanism/logs/full/inference_tcn_0.json,061dd5402805603bbfb9354eba460b06605d72c060b8cb073d01a8185d2da105,abf399d3e32dab7d6f1f035847ff1d5676bf0915004a2f30f4d46dc024f402cc,2158,True,True,0.0
b21175a399bf5d68f43a49d27cfd66be790d6551fe25826b05a3e88cd5f47ff2,signed_control_mechanism/predictions/full/worker_tcn_0/seed_17/S_01__snr_0__noise_303.npz,tcn,17,S_01__snr_0__noise_303,S_01__snr_0__noise_303,signed_control_mechanism/logs/full/inference_tcn_0.json,061dd5402805603bbfb9354eba460b06605d72c060b8cb073d01a8185d2da105,abf399d3e32dab7d6f1f035847ff1d5676bf0915004a2f30f4d46dc024f402cc,2158,True,True,2.220446049250313e-16
2c292ebc26bbccb7cb9105b0745f06b04f4de589cc257499d55f2008b0e6c819,signed_control_mechanism/predictions/full/worker_tcn_0/seed_17/S_01__snr_0__noise_404.npz,tcn,17,S_01__snr_0__noise_404,S_01__snr_0__noise_404,signed_control_mechanism/logs/full/inference_tcn_0.json,061dd5402805603bbfb9354eba460b06605d72c060b8cb073d01a8185d2da105,abf399d3e32dab7d6f1f035847ff1d5676bf0915004a2f30f4d46dc024f402cc,2158,True,True,0.0
3ab4f09bd217107944ee4b9675f2ffd55cbb0fd1a622355802cbe2fbf78d2f39,signed_control_mechanism/predictions/full/worker_tcn_0/seed_17/S_01__snr_0__noise_505.npz,tcn,17,S_01__snr_0__noise_505,S_01__snr_0__noise_505,signed_control_mechanism/logs/full/inference_tcn_0.json,061dd5402805603bbfb9354eba460b06605d72c060b8cb073d01a8185d2da105,abf399d3e32dab7d6f1f035847ff1d5676bf0915004a2f30f4d46dc024f402cc,2158,True,True,3.3306690738754696e-16
16b573238b1c774043d59fc5ce1bcd952d7559dedbb6aacf3342c696575ce08e,signed_control_mechanism/predictions/full/worker_tcn_0/seed_17/S_01__snr_0__noise_8128.npz,tcn,17,S_01__snr_0__noise_8128,S_01__snr_0__noise_8128,signed_control_mechanism/logs/full/inference_tcn_0.json,061dd5402805603bbfb9354eba460b06605d72c060b8cb073d01a8185d2da105,abf399d3e32dab7d6f1f035847ff1d5676bf0915004a2f30f4d46dc024f402cc,2158,True,True,0.0
54506e27f0ae5fc1f2bf2d43299668c65efb889c2612cdbac839cffa2ff2bff4,signed_control_mechanism/predictions/full/worker_tcn_0/seed_17/S_01__snr_10__noise_101.npz,tcn,17,S_01__snr_10__noise_101,S_01__snr_10__noise_101,signed_control_mechanism/logs/full/inference_tcn_0.json,061dd5402805603bbfb9354eba460b06605d72c060b8cb073d01a8185d2da105,abf399d3e32dab7d6f1f035847ff1d5676bf0915004a2f30f4d46dc024f402cc,2158,True,True,0.0
211f5a9d12d4ed76f3268d805b29e3dc63fdfb38c24ed8fc4edd22622f350f3c,signed_control_mechanism/predictions/full/worker_tcn_0/seed_17/S_01__snr_10__noise_202.npz,tcn,17,S_01__snr_10__noise_202,S_01__snr_10__noise_202,signed_control_mechanism/logs/full/inference_tcn_0.json,061dd5402805603bbfb9354eba460b06605d72c060b8cb073d01a8185d2da105,abf399d3e32dab7d6f1f035847ff1d5676bf0915004a2f30f4d46dc024f402cc,2158,True,True,0.0
60bf7613cddf4521b379f2d5cf7cbb331f7e471aed4a65df063995751b90a24d,signed_control_mechanism/predictions/full/worker_tcn_0/seed_17/S_01__snr_10__noise_303.npz,tcn,17,S_01__snr_10__noise_303,S_01__snr_10__noise_303,signed_control_mechanism/logs/full/inference_tcn_0.json,061dd5402805603bbfb9354eba460b06605d72c060b8cb073d01a8185d2da105,abf399d3e32dab7d6f1f035847ff1d5676bf0915004a2f30f4d46dc024f402cc,2158,True,True,1.1102230246251565e-16
c7d49054b2533bd9976a352777a8d0dd09bb80c56b66b17b9516c1e31b4953a8,signed_control_mechanism/predictions/full/worker_tcn_0/seed_17/S_01__snr_10__noise_404.npz,tcn,17,S_01__snr_10__noise_404,S_01__snr_10__noise_404,signed_control_mechanism/logs/full/inference_tcn_0.json,061dd5402805603bbfb9354eba460b06605d72c060b8cb073d01a8185d2da105,abf399d3e32dab7d6f1f035847ff1d5676bf0915004a2f30f4d46dc024f402cc,2158,True,True,0.0
f3766229ab810972fd0027b417a62334f99f52adfd5301ef7cec10af249e9e70,signed_control_mechanism/predictions/full/worker_tcn_0/seed_17/S_01__snr_10__noise_505.npz,tcn,17,S_01__snr_10__noise_505,S_01__snr_10__noise_505,signed_control_mechanism/logs/full/inference_tcn_0.json,061dd5402805603bbfb9354eba460b06605d72c060b8cb073d01a8185d2da105,abf399d3e32dab7d6f1f035847ff1d5676bf0915004a2f30f4d46dc024f402cc,2158,True,True,0.0
a7990bbc0142e1126cfdc9326a5f5658a562f46b57b0f3bc662187a5cf49e878,signed_control_mechanism/predictions/full/worker_tcn_0/seed_17/S_01__snr_10__noise_8128.npz,tcn,17,S_01__snr_10__noise_8128,S_01__snr_10__noise_8128,signed_control_mechanism/logs/full/inference_tcn_0.json,061dd5402805603bbfb9354eba460b06605d72c060b8cb073d01a8185d2da105,abf399d3e32dab7d6f1f035847ff1d5676bf0915004a2f30f4d46dc024f402cc,2158,True,True,2.220446049250313e-16
107b6a79e6c964e9c9e2adb6fef205ad2a7b29a42a34d82939c32a215e4c17e4,signed_control_mechanism/predictions/full/worker_tcn_0/seed_17/S_01__snr_5__noise_101.npz,tcn,17,S_01__snr_5__noise_101,S_01__snr_5__noise_101,signed_control_mechanism/logs/full/inference_tcn_0.json,061dd5402805603bbfb9354eba460b06605d72c060b8cb073d01a8185d2da105,abf399d3e32dab7d6f1f035847ff1d5676bf0915004a2f30f4d46dc024f402cc,2158,True,True,1.1102230246251565e-16
dd0c29db940d9fbf86343f98f05b1e94296892106dbc7af90adbd4bb56d7d444,signed_control_mechanism/predictions/full/worker_tcn_0/seed_17/S_01__snr_5__noise_202.npz,tcn,17,S_01__snr_5__noise_202,S_01__snr_5__noise_202,signed_control_mechanism/logs/full/inference_tcn_0.json,061dd5402805603bbfb9354eba460b06605d72c060b8cb073d01a8185d2da105,abf399d3e32dab7d6f1f035847ff1d5676bf0915004a2f30f4d46dc024f402cc,2158,True,True,0.0
4a2f189ac6a7daffb1a099fbcf5e5088e96831da89095875202912a7b6c66e17,signed_control_mechanism/predictions/full/worker_tcn_0/seed_17/S_01__snr_5__noise_303.npz,tcn,17,S_01__snr_5__noise_303,S_01__snr_5__noise_303,signed_control_mechanism/logs/full/inference_tcn_0.json,061dd5402805603bbfb9354eba460b06605d72c060b8cb073d01a8185d2da105,abf399d3e32dab7d6f1f035847ff1d5676bf0915004a2f30f4d46dc024f402cc,2158,True,True,1.1102230246251565e-16
1b4b8f38e3418d127ba5d71ca145255e1e242575589c85630bc31a313e18ca6d,signed_control_mechanism/predictions/full/worker_tcn_0/seed_17/S_01__snr_5__noise_404.npz,tcn,17,S_01__snr_5__noise_404,S_01__snr_5__noise_404,signed_control_mechanism/logs/full/inference_tcn_0.json,061dd5402805603bbfb9354eba460b06605d72c060b8cb073d01a8185d2da105,abf399d3e32dab7d6f1f035847ff1d5676bf0915004a2f30f4d46dc024f402cc,2158,True,True,1.1102230246251565e-16
ca7a08d41655b49feb3610b41c6b828bea8215b111151f0106955e580910340b,signed_control_mechanism/predictions/full/worker_tcn_0/seed_17/S_01__snr_5__noise_505.npz,tcn,17,S_01__snr_5__noise_505,S_01__snr_5__noise_505,signed_control_mechanism/logs/full/inference_tcn_0.json,061dd5402805603bbfb9354eba460b06605d72c060b8cb073d01a8185d2da105,abf399d3e32dab7d6f1f035847ff1d5676bf0915004a2f30f4d46dc024f402cc,2158,True,True,0.0
9a50d0e9cc100f7d7b595aae56b9ba026d091604eb161eb9bf4a9413656f0f92,signed_control_mechanism/predictions/full/worker_tcn_0/seed_17/S_01__snr_5__noise_8128.npz,tcn,17,S_01__snr_5__noise_8128,S_01__snr_5__noise_8128,signed_control_mechanism/logs/full/inference_tcn_0.json,061dd5402805603bbfb9354eba460b06605d72c060b8cb073d01a8185d2da105,abf399d3e32dab7d6f1f035847ff1d5676bf0915004a2f30f4d46dc024f402cc,2158,True,True,0.0
ba7a66dca39367a1776ce2be3d28c78769db7b84c03e73ae1f2432199c428945,signed_control_mechanism/predictions/full/worker_tcn_0/seed_17/S_02__snr_0__noise_101.npz,tcn,17,S_02__snr_0__noise_101,S_02__snr_0__noise_101,signed_control_mechanism/logs/full/inference_tcn_0.json,061dd5402805603bbfb9354eba460b06605d72c060b8cb073d01a8185d2da105,abf399d3e32dab7d6f1f035847ff1d5676bf0915004a2f30f4d46dc024f402cc,2158,True,True,0.0
d87336ea99af436c3477c324bccf0cc339bf390fbfe715d0443dc7c960720ac5,signed_control_mechanism/predictions/full/worker_tcn_0/seed_17/S_02__snr_0__noise_202.npz,tcn,17,S_02__snr_0__noise_202,S_02__snr_0__noise_202,signed_control_mechanism/logs/full/inference_tcn_0.json,061dd5402805603bbfb9354eba460b06605d72c060b8cb073d01a8185d2da105,abf399d3e32dab7d6f1f035847ff1d5676bf0915004a2f30f4d46dc024f402cc,2158,True,True,1.1102230246251565e-16
54fc48e73010014cfd323fca122bdbe6862935f65a751679e9d527e9631d9779,signed_control_mechanism/predictions/full/worker_tcn_0/seed_17/S_02__snr_0__noise_303.npz,tcn,17,S_02__snr_0__noise_303,S_02__snr_0__noise_303,signed_control_mechanism/logs/full/inference_tcn_0.json,061dd5402805603bbfb9354eba460b06605d72c060b8cb073d01a8185d2da105,abf399d3e32dab7d6f1f035847ff1d5676bf0915004a2f30f4d46dc024f402cc,2158,True,True,0.0
f06829a8437e3ab8d62978998f8b892bb3cf5eaede89633c06c4eff5f85e7bf5,signed_control_mechanism/predictions/full/worker_tcn_0/seed_17/S_02__snr_0__noise_404.npz,tcn,17,S_02__snr_0__noise_404,S_02__snr_0__noise_404,signed_control_mechanism/logs/full/inference_tcn_0.json,061dd5402805603bbfb9354eba460b06605d72c060b8cb073d01a8185d2da105,abf399d3e32dab7d6f1f035847ff1d5676bf0915004a2f30f4d46dc024f402cc,2158,True,True,0.0
07e145bd62b766fee1e05c19e1b136552842e6f87436daab7943957d36dbdb5a,signed_control_mechanism/predictions/full/worker_tcn_0/seed_17/S_02__snr_0__noise_505.npz,tcn,17,S_02__snr_0__noise_505,S_02__snr_0__noise_505,signed_control_mechanism/logs/full/inference_tcn_0.json,061dd5402805603bbfb9354eba460b06605d72c060b8cb073d01a8185d2da105,abf399d3e32dab7d6f1f035847ff1d5676bf0915004a2f30f4d46dc024f402cc,2158,True,True,0.0
33bd78a8e28e473cd64f01013de3dee2daf44f18a76d673b9e3d740f68b60743,signed_control_mechanism/predictions/full/worker_tcn_0/seed_17/S_02__snr_0__noise_8128.npz,tcn,17,S_02__snr_0__noise_8128,S_02__snr_0__noise_8128,signed_control_mechanism/logs/full/inference_tcn_0.json,061dd5402805603bbfb9354eba460b06605d72c060b8cb073d01a8185d2da105,abf399d3e32dab7d6f1f035847ff1d5676bf0915004a2f30f4d46dc024f402cc,2158,True,True,2.220446049250313e-16
a93455125a31381c41d4eddf96478d8b9e15d0572f06139751303fc8ca6be998,signed_control_mechanism/predictions/full/worker_tcn_0/seed_17/S_02__snr_10__noise_101.npz,tcn,17,S_02__snr_10__noise_101,S_02__snr_10__noise_101,signed_control_mechanism/logs/full/inference_tcn_0.json,061dd5402805603bbfb9354eba460b06605d72c060b8cb073d01a8185d2da105,abf399d3e32dab7d6f1f035847ff1d5676bf0915004a2f30f4d46dc024f402cc,2158,True,True,2.220446049250313e-16
30a2d8befd21e6781f77d59695e1b7cb3e947b8505d491e74f03eb54f834a29d,signed_control_mechanism/predictions/full/worker_tcn_0/seed_17/S_02__snr_10__noise_202.npz,tcn,17,S_02__snr_10__noise_202,S_02__snr_10__noise_202,signed_control_mechanism/logs/full/inference_tcn_0.json,061dd5402805603bbfb9354eba460b06605d72c060b8cb073d01a8185d2da105,abf399d3e32dab7d6f1f035847ff1d5676bf0915004a2f30f4d46dc024f402cc,2158,True,True,3.3306690738754696e-16
42c7903a7b70cb260b9caa58c318f6c6372077ebae5f38f77f03ad42cc1e76a8,signed_control_mechanism/predictions/full/worker_tcn_0/seed_17/S_02__snr_10__noise_303.npz,tcn,17,S_02__snr_10__noise_303,S_02__snr_10__noise_303,signed_control_mechanism/logs/full/inference_tcn_0.json,061dd5402805603bbfb9354eba460b06605d72c060b8cb073d01a8185d2da105,abf399d3e32dab7d6f1f035847ff1d5676bf0915004a2f30f4d46dc024f402cc,2158,True,True,0.0
361b95c9def8dd65b62e292ea8522f032574fe28aa5e30be8f56d55f4d93fafc,signed_control_mechanism/predictions/full/worker_tcn_0/seed_17/S_02__snr_10__noise_404.npz,tcn,17,S_02__snr_10__noise_404,S_02__snr_10__noise_404,signed_control_mechanism/logs/full/inference_tcn_0.json,061dd5402805603bbfb9354eba460b06605d72c060b8cb073d01a8185d2da105,abf399d3e32dab7d6f1f035847ff1d5676bf0915004a2f30f4d46dc024f402cc,2158,True,True,0.0
ebfd8dd969f5ca7e2fb6007884da3f7d7676d0e74a4c2255d9a42afcc0b2ccca,signed_control_mechanism/predictions/full/worker_tcn_0/seed_17/S_02__snr_10__noise_505.npz,tcn,17,S_02__snr_10__noise_505,S_02__snr_10__noise_505,signed_control_mechanism/logs/full/inference_tcn_0.json,061dd5402805603bbfb9354eba460b06605d72c060b8cb073d01a8185d2da105,abf399d3e32dab7d6f1f035847ff1d5676bf0915004a2f30f4d46dc024f402cc,2158,True,True,0.0
52b91c936413028bef4547af03abc69aee48e17ddfac80486feb8fdd288cf01d,signed_control_mechanism/predictions/full/worker_tcn_0/seed_17/S_02__snr_10__noise_8128.npz,tcn,17,S_02__snr_10__noise_8128,S_02__snr_10__noise_8128,signed_control_mechanism/logs/full/inference_tcn_0.json,061dd5402805603bbfb9354eba460b06605d72c060b8cb073d01a8185d2da105,abf399d3e32dab7d6f1f035847ff1d5676bf0915004a2f30f4d46dc024f402cc,2158,True,True,0.0
307bd5f53fe3b80c5a3db732b4ba9491db1d40b41a7534a7ef7464de9c8af17d,signed_control_mechanism/predictions/full/worker_tcn_0/seed_17/S_02__snr_5__noise_101.npz,tcn,17,S_02__snr_5__noise_101,S_02__snr_5__noise_101,signed_control_mechanism/logs/full/inference_tcn_0.json,061dd5402805603bbfb9354eba460b06605d72c060b8cb073d01a8185d2da105,abf399d3e32dab7d6f1f035847ff1d5676bf0915004a2f30f4d46dc024f402cc,2158,True,True,1.1102230246251565e-16
5fc0066281eabcdd371cd7a7e214a5416989bd94e5a82cfcc5370d8626559de2,signed_control_mechanism/predictions/full/worker_tcn_0/seed_17/S_02__snr_5__noise_202.npz,tcn,17,S_02__snr_5__noise_202,S_02__snr_5__noise_202,signed_control_mechanism/logs/full/inference_tcn_0.json,061dd5402805603bbfb9354eba460b06605d72c060b8cb073d01a8185d2da105,abf399d3e32dab7d6f1f035847ff1d5676bf0915004a2f30f4d46dc024f402cc,2158,True,True,1.1102230246251565e-16
ea6c386699d503c6c9a32377433820979220ebe07b6ea02610fd5f0b01b0d17d,signed_control_mechanism/predictions/full/worker_tcn_0/seed_17/S_02__snr_5__noise_303.npz,tcn,17,S_02__snr_5__noise_303,S_02__snr_5__noise_303,signed_control_mechanism/logs/full/inference_tcn_0.json,061dd5402805603bbfb9354eba460b06605d72c060b8cb073d01a8185d2da105,abf399d3e32dab7d6f1f035847ff1d5676bf0915004a2f30f4d46dc024f402cc,2158,True,True,2.220446049250313e-16
d5c353f90afb319c8f4a44f16b2b51b8d6a936125cf6c97f9de97674004ed55d,signed_control_mechanism/predictions/full/worker_tcn_0/seed_17/S_02__snr_5__noise_404.npz,tcn,17,S_02__snr_5__noise_404,S_02__snr_5__noise_404,signed_control_mechanism/logs/full/inference_tcn_0.json,061dd5402805603bbfb9354eba460b06605d72c060b8cb073d01a8185d2da105,abf399d3e32dab7d6f1f035847ff1d5676bf0915004a2f30f4d46dc024f402cc,2158,True,True,0.0
502c152edf4925064360b9e719f2649debaeb155c268d0a681fb7c92e3e290ff,signed_control_mechanism/predictions/full/worker_tcn_0/seed_17/S_02__snr_5__noise_505.npz,tcn,17,S_02__snr_5__noise_505,S_02__snr_5__noise_505,signed_control_mechanism/logs/full/inference_tcn_0.json,061dd5402805603bbfb9354eba460b06605d72c060b8cb073d01a8185d2da105,abf399d3e32dab7d6f1f035847ff1d5676bf0915004a2f30f4d46dc024f402cc,2158,True,True,1.1102230246251565e-16
a4609b6e9b56b3d02f9dcd19d0616b6b191c7b4d9b8bd2ae6cede93ee3e37f11,signed_control_mechanism/predictions/full/worker_tcn_0/seed_17/S_02__snr_5__noise_8128.npz,tcn,17,S_02__snr_5__noise_8128,S_02__snr_5__noise_8128,signed_control_mechanism/logs/full/inference_tcn_0.json,061dd5402805603bbfb9354eba460b06605d72c060b8cb073d01a8185d2da105,abf399d3e32dab7d6f1f035847ff1d5676bf0915004a2f30f4d46dc024f402cc,2158,True,True,3.3306690738754696e-16
b87651c75d2464e6308e51554108e35ef1d25473633fa1bf1be3b63985e7fea1,signed_control_mechanism/predictions/full/worker_tcn_0/seed_17/S_03__snr_0__noise_101.npz,tcn,17,S_03__snr_0__noise_101,S_03__snr_0__noise_101,signed_control_mechanism/logs/full/inference_tcn_0.json,061dd5402805603bbfb9354eba460b06605d72c060b8cb073d01a8185d2da105,abf399d3e32dab7d6f1f035847ff1d5676bf0915004a2f30f4d46dc024f402cc,2158,True,True,0.0
d8030959d0a41143e886b1260c0017ccf61cbb88e0216ace2fc8b4bad1eda8c5,signed_control_mechanism/predictions/full/worker_tcn_0/seed_17/S_03__snr_0__noise_202.npz,tcn,17,S_03__snr_0__noise_202,S_03__snr_0__noise_202,signed_control_mechanism/logs/full/inference_tcn_0.json,061dd5402805603bbfb9354eba460b06605d72c060b8cb073d01a8185d2da105,abf399d3e32dab7d6f1f035847ff1d5676bf0915004a2f30f4d46dc024f402cc,2158,True,True,0.0
4b1fa9ccde21789de7e9aa8b9c77bfa9f0bbf19a908168b7dfc914022e3e6062,signed_control_mechanism/predictions/full/worker_tcn_0/seed_17/S_03__snr_0__noise_303.npz,tcn,17,S_03__snr_0__noise_303,S_03__snr_0__noise_303,signed_control_mechanism/logs/full/inference_tcn_0.json,061dd5402805603bbfb9354eba460b06605d72c060b8cb073d01a8185d2da105,abf399d3e32dab7d6f1f035847ff1d5676bf0915004a2f30f4d46dc024f402cc,2158,True,True,0.0
c9482ca58396bebdb66c1a4aa9fb872ae525fb3d04be93f0551e93c0666e877a,signed_control_mechanism/predictions/full/worker_tcn_0/seed_17/S_03__snr_0__noise_404.npz,tcn,17,S_03__snr_0__noise_404,S_03__snr_0__noise_404,signed_control_mechanism/logs/full/inference_tcn_0.json,061dd5402805603bbfb9354eba460b06605d72c060b8cb073d01a8185d2da105,abf399d3e32dab7d6f1f035847ff1d5676bf0915004a2f30f4d46dc024f402cc,2158,True,True,0.0
3021bdeca5babca2a5926843521e97fc1a56495aca9a0003eeac2880162d0241,signed_control_mechanism/predictions/full/worker_tcn_0/seed_17/S_03__snr_0__noise_505.npz,tcn,17,S_03__snr_0__noise_505,S_03__snr_0__noise_505,signed_control_mechanism/logs/full/inference_tcn_0.json,061dd5402805603bbfb9354eba460b06605d72c060b8cb073d01a8185d2da105,abf399d3e32dab7d6f1f035847ff1d5676bf0915004a2f30f4d46dc024f402cc,2158,True,True,0.0
5c92d44a4a37c847dd069f94a1592714c1c8b6b812b353d46f904af884777d56,signed_control_mechanism/predictions/full/worker_tcn_0/seed_17/S_03__snr_0__noise_8128.npz,tcn,17,S_03__snr_0__noise_8128,S_03__snr_0__noise_8128,signed_control_mechanism/logs/full/inference_tcn_0.json,061dd5402805603bbfb9354eba460b06605d72c060b8cb073d01a8185d2da105,abf399d3e32dab7d6f1f035847ff1d5676bf0915004a2f30f4d46dc024f402cc,2158,True,True,2.220446049250313e-16
40c809e769a031fd179bd9c26d773f3d8681d22c1a75d93141cabca37e0cbd17,signed_control_mechanism/predictions/full/worker_tcn_0/seed_17/S_03__snr_10__noise_101.npz,tcn,17,S_03__snr_10__noise_101,S_03__snr_10__noise_101,signed_control_mechanism/logs/full/inference_tcn_0.json,061dd5402805603bbfb9354eba460b06605d72c060b8cb073d01a8185d2da105,abf399d3e32dab7d6f1f035847ff1d5676bf0915004a2f30f4d46dc024f402cc,2158,True,True,0.0
8c772bc6c8800de24e8dd31eab15cf33d627c2b6464c916d44a944d310a7efc9,signed_control_mechanism/predictions/full/worker_tcn_0/seed_17/S_03__snr_10__noise_202.npz,tcn,17,S_03__snr_10__noise_202,S_03__snr_10__noise_202,signed_control_mechanism/logs/full/inference_tcn_0.json,061dd5402805603bbfb9354eba460b06605d72c060b8cb073d01a8185d2da105,abf399d3e32dab7d6f1f035847ff1d5676bf0915004a2f30f4d46dc024f402cc,2158,True,True,1.1102230246251565e-16
7a408da2dd54bff44ade3e154679617fc3e1828cb91c07cb3c5da018ef470f42,signed_control_mechanism/predictions/full/worker_tcn_0/seed_17/S_03__snr_10__noise_303.npz,tcn,17,S_03__snr_10__noise_303,S_03__snr_10__noise_303,signed_control_mechanism/logs/full/inference_tcn_0.json,061dd5402805603bbfb9354eba460b06605d72c060b8cb073d01a8185d2da105,abf399d3e32dab7d6f1f035847ff1d5676bf0915004a2f30f4d46dc024f402cc,2158,True,True,0.0
a99601159970b34577fd41653352a2a38773172dcfb9aa0c84710200a5a4d6bd,signed_control_mechanism/predictions/full/worker_tcn_0/seed_17/S_03__snr_10__noise_404.npz,tcn,17,S_03__snr_10__noise_404,S_03__snr_10__noise_404,signed_control_mechanism/logs/full/inference_tcn_0.json,061dd5402805603bbfb9354eba460b06605d72c060b8cb073d01a8185d2da105,abf399d3e32dab7d6f1f035847ff1d5676bf0915004a2f30f4d46dc024f402cc,2158,True,True,0.0
e6056f04e75110f0f6652990dbc3ff4bee24329ca5914ffab4791f0b98793114,signed_control_mechanism/predictions/full/worker_tcn_0/seed_17/S_03__snr_10__noise_505.npz,tcn,17,S_03__snr_10__noise_505,S_03__snr_10__noise_505,signed_control_mechanism/logs/full/inference_tcn_0.json,061dd5402805603bbfb9354eba460b06605d72c060b8cb073d01a8185d2da105,abf399d3e32dab7d6f1f035847ff1d5676bf0915004a2f30f4d46dc024f402cc,2158,True,True,2.220446049250313e-16
f9d3419950b6e263eac28f4ad0c99c80fb4f64c7f9e2c014b20635785b85185c,signed_control_mechanism/predictions/full/worker_tcn_0/seed_17/S_03__snr_10__noise_8128.npz,tcn,17,S_03__snr_10__noise_8128,S_03__snr_10__noise_8128,signed_control_mechanism/logs/full/inference_tcn_0.json,061dd5402805603bbfb9354eba460b06605d72c060b8cb073d01a8185d2da105,abf399d3e32dab7d6f1f035847ff1d5676bf0915004a2f30f4d46dc024f402cc,2158,True,True,1.1102230246251565e-16
57e0158f4e62a0c8da66e64044c8f38b87faee8f4b40a6d42ed0b8ba933cfa9a,signed_control_mechanism/predictions/full/worker_tcn_0/seed_17/S_03__snr_5__noise_101.npz,tcn,17,S_03__snr_5__noise_101,S_03__snr_5__noise_101,signed_control_mechanism/logs/full/inference_tcn_0.json,061dd5402805603bbfb9354eba460b06605d72c060b8cb073d01a8185d2da105,abf399d3e32dab7d6f1f035847ff1d5676bf0915004a2f30f4d46dc024f402cc,2158,True,True,0.0
caf036e92c9d71ea61074c85ea8ef7c8c1ec573830ded83fe15236d4c79980a3,signed_control_mechanism/predictions/full/worker_tcn_0/seed_17/S_03__snr_5__noise_202.npz,tcn,17,S_03__snr_5__noise_202,S_03__snr_5__noise_202,signed_control_mechanism/logs/full/inference_tcn_0.json,061dd5402805603bbfb9354eba460b06605d72c060b8cb073d01a8185d2da105,abf399d3e32dab7d6f1f035847ff1d5676bf0915004a2f30f4d46dc024f402cc,2158,True,True,1.1102230246251565e-16
e7e284e1c01acf2f0498b3e740f68dcab03ab211895d7598c7792963278b4b3e,signed_control_mechanism/predictions/full/worker_tcn_0/seed_17/S_03__snr_5__noise_303.npz,tcn,17,S_03__snr_5__noise_303,S_03__snr_5__noise_303,signed_control_mechanism/logs/full/inference_tcn_0.json,061dd5402805603bbfb9354eba460b06605d72c060b8cb073d01a8185d2da105,abf399d3e32dab7d6f1f035847ff1d5676bf0915004a2f30f4d46dc024f402cc,2158,True,True,0.0
ecf3bde19e8dca45e21c9aa495be9d3c59300e19378ee7bc306e2d41f118e3b5,signed_control_mechanism/predictions/full/worker_tcn_0/seed_17/S_03__snr_5__noise_404.npz,tcn,17,S_03__snr_5__noise_404,S_03__snr_5__noise_404,signed_control_mechanism/logs/full/inference_tcn_0.json,061dd5402805603bbfb9354eba460b06605d72c060b8cb073d01a8185d2da105,abf399d3e32dab7d6f1f035847ff1d5676bf0915004a2f30f4d46dc024f402cc,2158,True,True,1.1102230246251565e-16
4b707c2a8d4657507d6e2a92a5cd9cb392be3a1e89246ab17f5129082f1d30fa,signed_control_mechanism/predictions/full/worker_tcn_0/seed_17/S_03__snr_5__noise_505.npz,tcn,17,S_03__snr_5__noise_505,S_03__snr_5__noise_505,signed_control_mechanism/logs/full/inference_tcn_0.json,061dd5402805603bbfb9354eba460b06605d72c060b8cb073d01a8185d2da105,abf399d3e32dab7d6f1f035847ff1d5676bf0915004a2f30f4d46dc024f402cc,2158,True,True,2.220446049250313e-16
d57a6a08a7b8c19f17c6d262e08814635a817c363ad625d6114e35601400641e,signed_control_mechanism/predictions/full/worker_tcn_0/seed_17/S_03__snr_5__noise_8128.npz,tcn,17,S_03__snr_5__noise_8128,S_03__snr_5__noise_8128,signed_control_mechanism/logs/full/inference_tcn_0.json,061dd5402805603bbfb9354eba460b06605d72c060b8cb073d01a8185d2da105,abf399d3e32dab7d6f1f035847ff1d5676bf0915004a2f30f4d46dc024f402cc,2158,True,True,1.1102230246251565e-16
fea01d9c6f9e32489c23074f1904e5c9f18618e23f6bd02f3557dc54435aee06,signed_control_mechanism/predictions/full/worker_tcn_0/seed_17/S_04__snr_0__noise_101.npz,tcn,17,S_04__snr_0__noise_101,S_04__snr_0__noise_101,signed_control_mechanism/logs/full/inference_tcn_0.json,061dd5402805603bbfb9354eba460b06605d72c060b8cb073d01a8185d2da105,abf399d3e32dab7d6f1f035847ff1d5676bf0915004a2f30f4d46dc024f402cc,2158,True,True,0.0
68c259ae84cbdd65f1a31f3afa2b59a02f0fd6f9e405b593649cd3971808e1a7,signed_control_mechanism/predictions/full/worker_tcn_0/seed_17/S_04__snr_0__noise_202.npz,tcn,17,S_04__snr_0__noise_202,S_04__snr_0__noise_202,signed_control_mechanism/logs/full/inference_tcn_0.json,061dd5402805603bbfb9354eba460b06605d72c060b8cb073d01a8185d2da105,abf399d3e32dab7d6f1f035847ff1d5676bf0915004a2f30f4d46dc024f402cc,2158,True,True,0.0
09f77524713fdad9ae7ee4984c7142a4f33e03ed2ec0bf496e6b721fa3faedee,signed_control_mechanism/predictions/full/worker_tcn_0/seed_17/S_04__snr_0__noise_303.npz,tcn,17,S_04__snr_0__noise_303,S_04__snr_0__noise_303,signed_control_mechanism/logs/full/inference_tcn_0.json,061dd5402805603bbfb9354eba460b06605d72c060b8cb073d01a8185d2da105,abf399d3e32dab7d6f1f035847ff1d5676bf0915004a2f30f4d46dc024f402cc,2158,True,True,2.220446049250313e-16
01e1230b9806f590550936cb4d1d28c54433ebc8fe77adc00a320b73f86287b4,signed_control_mechanism/predictions/full/worker_tcn_0/seed_17/S_04__snr_0__noise_404.npz,tcn,17,S_04__snr_0__noise_404,S_04__snr_0__noise_404,signed_control_mechanism/logs/full/inference_tcn_0.json,061dd5402805603bbfb9354eba460b06605d72c060b8cb073d01a8185d2da105,abf399d3e32dab7d6f1f035847ff1d5676bf0915004a2f30f4d46dc024f402cc,2158,True,True,0.0
1885aba681597d912f1d9836d469e18de9bee7891b72e5e36c961aa8c932f84c,signed_control_mechanism/predictions/full/worker_tcn_0/seed_17/S_04__snr_0__noise_505.npz,tcn,17,S_04__snr_0__noise_505,S_04__snr_0__noise_505,signed_control_mechanism/logs/full/inference_tcn_0.json,061dd5402805603bbfb9354eba460b06605d72c060b8cb073d01a8185d2da105,abf399d3e32dab7d6f1f035847ff1d5676bf0915004a2f30f4d46dc024f402cc,2158,True,True,2.220446049250313e-16
1ff77988ee0c57008c8253debab7c89f82494d821f1db9b581f8d5564fe8db7d,signed_control_mechanism/predictions/full/worker_tcn_0/seed_17/S_04__snr_0__noise_8128.npz,tcn,17,S_04__snr_0__noise_8128,S_04__snr_0__noise_8128,signed_control_mechanism/logs/full/inference_tcn_0.json,061dd5402805603bbfb9354eba460b06605d72c060b8cb073d01a8185d2da105,abf399d3e32dab7d6f1f035847ff1d5676bf0915004a2f30f4d46dc024f402cc,2158,True,True,0.0
333f0e67cd772373b21b6b303237dbdb9f7636655fc7de8114379180599fd493,signed_control_mechanism/predictions/full/worker_tcn_0/seed_17/S_04__snr_10__noise_101.npz,tcn,17,S_04__snr_10__noise_101,S_04__snr_10__noise_101,signed_control_mechanism/logs/full/inference_tcn_0.json,061dd5402805603bbfb9354eba460b06605d72c060b8cb073d01a8185d2da105,abf399d3e32dab7d6f1f035847ff1d5676bf0915004a2f30f4d46dc024f402cc,2158,True,True,1.1102230246251565e-16
2ecef196f2719770807c0582921bf86021ef80c3193415b2e059b3b66e1e5bca,signed_control_mechanism/predictions/full/worker_tcn_0/seed_17/S_04__snr_10__noise_202.npz,tcn,17,S_04__snr_10__noise_202,S_04__snr_10__noise_202,signed_control_mechanism/logs/full/inference_tcn_0.json,061dd5402805603bbfb9354eba460b06605d72c060b8cb073d01a8185d2da105,abf399d3e32dab7d6f1f035847ff1d5676bf0915004a2f30f4d46dc024f402cc,2158,True,True,1.1102230246251565e-16
6e4e5c04804afa4c660861bf5413904e2198238265e1837a2e3fb5e574fb65c2,signed_control_mechanism/predictions/full/worker_tcn_0/seed_17/S_04__snr_10__noise_303.npz,tcn,17,S_04__snr_10__noise_303,S_04__snr_10__noise_303,signed_control_mechanism/logs/full/inference_tcn_0.json,061dd5402805603bbfb9354eba460b06605d72c060b8cb073d01a8185d2da105,abf399d3e32dab7d6f1f035847ff1d5676bf0915004a2f30f4d46dc024f402cc,2158,True,True,2.220446049250313e-16
348040e04d4dec0f8448d819ba394d4fd8df24bfc77c88988190bb16324349f7,signed_control_mechanism/predictions/full/worker_tcn_0/seed_17/S_04__snr_10__noise_404.npz,tcn,17,S_04__snr_10__noise_404,S_04__snr_10__noise_404,signed_control_mechanism/logs/full/inference_tcn_0.json,061dd5402805603bbfb9354eba460b06605d72c060b8cb073d01a8185d2da105,abf399d3e32dab7d6f1f035847ff1d5676bf0915004a2f30f4d46dc024f402cc,2158,True,True,1.1102230246251565e-16
77ebe08730d0ab04be0217beb9521252dcfe09c3665df8623a99430beac36526,signed_control_mechanism/predictions/full/worker_tcn_0/seed_17/S_04__snr_10__noise_505.npz,tcn,17,S_04__snr_10__noise_505,S_04__snr_10__noise_505,signed_control_mechanism/logs/full/inference_tcn_0.json,061dd5402805603bbfb9354eba460b06605d72c060b8cb073d01a8185d2da105,abf399d3e32dab7d6f1f035847ff1d5676bf0915004a2f30f4d46dc024f402cc,2158,True,True,1.1102230246251565e-16
b75d0f0e169b21e60547b7df249e8bcdb7ea15d1f954a777ad736234a06b77c6,signed_control_mechanism/predictions/full/worker_tcn_0/seed_17/S_04__snr_10__noise_8128.npz,tcn,17,S_04__snr_10__noise_8128,S_04__snr_10__noise_8128,signed_control_mechanism/logs/full/inference_tcn_0.json,061dd5402805603bbfb9354eba460b06605d72c060b8cb073d01a8185d2da105,abf399d3e32dab7d6f1f035847ff1d5676bf0915004a2f30f4d46dc024f402cc,2158,True,True,0.0
a656d7a337036bb2bebdca1eadd7d5f6ba063a4ab402db0b351b55e4c4f14c43,signed_control_mechanism/predictions/full/worker_tcn_0/seed_17/S_04__snr_5__noise_101.npz,tcn,17,S_04__snr_5__noise_101,S_04__snr_5__noise_101,signed_control_mechanism/logs/full/inference_tcn_0.json,061dd5402805603bbfb9354eba460b06605d72c060b8cb073d01a8185d2da105,abf399d3e32dab7d6f1f035847ff1d5676bf0915004a2f30f4d46dc024f402cc,2158,True,True,2.220446049250313e-16
fdfd898c916bba86748ea6346be306390dc5549249db95e6b5be3b1147eec9c2,signed_control_mechanism/predictions/full/worker_tcn_0/seed_17/S_04__snr_5__noise_202.npz,tcn,17,S_04__snr_5__noise_202,S_04__snr_5__noise_202,signed_control_mechanism/logs/full/inference_tcn_0.json,061dd5402805603bbfb9354eba460b06605d72c060b8cb073d01a8185d2da105,abf399d3e32dab7d6f1f035847ff1d5676bf0915004a2f30f4d46dc024f402cc,2158,True,True,0.0
4f4c7a0e1cabcb9af90bcbedca48ab0dc6e94a391b32bf5cc0a48765fd8132ca,signed_control_mechanism/predictions/full/worker_tcn_0/seed_17/S_04__snr_5__noise_303.npz,tcn,17,S_04__snr_5__noise_303,S_04__snr_5__noise_303,signed_control_mechanism/logs/full/inference_tcn_0.json,061dd5402805603bbfb9354eba460b06605d72c060b8cb073d01a8185d2da105,abf399d3e32dab7d6f1f035847ff1d5676bf0915004a2f30f4d46dc024f402cc,2158,True,True,2.220446049250313e-16
dee1ef03fa396c9506da1467db4fedde1044d61cc98923af06ab73fc92fcba11,signed_control_mechanism/predictions/full/worker_tcn_0/seed_17/S_04__snr_5__noise_404.npz,tcn,17,S_04__snr_5__noise_404,S_04__snr_5__noise_404,signed_control_mechanism/logs/full/inference_tcn_0.json,061dd5402805603bbfb9354eba460b06605d72c060b8cb073d01a8185d2da105,abf399d3e32dab7d6f1f035847ff1d5676bf0915004a2f30f4d46dc024f402cc,2158,True,True,0.0
25938bc81f8dbaacd767ef7e2425a2526c7ffbf7cf745a606244c5fa4086da5c,signed_control_mechanism/predictions/full/worker_tcn_0/seed_17/S_04__snr_5__noise_505.npz,tcn,17,S_04__snr_5__noise_505,S_04__snr_5__noise_505,signed_control_mechanism/logs/full/inference_tcn_0.json,061dd5402805603bbfb9354eba460b06605d72c060b8cb073d01a8185d2da105,abf399d3e32dab7d6f1f035847ff1d5676bf0915004a2f30f4d46dc024f402cc,2158,True,True,0.0
d35a30cb6d76899ec4e156cd26c96aa5d8b6aef46816304c260f90658f009ace,signed_control_mechanism/predictions/full/worker_tcn_0/seed_17/S_04__snr_5__noise_8128.npz,tcn,17,S_04__snr_5__noise_8128,S_04__snr_5__noise_8128,signed_control_mechanism/logs/full/inference_tcn_0.json,061dd5402805603bbfb9354eba460b06605d72c060b8cb073d01a8185d2da105,abf399d3e32dab7d6f1f035847ff1d5676bf0915004a2f30f4d46dc024f402cc,2158,True,True,1.1102230246251565e-16
196f822e71f66e0964757afe560352153da638b21e747b821f4183432115cc48,methodology_supplement/results/predictions/full/tcn/seed_17/clean.npz,tcn,17,clean,clean,methodology_supplement/results/logs/full/inference_tcn_0.json,84cba5ac1aa33634d663eccbbb277738657d998f0664727a56c99c922dbc8583,71d6ecf41388929ce16b6bdc71dda3c8519feac3aa4fb04538d7bf7b1d42fbc2,0,True,True,1.1102230246251565e-16
0d444bad7ecf9651c62a8dced0adfb2f3e481778e1d86d1ac1ece67edce421d6,methodology_supplement/results/predictions/full/tcn/seed_29/standard__n101__electrode__snr0.npz,tcn,29,E__snr_0__noise_101,standard__n101__electrode__snr0,methodology_supplement/results/logs/full/inference_tcn_0.json,84cba5ac1aa33634d663eccbbb277738657d998f0664727a56c99c922dbc8583,71d6ecf41388929ce16b6bdc71dda3c8519feac3aa4fb04538d7bf7b1d42fbc2,2158,True,True,0.0
a011e863ee3b530127100125cd35803b4f3599512e5dd30f24d8b96d4a10e88c,methodology_supplement/results/predictions/full/tcn/seed_29/standard__n202__electrode__snr0.npz,tcn,29,E__snr_0__noise_202,standard__n202__electrode__snr0,methodology_supplement/results/logs/full/inference_tcn_0.json,84cba5ac1aa33634d663eccbbb277738657d998f0664727a56c99c922dbc8583,71d6ecf41388929ce16b6bdc71dda3c8519feac3aa4fb04538d7bf7b1d42fbc2,2158,True,True,1.1102230246251565e-16
5ef60732a9f56ffe66ed4c6141938a5c5a108827b28bc32196e7cc226a65cb0c,methodology_supplement/results/predictions/full/tcn/seed_29/standard__n303__electrode__snr0.npz,tcn,29,E__snr_0__noise_303,standard__n303__electrode__snr0,methodology_supplement/results/logs/full/inference_tcn_0.json,84cba5ac1aa33634d663eccbbb277738657d998f0664727a56c99c922dbc8583,71d6ecf41388929ce16b6bdc71dda3c8519feac3aa4fb04538d7bf7b1d42fbc2,2158,True,True,0.0
64a6d8af01b9fbabca5543bd89bc982fce7c9bb51efb2bd84ee39f976592d193,methodology_supplement/results/predictions/full/tcn/seed_29/standard__n404__electrode__snr0.npz,tcn,29,E__snr_0__noise_404,standard__n404__electrode__snr0,methodology_supplement/results/logs/full/inference_tcn_0.json,84cba5ac1aa33634d663eccbbb277738657d998f0664727a56c99c922dbc8583,71d6ecf41388929ce16b6bdc71dda3c8519feac3aa4fb04538d7bf7b1d42fbc2,2158,True,True,2.220446049250313e-16
fd867250f376369474f7877461804e866e6f7effa407e42228e977e2d3f2dbf1,methodology_supplement/results/predictions/full/tcn/seed_29/standard__n505__electrode__snr0.npz,tcn,29,E__snr_0__noise_505,standard__n505__electrode__snr0,methodology_supplement/results/logs/full/inference_tcn_0.json,84cba5ac1aa33634d663eccbbb277738657d998f0664727a56c99c922dbc8583,71d6ecf41388929ce16b6bdc71dda3c8519feac3aa4fb04538d7bf7b1d42fbc2,2158,True,True,0.0
2558b2a562f30efd3224ac0f5308b5711bc76b189063f2d04ebc7b954f07d6ba,methodology_supplement/results/predictions/full/tcn/seed_29/standard__n8128__electrode__snr0.npz,tcn,29,E__snr_0__noise_8128,standard__n8128__electrode__snr0,methodology_supplement/results/logs/full/inference_tcn_0.json,84cba5ac1aa33634d663eccbbb277738657d998f0664727a56c99c922dbc8583,71d6ecf41388929ce16b6bdc71dda3c8519feac3aa4fb04538d7bf7b1d42fbc2,2158,True,True,0.0
59cc4afd477b754472fb1d0f932d70f77bd49047bdcbdde6f7154a9ee7fcf415,methodology_supplement/results/predictions/full/tcn/seed_29/standard__n101__electrode__snr10.npz,tcn,29,E__snr_10__noise_101,standard__n101__electrode__snr10,methodology_supplement/results/logs/full/inference_tcn_0.json,84cba5ac1aa33634d663eccbbb277738657d998f0664727a56c99c922dbc8583,71d6ecf41388929ce16b6bdc71dda3c8519feac3aa4fb04538d7bf7b1d42fbc2,2158,True,True,0.0
857b4bea0c535a3967900d1c8e90e02117a427cbdf789b5e81bba9db558ab199,methodology_supplement/results/predictions/full/tcn/seed_29/standard__n202__electrode__snr10.npz,tcn,29,E__snr_10__noise_202,standard__n202__electrode__snr10,methodology_supplement/results/logs/full/inference_tcn_0.json,84cba5ac1aa33634d663eccbbb277738657d998f0664727a56c99c922dbc8583,71d6ecf41388929ce16b6bdc71dda3c8519feac3aa4fb04538d7bf7b1d42fbc2,2158,True,True,0.0
5a14321e5d411ee87afce50bd00aa5efc98cdd270f1bdce4fbaa78a4dbc191d1,methodology_supplement/results/predictions/full/tcn/seed_29/standard__n303__electrode__snr10.npz,tcn,29,E__snr_10__noise_303,standard__n303__electrode__snr10,methodology_supplement/results/logs/full/inference_tcn_0.json,84cba5ac1aa33634d663eccbbb277738657d998f0664727a56c99c922dbc8583,71d6ecf41388929ce16b6bdc71dda3c8519feac3aa4fb04538d7bf7b1d42fbc2,2158,True,True,0.0
1f7c60051a3a2b1ce1d4c73e3d45212b944817f1b7fbed7b3010f69994a22c5e,methodology_supplement/results/predictions/full/tcn/seed_29/standard__n404__electrode__snr10.npz,tcn,29,E__snr_10__noise_404,standard__n404__electrode__snr10,methodology_supplement/results/logs/full/inference_tcn_0.json,84cba5ac1aa33634d663eccbbb277738657d998f0664727a56c99c922dbc8583,71d6ecf41388929ce16b6bdc71dda3c8519feac3aa4fb04538d7bf7b1d42fbc2,2158,True,True,1.1102230246251565e-16
dc9ea84e38674fae43df9cad8a14817036974224d9ef146019814cdd9667b301,methodology_supplement/results/predictions/full/tcn/seed_29/standard__n505__electrode__snr10.npz,tcn,29,E__snr_10__noise_505,standard__n505__electrode__snr10,methodology_supplement/results/logs/full/inference_tcn_0.json,84cba5ac1aa33634d663eccbbb277738657d998f0664727a56c99c922dbc8583,71d6ecf41388929ce16b6bdc71dda3c8519feac3aa4fb04538d7bf7b1d42fbc2,2158,True,True,3.3306690738754696e-16
12b07ffcb3a4316ffd6cff4aa9d06e5b5a5b23d85752ba21e257db4625a009b5,methodology_supplement/results/predictions/full/tcn/seed_29/standard__n8128__electrode__snr10.npz,tcn,29,E__snr_10__noise_8128,standard__n8128__electrode__snr10,methodology_supplement/results/logs/full/inference_tcn_0.json,84cba5ac1aa33634d663eccbbb277738657d998f0664727a56c99c922dbc8583,71d6ecf41388929ce16b6bdc71dda3c8519feac3aa4fb04538d7bf7b1d42fbc2,2158,True,True,1.1102230246251565e-16
cc8ceb115c1d14ff71c39a48237caef9ace41c06d7fe3ea2e0bc80107580086c,methodology_supplement/results/predictions/full/tcn/seed_29/standard__n101__electrode__snr5.npz,tcn,29,E__snr_5__noise_101,standard__n101__electrode__snr5,methodology_supplement/results/logs/full/inference_tcn_0.json,84cba5ac1aa33634d663eccbbb277738657d998f0664727a56c99c922dbc8583,71d6ecf41388929ce16b6bdc71dda3c8519feac3aa4fb04538d7bf7b1d42fbc2,2158,True,True,2.220446049250313e-16
3a78b08f0f0bec3d036df73af712f078129bebcf5eedcb9bc4cba031e8e29018,methodology_supplement/results/predictions/full/tcn/seed_29/standard__n202__electrode__snr5.npz,tcn,29,E__snr_5__noise_202,standard__n202__electrode__snr5,methodology_supplement/results/logs/full/inference_tcn_0.json,84cba5ac1aa33634d663eccbbb277738657d998f0664727a56c99c922dbc8583,71d6ecf41388929ce16b6bdc71dda3c8519feac3aa4fb04538d7bf7b1d42fbc2,2158,True,True,1.1102230246251565e-16
9b13d1d2dbf8348231eec2d1c40b8d6250804d083d95c068ae74e2f4a4a13077,methodology_supplement/results/predictions/full/tcn/seed_29/standard__n303__electrode__snr5.npz,tcn,29,E__snr_5__noise_303,standard__n303__electrode__snr5,methodology_supplement/results/logs/full/inference_tcn_0.json,84cba5ac1aa33634d663eccbbb277738657d998f0664727a56c99c922dbc8583,71d6ecf41388929ce16b6bdc71dda3c8519feac3aa4fb04538d7bf7b1d42fbc2,2158,True,True,1.1102230246251565e-16
28a04096b2b7138b78d1c120f389868812d727af272611725076ebde87183b3d,methodology_supplement/results/predictions/full/tcn/seed_29/standard__n404__electrode__snr5.npz,tcn,29,E__snr_5__noise_404,standard__n404__electrode__snr5,methodology_supplement/results/logs/full/inference_tcn_0.json,84cba5ac1aa33634d663eccbbb277738657d998f0664727a56c99c922dbc8583,71d6ecf41388929ce16b6bdc71dda3c8519feac3aa4fb04538d7bf7b1d42fbc2,2158,True,True,1.1102230246251565e-16
0f513f5ed8892b856047fea3156949135094f340c0ac4336c6d791a087ec1c47,methodology_supplement/results/predictions/full/tcn/seed_29/standard__n505__electrode__snr5.npz,tcn,29,E__snr_5__noise_505,standard__n505__electrode__snr5,methodology_supplement/results/logs/full/inference_tcn_0.json,84cba5ac1aa33634d663eccbbb277738657d998f0664727a56c99c922dbc8583,71d6ecf41388929ce16b6bdc71dda3c8519feac3aa4fb04538d7bf7b1d42fbc2,2158,True,True,1.1102230246251565e-16
53d312312b98c6732bede7a88717be9023983927062812b1d74578ebf08cf050,methodology_supplement/results/predictions/full/tcn/seed_29/standard__n8128__electrode__snr5.npz,tcn,29,E__snr_5__noise_8128,standard__n8128__electrode__snr5,methodology_supplement/results/logs/full/inference_tcn_0.json,84cba5ac1aa33634d663eccbbb277738657d998f0664727a56c99c922dbc8583,71d6ecf41388929ce16b6bdc71dda3c8519feac3aa4fb04538d7bf7b1d42fbc2,2158,True,True,1.1102230246251565e-16
93200d3471ea43c5a00ac7400f49ab79bc05d2d0c8063955b341655d818994b8,methodology_supplement/results/predictions/full/tcn/seed_29/standard__n101__independent_rms__snr0.npz,tcn,29,I__snr_0__noise_101,standard__n101__independent_rms__snr0,methodology_supplement/results/logs/full/inference_tcn_0.json,84cba5ac1aa33634d663eccbbb277738657d998f0664727a56c99c922dbc8583,71d6ecf41388929ce16b6bdc71dda3c8519feac3aa4fb04538d7bf7b1d42fbc2,2158,True,True,0.0
321c669d52c040c6c10ea1edb742f3de1a0f91e654f1c9c01372820d514750cb,methodology_supplement/results/predictions/full/tcn/seed_29/standard__n202__independent_rms__snr0.npz,tcn,29,I__snr_0__noise_202,standard__n202__independent_rms__snr0,methodology_supplement/results/logs/full/inference_tcn_0.json,84cba5ac1aa33634d663eccbbb277738657d998f0664727a56c99c922dbc8583,71d6ecf41388929ce16b6bdc71dda3c8519feac3aa4fb04538d7bf7b1d42fbc2,2158,True,True,0.0
d119259bdce8e4fb72e9cf25abaf1f37e5c106eef7b5fc7e8886bbd24ecfa6c8,methodology_supplement/results/predictions/full/tcn/seed_29/standard__n303__independent_rms__snr0.npz,tcn,29,I__snr_0__noise_303,standard__n303__independent_rms__snr0,methodology_supplement/results/logs/full/inference_tcn_0.json,84cba5ac1aa33634d663eccbbb277738657d998f0664727a56c99c922dbc8583,71d6ecf41388929ce16b6bdc71dda3c8519feac3aa4fb04538d7bf7b1d42fbc2,2158,True,True,0.0
71b77fcadc83f8edd8095c803e2a3e749f4b7ed2ec1d5d72a47eb87c2bf77659,methodology_supplement/results/predictions/full/tcn/seed_29/standard__n404__independent_rms__snr0.npz,tcn,29,I__snr_0__noise_404,standard__n404__independent_rms__snr0,methodology_supplement/results/logs/full/inference_tcn_0.json,84cba5ac1aa33634d663eccbbb277738657d998f0664727a56c99c922dbc8583,71d6ecf41388929ce16b6bdc71dda3c8519feac3aa4fb04538d7bf7b1d42fbc2,2158,True,True,2.220446049250313e-16
b0290878a2da27aa1e6bc617ccb819e797ff6914debfd821b0dd49b970ba23f5,methodology_supplement/results/predictions/full/tcn/seed_29/standard__n505__independent_rms__snr0.npz,tcn,29,I__snr_0__noise_505,standard__n505__independent_rms__snr0,methodology_supplement/results/logs/full/inference_tcn_0.json,84cba5ac1aa33634d663eccbbb277738657d998f0664727a56c99c922dbc8583,71d6ecf41388929ce16b6bdc71dda3c8519feac3aa4fb04538d7bf7b1d42fbc2,2158,True,True,0.0
6d00ae8ef6f5478fb7ad3eeb5c69b92160f2c8ae2303074a41ee4172cbaaeef1,methodology_supplement/results/predictions/full/tcn/seed_29/standard__n8128__independent_rms__snr0.npz,tcn,29,I__snr_0__noise_8128,standard__n8128__independent_rms__snr0,methodology_supplement/results/logs/full/inference_tcn_0.json,84cba5ac1aa33634d663eccbbb277738657d998f0664727a56c99c922dbc8583,71d6ecf41388929ce16b6bdc71dda3c8519feac3aa4fb04538d7bf7b1d42fbc2,2158,True,True,0.0
e54527f75a5aea6e522b391ca303046e8a4b9dbaf6bdc50da7815d771e363ce3,methodology_supplement/results/predictions/full/tcn/seed_29/standard__n101__independent_rms__snr10.npz,tcn,29,I__snr_10__noise_101,standard__n101__independent_rms__snr10,methodology_supplement/results/logs/full/inference_tcn_0.json,84cba5ac1aa33634d663eccbbb277738657d998f0664727a56c99c922dbc8583,71d6ecf41388929ce16b6bdc71dda3c8519feac3aa4fb04538d7bf7b1d42fbc2,2158,True,True,1.1102230246251565e-16
60390ae84068affc468b27033e7b64e2370cdde10a224d55322ee7af4ae4f07d,methodology_supplement/results/predictions/full/tcn/seed_29/standard__n202__independent_rms__snr10.npz,tcn,29,I__snr_10__noise_202,standard__n202__independent_rms__snr10,methodology_supplement/results/logs/full/inference_tcn_0.json,84cba5ac1aa33634d663eccbbb277738657d998f0664727a56c99c922dbc8583,71d6ecf41388929ce16b6bdc71dda3c8519feac3aa4fb04538d7bf7b1d42fbc2,2158,True,True,0.0
cc169cadf568afaf411995b5b82be5dc47347504cc74dab1d5f8cee8082b6996,methodology_supplement/results/predictions/full/tcn/seed_29/standard__n303__independent_rms__snr10.npz,tcn,29,I__snr_10__noise_303,standard__n303__independent_rms__snr10,methodology_supplement/results/logs/full/inference_tcn_0.json,84cba5ac1aa33634d663eccbbb277738657d998f0664727a56c99c922dbc8583,71d6ecf41388929ce16b6bdc71dda3c8519feac3aa4fb04538d7bf7b1d42fbc2,2158,True,True,1.1102230246251565e-16
0c0fc6ff972326e63552c81bcef6197bcd691b7a3e858682be2d0920670dbdb6,methodology_supplement/results/predictions/full/tcn/seed_29/standard__n404__independent_rms__snr10.npz,tcn,29,I__snr_10__noise_404,standard__n404__independent_rms__snr10,methodology_supplement/results/logs/full/inference_tcn_0.json,84cba5ac1aa33634d663eccbbb277738657d998f0664727a56c99c922dbc8583,71d6ecf41388929ce16b6bdc71dda3c8519feac3aa4fb04538d7bf7b1d42fbc2,2158,True,True,2.220446049250313e-16
708ab2bf148cf13db35b35066ad809f0c5fb9bb6307088a67998f8609d61b3ff,methodology_supplement/results/predictions/full/tcn/seed_29/standard__n505__independent_rms__snr10.npz,tcn,29,I__snr_10__noise_505,standard__n505__independent_rms__snr10,methodology_supplement/results/logs/full/inference_tcn_0.json,84cba5ac1aa33634d663eccbbb277738657d998f0664727a56c99c922dbc8583,71d6ecf41388929ce16b6bdc71dda3c8519feac3aa4fb04538d7bf7b1d42fbc2,2158,True,True,0.0
71ed13174d6f091eec81c3f76698d1d313821b193359bbecdf05851f5b77f27e,methodology_supplement/results/predictions/full/tcn/seed_29/standard__n8128__independent_rms__snr10.npz,tcn,29,I__snr_10__noise_8128,standard__n8128__independent_rms__snr10,methodology_supplement/results/logs/full/inference_tcn_0.json,84cba5ac1aa33634d663eccbbb277738657d998f0664727a56c99c922dbc8583,71d6ecf41388929ce16b6bdc71dda3c8519feac3aa4fb04538d7bf7b1d42fbc2,2158,True,True,0.0
63fa03565d685a99ac829921b7a6881fc57a05b413a5a239d0c4026a72ac8cb1,methodology_supplement/results/predictions/full/tcn/seed_29/standard__n101__independent_rms__snr5.npz,tcn,29,I__snr_5__noise_101,standard__n101__independent_rms__snr5,methodology_supplement/results/logs/full/inference_tcn_0.json,84cba5ac1aa33634d663eccbbb277738657d998f0664727a56c99c922dbc8583,71d6ecf41388929ce16b6bdc71dda3c8519feac3aa4fb04538d7bf7b1d42fbc2,2158,True,True,0.0
27afc8acbb73b7e4349f9ec652b90ac0fbc477cb08047e950cfa7e8ebf8aa3f3,methodology_supplement/results/predictions/full/tcn/seed_29/standard__n202__independent_rms__snr5.npz,tcn,29,I__snr_5__noise_202,standard__n202__independent_rms__snr5,methodology_supplement/results/logs/full/inference_tcn_0.json,84cba5ac1aa33634d663eccbbb277738657d998f0664727a56c99c922dbc8583,71d6ecf41388929ce16b6bdc71dda3c8519feac3aa4fb04538d7bf7b1d42fbc2,2158,True,True,2.220446049250313e-16
f7fabf096b8e2131ee048865921b318e3fb89639326c856e639dae260fe31a26,methodology_supplement/results/predictions/full/tcn/seed_29/standard__n303__independent_rms__snr5.npz,tcn,29,I__snr_5__noise_303,standard__n303__independent_rms__snr5,methodology_supplement/results/logs/full/inference_tcn_0.json,84cba5ac1aa33634d663eccbbb277738657d998f0664727a56c99c922dbc8583,71d6ecf41388929ce16b6bdc71dda3c8519feac3aa4fb04538d7bf7b1d42fbc2,2158,True,True,1.1102230246251565e-16
368e0607183dedb8df1555abd5d7f73ed43435081b808f12abee2dac6242e37f,methodology_supplement/results/predictions/full/tcn/seed_29/standard__n404__independent_rms__snr5.npz,tcn,29,I__snr_5__noise_404,standard__n404__independent_rms__snr5,methodology_supplement/results/logs/full/inference_tcn_0.json,84cba5ac1aa33634d663eccbbb277738657d998f0664727a56c99c922dbc8583,71d6ecf41388929ce16b6bdc71dda3c8519feac3aa4fb04538d7bf7b1d42fbc2,2158,True,True,0.0
f22ec68ea296f92ebd071b829f5888c69485baf2ae70d84263b91c6575d57d52,methodology_supplement/results/predictions/full/tcn/seed_29/standard__n505__independent_rms__snr5.npz,tcn,29,I__snr_5__noise_505,standard__n505__independent_rms__snr5,methodology_supplement/results/logs/full/inference_tcn_0.json,84cba5ac1aa33634d663eccbbb277738657d998f0664727a56c99c922dbc8583,71d6ecf41388929ce16b6bdc71dda3c8519feac3aa4fb04538d7bf7b1d42fbc2,2158,True,True,2.220446049250313e-16
3ca210667a5e22e9d142356aee027ee60e4c12ccd72b8182184d6cf8cd0dba6f,methodology_supplement/results/predictions/full/tcn/seed_29/standard__n8128__independent_rms__snr5.npz,tcn,29,I__snr_5__noise_8128,standard__n8128__independent_rms__snr5,methodology_supplement/results/logs/full/inference_tcn_0.json,84cba5ac1aa33634d663eccbbb277738657d998f0664727a56c99c922dbc8583,71d6ecf41388929ce16b6bdc71dda3c8519feac3aa4fb04538d7bf7b1d42fbc2,2158,True,True,0.0
b218d16819d5dbe07dd5369d77aa8b2f2da4538d8c3fb8f53ca534319898bed8,signed_control_mechanism/predictions/full/worker_tcn_0/seed_29/S_00__snr_0__noise_101.npz,tcn,29,S_00__snr_0__noise_101,S_00__snr_0__noise_101,signed_control_mechanism/logs/full/inference_tcn_0.json,061dd5402805603bbfb9354eba460b06605d72c060b8cb073d01a8185d2da105,abf399d3e32dab7d6f1f035847ff1d5676bf0915004a2f30f4d46dc024f402cc,2158,True,True,3.3306690738754696e-16
84a950d58d4655f7e4cac9f10454643a709ae7f5582de108827bb07e05a10688,signed_control_mechanism/predictions/full/worker_tcn_0/seed_29/S_00__snr_0__noise_202.npz,tcn,29,S_00__snr_0__noise_202,S_00__snr_0__noise_202,signed_control_mechanism/logs/full/inference_tcn_0.json,061dd5402805603bbfb9354eba460b06605d72c060b8cb073d01a8185d2da105,abf399d3e32dab7d6f1f035847ff1d5676bf0915004a2f30f4d46dc024f402cc,2158,True,True,0.0
1cd6a4b05d0ebb82ad5180245b154b6998821d7baf5531977c3469cf703a4074,signed_control_mechanism/predictions/full/worker_tcn_0/seed_29/S_00__snr_0__noise_303.npz,tcn,29,S_00__snr_0__noise_303,S_00__snr_0__noise_303,signed_control_mechanism/logs/full/inference_tcn_0.json,061dd5402805603bbfb9354eba460b06605d72c060b8cb073d01a8185d2da105,abf399d3e32dab7d6f1f035847ff1d5676bf0915004a2f30f4d46dc024f402cc,2158,True,True,0.0
d8ef776184c9f3890ad2b159686353bfbed002e25a09757206a8abc550205e2e,signed_control_mechanism/predictions/full/worker_tcn_0/seed_29/S_00__snr_0__noise_404.npz,tcn,29,S_00__snr_0__noise_404,S_00__snr_0__noise_404,signed_control_mechanism/logs/full/inference_tcn_0.json,061dd5402805603bbfb9354eba460b06605d72c060b8cb073d01a8185d2da105,abf399d3e32dab7d6f1f035847ff1d5676bf0915004a2f30f4d46dc024f402cc,2158,True,True,0.0
1281625229b7b9ac6cc8963a078f1546ce76e1fec2f23e7181febf75e880b069,signed_control_mechanism/predictions/full/worker_tcn_0/seed_29/S_00__snr_0__noise_505.npz,tcn,29,S_00__snr_0__noise_505,S_00__snr_0__noise_505,signed_control_mechanism/logs/full/inference_tcn_0.json,061dd5402805603bbfb9354eba460b06605d72c060b8cb073d01a8185d2da105,abf399d3e32dab7d6f1f035847ff1d5676bf0915004a2f30f4d46dc024f402cc,2158,True,True,0.0
ee26f7b8a81b5712fdd49090f311d23e357944db8d4332f27ce98c8a75debb09,signed_control_mechanism/predictions/full/worker_tcn_0/seed_29/S_00__snr_0__noise_8128.npz,tcn,29,S_00__snr_0__noise_8128,S_00__snr_0__noise_8128,signed_control_mechanism/logs/full/inference_tcn_0.json,061dd5402805603bbfb9354eba460b06605d72c060b8cb073d01a8185d2da105,abf399d3e32dab7d6f1f035847ff1d5676bf0915004a2f30f4d46dc024f402cc,2158,True,True,0.0
0e692f4f1c57e4b9bf23a850d8307811672718338b98c8e3909a771591e2c4a4,signed_control_mechanism/predictions/full/worker_tcn_0/seed_29/S_00__snr_10__noise_101.npz,tcn,29,S_00__snr_10__noise_101,S_00__snr_10__noise_101,signed_control_mechanism/logs/full/inference_tcn_0.json,061dd5402805603bbfb9354eba460b06605d72c060b8cb073d01a8185d2da105,abf399d3e32dab7d6f1f035847ff1d5676bf0915004a2f30f4d46dc024f402cc,2158,True,True,1.1102230246251565e-16
84ebcb9571245bfb005b62c2e044e56c021cc97a866c332c527bd7ba63800fa1,signed_control_mechanism/predictions/full/worker_tcn_0/seed_29/S_00__snr_10__noise_202.npz,tcn,29,S_00__snr_10__noise_202,S_00__snr_10__noise_202,signed_control_mechanism/logs/full/inference_tcn_0.json,061dd5402805603bbfb9354eba460b06605d72c060b8cb073d01a8185d2da105,abf399d3e32dab7d6f1f035847ff1d5676bf0915004a2f30f4d46dc024f402cc,2158,True,True,1.1102230246251565e-16
22cc7cf3e8f4acf676e0286f96ad1f43740a0c15c7307cb3cf90c5ef93e86e3b,signed_control_mechanism/predictions/full/worker_tcn_0/seed_29/S_00__snr_10__noise_303.npz,tcn,29,S_00__snr_10__noise_303,S_00__snr_10__noise_303,signed_control_mechanism/logs/full/inference_tcn_0.json,061dd5402805603bbfb9354eba460b06605d72c060b8cb073d01a8185d2da105,abf399d3e32dab7d6f1f035847ff1d5676bf0915004a2f30f4d46dc024f402cc,2158,True,True,0.0
d72b9502699e279aab104a5511d233498ca279f81831574a77a4aaa8be3aab66,signed_control_mechanism/predictions/full/worker_tcn_0/seed_29/S_00__snr_10__noise_404.npz,tcn,29,S_00__snr_10__noise_404,S_00__snr_10__noise_404,signed_control_mechanism/logs/full/inference_tcn_0.json,061dd5402805603bbfb9354eba460b06605d72c060b8cb073d01a8185d2da105,abf399d3e32dab7d6f1f035847ff1d5676bf0915004a2f30f4d46dc024f402cc,2158,True,True,1.1102230246251565e-16
7142b13dc62686768158383ab4bc13d9f18548990d198d52ac3fb9fc426891d8,signed_control_mechanism/predictions/full/worker_tcn_0/seed_29/S_00__snr_10__noise_505.npz,tcn,29,S_00__snr_10__noise_505,S_00__snr_10__noise_505,signed_control_mechanism/logs/full/inference_tcn_0.json,061dd5402805603bbfb9354eba460b06605d72c060b8cb073d01a8185d2da105,abf399d3e32dab7d6f1f035847ff1d5676bf0915004a2f30f4d46dc024f402cc,2158,True,True,1.1102230246251565e-16
1b1dbb867e58672c4e89a711c55f5b6475d3235a82c939b5e33985254ed1be66,signed_control_mechanism/predictions/full/worker_tcn_0/seed_29/S_00__snr_10__noise_8128.npz,tcn,29,S_00__snr_10__noise_8128,S_00__snr_10__noise_8128,signed_control_mechanism/logs/full/inference_tcn_0.json,061dd5402805603bbfb9354eba460b06605d72c060b8cb073d01a8185d2da105,abf399d3e32dab7d6f1f035847ff1d5676bf0915004a2f30f4d46dc024f402cc,2158,True,True,0.0
32b9bc92e563a86efad5c6e59b4211b140bd403e229d7c1945286174311bc678,signed_control_mechanism/predictions/full/worker_tcn_0/seed_29/S_00__snr_5__noise_101.npz,tcn,29,S_00__snr_5__noise_101,S_00__snr_5__noise_101,signed_control_mechanism/logs/full/inference_tcn_0.json,061dd5402805603bbfb9354eba460b06605d72c060b8cb073d01a8185d2da105,abf399d3e32dab7d6f1f035847ff1d5676bf0915004a2f30f4d46dc024f402cc,2158,True,True,1.1102230246251565e-16
83dfb2da1687752680968a93af8534cd75016a872bd9040876a70ed64082cfff,signed_control_mechanism/predictions/full/worker_tcn_0/seed_29/S_00__snr_5__noise_202.npz,tcn,29,S_00__snr_5__noise_202,S_00__snr_5__noise_202,signed_control_mechanism/logs/full/inference_tcn_0.json,061dd5402805603bbfb9354eba460b06605d72c060b8cb073d01a8185d2da105,abf399d3e32dab7d6f1f035847ff1d5676bf0915004a2f30f4d46dc024f402cc,2158,True,True,1.1102230246251565e-16
fdb0a92c06fdbba307f67537f92b440c7070573e66ea399930d7a619193aded8,signed_control_mechanism/predictions/full/worker_tcn_0/seed_29/S_00__snr_5__noise_303.npz,tcn,29,S_00__snr_5__noise_303,S_00__snr_5__noise_303,signed_control_mechanism/logs/full/inference_tcn_0.json,061dd5402805603bbfb9354eba460b06605d72c060b8cb073d01a8185d2da105,abf399d3e32dab7d6f1f035847ff1d5676bf0915004a2f30f4d46dc024f402cc,2158,True,True,1.1102230246251565e-16
a1874c6c67cf30b5d7aa5e1a63492757dca4b996d90f3dad04086a55e149a317,signed_control_mechanism/predictions/full/worker_tcn_0/seed_29/S_00__snr_5__noise_404.npz,tcn,29,S_00__snr_5__noise_404,S_00__snr_5__noise_404,signed_control_mechanism/logs/full/inference_tcn_0.json,061dd5402805603bbfb9354eba460b06605d72c060b8cb073d01a8185d2da105,abf399d3e32dab7d6f1f035847ff1d5676bf0915004a2f30f4d46dc024f402cc,2158,True,True,0.0
00dfaa458d1f21c17daf609278ca99b27d0e57c6c32c40725dc2875ce26f696e,signed_control_mechanism/predictions/full/worker_tcn_0/seed_29/S_00__snr_5__noise_505.npz,tcn,29,S_00__snr_5__noise_505,S_00__snr_5__noise_505,signed_control_mechanism/logs/full/inference_tcn_0.json,061dd5402805603bbfb9354eba460b06605d72c060b8cb073d01a8185d2da105,abf399d3e32dab7d6f1f035847ff1d5676bf0915004a2f30f4d46dc024f402cc,2158,True,True,1.1102230246251565e-16
decbf06ff7e43594046824bd18573956365363f963b20fdb27f037425d759c1e,signed_control_mechanism/predictions/full/worker_tcn_0/seed_29/S_00__snr_5__noise_8128.npz,tcn,29,S_00__snr_5__noise_8128,S_00__snr_5__noise_8128,signed_control_mechanism/logs/full/inference_tcn_0.json,061dd5402805603bbfb9354eba460b06605d72c060b8cb073d01a8185d2da105,abf399d3e32dab7d6f1f035847ff1d5676bf0915004a2f30f4d46dc024f402cc,2158,True,True,1.1102230246251565e-16
36ef776c0dc27ced314575ccece3df26833b5f238ee3b57ea031df97327af81b,signed_control_mechanism/predictions/full/worker_tcn_0/seed_29/S_01__snr_0__noise_101.npz,tcn,29,S_01__snr_0__noise_101,S_01__snr_0__noise_101,signed_control_mechanism/logs/full/inference_tcn_0.json,061dd5402805603bbfb9354eba460b06605d72c060b8cb073d01a8185d2da105,abf399d3e32dab7d6f1f035847ff1d5676bf0915004a2f30f4d46dc024f402cc,2158,True,True,0.0
4cfe23cb32fafe126eb2c2b88a401b2e79ddd6252a2ce0322c35d8da6e84d15a,signed_control_mechanism/predictions/full/worker_tcn_0/seed_29/S_01__snr_0__noise_202.npz,tcn,29,S_01__snr_0__noise_202,S_01__snr_0__noise_202,signed_control_mechanism/logs/full/inference_tcn_0.json,061dd5402805603bbfb9354eba460b06605d72c060b8cb073d01a8185d2da105,abf399d3e32dab7d6f1f035847ff1d5676bf0915004a2f30f4d46dc024f402cc,2158,True,True,0.0
b49ee965cab133a39246932585221d73d18f1d57e77692d169483835472206e9,signed_control_mechanism/predictions/full/worker_tcn_0/seed_29/S_01__snr_0__noise_303.npz,tcn,29,S_01__snr_0__noise_303,S_01__snr_0__noise_303,signed_control_mechanism/logs/full/inference_tcn_0.json,061dd5402805603bbfb9354eba460b06605d72c060b8cb073d01a8185d2da105,abf399d3e32dab7d6f1f035847ff1d5676bf0915004a2f30f4d46dc024f402cc,2158,True,True,0.0
c90499cbcdfd7e3a58cb3414b53c2d95d9b70cf4270ac8130922abcdeab96478,signed_control_mechanism/predictions/full/worker_tcn_0/seed_29/S_01__snr_0__noise_404.npz,tcn,29,S_01__snr_0__noise_404,S_01__snr_0__noise_404,signed_control_mechanism/logs/full/inference_tcn_0.json,061dd5402805603bbfb9354eba460b06605d72c060b8cb073d01a8185d2da105,abf399d3e32dab7d6f1f035847ff1d5676bf0915004a2f30f4d46dc024f402cc,2158,True,True,0.0
58be1bebc5194b11c7972255c66e40769f007509e9d08d326854d1487476b322,signed_control_mechanism/predictions/full/worker_tcn_0/seed_29/S_01__snr_0__noise_505.npz,tcn,29,S_01__snr_0__noise_505,S_01__snr_0__noise_505,signed_control_mechanism/logs/full/inference_tcn_0.json,061dd5402805603bbfb9354eba460b06605d72c060b8cb073d01a8185d2da105,abf399d3e32dab7d6f1f035847ff1d5676bf0915004a2f30f4d46dc024f402cc,2158,True,True,0.0
9bc72be54959d4d31345bd15ecf531d48a6c4a0316da486430939a9edfaca650,signed_control_mechanism/predictions/full/worker_tcn_0/seed_29/S_01__snr_0__noise_8128.npz,tcn,29,S_01__snr_0__noise_8128,S_01__snr_0__noise_8128,signed_control_mechanism/logs/full/inference_tcn_0.json,061dd5402805603bbfb9354eba460b06605d72c060b8cb073d01a8185d2da105,abf399d3e32dab7d6f1f035847ff1d5676bf0915004a2f30f4d46dc024f402cc,2158,True,True,0.0
c7b7c7378e2e3ed8c6a3e46de5c8e17b93ff669696c51187eb1cc55a6cf02e89,signed_control_mechanism/predictions/full/worker_tcn_0/seed_29/S_01__snr_10__noise_101.npz,tcn,29,S_01__snr_10__noise_101,S_01__snr_10__noise_101,signed_control_mechanism/logs/full/inference_tcn_0.json,061dd5402805603bbfb9354eba460b06605d72c060b8cb073d01a8185d2da105,abf399d3e32dab7d6f1f035847ff1d5676bf0915004a2f30f4d46dc024f402cc,2158,True,True,1.1102230246251565e-16
7748cf195cb262c2c8597b0d5d5dd5fa6adc0ff7723ffc409a7e3def575d8abd,signed_control_mechanism/predictions/full/worker_tcn_0/seed_29/S_01__snr_10__noise_202.npz,tcn,29,S_01__snr_10__noise_202,S_01__snr_10__noise_202,signed_control_mechanism/logs/full/inference_tcn_0.json,061dd5402805603bbfb9354eba460b06605d72c060b8cb073d01a8185d2da105,abf399d3e32dab7d6f1f035847ff1d5676bf0915004a2f30f4d46dc024f402cc,2158,True,True,0.0
079c69b0b4218622578a69122f31319e5f4702a47b81373d827799f15f10b05e,signed_control_mechanism/predictions/full/worker_tcn_0/seed_29/S_01__snr_10__noise_303.npz,tcn,29,S_01__snr_10__noise_303,S_01__snr_10__noise_303,signed_control_mechanism/logs/full/inference_tcn_0.json,061dd5402805603bbfb9354eba460b06605d72c060b8cb073d01a8185d2da105,abf399d3e32dab7d6f1f035847ff1d5676bf0915004a2f30f4d46dc024f402cc,2158,True,True,1.1102230246251565e-16
3e6040f7c4a5551d9948a65e76d996dc2f3b31a847916d9f5d96ffa4b5ca7f53,signed_control_mechanism/predictions/full/worker_tcn_0/seed_29/S_01__snr_10__noise_404.npz,tcn,29,S_01__snr_10__noise_404,S_01__snr_10__noise_404,signed_control_mechanism/logs/full/inference_tcn_0.json,061dd5402805603bbfb9354eba460b06605d72c060b8cb073d01a8185d2da105,abf399d3e32dab7d6f1f035847ff1d5676bf0915004a2f30f4d46dc024f402cc,2158,True,True,0.0
d142d1dbf3766508eecf8547391415f6ed99b12cc0455ed432a70a9f9f3be1e9,signed_control_mechanism/predictions/full/worker_tcn_0/seed_29/S_01__snr_10__noise_505.npz,tcn,29,S_01__snr_10__noise_505,S_01__snr_10__noise_505,signed_control_mechanism/logs/full/inference_tcn_0.json,061dd5402805603bbfb9354eba460b06605d72c060b8cb073d01a8185d2da105,abf399d3e32dab7d6f1f035847ff1d5676bf0915004a2f30f4d46dc024f402cc,2158,True,True,1.1102230246251565e-16
aafa29421e614fb59fadcb2f50f3f8e28fca56ab5c5ad06bd33341181342949f,signed_control_mechanism/predictions/full/worker_tcn_0/seed_29/S_01__snr_10__noise_8128.npz,tcn,29,S_01__snr_10__noise_8128,S_01__snr_10__noise_8128,signed_control_mechanism/logs/full/inference_tcn_0.json,061dd5402805603bbfb9354eba460b06605d72c060b8cb073d01a8185d2da105,abf399d3e32dab7d6f1f035847ff1d5676bf0915004a2f30f4d46dc024f402cc,2158,True,True,0.0
07077da4c5b0c1698de73a8535019b48b5fab8d84d8dd1e05ef7ed64f3ab20a1,signed_control_mechanism/predictions/full/worker_tcn_0/seed_29/S_01__snr_5__noise_101.npz,tcn,29,S_01__snr_5__noise_101,S_01__snr_5__noise_101,signed_control_mechanism/logs/full/inference_tcn_0.json,061dd5402805603bbfb9354eba460b06605d72c060b8cb073d01a8185d2da105,abf399d3e32dab7d6f1f035847ff1d5676bf0915004a2f30f4d46dc024f402cc,2158,True,True,1.1102230246251565e-16
4367a5b20cb19db0063d82400e52b00a854be6db7bce30a995d34a7a4614b8fb,signed_control_mechanism/predictions/full/worker_tcn_0/seed_29/S_01__snr_5__noise_202.npz,tcn,29,S_01__snr_5__noise_202,S_01__snr_5__noise_202,signed_control_mechanism/logs/full/inference_tcn_0.json,061dd5402805603bbfb9354eba460b06605d72c060b8cb073d01a8185d2da105,abf399d3e32dab7d6f1f035847ff1d5676bf0915004a2f30f4d46dc024f402cc,2158,True,True,0.0
a004acc2cf1899f6829b26998650a021b2744f1af5a471186738965097b215bb,signed_control_mechanism/predictions/full/worker_tcn_0/seed_29/S_01__snr_5__noise_303.npz,tcn,29,S_01__snr_5__noise_303,S_01__snr_5__noise_303,signed_control_mechanism/logs/full/inference_tcn_0.json,061dd5402805603bbfb9354eba460b06605d72c060b8cb073d01a8185d2da105,abf399d3e32dab7d6f1f035847ff1d5676bf0915004a2f30f4d46dc024f402cc,2158,True,True,1.1102230246251565e-16
e1cd71a2946a3891a442112089513e509995f1c8e446f126c262bf8959f2ba74,signed_control_mechanism/predictions/full/worker_tcn_0/seed_29/S_01__snr_5__noise_404.npz,tcn,29,S_01__snr_5__noise_404,S_01__snr_5__noise_404,signed_control_mechanism/logs/full/inference_tcn_0.json,061dd5402805603bbfb9354eba460b06605d72c060b8cb073d01a8185d2da105,abf399d3e32dab7d6f1f035847ff1d5676bf0915004a2f30f4d46dc024f402cc,2158,True,True,1.1102230246251565e-16
aa00d9fd80123513969c0b17896317903ca6d81c2d5a5971b2be21e6d6c62e6e,signed_control_mechanism/predictions/full/worker_tcn_0/seed_29/S_01__snr_5__noise_505.npz,tcn,29,S_01__snr_5__noise_505,S_01__snr_5__noise_505,signed_control_mechanism/logs/full/inference_tcn_0.json,061dd5402805603bbfb9354eba460b06605d72c060b8cb073d01a8185d2da105,abf399d3e32dab7d6f1f035847ff1d5676bf0915004a2f30f4d46dc024f402cc,2158,True,True,0.0
97fe9eb36e4bb90bfddb6edb9a37bd247739350762ca05f9caa554bc22a36adf,signed_control_mechanism/predictions/full/worker_tcn_0/seed_29/S_01__snr_5__noise_8128.npz,tcn,29,S_01__snr_5__noise_8128,S_01__snr_5__noise_8128,signed_control_mechanism/logs/full/inference_tcn_0.json,061dd5402805603bbfb9354eba460b06605d72c060b8cb073d01a8185d2da105,abf399d3e32dab7d6f1f035847ff1d5676bf0915004a2f30f4d46dc024f402cc,2158,True,True,0.0
75c0a8428600c61d58ad44c93bfe5c9f3b3e94f5711c0d6568af44e7b2461072,signed_control_mechanism/predictions/full/worker_tcn_0/seed_29/S_02__snr_0__noise_101.npz,tcn,29,S_02__snr_0__noise_101,S_02__snr_0__noise_101,signed_control_mechanism/logs/full/inference_tcn_0.json,061dd5402805603bbfb9354eba460b06605d72c060b8cb073d01a8185d2da105,abf399d3e32dab7d6f1f035847ff1d5676bf0915004a2f30f4d46dc024f402cc,2158,True,True,0.0
1e6149a7d9d6a28d2f6b42064852f353873a8fe1c77bccaa1bf7f936b1bbeb62,signed_control_mechanism/predictions/full/worker_tcn_0/seed_29/S_02__snr_0__noise_202.npz,tcn,29,S_02__snr_0__noise_202,S_02__snr_0__noise_202,signed_control_mechanism/logs/full/inference_tcn_0.json,061dd5402805603bbfb9354eba460b06605d72c060b8cb073d01a8185d2da105,abf399d3e32dab7d6f1f035847ff1d5676bf0915004a2f30f4d46dc024f402cc,2158,True,True,0.0
de8120341ec6cbc6ab2ba9a376d1b49b492cfdba9c30b46512dddcfaee609075,signed_control_mechanism/predictions/full/worker_tcn_0/seed_29/S_02__snr_0__noise_303.npz,tcn,29,S_02__snr_0__noise_303,S_02__snr_0__noise_303,signed_control_mechanism/logs/full/inference_tcn_0.json,061dd5402805603bbfb9354eba460b06605d72c060b8cb073d01a8185d2da105,abf399d3e32dab7d6f1f035847ff1d5676bf0915004a2f30f4d46dc024f402cc,2158,True,True,0.0
24ee1a80355b2c4f5b176f68638695ceb33a2a7c9f3833b466954b38e1d015fc,signed_control_mechanism/predictions/full/worker_tcn_0/seed_29/S_02__snr_0__noise_404.npz,tcn,29,S_02__snr_0__noise_404,S_02__snr_0__noise_404,signed_control_mechanism/logs/full/inference_tcn_0.json,061dd5402805603bbfb9354eba460b06605d72c060b8cb073d01a8185d2da105,abf399d3e32dab7d6f1f035847ff1d5676bf0915004a2f30f4d46dc024f402cc,2158,True,True,0.0
05e0fe145bd9037d2abd9676a06c84218d9192c4ca854758a7876286cc2fb40a,signed_control_mechanism/predictions/full/worker_tcn_0/seed_29/S_02__snr_0__noise_505.npz,tcn,29,S_02__snr_0__noise_505,S_02__snr_0__noise_505,signed_control_mechanism/logs/full/inference_tcn_0.json,061dd5402805603bbfb9354eba460b06605d72c060b8cb073d01a8185d2da105,abf399d3e32dab7d6f1f035847ff1d5676bf0915004a2f30f4d46dc024f402cc,2158,True,True,0.0
2f33d61c921d98a7bd4a27c206235e1a16f982089c18a95f89e06e9a053cfbe2,signed_control_mechanism/predictions/full/worker_tcn_0/seed_29/S_02__snr_0__noise_8128.npz,tcn,29,S_02__snr_0__noise_8128,S_02__snr_0__noise_8128,signed_control_mechanism/logs/full/inference_tcn_0.json,061dd5402805603bbfb9354eba460b06605d72c060b8cb073d01a8185d2da105,abf399d3e32dab7d6f1f035847ff1d5676bf0915004a2f30f4d46dc024f402cc,2158,True,True,0.0
8be6a13f8727abd0871c257145814c908e5c8c80284f3c7baa2b5a2ae851927f,signed_control_mechanism/predictions/full/worker_tcn_0/seed_29/S_02__snr_10__noise_101.npz,tcn,29,S_02__snr_10__noise_101,S_02__snr_10__noise_101,signed_control_mechanism/logs/full/inference_tcn_0.json,061dd5402805603bbfb9354eba460b06605d72c060b8cb073d01a8185d2da105,abf399d3e32dab7d6f1f035847ff1d5676bf0915004a2f30f4d46dc024f402cc,2158,True,True,0.0
d5fc761d754c897e3dedf6648c0d71c0a0405bd5ac288b4f8172d394fb2f1a22,signed_control_mechanism/predictions/full/worker_tcn_0/seed_29/S_02__snr_10__noise_202.npz,tcn,29,S_02__snr_10__noise_202,S_02__snr_10__noise_202,signed_control_mechanism/logs/full/inference_tcn_0.json,061dd5402805603bbfb9354eba460b06605d72c060b8cb073d01a8185d2da105,abf399d3e32dab7d6f1f035847ff1d5676bf0915004a2f30f4d46dc024f402cc,2158,True,True,1.1102230246251565e-16
d0e9461a74402ff53ca0485fddb8f1ee42f872fa8d8b37818cdf3ff326e273ec,signed_control_mechanism/predictions/full/worker_tcn_0/seed_29/S_02__snr_10__noise_303.npz,tcn,29,S_02__snr_10__noise_303,S_02__snr_10__noise_303,signed_control_mechanism/logs/full/inference_tcn_0.json,061dd5402805603bbfb9354eba460b06605d72c060b8cb073d01a8185d2da105,abf399d3e32dab7d6f1f035847ff1d5676bf0915004a2f30f4d46dc024f402cc,2158,True,True,1.1102230246251565e-16
94e691376fce53f8ca2ded5d60c04a4627518ea58f0f908a9a8997632bb35d59,signed_control_mechanism/predictions/full/worker_tcn_0/seed_29/S_02__snr_10__noise_404.npz,tcn,29,S_02__snr_10__noise_404,S_02__snr_10__noise_404,signed_control_mechanism/logs/full/inference_tcn_0.json,061dd5402805603bbfb9354eba460b06605d72c060b8cb073d01a8185d2da105,abf399d3e32dab7d6f1f035847ff1d5676bf0915004a2f30f4d46dc024f402cc,2158,True,True,0.0
df066f71dffb8c787f7b424f3751e5ca881426d2d87808828069e37fba7c1c2c,signed_control_mechanism/predictions/full/worker_tcn_0/seed_29/S_02__snr_10__noise_505.npz,tcn,29,S_02__snr_10__noise_505,S_02__snr_10__noise_505,signed_control_mechanism/logs/full/inference_tcn_0.json,061dd5402805603bbfb9354eba460b06605d72c060b8cb073d01a8185d2da105,abf399d3e32dab7d6f1f035847ff1d5676bf0915004a2f30f4d46dc024f402cc,2158,True,True,0.0
33a800f66a29249cdb60ec22e568a7f2ffabaa68446fa403840f96d9c282afa7,signed_control_mechanism/predictions/full/worker_tcn_0/seed_29/S_02__snr_10__noise_8128.npz,tcn,29,S_02__snr_10__noise_8128,S_02__snr_10__noise_8128,signed_control_mechanism/logs/full/inference_tcn_0.json,061dd5402805603bbfb9354eba460b06605d72c060b8cb073d01a8185d2da105,abf399d3e32dab7d6f1f035847ff1d5676bf0915004a2f30f4d46dc024f402cc,2158,True,True,1.1102230246251565e-16
929fa2c3eeda8f15c404ba27cfce104815ed5d45934b58c7f135299652f5962c,signed_control_mechanism/predictions/full/worker_tcn_0/seed_29/S_02__snr_5__noise_101.npz,tcn,29,S_02__snr_5__noise_101,S_02__snr_5__noise_101,signed_control_mechanism/logs/full/inference_tcn_0.json,061dd5402805603bbfb9354eba460b06605d72c060b8cb073d01a8185d2da105,abf399d3e32dab7d6f1f035847ff1d5676bf0915004a2f30f4d46dc024f402cc,2158,True,True,0.0
e6bcadc943fc62158dd622519d492691494703de2874602e5579ca34e989765e,signed_control_mechanism/predictions/full/worker_tcn_0/seed_29/S_02__snr_5__noise_202.npz,tcn,29,S_02__snr_5__noise_202,S_02__snr_5__noise_202,signed_control_mechanism/logs/full/inference_tcn_0.json,061dd5402805603bbfb9354eba460b06605d72c060b8cb073d01a8185d2da105,abf399d3e32dab7d6f1f035847ff1d5676bf0915004a2f30f4d46dc024f402cc,2158,True,True,2.220446049250313e-16
2396f59f5b9fe2a52cca45f3e9c276743d4f39273fda589ec5e7100c23682df8,signed_control_mechanism/predictions/full/worker_tcn_0/seed_29/S_02__snr_5__noise_303.npz,tcn,29,S_02__snr_5__noise_303,S_02__snr_5__noise_303,signed_control_mechanism/logs/full/inference_tcn_0.json,061dd5402805603bbfb9354eba460b06605d72c060b8cb073d01a8185d2da105,abf399d3e32dab7d6f1f035847ff1d5676bf0915004a2f30f4d46dc024f402cc,2158,True,True,0.0
de15efe7b83d60ab77d6236eb803fad556918a44f9765d78877a376b4836e598,signed_control_mechanism/predictions/full/worker_tcn_0/seed_29/S_02__snr_5__noise_404.npz,tcn,29,S_02__snr_5__noise_404,S_02__snr_5__noise_404,signed_control_mechanism/logs/full/inference_tcn_0.json,061dd5402805603bbfb9354eba460b06605d72c060b8cb073d01a8185d2da105,abf399d3e32dab7d6f1f035847ff1d5676bf0915004a2f30f4d46dc024f402cc,2158,True,True,1.1102230246251565e-16
543283e85cc2be7b20cbe634b7a30383c10ce49925fd84be2e2e25a60f704b00,signed_control_mechanism/predictions/full/worker_tcn_0/seed_29/S_02__snr_5__noise_505.npz,tcn,29,S_02__snr_5__noise_505,S_02__snr_5__noise_505,signed_control_mechanism/logs/full/inference_tcn_0.json,061dd5402805603bbfb9354eba460b06605d72c060b8cb073d01a8185d2da105,abf399d3e32dab7d6f1f035847ff1d5676bf0915004a2f30f4d46dc024f402cc,2158,True,True,0.0
e5b0df60fc9552c51d3a9fdaf0d120aeef0012a1854fcb59e61671b9d7d4359a,signed_control_mechanism/predictions/full/worker_tcn_0/seed_29/S_02__snr_5__noise_8128.npz,tcn,29,S_02__snr_5__noise_8128,S_02__snr_5__noise_8128,signed_control_mechanism/logs/full/inference_tcn_0.json,061dd5402805603bbfb9354eba460b06605d72c060b8cb073d01a8185d2da105,abf399d3e32dab7d6f1f035847ff1d5676bf0915004a2f30f4d46dc024f402cc,2158,True,True,1.1102230246251565e-16
62f489f68a8fee4ebd5f712230319105c7091ffb9cf3aba4b516ab85b10d396e,signed_control_mechanism/predictions/full/worker_tcn_0/seed_29/S_03__snr_0__noise_101.npz,tcn,29,S_03__snr_0__noise_101,S_03__snr_0__noise_101,signed_control_mechanism/logs/full/inference_tcn_0.json,061dd5402805603bbfb9354eba460b06605d72c060b8cb073d01a8185d2da105,abf399d3e32dab7d6f1f035847ff1d5676bf0915004a2f30f4d46dc024f402cc,2158,True,True,0.0
97c22f22a9509b968ecbde2f84eac5bc89e03a3fe6de213cb358d2ca6f509c47,signed_control_mechanism/predictions/full/worker_tcn_0/seed_29/S_03__snr_0__noise_202.npz,tcn,29,S_03__snr_0__noise_202,S_03__snr_0__noise_202,signed_control_mechanism/logs/full/inference_tcn_0.json,061dd5402805603bbfb9354eba460b06605d72c060b8cb073d01a8185d2da105,abf399d3e32dab7d6f1f035847ff1d5676bf0915004a2f30f4d46dc024f402cc,2158,True,True,2.220446049250313e-16
b749681f9660a26bcbfd89c4238598bc60359b79c834bb31bd000dc98c1a816f,signed_control_mechanism/predictions/full/worker_tcn_0/seed_29/S_03__snr_0__noise_303.npz,tcn,29,S_03__snr_0__noise_303,S_03__snr_0__noise_303,signed_control_mechanism/logs/full/inference_tcn_0.json,061dd5402805603bbfb9354eba460b06605d72c060b8cb073d01a8185d2da105,abf399d3e32dab7d6f1f035847ff1d5676bf0915004a2f30f4d46dc024f402cc,2158,True,True,0.0
aad41511acf072c9df8e457ab8ada141a6900abdc62ffea60f80fd7e2cb66664,signed_control_mechanism/predictions/full/worker_tcn_0/seed_29/S_03__snr_0__noise_404.npz,tcn,29,S_03__snr_0__noise_404,S_03__snr_0__noise_404,signed_control_mechanism/logs/full/inference_tcn_0.json,061dd5402805603bbfb9354eba460b06605d72c060b8cb073d01a8185d2da105,abf399d3e32dab7d6f1f035847ff1d5676bf0915004a2f30f4d46dc024f402cc,2158,True,True,0.0
12a7753efce95eda23e201d158186289effb0b1eaa8127880d20f6f856314834,signed_control_mechanism/predictions/full/worker_tcn_0/seed_29/S_03__snr_0__noise_505.npz,tcn,29,S_03__snr_0__noise_505,S_03__snr_0__noise_505,signed_control_mechanism/logs/full/inference_tcn_0.json,061dd5402805603bbfb9354eba460b06605d72c060b8cb073d01a8185d2da105,abf399d3e32dab7d6f1f035847ff1d5676bf0915004a2f30f4d46dc024f402cc,2158,True,True,0.0
1ad672460c6468285fd7beee02562423570b32aceeb92a1af71ccd2ce61a415b,signed_control_mechanism/predictions/full/worker_tcn_0/seed_29/S_03__snr_0__noise_8128.npz,tcn,29,S_03__snr_0__noise_8128,S_03__snr_0__noise_8128,signed_control_mechanism/logs/full/inference_tcn_0.json,061dd5402805603bbfb9354eba460b06605d72c060b8cb073d01a8185d2da105,abf399d3e32dab7d6f1f035847ff1d5676bf0915004a2f30f4d46dc024f402cc,2158,True,True,0.0
d8c98ff25608cd70a74f82511d2612c6dc438d043b93b01e58e7de8cc2bd7fec,signed_control_mechanism/predictions/full/worker_tcn_0/seed_29/S_03__snr_10__noise_101.npz,tcn,29,S_03__snr_10__noise_101,S_03__snr_10__noise_101,signed_control_mechanism/logs/full/inference_tcn_0.json,061dd5402805603bbfb9354eba460b06605d72c060b8cb073d01a8185d2da105,abf399d3e32dab7d6f1f035847ff1d5676bf0915004a2f30f4d46dc024f402cc,2158,True,True,0.0
991eec802e6e00df48721165a60bef279f56d4633f2e0bbbb3a5b9ee11acfc77,signed_control_mechanism/predictions/full/worker_tcn_0/seed_29/S_03__snr_10__noise_202.npz,tcn,29,S_03__snr_10__noise_202,S_03__snr_10__noise_202,signed_control_mechanism/logs/full/inference_tcn_0.json,061dd5402805603bbfb9354eba460b06605d72c060b8cb073d01a8185d2da105,abf399d3e32dab7d6f1f035847ff1d5676bf0915004a2f30f4d46dc024f402cc,2158,True,True,1.1102230246251565e-16
23d8d84649c2e69f8a2436194e31bd1329023bce24d8905542c9f2c4bd322f24,signed_control_mechanism/predictions/full/worker_tcn_0/seed_29/S_03__snr_10__noise_303.npz,tcn,29,S_03__snr_10__noise_303,S_03__snr_10__noise_303,signed_control_mechanism/logs/full/inference_tcn_0.json,061dd5402805603bbfb9354eba460b06605d72c060b8cb073d01a8185d2da105,abf399d3e32dab7d6f1f035847ff1d5676bf0915004a2f30f4d46dc024f402cc,2158,True,True,1.1102230246251565e-16
ab0d5ff4d909849196ae4b1d5158956d750eaa54bf583a2e29208874d38e1bec,signed_control_mechanism/predictions/full/worker_tcn_0/seed_29/S_03__snr_10__noise_404.npz,tcn,29,S_03__snr_10__noise_404,S_03__snr_10__noise_404,signed_control_mechanism/logs/full/inference_tcn_0.json,061dd5402805603bbfb9354eba460b06605d72c060b8cb073d01a8185d2da105,abf399d3e32dab7d6f1f035847ff1d5676bf0915004a2f30f4d46dc024f402cc,2158,True,True,0.0
8960943a14184aec050b129e8c539b56cafac21de5b6e2a59297539878af5be2,signed_control_mechanism/predictions/full/worker_tcn_0/seed_29/S_03__snr_10__noise_505.npz,tcn,29,S_03__snr_10__noise_505,S_03__snr_10__noise_505,signed_control_mechanism/logs/full/inference_tcn_0.json,061dd5402805603bbfb9354eba460b06605d72c060b8cb073d01a8185d2da105,abf399d3e32dab7d6f1f035847ff1d5676bf0915004a2f30f4d46dc024f402cc,2158,True,True,1.1102230246251565e-16
9dc7200bba9ade27938603dc4bbb20ce8bdd0895a18fa67aea27e2b51ae02365,signed_control_mechanism/predictions/full/worker_tcn_0/seed_29/S_03__snr_10__noise_8128.npz,tcn,29,S_03__snr_10__noise_8128,S_03__snr_10__noise_8128,signed_control_mechanism/logs/full/inference_tcn_0.json,061dd5402805603bbfb9354eba460b06605d72c060b8cb073d01a8185d2da105,abf399d3e32dab7d6f1f035847ff1d5676bf0915004a2f30f4d46dc024f402cc,2158,True,True,1.1102230246251565e-16
2babf50b0faaf796036a7dedeb1ea77d760259c75afa805e3232dff0a509b331,signed_control_mechanism/predictions/full/worker_tcn_0/seed_29/S_03__snr_5__noise_101.npz,tcn,29,S_03__snr_5__noise_101,S_03__snr_5__noise_101,signed_control_mechanism/logs/full/inference_tcn_0.json,061dd5402805603bbfb9354eba460b06605d72c060b8cb073d01a8185d2da105,abf399d3e32dab7d6f1f035847ff1d5676bf0915004a2f30f4d46dc024f402cc,2158,True,True,0.0
130bab61fd39714faf2486e6d2714e730237c63622af49e7ce796aecc2d72c84,signed_control_mechanism/predictions/full/worker_tcn_0/seed_29/S_03__snr_5__noise_202.npz,tcn,29,S_03__snr_5__noise_202,S_03__snr_5__noise_202,signed_control_mechanism/logs/full/inference_tcn_0.json,061dd5402805603bbfb9354eba460b06605d72c060b8cb073d01a8185d2da105,abf399d3e32dab7d6f1f035847ff1d5676bf0915004a2f30f4d46dc024f402cc,2158,True,True,1.1102230246251565e-16
7e32c860653d3b8e8fd629ad8546071189cf9541eb67a56abe5cd7b93f943961,signed_control_mechanism/predictions/full/worker_tcn_0/seed_29/S_03__snr_5__noise_303.npz,tcn,29,S_03__snr_5__noise_303,S_03__snr_5__noise_303,signed_control_mechanism/logs/full/inference_tcn_0.json,061dd5402805603bbfb9354eba460b06605d72c060b8cb073d01a8185d2da105,abf399d3e32dab7d6f1f035847ff1d5676bf0915004a2f30f4d46dc024f402cc,2158,True,True,0.0
87fe78a86caa536ed6a5d28a87a33843d118f8a649b2826da105d8d19601d192,signed_control_mechanism/predictions/full/worker_tcn_0/seed_29/S_03__snr_5__noise_404.npz,tcn,29,S_03__snr_5__noise_404,S_03__snr_5__noise_404,signed_control_mechanism/logs/full/inference_tcn_0.json,061dd5402805603bbfb9354eba460b06605d72c060b8cb073d01a8185d2da105,abf399d3e32dab7d6f1f035847ff1d5676bf0915004a2f30f4d46dc024f402cc,2158,True,True,0.0
b8c3a147d6b44510e8651008203d72ccb57f10a49ce0ddc5c545db2b642da341,signed_control_mechanism/predictions/full/worker_tcn_0/seed_29/S_03__snr_5__noise_505.npz,tcn,29,S_03__snr_5__noise_505,S_03__snr_5__noise_505,signed_control_mechanism/logs/full/inference_tcn_0.json,061dd5402805603bbfb9354eba460b06605d72c060b8cb073d01a8185d2da105,abf399d3e32dab7d6f1f035847ff1d5676bf0915004a2f30f4d46dc024f402cc,2158,True,True,0.0
261bdbf5ffadb5c8f476a96e4b7a862e9f910d64511a57dee55c96cdebb646f5,signed_control_mechanism/predictions/full/worker_tcn_0/seed_29/S_03__snr_5__noise_8128.npz,tcn,29,S_03__snr_5__noise_8128,S_03__snr_5__noise_8128,signed_control_mechanism/logs/full/inference_tcn_0.json,061dd5402805603bbfb9354eba460b06605d72c060b8cb073d01a8185d2da105,abf399d3e32dab7d6f1f035847ff1d5676bf0915004a2f30f4d46dc024f402cc,2158,True,True,1.1102230246251565e-16
4c594dfed527d1930a8e4ec8502f3d56a9ff483f6cc4cb4ace015f237fa04ca1,signed_control_mechanism/predictions/full/worker_tcn_0/seed_29/S_04__snr_0__noise_101.npz,tcn,29,S_04__snr_0__noise_101,S_04__snr_0__noise_101,signed_control_mechanism/logs/full/inference_tcn_0.json,061dd5402805603bbfb9354eba460b06605d72c060b8cb073d01a8185d2da105,abf399d3e32dab7d6f1f035847ff1d5676bf0915004a2f30f4d46dc024f402cc,2158,True,True,0.0
058e6483b36b5e823ddb45b1c418c6b3a9683e6f6cfbb92a128cc797416552ae,signed_control_mechanism/predictions/full/worker_tcn_0/seed_29/S_04__snr_0__noise_202.npz,tcn,29,S_04__snr_0__noise_202,S_04__snr_0__noise_202,signed_control_mechanism/logs/full/inference_tcn_0.json,061dd5402805603bbfb9354eba460b06605d72c060b8cb073d01a8185d2da105,abf399d3e32dab7d6f1f035847ff1d5676bf0915004a2f30f4d46dc024f402cc,2158,True,True,0.0
ba72ab431e14bc25fa0cadfa205a16697bf7d7b707bb8b0f6c3668327aa0edcf,signed_control_mechanism/predictions/full/worker_tcn_0/seed_29/S_04__snr_0__noise_303.npz,tcn,29,S_04__snr_0__noise_303,S_04__snr_0__noise_303,signed_control_mechanism/logs/full/inference_tcn_0.json,061dd5402805603bbfb9354eba460b06605d72c060b8cb073d01a8185d2da105,abf399d3e32dab7d6f1f035847ff1d5676bf0915004a2f30f4d46dc024f402cc,2158,True,True,0.0
599a279674b8aefd46d91a9538f43b1d0b17b339bf823c5f362f759d3e6dbf39,signed_control_mechanism/predictions/full/worker_tcn_0/seed_29/S_04__snr_0__noise_404.npz,tcn,29,S_04__snr_0__noise_404,S_04__snr_0__noise_404,signed_control_mechanism/logs/full/inference_tcn_0.json,061dd5402805603bbfb9354eba460b06605d72c060b8cb073d01a8185d2da105,abf399d3e32dab7d6f1f035847ff1d5676bf0915004a2f30f4d46dc024f402cc,2158,True,True,0.0
b58069e8abe00fc87f2e73c5e12ab62827e05e6e1227e08363c6201ea132bc13,signed_control_mechanism/predictions/full/worker_tcn_0/seed_29/S_04__snr_0__noise_505.npz,tcn,29,S_04__snr_0__noise_505,S_04__snr_0__noise_505,signed_control_mechanism/logs/full/inference_tcn_0.json,061dd5402805603bbfb9354eba460b06605d72c060b8cb073d01a8185d2da105,abf399d3e32dab7d6f1f035847ff1d5676bf0915004a2f30f4d46dc024f402cc,2158,True,True,0.0
ba1aa6756e07c056885d7cbe796243eda67aa7a135751698b06283c69a40ba00,signed_control_mechanism/predictions/full/worker_tcn_0/seed_29/S_04__snr_0__noise_8128.npz,tcn,29,S_04__snr_0__noise_8128,S_04__snr_0__noise_8128,signed_control_mechanism/logs/full/inference_tcn_0.json,061dd5402805603bbfb9354eba460b06605d72c060b8cb073d01a8185d2da105,abf399d3e32dab7d6f1f035847ff1d5676bf0915004a2f30f4d46dc024f402cc,2158,True,True,0.0
7c0eef2ba6b83fd2d9c44ec642553d4dd14c2a8ade25004f0b0e9d8283e4141f,signed_control_mechanism/predictions/full/worker_tcn_0/seed_29/S_04__snr_10__noise_101.npz,tcn,29,S_04__snr_10__noise_101,S_04__snr_10__noise_101,signed_control_mechanism/logs/full/inference_tcn_0.json,061dd5402805603bbfb9354eba460b06605d72c060b8cb073d01a8185d2da105,abf399d3e32dab7d6f1f035847ff1d5676bf0915004a2f30f4d46dc024f402cc,2158,True,True,0.0
abfdb58c0992d0b8cdee7a3b85a050565116c698cd024f4781d291b2ca5143af,signed_control_mechanism/predictions/full/worker_tcn_0/seed_29/S_04__snr_10__noise_202.npz,tcn,29,S_04__snr_10__noise_202,S_04__snr_10__noise_202,signed_control_mechanism/logs/full/inference_tcn_0.json,061dd5402805603bbfb9354eba460b06605d72c060b8cb073d01a8185d2da105,abf399d3e32dab7d6f1f035847ff1d5676bf0915004a2f30f4d46dc024f402cc,2158,True,True,0.0
0183b62cd2d65fff3e06fa8e8181f353b6b81cecaef6367cd81dcc894b713aff,signed_control_mechanism/predictions/full/worker_tcn_0/seed_29/S_04__snr_10__noise_303.npz,tcn,29,S_04__snr_10__noise_303,S_04__snr_10__noise_303,signed_control_mechanism/logs/full/inference_tcn_0.json,061dd5402805603bbfb9354eba460b06605d72c060b8cb073d01a8185d2da105,abf399d3e32dab7d6f1f035847ff1d5676bf0915004a2f30f4d46dc024f402cc,2158,True,True,1.1102230246251565e-16
f511d668899a0533f3c10793dcedf6bba74b82fa67426a024ebea1aec7656445,signed_control_mechanism/predictions/full/worker_tcn_0/seed_29/S_04__snr_10__noise_404.npz,tcn,29,S_04__snr_10__noise_404,S_04__snr_10__noise_404,signed_control_mechanism/logs/full/inference_tcn_0.json,061dd5402805603bbfb9354eba460b06605d72c060b8cb073d01a8185d2da105,abf399d3e32dab7d6f1f035847ff1d5676bf0915004a2f30f4d46dc024f402cc,2158,True,True,1.1102230246251565e-16
65ef7df0a3b46deb8cf343f93d96abb543704182d70f9cc885127d92faed5fb5,signed_control_mechanism/predictions/full/worker_tcn_0/seed_29/S_04__snr_10__noise_505.npz,tcn,29,S_04__snr_10__noise_505,S_04__snr_10__noise_505,signed_control_mechanism/logs/full/inference_tcn_0.json,061dd5402805603bbfb9354eba460b06605d72c060b8cb073d01a8185d2da105,abf399d3e32dab7d6f1f035847ff1d5676bf0915004a2f30f4d46dc024f402cc,2158,True,True,1.1102230246251565e-16
230c7a0599cd4b33383a183084a40e2335ddd2944e6c339a15cd0469f963871d,signed_control_mechanism/predictions/full/worker_tcn_0/seed_29/S_04__snr_10__noise_8128.npz,tcn,29,S_04__snr_10__noise_8128,S_04__snr_10__noise_8128,signed_control_mechanism/logs/full/inference_tcn_0.json,061dd5402805603bbfb9354eba460b06605d72c060b8cb073d01a8185d2da105,abf399d3e32dab7d6f1f035847ff1d5676bf0915004a2f30f4d46dc024f402cc,2158,True,True,0.0
9349337a37641f3292de9103bc36327b6f5b038bdafef870339242ccd4a6e8e9,signed_control_mechanism/predictions/full/worker_tcn_0/seed_29/S_04__snr_5__noise_101.npz,tcn,29,S_04__snr_5__noise_101,S_04__snr_5__noise_101,signed_control_mechanism/logs/full/inference_tcn_0.json,061dd5402805603bbfb9354eba460b06605d72c060b8cb073d01a8185d2da105,abf399d3e32dab7d6f1f035847ff1d5676bf0915004a2f30f4d46dc024f402cc,2158,True,True,1.1102230246251565e-16
aa8ae7b1f334f9f837ebd59cc90f9b6aab48230bd1590bc2f2012c419cac51ad,signed_control_mechanism/predictions/full/worker_tcn_0/seed_29/S_04__snr_5__noise_202.npz,tcn,29,S_04__snr_5__noise_202,S_04__snr_5__noise_202,signed_control_mechanism/logs/full/inference_tcn_0.json,061dd5402805603bbfb9354eba460b06605d72c060b8cb073d01a8185d2da105,abf399d3e32dab7d6f1f035847ff1d5676bf0915004a2f30f4d46dc024f402cc,2158,True,True,2.220446049250313e-16
a17322ae7f5134cef628645e3e1b1142b0d9605eb24f1df5b048ae9cade57979,signed_control_mechanism/predictions/full/worker_tcn_0/seed_29/S_04__snr_5__noise_303.npz,tcn,29,S_04__snr_5__noise_303,S_04__snr_5__noise_303,signed_control_mechanism/logs/full/inference_tcn_0.json,061dd5402805603bbfb9354eba460b06605d72c060b8cb073d01a8185d2da105,abf399d3e32dab7d6f1f035847ff1d5676bf0915004a2f30f4d46dc024f402cc,2158,True,True,1.1102230246251565e-16
8bce28b91b443649350b94e0e52206e62dbb7ffffa25597c235bf93287f853a9,signed_control_mechanism/predictions/full/worker_tcn_0/seed_29/S_04__snr_5__noise_404.npz,tcn,29,S_04__snr_5__noise_404,S_04__snr_5__noise_404,signed_control_mechanism/logs/full/inference_tcn_0.json,061dd5402805603bbfb9354eba460b06605d72c060b8cb073d01a8185d2da105,abf399d3e32dab7d6f1f035847ff1d5676bf0915004a2f30f4d46dc024f402cc,2158,True,True,0.0
19ad4ac5f4ccccce5fdcb390913a333afd0d2bb5c0295e6ca96eb192fb813150,signed_control_mechanism/predictions/full/worker_tcn_0/seed_29/S_04__snr_5__noise_505.npz,tcn,29,S_04__snr_5__noise_505,S_04__snr_5__noise_505,signed_control_mechanism/logs/full/inference_tcn_0.json,061dd5402805603bbfb9354eba460b06605d72c060b8cb073d01a8185d2da105,abf399d3e32dab7d6f1f035847ff1d5676bf0915004a2f30f4d46dc024f402cc,2158,True,True,1.1102230246251565e-16
82cd979a826f357974694b5148f95c2f96fe57b14fe5ebd9b16c031b56ed6b7a,signed_control_mechanism/predictions/full/worker_tcn_0/seed_29/S_04__snr_5__noise_8128.npz,tcn,29,S_04__snr_5__noise_8128,S_04__snr_5__noise_8128,signed_control_mechanism/logs/full/inference_tcn_0.json,061dd5402805603bbfb9354eba460b06605d72c060b8cb073d01a8185d2da105,abf399d3e32dab7d6f1f035847ff1d5676bf0915004a2f30f4d46dc024f402cc,2158,True,True,0.0
0b62b391bb210948c2bb21459d8e734b91dc2edb976950266b289945f87a59a9,methodology_supplement/results/predictions/full/tcn/seed_29/clean.npz,tcn,29,clean,clean,methodology_supplement/results/logs/full/inference_tcn_0.json,84cba5ac1aa33634d663eccbbb277738657d998f0664727a56c99c922dbc8583,71d6ecf41388929ce16b6bdc71dda3c8519feac3aa4fb04538d7bf7b1d42fbc2,0,True,True,1.1102230246251565e-16
6ad6289ada475de6cf6145579370a3f6bb68b2bbcedab82038439d749de0bc7a,methodology_supplement/results/predictions/full/tcn/seed_43/standard__n101__electrode__snr0.npz,tcn,43,E__snr_0__noise_101,standard__n101__electrode__snr0,methodology_supplement/results/logs/full/inference_tcn_0.json,84cba5ac1aa33634d663eccbbb277738657d998f0664727a56c99c922dbc8583,71d6ecf41388929ce16b6bdc71dda3c8519feac3aa4fb04538d7bf7b1d42fbc2,2158,True,True,2.220446049250313e-16
338fbe5c0558404e2258b05354759d5a558a2540e8a844a5f996304cbcfd331d,methodology_supplement/results/predictions/full/tcn/seed_43/standard__n202__electrode__snr0.npz,tcn,43,E__snr_0__noise_202,standard__n202__electrode__snr0,methodology_supplement/results/logs/full/inference_tcn_0.json,84cba5ac1aa33634d663eccbbb277738657d998f0664727a56c99c922dbc8583,71d6ecf41388929ce16b6bdc71dda3c8519feac3aa4fb04538d7bf7b1d42fbc2,2158,True,True,0.0
9d3fec7a888824d4184cfbca9487b7eda5ba8257b8bab7f1bcbc13925b9d0760,methodology_supplement/results/predictions/full/tcn/seed_43/standard__n303__electrode__snr0.npz,tcn,43,E__snr_0__noise_303,standard__n303__electrode__snr0,methodology_supplement/results/logs/full/inference_tcn_0.json,84cba5ac1aa33634d663eccbbb277738657d998f0664727a56c99c922dbc8583,71d6ecf41388929ce16b6bdc71dda3c8519feac3aa4fb04538d7bf7b1d42fbc2,2158,True,True,0.0
47ec6f39fd1e7f4f98b818da2696cdcbbca5838b6c276036a545e40eb745fa16,methodology_supplement/results/predictions/full/tcn/seed_43/standard__n404__electrode__snr0.npz,tcn,43,E__snr_0__noise_404,standard__n404__electrode__snr0,methodology_supplement/results/logs/full/inference_tcn_0.json,84cba5ac1aa33634d663eccbbb277738657d998f0664727a56c99c922dbc8583,71d6ecf41388929ce16b6bdc71dda3c8519feac3aa4fb04538d7bf7b1d42fbc2,2158,True,True,0.0
67848e615f1283caac1408f75221efe32a7a544e2c9d3c46b8380e2058e19036,methodology_supplement/results/predictions/full/tcn/seed_43/standard__n505__electrode__snr0.npz,tcn,43,E__snr_0__noise_505,standard__n505__electrode__snr0,methodology_supplement/results/logs/full/inference_tcn_0.json,84cba5ac1aa33634d663eccbbb277738657d998f0664727a56c99c922dbc8583,71d6ecf41388929ce16b6bdc71dda3c8519feac3aa4fb04538d7bf7b1d42fbc2,2158,True,True,1.1102230246251565e-16
d51cec49be2f75c0949f97c7a06bff8740732a1ec78b467f5b30fc9e8b93b2ea,methodology_supplement/results/predictions/full/tcn/seed_43/standard__n8128__electrode__snr0.npz,tcn,43,E__snr_0__noise_8128,standard__n8128__electrode__snr0,methodology_supplement/results/logs/full/inference_tcn_0.json,84cba5ac1aa33634d663eccbbb277738657d998f0664727a56c99c922dbc8583,71d6ecf41388929ce16b6bdc71dda3c8519feac3aa4fb04538d7bf7b1d42fbc2,2158,True,True,1.1102230246251565e-16
0feaaa21582100f4ac05b188f232ed1067b84684e2512226df09b39d6543f64f,methodology_supplement/results/predictions/full/tcn/seed_43/standard__n101__electrode__snr10.npz,tcn,43,E__snr_10__noise_101,standard__n101__electrode__snr10,methodology_supplement/results/logs/full/inference_tcn_0.json,84cba5ac1aa33634d663eccbbb277738657d998f0664727a56c99c922dbc8583,71d6ecf41388929ce16b6bdc71dda3c8519feac3aa4fb04538d7bf7b1d42fbc2,2158,True,True,0.0
515139ab9147910c6ed3b0805b67ec4b7dec1b950eb53641d407a7d5b8d8fd79,methodology_supplement/results/predictions/full/tcn/seed_43/standard__n202__electrode__snr10.npz,tcn,43,E__snr_10__noise_202,standard__n202__electrode__snr10,methodology_supplement/results/logs/full/inference_tcn_0.json,84cba5ac1aa33634d663eccbbb277738657d998f0664727a56c99c922dbc8583,71d6ecf41388929ce16b6bdc71dda3c8519feac3aa4fb04538d7bf7b1d42fbc2,2158,True,True,2.220446049250313e-16
ab63ccb5b29668ce216d73747754a3223b17a72cd09dbc627b1c1f9cb1ae3b29,methodology_supplement/results/predictions/full/tcn/seed_43/standard__n303__electrode__snr10.npz,tcn,43,E__snr_10__noise_303,standard__n303__electrode__snr10,methodology_supplement/results/logs/full/inference_tcn_0.json,84cba5ac1aa33634d663eccbbb277738657d998f0664727a56c99c922dbc8583,71d6ecf41388929ce16b6bdc71dda3c8519feac3aa4fb04538d7bf7b1d42fbc2,2158,True,True,0.0
d4ca8c0a23e376c0ad9af9c81587a930f1cb078d60587dd2d60d3e5f9a88e784,methodology_supplement/results/predictions/full/tcn/seed_43/standard__n404__electrode__snr10.npz,tcn,43,E__snr_10__noise_404,standard__n404__electrode__snr10,methodology_supplement/results/logs/full/inference_tcn_0.json,84cba5ac1aa33634d663eccbbb277738657d998f0664727a56c99c922dbc8583,71d6ecf41388929ce16b6bdc71dda3c8519feac3aa4fb04538d7bf7b1d42fbc2,2158,True,True,1.1102230246251565e-16
d88706c1fe2d57787f075610b25138dc076fb475c0f5c1fbe9a514c4b844fb4b,methodology_supplement/results/predictions/full/tcn/seed_43/standard__n505__electrode__snr10.npz,tcn,43,E__snr_10__noise_505,standard__n505__electrode__snr10,methodology_supplement/results/logs/full/inference_tcn_0.json,84cba5ac1aa33634d663eccbbb277738657d998f0664727a56c99c922dbc8583,71d6ecf41388929ce16b6bdc71dda3c8519feac3aa4fb04538d7bf7b1d42fbc2,2158,True,True,0.0
a9876633774888143dc668b0e2119f9e02b21718aa0b64fed6d34d82ff21d6b8,methodology_supplement/results/predictions/full/tcn/seed_43/standard__n8128__electrode__snr10.npz,tcn,43,E__snr_10__noise_8128,standard__n8128__electrode__snr10,methodology_supplement/results/logs/full/inference_tcn_0.json,84cba5ac1aa33634d663eccbbb277738657d998f0664727a56c99c922dbc8583,71d6ecf41388929ce16b6bdc71dda3c8519feac3aa4fb04538d7bf7b1d42fbc2,2158,True,True,2.220446049250313e-16
8b4e11ef04d429db92f802876163062247249136d05054a06b2c99564825a2ae,methodology_supplement/results/predictions/full/tcn/seed_43/standard__n101__electrode__snr5.npz,tcn,43,E__snr_5__noise_101,standard__n101__electrode__snr5,methodology_supplement/results/logs/full/inference_tcn_0.json,84cba5ac1aa33634d663eccbbb277738657d998f0664727a56c99c922dbc8583,71d6ecf41388929ce16b6bdc71dda3c8519feac3aa4fb04538d7bf7b1d42fbc2,2158,True,True,1.1102230246251565e-16
e587597cea0447f4386078c23932a36a01fe31141706fa0f8f4762a2fff43164,methodology_supplement/results/predictions/full/tcn/seed_43/standard__n202__electrode__snr5.npz,tcn,43,E__snr_5__noise_202,standard__n202__electrode__snr5,methodology_supplement/results/logs/full/inference_tcn_0.json,84cba5ac1aa33634d663eccbbb277738657d998f0664727a56c99c922dbc8583,71d6ecf41388929ce16b6bdc71dda3c8519feac3aa4fb04538d7bf7b1d42fbc2,2158,True,True,1.1102230246251565e-16
03596e540a60b118032d3de08c891dfbf714ee749c13c588231e3946b02f23fe,methodology_supplement/results/predictions/full/tcn/seed_43/standard__n303__electrode__snr5.npz,tcn,43,E__snr_5__noise_303,standard__n303__electrode__snr5,methodology_supplement/results/logs/full/inference_tcn_0.json,84cba5ac1aa33634d663eccbbb277738657d998f0664727a56c99c922dbc8583,71d6ecf41388929ce16b6bdc71dda3c8519feac3aa4fb04538d7bf7b1d42fbc2,2158,True,True,2.220446049250313e-16
d7b54ee9c7fb30818bf880680a5296f0519e2bbbe5ddf8638063265d874139d7,methodology_supplement/results/predictions/full/tcn/seed_43/standard__n404__electrode__snr5.npz,tcn,43,E__snr_5__noise_404,standard__n404__electrode__snr5,methodology_supplement/results/logs/full/inference_tcn_0.json,84cba5ac1aa33634d663eccbbb277738657d998f0664727a56c99c922dbc8583,71d6ecf41388929ce16b6bdc71dda3c8519feac3aa4fb04538d7bf7b1d42fbc2,2158,True,True,0.0
9f1defd07edadc82d2cbfad2cad76d52f7313a56488aa29d3a9ab3205f462246,methodology_supplement/results/predictions/full/tcn/seed_43/standard__n505__electrode__snr5.npz,tcn,43,E__snr_5__noise_505,standard__n505__electrode__snr5,methodology_supplement/results/logs/full/inference_tcn_0.json,84cba5ac1aa33634d663eccbbb277738657d998f0664727a56c99c922dbc8583,71d6ecf41388929ce16b6bdc71dda3c8519feac3aa4fb04538d7bf7b1d42fbc2,2158,True,True,0.0
fd48e1971ac1f8328f7cd4e5eafb7009083c3eb9ddcee7510c5b6057eb38094b,methodology_supplement/results/predictions/full/tcn/seed_43/standard__n8128__electrode__snr5.npz,tcn,43,E__snr_5__noise_8128,standard__n8128__electrode__snr5,methodology_supplement/results/logs/full/inference_tcn_0.json,84cba5ac1aa33634d663eccbbb277738657d998f0664727a56c99c922dbc8583,71d6ecf41388929ce16b6bdc71dda3c8519feac3aa4fb04538d7bf7b1d42fbc2,2158,True,True,1.1102230246251565e-16
bb357f1a54b1906720b2555ba0f5f2f0b723104a58f233410a020366776dc7e0,methodology_supplement/results/predictions/full/tcn/seed_43/standard__n101__independent_rms__snr0.npz,tcn,43,I__snr_0__noise_101,standard__n101__independent_rms__snr0,methodology_supplement/results/logs/full/inference_tcn_0.json,84cba5ac1aa33634d663eccbbb277738657d998f0664727a56c99c922dbc8583,71d6ecf41388929ce16b6bdc71dda3c8519feac3aa4fb04538d7bf7b1d42fbc2,2158,True,True,0.0
5b5e09ac5ef907f855a9d235665dd77d75914fafd1f901e436af8cb2605f34bd,methodology_supplement/results/predictions/full/tcn/seed_43/standard__n202__independent_rms__snr0.npz,tcn,43,I__snr_0__noise_202,standard__n202__independent_rms__snr0,methodology_supplement/results/logs/full/inference_tcn_0.json,84cba5ac1aa33634d663eccbbb277738657d998f0664727a56c99c922dbc8583,71d6ecf41388929ce16b6bdc71dda3c8519feac3aa4fb04538d7bf7b1d42fbc2,2158,True,True,0.0
0697b43530f7cc85f877bd826fd90d757c092e9ffc25f3fe913d689836435ae7,methodology_supplement/results/predictions/full/tcn/seed_43/standard__n303__independent_rms__snr0.npz,tcn,43,I__snr_0__noise_303,standard__n303__independent_rms__snr0,methodology_supplement/results/logs/full/inference_tcn_0.json,84cba5ac1aa33634d663eccbbb277738657d998f0664727a56c99c922dbc8583,71d6ecf41388929ce16b6bdc71dda3c8519feac3aa4fb04538d7bf7b1d42fbc2,2158,True,True,0.0
8204696e420bed118686c5b9829604516caf78634fd4a68e3daf8b2a92fd5334,methodology_supplement/results/predictions/full/tcn/seed_43/standard__n404__independent_rms__snr0.npz,tcn,43,I__snr_0__noise_404,standard__n404__independent_rms__snr0,methodology_supplement/results/logs/full/inference_tcn_0.json,84cba5ac1aa33634d663eccbbb277738657d998f0664727a56c99c922dbc8583,71d6ecf41388929ce16b6bdc71dda3c8519feac3aa4fb04538d7bf7b1d42fbc2,2158,True,True,2.220446049250313e-16
f5a9585dc29b0b69fa8043b85dd339acc9146ba813630ff9c31d574c4e0421db,methodology_supplement/results/predictions/full/tcn/seed_43/standard__n505__independent_rms__snr0.npz,tcn,43,I__snr_0__noise_505,standard__n505__independent_rms__snr0,methodology_supplement/results/logs/full/inference_tcn_0.json,84cba5ac1aa33634d663eccbbb277738657d998f0664727a56c99c922dbc8583,71d6ecf41388929ce16b6bdc71dda3c8519feac3aa4fb04538d7bf7b1d42fbc2,2158,True,True,1.1102230246251565e-16
2384eb9c7c0004abf5be9cab3a39ec00ebf6eb0df3680b6cc883496a094cc850,methodology_supplement/results/predictions/full/tcn/seed_43/standard__n8128__independent_rms__snr0.npz,tcn,43,I__snr_0__noise_8128,standard__n8128__independent_rms__snr0,methodology_supplement/results/logs/full/inference_tcn_0.json,84cba5ac1aa33634d663eccbbb277738657d998f0664727a56c99c922dbc8583,71d6ecf41388929ce16b6bdc71dda3c8519feac3aa4fb04538d7bf7b1d42fbc2,2158,True,True,0.0
8b5ec46b3762e29c9999fac86cbad9e5a5e436efa2fa68315c7e5dc506a71dfd,methodology_supplement/results/predictions/full/tcn/seed_43/standard__n101__independent_rms__snr10.npz,tcn,43,I__snr_10__noise_101,standard__n101__independent_rms__snr10,methodology_supplement/results/logs/full/inference_tcn_0.json,84cba5ac1aa33634d663eccbbb277738657d998f0664727a56c99c922dbc8583,71d6ecf41388929ce16b6bdc71dda3c8519feac3aa4fb04538d7bf7b1d42fbc2,2158,True,True,0.0
1f1fd178f6b67516bfe373ee94b4eb2ea4bdb9990912232bee20a20c64ad2ba8,methodology_supplement/results/predictions/full/tcn/seed_43/standard__n202__independent_rms__snr10.npz,tcn,43,I__snr_10__noise_202,standard__n202__independent_rms__snr10,methodology_supplement/results/logs/full/inference_tcn_0.json,84cba5ac1aa33634d663eccbbb277738657d998f0664727a56c99c922dbc8583,71d6ecf41388929ce16b6bdc71dda3c8519feac3aa4fb04538d7bf7b1d42fbc2,2158,True,True,0.0
1e84e705e660b04d205d7ed9ac4fd0d68ef4cee0a95db5de1478e1a177c21827,methodology_supplement/results/predictions/full/tcn/seed_43/standard__n303__independent_rms__snr10.npz,tcn,43,I__snr_10__noise_303,standard__n303__independent_rms__snr10,methodology_supplement/results/logs/full/inference_tcn_0.json,84cba5ac1aa33634d663eccbbb277738657d998f0664727a56c99c922dbc8583,71d6ecf41388929ce16b6bdc71dda3c8519feac3aa4fb04538d7bf7b1d42fbc2,2158,True,True,1.1102230246251565e-16
ed3be2fc9baece2ae85c855a30dd77e1f3825a3bd6683930ca1282c1bd99fb5b,methodology_supplement/results/predictions/full/tcn/seed_43/standard__n404__independent_rms__snr10.npz,tcn,43,I__snr_10__noise_404,standard__n404__independent_rms__snr10,methodology_supplement/results/logs/full/inference_tcn_0.json,84cba5ac1aa33634d663eccbbb277738657d998f0664727a56c99c922dbc8583,71d6ecf41388929ce16b6bdc71dda3c8519feac3aa4fb04538d7bf7b1d42fbc2,2158,True,True,0.0
9f83c560b44a67900289d9b0f9f8c97b3db2ec347121081dcc880eba257d6cae,methodology_supplement/results/predictions/full/tcn/seed_43/standard__n505__independent_rms__snr10.npz,tcn,43,I__snr_10__noise_505,standard__n505__independent_rms__snr10,methodology_supplement/results/logs/full/inference_tcn_0.json,84cba5ac1aa33634d663eccbbb277738657d998f0664727a56c99c922dbc8583,71d6ecf41388929ce16b6bdc71dda3c8519feac3aa4fb04538d7bf7b1d42fbc2,2158,True,True,0.0
ddab4e763e27f7e433c66594b8945bb3c8d9e011ad1843caa988104c8da26624,methodology_supplement/results/predictions/full/tcn/seed_43/standard__n8128__independent_rms__snr10.npz,tcn,43,I__snr_10__noise_8128,standard__n8128__independent_rms__snr10,methodology_supplement/results/logs/full/inference_tcn_0.json,84cba5ac1aa33634d663eccbbb277738657d998f0664727a56c99c922dbc8583,71d6ecf41388929ce16b6bdc71dda3c8519feac3aa4fb04538d7bf7b1d42fbc2,2158,True,True,0.0
0e2ebc76bb8f3330a0388a427dda4a573fe121f141753592022c2ef485051053,methodology_supplement/results/predictions/full/tcn/seed_43/standard__n101__independent_rms__snr5.npz,tcn,43,I__snr_5__noise_101,standard__n101__independent_rms__snr5,methodology_supplement/results/logs/full/inference_tcn_0.json,84cba5ac1aa33634d663eccbbb277738657d998f0664727a56c99c922dbc8583,71d6ecf41388929ce16b6bdc71dda3c8519feac3aa4fb04538d7bf7b1d42fbc2,2158,True,True,0.0
f9144765583fc943e3ed2fa58793854c56c2fa2b5e57cb2829374d0f1dc74e59,methodology_supplement/results/predictions/full/tcn/seed_43/standard__n202__independent_rms__snr5.npz,tcn,43,I__snr_5__noise_202,standard__n202__independent_rms__snr5,methodology_supplement/results/logs/full/inference_tcn_0.json,84cba5ac1aa33634d663eccbbb277738657d998f0664727a56c99c922dbc8583,71d6ecf41388929ce16b6bdc71dda3c8519feac3aa4fb04538d7bf7b1d42fbc2,2158,True,True,2.220446049250313e-16
e70d130ac4c927328cca12b5d7e972bd0c65269b084d0203552c907562518f10,methodology_supplement/results/predictions/full/tcn/seed_43/standard__n303__independent_rms__snr5.npz,tcn,43,I__snr_5__noise_303,standard__n303__independent_rms__snr5,methodology_supplement/results/logs/full/inference_tcn_0.json,84cba5ac1aa33634d663eccbbb277738657d998f0664727a56c99c922dbc8583,71d6ecf41388929ce16b6bdc71dda3c8519feac3aa4fb04538d7bf7b1d42fbc2,2158,True,True,0.0
c476884003bc345e8558f30cf17c033cddd9a012e2747f4f23186822febb2362,methodology_supplement/results/predictions/full/tcn/seed_43/standard__n404__independent_rms__snr5.npz,tcn,43,I__snr_5__noise_404,standard__n404__independent_rms__snr5,methodology_supplement/results/logs/full/inference_tcn_0.json,84cba5ac1aa33634d663eccbbb277738657d998f0664727a56c99c922dbc8583,71d6ecf41388929ce16b6bdc71dda3c8519feac3aa4fb04538d7bf7b1d42fbc2,2158,True,True,1.1102230246251565e-16
aae1c3cb2cc4bc89f6c0512ce03d6d53b4a4010efc4eb24afd68a9c31bb2ad05,methodology_supplement/results/predictions/full/tcn/seed_43/standard__n505__independent_rms__snr5.npz,tcn,43,I__snr_5__noise_505,standard__n505__independent_rms__snr5,methodology_supplement/results/logs/full/inference_tcn_0.json,84cba5ac1aa33634d663eccbbb277738657d998f0664727a56c99c922dbc8583,71d6ecf41388929ce16b6bdc71dda3c8519feac3aa4fb04538d7bf7b1d42fbc2,2158,True,True,0.0
f2186236c42f713b894ed036cc59b09becf4984d63a00295f4e10a010acabf63,methodology_supplement/results/predictions/full/tcn/seed_43/standard__n8128__independent_rms__snr5.npz,tcn,43,I__snr_5__noise_8128,standard__n8128__independent_rms__snr5,methodology_supplement/results/logs/full/inference_tcn_0.json,84cba5ac1aa33634d663eccbbb277738657d998f0664727a56c99c922dbc8583,71d6ecf41388929ce16b6bdc71dda3c8519feac3aa4fb04538d7bf7b1d42fbc2,2158,True,True,1.1102230246251565e-16
21121f24362de9df73c4d6215542d72e9eff63ff0ba1c0e82b648bdde91058f7,signed_control_mechanism/predictions/full/worker_tcn_0/seed_43/S_00__snr_0__noise_101.npz,tcn,43,S_00__snr_0__noise_101,S_00__snr_0__noise_101,signed_control_mechanism/logs/full/inference_tcn_0.json,061dd5402805603bbfb9354eba460b06605d72c060b8cb073d01a8185d2da105,abf399d3e32dab7d6f1f035847ff1d5676bf0915004a2f30f4d46dc024f402cc,2158,True,True,0.0
a508491839c1fd86e5e9d3c09959eb9f0e8e9559933d9a6088a58f9a163640f8,signed_control_mechanism/predictions/full/worker_tcn_0/seed_43/S_00__snr_0__noise_202.npz,tcn,43,S_00__snr_0__noise_202,S_00__snr_0__noise_202,signed_control_mechanism/logs/full/inference_tcn_0.json,061dd5402805603bbfb9354eba460b06605d72c060b8cb073d01a8185d2da105,abf399d3e32dab7d6f1f035847ff1d5676bf0915004a2f30f4d46dc024f402cc,2158,True,True,0.0
e32ffcaec2994d78495a7ebebf4c30cf984598cdf7d7cd521dc63f9ff4c81539,signed_control_mechanism/predictions/full/worker_tcn_0/seed_43/S_00__snr_0__noise_303.npz,tcn,43,S_00__snr_0__noise_303,S_00__snr_0__noise_303,signed_control_mechanism/logs/full/inference_tcn_0.json,061dd5402805603bbfb9354eba460b06605d72c060b8cb073d01a8185d2da105,abf399d3e32dab7d6f1f035847ff1d5676bf0915004a2f30f4d46dc024f402cc,2158,True,True,1.1102230246251565e-16
df9a7d81d19b3cea1e34456a429459223766ce50d0147794cb23b6f791a7be39,signed_control_mechanism/predictions/full/worker_tcn_0/seed_43/S_00__snr_0__noise_404.npz,tcn,43,S_00__snr_0__noise_404,S_00__snr_0__noise_404,signed_control_mechanism/logs/full/inference_tcn_0.json,061dd5402805603bbfb9354eba460b06605d72c060b8cb073d01a8185d2da105,abf399d3e32dab7d6f1f035847ff1d5676bf0915004a2f30f4d46dc024f402cc,2158,True,True,0.0
2534c6865ac94da99b024293180400c43a201ea80bcfb30155dc101a1986be73,signed_control_mechanism/predictions/full/worker_tcn_0/seed_43/S_00__snr_0__noise_505.npz,tcn,43,S_00__snr_0__noise_505,S_00__snr_0__noise_505,signed_control_mechanism/logs/full/inference_tcn_0.json,061dd5402805603bbfb9354eba460b06605d72c060b8cb073d01a8185d2da105,abf399d3e32dab7d6f1f035847ff1d5676bf0915004a2f30f4d46dc024f402cc,2158,True,True,0.0
ef5f0360b7003dbca70c6a82f0ea94a6433baeb71cfd91994323861e53ab424f,signed_control_mechanism/predictions/full/worker_tcn_0/seed_43/S_00__snr_0__noise_8128.npz,tcn,43,S_00__snr_0__noise_8128,S_00__snr_0__noise_8128,signed_control_mechanism/logs/full/inference_tcn_0.json,061dd5402805603bbfb9354eba460b06605d72c060b8cb073d01a8185d2da105,abf399d3e32dab7d6f1f035847ff1d5676bf0915004a2f30f4d46dc024f402cc,2158,True,True,0.0
b53bd99d34be3aee05824c5672c5c0b2c2c567ac14a80afdb8831da5934b13fb,signed_control_mechanism/predictions/full/worker_tcn_0/seed_43/S_00__snr_10__noise_101.npz,tcn,43,S_00__snr_10__noise_101,S_00__snr_10__noise_101,signed_control_mechanism/logs/full/inference_tcn_0.json,061dd5402805603bbfb9354eba460b06605d72c060b8cb073d01a8185d2da105,abf399d3e32dab7d6f1f035847ff1d5676bf0915004a2f30f4d46dc024f402cc,2158,True,True,1.1102230246251565e-16
b945ceaf43a9a6b28a1205090efd3868913c9b4b8e9d79509686e2d290c99591,signed_control_mechanism/predictions/full/worker_tcn_0/seed_43/S_00__snr_10__noise_202.npz,tcn,43,S_00__snr_10__noise_202,S_00__snr_10__noise_202,signed_control_mechanism/logs/full/inference_tcn_0.json,061dd5402805603bbfb9354eba460b06605d72c060b8cb073d01a8185d2da105,abf399d3e32dab7d6f1f035847ff1d5676bf0915004a2f30f4d46dc024f402cc,2158,True,True,1.1102230246251565e-16
3a1529a727f80a8c09a96c3cba817f4304c81afa810c1619b72e3767e49c01ab,signed_control_mechanism/predictions/full/worker_tcn_0/seed_43/S_00__snr_10__noise_303.npz,tcn,43,S_00__snr_10__noise_303,S_00__snr_10__noise_303,signed_control_mechanism/logs/full/inference_tcn_0.json,061dd5402805603bbfb9354eba460b06605d72c060b8cb073d01a8185d2da105,abf399d3e32dab7d6f1f035847ff1d5676bf0915004a2f30f4d46dc024f402cc,2158,True,True,1.1102230246251565e-16
57095ab6618f87401b0d674f6fa92d97f8fe6058b1b9d533cac0ee4e5d6d6f30,signed_control_mechanism/predictions/full/worker_tcn_0/seed_43/S_00__snr_10__noise_404.npz,tcn,43,S_00__snr_10__noise_404,S_00__snr_10__noise_404,signed_control_mechanism/logs/full/inference_tcn_0.json,061dd5402805603bbfb9354eba460b06605d72c060b8cb073d01a8185d2da105,abf399d3e32dab7d6f1f035847ff1d5676bf0915004a2f30f4d46dc024f402cc,2158,True,True,2.220446049250313e-16
832d99f999f244754d943b8ecc9dc9e8800f3f5faed56463e460499cd47d72c3,signed_control_mechanism/predictions/full/worker_tcn_0/seed_43/S_00__snr_10__noise_505.npz,tcn,43,S_00__snr_10__noise_505,S_00__snr_10__noise_505,signed_control_mechanism/logs/full/inference_tcn_0.json,061dd5402805603bbfb9354eba460b06605d72c060b8cb073d01a8185d2da105,abf399d3e32dab7d6f1f035847ff1d5676bf0915004a2f30f4d46dc024f402cc,2158,True,True,0.0
be2a5ca81a5822682ea12f15c41599fc91b3f5c5acca833c5ca9e4e57e8af553,signed_control_mechanism/predictions/full/worker_tcn_0/seed_43/S_00__snr_10__noise_8128.npz,tcn,43,S_00__snr_10__noise_8128,S_00__snr_10__noise_8128,signed_control_mechanism/logs/full/inference_tcn_0.json,061dd5402805603bbfb9354eba460b06605d72c060b8cb073d01a8185d2da105,abf399d3e32dab7d6f1f035847ff1d5676bf0915004a2f30f4d46dc024f402cc,2158,True,True,1.1102230246251565e-16
9cba4197f3be1f93367e5b5c34f408fd5bbd1914fdbd745902b4b9565289a65c,signed_control_mechanism/predictions/full/worker_tcn_0/seed_43/S_00__snr_5__noise_101.npz,tcn,43,S_00__snr_5__noise_101,S_00__snr_5__noise_101,signed_control_mechanism/logs/full/inference_tcn_0.json,061dd5402805603bbfb9354eba460b06605d72c060b8cb073d01a8185d2da105,abf399d3e32dab7d6f1f035847ff1d5676bf0915004a2f30f4d46dc024f402cc,2158,True,True,1.1102230246251565e-16
68a2845a5fb54d79c127f9921788bf82cdb35dbe17b2227f9269c214f52fbab7,signed_control_mechanism/predictions/full/worker_tcn_0/seed_43/S_00__snr_5__noise_202.npz,tcn,43,S_00__snr_5__noise_202,S_00__snr_5__noise_202,signed_control_mechanism/logs/full/inference_tcn_0.json,061dd5402805603bbfb9354eba460b06605d72c060b8cb073d01a8185d2da105,abf399d3e32dab7d6f1f035847ff1d5676bf0915004a2f30f4d46dc024f402cc,2158,True,True,1.1102230246251565e-16
af51c353197a219ec0daede80bd985105ece07e1a7765f05882ee596966eaa38,signed_control_mechanism/predictions/full/worker_tcn_0/seed_43/S_00__snr_5__noise_303.npz,tcn,43,S_00__snr_5__noise_303,S_00__snr_5__noise_303,signed_control_mechanism/logs/full/inference_tcn_0.json,061dd5402805603bbfb9354eba460b06605d72c060b8cb073d01a8185d2da105,abf399d3e32dab7d6f1f035847ff1d5676bf0915004a2f30f4d46dc024f402cc,2158,True,True,1.1102230246251565e-16
78e4cbefc1f3663199291efc0a0e6b1fc253d375194022f3033bc5f292214a82,signed_control_mechanism/predictions/full/worker_tcn_0/seed_43/S_00__snr_5__noise_404.npz,tcn,43,S_00__snr_5__noise_404,S_00__snr_5__noise_404,signed_control_mechanism/logs/full/inference_tcn_0.json,061dd5402805603bbfb9354eba460b06605d72c060b8cb073d01a8185d2da105,abf399d3e32dab7d6f1f035847ff1d5676bf0915004a2f30f4d46dc024f402cc,2158,True,True,2.220446049250313e-16
df9e45587847eddb0bb9c8baf0382809c4f3f8a47d211d666bbdc2ad831249e4,signed_control_mechanism/predictions/full/worker_tcn_0/seed_43/S_00__snr_5__noise_505.npz,tcn,43,S_00__snr_5__noise_505,S_00__snr_5__noise_505,signed_control_mechanism/logs/full/inference_tcn_0.json,061dd5402805603bbfb9354eba460b06605d72c060b8cb073d01a8185d2da105,abf399d3e32dab7d6f1f035847ff1d5676bf0915004a2f30f4d46dc024f402cc,2158,True,True,3.3306690738754696e-16
3ac588a15b639c891c62b98aa391891fb62bd606963e5174f7415ad8070221ca,signed_control_mechanism/predictions/full/worker_tcn_0/seed_43/S_00__snr_5__noise_8128.npz,tcn,43,S_00__snr_5__noise_8128,S_00__snr_5__noise_8128,signed_control_mechanism/logs/full/inference_tcn_0.json,061dd5402805603bbfb9354eba460b06605d72c060b8cb073d01a8185d2da105,abf399d3e32dab7d6f1f035847ff1d5676bf0915004a2f30f4d46dc024f402cc,2158,True,True,0.0
6517ee9c0a8245b9489de8dfc2f3a23a9d9da51cf7e2a5813c654091a1f13751,signed_control_mechanism/predictions/full/worker_tcn_0/seed_43/S_01__snr_0__noise_101.npz,tcn,43,S_01__snr_0__noise_101,S_01__snr_0__noise_101,signed_control_mechanism/logs/full/inference_tcn_0.json,061dd5402805603bbfb9354eba460b06605d72c060b8cb073d01a8185d2da105,abf399d3e32dab7d6f1f035847ff1d5676bf0915004a2f30f4d46dc024f402cc,2158,True,True,2.220446049250313e-16
602f759ab325753fa7a2707c37e2428a8bf24bcadc1c47b36308df5c3ff8f1ea,signed_control_mechanism/predictions/full/worker_tcn_0/seed_43/S_01__snr_0__noise_202.npz,tcn,43,S_01__snr_0__noise_202,S_01__snr_0__noise_202,signed_control_mechanism/logs/full/inference_tcn_0.json,061dd5402805603bbfb9354eba460b06605d72c060b8cb073d01a8185d2da105,abf399d3e32dab7d6f1f035847ff1d5676bf0915004a2f30f4d46dc024f402cc,2158,True,True,0.0
6e2fdd5ecbcd8701bcc3173d69f1f580a09a316dae1542bdd62d66aa75fde52f,signed_control_mechanism/predictions/full/worker_tcn_0/seed_43/S_01__snr_0__noise_303.npz,tcn,43,S_01__snr_0__noise_303,S_01__snr_0__noise_303,signed_control_mechanism/logs/full/inference_tcn_0.json,061dd5402805603bbfb9354eba460b06605d72c060b8cb073d01a8185d2da105,abf399d3e32dab7d6f1f035847ff1d5676bf0915004a2f30f4d46dc024f402cc,2158,True,True,2.220446049250313e-16
5d6cfa274127594d2aacf77bc033ba785ccc956e7624e934e89bae2efbc42c1f,signed_control_mechanism/predictions/full/worker_tcn_0/seed_43/S_01__snr_0__noise_404.npz,tcn,43,S_01__snr_0__noise_404,S_01__snr_0__noise_404,signed_control_mechanism/logs/full/inference_tcn_0.json,061dd5402805603bbfb9354eba460b06605d72c060b8cb073d01a8185d2da105,abf399d3e32dab7d6f1f035847ff1d5676bf0915004a2f30f4d46dc024f402cc,2158,True,True,0.0
08ef3b2029ff1716577ba2bf630a6deb4ddb0875cb7172c89a975b80624ee1e7,signed_control_mechanism/predictions/full/worker_tcn_0/seed_43/S_01__snr_0__noise_505.npz,tcn,43,S_01__snr_0__noise_505,S_01__snr_0__noise_505,signed_control_mechanism/logs/full/inference_tcn_0.json,061dd5402805603bbfb9354eba460b06605d72c060b8cb073d01a8185d2da105,abf399d3e32dab7d6f1f035847ff1d5676bf0915004a2f30f4d46dc024f402cc,2158,True,True,0.0
e56d41c65e7ca9ed7f557a4f6acf58fcc2946bdabc559dff9d47454b5b62c73f,signed_control_mechanism/predictions/full/worker_tcn_0/seed_43/S_01__snr_0__noise_8128.npz,tcn,43,S_01__snr_0__noise_8128,S_01__snr_0__noise_8128,signed_control_mechanism/logs/full/inference_tcn_0.json,061dd5402805603bbfb9354eba460b06605d72c060b8cb073d01a8185d2da105,abf399d3e32dab7d6f1f035847ff1d5676bf0915004a2f30f4d46dc024f402cc,2158,True,True,1.1102230246251565e-16
77241510fcc4ae7e3fbf75c3e28214f236a27ce38275a4e9edfa0aaeb28d49ff,signed_control_mechanism/predictions/full/worker_tcn_0/seed_43/S_01__snr_10__noise_101.npz,tcn,43,S_01__snr_10__noise_101,S_01__snr_10__noise_101,signed_control_mechanism/logs/full/inference_tcn_0.json,061dd5402805603bbfb9354eba460b06605d72c060b8cb073d01a8185d2da105,abf399d3e32dab7d6f1f035847ff1d5676bf0915004a2f30f4d46dc024f402cc,2158,True,True,1.1102230246251565e-16
d63df270437a0d1c879c6926b0285820d0658b96f50492bbecc24eaaa495a5c6,signed_control_mechanism/predictions/full/worker_tcn_0/seed_43/S_01__snr_10__noise_202.npz,tcn,43,S_01__snr_10__noise_202,S_01__snr_10__noise_202,signed_control_mechanism/logs/full/inference_tcn_0.json,061dd5402805603bbfb9354eba460b06605d72c060b8cb073d01a8185d2da105,abf399d3e32dab7d6f1f035847ff1d5676bf0915004a2f30f4d46dc024f402cc,2158,True,True,0.0
42b68689085ad40bebd97290aa45e634c2c261d4bdb8e7f6a6782a854d1d819e,signed_control_mechanism/predictions/full/worker_tcn_0/seed_43/S_01__snr_10__noise_303.npz,tcn,43,S_01__snr_10__noise_303,S_01__snr_10__noise_303,signed_control_mechanism/logs/full/inference_tcn_0.json,061dd5402805603bbfb9354eba460b06605d72c060b8cb073d01a8185d2da105,abf399d3e32dab7d6f1f035847ff1d5676bf0915004a2f30f4d46dc024f402cc,2158,True,True,2.220446049250313e-16
147b4192fc59f74dfc3e041077707587f002625e89af2a03c174f6713d0292c5,signed_control_mechanism/predictions/full/worker_tcn_0/seed_43/S_01__snr_10__noise_404.npz,tcn,43,S_01__snr_10__noise_404,S_01__snr_10__noise_404,signed_control_mechanism/logs/full/inference_tcn_0.json,061dd5402805603bbfb9354eba460b06605d72c060b8cb073d01a8185d2da105,abf399d3e32dab7d6f1f035847ff1d5676bf0915004a2f30f4d46dc024f402cc,2158,True,True,0.0
c85a7c6f4a97b971e39a6074acc18d42033667f56fd20e6220fa07ebe243cfb8,signed_control_mechanism/predictions/full/worker_tcn_0/seed_43/S_01__snr_10__noise_505.npz,tcn,43,S_01__snr_10__noise_505,S_01__snr_10__noise_505,signed_control_mechanism/logs/full/inference_tcn_0.json,061dd5402805603bbfb9354eba460b06605d72c060b8cb073d01a8185d2da105,abf399d3e32dab7d6f1f035847ff1d5676bf0915004a2f30f4d46dc024f402cc,2158,True,True,1.1102230246251565e-16
64030d6c9f0f18cfc141d1c8b055e9e503f6893fffd0bcfd7e5ed239bbe9550a,signed_control_mechanism/predictions/full/worker_tcn_0/seed_43/S_01__snr_10__noise_8128.npz,tcn,43,S_01__snr_10__noise_8128,S_01__snr_10__noise_8128,signed_control_mechanism/logs/full/inference_tcn_0.json,061dd5402805603bbfb9354eba460b06605d72c060b8cb073d01a8185d2da105,abf399d3e32dab7d6f1f035847ff1d5676bf0915004a2f30f4d46dc024f402cc,2158,True,True,2.220446049250313e-16
b76bcb44736251002797d39fca9bc687eb6c484685a3ab0b3789ee2bdbddbc7d,signed_control_mechanism/predictions/full/worker_tcn_0/seed_43/S_01__snr_5__noise_101.npz,tcn,43,S_01__snr_5__noise_101,S_01__snr_5__noise_101,signed_control_mechanism/logs/full/inference_tcn_0.json,061dd5402805603bbfb9354eba460b06605d72c060b8cb073d01a8185d2da105,abf399d3e32dab7d6f1f035847ff1d5676bf0915004a2f30f4d46dc024f402cc,2158,True,True,1.1102230246251565e-16
d206d7702f7c1e54dbeaf6ef75e680855294fd8c6d9b822b1fe7c5ff445b8844,signed_control_mechanism/predictions/full/worker_tcn_0/seed_43/S_01__snr_5__noise_202.npz,tcn,43,S_01__snr_5__noise_202,S_01__snr_5__noise_202,signed_control_mechanism/logs/full/inference_tcn_0.json,061dd5402805603bbfb9354eba460b06605d72c060b8cb073d01a8185d2da105,abf399d3e32dab7d6f1f035847ff1d5676bf0915004a2f30f4d46dc024f402cc,2158,True,True,1.1102230246251565e-16
0b07b25ce8baffd4070bce717b1be23a71a464acfe885014b8f6dae9c875650a,signed_control_mechanism/predictions/full/worker_tcn_0/seed_43/S_01__snr_5__noise_303.npz,tcn,43,S_01__snr_5__noise_303,S_01__snr_5__noise_303,signed_control_mechanism/logs/full/inference_tcn_0.json,061dd5402805603bbfb9354eba460b06605d72c060b8cb073d01a8185d2da105,abf399d3e32dab7d6f1f035847ff1d5676bf0915004a2f30f4d46dc024f402cc,2158,True,True,1.1102230246251565e-16
c5cfc0f01d8fa9b85f851639f854ca3e34624ea8946d7099edc636d4bf365ef4,signed_control_mechanism/predictions/full/worker_tcn_0/seed_43/S_01__snr_5__noise_404.npz,tcn,43,S_01__snr_5__noise_404,S_01__snr_5__noise_404,signed_control_mechanism/logs/full/inference_tcn_0.json,061dd5402805603bbfb9354eba460b06605d72c060b8cb073d01a8185d2da105,abf399d3e32dab7d6f1f035847ff1d5676bf0915004a2f30f4d46dc024f402cc,2158,True,True,0.0
2e974d3d2a4040b66f2da3dffa2cf6a10f515ea8f234916a5726bb5d44f15d9a,signed_control_mechanism/predictions/full/worker_tcn_0/seed_43/S_01__snr_5__noise_505.npz,tcn,43,S_01__snr_5__noise_505,S_01__snr_5__noise_505,signed_control_mechanism/logs/full/inference_tcn_0.json,061dd5402805603bbfb9354eba460b06605d72c060b8cb073d01a8185d2da105,abf399d3e32dab7d6f1f035847ff1d5676bf0915004a2f30f4d46dc024f402cc,2158,True,True,1.1102230246251565e-16
69008266ed898cf4a3a80c976d061ffeb0e57ee0cd0a1a16038aaaad9a1127ba,signed_control_mechanism/predictions/full/worker_tcn_0/seed_43/S_01__snr_5__noise_8128.npz,tcn,43,S_01__snr_5__noise_8128,S_01__snr_5__noise_8128,signed_control_mechanism/logs/full/inference_tcn_0.json,061dd5402805603bbfb9354eba460b06605d72c060b8cb073d01a8185d2da105,abf399d3e32dab7d6f1f035847ff1d5676bf0915004a2f30f4d46dc024f402cc,2158,True,True,0.0
f2f0e491cc0ef4fe338a582b2f8699c07b3710db1264352e47cffd3c392fd746,signed_control_mechanism/predictions/full/worker_tcn_0/seed_43/S_02__snr_0__noise_101.npz,tcn,43,S_02__snr_0__noise_101,S_02__snr_0__noise_101,signed_control_mechanism/logs/full/inference_tcn_0.json,061dd5402805603bbfb9354eba460b06605d72c060b8cb073d01a8185d2da105,abf399d3e32dab7d6f1f035847ff1d5676bf0915004a2f30f4d46dc024f402cc,2158,True,True,0.0
b2f07e4329e2d5d5e06c58f59ae67161c5599638ccfa3f30d681bd9c8b8970be,signed_control_mechanism/predictions/full/worker_tcn_0/seed_43/S_02__snr_0__noise_202.npz,tcn,43,S_02__snr_0__noise_202,S_02__snr_0__noise_202,signed_control_mechanism/logs/full/inference_tcn_0.json,061dd5402805603bbfb9354eba460b06605d72c060b8cb073d01a8185d2da105,abf399d3e32dab7d6f1f035847ff1d5676bf0915004a2f30f4d46dc024f402cc,2158,True,True,2.220446049250313e-16
32480491cacdcf85e2b95b5d0b4e664429dcd2c02fc63eafff1b9a4b0c2d4ee9,signed_control_mechanism/predictions/full/worker_tcn_0/seed_43/S_02__snr_0__noise_303.npz,tcn,43,S_02__snr_0__noise_303,S_02__snr_0__noise_303,signed_control_mechanism/logs/full/inference_tcn_0.json,061dd5402805603bbfb9354eba460b06605d72c060b8cb073d01a8185d2da105,abf399d3e32dab7d6f1f035847ff1d5676bf0915004a2f30f4d46dc024f402cc,2158,True,True,0.0
803ec59691c8b28fcbd6c0c8235238fe44fef80c86c45b4b8e1e365cb467181c,signed_control_mechanism/predictions/full/worker_tcn_0/seed_43/S_02__snr_0__noise_404.npz,tcn,43,S_02__snr_0__noise_404,S_02__snr_0__noise_404,signed_control_mechanism/logs/full/inference_tcn_0.json,061dd5402805603bbfb9354eba460b06605d72c060b8cb073d01a8185d2da105,abf399d3e32dab7d6f1f035847ff1d5676bf0915004a2f30f4d46dc024f402cc,2158,True,True,0.0
f75e6e0033684014dae55532090f38b980b3a3a199ad7c32e643f22f7cc583d2,signed_control_mechanism/predictions/full/worker_tcn_0/seed_43/S_02__snr_0__noise_505.npz,tcn,43,S_02__snr_0__noise_505,S_02__snr_0__noise_505,signed_control_mechanism/logs/full/inference_tcn_0.json,061dd5402805603bbfb9354eba460b06605d72c060b8cb073d01a8185d2da105,abf399d3e32dab7d6f1f035847ff1d5676bf0915004a2f30f4d46dc024f402cc,2158,True,True,0.0
23418413ecad1537ece15392e639aeba544c589c06d145f8b50ec4e571e19b7d,signed_control_mechanism/predictions/full/worker_tcn_0/seed_43/S_02__snr_0__noise_8128.npz,tcn,43,S_02__snr_0__noise_8128,S_02__snr_0__noise_8128,signed_control_mechanism/logs/full/inference_tcn_0.json,061dd5402805603bbfb9354eba460b06605d72c060b8cb073d01a8185d2da105,abf399d3e32dab7d6f1f035847ff1d5676bf0915004a2f30f4d46dc024f402cc,2158,True,True,2.220446049250313e-16
d419275badd04ac2f7d59540fb4bc6b688c920ad9b32f41f38bb415338486b1e,signed_control_mechanism/predictions/full/worker_tcn_0/seed_43/S_02__snr_10__noise_101.npz,tcn,43,S_02__snr_10__noise_101,S_02__snr_10__noise_101,signed_control_mechanism/logs/full/inference_tcn_0.json,061dd5402805603bbfb9354eba460b06605d72c060b8cb073d01a8185d2da105,abf399d3e32dab7d6f1f035847ff1d5676bf0915004a2f30f4d46dc024f402cc,2158,True,True,0.0
09761dcc08b2d203a94eaca74808500d3facadf7c52d962dca0c0f0631e34afa,signed_control_mechanism/predictions/full/worker_tcn_0/seed_43/S_02__snr_10__noise_202.npz,tcn,43,S_02__snr_10__noise_202,S_02__snr_10__noise_202,signed_control_mechanism/logs/full/inference_tcn_0.json,061dd5402805603bbfb9354eba460b06605d72c060b8cb073d01a8185d2da105,abf399d3e32dab7d6f1f035847ff1d5676bf0915004a2f30f4d46dc024f402cc,2158,True,True,1.1102230246251565e-16
e5b4e3c59870827eb6e91863b2a3475f1cee15322b2fdf013654f6f11bce4903,signed_control_mechanism/predictions/full/worker_tcn_0/seed_43/S_02__snr_10__noise_303.npz,tcn,43,S_02__snr_10__noise_303,S_02__snr_10__noise_303,signed_control_mechanism/logs/full/inference_tcn_0.json,061dd5402805603bbfb9354eba460b06605d72c060b8cb073d01a8185d2da105,abf399d3e32dab7d6f1f035847ff1d5676bf0915004a2f30f4d46dc024f402cc,2158,True,True,3.3306690738754696e-16
545a45873dcaac215863aacf6558fd72fa7fbaedc5331f32b12e0252c809fb0c,signed_control_mechanism/predictions/full/worker_tcn_0/seed_43/S_02__snr_10__noise_404.npz,tcn,43,S_02__snr_10__noise_404,S_02__snr_10__noise_404,signed_control_mechanism/logs/full/inference_tcn_0.json,061dd5402805603bbfb9354eba460b06605d72c060b8cb073d01a8185d2da105,abf399d3e32dab7d6f1f035847ff1d5676bf0915004a2f30f4d46dc024f402cc,2158,True,True,0.0
39f2a7d0f730f8f084e8f8a3ca9e6629b6f087ea2dd2f834a90bbd2730d997c8,signed_control_mechanism/predictions/full/worker_tcn_0/seed_43/S_02__snr_10__noise_505.npz,tcn,43,S_02__snr_10__noise_505,S_02__snr_10__noise_505,signed_control_mechanism/logs/full/inference_tcn_0.json,061dd5402805603bbfb9354eba460b06605d72c060b8cb073d01a8185d2da105,abf399d3e32dab7d6f1f035847ff1d5676bf0915004a2f30f4d46dc024f402cc,2158,True,True,0.0
cda69fb588971c8b899934d02c7d0da69c30b5711105f6787564070c6304bec9,signed_control_mechanism/predictions/full/worker_tcn_0/seed_43/S_02__snr_10__noise_8128.npz,tcn,43,S_02__snr_10__noise_8128,S_02__snr_10__noise_8128,signed_control_mechanism/logs/full/inference_tcn_0.json,061dd5402805603bbfb9354eba460b06605d72c060b8cb073d01a8185d2da105,abf399d3e32dab7d6f1f035847ff1d5676bf0915004a2f30f4d46dc024f402cc,2158,True,True,2.220446049250313e-16
3dc53913b5caf36c8d41e0c66627177c9e70322ea4f56ed6627fcaf1238af5dd,signed_control_mechanism/predictions/full/worker_tcn_0/seed_43/S_02__snr_5__noise_101.npz,tcn,43,S_02__snr_5__noise_101,S_02__snr_5__noise_101,signed_control_mechanism/logs/full/inference_tcn_0.json,061dd5402805603bbfb9354eba460b06605d72c060b8cb073d01a8185d2da105,abf399d3e32dab7d6f1f035847ff1d5676bf0915004a2f30f4d46dc024f402cc,2158,True,True,0.0
270f08685b48f56ae07fd59e3b7d5b03ea0b613cf24609a01e4aa693ca7c7c59,signed_control_mechanism/predictions/full/worker_tcn_0/seed_43/S_02__snr_5__noise_202.npz,tcn,43,S_02__snr_5__noise_202,S_02__snr_5__noise_202,signed_control_mechanism/logs/full/inference_tcn_0.json,061dd5402805603bbfb9354eba460b06605d72c060b8cb073d01a8185d2da105,abf399d3e32dab7d6f1f035847ff1d5676bf0915004a2f30f4d46dc024f402cc,2158,True,True,1.1102230246251565e-16
5e46ddd306c5b352e11516bc33d8bfb5983b6477517352eabcc9f047ce468cca,signed_control_mechanism/predictions/full/worker_tcn_0/seed_43/S_02__snr_5__noise_303.npz,tcn,43,S_02__snr_5__noise_303,S_02__snr_5__noise_303,signed_control_mechanism/logs/full/inference_tcn_0.json,061dd5402805603bbfb9354eba460b06605d72c060b8cb073d01a8185d2da105,abf399d3e32dab7d6f1f035847ff1d5676bf0915004a2f30f4d46dc024f402cc,2158,True,True,2.220446049250313e-16
0816cd65ac11edf40872551c7956142a2b522a222c25a90e0c60b677dd0ca79d,signed_control_mechanism/predictions/full/worker_tcn_0/seed_43/S_02__snr_5__noise_404.npz,tcn,43,S_02__snr_5__noise_404,S_02__snr_5__noise_404,signed_control_mechanism/logs/full/inference_tcn_0.json,061dd5402805603bbfb9354eba460b06605d72c060b8cb073d01a8185d2da105,abf399d3e32dab7d6f1f035847ff1d5676bf0915004a2f30f4d46dc024f402cc,2158,True,True,1.1102230246251565e-16
65c8aed11020c4ea5b2467994e4660b95cd2cffc3b326ab21129f5db783c80b3,signed_control_mechanism/predictions/full/worker_tcn_0/seed_43/S_02__snr_5__noise_505.npz,tcn,43,S_02__snr_5__noise_505,S_02__snr_5__noise_505,signed_control_mechanism/logs/full/inference_tcn_0.json,061dd5402805603bbfb9354eba460b06605d72c060b8cb073d01a8185d2da105,abf399d3e32dab7d6f1f035847ff1d5676bf0915004a2f30f4d46dc024f402cc,2158,True,True,0.0
5101ac0e27162dede1f52860a8d9c2a9493d74f3894276f26d3a4c609c59e4e0,signed_control_mechanism/predictions/full/worker_tcn_0/seed_43/S_02__snr_5__noise_8128.npz,tcn,43,S_02__snr_5__noise_8128,S_02__snr_5__noise_8128,signed_control_mechanism/logs/full/inference_tcn_0.json,061dd5402805603bbfb9354eba460b06605d72c060b8cb073d01a8185d2da105,abf399d3e32dab7d6f1f035847ff1d5676bf0915004a2f30f4d46dc024f402cc,2158,True,True,1.1102230246251565e-16
7f3a73caabcd039a584ac1867f6922cd017fcb8764dc6752447a75c1762b0cfd,signed_control_mechanism/predictions/full/worker_tcn_0/seed_43/S_03__snr_0__noise_101.npz,tcn,43,S_03__snr_0__noise_101,S_03__snr_0__noise_101,signed_control_mechanism/logs/full/inference_tcn_0.json,061dd5402805603bbfb9354eba460b06605d72c060b8cb073d01a8185d2da105,abf399d3e32dab7d6f1f035847ff1d5676bf0915004a2f30f4d46dc024f402cc,2158,True,True,1.1102230246251565e-16
a202bb86f442ecca196887c02a2edee68bd5830796370c9d8d2555f02cd27213,signed_control_mechanism/predictions/full/worker_tcn_0/seed_43/S_03__snr_0__noise_202.npz,tcn,43,S_03__snr_0__noise_202,S_03__snr_0__noise_202,signed_control_mechanism/logs/full/inference_tcn_0.json,061dd5402805603bbfb9354eba460b06605d72c060b8cb073d01a8185d2da105,abf399d3e32dab7d6f1f035847ff1d5676bf0915004a2f30f4d46dc024f402cc,2158,True,True,1.1102230246251565e-16
7fba4392f91a9afd07d48bfd90427911a81bd5d7095bd47ae72b9d2070a62ef7,signed_control_mechanism/predictions/full/worker_tcn_0/seed_43/S_03__snr_0__noise_303.npz,tcn,43,S_03__snr_0__noise_303,S_03__snr_0__noise_303,signed_control_mechanism/logs/full/inference_tcn_0.json,061dd5402805603bbfb9354eba460b06605d72c060b8cb073d01a8185d2da105,abf399d3e32dab7d6f1f035847ff1d5676bf0915004a2f30f4d46dc024f402cc,2158,True,True,1.1102230246251565e-16
3277f20279a0f0050e83ffd1f809b8cdc529b6ac8d985593457b0939f1ca984f,signed_control_mechanism/predictions/full/worker_tcn_0/seed_43/S_03__snr_0__noise_404.npz,tcn,43,S_03__snr_0__noise_404,S_03__snr_0__noise_404,signed_control_mechanism/logs/full/inference_tcn_0.json,061dd5402805603bbfb9354eba460b06605d72c060b8cb073d01a8185d2da105,abf399d3e32dab7d6f1f035847ff1d5676bf0915004a2f30f4d46dc024f402cc,2158,True,True,2.220446049250313e-16
510ce3ba98e578fada3b82116c7f3c48e2bae7b304aa49c8214fecea5b9cd46e,signed_control_mechanism/predictions/full/worker_tcn_0/seed_43/S_03__snr_0__noise_505.npz,tcn,43,S_03__snr_0__noise_505,S_03__snr_0__noise_505,signed_control_mechanism/logs/full/inference_tcn_0.json,061dd5402805603bbfb9354eba460b06605d72c060b8cb073d01a8185d2da105,abf399d3e32dab7d6f1f035847ff1d5676bf0915004a2f30f4d46dc024f402cc,2158,True,True,1.1102230246251565e-16
49019abce56be231fbaf6b109873cf6937117fb835a09ed46ae819d040b6be06,signed_control_mechanism/predictions/full/worker_tcn_0/seed_43/S_03__snr_0__noise_8128.npz,tcn,43,S_03__snr_0__noise_8128,S_03__snr_0__noise_8128,signed_control_mechanism/logs/full/inference_tcn_0.json,061dd5402805603bbfb9354eba460b06605d72c060b8cb073d01a8185d2da105,abf399d3e32dab7d6f1f035847ff1d5676bf0915004a2f30f4d46dc024f402cc,2158,True,True,1.1102230246251565e-16
d108cf24924ca9340efc12b1524d4fb20503c5573a2c11309e8d85175a7f0c04,signed_control_mechanism/predictions/full/worker_tcn_0/seed_43/S_03__snr_10__noise_101.npz,tcn,43,S_03__snr_10__noise_101,S_03__snr_10__noise_101,signed_control_mechanism/logs/full/inference_tcn_0.json,061dd5402805603bbfb9354eba460b06605d72c060b8cb073d01a8185d2da105,abf399d3e32dab7d6f1f035847ff1d5676bf0915004a2f30f4d46dc024f402cc,2158,True,True,0.0
a304047e9acbc509a5d6e316fb3a9adc1f035cf423ca1eab51522bec74a30f2d,signed_control_mechanism/predictions/full/worker_tcn_0/seed_43/S_03__snr_10__noise_202.npz,tcn,43,S_03__snr_10__noise_202,S_03__snr_10__noise_202,signed_control_mechanism/logs/full/inference_tcn_0.json,061dd5402805603bbfb9354eba460b06605d72c060b8cb073d01a8185d2da105,abf399d3e32dab7d6f1f035847ff1d5676bf0915004a2f30f4d46dc024f402cc,2158,True,True,0.0
b469d8f66cdf4d99ed2eac66cf5264e404079941635647b4f5db8be61909f935,signed_control_mechanism/predictions/full/worker_tcn_0/seed_43/S_03__snr_10__noise_303.npz,tcn,43,S_03__snr_10__noise_303,S_03__snr_10__noise_303,signed_control_mechanism/logs/full/inference_tcn_0.json,061dd5402805603bbfb9354eba460b06605d72c060b8cb073d01a8185d2da105,abf399d3e32dab7d6f1f035847ff1d5676bf0915004a2f30f4d46dc024f402cc,2158,True,True,0.0
2af8e3ccbc5319954ac67f5b6c2869fd8da8fb7ab136de01ba370f0b3e29e38b,signed_control_mechanism/predictions/full/worker_tcn_0/seed_43/S_03__snr_10__noise_404.npz,tcn,43,S_03__snr_10__noise_404,S_03__snr_10__noise_404,signed_control_mechanism/logs/full/inference_tcn_0.json,061dd5402805603bbfb9354eba460b06605d72c060b8cb073d01a8185d2da105,abf399d3e32dab7d6f1f035847ff1d5676bf0915004a2f30f4d46dc024f402cc,2158,True,True,0.0
42ee8ff1c2c62744a929169fbb9dec7dac56a3b152368eb1f81713883803e7f5,signed_control_mechanism/predictions/full/worker_tcn_0/seed_43/S_03__snr_10__noise_505.npz,tcn,43,S_03__snr_10__noise_505,S_03__snr_10__noise_505,signed_control_mechanism/logs/full/inference_tcn_0.json,061dd5402805603bbfb9354eba460b06605d72c060b8cb073d01a8185d2da105,abf399d3e32dab7d6f1f035847ff1d5676bf0915004a2f30f4d46dc024f402cc,2158,True,True,1.1102230246251565e-16
acf8520f185171149615bcafcf15c4da516d1203fece18fb79ce2ea46875e0ec,signed_control_mechanism/predictions/full/worker_tcn_0/seed_43/S_03__snr_10__noise_8128.npz,tcn,43,S_03__snr_10__noise_8128,S_03__snr_10__noise_8128,signed_control_mechanism/logs/full/inference_tcn_0.json,061dd5402805603bbfb9354eba460b06605d72c060b8cb073d01a8185d2da105,abf399d3e32dab7d6f1f035847ff1d5676bf0915004a2f30f4d46dc024f402cc,2158,True,True,0.0
674f061072b549d0c25ee78fd684d6997c9fc4915a0488c0849d78740f4f9274,signed_control_mechanism/predictions/full/worker_tcn_0/seed_43/S_03__snr_5__noise_101.npz,tcn,43,S_03__snr_5__noise_101,S_03__snr_5__noise_101,signed_control_mechanism/logs/full/inference_tcn_0.json,061dd5402805603bbfb9354eba460b06605d72c060b8cb073d01a8185d2da105,abf399d3e32dab7d6f1f035847ff1d5676bf0915004a2f30f4d46dc024f402cc,2158,True,True,0.0
a6aa0937f87daea25f81cbc3df4fcd5b7307b26726a9d97f4e977188c7075eaf,signed_control_mechanism/predictions/full/worker_tcn_0/seed_43/S_03__snr_5__noise_202.npz,tcn,43,S_03__snr_5__noise_202,S_03__snr_5__noise_202,signed_control_mechanism/logs/full/inference_tcn_0.json,061dd5402805603bbfb9354eba460b06605d72c060b8cb073d01a8185d2da105,abf399d3e32dab7d6f1f035847ff1d5676bf0915004a2f30f4d46dc024f402cc,2158,True,True,1.1102230246251565e-16
936ffdabe8ced7fbf9382cf57ef143c6b7845e299a41c0b6a5e50caf816864db,signed_control_mechanism/predictions/full/worker_tcn_0/seed_43/S_03__snr_5__noise_303.npz,tcn,43,S_03__snr_5__noise_303,S_03__snr_5__noise_303,signed_control_mechanism/logs/full/inference_tcn_0.json,061dd5402805603bbfb9354eba460b06605d72c060b8cb073d01a8185d2da105,abf399d3e32dab7d6f1f035847ff1d5676bf0915004a2f30f4d46dc024f402cc,2158,True,True,1.1102230246251565e-16
0fef67ef1b1fb6ab5c9473ace2047f8b11e41ec88576a14c0d152f8876dda148,signed_control_mechanism/predictions/full/worker_tcn_0/seed_43/S_03__snr_5__noise_404.npz,tcn,43,S_03__snr_5__noise_404,S_03__snr_5__noise_404,signed_control_mechanism/logs/full/inference_tcn_0.json,061dd5402805603bbfb9354eba460b06605d72c060b8cb073d01a8185d2da105,abf399d3e32dab7d6f1f035847ff1d5676bf0915004a2f30f4d46dc024f402cc,2158,True,True,2.220446049250313e-16
3e40afb199e34815a4c46829d71a706c738e430aca1f64cc16b67b93808bbf2b,signed_control_mechanism/predictions/full/worker_tcn_0/seed_43/S_03__snr_5__noise_505.npz,tcn,43,S_03__snr_5__noise_505,S_03__snr_5__noise_505,signed_control_mechanism/logs/full/inference_tcn_0.json,061dd5402805603bbfb9354eba460b06605d72c060b8cb073d01a8185d2da105,abf399d3e32dab7d6f1f035847ff1d5676bf0915004a2f30f4d46dc024f402cc,2158,True,True,1.1102230246251565e-16
6e662a4ede60f40c10d579e715a996dc558429ef8cc76f6b3cfe6672270c9d42,signed_control_mechanism/predictions/full/worker_tcn_0/seed_43/S_03__snr_5__noise_8128.npz,tcn,43,S_03__snr_5__noise_8128,S_03__snr_5__noise_8128,signed_control_mechanism/logs/full/inference_tcn_0.json,061dd5402805603bbfb9354eba460b06605d72c060b8cb073d01a8185d2da105,abf399d3e32dab7d6f1f035847ff1d5676bf0915004a2f30f4d46dc024f402cc,2158,True,True,1.1102230246251565e-16
377a4cf406e0bf5642b7c6c20b6801d4ef830bb21332b4f56fbee88802897ac2,signed_control_mechanism/predictions/full/worker_tcn_0/seed_43/S_04__snr_0__noise_101.npz,tcn,43,S_04__snr_0__noise_101,S_04__snr_0__noise_101,signed_control_mechanism/logs/full/inference_tcn_0.json,061dd5402805603bbfb9354eba460b06605d72c060b8cb073d01a8185d2da105,abf399d3e32dab7d6f1f035847ff1d5676bf0915004a2f30f4d46dc024f402cc,2158,True,True,1.1102230246251565e-16
1c66e928d60c34216460348b8fa680dbff589a518ca7a017324de814d3cef085,signed_control_mechanism/predictions/full/worker_tcn_0/seed_43/S_04__snr_0__noise_202.npz,tcn,43,S_04__snr_0__noise_202,S_04__snr_0__noise_202,signed_control_mechanism/logs/full/inference_tcn_0.json,061dd5402805603bbfb9354eba460b06605d72c060b8cb073d01a8185d2da105,abf399d3e32dab7d6f1f035847ff1d5676bf0915004a2f30f4d46dc024f402cc,2158,True,True,0.0
212aa057aeeab36b1ed0783646c428f53df44585f815ab4c71d4e0815d1ef527,signed_control_mechanism/predictions/full/worker_tcn_0/seed_43/S_04__snr_0__noise_303.npz,tcn,43,S_04__snr_0__noise_303,S_04__snr_0__noise_303,signed_control_mechanism/logs/full/inference_tcn_0.json,061dd5402805603bbfb9354eba460b06605d72c060b8cb073d01a8185d2da105,abf399d3e32dab7d6f1f035847ff1d5676bf0915004a2f30f4d46dc024f402cc,2158,True,True,1.1102230246251565e-16
0341301c751eca20c18cf6053cb25536b9b80eaa4bb8deed042438653b3bf44d,signed_control_mechanism/predictions/full/worker_tcn_0/seed_43/S_04__snr_0__noise_404.npz,tcn,43,S_04__snr_0__noise_404,S_04__snr_0__noise_404,signed_control_mechanism/logs/full/inference_tcn_0.json,061dd5402805603bbfb9354eba460b06605d72c060b8cb073d01a8185d2da105,abf399d3e32dab7d6f1f035847ff1d5676bf0915004a2f30f4d46dc024f402cc,2158,True,True,1.1102230246251565e-16
76814073fc852678cb8b4b7abb6f3648e0aff93743b4163c03fb35bc8fd5231e,signed_control_mechanism/predictions/full/worker_tcn_0/seed_43/S_04__snr_0__noise_505.npz,tcn,43,S_04__snr_0__noise_505,S_04__snr_0__noise_505,signed_control_mechanism/logs/full/inference_tcn_0.json,061dd5402805603bbfb9354eba460b06605d72c060b8cb073d01a8185d2da105,abf399d3e32dab7d6f1f035847ff1d5676bf0915004a2f30f4d46dc024f402cc,2158,True,True,0.0
e6ec74994cdc36a451d1c908b5b095e218562e254f334dc87f4202bcfb53d446,signed_control_mechanism/predictions/full/worker_tcn_0/seed_43/S_04__snr_0__noise_8128.npz,tcn,43,S_04__snr_0__noise_8128,S_04__snr_0__noise_8128,signed_control_mechanism/logs/full/inference_tcn_0.json,061dd5402805603bbfb9354eba460b06605d72c060b8cb073d01a8185d2da105,abf399d3e32dab7d6f1f035847ff1d5676bf0915004a2f30f4d46dc024f402cc,2158,True,True,0.0
897f7fe05be4e3cda7b04d143a645f3dda3324e6cb2726fb8c9f3c3fbbc55ccf,signed_control_mechanism/predictions/full/worker_tcn_0/seed_43/S_04__snr_10__noise_101.npz,tcn,43,S_04__snr_10__noise_101,S_04__snr_10__noise_101,signed_control_mechanism/logs/full/inference_tcn_0.json,061dd5402805603bbfb9354eba460b06605d72c060b8cb073d01a8185d2da105,abf399d3e32dab7d6f1f035847ff1d5676bf0915004a2f30f4d46dc024f402cc,2158,True,True,1.1102230246251565e-16
62a9e9de8f4cc1227b8631f77af1a7c87835fa1f24354996d2a0f0dd20859cf2,signed_control_mechanism/predictions/full/worker_tcn_0/seed_43/S_04__snr_10__noise_202.npz,tcn,43,S_04__snr_10__noise_202,S_04__snr_10__noise_202,signed_control_mechanism/logs/full/inference_tcn_0.json,061dd5402805603bbfb9354eba460b06605d72c060b8cb073d01a8185d2da105,abf399d3e32dab7d6f1f035847ff1d5676bf0915004a2f30f4d46dc024f402cc,2158,True,True,0.0
5c050e090ccd0accf171cfffab1a6cd7292b52b800308fc37125be63ee0e490f,signed_control_mechanism/predictions/full/worker_tcn_0/seed_43/S_04__snr_10__noise_303.npz,tcn,43,S_04__snr_10__noise_303,S_04__snr_10__noise_303,signed_control_mechanism/logs/full/inference_tcn_0.json,061dd5402805603bbfb9354eba460b06605d72c060b8cb073d01a8185d2da105,abf399d3e32dab7d6f1f035847ff1d5676bf0915004a2f30f4d46dc024f402cc,2158,True,True,1.1102230246251565e-16
f3eb7c1380ea41381d57bf2d52c93153c86108f5592c2f5989736e8fe473d0ea,signed_control_mechanism/predictions/full/worker_tcn_0/seed_43/S_04__snr_10__noise_404.npz,tcn,43,S_04__snr_10__noise_404,S_04__snr_10__noise_404,signed_control_mechanism/logs/full/inference_tcn_0.json,061dd5402805603bbfb9354eba460b06605d72c060b8cb073d01a8185d2da105,abf399d3e32dab7d6f1f035847ff1d5676bf0915004a2f30f4d46dc024f402cc,2158,True,True,2.220446049250313e-16
db90969285fe56a777b2dd3e186de96e39e176e18e6c29d104e97a847eea5e29,signed_control_mechanism/predictions/full/worker_tcn_0/seed_43/S_04__snr_10__noise_505.npz,tcn,43,S_04__snr_10__noise_505,S_04__snr_10__noise_505,signed_control_mechanism/logs/full/inference_tcn_0.json,061dd5402805603bbfb9354eba460b06605d72c060b8cb073d01a8185d2da105,abf399d3e32dab7d6f1f035847ff1d5676bf0915004a2f30f4d46dc024f402cc,2158,True,True,0.0
55c38fe34c2622278c70af6de32208397bfccb47241e2905433f3d72270f479d,signed_control_mechanism/predictions/full/worker_tcn_0/seed_43/S_04__snr_10__noise_8128.npz,tcn,43,S_04__snr_10__noise_8128,S_04__snr_10__noise_8128,signed_control_mechanism/logs/full/inference_tcn_0.json,061dd5402805603bbfb9354eba460b06605d72c060b8cb073d01a8185d2da105,abf399d3e32dab7d6f1f035847ff1d5676bf0915004a2f30f4d46dc024f402cc,2158,True,True,0.0
46d87268f6f1046f57f795536cda033bce725eca474b8e423c5c59f936504a7a,signed_control_mechanism/predictions/full/worker_tcn_0/seed_43/S_04__snr_5__noise_101.npz,tcn,43,S_04__snr_5__noise_101,S_04__snr_5__noise_101,signed_control_mechanism/logs/full/inference_tcn_0.json,061dd5402805603bbfb9354eba460b06605d72c060b8cb073d01a8185d2da105,abf399d3e32dab7d6f1f035847ff1d5676bf0915004a2f30f4d46dc024f402cc,2158,True,True,1.1102230246251565e-16
b8a18c09bf3e34716428a84b5913490927edec77854a5ab5b24ba7c207e5bf67,signed_control_mechanism/predictions/full/worker_tcn_0/seed_43/S_04__snr_5__noise_202.npz,tcn,43,S_04__snr_5__noise_202,S_04__snr_5__noise_202,signed_control_mechanism/logs/full/inference_tcn_0.json,061dd5402805603bbfb9354eba460b06605d72c060b8cb073d01a8185d2da105,abf399d3e32dab7d6f1f035847ff1d5676bf0915004a2f30f4d46dc024f402cc,2158,True,True,0.0
020b5b4a5487908aae19eae863a7718de7b06e800ddbe3c9f3bc530d265515f3,signed_control_mechanism/predictions/full/worker_tcn_0/seed_43/S_04__snr_5__noise_303.npz,tcn,43,S_04__snr_5__noise_303,S_04__snr_5__noise_303,signed_control_mechanism/logs/full/inference_tcn_0.json,061dd5402805603bbfb9354eba460b06605d72c060b8cb073d01a8185d2da105,abf399d3e32dab7d6f1f035847ff1d5676bf0915004a2f30f4d46dc024f402cc,2158,True,True,1.1102230246251565e-16
0c52e757a9db9a57a87439618f2bc40b81e066173de72775ca0d0ecdb864cf89,signed_control_mechanism/predictions/full/worker_tcn_0/seed_43/S_04__snr_5__noise_404.npz,tcn,43,S_04__snr_5__noise_404,S_04__snr_5__noise_404,signed_control_mechanism/logs/full/inference_tcn_0.json,061dd5402805603bbfb9354eba460b06605d72c060b8cb073d01a8185d2da105,abf399d3e32dab7d6f1f035847ff1d5676bf0915004a2f30f4d46dc024f402cc,2158,True,True,0.0
b17d9c113db1ad61fe3822d704dfbd67b780e7292ea4b7e854d0844851e48d78,signed_control_mechanism/predictions/full/worker_tcn_0/seed_43/S_04__snr_5__noise_505.npz,tcn,43,S_04__snr_5__noise_505,S_04__snr_5__noise_505,signed_control_mechanism/logs/full/inference_tcn_0.json,061dd5402805603bbfb9354eba460b06605d72c060b8cb073d01a8185d2da105,abf399d3e32dab7d6f1f035847ff1d5676bf0915004a2f30f4d46dc024f402cc,2158,True,True,0.0
1a7c27bfd152fc18d01df2aa7b9641b36d410feb0c6bd8fef55feaf98d3849e9,signed_control_mechanism/predictions/full/worker_tcn_0/seed_43/S_04__snr_5__noise_8128.npz,tcn,43,S_04__snr_5__noise_8128,S_04__snr_5__noise_8128,signed_control_mechanism/logs/full/inference_tcn_0.json,061dd5402805603bbfb9354eba460b06605d72c060b8cb073d01a8185d2da105,abf399d3e32dab7d6f1f035847ff1d5676bf0915004a2f30f4d46dc024f402cc,2158,True,True,0.0
85be4a1e5f09ff8517f69d2770a380ed0af8c891acc3451546762f2b616c4715,methodology_supplement/results/predictions/full/tcn/seed_43/clean.npz,tcn,43,clean,clean,methodology_supplement/results/logs/full/inference_tcn_0.json,84cba5ac1aa33634d663eccbbb277738657d998f0664727a56c99c922dbc8583,71d6ecf41388929ce16b6bdc71dda3c8519feac3aa4fb04538d7bf7b1d42fbc2,0,True,True,1.1102230246251565e-16
