kind,condition,lead_i,lead_j,covariance
bandpass,independent,I,I,0.00502848317704657
bandpass,independent,I,II,-1.9153716572943483e-05
bandpass,independent,I,III,-2.822687869114338e-05
bandpass,independent,I,aVR,-2.5947839992932278e-05
bandpass,independent,I,aVL,9.254152082196847e-06
bandpass,independent,I,aVF,-5.180302378054928e-05
bandpass,independent,I,V1,-4.016702774141456e-05
bandpass,independent,I,V2,2.8983846516945808e-05
bandpass,independent,I,V3,1.4611529505358332e-05
bandpass,independent,I,V4,7.313462834671607e-05
bandpass,independent,I,V5,3.96752936147547e-05
bandpass,independent,I,V6,2.0779464152170568e-05
bandpass,independent,II,I,-1.9153716572943483e-05
bandpass,independent,II,II,0.005051265171799759
bandpass,independent,II,III,6.0067421920679905e-05
bandpass,independent,II,aVR,-4.074661966162751e-05
bandpass,independent,II,aVL,-4.473861202942368e-06
bandpass,independent,II,aVF,-5.906124235878603e-05
bandpass,independent,II,V1,2.290124972512724e-05
bandpass,independent,II,V2,-3.352432417183464e-05
bandpass,independent,II,V3,-4.426056091238187e-05
bandpass,independent,II,V4,2.3917326676906712e-05
bandpass,independent,II,V5,-3.060022672364937e-05
bandpass,independent,II,V6,-1.4961898350918052e-05
bandpass,independent,III,I,-2.822687869114338e-05
bandpass,independent,III,II,6.0067421920679905e-05
bandpass,independent,III,III,0.005057451898210113
bandpass,independent,III,aVR,-8.58435239749615e-06
bandpass,independent,III,aVL,-1.868665549454193e-05
bandpass,independent,III,aVF,-2.7285689576451517e-05
bandpass,independent,III,V1,1.9639161093042822e-05
bandpass,independent,III,V2,-7.099895773582014e-06
bandpass,independent,III,V3,-1.85702505216182e-05
bandpass,independent,III,V4,1.293690681622956e-05
bandpass,independent,III,V5,-3.4113915248943505e-05
bandpass,independent,III,V6,1.242845428158667e-06
bandpass,independent,aVR,I,-2.5947839992932278e-05
bandpass,independent,aVR,II,-4.074661966162751e-05
bandpass,independent,aVR,III,-8.58435239749615e-06
bandpass,independent,aVR,aVR,0.005016746013471124
bandpass,independent,aVR,aVL,2.352358229831915e-05
bandpass,independent,aVR,aVF,1.9000635591686884e-05
bandpass,independent,aVR,V1,-1.3400022992895305e-05
bandpass,independent,aVR,V2,-1.1930023951906818e-05
bandpass,independent,aVR,V3,-3.931947583923433e-05
bandpass,independent,aVR,V4,4.453705794652438e-05
bandpass,independent,aVR,V5,-6.037812024717444e-05
bandpass,independent,aVR,V6,-9.00359033292921e-05
bandpass,independent,aVL,I,9.254152082196847e-06
bandpass,independent,aVL,II,-4.473861202942368e-06
bandpass,independent,aVL,III,-1.868665549454193e-05
bandpass,independent,aVL,aVR,2.352358229831915e-05
bandpass,independent,aVL,aVL,0.005034591302362095
bandpass,independent,aVL,aVF,-2.311918164981718e-05
bandpass,independent,aVL,V1,3.819556301003484e-05
bandpass,independent,aVL,V2,-2.811361522437162e-05
bandpass,independent,aVL,V3,3.916725303042472e-05
bandpass,independent,aVL,V4,5.4406606427166945e-06
bandpass,independent,aVL,V5,1.735320553069021e-05
bandpass,independent,aVL,V6,2.0150987570282633e-05
bandpass,independent,aVF,I,-5.180302378054928e-05
bandpass,independent,aVF,II,-5.906124235878603e-05
bandpass,independent,aVF,III,-2.7285689576451517e-05
bandpass,independent,aVF,aVR,1.9000635591686884e-05
bandpass,independent,aVF,aVL,-2.311918164981718e-05
bandpass,independent,aVF,aVF,0.005049857203061528
bandpass,independent,aVF,V1,4.1146627731664414e-05
bandpass,independent,aVF,V2,1.694333383001532e-06
bandpass,independent,aVF,V3,-2.8334456567186198e-05
bandpass,independent,aVF,V4,3.220984889587574e-05
bandpass,independent,aVF,V5,-5.346707958351174e-05
bandpass,independent,aVF,V6,-9.3290734147718e-06
bandpass,independent,V1,I,-4.016702774141456e-05
bandpass,independent,V1,II,2.290124972512724e-05
bandpass,independent,V1,III,1.9639161093042822e-05
bandpass,independent,V1,aVR,-1.3400022992895305e-05
bandpass,independent,V1,aVL,3.819556301003484e-05
bandpass,independent,V1,aVF,4.1146627731664414e-05
bandpass,independent,V1,V1,0.005008694304516489
bandpass,independent,V1,V2,1.6705431031120193e-05
bandpass,independent,V1,V3,5.149475659232083e-05
bandpass,independent,V1,V4,4.11010490651027e-06
bandpass,independent,V1,V5,-1.3338353974109583e-05
bandpass,independent,V1,V6,3.740577874964898e-05
bandpass,independent,V2,I,2.8983846516945808e-05
bandpass,independent,V2,II,-3.352432417183464e-05
bandpass,independent,V2,III,-7.099895773582014e-06
bandpass,independent,V2,aVR,-1.1930023951906818e-05
bandpass,independent,V2,aVL,-2.811361522437162e-05
bandpass,independent,V2,aVF,1.694333383001532e-06
bandpass,independent,V2,V1,1.6705431031120193e-05
bandpass,independent,V2,V2,0.005050812614598995
bandpass,independent,V2,V3,1.583552444620432e-05
bandpass,independent,V2,V4,9.737809100860243e-06
bandpass,independent,V2,V5,3.8347659194558874e-05
bandpass,independent,V2,V6,-3.585700461126655e-05
bandpass,independent,V3,I,1.4611529505358332e-05
bandpass,independent,V3,II,-4.426056091238187e-05
bandpass,independent,V3,III,-1.85702505216182e-05
bandpass,independent,V3,aVR,-3.931947583923433e-05
bandpass,independent,V3,aVL,3.916725303042472e-05
bandpass,independent,V3,aVF,-2.8334456567186198e-05
bandpass,independent,V3,V1,5.149475659232083e-05
bandpass,independent,V3,V2,1.583552444620432e-05
bandpass,independent,V3,V3,0.005082505903648
bandpass,independent,V3,V4,-3.465424803481091e-05
bandpass,independent,V3,V5,4.901275744750695e-06
bandpass,independent,V3,V6,1.2400341346764336e-05
bandpass,independent,V4,I,7.313462834671607e-05
bandpass,independent,V4,II,2.3917326676906712e-05
bandpass,independent,V4,III,1.293690681622956e-05
bandpass,independent,V4,aVR,4.453705794652438e-05
bandpass,independent,V4,aVL,5.4406606427166945e-06
bandpass,independent,V4,aVF,3.220984889587574e-05
bandpass,independent,V4,V1,4.11010490651027e-06
bandpass,independent,V4,V2,9.737809100860243e-06
bandpass,independent,V4,V3,-3.465424803481091e-05
bandpass,independent,V4,V4,0.005000191181438198
bandpass,independent,V4,V5,1.9990599427328534e-05
bandpass,independent,V4,V6,-2.976055549248389e-05
bandpass,independent,V5,I,3.96752936147547e-05
bandpass,independent,V5,II,-3.060022672364937e-05
bandpass,independent,V5,III,-3.4113915248943505e-05
bandpass,independent,V5,aVR,-6.037812024717444e-05
bandpass,independent,V5,aVL,1.735320553069021e-05
bandpass,independent,V5,aVF,-5.346707958351174e-05
bandpass,independent,V5,V1,-1.3338353974109583e-05
bandpass,independent,V5,V2,3.8347659194558874e-05
bandpass,independent,V5,V3,4.901275744750695e-06
bandpass,independent,V5,V4,1.9990599427328534e-05
bandpass,independent,V5,V5,0.004981024220583106
bandpass,independent,V5,V6,-4.3523923873651914e-05
bandpass,independent,V6,I,2.0779464152170568e-05
bandpass,independent,V6,II,-1.4961898350918052e-05
bandpass,independent,V6,III,1.242845428158667e-06
bandpass,independent,V6,aVR,-9.00359033292921e-05
bandpass,independent,V6,aVL,2.0150987570282633e-05
bandpass,independent,V6,aVF,-9.3290734147718e-06
bandpass,independent,V6,V1,3.740577874964898e-05
bandpass,independent,V6,V2,-3.585700461126655e-05
bandpass,independent,V6,V3,1.2400341346764336e-05
bandpass,independent,V6,V4,-2.976055549248389e-05
bandpass,independent,V6,V5,-4.3523923873651914e-05
bandpass,independent,V6,V6,0.0050722809882213825
bandpass,independent_rms,I,I,0.0065478647912643245
bandpass,independent_rms,I,II,-2.5563788754070246e-05
bandpass,independent_rms,I,III,-3.8064649907080775e-05
bandpass,independent_rms,I,aVR,-2.8775959551982347e-05
bandpass,independent_rms,I,aVL,8.55434809892692e-06
bandpass,independent_rms,I,aVF,-5.879301917445211e-05
bandpass,independent_rms,I,V1,-4.378860718283261e-05
bandpass,independent_rms,I,V2,3.162144456329845e-05
bandpass,independent_rms,I,V3,1.3499414368773219e-05
bandpass,independent_rms,I,V4,7.860729864180863e-05
bandpass,independent_rms,I,V5,4.30242876729759e-05
bandpass,independent_rms,I,V6,2.1809556828211613e-05
bandpass,independent_rms,II,I,-2.5563788754070246e-05
bandpass,independent_rms,II,II,0.006505591114804347
bandpass,independent_rms,II,III,7.666569316487873e-05
bandpass,independent_rms,II,aVR,-4.3725101163738464e-05
bandpass,independent_rms,II,aVL,-3.629109654074973e-06
bandpass,independent_rms,II,aVF,-6.583201996283396e-05
bandpass,independent_rms,II,V1,2.471903244730867e-05
bandpass,independent_rms,II,V2,-3.445195548725514e-05
bandpass,independent_rms,II,V3,-4.799711252515951e-05
bandpass,independent_rms,II,V4,2.8764172032486578e-05
bandpass,independent_rms,II,V5,-3.467198320271047e-05
bandpass,independent_rms,II,V6,-1.4666797832198891e-05
bandpass,independent_rms,III,I,-3.8064649907080775e-05
bandpass,independent_rms,III,II,7.666569316487873e-05
bandpass,independent_rms,III,III,0.0065379062118916175
bandpass,independent_rms,III,aVR,-1.0370635235597187e-05
bandpass,independent_rms,III,aVL,-2.0575045317389834e-05
bandpass,independent_rms,III,aVF,-3.094092213902321e-05
bandpass,independent_rms,III,V1,2.13655715301003e-05
bandpass,independent_rms,III,V2,-7.125022796138519e-06
bandpass,independent_rms,III,V3,-1.8238868421224028e-05
bandpass,independent_rms,III,V4,1.535635119908317e-05
bandpass,independent_rms,III,V5,-3.849547575967865e-05
bandpass,independent_rms,III,V6,2.1136468154549817e-06
bandpass,independent_rms,aVR,I,-2.8775959551982347e-05
bandpass,independent_rms,aVR,II,-4.3725101163738464e-05
bandpass,independent_rms,aVR,III,-1.0370635235597187e-05
bandpass,independent_rms,aVR,aVR,0.004892251400061432
bandpass,independent_rms,aVR,aVL,2.255198839976083e-05
bandpass,independent_rms,aVR,aVF,1.8899757551582323e-05
bandpass,independent_rms,aVR,V1,-1.3538572947017082e-05
bandpass,independent_rms,aVR,V2,-1.149129860840208e-05
bandpass,independent_rms,aVR,V3,-3.5038669088916005e-05
bandpass,independent_rms,aVR,V4,4.316704680864394e-05
bandpass,independent_rms,aVR,V5,-5.7343409427068674e-05
bandpass,independent_rms,aVR,V6,-7.893659977016375e-05
bandpass,independent_rms,aVL,I,8.55434809892692e-06
bandpass,independent_rms,aVL,II,-3.629109654074973e-06
bandpass,independent_rms,aVL,III,-2.0575045317389834e-05
bandpass,independent_rms,aVL,aVR,2.255198839976083e-05
bandpass,independent_rms,aVL,aVL,0.004916487722876886
bandpass,independent_rms,aVL,aVF,-2.2316178676695646e-05
bandpass,independent_rms,aVL,V1,3.491258028850292e-05
bandpass,independent_rms,aVL,V2,-2.567967768629026e-05
bandpass,independent_rms,aVL,V3,3.669874484797167e-05
bandpass,independent_rms,aVL,V4,5.0402333552612855e-06
bandpass,independent_rms,aVL,V5,1.6689434629043722e-05
bandpass,independent_rms,aVL,V6,1.90144694507673e-05
bandpass,independent_rms,aVF,I,-5.879301917445211e-05
bandpass,independent_rms,aVF,II,-6.583201996283396e-05
bandpass,independent_rms,aVF,III,-3.094092213902321e-05
bandpass,independent_rms,aVF,aVR,1.8899757551582323e-05
bandpass,independent_rms,aVF,aVL,-2.2316178676695646e-05
bandpass,independent_rms,aVF,aVF,0.004884782465531901
bandpass,independent_rms,aVF,V1,3.692154382249813e-05
bandpass,independent_rms,aVF,V2,2.256119119240086e-06
bandpass,independent_rms,aVF,V3,-2.574771706408294e-05
bandpass,independent_rms,aVF,V4,2.881103871844578e-05
bandpass,independent_rms,aVF,V5,-4.826080078140662e-05
bandpass,independent_rms,aVF,V6,-7.79118093435469e-06
bandpass,independent_rms,V1,I,-4.378860718283261e-05
bandpass,independent_rms,V1,II,2.471903244730867e-05
bandpass,independent_rms,V1,III,2.13655715301003e-05
bandpass,independent_rms,V1,aVR,-1.3538572947017082e-05
bandpass,independent_rms,V1,aVL,3.491258028850292e-05
bandpass,independent_rms,V1,aVF,3.692154382249813e-05
bandpass,independent_rms,V1,V1,0.004395780122867547
bandpass,independent_rms,V1,V2,1.681345968074406e-05
bandpass,independent_rms,V1,V3,4.18863560078202e-05
bandpass,independent_rms,V1,V4,4.113623131338468e-06
bandpass,independent_rms,V1,V5,-1.1589026358382637e-05
bandpass,independent_rms,V1,V6,3.446995092892203e-05
bandpass,independent_rms,V2,I,3.162144456329845e-05
bandpass,independent_rms,V2,II,-3.445195548725514e-05
bandpass,independent_rms,V2,III,-7.125022796138519e-06
bandpass,independent_rms,V2,aVR,-1.149129860840208e-05
bandpass,independent_rms,V2,aVL,-2.567967768629026e-05
bandpass,independent_rms,V2,aVF,2.256119119240086e-06
bandpass,independent_rms,V2,V1,1.681345968074406e-05
bandpass,independent_rms,V2,V2,0.004333307648907481
bandpass,independent_rms,V2,V3,1.524199107095081e-05
bandpass,independent_rms,V2,V4,8.202746432303134e-06
bandpass,independent_rms,V2,V5,3.2798582347500287e-05
bandpass,independent_rms,V2,V6,-2.880321435932488e-05
bandpass,independent_rms,V3,I,1.3499414368773219e-05
bandpass,independent_rms,V3,II,-4.799711252515951e-05
bandpass,independent_rms,V3,III,-1.8238868421224028e-05
bandpass,independent_rms,V3,aVR,-3.5038669088916005e-05
bandpass,independent_rms,V3,aVL,3.669874484797167e-05
bandpass,independent_rms,V3,aVF,-2.574771706408294e-05
bandpass,independent_rms,V3,V1,4.18863560078202e-05
bandpass,independent_rms,V3,V2,1.524199107095081e-05
bandpass,independent_rms,V3,V3,0.0043262954823563605
bandpass,independent_rms,V3,V4,-3.073301548683555e-05
bandpass,independent_rms,V3,V5,4.200353784058793e-06
bandpass,independent_rms,V3,V6,1.0654882475694963e-05
bandpass,independent_rms,V4,I,7.860729864180863e-05
bandpass,independent_rms,V4,II,2.8764172032486578e-05
bandpass,independent_rms,V4,III,1.535635119908317e-05
bandpass,independent_rms,V4,aVR,4.316704680864394e-05
bandpass,independent_rms,V4,aVL,5.0402333552612855e-06
bandpass,independent_rms,V4,aVF,2.881103871844578e-05
bandpass,independent_rms,V4,V1,4.113623131338468e-06
bandpass,independent_rms,V4,V2,8.202746432303134e-06
bandpass,independent_rms,V4,V3,-3.073301548683555e-05
bandpass,independent_rms,V4,V4,0.004374037341066955
bandpass,independent_rms,V4,V5,1.829523637800904e-05
bandpass,independent_rms,V4,V6,-2.6936760531791997e-05
bandpass,independent_rms,V5,I,4.30242876729759e-05
bandpass,independent_rms,V5,II,-3.467198320271047e-05
bandpass,independent_rms,V5,III,-3.849547575967865e-05
bandpass,independent_rms,V5,aVR,-5.7343409427068674e-05
bandpass,independent_rms,V5,aVL,1.6689434629043722e-05
bandpass,independent_rms,V5,aVF,-4.826080078140662e-05
bandpass,independent_rms,V5,V1,-1.1589026358382637e-05
bandpass,independent_rms,V5,V2,3.2798582347500287e-05
bandpass,independent_rms,V5,V3,4.200353784058793e-06
bandpass,independent_rms,V5,V4,1.829523637800904e-05
bandpass,independent_rms,V5,V5,0.004377621630607299
bandpass,independent_rms,V5,V6,-3.556131012796131e-05
bandpass,independent_rms,V6,I,2.1809556828211613e-05
bandpass,independent_rms,V6,II,-1.4666797832198891e-05
bandpass,independent_rms,V6,III,2.1136468154549817e-06
bandpass,independent_rms,V6,aVR,-7.893659977016375e-05
bandpass,independent_rms,V6,aVL,1.90144694507673e-05
bandpass,independent_rms,V6,aVF,-7.79118093435469e-06
bandpass,independent_rms,V6,V1,3.446995092892203e-05
bandpass,independent_rms,V6,V2,-2.880321435932488e-05
bandpass,independent_rms,V6,V3,1.0654882475694963e-05
bandpass,independent_rms,V6,V4,-2.6936760531791997e-05
bandpass,independent_rms,V6,V5,-3.556131012796131e-05
bandpass,independent_rms,V6,V6,0.004341978046721219
bandpass,electrode,I,I,0.006547864791264322
bandpass,electrode,I,II,0.0032577748470885262
bandpass,electrode,I,III,-0.003290089944175799
bandpass,electrode,I,aVR,-0.0049028198191764264
bandpass,electrode,I,aVL,0.0049189773677200625
bandpass,electrode,I,aVF,-1.615754854363563e-05
bandpass,electrode,I,V1,-5.2563503669217015e-05
bandpass,electrode,I,V2,-2.4015878941073935e-05
bandpass,electrode,I,V3,-5.452193799747788e-05
bandpass,electrode,I,V4,-4.6750490642065914e-05
bandpass,electrode,I,V5,-6.589282570999633e-05
bandpass,electrode,I,V6,-5.8821913088379305e-05
bandpass,electrode,II,I,0.0032577748470885262
bandpass,electrode,II,II,0.006505591114804348
bandpass,electrode,II,III,0.0032478162677158197
bandpass,electrode,II,aVR,-0.004881682980946437
bandpass,electrode,II,aVL,4.979289686353728e-06
bandpass,electrode,II,aVF,0.004876703691260082
bandpass,electrode,II,V1,5.471651430229553e-06
bandpass,electrode,II,V2,-3.0221476218486155e-05
bandpass,electrode,II,V3,-7.718425946911066e-05
bandpass,electrode,II,V4,-1.1618359150170656e-05
bandpass,electrode,II,V5,-3.597476512634543e-05
bandpass,electrode,II,V6,1.3478833713634078e-05
bandpass,electrode,III,I,-0.003290089944175799
bandpass,electrode,III,II,0.0032478162677158197
bandpass,electrode,III,III,0.006537906211891616
bandpass,electrode,III,aVR,2.1136838229989403e-05
bandpass,electrode,III,aVL,-0.00491399807803371
bandpass,electrode,III,aVF,0.0048928612398037195
bandpass,electrode,III,V1,5.8035155099446506e-05
bandpass,electrode,III,V2,-6.2055972774122e-06
bandpass,electrode,III,V3,-2.2662321471632813e-05
bandpass,electrode,III,V4,3.513213149189527e-05
bandpass,electrode,III,V5,2.991806058365089e-05
bandpass,electrode,III,V6,7.23007468020134e-05
bandpass,electrode,aVR,I,-0.0049028198191764264
bandpass,electrode,aVR,II,-0.004881682980946437
bandpass,electrode,aVR,III,2.1136838229989403e-05
bandpass,electrode,aVR,aVR,0.004892251400061432
bandpass,electrode,aVR,aVL,-0.002461978328703208
bandpass,electrode,aVR,aVF,-0.0024302730713582237
bandpass,electrode,aVR,V1,2.3545926119493745e-05
bandpass,electrode,aVR,V2,2.711867757978006e-05
bandpass,electrode,aVR,V3,6.585309873329424e-05
bandpass,electrode,aVR,V4,2.9184424896118287e-05
bandpass,electrode,aVR,V5,5.093379541817088e-05
bandpass,electrode,aVR,V6,2.2671539687372632e-05
bandpass,electrode,aVL,I,0.0049189773677200625
bandpass,electrode,aVL,II,4.979289686353728e-06
bandpass,electrode,aVL,III,-0.00491399807803371
bandpass,electrode,aVL,aVR,-0.002461978328703208
bandpass,electrode,aVL,aVL,0.004916487722876886
bandpass,electrode,aVL,aVF,-0.002454509394173677
bandpass,electrode,aVL,V1,-5.5299329384331754e-05
bandpass,electrode,aVL,V2,-8.905140831830944e-06
bandpass,electrode,aVL,V3,-1.592980826292252e-05
bandpass,electrode,aVL,V4,-4.094131106698061e-05
bandpass,electrode,aVL,V5,-4.790544314682363e-05
bandpass,electrode,aVL,V6,-6.556132994519639e-05
bandpass,electrode,aVF,I,-1.615754854363563e-05
bandpass,electrode,aVF,II,0.004876703691260082
bandpass,electrode,aVF,III,0.0048928612398037195
bandpass,electrode,aVF,aVR,-0.0024302730713582237
bandpass,electrode,aVF,aVL,-0.002454509394173677
bandpass,electrode,aVF,aVF,0.004884782465531902
bandpass,electrode,aVF,V1,3.1753403264838005e-05
bandpass,electrode,aVF,V2,-1.8213536747949143e-05
bandpass,electrode,aVF,V3,-4.9923290470371724e-05
bandpass,electrode,aVF,V4,1.1756886170862315e-05
bandpass,electrode,aVF,V5,-3.0283522713472537e-06
bandpass,electrode,aVF,V6,4.288979025782372e-05
bandpass,electrode,V1,I,-5.2563503669217015e-05
bandpass,electrode,V1,II,5.471651430229553e-06
bandpass,electrode,V1,III,5.8035155099446506e-05
bandpass,electrode,V1,aVR,2.3545926119493745e-05
bandpass,electrode,V1,aVL,-5.5299329384331754e-05
bandpass,electrode,V1,aVF,3.1753403264838005e-05
bandpass,electrode,V1,V1,0.004395780122867547
bandpass,electrode,V1,V2,0.0010877090460443023
bandpass,electrode,V1,V3,0.0010797774425031431
bandpass,electrode,V1,V4,0.001146770349784957
bandpass,electrode,V1,V5,0.0010449367803659331
bandpass,electrode,V1,V6,0.001074942185900183
bandpass,electrode,V2,I,-2.4015878941073935e-05
bandpass,electrode,V2,II,-3.0221476218486155e-05
bandpass,electrode,V2,III,-6.2055972774122e-06
bandpass,electrode,V2,aVR,2.711867757978006e-05
bandpass,electrode,V2,aVL,-8.905140831830944e-06
bandpass,electrode,V2,aVF,-1.8213536747949143e-05
bandpass,electrode,V2,V1,0.0010877090460443023
bandpass,electrode,V2,V2,0.0043333076489074805
bandpass,electrode,V2,V3,0.0010995917211936341
bandpass,electrode,V2,V4,0.0011290039036628383
bandpass,electrode,V2,V5,0.0010506799864198968
bandpass,electrode,V2,V6,0.0010840443254670398
bandpass,electrode,V3,I,-5.452193799747788e-05
bandpass,electrode,V3,II,-7.718425946911066e-05
bandpass,electrode,V3,III,-2.2662321471632813e-05
bandpass,electrode,V3,aVR,6.585309873329424e-05
bandpass,electrode,V3,aVL,-1.592980826292252e-05
bandpass,electrode,V3,aVF,-4.9923290470371724e-05
bandpass,electrode,V3,V1,0.0010797774425031431
bandpass,electrode,V3,V2,0.0010995917211936341
bandpass,electrode,V3,V3,0.004326295482356361
bandpass,electrode,V3,V4,0.0010889692068010326
bandpass,electrode,V3,V5,0.001071958495056554
bandpass,electrode,V3,V6,0.0010604623994460796
bandpass,electrode,V4,I,-4.6750490642065914e-05
bandpass,electrode,V4,II,-1.1618359150170656e-05
bandpass,electrode,V4,III,3.513213149189527e-05
bandpass,electrode,V4,aVR,2.9184424896118287e-05
bandpass,electrode,V4,aVL,-4.094131106698061e-05
bandpass,electrode,V4,aVF,1.1756886170862315e-05
bandpass,electrode,V4,V1,0.001146770349784957
bandpass,electrode,V4,V2,0.0011290039036628383
bandpass,electrode,V4,V3,0.0010889692068010326
bandpass,electrode,V4,V4,0.004374037341066955
bandpass,electrode,V4,V5,0.0010593120970973026
bandpass,electrode,V4,V6,0.001099085694648383
bandpass,electrode,V5,I,-6.589282570999633e-05
bandpass,electrode,V5,II,-3.597476512634543e-05
bandpass,electrode,V5,III,2.991806058365089e-05
bandpass,electrode,V5,aVR,5.093379541817088e-05
bandpass,electrode,V5,aVL,-4.790544314682363e-05
bandpass,electrode,V5,aVF,-3.0283522713472537e-06
bandpass,electrode,V5,V1,0.0010449367803659331
bandpass,electrode,V5,V2,0.0010506799864198968
bandpass,electrode,V5,V3,0.001071958495056554
bandpass,electrode,V5,V4,0.0010593120970973026
bandpass,electrode,V5,V5,0.004377621630607298
bandpass,electrode,V5,V6,0.0010541956224389749
bandpass,electrode,V6,I,-5.8821913088379305e-05
bandpass,electrode,V6,II,1.3478833713634078e-05
bandpass,electrode,V6,III,7.23007468020134e-05
bandpass,electrode,V6,aVR,2.2671539687372632e-05
bandpass,electrode,V6,aVL,-6.556132994519639e-05
bandpass,electrode,V6,aVF,4.288979025782372e-05
bandpass,electrode,V6,V1,0.001074942185900183
bandpass,electrode,V6,V2,0.0010840443254670398
bandpass,electrode,V6,V3,0.0010604623994460796
bandpass,electrode,V6,V4,0.001099085694648383
bandpass,electrode,V6,V5,0.0010541956224389749
bandpass,electrode,V6,V6,0.004341978046721218
bandpass,covariance,I,I,0.006547864791264326
bandpass,covariance,I,II,0.003257774847088527
bandpass,covariance,I,III,-0.003290089944175799
bandpass,covariance,I,aVR,-0.004902819819176427
bandpass,covariance,I,aVL,0.004918977367720066
bandpass,covariance,I,aVF,-1.61575485436361e-05
bandpass,covariance,I,V1,-5.2563503669217544e-05
bandpass,covariance,I,V2,-2.401587894107401e-05
bandpass,covariance,I,V3,-5.452193799747815e-05
bandpass,covariance,I,V4,-4.675049064206608e-05
bandpass,covariance,I,V5,-6.589282570999636e-05
bandpass,covariance,I,V6,-5.882191308837931e-05
bandpass,covariance,II,I,0.003257774847088527
bandpass,covariance,II,II,0.006505591114804348
bandpass,covariance,II,III,0.003247816267715819
bandpass,covariance,II,aVR,-0.004881682980946438
bandpass,covariance,II,aVL,4.979289686354307e-06
bandpass,covariance,II,aVF,0.0048767036912600835
bandpass,covariance,II,V1,5.471651430228798e-06
bandpass,covariance,II,V2,-3.0221476218486138e-05
bandpass,covariance,II,V3,-7.718425946911081e-05
bandpass,covariance,II,V4,-1.1618359150170757e-05
bandpass,covariance,II,V5,-3.597476512634532e-05
bandpass,covariance,II,V6,1.3478833713634146e-05
bandpass,covariance,III,I,-0.003290089944175799
bandpass,covariance,III,II,0.003247816267715819
bandpass,covariance,III,III,0.0065379062118916175
bandpass,covariance,III,aVR,2.1136838229989613e-05
bandpass,covariance,III,aVL,-0.00491399807803371
bandpass,covariance,III,aVF,0.004892861239803719
bandpass,covariance,III,V1,5.8035155099446255e-05
bandpass,covariance,III,V2,-6.205597277412554e-06
bandpass,covariance,III,V3,-2.2662321471632826e-05
bandpass,covariance,III,V4,3.513213149189515e-05
bandpass,covariance,III,V5,2.9918060583650995e-05
bandpass,covariance,III,V6,7.230074680201335e-05
bandpass,covariance,aVR,I,-0.004902819819176427
bandpass,covariance,aVR,II,-0.004881682980946438
bandpass,covariance,aVR,III,2.1136838229989613e-05
bandpass,covariance,aVR,aVR,0.004892251400061432
bandpass,covariance,aVR,aVL,-0.002461978328703209
bandpass,covariance,aVR,aVF,-0.002430273071358224
bandpass,covariance,aVR,V1,2.3545926119494487e-05
bandpass,covariance,aVR,V2,2.7118677579780343e-05
bandpass,covariance,aVR,V3,6.585309873329455e-05
bandpass,covariance,aVR,V4,2.918442489611872e-05
bandpass,covariance,aVR,V5,5.0933795418170906e-05
bandpass,covariance,aVR,V6,2.26715396873727e-05
bandpass,covariance,aVL,I,0.004918977367720066
bandpass,covariance,aVL,II,4.979289686354307e-06
bandpass,covariance,aVL,III,-0.00491399807803371
bandpass,covariance,aVL,aVR,-0.002461978328703209
bandpass,covariance,aVL,aVL,0.004916487722876886
bandpass,covariance,aVL,aVF,-0.0024545093941736773
bandpass,covariance,aVL,V1,-5.529932938433181e-05
bandpass,covariance,aVL,V2,-8.90514083183106e-06
bandpass,covariance,aVL,V3,-1.5929808262922628e-05
bandpass,covariance,aVL,V4,-4.094131106698056e-05
bandpass,covariance,aVL,V5,-4.790544314682369e-05
bandpass,covariance,aVL,V6,-6.55613299451964e-05
bandpass,covariance,aVF,I,-1.61575485436361e-05
bandpass,covariance,aVF,II,0.0048767036912600835
bandpass,covariance,aVF,III,0.004892861239803719
bandpass,covariance,aVF,aVR,-0.002430273071358224
bandpass,covariance,aVF,aVL,-0.0024545093941736773
bandpass,covariance,aVF,aVF,0.004884782465531902
bandpass,covariance,aVF,V1,3.175340326483754e-05
bandpass,covariance,aVF,V2,-1.821353674794918e-05
bandpass,covariance,aVF,V3,-4.9923290470371934e-05
bandpass,covariance,aVF,V4,1.1756886170861818e-05
bandpass,covariance,aVF,V5,-3.0283522713471563e-06
bandpass,covariance,aVF,V6,4.288979025782334e-05
bandpass,covariance,V1,I,-5.2563503669217544e-05
bandpass,covariance,V1,II,5.471651430228798e-06
bandpass,covariance,V1,III,5.8035155099446255e-05
bandpass,covariance,V1,aVR,2.3545926119494487e-05
bandpass,covariance,V1,aVL,-5.529932938433181e-05
bandpass,covariance,V1,aVF,3.175340326483754e-05
bandpass,covariance,V1,V1,0.004395780122867547
bandpass,covariance,V1,V2,0.001087709046044302
bandpass,covariance,V1,V3,0.001079777442503143
bandpass,covariance,V1,V4,0.0011467703497849565
bandpass,covariance,V1,V5,0.0010449367803659333
bandpass,covariance,V1,V6,0.001074942185900183
bandpass,covariance,V2,I,-2.401587894107401e-05
bandpass,covariance,V2,II,-3.0221476218486138e-05
bandpass,covariance,V2,III,-6.205597277412554e-06
bandpass,covariance,V2,aVR,2.7118677579780343e-05
bandpass,covariance,V2,aVL,-8.90514083183106e-06
bandpass,covariance,V2,aVF,-1.821353674794918e-05
bandpass,covariance,V2,V1,0.001087709046044302
bandpass,covariance,V2,V2,0.004333307648907478
bandpass,covariance,V2,V3,0.001099591721193634
bandpass,covariance,V2,V4,0.001129003903662838
bandpass,covariance,V2,V5,0.0010506799864198968
bandpass,covariance,V2,V6,0.0010840443254670385
bandpass,covariance,V3,I,-5.452193799747815e-05
bandpass,covariance,V3,II,-7.718425946911081e-05
bandpass,covariance,V3,III,-2.2662321471632826e-05
bandpass,covariance,V3,aVR,6.585309873329455e-05
bandpass,covariance,V3,aVL,-1.5929808262922628e-05
bandpass,covariance,V3,aVF,-4.9923290470371934e-05
bandpass,covariance,V3,V1,0.001079777442503143
bandpass,covariance,V3,V2,0.001099591721193634
bandpass,covariance,V3,V3,0.004326295482356361
bandpass,covariance,V3,V4,0.0010889692068010324
bandpass,covariance,V3,V5,0.0010719584950565529
bandpass,covariance,V3,V6,0.0010604623994460794
bandpass,covariance,V4,I,-4.675049064206608e-05
bandpass,covariance,V4,II,-1.1618359150170757e-05
bandpass,covariance,V4,III,3.513213149189515e-05
bandpass,covariance,V4,aVR,2.918442489611872e-05
bandpass,covariance,V4,aVL,-4.094131106698056e-05
bandpass,covariance,V4,aVF,1.1756886170861818e-05
bandpass,covariance,V4,V1,0.0011467703497849565
bandpass,covariance,V4,V2,0.001129003903662838
bandpass,covariance,V4,V3,0.0010889692068010324
bandpass,covariance,V4,V4,0.004374037341066953
bandpass,covariance,V4,V5,0.0010593120970973024
bandpass,covariance,V4,V6,0.0010990856946483825
bandpass,covariance,V5,I,-6.589282570999636e-05
bandpass,covariance,V5,II,-3.597476512634532e-05
bandpass,covariance,V5,III,2.9918060583650995e-05
bandpass,covariance,V5,aVR,5.0933795418170906e-05
bandpass,covariance,V5,aVL,-4.790544314682369e-05
bandpass,covariance,V5,aVF,-3.0283522713471563e-06
bandpass,covariance,V5,V1,0.0010449367803659333
bandpass,covariance,V5,V2,0.0010506799864198968
bandpass,covariance,V5,V3,0.0010719584950565529
bandpass,covariance,V5,V4,0.0010593120970973024
bandpass,covariance,V5,V5,0.004377621630607299
bandpass,covariance,V5,V6,0.0010541956224389749
bandpass,covariance,V6,I,-5.882191308837931e-05
bandpass,covariance,V6,II,1.3478833713634146e-05
bandpass,covariance,V6,III,7.230074680201335e-05
bandpass,covariance,V6,aVR,2.26715396873727e-05
bandpass,covariance,V6,aVL,-6.55613299451964e-05
bandpass,covariance,V6,aVF,4.288979025782334e-05
bandpass,covariance,V6,V1,0.001074942185900183
bandpass,covariance,V6,V2,0.0010840443254670385
bandpass,covariance,V6,V3,0.0010604623994460794
bandpass,covariance,V6,V4,0.0010990856946483825
bandpass,covariance,V6,V5,0.0010541956224389749
bandpass,covariance,V6,V6,0.004341978046721219
bw,independent,I,I,0.004807740759082132
bw,independent,I,II,-1.802524610442642e-05
bw,independent,I,III,0.00033399879742833236
bw,independent,I,aVR,0.00014467114819104697
bw,independent,I,aVL,-0.0006082567263619849
bw,independent,I,aVF,0.00012801365235125858
bw,independent,I,V1,0.0007411958276787748
bw,independent,I,V2,0.00033849366699020405
bw,independent,I,V3,-0.00020301538061616973
bw,independent,I,V4,0.00043508257580575984
bw,independent,I,V5,-0.0007803307954787107
bw,independent,I,V6,0.0006199356725263411
bw,independent,II,I,-1.802524610442642e-05
bw,independent,II,II,0.006152521849472027
bw,independent,II,III,-0.0001974613588518278
bw,independent,II,aVR,0.0004373967391956549
bw,independent,II,aVL,-0.0004343205781413899
bw,independent,II,aVF,-7.996764127665256e-05
bw,independent,II,V1,0.000224010147634293
bw,independent,II,V2,-0.00016852977616829787
bw,independent,II,V3,-0.00014761965448757472
bw,independent,II,V4,0.00033053527678910527
bw,independent,II,V5,-0.00014486376199930755
bw,independent,II,V6,0.00036483444366695823
bw,independent,III,I,0.00033399879742833236
bw,independent,III,II,-0.0001974613588518278
bw,independent,III,III,0.004955151190958264
bw,independent,III,aVR,0.000494323719207713
bw,independent,III,aVL,-0.0002687284861413531
bw,independent,III,aVF,0.0008004482023377157
bw,independent,III,V1,0.0003746903451284056
bw,independent,III,V2,0.00039764852799327693
bw,independent,III,V3,-0.0009613840336539867
bw,independent,III,V4,-0.00041762665610129514
bw,independent,III,V5,-2.7745170559460936e-05
bw,independent,III,V6,9.255078328035696e-05
bw,independent,aVR,I,0.00014467114819104697
bw,independent,aVR,II,0.0004373967391956549
bw,independent,aVR,III,0.000494323719207713
bw,independent,aVR,aVR,0.003569193735922387
bw,independent,aVR,aVL,-2.9683274992157345e-05
bw,independent,aVR,aVF,0.00019828267485528614
bw,independent,aVR,V1,-0.0002889261280731324
bw,independent,aVR,V2,-0.00010558281849653477
bw,independent,aVR,V3,-0.0004911470950670974
bw,independent,aVR,V4,-0.00010685266637351042
bw,independent,aVR,V5,-0.00023620693545803263
bw,independent,aVR,V6,-0.00030942670801020294
bw,independent,aVL,I,-0.0006082567263619849
bw,independent,aVL,II,-0.0004343205781413899
bw,independent,aVL,III,-0.0002687284861413531
bw,independent,aVL,aVR,-2.9683274992157345e-05
bw,independent,aVL,aVL,0.005757878811181812
bw,independent,aVL,aVF,6.280624986501417e-05
bw,independent,aVL,V1,-0.00020425348013559618
bw,independent,aVL,V2,-1.8052708209275996e-05
bw,independent,aVL,V3,-0.0003589838851623595
bw,independent,aVL,V4,-0.00036012962795603916
bw,independent,aVL,V5,0.0006769184712901735
bw,independent,aVL,V6,-0.0002877583217270982
bw,independent,aVF,I,0.00012801365235125858
bw,independent,aVF,II,-7.996764127665256e-05
bw,independent,aVF,III,0.0008004482023377157
bw,independent,aVF,aVR,0.00019828267485528614
bw,independent,aVF,aVL,6.280624986501417e-05
bw,independent,aVF,aVF,0.00549219716865859
bw,independent,aVF,V1,0.00024103082949453693
bw,independent,aVF,V2,0.0006582075164404096
bw,independent,aVF,V3,-0.00022838256046344414
bw,independent,aVF,V4,-5.0053645724460965e-05
bw,independent,aVF,V5,-0.0002958865072615485
bw,independent,aVF,V6,0.00022970720324828843
bw,independent,V1,I,0.0007411958276787748
bw,independent,V1,II,0.000224010147634293
bw,independent,V1,III,0.0003746903451284056
bw,independent,V1,aVR,-0.0002889261280731324
bw,independent,V1,aVL,-0.00020425348013559618
bw,independent,V1,aVF,0.00024103082949453693
bw,independent,V1,V1,0.004340466730518576
bw,independent,V1,V2,9.979296089117148e-05
bw,independent,V1,V3,9.060071732888246e-05
bw,independent,V1,V4,-0.0003424081151710201
bw,independent,V1,V5,-0.0012098217317869234
bw,independent,V1,V6,0.0009596414467411443
bw,independent,V2,I,0.00033849366699020405
bw,independent,V2,II,-0.00016852977616829787
bw,independent,V2,III,0.00039764852799327693
bw,independent,V2,aVR,-0.00010558281849653477
bw,independent,V2,aVL,-1.8052708209275996e-05
bw,independent,V2,aVF,0.0006582075164404096
bw,independent,V2,V1,9.979296089117148e-05
bw,independent,V2,V2,0.003472123621112562
bw,independent,V2,V3,-0.00014267539487374992
bw,independent,V2,V4,-0.0003577364347788984
bw,independent,V2,V5,0.0003086345908373033
bw,independent,V2,V6,-2.0164186150455455e-05
bw,independent,V3,I,-0.00020301538061616973
bw,independent,V3,II,-0.00014761965448757472
bw,independent,V3,III,-0.0009613840336539867
bw,independent,V3,aVR,-0.0004911470950670974
bw,independent,V3,aVL,-0.0003589838851623595
bw,independent,V3,aVF,-0.00022838256046344414
bw,independent,V3,V1,9.060071732888246e-05
bw,independent,V3,V2,-0.00014267539487374992
bw,independent,V3,V3,0.00472218639085665
bw,independent,V3,V4,0.0006693021000601006
bw,independent,V3,V5,0.0006025689415085822
bw,independent,V3,V6,0.00011384133192529583
bw,independent,V4,I,0.00043508257580575984
bw,independent,V4,II,0.00033053527678910527
bw,independent,V4,III,-0.00041762665610129514
bw,independent,V4,aVR,-0.00010685266637351042
bw,independent,V4,aVL,-0.00036012962795603916
bw,independent,V4,aVF,-5.0053645724460965e-05
bw,independent,V4,V1,-0.0003424081151710201
bw,independent,V4,V2,-0.0003577364347788984
bw,independent,V4,V3,0.0006693021000601006
bw,independent,V4,V4,0.0055986172339621615
bw,independent,V4,V5,-0.00042999933568804987
bw,independent,V4,V6,-0.000341803596942511
bw,independent,V5,I,-0.0007803307954787107
bw,independent,V5,II,-0.00014486376199930755
bw,independent,V5,III,-2.7745170559460936e-05
bw,independent,V5,aVR,-0.00023620693545803263
bw,independent,V5,aVL,0.0006769184712901735
bw,independent,V5,aVF,-0.0002958865072615485
bw,independent,V5,V1,-0.0012098217317869234
bw,independent,V5,V2,0.0003086345908373033
bw,independent,V5,V3,0.0006025689415085822
bw,independent,V5,V4,-0.00042999933568804987
bw,independent,V5,V5,0.007156166024193006
bw,independent,V5,V6,-0.0007265123632417719
bw,independent,V6,I,0.0006199356725263411
bw,independent,V6,II,0.00036483444366695823
bw,independent,V6,III,9.255078328035696e-05
bw,independent,V6,aVR,-0.00030942670801020294
bw,independent,V6,aVL,-0.0002877583217270982
bw,independent,V6,aVF,0.00022970720324828843
bw,independent,V6,V1,0.0009596414467411443
bw,independent,V6,V2,-2.0164186150455455e-05
bw,independent,V6,V3,0.00011384133192529583
bw,independent,V6,V4,-0.000341803596942511
bw,independent,V6,V5,-0.0007265123632417719
bw,independent,V6,V6,0.004409660463039201
bw,independent_rms,I,I,0.0058834906945382385
bw,independent_rms,I,II,-0.0003001406000826871
bw,independent_rms,I,III,0.00040303701659451994
bw,independent_rms,I,aVR,0.0008164658313290294
bw,independent_rms,I,aVL,-0.00011647602429883803
bw,independent_rms,I,aVF,-2.3359563213846533e-05
bw,independent_rms,I,V1,0.0006030849319047618
bw,independent_rms,I,V2,0.0005694752851524915
bw,independent_rms,I,V3,-0.0005680592055614718
bw,independent_rms,I,V4,0.00022113576532751465
bw,independent_rms,I,V5,-0.00040476984041826517
bw,independent_rms,I,V6,0.00034938977140803285
bw,independent_rms,II,I,-0.0003001406000826871
bw,independent_rms,II,II,0.005505475863887104
bw,independent_rms,II,III,-0.00038779583605414033
bw,independent_rms,II,aVR,0.0005250859821080092
bw,independent_rms,II,aVL,-0.0006616012656945254
bw,independent_rms,II,aVF,-0.0006696444278822979
bw,independent_rms,II,V1,0.00019296718306004612
bw,independent_rms,II,V2,3.118782499389961e-05
bw,independent_rms,II,V3,0.00014264404738638416
bw,independent_rms,II,V4,0.0005039842128575033
bw,independent_rms,II,V5,-0.0002940800344750517
bw,independent_rms,II,V6,0.00018276254656580563
bw,independent_rms,III,I,0.00040303701659451994
bw,independent_rms,III,II,-0.00038779583605414033
bw,independent_rms,III,III,0.005593899391243151
bw,independent_rms,III,aVR,0.0007240569244009584
bw,independent_rms,III,aVL,-8.879527075037288e-05
bw,independent_rms,III,aVF,0.0007476832564444265
bw,independent_rms,III,V1,0.0003572985812553161
bw,independent_rms,III,V2,0.0002902351217175998
bw,independent_rms,III,V3,-0.001163561825469783
bw,independent_rms,III,V4,-0.000550424572136247
bw,independent_rms,III,V5,-0.0007925532458333976
bw,independent_rms,III,V6,-0.0001638958122888613
bw,independent_rms,aVR,I,0.0008164658313290294
bw,independent_rms,aVR,II,0.0005250859821080092
bw,independent_rms,aVR,III,0.0007240569244009584
bw,independent_rms,aVR,aVR,0.004296008431401883
bw,independent_rms,aVR,aVL,-0.0003437027273742075
bw,independent_rms,aVR,aVF,0.0001770751668144119
bw,independent_rms,aVR,V1,8.485097039303187e-05
bw,independent_rms,aVR,V2,6.56508414524003e-06
bw,independent_rms,aVR,V3,-0.0007701810666703834
bw,independent_rms,aVR,V4,-9.25992816181998e-05
bw,independent_rms,aVR,V5,-0.0007407614966233851
bw,independent_rms,aVR,V6,6.730099489124965e-05
bw,independent_rms,aVL,I,-0.00011647602429883803
bw,independent_rms,aVL,II,-0.0006616012656945254
bw,independent_rms,aVL,III,-8.879527075037288e-05
bw,independent_rms,aVL,aVR,-0.0003437027273742075
bw,independent_rms,aVL,aVL,0.004362326076918921
bw,independent_rms,aVL,aVF,-9.505859253322033e-06
bw,independent_rms,aVL,V1,-0.00011471533912684348
bw,independent_rms,aVL,V2,-3.73564903848866e-05
bw,independent_rms,aVL,V3,-0.0002918242791132344
bw,independent_rms,aVL,V4,-0.00039429517999120366
bw,independent_rms,aVL,V5,0.0005843855010411701
bw,independent_rms,aVL,V6,-0.00035574441719803563
bw,independent_rms,aVF,I,-2.3359563213846533e-05
bw,independent_rms,aVF,II,-0.0006696444278822979
bw,independent_rms,aVF,III,0.0007476832564444265
bw,independent_rms,aVF,aVR,0.0001770751668144119
bw,independent_rms,aVF,aVL,-9.505859253322033e-06
bw,independent_rms,aVF,aVF,0.004078814953930567
bw,independent_rms,aVF,V1,0.00025404822424738254
bw,independent_rms,aVF,V2,0.0004489068463024312
bw,independent_rms,aVF,V3,-0.0005726522613155773
bw,independent_rms,aVF,V4,1.2740751790284268e-05
bw,independent_rms,aVF,V5,-0.0003468526247541867
bw,independent_rms,aVF,V6,0.00023056807150833927
bw,independent_rms,V1,I,0.0006030849319047618
bw,independent_rms,V1,II,0.00019296718306004612
bw,independent_rms,V1,III,0.0003572985812553161
bw,independent_rms,V1,aVR,8.485097039303187e-05
bw,independent_rms,V1,aVL,-0.00011471533912684348
bw,independent_rms,V1,aVF,0.00025404822424738254
bw,independent_rms,V1,V1,0.004358040919065049
bw,independent_rms,V1,V2,0.000305315877856494
bw,independent_rms,V1,V3,0.00021533073015800135
bw,independent_rms,V1,V4,0.00015911476790662885
bw,independent_rms,V1,V5,-0.00032685142846483676
bw,independent_rms,V1,V6,0.0007022110350023731
bw,independent_rms,V2,I,0.0005694752851524915
bw,independent_rms,V2,II,3.118782499389961e-05
bw,independent_rms,V2,III,0.0002902351217175998
bw,independent_rms,V2,aVR,6.56508414524003e-06
bw,independent_rms,V2,aVL,-3.73564903848866e-05
bw,independent_rms,V2,aVF,0.0004489068463024312
bw,independent_rms,V2,V1,0.000305315877856494
bw,independent_rms,V2,V2,0.005291367907805952
bw,independent_rms,V2,V3,-0.00037108387854134696
bw,independent_rms,V2,V4,0.0007407805252700212
bw,independent_rms,V2,V5,0.00010750941027870778
bw,independent_rms,V2,V6,-0.00021026787664638755
bw,independent_rms,V3,I,-0.0005680592055614718
bw,independent_rms,V3,II,0.00014264404738638416
bw,independent_rms,V3,III,-0.001163561825469783
bw,independent_rms,V3,aVR,-0.0007701810666703834
bw,independent_rms,V3,aVL,-0.0002918242791132344
bw,independent_rms,V3,aVF,-0.0005726522613155773
bw,independent_rms,V3,V1,0.00021533073015800135
bw,independent_rms,V3,V2,-0.00037108387854134696
bw,independent_rms,V3,V3,0.005183257121460761
bw,independent_rms,V3,V4,0.0006011790712999973
bw,independent_rms,V3,V5,0.0005870626431236102
bw,independent_rms,V3,V6,0.0001793637226361895
bw,independent_rms,V4,I,0.00022113576532751465
bw,independent_rms,V4,II,0.0005039842128575033
bw,independent_rms,V4,III,-0.000550424572136247
bw,independent_rms,V4,aVR,-9.25992816181998e-05
bw,independent_rms,V4,aVL,-0.00039429517999120366
bw,independent_rms,V4,aVF,1.2740751790284268e-05
bw,independent_rms,V4,V1,0.00015911476790662885
bw,independent_rms,V4,V2,0.0007407805252700212
bw,independent_rms,V4,V3,0.0006011790712999973
bw,independent_rms,V4,V4,0.006178426192368853
bw,independent_rms,V4,V5,-0.0002108594030660956
bw,independent_rms,V4,V6,-0.0006613773500581569
bw,independent_rms,V5,I,-0.00040476984041826517
bw,independent_rms,V5,II,-0.0002940800344750517
bw,independent_rms,V5,III,-0.0007925532458333976
bw,independent_rms,V5,aVR,-0.0007407614966233851
bw,independent_rms,V5,aVL,0.0005843855010411701
bw,independent_rms,V5,aVF,-0.0003468526247541867
bw,independent_rms,V5,V1,-0.00032685142846483676
bw,independent_rms,V5,V2,0.00010750941027870778
bw,independent_rms,V5,V3,0.0005870626431236102
bw,independent_rms,V5,V4,-0.0002108594030660956
bw,independent_rms,V5,V5,0.005546398658800545
bw,independent_rms,V5,V6,9.251682158668588e-05
bw,independent_rms,V6,I,0.00034938977140803285
bw,independent_rms,V6,II,0.00018276254656580563
bw,independent_rms,V6,III,-0.0001638958122888613
bw,independent_rms,V6,aVR,6.730099489124965e-05
bw,independent_rms,V6,aVL,-0.00035574441719803563
bw,independent_rms,V6,aVF,0.00023056807150833927
bw,independent_rms,V6,V1,0.0007022110350023731
bw,independent_rms,V6,V2,-0.00021026787664638755
bw,independent_rms,V6,V3,0.0001793637226361895
bw,independent_rms,V6,V4,-0.0006613773500581569
bw,independent_rms,V6,V5,9.251682158668588e-05
bw,independent_rms,V6,V6,0.00415639776753634
bw,electrode,I,I,0.005883490694538239
bw,electrode,I,II,0.0028975335835910955
bw,electrode,I,III,-0.0029859571109471447
bw,electrode,I,aVR,-0.004390512139064667
bw,electrode,I,aVL,0.004434723902742692
bw,electrode,I,aVF,-4.421176367802476e-05
bw,electrode,I,V1,0.000488395776183081
bw,electrode,I,V2,0.00012930662271747414
bw,electrode,I,V3,0.000592322513655263
bw,electrode,I,V4,2.5613204073156106e-05
bw,electrode,I,V5,0.0009117514581808453
bw,electrode,I,V6,0.00037107655764061356
bw,electrode,II,I,0.0028975335835910955
bw,electrode,II,II,0.005505475863887101
bw,electrode,II,III,0.002607942280296008
bw,electrode,II,aVR,-0.0042015047237391
bw,electrode,II,aVL,0.00014479565164754425
bw,electrode,II,aVF,0.004056709072091556
bw,electrode,II,V1,1.1074408283140812e-05
bw,electrode,II,V2,0.0005012581679181287
bw,electrode,II,V3,-2.0337357060067675e-05
bw,electrode,II,V4,3.359904565084487e-05
bw,electrode,II,V5,0.000164970292569899
bw,electrode,II,V6,-0.0003848155763217621
bw,electrode,III,I,-0.0029859571109471447
bw,electrode,III,II,0.002607942280296008
bw,electrode,III,III,0.00559389939124315
bw,electrode,III,aVR,0.00018900741532556906
bw,electrode,III,aVL,-0.004289928251095147
bw,electrode,III,aVF,0.0041009208357695795
bw,electrode,III,V1,-0.000477321367899941
bw,electrode,III,V2,0.0003719515452006543
bw,electrode,III,V3,-0.0006126598707153308
bw,electrode,III,V4,7.985841577688992e-06
bw,electrode,III,V5,-0.0007467811656109465
bw,electrode,III,V6,-0.0007558921339623751
bw,electrode,aVR,I,-0.004390512139064667
bw,electrode,aVR,II,-0.0042015047237391
bw,electrode,aVR,III,0.00018900741532556906
bw,electrode,aVR,aVR,0.004296008431401884
bw,electrode,aVR,aVL,-0.002289759777195118
bw,electrode,aVR,aVF,-0.0020062486542067647
bw,electrode,aVR,V1,-0.000249735092233111
bw,electrode,aVR,V2,-0.0003152823953178016
bw,electrode,aVR,V3,-0.0002859925782975981
bw,electrode,aVR,V4,-2.960612486200062e-05
bw,electrode,aVR,V5,-0.0005383608753753721
bw,electrode,aVR,V6,6.869509340574019e-06
bw,electrode,aVL,I,0.004434723902742692
bw,electrode,aVL,II,0.00014479565164754425
bw,electrode,aVL,III,-0.004289928251095147
bw,electrode,aVL,aVR,-0.002289759777195118
bw,electrode,aVL,aVL,0.00436232607691892
bw,electrode,aVL,aVF,-0.0020725662997238023
bw,electrode,aVL,V1,0.00048285857204151145
bw,electrode,aVL,V2,-0.00012132246124159008
bw,electrode,aVL,V3,0.0006024911921852968
bw,electrode,aVL,V4,8.813681247733677e-06
bw,electrode,aVL,V5,0.0008292663118958962
bw,electrode,aVL,V6,0.0005634843458014949
bw,electrode,aVF,I,-4.421176367802476e-05
bw,electrode,aVF,II,0.004056709072091556
bw,electrode,aVF,III,0.0041009208357695795
bw,electrode,aVF,aVR,-0.0020062486542067647
bw,electrode,aVF,aVL,-0.0020725662997238023
bw,electrode,aVF,aVF,0.004078814953930567
bw,electrode,aVF,V1,-0.00023312347980840046
bw,electrode,aVF,V2,0.00043660485655939134
bw,electrode,aVF,V3,-0.000316498613887699
bw,electrode,aVF,V4,2.0792443614267086e-05
bw,electrode,aVF,V5,-0.0002909054365205242
bw,electrode,aVF,V6,-0.0005703538551420688
bw,electrode,V1,I,0.000488395776183081
bw,electrode,V1,II,1.1074408283140812e-05
bw,electrode,V1,III,-0.000477321367899941
bw,electrode,V1,aVR,-0.000249735092233111
bw,electrode,V1,aVL,0.00048285857204151145
bw,electrode,V1,aVF,-0.00023312347980840046
bw,electrode,V1,V1,0.004358040919065049
bw,electrode,V1,V2,0.0012952357336552315
bw,electrode,V1,V3,0.000973744438976675
bw,electrode,V1,V4,0.0009533447752957911
bw,electrode,V1,V5,0.0006053733072026488
bw,electrode,V1,V6,0.0010044993698199137
bw,electrode,V2,I,0.00012930662271747414
bw,electrode,V2,II,0.0005012581679181287
bw,electrode,V2,III,0.0003719515452006543
bw,electrode,V2,aVR,-0.0003152823953178016
bw,electrode,V2,aVL,-0.00012132246124159008
bw,electrode,V2,aVF,0.00043660485655939134
bw,electrode,V2,V1,0.0012952357336552315
bw,electrode,V2,V2,0.0052913679078059545
bw,electrode,V2,V3,0.0012430229042279116
bw,electrode,V2,V4,0.0009690372200006703
bw,electrode,V2,V5,0.0010317010211540918
bw,electrode,V2,V6,0.001059863985315445
bw,electrode,V3,I,0.000592322513655263
bw,electrode,V3,II,-2.0337357060067675e-05
bw,electrode,V3,III,-0.0006126598707153308
bw,electrode,V3,aVR,-0.0002859925782975981
bw,electrode,V3,aVL,0.0006024911921852968
bw,electrode,V3,aVF,-0.000316498613887699
bw,electrode,V3,V1,0.000973744438976675
bw,electrode,V3,V2,0.0012430229042279116
bw,electrode,V3,V3,0.005183257121460762
bw,electrode,V3,V4,0.0012237737871518925
bw,electrode,V3,V5,0.0015516655114898262
bw,electrode,V3,V6,0.0017524343897886892
bw,electrode,V4,I,2.5613204073156106e-05
bw,electrode,V4,II,3.359904565084487e-05
bw,electrode,V4,III,7.985841577688992e-06
bw,electrode,V4,aVR,-2.960612486200062e-05
bw,electrode,V4,aVL,8.813681247733677e-06
bw,electrode,V4,aVF,2.0792443614267086e-05
bw,electrode,V4,V1,0.0009533447752957911
bw,electrode,V4,V2,0.0009690372200006703
bw,electrode,V4,V3,0.0012237737871518925
bw,electrode,V4,V4,0.006178426192368853
bw,electrode,V4,V5,0.0012556445497470658
bw,electrode,V4,V6,0.0008056584524659114
bw,electrode,V5,I,0.0009117514581808453
bw,electrode,V5,II,0.000164970292569899
bw,electrode,V5,III,-0.0007467811656109465
bw,electrode,V5,aVR,-0.0005383608753753721
bw,electrode,V5,aVL,0.0008292663118958962
bw,electrode,V5,aVF,-0.0002909054365205242
bw,electrode,V5,V1,0.0006053733072026488
bw,electrode,V5,V2,0.0010317010211540918
bw,electrode,V5,V3,0.0015516655114898262
bw,electrode,V5,V4,0.0012556445497470658
bw,electrode,V5,V5,0.0055463986588005455
bw,electrode,V5,V6,0.001211413473852982
bw,electrode,V6,I,0.00037107655764061356
bw,electrode,V6,II,-0.0003848155763217621
bw,electrode,V6,III,-0.0007558921339623751
bw,electrode,V6,aVR,6.869509340574019e-06
bw,electrode,V6,aVL,0.0005634843458014949
bw,electrode,V6,aVF,-0.0005703538551420688
bw,electrode,V6,V1,0.0010044993698199137
bw,electrode,V6,V2,0.001059863985315445
bw,electrode,V6,V3,0.0017524343897886892
bw,electrode,V6,V4,0.0008056584524659114
bw,electrode,V6,V5,0.001211413473852982
bw,electrode,V6,V6,0.00415639776753634
bw,covariance,I,I,0.005883490694538244
bw,covariance,I,II,0.0028975335835910955
bw,covariance,I,III,-0.0029859571109471456
bw,covariance,I,aVR,-0.004390512139064668
bw,covariance,I,aVL,0.004434723902742692
bw,covariance,I,aVF,-4.421176367802476e-05
bw,covariance,I,V1,0.0004883957761830809
bw,covariance,I,V2,0.00012930662271747428
bw,covariance,I,V3,0.0005923225136552627
bw,covariance,I,V4,2.5613204073155944e-05
bw,covariance,I,V5,0.0009117514581808456
bw,covariance,I,V6,0.00037107655764061356
bw,covariance,II,I,0.0028975335835910955
bw,covariance,II,II,0.0055054758638871
bw,covariance,II,III,0.002607942280296006
bw,covariance,II,aVR,-0.004201504723739097
bw,covariance,II,aVL,0.00014479565164754338
bw,covariance,II,aVF,0.004056709072091554
bw,covariance,II,V1,1.1074408283139725e-05
bw,covariance,II,V2,0.0005012581679181282
bw,covariance,II,V3,-2.0337357060066327e-05
bw,covariance,II,V4,3.359904565084503e-05
bw,covariance,II,V5,0.0001649702925698997
bw,covariance,II,V6,-0.0003848155763217614
bw,covariance,III,I,-0.0029859571109471456
bw,covariance,III,II,0.002607942280296006
bw,covariance,III,III,0.00559389939124315
bw,covariance,III,aVR,0.0001890074153255701
bw,covariance,III,aVL,-0.004289928251095148
bw,covariance,III,aVF,0.004100920835769577
bw,covariance,III,V1,-0.00047732136789994153
bw,covariance,III,V2,0.0003719515452006537
bw,covariance,III,V3,-0.0006126598707153291
bw,covariance,III,V4,7.985841577688508e-06
bw,covariance,III,V5,-0.0007467811656109455
bw,covariance,III,V6,-0.0007558921339623758
bw,covariance,aVR,I,-0.004390512139064668
bw,covariance,aVR,II,-0.004201504723739097
bw,covariance,aVR,III,0.0001890074153255701
bw,covariance,aVR,aVR,0.0042960084314018826
bw,covariance,aVR,aVL,-0.002289759777195119
bw,covariance,aVR,aVF,-0.002006248654206764
bw,covariance,aVR,V1,-0.0002497350922331107
bw,covariance,aVR,V2,-0.00031528239531780134
bw,covariance,aVR,V3,-0.0002859925782975989
bw,covariance,aVR,V4,-2.9606124862001016e-05
bw,covariance,aVR,V5,-0.0005383608753753729
bw,covariance,aVR,V6,6.869509340573324e-06
bw,covariance,aVL,I,0.004434723902742692
bw,covariance,aVL,II,0.00014479565164754338
bw,covariance,aVL,III,-0.004289928251095148
bw,covariance,aVL,aVR,-0.002289759777195119
bw,covariance,aVL,aVL,0.00436232607691892
bw,covariance,aVL,aVF,-0.0020725662997238023
bw,covariance,aVL,V1,0.00048285857204151113
bw,covariance,aVL,V2,-0.00012132246124158998
bw,covariance,aVL,V3,0.0006024911921852961
bw,covariance,aVL,V4,8.813681247733914e-06
bw,covariance,aVL,V5,0.0008292663118958958
bw,covariance,aVL,V6,0.0005634843458014958
bw,covariance,aVF,I,-4.421176367802476e-05
bw,covariance,aVF,II,0.004056709072091554
bw,covariance,aVF,III,0.004100920835769577
bw,covariance,aVF,aVR,-0.002006248654206764
bw,covariance,aVF,aVL,-0.0020725662997238023
bw,covariance,aVF,aVF,0.0040788149539305665
bw,covariance,aVF,V1,-0.00023312347980840073
bw,covariance,aVF,V2,0.000436604856559391
bw,covariance,aVF,V3,-0.00031649861388769823
bw,covariance,aVF,V4,2.0792443614267045e-05
bw,covariance,aVF,V5,-0.0002909054365205231
bw,covariance,aVF,V6,-0.000570353855142069
bw,covariance,V1,I,0.0004883957761830809
bw,covariance,V1,II,1.1074408283139725e-05
bw,covariance,V1,III,-0.00047732136789994153
bw,covariance,V1,aVR,-0.0002497350922331107
bw,covariance,V1,aVL,0.00048285857204151113
bw,covariance,V1,aVF,-0.00023312347980840073
bw,covariance,V1,V1,0.004358040919065052
bw,covariance,V1,V2,0.0012952357336552312
bw,covariance,V1,V3,0.0009737444389766757
bw,covariance,V1,V4,0.0009533447752957919
bw,covariance,V1,V5,0.0006053733072026485
bw,covariance,V1,V6,0.001004499369819915
bw,covariance,V2,I,0.00012930662271747428
bw,covariance,V2,II,0.0005012581679181282
bw,covariance,V2,III,0.0003719515452006537
bw,covariance,V2,aVR,-0.00031528239531780134
bw,covariance,V2,aVL,-0.00012132246124158998
bw,covariance,V2,aVF,0.000436604856559391
bw,covariance,V2,V1,0.0012952357336552312
bw,covariance,V2,V2,0.005291367907805951
bw,covariance,V2,V3,0.0012430229042279114
bw,covariance,V2,V4,0.0009690372200006691
bw,covariance,V2,V5,0.0010317010211540923
bw,covariance,V2,V6,0.0010598639853154435
bw,covariance,V3,I,0.0005923225136552627
bw,covariance,V3,II,-2.0337357060066327e-05
bw,covariance,V3,III,-0.0006126598707153291
bw,covariance,V3,aVR,-0.0002859925782975989
bw,covariance,V3,aVL,0.0006024911921852961
bw,covariance,V3,aVF,-0.00031649861388769823
bw,covariance,V3,V1,0.0009737444389766757
bw,covariance,V3,V2,0.0012430229042279114
bw,covariance,V3,V3,0.005183257121460762
bw,covariance,V3,V4,0.0012237737871518925
bw,covariance,V3,V5,0.0015516655114898258
bw,covariance,V3,V6,0.001752434389788689
bw,covariance,V4,I,2.5613204073155944e-05
bw,covariance,V4,II,3.359904565084503e-05
bw,covariance,V4,III,7.985841577688508e-06
bw,covariance,V4,aVR,-2.9606124862001016e-05
bw,covariance,V4,aVL,8.813681247733914e-06
bw,covariance,V4,aVF,2.0792443614267045e-05
bw,covariance,V4,V1,0.0009533447752957919
bw,covariance,V4,V2,0.0009690372200006691
bw,covariance,V4,V3,0.0012237737871518925
bw,covariance,V4,V4,0.006178426192368856
bw,covariance,V4,V5,0.0012556445497470653
bw,covariance,V4,V6,0.0008056584524659124
bw,covariance,V5,I,0.0009117514581808456
bw,covariance,V5,II,0.0001649702925698997
bw,covariance,V5,III,-0.0007467811656109455
bw,covariance,V5,aVR,-0.0005383608753753729
bw,covariance,V5,aVL,0.0008292663118958958
bw,covariance,V5,aVF,-0.0002909054365205231
bw,covariance,V5,V1,0.0006053733072026485
bw,covariance,V5,V2,0.0010317010211540923
bw,covariance,V5,V3,0.0015516655114898258
bw,covariance,V5,V4,0.0012556445497470653
bw,covariance,V5,V5,0.005546398658800544
bw,covariance,V5,V6,0.0012114134738529824
bw,covariance,V6,I,0.00037107655764061356
bw,covariance,V6,II,-0.0003848155763217614
bw,covariance,V6,III,-0.0007558921339623758
bw,covariance,V6,aVR,6.869509340573324e-06
bw,covariance,V6,aVL,0.0005634843458014958
bw,covariance,V6,aVF,-0.000570353855142069
bw,covariance,V6,V1,0.001004499369819915
bw,covariance,V6,V2,0.0010598639853154435
bw,covariance,V6,V3,0.001752434389788689
bw,covariance,V6,V4,0.0008056584524659124
bw,covariance,V6,V5,0.0012114134738529824
bw,covariance,V6,V6,0.00415639776753634
ma,independent,I,I,0.004921942631694144
ma,independent,I,II,3.057051146684804e-05
ma,independent,I,III,-7.43920323663571e-05
ma,independent,I,aVR,0.00030789997891447854
ma,independent,I,aVL,0.00037347442716675184
ma,independent,I,aVF,-0.0002543542288345438
ma,independent,I,V1,-8.382359663875586e-05
ma,independent,I,V2,0.00026762283013151487
ma,independent,I,V3,-7.410834723429006e-05
ma,independent,I,V4,0.0002097302233948973
ma,independent,I,V5,0.0002179154973753364
ma,independent,I,V6,0.00010788352412861198
ma,independent,II,I,3.057051146684804e-05
ma,independent,II,II,0.005626327603733777
ma,independent,II,III,0.0006505024975428826
ma,independent,II,aVR,-0.00028234414777815236
ma,independent,II,aVL,-0.0006129267268718767
ma,independent,II,aVF,-0.00014290072888714205
ma,independent,II,V1,-0.00017477041761947872
ma,independent,II,V2,-0.00031714636101968596
ma,independent,II,V3,-0.00033754853954016343
ma,independent,II,V4,-0.00030467194842929225
ma,independent,II,V5,0.00022688251342177222
ma,independent,II,V6,0.000446330845230887
ma,independent,III,I,-7.43920323663571e-05
ma,independent,III,II,0.0006505024975428826
ma,independent,III,III,0.006350147026696786
ma,independent,III,aVR,-0.0008555533145361694
ma,independent,III,aVL,-0.0005870872682789814
ma,independent,III,aVF,0.00013020163864165267
ma,independent,III,V1,0.00015085385671710438
ma,independent,III,V2,0.00024396727200876305
ma,independent,III,V3,0.00020867609203082923
ma,independent,III,V4,-0.0008828633623380939
ma,independent,III,V5,-0.00035855108795564855
ma,independent,III,V6,0.0004990882417691463
ma,independent,aVR,I,0.00030789997891447854
ma,independent,aVR,II,-0.00028234414777815236
ma,independent,aVR,III,-0.0008555533145361694
ma,independent,aVR,aVR,0.005592946328104868
ma,independent,aVR,aVL,8.595842123406547e-05
ma,independent,aVR,aVF,4.648035212178784e-05
ma,independent,aVR,V1,-2.6002159178985744e-05
ma,independent,aVR,V2,0.00019108820371631165
ma,independent,aVR,V3,-0.00040137233648783477
ma,independent,aVR,V4,0.00015671914868671215
ma,independent,aVR,V5,0.00029967417130809146
ma,independent,aVR,V6,0.0003161881491461443
ma,independent,aVL,I,0.00037347442716675184
ma,independent,aVL,II,-0.0006129267268718767
ma,independent,aVL,III,-0.0005870872682789814
ma,independent,aVL,aVR,8.595842123406547e-05
ma,independent,aVL,aVL,0.005019439426581486
ma,independent,aVL,aVF,6.793886066906789e-05
ma,independent,aVL,V1,-0.0002482890201714867
ma,independent,aVL,V2,0.00018821946091601892
ma,independent,aVL,V3,0.00016380904542985736
ma,independent,aVL,V4,8.449363802477274e-05
ma,independent,aVL,V5,-0.00012784645669272073
ma,independent,aVL,V6,-0.00036093826433703196
ma,independent,aVF,I,-0.0002543542288345438
ma,independent,aVF,II,-0.00014290072888714205
ma,independent,aVF,III,0.00013020163864165267
ma,independent,aVF,aVR,4.648035212178784e-05
ma,independent,aVF,aVL,6.793886066906789e-05
ma,independent,aVF,aVF,0.003881706507176894
ma,independent,aVF,V1,7.999743641848687e-05
ma,independent,aVF,V2,0.00011279366193900842
ma,independent,aVF,V3,0.00017446920793777563
ma,independent,aVF,V4,-2.6171606187045043e-05
ma,independent,aVF,V5,-3.345286362344719e-05
ma,independent,aVF,V6,0.00017984026220410493
ma,independent,V1,I,-8.382359663875586e-05
ma,independent,V1,II,-0.00017477041761947872
ma,independent,V1,III,0.00015085385671710438
ma,independent,V1,aVR,-2.6002159178985744e-05
ma,independent,V1,aVL,-0.0002482890201714867
ma,independent,V1,aVF,7.999743641848687e-05
ma,independent,V1,V1,0.005467629738284775
ma,independent,V1,V2,0.00013068774762290918
ma,independent,V1,V3,-0.00013517375419581928
ma,independent,V1,V4,-8.911523846849093e-05
ma,independent,V1,V5,9.810484476153132e-05
ma,independent,V1,V6,-0.000185625103592236
ma,independent,V2,I,0.00026762283013151487
ma,independent,V2,II,-0.00031714636101968596
ma,independent,V2,III,0.00024396727200876305
ma,independent,V2,aVR,0.00019108820371631165
ma,independent,V2,aVL,0.00018821946091601892
ma,independent,V2,aVF,0.00011279366193900842
ma,independent,V2,V1,0.00013068774762290918
ma,independent,V2,V2,0.005364907047767563
ma,independent,V2,V3,0.000265764749598929
ma,independent,V2,V4,4.187440162029386e-05
ma,independent,V2,V5,-0.0004125376741987272
ma,independent,V2,V6,0.00022987394484048765
ma,independent,V3,I,-7.410834723429006e-05
ma,independent,V3,II,-0.00033754853954016343
ma,independent,V3,III,0.00020867609203082923
ma,independent,V3,aVR,-0.00040137233648783477
ma,independent,V3,aVL,0.00016380904542985736
ma,independent,V3,aVF,0.00017446920793777563
ma,independent,V3,V1,-0.00013517375419581928
ma,independent,V3,V2,0.000265764749598929
ma,independent,V3,V3,0.004043193393880201
ma,independent,V3,V4,-3.8211746339394255e-05
ma,independent,V3,V5,-0.000596929294751208
ma,independent,V3,V6,2.178695306994877e-05
ma,independent,V4,I,0.0002097302233948973
ma,independent,V4,II,-0.00030467194842929225
ma,independent,V4,III,-0.0008828633623380939
ma,independent,V4,aVR,0.00015671914868671215
ma,independent,V4,aVL,8.449363802477274e-05
ma,independent,V4,aVF,-2.6171606187045043e-05
ma,independent,V4,V1,-8.911523846849093e-05
ma,independent,V4,V2,4.187440162029386e-05
ma,independent,V4,V3,-3.8211746339394255e-05
ma,independent,V4,V4,0.00402570937587016
ma,independent,V4,V5,0.0004651599392957121
ma,independent,V4,V6,-9.101413229289273e-05
ma,independent,V5,I,0.0002179154973753364
ma,independent,V5,II,0.00022688251342177222
ma,independent,V5,III,-0.00035855108795564855
ma,independent,V5,aVR,0.00029967417130809146
ma,independent,V5,aVL,-0.00012784645669272073
ma,independent,V5,aVF,-3.345286362344719e-05
ma,independent,V5,V1,9.810484476153132e-05
ma,independent,V5,V2,-0.0004125376741987272
ma,independent,V5,V3,-0.000596929294751208
ma,independent,V5,V4,0.0004651599392957121
ma,independent,V5,V5,0.004959594402590324
ma,independent,V5,V6,-2.482614420405097e-05
ma,independent,V6,I,0.00010788352412861198
ma,independent,V6,II,0.000446330845230887
ma,independent,V6,III,0.0004990882417691463
ma,independent,V6,aVR,0.0003161881491461443
ma,independent,V6,aVL,-0.00036093826433703196
ma,independent,V6,aVF,0.00017984026220410493
ma,independent,V6,V1,-0.000185625103592236
ma,independent,V6,V2,0.00022987394484048765
ma,independent,V6,V3,2.178695306994877e-05
ma,independent,V6,V4,-9.101413229289273e-05
ma,independent,V6,V5,-2.482614420405097e-05
ma,independent,V6,V6,0.005180360496576385
ma,independent_rms,I,I,0.005925941261630335
ma,independent_rms,I,II,3.076477889546712e-05
ma,independent_rms,I,III,-0.00027736010372845854
ma,independent_rms,I,aVR,0.00020264038500323746
ma,independent_rms,I,aVL,0.00024894041025401166
ma,independent_rms,I,aVF,-0.00016001851165234413
ma,independent_rms,I,V1,-0.00042092825206777425
ma,independent_rms,I,V2,0.0004953056319242035
ma,independent_rms,I,V3,-6.920278232096566e-05
ma,independent_rms,I,V4,0.00026289158561498507
ma,independent_rms,I,V5,2.9530987204213667e-05
ma,independent_rms,I,V6,-0.00011323287299980996
ma,independent_rms,II,I,3.076477889546712e-05
ma,independent_rms,II,II,0.005477673231030195
ma,independent_rms,II,III,0.0004966969711944082
ma,independent_rms,II,aVR,-0.0001955753355369927
ma,independent_rms,II,aVL,-0.0004149191220912802
ma,independent_rms,II,aVF,-0.0001960739226367352
ma,independent_rms,II,V1,-6.313271758382445e-05
ma,independent_rms,II,V2,8.612484671596582e-07
ma,independent_rms,II,V3,-0.0001403550806011019
ma,independent_rms,II,V4,-0.00011598939816631648
ma,independent_rms,II,V5,7.897275157403782e-05
ma,independent_rms,II,V6,0.00011948393027917397
ma,independent_rms,III,I,-0.00027736010372845854
ma,independent_rms,III,II,0.0004966969711944082
ma,independent_rms,III,III,0.006038535199007995
ma,independent_rms,III,aVR,-0.0003978910149718349
ma,independent_rms,III,aVL,-0.00041292487161386486
ma,independent_rms,III,aVF,8.60783338992538e-05
ma,independent_rms,III,V1,0.00023561248142280118
ma,independent_rms,III,V2,0.00013860220456980482
ma,independent_rms,III,V3,2.532186874975964e-05
ma,independent_rms,III,V4,-0.0003786916316081503
ma,independent_rms,III,V5,-0.00017569631426016572
ma,independent_rms,III,V6,0.00022262259796825972
ma,independent_rms,aVR,I,0.00020264038500323746
ma,independent_rms,aVR,II,-0.0001955753355369927
ma,independent_rms,aVR,III,-0.0003978910149718349
ma,independent_rms,aVR,aVR,0.004192173446578268
ma,independent_rms,aVR,aVL,2.2962232198530228e-05
ma,independent_rms,aVR,aVF,-2.6650429473787954e-05
ma,independent_rms,aVR,V1,-3.09367361060608e-05
ma,independent_rms,aVR,V2,0.0002770314667761654
ma,independent_rms,aVR,V3,-0.0004761020048302357
ma,independent_rms,aVR,V4,1.693353924030571e-05
ma,independent_rms,aVR,V5,0.0003644728255654295
ma,independent_rms,aVR,V6,0.0002834721158099962
ma,independent_rms,aVL,I,0.00024894041025401166
ma,independent_rms,aVL,II,-0.0004149191220912802
ma,independent_rms,aVL,III,-0.00041292487161386486
ma,independent_rms,aVL,aVR,2.2962232198530228e-05
ma,independent_rms,aVL,aVL,0.004612819922561616
ma,independent_rms,aVL,aVF,-9.958257484720706e-05
ma,independent_rms,aVL,V1,-0.0003000955207959788
ma,independent_rms,aVL,V2,0.00015742263300906527
ma,independent_rms,aVL,V3,9.097664809432254e-05
ma,independent_rms,aVL,V4,3.90856515651603e-05
ma,independent_rms,aVL,V5,7.254132942220321e-06
ma,independent_rms,aVL,V6,-0.0003462424872882494
ma,independent_rms,aVF,I,-0.00016001851165234413
ma,independent_rms,aVF,II,-0.0001960739226367352
ma,independent_rms,aVF,III,8.60783338992538e-05
ma,independent_rms,aVF,aVR,-2.6650429473787954e-05
ma,independent_rms,aVF,aVL,-9.958257484720706e-05
ma,independent_rms,aVF,aVF,0.004276618899611511
ma,independent_rms,aVF,V1,0.00012026499855353071
ma,independent_rms,aVF,V2,0.00014408569671090597
ma,independent_rms,aVF,V3,6.121136563337996e-05
ma,independent_rms,aVF,V4,3.2866640376227286e-05
ma,independent_rms,aVF,V5,-9.583251369821119e-05
ma,independent_rms,aVF,V6,8.766165148578857e-05
ma,independent_rms,V1,I,-0.00042092825206777425
ma,independent_rms,V1,II,-6.313271758382445e-05
ma,independent_rms,V1,III,0.00023561248142280118
ma,independent_rms,V1,aVR,-3.09367361060608e-05
ma,independent_rms,V1,aVL,-0.0003000955207959788
ma,independent_rms,V1,aVF,0.00012026499855353071
ma,independent_rms,V1,V1,0.005967098409808814
ma,independent_rms,V1,V2,0.0003658089635240861
ma,independent_rms,V1,V3,2.3691283286375946e-05
ma,independent_rms,V1,V4,8.614530342681188e-05
ma,independent_rms,V1,V5,6.711412415869799e-05
ma,independent_rms,V1,V6,-6.261646948834147e-05
ma,independent_rms,V2,I,0.0004953056319242035
ma,independent_rms,V2,II,8.612484671596582e-07
ma,independent_rms,V2,III,0.00013860220456980482
ma,independent_rms,V2,aVR,0.0002770314667761654
ma,independent_rms,V2,aVL,0.00015742263300906527
ma,independent_rms,V2,aVF,0.00014408569671090597
ma,independent_rms,V2,V1,0.0003658089635240861
ma,independent_rms,V2,V2,0.00547036632758323
ma,independent_rms,V2,V3,0.00015307877660581255
ma,independent_rms,V2,V4,0.00027671787777695003
ma,independent_rms,V2,V5,-0.00018394811308256842
ma,independent_rms,V2,V6,0.00022212471058528623
ma,independent_rms,V3,I,-6.920278232096566e-05
ma,independent_rms,V3,II,-0.0001403550806011019
ma,independent_rms,V3,III,2.532186874975964e-05
ma,independent_rms,V3,aVR,-0.0004761020048302357
ma,independent_rms,V3,aVL,9.097664809432254e-05
ma,independent_rms,V3,aVF,6.121136563337996e-05
ma,independent_rms,V3,V1,2.3691283286375946e-05
ma,independent_rms,V3,V2,0.00015307877660581255
ma,independent_rms,V3,V3,0.004475782951480819
ma,independent_rms,V3,V4,-0.00027794813116798433
ma,independent_rms,V3,V5,-0.0008374798445539468
ma,independent_rms,V3,V6,9.567973786661319e-05
ma,independent_rms,V4,I,0.00026289158561498507
ma,independent_rms,V4,II,-0.00011598939816631648
ma,independent_rms,V4,III,-0.0003786916316081503
ma,independent_rms,V4,aVR,1.693353924030571e-05
ma,independent_rms,V4,aVL,3.90856515651603e-05
ma,independent_rms,V4,aVF,3.2866640376227286e-05
ma,independent_rms,V4,V1,8.614530342681188e-05
ma,independent_rms,V4,V2,0.00027671787777695003
ma,independent_rms,V4,V3,-0.00027794813116798433
ma,independent_rms,V4,V4,0.004523982991032334
ma,independent_rms,V4,V5,0.000456538503221199
ma,independent_rms,V4,V6,-6.401132423777515e-05
ma,independent_rms,V5,I,2.9530987204213667e-05
ma,independent_rms,V5,II,7.897275157403782e-05
ma,independent_rms,V5,III,-0.00017569631426016572
ma,independent_rms,V5,aVR,0.0003644728255654295
ma,independent_rms,V5,aVL,7.254132942220321e-06
ma,independent_rms,V5,aVF,-9.583251369821119e-05
ma,independent_rms,V5,V1,6.711412415869799e-05
ma,independent_rms,V5,V2,-0.00018394811308256842
ma,independent_rms,V5,V3,-0.0008374798445539468
ma,independent_rms,V5,V4,0.000456538503221199
ma,independent_rms,V5,V5,0.004153844469965884
ma,independent_rms,V5,V6,0.00011495714217750183
ma,independent_rms,V6,I,-0.00011323287299980996
ma,independent_rms,V6,II,0.00011948393027917397
ma,independent_rms,V6,III,0.00022262259796825972
ma,independent_rms,V6,aVR,0.0002834721158099962
ma,independent_rms,V6,aVL,-0.0003462424872882494
ma,independent_rms,V6,aVF,8.766165148578857e-05
ma,independent_rms,V6,V1,-6.261646948834147e-05
ma,independent_rms,V6,V2,0.00022212471058528623
ma,independent_rms,V6,V3,9.567973786661319e-05
ma,independent_rms,V6,V4,-6.401132423777515e-05
ma,independent_rms,V6,V5,0.00011495714217750183
ma,independent_rms,V6,V6,0.00531906686866637
ma,electrode,I,I,0.005925941261630335
ma,electrode,I,II,0.002682539646826267
ma,electrode,I,III,-0.003243401614804068
ma,electrode,I,aVR,-0.0043042404542283
ma,electrode,I,aVL,0.004584671438217201
ma,electrode,I,aVF,-0.00028043098398890004
ma,electrode,I,V1,0.000115312814615875
ma,electrode,I,V2,-0.00048566569108695506
ma,electrode,I,V3,-0.000536870294037979
ma,electrode,I,V4,-0.00019585350963618466
ma,electrode,I,V5,-0.0005599454621524709
ma,electrode,I,V6,-0.00038147435222650504
ma,electrode,II,I,0.002682539646826267
ma,electrode,II,II,0.005477673231030194
ma,electrode,II,III,0.002795133584203926
ma,electrode,II,aVR,-0.004080106438928231
ma,electrode,II,aVL,-5.62969686888296e-05
ma,electrode,II,aVF,0.00413640340761706
ma,electrode,II,V1,-9.344167527796847e-05
ma,electrode,II,V2,-0.0003754883061583095
ma,electrode,II,V3,-0.00028616602500568076
ma,electrode,II,V4,-0.0001766924326225987
ma,electrode,II,V5,-0.00016657929632491822
ma,electrode,II,V6,-0.0005167925175812269
ma,electrode,III,I,-0.003243401614804068
ma,electrode,III,II,0.002795133584203926
ma,electrode,III,III,0.0060385351990079935
ma,electrode,III,aVR,0.0002241340153000702
ma,electrode,III,aVL,-0.00464096840690603
ma,electrode,III,aVF,0.004416834391605961
ma,electrode,III,V1,-0.00020875448989384374
ma,electrode,III,V2,0.00011017738492864562
ma,electrode,III,V3,0.0002507042690322981
ma,electrode,III,V4,1.9161077013586045e-05
ma,electrode,III,V5,0.0003933661658275527
ma,electrode,III,V6,-0.00013531816535472223
ma,electrode,aVR,I,-0.0043042404542283
ma,electrode,aVR,II,-0.004080106438928231
ma,electrode,aVR,III,0.0002241340153000702
ma,electrode,aVR,aVR,0.004192173446578267
ma,electrode,aVR,aVL,-0.0022641872347641864
ma,electrode,aVR,aVF,-0.00192798621181408
ma,electrode,aVR,V1,-1.0935569668953351e-05
ma,electrode,aVR,V2,0.00043057699862263224
ma,electrode,aVR,V3,0.00041151815952183
ma,electrode,aVR,V4,0.0001862729711293916
ma,electrode,aVR,V5,0.00036326237923869453
ma,electrode,aVR,V6,0.0004491334349038659
ma,electrode,aVL,I,0.004584671438217201
ma,electrode,aVL,II,-5.62969686888296e-05
ma,electrode,aVL,III,-0.00464096840690603
ma,electrode,aVL,aVR,-0.0022641872347641864
ma,electrode,aVL,aVL,0.004612819922561616
ma,electrode,aVL,aVF,-0.00234863268779743
ma,electrode,aVL,V1,0.00016203365225485927
ma,electrode,aVL,V2,-0.0002979215380078001
ma,electrode,aVL,V3,-0.00039378728153513856
ma,electrode,aVL,V4,-0.00010750729332488524
ma,electrode,aVL,V5,-0.00047665581399001166
ma,electrode,aVL,V6,-0.00012307809343589126
ma,electrode,aVF,I,-0.00028043098398890004
ma,electrode,aVF,II,0.00413640340761706
ma,electrode,aVF,III,0.004416834391605961
ma,electrode,aVF,aVR,-0.00192798621181408
ma,electrode,aVF,aVL,-0.00234863268779743
ma,electrode,aVF,aVF,0.0042766188996115105
ma,electrode,aVF,V1,-0.0001510980825859061
ma,electrode,aVF,V2,-0.00013265546061483175
ma,electrode,aVF,V3,-1.7730877986691415e-05
ma,electrode,aVF,V4,-7.876567780450623e-05
ma,electrode,aVF,V5,0.00011339343475131718
ma,electrode,aVF,V6,-0.0003260553414679745
ma,electrode,V1,I,0.000115312814615875
ma,electrode,V1,II,-9.344167527796847e-05
ma,electrode,V1,III,-0.00020875448989384374
ma,electrode,V1,aVR,-1.0935569668953351e-05
ma,electrode,V1,aVL,0.00016203365225485927
ma,electrode,V1,aVF,-0.0001510980825859061
ma,electrode,V1,V1,0.005967098409808814
ma,electrode,V1,V2,0.0008813466108912219
ma,electrode,V1,V3,0.0005956548209301109
ma,electrode,V1,V4,0.0010040657745050354
ma,electrode,V1,V5,0.0005610208922613276
ma,electrode,V1,V6,0.0015892722452709764
ma,electrode,V2,I,-0.00048566569108695506
ma,electrode,V2,II,-0.0003754883061583095
ma,electrode,V2,III,0.00011017738492864562
ma,electrode,V2,aVR,0.00043057699862263224
ma,electrode,V2,aVL,-0.0002979215380078001
ma,electrode,V2,aVF,-0.00013265546061483175
ma,electrode,V2,V1,0.0008813466108912219
ma,electrode,V2,V2,0.0054703663275832305
ma,electrode,V2,V3,0.000572499777964783
ma,electrode,V2,V4,0.0013217876877273831
ma,electrode,V2,V5,0.0011459808469793716
ma,electrode,V2,V6,0.0012174668911537519
ma,electrode,V3,I,-0.000536870294037979
ma,electrode,V3,II,-0.00028616602500568076
ma,electrode,V3,III,0.0002507042690322981
ma,electrode,V3,aVR,0.00041151815952183
ma,electrode,V3,aVL,-0.00039378728153513856
ma,electrode,V3,aVF,-1.7730877986691415e-05
ma,electrode,V3,V1,0.0005956548209301109
ma,electrode,V3,V2,0.000572499777964783
ma,electrode,V3,V3,0.004475782951480819
ma,electrode,V3,V4,0.0009745441047602802
ma,electrode,V3,V5,0.0007917728972566894
ma,electrode,V3,V6,0.0007790517993739199
ma,electrode,V4,I,-0.00019585350963618466
ma,electrode,V4,II,-0.0001766924326225987
ma,electrode,V4,III,1.9161077013586045e-05
ma,electrode,V4,aVR,0.0001862729711293916
ma,electrode,V4,aVL,-0.00010750729332488524
ma,electrode,V4,aVF,-7.876567780450623e-05
ma,electrode,V4,V1,0.0010040657745050354
ma,electrode,V4,V2,0.0013217876877273831
ma,electrode,V4,V3,0.0009745441047602802
ma,electrode,V4,V4,0.0045239829910323345
ma,electrode,V4,V5,0.000995053093215593
ma,electrode,V4,V6,0.0009900870534654616
ma,electrode,V5,I,-0.0005599454621524709
ma,electrode,V5,II,-0.00016657929632491822
ma,electrode,V5,III,0.0003933661658275527
ma,electrode,V5,aVR,0.00036326237923869453
ma,electrode,V5,aVL,-0.00047665581399001166
ma,electrode,V5,aVF,0.00011339343475131718
ma,electrode,V5,V1,0.0005610208922613276
ma,electrode,V5,V2,0.0011459808469793716
ma,electrode,V5,V3,0.0007917728972566894
ma,electrode,V5,V4,0.000995053093215593
ma,electrode,V5,V5,0.004153844469965885
ma,electrode,V5,V6,0.0005231770414503845
ma,electrode,V6,I,-0.00038147435222650504
ma,electrode,V6,II,-0.0005167925175812269
ma,electrode,V6,III,-0.00013531816535472223
ma,electrode,V6,aVR,0.0004491334349038659
ma,electrode,V6,aVL,-0.00012307809343589126
ma,electrode,V6,aVF,-0.0003260553414679745
ma,electrode,V6,V1,0.0015892722452709764
ma,electrode,V6,V2,0.0012174668911537519
ma,electrode,V6,V3,0.0007790517993739199
ma,electrode,V6,V4,0.0009900870534654616
ma,electrode,V6,V5,0.0005231770414503845
ma,electrode,V6,V6,0.005319066868666367
ma,covariance,I,I,0.005925941261630337
ma,covariance,I,II,0.0026825396468262686
ma,covariance,I,III,-0.0032434016148040674
ma,covariance,I,aVR,-0.0043042404542283
ma,covariance,I,aVL,0.0045846714382172015
ma,covariance,I,aVF,-0.0002804309839888997
ma,covariance,I,V1,0.0001153128146158758
ma,covariance,I,V2,-0.0004856656910869555
ma,covariance,I,V3,-0.0005368702940379784
ma,covariance,I,V4,-0.00019585350963618371
ma,covariance,I,V5,-0.0005599454621524712
ma,covariance,I,V6,-0.00038147435222650504
ma,covariance,II,I,0.0026825396468262686
ma,covariance,II,II,0.005477673231030197
ma,covariance,II,III,0.0027951335842039283
ma,covariance,II,aVR,-0.004080106438928233
ma,covariance,II,aVL,-5.629696868882992e-05
ma,covariance,II,aVF,0.004136403407617063
ma,covariance,II,V1,-9.344167527796876e-05
ma,covariance,II,V2,-0.0003754883061583115
ma,covariance,II,V3,-0.0002861660250056805
ma,covariance,II,V4,-0.00017669243262259933
ma,covariance,II,V5,-0.00016657929632491904
ma,covariance,II,V6,-0.0005167925175812277
ma,covariance,III,I,-0.0032434016148040674
ma,covariance,III,II,0.0027951335842039283
ma,covariance,III,III,0.006038535199007995
ma,covariance,III,aVR,0.00022413401530006907
ma,covariance,III,aVL,-0.004640968406906031
ma,covariance,III,aVF,0.0044168343916059635
ma,covariance,III,V1,-0.00020875448989384477
ma,covariance,III,V2,0.00011017738492864427
ma,covariance,III,V3,0.00025070426903229766
ma,covariance,III,V4,1.9161077013584917e-05
ma,covariance,III,V5,0.0003933661658275521
ma,covariance,III,V6,-0.00013531816535472375
ma,covariance,aVR,I,-0.0043042404542283
ma,covariance,aVR,II,-0.004080106438928233
ma,covariance,aVR,III,0.00022413401530006907
ma,covariance,aVR,aVR,0.004192173446578266
ma,covariance,aVR,aVL,-0.0022641872347641864
ma,covariance,aVR,aVF,-0.0019279862118140817
ma,covariance,aVR,V1,-1.0935569668953655e-05
ma,covariance,aVR,V2,0.0004305769986226333
ma,covariance,aVR,V3,0.0004115181595218298
ma,covariance,aVR,V4,0.00018627297112939163
ma,covariance,aVR,V5,0.000363262379238695
ma,covariance,aVR,V6,0.00044913343490386644
ma,covariance,aVL,I,0.0045846714382172015
ma,covariance,aVL,II,-5.629696868882992e-05
ma,covariance,aVL,III,-0.004640968406906031
ma,covariance,aVL,aVR,-0.0022641872347641864
ma,covariance,aVL,aVL,0.004612819922561616
ma,covariance,aVL,aVF,-0.002348632687797431
ma,covariance,aVL,V1,0.00016203365225486024
ma,covariance,aVL,V2,-0.00029792153800780013
ma,covariance,aVL,V3,-0.00039378728153513824
ma,covariance,aVL,V4,-0.00010750729332488468
ma,covariance,aVL,V5,-0.000476655813990012
ma,covariance,aVL,V6,-0.0001230780934358904
ma,covariance,aVF,I,-0.0002804309839888997
ma,covariance,aVF,II,0.004136403407617063
ma,covariance,aVF,III,0.0044168343916059635
ma,covariance,aVF,aVR,-0.0019279862118140817
ma,covariance,aVF,aVL,-0.002348632687797431
ma,covariance,aVF,aVF,0.004276618899611513
ma,covariance,aVF,V1,-0.00015109808258590638
ma,covariance,aVF,V2,-0.00013265546061483287
ma,covariance,aVF,V3,-1.773087798669178e-05
ma,covariance,aVF,V4,-7.876567780450672e-05
ma,covariance,aVF,V5,0.00011339343475131644
ma,covariance,aVF,V6,-0.00032605534146797576
ma,covariance,V1,I,0.0001153128146158758
ma,covariance,V1,II,-9.344167527796876e-05
ma,covariance,V1,III,-0.00020875448989384477
ma,covariance,V1,aVR,-1.0935569668953655e-05
ma,covariance,V1,aVL,0.00016203365225486024
ma,covariance,V1,aVF,-0.00015109808258590638
ma,covariance,V1,V1,0.005967098409808814
ma,covariance,V1,V2,0.0008813466108912219
ma,covariance,V1,V3,0.0005956548209301107
ma,covariance,V1,V4,0.0010040657745050351
ma,covariance,V1,V5,0.0005610208922613278
ma,covariance,V1,V6,0.0015892722452709755
ma,covariance,V2,I,-0.0004856656910869555
ma,covariance,V2,II,-0.0003754883061583115
ma,covariance,V2,III,0.00011017738492864427
ma,covariance,V2,aVR,0.0004305769986226333
ma,covariance,V2,aVL,-0.00029792153800780013
ma,covariance,V2,aVF,-0.00013265546061483287
ma,covariance,V2,V1,0.0008813466108912219
ma,covariance,V2,V2,0.005470366327583229
ma,covariance,V2,V3,0.000572499777964783
ma,covariance,V2,V4,0.0013217876877273831
ma,covariance,V2,V5,0.0011459808469793708
ma,covariance,V2,V6,0.0012174668911537508
ma,covariance,V3,I,-0.0005368702940379784
ma,covariance,V3,II,-0.0002861660250056805
ma,covariance,V3,III,0.00025070426903229766
ma,covariance,V3,aVR,0.0004115181595218298
ma,covariance,V3,aVL,-0.00039378728153513824
ma,covariance,V3,aVF,-1.773087798669178e-05
ma,covariance,V3,V1,0.0005956548209301107
ma,covariance,V3,V2,0.000572499777964783
ma,covariance,V3,V3,0.004475782951480817
ma,covariance,V3,V4,0.000974544104760279
ma,covariance,V3,V5,0.0007917728972566888
ma,covariance,V3,V6,0.0007790517993739195
ma,covariance,V4,I,-0.00019585350963618371
ma,covariance,V4,II,-0.00017669243262259933
ma,covariance,V4,III,1.9161077013584917e-05
ma,covariance,V4,aVR,0.00018627297112939163
ma,covariance,V4,aVL,-0.00010750729332488468
ma,covariance,V4,aVF,-7.876567780450672e-05
ma,covariance,V4,V1,0.0010040657745050351
ma,covariance,V4,V2,0.0013217876877273831
ma,covariance,V4,V3,0.000974544104760279
ma,covariance,V4,V4,0.004523982991032334
ma,covariance,V4,V5,0.0009950530932155935
ma,covariance,V4,V6,0.0009900870534654605
ma,covariance,V5,I,-0.0005599454621524712
ma,covariance,V5,II,-0.00016657929632491904
ma,covariance,V5,III,0.0003933661658275521
ma,covariance,V5,aVR,0.000363262379238695
ma,covariance,V5,aVL,-0.000476655813990012
ma,covariance,V5,aVF,0.00011339343475131644
ma,covariance,V5,V1,0.0005610208922613278
ma,covariance,V5,V2,0.0011459808469793708
ma,covariance,V5,V3,0.0007917728972566888
ma,covariance,V5,V4,0.0009950530932155935
ma,covariance,V5,V5,0.004153844469965884
ma,covariance,V5,V6,0.0005231770414503842
ma,covariance,V6,I,-0.00038147435222650504
ma,covariance,V6,II,-0.0005167925175812277
ma,covariance,V6,III,-0.00013531816535472375
ma,covariance,V6,aVR,0.00044913343490386644
ma,covariance,V6,aVL,-0.0001230780934358904
ma,covariance,V6,aVF,-0.00032605534146797576
ma,covariance,V6,V1,0.0015892722452709755
ma,covariance,V6,V2,0.0012174668911537508
ma,covariance,V6,V3,0.0007790517993739195
ma,covariance,V6,V4,0.0009900870534654605
ma,covariance,V6,V5,0.0005231770414503842
ma,covariance,V6,V6,0.005319066868666369
em,independent,I,I,0.004542700215706775
em,independent,I,II,0.000237807033566789
em,independent,I,III,0.00010925255501720906
em,independent,I,aVR,-0.00021015477586565796
em,independent,I,aVL,-0.00015557760118409811
em,independent,I,aVF,0.00011288538381150705
em,independent,I,V1,-2.9433161582984786e-05
em,independent,I,V2,-8.53749779108746e-05
em,independent,I,V3,3.781590730099406e-05
em,independent,I,V4,-0.00010358431373625945
em,independent,I,V5,6.908783373370573e-05
em,independent,I,V6,6.606422447666125e-05
em,independent,II,I,0.000237807033566789
em,independent,II,II,0.005248183623435363
em,independent,II,III,0.00030926465443941896
em,independent,II,aVR,-2.2126128539905724e-05
em,independent,II,aVL,0.00020600156014152893
em,independent,II,aVF,0.00016386335508837796
em,independent,II,V1,0.00018135045715656967
em,independent,II,V2,-4.837566625817495e-05
em,independent,II,V3,8.564991710008661e-05
em,independent,II,V4,0.00011784643971935713
em,independent,II,V5,-5.4540635964566216e-05
em,independent,II,V6,-0.00023768916978457696
em,independent,III,I,0.00010925255501720906
em,independent,III,II,0.00030926465443941896
em,independent,III,III,0.006691802364504895
em,independent,III,aVR,-0.00037566356015812267
em,independent,III,aVL,-4.865546102878904e-05
em,independent,III,aVF,5.0055345587219846e-05
em,independent,III,V1,-0.00018815914778842275
em,independent,III,V2,-7.910543376201003e-05
em,independent,III,V3,0.0002698372623583385
em,independent,III,V4,2.6087919572764756e-05
em,independent,III,V5,8.5951017838258e-05
em,independent,III,V6,-0.0005762502372170461
em,independent,aVR,I,-0.00021015477586565796
em,independent,aVR,II,-2.2126128539905724e-05
em,independent,aVR,III,-0.00037566356015812267
em,independent,aVR,aVR,0.005273608376273748
em,independent,aVR,aVL,-0.00014428571550985332
em,independent,aVR,aVF,-0.00020546699199108575
em,independent,aVR,V1,0.000166719031998033
em,independent,aVR,V2,-0.0002176841198946986
em,independent,aVR,V3,0.0003132172346649266
em,independent,aVR,V4,-5.389507757847676e-05
em,independent,aVR,V5,0.00013831576458064692
em,independent,aVR,V6,6.258367010186342e-05
em,independent,aVL,I,-0.00015557760118409811
em,independent,aVL,II,0.00020600156014152893
em,independent,aVL,III,-4.865546102878904e-05
em,independent,aVL,aVR,-0.00014428571550985332
em,independent,aVL,aVL,0.006306442025969372
em,independent,aVL,aVF,-0.0005469530506997518
em,independent,aVL,V1,-0.00012332156472184318
em,independent,aVL,V2,-1.9661294452734304e-05
em,independent,aVL,V3,-0.0004783749579993845
em,independent,aVL,V4,-6.478060852105252e-05
em,independent,aVL,V5,0.0004572596047356159
em,independent,aVL,V6,9.32667495937502e-05
em,independent,aVF,I,0.00011288538381150705
em,independent,aVF,II,0.00016386335508837796
em,independent,aVF,III,5.0055345587219846e-05
em,independent,aVF,aVR,-0.00020546699199108575
em,independent,aVF,aVL,-0.0005469530506997518
em,independent,aVF,aVF,0.004658868388713396
em,independent,aVF,V1,0.00024707912602045957
em,independent,aVF,V2,-0.00014002742259882335
em,independent,aVF,V3,0.00017549028147618664
em,independent,aVF,V4,-0.00014385270788569223
em,independent,aVF,V5,-0.0002275430068207149
em,independent,aVF,V6,-0.0005235832704951244
em,independent,V1,I,-2.9433161582984786e-05
em,independent,V1,II,0.00018135045715656967
em,independent,V1,III,-0.00018815914778842275
em,independent,V1,aVR,0.000166719031998033
em,independent,V1,aVL,-0.00012332156472184318
em,independent,V1,aVF,0.00024707912602045957
em,independent,V1,V1,0.004560208368217517
em,independent,V1,V2,0.00017294726134155867
em,independent,V1,V3,0.00025144033788896064
em,independent,V1,V4,0.00011840554568767123
em,independent,V1,V5,-0.00017069401572726025
em,independent,V1,V6,-0.0001101740298242791
em,independent,V2,I,-8.53749779108746e-05
em,independent,V2,II,-4.837566625817495e-05
em,independent,V2,III,-7.910543376201003e-05
em,independent,V2,aVR,-0.0002176841198946986
em,independent,V2,aVL,-1.9661294452734304e-05
em,independent,V2,aVF,-0.00014002742259882335
em,independent,V2,V1,0.00017294726134155867
em,independent,V2,V2,0.003930667809421136
em,independent,V2,V3,-0.00019665331979485005
em,independent,V2,V4,0.00010230887866498968
em,independent,V2,V5,0.00017815178337027924
em,independent,V2,V6,-6.128623724711626e-05
em,independent,V3,I,3.781590730099406e-05
em,independent,V3,II,8.564991710008661e-05
em,independent,V3,III,0.0002698372623583385
em,independent,V3,aVR,0.0003132172346649266
em,independent,V3,aVL,-0.0004783749579993845
em,independent,V3,aVF,0.00017549028147618664
em,independent,V3,V1,0.00025144033788896064
em,independent,V3,V2,-0.00019665331979485005
em,independent,V3,V3,0.004824092231213002
em,independent,V3,V4,-4.2191260993106436e-05
em,independent,V3,V5,-0.00015299345109556648
em,independent,V3,V6,-1.2798138012757562e-05
em,independent,V4,I,-0.00010358431373625945
em,independent,V4,II,0.00011784643971935713
em,independent,V4,III,2.6087919572764756e-05
em,independent,V4,aVR,-5.389507757847676e-05
em,independent,V4,aVL,-6.478060852105252e-05
em,independent,V4,aVF,-0.00014385270788569223
em,independent,V4,V1,0.00011840554568767123
em,independent,V4,V2,0.00010230887866498968
em,independent,V4,V3,-4.2191260993106436e-05
em,independent,V4,V4,0.004266542745417705
em,independent,V4,V5,-0.0002907926081754866
em,independent,V4,V6,-0.00027320262663411954
em,independent,V5,I,6.908783373370573e-05
em,independent,V5,II,-5.4540635964566216e-05
em,independent,V5,III,8.5951017838258e-05
em,independent,V5,aVR,0.00013831576458064692
em,independent,V5,aVL,0.0004572596047356159
em,independent,V5,aVF,-0.0002275430068207149
em,independent,V5,V1,-0.00017069401572726025
em,independent,V5,V2,0.00017815178337027924
em,independent,V5,V3,-0.00015299345109556648
em,independent,V5,V4,-0.0002907926081754866
em,independent,V5,V5,0.004852019257814073
em,independent,V5,V6,-0.00023258185666720924
em,independent,V6,I,6.606422447666125e-05
em,independent,V6,II,-0.00023768916978457696
em,independent,V6,III,-0.0005762502372170461
em,independent,V6,aVR,6.258367010186342e-05
em,independent,V6,aVL,9.32667495937502e-05
em,independent,V6,aVF,-0.0005235832704951244
em,independent,V6,V1,-0.0001101740298242791
em,independent,V6,V2,-6.128623724711626e-05
em,independent,V6,V3,-1.2798138012757562e-05
em,independent,V6,V4,-0.00027320262663411954
em,independent,V6,V5,-0.00023258185666720924
em,independent,V6,V6,0.005278768572270384
em,independent_rms,I,I,0.005500939994633086
em,independent_rms,I,II,2.8734905704602428e-05
em,independent_rms,I,III,8.094546501092346e-05
em,independent_rms,I,aVR,6.31680533214608e-05
em,independent_rms,I,aVL,0.00010109351289916322
em,independent_rms,I,aVF,-5.635763275439695e-05
em,independent_rms,I,V1,9.52582495322371e-05
em,independent_rms,I,V2,-0.0001394960422087639
em,independent_rms,I,V3,-0.00022699177464530714
em,independent_rms,I,V4,0.00022797886040016555
em,independent_rms,I,V5,5.078858947164883e-05
em,independent_rms,I,V6,-7.749313600687269e-05
em,independent_rms,II,I,2.8734905704602428e-05
em,independent_rms,II,II,0.005952198735836626
em,independent_rms,II,III,0.00018724563145717567
em,independent_rms,II,aVR,-0.0004098122634345645
em,independent_rms,II,aVL,-1.0129288430695734e-05
em,independent_rms,II,aVF,0.0002668606914958836
em,independent_rms,II,V1,0.00028285975043264587
em,independent_rms,II,V2,-0.00047256509385359985
em,independent_rms,II,V3,0.00016075781683106587
em,independent_rms,II,V4,0.0001449303389728864
em,independent_rms,II,V5,9.794494292709266e-05
em,independent_rms,II,V6,-0.0008803221418358278
em,independent_rms,III,I,8.094546501092346e-05
em,independent_rms,III,II,0.00018724563145717567
em,independent_rms,III,III,0.006027134972083652
em,independent_rms,III,aVR,-0.0002628347397429854
em,independent_rms,III,aVL,-0.0002738969823461985
em,independent_rms,III,aVF,-0.00013758500302714978
em,independent_rms,III,V1,-0.00026923235414064313
em,independent_rms,III,V2,-0.0005114524919064058
em,independent_rms,III,V3,0.0002804301139844963
em,independent_rms,III,V4,-0.00017561000755949045
em,independent_rms,III,V5,-9.225488226949573e-06
em,independent_rms,III,V6,-0.0003615515468158529
em,independent_rms,aVR,I,6.31680533214608e-05
em,independent_rms,aVR,II,-0.0004098122634345645
em,independent_rms,aVR,III,-0.0002628347397429854
em,independent_rms,aVR,aVR,0.004219785622213942
em,independent_rms,aVR,aVL,-2.6646590727465705e-05
em,independent_rms,aVR,aVF,-0.0001680088417810263
em,independent_rms,aVR,V1,0.00035454709336635147
em,independent_rms,aVR,V2,-6.818706567495909e-05
em,independent_rms,aVR,V3,0.0003333423329631119
em,independent_rms,aVR,V4,-1.7627770051998843e-05
em,independent_rms,aVR,V5,0.0003045465468859039
em,independent_rms,aVR,V6,0.0002625398609835721
em,independent_rms,aVL,I,0.00010109351289916322
em,independent_rms,aVL,II,-1.0129288430695734e-05
em,independent_rms,aVL,III,-0.0002738969823461985
em,independent_rms,aVL,aVR,-2.6646590727465705e-05
em,independent_rms,aVL,aVL,0.004275987799399214
em,independent_rms,aVL,aVF,-0.00034130273914175917
em,independent_rms,aVL,V1,-7.016730583443447e-05
em,independent_rms,aVL,V2,0.0001066842410363926
em,independent_rms,aVL,V3,-0.000457411917291748
em,independent_rms,aVL,V4,-0.00023423772405954237
em,independent_rms,aVL,V5,0.00025974212882041856
em,independent_rms,aVL,V6,-5.131741318059488e-05
em,independent_rms,aVF,I,-5.635763275439695e-05
em,independent_rms,aVF,II,0.0002668606914958836
em,independent_rms,aVF,III,-0.00013758500302714978
em,independent_rms,aVF,aVR,-0.0001680088417810263
em,independent_rms,aVF,aVL,-0.00034130273914175917
em,independent_rms,aVF,aVF,0.004614431855301866
em,independent_rms,aVF,V1,0.0002401329423300944
em,independent_rms,aVF,V2,-0.0003613548648924004
em,independent_rms,aVF,V3,0.00012299017565745274
em,independent_rms,aVF,V4,-0.0002453654658537391
em,independent_rms,aVF,V5,-0.00016656356585920793
em,independent_rms,aVF,V6,-0.0005422276318422291
em,independent_rms,V1,I,9.52582495322371e-05
em,independent_rms,V1,II,0.00028285975043264587
em,independent_rms,V1,III,-0.00026923235414064313
em,independent_rms,V1,aVR,0.00035454709336635147
em,independent_rms,V1,aVL,-7.016730583443447e-05
em,independent_rms,V1,aVF,0.0002401329423300944
em,independent_rms,V1,V1,0.004432884327705128
em,independent_rms,V1,V2,7.328319149091768e-05
em,independent_rms,V1,V3,0.00010024855275268071
em,independent_rms,V1,V4,0.00010205060133354439
em,independent_rms,V1,V5,-0.00023134513039731427
em,independent_rms,V1,V6,-0.00022883056940732052
em,independent_rms,V2,I,-0.0001394960422087639
em,independent_rms,V2,II,-0.00047256509385359985
em,independent_rms,V2,III,-0.0005114524919064058
em,independent_rms,V2,aVR,-6.818706567495909e-05
em,independent_rms,V2,aVL,0.0001066842410363926
em,independent_rms,V2,aVF,-0.0003613548648924004
em,independent_rms,V2,V1,7.328319149091768e-05
em,independent_rms,V2,V2,0.005585053731725317
em,independent_rms,V2,V3,-0.0005854199567165351
em,independent_rms,V2,V4,5.875369530621234e-05
em,independent_rms,V2,V5,0.00023644435988926768
em,independent_rms,V2,V6,-4.886359931281134e-05
em,independent_rms,V3,I,-0.00022699177464530714
em,independent_rms,V3,II,0.00016075781683106587
em,independent_rms,V3,III,0.0002804301139844963
em,independent_rms,V3,aVR,0.0003333423329631119
em,independent_rms,V3,aVL,-0.000457411917291748
em,independent_rms,V3,aVF,0.00012299017565745274
em,independent_rms,V3,V1,0.00010024855275268071
em,independent_rms,V3,V2,-0.0005854199567165351
em,independent_rms,V3,V3,0.004208668691851362
em,independent_rms,V3,V4,6.32321617654583e-05
em,independent_rms,V3,V5,-0.00039115547099276374
em,independent_rms,V3,V6,-0.00017383368793340558
em,independent_rms,V4,I,0.00022797886040016555
em,independent_rms,V4,II,0.0001449303389728864
em,independent_rms,V4,III,-0.00017561000755949045
em,independent_rms,V4,aVR,-1.7627770051998843e-05
em,independent_rms,V4,aVL,-0.00023423772405954237
em,independent_rms,V4,aVF,-0.0002453654658537391
em,independent_rms,V4,V1,0.00010205060133354439
em,independent_rms,V4,V2,5.875369530621234e-05
em,independent_rms,V4,V3,6.32321617654583e-05
em,independent_rms,V4,V4,0.004808577173608917
em,independent_rms,V4,V5,-0.00011091675137386992
em,independent_rms,V4,V6,1.049348513634686e-05
em,independent_rms,V5,I,5.078858947164883e-05
em,independent_rms,V5,II,9.794494292709266e-05
em,independent_rms,V5,III,-9.225488226949573e-06
em,independent_rms,V5,aVR,0.0003045465468859039
em,independent_rms,V5,aVL,0.00025974212882041856
em,independent_rms,V5,aVF,-0.00016656356585920793
em,independent_rms,V5,V1,-0.00023134513039731427
em,independent_rms,V5,V2,0.00023644435988926768
em,independent_rms,V5,V3,-0.00039115547099276374
em,independent_rms,V5,V4,-0.00011091675137386992
em,independent_rms,V5,V5,0.005024574405644593
em,independent_rms,V5,V6,-0.00048532695684489206
em,independent_rms,V6,I,-7.749313600687269e-05
em,independent_rms,V6,II,-0.0008803221418358278
em,independent_rms,V6,III,-0.0003615515468158529
em,independent_rms,V6,aVR,0.0002625398609835721
em,independent_rms,V6,aVL,-5.131741318059488e-05
em,independent_rms,V6,aVF,-0.0005422276318422291
em,independent_rms,V6,V1,-0.00022883056940732052
em,independent_rms,V6,V2,-4.886359931281134e-05
em,independent_rms,V6,V3,-0.00017383368793340558
em,independent_rms,V6,V4,1.049348513634686e-05
em,independent_rms,V6,V5,-0.00048532695684489206
em,independent_rms,V6,V6,0.0057836666689536605
em,electrode,I,I,0.005500939994633087
em,electrode,I,II,0.0027130018791930296
em,electrode,I,III,-0.0027879381154400566
em,electrode,I,aVR,-0.004106970936913057
em,electrode,I,aVL,0.00414443905503657
em,electrode,I,aVF,-3.7468118123513176e-05
em,electrode,I,V1,-0.00017042821882076042
em,electrode,I,V2,-0.00028636366806070304
em,electrode,I,V3,0.00016205009627130333
em,electrode,I,V4,-0.0004170126565430748
em,electrode,I,V5,-6.537539202226083e-05
em,electrode,I,V6,0.000310492398893025
em,electrode,II,I,0.0027130018791930296
em,electrode,II,II,0.005952198735836625
em,electrode,II,III,0.0032391968566435956
em,electrode,II,aVR,-0.004332600307514828
em,electrode,II,aVL,-0.000263097488725283
em,electrode,II,aVF,0.00459569779624011
em,electrode,II,V1,-9.932932175709856e-05
em,electrode,II,V2,-0.0002014036065670863
em,electrode,II,V3,0.00015789227426691243
em,electrode,II,V4,-0.0001832111339897126
em,electrode,II,V5,-0.00020917860657892985
em,electrode,II,V6,0.0007401258490508502
em,electrode,III,I,-0.0027879381154400566
em,electrode,III,II,0.0032391968566435956
em,electrode,III,III,0.006027134972083651
em,electrode,III,aVR,-0.00022562937060176946
em,electrode,III,aVL,-0.004407536543761853
em,electrode,III,aVF,0.004633165914363623
em,electrode,III,V1,7.109889706366229e-05
em,electrode,III,V2,8.496006149361657e-05
em,electrode,III,V3,-4.157822004390765e-06
em,electrode,III,V4,0.00023380152255336208
em,electrode,III,V5,-0.00014380321455666933
em,electrode,III,V6,0.0004296334501578254
em,electrode,aVR,I,-0.004106970936913057
em,electrode,aVR,II,-0.004332600307514828
em,electrode,aVR,III,-0.00022562937060176946
em,electrode,aVR,aVR,0.004219785622213943
em,electrode,aVR,aVL,-0.0019406707831556432
em,electrode,aVR,aVF,-0.002279114839058299
em,electrode,aVR,V1,0.0001348787702889295
em,electrode,aVR,V2,0.0002438836373138946
em,electrode,aVR,V3,-0.00015997118526910796
em,electrode,aVR,V4,0.00030011189526639383
em,electrode,aVR,V5,0.00013727699930059554
em,electrode,aVR,V6,-0.0005253091239719377
em,electrode,aVL,I,0.00414443905503657
em,electrode,aVL,II,-0.000263097488725283
em,electrode,aVL,III,-0.004407536543761853
em,electrode,aVL,aVR,-0.0019406707831556432
em,electrode,aVL,aVL,0.004275987799399213
em,electrode,aVL,aVF,-0.0023353170162435685
em,electrode,aVL,V1,-0.00012076355794221101
em,electrode,aVL,V2,-0.00018566186477715984
em,electrode,aVL,V3,8.31039591378471e-05
em,electrode,aVL,V4,-0.0003254070895482185
em,electrode,aVL,V5,3.9213911267204144e-05
em,electrode,aVL,V6,-5.957052563240011e-05
em,electrode,aVF,I,-3.7468118123513176e-05
em,electrode,aVF,II,0.00459569779624011
em,electrode,aVF,III,0.004633165914363623
em,electrode,aVF,aVR,-0.002279114839058299
em,electrode,aVF,aVL,-0.0023353170162435685
em,electrode,aVF,aVF,0.004614431855301865
em,electrode,aVF,V1,-1.4115212346718029e-05
em,electrode,aVF,V2,-5.822177253673426e-05
em,electrode,aVF,V3,7.686722613126079e-05
em,electrode,aVF,V4,2.529519428182475e-05
em,electrode,aVF,V5,-0.00017649091056779988
em,electrode,aVF,V6,0.0005848796496043378
em,electrode,V1,I,-0.00017042821882076042
em,electrode,V1,II,-9.932932175709856e-05
em,electrode,V1,III,7.109889706366229e-05
em,electrode,V1,aVR,0.0001348787702889295
em,electrode,V1,aVL,-0.00012076355794221101
em,electrode,V1,aVF,-1.4115212346718029e-05
em,electrode,V1,V1,0.004432884327705127
em,electrode,V1,V2,0.0009246530726038995
em,electrode,V1,V3,0.0010729806739547237
em,electrode,V1,V4,0.001012643098894572
em,electrode,V1,V5,0.001071152935390574
em,electrode,V1,V6,0.0011299352282957288
em,electrode,V2,I,-0.00028636366806070304
em,electrode,V2,II,-0.0002014036065670863
em,electrode,V2,III,8.496006149361657e-05
em,electrode,V2,aVR,0.0002438836373138946
em,electrode,V2,aVL,-0.00018566186477715984
em,electrode,V2,aVF,-5.822177253673426e-05
em,electrode,V2,V1,0.0009246530726038995
em,electrode,V2,V2,0.005585053731725317
em,electrode,V2,V3,0.0012049018130023497
em,electrode,V2,V4,0.0010452164703044398
em,electrode,V2,V5,0.0016449022324262431
em,electrode,V2,V6,0.0010364444204025581
em,electrode,V3,I,0.00016205009627130333
em,electrode,V3,II,0.00015789227426691243
em,electrode,V3,III,-4.157822004390765e-06
em,electrode,V3,aVR,-0.00015997118526910796
em,electrode,V3,aVL,8.31039591378471e-05
em,electrode,V3,aVF,7.686722613126079e-05
em,electrode,V3,V1,0.0010729806739547237
em,electrode,V3,V2,0.0012049018130023497
em,electrode,V3,V3,0.004208668691851361
em,electrode,V3,V4,0.0008976423173902316
em,electrode,V3,V5,0.0013006163466743497
em,electrode,V3,V6,0.0010085328063175305
em,electrode,V4,I,-0.0004170126565430748
em,electrode,V4,II,-0.0001832111339897126
em,electrode,V4,III,0.00023380152255336208
em,electrode,V4,aVR,0.00030011189526639383
em,electrode,V4,aVL,-0.0003254070895482185
em,electrode,V4,aVF,2.529519428182475e-05
em,electrode,V4,V1,0.001012643098894572
em,electrode,V4,V2,0.0010452164703044398
em,electrode,V4,V3,0.0008976423173902316
em,electrode,V4,V4,0.004808577173608917
em,electrode,V4,V5,0.0009039586205429455
em,electrode,V4,V6,0.0007058950762652104
em,electrode,V5,I,-6.537539202226083e-05
em,electrode,V5,II,-0.00020917860657892985
em,electrode,V5,III,-0.00014380321455666933
em,electrode,V5,aVR,0.00013727699930059554
em,electrode,V5,aVL,3.9213911267204144e-05
em,electrode,V5,aVF,-0.00017649091056779988
em,electrode,V5,V1,0.001071152935390574
em,electrode,V5,V2,0.0016449022324262431
em,electrode,V5,V3,0.0013006163466743497
em,electrode,V5,V4,0.0009039586205429455
em,electrode,V5,V5,0.005024574405644594
em,electrode,V5,V6,0.0005461470770741361
em,electrode,V6,I,0.000310492398893025
em,electrode,V6,II,0.0007401258490508502
em,electrode,V6,III,0.0004296334501578254
em,electrode,V6,aVR,-0.0005253091239719377
em,electrode,V6,aVL,-5.957052563240011e-05
em,electrode,V6,aVF,0.0005848796496043378
em,electrode,V6,V1,0.0011299352282957288
em,electrode,V6,V2,0.0010364444204025581
em,electrode,V6,V3,0.0010085328063175305
em,electrode,V6,V4,0.0007058950762652104
em,electrode,V6,V5,0.0005461470770741361
em,electrode,V6,V6,0.0057836666689536605
em,covariance,I,I,0.005500939994633085
em,covariance,I,II,0.0027130018791930288
em,covariance,I,III,-0.002787938115440056
em,covariance,I,aVR,-0.004106970936913057
em,covariance,I,aVL,0.0041444390550365705
em,covariance,I,aVF,-3.746811812351332e-05
em,covariance,I,V1,-0.0001704282188207606
em,covariance,I,V2,-0.0002863636680607024
em,covariance,I,V3,0.0001620500962713034
em,covariance,I,V4,-0.0004170126565430737
em,covariance,I,V5,-6.537539202226018e-05
em,covariance,I,V6,0.00031049239889302586
em,covariance,II,I,0.0027130018791930288
em,covariance,II,II,0.005952198735836625
em,covariance,II,III,0.0032391968566435956
em,covariance,II,aVR,-0.004332600307514826
em,covariance,II,aVL,-0.00026309748872528296
em,covariance,II,aVF,0.004595697796240109
em,covariance,II,V1,-9.932932175709804e-05
em,covariance,II,V2,-0.00020140360656708547
em,covariance,II,V3,0.0001578922742669127
em,covariance,II,V4,-0.00018321113398971133
em,covariance,II,V5,-0.000209178606578929
em,covariance,II,V6,0.0007401258490508502
em,covariance,III,I,-0.002787938115440056
em,covariance,III,II,0.0032391968566435956
em,covariance,III,III,0.006027134972083651
em,covariance,III,aVR,-0.00022562937060176946
em,covariance,III,aVL,-0.004407536543761853
em,covariance,III,aVF,0.004633165914363624
em,covariance,III,V1,7.109889706366238e-05
em,covariance,III,V2,8.49600614936164e-05
em,covariance,III,V3,-4.157822004390798e-06
em,covariance,III,V4,0.0002338015225533616
em,covariance,III,V5,-0.00014380321455666935
em,covariance,III,V6,0.0004296334501578244
em,covariance,aVR,I,-0.004106970936913057
em,covariance,aVR,II,-0.004332600307514826
em,covariance,aVR,III,-0.00022562937060176946
em,covariance,aVR,aVR,0.004219785622213944
em,covariance,aVR,aVL,-0.0019406707831556437
em,covariance,aVR,aVF,-0.0022791148390582977
em,covariance,aVR,V1,0.0001348787702889296
em,covariance,aVR,V2,0.00024388363731389363
em,covariance,aVR,V3,-0.00015997118526910788
em,covariance,aVR,V4,0.0003001118952663927
em,covariance,aVR,V5,0.000137276999300594
em,covariance,aVR,V6,-0.0005253091239719375
em,covariance,aVL,I,0.0041444390550365705
em,covariance,aVL,II,-0.00026309748872528296
em,covariance,aVL,III,-0.004407536543761853
em,covariance,aVL,aVR,-0.0019406707831556437
em,covariance,aVL,aVL,0.004275987799399213
em,covariance,aVL,aVF,-0.002335317016243569
em,covariance,aVL,V1,-0.0001207635579422113
em,covariance,aVL,V2,-0.00018566186477716025
em,covariance,aVL,V3,8.31039591378469e-05
em,covariance,aVL,V4,-0.00032540708954821747
em,covariance,aVL,V5,3.921391126720409e-05
em,covariance,aVL,V6,-5.95705256324001e-05
em,covariance,aVF,I,-3.746811812351332e-05
em,covariance,aVF,II,0.004595697796240109
em,covariance,aVF,III,0.004633165914363624
em,covariance,aVF,aVR,-0.0022791148390582977
em,covariance,aVF,aVL,-0.002335317016243569
em,covariance,aVF,aVF,0.004614431855301867
em,covariance,aVF,V1,-1.4115212346717971e-05
em,covariance,aVF,V2,-5.822177253673356e-05
em,covariance,aVF,V3,7.686722613126135e-05
em,covariance,aVF,V4,2.529519428182503e-05
em,covariance,aVF,V5,-0.0001764909105677992
em,covariance,aVF,V6,0.0005848796496043375
em,covariance,V1,I,-0.0001704282188207606
em,covariance,V1,II,-9.932932175709804e-05
em,covariance,V1,III,7.109889706366238e-05
em,covariance,V1,aVR,0.0001348787702889296
em,covariance,V1,aVL,-0.0001207635579422113
em,covariance,V1,aVF,-1.4115212346717971e-05
em,covariance,V1,V1,0.0044328843277051284
em,covariance,V1,V2,0.0009246530726038995
em,covariance,V1,V3,0.0010729806739547235
em,covariance,V1,V4,0.0010126430988945717
em,covariance,V1,V5,0.0010711529353905744
em,covariance,V1,V6,0.0011299352282957288
em,covariance,V2,I,-0.0002863636680607024
em,covariance,V2,II,-0.00020140360656708547
em,covariance,V2,III,8.49600614936164e-05
em,covariance,V2,aVR,0.00024388363731389363
em,covariance,V2,aVL,-0.00018566186477716025
em,covariance,V2,aVF,-5.822177253673356e-05
em,covariance,V2,V1,0.0009246530726038995
em,covariance,V2,V2,0.00558505373172532
em,covariance,V2,V3,0.0012049018130023494
em,covariance,V2,V4,0.0010452164703044393
em,covariance,V2,V5,0.0016449022324262438
em,covariance,V2,V6,0.0010364444204025581
em,covariance,V3,I,0.0001620500962713034
em,covariance,V3,II,0.0001578922742669127
em,covariance,V3,III,-4.157822004390798e-06
em,covariance,V3,aVR,-0.00015997118526910788
em,covariance,V3,aVL,8.31039591378469e-05
em,covariance,V3,aVF,7.686722613126135e-05
em,covariance,V3,V1,0.0010729806739547235
em,covariance,V3,V2,0.0012049018130023494
em,covariance,V3,V3,0.004208668691851363
em,covariance,V3,V4,0.0008976423173902315
em,covariance,V3,V5,0.0013006163466743493
em,covariance,V3,V6,0.0010085328063175318
em,covariance,V4,I,-0.0004170126565430737
em,covariance,V4,II,-0.00018321113398971133
em,covariance,V4,III,0.0002338015225533616
em,covariance,V4,aVR,0.0003001118952663927
em,covariance,V4,aVL,-0.00032540708954821747
em,covariance,V4,aVF,2.529519428182503e-05
em,covariance,V4,V1,0.0010126430988945717
em,covariance,V4,V2,0.0010452164703044393
em,covariance,V4,V3,0.0008976423173902315
em,covariance,V4,V4,0.0048085771736089186
em,covariance,V4,V5,0.0009039586205429452
em,covariance,V4,V6,0.0007058950762652115
em,covariance,V5,I,-6.537539202226018e-05
em,covariance,V5,II,-0.000209178606578929
em,covariance,V5,III,-0.00014380321455666935
em,covariance,V5,aVR,0.000137276999300594
em,covariance,V5,aVL,3.921391126720409e-05
em,covariance,V5,aVF,-0.0001764909105677992
em,covariance,V5,V1,0.0010711529353905744
em,covariance,V5,V2,0.0016449022324262438
em,covariance,V5,V3,0.0013006163466743493
em,covariance,V5,V4,0.0009039586205429452
em,covariance,V5,V5,0.005024574405644593
em,covariance,V5,V6,0.000546147077074137
em,covariance,V6,I,0.00031049239889302586
em,covariance,V6,II,0.0007401258490508502
em,covariance,V6,III,0.0004296334501578244
em,covariance,V6,aVR,-0.0005253091239719375
em,covariance,V6,aVL,-5.95705256324001e-05
em,covariance,V6,aVF,0.0005848796496043375
em,covariance,V6,V1,0.0011299352282957288
em,covariance,V6,V2,0.0010364444204025581
em,covariance,V6,V3,0.0010085328063175318
em,covariance,V6,V4,0.0007058950762652115
em,covariance,V6,V5,0.000546147077074137
em,covariance,V6,V6,0.005783666668953661
